"Idp","Vel:0","Vel:1","Vel:2","Rhop","Type","Mk","Points:0","Points:1","Points:2"
0,0.0,0.0,0.0,1000.0,0,10,-0.458,0.0,-0.008
1,0.0,0.0,0.0,1000.0,0,10,-0.456,0.0,-0.008
2,0.0,0.0,0.0,1000.0,0,10,-0.454,0.0,-0.008
3,0.0,0.0,0.0,1000.0,0,10,-0.452,0.0,-0.008
4,0.0,0.0,0.0,1000.0,0,10,-0.45,0.0,-0.008
5,0.0,0.0,0.0,1000.0,0,10,-0.448,0.0,-0.008
6,0.0,0.0,0.0,1000.0,0,10,-0.446,0.0,-0.008
7,0.0,0.0,0.0,1000.0,0,10,-0.444,0.0,-0.008
8,0.0,0.0,0.0,1000.0,0,10,-0.442,0.0,-0.008
9,0.0,0.0,0.0,1000.0,0,10,-0.44,0.0,-0.008
10,0.0,0.0,0.0,1000.0,0,10,-0.438,0.0,-0.008
11,0.0,0.0,0.0,1000.0,0,10,-0.436,0.0,-0.008
12,0.0,0.0,0.0,1000.0,0,10,-0.434,0.0,-0.008
13,0.0,0.0,0.0,1000.0,0,10,-0.432,0.0,-0.008
14,0.0,0.0,0.0,1000.0,0,10,-0.43,0.0,-0.008
15,0.0,0.0,0.0,1000.0,0,10,-0.42800000000000005,0.0,-0.008
16,0.0,0.0,0.0,1000.0,0,10,-0.42600000000000005,0.0,-0.008
17,0.0,0.0,0.0,1000.0,0,10,-0.42400000000000004,0.0,-0.008
18,0.0,0.0,0.0,1000.0,0,10,-0.42200000000000004,0.0,-0.008
19,0.0,0.0,0.0,1000.0,0,10,-0.42000000000000004,0.0,-0.008
20,0.0,0.0,0.0,1000.0,0,10,-0.41800000000000004,0.0,-0.008
21,0.0,0.0,0.0,1000.0,0,10,-0.41600000000000004,0.0,-0.008
22,0.0,0.0,0.0,1000.0,0,10,-0.41400000000000003,0.0,-0.008
23,0.0,0.0,0.0,1000.0,0,10,-0.41200000000000003,0.0,-0.008
24,0.0,0.0,0.0,1000.0,0,10,-0.41000000000000003,0.0,-0.008
25,0.0,0.0,0.0,1000.0,0,10,-0.40800000000000003,0.0,-0.008
26,0.0,0.0,0.0,1000.0,0,10,-0.406,0.0,-0.008
27,0.0,0.0,0.0,1000.0,0,10,-0.404,0.0,-0.008
28,0.0,0.0,0.0,1000.0,0,10,-0.402,0.0,-0.008
29,0.0,0.0,0.0,1000.0,0,10,-0.4,0.0,-0.008
30,0.0,0.0,0.0,1000.0,0,10,-0.398,0.0,-0.008
31,0.0,0.0,0.0,1000.0,0,10,-0.396,0.0,-0.008
32,0.0,0.0,0.0,1000.0,0,10,-0.394,0.0,-0.008
33,0.0,0.0,0.0,1000.0,0,10,-0.392,0.0,-0.008
34,0.0,0.0,0.0,1000.0,0,10,-0.39,0.0,-0.008
35,0.0,0.0,0.0,1000.0,0,10,-0.388,0.0,-0.008
36,0.0,0.0,0.0,1000.0,0,10,-0.386,0.0,-0.008
37,0.0,0.0,0.0,1000.0,0,10,-0.384,0.0,-0.008
38,0.0,0.0,0.0,1000.0,0,10,-0.382,0.0,-0.008
39,0.0,0.0,0.0,1000.0,0,10,-0.38,0.0,-0.008
40,0.0,0.0,0.0,1000.0,0,10,-0.378,0.0,-0.008
41,0.0,0.0,0.0,1000.0,0,10,-0.376,0.0,-0.008
42,0.0,0.0,0.0,1000.0,0,10,-0.374,0.0,-0.008
43,0.0,0.0,0.0,1000.0,0,10,-0.372,0.0,-0.008
44,0.0,0.0,0.0,1000.0,0,10,-0.37,0.0,-0.008
45,0.0,0.0,0.0,1000.0,0,10,-0.368,0.0,-0.008
46,0.0,0.0,0.0,1000.0,0,10,-0.366,0.0,-0.008
47,0.0,0.0,0.0,1000.0,0,10,-0.364,0.0,-0.008
48,0.0,0.0,0.0,1000.0,0,10,-0.362,0.0,-0.008
49,0.0,0.0,0.0,1000.0,0,10,-0.36,0.0,-0.008
50,0.0,0.0,0.0,1000.0,0,10,-0.358,0.0,-0.008
51,0.0,0.0,0.0,1000.0,0,10,-0.356,0.0,-0.008
52,0.0,0.0,0.0,1000.0,0,10,-0.354,0.0,-0.008
53,0.0,0.0,0.0,1000.0,0,10,-0.35200000000000004,0.0,-0.008
54,0.0,0.0,0.0,1000.0,0,10,-0.35000000000000003,0.0,-0.008
55,0.0,0.0,0.0,1000.0,0,10,-0.34800000000000003,0.0,-0.008
56,0.0,0.0,0.0,1000.0,0,10,-0.34600000000000003,0.0,-0.008
57,0.0,0.0,0.0,1000.0,0,10,-0.34400000000000003,0.0,-0.008
58,0.0,0.0,0.0,1000.0,0,10,-0.342,0.0,-0.008
59,0.0,0.0,0.0,1000.0,0,10,-0.34,0.0,-0.008
60,0.0,0.0,0.0,1000.0,0,10,-0.338,0.0,-0.008
61,0.0,0.0,0.0,1000.0,0,10,-0.336,0.0,-0.008
62,0.0,0.0,0.0,1000.0,0,10,-0.334,0.0,-0.008
63,0.0,0.0,0.0,1000.0,0,10,-0.332,0.0,-0.008
64,0.0,0.0,0.0,1000.0,0,10,-0.33,0.0,-0.008
65,0.0,0.0,0.0,1000.0,0,10,-0.328,0.0,-0.008
66,0.0,0.0,0.0,1000.0,0,10,-0.326,0.0,-0.008
67,0.0,0.0,0.0,1000.0,0,10,-0.324,0.0,-0.008
68,0.0,0.0,0.0,1000.0,0,10,-0.322,0.0,-0.008
69,0.0,0.0,0.0,1000.0,0,10,-0.32,0.0,-0.008
70,0.0,0.0,0.0,1000.0,0,10,-0.318,0.0,-0.008
71,0.0,0.0,0.0,1000.0,0,10,-0.316,0.0,-0.008
72,0.0,0.0,0.0,1000.0,0,10,-0.314,0.0,-0.008
73,0.0,0.0,0.0,1000.0,0,10,-0.31200000000000006,0.0,-0.008
74,0.0,0.0,0.0,1000.0,0,10,-0.31000000000000005,0.0,-0.008
75,0.0,0.0,0.0,1000.0,0,10,-0.30800000000000005,0.0,-0.008
76,0.0,0.0,0.0,1000.0,0,10,-0.30600000000000005,0.0,-0.008
77,0.0,0.0,0.0,1000.0,0,10,-0.30400000000000005,0.0,-0.008
78,0.0,0.0,0.0,1000.0,0,10,-0.30200000000000005,0.0,-0.008
79,0.0,0.0,0.0,1000.0,0,10,-0.30000000000000004,0.0,-0.008
80,0.0,0.0,0.0,1000.0,0,10,-0.29800000000000004,0.0,-0.008
81,0.0,0.0,0.0,1000.0,0,10,-0.29600000000000004,0.0,-0.008
82,0.0,0.0,0.0,1000.0,0,10,-0.29400000000000004,0.0,-0.008
83,0.0,0.0,0.0,1000.0,0,10,-0.29200000000000004,0.0,-0.008
84,0.0,0.0,0.0,1000.0,0,10,-0.29000000000000004,0.0,-0.008
85,0.0,0.0,0.0,1000.0,0,10,-0.28800000000000003,0.0,-0.008
86,0.0,0.0,0.0,1000.0,0,10,-0.28600000000000003,0.0,-0.008
87,0.0,0.0,0.0,1000.0,0,10,-0.28400000000000003,0.0,-0.008
88,0.0,0.0,0.0,1000.0,0,10,-0.28200000000000003,0.0,-0.008
89,0.0,0.0,0.0,1000.0,0,10,-0.28,0.0,-0.008
90,0.0,0.0,0.0,1000.0,0,10,-0.278,0.0,-0.008
91,0.0,0.0,0.0,1000.0,0,10,-0.276,0.0,-0.008
92,0.0,0.0,0.0,1000.0,0,10,-0.274,0.0,-0.008
93,0.0,0.0,0.0,1000.0,0,10,-0.272,0.0,-0.008
94,0.0,0.0,0.0,1000.0,0,10,-0.27,0.0,-0.008
95,0.0,0.0,0.0,1000.0,0,10,-0.268,0.0,-0.008
96,0.0,0.0,0.0,1000.0,0,10,-0.266,0.0,-0.008
97,0.0,0.0,0.0,1000.0,0,10,-0.264,0.0,-0.008
98,0.0,0.0,0.0,1000.0,0,10,-0.262,0.0,-0.008
99,0.0,0.0,0.0,1000.0,0,10,-0.26,0.0,-0.008
100,0.0,0.0,0.0,1000.0,0,10,-0.258,0.0,-0.008
101,0.0,0.0,0.0,1000.0,0,10,-0.256,0.0,-0.008
102,0.0,0.0,0.0,1000.0,0,10,-0.254,0.0,-0.008
103,0.0,0.0,0.0,1000.0,0,10,-0.252,0.0,-0.008
104,0.0,0.0,0.0,1000.0,0,10,-0.25,0.0,-0.008
105,0.0,0.0,0.0,1000.0,0,10,-0.24800000000000003,0.0,-0.008
106,0.0,0.0,0.0,1000.0,0,10,-0.24600000000000002,0.0,-0.008
107,0.0,0.0,0.0,1000.0,0,10,-0.24400000000000002,0.0,-0.008
108,0.0,0.0,0.0,1000.0,0,10,-0.24200000000000002,0.0,-0.008
109,0.0,0.0,0.0,1000.0,0,10,-0.24000000000000002,0.0,-0.008
110,0.0,0.0,0.0,1000.0,0,10,-0.23800000000000002,0.0,-0.008
111,0.0,0.0,0.0,1000.0,0,10,-0.23600000000000002,0.0,-0.008
112,0.0,0.0,0.0,1000.0,0,10,-0.234,0.0,-0.008
113,0.0,0.0,0.0,1000.0,0,10,-0.232,0.0,-0.008
114,0.0,0.0,0.0,1000.0,0,10,-0.23,0.0,-0.008
115,0.0,0.0,0.0,1000.0,0,10,-0.228,0.0,-0.008
116,0.0,0.0,0.0,1000.0,0,10,-0.226,0.0,-0.008
117,0.0,0.0,0.0,1000.0,0,10,-0.224,0.0,-0.008
118,0.0,0.0,0.0,1000.0,0,10,-0.222,0.0,-0.008
119,0.0,0.0,0.0,1000.0,0,10,-0.22,0.0,-0.008
120,0.0,0.0,0.0,1000.0,0,10,-0.21800000000000003,0.0,-0.008
121,0.0,0.0,0.0,1000.0,0,10,-0.21600000000000003,0.0,-0.008
122,0.0,0.0,0.0,1000.0,0,10,-0.21400000000000002,0.0,-0.008
123,0.0,0.0,0.0,1000.0,0,10,-0.21200000000000002,0.0,-0.008
124,0.0,0.0,0.0,1000.0,0,10,-0.21000000000000002,0.0,-0.008
125,0.0,0.0,0.0,1000.0,0,10,-0.20800000000000002,0.0,-0.008
126,0.0,0.0,0.0,1000.0,0,10,-0.20600000000000002,0.0,-0.008
127,0.0,0.0,0.0,1000.0,0,10,-0.20400000000000001,0.0,-0.008
128,0.0,0.0,0.0,1000.0,0,10,-0.202,0.0,-0.008
129,0.0,0.0,0.0,1000.0,0,10,-0.2,0.0,-0.008
130,0.0,0.0,0.0,1000.0,0,10,-0.198,0.0,-0.008
131,0.0,0.0,0.0,1000.0,0,10,-0.196,0.0,-0.008
132,0.0,0.0,0.0,1000.0,0,10,-0.194,0.0,-0.008
133,0.0,0.0,0.0,1000.0,0,10,-0.192,0.0,-0.008
134,0.0,0.0,0.0,1000.0,0,10,-0.19,0.0,-0.008
135,0.0,0.0,0.0,1000.0,0,10,-0.188,0.0,-0.008
136,0.0,0.0,0.0,1000.0,0,10,-0.186,0.0,-0.008
137,0.0,0.0,0.0,1000.0,0,10,-0.184,0.0,-0.008
138,0.0,0.0,0.0,1000.0,0,10,-0.182,0.0,-0.008
139,0.0,0.0,0.0,1000.0,0,10,-0.18,0.0,-0.008
140,0.0,0.0,0.0,1000.0,0,10,-0.178,0.0,-0.008
141,0.0,0.0,0.0,1000.0,0,10,-0.176,0.0,-0.008
142,0.0,0.0,0.0,1000.0,0,10,-0.174,0.0,-0.008
143,0.0,0.0,0.0,1000.0,0,10,-0.172,0.0,-0.008
144,0.0,0.0,0.0,1000.0,0,10,-0.16999999999999998,0.0,-0.008
145,0.0,0.0,0.0,1000.0,0,10,-0.16800000000000004,0.0,-0.008
146,0.0,0.0,0.0,1000.0,0,10,-0.16600000000000004,0.0,-0.008
147,0.0,0.0,0.0,1000.0,0,10,-0.16400000000000003,0.0,-0.008
148,0.0,0.0,0.0,1000.0,0,10,-0.16200000000000003,0.0,-0.008
149,0.0,0.0,0.0,1000.0,0,10,-0.16000000000000003,0.0,-0.008
150,0.0,0.0,0.0,1000.0,0,10,-0.15800000000000003,0.0,-0.008
151,0.0,0.0,0.0,1000.0,0,10,-0.15600000000000003,0.0,-0.008
152,0.0,0.0,0.0,1000.0,0,10,-0.15400000000000003,0.0,-0.008
153,0.0,0.0,0.0,1000.0,0,10,-0.15200000000000002,0.0,-0.008
154,0.0,0.0,0.0,1000.0,0,10,-0.15000000000000002,0.0,-0.008
155,0.0,0.0,0.0,1000.0,0,10,-0.14800000000000002,0.0,-0.008
156,0.0,0.0,0.0,1000.0,0,10,-0.14600000000000002,0.0,-0.008
157,0.0,0.0,0.0,1000.0,0,10,-0.14400000000000002,0.0,-0.008
158,0.0,0.0,0.0,1000.0,0,10,-0.14200000000000002,0.0,-0.008
159,0.0,0.0,0.0,1000.0,0,10,-0.14,0.0,-0.008
160,0.0,0.0,0.0,1000.0,0,10,-0.138,0.0,-0.008
161,0.0,0.0,0.0,1000.0,0,10,-0.136,0.0,-0.008
162,0.0,0.0,0.0,1000.0,0,10,-0.134,0.0,-0.008
163,0.0,0.0,0.0,1000.0,0,10,-0.132,0.0,-0.008
164,0.0,0.0,0.0,1000.0,0,10,-0.13,0.0,-0.008
165,0.0,0.0,0.0,1000.0,0,10,-0.128,0.0,-0.008
166,0.0,0.0,0.0,1000.0,0,10,-0.126,0.0,-0.008
167,0.0,0.0,0.0,1000.0,0,10,-0.124,0.0,-0.008
168,0.0,0.0,0.0,1000.0,0,10,-0.122,0.0,-0.008
169,0.0,0.0,0.0,1000.0,0,10,-0.12,0.0,-0.008
170,0.0,0.0,0.0,1000.0,0,10,-0.118,0.0,-0.008
171,0.0,0.0,0.0,1000.0,0,10,-0.11599999999999999,0.0,-0.008
172,0.0,0.0,0.0,1000.0,0,10,-0.11399999999999999,0.0,-0.008
173,0.0,0.0,0.0,1000.0,0,10,-0.11199999999999999,0.0,-0.008
174,0.0,0.0,0.0,1000.0,0,10,-0.10999999999999999,0.0,-0.008
175,0.0,0.0,0.0,1000.0,0,10,-0.10799999999999998,0.0,-0.008
176,0.0,0.0,0.0,1000.0,0,10,-0.10600000000000004,0.0,-0.008
177,0.0,0.0,0.0,1000.0,0,10,-0.10400000000000004,0.0,-0.008
178,0.0,0.0,0.0,1000.0,0,10,-0.10200000000000004,0.0,-0.008
179,0.0,0.0,0.0,1000.0,0,10,-0.10000000000000003,0.0,-0.008
180,0.0,0.0,0.0,1000.0,0,10,-0.09800000000000003,0.0,-0.008
181,0.0,0.0,0.0,1000.0,0,10,-0.09600000000000003,0.0,-0.008
182,0.0,0.0,0.0,1000.0,0,10,-0.09400000000000003,0.0,-0.008
183,0.0,0.0,0.0,1000.0,0,10,-0.09200000000000003,0.0,-0.008
184,0.0,0.0,0.0,1000.0,0,10,-0.09000000000000002,0.0,-0.008
185,0.0,0.0,0.0,1000.0,0,10,-0.08800000000000002,0.0,-0.008
186,0.0,0.0,0.0,1000.0,0,10,-0.08600000000000002,0.0,-0.008
187,0.0,0.0,0.0,1000.0,0,10,-0.08400000000000002,0.0,-0.008
188,0.0,0.0,0.0,1000.0,0,10,-0.08200000000000002,0.0,-0.008
189,0.0,0.0,0.0,1000.0,0,10,-0.08000000000000002,0.0,-0.008
190,0.0,0.0,0.0,1000.0,0,10,-0.07800000000000001,0.0,-0.008
191,0.0,0.0,0.0,1000.0,0,10,-0.07600000000000001,0.0,-0.008
192,0.0,0.0,0.0,1000.0,0,10,-0.07400000000000001,0.0,-0.008
193,0.0,0.0,0.0,1000.0,0,10,-0.07200000000000001,0.0,-0.008
194,0.0,0.0,0.0,1000.0,0,10,-0.07,0.0,-0.008
195,0.0,0.0,0.0,1000.0,0,10,-0.068,0.0,-0.008
196,0.0,0.0,0.0,1000.0,0,10,-0.066,0.0,-0.008
197,0.0,0.0,0.0,1000.0,0,10,-0.064,0.0,-0.008
198,0.0,0.0,0.0,1000.0,0,10,-0.062,0.0,-0.008
199,0.0,0.0,0.0,1000.0,0,10,-0.06,0.0,-0.008
200,0.0,0.0,0.0,1000.0,0,10,-0.057999999999999996,0.0,-0.008
201,0.0,0.0,0.0,1000.0,0,10,-0.055999999999999994,0.0,-0.008
202,0.0,0.0,0.0,1000.0,0,10,-0.05399999999999999,0.0,-0.008
203,0.0,0.0,0.0,1000.0,0,10,-0.05199999999999999,0.0,-0.008
204,0.0,0.0,0.0,1000.0,0,10,-0.04999999999999999,0.0,-0.008
205,0.0,0.0,0.0,1000.0,0,10,-0.04799999999999999,0.0,-0.008
206,0.0,0.0,0.0,1000.0,0,10,-0.045999999999999985,0.0,-0.008
207,0.0,0.0,0.0,1000.0,0,10,-0.043999999999999984,0.0,-0.008
208,0.0,0.0,0.0,1000.0,0,10,-0.04199999999999998,0.0,-0.008
209,0.0,0.0,0.0,1000.0,0,10,-0.040000000000000036,0.0,-0.008
210,0.0,0.0,0.0,1000.0,0,10,-0.038000000000000034,0.0,-0.008
211,0.0,0.0,0.0,1000.0,0,10,-0.03600000000000003,0.0,-0.008
212,0.0,0.0,0.0,1000.0,0,10,-0.03400000000000003,0.0,-0.008
213,0.0,0.0,0.0,1000.0,0,10,-0.03200000000000003,0.0,-0.008
214,0.0,0.0,0.0,1000.0,0,10,-0.030000000000000027,0.0,-0.008
215,0.0,0.0,0.0,1000.0,0,10,-0.028000000000000025,0.0,-0.008
216,0.0,0.0,0.0,1000.0,0,10,-0.026000000000000023,0.0,-0.008
217,0.0,0.0,0.0,1000.0,0,10,-0.02400000000000002,0.0,-0.008
218,0.0,0.0,0.0,1000.0,0,10,-0.02200000000000002,0.0,-0.008
219,0.0,0.0,0.0,1000.0,0,10,-0.020000000000000018,0.0,-0.008
220,0.0,0.0,0.0,1000.0,0,10,-0.018000000000000016,0.0,-0.008
221,0.0,0.0,0.0,1000.0,0,10,-0.016000000000000014,0.0,-0.008
222,0.0,0.0,0.0,1000.0,0,10,-0.014000000000000012,0.0,-0.008
223,0.0,0.0,0.0,1000.0,0,10,-0.01200000000000001,0.0,-0.008
224,0.0,0.0,0.0,1000.0,0,10,-0.010000000000000009,0.0,-0.008
225,0.0,0.0,0.0,1000.0,0,10,-0.008000000000000007,0.0,-0.008
226,0.0,0.0,0.0,1000.0,0,10,-0.006000000000000005,0.0,-0.008
227,0.0,0.0,0.0,1000.0,0,10,-0.0040000000000000036,0.0,-0.008
228,0.0,0.0,0.0,1000.0,0,10,-0.0020000000000000018,0.0,-0.008
229,0.0,0.0,0.0,1000.0,0,10,0.0,0.0,-0.008
230,0.0,0.0,0.0,1000.0,0,10,0.0020000000000000018,0.0,-0.008
231,0.0,0.0,0.0,1000.0,0,10,0.0040000000000000036,0.0,-0.008
232,0.0,0.0,0.0,1000.0,0,10,0.006000000000000005,0.0,-0.008
233,0.0,0.0,0.0,1000.0,0,10,0.008000000000000007,0.0,-0.008
234,0.0,0.0,0.0,1000.0,0,10,0.010000000000000009,0.0,-0.008
235,0.0,0.0,0.0,1000.0,0,10,0.01200000000000001,0.0,-0.008
236,0.0,0.0,0.0,1000.0,0,10,0.014000000000000012,0.0,-0.008
237,0.0,0.0,0.0,1000.0,0,10,0.016000000000000014,0.0,-0.008
238,0.0,0.0,0.0,1000.0,0,10,0.018000000000000016,0.0,-0.008
239,0.0,0.0,0.0,1000.0,0,10,0.020000000000000018,0.0,-0.008
240,0.0,0.0,0.0,1000.0,0,10,0.021999999999999964,0.0,-0.008
241,0.0,0.0,0.0,1000.0,0,10,0.023999999999999966,0.0,-0.008
242,0.0,0.0,0.0,1000.0,0,10,0.025999999999999968,0.0,-0.008
243,0.0,0.0,0.0,1000.0,0,10,0.02799999999999997,0.0,-0.008
244,0.0,0.0,0.0,1000.0,0,10,0.02999999999999997,0.0,-0.008
245,0.0,0.0,0.0,1000.0,0,10,0.03199999999999997,0.0,-0.008
246,0.0,0.0,0.0,1000.0,0,10,0.033999999999999975,0.0,-0.008
247,0.0,0.0,0.0,1000.0,0,10,0.035999999999999976,0.0,-0.008
248,0.0,0.0,0.0,1000.0,0,10,0.03799999999999998,0.0,-0.008
249,0.0,0.0,0.0,1000.0,0,10,0.03999999999999998,0.0,-0.008
250,0.0,0.0,0.0,1000.0,0,10,0.04199999999999998,0.0,-0.008
251,0.0,0.0,0.0,1000.0,0,10,0.043999999999999984,0.0,-0.008
252,0.0,0.0,0.0,1000.0,0,10,0.045999999999999985,0.0,-0.008
253,0.0,0.0,0.0,1000.0,0,10,0.04799999999999999,0.0,-0.008
254,0.0,0.0,0.0,1000.0,0,10,0.04999999999999999,0.0,-0.008
255,0.0,0.0,0.0,1000.0,0,10,0.05199999999999999,0.0,-0.008
256,0.0,0.0,0.0,1000.0,0,10,0.05399999999999999,0.0,-0.008
257,0.0,0.0,0.0,1000.0,0,10,0.055999999999999994,0.0,-0.008
258,0.0,0.0,0.0,1000.0,0,10,0.057999999999999996,0.0,-0.008
259,0.0,0.0,0.0,1000.0,0,10,0.06,0.0,-0.008
260,0.0,0.0,0.0,1000.0,0,10,0.062,0.0,-0.008
261,0.0,0.0,0.0,1000.0,0,10,0.064,0.0,-0.008
262,0.0,0.0,0.0,1000.0,0,10,0.066,0.0,-0.008
263,0.0,0.0,0.0,1000.0,0,10,0.068,0.0,-0.008
264,0.0,0.0,0.0,1000.0,0,10,0.07,0.0,-0.008
265,0.0,0.0,0.0,1000.0,0,10,0.07200000000000001,0.0,-0.008
266,0.0,0.0,0.0,1000.0,0,10,0.07400000000000001,0.0,-0.008
267,0.0,0.0,0.0,1000.0,0,10,0.07600000000000001,0.0,-0.008
268,0.0,0.0,0.0,1000.0,0,10,0.07800000000000001,0.0,-0.008
269,0.0,0.0,0.0,1000.0,0,10,0.08000000000000002,0.0,-0.008
270,0.0,0.0,0.0,1000.0,0,10,0.08200000000000002,0.0,-0.008
271,0.0,0.0,0.0,1000.0,0,10,0.08400000000000002,0.0,-0.008
272,0.0,0.0,0.0,1000.0,0,10,0.08600000000000002,0.0,-0.008
273,0.0,0.0,0.0,1000.0,0,10,0.08800000000000002,0.0,-0.008
274,0.0,0.0,0.0,1000.0,0,10,0.09000000000000002,0.0,-0.008
275,0.0,0.0,0.0,1000.0,0,10,0.09200000000000003,0.0,-0.008
276,0.0,0.0,0.0,1000.0,0,10,0.09400000000000003,0.0,-0.008
277,0.0,0.0,0.0,1000.0,0,10,0.09600000000000003,0.0,-0.008
278,0.0,0.0,0.0,1000.0,0,10,0.09800000000000003,0.0,-0.008
279,0.0,0.0,0.0,1000.0,0,10,0.10000000000000003,0.0,-0.008
280,0.0,0.0,0.0,1000.0,0,10,0.10200000000000004,0.0,-0.008
281,0.0,0.0,0.0,1000.0,0,10,0.10400000000000004,0.0,-0.008
282,0.0,0.0,0.0,1000.0,0,10,0.10600000000000004,0.0,-0.008
283,0.0,0.0,0.0,1000.0,0,10,0.10800000000000004,0.0,-0.008
284,0.0,0.0,0.0,1000.0,0,10,0.11000000000000004,0.0,-0.008
285,0.0,0.0,0.0,1000.0,0,10,0.11200000000000004,0.0,-0.008
286,0.0,0.0,0.0,1000.0,0,10,0.11400000000000005,0.0,-0.008
287,0.0,0.0,0.0,1000.0,0,10,0.11600000000000005,0.0,-0.008
288,0.0,0.0,0.0,1000.0,0,10,0.11800000000000005,0.0,-0.008
289,0.0,0.0,0.0,1000.0,0,10,0.11999999999999994,0.0,-0.008
290,0.0,0.0,0.0,1000.0,0,10,0.12199999999999994,0.0,-0.008
291,0.0,0.0,0.0,1000.0,0,10,0.12399999999999994,0.0,-0.008
292,0.0,0.0,0.0,1000.0,0,10,0.12599999999999995,0.0,-0.008
293,0.0,0.0,0.0,1000.0,0,10,0.12799999999999995,0.0,-0.008
294,0.0,0.0,0.0,1000.0,0,10,0.12999999999999995,0.0,-0.008
295,0.0,0.0,0.0,1000.0,0,10,0.13199999999999995,0.0,-0.008
296,0.0,0.0,0.0,1000.0,0,10,0.13399999999999995,0.0,-0.008
297,0.0,0.0,0.0,1000.0,0,10,0.13599999999999995,0.0,-0.008
298,0.0,0.0,0.0,1000.0,0,10,0.13799999999999996,0.0,-0.008
299,0.0,0.0,0.0,1000.0,0,10,0.13999999999999996,0.0,-0.008
300,0.0,0.0,0.0,1000.0,0,10,0.14199999999999996,0.0,-0.008
301,0.0,0.0,0.0,1000.0,0,10,0.14399999999999996,0.0,-0.008
302,0.0,0.0,0.0,1000.0,0,10,0.14599999999999996,0.0,-0.008
303,0.0,0.0,0.0,1000.0,0,10,0.14799999999999996,0.0,-0.008
304,0.0,0.0,0.0,1000.0,0,10,0.14999999999999997,0.0,-0.008
305,0.0,0.0,0.0,1000.0,0,10,0.15199999999999997,0.0,-0.008
306,0.0,0.0,0.0,1000.0,0,10,0.15399999999999997,0.0,-0.008
307,0.0,0.0,0.0,1000.0,0,10,0.15599999999999997,0.0,-0.008
308,0.0,0.0,0.0,1000.0,0,10,0.15799999999999997,0.0,-0.008
309,0.0,0.0,0.0,1000.0,0,10,0.15999999999999998,0.0,-0.008
310,0.0,0.0,0.0,1000.0,0,10,0.16199999999999998,0.0,-0.008
311,0.0,0.0,0.0,1000.0,0,10,0.16399999999999998,0.0,-0.008
312,0.0,0.0,0.0,1000.0,0,10,0.16599999999999998,0.0,-0.008
313,0.0,0.0,0.0,1000.0,0,10,0.16799999999999998,0.0,-0.008
314,0.0,0.0,0.0,1000.0,0,10,0.16999999999999998,0.0,-0.008
315,0.0,0.0,0.0,1000.0,0,10,0.172,0.0,-0.008
316,0.0,0.0,0.0,1000.0,0,10,0.174,0.0,-0.008
317,0.0,0.0,0.0,1000.0,0,10,0.176,0.0,-0.008
318,0.0,0.0,0.0,1000.0,0,10,0.178,0.0,-0.008
319,0.0,0.0,0.0,1000.0,0,10,0.18,0.0,-0.008
320,0.0,0.0,0.0,1000.0,0,10,0.182,0.0,-0.008
321,0.0,0.0,0.0,1000.0,0,10,0.184,0.0,-0.008
322,0.0,0.0,0.0,1000.0,0,10,0.186,0.0,-0.008
323,0.0,0.0,0.0,1000.0,0,10,0.188,0.0,-0.008
324,0.0,0.0,0.0,1000.0,0,10,0.19,0.0,-0.008
325,0.0,0.0,0.0,1000.0,0,10,0.192,0.0,-0.008
326,0.0,0.0,0.0,1000.0,0,10,0.194,0.0,-0.008
327,0.0,0.0,0.0,1000.0,0,10,0.196,0.0,-0.008
328,0.0,0.0,0.0,1000.0,0,10,0.198,0.0,-0.008
329,0.0,0.0,0.0,1000.0,0,10,0.2,0.0,-0.008
330,0.0,0.0,0.0,1000.0,0,10,0.202,0.0,-0.008
331,0.0,0.0,0.0,1000.0,0,10,0.20400000000000001,0.0,-0.008
332,0.0,0.0,0.0,1000.0,0,10,0.20600000000000002,0.0,-0.008
333,0.0,0.0,0.0,1000.0,0,10,0.20800000000000002,0.0,-0.008
334,0.0,0.0,0.0,1000.0,0,10,0.21000000000000002,0.0,-0.008
335,0.0,0.0,0.0,1000.0,0,10,0.21200000000000002,0.0,-0.008
336,0.0,0.0,0.0,1000.0,0,10,0.21400000000000002,0.0,-0.008
337,0.0,0.0,0.0,1000.0,0,10,0.21600000000000003,0.0,-0.008
338,0.0,0.0,0.0,1000.0,0,10,0.21800000000000003,0.0,-0.008
339,0.0,0.0,0.0,1000.0,0,10,0.22000000000000003,0.0,-0.008
340,0.0,0.0,0.0,1000.0,0,10,0.22200000000000003,0.0,-0.008
341,0.0,0.0,0.0,1000.0,0,10,0.22400000000000003,0.0,-0.008
342,0.0,0.0,0.0,1000.0,0,10,0.22600000000000003,0.0,-0.008
343,0.0,0.0,0.0,1000.0,0,10,0.22800000000000004,0.0,-0.008
344,0.0,0.0,0.0,1000.0,0,10,0.23000000000000004,0.0,-0.008
345,0.0,0.0,0.0,1000.0,0,10,0.23200000000000004,0.0,-0.008
346,0.0,0.0,0.0,1000.0,0,10,0.23400000000000004,0.0,-0.008
347,0.0,0.0,0.0,1000.0,0,10,0.23600000000000004,0.0,-0.008
348,0.0,0.0,0.0,1000.0,0,10,0.23800000000000004,0.0,-0.008
349,0.0,0.0,0.0,1000.0,0,10,0.24000000000000005,0.0,-0.008
350,0.0,0.0,0.0,1000.0,0,10,0.24200000000000005,0.0,-0.008
351,0.0,0.0,0.0,1000.0,0,10,0.24400000000000005,0.0,-0.008
352,0.0,0.0,0.0,1000.0,0,10,0.24599999999999994,0.0,-0.008
353,0.0,0.0,0.0,1000.0,0,10,0.24799999999999994,0.0,-0.008
354,0.0,0.0,0.0,1000.0,0,10,0.24999999999999994,0.0,-0.008
355,0.0,0.0,0.0,1000.0,0,10,0.25199999999999995,0.0,-0.008
356,0.0,0.0,0.0,1000.0,0,10,0.25399999999999995,0.0,-0.008
357,0.0,0.0,0.0,1000.0,0,10,0.25599999999999995,0.0,-0.008
358,0.0,0.0,0.0,1000.0,0,10,0.25799999999999995,0.0,-0.008
359,0.0,0.0,0.0,1000.0,0,10,0.25999999999999995,0.0,-0.008
360,0.0,0.0,0.0,1000.0,0,10,0.26199999999999996,0.0,-0.008
361,0.0,0.0,0.0,1000.0,0,10,0.26399999999999996,0.0,-0.008
362,0.0,0.0,0.0,1000.0,0,10,0.26599999999999996,0.0,-0.008
363,0.0,0.0,0.0,1000.0,0,10,0.26799999999999996,0.0,-0.008
364,0.0,0.0,0.0,1000.0,0,10,0.26999999999999996,0.0,-0.008
365,0.0,0.0,0.0,1000.0,0,10,0.27199999999999996,0.0,-0.008
366,0.0,0.0,0.0,1000.0,0,10,0.27399999999999997,0.0,-0.008
367,0.0,0.0,0.0,1000.0,0,10,0.27599999999999997,0.0,-0.008
368,0.0,0.0,0.0,1000.0,0,10,0.27799999999999997,0.0,-0.008
369,0.0,0.0,0.0,1000.0,0,10,0.27999999999999997,0.0,-0.008
370,0.0,0.0,0.0,1000.0,0,10,0.282,0.0,-0.008
371,0.0,0.0,0.0,1000.0,0,10,0.284,0.0,-0.008
372,0.0,0.0,0.0,1000.0,0,10,0.286,0.0,-0.008
373,0.0,0.0,0.0,1000.0,0,10,0.288,0.0,-0.008
374,0.0,0.0,0.0,1000.0,0,10,0.29,0.0,-0.008
375,0.0,0.0,0.0,1000.0,0,10,0.292,0.0,-0.008
376,0.0,0.0,0.0,1000.0,0,10,0.294,0.0,-0.008
377,0.0,0.0,0.0,1000.0,0,10,0.296,0.0,-0.008
378,0.0,0.0,0.0,1000.0,0,10,0.298,0.0,-0.008
379,0.0,0.0,0.0,1000.0,0,10,0.3,0.0,-0.008
380,0.0,0.0,0.0,1000.0,0,10,0.302,0.0,-0.008
381,0.0,0.0,0.0,1000.0,0,10,0.304,0.0,-0.008
382,0.0,0.0,0.0,1000.0,0,10,0.306,0.0,-0.008
383,0.0,0.0,0.0,1000.0,0,10,0.308,0.0,-0.008
384,0.0,0.0,0.0,1000.0,0,10,0.31,0.0,-0.008
385,0.0,0.0,0.0,1000.0,0,10,0.312,0.0,-0.008
386,0.0,0.0,0.0,1000.0,0,10,0.314,0.0,-0.008
387,0.0,0.0,0.0,1000.0,0,10,0.316,0.0,-0.008
388,0.0,0.0,0.0,1000.0,0,10,0.318,0.0,-0.008
389,0.0,0.0,0.0,1000.0,0,10,0.32,0.0,-0.008
390,0.0,0.0,0.0,1000.0,0,10,0.322,0.0,-0.008
391,0.0,0.0,0.0,1000.0,0,10,0.324,0.0,-0.008
392,0.0,0.0,0.0,1000.0,0,10,0.326,0.0,-0.008
393,0.0,0.0,0.0,1000.0,0,10,0.328,0.0,-0.008
394,0.0,0.0,0.0,1000.0,0,10,0.33,0.0,-0.008
395,0.0,0.0,0.0,1000.0,0,10,0.332,0.0,-0.008
396,0.0,0.0,0.0,1000.0,0,10,0.334,0.0,-0.008
397,0.0,0.0,0.0,1000.0,0,10,0.336,0.0,-0.008
398,0.0,0.0,0.0,1000.0,0,10,0.338,0.0,-0.008
399,0.0,0.0,0.0,1000.0,0,10,0.34,0.0,-0.008
400,0.0,0.0,0.0,1000.0,0,10,0.342,0.0,-0.008
401,0.0,0.0,0.0,1000.0,0,10,0.34400000000000003,0.0,-0.008
402,0.0,0.0,0.0,1000.0,0,10,0.34600000000000003,0.0,-0.008
403,0.0,0.0,0.0,1000.0,0,10,0.34800000000000003,0.0,-0.008
404,0.0,0.0,0.0,1000.0,0,10,0.35000000000000003,0.0,-0.008
405,0.0,0.0,0.0,1000.0,0,10,0.35200000000000004,0.0,-0.008
406,0.0,0.0,0.0,1000.0,0,10,0.35400000000000004,0.0,-0.008
407,0.0,0.0,0.0,1000.0,0,10,0.35600000000000004,0.0,-0.008
408,0.0,0.0,0.0,1000.0,0,10,0.35800000000000004,0.0,-0.008
409,0.0,0.0,0.0,1000.0,0,10,0.36000000000000004,0.0,-0.008
410,0.0,0.0,0.0,1000.0,0,10,0.36200000000000004,0.0,-0.008
411,0.0,0.0,0.0,1000.0,0,10,0.36400000000000005,0.0,-0.008
412,0.0,0.0,0.0,1000.0,0,10,0.36600000000000005,0.0,-0.008
413,0.0,0.0,0.0,1000.0,0,10,0.36800000000000005,0.0,-0.008
414,0.0,0.0,0.0,1000.0,0,10,0.37000000000000005,0.0,-0.008
415,0.0,0.0,0.0,1000.0,0,10,0.37200000000000005,0.0,-0.008
416,0.0,0.0,0.0,1000.0,0,10,0.37400000000000005,0.0,-0.008
417,0.0,0.0,0.0,1000.0,0,10,0.37599999999999995,0.0,-0.008
418,0.0,0.0,0.0,1000.0,0,10,0.37799999999999995,0.0,-0.008
419,0.0,0.0,0.0,1000.0,0,10,0.37999999999999995,0.0,-0.008
420,0.0,0.0,0.0,1000.0,0,10,0.38199999999999995,0.0,-0.008
421,0.0,0.0,0.0,1000.0,0,10,0.38399999999999995,0.0,-0.008
422,0.0,0.0,0.0,1000.0,0,10,0.38599999999999995,0.0,-0.008
423,0.0,0.0,0.0,1000.0,0,10,0.38799999999999996,0.0,-0.008
424,0.0,0.0,0.0,1000.0,0,10,0.38999999999999996,0.0,-0.008
425,0.0,0.0,0.0,1000.0,0,10,0.39199999999999996,0.0,-0.008
426,0.0,0.0,0.0,1000.0,0,10,0.39399999999999996,0.0,-0.008
427,0.0,0.0,0.0,1000.0,0,10,0.39599999999999996,0.0,-0.008
428,0.0,0.0,0.0,1000.0,0,10,0.39799999999999996,0.0,-0.008
429,0.0,0.0,0.0,1000.0,0,10,0.39999999999999997,0.0,-0.008
430,0.0,0.0,0.0,1000.0,0,10,0.40199999999999997,0.0,-0.008
431,0.0,0.0,0.0,1000.0,0,10,0.40399999999999997,0.0,-0.008
432,0.0,0.0,0.0,1000.0,0,10,0.40599999999999997,0.0,-0.008
433,0.0,0.0,0.0,1000.0,0,10,0.408,0.0,-0.008
434,0.0,0.0,0.0,1000.0,0,10,0.41,0.0,-0.008
435,0.0,0.0,0.0,1000.0,0,10,0.412,0.0,-0.008
436,0.0,0.0,0.0,1000.0,0,10,0.414,0.0,-0.008
437,0.0,0.0,0.0,1000.0,0,10,0.416,0.0,-0.008
438,0.0,0.0,0.0,1000.0,0,10,0.418,0.0,-0.008
439,0.0,0.0,0.0,1000.0,0,10,0.42,0.0,-0.008
440,0.0,0.0,0.0,1000.0,0,10,0.422,0.0,-0.008
441,0.0,0.0,0.0,1000.0,0,10,0.424,0.0,-0.008
442,0.0,0.0,0.0,1000.0,0,10,0.426,0.0,-0.008
443,0.0,0.0,0.0,1000.0,0,10,0.428,0.0,-0.008
444,0.0,0.0,0.0,1000.0,0,10,0.43,0.0,-0.008
445,0.0,0.0,0.0,1000.0,0,10,0.432,0.0,-0.008
446,0.0,0.0,0.0,1000.0,0,10,0.434,0.0,-0.008
447,0.0,0.0,0.0,1000.0,0,10,0.436,0.0,-0.008
448,0.0,0.0,0.0,1000.0,0,10,0.438,0.0,-0.008
449,0.0,0.0,0.0,1000.0,0,10,0.44,0.0,-0.008
450,0.0,0.0,0.0,1000.0,0,10,0.442,0.0,-0.008
451,0.0,0.0,0.0,1000.0,0,10,0.444,0.0,-0.008
452,0.0,0.0,0.0,1000.0,0,10,0.446,0.0,-0.008
453,0.0,0.0,0.0,1000.0,0,10,0.448,0.0,-0.008
454,0.0,0.0,0.0,1000.0,0,10,0.45,0.0,-0.008
455,0.0,0.0,0.0,1000.0,0,10,0.452,0.0,-0.008
456,0.0,0.0,0.0,1000.0,0,10,0.454,0.0,-0.008
457,0.0,0.0,0.0,1000.0,0,10,0.456,0.0,-0.008
458,0.0,0.0,0.0,1000.0,0,10,0.458,0.0,-0.008
459,0.0,0.0,0.0,1000.0,0,10,-0.458,0.0,-0.006
460,0.0,0.0,0.0,1000.0,0,10,-0.456,0.0,-0.006
461,0.0,0.0,0.0,1000.0,0,10,-0.454,0.0,-0.006
462,0.0,0.0,0.0,1000.0,0,10,-0.452,0.0,-0.006
463,0.0,0.0,0.0,1000.0,0,10,-0.45,0.0,-0.006
464,0.0,0.0,0.0,1000.0,0,10,-0.448,0.0,-0.006
465,0.0,0.0,0.0,1000.0,0,10,-0.446,0.0,-0.006
466,0.0,0.0,0.0,1000.0,0,10,-0.444,0.0,-0.006
467,0.0,0.0,0.0,1000.0,0,10,-0.442,0.0,-0.006
468,0.0,0.0,0.0,1000.0,0,10,-0.44,0.0,-0.006
469,0.0,0.0,0.0,1000.0,0,10,-0.438,0.0,-0.006
470,0.0,0.0,0.0,1000.0,0,10,-0.436,0.0,-0.006
471,0.0,0.0,0.0,1000.0,0,10,-0.434,0.0,-0.006
472,0.0,0.0,0.0,1000.0,0,10,-0.432,0.0,-0.006
473,0.0,0.0,0.0,1000.0,0,10,-0.43,0.0,-0.006
474,0.0,0.0,0.0,1000.0,0,10,-0.42800000000000005,0.0,-0.006
475,0.0,0.0,0.0,1000.0,0,10,-0.42600000000000005,0.0,-0.006
476,0.0,0.0,0.0,1000.0,0,10,-0.42400000000000004,0.0,-0.006
477,0.0,0.0,0.0,1000.0,0,10,-0.42200000000000004,0.0,-0.006
478,0.0,0.0,0.0,1000.0,0,10,-0.42000000000000004,0.0,-0.006
479,0.0,0.0,0.0,1000.0,0,10,-0.41800000000000004,0.0,-0.006
480,0.0,0.0,0.0,1000.0,0,10,-0.41600000000000004,0.0,-0.006
481,0.0,0.0,0.0,1000.0,0,10,-0.41400000000000003,0.0,-0.006
482,0.0,0.0,0.0,1000.0,0,10,-0.41200000000000003,0.0,-0.006
483,0.0,0.0,0.0,1000.0,0,10,-0.41000000000000003,0.0,-0.006
484,0.0,0.0,0.0,1000.0,0,10,-0.40800000000000003,0.0,-0.006
485,0.0,0.0,0.0,1000.0,0,10,-0.406,0.0,-0.006
486,0.0,0.0,0.0,1000.0,0,10,-0.404,0.0,-0.006
487,0.0,0.0,0.0,1000.0,0,10,-0.402,0.0,-0.006
488,0.0,0.0,0.0,1000.0,0,10,-0.4,0.0,-0.006
489,0.0,0.0,0.0,1000.0,0,10,-0.398,0.0,-0.006
490,0.0,0.0,0.0,1000.0,0,10,-0.396,0.0,-0.006
491,0.0,0.0,0.0,1000.0,0,10,-0.394,0.0,-0.006
492,0.0,0.0,0.0,1000.0,0,10,-0.392,0.0,-0.006
493,0.0,0.0,0.0,1000.0,0,10,-0.39,0.0,-0.006
494,0.0,0.0,0.0,1000.0,0,10,-0.388,0.0,-0.006
495,0.0,0.0,0.0,1000.0,0,10,-0.386,0.0,-0.006
496,0.0,0.0,0.0,1000.0,0,10,-0.384,0.0,-0.006
497,0.0,0.0,0.0,1000.0,0,10,-0.382,0.0,-0.006
498,0.0,0.0,0.0,1000.0,0,10,-0.38,0.0,-0.006
499,0.0,0.0,0.0,1000.0,0,10,-0.378,0.0,-0.006
500,0.0,0.0,0.0,1000.0,0,10,-0.376,0.0,-0.006
501,0.0,0.0,0.0,1000.0,0,10,-0.374,0.0,-0.006
502,0.0,0.0,0.0,1000.0,0,10,-0.372,0.0,-0.006
503,0.0,0.0,0.0,1000.0,0,10,-0.37,0.0,-0.006
504,0.0,0.0,0.0,1000.0,0,10,-0.368,0.0,-0.006
505,0.0,0.0,0.0,1000.0,0,10,-0.366,0.0,-0.006
506,0.0,0.0,0.0,1000.0,0,10,-0.364,0.0,-0.006
507,0.0,0.0,0.0,1000.0,0,10,-0.362,0.0,-0.006
508,0.0,0.0,0.0,1000.0,0,10,-0.36,0.0,-0.006
509,0.0,0.0,0.0,1000.0,0,10,-0.358,0.0,-0.006
510,0.0,0.0,0.0,1000.0,0,10,-0.356,0.0,-0.006
511,0.0,0.0,0.0,1000.0,0,10,-0.354,0.0,-0.006
512,0.0,0.0,0.0,1000.0,0,10,-0.35200000000000004,0.0,-0.006
513,0.0,0.0,0.0,1000.0,0,10,-0.35000000000000003,0.0,-0.006
514,0.0,0.0,0.0,1000.0,0,10,-0.34800000000000003,0.0,-0.006
515,0.0,0.0,0.0,1000.0,0,10,-0.34600000000000003,0.0,-0.006
516,0.0,0.0,0.0,1000.0,0,10,-0.34400000000000003,0.0,-0.006
517,0.0,0.0,0.0,1000.0,0,10,-0.342,0.0,-0.006
518,0.0,0.0,0.0,1000.0,0,10,-0.34,0.0,-0.006
519,0.0,0.0,0.0,1000.0,0,10,-0.338,0.0,-0.006
520,0.0,0.0,0.0,1000.0,0,10,-0.336,0.0,-0.006
521,0.0,0.0,0.0,1000.0,0,10,-0.334,0.0,-0.006
522,0.0,0.0,0.0,1000.0,0,10,-0.332,0.0,-0.006
523,0.0,0.0,0.0,1000.0,0,10,-0.33,0.0,-0.006
524,0.0,0.0,0.0,1000.0,0,10,-0.328,0.0,-0.006
525,0.0,0.0,0.0,1000.0,0,10,-0.326,0.0,-0.006
526,0.0,0.0,0.0,1000.0,0,10,-0.324,0.0,-0.006
527,0.0,0.0,0.0,1000.0,0,10,-0.322,0.0,-0.006
528,0.0,0.0,0.0,1000.0,0,10,-0.32,0.0,-0.006
529,0.0,0.0,0.0,1000.0,0,10,-0.318,0.0,-0.006
530,0.0,0.0,0.0,1000.0,0,10,-0.316,0.0,-0.006
531,0.0,0.0,0.0,1000.0,0,10,-0.314,0.0,-0.006
532,0.0,0.0,0.0,1000.0,0,10,-0.31200000000000006,0.0,-0.006
533,0.0,0.0,0.0,1000.0,0,10,-0.31000000000000005,0.0,-0.006
534,0.0,0.0,0.0,1000.0,0,10,-0.30800000000000005,0.0,-0.006
535,0.0,0.0,0.0,1000.0,0,10,-0.30600000000000005,0.0,-0.006
536,0.0,0.0,0.0,1000.0,0,10,-0.30400000000000005,0.0,-0.006
537,0.0,0.0,0.0,1000.0,0,10,-0.30200000000000005,0.0,-0.006
538,0.0,0.0,0.0,1000.0,0,10,-0.30000000000000004,0.0,-0.006
539,0.0,0.0,0.0,1000.0,0,10,-0.29800000000000004,0.0,-0.006
540,0.0,0.0,0.0,1000.0,0,10,-0.29600000000000004,0.0,-0.006
541,0.0,0.0,0.0,1000.0,0,10,-0.29400000000000004,0.0,-0.006
542,0.0,0.0,0.0,1000.0,0,10,-0.29200000000000004,0.0,-0.006
543,0.0,0.0,0.0,1000.0,0,10,-0.29000000000000004,0.0,-0.006
544,0.0,0.0,0.0,1000.0,0,10,-0.28800000000000003,0.0,-0.006
545,0.0,0.0,0.0,1000.0,0,10,-0.28600000000000003,0.0,-0.006
546,0.0,0.0,0.0,1000.0,0,10,-0.28400000000000003,0.0,-0.006
547,0.0,0.0,0.0,1000.0,0,10,-0.28200000000000003,0.0,-0.006
548,0.0,0.0,0.0,1000.0,0,10,-0.28,0.0,-0.006
549,0.0,0.0,0.0,1000.0,0,10,-0.278,0.0,-0.006
550,0.0,0.0,0.0,1000.0,0,10,-0.276,0.0,-0.006
551,0.0,0.0,0.0,1000.0,0,10,-0.274,0.0,-0.006
552,0.0,0.0,0.0,1000.0,0,10,-0.272,0.0,-0.006
553,0.0,0.0,0.0,1000.0,0,10,-0.27,0.0,-0.006
554,0.0,0.0,0.0,1000.0,0,10,-0.268,0.0,-0.006
555,0.0,0.0,0.0,1000.0,0,10,-0.266,0.0,-0.006
556,0.0,0.0,0.0,1000.0,0,10,-0.264,0.0,-0.006
557,0.0,0.0,0.0,1000.0,0,10,-0.262,0.0,-0.006
558,0.0,0.0,0.0,1000.0,0,10,-0.26,0.0,-0.006
559,0.0,0.0,0.0,1000.0,0,10,-0.258,0.0,-0.006
560,0.0,0.0,0.0,1000.0,0,10,-0.256,0.0,-0.006
561,0.0,0.0,0.0,1000.0,0,10,-0.254,0.0,-0.006
562,0.0,0.0,0.0,1000.0,0,10,-0.252,0.0,-0.006
563,0.0,0.0,0.0,1000.0,0,10,-0.25,0.0,-0.006
564,0.0,0.0,0.0,1000.0,0,10,-0.24800000000000003,0.0,-0.006
565,0.0,0.0,0.0,1000.0,0,10,-0.24600000000000002,0.0,-0.006
566,0.0,0.0,0.0,1000.0,0,10,-0.24400000000000002,0.0,-0.006
567,0.0,0.0,0.0,1000.0,0,10,-0.24200000000000002,0.0,-0.006
568,0.0,0.0,0.0,1000.0,0,10,-0.24000000000000002,0.0,-0.006
569,0.0,0.0,0.0,1000.0,0,10,-0.23800000000000002,0.0,-0.006
570,0.0,0.0,0.0,1000.0,0,10,-0.23600000000000002,0.0,-0.006
571,0.0,0.0,0.0,1000.0,0,10,-0.234,0.0,-0.006
572,0.0,0.0,0.0,1000.0,0,10,-0.232,0.0,-0.006
573,0.0,0.0,0.0,1000.0,0,10,-0.23,0.0,-0.006
574,0.0,0.0,0.0,1000.0,0,10,-0.228,0.0,-0.006
575,0.0,0.0,0.0,1000.0,0,10,-0.226,0.0,-0.006
576,0.0,0.0,0.0,1000.0,0,10,-0.224,0.0,-0.006
577,0.0,0.0,0.0,1000.0,0,10,-0.222,0.0,-0.006
578,0.0,0.0,0.0,1000.0,0,10,-0.22,0.0,-0.006
579,0.0,0.0,0.0,1000.0,0,10,-0.21800000000000003,0.0,-0.006
580,0.0,0.0,0.0,1000.0,0,10,-0.21600000000000003,0.0,-0.006
581,0.0,0.0,0.0,1000.0,0,10,-0.21400000000000002,0.0,-0.006
582,0.0,0.0,0.0,1000.0,0,10,-0.21200000000000002,0.0,-0.006
583,0.0,0.0,0.0,1000.0,0,10,-0.21000000000000002,0.0,-0.006
584,0.0,0.0,0.0,1000.0,0,10,-0.20800000000000002,0.0,-0.006
585,0.0,0.0,0.0,1000.0,0,10,-0.20600000000000002,0.0,-0.006
586,0.0,0.0,0.0,1000.0,0,10,-0.20400000000000001,0.0,-0.006
587,0.0,0.0,0.0,1000.0,0,10,-0.202,0.0,-0.006
588,0.0,0.0,0.0,1000.0,0,10,-0.2,0.0,-0.006
589,0.0,0.0,0.0,1000.0,0,10,-0.198,0.0,-0.006
590,0.0,0.0,0.0,1000.0,0,10,-0.196,0.0,-0.006
591,0.0,0.0,0.0,1000.0,0,10,-0.194,0.0,-0.006
592,0.0,0.0,0.0,1000.0,0,10,-0.192,0.0,-0.006
593,0.0,0.0,0.0,1000.0,0,10,-0.19,0.0,-0.006
594,0.0,0.0,0.0,1000.0,0,10,-0.188,0.0,-0.006
595,0.0,0.0,0.0,1000.0,0,10,-0.186,0.0,-0.006
596,0.0,0.0,0.0,1000.0,0,10,-0.184,0.0,-0.006
597,0.0,0.0,0.0,1000.0,0,10,-0.182,0.0,-0.006
598,0.0,0.0,0.0,1000.0,0,10,-0.18,0.0,-0.006
599,0.0,0.0,0.0,1000.0,0,10,-0.178,0.0,-0.006
600,0.0,0.0,0.0,1000.0,0,10,-0.176,0.0,-0.006
601,0.0,0.0,0.0,1000.0,0,10,-0.174,0.0,-0.006
602,0.0,0.0,0.0,1000.0,0,10,-0.172,0.0,-0.006
603,0.0,0.0,0.0,1000.0,0,10,-0.16999999999999998,0.0,-0.006
604,0.0,0.0,0.0,1000.0,0,10,-0.16800000000000004,0.0,-0.006
605,0.0,0.0,0.0,1000.0,0,10,-0.16600000000000004,0.0,-0.006
606,0.0,0.0,0.0,1000.0,0,10,-0.16400000000000003,0.0,-0.006
607,0.0,0.0,0.0,1000.0,0,10,-0.16200000000000003,0.0,-0.006
608,0.0,0.0,0.0,1000.0,0,10,-0.16000000000000003,0.0,-0.006
609,0.0,0.0,0.0,1000.0,0,10,-0.15800000000000003,0.0,-0.006
610,0.0,0.0,0.0,1000.0,0,10,-0.15600000000000003,0.0,-0.006
611,0.0,0.0,0.0,1000.0,0,10,-0.15400000000000003,0.0,-0.006
612,0.0,0.0,0.0,1000.0,0,10,-0.15200000000000002,0.0,-0.006
613,0.0,0.0,0.0,1000.0,0,10,-0.15000000000000002,0.0,-0.006
614,0.0,0.0,0.0,1000.0,0,10,-0.14800000000000002,0.0,-0.006
615,0.0,0.0,0.0,1000.0,0,10,-0.14600000000000002,0.0,-0.006
616,0.0,0.0,0.0,1000.0,0,10,-0.14400000000000002,0.0,-0.006
617,0.0,0.0,0.0,1000.0,0,10,-0.14200000000000002,0.0,-0.006
618,0.0,0.0,0.0,1000.0,0,10,-0.14,0.0,-0.006
619,0.0,0.0,0.0,1000.0,0,10,-0.138,0.0,-0.006
620,0.0,0.0,0.0,1000.0,0,10,-0.136,0.0,-0.006
621,0.0,0.0,0.0,1000.0,0,10,-0.134,0.0,-0.006
622,0.0,0.0,0.0,1000.0,0,10,-0.132,0.0,-0.006
623,0.0,0.0,0.0,1000.0,0,10,-0.13,0.0,-0.006
624,0.0,0.0,0.0,1000.0,0,10,-0.128,0.0,-0.006
625,0.0,0.0,0.0,1000.0,0,10,-0.126,0.0,-0.006
626,0.0,0.0,0.0,1000.0,0,10,-0.124,0.0,-0.006
627,0.0,0.0,0.0,1000.0,0,10,-0.122,0.0,-0.006
628,0.0,0.0,0.0,1000.0,0,10,-0.12,0.0,-0.006
629,0.0,0.0,0.0,1000.0,0,10,-0.118,0.0,-0.006
630,0.0,0.0,0.0,1000.0,0,10,-0.11599999999999999,0.0,-0.006
631,0.0,0.0,0.0,1000.0,0,10,-0.11399999999999999,0.0,-0.006
632,0.0,0.0,0.0,1000.0,0,10,-0.11199999999999999,0.0,-0.006
633,0.0,0.0,0.0,1000.0,0,10,-0.10999999999999999,0.0,-0.006
634,0.0,0.0,0.0,1000.0,0,10,-0.10799999999999998,0.0,-0.006
635,0.0,0.0,0.0,1000.0,0,10,-0.10600000000000004,0.0,-0.006
636,0.0,0.0,0.0,1000.0,0,10,-0.10400000000000004,0.0,-0.006
637,0.0,0.0,0.0,1000.0,0,10,-0.10200000000000004,0.0,-0.006
638,0.0,0.0,0.0,1000.0,0,10,-0.10000000000000003,0.0,-0.006
639,0.0,0.0,0.0,1000.0,0,10,-0.09800000000000003,0.0,-0.006
640,0.0,0.0,0.0,1000.0,0,10,-0.09600000000000003,0.0,-0.006
641,0.0,0.0,0.0,1000.0,0,10,-0.09400000000000003,0.0,-0.006
642,0.0,0.0,0.0,1000.0,0,10,-0.09200000000000003,0.0,-0.006
643,0.0,0.0,0.0,1000.0,0,10,-0.09000000000000002,0.0,-0.006
644,0.0,0.0,0.0,1000.0,0,10,-0.08800000000000002,0.0,-0.006
645,0.0,0.0,0.0,1000.0,0,10,-0.08600000000000002,0.0,-0.006
646,0.0,0.0,0.0,1000.0,0,10,-0.08400000000000002,0.0,-0.006
647,0.0,0.0,0.0,1000.0,0,10,-0.08200000000000002,0.0,-0.006
648,0.0,0.0,0.0,1000.0,0,10,-0.08000000000000002,0.0,-0.006
649,0.0,0.0,0.0,1000.0,0,10,-0.07800000000000001,0.0,-0.006
650,0.0,0.0,0.0,1000.0,0,10,-0.07600000000000001,0.0,-0.006
651,0.0,0.0,0.0,1000.0,0,10,-0.07400000000000001,0.0,-0.006
652,0.0,0.0,0.0,1000.0,0,10,-0.07200000000000001,0.0,-0.006
653,0.0,0.0,0.0,1000.0,0,10,-0.07,0.0,-0.006
654,0.0,0.0,0.0,1000.0,0,10,-0.068,0.0,-0.006
655,0.0,0.0,0.0,1000.0,0,10,-0.066,0.0,-0.006
656,0.0,0.0,0.0,1000.0,0,10,-0.064,0.0,-0.006
657,0.0,0.0,0.0,1000.0,0,10,-0.062,0.0,-0.006
658,0.0,0.0,0.0,1000.0,0,10,-0.06,0.0,-0.006
659,0.0,0.0,0.0,1000.0,0,10,-0.057999999999999996,0.0,-0.006
660,0.0,0.0,0.0,1000.0,0,10,-0.055999999999999994,0.0,-0.006
661,0.0,0.0,0.0,1000.0,0,10,-0.05399999999999999,0.0,-0.006
662,0.0,0.0,0.0,1000.0,0,10,-0.05199999999999999,0.0,-0.006
663,0.0,0.0,0.0,1000.0,0,10,-0.04999999999999999,0.0,-0.006
664,0.0,0.0,0.0,1000.0,0,10,-0.04799999999999999,0.0,-0.006
665,0.0,0.0,0.0,1000.0,0,10,-0.045999999999999985,0.0,-0.006
666,0.0,0.0,0.0,1000.0,0,10,-0.043999999999999984,0.0,-0.006
667,0.0,0.0,0.0,1000.0,0,10,-0.04199999999999998,0.0,-0.006
668,0.0,0.0,0.0,1000.0,0,10,-0.040000000000000036,0.0,-0.006
669,0.0,0.0,0.0,1000.0,0,10,-0.038000000000000034,0.0,-0.006
670,0.0,0.0,0.0,1000.0,0,10,-0.03600000000000003,0.0,-0.006
671,0.0,0.0,0.0,1000.0,0,10,-0.03400000000000003,0.0,-0.006
672,0.0,0.0,0.0,1000.0,0,10,-0.03200000000000003,0.0,-0.006
673,0.0,0.0,0.0,1000.0,0,10,-0.030000000000000027,0.0,-0.006
674,0.0,0.0,0.0,1000.0,0,10,-0.028000000000000025,0.0,-0.006
675,0.0,0.0,0.0,1000.0,0,10,-0.026000000000000023,0.0,-0.006
676,0.0,0.0,0.0,1000.0,0,10,-0.02400000000000002,0.0,-0.006
677,0.0,0.0,0.0,1000.0,0,10,-0.02200000000000002,0.0,-0.006
678,0.0,0.0,0.0,1000.0,0,10,-0.020000000000000018,0.0,-0.006
679,0.0,0.0,0.0,1000.0,0,10,-0.018000000000000016,0.0,-0.006
680,0.0,0.0,0.0,1000.0,0,10,-0.016000000000000014,0.0,-0.006
681,0.0,0.0,0.0,1000.0,0,10,-0.014000000000000012,0.0,-0.006
682,0.0,0.0,0.0,1000.0,0,10,-0.01200000000000001,0.0,-0.006
683,0.0,0.0,0.0,1000.0,0,10,-0.010000000000000009,0.0,-0.006
684,0.0,0.0,0.0,1000.0,0,10,-0.008000000000000007,0.0,-0.006
685,0.0,0.0,0.0,1000.0,0,10,-0.006000000000000005,0.0,-0.006
686,0.0,0.0,0.0,1000.0,0,10,-0.0040000000000000036,0.0,-0.006
687,0.0,0.0,0.0,1000.0,0,10,-0.0020000000000000018,0.0,-0.006
688,0.0,0.0,0.0,1000.0,0,10,0.0,0.0,-0.006
689,0.0,0.0,0.0,1000.0,0,10,0.0020000000000000018,0.0,-0.006
690,0.0,0.0,0.0,1000.0,0,10,0.0040000000000000036,0.0,-0.006
691,0.0,0.0,0.0,1000.0,0,10,0.006000000000000005,0.0,-0.006
692,0.0,0.0,0.0,1000.0,0,10,0.008000000000000007,0.0,-0.006
693,0.0,0.0,0.0,1000.0,0,10,0.010000000000000009,0.0,-0.006
694,0.0,0.0,0.0,1000.0,0,10,0.01200000000000001,0.0,-0.006
695,0.0,0.0,0.0,1000.0,0,10,0.014000000000000012,0.0,-0.006
696,0.0,0.0,0.0,1000.0,0,10,0.016000000000000014,0.0,-0.006
697,0.0,0.0,0.0,1000.0,0,10,0.018000000000000016,0.0,-0.006
698,0.0,0.0,0.0,1000.0,0,10,0.020000000000000018,0.0,-0.006
699,0.0,0.0,0.0,1000.0,0,10,0.021999999999999964,0.0,-0.006
700,0.0,0.0,0.0,1000.0,0,10,0.023999999999999966,0.0,-0.006
701,0.0,0.0,0.0,1000.0,0,10,0.025999999999999968,0.0,-0.006
702,0.0,0.0,0.0,1000.0,0,10,0.02799999999999997,0.0,-0.006
703,0.0,0.0,0.0,1000.0,0,10,0.02999999999999997,0.0,-0.006
704,0.0,0.0,0.0,1000.0,0,10,0.03199999999999997,0.0,-0.006
705,0.0,0.0,0.0,1000.0,0,10,0.033999999999999975,0.0,-0.006
706,0.0,0.0,0.0,1000.0,0,10,0.035999999999999976,0.0,-0.006
707,0.0,0.0,0.0,1000.0,0,10,0.03799999999999998,0.0,-0.006
708,0.0,0.0,0.0,1000.0,0,10,0.03999999999999998,0.0,-0.006
709,0.0,0.0,0.0,1000.0,0,10,0.04199999999999998,0.0,-0.006
710,0.0,0.0,0.0,1000.0,0,10,0.043999999999999984,0.0,-0.006
711,0.0,0.0,0.0,1000.0,0,10,0.045999999999999985,0.0,-0.006
712,0.0,0.0,0.0,1000.0,0,10,0.04799999999999999,0.0,-0.006
713,0.0,0.0,0.0,1000.0,0,10,0.04999999999999999,0.0,-0.006
714,0.0,0.0,0.0,1000.0,0,10,0.05199999999999999,0.0,-0.006
715,0.0,0.0,0.0,1000.0,0,10,0.05399999999999999,0.0,-0.006
716,0.0,0.0,0.0,1000.0,0,10,0.055999999999999994,0.0,-0.006
717,0.0,0.0,0.0,1000.0,0,10,0.057999999999999996,0.0,-0.006
718,0.0,0.0,0.0,1000.0,0,10,0.06,0.0,-0.006
719,0.0,0.0,0.0,1000.0,0,10,0.062,0.0,-0.006
720,0.0,0.0,0.0,1000.0,0,10,0.064,0.0,-0.006
721,0.0,0.0,0.0,1000.0,0,10,0.066,0.0,-0.006
722,0.0,0.0,0.0,1000.0,0,10,0.068,0.0,-0.006
723,0.0,0.0,0.0,1000.0,0,10,0.07,0.0,-0.006
724,0.0,0.0,0.0,1000.0,0,10,0.07200000000000001,0.0,-0.006
725,0.0,0.0,0.0,1000.0,0,10,0.07400000000000001,0.0,-0.006
726,0.0,0.0,0.0,1000.0,0,10,0.07600000000000001,0.0,-0.006
727,0.0,0.0,0.0,1000.0,0,10,0.07800000000000001,0.0,-0.006
728,0.0,0.0,0.0,1000.0,0,10,0.08000000000000002,0.0,-0.006
729,0.0,0.0,0.0,1000.0,0,10,0.08200000000000002,0.0,-0.006
730,0.0,0.0,0.0,1000.0,0,10,0.08400000000000002,0.0,-0.006
731,0.0,0.0,0.0,1000.0,0,10,0.08600000000000002,0.0,-0.006
732,0.0,0.0,0.0,1000.0,0,10,0.08800000000000002,0.0,-0.006
733,0.0,0.0,0.0,1000.0,0,10,0.09000000000000002,0.0,-0.006
734,0.0,0.0,0.0,1000.0,0,10,0.09200000000000003,0.0,-0.006
735,0.0,0.0,0.0,1000.0,0,10,0.09400000000000003,0.0,-0.006
736,0.0,0.0,0.0,1000.0,0,10,0.09600000000000003,0.0,-0.006
737,0.0,0.0,0.0,1000.0,0,10,0.09800000000000003,0.0,-0.006
738,0.0,0.0,0.0,1000.0,0,10,0.10000000000000003,0.0,-0.006
739,0.0,0.0,0.0,1000.0,0,10,0.10200000000000004,0.0,-0.006
740,0.0,0.0,0.0,1000.0,0,10,0.10400000000000004,0.0,-0.006
741,0.0,0.0,0.0,1000.0,0,10,0.10600000000000004,0.0,-0.006
742,0.0,0.0,0.0,1000.0,0,10,0.10800000000000004,0.0,-0.006
743,0.0,0.0,0.0,1000.0,0,10,0.11000000000000004,0.0,-0.006
744,0.0,0.0,0.0,1000.0,0,10,0.11200000000000004,0.0,-0.006
745,0.0,0.0,0.0,1000.0,0,10,0.11400000000000005,0.0,-0.006
746,0.0,0.0,0.0,1000.0,0,10,0.11600000000000005,0.0,-0.006
747,0.0,0.0,0.0,1000.0,0,10,0.11800000000000005,0.0,-0.006
748,0.0,0.0,0.0,1000.0,0,10,0.11999999999999994,0.0,-0.006
749,0.0,0.0,0.0,1000.0,0,10,0.12199999999999994,0.0,-0.006
750,0.0,0.0,0.0,1000.0,0,10,0.12399999999999994,0.0,-0.006
751,0.0,0.0,0.0,1000.0,0,10,0.12599999999999995,0.0,-0.006
752,0.0,0.0,0.0,1000.0,0,10,0.12799999999999995,0.0,-0.006
753,0.0,0.0,0.0,1000.0,0,10,0.12999999999999995,0.0,-0.006
754,0.0,0.0,0.0,1000.0,0,10,0.13199999999999995,0.0,-0.006
755,0.0,0.0,0.0,1000.0,0,10,0.13399999999999995,0.0,-0.006
756,0.0,0.0,0.0,1000.0,0,10,0.13599999999999995,0.0,-0.006
757,0.0,0.0,0.0,1000.0,0,10,0.13799999999999996,0.0,-0.006
758,0.0,0.0,0.0,1000.0,0,10,0.13999999999999996,0.0,-0.006
759,0.0,0.0,0.0,1000.0,0,10,0.14199999999999996,0.0,-0.006
760,0.0,0.0,0.0,1000.0,0,10,0.14399999999999996,0.0,-0.006
761,0.0,0.0,0.0,1000.0,0,10,0.14599999999999996,0.0,-0.006
762,0.0,0.0,0.0,1000.0,0,10,0.14799999999999996,0.0,-0.006
763,0.0,0.0,0.0,1000.0,0,10,0.14999999999999997,0.0,-0.006
764,0.0,0.0,0.0,1000.0,0,10,0.15199999999999997,0.0,-0.006
765,0.0,0.0,0.0,1000.0,0,10,0.15399999999999997,0.0,-0.006
766,0.0,0.0,0.0,1000.0,0,10,0.15599999999999997,0.0,-0.006
767,0.0,0.0,0.0,1000.0,0,10,0.15799999999999997,0.0,-0.006
768,0.0,0.0,0.0,1000.0,0,10,0.15999999999999998,0.0,-0.006
769,0.0,0.0,0.0,1000.0,0,10,0.16199999999999998,0.0,-0.006
770,0.0,0.0,0.0,1000.0,0,10,0.16399999999999998,0.0,-0.006
771,0.0,0.0,0.0,1000.0,0,10,0.16599999999999998,0.0,-0.006
772,0.0,0.0,0.0,1000.0,0,10,0.16799999999999998,0.0,-0.006
773,0.0,0.0,0.0,1000.0,0,10,0.16999999999999998,0.0,-0.006
774,0.0,0.0,0.0,1000.0,0,10,0.172,0.0,-0.006
775,0.0,0.0,0.0,1000.0,0,10,0.174,0.0,-0.006
776,0.0,0.0,0.0,1000.0,0,10,0.176,0.0,-0.006
777,0.0,0.0,0.0,1000.0,0,10,0.178,0.0,-0.006
778,0.0,0.0,0.0,1000.0,0,10,0.18,0.0,-0.006
779,0.0,0.0,0.0,1000.0,0,10,0.182,0.0,-0.006
780,0.0,0.0,0.0,1000.0,0,10,0.184,0.0,-0.006
781,0.0,0.0,0.0,1000.0,0,10,0.186,0.0,-0.006
782,0.0,0.0,0.0,1000.0,0,10,0.188,0.0,-0.006
783,0.0,0.0,0.0,1000.0,0,10,0.19,0.0,-0.006
784,0.0,0.0,0.0,1000.0,0,10,0.192,0.0,-0.006
785,0.0,0.0,0.0,1000.0,0,10,0.194,0.0,-0.006
786,0.0,0.0,0.0,1000.0,0,10,0.196,0.0,-0.006
787,0.0,0.0,0.0,1000.0,0,10,0.198,0.0,-0.006
788,0.0,0.0,0.0,1000.0,0,10,0.2,0.0,-0.006
789,0.0,0.0,0.0,1000.0,0,10,0.202,0.0,-0.006
790,0.0,0.0,0.0,1000.0,0,10,0.20400000000000001,0.0,-0.006
791,0.0,0.0,0.0,1000.0,0,10,0.20600000000000002,0.0,-0.006
792,0.0,0.0,0.0,1000.0,0,10,0.20800000000000002,0.0,-0.006
793,0.0,0.0,0.0,1000.0,0,10,0.21000000000000002,0.0,-0.006
794,0.0,0.0,0.0,1000.0,0,10,0.21200000000000002,0.0,-0.006
795,0.0,0.0,0.0,1000.0,0,10,0.21400000000000002,0.0,-0.006
796,0.0,0.0,0.0,1000.0,0,10,0.21600000000000003,0.0,-0.006
797,0.0,0.0,0.0,1000.0,0,10,0.21800000000000003,0.0,-0.006
798,0.0,0.0,0.0,1000.0,0,10,0.22000000000000003,0.0,-0.006
799,0.0,0.0,0.0,1000.0,0,10,0.22200000000000003,0.0,-0.006
800,0.0,0.0,0.0,1000.0,0,10,0.22400000000000003,0.0,-0.006
801,0.0,0.0,0.0,1000.0,0,10,0.22600000000000003,0.0,-0.006
802,0.0,0.0,0.0,1000.0,0,10,0.22800000000000004,0.0,-0.006
803,0.0,0.0,0.0,1000.0,0,10,0.23000000000000004,0.0,-0.006
804,0.0,0.0,0.0,1000.0,0,10,0.23200000000000004,0.0,-0.006
805,0.0,0.0,0.0,1000.0,0,10,0.23400000000000004,0.0,-0.006
806,0.0,0.0,0.0,1000.0,0,10,0.23600000000000004,0.0,-0.006
807,0.0,0.0,0.0,1000.0,0,10,0.23800000000000004,0.0,-0.006
808,0.0,0.0,0.0,1000.0,0,10,0.24000000000000005,0.0,-0.006
809,0.0,0.0,0.0,1000.0,0,10,0.24200000000000005,0.0,-0.006
810,0.0,0.0,0.0,1000.0,0,10,0.24400000000000005,0.0,-0.006
811,0.0,0.0,0.0,1000.0,0,10,0.24599999999999994,0.0,-0.006
812,0.0,0.0,0.0,1000.0,0,10,0.24799999999999994,0.0,-0.006
813,0.0,0.0,0.0,1000.0,0,10,0.24999999999999994,0.0,-0.006
814,0.0,0.0,0.0,1000.0,0,10,0.25199999999999995,0.0,-0.006
815,0.0,0.0,0.0,1000.0,0,10,0.25399999999999995,0.0,-0.006
816,0.0,0.0,0.0,1000.0,0,10,0.25599999999999995,0.0,-0.006
817,0.0,0.0,0.0,1000.0,0,10,0.25799999999999995,0.0,-0.006
818,0.0,0.0,0.0,1000.0,0,10,0.25999999999999995,0.0,-0.006
819,0.0,0.0,0.0,1000.0,0,10,0.26199999999999996,0.0,-0.006
820,0.0,0.0,0.0,1000.0,0,10,0.26399999999999996,0.0,-0.006
821,0.0,0.0,0.0,1000.0,0,10,0.26599999999999996,0.0,-0.006
822,0.0,0.0,0.0,1000.0,0,10,0.26799999999999996,0.0,-0.006
823,0.0,0.0,0.0,1000.0,0,10,0.26999999999999996,0.0,-0.006
824,0.0,0.0,0.0,1000.0,0,10,0.27199999999999996,0.0,-0.006
825,0.0,0.0,0.0,1000.0,0,10,0.27399999999999997,0.0,-0.006
826,0.0,0.0,0.0,1000.0,0,10,0.27599999999999997,0.0,-0.006
827,0.0,0.0,0.0,1000.0,0,10,0.27799999999999997,0.0,-0.006
828,0.0,0.0,0.0,1000.0,0,10,0.27999999999999997,0.0,-0.006
829,0.0,0.0,0.0,1000.0,0,10,0.282,0.0,-0.006
830,0.0,0.0,0.0,1000.0,0,10,0.284,0.0,-0.006
831,0.0,0.0,0.0,1000.0,0,10,0.286,0.0,-0.006
832,0.0,0.0,0.0,1000.0,0,10,0.288,0.0,-0.006
833,0.0,0.0,0.0,1000.0,0,10,0.29,0.0,-0.006
834,0.0,0.0,0.0,1000.0,0,10,0.292,0.0,-0.006
835,0.0,0.0,0.0,1000.0,0,10,0.294,0.0,-0.006
836,0.0,0.0,0.0,1000.0,0,10,0.296,0.0,-0.006
837,0.0,0.0,0.0,1000.0,0,10,0.298,0.0,-0.006
838,0.0,0.0,0.0,1000.0,0,10,0.3,0.0,-0.006
839,0.0,0.0,0.0,1000.0,0,10,0.302,0.0,-0.006
840,0.0,0.0,0.0,1000.0,0,10,0.304,0.0,-0.006
841,0.0,0.0,0.0,1000.0,0,10,0.306,0.0,-0.006
842,0.0,0.0,0.0,1000.0,0,10,0.308,0.0,-0.006
843,0.0,0.0,0.0,1000.0,0,10,0.31,0.0,-0.006
844,0.0,0.0,0.0,1000.0,0,10,0.312,0.0,-0.006
845,0.0,0.0,0.0,1000.0,0,10,0.314,0.0,-0.006
846,0.0,0.0,0.0,1000.0,0,10,0.316,0.0,-0.006
847,0.0,0.0,0.0,1000.0,0,10,0.318,0.0,-0.006
848,0.0,0.0,0.0,1000.0,0,10,0.32,0.0,-0.006
849,0.0,0.0,0.0,1000.0,0,10,0.322,0.0,-0.006
850,0.0,0.0,0.0,1000.0,0,10,0.324,0.0,-0.006
851,0.0,0.0,0.0,1000.0,0,10,0.326,0.0,-0.006
852,0.0,0.0,0.0,1000.0,0,10,0.328,0.0,-0.006
853,0.0,0.0,0.0,1000.0,0,10,0.33,0.0,-0.006
854,0.0,0.0,0.0,1000.0,0,10,0.332,0.0,-0.006
855,0.0,0.0,0.0,1000.0,0,10,0.334,0.0,-0.006
856,0.0,0.0,0.0,1000.0,0,10,0.336,0.0,-0.006
857,0.0,0.0,0.0,1000.0,0,10,0.338,0.0,-0.006
858,0.0,0.0,0.0,1000.0,0,10,0.34,0.0,-0.006
859,0.0,0.0,0.0,1000.0,0,10,0.342,0.0,-0.006
860,0.0,0.0,0.0,1000.0,0,10,0.34400000000000003,0.0,-0.006
861,0.0,0.0,0.0,1000.0,0,10,0.34600000000000003,0.0,-0.006
862,0.0,0.0,0.0,1000.0,0,10,0.34800000000000003,0.0,-0.006
863,0.0,0.0,0.0,1000.0,0,10,0.35000000000000003,0.0,-0.006
864,0.0,0.0,0.0,1000.0,0,10,0.35200000000000004,0.0,-0.006
865,0.0,0.0,0.0,1000.0,0,10,0.35400000000000004,0.0,-0.006
866,0.0,0.0,0.0,1000.0,0,10,0.35600000000000004,0.0,-0.006
867,0.0,0.0,0.0,1000.0,0,10,0.35800000000000004,0.0,-0.006
868,0.0,0.0,0.0,1000.0,0,10,0.36000000000000004,0.0,-0.006
869,0.0,0.0,0.0,1000.0,0,10,0.36200000000000004,0.0,-0.006
870,0.0,0.0,0.0,1000.0,0,10,0.36400000000000005,0.0,-0.006
871,0.0,0.0,0.0,1000.0,0,10,0.36600000000000005,0.0,-0.006
872,0.0,0.0,0.0,1000.0,0,10,0.36800000000000005,0.0,-0.006
873,0.0,0.0,0.0,1000.0,0,10,0.37000000000000005,0.0,-0.006
874,0.0,0.0,0.0,1000.0,0,10,0.37200000000000005,0.0,-0.006
875,0.0,0.0,0.0,1000.0,0,10,0.37400000000000005,0.0,-0.006
876,0.0,0.0,0.0,1000.0,0,10,0.37599999999999995,0.0,-0.006
877,0.0,0.0,0.0,1000.0,0,10,0.37799999999999995,0.0,-0.006
878,0.0,0.0,0.0,1000.0,0,10,0.37999999999999995,0.0,-0.006
879,0.0,0.0,0.0,1000.0,0,10,0.38199999999999995,0.0,-0.006
880,0.0,0.0,0.0,1000.0,0,10,0.38399999999999995,0.0,-0.006
881,0.0,0.0,0.0,1000.0,0,10,0.38599999999999995,0.0,-0.006
882,0.0,0.0,0.0,1000.0,0,10,0.38799999999999996,0.0,-0.006
883,0.0,0.0,0.0,1000.0,0,10,0.38999999999999996,0.0,-0.006
884,0.0,0.0,0.0,1000.0,0,10,0.39199999999999996,0.0,-0.006
885,0.0,0.0,0.0,1000.0,0,10,0.39399999999999996,0.0,-0.006
886,0.0,0.0,0.0,1000.0,0,10,0.39599999999999996,0.0,-0.006
887,0.0,0.0,0.0,1000.0,0,10,0.39799999999999996,0.0,-0.006
888,0.0,0.0,0.0,1000.0,0,10,0.39999999999999997,0.0,-0.006
889,0.0,0.0,0.0,1000.0,0,10,0.40199999999999997,0.0,-0.006
890,0.0,0.0,0.0,1000.0,0,10,0.40399999999999997,0.0,-0.006
891,0.0,0.0,0.0,1000.0,0,10,0.40599999999999997,0.0,-0.006
892,0.0,0.0,0.0,1000.0,0,10,0.408,0.0,-0.006
893,0.0,0.0,0.0,1000.0,0,10,0.41,0.0,-0.006
894,0.0,0.0,0.0,1000.0,0,10,0.412,0.0,-0.006
895,0.0,0.0,0.0,1000.0,0,10,0.414,0.0,-0.006
896,0.0,0.0,0.0,1000.0,0,10,0.416,0.0,-0.006
897,0.0,0.0,0.0,1000.0,0,10,0.418,0.0,-0.006
898,0.0,0.0,0.0,1000.0,0,10,0.42,0.0,-0.006
899,0.0,0.0,0.0,1000.0,0,10,0.422,0.0,-0.006
900,0.0,0.0,0.0,1000.0,0,10,0.424,0.0,-0.006
901,0.0,0.0,0.0,1000.0,0,10,0.426,0.0,-0.006
902,0.0,0.0,0.0,1000.0,0,10,0.428,0.0,-0.006
903,0.0,0.0,0.0,1000.0,0,10,0.43,0.0,-0.006
904,0.0,0.0,0.0,1000.0,0,10,0.432,0.0,-0.006
905,0.0,0.0,0.0,1000.0,0,10,0.434,0.0,-0.006
906,0.0,0.0,0.0,1000.0,0,10,0.436,0.0,-0.006
907,0.0,0.0,0.0,1000.0,0,10,0.438,0.0,-0.006
908,0.0,0.0,0.0,1000.0,0,10,0.44,0.0,-0.006
909,0.0,0.0,0.0,1000.0,0,10,0.442,0.0,-0.006
910,0.0,0.0,0.0,1000.0,0,10,0.444,0.0,-0.006
911,0.0,0.0,0.0,1000.0,0,10,0.446,0.0,-0.006
912,0.0,0.0,0.0,1000.0,0,10,0.448,0.0,-0.006
913,0.0,0.0,0.0,1000.0,0,10,0.45,0.0,-0.006
914,0.0,0.0,0.0,1000.0,0,10,0.452,0.0,-0.006
915,0.0,0.0,0.0,1000.0,0,10,0.454,0.0,-0.006
916,0.0,0.0,0.0,1000.0,0,10,0.456,0.0,-0.006
917,0.0,0.0,0.0,1000.0,0,10,0.458,0.0,-0.006
918,0.0,0.0,0.0,1000.0,0,10,-0.458,0.0,-0.004
919,0.0,0.0,0.0,1000.0,0,10,-0.456,0.0,-0.004
920,0.0,0.0,0.0,1000.0,0,10,-0.454,0.0,-0.004
921,0.0,0.0,0.0,1000.0,0,10,-0.452,0.0,-0.004
922,0.0,0.0,0.0,1000.0,0,10,-0.45,0.0,-0.004
923,0.0,0.0,0.0,1000.0,0,10,-0.448,0.0,-0.004
924,0.0,0.0,0.0,1000.0,0,10,-0.446,0.0,-0.004
925,0.0,0.0,0.0,1000.0,0,10,-0.444,0.0,-0.004
926,0.0,0.0,0.0,1000.0,0,10,-0.442,0.0,-0.004
927,0.0,0.0,0.0,1000.0,0,10,-0.44,0.0,-0.004
928,0.0,0.0,0.0,1000.0,0,10,-0.438,0.0,-0.004
929,0.0,0.0,0.0,1000.0,0,10,-0.436,0.0,-0.004
930,0.0,0.0,0.0,1000.0,0,10,-0.434,0.0,-0.004
931,0.0,0.0,0.0,1000.0,0,10,-0.432,0.0,-0.004
932,0.0,0.0,0.0,1000.0,0,10,-0.43,0.0,-0.004
933,0.0,0.0,0.0,1000.0,0,10,-0.42800000000000005,0.0,-0.004
934,0.0,0.0,0.0,1000.0,0,10,-0.42600000000000005,0.0,-0.004
935,0.0,0.0,0.0,1000.0,0,10,-0.42400000000000004,0.0,-0.004
936,0.0,0.0,0.0,1000.0,0,10,-0.42200000000000004,0.0,-0.004
937,0.0,0.0,0.0,1000.0,0,10,-0.42000000000000004,0.0,-0.004
938,0.0,0.0,0.0,1000.0,0,10,-0.41800000000000004,0.0,-0.004
939,0.0,0.0,0.0,1000.0,0,10,-0.41600000000000004,0.0,-0.004
940,0.0,0.0,0.0,1000.0,0,10,-0.41400000000000003,0.0,-0.004
941,0.0,0.0,0.0,1000.0,0,10,-0.41200000000000003,0.0,-0.004
942,0.0,0.0,0.0,1000.0,0,10,-0.41000000000000003,0.0,-0.004
943,0.0,0.0,0.0,1000.0,0,10,-0.40800000000000003,0.0,-0.004
944,0.0,0.0,0.0,1000.0,0,10,-0.406,0.0,-0.004
945,0.0,0.0,0.0,1000.0,0,10,-0.404,0.0,-0.004
946,0.0,0.0,0.0,1000.0,0,10,-0.402,0.0,-0.004
947,0.0,0.0,0.0,1000.0,0,10,-0.4,0.0,-0.004
948,0.0,0.0,0.0,1000.0,0,10,-0.398,0.0,-0.004
949,0.0,0.0,0.0,1000.0,0,10,-0.396,0.0,-0.004
950,0.0,0.0,0.0,1000.0,0,10,-0.394,0.0,-0.004
951,0.0,0.0,0.0,1000.0,0,10,-0.392,0.0,-0.004
952,0.0,0.0,0.0,1000.0,0,10,-0.39,0.0,-0.004
953,0.0,0.0,0.0,1000.0,0,10,-0.388,0.0,-0.004
954,0.0,0.0,0.0,1000.0,0,10,-0.386,0.0,-0.004
955,0.0,0.0,0.0,1000.0,0,10,-0.384,0.0,-0.004
956,0.0,0.0,0.0,1000.0,0,10,-0.382,0.0,-0.004
957,0.0,0.0,0.0,1000.0,0,10,-0.38,0.0,-0.004
958,0.0,0.0,0.0,1000.0,0,10,-0.378,0.0,-0.004
959,0.0,0.0,0.0,1000.0,0,10,-0.376,0.0,-0.004
960,0.0,0.0,0.0,1000.0,0,10,-0.374,0.0,-0.004
961,0.0,0.0,0.0,1000.0,0,10,-0.372,0.0,-0.004
962,0.0,0.0,0.0,1000.0,0,10,-0.37,0.0,-0.004
963,0.0,0.0,0.0,1000.0,0,10,-0.368,0.0,-0.004
964,0.0,0.0,0.0,1000.0,0,10,-0.366,0.0,-0.004
965,0.0,0.0,0.0,1000.0,0,10,-0.364,0.0,-0.004
966,0.0,0.0,0.0,1000.0,0,10,-0.362,0.0,-0.004
967,0.0,0.0,0.0,1000.0,0,10,-0.36,0.0,-0.004
968,0.0,0.0,0.0,1000.0,0,10,-0.358,0.0,-0.004
969,0.0,0.0,0.0,1000.0,0,10,-0.356,0.0,-0.004
970,0.0,0.0,0.0,1000.0,0,10,-0.354,0.0,-0.004
971,0.0,0.0,0.0,1000.0,0,10,-0.35200000000000004,0.0,-0.004
972,0.0,0.0,0.0,1000.0,0,10,-0.35000000000000003,0.0,-0.004
973,0.0,0.0,0.0,1000.0,0,10,-0.34800000000000003,0.0,-0.004
974,0.0,0.0,0.0,1000.0,0,10,-0.34600000000000003,0.0,-0.004
975,0.0,0.0,0.0,1000.0,0,10,-0.34400000000000003,0.0,-0.004
976,0.0,0.0,0.0,1000.0,0,10,-0.342,0.0,-0.004
977,0.0,0.0,0.0,1000.0,0,10,-0.34,0.0,-0.004
978,0.0,0.0,0.0,1000.0,0,10,-0.338,0.0,-0.004
979,0.0,0.0,0.0,1000.0,0,10,-0.336,0.0,-0.004
980,0.0,0.0,0.0,1000.0,0,10,-0.334,0.0,-0.004
981,0.0,0.0,0.0,1000.0,0,10,-0.332,0.0,-0.004
982,0.0,0.0,0.0,1000.0,0,10,-0.33,0.0,-0.004
983,0.0,0.0,0.0,1000.0,0,10,-0.328,0.0,-0.004
984,0.0,0.0,0.0,1000.0,0,10,-0.326,0.0,-0.004
985,0.0,0.0,0.0,1000.0,0,10,-0.324,0.0,-0.004
986,0.0,0.0,0.0,1000.0,0,10,-0.322,0.0,-0.004
987,0.0,0.0,0.0,1000.0,0,10,-0.32,0.0,-0.004
988,0.0,0.0,0.0,1000.0,0,10,-0.318,0.0,-0.004
989,0.0,0.0,0.0,1000.0,0,10,-0.316,0.0,-0.004
990,0.0,0.0,0.0,1000.0,0,10,-0.314,0.0,-0.004
991,0.0,0.0,0.0,1000.0,0,10,-0.31200000000000006,0.0,-0.004
992,0.0,0.0,0.0,1000.0,0,10,-0.31000000000000005,0.0,-0.004
993,0.0,0.0,0.0,1000.0,0,10,-0.30800000000000005,0.0,-0.004
994,0.0,0.0,0.0,1000.0,0,10,-0.30600000000000005,0.0,-0.004
995,0.0,0.0,0.0,1000.0,0,10,-0.30400000000000005,0.0,-0.004
996,0.0,0.0,0.0,1000.0,0,10,-0.30200000000000005,0.0,-0.004
997,0.0,0.0,0.0,1000.0,0,10,-0.30000000000000004,0.0,-0.004
998,0.0,0.0,0.0,1000.0,0,10,-0.29800000000000004,0.0,-0.004
999,0.0,0.0,0.0,1000.0,0,10,-0.29600000000000004,0.0,-0.004
1000,0.0,0.0,0.0,1000.0,0,10,-0.29400000000000004,0.0,-0.004
1001,0.0,0.0,0.0,1000.0,0,10,-0.29200000000000004,0.0,-0.004
1002,0.0,0.0,0.0,1000.0,0,10,-0.29000000000000004,0.0,-0.004
1003,0.0,0.0,0.0,1000.0,0,10,-0.28800000000000003,0.0,-0.004
1004,0.0,0.0,0.0,1000.0,0,10,-0.28600000000000003,0.0,-0.004
1005,0.0,0.0,0.0,1000.0,0,10,-0.28400000000000003,0.0,-0.004
1006,0.0,0.0,0.0,1000.0,0,10,-0.28200000000000003,0.0,-0.004
1007,0.0,0.0,0.0,1000.0,0,10,-0.28,0.0,-0.004
1008,0.0,0.0,0.0,1000.0,0,10,-0.278,0.0,-0.004
1009,0.0,0.0,0.0,1000.0,0,10,-0.276,0.0,-0.004
1010,0.0,0.0,0.0,1000.0,0,10,-0.274,0.0,-0.004
1011,0.0,0.0,0.0,1000.0,0,10,-0.272,0.0,-0.004
1012,0.0,0.0,0.0,1000.0,0,10,-0.27,0.0,-0.004
1013,0.0,0.0,0.0,1000.0,0,10,-0.268,0.0,-0.004
1014,0.0,0.0,0.0,1000.0,0,10,-0.266,0.0,-0.004
1015,0.0,0.0,0.0,1000.0,0,10,-0.264,0.0,-0.004
1016,0.0,0.0,0.0,1000.0,0,10,-0.262,0.0,-0.004
1017,0.0,0.0,0.0,1000.0,0,10,-0.26,0.0,-0.004
1018,0.0,0.0,0.0,1000.0,0,10,-0.258,0.0,-0.004
1019,0.0,0.0,0.0,1000.0,0,10,-0.256,0.0,-0.004
1020,0.0,0.0,0.0,1000.0,0,10,-0.254,0.0,-0.004
1021,0.0,0.0,0.0,1000.0,0,10,-0.252,0.0,-0.004
1022,0.0,0.0,0.0,1000.0,0,10,-0.25,0.0,-0.004
1023,0.0,0.0,0.0,1000.0,0,10,-0.24800000000000003,0.0,-0.004
1024,0.0,0.0,0.0,1000.0,0,10,-0.24600000000000002,0.0,-0.004
1025,0.0,0.0,0.0,1000.0,0,10,-0.24400000000000002,0.0,-0.004
1026,0.0,0.0,0.0,1000.0,0,10,-0.24200000000000002,0.0,-0.004
1027,0.0,0.0,0.0,1000.0,0,10,-0.24000000000000002,0.0,-0.004
1028,0.0,0.0,0.0,1000.0,0,10,-0.23800000000000002,0.0,-0.004
1029,0.0,0.0,0.0,1000.0,0,10,-0.23600000000000002,0.0,-0.004
1030,0.0,0.0,0.0,1000.0,0,10,-0.234,0.0,-0.004
1031,0.0,0.0,0.0,1000.0,0,10,-0.232,0.0,-0.004
1032,0.0,0.0,0.0,1000.0,0,10,-0.23,0.0,-0.004
1033,0.0,0.0,0.0,1000.0,0,10,-0.228,0.0,-0.004
1034,0.0,0.0,0.0,1000.0,0,10,-0.226,0.0,-0.004
1035,0.0,0.0,0.0,1000.0,0,10,-0.224,0.0,-0.004
1036,0.0,0.0,0.0,1000.0,0,10,-0.222,0.0,-0.004
1037,0.0,0.0,0.0,1000.0,0,10,-0.22,0.0,-0.004
1038,0.0,0.0,0.0,1000.0,0,10,-0.21800000000000003,0.0,-0.004
1039,0.0,0.0,0.0,1000.0,0,10,-0.21600000000000003,0.0,-0.004
1040,0.0,0.0,0.0,1000.0,0,10,-0.21400000000000002,0.0,-0.004
1041,0.0,0.0,0.0,1000.0,0,10,-0.21200000000000002,0.0,-0.004
1042,0.0,0.0,0.0,1000.0,0,10,-0.21000000000000002,0.0,-0.004
1043,0.0,0.0,0.0,1000.0,0,10,-0.20800000000000002,0.0,-0.004
1044,0.0,0.0,0.0,1000.0,0,10,-0.20600000000000002,0.0,-0.004
1045,0.0,0.0,0.0,1000.0,0,10,-0.20400000000000001,0.0,-0.004
1046,0.0,0.0,0.0,1000.0,0,10,-0.202,0.0,-0.004
1047,0.0,0.0,0.0,1000.0,0,10,-0.2,0.0,-0.004
1048,0.0,0.0,0.0,1000.0,0,10,-0.198,0.0,-0.004
1049,0.0,0.0,0.0,1000.0,0,10,-0.196,0.0,-0.004
1050,0.0,0.0,0.0,1000.0,0,10,-0.194,0.0,-0.004
1051,0.0,0.0,0.0,1000.0,0,10,-0.192,0.0,-0.004
1052,0.0,0.0,0.0,1000.0,0,10,-0.19,0.0,-0.004
1053,0.0,0.0,0.0,1000.0,0,10,-0.188,0.0,-0.004
1054,0.0,0.0,0.0,1000.0,0,10,-0.186,0.0,-0.004
1055,0.0,0.0,0.0,1000.0,0,10,-0.184,0.0,-0.004
1056,0.0,0.0,0.0,1000.0,0,10,-0.182,0.0,-0.004
1057,0.0,0.0,0.0,1000.0,0,10,-0.18,0.0,-0.004
1058,0.0,0.0,0.0,1000.0,0,10,-0.178,0.0,-0.004
1059,0.0,0.0,0.0,1000.0,0,10,-0.176,0.0,-0.004
1060,0.0,0.0,0.0,1000.0,0,10,-0.174,0.0,-0.004
1061,0.0,0.0,0.0,1000.0,0,10,-0.172,0.0,-0.004
1062,0.0,0.0,0.0,1000.0,0,10,-0.16999999999999998,0.0,-0.004
1063,0.0,0.0,0.0,1000.0,0,10,-0.16800000000000004,0.0,-0.004
1064,0.0,0.0,0.0,1000.0,0,10,-0.16600000000000004,0.0,-0.004
1065,0.0,0.0,0.0,1000.0,0,10,-0.16400000000000003,0.0,-0.004
1066,0.0,0.0,0.0,1000.0,0,10,-0.16200000000000003,0.0,-0.004
1067,0.0,0.0,0.0,1000.0,0,10,-0.16000000000000003,0.0,-0.004
1068,0.0,0.0,0.0,1000.0,0,10,-0.15800000000000003,0.0,-0.004
1069,0.0,0.0,0.0,1000.0,0,10,-0.15600000000000003,0.0,-0.004
1070,0.0,0.0,0.0,1000.0,0,10,-0.15400000000000003,0.0,-0.004
1071,0.0,0.0,0.0,1000.0,0,10,-0.15200000000000002,0.0,-0.004
1072,0.0,0.0,0.0,1000.0,0,10,-0.15000000000000002,0.0,-0.004
1073,0.0,0.0,0.0,1000.0,0,10,-0.14800000000000002,0.0,-0.004
1074,0.0,0.0,0.0,1000.0,0,10,-0.14600000000000002,0.0,-0.004
1075,0.0,0.0,0.0,1000.0,0,10,-0.14400000000000002,0.0,-0.004
1076,0.0,0.0,0.0,1000.0,0,10,-0.14200000000000002,0.0,-0.004
1077,0.0,0.0,0.0,1000.0,0,10,-0.14,0.0,-0.004
1078,0.0,0.0,0.0,1000.0,0,10,-0.138,0.0,-0.004
1079,0.0,0.0,0.0,1000.0,0,10,-0.136,0.0,-0.004
1080,0.0,0.0,0.0,1000.0,0,10,-0.134,0.0,-0.004
1081,0.0,0.0,0.0,1000.0,0,10,-0.132,0.0,-0.004
1082,0.0,0.0,0.0,1000.0,0,10,-0.13,0.0,-0.004
1083,0.0,0.0,0.0,1000.0,0,10,-0.128,0.0,-0.004
1084,0.0,0.0,0.0,1000.0,0,10,-0.126,0.0,-0.004
1085,0.0,0.0,0.0,1000.0,0,10,-0.124,0.0,-0.004
1086,0.0,0.0,0.0,1000.0,0,10,-0.122,0.0,-0.004
1087,0.0,0.0,0.0,1000.0,0,10,-0.12,0.0,-0.004
1088,0.0,0.0,0.0,1000.0,0,10,-0.118,0.0,-0.004
1089,0.0,0.0,0.0,1000.0,0,10,-0.11599999999999999,0.0,-0.004
1090,0.0,0.0,0.0,1000.0,0,10,-0.11399999999999999,0.0,-0.004
1091,0.0,0.0,0.0,1000.0,0,10,-0.11199999999999999,0.0,-0.004
1092,0.0,0.0,0.0,1000.0,0,10,-0.10999999999999999,0.0,-0.004
1093,0.0,0.0,0.0,1000.0,0,10,-0.10799999999999998,0.0,-0.004
1094,0.0,0.0,0.0,1000.0,0,10,-0.10600000000000004,0.0,-0.004
1095,0.0,0.0,0.0,1000.0,0,10,-0.10400000000000004,0.0,-0.004
1096,0.0,0.0,0.0,1000.0,0,10,-0.10200000000000004,0.0,-0.004
1097,0.0,0.0,0.0,1000.0,0,10,-0.10000000000000003,0.0,-0.004
1098,0.0,0.0,0.0,1000.0,0,10,-0.09800000000000003,0.0,-0.004
1099,0.0,0.0,0.0,1000.0,0,10,-0.09600000000000003,0.0,-0.004
1100,0.0,0.0,0.0,1000.0,0,10,-0.09400000000000003,0.0,-0.004
1101,0.0,0.0,0.0,1000.0,0,10,-0.09200000000000003,0.0,-0.004
1102,0.0,0.0,0.0,1000.0,0,10,-0.09000000000000002,0.0,-0.004
1103,0.0,0.0,0.0,1000.0,0,10,-0.08800000000000002,0.0,-0.004
1104,0.0,0.0,0.0,1000.0,0,10,-0.08600000000000002,0.0,-0.004
1105,0.0,0.0,0.0,1000.0,0,10,-0.08400000000000002,0.0,-0.004
1106,0.0,0.0,0.0,1000.0,0,10,-0.08200000000000002,0.0,-0.004
1107,0.0,0.0,0.0,1000.0,0,10,-0.08000000000000002,0.0,-0.004
1108,0.0,0.0,0.0,1000.0,0,10,-0.07800000000000001,0.0,-0.004
1109,0.0,0.0,0.0,1000.0,0,10,-0.07600000000000001,0.0,-0.004
1110,0.0,0.0,0.0,1000.0,0,10,-0.07400000000000001,0.0,-0.004
1111,0.0,0.0,0.0,1000.0,0,10,-0.07200000000000001,0.0,-0.004
1112,0.0,0.0,0.0,1000.0,0,10,-0.07,0.0,-0.004
1113,0.0,0.0,0.0,1000.0,0,10,-0.068,0.0,-0.004
1114,0.0,0.0,0.0,1000.0,0,10,-0.066,0.0,-0.004
1115,0.0,0.0,0.0,1000.0,0,10,-0.064,0.0,-0.004
1116,0.0,0.0,0.0,1000.0,0,10,-0.062,0.0,-0.004
1117,0.0,0.0,0.0,1000.0,0,10,-0.06,0.0,-0.004
1118,0.0,0.0,0.0,1000.0,0,10,-0.057999999999999996,0.0,-0.004
1119,0.0,0.0,0.0,1000.0,0,10,-0.055999999999999994,0.0,-0.004
1120,0.0,0.0,0.0,1000.0,0,10,-0.05399999999999999,0.0,-0.004
1121,0.0,0.0,0.0,1000.0,0,10,-0.05199999999999999,0.0,-0.004
1122,0.0,0.0,0.0,1000.0,0,10,-0.04999999999999999,0.0,-0.004
1123,0.0,0.0,0.0,1000.0,0,10,-0.04799999999999999,0.0,-0.004
1124,0.0,0.0,0.0,1000.0,0,10,-0.045999999999999985,0.0,-0.004
1125,0.0,0.0,0.0,1000.0,0,10,-0.043999999999999984,0.0,-0.004
1126,0.0,0.0,0.0,1000.0,0,10,-0.04199999999999998,0.0,-0.004
1127,0.0,0.0,0.0,1000.0,0,10,-0.040000000000000036,0.0,-0.004
1128,0.0,0.0,0.0,1000.0,0,10,-0.038000000000000034,0.0,-0.004
1129,0.0,0.0,0.0,1000.0,0,10,-0.03600000000000003,0.0,-0.004
1130,0.0,0.0,0.0,1000.0,0,10,-0.03400000000000003,0.0,-0.004
1131,0.0,0.0,0.0,1000.0,0,10,-0.03200000000000003,0.0,-0.004
1132,0.0,0.0,0.0,1000.0,0,10,-0.030000000000000027,0.0,-0.004
1133,0.0,0.0,0.0,1000.0,0,10,-0.028000000000000025,0.0,-0.004
1134,0.0,0.0,0.0,1000.0,0,10,-0.026000000000000023,0.0,-0.004
1135,0.0,0.0,0.0,1000.0,0,10,-0.02400000000000002,0.0,-0.004
1136,0.0,0.0,0.0,1000.0,0,10,-0.02200000000000002,0.0,-0.004
1137,0.0,0.0,0.0,1000.0,0,10,-0.020000000000000018,0.0,-0.004
1138,0.0,0.0,0.0,1000.0,0,10,-0.018000000000000016,0.0,-0.004
1139,0.0,0.0,0.0,1000.0,0,10,-0.016000000000000014,0.0,-0.004
1140,0.0,0.0,0.0,1000.0,0,10,-0.014000000000000012,0.0,-0.004
1141,0.0,0.0,0.0,1000.0,0,10,-0.01200000000000001,0.0,-0.004
1142,0.0,0.0,0.0,1000.0,0,10,-0.010000000000000009,0.0,-0.004
1143,0.0,0.0,0.0,1000.0,0,10,-0.008000000000000007,0.0,-0.004
1144,0.0,0.0,0.0,1000.0,0,10,-0.006000000000000005,0.0,-0.004
1145,0.0,0.0,0.0,1000.0,0,10,-0.0040000000000000036,0.0,-0.004
1146,0.0,0.0,0.0,1000.0,0,10,-0.0020000000000000018,0.0,-0.004
1147,0.0,0.0,0.0,1000.0,0,10,0.0,0.0,-0.004
1148,0.0,0.0,0.0,1000.0,0,10,0.0020000000000000018,0.0,-0.004
1149,0.0,0.0,0.0,1000.0,0,10,0.0040000000000000036,0.0,-0.004
1150,0.0,0.0,0.0,1000.0,0,10,0.006000000000000005,0.0,-0.004
1151,0.0,0.0,0.0,1000.0,0,10,0.008000000000000007,0.0,-0.004
1152,0.0,0.0,0.0,1000.0,0,10,0.010000000000000009,0.0,-0.004
1153,0.0,0.0,0.0,1000.0,0,10,0.01200000000000001,0.0,-0.004
1154,0.0,0.0,0.0,1000.0,0,10,0.014000000000000012,0.0,-0.004
1155,0.0,0.0,0.0,1000.0,0,10,0.016000000000000014,0.0,-0.004
1156,0.0,0.0,0.0,1000.0,0,10,0.018000000000000016,0.0,-0.004
1157,0.0,0.0,0.0,1000.0,0,10,0.020000000000000018,0.0,-0.004
1158,0.0,0.0,0.0,1000.0,0,10,0.021999999999999964,0.0,-0.004
1159,0.0,0.0,0.0,1000.0,0,10,0.023999999999999966,0.0,-0.004
1160,0.0,0.0,0.0,1000.0,0,10,0.025999999999999968,0.0,-0.004
1161,0.0,0.0,0.0,1000.0,0,10,0.02799999999999997,0.0,-0.004
1162,0.0,0.0,0.0,1000.0,0,10,0.02999999999999997,0.0,-0.004
1163,0.0,0.0,0.0,1000.0,0,10,0.03199999999999997,0.0,-0.004
1164,0.0,0.0,0.0,1000.0,0,10,0.033999999999999975,0.0,-0.004
1165,0.0,0.0,0.0,1000.0,0,10,0.035999999999999976,0.0,-0.004
1166,0.0,0.0,0.0,1000.0,0,10,0.03799999999999998,0.0,-0.004
1167,0.0,0.0,0.0,1000.0,0,10,0.03999999999999998,0.0,-0.004
1168,0.0,0.0,0.0,1000.0,0,10,0.04199999999999998,0.0,-0.004
1169,0.0,0.0,0.0,1000.0,0,10,0.043999999999999984,0.0,-0.004
1170,0.0,0.0,0.0,1000.0,0,10,0.045999999999999985,0.0,-0.004
1171,0.0,0.0,0.0,1000.0,0,10,0.04799999999999999,0.0,-0.004
1172,0.0,0.0,0.0,1000.0,0,10,0.04999999999999999,0.0,-0.004
1173,0.0,0.0,0.0,1000.0,0,10,0.05199999999999999,0.0,-0.004
1174,0.0,0.0,0.0,1000.0,0,10,0.05399999999999999,0.0,-0.004
1175,0.0,0.0,0.0,1000.0,0,10,0.055999999999999994,0.0,-0.004
1176,0.0,0.0,0.0,1000.0,0,10,0.057999999999999996,0.0,-0.004
1177,0.0,0.0,0.0,1000.0,0,10,0.06,0.0,-0.004
1178,0.0,0.0,0.0,1000.0,0,10,0.062,0.0,-0.004
1179,0.0,0.0,0.0,1000.0,0,10,0.064,0.0,-0.004
1180,0.0,0.0,0.0,1000.0,0,10,0.066,0.0,-0.004
1181,0.0,0.0,0.0,1000.0,0,10,0.068,0.0,-0.004
1182,0.0,0.0,0.0,1000.0,0,10,0.07,0.0,-0.004
1183,0.0,0.0,0.0,1000.0,0,10,0.07200000000000001,0.0,-0.004
1184,0.0,0.0,0.0,1000.0,0,10,0.07400000000000001,0.0,-0.004
1185,0.0,0.0,0.0,1000.0,0,10,0.07600000000000001,0.0,-0.004
1186,0.0,0.0,0.0,1000.0,0,10,0.07800000000000001,0.0,-0.004
1187,0.0,0.0,0.0,1000.0,0,10,0.08000000000000002,0.0,-0.004
1188,0.0,0.0,0.0,1000.0,0,10,0.08200000000000002,0.0,-0.004
1189,0.0,0.0,0.0,1000.0,0,10,0.08400000000000002,0.0,-0.004
1190,0.0,0.0,0.0,1000.0,0,10,0.08600000000000002,0.0,-0.004
1191,0.0,0.0,0.0,1000.0,0,10,0.08800000000000002,0.0,-0.004
1192,0.0,0.0,0.0,1000.0,0,10,0.09000000000000002,0.0,-0.004
1193,0.0,0.0,0.0,1000.0,0,10,0.09200000000000003,0.0,-0.004
1194,0.0,0.0,0.0,1000.0,0,10,0.09400000000000003,0.0,-0.004
1195,0.0,0.0,0.0,1000.0,0,10,0.09600000000000003,0.0,-0.004
1196,0.0,0.0,0.0,1000.0,0,10,0.09800000000000003,0.0,-0.004
1197,0.0,0.0,0.0,1000.0,0,10,0.10000000000000003,0.0,-0.004
1198,0.0,0.0,0.0,1000.0,0,10,0.10200000000000004,0.0,-0.004
1199,0.0,0.0,0.0,1000.0,0,10,0.10400000000000004,0.0,-0.004
1200,0.0,0.0,0.0,1000.0,0,10,0.10600000000000004,0.0,-0.004
1201,0.0,0.0,0.0,1000.0,0,10,0.10800000000000004,0.0,-0.004
1202,0.0,0.0,0.0,1000.0,0,10,0.11000000000000004,0.0,-0.004
1203,0.0,0.0,0.0,1000.0,0,10,0.11200000000000004,0.0,-0.004
1204,0.0,0.0,0.0,1000.0,0,10,0.11400000000000005,0.0,-0.004
1205,0.0,0.0,0.0,1000.0,0,10,0.11600000000000005,0.0,-0.004
1206,0.0,0.0,0.0,1000.0,0,10,0.11800000000000005,0.0,-0.004
1207,0.0,0.0,0.0,1000.0,0,10,0.11999999999999994,0.0,-0.004
1208,0.0,0.0,0.0,1000.0,0,10,0.12199999999999994,0.0,-0.004
1209,0.0,0.0,0.0,1000.0,0,10,0.12399999999999994,0.0,-0.004
1210,0.0,0.0,0.0,1000.0,0,10,0.12599999999999995,0.0,-0.004
1211,0.0,0.0,0.0,1000.0,0,10,0.12799999999999995,0.0,-0.004
1212,0.0,0.0,0.0,1000.0,0,10,0.12999999999999995,0.0,-0.004
1213,0.0,0.0,0.0,1000.0,0,10,0.13199999999999995,0.0,-0.004
1214,0.0,0.0,0.0,1000.0,0,10,0.13399999999999995,0.0,-0.004
1215,0.0,0.0,0.0,1000.0,0,10,0.13599999999999995,0.0,-0.004
1216,0.0,0.0,0.0,1000.0,0,10,0.13799999999999996,0.0,-0.004
1217,0.0,0.0,0.0,1000.0,0,10,0.13999999999999996,0.0,-0.004
1218,0.0,0.0,0.0,1000.0,0,10,0.14199999999999996,0.0,-0.004
1219,0.0,0.0,0.0,1000.0,0,10,0.14399999999999996,0.0,-0.004
1220,0.0,0.0,0.0,1000.0,0,10,0.14599999999999996,0.0,-0.004
1221,0.0,0.0,0.0,1000.0,0,10,0.14799999999999996,0.0,-0.004
1222,0.0,0.0,0.0,1000.0,0,10,0.14999999999999997,0.0,-0.004
1223,0.0,0.0,0.0,1000.0,0,10,0.15199999999999997,0.0,-0.004
1224,0.0,0.0,0.0,1000.0,0,10,0.15399999999999997,0.0,-0.004
1225,0.0,0.0,0.0,1000.0,0,10,0.15599999999999997,0.0,-0.004
1226,0.0,0.0,0.0,1000.0,0,10,0.15799999999999997,0.0,-0.004
1227,0.0,0.0,0.0,1000.0,0,10,0.15999999999999998,0.0,-0.004
1228,0.0,0.0,0.0,1000.0,0,10,0.16199999999999998,0.0,-0.004
1229,0.0,0.0,0.0,1000.0,0,10,0.16399999999999998,0.0,-0.004
1230,0.0,0.0,0.0,1000.0,0,10,0.16599999999999998,0.0,-0.004
1231,0.0,0.0,0.0,1000.0,0,10,0.16799999999999998,0.0,-0.004
1232,0.0,0.0,0.0,1000.0,0,10,0.16999999999999998,0.0,-0.004
1233,0.0,0.0,0.0,1000.0,0,10,0.172,0.0,-0.004
1234,0.0,0.0,0.0,1000.0,0,10,0.174,0.0,-0.004
1235,0.0,0.0,0.0,1000.0,0,10,0.176,0.0,-0.004
1236,0.0,0.0,0.0,1000.0,0,10,0.178,0.0,-0.004
1237,0.0,0.0,0.0,1000.0,0,10,0.18,0.0,-0.004
1238,0.0,0.0,0.0,1000.0,0,10,0.182,0.0,-0.004
1239,0.0,0.0,0.0,1000.0,0,10,0.184,0.0,-0.004
1240,0.0,0.0,0.0,1000.0,0,10,0.186,0.0,-0.004
1241,0.0,0.0,0.0,1000.0,0,10,0.188,0.0,-0.004
1242,0.0,0.0,0.0,1000.0,0,10,0.19,0.0,-0.004
1243,0.0,0.0,0.0,1000.0,0,10,0.192,0.0,-0.004
1244,0.0,0.0,0.0,1000.0,0,10,0.194,0.0,-0.004
1245,0.0,0.0,0.0,1000.0,0,10,0.196,0.0,-0.004
1246,0.0,0.0,0.0,1000.0,0,10,0.198,0.0,-0.004
1247,0.0,0.0,0.0,1000.0,0,10,0.2,0.0,-0.004
1248,0.0,0.0,0.0,1000.0,0,10,0.202,0.0,-0.004
1249,0.0,0.0,0.0,1000.0,0,10,0.20400000000000001,0.0,-0.004
1250,0.0,0.0,0.0,1000.0,0,10,0.20600000000000002,0.0,-0.004
1251,0.0,0.0,0.0,1000.0,0,10,0.20800000000000002,0.0,-0.004
1252,0.0,0.0,0.0,1000.0,0,10,0.21000000000000002,0.0,-0.004
1253,0.0,0.0,0.0,1000.0,0,10,0.21200000000000002,0.0,-0.004
1254,0.0,0.0,0.0,1000.0,0,10,0.21400000000000002,0.0,-0.004
1255,0.0,0.0,0.0,1000.0,0,10,0.21600000000000003,0.0,-0.004
1256,0.0,0.0,0.0,1000.0,0,10,0.21800000000000003,0.0,-0.004
1257,0.0,0.0,0.0,1000.0,0,10,0.22000000000000003,0.0,-0.004
1258,0.0,0.0,0.0,1000.0,0,10,0.22200000000000003,0.0,-0.004
1259,0.0,0.0,0.0,1000.0,0,10,0.22400000000000003,0.0,-0.004
1260,0.0,0.0,0.0,1000.0,0,10,0.22600000000000003,0.0,-0.004
1261,0.0,0.0,0.0,1000.0,0,10,0.22800000000000004,0.0,-0.004
1262,0.0,0.0,0.0,1000.0,0,10,0.23000000000000004,0.0,-0.004
1263,0.0,0.0,0.0,1000.0,0,10,0.23200000000000004,0.0,-0.004
1264,0.0,0.0,0.0,1000.0,0,10,0.23400000000000004,0.0,-0.004
1265,0.0,0.0,0.0,1000.0,0,10,0.23600000000000004,0.0,-0.004
1266,0.0,0.0,0.0,1000.0,0,10,0.23800000000000004,0.0,-0.004
1267,0.0,0.0,0.0,1000.0,0,10,0.24000000000000005,0.0,-0.004
1268,0.0,0.0,0.0,1000.0,0,10,0.24200000000000005,0.0,-0.004
1269,0.0,0.0,0.0,1000.0,0,10,0.24400000000000005,0.0,-0.004
1270,0.0,0.0,0.0,1000.0,0,10,0.24599999999999994,0.0,-0.004
1271,0.0,0.0,0.0,1000.0,0,10,0.24799999999999994,0.0,-0.004
1272,0.0,0.0,0.0,1000.0,0,10,0.24999999999999994,0.0,-0.004
1273,0.0,0.0,0.0,1000.0,0,10,0.25199999999999995,0.0,-0.004
1274,0.0,0.0,0.0,1000.0,0,10,0.25399999999999995,0.0,-0.004
1275,0.0,0.0,0.0,1000.0,0,10,0.25599999999999995,0.0,-0.004
1276,0.0,0.0,0.0,1000.0,0,10,0.25799999999999995,0.0,-0.004
1277,0.0,0.0,0.0,1000.0,0,10,0.25999999999999995,0.0,-0.004
1278,0.0,0.0,0.0,1000.0,0,10,0.26199999999999996,0.0,-0.004
1279,0.0,0.0,0.0,1000.0,0,10,0.26399999999999996,0.0,-0.004
1280,0.0,0.0,0.0,1000.0,0,10,0.26599999999999996,0.0,-0.004
1281,0.0,0.0,0.0,1000.0,0,10,0.26799999999999996,0.0,-0.004
1282,0.0,0.0,0.0,1000.0,0,10,0.26999999999999996,0.0,-0.004
1283,0.0,0.0,0.0,1000.0,0,10,0.27199999999999996,0.0,-0.004
1284,0.0,0.0,0.0,1000.0,0,10,0.27399999999999997,0.0,-0.004
1285,0.0,0.0,0.0,1000.0,0,10,0.27599999999999997,0.0,-0.004
1286,0.0,0.0,0.0,1000.0,0,10,0.27799999999999997,0.0,-0.004
1287,0.0,0.0,0.0,1000.0,0,10,0.27999999999999997,0.0,-0.004
1288,0.0,0.0,0.0,1000.0,0,10,0.282,0.0,-0.004
1289,0.0,0.0,0.0,1000.0,0,10,0.284,0.0,-0.004
1290,0.0,0.0,0.0,1000.0,0,10,0.286,0.0,-0.004
1291,0.0,0.0,0.0,1000.0,0,10,0.288,0.0,-0.004
1292,0.0,0.0,0.0,1000.0,0,10,0.29,0.0,-0.004
1293,0.0,0.0,0.0,1000.0,0,10,0.292,0.0,-0.004
1294,0.0,0.0,0.0,1000.0,0,10,0.294,0.0,-0.004
1295,0.0,0.0,0.0,1000.0,0,10,0.296,0.0,-0.004
1296,0.0,0.0,0.0,1000.0,0,10,0.298,0.0,-0.004
1297,0.0,0.0,0.0,1000.0,0,10,0.3,0.0,-0.004
1298,0.0,0.0,0.0,1000.0,0,10,0.302,0.0,-0.004
1299,0.0,0.0,0.0,1000.0,0,10,0.304,0.0,-0.004
1300,0.0,0.0,0.0,1000.0,0,10,0.306,0.0,-0.004
1301,0.0,0.0,0.0,1000.0,0,10,0.308,0.0,-0.004
1302,0.0,0.0,0.0,1000.0,0,10,0.31,0.0,-0.004
1303,0.0,0.0,0.0,1000.0,0,10,0.312,0.0,-0.004
1304,0.0,0.0,0.0,1000.0,0,10,0.314,0.0,-0.004
1305,0.0,0.0,0.0,1000.0,0,10,0.316,0.0,-0.004
1306,0.0,0.0,0.0,1000.0,0,10,0.318,0.0,-0.004
1307,0.0,0.0,0.0,1000.0,0,10,0.32,0.0,-0.004
1308,0.0,0.0,0.0,1000.0,0,10,0.322,0.0,-0.004
1309,0.0,0.0,0.0,1000.0,0,10,0.324,0.0,-0.004
1310,0.0,0.0,0.0,1000.0,0,10,0.326,0.0,-0.004
1311,0.0,0.0,0.0,1000.0,0,10,0.328,0.0,-0.004
1312,0.0,0.0,0.0,1000.0,0,10,0.33,0.0,-0.004
1313,0.0,0.0,0.0,1000.0,0,10,0.332,0.0,-0.004
1314,0.0,0.0,0.0,1000.0,0,10,0.334,0.0,-0.004
1315,0.0,0.0,0.0,1000.0,0,10,0.336,0.0,-0.004
1316,0.0,0.0,0.0,1000.0,0,10,0.338,0.0,-0.004
1317,0.0,0.0,0.0,1000.0,0,10,0.34,0.0,-0.004
1318,0.0,0.0,0.0,1000.0,0,10,0.342,0.0,-0.004
1319,0.0,0.0,0.0,1000.0,0,10,0.34400000000000003,0.0,-0.004
1320,0.0,0.0,0.0,1000.0,0,10,0.34600000000000003,0.0,-0.004
1321,0.0,0.0,0.0,1000.0,0,10,0.34800000000000003,0.0,-0.004
1322,0.0,0.0,0.0,1000.0,0,10,0.35000000000000003,0.0,-0.004
1323,0.0,0.0,0.0,1000.0,0,10,0.35200000000000004,0.0,-0.004
1324,0.0,0.0,0.0,1000.0,0,10,0.35400000000000004,0.0,-0.004
1325,0.0,0.0,0.0,1000.0,0,10,0.35600000000000004,0.0,-0.004
1326,0.0,0.0,0.0,1000.0,0,10,0.35800000000000004,0.0,-0.004
1327,0.0,0.0,0.0,1000.0,0,10,0.36000000000000004,0.0,-0.004
1328,0.0,0.0,0.0,1000.0,0,10,0.36200000000000004,0.0,-0.004
1329,0.0,0.0,0.0,1000.0,0,10,0.36400000000000005,0.0,-0.004
1330,0.0,0.0,0.0,1000.0,0,10,0.36600000000000005,0.0,-0.004
1331,0.0,0.0,0.0,1000.0,0,10,0.36800000000000005,0.0,-0.004
1332,0.0,0.0,0.0,1000.0,0,10,0.37000000000000005,0.0,-0.004
1333,0.0,0.0,0.0,1000.0,0,10,0.37200000000000005,0.0,-0.004
1334,0.0,0.0,0.0,1000.0,0,10,0.37400000000000005,0.0,-0.004
1335,0.0,0.0,0.0,1000.0,0,10,0.37599999999999995,0.0,-0.004
1336,0.0,0.0,0.0,1000.0,0,10,0.37799999999999995,0.0,-0.004
1337,0.0,0.0,0.0,1000.0,0,10,0.37999999999999995,0.0,-0.004
1338,0.0,0.0,0.0,1000.0,0,10,0.38199999999999995,0.0,-0.004
1339,0.0,0.0,0.0,1000.0,0,10,0.38399999999999995,0.0,-0.004
1340,0.0,0.0,0.0,1000.0,0,10,0.38599999999999995,0.0,-0.004
1341,0.0,0.0,0.0,1000.0,0,10,0.38799999999999996,0.0,-0.004
1342,0.0,0.0,0.0,1000.0,0,10,0.38999999999999996,0.0,-0.004
1343,0.0,0.0,0.0,1000.0,0,10,0.39199999999999996,0.0,-0.004
1344,0.0,0.0,0.0,1000.0,0,10,0.39399999999999996,0.0,-0.004
1345,0.0,0.0,0.0,1000.0,0,10,0.39599999999999996,0.0,-0.004
1346,0.0,0.0,0.0,1000.0,0,10,0.39799999999999996,0.0,-0.004
1347,0.0,0.0,0.0,1000.0,0,10,0.39999999999999997,0.0,-0.004
1348,0.0,0.0,0.0,1000.0,0,10,0.40199999999999997,0.0,-0.004
1349,0.0,0.0,0.0,1000.0,0,10,0.40399999999999997,0.0,-0.004
1350,0.0,0.0,0.0,1000.0,0,10,0.40599999999999997,0.0,-0.004
1351,0.0,0.0,0.0,1000.0,0,10,0.408,0.0,-0.004
1352,0.0,0.0,0.0,1000.0,0,10,0.41,0.0,-0.004
1353,0.0,0.0,0.0,1000.0,0,10,0.412,0.0,-0.004
1354,0.0,0.0,0.0,1000.0,0,10,0.414,0.0,-0.004
1355,0.0,0.0,0.0,1000.0,0,10,0.416,0.0,-0.004
1356,0.0,0.0,0.0,1000.0,0,10,0.418,0.0,-0.004
1357,0.0,0.0,0.0,1000.0,0,10,0.42,0.0,-0.004
1358,0.0,0.0,0.0,1000.0,0,10,0.422,0.0,-0.004
1359,0.0,0.0,0.0,1000.0,0,10,0.424,0.0,-0.004
1360,0.0,0.0,0.0,1000.0,0,10,0.426,0.0,-0.004
1361,0.0,0.0,0.0,1000.0,0,10,0.428,0.0,-0.004
1362,0.0,0.0,0.0,1000.0,0,10,0.43,0.0,-0.004
1363,0.0,0.0,0.0,1000.0,0,10,0.432,0.0,-0.004
1364,0.0,0.0,0.0,1000.0,0,10,0.434,0.0,-0.004
1365,0.0,0.0,0.0,1000.0,0,10,0.436,0.0,-0.004
1366,0.0,0.0,0.0,1000.0,0,10,0.438,0.0,-0.004
1367,0.0,0.0,0.0,1000.0,0,10,0.44,0.0,-0.004
1368,0.0,0.0,0.0,1000.0,0,10,0.442,0.0,-0.004
1369,0.0,0.0,0.0,1000.0,0,10,0.444,0.0,-0.004
1370,0.0,0.0,0.0,1000.0,0,10,0.446,0.0,-0.004
1371,0.0,0.0,0.0,1000.0,0,10,0.448,0.0,-0.004
1372,0.0,0.0,0.0,1000.0,0,10,0.45,0.0,-0.004
1373,0.0,0.0,0.0,1000.0,0,10,0.452,0.0,-0.004
1374,0.0,0.0,0.0,1000.0,0,10,0.454,0.0,-0.004
1375,0.0,0.0,0.0,1000.0,0,10,0.456,0.0,-0.004
1376,0.0,0.0,0.0,1000.0,0,10,0.458,0.0,-0.004
1377,0.0,0.0,0.0,1000.0,0,10,-0.458,0.0,-0.002
1378,0.0,0.0,0.0,1000.0,0,10,-0.456,0.0,-0.002
1379,0.0,0.0,0.0,1000.0,0,10,-0.454,0.0,-0.002
1380,0.0,0.0,0.0,1000.0,0,10,-0.452,0.0,-0.002
1381,0.0,0.0,0.0,1000.0,0,10,-0.45,0.0,-0.002
1382,0.0,0.0,0.0,1000.0,0,10,-0.448,0.0,-0.002
1383,0.0,0.0,0.0,1000.0,0,10,-0.446,0.0,-0.002
1384,0.0,0.0,0.0,1000.0,0,10,-0.444,0.0,-0.002
1385,0.0,0.0,0.0,1000.0,0,10,-0.442,0.0,-0.002
1386,0.0,0.0,0.0,1000.0,0,10,-0.44,0.0,-0.002
1387,0.0,0.0,0.0,1000.0,0,10,-0.438,0.0,-0.002
1388,0.0,0.0,0.0,1000.0,0,10,-0.436,0.0,-0.002
1389,0.0,0.0,0.0,1000.0,0,10,-0.434,0.0,-0.002
1390,0.0,0.0,0.0,1000.0,0,10,-0.432,0.0,-0.002
1391,0.0,0.0,0.0,1000.0,0,10,-0.43,0.0,-0.002
1392,0.0,0.0,0.0,1000.0,0,10,-0.42800000000000005,0.0,-0.002
1393,0.0,0.0,0.0,1000.0,0,10,-0.42600000000000005,0.0,-0.002
1394,0.0,0.0,0.0,1000.0,0,10,-0.42400000000000004,0.0,-0.002
1395,0.0,0.0,0.0,1000.0,0,10,-0.42200000000000004,0.0,-0.002
1396,0.0,0.0,0.0,1000.0,0,10,-0.42000000000000004,0.0,-0.002
1397,0.0,0.0,0.0,1000.0,0,10,-0.41800000000000004,0.0,-0.002
1398,0.0,0.0,0.0,1000.0,0,10,-0.41600000000000004,0.0,-0.002
1399,0.0,0.0,0.0,1000.0,0,10,-0.41400000000000003,0.0,-0.002
1400,0.0,0.0,0.0,1000.0,0,10,-0.41200000000000003,0.0,-0.002
1401,0.0,0.0,0.0,1000.0,0,10,-0.41000000000000003,0.0,-0.002
1402,0.0,0.0,0.0,1000.0,0,10,-0.40800000000000003,0.0,-0.002
1403,0.0,0.0,0.0,1000.0,0,10,-0.406,0.0,-0.002
1404,0.0,0.0,0.0,1000.0,0,10,-0.404,0.0,-0.002
1405,0.0,0.0,0.0,1000.0,0,10,-0.402,0.0,-0.002
1406,0.0,0.0,0.0,1000.0,0,10,-0.4,0.0,-0.002
1407,0.0,0.0,0.0,1000.0,0,10,-0.398,0.0,-0.002
1408,0.0,0.0,0.0,1000.0,0,10,-0.396,0.0,-0.002
1409,0.0,0.0,0.0,1000.0,0,10,-0.394,0.0,-0.002
1410,0.0,0.0,0.0,1000.0,0,10,-0.392,0.0,-0.002
1411,0.0,0.0,0.0,1000.0,0,10,-0.39,0.0,-0.002
1412,0.0,0.0,0.0,1000.0,0,10,-0.388,0.0,-0.002
1413,0.0,0.0,0.0,1000.0,0,10,-0.386,0.0,-0.002
1414,0.0,0.0,0.0,1000.0,0,10,-0.384,0.0,-0.002
1415,0.0,0.0,0.0,1000.0,0,10,-0.382,0.0,-0.002
1416,0.0,0.0,0.0,1000.0,0,10,-0.38,0.0,-0.002
1417,0.0,0.0,0.0,1000.0,0,10,-0.378,0.0,-0.002
1418,0.0,0.0,0.0,1000.0,0,10,-0.376,0.0,-0.002
1419,0.0,0.0,0.0,1000.0,0,10,-0.374,0.0,-0.002
1420,0.0,0.0,0.0,1000.0,0,10,-0.372,0.0,-0.002
1421,0.0,0.0,0.0,1000.0,0,10,-0.37,0.0,-0.002
1422,0.0,0.0,0.0,1000.0,0,10,-0.368,0.0,-0.002
1423,0.0,0.0,0.0,1000.0,0,10,-0.366,0.0,-0.002
1424,0.0,0.0,0.0,1000.0,0,10,-0.364,0.0,-0.002
1425,0.0,0.0,0.0,1000.0,0,10,-0.362,0.0,-0.002
1426,0.0,0.0,0.0,1000.0,0,10,-0.36,0.0,-0.002
1427,0.0,0.0,0.0,1000.0,0,10,-0.358,0.0,-0.002
1428,0.0,0.0,0.0,1000.0,0,10,-0.356,0.0,-0.002
1429,0.0,0.0,0.0,1000.0,0,10,-0.354,0.0,-0.002
1430,0.0,0.0,0.0,1000.0,0,10,-0.35200000000000004,0.0,-0.002
1431,0.0,0.0,0.0,1000.0,0,10,-0.35000000000000003,0.0,-0.002
1432,0.0,0.0,0.0,1000.0,0,10,-0.34800000000000003,0.0,-0.002
1433,0.0,0.0,0.0,1000.0,0,10,-0.34600000000000003,0.0,-0.002
1434,0.0,0.0,0.0,1000.0,0,10,-0.34400000000000003,0.0,-0.002
1435,0.0,0.0,0.0,1000.0,0,10,-0.342,0.0,-0.002
1436,0.0,0.0,0.0,1000.0,0,10,-0.34,0.0,-0.002
1437,0.0,0.0,0.0,1000.0,0,10,-0.338,0.0,-0.002
1438,0.0,0.0,0.0,1000.0,0,10,-0.336,0.0,-0.002
1439,0.0,0.0,0.0,1000.0,0,10,-0.334,0.0,-0.002
1440,0.0,0.0,0.0,1000.0,0,10,-0.332,0.0,-0.002
1441,0.0,0.0,0.0,1000.0,0,10,-0.33,0.0,-0.002
1442,0.0,0.0,0.0,1000.0,0,10,-0.328,0.0,-0.002
1443,0.0,0.0,0.0,1000.0,0,10,-0.326,0.0,-0.002
1444,0.0,0.0,0.0,1000.0,0,10,-0.324,0.0,-0.002
1445,0.0,0.0,0.0,1000.0,0,10,-0.322,0.0,-0.002
1446,0.0,0.0,0.0,1000.0,0,10,-0.32,0.0,-0.002
1447,0.0,0.0,0.0,1000.0,0,10,-0.318,0.0,-0.002
1448,0.0,0.0,0.0,1000.0,0,10,-0.316,0.0,-0.002
1449,0.0,0.0,0.0,1000.0,0,10,-0.314,0.0,-0.002
1450,0.0,0.0,0.0,1000.0,0,10,-0.31200000000000006,0.0,-0.002
1451,0.0,0.0,0.0,1000.0,0,10,-0.31000000000000005,0.0,-0.002
1452,0.0,0.0,0.0,1000.0,0,10,-0.30800000000000005,0.0,-0.002
1453,0.0,0.0,0.0,1000.0,0,10,-0.30600000000000005,0.0,-0.002
1454,0.0,0.0,0.0,1000.0,0,10,-0.30400000000000005,0.0,-0.002
1455,0.0,0.0,0.0,1000.0,0,10,-0.30200000000000005,0.0,-0.002
1456,0.0,0.0,0.0,1000.0,0,10,-0.30000000000000004,0.0,-0.002
1457,0.0,0.0,0.0,1000.0,0,10,-0.29800000000000004,0.0,-0.002
1458,0.0,0.0,0.0,1000.0,0,10,-0.29600000000000004,0.0,-0.002
1459,0.0,0.0,0.0,1000.0,0,10,-0.29400000000000004,0.0,-0.002
1460,0.0,0.0,0.0,1000.0,0,10,-0.29200000000000004,0.0,-0.002
1461,0.0,0.0,0.0,1000.0,0,10,-0.29000000000000004,0.0,-0.002
1462,0.0,0.0,0.0,1000.0,0,10,-0.28800000000000003,0.0,-0.002
1463,0.0,0.0,0.0,1000.0,0,10,-0.28600000000000003,0.0,-0.002
1464,0.0,0.0,0.0,1000.0,0,10,-0.28400000000000003,0.0,-0.002
1465,0.0,0.0,0.0,1000.0,0,10,-0.28200000000000003,0.0,-0.002
1466,0.0,0.0,0.0,1000.0,0,10,-0.28,0.0,-0.002
1467,0.0,0.0,0.0,1000.0,0,10,-0.278,0.0,-0.002
1468,0.0,0.0,0.0,1000.0,0,10,-0.276,0.0,-0.002
1469,0.0,0.0,0.0,1000.0,0,10,-0.274,0.0,-0.002
1470,0.0,0.0,0.0,1000.0,0,10,-0.272,0.0,-0.002
1471,0.0,0.0,0.0,1000.0,0,10,-0.27,0.0,-0.002
1472,0.0,0.0,0.0,1000.0,0,10,-0.268,0.0,-0.002
1473,0.0,0.0,0.0,1000.0,0,10,-0.266,0.0,-0.002
1474,0.0,0.0,0.0,1000.0,0,10,-0.264,0.0,-0.002
1475,0.0,0.0,0.0,1000.0,0,10,-0.262,0.0,-0.002
1476,0.0,0.0,0.0,1000.0,0,10,-0.26,0.0,-0.002
1477,0.0,0.0,0.0,1000.0,0,10,-0.258,0.0,-0.002
1478,0.0,0.0,0.0,1000.0,0,10,-0.256,0.0,-0.002
1479,0.0,0.0,0.0,1000.0,0,10,-0.254,0.0,-0.002
1480,0.0,0.0,0.0,1000.0,0,10,-0.252,0.0,-0.002
1481,0.0,0.0,0.0,1000.0,0,10,-0.25,0.0,-0.002
1482,0.0,0.0,0.0,1000.0,0,10,-0.24800000000000003,0.0,-0.002
1483,0.0,0.0,0.0,1000.0,0,10,-0.24600000000000002,0.0,-0.002
1484,0.0,0.0,0.0,1000.0,0,10,-0.24400000000000002,0.0,-0.002
1485,0.0,0.0,0.0,1000.0,0,10,-0.24200000000000002,0.0,-0.002
1486,0.0,0.0,0.0,1000.0,0,10,-0.24000000000000002,0.0,-0.002
1487,0.0,0.0,0.0,1000.0,0,10,-0.23800000000000002,0.0,-0.002
1488,0.0,0.0,0.0,1000.0,0,10,-0.23600000000000002,0.0,-0.002
1489,0.0,0.0,0.0,1000.0,0,10,-0.234,0.0,-0.002
1490,0.0,0.0,0.0,1000.0,0,10,-0.232,0.0,-0.002
1491,0.0,0.0,0.0,1000.0,0,10,-0.23,0.0,-0.002
1492,0.0,0.0,0.0,1000.0,0,10,-0.228,0.0,-0.002
1493,0.0,0.0,0.0,1000.0,0,10,-0.226,0.0,-0.002
1494,0.0,0.0,0.0,1000.0,0,10,-0.224,0.0,-0.002
1495,0.0,0.0,0.0,1000.0,0,10,-0.222,0.0,-0.002
1496,0.0,0.0,0.0,1000.0,0,10,-0.22,0.0,-0.002
1497,0.0,0.0,0.0,1000.0,0,10,-0.21800000000000003,0.0,-0.002
1498,0.0,0.0,0.0,1000.0,0,10,-0.21600000000000003,0.0,-0.002
1499,0.0,0.0,0.0,1000.0,0,10,-0.21400000000000002,0.0,-0.002
1500,0.0,0.0,0.0,1000.0,0,10,-0.21200000000000002,0.0,-0.002
1501,0.0,0.0,0.0,1000.0,0,10,-0.21000000000000002,0.0,-0.002
1502,0.0,0.0,0.0,1000.0,0,10,-0.20800000000000002,0.0,-0.002
1503,0.0,0.0,0.0,1000.0,0,10,-0.20600000000000002,0.0,-0.002
1504,0.0,0.0,0.0,1000.0,0,10,-0.20400000000000001,0.0,-0.002
1505,0.0,0.0,0.0,1000.0,0,10,-0.202,0.0,-0.002
1506,0.0,0.0,0.0,1000.0,0,10,-0.2,0.0,-0.002
1507,0.0,0.0,0.0,1000.0,0,10,-0.198,0.0,-0.002
1508,0.0,0.0,0.0,1000.0,0,10,-0.196,0.0,-0.002
1509,0.0,0.0,0.0,1000.0,0,10,-0.194,0.0,-0.002
1510,0.0,0.0,0.0,1000.0,0,10,-0.192,0.0,-0.002
1511,0.0,0.0,0.0,1000.0,0,10,-0.19,0.0,-0.002
1512,0.0,0.0,0.0,1000.0,0,10,-0.188,0.0,-0.002
1513,0.0,0.0,0.0,1000.0,0,10,-0.186,0.0,-0.002
1514,0.0,0.0,0.0,1000.0,0,10,-0.184,0.0,-0.002
1515,0.0,0.0,0.0,1000.0,0,10,-0.182,0.0,-0.002
1516,0.0,0.0,0.0,1000.0,0,10,-0.18,0.0,-0.002
1517,0.0,0.0,0.0,1000.0,0,10,-0.178,0.0,-0.002
1518,0.0,0.0,0.0,1000.0,0,10,-0.176,0.0,-0.002
1519,0.0,0.0,0.0,1000.0,0,10,-0.174,0.0,-0.002
1520,0.0,0.0,0.0,1000.0,0,10,-0.172,0.0,-0.002
1521,0.0,0.0,0.0,1000.0,0,10,-0.16999999999999998,0.0,-0.002
1522,0.0,0.0,0.0,1000.0,0,10,-0.16800000000000004,0.0,-0.002
1523,0.0,0.0,0.0,1000.0,0,10,-0.16600000000000004,0.0,-0.002
1524,0.0,0.0,0.0,1000.0,0,10,-0.16400000000000003,0.0,-0.002
1525,0.0,0.0,0.0,1000.0,0,10,-0.16200000000000003,0.0,-0.002
1526,0.0,0.0,0.0,1000.0,0,10,-0.16000000000000003,0.0,-0.002
1527,0.0,0.0,0.0,1000.0,0,10,-0.15800000000000003,0.0,-0.002
1528,0.0,0.0,0.0,1000.0,0,10,-0.15600000000000003,0.0,-0.002
1529,0.0,0.0,0.0,1000.0,0,10,-0.15400000000000003,0.0,-0.002
1530,0.0,0.0,0.0,1000.0,0,10,-0.15200000000000002,0.0,-0.002
1531,0.0,0.0,0.0,1000.0,0,10,-0.15000000000000002,0.0,-0.002
1532,0.0,0.0,0.0,1000.0,0,10,-0.14800000000000002,0.0,-0.002
1533,0.0,0.0,0.0,1000.0,0,10,-0.14600000000000002,0.0,-0.002
1534,0.0,0.0,0.0,1000.0,0,10,-0.14400000000000002,0.0,-0.002
1535,0.0,0.0,0.0,1000.0,0,10,-0.14200000000000002,0.0,-0.002
1536,0.0,0.0,0.0,1000.0,0,10,-0.14,0.0,-0.002
1537,0.0,0.0,0.0,1000.0,0,10,-0.138,0.0,-0.002
1538,0.0,0.0,0.0,1000.0,0,10,-0.136,0.0,-0.002
1539,0.0,0.0,0.0,1000.0,0,10,-0.134,0.0,-0.002
1540,0.0,0.0,0.0,1000.0,0,10,-0.132,0.0,-0.002
1541,0.0,0.0,0.0,1000.0,0,10,-0.13,0.0,-0.002
1542,0.0,0.0,0.0,1000.0,0,10,-0.128,0.0,-0.002
1543,0.0,0.0,0.0,1000.0,0,10,-0.126,0.0,-0.002
1544,0.0,0.0,0.0,1000.0,0,10,-0.124,0.0,-0.002
1545,0.0,0.0,0.0,1000.0,0,10,-0.122,0.0,-0.002
1546,0.0,0.0,0.0,1000.0,0,10,-0.12,0.0,-0.002
1547,0.0,0.0,0.0,1000.0,0,10,-0.118,0.0,-0.002
1548,0.0,0.0,0.0,1000.0,0,10,-0.11599999999999999,0.0,-0.002
1549,0.0,0.0,0.0,1000.0,0,10,-0.11399999999999999,0.0,-0.002
1550,0.0,0.0,0.0,1000.0,0,10,-0.11199999999999999,0.0,-0.002
1551,0.0,0.0,0.0,1000.0,0,10,-0.10999999999999999,0.0,-0.002
1552,0.0,0.0,0.0,1000.0,0,10,-0.10799999999999998,0.0,-0.002
1553,0.0,0.0,0.0,1000.0,0,10,-0.10600000000000004,0.0,-0.002
1554,0.0,0.0,0.0,1000.0,0,10,-0.10400000000000004,0.0,-0.002
1555,0.0,0.0,0.0,1000.0,0,10,-0.10200000000000004,0.0,-0.002
1556,0.0,0.0,0.0,1000.0,0,10,-0.10000000000000003,0.0,-0.002
1557,0.0,0.0,0.0,1000.0,0,10,-0.09800000000000003,0.0,-0.002
1558,0.0,0.0,0.0,1000.0,0,10,-0.09600000000000003,0.0,-0.002
1559,0.0,0.0,0.0,1000.0,0,10,-0.09400000000000003,0.0,-0.002
1560,0.0,0.0,0.0,1000.0,0,10,-0.09200000000000003,0.0,-0.002
1561,0.0,0.0,0.0,1000.0,0,10,-0.09000000000000002,0.0,-0.002
1562,0.0,0.0,0.0,1000.0,0,10,-0.08800000000000002,0.0,-0.002
1563,0.0,0.0,0.0,1000.0,0,10,-0.08600000000000002,0.0,-0.002
1564,0.0,0.0,0.0,1000.0,0,10,-0.08400000000000002,0.0,-0.002
1565,0.0,0.0,0.0,1000.0,0,10,-0.08200000000000002,0.0,-0.002
1566,0.0,0.0,0.0,1000.0,0,10,-0.08000000000000002,0.0,-0.002
1567,0.0,0.0,0.0,1000.0,0,10,-0.07800000000000001,0.0,-0.002
1568,0.0,0.0,0.0,1000.0,0,10,-0.07600000000000001,0.0,-0.002
1569,0.0,0.0,0.0,1000.0,0,10,-0.07400000000000001,0.0,-0.002
1570,0.0,0.0,0.0,1000.0,0,10,-0.07200000000000001,0.0,-0.002
1571,0.0,0.0,0.0,1000.0,0,10,-0.07,0.0,-0.002
1572,0.0,0.0,0.0,1000.0,0,10,-0.068,0.0,-0.002
1573,0.0,0.0,0.0,1000.0,0,10,-0.066,0.0,-0.002
1574,0.0,0.0,0.0,1000.0,0,10,-0.064,0.0,-0.002
1575,0.0,0.0,0.0,1000.0,0,10,-0.062,0.0,-0.002
1576,0.0,0.0,0.0,1000.0,0,10,-0.06,0.0,-0.002
1577,0.0,0.0,0.0,1000.0,0,10,-0.057999999999999996,0.0,-0.002
1578,0.0,0.0,0.0,1000.0,0,10,-0.055999999999999994,0.0,-0.002
1579,0.0,0.0,0.0,1000.0,0,10,-0.05399999999999999,0.0,-0.002
1580,0.0,0.0,0.0,1000.0,0,10,-0.05199999999999999,0.0,-0.002
1581,0.0,0.0,0.0,1000.0,0,10,-0.04999999999999999,0.0,-0.002
1582,0.0,0.0,0.0,1000.0,0,10,-0.04799999999999999,0.0,-0.002
1583,0.0,0.0,0.0,1000.0,0,10,-0.045999999999999985,0.0,-0.002
1584,0.0,0.0,0.0,1000.0,0,10,-0.043999999999999984,0.0,-0.002
1585,0.0,0.0,0.0,1000.0,0,10,-0.04199999999999998,0.0,-0.002
1586,0.0,0.0,0.0,1000.0,0,10,-0.040000000000000036,0.0,-0.002
1587,0.0,0.0,0.0,1000.0,0,10,-0.038000000000000034,0.0,-0.002
1588,0.0,0.0,0.0,1000.0,0,10,-0.03600000000000003,0.0,-0.002
1589,0.0,0.0,0.0,1000.0,0,10,-0.03400000000000003,0.0,-0.002
1590,0.0,0.0,0.0,1000.0,0,10,-0.03200000000000003,0.0,-0.002
1591,0.0,0.0,0.0,1000.0,0,10,-0.030000000000000027,0.0,-0.002
1592,0.0,0.0,0.0,1000.0,0,10,-0.028000000000000025,0.0,-0.002
1593,0.0,0.0,0.0,1000.0,0,10,-0.026000000000000023,0.0,-0.002
1594,0.0,0.0,0.0,1000.0,0,10,-0.02400000000000002,0.0,-0.002
1595,0.0,0.0,0.0,1000.0,0,10,-0.02200000000000002,0.0,-0.002
1596,0.0,0.0,0.0,1000.0,0,10,-0.020000000000000018,0.0,-0.002
1597,0.0,0.0,0.0,1000.0,0,10,-0.018000000000000016,0.0,-0.002
1598,0.0,0.0,0.0,1000.0,0,10,-0.016000000000000014,0.0,-0.002
1599,0.0,0.0,0.0,1000.0,0,10,-0.014000000000000012,0.0,-0.002
1600,0.0,0.0,0.0,1000.0,0,10,-0.01200000000000001,0.0,-0.002
1601,0.0,0.0,0.0,1000.0,0,10,-0.010000000000000009,0.0,-0.002
1602,0.0,0.0,0.0,1000.0,0,10,-0.008000000000000007,0.0,-0.002
1603,0.0,0.0,0.0,1000.0,0,10,-0.006000000000000005,0.0,-0.002
1604,0.0,0.0,0.0,1000.0,0,10,-0.0040000000000000036,0.0,-0.002
1605,0.0,0.0,0.0,1000.0,0,10,-0.0020000000000000018,0.0,-0.002
1606,0.0,0.0,0.0,1000.0,0,10,0.0,0.0,-0.002
1607,0.0,0.0,0.0,1000.0,0,10,0.0020000000000000018,0.0,-0.002
1608,0.0,0.0,0.0,1000.0,0,10,0.0040000000000000036,0.0,-0.002
1609,0.0,0.0,0.0,1000.0,0,10,0.006000000000000005,0.0,-0.002
1610,0.0,0.0,0.0,1000.0,0,10,0.008000000000000007,0.0,-0.002
1611,0.0,0.0,0.0,1000.0,0,10,0.010000000000000009,0.0,-0.002
1612,0.0,0.0,0.0,1000.0,0,10,0.01200000000000001,0.0,-0.002
1613,0.0,0.0,0.0,1000.0,0,10,0.014000000000000012,0.0,-0.002
1614,0.0,0.0,0.0,1000.0,0,10,0.016000000000000014,0.0,-0.002
1615,0.0,0.0,0.0,1000.0,0,10,0.018000000000000016,0.0,-0.002
1616,0.0,0.0,0.0,1000.0,0,10,0.020000000000000018,0.0,-0.002
1617,0.0,0.0,0.0,1000.0,0,10,0.021999999999999964,0.0,-0.002
1618,0.0,0.0,0.0,1000.0,0,10,0.023999999999999966,0.0,-0.002
1619,0.0,0.0,0.0,1000.0,0,10,0.025999999999999968,0.0,-0.002
1620,0.0,0.0,0.0,1000.0,0,10,0.02799999999999997,0.0,-0.002
1621,0.0,0.0,0.0,1000.0,0,10,0.02999999999999997,0.0,-0.002
1622,0.0,0.0,0.0,1000.0,0,10,0.03199999999999997,0.0,-0.002
1623,0.0,0.0,0.0,1000.0,0,10,0.033999999999999975,0.0,-0.002
1624,0.0,0.0,0.0,1000.0,0,10,0.035999999999999976,0.0,-0.002
1625,0.0,0.0,0.0,1000.0,0,10,0.03799999999999998,0.0,-0.002
1626,0.0,0.0,0.0,1000.0,0,10,0.03999999999999998,0.0,-0.002
1627,0.0,0.0,0.0,1000.0,0,10,0.04199999999999998,0.0,-0.002
1628,0.0,0.0,0.0,1000.0,0,10,0.043999999999999984,0.0,-0.002
1629,0.0,0.0,0.0,1000.0,0,10,0.045999999999999985,0.0,-0.002
1630,0.0,0.0,0.0,1000.0,0,10,0.04799999999999999,0.0,-0.002
1631,0.0,0.0,0.0,1000.0,0,10,0.04999999999999999,0.0,-0.002
1632,0.0,0.0,0.0,1000.0,0,10,0.05199999999999999,0.0,-0.002
1633,0.0,0.0,0.0,1000.0,0,10,0.05399999999999999,0.0,-0.002
1634,0.0,0.0,0.0,1000.0,0,10,0.055999999999999994,0.0,-0.002
1635,0.0,0.0,0.0,1000.0,0,10,0.057999999999999996,0.0,-0.002
1636,0.0,0.0,0.0,1000.0,0,10,0.06,0.0,-0.002
1637,0.0,0.0,0.0,1000.0,0,10,0.062,0.0,-0.002
1638,0.0,0.0,0.0,1000.0,0,10,0.064,0.0,-0.002
1639,0.0,0.0,0.0,1000.0,0,10,0.066,0.0,-0.002
1640,0.0,0.0,0.0,1000.0,0,10,0.068,0.0,-0.002
1641,0.0,0.0,0.0,1000.0,0,10,0.07,0.0,-0.002
1642,0.0,0.0,0.0,1000.0,0,10,0.07200000000000001,0.0,-0.002
1643,0.0,0.0,0.0,1000.0,0,10,0.07400000000000001,0.0,-0.002
1644,0.0,0.0,0.0,1000.0,0,10,0.07600000000000001,0.0,-0.002
1645,0.0,0.0,0.0,1000.0,0,10,0.07800000000000001,0.0,-0.002
1646,0.0,0.0,0.0,1000.0,0,10,0.08000000000000002,0.0,-0.002
1647,0.0,0.0,0.0,1000.0,0,10,0.08200000000000002,0.0,-0.002
1648,0.0,0.0,0.0,1000.0,0,10,0.08400000000000002,0.0,-0.002
1649,0.0,0.0,0.0,1000.0,0,10,0.08600000000000002,0.0,-0.002
1650,0.0,0.0,0.0,1000.0,0,10,0.08800000000000002,0.0,-0.002
1651,0.0,0.0,0.0,1000.0,0,10,0.09000000000000002,0.0,-0.002
1652,0.0,0.0,0.0,1000.0,0,10,0.09200000000000003,0.0,-0.002
1653,0.0,0.0,0.0,1000.0,0,10,0.09400000000000003,0.0,-0.002
1654,0.0,0.0,0.0,1000.0,0,10,0.09600000000000003,0.0,-0.002
1655,0.0,0.0,0.0,1000.0,0,10,0.09800000000000003,0.0,-0.002
1656,0.0,0.0,0.0,1000.0,0,10,0.10000000000000003,0.0,-0.002
1657,0.0,0.0,0.0,1000.0,0,10,0.10200000000000004,0.0,-0.002
1658,0.0,0.0,0.0,1000.0,0,10,0.10400000000000004,0.0,-0.002
1659,0.0,0.0,0.0,1000.0,0,10,0.10600000000000004,0.0,-0.002
1660,0.0,0.0,0.0,1000.0,0,10,0.10800000000000004,0.0,-0.002
1661,0.0,0.0,0.0,1000.0,0,10,0.11000000000000004,0.0,-0.002
1662,0.0,0.0,0.0,1000.0,0,10,0.11200000000000004,0.0,-0.002
1663,0.0,0.0,0.0,1000.0,0,10,0.11400000000000005,0.0,-0.002
1664,0.0,0.0,0.0,1000.0,0,10,0.11600000000000005,0.0,-0.002
1665,0.0,0.0,0.0,1000.0,0,10,0.11800000000000005,0.0,-0.002
1666,0.0,0.0,0.0,1000.0,0,10,0.11999999999999994,0.0,-0.002
1667,0.0,0.0,0.0,1000.0,0,10,0.12199999999999994,0.0,-0.002
1668,0.0,0.0,0.0,1000.0,0,10,0.12399999999999994,0.0,-0.002
1669,0.0,0.0,0.0,1000.0,0,10,0.12599999999999995,0.0,-0.002
1670,0.0,0.0,0.0,1000.0,0,10,0.12799999999999995,0.0,-0.002
1671,0.0,0.0,0.0,1000.0,0,10,0.12999999999999995,0.0,-0.002
1672,0.0,0.0,0.0,1000.0,0,10,0.13199999999999995,0.0,-0.002
1673,0.0,0.0,0.0,1000.0,0,10,0.13399999999999995,0.0,-0.002
1674,0.0,0.0,0.0,1000.0,0,10,0.13599999999999995,0.0,-0.002
1675,0.0,0.0,0.0,1000.0,0,10,0.13799999999999996,0.0,-0.002
1676,0.0,0.0,0.0,1000.0,0,10,0.13999999999999996,0.0,-0.002
1677,0.0,0.0,0.0,1000.0,0,10,0.14199999999999996,0.0,-0.002
1678,0.0,0.0,0.0,1000.0,0,10,0.14399999999999996,0.0,-0.002
1679,0.0,0.0,0.0,1000.0,0,10,0.14599999999999996,0.0,-0.002
1680,0.0,0.0,0.0,1000.0,0,10,0.14799999999999996,0.0,-0.002
1681,0.0,0.0,0.0,1000.0,0,10,0.14999999999999997,0.0,-0.002
1682,0.0,0.0,0.0,1000.0,0,10,0.15199999999999997,0.0,-0.002
1683,0.0,0.0,0.0,1000.0,0,10,0.15399999999999997,0.0,-0.002
1684,0.0,0.0,0.0,1000.0,0,10,0.15599999999999997,0.0,-0.002
1685,0.0,0.0,0.0,1000.0,0,10,0.15799999999999997,0.0,-0.002
1686,0.0,0.0,0.0,1000.0,0,10,0.15999999999999998,0.0,-0.002
1687,0.0,0.0,0.0,1000.0,0,10,0.16199999999999998,0.0,-0.002
1688,0.0,0.0,0.0,1000.0,0,10,0.16399999999999998,0.0,-0.002
1689,0.0,0.0,0.0,1000.0,0,10,0.16599999999999998,0.0,-0.002
1690,0.0,0.0,0.0,1000.0,0,10,0.16799999999999998,0.0,-0.002
1691,0.0,0.0,0.0,1000.0,0,10,0.16999999999999998,0.0,-0.002
1692,0.0,0.0,0.0,1000.0,0,10,0.172,0.0,-0.002
1693,0.0,0.0,0.0,1000.0,0,10,0.174,0.0,-0.002
1694,0.0,0.0,0.0,1000.0,0,10,0.176,0.0,-0.002
1695,0.0,0.0,0.0,1000.0,0,10,0.178,0.0,-0.002
1696,0.0,0.0,0.0,1000.0,0,10,0.18,0.0,-0.002
1697,0.0,0.0,0.0,1000.0,0,10,0.182,0.0,-0.002
1698,0.0,0.0,0.0,1000.0,0,10,0.184,0.0,-0.002
1699,0.0,0.0,0.0,1000.0,0,10,0.186,0.0,-0.002
1700,0.0,0.0,0.0,1000.0,0,10,0.188,0.0,-0.002
1701,0.0,0.0,0.0,1000.0,0,10,0.19,0.0,-0.002
1702,0.0,0.0,0.0,1000.0,0,10,0.192,0.0,-0.002
1703,0.0,0.0,0.0,1000.0,0,10,0.194,0.0,-0.002
1704,0.0,0.0,0.0,1000.0,0,10,0.196,0.0,-0.002
1705,0.0,0.0,0.0,1000.0,0,10,0.198,0.0,-0.002
1706,0.0,0.0,0.0,1000.0,0,10,0.2,0.0,-0.002
1707,0.0,0.0,0.0,1000.0,0,10,0.202,0.0,-0.002
1708,0.0,0.0,0.0,1000.0,0,10,0.20400000000000001,0.0,-0.002
1709,0.0,0.0,0.0,1000.0,0,10,0.20600000000000002,0.0,-0.002
1710,0.0,0.0,0.0,1000.0,0,10,0.20800000000000002,0.0,-0.002
1711,0.0,0.0,0.0,1000.0,0,10,0.21000000000000002,0.0,-0.002
1712,0.0,0.0,0.0,1000.0,0,10,0.21200000000000002,0.0,-0.002
1713,0.0,0.0,0.0,1000.0,0,10,0.21400000000000002,0.0,-0.002
1714,0.0,0.0,0.0,1000.0,0,10,0.21600000000000003,0.0,-0.002
1715,0.0,0.0,0.0,1000.0,0,10,0.21800000000000003,0.0,-0.002
1716,0.0,0.0,0.0,1000.0,0,10,0.22000000000000003,0.0,-0.002
1717,0.0,0.0,0.0,1000.0,0,10,0.22200000000000003,0.0,-0.002
1718,0.0,0.0,0.0,1000.0,0,10,0.22400000000000003,0.0,-0.002
1719,0.0,0.0,0.0,1000.0,0,10,0.22600000000000003,0.0,-0.002
1720,0.0,0.0,0.0,1000.0,0,10,0.22800000000000004,0.0,-0.002
1721,0.0,0.0,0.0,1000.0,0,10,0.23000000000000004,0.0,-0.002
1722,0.0,0.0,0.0,1000.0,0,10,0.23200000000000004,0.0,-0.002
1723,0.0,0.0,0.0,1000.0,0,10,0.23400000000000004,0.0,-0.002
1724,0.0,0.0,0.0,1000.0,0,10,0.23600000000000004,0.0,-0.002
1725,0.0,0.0,0.0,1000.0,0,10,0.23800000000000004,0.0,-0.002
1726,0.0,0.0,0.0,1000.0,0,10,0.24000000000000005,0.0,-0.002
1727,0.0,0.0,0.0,1000.0,0,10,0.24200000000000005,0.0,-0.002
1728,0.0,0.0,0.0,1000.0,0,10,0.24400000000000005,0.0,-0.002
1729,0.0,0.0,0.0,1000.0,0,10,0.24599999999999994,0.0,-0.002
1730,0.0,0.0,0.0,1000.0,0,10,0.24799999999999994,0.0,-0.002
1731,0.0,0.0,0.0,1000.0,0,10,0.24999999999999994,0.0,-0.002
1732,0.0,0.0,0.0,1000.0,0,10,0.25199999999999995,0.0,-0.002
1733,0.0,0.0,0.0,1000.0,0,10,0.25399999999999995,0.0,-0.002
1734,0.0,0.0,0.0,1000.0,0,10,0.25599999999999995,0.0,-0.002
1735,0.0,0.0,0.0,1000.0,0,10,0.25799999999999995,0.0,-0.002
1736,0.0,0.0,0.0,1000.0,0,10,0.25999999999999995,0.0,-0.002
1737,0.0,0.0,0.0,1000.0,0,10,0.26199999999999996,0.0,-0.002
1738,0.0,0.0,0.0,1000.0,0,10,0.26399999999999996,0.0,-0.002
1739,0.0,0.0,0.0,1000.0,0,10,0.26599999999999996,0.0,-0.002
1740,0.0,0.0,0.0,1000.0,0,10,0.26799999999999996,0.0,-0.002
1741,0.0,0.0,0.0,1000.0,0,10,0.26999999999999996,0.0,-0.002
1742,0.0,0.0,0.0,1000.0,0,10,0.27199999999999996,0.0,-0.002
1743,0.0,0.0,0.0,1000.0,0,10,0.27399999999999997,0.0,-0.002
1744,0.0,0.0,0.0,1000.0,0,10,0.27599999999999997,0.0,-0.002
1745,0.0,0.0,0.0,1000.0,0,10,0.27799999999999997,0.0,-0.002
1746,0.0,0.0,0.0,1000.0,0,10,0.27999999999999997,0.0,-0.002
1747,0.0,0.0,0.0,1000.0,0,10,0.282,0.0,-0.002
1748,0.0,0.0,0.0,1000.0,0,10,0.284,0.0,-0.002
1749,0.0,0.0,0.0,1000.0,0,10,0.286,0.0,-0.002
1750,0.0,0.0,0.0,1000.0,0,10,0.288,0.0,-0.002
1751,0.0,0.0,0.0,1000.0,0,10,0.29,0.0,-0.002
1752,0.0,0.0,0.0,1000.0,0,10,0.292,0.0,-0.002
1753,0.0,0.0,0.0,1000.0,0,10,0.294,0.0,-0.002
1754,0.0,0.0,0.0,1000.0,0,10,0.296,0.0,-0.002
1755,0.0,0.0,0.0,1000.0,0,10,0.298,0.0,-0.002
1756,0.0,0.0,0.0,1000.0,0,10,0.3,0.0,-0.002
1757,0.0,0.0,0.0,1000.0,0,10,0.302,0.0,-0.002
1758,0.0,0.0,0.0,1000.0,0,10,0.304,0.0,-0.002
1759,0.0,0.0,0.0,1000.0,0,10,0.306,0.0,-0.002
1760,0.0,0.0,0.0,1000.0,0,10,0.308,0.0,-0.002
1761,0.0,0.0,0.0,1000.0,0,10,0.31,0.0,-0.002
1762,0.0,0.0,0.0,1000.0,0,10,0.312,0.0,-0.002
1763,0.0,0.0,0.0,1000.0,0,10,0.314,0.0,-0.002
1764,0.0,0.0,0.0,1000.0,0,10,0.316,0.0,-0.002
1765,0.0,0.0,0.0,1000.0,0,10,0.318,0.0,-0.002
1766,0.0,0.0,0.0,1000.0,0,10,0.32,0.0,-0.002
1767,0.0,0.0,0.0,1000.0,0,10,0.322,0.0,-0.002
1768,0.0,0.0,0.0,1000.0,0,10,0.324,0.0,-0.002
1769,0.0,0.0,0.0,1000.0,0,10,0.326,0.0,-0.002
1770,0.0,0.0,0.0,1000.0,0,10,0.328,0.0,-0.002
1771,0.0,0.0,0.0,1000.0,0,10,0.33,0.0,-0.002
1772,0.0,0.0,0.0,1000.0,0,10,0.332,0.0,-0.002
1773,0.0,0.0,0.0,1000.0,0,10,0.334,0.0,-0.002
1774,0.0,0.0,0.0,1000.0,0,10,0.336,0.0,-0.002
1775,0.0,0.0,0.0,1000.0,0,10,0.338,0.0,-0.002
1776,0.0,0.0,0.0,1000.0,0,10,0.34,0.0,-0.002
1777,0.0,0.0,0.0,1000.0,0,10,0.342,0.0,-0.002
1778,0.0,0.0,0.0,1000.0,0,10,0.34400000000000003,0.0,-0.002
1779,0.0,0.0,0.0,1000.0,0,10,0.34600000000000003,0.0,-0.002
1780,0.0,0.0,0.0,1000.0,0,10,0.34800000000000003,0.0,-0.002
1781,0.0,0.0,0.0,1000.0,0,10,0.35000000000000003,0.0,-0.002
1782,0.0,0.0,0.0,1000.0,0,10,0.35200000000000004,0.0,-0.002
1783,0.0,0.0,0.0,1000.0,0,10,0.35400000000000004,0.0,-0.002
1784,0.0,0.0,0.0,1000.0,0,10,0.35600000000000004,0.0,-0.002
1785,0.0,0.0,0.0,1000.0,0,10,0.35800000000000004,0.0,-0.002
1786,0.0,0.0,0.0,1000.0,0,10,0.36000000000000004,0.0,-0.002
1787,0.0,0.0,0.0,1000.0,0,10,0.36200000000000004,0.0,-0.002
1788,0.0,0.0,0.0,1000.0,0,10,0.36400000000000005,0.0,-0.002
1789,0.0,0.0,0.0,1000.0,0,10,0.36600000000000005,0.0,-0.002
1790,0.0,0.0,0.0,1000.0,0,10,0.36800000000000005,0.0,-0.002
1791,0.0,0.0,0.0,1000.0,0,10,0.37000000000000005,0.0,-0.002
1792,0.0,0.0,0.0,1000.0,0,10,0.37200000000000005,0.0,-0.002
1793,0.0,0.0,0.0,1000.0,0,10,0.37400000000000005,0.0,-0.002
1794,0.0,0.0,0.0,1000.0,0,10,0.37599999999999995,0.0,-0.002
1795,0.0,0.0,0.0,1000.0,0,10,0.37799999999999995,0.0,-0.002
1796,0.0,0.0,0.0,1000.0,0,10,0.37999999999999995,0.0,-0.002
1797,0.0,0.0,0.0,1000.0,0,10,0.38199999999999995,0.0,-0.002
1798,0.0,0.0,0.0,1000.0,0,10,0.38399999999999995,0.0,-0.002
1799,0.0,0.0,0.0,1000.0,0,10,0.38599999999999995,0.0,-0.002
1800,0.0,0.0,0.0,1000.0,0,10,0.38799999999999996,0.0,-0.002
1801,0.0,0.0,0.0,1000.0,0,10,0.38999999999999996,0.0,-0.002
1802,0.0,0.0,0.0,1000.0,0,10,0.39199999999999996,0.0,-0.002
1803,0.0,0.0,0.0,1000.0,0,10,0.39399999999999996,0.0,-0.002
1804,0.0,0.0,0.0,1000.0,0,10,0.39599999999999996,0.0,-0.002
1805,0.0,0.0,0.0,1000.0,0,10,0.39799999999999996,0.0,-0.002
1806,0.0,0.0,0.0,1000.0,0,10,0.39999999999999997,0.0,-0.002
1807,0.0,0.0,0.0,1000.0,0,10,0.40199999999999997,0.0,-0.002
1808,0.0,0.0,0.0,1000.0,0,10,0.40399999999999997,0.0,-0.002
1809,0.0,0.0,0.0,1000.0,0,10,0.40599999999999997,0.0,-0.002
1810,0.0,0.0,0.0,1000.0,0,10,0.408,0.0,-0.002
1811,0.0,0.0,0.0,1000.0,0,10,0.41,0.0,-0.002
1812,0.0,0.0,0.0,1000.0,0,10,0.412,0.0,-0.002
1813,0.0,0.0,0.0,1000.0,0,10,0.414,0.0,-0.002
1814,0.0,0.0,0.0,1000.0,0,10,0.416,0.0,-0.002
1815,0.0,0.0,0.0,1000.0,0,10,0.418,0.0,-0.002
1816,0.0,0.0,0.0,1000.0,0,10,0.42,0.0,-0.002
1817,0.0,0.0,0.0,1000.0,0,10,0.422,0.0,-0.002
1818,0.0,0.0,0.0,1000.0,0,10,0.424,0.0,-0.002
1819,0.0,0.0,0.0,1000.0,0,10,0.426,0.0,-0.002
1820,0.0,0.0,0.0,1000.0,0,10,0.428,0.0,-0.002
1821,0.0,0.0,0.0,1000.0,0,10,0.43,0.0,-0.002
1822,0.0,0.0,0.0,1000.0,0,10,0.432,0.0,-0.002
1823,0.0,0.0,0.0,1000.0,0,10,0.434,0.0,-0.002
1824,0.0,0.0,0.0,1000.0,0,10,0.436,0.0,-0.002
1825,0.0,0.0,0.0,1000.0,0,10,0.438,0.0,-0.002
1826,0.0,0.0,0.0,1000.0,0,10,0.44,0.0,-0.002
1827,0.0,0.0,0.0,1000.0,0,10,0.442,0.0,-0.002
1828,0.0,0.0,0.0,1000.0,0,10,0.444,0.0,-0.002
1829,0.0,0.0,0.0,1000.0,0,10,0.446,0.0,-0.002
1830,0.0,0.0,0.0,1000.0,0,10,0.448,0.0,-0.002
1831,0.0,0.0,0.0,1000.0,0,10,0.45,0.0,-0.002
1832,0.0,0.0,0.0,1000.0,0,10,0.452,0.0,-0.002
1833,0.0,0.0,0.0,1000.0,0,10,0.454,0.0,-0.002
1834,0.0,0.0,0.0,1000.0,0,10,0.456,0.0,-0.002
1835,0.0,0.0,0.0,1000.0,0,10,0.458,0.0,-0.002
1836,0.0,0.0,0.0,1000.0,0,10,-0.458,0.0,0.0
1837,0.0,0.0,0.0,1000.0,0,10,-0.456,0.0,0.0
1838,0.0,0.0,0.0,1000.0,0,10,-0.454,0.0,0.0
1839,0.0,0.0,0.0,1000.0,0,10,-0.452,0.0,0.0
1840,0.0,0.0,0.0,1000.0,0,10,-0.45,0.0,0.0
1841,0.0,0.0,0.0,1000.0,0,10,-0.448,0.0,0.0
1842,0.0,0.0,0.0,1000.0,0,10,-0.446,0.0,0.0
1843,0.0,0.0,0.0,1000.0,0,10,-0.444,0.0,0.0
1844,0.0,0.0,0.0,1000.0,0,10,-0.442,0.0,0.0
1845,0.0,0.0,0.0,1000.0,0,10,-0.44,0.0,0.0
1846,0.0,0.0,0.0,1000.0,0,10,-0.438,0.0,0.0
1847,0.0,0.0,0.0,1000.0,0,10,-0.436,0.0,0.0
1848,0.0,0.0,0.0,1000.0,0,10,-0.434,0.0,0.0
1849,0.0,0.0,0.0,1000.0,0,10,-0.432,0.0,0.0
1850,0.0,0.0,0.0,1000.0,0,10,-0.43,0.0,0.0
1851,0.0,0.0,0.0,1000.0,0,10,-0.42800000000000005,0.0,0.0
1852,0.0,0.0,0.0,1000.0,0,10,-0.42600000000000005,0.0,0.0
1853,0.0,0.0,0.0,1000.0,0,10,-0.42400000000000004,0.0,0.0
1854,0.0,0.0,0.0,1000.0,0,10,-0.42200000000000004,0.0,0.0
1855,0.0,0.0,0.0,1000.0,0,10,-0.42000000000000004,0.0,0.0
1856,0.0,0.0,0.0,1000.0,0,10,-0.41800000000000004,0.0,0.0
1857,0.0,0.0,0.0,1000.0,0,10,-0.41600000000000004,0.0,0.0
1858,0.0,0.0,0.0,1000.0,0,10,-0.41400000000000003,0.0,0.0
1859,0.0,0.0,0.0,1000.0,0,10,-0.41200000000000003,0.0,0.0
1860,0.0,0.0,0.0,1000.0,0,10,-0.41000000000000003,0.0,0.0
1861,0.0,0.0,0.0,1000.0,0,10,-0.40800000000000003,0.0,0.0
1862,0.0,0.0,0.0,1000.0,0,10,-0.406,0.0,0.0
1863,0.0,0.0,0.0,1000.0,0,10,-0.404,0.0,0.0
1864,0.0,0.0,0.0,1000.0,0,10,-0.402,0.0,0.0
1865,0.0,0.0,0.0,1000.0,0,10,-0.4,0.0,0.0
1866,0.0,0.0,0.0,1000.0,0,10,-0.398,0.0,0.0
1867,0.0,0.0,0.0,1000.0,0,10,-0.396,0.0,0.0
1868,0.0,0.0,0.0,1000.0,0,10,-0.394,0.0,0.0
1869,0.0,0.0,0.0,1000.0,0,10,-0.392,0.0,0.0
1870,0.0,0.0,0.0,1000.0,0,10,-0.39,0.0,0.0
1871,0.0,0.0,0.0,1000.0,0,10,-0.388,0.0,0.0
1872,0.0,0.0,0.0,1000.0,0,10,-0.386,0.0,0.0
1873,0.0,0.0,0.0,1000.0,0,10,-0.384,0.0,0.0
1874,0.0,0.0,0.0,1000.0,0,10,-0.382,0.0,0.0
1875,0.0,0.0,0.0,1000.0,0,10,-0.38,0.0,0.0
1876,0.0,0.0,0.0,1000.0,0,10,-0.378,0.0,0.0
1877,0.0,0.0,0.0,1000.0,0,10,-0.376,0.0,0.0
1878,0.0,0.0,0.0,1000.0,0,10,-0.374,0.0,0.0
1879,0.0,0.0,0.0,1000.0,0,10,-0.372,0.0,0.0
1880,0.0,0.0,0.0,1000.0,0,10,-0.37,0.0,0.0
1881,0.0,0.0,0.0,1000.0,0,10,-0.368,0.0,0.0
1882,0.0,0.0,0.0,1000.0,0,10,-0.366,0.0,0.0
1883,0.0,0.0,0.0,1000.0,0,10,-0.364,0.0,0.0
1884,0.0,0.0,0.0,1000.0,0,10,-0.362,0.0,0.0
1885,0.0,0.0,0.0,1000.0,0,10,-0.36,0.0,0.0
1886,0.0,0.0,0.0,1000.0,0,10,-0.358,0.0,0.0
1887,0.0,0.0,0.0,1000.0,0,10,-0.356,0.0,0.0
1888,0.0,0.0,0.0,1000.0,0,10,-0.354,0.0,0.0
1889,0.0,0.0,0.0,1000.0,0,10,-0.35200000000000004,0.0,0.0
1890,0.0,0.0,0.0,1000.0,0,10,-0.35000000000000003,0.0,0.0
1891,0.0,0.0,0.0,1000.0,0,10,-0.34800000000000003,0.0,0.0
1892,0.0,0.0,0.0,1000.0,0,10,-0.34600000000000003,0.0,0.0
1893,0.0,0.0,0.0,1000.0,0,10,-0.34400000000000003,0.0,0.0
1894,0.0,0.0,0.0,1000.0,0,10,-0.342,0.0,0.0
1895,0.0,0.0,0.0,1000.0,0,10,-0.34,0.0,0.0
1896,0.0,0.0,0.0,1000.0,0,10,-0.338,0.0,0.0
1897,0.0,0.0,0.0,1000.0,0,10,-0.336,0.0,0.0
1898,0.0,0.0,0.0,1000.0,0,10,-0.334,0.0,0.0
1899,0.0,0.0,0.0,1000.0,0,10,-0.332,0.0,0.0
1900,0.0,0.0,0.0,1000.0,0,10,-0.33,0.0,0.0
1901,0.0,0.0,0.0,1000.0,0,10,-0.328,0.0,0.0
1902,0.0,0.0,0.0,1000.0,0,10,-0.326,0.0,0.0
1903,0.0,0.0,0.0,1000.0,0,10,-0.324,0.0,0.0
1904,0.0,0.0,0.0,1000.0,0,10,-0.322,0.0,0.0
1905,0.0,0.0,0.0,1000.0,0,10,-0.32,0.0,0.0
1906,0.0,0.0,0.0,1000.0,0,10,-0.318,0.0,0.0
1907,0.0,0.0,0.0,1000.0,0,10,-0.316,0.0,0.0
1908,0.0,0.0,0.0,1000.0,0,10,-0.314,0.0,0.0
1909,0.0,0.0,0.0,1000.0,0,10,-0.31200000000000006,0.0,0.0
1910,0.0,0.0,0.0,1000.0,0,10,-0.31000000000000005,0.0,0.0
1911,0.0,0.0,0.0,1000.0,0,10,-0.30800000000000005,0.0,0.0
1912,0.0,0.0,0.0,1000.0,0,10,-0.30600000000000005,0.0,0.0
1913,0.0,0.0,0.0,1000.0,0,10,-0.30400000000000005,0.0,0.0
1914,0.0,0.0,0.0,1000.0,0,10,-0.30200000000000005,0.0,0.0
1915,0.0,0.0,0.0,1000.0,0,10,-0.30000000000000004,0.0,0.0
1916,0.0,0.0,0.0,1000.0,0,10,-0.29800000000000004,0.0,0.0
1917,0.0,0.0,0.0,1000.0,0,10,-0.29600000000000004,0.0,0.0
1918,0.0,0.0,0.0,1000.0,0,10,-0.29400000000000004,0.0,0.0
1919,0.0,0.0,0.0,1000.0,0,10,-0.29200000000000004,0.0,0.0
1920,0.0,0.0,0.0,1000.0,0,10,-0.29000000000000004,0.0,0.0
1921,0.0,0.0,0.0,1000.0,0,10,-0.28800000000000003,0.0,0.0
1922,0.0,0.0,0.0,1000.0,0,10,-0.28600000000000003,0.0,0.0
1923,0.0,0.0,0.0,1000.0,0,10,-0.28400000000000003,0.0,0.0
1924,0.0,0.0,0.0,1000.0,0,10,-0.28200000000000003,0.0,0.0
1925,0.0,0.0,0.0,1000.0,0,10,-0.28,0.0,0.0
1926,0.0,0.0,0.0,1000.0,0,10,-0.278,0.0,0.0
1927,0.0,0.0,0.0,1000.0,0,10,-0.276,0.0,0.0
1928,0.0,0.0,0.0,1000.0,0,10,-0.274,0.0,0.0
1929,0.0,0.0,0.0,1000.0,0,10,-0.272,0.0,0.0
1930,0.0,0.0,0.0,1000.0,0,10,-0.27,0.0,0.0
1931,0.0,0.0,0.0,1000.0,0,10,-0.268,0.0,0.0
1932,0.0,0.0,0.0,1000.0,0,10,-0.266,0.0,0.0
1933,0.0,0.0,0.0,1000.0,0,10,-0.264,0.0,0.0
1934,0.0,0.0,0.0,1000.0,0,10,-0.262,0.0,0.0
1935,0.0,0.0,0.0,1000.0,0,10,-0.26,0.0,0.0
1936,0.0,0.0,0.0,1000.0,0,10,-0.258,0.0,0.0
1937,0.0,0.0,0.0,1000.0,0,10,-0.256,0.0,0.0
1938,0.0,0.0,0.0,1000.0,0,10,-0.254,0.0,0.0
1939,0.0,0.0,0.0,1000.0,0,10,-0.252,0.0,0.0
1940,0.0,0.0,0.0,1000.0,0,10,-0.25,0.0,0.0
1941,0.0,0.0,0.0,1000.0,0,10,-0.24800000000000003,0.0,0.0
1942,0.0,0.0,0.0,1000.0,0,10,-0.24600000000000002,0.0,0.0
1943,0.0,0.0,0.0,1000.0,0,10,-0.24400000000000002,0.0,0.0
1944,0.0,0.0,0.0,1000.0,0,10,-0.24200000000000002,0.0,0.0
1945,0.0,0.0,0.0,1000.0,0,10,-0.24000000000000002,0.0,0.0
1946,0.0,0.0,0.0,1000.0,0,10,-0.23800000000000002,0.0,0.0
1947,0.0,0.0,0.0,1000.0,0,10,-0.23600000000000002,0.0,0.0
1948,0.0,0.0,0.0,1000.0,0,10,-0.234,0.0,0.0
1949,0.0,0.0,0.0,1000.0,0,10,-0.232,0.0,0.0
1950,0.0,0.0,0.0,1000.0,0,10,-0.23,0.0,0.0
1951,0.0,0.0,0.0,1000.0,0,10,-0.228,0.0,0.0
1952,0.0,0.0,0.0,1000.0,0,10,-0.226,0.0,0.0
1953,0.0,0.0,0.0,1000.0,0,10,-0.224,0.0,0.0
1954,0.0,0.0,0.0,1000.0,0,10,-0.222,0.0,0.0
1955,0.0,0.0,0.0,1000.0,0,10,-0.22,0.0,0.0
1956,0.0,0.0,0.0,1000.0,0,10,-0.21800000000000003,0.0,0.0
1957,0.0,0.0,0.0,1000.0,0,10,-0.21600000000000003,0.0,0.0
1958,0.0,0.0,0.0,1000.0,0,10,-0.21400000000000002,0.0,0.0
1959,0.0,0.0,0.0,1000.0,0,10,-0.21200000000000002,0.0,0.0
1960,0.0,0.0,0.0,1000.0,0,10,-0.21000000000000002,0.0,0.0
1961,0.0,0.0,0.0,1000.0,0,10,-0.20800000000000002,0.0,0.0
1962,0.0,0.0,0.0,1000.0,0,10,-0.20600000000000002,0.0,0.0
1963,0.0,0.0,0.0,1000.0,0,10,-0.20400000000000001,0.0,0.0
1964,0.0,0.0,0.0,1000.0,0,10,-0.202,0.0,0.0
1965,0.0,0.0,0.0,1000.0,0,10,-0.2,0.0,0.0
1966,0.0,0.0,0.0,1000.0,0,10,-0.198,0.0,0.0
1967,0.0,0.0,0.0,1000.0,0,10,-0.196,0.0,0.0
1968,0.0,0.0,0.0,1000.0,0,10,-0.194,0.0,0.0
1969,0.0,0.0,0.0,1000.0,0,10,-0.192,0.0,0.0
1970,0.0,0.0,0.0,1000.0,0,10,-0.19,0.0,0.0
1971,0.0,0.0,0.0,1000.0,0,10,-0.188,0.0,0.0
1972,0.0,0.0,0.0,1000.0,0,10,-0.186,0.0,0.0
1973,0.0,0.0,0.0,1000.0,0,10,-0.184,0.0,0.0
1974,0.0,0.0,0.0,1000.0,0,10,-0.182,0.0,0.0
1975,0.0,0.0,0.0,1000.0,0,10,-0.18,0.0,0.0
1976,0.0,0.0,0.0,1000.0,0,10,-0.178,0.0,0.0
1977,0.0,0.0,0.0,1000.0,0,10,-0.176,0.0,0.0
1978,0.0,0.0,0.0,1000.0,0,10,-0.174,0.0,0.0
1979,0.0,0.0,0.0,1000.0,0,10,-0.172,0.0,0.0
1980,0.0,0.0,0.0,1000.0,0,10,-0.16999999999999998,0.0,0.0
1981,0.0,0.0,0.0,1000.0,0,10,-0.16800000000000004,0.0,0.0
1982,0.0,0.0,0.0,1000.0,0,10,-0.16600000000000004,0.0,0.0
1983,0.0,0.0,0.0,1000.0,0,10,-0.16400000000000003,0.0,0.0
1984,0.0,0.0,0.0,1000.0,0,10,-0.16200000000000003,0.0,0.0
1985,0.0,0.0,0.0,1000.0,0,10,-0.16000000000000003,0.0,0.0
1986,0.0,0.0,0.0,1000.0,0,10,-0.15800000000000003,0.0,0.0
1987,0.0,0.0,0.0,1000.0,0,10,-0.15600000000000003,0.0,0.0
1988,0.0,0.0,0.0,1000.0,0,10,-0.15400000000000003,0.0,0.0
1989,0.0,0.0,0.0,1000.0,0,10,-0.15200000000000002,0.0,0.0
1990,0.0,0.0,0.0,1000.0,0,10,-0.15000000000000002,0.0,0.0
1991,0.0,0.0,0.0,1000.0,0,10,-0.14800000000000002,0.0,0.0
1992,0.0,0.0,0.0,1000.0,0,10,-0.14600000000000002,0.0,0.0
1993,0.0,0.0,0.0,1000.0,0,10,-0.14400000000000002,0.0,0.0
1994,0.0,0.0,0.0,1000.0,0,10,-0.14200000000000002,0.0,0.0
1995,0.0,0.0,0.0,1000.0,0,10,-0.14,0.0,0.0
1996,0.0,0.0,0.0,1000.0,0,10,-0.138,0.0,0.0
1997,0.0,0.0,0.0,1000.0,0,10,-0.136,0.0,0.0
1998,0.0,0.0,0.0,1000.0,0,10,-0.134,0.0,0.0
1999,0.0,0.0,0.0,1000.0,0,10,-0.132,0.0,0.0
2000,0.0,0.0,0.0,1000.0,0,10,-0.13,0.0,0.0
2001,0.0,0.0,0.0,1000.0,0,10,-0.128,0.0,0.0
2002,0.0,0.0,0.0,1000.0,0,10,-0.126,0.0,0.0
2003,0.0,0.0,0.0,1000.0,0,10,-0.124,0.0,0.0
2004,0.0,0.0,0.0,1000.0,0,10,-0.122,0.0,0.0
2005,0.0,0.0,0.0,1000.0,0,10,-0.12,0.0,0.0
2006,0.0,0.0,0.0,1000.0,0,10,-0.118,0.0,0.0
2007,0.0,0.0,0.0,1000.0,0,10,-0.11599999999999999,0.0,0.0
2008,0.0,0.0,0.0,1000.0,0,10,-0.11399999999999999,0.0,0.0
2009,0.0,0.0,0.0,1000.0,0,10,-0.11199999999999999,0.0,0.0
2010,0.0,0.0,0.0,1000.0,0,10,-0.10999999999999999,0.0,0.0
2011,0.0,0.0,0.0,1000.0,0,10,-0.10799999999999998,0.0,0.0
2012,0.0,0.0,0.0,1000.0,0,10,-0.10600000000000004,0.0,0.0
2013,0.0,0.0,0.0,1000.0,0,10,-0.10400000000000004,0.0,0.0
2014,0.0,0.0,0.0,1000.0,0,10,-0.10200000000000004,0.0,0.0
2015,0.0,0.0,0.0,1000.0,0,10,-0.10000000000000003,0.0,0.0
2016,0.0,0.0,0.0,1000.0,0,10,-0.09800000000000003,0.0,0.0
2017,0.0,0.0,0.0,1000.0,0,10,-0.09600000000000003,0.0,0.0
2018,0.0,0.0,0.0,1000.0,0,10,-0.09400000000000003,0.0,0.0
2019,0.0,0.0,0.0,1000.0,0,10,-0.09200000000000003,0.0,0.0
2020,0.0,0.0,0.0,1000.0,0,10,-0.09000000000000002,0.0,0.0
2021,0.0,0.0,0.0,1000.0,0,10,-0.08800000000000002,0.0,0.0
2022,0.0,0.0,0.0,1000.0,0,10,-0.08600000000000002,0.0,0.0
2023,0.0,0.0,0.0,1000.0,0,10,-0.08400000000000002,0.0,0.0
2024,0.0,0.0,0.0,1000.0,0,10,-0.08200000000000002,0.0,0.0
2025,0.0,0.0,0.0,1000.0,0,10,-0.08000000000000002,0.0,0.0
2026,0.0,0.0,0.0,1000.0,0,10,-0.07800000000000001,0.0,0.0
2027,0.0,0.0,0.0,1000.0,0,10,-0.07600000000000001,0.0,0.0
2028,0.0,0.0,0.0,1000.0,0,10,-0.07400000000000001,0.0,0.0
2029,0.0,0.0,0.0,1000.0,0,10,-0.07200000000000001,0.0,0.0
2030,0.0,0.0,0.0,1000.0,0,10,-0.07,0.0,0.0
2031,0.0,0.0,0.0,1000.0,0,10,-0.068,0.0,0.0
2032,0.0,0.0,0.0,1000.0,0,10,-0.066,0.0,0.0
2033,0.0,0.0,0.0,1000.0,0,10,-0.064,0.0,0.0
2034,0.0,0.0,0.0,1000.0,0,10,-0.062,0.0,0.0
2035,0.0,0.0,0.0,1000.0,0,10,-0.06,0.0,0.0
2036,0.0,0.0,0.0,1000.0,0,10,-0.057999999999999996,0.0,0.0
2037,0.0,0.0,0.0,1000.0,0,10,-0.055999999999999994,0.0,0.0
2038,0.0,0.0,0.0,1000.0,0,10,-0.05399999999999999,0.0,0.0
2039,0.0,0.0,0.0,1000.0,0,10,-0.05199999999999999,0.0,0.0
2040,0.0,0.0,0.0,1000.0,0,10,-0.04999999999999999,0.0,0.0
2041,0.0,0.0,0.0,1000.0,0,10,-0.04799999999999999,0.0,0.0
2042,0.0,0.0,0.0,1000.0,0,10,-0.045999999999999985,0.0,0.0
2043,0.0,0.0,0.0,1000.0,0,10,-0.043999999999999984,0.0,0.0
2044,0.0,0.0,0.0,1000.0,0,10,-0.04199999999999998,0.0,0.0
2045,0.0,0.0,0.0,1000.0,0,10,-0.040000000000000036,0.0,0.0
2046,0.0,0.0,0.0,1000.0,0,10,-0.038000000000000034,0.0,0.0
2047,0.0,0.0,0.0,1000.0,0,10,-0.03600000000000003,0.0,0.0
2048,0.0,0.0,0.0,1000.0,0,10,-0.03400000000000003,0.0,0.0
2049,0.0,0.0,0.0,1000.0,0,10,-0.03200000000000003,0.0,0.0
2050,0.0,0.0,0.0,1000.0,0,10,-0.030000000000000027,0.0,0.0
2051,0.0,0.0,0.0,1000.0,0,10,-0.028000000000000025,0.0,0.0
2052,0.0,0.0,0.0,1000.0,0,10,-0.026000000000000023,0.0,0.0
2053,0.0,0.0,0.0,1000.0,0,10,-0.02400000000000002,0.0,0.0
2054,0.0,0.0,0.0,1000.0,0,10,-0.02200000000000002,0.0,0.0
2055,0.0,0.0,0.0,1000.0,0,10,-0.020000000000000018,0.0,0.0
2056,0.0,0.0,0.0,1000.0,0,10,-0.018000000000000016,0.0,0.0
2057,0.0,0.0,0.0,1000.0,0,10,-0.016000000000000014,0.0,0.0
2058,0.0,0.0,0.0,1000.0,0,10,-0.014000000000000012,0.0,0.0
2059,0.0,0.0,0.0,1000.0,0,10,-0.01200000000000001,0.0,0.0
2060,0.0,0.0,0.0,1000.0,0,10,-0.010000000000000009,0.0,0.0
2061,0.0,0.0,0.0,1000.0,0,10,-0.008000000000000007,0.0,0.0
2062,0.0,0.0,0.0,1000.0,0,10,-0.006000000000000005,0.0,0.0
2063,0.0,0.0,0.0,1000.0,0,10,-0.0040000000000000036,0.0,0.0
2064,0.0,0.0,0.0,1000.0,0,10,-0.0020000000000000018,0.0,0.0
2065,0.0,0.0,0.0,1000.0,0,10,0.0,0.0,0.0
2066,0.0,0.0,0.0,1000.0,0,10,0.0020000000000000018,0.0,0.0
2067,0.0,0.0,0.0,1000.0,0,10,0.0040000000000000036,0.0,0.0
2068,0.0,0.0,0.0,1000.0,0,10,0.006000000000000005,0.0,0.0
2069,0.0,0.0,0.0,1000.0,0,10,0.008000000000000007,0.0,0.0
2070,0.0,0.0,0.0,1000.0,0,10,0.010000000000000009,0.0,0.0
2071,0.0,0.0,0.0,1000.0,0,10,0.01200000000000001,0.0,0.0
2072,0.0,0.0,0.0,1000.0,0,10,0.014000000000000012,0.0,0.0
2073,0.0,0.0,0.0,1000.0,0,10,0.016000000000000014,0.0,0.0
2074,0.0,0.0,0.0,1000.0,0,10,0.018000000000000016,0.0,0.0
2075,0.0,0.0,0.0,1000.0,0,10,0.020000000000000018,0.0,0.0
2076,0.0,0.0,0.0,1000.0,0,10,0.021999999999999964,0.0,0.0
2077,0.0,0.0,0.0,1000.0,0,10,0.023999999999999966,0.0,0.0
2078,0.0,0.0,0.0,1000.0,0,10,0.025999999999999968,0.0,0.0
2079,0.0,0.0,0.0,1000.0,0,10,0.02799999999999997,0.0,0.0
2080,0.0,0.0,0.0,1000.0,0,10,0.02999999999999997,0.0,0.0
2081,0.0,0.0,0.0,1000.0,0,10,0.03199999999999997,0.0,0.0
2082,0.0,0.0,0.0,1000.0,0,10,0.033999999999999975,0.0,0.0
2083,0.0,0.0,0.0,1000.0,0,10,0.035999999999999976,0.0,0.0
2084,0.0,0.0,0.0,1000.0,0,10,0.03799999999999998,0.0,0.0
2085,0.0,0.0,0.0,1000.0,0,10,0.03999999999999998,0.0,0.0
2086,0.0,0.0,0.0,1000.0,0,10,0.04199999999999998,0.0,0.0
2087,0.0,0.0,0.0,1000.0,0,10,0.043999999999999984,0.0,0.0
2088,0.0,0.0,0.0,1000.0,0,10,0.045999999999999985,0.0,0.0
2089,0.0,0.0,0.0,1000.0,0,10,0.04799999999999999,0.0,0.0
2090,0.0,0.0,0.0,1000.0,0,10,0.04999999999999999,0.0,0.0
2091,0.0,0.0,0.0,1000.0,0,10,0.05199999999999999,0.0,0.0
2092,0.0,0.0,0.0,1000.0,0,10,0.05399999999999999,0.0,0.0
2093,0.0,0.0,0.0,1000.0,0,10,0.055999999999999994,0.0,0.0
2094,0.0,0.0,0.0,1000.0,0,10,0.057999999999999996,0.0,0.0
2095,0.0,0.0,0.0,1000.0,0,10,0.06,0.0,0.0
2096,0.0,0.0,0.0,1000.0,0,10,0.062,0.0,0.0
2097,0.0,0.0,0.0,1000.0,0,10,0.064,0.0,0.0
2098,0.0,0.0,0.0,1000.0,0,10,0.066,0.0,0.0
2099,0.0,0.0,0.0,1000.0,0,10,0.068,0.0,0.0
2100,0.0,0.0,0.0,1000.0,0,10,0.07,0.0,0.0
2101,0.0,0.0,0.0,1000.0,0,10,0.07200000000000001,0.0,0.0
2102,0.0,0.0,0.0,1000.0,0,10,0.07400000000000001,0.0,0.0
2103,0.0,0.0,0.0,1000.0,0,10,0.07600000000000001,0.0,0.0
2104,0.0,0.0,0.0,1000.0,0,10,0.07800000000000001,0.0,0.0
2105,0.0,0.0,0.0,1000.0,0,10,0.08000000000000002,0.0,0.0
2106,0.0,0.0,0.0,1000.0,0,10,0.08200000000000002,0.0,0.0
2107,0.0,0.0,0.0,1000.0,0,10,0.08400000000000002,0.0,0.0
2108,0.0,0.0,0.0,1000.0,0,10,0.08600000000000002,0.0,0.0
2109,0.0,0.0,0.0,1000.0,0,10,0.08800000000000002,0.0,0.0
2110,0.0,0.0,0.0,1000.0,0,10,0.09000000000000002,0.0,0.0
2111,0.0,0.0,0.0,1000.0,0,10,0.09200000000000003,0.0,0.0
2112,0.0,0.0,0.0,1000.0,0,10,0.09400000000000003,0.0,0.0
2113,0.0,0.0,0.0,1000.0,0,10,0.09600000000000003,0.0,0.0
2114,0.0,0.0,0.0,1000.0,0,10,0.09800000000000003,0.0,0.0
2115,0.0,0.0,0.0,1000.0,0,10,0.10000000000000003,0.0,0.0
2116,0.0,0.0,0.0,1000.0,0,10,0.10200000000000004,0.0,0.0
2117,0.0,0.0,0.0,1000.0,0,10,0.10400000000000004,0.0,0.0
2118,0.0,0.0,0.0,1000.0,0,10,0.10600000000000004,0.0,0.0
2119,0.0,0.0,0.0,1000.0,0,10,0.10800000000000004,0.0,0.0
2120,0.0,0.0,0.0,1000.0,0,10,0.11000000000000004,0.0,0.0
2121,0.0,0.0,0.0,1000.0,0,10,0.11200000000000004,0.0,0.0
2122,0.0,0.0,0.0,1000.0,0,10,0.11400000000000005,0.0,0.0
2123,0.0,0.0,0.0,1000.0,0,10,0.11600000000000005,0.0,0.0
2124,0.0,0.0,0.0,1000.0,0,10,0.11800000000000005,0.0,0.0
2125,0.0,0.0,0.0,1000.0,0,10,0.11999999999999994,0.0,0.0
2126,0.0,0.0,0.0,1000.0,0,10,0.12199999999999994,0.0,0.0
2127,0.0,0.0,0.0,1000.0,0,10,0.12399999999999994,0.0,0.0
2128,0.0,0.0,0.0,1000.0,0,10,0.12599999999999995,0.0,0.0
2129,0.0,0.0,0.0,1000.0,0,10,0.12799999999999995,0.0,0.0
2130,0.0,0.0,0.0,1000.0,0,10,0.12999999999999995,0.0,0.0
2131,0.0,0.0,0.0,1000.0,0,10,0.13199999999999995,0.0,0.0
2132,0.0,0.0,0.0,1000.0,0,10,0.13399999999999995,0.0,0.0
2133,0.0,0.0,0.0,1000.0,0,10,0.13599999999999995,0.0,0.0
2134,0.0,0.0,0.0,1000.0,0,10,0.13799999999999996,0.0,0.0
2135,0.0,0.0,0.0,1000.0,0,10,0.13999999999999996,0.0,0.0
2136,0.0,0.0,0.0,1000.0,0,10,0.14199999999999996,0.0,0.0
2137,0.0,0.0,0.0,1000.0,0,10,0.14399999999999996,0.0,0.0
2138,0.0,0.0,0.0,1000.0,0,10,0.14599999999999996,0.0,0.0
2139,0.0,0.0,0.0,1000.0,0,10,0.14799999999999996,0.0,0.0
2140,0.0,0.0,0.0,1000.0,0,10,0.14999999999999997,0.0,0.0
2141,0.0,0.0,0.0,1000.0,0,10,0.15199999999999997,0.0,0.0
2142,0.0,0.0,0.0,1000.0,0,10,0.15399999999999997,0.0,0.0
2143,0.0,0.0,0.0,1000.0,0,10,0.15599999999999997,0.0,0.0
2144,0.0,0.0,0.0,1000.0,0,10,0.15799999999999997,0.0,0.0
2145,0.0,0.0,0.0,1000.0,0,10,0.15999999999999998,0.0,0.0
2146,0.0,0.0,0.0,1000.0,0,10,0.16199999999999998,0.0,0.0
2147,0.0,0.0,0.0,1000.0,0,10,0.16399999999999998,0.0,0.0
2148,0.0,0.0,0.0,1000.0,0,10,0.16599999999999998,0.0,0.0
2149,0.0,0.0,0.0,1000.0,0,10,0.16799999999999998,0.0,0.0
2150,0.0,0.0,0.0,1000.0,0,10,0.16999999999999998,0.0,0.0
2151,0.0,0.0,0.0,1000.0,0,10,0.172,0.0,0.0
2152,0.0,0.0,0.0,1000.0,0,10,0.174,0.0,0.0
2153,0.0,0.0,0.0,1000.0,0,10,0.176,0.0,0.0
2154,0.0,0.0,0.0,1000.0,0,10,0.178,0.0,0.0
2155,0.0,0.0,0.0,1000.0,0,10,0.18,0.0,0.0
2156,0.0,0.0,0.0,1000.0,0,10,0.182,0.0,0.0
2157,0.0,0.0,0.0,1000.0,0,10,0.184,0.0,0.0
2158,0.0,0.0,0.0,1000.0,0,10,0.186,0.0,0.0
2159,0.0,0.0,0.0,1000.0,0,10,0.188,0.0,0.0
2160,0.0,0.0,0.0,1000.0,0,10,0.19,0.0,0.0
2161,0.0,0.0,0.0,1000.0,0,10,0.192,0.0,0.0
2162,0.0,0.0,0.0,1000.0,0,10,0.194,0.0,0.0
2163,0.0,0.0,0.0,1000.0,0,10,0.196,0.0,0.0
2164,0.0,0.0,0.0,1000.0,0,10,0.198,0.0,0.0
2165,0.0,0.0,0.0,1000.0,0,10,0.2,0.0,0.0
2166,0.0,0.0,0.0,1000.0,0,10,0.202,0.0,0.0
2167,0.0,0.0,0.0,1000.0,0,10,0.20400000000000001,0.0,0.0
2168,0.0,0.0,0.0,1000.0,0,10,0.20600000000000002,0.0,0.0
2169,0.0,0.0,0.0,1000.0,0,10,0.20800000000000002,0.0,0.0
2170,0.0,0.0,0.0,1000.0,0,10,0.21000000000000002,0.0,0.0
2171,0.0,0.0,0.0,1000.0,0,10,0.21200000000000002,0.0,0.0
2172,0.0,0.0,0.0,1000.0,0,10,0.21400000000000002,0.0,0.0
2173,0.0,0.0,0.0,1000.0,0,10,0.21600000000000003,0.0,0.0
2174,0.0,0.0,0.0,1000.0,0,10,0.21800000000000003,0.0,0.0
2175,0.0,0.0,0.0,1000.0,0,10,0.22000000000000003,0.0,0.0
2176,0.0,0.0,0.0,1000.0,0,10,0.22200000000000003,0.0,0.0
2177,0.0,0.0,0.0,1000.0,0,10,0.22400000000000003,0.0,0.0
2178,0.0,0.0,0.0,1000.0,0,10,0.22600000000000003,0.0,0.0
2179,0.0,0.0,0.0,1000.0,0,10,0.22800000000000004,0.0,0.0
2180,0.0,0.0,0.0,1000.0,0,10,0.23000000000000004,0.0,0.0
2181,0.0,0.0,0.0,1000.0,0,10,0.23200000000000004,0.0,0.0
2182,0.0,0.0,0.0,1000.0,0,10,0.23400000000000004,0.0,0.0
2183,0.0,0.0,0.0,1000.0,0,10,0.23600000000000004,0.0,0.0
2184,0.0,0.0,0.0,1000.0,0,10,0.23800000000000004,0.0,0.0
2185,0.0,0.0,0.0,1000.0,0,10,0.24000000000000005,0.0,0.0
2186,0.0,0.0,0.0,1000.0,0,10,0.24200000000000005,0.0,0.0
2187,0.0,0.0,0.0,1000.0,0,10,0.24400000000000005,0.0,0.0
2188,0.0,0.0,0.0,1000.0,0,10,0.24599999999999994,0.0,0.0
2189,0.0,0.0,0.0,1000.0,0,10,0.24799999999999994,0.0,0.0
2190,0.0,0.0,0.0,1000.0,0,10,0.24999999999999994,0.0,0.0
2191,0.0,0.0,0.0,1000.0,0,10,0.25199999999999995,0.0,0.0
2192,0.0,0.0,0.0,1000.0,0,10,0.25399999999999995,0.0,0.0
2193,0.0,0.0,0.0,1000.0,0,10,0.25599999999999995,0.0,0.0
2194,0.0,0.0,0.0,1000.0,0,10,0.25799999999999995,0.0,0.0
2195,0.0,0.0,0.0,1000.0,0,10,0.25999999999999995,0.0,0.0
2196,0.0,0.0,0.0,1000.0,0,10,0.26199999999999996,0.0,0.0
2197,0.0,0.0,0.0,1000.0,0,10,0.26399999999999996,0.0,0.0
2198,0.0,0.0,0.0,1000.0,0,10,0.26599999999999996,0.0,0.0
2199,0.0,0.0,0.0,1000.0,0,10,0.26799999999999996,0.0,0.0
2200,0.0,0.0,0.0,1000.0,0,10,0.26999999999999996,0.0,0.0
2201,0.0,0.0,0.0,1000.0,0,10,0.27199999999999996,0.0,0.0
2202,0.0,0.0,0.0,1000.0,0,10,0.27399999999999997,0.0,0.0
2203,0.0,0.0,0.0,1000.0,0,10,0.27599999999999997,0.0,0.0
2204,0.0,0.0,0.0,1000.0,0,10,0.27799999999999997,0.0,0.0
2205,0.0,0.0,0.0,1000.0,0,10,0.27999999999999997,0.0,0.0
2206,0.0,0.0,0.0,1000.0,0,10,0.282,0.0,0.0
2207,0.0,0.0,0.0,1000.0,0,10,0.284,0.0,0.0
2208,0.0,0.0,0.0,1000.0,0,10,0.286,0.0,0.0
2209,0.0,0.0,0.0,1000.0,0,10,0.288,0.0,0.0
2210,0.0,0.0,0.0,1000.0,0,10,0.29,0.0,0.0
2211,0.0,0.0,0.0,1000.0,0,10,0.292,0.0,0.0
2212,0.0,0.0,0.0,1000.0,0,10,0.294,0.0,0.0
2213,0.0,0.0,0.0,1000.0,0,10,0.296,0.0,0.0
2214,0.0,0.0,0.0,1000.0,0,10,0.298,0.0,0.0
2215,0.0,0.0,0.0,1000.0,0,10,0.3,0.0,0.0
2216,0.0,0.0,0.0,1000.0,0,10,0.302,0.0,0.0
2217,0.0,0.0,0.0,1000.0,0,10,0.304,0.0,0.0
2218,0.0,0.0,0.0,1000.0,0,10,0.306,0.0,0.0
2219,0.0,0.0,0.0,1000.0,0,10,0.308,0.0,0.0
2220,0.0,0.0,0.0,1000.0,0,10,0.31,0.0,0.0
2221,0.0,0.0,0.0,1000.0,0,10,0.312,0.0,0.0
2222,0.0,0.0,0.0,1000.0,0,10,0.314,0.0,0.0
2223,0.0,0.0,0.0,1000.0,0,10,0.316,0.0,0.0
2224,0.0,0.0,0.0,1000.0,0,10,0.318,0.0,0.0
2225,0.0,0.0,0.0,1000.0,0,10,0.32,0.0,0.0
2226,0.0,0.0,0.0,1000.0,0,10,0.322,0.0,0.0
2227,0.0,0.0,0.0,1000.0,0,10,0.324,0.0,0.0
2228,0.0,0.0,0.0,1000.0,0,10,0.326,0.0,0.0
2229,0.0,0.0,0.0,1000.0,0,10,0.328,0.0,0.0
2230,0.0,0.0,0.0,1000.0,0,10,0.33,0.0,0.0
2231,0.0,0.0,0.0,1000.0,0,10,0.332,0.0,0.0
2232,0.0,0.0,0.0,1000.0,0,10,0.334,0.0,0.0
2233,0.0,0.0,0.0,1000.0,0,10,0.336,0.0,0.0
2234,0.0,0.0,0.0,1000.0,0,10,0.338,0.0,0.0
2235,0.0,0.0,0.0,1000.0,0,10,0.34,0.0,0.0
2236,0.0,0.0,0.0,1000.0,0,10,0.342,0.0,0.0
2237,0.0,0.0,0.0,1000.0,0,10,0.34400000000000003,0.0,0.0
2238,0.0,0.0,0.0,1000.0,0,10,0.34600000000000003,0.0,0.0
2239,0.0,0.0,0.0,1000.0,0,10,0.34800000000000003,0.0,0.0
2240,0.0,0.0,0.0,1000.0,0,10,0.35000000000000003,0.0,0.0
2241,0.0,0.0,0.0,1000.0,0,10,0.35200000000000004,0.0,0.0
2242,0.0,0.0,0.0,1000.0,0,10,0.35400000000000004,0.0,0.0
2243,0.0,0.0,0.0,1000.0,0,10,0.35600000000000004,0.0,0.0
2244,0.0,0.0,0.0,1000.0,0,10,0.35800000000000004,0.0,0.0
2245,0.0,0.0,0.0,1000.0,0,10,0.36000000000000004,0.0,0.0
2246,0.0,0.0,0.0,1000.0,0,10,0.36200000000000004,0.0,0.0
2247,0.0,0.0,0.0,1000.0,0,10,0.36400000000000005,0.0,0.0
2248,0.0,0.0,0.0,1000.0,0,10,0.36600000000000005,0.0,0.0
2249,0.0,0.0,0.0,1000.0,0,10,0.36800000000000005,0.0,0.0
2250,0.0,0.0,0.0,1000.0,0,10,0.37000000000000005,0.0,0.0
2251,0.0,0.0,0.0,1000.0,0,10,0.37200000000000005,0.0,0.0
2252,0.0,0.0,0.0,1000.0,0,10,0.37400000000000005,0.0,0.0
2253,0.0,0.0,0.0,1000.0,0,10,0.37599999999999995,0.0,0.0
2254,0.0,0.0,0.0,1000.0,0,10,0.37799999999999995,0.0,0.0
2255,0.0,0.0,0.0,1000.0,0,10,0.37999999999999995,0.0,0.0
2256,0.0,0.0,0.0,1000.0,0,10,0.38199999999999995,0.0,0.0
2257,0.0,0.0,0.0,1000.0,0,10,0.38399999999999995,0.0,0.0
2258,0.0,0.0,0.0,1000.0,0,10,0.38599999999999995,0.0,0.0
2259,0.0,0.0,0.0,1000.0,0,10,0.38799999999999996,0.0,0.0
2260,0.0,0.0,0.0,1000.0,0,10,0.38999999999999996,0.0,0.0
2261,0.0,0.0,0.0,1000.0,0,10,0.39199999999999996,0.0,0.0
2262,0.0,0.0,0.0,1000.0,0,10,0.39399999999999996,0.0,0.0
2263,0.0,0.0,0.0,1000.0,0,10,0.39599999999999996,0.0,0.0
2264,0.0,0.0,0.0,1000.0,0,10,0.39799999999999996,0.0,0.0
2265,0.0,0.0,0.0,1000.0,0,10,0.39999999999999997,0.0,0.0
2266,0.0,0.0,0.0,1000.0,0,10,0.40199999999999997,0.0,0.0
2267,0.0,0.0,0.0,1000.0,0,10,0.40399999999999997,0.0,0.0
2268,0.0,0.0,0.0,1000.0,0,10,0.40599999999999997,0.0,0.0
2269,0.0,0.0,0.0,1000.0,0,10,0.408,0.0,0.0
2270,0.0,0.0,0.0,1000.0,0,10,0.41,0.0,0.0
2271,0.0,0.0,0.0,1000.0,0,10,0.412,0.0,0.0
2272,0.0,0.0,0.0,1000.0,0,10,0.414,0.0,0.0
2273,0.0,0.0,0.0,1000.0,0,10,0.416,0.0,0.0
2274,0.0,0.0,0.0,1000.0,0,10,0.418,0.0,0.0
2275,0.0,0.0,0.0,1000.0,0,10,0.42,0.0,0.0
2276,0.0,0.0,0.0,1000.0,0,10,0.422,0.0,0.0
2277,0.0,0.0,0.0,1000.0,0,10,0.424,0.0,0.0
2278,0.0,0.0,0.0,1000.0,0,10,0.426,0.0,0.0
2279,0.0,0.0,0.0,1000.0,0,10,0.428,0.0,0.0
2280,0.0,0.0,0.0,1000.0,0,10,0.43,0.0,0.0
2281,0.0,0.0,0.0,1000.0,0,10,0.432,0.0,0.0
2282,0.0,0.0,0.0,1000.0,0,10,0.434,0.0,0.0
2283,0.0,0.0,0.0,1000.0,0,10,0.436,0.0,0.0
2284,0.0,0.0,0.0,1000.0,0,10,0.438,0.0,0.0
2285,0.0,0.0,0.0,1000.0,0,10,0.44,0.0,0.0
2286,0.0,0.0,0.0,1000.0,0,10,0.442,0.0,0.0
2287,0.0,0.0,0.0,1000.0,0,10,0.444,0.0,0.0
2288,0.0,0.0,0.0,1000.0,0,10,0.446,0.0,0.0
2289,0.0,0.0,0.0,1000.0,0,10,0.448,0.0,0.0
2290,0.0,0.0,0.0,1000.0,0,10,0.45,0.0,0.0
2291,0.0,0.0,0.0,1000.0,0,10,0.452,0.0,0.0
2292,0.0,0.0,0.0,1000.0,0,10,0.454,0.0,0.0
2293,0.0,0.0,0.0,1000.0,0,10,0.456,0.0,0.0
2294,0.0,0.0,0.0,1000.0,0,10,0.458,0.0,0.0
2295,0.0,0.0,0.0,1000.0,0,10,-0.458,0.0,0.002
2296,0.0,0.0,0.0,1000.0,0,10,-0.456,0.0,0.002
2297,0.0,0.0,0.0,1000.0,0,10,-0.454,0.0,0.002
2298,0.0,0.0,0.0,1000.0,0,10,-0.452,0.0,0.002
2299,0.0,0.0,0.0,1000.0,0,10,-0.45,0.0,0.002
2300,0.0,0.0,0.0,1000.0,0,10,0.45,0.0,0.002
2301,0.0,0.0,0.0,1000.0,0,10,0.452,0.0,0.002
2302,0.0,0.0,0.0,1000.0,0,10,0.454,0.0,0.002
2303,0.0,0.0,0.0,1000.0,0,10,0.456,0.0,0.002
2304,0.0,0.0,0.0,1000.0,0,10,0.458,0.0,0.002
2305,0.0,0.0,0.0,1000.0,0,10,-0.458,0.0,0.004
2306,0.0,0.0,0.0,1000.0,0,10,-0.456,0.0,0.004
2307,0.0,0.0,0.0,1000.0,0,10,-0.454,0.0,0.004
2308,0.0,0.0,0.0,1000.0,0,10,-0.452,0.0,0.004
2309,0.0,0.0,0.0,1000.0,0,10,-0.45,0.0,0.004
2310,0.0,0.0,0.0,1000.0,0,10,0.45,0.0,0.004
2311,0.0,0.0,0.0,1000.0,0,10,0.452,0.0,0.004
2312,0.0,0.0,0.0,1000.0,0,10,0.454,0.0,0.004
2313,0.0,0.0,0.0,1000.0,0,10,0.456,0.0,0.004
2314,0.0,0.0,0.0,1000.0,0,10,0.458,0.0,0.004
2315,0.0,0.0,0.0,1000.0,0,10,-0.458,0.0,0.006
2316,0.0,0.0,0.0,1000.0,0,10,-0.456,0.0,0.006
2317,0.0,0.0,0.0,1000.0,0,10,-0.454,0.0,0.006
2318,0.0,0.0,0.0,1000.0,0,10,-0.452,0.0,0.006
2319,0.0,0.0,0.0,1000.0,0,10,-0.45,0.0,0.006
2320,0.0,0.0,0.0,1000.0,0,10,0.45,0.0,0.006
2321,0.0,0.0,0.0,1000.0,0,10,0.452,0.0,0.006
2322,0.0,0.0,0.0,1000.0,0,10,0.454,0.0,0.006
2323,0.0,0.0,0.0,1000.0,0,10,0.456,0.0,0.006
2324,0.0,0.0,0.0,1000.0,0,10,0.458,0.0,0.006
2325,0.0,0.0,0.0,1000.0,0,10,-0.458,0.0,0.008
2326,0.0,0.0,0.0,1000.0,0,10,-0.456,0.0,0.008
2327,0.0,0.0,0.0,1000.0,0,10,-0.454,0.0,0.008
2328,0.0,0.0,0.0,1000.0,0,10,-0.452,0.0,0.008
2329,0.0,0.0,0.0,1000.0,0,10,-0.45,0.0,0.008
2330,0.0,0.0,0.0,1000.0,0,10,0.45,0.0,0.008
2331,0.0,0.0,0.0,1000.0,0,10,0.452,0.0,0.008
2332,0.0,0.0,0.0,1000.0,0,10,0.454,0.0,0.008
2333,0.0,0.0,0.0,1000.0,0,10,0.456,0.0,0.008
2334,0.0,0.0,0.0,1000.0,0,10,0.458,0.0,0.008
2335,0.0,0.0,0.0,1000.0,0,10,-0.458,0.0,0.010000000000000002
2336,0.0,0.0,0.0,1000.0,0,10,-0.456,0.0,0.010000000000000002
2337,0.0,0.0,0.0,1000.0,0,10,-0.454,0.0,0.010000000000000002
2338,0.0,0.0,0.0,1000.0,0,10,-0.452,0.0,0.010000000000000002
2339,0.0,0.0,0.0,1000.0,0,10,-0.45,0.0,0.010000000000000002
2340,0.0,0.0,0.0,1000.0,0,10,0.45,0.0,0.010000000000000002
2341,0.0,0.0,0.0,1000.0,0,10,0.452,0.0,0.010000000000000002
2342,0.0,0.0,0.0,1000.0,0,10,0.454,0.0,0.010000000000000002
2343,0.0,0.0,0.0,1000.0,0,10,0.456,0.0,0.010000000000000002
2344,0.0,0.0,0.0,1000.0,0,10,0.458,0.0,0.010000000000000002
2345,0.0,0.0,0.0,1000.0,0,10,-0.458,0.0,0.012
2346,0.0,0.0,0.0,1000.0,0,10,-0.456,0.0,0.012
2347,0.0,0.0,0.0,1000.0,0,10,-0.454,0.0,0.012
2348,0.0,0.0,0.0,1000.0,0,10,-0.452,0.0,0.012
2349,0.0,0.0,0.0,1000.0,0,10,-0.45,0.0,0.012
2350,0.0,0.0,0.0,1000.0,0,10,0.45,0.0,0.012
2351,0.0,0.0,0.0,1000.0,0,10,0.452,0.0,0.012
2352,0.0,0.0,0.0,1000.0,0,10,0.454,0.0,0.012
2353,0.0,0.0,0.0,1000.0,0,10,0.456,0.0,0.012
2354,0.0,0.0,0.0,1000.0,0,10,0.458,0.0,0.012
2355,0.0,0.0,0.0,1000.0,0,10,-0.458,0.0,0.013999999999999999
2356,0.0,0.0,0.0,1000.0,0,10,-0.456,0.0,0.013999999999999999
2357,0.0,0.0,0.0,1000.0,0,10,-0.454,0.0,0.013999999999999999
2358,0.0,0.0,0.0,1000.0,0,10,-0.452,0.0,0.013999999999999999
2359,0.0,0.0,0.0,1000.0,0,10,-0.45,0.0,0.013999999999999999
2360,0.0,0.0,0.0,1000.0,0,10,0.45,0.0,0.013999999999999999
2361,0.0,0.0,0.0,1000.0,0,10,0.452,0.0,0.013999999999999999
2362,0.0,0.0,0.0,1000.0,0,10,0.454,0.0,0.013999999999999999
2363,0.0,0.0,0.0,1000.0,0,10,0.456,0.0,0.013999999999999999
2364,0.0,0.0,0.0,1000.0,0,10,0.458,0.0,0.013999999999999999
2365,0.0,0.0,0.0,1000.0,0,10,-0.458,0.0,0.016
2366,0.0,0.0,0.0,1000.0,0,10,-0.456,0.0,0.016
2367,0.0,0.0,0.0,1000.0,0,10,-0.454,0.0,0.016
2368,0.0,0.0,0.0,1000.0,0,10,-0.452,0.0,0.016
2369,0.0,0.0,0.0,1000.0,0,10,-0.45,0.0,0.016
2370,0.0,0.0,0.0,1000.0,0,10,0.45,0.0,0.016
2371,0.0,0.0,0.0,1000.0,0,10,0.452,0.0,0.016
2372,0.0,0.0,0.0,1000.0,0,10,0.454,0.0,0.016
2373,0.0,0.0,0.0,1000.0,0,10,0.456,0.0,0.016
2374,0.0,0.0,0.0,1000.0,0,10,0.458,0.0,0.016
2375,0.0,0.0,0.0,1000.0,0,10,-0.458,0.0,0.018000000000000002
2376,0.0,0.0,0.0,1000.0,0,10,-0.456,0.0,0.018000000000000002
2377,0.0,0.0,0.0,1000.0,0,10,-0.454,0.0,0.018000000000000002
2378,0.0,0.0,0.0,1000.0,0,10,-0.452,0.0,0.018000000000000002
2379,0.0,0.0,0.0,1000.0,0,10,-0.45,0.0,0.018000000000000002
2380,0.0,0.0,0.0,1000.0,0,10,0.45,0.0,0.018000000000000002
2381,0.0,0.0,0.0,1000.0,0,10,0.452,0.0,0.018000000000000002
2382,0.0,0.0,0.0,1000.0,0,10,0.454,0.0,0.018000000000000002
2383,0.0,0.0,0.0,1000.0,0,10,0.456,0.0,0.018000000000000002
2384,0.0,0.0,0.0,1000.0,0,10,0.458,0.0,0.018000000000000002
2385,0.0,0.0,0.0,1000.0,0,10,-0.458,0.0,0.02
2386,0.0,0.0,0.0,1000.0,0,10,-0.456,0.0,0.02
2387,0.0,0.0,0.0,1000.0,0,10,-0.454,0.0,0.02
2388,0.0,0.0,0.0,1000.0,0,10,-0.452,0.0,0.02
2389,0.0,0.0,0.0,1000.0,0,10,-0.45,0.0,0.02
2390,0.0,0.0,0.0,1000.0,0,10,0.45,0.0,0.02
2391,0.0,0.0,0.0,1000.0,0,10,0.452,0.0,0.02
2392,0.0,0.0,0.0,1000.0,0,10,0.454,0.0,0.02
2393,0.0,0.0,0.0,1000.0,0,10,0.456,0.0,0.02
2394,0.0,0.0,0.0,1000.0,0,10,0.458,0.0,0.02
2395,0.0,0.0,0.0,1000.0,0,10,-0.458,0.0,0.022
2396,0.0,0.0,0.0,1000.0,0,10,-0.456,0.0,0.022
2397,0.0,0.0,0.0,1000.0,0,10,-0.454,0.0,0.022
2398,0.0,0.0,0.0,1000.0,0,10,-0.452,0.0,0.022
2399,0.0,0.0,0.0,1000.0,0,10,-0.45,0.0,0.022
2400,0.0,0.0,0.0,1000.0,0,10,0.45,0.0,0.022
2401,0.0,0.0,0.0,1000.0,0,10,0.452,0.0,0.022
2402,0.0,0.0,0.0,1000.0,0,10,0.454,0.0,0.022
2403,0.0,0.0,0.0,1000.0,0,10,0.456,0.0,0.022
2404,0.0,0.0,0.0,1000.0,0,10,0.458,0.0,0.022
2405,0.0,0.0,0.0,1000.0,0,10,-0.458,0.0,0.024
2406,0.0,0.0,0.0,1000.0,0,10,-0.456,0.0,0.024
2407,0.0,0.0,0.0,1000.0,0,10,-0.454,0.0,0.024
2408,0.0,0.0,0.0,1000.0,0,10,-0.452,0.0,0.024
2409,0.0,0.0,0.0,1000.0,0,10,-0.45,0.0,0.024
2410,0.0,0.0,0.0,1000.0,0,10,0.45,0.0,0.024
2411,0.0,0.0,0.0,1000.0,0,10,0.452,0.0,0.024
2412,0.0,0.0,0.0,1000.0,0,10,0.454,0.0,0.024
2413,0.0,0.0,0.0,1000.0,0,10,0.456,0.0,0.024
2414,0.0,0.0,0.0,1000.0,0,10,0.458,0.0,0.024
2415,0.0,0.0,0.0,1000.0,0,10,-0.458,0.0,0.026000000000000002
2416,0.0,0.0,0.0,1000.0,0,10,-0.456,0.0,0.026000000000000002
2417,0.0,0.0,0.0,1000.0,0,10,-0.454,0.0,0.026000000000000002
2418,0.0,0.0,0.0,1000.0,0,10,-0.452,0.0,0.026000000000000002
2419,0.0,0.0,0.0,1000.0,0,10,-0.45,0.0,0.026000000000000002
2420,0.0,0.0,0.0,1000.0,0,10,0.45,0.0,0.026000000000000002
2421,0.0,0.0,0.0,1000.0,0,10,0.452,0.0,0.026000000000000002
2422,0.0,0.0,0.0,1000.0,0,10,0.454,0.0,0.026000000000000002
2423,0.0,0.0,0.0,1000.0,0,10,0.456,0.0,0.026000000000000002
2424,0.0,0.0,0.0,1000.0,0,10,0.458,0.0,0.026000000000000002
2425,0.0,0.0,0.0,1000.0,0,10,-0.458,0.0,0.028000000000000004
2426,0.0,0.0,0.0,1000.0,0,10,-0.456,0.0,0.028000000000000004
2427,0.0,0.0,0.0,1000.0,0,10,-0.454,0.0,0.028000000000000004
2428,0.0,0.0,0.0,1000.0,0,10,-0.452,0.0,0.028000000000000004
2429,0.0,0.0,0.0,1000.0,0,10,-0.45,0.0,0.028000000000000004
2430,0.0,0.0,0.0,1000.0,0,10,0.45,0.0,0.028000000000000004
2431,0.0,0.0,0.0,1000.0,0,10,0.452,0.0,0.028000000000000004
2432,0.0,0.0,0.0,1000.0,0,10,0.454,0.0,0.028000000000000004
2433,0.0,0.0,0.0,1000.0,0,10,0.456,0.0,0.028000000000000004
2434,0.0,0.0,0.0,1000.0,0,10,0.458,0.0,0.028000000000000004
2435,0.0,0.0,0.0,1000.0,0,10,-0.458,0.0,0.03
2436,0.0,0.0,0.0,1000.0,0,10,-0.456,0.0,0.03
2437,0.0,0.0,0.0,1000.0,0,10,-0.454,0.0,0.03
2438,0.0,0.0,0.0,1000.0,0,10,-0.452,0.0,0.03
2439,0.0,0.0,0.0,1000.0,0,10,-0.45,0.0,0.03
2440,0.0,0.0,0.0,1000.0,0,10,0.45,0.0,0.03
2441,0.0,0.0,0.0,1000.0,0,10,0.452,0.0,0.03
2442,0.0,0.0,0.0,1000.0,0,10,0.454,0.0,0.03
2443,0.0,0.0,0.0,1000.0,0,10,0.456,0.0,0.03
2444,0.0,0.0,0.0,1000.0,0,10,0.458,0.0,0.03
2445,0.0,0.0,0.0,1000.0,0,10,-0.458,0.0,0.032
2446,0.0,0.0,0.0,1000.0,0,10,-0.456,0.0,0.032
2447,0.0,0.0,0.0,1000.0,0,10,-0.454,0.0,0.032
2448,0.0,0.0,0.0,1000.0,0,10,-0.452,0.0,0.032
2449,0.0,0.0,0.0,1000.0,0,10,-0.45,0.0,0.032
2450,0.0,0.0,0.0,1000.0,0,10,0.45,0.0,0.032
2451,0.0,0.0,0.0,1000.0,0,10,0.452,0.0,0.032
2452,0.0,0.0,0.0,1000.0,0,10,0.454,0.0,0.032
2453,0.0,0.0,0.0,1000.0,0,10,0.456,0.0,0.032
2454,0.0,0.0,0.0,1000.0,0,10,0.458,0.0,0.032
2455,0.0,0.0,0.0,1000.0,0,10,-0.458,0.0,0.034
2456,0.0,0.0,0.0,1000.0,0,10,-0.456,0.0,0.034
2457,0.0,0.0,0.0,1000.0,0,10,-0.454,0.0,0.034
2458,0.0,0.0,0.0,1000.0,0,10,-0.452,0.0,0.034
2459,0.0,0.0,0.0,1000.0,0,10,-0.45,0.0,0.034
2460,0.0,0.0,0.0,1000.0,0,10,0.45,0.0,0.034
2461,0.0,0.0,0.0,1000.0,0,10,0.452,0.0,0.034
2462,0.0,0.0,0.0,1000.0,0,10,0.454,0.0,0.034
2463,0.0,0.0,0.0,1000.0,0,10,0.456,0.0,0.034
2464,0.0,0.0,0.0,1000.0,0,10,0.458,0.0,0.034
2465,0.0,0.0,0.0,1000.0,0,10,-0.458,0.0,0.036
2466,0.0,0.0,0.0,1000.0,0,10,-0.456,0.0,0.036
2467,0.0,0.0,0.0,1000.0,0,10,-0.454,0.0,0.036
2468,0.0,0.0,0.0,1000.0,0,10,-0.452,0.0,0.036
2469,0.0,0.0,0.0,1000.0,0,10,-0.45,0.0,0.036
2470,0.0,0.0,0.0,1000.0,0,10,0.45,0.0,0.036
2471,0.0,0.0,0.0,1000.0,0,10,0.452,0.0,0.036
2472,0.0,0.0,0.0,1000.0,0,10,0.454,0.0,0.036
2473,0.0,0.0,0.0,1000.0,0,10,0.456,0.0,0.036
2474,0.0,0.0,0.0,1000.0,0,10,0.458,0.0,0.036
2475,0.0,0.0,0.0,1000.0,0,10,-0.458,0.0,0.038
2476,0.0,0.0,0.0,1000.0,0,10,-0.456,0.0,0.038
2477,0.0,0.0,0.0,1000.0,0,10,-0.454,0.0,0.038
2478,0.0,0.0,0.0,1000.0,0,10,-0.452,0.0,0.038
2479,0.0,0.0,0.0,1000.0,0,10,-0.45,0.0,0.038
2480,0.0,0.0,0.0,1000.0,0,10,0.45,0.0,0.038
2481,0.0,0.0,0.0,1000.0,0,10,0.452,0.0,0.038
2482,0.0,0.0,0.0,1000.0,0,10,0.454,0.0,0.038
2483,0.0,0.0,0.0,1000.0,0,10,0.456,0.0,0.038
2484,0.0,0.0,0.0,1000.0,0,10,0.458,0.0,0.038
2485,0.0,0.0,0.0,1000.0,0,10,-0.458,0.0,0.04
2486,0.0,0.0,0.0,1000.0,0,10,-0.456,0.0,0.04
2487,0.0,0.0,0.0,1000.0,0,10,-0.454,0.0,0.04
2488,0.0,0.0,0.0,1000.0,0,10,-0.452,0.0,0.04
2489,0.0,0.0,0.0,1000.0,0,10,-0.45,0.0,0.04
2490,0.0,0.0,0.0,1000.0,0,10,0.45,0.0,0.04
2491,0.0,0.0,0.0,1000.0,0,10,0.452,0.0,0.04
2492,0.0,0.0,0.0,1000.0,0,10,0.454,0.0,0.04
2493,0.0,0.0,0.0,1000.0,0,10,0.456,0.0,0.04
2494,0.0,0.0,0.0,1000.0,0,10,0.458,0.0,0.04
2495,0.0,0.0,0.0,1000.0,0,10,-0.458,0.0,0.042
2496,0.0,0.0,0.0,1000.0,0,10,-0.456,0.0,0.042
2497,0.0,0.0,0.0,1000.0,0,10,-0.454,0.0,0.042
2498,0.0,0.0,0.0,1000.0,0,10,-0.452,0.0,0.042
2499,0.0,0.0,0.0,1000.0,0,10,-0.45,0.0,0.042
2500,0.0,0.0,0.0,1000.0,0,10,0.45,0.0,0.042
2501,0.0,0.0,0.0,1000.0,0,10,0.452,0.0,0.042
2502,0.0,0.0,0.0,1000.0,0,10,0.454,0.0,0.042
2503,0.0,0.0,0.0,1000.0,0,10,0.456,0.0,0.042
2504,0.0,0.0,0.0,1000.0,0,10,0.458,0.0,0.042
2505,0.0,0.0,0.0,1000.0,0,10,-0.458,0.0,0.044000000000000004
2506,0.0,0.0,0.0,1000.0,0,10,-0.456,0.0,0.044000000000000004
2507,0.0,0.0,0.0,1000.0,0,10,-0.454,0.0,0.044000000000000004
2508,0.0,0.0,0.0,1000.0,0,10,-0.452,0.0,0.044000000000000004
2509,0.0,0.0,0.0,1000.0,0,10,-0.45,0.0,0.044000000000000004
2510,0.0,0.0,0.0,1000.0,0,10,0.45,0.0,0.044000000000000004
2511,0.0,0.0,0.0,1000.0,0,10,0.452,0.0,0.044000000000000004
2512,0.0,0.0,0.0,1000.0,0,10,0.454,0.0,0.044000000000000004
2513,0.0,0.0,0.0,1000.0,0,10,0.456,0.0,0.044000000000000004
2514,0.0,0.0,0.0,1000.0,0,10,0.458,0.0,0.044000000000000004
2515,0.0,0.0,0.0,1000.0,0,10,-0.458,0.0,0.046
2516,0.0,0.0,0.0,1000.0,0,10,-0.456,0.0,0.046
2517,0.0,0.0,0.0,1000.0,0,10,-0.454,0.0,0.046
2518,0.0,0.0,0.0,1000.0,0,10,-0.452,0.0,0.046
2519,0.0,0.0,0.0,1000.0,0,10,-0.45,0.0,0.046
2520,0.0,0.0,0.0,1000.0,0,10,0.45,0.0,0.046
2521,0.0,0.0,0.0,1000.0,0,10,0.452,0.0,0.046
2522,0.0,0.0,0.0,1000.0,0,10,0.454,0.0,0.046
2523,0.0,0.0,0.0,1000.0,0,10,0.456,0.0,0.046
2524,0.0,0.0,0.0,1000.0,0,10,0.458,0.0,0.046
2525,0.0,0.0,0.0,1000.0,0,10,-0.458,0.0,0.048
2526,0.0,0.0,0.0,1000.0,0,10,-0.456,0.0,0.048
2527,0.0,0.0,0.0,1000.0,0,10,-0.454,0.0,0.048
2528,0.0,0.0,0.0,1000.0,0,10,-0.452,0.0,0.048
2529,0.0,0.0,0.0,1000.0,0,10,-0.45,0.0,0.048
2530,0.0,0.0,0.0,1000.0,0,10,0.45,0.0,0.048
2531,0.0,0.0,0.0,1000.0,0,10,0.452,0.0,0.048
2532,0.0,0.0,0.0,1000.0,0,10,0.454,0.0,0.048
2533,0.0,0.0,0.0,1000.0,0,10,0.456,0.0,0.048
2534,0.0,0.0,0.0,1000.0,0,10,0.458,0.0,0.048
2535,0.0,0.0,0.0,1000.0,0,10,-0.458,0.0,0.05
2536,0.0,0.0,0.0,1000.0,0,10,-0.456,0.0,0.05
2537,0.0,0.0,0.0,1000.0,0,10,-0.454,0.0,0.05
2538,0.0,0.0,0.0,1000.0,0,10,-0.452,0.0,0.05
2539,0.0,0.0,0.0,1000.0,0,10,-0.45,0.0,0.05
2540,0.0,0.0,0.0,1000.0,0,10,0.45,0.0,0.05
2541,0.0,0.0,0.0,1000.0,0,10,0.452,0.0,0.05
2542,0.0,0.0,0.0,1000.0,0,10,0.454,0.0,0.05
2543,0.0,0.0,0.0,1000.0,0,10,0.456,0.0,0.05
2544,0.0,0.0,0.0,1000.0,0,10,0.458,0.0,0.05
2545,0.0,0.0,0.0,1000.0,0,10,-0.458,0.0,0.052
2546,0.0,0.0,0.0,1000.0,0,10,-0.456,0.0,0.052
2547,0.0,0.0,0.0,1000.0,0,10,-0.454,0.0,0.052
2548,0.0,0.0,0.0,1000.0,0,10,-0.452,0.0,0.052
2549,0.0,0.0,0.0,1000.0,0,10,-0.45,0.0,0.052
2550,0.0,0.0,0.0,1000.0,0,10,0.45,0.0,0.052
2551,0.0,0.0,0.0,1000.0,0,10,0.452,0.0,0.052
2552,0.0,0.0,0.0,1000.0,0,10,0.454,0.0,0.052
2553,0.0,0.0,0.0,1000.0,0,10,0.456,0.0,0.052
2554,0.0,0.0,0.0,1000.0,0,10,0.458,0.0,0.052
2555,0.0,0.0,0.0,1000.0,0,10,-0.458,0.0,0.054
2556,0.0,0.0,0.0,1000.0,0,10,-0.456,0.0,0.054
2557,0.0,0.0,0.0,1000.0,0,10,-0.454,0.0,0.054
2558,0.0,0.0,0.0,1000.0,0,10,-0.452,0.0,0.054
2559,0.0,0.0,0.0,1000.0,0,10,-0.45,0.0,0.054
2560,0.0,0.0,0.0,1000.0,0,10,0.45,0.0,0.054
2561,0.0,0.0,0.0,1000.0,0,10,0.452,0.0,0.054
2562,0.0,0.0,0.0,1000.0,0,10,0.454,0.0,0.054
2563,0.0,0.0,0.0,1000.0,0,10,0.456,0.0,0.054
2564,0.0,0.0,0.0,1000.0,0,10,0.458,0.0,0.054
2565,0.0,0.0,0.0,1000.0,0,10,-0.458,0.0,0.056
2566,0.0,0.0,0.0,1000.0,0,10,-0.456,0.0,0.056
2567,0.0,0.0,0.0,1000.0,0,10,-0.454,0.0,0.056
2568,0.0,0.0,0.0,1000.0,0,10,-0.452,0.0,0.056
2569,0.0,0.0,0.0,1000.0,0,10,-0.45,0.0,0.056
2570,0.0,0.0,0.0,1000.0,0,10,0.45,0.0,0.056
2571,0.0,0.0,0.0,1000.0,0,10,0.452,0.0,0.056
2572,0.0,0.0,0.0,1000.0,0,10,0.454,0.0,0.056
2573,0.0,0.0,0.0,1000.0,0,10,0.456,0.0,0.056
2574,0.0,0.0,0.0,1000.0,0,10,0.458,0.0,0.056
2575,0.0,0.0,0.0,1000.0,0,10,-0.458,0.0,0.058
2576,0.0,0.0,0.0,1000.0,0,10,-0.456,0.0,0.058
2577,0.0,0.0,0.0,1000.0,0,10,-0.454,0.0,0.058
2578,0.0,0.0,0.0,1000.0,0,10,-0.452,0.0,0.058
2579,0.0,0.0,0.0,1000.0,0,10,-0.45,0.0,0.058
2580,0.0,0.0,0.0,1000.0,0,10,0.45,0.0,0.058
2581,0.0,0.0,0.0,1000.0,0,10,0.452,0.0,0.058
2582,0.0,0.0,0.0,1000.0,0,10,0.454,0.0,0.058
2583,0.0,0.0,0.0,1000.0,0,10,0.456,0.0,0.058
2584,0.0,0.0,0.0,1000.0,0,10,0.458,0.0,0.058
2585,0.0,0.0,0.0,1000.0,0,10,-0.458,0.0,0.060000000000000005
2586,0.0,0.0,0.0,1000.0,0,10,-0.456,0.0,0.060000000000000005
2587,0.0,0.0,0.0,1000.0,0,10,-0.454,0.0,0.060000000000000005
2588,0.0,0.0,0.0,1000.0,0,10,-0.452,0.0,0.060000000000000005
2589,0.0,0.0,0.0,1000.0,0,10,-0.45,0.0,0.060000000000000005
2590,0.0,0.0,0.0,1000.0,0,10,0.45,0.0,0.060000000000000005
2591,0.0,0.0,0.0,1000.0,0,10,0.452,0.0,0.060000000000000005
2592,0.0,0.0,0.0,1000.0,0,10,0.454,0.0,0.060000000000000005
2593,0.0,0.0,0.0,1000.0,0,10,0.456,0.0,0.060000000000000005
2594,0.0,0.0,0.0,1000.0,0,10,0.458,0.0,0.060000000000000005
2595,0.0,0.0,0.0,1000.0,0,10,-0.458,0.0,0.062000000000000006
2596,0.0,0.0,0.0,1000.0,0,10,-0.456,0.0,0.062000000000000006
2597,0.0,0.0,0.0,1000.0,0,10,-0.454,0.0,0.062000000000000006
2598,0.0,0.0,0.0,1000.0,0,10,-0.452,0.0,0.062000000000000006
2599,0.0,0.0,0.0,1000.0,0,10,-0.45,0.0,0.062000000000000006
2600,0.0,0.0,0.0,1000.0,0,10,0.45,0.0,0.062000000000000006
2601,0.0,0.0,0.0,1000.0,0,10,0.452,0.0,0.062000000000000006
2602,0.0,0.0,0.0,1000.0,0,10,0.454,0.0,0.062000000000000006
2603,0.0,0.0,0.0,1000.0,0,10,0.456,0.0,0.062000000000000006
2604,0.0,0.0,0.0,1000.0,0,10,0.458,0.0,0.062000000000000006
2605,0.0,0.0,0.0,1000.0,0,10,-0.458,0.0,0.064
2606,0.0,0.0,0.0,1000.0,0,10,-0.456,0.0,0.064
2607,0.0,0.0,0.0,1000.0,0,10,-0.454,0.0,0.064
2608,0.0,0.0,0.0,1000.0,0,10,-0.452,0.0,0.064
2609,0.0,0.0,0.0,1000.0,0,10,-0.45,0.0,0.064
2610,0.0,0.0,0.0,1000.0,0,10,0.45,0.0,0.064
2611,0.0,0.0,0.0,1000.0,0,10,0.452,0.0,0.064
2612,0.0,0.0,0.0,1000.0,0,10,0.454,0.0,0.064
2613,0.0,0.0,0.0,1000.0,0,10,0.456,0.0,0.064
2614,0.0,0.0,0.0,1000.0,0,10,0.458,0.0,0.064
2615,0.0,0.0,0.0,1000.0,0,10,-0.458,0.0,0.066
2616,0.0,0.0,0.0,1000.0,0,10,-0.456,0.0,0.066
2617,0.0,0.0,0.0,1000.0,0,10,-0.454,0.0,0.066
2618,0.0,0.0,0.0,1000.0,0,10,-0.452,0.0,0.066
2619,0.0,0.0,0.0,1000.0,0,10,-0.45,0.0,0.066
2620,0.0,0.0,0.0,1000.0,0,10,0.45,0.0,0.066
2621,0.0,0.0,0.0,1000.0,0,10,0.452,0.0,0.066
2622,0.0,0.0,0.0,1000.0,0,10,0.454,0.0,0.066
2623,0.0,0.0,0.0,1000.0,0,10,0.456,0.0,0.066
2624,0.0,0.0,0.0,1000.0,0,10,0.458,0.0,0.066
2625,0.0,0.0,0.0,1000.0,0,10,-0.458,0.0,0.068
2626,0.0,0.0,0.0,1000.0,0,10,-0.456,0.0,0.068
2627,0.0,0.0,0.0,1000.0,0,10,-0.454,0.0,0.068
2628,0.0,0.0,0.0,1000.0,0,10,-0.452,0.0,0.068
2629,0.0,0.0,0.0,1000.0,0,10,-0.45,0.0,0.068
2630,0.0,0.0,0.0,1000.0,0,10,0.45,0.0,0.068
2631,0.0,0.0,0.0,1000.0,0,10,0.452,0.0,0.068
2632,0.0,0.0,0.0,1000.0,0,10,0.454,0.0,0.068
2633,0.0,0.0,0.0,1000.0,0,10,0.456,0.0,0.068
2634,0.0,0.0,0.0,1000.0,0,10,0.458,0.0,0.068
2635,0.0,0.0,0.0,1000.0,0,10,-0.458,0.0,0.07
2636,0.0,0.0,0.0,1000.0,0,10,-0.456,0.0,0.07
2637,0.0,0.0,0.0,1000.0,0,10,-0.454,0.0,0.07
2638,0.0,0.0,0.0,1000.0,0,10,-0.452,0.0,0.07
2639,0.0,0.0,0.0,1000.0,0,10,-0.45,0.0,0.07
2640,0.0,0.0,0.0,1000.0,0,10,0.45,0.0,0.07
2641,0.0,0.0,0.0,1000.0,0,10,0.452,0.0,0.07
2642,0.0,0.0,0.0,1000.0,0,10,0.454,0.0,0.07
2643,0.0,0.0,0.0,1000.0,0,10,0.456,0.0,0.07
2644,0.0,0.0,0.0,1000.0,0,10,0.458,0.0,0.07
2645,0.0,0.0,0.0,1000.0,0,10,-0.458,0.0,0.07200000000000001
2646,0.0,0.0,0.0,1000.0,0,10,-0.456,0.0,0.07200000000000001
2647,0.0,0.0,0.0,1000.0,0,10,-0.454,0.0,0.07200000000000001
2648,0.0,0.0,0.0,1000.0,0,10,-0.452,0.0,0.07200000000000001
2649,0.0,0.0,0.0,1000.0,0,10,-0.45,0.0,0.07200000000000001
2650,0.0,0.0,0.0,1000.0,0,10,0.45,0.0,0.07200000000000001
2651,0.0,0.0,0.0,1000.0,0,10,0.452,0.0,0.07200000000000001
2652,0.0,0.0,0.0,1000.0,0,10,0.454,0.0,0.07200000000000001
2653,0.0,0.0,0.0,1000.0,0,10,0.456,0.0,0.07200000000000001
2654,0.0,0.0,0.0,1000.0,0,10,0.458,0.0,0.07200000000000001
2655,0.0,0.0,0.0,1000.0,0,10,-0.458,0.0,0.07400000000000001
2656,0.0,0.0,0.0,1000.0,0,10,-0.456,0.0,0.07400000000000001
2657,0.0,0.0,0.0,1000.0,0,10,-0.454,0.0,0.07400000000000001
2658,0.0,0.0,0.0,1000.0,0,10,-0.452,0.0,0.07400000000000001
2659,0.0,0.0,0.0,1000.0,0,10,-0.45,0.0,0.07400000000000001
2660,0.0,0.0,0.0,1000.0,0,10,0.45,0.0,0.07400000000000001
2661,0.0,0.0,0.0,1000.0,0,10,0.452,0.0,0.07400000000000001
2662,0.0,0.0,0.0,1000.0,0,10,0.454,0.0,0.07400000000000001
2663,0.0,0.0,0.0,1000.0,0,10,0.456,0.0,0.07400000000000001
2664,0.0,0.0,0.0,1000.0,0,10,0.458,0.0,0.07400000000000001
2665,0.0,0.0,0.0,1000.0,0,10,-0.458,0.0,0.07600000000000001
2666,0.0,0.0,0.0,1000.0,0,10,-0.456,0.0,0.07600000000000001
2667,0.0,0.0,0.0,1000.0,0,10,-0.454,0.0,0.07600000000000001
2668,0.0,0.0,0.0,1000.0,0,10,-0.452,0.0,0.07600000000000001
2669,0.0,0.0,0.0,1000.0,0,10,-0.45,0.0,0.07600000000000001
2670,0.0,0.0,0.0,1000.0,0,10,0.45,0.0,0.07600000000000001
2671,0.0,0.0,0.0,1000.0,0,10,0.452,0.0,0.07600000000000001
2672,0.0,0.0,0.0,1000.0,0,10,0.454,0.0,0.07600000000000001
2673,0.0,0.0,0.0,1000.0,0,10,0.456,0.0,0.07600000000000001
2674,0.0,0.0,0.0,1000.0,0,10,0.458,0.0,0.07600000000000001
2675,0.0,0.0,0.0,1000.0,0,10,-0.458,0.0,0.07800000000000001
2676,0.0,0.0,0.0,1000.0,0,10,-0.456,0.0,0.07800000000000001
2677,0.0,0.0,0.0,1000.0,0,10,-0.454,0.0,0.07800000000000001
2678,0.0,0.0,0.0,1000.0,0,10,-0.452,0.0,0.07800000000000001
2679,0.0,0.0,0.0,1000.0,0,10,-0.45,0.0,0.07800000000000001
2680,0.0,0.0,0.0,1000.0,0,10,0.45,0.0,0.07800000000000001
2681,0.0,0.0,0.0,1000.0,0,10,0.452,0.0,0.07800000000000001
2682,0.0,0.0,0.0,1000.0,0,10,0.454,0.0,0.07800000000000001
2683,0.0,0.0,0.0,1000.0,0,10,0.456,0.0,0.07800000000000001
2684,0.0,0.0,0.0,1000.0,0,10,0.458,0.0,0.07800000000000001
2685,0.0,0.0,0.0,1000.0,0,10,-0.458,0.0,0.07999999999999999
2686,0.0,0.0,0.0,1000.0,0,10,-0.456,0.0,0.07999999999999999
2687,0.0,0.0,0.0,1000.0,0,10,-0.454,0.0,0.07999999999999999
2688,0.0,0.0,0.0,1000.0,0,10,-0.452,0.0,0.07999999999999999
2689,0.0,0.0,0.0,1000.0,0,10,-0.45,0.0,0.07999999999999999
2690,0.0,0.0,0.0,1000.0,0,10,0.45,0.0,0.07999999999999999
2691,0.0,0.0,0.0,1000.0,0,10,0.452,0.0,0.07999999999999999
2692,0.0,0.0,0.0,1000.0,0,10,0.454,0.0,0.07999999999999999
2693,0.0,0.0,0.0,1000.0,0,10,0.456,0.0,0.07999999999999999
2694,0.0,0.0,0.0,1000.0,0,10,0.458,0.0,0.07999999999999999
2695,0.0,0.0,0.0,1000.0,0,10,-0.458,0.0,0.08199999999999999
2696,0.0,0.0,0.0,1000.0,0,10,-0.456,0.0,0.08199999999999999
2697,0.0,0.0,0.0,1000.0,0,10,-0.454,0.0,0.08199999999999999
2698,0.0,0.0,0.0,1000.0,0,10,-0.452,0.0,0.08199999999999999
2699,0.0,0.0,0.0,1000.0,0,10,-0.45,0.0,0.08199999999999999
2700,0.0,0.0,0.0,1000.0,0,10,0.45,0.0,0.08199999999999999
2701,0.0,0.0,0.0,1000.0,0,10,0.452,0.0,0.08199999999999999
2702,0.0,0.0,0.0,1000.0,0,10,0.454,0.0,0.08199999999999999
2703,0.0,0.0,0.0,1000.0,0,10,0.456,0.0,0.08199999999999999
2704,0.0,0.0,0.0,1000.0,0,10,0.458,0.0,0.08199999999999999
2705,0.0,0.0,0.0,1000.0,0,10,-0.458,0.0,0.08399999999999999
2706,0.0,0.0,0.0,1000.0,0,10,-0.456,0.0,0.08399999999999999
2707,0.0,0.0,0.0,1000.0,0,10,-0.454,0.0,0.08399999999999999
2708,0.0,0.0,0.0,1000.0,0,10,-0.452,0.0,0.08399999999999999
2709,0.0,0.0,0.0,1000.0,0,10,-0.45,0.0,0.08399999999999999
2710,0.0,0.0,0.0,1000.0,0,10,0.45,0.0,0.08399999999999999
2711,0.0,0.0,0.0,1000.0,0,10,0.452,0.0,0.08399999999999999
2712,0.0,0.0,0.0,1000.0,0,10,0.454,0.0,0.08399999999999999
2713,0.0,0.0,0.0,1000.0,0,10,0.456,0.0,0.08399999999999999
2714,0.0,0.0,0.0,1000.0,0,10,0.458,0.0,0.08399999999999999
2715,0.0,0.0,0.0,1000.0,0,10,-0.458,0.0,0.086
2716,0.0,0.0,0.0,1000.0,0,10,-0.456,0.0,0.086
2717,0.0,0.0,0.0,1000.0,0,10,-0.454,0.0,0.086
2718,0.0,0.0,0.0,1000.0,0,10,-0.452,0.0,0.086
2719,0.0,0.0,0.0,1000.0,0,10,-0.45,0.0,0.086
2720,0.0,0.0,0.0,1000.0,0,10,0.45,0.0,0.086
2721,0.0,0.0,0.0,1000.0,0,10,0.452,0.0,0.086
2722,0.0,0.0,0.0,1000.0,0,10,0.454,0.0,0.086
2723,0.0,0.0,0.0,1000.0,0,10,0.456,0.0,0.086
2724,0.0,0.0,0.0,1000.0,0,10,0.458,0.0,0.086
2725,0.0,0.0,0.0,1000.0,0,10,-0.458,0.0,0.088
2726,0.0,0.0,0.0,1000.0,0,10,-0.456,0.0,0.088
2727,0.0,0.0,0.0,1000.0,0,10,-0.454,0.0,0.088
2728,0.0,0.0,0.0,1000.0,0,10,-0.452,0.0,0.088
2729,0.0,0.0,0.0,1000.0,0,10,-0.45,0.0,0.088
2730,0.0,0.0,0.0,1000.0,0,10,0.45,0.0,0.088
2731,0.0,0.0,0.0,1000.0,0,10,0.452,0.0,0.088
2732,0.0,0.0,0.0,1000.0,0,10,0.454,0.0,0.088
2733,0.0,0.0,0.0,1000.0,0,10,0.456,0.0,0.088
2734,0.0,0.0,0.0,1000.0,0,10,0.458,0.0,0.088
2735,0.0,0.0,0.0,1000.0,0,10,-0.458,0.0,0.09
2736,0.0,0.0,0.0,1000.0,0,10,-0.456,0.0,0.09
2737,0.0,0.0,0.0,1000.0,0,10,-0.454,0.0,0.09
2738,0.0,0.0,0.0,1000.0,0,10,-0.452,0.0,0.09
2739,0.0,0.0,0.0,1000.0,0,10,-0.45,0.0,0.09
2740,0.0,0.0,0.0,1000.0,0,10,0.45,0.0,0.09
2741,0.0,0.0,0.0,1000.0,0,10,0.452,0.0,0.09
2742,0.0,0.0,0.0,1000.0,0,10,0.454,0.0,0.09
2743,0.0,0.0,0.0,1000.0,0,10,0.456,0.0,0.09
2744,0.0,0.0,0.0,1000.0,0,10,0.458,0.0,0.09
2745,0.0,0.0,0.0,1000.0,0,10,-0.458,0.0,0.092
2746,0.0,0.0,0.0,1000.0,0,10,-0.456,0.0,0.092
2747,0.0,0.0,0.0,1000.0,0,10,-0.454,0.0,0.092
2748,0.0,0.0,0.0,1000.0,0,10,-0.452,0.0,0.092
2749,0.0,0.0,0.0,1000.0,0,10,-0.45,0.0,0.092
2750,0.0,0.0,0.0,1000.0,0,10,0.45,0.0,0.092
2751,0.0,0.0,0.0,1000.0,0,10,0.452,0.0,0.092
2752,0.0,0.0,0.0,1000.0,0,10,0.454,0.0,0.092
2753,0.0,0.0,0.0,1000.0,0,10,0.456,0.0,0.092
2754,0.0,0.0,0.0,1000.0,0,10,0.458,0.0,0.092
2755,0.0,0.0,0.0,1000.0,0,10,-0.458,0.0,0.094
2756,0.0,0.0,0.0,1000.0,0,10,-0.456,0.0,0.094
2757,0.0,0.0,0.0,1000.0,0,10,-0.454,0.0,0.094
2758,0.0,0.0,0.0,1000.0,0,10,-0.452,0.0,0.094
2759,0.0,0.0,0.0,1000.0,0,10,-0.45,0.0,0.094
2760,0.0,0.0,0.0,1000.0,0,10,0.45,0.0,0.094
2761,0.0,0.0,0.0,1000.0,0,10,0.452,0.0,0.094
2762,0.0,0.0,0.0,1000.0,0,10,0.454,0.0,0.094
2763,0.0,0.0,0.0,1000.0,0,10,0.456,0.0,0.094
2764,0.0,0.0,0.0,1000.0,0,10,0.458,0.0,0.094
2765,0.0,0.0,0.0,1000.0,0,10,-0.458,0.0,0.096
2766,0.0,0.0,0.0,1000.0,0,10,-0.456,0.0,0.096
2767,0.0,0.0,0.0,1000.0,0,10,-0.454,0.0,0.096
2768,0.0,0.0,0.0,1000.0,0,10,-0.452,0.0,0.096
2769,0.0,0.0,0.0,1000.0,0,10,-0.45,0.0,0.096
2770,0.0,0.0,0.0,1000.0,0,10,0.45,0.0,0.096
2771,0.0,0.0,0.0,1000.0,0,10,0.452,0.0,0.096
2772,0.0,0.0,0.0,1000.0,0,10,0.454,0.0,0.096
2773,0.0,0.0,0.0,1000.0,0,10,0.456,0.0,0.096
2774,0.0,0.0,0.0,1000.0,0,10,0.458,0.0,0.096
2775,0.0,0.0,0.0,1000.0,0,10,-0.458,0.0,0.098
2776,0.0,0.0,0.0,1000.0,0,10,-0.456,0.0,0.098
2777,0.0,0.0,0.0,1000.0,0,10,-0.454,0.0,0.098
2778,0.0,0.0,0.0,1000.0,0,10,-0.452,0.0,0.098
2779,0.0,0.0,0.0,1000.0,0,10,-0.45,0.0,0.098
2780,0.0,0.0,0.0,1000.0,0,10,0.45,0.0,0.098
2781,0.0,0.0,0.0,1000.0,0,10,0.452,0.0,0.098
2782,0.0,0.0,0.0,1000.0,0,10,0.454,0.0,0.098
2783,0.0,0.0,0.0,1000.0,0,10,0.456,0.0,0.098
2784,0.0,0.0,0.0,1000.0,0,10,0.458,0.0,0.098
2785,0.0,0.0,0.0,1000.0,0,10,-0.458,0.0,0.1
2786,0.0,0.0,0.0,1000.0,0,10,-0.456,0.0,0.1
2787,0.0,0.0,0.0,1000.0,0,10,-0.454,0.0,0.1
2788,0.0,0.0,0.0,1000.0,0,10,-0.452,0.0,0.1
2789,0.0,0.0,0.0,1000.0,0,10,-0.45,0.0,0.1
2790,0.0,0.0,0.0,1000.0,0,10,0.45,0.0,0.1
2791,0.0,0.0,0.0,1000.0,0,10,0.452,0.0,0.1
2792,0.0,0.0,0.0,1000.0,0,10,0.454,0.0,0.1
2793,0.0,0.0,0.0,1000.0,0,10,0.456,0.0,0.1
2794,0.0,0.0,0.0,1000.0,0,10,0.458,0.0,0.1
2795,0.0,0.0,0.0,1000.0,0,10,-0.458,0.0,0.10200000000000001
2796,0.0,0.0,0.0,1000.0,0,10,-0.456,0.0,0.10200000000000001
2797,0.0,0.0,0.0,1000.0,0,10,-0.454,0.0,0.10200000000000001
2798,0.0,0.0,0.0,1000.0,0,10,-0.452,0.0,0.10200000000000001
2799,0.0,0.0,0.0,1000.0,0,10,-0.45,0.0,0.10200000000000001
2800,0.0,0.0,0.0,1000.0,0,10,0.45,0.0,0.10200000000000001
2801,0.0,0.0,0.0,1000.0,0,10,0.452,0.0,0.10200000000000001
2802,0.0,0.0,0.0,1000.0,0,10,0.454,0.0,0.10200000000000001
2803,0.0,0.0,0.0,1000.0,0,10,0.456,0.0,0.10200000000000001
2804,0.0,0.0,0.0,1000.0,0,10,0.458,0.0,0.10200000000000001
2805,0.0,0.0,0.0,1000.0,0,10,-0.458,0.0,0.10400000000000001
2806,0.0,0.0,0.0,1000.0,0,10,-0.456,0.0,0.10400000000000001
2807,0.0,0.0,0.0,1000.0,0,10,-0.454,0.0,0.10400000000000001
2808,0.0,0.0,0.0,1000.0,0,10,-0.452,0.0,0.10400000000000001
2809,0.0,0.0,0.0,1000.0,0,10,-0.45,0.0,0.10400000000000001
2810,0.0,0.0,0.0,1000.0,0,10,0.45,0.0,0.10400000000000001
2811,0.0,0.0,0.0,1000.0,0,10,0.452,0.0,0.10400000000000001
2812,0.0,0.0,0.0,1000.0,0,10,0.454,0.0,0.10400000000000001
2813,0.0,0.0,0.0,1000.0,0,10,0.456,0.0,0.10400000000000001
2814,0.0,0.0,0.0,1000.0,0,10,0.458,0.0,0.10400000000000001
2815,0.0,0.0,0.0,1000.0,0,10,-0.458,0.0,0.10600000000000001
2816,0.0,0.0,0.0,1000.0,0,10,-0.456,0.0,0.10600000000000001
2817,0.0,0.0,0.0,1000.0,0,10,-0.454,0.0,0.10600000000000001
2818,0.0,0.0,0.0,1000.0,0,10,-0.452,0.0,0.10600000000000001
2819,0.0,0.0,0.0,1000.0,0,10,-0.45,0.0,0.10600000000000001
2820,0.0,0.0,0.0,1000.0,0,10,0.45,0.0,0.10600000000000001
2821,0.0,0.0,0.0,1000.0,0,10,0.452,0.0,0.10600000000000001
2822,0.0,0.0,0.0,1000.0,0,10,0.454,0.0,0.10600000000000001
2823,0.0,0.0,0.0,1000.0,0,10,0.456,0.0,0.10600000000000001
2824,0.0,0.0,0.0,1000.0,0,10,0.458,0.0,0.10600000000000001
2825,0.0,0.0,0.0,1000.0,0,10,-0.458,0.0,0.10800000000000001
2826,0.0,0.0,0.0,1000.0,0,10,-0.456,0.0,0.10800000000000001
2827,0.0,0.0,0.0,1000.0,0,10,-0.454,0.0,0.10800000000000001
2828,0.0,0.0,0.0,1000.0,0,10,-0.452,0.0,0.10800000000000001
2829,0.0,0.0,0.0,1000.0,0,10,-0.45,0.0,0.10800000000000001
2830,0.0,0.0,0.0,1000.0,0,10,0.45,0.0,0.10800000000000001
2831,0.0,0.0,0.0,1000.0,0,10,0.452,0.0,0.10800000000000001
2832,0.0,0.0,0.0,1000.0,0,10,0.454,0.0,0.10800000000000001
2833,0.0,0.0,0.0,1000.0,0,10,0.456,0.0,0.10800000000000001
2834,0.0,0.0,0.0,1000.0,0,10,0.458,0.0,0.10800000000000001
2835,0.0,0.0,0.0,1000.0,0,10,-0.458,0.0,0.11000000000000001
2836,0.0,0.0,0.0,1000.0,0,10,-0.456,0.0,0.11000000000000001
2837,0.0,0.0,0.0,1000.0,0,10,-0.454,0.0,0.11000000000000001
2838,0.0,0.0,0.0,1000.0,0,10,-0.452,0.0,0.11000000000000001
2839,0.0,0.0,0.0,1000.0,0,10,-0.45,0.0,0.11000000000000001
2840,0.0,0.0,0.0,1000.0,0,10,0.45,0.0,0.11000000000000001
2841,0.0,0.0,0.0,1000.0,0,10,0.452,0.0,0.11000000000000001
2842,0.0,0.0,0.0,1000.0,0,10,0.454,0.0,0.11000000000000001
2843,0.0,0.0,0.0,1000.0,0,10,0.456,0.0,0.11000000000000001
2844,0.0,0.0,0.0,1000.0,0,10,0.458,0.0,0.11000000000000001
2845,0.0,0.0,0.0,1000.0,0,10,-0.458,0.0,0.11199999999999999
2846,0.0,0.0,0.0,1000.0,0,10,-0.456,0.0,0.11199999999999999
2847,0.0,0.0,0.0,1000.0,0,10,-0.454,0.0,0.11199999999999999
2848,0.0,0.0,0.0,1000.0,0,10,-0.452,0.0,0.11199999999999999
2849,0.0,0.0,0.0,1000.0,0,10,-0.45,0.0,0.11199999999999999
2850,0.0,0.0,0.0,1000.0,0,10,0.45,0.0,0.11199999999999999
2851,0.0,0.0,0.0,1000.0,0,10,0.452,0.0,0.11199999999999999
2852,0.0,0.0,0.0,1000.0,0,10,0.454,0.0,0.11199999999999999
2853,0.0,0.0,0.0,1000.0,0,10,0.456,0.0,0.11199999999999999
2854,0.0,0.0,0.0,1000.0,0,10,0.458,0.0,0.11199999999999999
2855,0.0,0.0,0.0,1000.0,0,10,-0.458,0.0,0.11399999999999999
2856,0.0,0.0,0.0,1000.0,0,10,-0.456,0.0,0.11399999999999999
2857,0.0,0.0,0.0,1000.0,0,10,-0.454,0.0,0.11399999999999999
2858,0.0,0.0,0.0,1000.0,0,10,-0.452,0.0,0.11399999999999999
2859,0.0,0.0,0.0,1000.0,0,10,-0.45,0.0,0.11399999999999999
2860,0.0,0.0,0.0,1000.0,0,10,0.45,0.0,0.11399999999999999
2861,0.0,0.0,0.0,1000.0,0,10,0.452,0.0,0.11399999999999999
2862,0.0,0.0,0.0,1000.0,0,10,0.454,0.0,0.11399999999999999
2863,0.0,0.0,0.0,1000.0,0,10,0.456,0.0,0.11399999999999999
2864,0.0,0.0,0.0,1000.0,0,10,0.458,0.0,0.11399999999999999
2865,0.0,0.0,0.0,1000.0,0,10,-0.458,0.0,0.11599999999999999
2866,0.0,0.0,0.0,1000.0,0,10,-0.456,0.0,0.11599999999999999
2867,0.0,0.0,0.0,1000.0,0,10,-0.454,0.0,0.11599999999999999
2868,0.0,0.0,0.0,1000.0,0,10,-0.452,0.0,0.11599999999999999
2869,0.0,0.0,0.0,1000.0,0,10,-0.45,0.0,0.11599999999999999
2870,0.0,0.0,0.0,1000.0,0,10,0.45,0.0,0.11599999999999999
2871,0.0,0.0,0.0,1000.0,0,10,0.452,0.0,0.11599999999999999
2872,0.0,0.0,0.0,1000.0,0,10,0.454,0.0,0.11599999999999999
2873,0.0,0.0,0.0,1000.0,0,10,0.456,0.0,0.11599999999999999
2874,0.0,0.0,0.0,1000.0,0,10,0.458,0.0,0.11599999999999999
2875,0.0,0.0,0.0,1000.0,0,10,-0.458,0.0,0.118
2876,0.0,0.0,0.0,1000.0,0,10,-0.456,0.0,0.118
2877,0.0,0.0,0.0,1000.0,0,10,-0.454,0.0,0.118
2878,0.0,0.0,0.0,1000.0,0,10,-0.452,0.0,0.118
2879,0.0,0.0,0.0,1000.0,0,10,-0.45,0.0,0.118
2880,0.0,0.0,0.0,1000.0,0,10,0.45,0.0,0.118
2881,0.0,0.0,0.0,1000.0,0,10,0.452,0.0,0.118
2882,0.0,0.0,0.0,1000.0,0,10,0.454,0.0,0.118
2883,0.0,0.0,0.0,1000.0,0,10,0.456,0.0,0.118
2884,0.0,0.0,0.0,1000.0,0,10,0.458,0.0,0.118
2885,0.0,0.0,0.0,1000.0,0,10,-0.458,0.0,0.12
2886,0.0,0.0,0.0,1000.0,0,10,-0.456,0.0,0.12
2887,0.0,0.0,0.0,1000.0,0,10,-0.454,0.0,0.12
2888,0.0,0.0,0.0,1000.0,0,10,-0.452,0.0,0.12
2889,0.0,0.0,0.0,1000.0,0,10,-0.45,0.0,0.12
2890,0.0,0.0,0.0,1000.0,0,10,0.45,0.0,0.12
2891,0.0,0.0,0.0,1000.0,0,10,0.452,0.0,0.12
2892,0.0,0.0,0.0,1000.0,0,10,0.454,0.0,0.12
2893,0.0,0.0,0.0,1000.0,0,10,0.456,0.0,0.12
2894,0.0,0.0,0.0,1000.0,0,10,0.458,0.0,0.12
2895,0.0,0.0,0.0,1000.0,0,10,-0.458,0.0,0.122
2896,0.0,0.0,0.0,1000.0,0,10,-0.456,0.0,0.122
2897,0.0,0.0,0.0,1000.0,0,10,-0.454,0.0,0.122
2898,0.0,0.0,0.0,1000.0,0,10,-0.452,0.0,0.122
2899,0.0,0.0,0.0,1000.0,0,10,-0.45,0.0,0.122
2900,0.0,0.0,0.0,1000.0,0,10,0.45,0.0,0.122
2901,0.0,0.0,0.0,1000.0,0,10,0.452,0.0,0.122
2902,0.0,0.0,0.0,1000.0,0,10,0.454,0.0,0.122
2903,0.0,0.0,0.0,1000.0,0,10,0.456,0.0,0.122
2904,0.0,0.0,0.0,1000.0,0,10,0.458,0.0,0.122
2905,0.0,0.0,0.0,1000.0,0,10,-0.458,0.0,0.124
2906,0.0,0.0,0.0,1000.0,0,10,-0.456,0.0,0.124
2907,0.0,0.0,0.0,1000.0,0,10,-0.454,0.0,0.124
2908,0.0,0.0,0.0,1000.0,0,10,-0.452,0.0,0.124
2909,0.0,0.0,0.0,1000.0,0,10,-0.45,0.0,0.124
2910,0.0,0.0,0.0,1000.0,0,10,0.45,0.0,0.124
2911,0.0,0.0,0.0,1000.0,0,10,0.452,0.0,0.124
2912,0.0,0.0,0.0,1000.0,0,10,0.454,0.0,0.124
2913,0.0,0.0,0.0,1000.0,0,10,0.456,0.0,0.124
2914,0.0,0.0,0.0,1000.0,0,10,0.458,0.0,0.124
2915,0.0,0.0,0.0,1000.0,0,10,-0.458,0.0,0.126
2916,0.0,0.0,0.0,1000.0,0,10,-0.456,0.0,0.126
2917,0.0,0.0,0.0,1000.0,0,10,-0.454,0.0,0.126
2918,0.0,0.0,0.0,1000.0,0,10,-0.452,0.0,0.126
2919,0.0,0.0,0.0,1000.0,0,10,-0.45,0.0,0.126
2920,0.0,0.0,0.0,1000.0,0,10,0.45,0.0,0.126
2921,0.0,0.0,0.0,1000.0,0,10,0.452,0.0,0.126
2922,0.0,0.0,0.0,1000.0,0,10,0.454,0.0,0.126
2923,0.0,0.0,0.0,1000.0,0,10,0.456,0.0,0.126
2924,0.0,0.0,0.0,1000.0,0,10,0.458,0.0,0.126
2925,0.0,0.0,0.0,1000.0,0,10,-0.458,0.0,0.128
2926,0.0,0.0,0.0,1000.0,0,10,-0.456,0.0,0.128
2927,0.0,0.0,0.0,1000.0,0,10,-0.454,0.0,0.128
2928,0.0,0.0,0.0,1000.0,0,10,-0.452,0.0,0.128
2929,0.0,0.0,0.0,1000.0,0,10,-0.45,0.0,0.128
2930,0.0,0.0,0.0,1000.0,0,10,0.45,0.0,0.128
2931,0.0,0.0,0.0,1000.0,0,10,0.452,0.0,0.128
2932,0.0,0.0,0.0,1000.0,0,10,0.454,0.0,0.128
2933,0.0,0.0,0.0,1000.0,0,10,0.456,0.0,0.128
2934,0.0,0.0,0.0,1000.0,0,10,0.458,0.0,0.128
2935,0.0,0.0,0.0,1000.0,0,10,-0.458,0.0,0.13
2936,0.0,0.0,0.0,1000.0,0,10,-0.456,0.0,0.13
2937,0.0,0.0,0.0,1000.0,0,10,-0.454,0.0,0.13
2938,0.0,0.0,0.0,1000.0,0,10,-0.452,0.0,0.13
2939,0.0,0.0,0.0,1000.0,0,10,-0.45,0.0,0.13
2940,0.0,0.0,0.0,1000.0,0,10,0.45,0.0,0.13
2941,0.0,0.0,0.0,1000.0,0,10,0.452,0.0,0.13
2942,0.0,0.0,0.0,1000.0,0,10,0.454,0.0,0.13
2943,0.0,0.0,0.0,1000.0,0,10,0.456,0.0,0.13
2944,0.0,0.0,0.0,1000.0,0,10,0.458,0.0,0.13
2945,0.0,0.0,0.0,1000.0,0,10,-0.458,0.0,0.132
2946,0.0,0.0,0.0,1000.0,0,10,-0.456,0.0,0.132
2947,0.0,0.0,0.0,1000.0,0,10,-0.454,0.0,0.132
2948,0.0,0.0,0.0,1000.0,0,10,-0.452,0.0,0.132
2949,0.0,0.0,0.0,1000.0,0,10,-0.45,0.0,0.132
2950,0.0,0.0,0.0,1000.0,0,10,0.45,0.0,0.132
2951,0.0,0.0,0.0,1000.0,0,10,0.452,0.0,0.132
2952,0.0,0.0,0.0,1000.0,0,10,0.454,0.0,0.132
2953,0.0,0.0,0.0,1000.0,0,10,0.456,0.0,0.132
2954,0.0,0.0,0.0,1000.0,0,10,0.458,0.0,0.132
2955,0.0,0.0,0.0,1000.0,0,10,-0.458,0.0,0.134
2956,0.0,0.0,0.0,1000.0,0,10,-0.456,0.0,0.134
2957,0.0,0.0,0.0,1000.0,0,10,-0.454,0.0,0.134
2958,0.0,0.0,0.0,1000.0,0,10,-0.452,0.0,0.134
2959,0.0,0.0,0.0,1000.0,0,10,-0.45,0.0,0.134
2960,0.0,0.0,0.0,1000.0,0,10,0.45,0.0,0.134
2961,0.0,0.0,0.0,1000.0,0,10,0.452,0.0,0.134
2962,0.0,0.0,0.0,1000.0,0,10,0.454,0.0,0.134
2963,0.0,0.0,0.0,1000.0,0,10,0.456,0.0,0.134
2964,0.0,0.0,0.0,1000.0,0,10,0.458,0.0,0.134
2965,0.0,0.0,0.0,1000.0,0,10,-0.458,0.0,0.136
2966,0.0,0.0,0.0,1000.0,0,10,-0.456,0.0,0.136
2967,0.0,0.0,0.0,1000.0,0,10,-0.454,0.0,0.136
2968,0.0,0.0,0.0,1000.0,0,10,-0.452,0.0,0.136
2969,0.0,0.0,0.0,1000.0,0,10,-0.45,0.0,0.136
2970,0.0,0.0,0.0,1000.0,0,10,0.45,0.0,0.136
2971,0.0,0.0,0.0,1000.0,0,10,0.452,0.0,0.136
2972,0.0,0.0,0.0,1000.0,0,10,0.454,0.0,0.136
2973,0.0,0.0,0.0,1000.0,0,10,0.456,0.0,0.136
2974,0.0,0.0,0.0,1000.0,0,10,0.458,0.0,0.136
2975,0.0,0.0,0.0,1000.0,0,10,-0.458,0.0,0.13799999999999998
2976,0.0,0.0,0.0,1000.0,0,10,-0.456,0.0,0.13799999999999998
2977,0.0,0.0,0.0,1000.0,0,10,-0.454,0.0,0.13799999999999998
2978,0.0,0.0,0.0,1000.0,0,10,-0.452,0.0,0.13799999999999998
2979,0.0,0.0,0.0,1000.0,0,10,-0.45,0.0,0.13799999999999998
2980,0.0,0.0,0.0,1000.0,0,10,0.45,0.0,0.13799999999999998
2981,0.0,0.0,0.0,1000.0,0,10,0.452,0.0,0.13799999999999998
2982,0.0,0.0,0.0,1000.0,0,10,0.454,0.0,0.13799999999999998
2983,0.0,0.0,0.0,1000.0,0,10,0.456,0.0,0.13799999999999998
2984,0.0,0.0,0.0,1000.0,0,10,0.458,0.0,0.13799999999999998
2985,0.0,0.0,0.0,1000.0,0,10,-0.458,0.0,0.13999999999999999
2986,0.0,0.0,0.0,1000.0,0,10,-0.456,0.0,0.13999999999999999
2987,0.0,0.0,0.0,1000.0,0,10,-0.454,0.0,0.13999999999999999
2988,0.0,0.0,0.0,1000.0,0,10,-0.452,0.0,0.13999999999999999
2989,0.0,0.0,0.0,1000.0,0,10,-0.45,0.0,0.13999999999999999
2990,0.0,0.0,0.0,1000.0,0,10,0.45,0.0,0.13999999999999999
2991,0.0,0.0,0.0,1000.0,0,10,0.452,0.0,0.13999999999999999
2992,0.0,0.0,0.0,1000.0,0,10,0.454,0.0,0.13999999999999999
2993,0.0,0.0,0.0,1000.0,0,10,0.456,0.0,0.13999999999999999
2994,0.0,0.0,0.0,1000.0,0,10,0.458,0.0,0.13999999999999999
2995,0.0,0.0,0.0,1000.0,0,10,-0.458,0.0,0.142
2996,0.0,0.0,0.0,1000.0,0,10,-0.456,0.0,0.142
2997,0.0,0.0,0.0,1000.0,0,10,-0.454,0.0,0.142
2998,0.0,0.0,0.0,1000.0,0,10,-0.452,0.0,0.142
2999,0.0,0.0,0.0,1000.0,0,10,-0.45,0.0,0.142
3000,0.0,0.0,0.0,1000.0,0,10,0.45,0.0,0.142
3001,0.0,0.0,0.0,1000.0,0,10,0.452,0.0,0.142
3002,0.0,0.0,0.0,1000.0,0,10,0.454,0.0,0.142
3003,0.0,0.0,0.0,1000.0,0,10,0.456,0.0,0.142
3004,0.0,0.0,0.0,1000.0,0,10,0.458,0.0,0.142
3005,0.0,0.0,0.0,1000.0,0,10,-0.458,0.0,0.144
3006,0.0,0.0,0.0,1000.0,0,10,-0.456,0.0,0.144
3007,0.0,0.0,0.0,1000.0,0,10,-0.454,0.0,0.144
3008,0.0,0.0,0.0,1000.0,0,10,-0.452,0.0,0.144
3009,0.0,0.0,0.0,1000.0,0,10,-0.45,0.0,0.144
3010,0.0,0.0,0.0,1000.0,0,10,0.45,0.0,0.144
3011,0.0,0.0,0.0,1000.0,0,10,0.452,0.0,0.144
3012,0.0,0.0,0.0,1000.0,0,10,0.454,0.0,0.144
3013,0.0,0.0,0.0,1000.0,0,10,0.456,0.0,0.144
3014,0.0,0.0,0.0,1000.0,0,10,0.458,0.0,0.144
3015,0.0,0.0,0.0,1000.0,0,10,-0.458,0.0,0.146
3016,0.0,0.0,0.0,1000.0,0,10,-0.456,0.0,0.146
3017,0.0,0.0,0.0,1000.0,0,10,-0.454,0.0,0.146
3018,0.0,0.0,0.0,1000.0,0,10,-0.452,0.0,0.146
3019,0.0,0.0,0.0,1000.0,0,10,-0.45,0.0,0.146
3020,0.0,0.0,0.0,1000.0,0,10,0.45,0.0,0.146
3021,0.0,0.0,0.0,1000.0,0,10,0.452,0.0,0.146
3022,0.0,0.0,0.0,1000.0,0,10,0.454,0.0,0.146
3023,0.0,0.0,0.0,1000.0,0,10,0.456,0.0,0.146
3024,0.0,0.0,0.0,1000.0,0,10,0.458,0.0,0.146
3025,0.0,0.0,0.0,1000.0,0,10,-0.458,0.0,0.148
3026,0.0,0.0,0.0,1000.0,0,10,-0.456,0.0,0.148
3027,0.0,0.0,0.0,1000.0,0,10,-0.454,0.0,0.148
3028,0.0,0.0,0.0,1000.0,0,10,-0.452,0.0,0.148
3029,0.0,0.0,0.0,1000.0,0,10,-0.45,0.0,0.148
3030,0.0,0.0,0.0,1000.0,0,10,0.45,0.0,0.148
3031,0.0,0.0,0.0,1000.0,0,10,0.452,0.0,0.148
3032,0.0,0.0,0.0,1000.0,0,10,0.454,0.0,0.148
3033,0.0,0.0,0.0,1000.0,0,10,0.456,0.0,0.148
3034,0.0,0.0,0.0,1000.0,0,10,0.458,0.0,0.148
3035,0.0,0.0,0.0,1000.0,0,10,-0.458,0.0,0.15
3036,0.0,0.0,0.0,1000.0,0,10,-0.456,0.0,0.15
3037,0.0,0.0,0.0,1000.0,0,10,-0.454,0.0,0.15
3038,0.0,0.0,0.0,1000.0,0,10,-0.452,0.0,0.15
3039,0.0,0.0,0.0,1000.0,0,10,-0.45,0.0,0.15
3040,0.0,0.0,0.0,1000.0,0,10,0.45,0.0,0.15
3041,0.0,0.0,0.0,1000.0,0,10,0.452,0.0,0.15
3042,0.0,0.0,0.0,1000.0,0,10,0.454,0.0,0.15
3043,0.0,0.0,0.0,1000.0,0,10,0.456,0.0,0.15
3044,0.0,0.0,0.0,1000.0,0,10,0.458,0.0,0.15
3045,0.0,0.0,0.0,1000.0,0,10,-0.458,0.0,0.152
3046,0.0,0.0,0.0,1000.0,0,10,-0.456,0.0,0.152
3047,0.0,0.0,0.0,1000.0,0,10,-0.454,0.0,0.152
3048,0.0,0.0,0.0,1000.0,0,10,-0.452,0.0,0.152
3049,0.0,0.0,0.0,1000.0,0,10,-0.45,0.0,0.152
3050,0.0,0.0,0.0,1000.0,0,10,0.45,0.0,0.152
3051,0.0,0.0,0.0,1000.0,0,10,0.452,0.0,0.152
3052,0.0,0.0,0.0,1000.0,0,10,0.454,0.0,0.152
3053,0.0,0.0,0.0,1000.0,0,10,0.456,0.0,0.152
3054,0.0,0.0,0.0,1000.0,0,10,0.458,0.0,0.152
3055,0.0,0.0,0.0,1000.0,0,10,-0.458,0.0,0.154
3056,0.0,0.0,0.0,1000.0,0,10,-0.456,0.0,0.154
3057,0.0,0.0,0.0,1000.0,0,10,-0.454,0.0,0.154
3058,0.0,0.0,0.0,1000.0,0,10,-0.452,0.0,0.154
3059,0.0,0.0,0.0,1000.0,0,10,-0.45,0.0,0.154
3060,0.0,0.0,0.0,1000.0,0,10,0.45,0.0,0.154
3061,0.0,0.0,0.0,1000.0,0,10,0.452,0.0,0.154
3062,0.0,0.0,0.0,1000.0,0,10,0.454,0.0,0.154
3063,0.0,0.0,0.0,1000.0,0,10,0.456,0.0,0.154
3064,0.0,0.0,0.0,1000.0,0,10,0.458,0.0,0.154
3065,0.0,0.0,0.0,1000.0,0,10,-0.458,0.0,0.156
3066,0.0,0.0,0.0,1000.0,0,10,-0.456,0.0,0.156
3067,0.0,0.0,0.0,1000.0,0,10,-0.454,0.0,0.156
3068,0.0,0.0,0.0,1000.0,0,10,-0.452,0.0,0.156
3069,0.0,0.0,0.0,1000.0,0,10,-0.45,0.0,0.156
3070,0.0,0.0,0.0,1000.0,0,10,0.45,0.0,0.156
3071,0.0,0.0,0.0,1000.0,0,10,0.452,0.0,0.156
3072,0.0,0.0,0.0,1000.0,0,10,0.454,0.0,0.156
3073,0.0,0.0,0.0,1000.0,0,10,0.456,0.0,0.156
3074,0.0,0.0,0.0,1000.0,0,10,0.458,0.0,0.156
3075,0.0,0.0,0.0,1000.0,0,10,-0.458,0.0,0.158
3076,0.0,0.0,0.0,1000.0,0,10,-0.456,0.0,0.158
3077,0.0,0.0,0.0,1000.0,0,10,-0.454,0.0,0.158
3078,0.0,0.0,0.0,1000.0,0,10,-0.452,0.0,0.158
3079,0.0,0.0,0.0,1000.0,0,10,-0.45,0.0,0.158
3080,0.0,0.0,0.0,1000.0,0,10,0.45,0.0,0.158
3081,0.0,0.0,0.0,1000.0,0,10,0.452,0.0,0.158
3082,0.0,0.0,0.0,1000.0,0,10,0.454,0.0,0.158
3083,0.0,0.0,0.0,1000.0,0,10,0.456,0.0,0.158
3084,0.0,0.0,0.0,1000.0,0,10,0.458,0.0,0.158
3085,0.0,0.0,0.0,1000.0,0,10,-0.458,0.0,0.16
3086,0.0,0.0,0.0,1000.0,0,10,-0.456,0.0,0.16
3087,0.0,0.0,0.0,1000.0,0,10,-0.454,0.0,0.16
3088,0.0,0.0,0.0,1000.0,0,10,-0.452,0.0,0.16
3089,0.0,0.0,0.0,1000.0,0,10,-0.45,0.0,0.16
3090,0.0,0.0,0.0,1000.0,0,10,0.45,0.0,0.16
3091,0.0,0.0,0.0,1000.0,0,10,0.452,0.0,0.16
3092,0.0,0.0,0.0,1000.0,0,10,0.454,0.0,0.16
3093,0.0,0.0,0.0,1000.0,0,10,0.456,0.0,0.16
3094,0.0,0.0,0.0,1000.0,0,10,0.458,0.0,0.16
3095,0.0,0.0,0.0,1000.0,0,10,-0.458,0.0,0.162
3096,0.0,0.0,0.0,1000.0,0,10,-0.456,0.0,0.162
3097,0.0,0.0,0.0,1000.0,0,10,-0.454,0.0,0.162
3098,0.0,0.0,0.0,1000.0,0,10,-0.452,0.0,0.162
3099,0.0,0.0,0.0,1000.0,0,10,-0.45,0.0,0.162
3100,0.0,0.0,0.0,1000.0,0,10,0.45,0.0,0.162
3101,0.0,0.0,0.0,1000.0,0,10,0.452,0.0,0.162
3102,0.0,0.0,0.0,1000.0,0,10,0.454,0.0,0.162
3103,0.0,0.0,0.0,1000.0,0,10,0.456,0.0,0.162
3104,0.0,0.0,0.0,1000.0,0,10,0.458,0.0,0.162
3105,0.0,0.0,0.0,1000.0,0,10,-0.458,0.0,0.164
3106,0.0,0.0,0.0,1000.0,0,10,-0.456,0.0,0.164
3107,0.0,0.0,0.0,1000.0,0,10,-0.454,0.0,0.164
3108,0.0,0.0,0.0,1000.0,0,10,-0.452,0.0,0.164
3109,0.0,0.0,0.0,1000.0,0,10,-0.45,0.0,0.164
3110,0.0,0.0,0.0,1000.0,0,10,0.45,0.0,0.164
3111,0.0,0.0,0.0,1000.0,0,10,0.452,0.0,0.164
3112,0.0,0.0,0.0,1000.0,0,10,0.454,0.0,0.164
3113,0.0,0.0,0.0,1000.0,0,10,0.456,0.0,0.164
3114,0.0,0.0,0.0,1000.0,0,10,0.458,0.0,0.164
3115,0.0,0.0,0.0,1000.0,0,10,-0.458,0.0,0.166
3116,0.0,0.0,0.0,1000.0,0,10,-0.456,0.0,0.166
3117,0.0,0.0,0.0,1000.0,0,10,-0.454,0.0,0.166
3118,0.0,0.0,0.0,1000.0,0,10,-0.452,0.0,0.166
3119,0.0,0.0,0.0,1000.0,0,10,-0.45,0.0,0.166
3120,0.0,0.0,0.0,1000.0,0,10,0.45,0.0,0.166
3121,0.0,0.0,0.0,1000.0,0,10,0.452,0.0,0.166
3122,0.0,0.0,0.0,1000.0,0,10,0.454,0.0,0.166
3123,0.0,0.0,0.0,1000.0,0,10,0.456,0.0,0.166
3124,0.0,0.0,0.0,1000.0,0,10,0.458,0.0,0.166
3125,0.0,0.0,0.0,1000.0,0,10,-0.458,0.0,0.16799999999999998
3126,0.0,0.0,0.0,1000.0,0,10,-0.456,0.0,0.16799999999999998
3127,0.0,0.0,0.0,1000.0,0,10,-0.454,0.0,0.16799999999999998
3128,0.0,0.0,0.0,1000.0,0,10,-0.452,0.0,0.16799999999999998
3129,0.0,0.0,0.0,1000.0,0,10,-0.45,0.0,0.16799999999999998
3130,0.0,0.0,0.0,1000.0,0,10,0.45,0.0,0.16799999999999998
3131,0.0,0.0,0.0,1000.0,0,10,0.452,0.0,0.16799999999999998
3132,0.0,0.0,0.0,1000.0,0,10,0.454,0.0,0.16799999999999998
3133,0.0,0.0,0.0,1000.0,0,10,0.456,0.0,0.16799999999999998
3134,0.0,0.0,0.0,1000.0,0,10,0.458,0.0,0.16799999999999998
3135,0.0,0.0,0.0,1000.0,0,10,-0.458,0.0,0.16999999999999998
3136,0.0,0.0,0.0,1000.0,0,10,-0.456,0.0,0.16999999999999998
3137,0.0,0.0,0.0,1000.0,0,10,-0.454,0.0,0.16999999999999998
3138,0.0,0.0,0.0,1000.0,0,10,-0.452,0.0,0.16999999999999998
3139,0.0,0.0,0.0,1000.0,0,10,-0.45,0.0,0.16999999999999998
3140,0.0,0.0,0.0,1000.0,0,10,0.45,0.0,0.16999999999999998
3141,0.0,0.0,0.0,1000.0,0,10,0.452,0.0,0.16999999999999998
3142,0.0,0.0,0.0,1000.0,0,10,0.454,0.0,0.16999999999999998
3143,0.0,0.0,0.0,1000.0,0,10,0.456,0.0,0.16999999999999998
3144,0.0,0.0,0.0,1000.0,0,10,0.458,0.0,0.16999999999999998
3145,0.0,0.0,0.0,1000.0,0,10,-0.458,0.0,0.172
3146,0.0,0.0,0.0,1000.0,0,10,-0.456,0.0,0.172
3147,0.0,0.0,0.0,1000.0,0,10,-0.454,0.0,0.172
3148,0.0,0.0,0.0,1000.0,0,10,-0.452,0.0,0.172
3149,0.0,0.0,0.0,1000.0,0,10,-0.45,0.0,0.172
3150,0.0,0.0,0.0,1000.0,0,10,0.45,0.0,0.172
3151,0.0,0.0,0.0,1000.0,0,10,0.452,0.0,0.172
3152,0.0,0.0,0.0,1000.0,0,10,0.454,0.0,0.172
3153,0.0,0.0,0.0,1000.0,0,10,0.456,0.0,0.172
3154,0.0,0.0,0.0,1000.0,0,10,0.458,0.0,0.172
3155,0.0,0.0,0.0,1000.0,0,10,-0.458,0.0,0.174
3156,0.0,0.0,0.0,1000.0,0,10,-0.456,0.0,0.174
3157,0.0,0.0,0.0,1000.0,0,10,-0.454,0.0,0.174
3158,0.0,0.0,0.0,1000.0,0,10,-0.452,0.0,0.174
3159,0.0,0.0,0.0,1000.0,0,10,-0.45,0.0,0.174
3160,0.0,0.0,0.0,1000.0,0,10,0.45,0.0,0.174
3161,0.0,0.0,0.0,1000.0,0,10,0.452,0.0,0.174
3162,0.0,0.0,0.0,1000.0,0,10,0.454,0.0,0.174
3163,0.0,0.0,0.0,1000.0,0,10,0.456,0.0,0.174
3164,0.0,0.0,0.0,1000.0,0,10,0.458,0.0,0.174
3165,0.0,0.0,0.0,1000.0,0,10,-0.458,0.0,0.176
3166,0.0,0.0,0.0,1000.0,0,10,-0.456,0.0,0.176
3167,0.0,0.0,0.0,1000.0,0,10,-0.454,0.0,0.176
3168,0.0,0.0,0.0,1000.0,0,10,-0.452,0.0,0.176
3169,0.0,0.0,0.0,1000.0,0,10,-0.45,0.0,0.176
3170,0.0,0.0,0.0,1000.0,0,10,0.45,0.0,0.176
3171,0.0,0.0,0.0,1000.0,0,10,0.452,0.0,0.176
3172,0.0,0.0,0.0,1000.0,0,10,0.454,0.0,0.176
3173,0.0,0.0,0.0,1000.0,0,10,0.456,0.0,0.176
3174,0.0,0.0,0.0,1000.0,0,10,0.458,0.0,0.176
3175,0.0,0.0,0.0,1000.0,0,10,-0.458,0.0,0.178
3176,0.0,0.0,0.0,1000.0,0,10,-0.456,0.0,0.178
3177,0.0,0.0,0.0,1000.0,0,10,-0.454,0.0,0.178
3178,0.0,0.0,0.0,1000.0,0,10,-0.452,0.0,0.178
3179,0.0,0.0,0.0,1000.0,0,10,-0.45,0.0,0.178
3180,0.0,0.0,0.0,1000.0,0,10,0.45,0.0,0.178
3181,0.0,0.0,0.0,1000.0,0,10,0.452,0.0,0.178
3182,0.0,0.0,0.0,1000.0,0,10,0.454,0.0,0.178
3183,0.0,0.0,0.0,1000.0,0,10,0.456,0.0,0.178
3184,0.0,0.0,0.0,1000.0,0,10,0.458,0.0,0.178
3185,0.0,0.0,0.0,1000.0,0,10,-0.458,0.0,0.18
3186,0.0,0.0,0.0,1000.0,0,10,-0.456,0.0,0.18
3187,0.0,0.0,0.0,1000.0,0,10,-0.454,0.0,0.18
3188,0.0,0.0,0.0,1000.0,0,10,-0.452,0.0,0.18
3189,0.0,0.0,0.0,1000.0,0,10,-0.45,0.0,0.18
3190,0.0,0.0,0.0,1000.0,0,10,0.45,0.0,0.18
3191,0.0,0.0,0.0,1000.0,0,10,0.452,0.0,0.18
3192,0.0,0.0,0.0,1000.0,0,10,0.454,0.0,0.18
3193,0.0,0.0,0.0,1000.0,0,10,0.456,0.0,0.18
3194,0.0,0.0,0.0,1000.0,0,10,0.458,0.0,0.18
3195,0.0,0.0,0.0,1000.0,0,10,-0.458,0.0,0.182
3196,0.0,0.0,0.0,1000.0,0,10,-0.456,0.0,0.182
3197,0.0,0.0,0.0,1000.0,0,10,-0.454,0.0,0.182
3198,0.0,0.0,0.0,1000.0,0,10,-0.452,0.0,0.182
3199,0.0,0.0,0.0,1000.0,0,10,-0.45,0.0,0.182
3200,0.0,0.0,0.0,1000.0,0,10,0.45,0.0,0.182
3201,0.0,0.0,0.0,1000.0,0,10,0.452,0.0,0.182
3202,0.0,0.0,0.0,1000.0,0,10,0.454,0.0,0.182
3203,0.0,0.0,0.0,1000.0,0,10,0.456,0.0,0.182
3204,0.0,0.0,0.0,1000.0,0,10,0.458,0.0,0.182
3205,0.0,0.0,0.0,1000.0,0,10,-0.458,0.0,0.184
3206,0.0,0.0,0.0,1000.0,0,10,-0.456,0.0,0.184
3207,0.0,0.0,0.0,1000.0,0,10,-0.454,0.0,0.184
3208,0.0,0.0,0.0,1000.0,0,10,-0.452,0.0,0.184
3209,0.0,0.0,0.0,1000.0,0,10,-0.45,0.0,0.184
3210,0.0,0.0,0.0,1000.0,0,10,0.45,0.0,0.184
3211,0.0,0.0,0.0,1000.0,0,10,0.452,0.0,0.184
3212,0.0,0.0,0.0,1000.0,0,10,0.454,0.0,0.184
3213,0.0,0.0,0.0,1000.0,0,10,0.456,0.0,0.184
3214,0.0,0.0,0.0,1000.0,0,10,0.458,0.0,0.184
3215,0.0,0.0,0.0,1000.0,0,10,-0.458,0.0,0.186
3216,0.0,0.0,0.0,1000.0,0,10,-0.456,0.0,0.186
3217,0.0,0.0,0.0,1000.0,0,10,-0.454,0.0,0.186
3218,0.0,0.0,0.0,1000.0,0,10,-0.452,0.0,0.186
3219,0.0,0.0,0.0,1000.0,0,10,-0.45,0.0,0.186
3220,0.0,0.0,0.0,1000.0,0,10,0.45,0.0,0.186
3221,0.0,0.0,0.0,1000.0,0,10,0.452,0.0,0.186
3222,0.0,0.0,0.0,1000.0,0,10,0.454,0.0,0.186
3223,0.0,0.0,0.0,1000.0,0,10,0.456,0.0,0.186
3224,0.0,0.0,0.0,1000.0,0,10,0.458,0.0,0.186
3225,0.0,0.0,0.0,1000.0,0,10,-0.458,0.0,0.188
3226,0.0,0.0,0.0,1000.0,0,10,-0.456,0.0,0.188
3227,0.0,0.0,0.0,1000.0,0,10,-0.454,0.0,0.188
3228,0.0,0.0,0.0,1000.0,0,10,-0.452,0.0,0.188
3229,0.0,0.0,0.0,1000.0,0,10,-0.45,0.0,0.188
3230,0.0,0.0,0.0,1000.0,0,10,0.45,0.0,0.188
3231,0.0,0.0,0.0,1000.0,0,10,0.452,0.0,0.188
3232,0.0,0.0,0.0,1000.0,0,10,0.454,0.0,0.188
3233,0.0,0.0,0.0,1000.0,0,10,0.456,0.0,0.188
3234,0.0,0.0,0.0,1000.0,0,10,0.458,0.0,0.188
3235,0.0,0.0,0.0,1000.0,0,10,-0.458,0.0,0.19
3236,0.0,0.0,0.0,1000.0,0,10,-0.456,0.0,0.19
3237,0.0,0.0,0.0,1000.0,0,10,-0.454,0.0,0.19
3238,0.0,0.0,0.0,1000.0,0,10,-0.452,0.0,0.19
3239,0.0,0.0,0.0,1000.0,0,10,-0.45,0.0,0.19
3240,0.0,0.0,0.0,1000.0,0,10,0.45,0.0,0.19
3241,0.0,0.0,0.0,1000.0,0,10,0.452,0.0,0.19
3242,0.0,0.0,0.0,1000.0,0,10,0.454,0.0,0.19
3243,0.0,0.0,0.0,1000.0,0,10,0.456,0.0,0.19
3244,0.0,0.0,0.0,1000.0,0,10,0.458,0.0,0.19
3245,0.0,0.0,0.0,1000.0,0,10,-0.458,0.0,0.192
3246,0.0,0.0,0.0,1000.0,0,10,-0.456,0.0,0.192
3247,0.0,0.0,0.0,1000.0,0,10,-0.454,0.0,0.192
3248,0.0,0.0,0.0,1000.0,0,10,-0.452,0.0,0.192
3249,0.0,0.0,0.0,1000.0,0,10,-0.45,0.0,0.192
3250,0.0,0.0,0.0,1000.0,0,10,0.45,0.0,0.192
3251,0.0,0.0,0.0,1000.0,0,10,0.452,0.0,0.192
3252,0.0,0.0,0.0,1000.0,0,10,0.454,0.0,0.192
3253,0.0,0.0,0.0,1000.0,0,10,0.456,0.0,0.192
3254,0.0,0.0,0.0,1000.0,0,10,0.458,0.0,0.192
3255,0.0,0.0,0.0,1000.0,0,10,-0.458,0.0,0.194
3256,0.0,0.0,0.0,1000.0,0,10,-0.456,0.0,0.194
3257,0.0,0.0,0.0,1000.0,0,10,-0.454,0.0,0.194
3258,0.0,0.0,0.0,1000.0,0,10,-0.452,0.0,0.194
3259,0.0,0.0,0.0,1000.0,0,10,-0.45,0.0,0.194
3260,0.0,0.0,0.0,1000.0,0,10,0.45,0.0,0.194
3261,0.0,0.0,0.0,1000.0,0,10,0.452,0.0,0.194
3262,0.0,0.0,0.0,1000.0,0,10,0.454,0.0,0.194
3263,0.0,0.0,0.0,1000.0,0,10,0.456,0.0,0.194
3264,0.0,0.0,0.0,1000.0,0,10,0.458,0.0,0.194
3265,0.0,0.0,0.0,1000.0,0,10,-0.458,0.0,0.196
3266,0.0,0.0,0.0,1000.0,0,10,-0.456,0.0,0.196
3267,0.0,0.0,0.0,1000.0,0,10,-0.454,0.0,0.196
3268,0.0,0.0,0.0,1000.0,0,10,-0.452,0.0,0.196
3269,0.0,0.0,0.0,1000.0,0,10,-0.45,0.0,0.196
3270,0.0,0.0,0.0,1000.0,0,10,0.45,0.0,0.196
3271,0.0,0.0,0.0,1000.0,0,10,0.452,0.0,0.196
3272,0.0,0.0,0.0,1000.0,0,10,0.454,0.0,0.196
3273,0.0,0.0,0.0,1000.0,0,10,0.456,0.0,0.196
3274,0.0,0.0,0.0,1000.0,0,10,0.458,0.0,0.196
3275,0.0,0.0,0.0,1000.0,0,10,-0.458,0.0,0.198
3276,0.0,0.0,0.0,1000.0,0,10,-0.456,0.0,0.198
3277,0.0,0.0,0.0,1000.0,0,10,-0.454,0.0,0.198
3278,0.0,0.0,0.0,1000.0,0,10,-0.452,0.0,0.198
3279,0.0,0.0,0.0,1000.0,0,10,-0.45,0.0,0.198
3280,0.0,0.0,0.0,1000.0,0,10,0.45,0.0,0.198
3281,0.0,0.0,0.0,1000.0,0,10,0.452,0.0,0.198
3282,0.0,0.0,0.0,1000.0,0,10,0.454,0.0,0.198
3283,0.0,0.0,0.0,1000.0,0,10,0.456,0.0,0.198
3284,0.0,0.0,0.0,1000.0,0,10,0.458,0.0,0.198
3285,0.0,0.0,0.0,1000.0,0,10,-0.458,0.0,0.2
3286,0.0,0.0,0.0,1000.0,0,10,-0.456,0.0,0.2
3287,0.0,0.0,0.0,1000.0,0,10,-0.454,0.0,0.2
3288,0.0,0.0,0.0,1000.0,0,10,-0.452,0.0,0.2
3289,0.0,0.0,0.0,1000.0,0,10,-0.45,0.0,0.2
3290,0.0,0.0,0.0,1000.0,0,10,0.45,0.0,0.2
3291,0.0,0.0,0.0,1000.0,0,10,0.452,0.0,0.2
3292,0.0,0.0,0.0,1000.0,0,10,0.454,0.0,0.2
3293,0.0,0.0,0.0,1000.0,0,10,0.456,0.0,0.2
3294,0.0,0.0,0.0,1000.0,0,10,0.458,0.0,0.2
3295,0.0,0.0,0.0,1000.0,0,10,-0.458,0.0,0.20199999999999999
3296,0.0,0.0,0.0,1000.0,0,10,-0.456,0.0,0.20199999999999999
3297,0.0,0.0,0.0,1000.0,0,10,-0.454,0.0,0.20199999999999999
3298,0.0,0.0,0.0,1000.0,0,10,-0.452,0.0,0.20199999999999999
3299,0.0,0.0,0.0,1000.0,0,10,-0.45,0.0,0.20199999999999999
3300,0.0,0.0,0.0,1000.0,0,10,0.45,0.0,0.20199999999999999
3301,0.0,0.0,0.0,1000.0,0,10,0.452,0.0,0.20199999999999999
3302,0.0,0.0,0.0,1000.0,0,10,0.454,0.0,0.20199999999999999
3303,0.0,0.0,0.0,1000.0,0,10,0.456,0.0,0.20199999999999999
3304,0.0,0.0,0.0,1000.0,0,10,0.458,0.0,0.20199999999999999
3305,0.0,0.0,0.0,1000.0,0,10,-0.458,0.0,0.204
3306,0.0,0.0,0.0,1000.0,0,10,-0.456,0.0,0.204
3307,0.0,0.0,0.0,1000.0,0,10,-0.454,0.0,0.204
3308,0.0,0.0,0.0,1000.0,0,10,-0.452,0.0,0.204
3309,0.0,0.0,0.0,1000.0,0,10,-0.45,0.0,0.204
3310,0.0,0.0,0.0,1000.0,0,10,0.45,0.0,0.204
3311,0.0,0.0,0.0,1000.0,0,10,0.452,0.0,0.204
3312,0.0,0.0,0.0,1000.0,0,10,0.454,0.0,0.204
3313,0.0,0.0,0.0,1000.0,0,10,0.456,0.0,0.204
3314,0.0,0.0,0.0,1000.0,0,10,0.458,0.0,0.204
3315,0.0,0.0,0.0,1000.0,0,10,-0.458,0.0,0.206
3316,0.0,0.0,0.0,1000.0,0,10,-0.456,0.0,0.206
3317,0.0,0.0,0.0,1000.0,0,10,-0.454,0.0,0.206
3318,0.0,0.0,0.0,1000.0,0,10,-0.452,0.0,0.206
3319,0.0,0.0,0.0,1000.0,0,10,-0.45,0.0,0.206
3320,0.0,0.0,0.0,1000.0,0,10,0.45,0.0,0.206
3321,0.0,0.0,0.0,1000.0,0,10,0.452,0.0,0.206
3322,0.0,0.0,0.0,1000.0,0,10,0.454,0.0,0.206
3323,0.0,0.0,0.0,1000.0,0,10,0.456,0.0,0.206
3324,0.0,0.0,0.0,1000.0,0,10,0.458,0.0,0.206
3325,0.0,0.0,0.0,1000.0,0,10,-0.458,0.0,0.208
3326,0.0,0.0,0.0,1000.0,0,10,-0.456,0.0,0.208
3327,0.0,0.0,0.0,1000.0,0,10,-0.454,0.0,0.208
3328,0.0,0.0,0.0,1000.0,0,10,-0.452,0.0,0.208
3329,0.0,0.0,0.0,1000.0,0,10,-0.45,0.0,0.208
3330,0.0,0.0,0.0,1000.0,0,10,0.45,0.0,0.208
3331,0.0,0.0,0.0,1000.0,0,10,0.452,0.0,0.208
3332,0.0,0.0,0.0,1000.0,0,10,0.454,0.0,0.208
3333,0.0,0.0,0.0,1000.0,0,10,0.456,0.0,0.208
3334,0.0,0.0,0.0,1000.0,0,10,0.458,0.0,0.208
3335,0.0,0.0,0.0,1000.0,0,10,-0.458,0.0,0.21
3336,0.0,0.0,0.0,1000.0,0,10,-0.456,0.0,0.21
3337,0.0,0.0,0.0,1000.0,0,10,-0.454,0.0,0.21
3338,0.0,0.0,0.0,1000.0,0,10,-0.452,0.0,0.21
3339,0.0,0.0,0.0,1000.0,0,10,-0.45,0.0,0.21
3340,0.0,0.0,0.0,1000.0,0,10,0.45,0.0,0.21
3341,0.0,0.0,0.0,1000.0,0,10,0.452,0.0,0.21
3342,0.0,0.0,0.0,1000.0,0,10,0.454,0.0,0.21
3343,0.0,0.0,0.0,1000.0,0,10,0.456,0.0,0.21
3344,0.0,0.0,0.0,1000.0,0,10,0.458,0.0,0.21
3345,0.0,0.0,0.0,1000.0,0,10,-0.458,0.0,0.212
3346,0.0,0.0,0.0,1000.0,0,10,-0.456,0.0,0.212
3347,0.0,0.0,0.0,1000.0,0,10,-0.454,0.0,0.212
3348,0.0,0.0,0.0,1000.0,0,10,-0.452,0.0,0.212
3349,0.0,0.0,0.0,1000.0,0,10,-0.45,0.0,0.212
3350,0.0,0.0,0.0,1000.0,0,10,0.45,0.0,0.212
3351,0.0,0.0,0.0,1000.0,0,10,0.452,0.0,0.212
3352,0.0,0.0,0.0,1000.0,0,10,0.454,0.0,0.212
3353,0.0,0.0,0.0,1000.0,0,10,0.456,0.0,0.212
3354,0.0,0.0,0.0,1000.0,0,10,0.458,0.0,0.212
3355,0.0,0.0,0.0,1000.0,0,10,-0.458,0.0,0.214
3356,0.0,0.0,0.0,1000.0,0,10,-0.456,0.0,0.214
3357,0.0,0.0,0.0,1000.0,0,10,-0.454,0.0,0.214
3358,0.0,0.0,0.0,1000.0,0,10,-0.452,0.0,0.214
3359,0.0,0.0,0.0,1000.0,0,10,-0.45,0.0,0.214
3360,0.0,0.0,0.0,1000.0,0,10,0.45,0.0,0.214
3361,0.0,0.0,0.0,1000.0,0,10,0.452,0.0,0.214
3362,0.0,0.0,0.0,1000.0,0,10,0.454,0.0,0.214
3363,0.0,0.0,0.0,1000.0,0,10,0.456,0.0,0.214
3364,0.0,0.0,0.0,1000.0,0,10,0.458,0.0,0.214
3365,0.0,0.0,0.0,1000.0,0,10,-0.458,0.0,0.216
3366,0.0,0.0,0.0,1000.0,0,10,-0.456,0.0,0.216
3367,0.0,0.0,0.0,1000.0,0,10,-0.454,0.0,0.216
3368,0.0,0.0,0.0,1000.0,0,10,-0.452,0.0,0.216
3369,0.0,0.0,0.0,1000.0,0,10,-0.45,0.0,0.216
3370,0.0,0.0,0.0,1000.0,0,10,0.45,0.0,0.216
3371,0.0,0.0,0.0,1000.0,0,10,0.452,0.0,0.216
3372,0.0,0.0,0.0,1000.0,0,10,0.454,0.0,0.216
3373,0.0,0.0,0.0,1000.0,0,10,0.456,0.0,0.216
3374,0.0,0.0,0.0,1000.0,0,10,0.458,0.0,0.216
3375,0.0,0.0,0.0,1000.0,0,10,-0.458,0.0,0.218
3376,0.0,0.0,0.0,1000.0,0,10,-0.456,0.0,0.218
3377,0.0,0.0,0.0,1000.0,0,10,-0.454,0.0,0.218
3378,0.0,0.0,0.0,1000.0,0,10,-0.452,0.0,0.218
3379,0.0,0.0,0.0,1000.0,0,10,-0.45,0.0,0.218
3380,0.0,0.0,0.0,1000.0,0,10,0.45,0.0,0.218
3381,0.0,0.0,0.0,1000.0,0,10,0.452,0.0,0.218
3382,0.0,0.0,0.0,1000.0,0,10,0.454,0.0,0.218
3383,0.0,0.0,0.0,1000.0,0,10,0.456,0.0,0.218
3384,0.0,0.0,0.0,1000.0,0,10,0.458,0.0,0.218
3385,0.0,0.0,0.0,1000.0,0,10,-0.458,0.0,0.22
3386,0.0,0.0,0.0,1000.0,0,10,-0.456,0.0,0.22
3387,0.0,0.0,0.0,1000.0,0,10,-0.454,0.0,0.22
3388,0.0,0.0,0.0,1000.0,0,10,-0.452,0.0,0.22
3389,0.0,0.0,0.0,1000.0,0,10,-0.45,0.0,0.22
3390,0.0,0.0,0.0,1000.0,0,10,0.45,0.0,0.22
3391,0.0,0.0,0.0,1000.0,0,10,0.452,0.0,0.22
3392,0.0,0.0,0.0,1000.0,0,10,0.454,0.0,0.22
3393,0.0,0.0,0.0,1000.0,0,10,0.456,0.0,0.22
3394,0.0,0.0,0.0,1000.0,0,10,0.458,0.0,0.22
3395,0.0,0.0,0.0,1000.0,0,10,-0.458,0.0,0.222
3396,0.0,0.0,0.0,1000.0,0,10,-0.456,0.0,0.222
3397,0.0,0.0,0.0,1000.0,0,10,-0.454,0.0,0.222
3398,0.0,0.0,0.0,1000.0,0,10,-0.452,0.0,0.222
3399,0.0,0.0,0.0,1000.0,0,10,-0.45,0.0,0.222
3400,0.0,0.0,0.0,1000.0,0,10,0.45,0.0,0.222
3401,0.0,0.0,0.0,1000.0,0,10,0.452,0.0,0.222
3402,0.0,0.0,0.0,1000.0,0,10,0.454,0.0,0.222
3403,0.0,0.0,0.0,1000.0,0,10,0.456,0.0,0.222
3404,0.0,0.0,0.0,1000.0,0,10,0.458,0.0,0.222
3405,0.0,0.0,0.0,1000.0,0,10,-0.458,0.0,0.224
3406,0.0,0.0,0.0,1000.0,0,10,-0.456,0.0,0.224
3407,0.0,0.0,0.0,1000.0,0,10,-0.454,0.0,0.224
3408,0.0,0.0,0.0,1000.0,0,10,-0.452,0.0,0.224
3409,0.0,0.0,0.0,1000.0,0,10,-0.45,0.0,0.224
3410,0.0,0.0,0.0,1000.0,0,10,0.45,0.0,0.224
3411,0.0,0.0,0.0,1000.0,0,10,0.452,0.0,0.224
3412,0.0,0.0,0.0,1000.0,0,10,0.454,0.0,0.224
3413,0.0,0.0,0.0,1000.0,0,10,0.456,0.0,0.224
3414,0.0,0.0,0.0,1000.0,0,10,0.458,0.0,0.224
3415,0.0,0.0,0.0,1000.0,0,10,-0.458,0.0,0.226
3416,0.0,0.0,0.0,1000.0,0,10,-0.456,0.0,0.226
3417,0.0,0.0,0.0,1000.0,0,10,-0.454,0.0,0.226
3418,0.0,0.0,0.0,1000.0,0,10,-0.452,0.0,0.226
3419,0.0,0.0,0.0,1000.0,0,10,-0.45,0.0,0.226
3420,0.0,0.0,0.0,1000.0,0,10,0.45,0.0,0.226
3421,0.0,0.0,0.0,1000.0,0,10,0.452,0.0,0.226
3422,0.0,0.0,0.0,1000.0,0,10,0.454,0.0,0.226
3423,0.0,0.0,0.0,1000.0,0,10,0.456,0.0,0.226
3424,0.0,0.0,0.0,1000.0,0,10,0.458,0.0,0.226
3425,0.0,0.0,0.0,1000.0,0,10,-0.458,0.0,0.228
3426,0.0,0.0,0.0,1000.0,0,10,-0.456,0.0,0.228
3427,0.0,0.0,0.0,1000.0,0,10,-0.454,0.0,0.228
3428,0.0,0.0,0.0,1000.0,0,10,-0.452,0.0,0.228
3429,0.0,0.0,0.0,1000.0,0,10,-0.45,0.0,0.228
3430,0.0,0.0,0.0,1000.0,0,10,0.45,0.0,0.228
3431,0.0,0.0,0.0,1000.0,0,10,0.452,0.0,0.228
3432,0.0,0.0,0.0,1000.0,0,10,0.454,0.0,0.228
3433,0.0,0.0,0.0,1000.0,0,10,0.456,0.0,0.228
3434,0.0,0.0,0.0,1000.0,0,10,0.458,0.0,0.228
3435,0.0,0.0,0.0,1000.0,0,10,-0.458,0.0,0.23
3436,0.0,0.0,0.0,1000.0,0,10,-0.456,0.0,0.23
3437,0.0,0.0,0.0,1000.0,0,10,-0.454,0.0,0.23
3438,0.0,0.0,0.0,1000.0,0,10,-0.452,0.0,0.23
3439,0.0,0.0,0.0,1000.0,0,10,-0.45,0.0,0.23
3440,0.0,0.0,0.0,1000.0,0,10,0.45,0.0,0.23
3441,0.0,0.0,0.0,1000.0,0,10,0.452,0.0,0.23
3442,0.0,0.0,0.0,1000.0,0,10,0.454,0.0,0.23
3443,0.0,0.0,0.0,1000.0,0,10,0.456,0.0,0.23
3444,0.0,0.0,0.0,1000.0,0,10,0.458,0.0,0.23
3445,0.0,0.0,0.0,1000.0,0,10,-0.458,0.0,0.23199999999999998
3446,0.0,0.0,0.0,1000.0,0,10,-0.456,0.0,0.23199999999999998
3447,0.0,0.0,0.0,1000.0,0,10,-0.454,0.0,0.23199999999999998
3448,0.0,0.0,0.0,1000.0,0,10,-0.452,0.0,0.23199999999999998
3449,0.0,0.0,0.0,1000.0,0,10,-0.45,0.0,0.23199999999999998
3450,0.0,0.0,0.0,1000.0,0,10,0.45,0.0,0.23199999999999998
3451,0.0,0.0,0.0,1000.0,0,10,0.452,0.0,0.23199999999999998
3452,0.0,0.0,0.0,1000.0,0,10,0.454,0.0,0.23199999999999998
3453,0.0,0.0,0.0,1000.0,0,10,0.456,0.0,0.23199999999999998
3454,0.0,0.0,0.0,1000.0,0,10,0.458,0.0,0.23199999999999998
3455,0.0,0.0,0.0,1000.0,0,10,-0.458,0.0,0.23399999999999999
3456,0.0,0.0,0.0,1000.0,0,10,-0.456,0.0,0.23399999999999999
3457,0.0,0.0,0.0,1000.0,0,10,-0.454,0.0,0.23399999999999999
3458,0.0,0.0,0.0,1000.0,0,10,-0.452,0.0,0.23399999999999999
3459,0.0,0.0,0.0,1000.0,0,10,-0.45,0.0,0.23399999999999999
3460,0.0,0.0,0.0,1000.0,0,10,0.45,0.0,0.23399999999999999
3461,0.0,0.0,0.0,1000.0,0,10,0.452,0.0,0.23399999999999999
3462,0.0,0.0,0.0,1000.0,0,10,0.454,0.0,0.23399999999999999
3463,0.0,0.0,0.0,1000.0,0,10,0.456,0.0,0.23399999999999999
3464,0.0,0.0,0.0,1000.0,0,10,0.458,0.0,0.23399999999999999
3465,0.0,0.0,0.0,1000.0,0,10,-0.458,0.0,0.236
3466,0.0,0.0,0.0,1000.0,0,10,-0.456,0.0,0.236
3467,0.0,0.0,0.0,1000.0,0,10,-0.454,0.0,0.236
3468,0.0,0.0,0.0,1000.0,0,10,-0.452,0.0,0.236
3469,0.0,0.0,0.0,1000.0,0,10,-0.45,0.0,0.236
3470,0.0,0.0,0.0,1000.0,0,10,0.45,0.0,0.236
3471,0.0,0.0,0.0,1000.0,0,10,0.452,0.0,0.236
3472,0.0,0.0,0.0,1000.0,0,10,0.454,0.0,0.236
3473,0.0,0.0,0.0,1000.0,0,10,0.456,0.0,0.236
3474,0.0,0.0,0.0,1000.0,0,10,0.458,0.0,0.236
3475,0.0,0.0,0.0,1000.0,0,10,-0.458,0.0,0.238
3476,0.0,0.0,0.0,1000.0,0,10,-0.456,0.0,0.238
3477,0.0,0.0,0.0,1000.0,0,10,-0.454,0.0,0.238
3478,0.0,0.0,0.0,1000.0,0,10,-0.452,0.0,0.238
3479,0.0,0.0,0.0,1000.0,0,10,-0.45,0.0,0.238
3480,0.0,0.0,0.0,1000.0,0,10,0.45,0.0,0.238
3481,0.0,0.0,0.0,1000.0,0,10,0.452,0.0,0.238
3482,0.0,0.0,0.0,1000.0,0,10,0.454,0.0,0.238
3483,0.0,0.0,0.0,1000.0,0,10,0.456,0.0,0.238
3484,0.0,0.0,0.0,1000.0,0,10,0.458,0.0,0.238
3485,0.0,0.0,0.0,1000.0,0,10,-0.458,0.0,0.24
3486,0.0,0.0,0.0,1000.0,0,10,-0.456,0.0,0.24
3487,0.0,0.0,0.0,1000.0,0,10,-0.454,0.0,0.24
3488,0.0,0.0,0.0,1000.0,0,10,-0.452,0.0,0.24
3489,0.0,0.0,0.0,1000.0,0,10,-0.45,0.0,0.24
3490,0.0,0.0,0.0,1000.0,0,10,0.45,0.0,0.24
3491,0.0,0.0,0.0,1000.0,0,10,0.452,0.0,0.24
3492,0.0,0.0,0.0,1000.0,0,10,0.454,0.0,0.24
3493,0.0,0.0,0.0,1000.0,0,10,0.456,0.0,0.24
3494,0.0,0.0,0.0,1000.0,0,10,0.458,0.0,0.24
3495,0.0,0.0,0.0,1000.0,0,10,-0.458,0.0,0.242
3496,0.0,0.0,0.0,1000.0,0,10,-0.456,0.0,0.242
3497,0.0,0.0,0.0,1000.0,0,10,-0.454,0.0,0.242
3498,0.0,0.0,0.0,1000.0,0,10,-0.452,0.0,0.242
3499,0.0,0.0,0.0,1000.0,0,10,-0.45,0.0,0.242
3500,0.0,0.0,0.0,1000.0,0,10,0.45,0.0,0.242
3501,0.0,0.0,0.0,1000.0,0,10,0.452,0.0,0.242
3502,0.0,0.0,0.0,1000.0,0,10,0.454,0.0,0.242
3503,0.0,0.0,0.0,1000.0,0,10,0.456,0.0,0.242
3504,0.0,0.0,0.0,1000.0,0,10,0.458,0.0,0.242
3505,0.0,0.0,0.0,1000.0,0,10,-0.458,0.0,0.244
3506,0.0,0.0,0.0,1000.0,0,10,-0.456,0.0,0.244
3507,0.0,0.0,0.0,1000.0,0,10,-0.454,0.0,0.244
3508,0.0,0.0,0.0,1000.0,0,10,-0.452,0.0,0.244
3509,0.0,0.0,0.0,1000.0,0,10,-0.45,0.0,0.244
3510,0.0,0.0,0.0,1000.0,0,10,0.45,0.0,0.244
3511,0.0,0.0,0.0,1000.0,0,10,0.452,0.0,0.244
3512,0.0,0.0,0.0,1000.0,0,10,0.454,0.0,0.244
3513,0.0,0.0,0.0,1000.0,0,10,0.456,0.0,0.244
3514,0.0,0.0,0.0,1000.0,0,10,0.458,0.0,0.244
3515,0.0,0.0,0.0,1000.0,0,10,-0.458,0.0,0.246
3516,0.0,0.0,0.0,1000.0,0,10,-0.456,0.0,0.246
3517,0.0,0.0,0.0,1000.0,0,10,-0.454,0.0,0.246
3518,0.0,0.0,0.0,1000.0,0,10,-0.452,0.0,0.246
3519,0.0,0.0,0.0,1000.0,0,10,-0.45,0.0,0.246
3520,0.0,0.0,0.0,1000.0,0,10,0.45,0.0,0.246
3521,0.0,0.0,0.0,1000.0,0,10,0.452,0.0,0.246
3522,0.0,0.0,0.0,1000.0,0,10,0.454,0.0,0.246
3523,0.0,0.0,0.0,1000.0,0,10,0.456,0.0,0.246
3524,0.0,0.0,0.0,1000.0,0,10,0.458,0.0,0.246
3525,0.0,0.0,0.0,1000.0,0,10,-0.458,0.0,0.248
3526,0.0,0.0,0.0,1000.0,0,10,-0.456,0.0,0.248
3527,0.0,0.0,0.0,1000.0,0,10,-0.454,0.0,0.248
3528,0.0,0.0,0.0,1000.0,0,10,-0.452,0.0,0.248
3529,0.0,0.0,0.0,1000.0,0,10,-0.45,0.0,0.248
3530,0.0,0.0,0.0,1000.0,0,10,0.45,0.0,0.248
3531,0.0,0.0,0.0,1000.0,0,10,0.452,0.0,0.248
3532,0.0,0.0,0.0,1000.0,0,10,0.454,0.0,0.248
3533,0.0,0.0,0.0,1000.0,0,10,0.456,0.0,0.248
3534,0.0,0.0,0.0,1000.0,0,10,0.458,0.0,0.248
3535,0.0,0.0,0.0,1000.0,0,10,-0.458,0.0,0.25
3536,0.0,0.0,0.0,1000.0,0,10,-0.456,0.0,0.25
3537,0.0,0.0,0.0,1000.0,0,10,-0.454,0.0,0.25
3538,0.0,0.0,0.0,1000.0,0,10,-0.452,0.0,0.25
3539,0.0,0.0,0.0,1000.0,0,10,-0.45,0.0,0.25
3540,0.0,0.0,0.0,1000.0,0,10,0.45,0.0,0.25
3541,0.0,0.0,0.0,1000.0,0,10,0.452,0.0,0.25
3542,0.0,0.0,0.0,1000.0,0,10,0.454,0.0,0.25
3543,0.0,0.0,0.0,1000.0,0,10,0.456,0.0,0.25
3544,0.0,0.0,0.0,1000.0,0,10,0.458,0.0,0.25
3545,0.0,0.0,0.0,1000.0,0,10,-0.458,0.0,0.252
3546,0.0,0.0,0.0,1000.0,0,10,-0.456,0.0,0.252
3547,0.0,0.0,0.0,1000.0,0,10,-0.454,0.0,0.252
3548,0.0,0.0,0.0,1000.0,0,10,-0.452,0.0,0.252
3549,0.0,0.0,0.0,1000.0,0,10,-0.45,0.0,0.252
3550,0.0,0.0,0.0,1000.0,0,10,0.45,0.0,0.252
3551,0.0,0.0,0.0,1000.0,0,10,0.452,0.0,0.252
3552,0.0,0.0,0.0,1000.0,0,10,0.454,0.0,0.252
3553,0.0,0.0,0.0,1000.0,0,10,0.456,0.0,0.252
3554,0.0,0.0,0.0,1000.0,0,10,0.458,0.0,0.252
3555,0.0,0.0,0.0,1000.0,0,10,-0.458,0.0,0.254
3556,0.0,0.0,0.0,1000.0,0,10,-0.456,0.0,0.254
3557,0.0,0.0,0.0,1000.0,0,10,-0.454,0.0,0.254
3558,0.0,0.0,0.0,1000.0,0,10,-0.452,0.0,0.254
3559,0.0,0.0,0.0,1000.0,0,10,-0.45,0.0,0.254
3560,0.0,0.0,0.0,1000.0,0,10,0.45,0.0,0.254
3561,0.0,0.0,0.0,1000.0,0,10,0.452,0.0,0.254
3562,0.0,0.0,0.0,1000.0,0,10,0.454,0.0,0.254
3563,0.0,0.0,0.0,1000.0,0,10,0.456,0.0,0.254
3564,0.0,0.0,0.0,1000.0,0,10,0.458,0.0,0.254
3565,0.0,0.0,0.0,1000.0,0,10,-0.458,0.0,0.256
3566,0.0,0.0,0.0,1000.0,0,10,-0.456,0.0,0.256
3567,0.0,0.0,0.0,1000.0,0,10,-0.454,0.0,0.256
3568,0.0,0.0,0.0,1000.0,0,10,-0.452,0.0,0.256
3569,0.0,0.0,0.0,1000.0,0,10,-0.45,0.0,0.256
3570,0.0,0.0,0.0,1000.0,0,10,0.45,0.0,0.256
3571,0.0,0.0,0.0,1000.0,0,10,0.452,0.0,0.256
3572,0.0,0.0,0.0,1000.0,0,10,0.454,0.0,0.256
3573,0.0,0.0,0.0,1000.0,0,10,0.456,0.0,0.256
3574,0.0,0.0,0.0,1000.0,0,10,0.458,0.0,0.256
3575,0.0,0.0,0.0,1000.0,0,10,-0.458,0.0,0.258
3576,0.0,0.0,0.0,1000.0,0,10,-0.456,0.0,0.258
3577,0.0,0.0,0.0,1000.0,0,10,-0.454,0.0,0.258
3578,0.0,0.0,0.0,1000.0,0,10,-0.452,0.0,0.258
3579,0.0,0.0,0.0,1000.0,0,10,-0.45,0.0,0.258
3580,0.0,0.0,0.0,1000.0,0,10,0.45,0.0,0.258
3581,0.0,0.0,0.0,1000.0,0,10,0.452,0.0,0.258
3582,0.0,0.0,0.0,1000.0,0,10,0.454,0.0,0.258
3583,0.0,0.0,0.0,1000.0,0,10,0.456,0.0,0.258
3584,0.0,0.0,0.0,1000.0,0,10,0.458,0.0,0.258
3585,0.0,0.0,0.0,1000.0,0,10,-0.458,0.0,0.26
3586,0.0,0.0,0.0,1000.0,0,10,-0.456,0.0,0.26
3587,0.0,0.0,0.0,1000.0,0,10,-0.454,0.0,0.26
3588,0.0,0.0,0.0,1000.0,0,10,-0.452,0.0,0.26
3589,0.0,0.0,0.0,1000.0,0,10,-0.45,0.0,0.26
3590,0.0,0.0,0.0,1000.0,0,10,0.45,0.0,0.26
3591,0.0,0.0,0.0,1000.0,0,10,0.452,0.0,0.26
3592,0.0,0.0,0.0,1000.0,0,10,0.454,0.0,0.26
3593,0.0,0.0,0.0,1000.0,0,10,0.456,0.0,0.26
3594,0.0,0.0,0.0,1000.0,0,10,0.458,0.0,0.26
3595,0.0,0.0,0.0,1000.0,0,10,-0.458,0.0,0.262
3596,0.0,0.0,0.0,1000.0,0,10,-0.456,0.0,0.262
3597,0.0,0.0,0.0,1000.0,0,10,-0.454,0.0,0.262
3598,0.0,0.0,0.0,1000.0,0,10,-0.452,0.0,0.262
3599,0.0,0.0,0.0,1000.0,0,10,-0.45,0.0,0.262
3600,0.0,0.0,0.0,1000.0,0,10,0.45,0.0,0.262
3601,0.0,0.0,0.0,1000.0,0,10,0.452,0.0,0.262
3602,0.0,0.0,0.0,1000.0,0,10,0.454,0.0,0.262
3603,0.0,0.0,0.0,1000.0,0,10,0.456,0.0,0.262
3604,0.0,0.0,0.0,1000.0,0,10,0.458,0.0,0.262
3605,0.0,0.0,0.0,1000.0,0,10,-0.458,0.0,0.264
3606,0.0,0.0,0.0,1000.0,0,10,-0.456,0.0,0.264
3607,0.0,0.0,0.0,1000.0,0,10,-0.454,0.0,0.264
3608,0.0,0.0,0.0,1000.0,0,10,-0.452,0.0,0.264
3609,0.0,0.0,0.0,1000.0,0,10,-0.45,0.0,0.264
3610,0.0,0.0,0.0,1000.0,0,10,0.45,0.0,0.264
3611,0.0,0.0,0.0,1000.0,0,10,0.452,0.0,0.264
3612,0.0,0.0,0.0,1000.0,0,10,0.454,0.0,0.264
3613,0.0,0.0,0.0,1000.0,0,10,0.456,0.0,0.264
3614,0.0,0.0,0.0,1000.0,0,10,0.458,0.0,0.264
3615,0.0,0.0,0.0,1000.0,0,10,-0.458,0.0,0.266
3616,0.0,0.0,0.0,1000.0,0,10,-0.456,0.0,0.266
3617,0.0,0.0,0.0,1000.0,0,10,-0.454,0.0,0.266
3618,0.0,0.0,0.0,1000.0,0,10,-0.452,0.0,0.266
3619,0.0,0.0,0.0,1000.0,0,10,-0.45,0.0,0.266
3620,0.0,0.0,0.0,1000.0,0,10,0.45,0.0,0.266
3621,0.0,0.0,0.0,1000.0,0,10,0.452,0.0,0.266
3622,0.0,0.0,0.0,1000.0,0,10,0.454,0.0,0.266
3623,0.0,0.0,0.0,1000.0,0,10,0.456,0.0,0.266
3624,0.0,0.0,0.0,1000.0,0,10,0.458,0.0,0.266
3625,0.0,0.0,0.0,1000.0,0,10,-0.458,0.0,0.268
3626,0.0,0.0,0.0,1000.0,0,10,-0.456,0.0,0.268
3627,0.0,0.0,0.0,1000.0,0,10,-0.454,0.0,0.268
3628,0.0,0.0,0.0,1000.0,0,10,-0.452,0.0,0.268
3629,0.0,0.0,0.0,1000.0,0,10,-0.45,0.0,0.268
3630,0.0,0.0,0.0,1000.0,0,10,0.45,0.0,0.268
3631,0.0,0.0,0.0,1000.0,0,10,0.452,0.0,0.268
3632,0.0,0.0,0.0,1000.0,0,10,0.454,0.0,0.268
3633,0.0,0.0,0.0,1000.0,0,10,0.456,0.0,0.268
3634,0.0,0.0,0.0,1000.0,0,10,0.458,0.0,0.268
3635,0.0,0.0,0.0,1000.0,0,10,-0.458,0.0,0.27
3636,0.0,0.0,0.0,1000.0,0,10,-0.456,0.0,0.27
3637,0.0,0.0,0.0,1000.0,0,10,-0.454,0.0,0.27
3638,0.0,0.0,0.0,1000.0,0,10,-0.452,0.0,0.27
3639,0.0,0.0,0.0,1000.0,0,10,-0.45,0.0,0.27
3640,0.0,0.0,0.0,1000.0,0,10,0.45,0.0,0.27
3641,0.0,0.0,0.0,1000.0,0,10,0.452,0.0,0.27
3642,0.0,0.0,0.0,1000.0,0,10,0.454,0.0,0.27
3643,0.0,0.0,0.0,1000.0,0,10,0.456,0.0,0.27
3644,0.0,0.0,0.0,1000.0,0,10,0.458,0.0,0.27
3645,0.0,0.0,0.0,1000.0,0,10,-0.458,0.0,0.272
3646,0.0,0.0,0.0,1000.0,0,10,-0.456,0.0,0.272
3647,0.0,0.0,0.0,1000.0,0,10,-0.454,0.0,0.272
3648,0.0,0.0,0.0,1000.0,0,10,-0.452,0.0,0.272
3649,0.0,0.0,0.0,1000.0,0,10,-0.45,0.0,0.272
3650,0.0,0.0,0.0,1000.0,0,10,0.45,0.0,0.272
3651,0.0,0.0,0.0,1000.0,0,10,0.452,0.0,0.272
3652,0.0,0.0,0.0,1000.0,0,10,0.454,0.0,0.272
3653,0.0,0.0,0.0,1000.0,0,10,0.456,0.0,0.272
3654,0.0,0.0,0.0,1000.0,0,10,0.458,0.0,0.272
3655,0.0,0.0,0.0,1000.0,0,10,-0.458,0.0,0.274
3656,0.0,0.0,0.0,1000.0,0,10,-0.456,0.0,0.274
3657,0.0,0.0,0.0,1000.0,0,10,-0.454,0.0,0.274
3658,0.0,0.0,0.0,1000.0,0,10,-0.452,0.0,0.274
3659,0.0,0.0,0.0,1000.0,0,10,-0.45,0.0,0.274
3660,0.0,0.0,0.0,1000.0,0,10,0.45,0.0,0.274
3661,0.0,0.0,0.0,1000.0,0,10,0.452,0.0,0.274
3662,0.0,0.0,0.0,1000.0,0,10,0.454,0.0,0.274
3663,0.0,0.0,0.0,1000.0,0,10,0.456,0.0,0.274
3664,0.0,0.0,0.0,1000.0,0,10,0.458,0.0,0.274
3665,0.0,0.0,0.0,1000.0,0,10,-0.458,0.0,0.276
3666,0.0,0.0,0.0,1000.0,0,10,-0.456,0.0,0.276
3667,0.0,0.0,0.0,1000.0,0,10,-0.454,0.0,0.276
3668,0.0,0.0,0.0,1000.0,0,10,-0.452,0.0,0.276
3669,0.0,0.0,0.0,1000.0,0,10,-0.45,0.0,0.276
3670,0.0,0.0,0.0,1000.0,0,10,0.45,0.0,0.276
3671,0.0,0.0,0.0,1000.0,0,10,0.452,0.0,0.276
3672,0.0,0.0,0.0,1000.0,0,10,0.454,0.0,0.276
3673,0.0,0.0,0.0,1000.0,0,10,0.456,0.0,0.276
3674,0.0,0.0,0.0,1000.0,0,10,0.458,0.0,0.276
3675,0.0,0.0,0.0,1000.0,0,10,-0.458,0.0,0.278
3676,0.0,0.0,0.0,1000.0,0,10,-0.456,0.0,0.278
3677,0.0,0.0,0.0,1000.0,0,10,-0.454,0.0,0.278
3678,0.0,0.0,0.0,1000.0,0,10,-0.452,0.0,0.278
3679,0.0,0.0,0.0,1000.0,0,10,-0.45,0.0,0.278
3680,0.0,0.0,0.0,1000.0,0,10,0.45,0.0,0.278
3681,0.0,0.0,0.0,1000.0,0,10,0.452,0.0,0.278
3682,0.0,0.0,0.0,1000.0,0,10,0.454,0.0,0.278
3683,0.0,0.0,0.0,1000.0,0,10,0.456,0.0,0.278
3684,0.0,0.0,0.0,1000.0,0,10,0.458,0.0,0.278
3685,0.0,0.0,0.0,1000.0,0,10,-0.458,0.0,0.28
3686,0.0,0.0,0.0,1000.0,0,10,-0.456,0.0,0.28
3687,0.0,0.0,0.0,1000.0,0,10,-0.454,0.0,0.28
3688,0.0,0.0,0.0,1000.0,0,10,-0.452,0.0,0.28
3689,0.0,0.0,0.0,1000.0,0,10,-0.45,0.0,0.28
3690,0.0,0.0,0.0,1000.0,0,10,0.45,0.0,0.28
3691,0.0,0.0,0.0,1000.0,0,10,0.452,0.0,0.28
3692,0.0,0.0,0.0,1000.0,0,10,0.454,0.0,0.28
3693,0.0,0.0,0.0,1000.0,0,10,0.456,0.0,0.28
3694,0.0,0.0,0.0,1000.0,0,10,0.458,0.0,0.28
3695,0.0,0.0,0.0,1000.0,0,10,-0.458,0.0,0.282
3696,0.0,0.0,0.0,1000.0,0,10,-0.456,0.0,0.282
3697,0.0,0.0,0.0,1000.0,0,10,-0.454,0.0,0.282
3698,0.0,0.0,0.0,1000.0,0,10,-0.452,0.0,0.282
3699,0.0,0.0,0.0,1000.0,0,10,-0.45,0.0,0.282
3700,0.0,0.0,0.0,1000.0,0,10,0.45,0.0,0.282
3701,0.0,0.0,0.0,1000.0,0,10,0.452,0.0,0.282
3702,0.0,0.0,0.0,1000.0,0,10,0.454,0.0,0.282
3703,0.0,0.0,0.0,1000.0,0,10,0.456,0.0,0.282
3704,0.0,0.0,0.0,1000.0,0,10,0.458,0.0,0.282
3705,0.0,0.0,0.0,1000.0,0,10,-0.458,0.0,0.284
3706,0.0,0.0,0.0,1000.0,0,10,-0.456,0.0,0.284
3707,0.0,0.0,0.0,1000.0,0,10,-0.454,0.0,0.284
3708,0.0,0.0,0.0,1000.0,0,10,-0.452,0.0,0.284
3709,0.0,0.0,0.0,1000.0,0,10,-0.45,0.0,0.284
3710,0.0,0.0,0.0,1000.0,0,10,0.45,0.0,0.284
3711,0.0,0.0,0.0,1000.0,0,10,0.452,0.0,0.284
3712,0.0,0.0,0.0,1000.0,0,10,0.454,0.0,0.284
3713,0.0,0.0,0.0,1000.0,0,10,0.456,0.0,0.284
3714,0.0,0.0,0.0,1000.0,0,10,0.458,0.0,0.284
3715,0.0,0.0,0.0,1000.0,0,10,-0.458,0.0,0.286
3716,0.0,0.0,0.0,1000.0,0,10,-0.456,0.0,0.286
3717,0.0,0.0,0.0,1000.0,0,10,-0.454,0.0,0.286
3718,0.0,0.0,0.0,1000.0,0,10,-0.452,0.0,0.286
3719,0.0,0.0,0.0,1000.0,0,10,-0.45,0.0,0.286
3720,0.0,0.0,0.0,1000.0,0,10,0.45,0.0,0.286
3721,0.0,0.0,0.0,1000.0,0,10,0.452,0.0,0.286
3722,0.0,0.0,0.0,1000.0,0,10,0.454,0.0,0.286
3723,0.0,0.0,0.0,1000.0,0,10,0.456,0.0,0.286
3724,0.0,0.0,0.0,1000.0,0,10,0.458,0.0,0.286
3725,0.0,0.0,0.0,1000.0,0,10,-0.458,0.0,0.288
3726,0.0,0.0,0.0,1000.0,0,10,-0.456,0.0,0.288
3727,0.0,0.0,0.0,1000.0,0,10,-0.454,0.0,0.288
3728,0.0,0.0,0.0,1000.0,0,10,-0.452,0.0,0.288
3729,0.0,0.0,0.0,1000.0,0,10,-0.45,0.0,0.288
3730,0.0,0.0,0.0,1000.0,0,10,0.45,0.0,0.288
3731,0.0,0.0,0.0,1000.0,0,10,0.452,0.0,0.288
3732,0.0,0.0,0.0,1000.0,0,10,0.454,0.0,0.288
3733,0.0,0.0,0.0,1000.0,0,10,0.456,0.0,0.288
3734,0.0,0.0,0.0,1000.0,0,10,0.458,0.0,0.288
3735,0.0,0.0,0.0,1000.0,0,10,-0.458,0.0,0.29
3736,0.0,0.0,0.0,1000.0,0,10,-0.456,0.0,0.29
3737,0.0,0.0,0.0,1000.0,0,10,-0.454,0.0,0.29
3738,0.0,0.0,0.0,1000.0,0,10,-0.452,0.0,0.29
3739,0.0,0.0,0.0,1000.0,0,10,-0.45,0.0,0.29
3740,0.0,0.0,0.0,1000.0,0,10,0.45,0.0,0.29
3741,0.0,0.0,0.0,1000.0,0,10,0.452,0.0,0.29
3742,0.0,0.0,0.0,1000.0,0,10,0.454,0.0,0.29
3743,0.0,0.0,0.0,1000.0,0,10,0.456,0.0,0.29
3744,0.0,0.0,0.0,1000.0,0,10,0.458,0.0,0.29
3745,0.0,0.0,0.0,1000.0,0,10,-0.458,0.0,0.292
3746,0.0,0.0,0.0,1000.0,0,10,-0.456,0.0,0.292
3747,0.0,0.0,0.0,1000.0,0,10,-0.454,0.0,0.292
3748,0.0,0.0,0.0,1000.0,0,10,-0.452,0.0,0.292
3749,0.0,0.0,0.0,1000.0,0,10,-0.45,0.0,0.292
3750,0.0,0.0,0.0,1000.0,0,10,0.45,0.0,0.292
3751,0.0,0.0,0.0,1000.0,0,10,0.452,0.0,0.292
3752,0.0,0.0,0.0,1000.0,0,10,0.454,0.0,0.292
3753,0.0,0.0,0.0,1000.0,0,10,0.456,0.0,0.292
3754,0.0,0.0,0.0,1000.0,0,10,0.458,0.0,0.292
3755,0.0,0.0,0.0,1000.0,0,10,-0.458,0.0,0.294
3756,0.0,0.0,0.0,1000.0,0,10,-0.456,0.0,0.294
3757,0.0,0.0,0.0,1000.0,0,10,-0.454,0.0,0.294
3758,0.0,0.0,0.0,1000.0,0,10,-0.452,0.0,0.294
3759,0.0,0.0,0.0,1000.0,0,10,-0.45,0.0,0.294
3760,0.0,0.0,0.0,1000.0,0,10,0.45,0.0,0.294
3761,0.0,0.0,0.0,1000.0,0,10,0.452,0.0,0.294
3762,0.0,0.0,0.0,1000.0,0,10,0.454,0.0,0.294
3763,0.0,0.0,0.0,1000.0,0,10,0.456,0.0,0.294
3764,0.0,0.0,0.0,1000.0,0,10,0.458,0.0,0.294
3765,0.0,0.0,0.0,1000.0,0,10,-0.458,0.0,0.296
3766,0.0,0.0,0.0,1000.0,0,10,-0.456,0.0,0.296
3767,0.0,0.0,0.0,1000.0,0,10,-0.454,0.0,0.296
3768,0.0,0.0,0.0,1000.0,0,10,-0.452,0.0,0.296
3769,0.0,0.0,0.0,1000.0,0,10,-0.45,0.0,0.296
3770,0.0,0.0,0.0,1000.0,0,10,0.45,0.0,0.296
3771,0.0,0.0,0.0,1000.0,0,10,0.452,0.0,0.296
3772,0.0,0.0,0.0,1000.0,0,10,0.454,0.0,0.296
3773,0.0,0.0,0.0,1000.0,0,10,0.456,0.0,0.296
3774,0.0,0.0,0.0,1000.0,0,10,0.458,0.0,0.296
3775,0.0,0.0,0.0,1000.0,0,10,-0.458,0.0,0.298
3776,0.0,0.0,0.0,1000.0,0,10,-0.456,0.0,0.298
3777,0.0,0.0,0.0,1000.0,0,10,-0.454,0.0,0.298
3778,0.0,0.0,0.0,1000.0,0,10,-0.452,0.0,0.298
3779,0.0,0.0,0.0,1000.0,0,10,-0.45,0.0,0.298
3780,0.0,0.0,0.0,1000.0,0,10,0.45,0.0,0.298
3781,0.0,0.0,0.0,1000.0,0,10,0.452,0.0,0.298
3782,0.0,0.0,0.0,1000.0,0,10,0.454,0.0,0.298
3783,0.0,0.0,0.0,1000.0,0,10,0.456,0.0,0.298
3784,0.0,0.0,0.0,1000.0,0,10,0.458,0.0,0.298
3785,0.0,0.0,0.0,1000.0,0,10,-0.458,0.0,0.3
3786,0.0,0.0,0.0,1000.0,0,10,-0.456,0.0,0.3
3787,0.0,0.0,0.0,1000.0,0,10,-0.454,0.0,0.3
3788,0.0,0.0,0.0,1000.0,0,10,-0.452,0.0,0.3
3789,0.0,0.0,0.0,1000.0,0,10,-0.45,0.0,0.3
3790,0.0,0.0,0.0,1000.0,0,10,0.45,0.0,0.3
3791,0.0,0.0,0.0,1000.0,0,10,0.452,0.0,0.3
3792,0.0,0.0,0.0,1000.0,0,10,0.454,0.0,0.3
3793,0.0,0.0,0.0,1000.0,0,10,0.456,0.0,0.3
3794,0.0,0.0,0.0,1000.0,0,10,0.458,0.0,0.3
3795,0.0,0.0,0.0,1000.0,0,10,-0.458,0.0,0.302
3796,0.0,0.0,0.0,1000.0,0,10,-0.456,0.0,0.302
3797,0.0,0.0,0.0,1000.0,0,10,-0.454,0.0,0.302
3798,0.0,0.0,0.0,1000.0,0,10,-0.452,0.0,0.302
3799,0.0,0.0,0.0,1000.0,0,10,-0.45,0.0,0.302
3800,0.0,0.0,0.0,1000.0,0,10,0.45,0.0,0.302
3801,0.0,0.0,0.0,1000.0,0,10,0.452,0.0,0.302
3802,0.0,0.0,0.0,1000.0,0,10,0.454,0.0,0.302
3803,0.0,0.0,0.0,1000.0,0,10,0.456,0.0,0.302
3804,0.0,0.0,0.0,1000.0,0,10,0.458,0.0,0.302
3805,0.0,0.0,0.0,1000.0,0,10,-0.458,0.0,0.304
3806,0.0,0.0,0.0,1000.0,0,10,-0.456,0.0,0.304
3807,0.0,0.0,0.0,1000.0,0,10,-0.454,0.0,0.304
3808,0.0,0.0,0.0,1000.0,0,10,-0.452,0.0,0.304
3809,0.0,0.0,0.0,1000.0,0,10,-0.45,0.0,0.304
3810,0.0,0.0,0.0,1000.0,0,10,0.45,0.0,0.304
3811,0.0,0.0,0.0,1000.0,0,10,0.452,0.0,0.304
3812,0.0,0.0,0.0,1000.0,0,10,0.454,0.0,0.304
3813,0.0,0.0,0.0,1000.0,0,10,0.456,0.0,0.304
3814,0.0,0.0,0.0,1000.0,0,10,0.458,0.0,0.304
3815,0.0,0.0,0.0,1000.0,0,10,-0.458,0.0,0.306
3816,0.0,0.0,0.0,1000.0,0,10,-0.456,0.0,0.306
3817,0.0,0.0,0.0,1000.0,0,10,-0.454,0.0,0.306
3818,0.0,0.0,0.0,1000.0,0,10,-0.452,0.0,0.306
3819,0.0,0.0,0.0,1000.0,0,10,-0.45,0.0,0.306
3820,0.0,0.0,0.0,1000.0,0,10,0.45,0.0,0.306
3821,0.0,0.0,0.0,1000.0,0,10,0.452,0.0,0.306
3822,0.0,0.0,0.0,1000.0,0,10,0.454,0.0,0.306
3823,0.0,0.0,0.0,1000.0,0,10,0.456,0.0,0.306
3824,0.0,0.0,0.0,1000.0,0,10,0.458,0.0,0.306
3825,0.0,0.0,0.0,1000.0,0,10,-0.458,0.0,0.308
3826,0.0,0.0,0.0,1000.0,0,10,-0.456,0.0,0.308
3827,0.0,0.0,0.0,1000.0,0,10,-0.454,0.0,0.308
3828,0.0,0.0,0.0,1000.0,0,10,-0.452,0.0,0.308
3829,0.0,0.0,0.0,1000.0,0,10,-0.45,0.0,0.308
3830,0.0,0.0,0.0,1000.0,0,10,0.45,0.0,0.308
3831,0.0,0.0,0.0,1000.0,0,10,0.452,0.0,0.308
3832,0.0,0.0,0.0,1000.0,0,10,0.454,0.0,0.308
3833,0.0,0.0,0.0,1000.0,0,10,0.456,0.0,0.308
3834,0.0,0.0,0.0,1000.0,0,10,0.458,0.0,0.308
3835,0.0,0.0,0.0,1000.0,0,10,-0.458,0.0,0.31
3836,0.0,0.0,0.0,1000.0,0,10,-0.456,0.0,0.31
3837,0.0,0.0,0.0,1000.0,0,10,-0.454,0.0,0.31
3838,0.0,0.0,0.0,1000.0,0,10,-0.452,0.0,0.31
3839,0.0,0.0,0.0,1000.0,0,10,-0.45,0.0,0.31
3840,0.0,0.0,0.0,1000.0,0,10,0.45,0.0,0.31
3841,0.0,0.0,0.0,1000.0,0,10,0.452,0.0,0.31
3842,0.0,0.0,0.0,1000.0,0,10,0.454,0.0,0.31
3843,0.0,0.0,0.0,1000.0,0,10,0.456,0.0,0.31
3844,0.0,0.0,0.0,1000.0,0,10,0.458,0.0,0.31
3845,0.0,0.0,0.0,1000.0,0,10,-0.458,0.0,0.312
3846,0.0,0.0,0.0,1000.0,0,10,-0.456,0.0,0.312
3847,0.0,0.0,0.0,1000.0,0,10,-0.454,0.0,0.312
3848,0.0,0.0,0.0,1000.0,0,10,-0.452,0.0,0.312
3849,0.0,0.0,0.0,1000.0,0,10,-0.45,0.0,0.312
3850,0.0,0.0,0.0,1000.0,0,10,0.45,0.0,0.312
3851,0.0,0.0,0.0,1000.0,0,10,0.452,0.0,0.312
3852,0.0,0.0,0.0,1000.0,0,10,0.454,0.0,0.312
3853,0.0,0.0,0.0,1000.0,0,10,0.456,0.0,0.312
3854,0.0,0.0,0.0,1000.0,0,10,0.458,0.0,0.312
3855,0.0,0.0,0.0,1000.0,0,10,-0.458,0.0,0.314
3856,0.0,0.0,0.0,1000.0,0,10,-0.456,0.0,0.314
3857,0.0,0.0,0.0,1000.0,0,10,-0.454,0.0,0.314
3858,0.0,0.0,0.0,1000.0,0,10,-0.452,0.0,0.314
3859,0.0,0.0,0.0,1000.0,0,10,-0.45,0.0,0.314
3860,0.0,0.0,0.0,1000.0,0,10,0.45,0.0,0.314
3861,0.0,0.0,0.0,1000.0,0,10,0.452,0.0,0.314
3862,0.0,0.0,0.0,1000.0,0,10,0.454,0.0,0.314
3863,0.0,0.0,0.0,1000.0,0,10,0.456,0.0,0.314
3864,0.0,0.0,0.0,1000.0,0,10,0.458,0.0,0.314
3865,0.0,0.0,0.0,1000.0,0,10,-0.458,0.0,0.316
3866,0.0,0.0,0.0,1000.0,0,10,-0.456,0.0,0.316
3867,0.0,0.0,0.0,1000.0,0,10,-0.454,0.0,0.316
3868,0.0,0.0,0.0,1000.0,0,10,-0.452,0.0,0.316
3869,0.0,0.0,0.0,1000.0,0,10,-0.45,0.0,0.316
3870,0.0,0.0,0.0,1000.0,0,10,0.45,0.0,0.316
3871,0.0,0.0,0.0,1000.0,0,10,0.452,0.0,0.316
3872,0.0,0.0,0.0,1000.0,0,10,0.454,0.0,0.316
3873,0.0,0.0,0.0,1000.0,0,10,0.456,0.0,0.316
3874,0.0,0.0,0.0,1000.0,0,10,0.458,0.0,0.316
3875,0.0,0.0,0.0,1000.0,0,10,-0.458,0.0,0.318
3876,0.0,0.0,0.0,1000.0,0,10,-0.456,0.0,0.318
3877,0.0,0.0,0.0,1000.0,0,10,-0.454,0.0,0.318
3878,0.0,0.0,0.0,1000.0,0,10,-0.452,0.0,0.318
3879,0.0,0.0,0.0,1000.0,0,10,-0.45,0.0,0.318
3880,0.0,0.0,0.0,1000.0,0,10,0.45,0.0,0.318
3881,0.0,0.0,0.0,1000.0,0,10,0.452,0.0,0.318
3882,0.0,0.0,0.0,1000.0,0,10,0.454,0.0,0.318
3883,0.0,0.0,0.0,1000.0,0,10,0.456,0.0,0.318
3884,0.0,0.0,0.0,1000.0,0,10,0.458,0.0,0.318
3885,0.0,0.0,0.0,1000.0,0,10,-0.458,0.0,0.32
3886,0.0,0.0,0.0,1000.0,0,10,-0.456,0.0,0.32
3887,0.0,0.0,0.0,1000.0,0,10,-0.454,0.0,0.32
3888,0.0,0.0,0.0,1000.0,0,10,-0.452,0.0,0.32
3889,0.0,0.0,0.0,1000.0,0,10,-0.45,0.0,0.32
3890,0.0,0.0,0.0,1000.0,0,10,0.45,0.0,0.32
3891,0.0,0.0,0.0,1000.0,0,10,0.452,0.0,0.32
3892,0.0,0.0,0.0,1000.0,0,10,0.454,0.0,0.32
3893,0.0,0.0,0.0,1000.0,0,10,0.456,0.0,0.32
3894,0.0,0.0,0.0,1000.0,0,10,0.458,0.0,0.32
3895,0.0,0.0,0.0,1000.0,0,10,-0.458,0.0,0.322
3896,0.0,0.0,0.0,1000.0,0,10,-0.456,0.0,0.322
3897,0.0,0.0,0.0,1000.0,0,10,-0.454,0.0,0.322
3898,0.0,0.0,0.0,1000.0,0,10,-0.452,0.0,0.322
3899,0.0,0.0,0.0,1000.0,0,10,-0.45,0.0,0.322
3900,0.0,0.0,0.0,1000.0,0,10,0.45,0.0,0.322
3901,0.0,0.0,0.0,1000.0,0,10,0.452,0.0,0.322
3902,0.0,0.0,0.0,1000.0,0,10,0.454,0.0,0.322
3903,0.0,0.0,0.0,1000.0,0,10,0.456,0.0,0.322
3904,0.0,0.0,0.0,1000.0,0,10,0.458,0.0,0.322
3905,0.0,0.0,0.0,1000.0,0,10,-0.458,0.0,0.324
3906,0.0,0.0,0.0,1000.0,0,10,-0.456,0.0,0.324
3907,0.0,0.0,0.0,1000.0,0,10,-0.454,0.0,0.324
3908,0.0,0.0,0.0,1000.0,0,10,-0.452,0.0,0.324
3909,0.0,0.0,0.0,1000.0,0,10,-0.45,0.0,0.324
3910,0.0,0.0,0.0,1000.0,0,10,0.45,0.0,0.324
3911,0.0,0.0,0.0,1000.0,0,10,0.452,0.0,0.324
3912,0.0,0.0,0.0,1000.0,0,10,0.454,0.0,0.324
3913,0.0,0.0,0.0,1000.0,0,10,0.456,0.0,0.324
3914,0.0,0.0,0.0,1000.0,0,10,0.458,0.0,0.324
3915,0.0,0.0,0.0,1000.0,0,10,-0.458,0.0,0.326
3916,0.0,0.0,0.0,1000.0,0,10,-0.456,0.0,0.326
3917,0.0,0.0,0.0,1000.0,0,10,-0.454,0.0,0.326
3918,0.0,0.0,0.0,1000.0,0,10,-0.452,0.0,0.326
3919,0.0,0.0,0.0,1000.0,0,10,-0.45,0.0,0.326
3920,0.0,0.0,0.0,1000.0,0,10,0.45,0.0,0.326
3921,0.0,0.0,0.0,1000.0,0,10,0.452,0.0,0.326
3922,0.0,0.0,0.0,1000.0,0,10,0.454,0.0,0.326
3923,0.0,0.0,0.0,1000.0,0,10,0.456,0.0,0.326
3924,0.0,0.0,0.0,1000.0,0,10,0.458,0.0,0.326
3925,0.0,0.0,0.0,1000.0,0,10,-0.458,0.0,0.328
3926,0.0,0.0,0.0,1000.0,0,10,-0.456,0.0,0.328
3927,0.0,0.0,0.0,1000.0,0,10,-0.454,0.0,0.328
3928,0.0,0.0,0.0,1000.0,0,10,-0.452,0.0,0.328
3929,0.0,0.0,0.0,1000.0,0,10,-0.45,0.0,0.328
3930,0.0,0.0,0.0,1000.0,0,10,0.45,0.0,0.328
3931,0.0,0.0,0.0,1000.0,0,10,0.452,0.0,0.328
3932,0.0,0.0,0.0,1000.0,0,10,0.454,0.0,0.328
3933,0.0,0.0,0.0,1000.0,0,10,0.456,0.0,0.328
3934,0.0,0.0,0.0,1000.0,0,10,0.458,0.0,0.328
3935,0.0,0.0,0.0,1000.0,0,10,-0.458,0.0,0.33
3936,0.0,0.0,0.0,1000.0,0,10,-0.456,0.0,0.33
3937,0.0,0.0,0.0,1000.0,0,10,-0.454,0.0,0.33
3938,0.0,0.0,0.0,1000.0,0,10,-0.452,0.0,0.33
3939,0.0,0.0,0.0,1000.0,0,10,-0.45,0.0,0.33
3940,0.0,0.0,0.0,1000.0,0,10,0.45,0.0,0.33
3941,0.0,0.0,0.0,1000.0,0,10,0.452,0.0,0.33
3942,0.0,0.0,0.0,1000.0,0,10,0.454,0.0,0.33
3943,0.0,0.0,0.0,1000.0,0,10,0.456,0.0,0.33
3944,0.0,0.0,0.0,1000.0,0,10,0.458,0.0,0.33
3945,0.0,0.0,0.0,1000.0,0,10,-0.458,0.0,0.332
3946,0.0,0.0,0.0,1000.0,0,10,-0.456,0.0,0.332
3947,0.0,0.0,0.0,1000.0,0,10,-0.454,0.0,0.332
3948,0.0,0.0,0.0,1000.0,0,10,-0.452,0.0,0.332
3949,0.0,0.0,0.0,1000.0,0,10,-0.45,0.0,0.332
3950,0.0,0.0,0.0,1000.0,0,10,0.45,0.0,0.332
3951,0.0,0.0,0.0,1000.0,0,10,0.452,0.0,0.332
3952,0.0,0.0,0.0,1000.0,0,10,0.454,0.0,0.332
3953,0.0,0.0,0.0,1000.0,0,10,0.456,0.0,0.332
3954,0.0,0.0,0.0,1000.0,0,10,0.458,0.0,0.332
3955,0.0,0.0,0.0,1000.0,0,10,-0.458,0.0,0.334
3956,0.0,0.0,0.0,1000.0,0,10,-0.456,0.0,0.334
3957,0.0,0.0,0.0,1000.0,0,10,-0.454,0.0,0.334
3958,0.0,0.0,0.0,1000.0,0,10,-0.452,0.0,0.334
3959,0.0,0.0,0.0,1000.0,0,10,-0.45,0.0,0.334
3960,0.0,0.0,0.0,1000.0,0,10,0.45,0.0,0.334
3961,0.0,0.0,0.0,1000.0,0,10,0.452,0.0,0.334
3962,0.0,0.0,0.0,1000.0,0,10,0.454,0.0,0.334
3963,0.0,0.0,0.0,1000.0,0,10,0.456,0.0,0.334
3964,0.0,0.0,0.0,1000.0,0,10,0.458,0.0,0.334
3965,0.0,0.0,0.0,1000.0,0,10,-0.458,0.0,0.336
3966,0.0,0.0,0.0,1000.0,0,10,-0.456,0.0,0.336
3967,0.0,0.0,0.0,1000.0,0,10,-0.454,0.0,0.336
3968,0.0,0.0,0.0,1000.0,0,10,-0.452,0.0,0.336
3969,0.0,0.0,0.0,1000.0,0,10,-0.45,0.0,0.336
3970,0.0,0.0,0.0,1000.0,0,10,0.45,0.0,0.336
3971,0.0,0.0,0.0,1000.0,0,10,0.452,0.0,0.336
3972,0.0,0.0,0.0,1000.0,0,10,0.454,0.0,0.336
3973,0.0,0.0,0.0,1000.0,0,10,0.456,0.0,0.336
3974,0.0,0.0,0.0,1000.0,0,10,0.458,0.0,0.336
3975,0.0,0.0,0.0,1000.0,0,10,-0.458,0.0,0.338
3976,0.0,0.0,0.0,1000.0,0,10,-0.456,0.0,0.338
3977,0.0,0.0,0.0,1000.0,0,10,-0.454,0.0,0.338
3978,0.0,0.0,0.0,1000.0,0,10,-0.452,0.0,0.338
3979,0.0,0.0,0.0,1000.0,0,10,-0.45,0.0,0.338
3980,0.0,0.0,0.0,1000.0,0,10,0.45,0.0,0.338
3981,0.0,0.0,0.0,1000.0,0,10,0.452,0.0,0.338
3982,0.0,0.0,0.0,1000.0,0,10,0.454,0.0,0.338
3983,0.0,0.0,0.0,1000.0,0,10,0.456,0.0,0.338
3984,0.0,0.0,0.0,1000.0,0,10,0.458,0.0,0.338
3985,0.0,0.0,0.0,1000.0,0,10,-0.458,0.0,0.34
3986,0.0,0.0,0.0,1000.0,0,10,-0.456,0.0,0.34
3987,0.0,0.0,0.0,1000.0,0,10,-0.454,0.0,0.34
3988,0.0,0.0,0.0,1000.0,0,10,-0.452,0.0,0.34
3989,0.0,0.0,0.0,1000.0,0,10,-0.45,0.0,0.34
3990,0.0,0.0,0.0,1000.0,0,10,0.45,0.0,0.34
3991,0.0,0.0,0.0,1000.0,0,10,0.452,0.0,0.34
3992,0.0,0.0,0.0,1000.0,0,10,0.454,0.0,0.34
3993,0.0,0.0,0.0,1000.0,0,10,0.456,0.0,0.34
3994,0.0,0.0,0.0,1000.0,0,10,0.458,0.0,0.34
3995,0.0,0.0,0.0,1000.0,0,10,-0.458,0.0,0.342
3996,0.0,0.0,0.0,1000.0,0,10,-0.456,0.0,0.342
3997,0.0,0.0,0.0,1000.0,0,10,-0.454,0.0,0.342
3998,0.0,0.0,0.0,1000.0,0,10,-0.452,0.0,0.342
3999,0.0,0.0,0.0,1000.0,0,10,-0.45,0.0,0.342
4000,0.0,0.0,0.0,1000.0,0,10,0.45,0.0,0.342
4001,0.0,0.0,0.0,1000.0,0,10,0.452,0.0,0.342
4002,0.0,0.0,0.0,1000.0,0,10,0.454,0.0,0.342
4003,0.0,0.0,0.0,1000.0,0,10,0.456,0.0,0.342
4004,0.0,0.0,0.0,1000.0,0,10,0.458,0.0,0.342
4005,0.0,0.0,0.0,1000.0,0,10,-0.458,0.0,0.344
4006,0.0,0.0,0.0,1000.0,0,10,-0.456,0.0,0.344
4007,0.0,0.0,0.0,1000.0,0,10,-0.454,0.0,0.344
4008,0.0,0.0,0.0,1000.0,0,10,-0.452,0.0,0.344
4009,0.0,0.0,0.0,1000.0,0,10,-0.45,0.0,0.344
4010,0.0,0.0,0.0,1000.0,0,10,0.45,0.0,0.344
4011,0.0,0.0,0.0,1000.0,0,10,0.452,0.0,0.344
4012,0.0,0.0,0.0,1000.0,0,10,0.454,0.0,0.344
4013,0.0,0.0,0.0,1000.0,0,10,0.456,0.0,0.344
4014,0.0,0.0,0.0,1000.0,0,10,0.458,0.0,0.344
4015,0.0,0.0,0.0,1000.0,0,10,-0.458,0.0,0.346
4016,0.0,0.0,0.0,1000.0,0,10,-0.456,0.0,0.346
4017,0.0,0.0,0.0,1000.0,0,10,-0.454,0.0,0.346
4018,0.0,0.0,0.0,1000.0,0,10,-0.452,0.0,0.346
4019,0.0,0.0,0.0,1000.0,0,10,-0.45,0.0,0.346
4020,0.0,0.0,0.0,1000.0,0,10,0.45,0.0,0.346
4021,0.0,0.0,0.0,1000.0,0,10,0.452,0.0,0.346
4022,0.0,0.0,0.0,1000.0,0,10,0.454,0.0,0.346
4023,0.0,0.0,0.0,1000.0,0,10,0.456,0.0,0.346
4024,0.0,0.0,0.0,1000.0,0,10,0.458,0.0,0.346
4025,0.0,0.0,0.0,1000.0,0,10,-0.458,0.0,0.348
4026,0.0,0.0,0.0,1000.0,0,10,-0.456,0.0,0.348
4027,0.0,0.0,0.0,1000.0,0,10,-0.454,0.0,0.348
4028,0.0,0.0,0.0,1000.0,0,10,-0.452,0.0,0.348
4029,0.0,0.0,0.0,1000.0,0,10,-0.45,0.0,0.348
4030,0.0,0.0,0.0,1000.0,0,10,0.45,0.0,0.348
4031,0.0,0.0,0.0,1000.0,0,10,0.452,0.0,0.348
4032,0.0,0.0,0.0,1000.0,0,10,0.454,0.0,0.348
4033,0.0,0.0,0.0,1000.0,0,10,0.456,0.0,0.348
4034,0.0,0.0,0.0,1000.0,0,10,0.458,0.0,0.348
4035,0.0,0.0,0.0,1000.0,0,10,-0.458,0.0,0.35
4036,0.0,0.0,0.0,1000.0,0,10,-0.456,0.0,0.35
4037,0.0,0.0,0.0,1000.0,0,10,-0.454,0.0,0.35
4038,0.0,0.0,0.0,1000.0,0,10,-0.452,0.0,0.35
4039,0.0,0.0,0.0,1000.0,0,10,-0.45,0.0,0.35
4040,0.0,0.0,0.0,1000.0,0,10,0.45,0.0,0.35
4041,0.0,0.0,0.0,1000.0,0,10,0.452,0.0,0.35
4042,0.0,0.0,0.0,1000.0,0,10,0.454,0.0,0.35
4043,0.0,0.0,0.0,1000.0,0,10,0.456,0.0,0.35
4044,0.0,0.0,0.0,1000.0,0,10,0.458,0.0,0.35
4045,0.0,0.0,0.0,1000.0,0,10,-0.458,0.0,0.352
4046,0.0,0.0,0.0,1000.0,0,10,-0.456,0.0,0.352
4047,0.0,0.0,0.0,1000.0,0,10,-0.454,0.0,0.352
4048,0.0,0.0,0.0,1000.0,0,10,-0.452,0.0,0.352
4049,0.0,0.0,0.0,1000.0,0,10,-0.45,0.0,0.352
4050,0.0,0.0,0.0,1000.0,0,10,0.45,0.0,0.352
4051,0.0,0.0,0.0,1000.0,0,10,0.452,0.0,0.352
4052,0.0,0.0,0.0,1000.0,0,10,0.454,0.0,0.352
4053,0.0,0.0,0.0,1000.0,0,10,0.456,0.0,0.352
4054,0.0,0.0,0.0,1000.0,0,10,0.458,0.0,0.352
4055,0.0,0.0,0.0,1000.0,0,10,-0.458,0.0,0.354
4056,0.0,0.0,0.0,1000.0,0,10,-0.456,0.0,0.354
4057,0.0,0.0,0.0,1000.0,0,10,-0.454,0.0,0.354
4058,0.0,0.0,0.0,1000.0,0,10,-0.452,0.0,0.354
4059,0.0,0.0,0.0,1000.0,0,10,-0.45,0.0,0.354
4060,0.0,0.0,0.0,1000.0,0,10,0.45,0.0,0.354
4061,0.0,0.0,0.0,1000.0,0,10,0.452,0.0,0.354
4062,0.0,0.0,0.0,1000.0,0,10,0.454,0.0,0.354
4063,0.0,0.0,0.0,1000.0,0,10,0.456,0.0,0.354
4064,0.0,0.0,0.0,1000.0,0,10,0.458,0.0,0.354
4065,0.0,0.0,0.0,1000.0,0,10,-0.458,0.0,0.356
4066,0.0,0.0,0.0,1000.0,0,10,-0.456,0.0,0.356
4067,0.0,0.0,0.0,1000.0,0,10,-0.454,0.0,0.356
4068,0.0,0.0,0.0,1000.0,0,10,-0.452,0.0,0.356
4069,0.0,0.0,0.0,1000.0,0,10,-0.45,0.0,0.356
4070,0.0,0.0,0.0,1000.0,0,10,0.45,0.0,0.356
4071,0.0,0.0,0.0,1000.0,0,10,0.452,0.0,0.356
4072,0.0,0.0,0.0,1000.0,0,10,0.454,0.0,0.356
4073,0.0,0.0,0.0,1000.0,0,10,0.456,0.0,0.356
4074,0.0,0.0,0.0,1000.0,0,10,0.458,0.0,0.356
4075,0.0,0.0,0.0,1000.0,0,10,-0.458,0.0,0.358
4076,0.0,0.0,0.0,1000.0,0,10,-0.456,0.0,0.358
4077,0.0,0.0,0.0,1000.0,0,10,-0.454,0.0,0.358
4078,0.0,0.0,0.0,1000.0,0,10,-0.452,0.0,0.358
4079,0.0,0.0,0.0,1000.0,0,10,-0.45,0.0,0.358
4080,0.0,0.0,0.0,1000.0,0,10,0.45,0.0,0.358
4081,0.0,0.0,0.0,1000.0,0,10,0.452,0.0,0.358
4082,0.0,0.0,0.0,1000.0,0,10,0.454,0.0,0.358
4083,0.0,0.0,0.0,1000.0,0,10,0.456,0.0,0.358
4084,0.0,0.0,0.0,1000.0,0,10,0.458,0.0,0.358
4085,0.0,0.0,0.0,1000.0,0,10,-0.458,0.0,0.36
4086,0.0,0.0,0.0,1000.0,0,10,-0.456,0.0,0.36
4087,0.0,0.0,0.0,1000.0,0,10,-0.454,0.0,0.36
4088,0.0,0.0,0.0,1000.0,0,10,-0.452,0.0,0.36
4089,0.0,0.0,0.0,1000.0,0,10,-0.45,0.0,0.36
4090,0.0,0.0,0.0,1000.0,0,10,0.45,0.0,0.36
4091,0.0,0.0,0.0,1000.0,0,10,0.452,0.0,0.36
4092,0.0,0.0,0.0,1000.0,0,10,0.454,0.0,0.36
4093,0.0,0.0,0.0,1000.0,0,10,0.456,0.0,0.36
4094,0.0,0.0,0.0,1000.0,0,10,0.458,0.0,0.36
4095,0.0,0.0,0.0,1000.0,0,10,-0.458,0.0,0.362
4096,0.0,0.0,0.0,1000.0,0,10,-0.456,0.0,0.362
4097,0.0,0.0,0.0,1000.0,0,10,-0.454,0.0,0.362
4098,0.0,0.0,0.0,1000.0,0,10,-0.452,0.0,0.362
4099,0.0,0.0,0.0,1000.0,0,10,-0.45,0.0,0.362
4100,0.0,0.0,0.0,1000.0,0,10,0.45,0.0,0.362
4101,0.0,0.0,0.0,1000.0,0,10,0.452,0.0,0.362
4102,0.0,0.0,0.0,1000.0,0,10,0.454,0.0,0.362
4103,0.0,0.0,0.0,1000.0,0,10,0.456,0.0,0.362
4104,0.0,0.0,0.0,1000.0,0,10,0.458,0.0,0.362
4105,0.0,0.0,0.0,1000.0,0,10,-0.458,0.0,0.364
4106,0.0,0.0,0.0,1000.0,0,10,-0.456,0.0,0.364
4107,0.0,0.0,0.0,1000.0,0,10,-0.454,0.0,0.364
4108,0.0,0.0,0.0,1000.0,0,10,-0.452,0.0,0.364
4109,0.0,0.0,0.0,1000.0,0,10,-0.45,0.0,0.364
4110,0.0,0.0,0.0,1000.0,0,10,0.45,0.0,0.364
4111,0.0,0.0,0.0,1000.0,0,10,0.452,0.0,0.364
4112,0.0,0.0,0.0,1000.0,0,10,0.454,0.0,0.364
4113,0.0,0.0,0.0,1000.0,0,10,0.456,0.0,0.364
4114,0.0,0.0,0.0,1000.0,0,10,0.458,0.0,0.364
4115,0.0,0.0,0.0,1000.0,0,10,-0.458,0.0,0.366
4116,0.0,0.0,0.0,1000.0,0,10,-0.456,0.0,0.366
4117,0.0,0.0,0.0,1000.0,0,10,-0.454,0.0,0.366
4118,0.0,0.0,0.0,1000.0,0,10,-0.452,0.0,0.366
4119,0.0,0.0,0.0,1000.0,0,10,-0.45,0.0,0.366
4120,0.0,0.0,0.0,1000.0,0,10,0.45,0.0,0.366
4121,0.0,0.0,0.0,1000.0,0,10,0.452,0.0,0.366
4122,0.0,0.0,0.0,1000.0,0,10,0.454,0.0,0.366
4123,0.0,0.0,0.0,1000.0,0,10,0.456,0.0,0.366
4124,0.0,0.0,0.0,1000.0,0,10,0.458,0.0,0.366
4125,0.0,0.0,0.0,1000.0,0,10,-0.458,0.0,0.368
4126,0.0,0.0,0.0,1000.0,0,10,-0.456,0.0,0.368
4127,0.0,0.0,0.0,1000.0,0,10,-0.454,0.0,0.368
4128,0.0,0.0,0.0,1000.0,0,10,-0.452,0.0,0.368
4129,0.0,0.0,0.0,1000.0,0,10,-0.45,0.0,0.368
4130,0.0,0.0,0.0,1000.0,0,10,0.45,0.0,0.368
4131,0.0,0.0,0.0,1000.0,0,10,0.452,0.0,0.368
4132,0.0,0.0,0.0,1000.0,0,10,0.454,0.0,0.368
4133,0.0,0.0,0.0,1000.0,0,10,0.456,0.0,0.368
4134,0.0,0.0,0.0,1000.0,0,10,0.458,0.0,0.368
4135,0.0,0.0,0.0,1000.0,0,10,-0.458,0.0,0.37
4136,0.0,0.0,0.0,1000.0,0,10,-0.456,0.0,0.37
4137,0.0,0.0,0.0,1000.0,0,10,-0.454,0.0,0.37
4138,0.0,0.0,0.0,1000.0,0,10,-0.452,0.0,0.37
4139,0.0,0.0,0.0,1000.0,0,10,-0.45,0.0,0.37
4140,0.0,0.0,0.0,1000.0,0,10,0.45,0.0,0.37
4141,0.0,0.0,0.0,1000.0,0,10,0.452,0.0,0.37
4142,0.0,0.0,0.0,1000.0,0,10,0.454,0.0,0.37
4143,0.0,0.0,0.0,1000.0,0,10,0.456,0.0,0.37
4144,0.0,0.0,0.0,1000.0,0,10,0.458,0.0,0.37
4145,0.0,0.0,0.0,1000.0,0,10,-0.458,0.0,0.372
4146,0.0,0.0,0.0,1000.0,0,10,-0.456,0.0,0.372
4147,0.0,0.0,0.0,1000.0,0,10,-0.454,0.0,0.372
4148,0.0,0.0,0.0,1000.0,0,10,-0.452,0.0,0.372
4149,0.0,0.0,0.0,1000.0,0,10,-0.45,0.0,0.372
4150,0.0,0.0,0.0,1000.0,0,10,0.45,0.0,0.372
4151,0.0,0.0,0.0,1000.0,0,10,0.452,0.0,0.372
4152,0.0,0.0,0.0,1000.0,0,10,0.454,0.0,0.372
4153,0.0,0.0,0.0,1000.0,0,10,0.456,0.0,0.372
4154,0.0,0.0,0.0,1000.0,0,10,0.458,0.0,0.372
4155,0.0,0.0,0.0,1000.0,0,10,-0.458,0.0,0.374
4156,0.0,0.0,0.0,1000.0,0,10,-0.456,0.0,0.374
4157,0.0,0.0,0.0,1000.0,0,10,-0.454,0.0,0.374
4158,0.0,0.0,0.0,1000.0,0,10,-0.452,0.0,0.374
4159,0.0,0.0,0.0,1000.0,0,10,-0.45,0.0,0.374
4160,0.0,0.0,0.0,1000.0,0,10,0.45,0.0,0.374
4161,0.0,0.0,0.0,1000.0,0,10,0.452,0.0,0.374
4162,0.0,0.0,0.0,1000.0,0,10,0.454,0.0,0.374
4163,0.0,0.0,0.0,1000.0,0,10,0.456,0.0,0.374
4164,0.0,0.0,0.0,1000.0,0,10,0.458,0.0,0.374
4165,0.0,0.0,0.0,1000.0,0,10,-0.458,0.0,0.376
4166,0.0,0.0,0.0,1000.0,0,10,-0.456,0.0,0.376
4167,0.0,0.0,0.0,1000.0,0,10,-0.454,0.0,0.376
4168,0.0,0.0,0.0,1000.0,0,10,-0.452,0.0,0.376
4169,0.0,0.0,0.0,1000.0,0,10,-0.45,0.0,0.376
4170,0.0,0.0,0.0,1000.0,0,10,0.45,0.0,0.376
4171,0.0,0.0,0.0,1000.0,0,10,0.452,0.0,0.376
4172,0.0,0.0,0.0,1000.0,0,10,0.454,0.0,0.376
4173,0.0,0.0,0.0,1000.0,0,10,0.456,0.0,0.376
4174,0.0,0.0,0.0,1000.0,0,10,0.458,0.0,0.376
4175,0.0,0.0,0.0,1000.0,0,10,-0.458,0.0,0.378
4176,0.0,0.0,0.0,1000.0,0,10,-0.456,0.0,0.378
4177,0.0,0.0,0.0,1000.0,0,10,-0.454,0.0,0.378
4178,0.0,0.0,0.0,1000.0,0,10,-0.452,0.0,0.378
4179,0.0,0.0,0.0,1000.0,0,10,-0.45,0.0,0.378
4180,0.0,0.0,0.0,1000.0,0,10,0.45,0.0,0.378
4181,0.0,0.0,0.0,1000.0,0,10,0.452,0.0,0.378
4182,0.0,0.0,0.0,1000.0,0,10,0.454,0.0,0.378
4183,0.0,0.0,0.0,1000.0,0,10,0.456,0.0,0.378
4184,0.0,0.0,0.0,1000.0,0,10,0.458,0.0,0.378
4185,0.0,0.0,0.0,1000.0,0,10,-0.458,0.0,0.38
4186,0.0,0.0,0.0,1000.0,0,10,-0.456,0.0,0.38
4187,0.0,0.0,0.0,1000.0,0,10,-0.454,0.0,0.38
4188,0.0,0.0,0.0,1000.0,0,10,-0.452,0.0,0.38
4189,0.0,0.0,0.0,1000.0,0,10,-0.45,0.0,0.38
4190,0.0,0.0,0.0,1000.0,0,10,0.45,0.0,0.38
4191,0.0,0.0,0.0,1000.0,0,10,0.452,0.0,0.38
4192,0.0,0.0,0.0,1000.0,0,10,0.454,0.0,0.38
4193,0.0,0.0,0.0,1000.0,0,10,0.456,0.0,0.38
4194,0.0,0.0,0.0,1000.0,0,10,0.458,0.0,0.38
4195,0.0,0.0,0.0,1000.0,0,10,-0.458,0.0,0.382
4196,0.0,0.0,0.0,1000.0,0,10,-0.456,0.0,0.382
4197,0.0,0.0,0.0,1000.0,0,10,-0.454,0.0,0.382
4198,0.0,0.0,0.0,1000.0,0,10,-0.452,0.0,0.382
4199,0.0,0.0,0.0,1000.0,0,10,-0.45,0.0,0.382
4200,0.0,0.0,0.0,1000.0,0,10,0.45,0.0,0.382
4201,0.0,0.0,0.0,1000.0,0,10,0.452,0.0,0.382
4202,0.0,0.0,0.0,1000.0,0,10,0.454,0.0,0.382
4203,0.0,0.0,0.0,1000.0,0,10,0.456,0.0,0.382
4204,0.0,0.0,0.0,1000.0,0,10,0.458,0.0,0.382
4205,0.0,0.0,0.0,1000.0,0,10,-0.458,0.0,0.384
4206,0.0,0.0,0.0,1000.0,0,10,-0.456,0.0,0.384
4207,0.0,0.0,0.0,1000.0,0,10,-0.454,0.0,0.384
4208,0.0,0.0,0.0,1000.0,0,10,-0.452,0.0,0.384
4209,0.0,0.0,0.0,1000.0,0,10,-0.45,0.0,0.384
4210,0.0,0.0,0.0,1000.0,0,10,0.45,0.0,0.384
4211,0.0,0.0,0.0,1000.0,0,10,0.452,0.0,0.384
4212,0.0,0.0,0.0,1000.0,0,10,0.454,0.0,0.384
4213,0.0,0.0,0.0,1000.0,0,10,0.456,0.0,0.384
4214,0.0,0.0,0.0,1000.0,0,10,0.458,0.0,0.384
4215,0.0,0.0,0.0,1000.0,0,10,-0.458,0.0,0.386
4216,0.0,0.0,0.0,1000.0,0,10,-0.456,0.0,0.386
4217,0.0,0.0,0.0,1000.0,0,10,-0.454,0.0,0.386
4218,0.0,0.0,0.0,1000.0,0,10,-0.452,0.0,0.386
4219,0.0,0.0,0.0,1000.0,0,10,-0.45,0.0,0.386
4220,0.0,0.0,0.0,1000.0,0,10,0.45,0.0,0.386
4221,0.0,0.0,0.0,1000.0,0,10,0.452,0.0,0.386
4222,0.0,0.0,0.0,1000.0,0,10,0.454,0.0,0.386
4223,0.0,0.0,0.0,1000.0,0,10,0.456,0.0,0.386
4224,0.0,0.0,0.0,1000.0,0,10,0.458,0.0,0.386
4225,0.0,0.0,0.0,1000.0,0,10,-0.458,0.0,0.388
4226,0.0,0.0,0.0,1000.0,0,10,-0.456,0.0,0.388
4227,0.0,0.0,0.0,1000.0,0,10,-0.454,0.0,0.388
4228,0.0,0.0,0.0,1000.0,0,10,-0.452,0.0,0.388
4229,0.0,0.0,0.0,1000.0,0,10,-0.45,0.0,0.388
4230,0.0,0.0,0.0,1000.0,0,10,0.45,0.0,0.388
4231,0.0,0.0,0.0,1000.0,0,10,0.452,0.0,0.388
4232,0.0,0.0,0.0,1000.0,0,10,0.454,0.0,0.388
4233,0.0,0.0,0.0,1000.0,0,10,0.456,0.0,0.388
4234,0.0,0.0,0.0,1000.0,0,10,0.458,0.0,0.388
4235,0.0,0.0,0.0,1000.0,0,10,-0.458,0.0,0.39
4236,0.0,0.0,0.0,1000.0,0,10,-0.456,0.0,0.39
4237,0.0,0.0,0.0,1000.0,0,10,-0.454,0.0,0.39
4238,0.0,0.0,0.0,1000.0,0,10,-0.452,0.0,0.39
4239,0.0,0.0,0.0,1000.0,0,10,-0.45,0.0,0.39
4240,0.0,0.0,0.0,1000.0,0,10,0.45,0.0,0.39
4241,0.0,0.0,0.0,1000.0,0,10,0.452,0.0,0.39
4242,0.0,0.0,0.0,1000.0,0,10,0.454,0.0,0.39
4243,0.0,0.0,0.0,1000.0,0,10,0.456,0.0,0.39
4244,0.0,0.0,0.0,1000.0,0,10,0.458,0.0,0.39
4245,0.0,0.0,0.0,1000.0,0,10,-0.458,0.0,0.392
4246,0.0,0.0,0.0,1000.0,0,10,-0.456,0.0,0.392
4247,0.0,0.0,0.0,1000.0,0,10,-0.454,0.0,0.392
4248,0.0,0.0,0.0,1000.0,0,10,-0.452,0.0,0.392
4249,0.0,0.0,0.0,1000.0,0,10,-0.45,0.0,0.392
4250,0.0,0.0,0.0,1000.0,0,10,0.45,0.0,0.392
4251,0.0,0.0,0.0,1000.0,0,10,0.452,0.0,0.392
4252,0.0,0.0,0.0,1000.0,0,10,0.454,0.0,0.392
4253,0.0,0.0,0.0,1000.0,0,10,0.456,0.0,0.392
4254,0.0,0.0,0.0,1000.0,0,10,0.458,0.0,0.392
4255,0.0,0.0,0.0,1000.0,0,10,-0.458,0.0,0.394
4256,0.0,0.0,0.0,1000.0,0,10,-0.456,0.0,0.394
4257,0.0,0.0,0.0,1000.0,0,10,-0.454,0.0,0.394
4258,0.0,0.0,0.0,1000.0,0,10,-0.452,0.0,0.394
4259,0.0,0.0,0.0,1000.0,0,10,-0.45,0.0,0.394
4260,0.0,0.0,0.0,1000.0,0,10,0.45,0.0,0.394
4261,0.0,0.0,0.0,1000.0,0,10,0.452,0.0,0.394
4262,0.0,0.0,0.0,1000.0,0,10,0.454,0.0,0.394
4263,0.0,0.0,0.0,1000.0,0,10,0.456,0.0,0.394
4264,0.0,0.0,0.0,1000.0,0,10,0.458,0.0,0.394
4265,0.0,0.0,0.0,1000.0,0,10,-0.458,0.0,0.396
4266,0.0,0.0,0.0,1000.0,0,10,-0.456,0.0,0.396
4267,0.0,0.0,0.0,1000.0,0,10,-0.454,0.0,0.396
4268,0.0,0.0,0.0,1000.0,0,10,-0.452,0.0,0.396
4269,0.0,0.0,0.0,1000.0,0,10,-0.45,0.0,0.396
4270,0.0,0.0,0.0,1000.0,0,10,0.45,0.0,0.396
4271,0.0,0.0,0.0,1000.0,0,10,0.452,0.0,0.396
4272,0.0,0.0,0.0,1000.0,0,10,0.454,0.0,0.396
4273,0.0,0.0,0.0,1000.0,0,10,0.456,0.0,0.396
4274,0.0,0.0,0.0,1000.0,0,10,0.458,0.0,0.396
4275,0.0,0.0,0.0,1000.0,0,10,-0.458,0.0,0.398
4276,0.0,0.0,0.0,1000.0,0,10,-0.456,0.0,0.398
4277,0.0,0.0,0.0,1000.0,0,10,-0.454,0.0,0.398
4278,0.0,0.0,0.0,1000.0,0,10,-0.452,0.0,0.398
4279,0.0,0.0,0.0,1000.0,0,10,-0.45,0.0,0.398
4280,0.0,0.0,0.0,1000.0,0,10,0.45,0.0,0.398
4281,0.0,0.0,0.0,1000.0,0,10,0.452,0.0,0.398
4282,0.0,0.0,0.0,1000.0,0,10,0.454,0.0,0.398
4283,0.0,0.0,0.0,1000.0,0,10,0.456,0.0,0.398
4284,0.0,0.0,0.0,1000.0,0,10,0.458,0.0,0.398
4285,0.0,0.0,0.0,1000.0,0,10,-0.458,0.0,0.4
4286,0.0,0.0,0.0,1000.0,0,10,-0.456,0.0,0.4
4287,0.0,0.0,0.0,1000.0,0,10,-0.454,0.0,0.4
4288,0.0,0.0,0.0,1000.0,0,10,-0.452,0.0,0.4
4289,0.0,0.0,0.0,1000.0,0,10,-0.45,0.0,0.4
4290,0.0,0.0,0.0,1000.0,0,10,0.45,0.0,0.4
4291,0.0,0.0,0.0,1000.0,0,10,0.452,0.0,0.4
4292,0.0,0.0,0.0,1000.0,0,10,0.454,0.0,0.4
4293,0.0,0.0,0.0,1000.0,0,10,0.456,0.0,0.4
4294,0.0,0.0,0.0,1000.0,0,10,0.458,0.0,0.4
4295,0.0,0.0,0.0,1000.0,0,10,-0.458,0.0,0.402
4296,0.0,0.0,0.0,1000.0,0,10,-0.456,0.0,0.402
4297,0.0,0.0,0.0,1000.0,0,10,-0.454,0.0,0.402
4298,0.0,0.0,0.0,1000.0,0,10,-0.452,0.0,0.402
4299,0.0,0.0,0.0,1000.0,0,10,-0.45,0.0,0.402
4300,0.0,0.0,0.0,1000.0,0,10,0.45,0.0,0.402
4301,0.0,0.0,0.0,1000.0,0,10,0.452,0.0,0.402
4302,0.0,0.0,0.0,1000.0,0,10,0.454,0.0,0.402
4303,0.0,0.0,0.0,1000.0,0,10,0.456,0.0,0.402
4304,0.0,0.0,0.0,1000.0,0,10,0.458,0.0,0.402
4305,0.0,0.0,0.0,1000.0,0,10,-0.458,0.0,0.404
4306,0.0,0.0,0.0,1000.0,0,10,-0.456,0.0,0.404
4307,0.0,0.0,0.0,1000.0,0,10,-0.454,0.0,0.404
4308,0.0,0.0,0.0,1000.0,0,10,-0.452,0.0,0.404
4309,0.0,0.0,0.0,1000.0,0,10,-0.45,0.0,0.404
4310,0.0,0.0,0.0,1000.0,0,10,0.45,0.0,0.404
4311,0.0,0.0,0.0,1000.0,0,10,0.452,0.0,0.404
4312,0.0,0.0,0.0,1000.0,0,10,0.454,0.0,0.404
4313,0.0,0.0,0.0,1000.0,0,10,0.456,0.0,0.404
4314,0.0,0.0,0.0,1000.0,0,10,0.458,0.0,0.404
4315,0.0,0.0,0.0,1000.0,0,10,-0.458,0.0,0.406
4316,0.0,0.0,0.0,1000.0,0,10,-0.456,0.0,0.406
4317,0.0,0.0,0.0,1000.0,0,10,-0.454,0.0,0.406
4318,0.0,0.0,0.0,1000.0,0,10,-0.452,0.0,0.406
4319,0.0,0.0,0.0,1000.0,0,10,-0.45,0.0,0.406
4320,0.0,0.0,0.0,1000.0,0,10,0.45,0.0,0.406
4321,0.0,0.0,0.0,1000.0,0,10,0.452,0.0,0.406
4322,0.0,0.0,0.0,1000.0,0,10,0.454,0.0,0.406
4323,0.0,0.0,0.0,1000.0,0,10,0.456,0.0,0.406
4324,0.0,0.0,0.0,1000.0,0,10,0.458,0.0,0.406
4325,0.0,0.0,0.0,1000.0,0,10,-0.458,0.0,0.40800000000000003
4326,0.0,0.0,0.0,1000.0,0,10,-0.456,0.0,0.40800000000000003
4327,0.0,0.0,0.0,1000.0,0,10,-0.454,0.0,0.40800000000000003
4328,0.0,0.0,0.0,1000.0,0,10,-0.452,0.0,0.40800000000000003
4329,0.0,0.0,0.0,1000.0,0,10,-0.45,0.0,0.40800000000000003
4330,0.0,0.0,0.0,1000.0,0,10,0.45,0.0,0.40800000000000003
4331,0.0,0.0,0.0,1000.0,0,10,0.452,0.0,0.40800000000000003
4332,0.0,0.0,0.0,1000.0,0,10,0.454,0.0,0.40800000000000003
4333,0.0,0.0,0.0,1000.0,0,10,0.456,0.0,0.40800000000000003
4334,0.0,0.0,0.0,1000.0,0,10,0.458,0.0,0.40800000000000003
4335,0.0,0.0,0.0,1000.0,0,10,-0.458,0.0,0.41
4336,0.0,0.0,0.0,1000.0,0,10,-0.456,0.0,0.41
4337,0.0,0.0,0.0,1000.0,0,10,-0.454,0.0,0.41
4338,0.0,0.0,0.0,1000.0,0,10,-0.452,0.0,0.41
4339,0.0,0.0,0.0,1000.0,0,10,-0.45,0.0,0.41
4340,0.0,0.0,0.0,1000.0,0,10,0.45,0.0,0.41
4341,0.0,0.0,0.0,1000.0,0,10,0.452,0.0,0.41
4342,0.0,0.0,0.0,1000.0,0,10,0.454,0.0,0.41
4343,0.0,0.0,0.0,1000.0,0,10,0.456,0.0,0.41
4344,0.0,0.0,0.0,1000.0,0,10,0.458,0.0,0.41
4345,0.0,0.0,0.0,1000.0,0,10,-0.458,0.0,0.412
4346,0.0,0.0,0.0,1000.0,0,10,-0.456,0.0,0.412
4347,0.0,0.0,0.0,1000.0,0,10,-0.454,0.0,0.412
4348,0.0,0.0,0.0,1000.0,0,10,-0.452,0.0,0.412
4349,0.0,0.0,0.0,1000.0,0,10,-0.45,0.0,0.412
4350,0.0,0.0,0.0,1000.0,0,10,0.45,0.0,0.412
4351,0.0,0.0,0.0,1000.0,0,10,0.452,0.0,0.412
4352,0.0,0.0,0.0,1000.0,0,10,0.454,0.0,0.412
4353,0.0,0.0,0.0,1000.0,0,10,0.456,0.0,0.412
4354,0.0,0.0,0.0,1000.0,0,10,0.458,0.0,0.412
4355,0.0,0.0,0.0,1000.0,0,10,-0.458,0.0,0.414
4356,0.0,0.0,0.0,1000.0,0,10,-0.456,0.0,0.414
4357,0.0,0.0,0.0,1000.0,0,10,-0.454,0.0,0.414
4358,0.0,0.0,0.0,1000.0,0,10,-0.452,0.0,0.414
4359,0.0,0.0,0.0,1000.0,0,10,-0.45,0.0,0.414
4360,0.0,0.0,0.0,1000.0,0,10,0.45,0.0,0.414
4361,0.0,0.0,0.0,1000.0,0,10,0.452,0.0,0.414
4362,0.0,0.0,0.0,1000.0,0,10,0.454,0.0,0.414
4363,0.0,0.0,0.0,1000.0,0,10,0.456,0.0,0.414
4364,0.0,0.0,0.0,1000.0,0,10,0.458,0.0,0.414
4365,0.0,0.0,0.0,1000.0,0,10,-0.458,0.0,0.416
4366,0.0,0.0,0.0,1000.0,0,10,-0.456,0.0,0.416
4367,0.0,0.0,0.0,1000.0,0,10,-0.454,0.0,0.416
4368,0.0,0.0,0.0,1000.0,0,10,-0.452,0.0,0.416
4369,0.0,0.0,0.0,1000.0,0,10,-0.45,0.0,0.416
4370,0.0,0.0,0.0,1000.0,0,10,0.45,0.0,0.416
4371,0.0,0.0,0.0,1000.0,0,10,0.452,0.0,0.416
4372,0.0,0.0,0.0,1000.0,0,10,0.454,0.0,0.416
4373,0.0,0.0,0.0,1000.0,0,10,0.456,0.0,0.416
4374,0.0,0.0,0.0,1000.0,0,10,0.458,0.0,0.416
4375,0.0,0.0,0.0,1000.0,0,10,-0.458,0.0,0.418
4376,0.0,0.0,0.0,1000.0,0,10,-0.456,0.0,0.418
4377,0.0,0.0,0.0,1000.0,0,10,-0.454,0.0,0.418
4378,0.0,0.0,0.0,1000.0,0,10,-0.452,0.0,0.418
4379,0.0,0.0,0.0,1000.0,0,10,-0.45,0.0,0.418
4380,0.0,0.0,0.0,1000.0,0,10,0.45,0.0,0.418
4381,0.0,0.0,0.0,1000.0,0,10,0.452,0.0,0.418
4382,0.0,0.0,0.0,1000.0,0,10,0.454,0.0,0.418
4383,0.0,0.0,0.0,1000.0,0,10,0.456,0.0,0.418
4384,0.0,0.0,0.0,1000.0,0,10,0.458,0.0,0.418
4385,0.0,0.0,0.0,1000.0,0,10,-0.458,0.0,0.42
4386,0.0,0.0,0.0,1000.0,0,10,-0.456,0.0,0.42
4387,0.0,0.0,0.0,1000.0,0,10,-0.454,0.0,0.42
4388,0.0,0.0,0.0,1000.0,0,10,-0.452,0.0,0.42
4389,0.0,0.0,0.0,1000.0,0,10,-0.45,0.0,0.42
4390,0.0,0.0,0.0,1000.0,0,10,0.45,0.0,0.42
4391,0.0,0.0,0.0,1000.0,0,10,0.452,0.0,0.42
4392,0.0,0.0,0.0,1000.0,0,10,0.454,0.0,0.42
4393,0.0,0.0,0.0,1000.0,0,10,0.456,0.0,0.42
4394,0.0,0.0,0.0,1000.0,0,10,0.458,0.0,0.42
4395,0.0,0.0,0.0,1000.0,0,10,-0.458,0.0,0.422
4396,0.0,0.0,0.0,1000.0,0,10,-0.456,0.0,0.422
4397,0.0,0.0,0.0,1000.0,0,10,-0.454,0.0,0.422
4398,0.0,0.0,0.0,1000.0,0,10,-0.452,0.0,0.422
4399,0.0,0.0,0.0,1000.0,0,10,-0.45,0.0,0.422
4400,0.0,0.0,0.0,1000.0,0,10,0.45,0.0,0.422
4401,0.0,0.0,0.0,1000.0,0,10,0.452,0.0,0.422
4402,0.0,0.0,0.0,1000.0,0,10,0.454,0.0,0.422
4403,0.0,0.0,0.0,1000.0,0,10,0.456,0.0,0.422
4404,0.0,0.0,0.0,1000.0,0,10,0.458,0.0,0.422
4405,0.0,0.0,0.0,1000.0,0,10,-0.458,0.0,0.424
4406,0.0,0.0,0.0,1000.0,0,10,-0.456,0.0,0.424
4407,0.0,0.0,0.0,1000.0,0,10,-0.454,0.0,0.424
4408,0.0,0.0,0.0,1000.0,0,10,-0.452,0.0,0.424
4409,0.0,0.0,0.0,1000.0,0,10,-0.45,0.0,0.424
4410,0.0,0.0,0.0,1000.0,0,10,0.45,0.0,0.424
4411,0.0,0.0,0.0,1000.0,0,10,0.452,0.0,0.424
4412,0.0,0.0,0.0,1000.0,0,10,0.454,0.0,0.424
4413,0.0,0.0,0.0,1000.0,0,10,0.456,0.0,0.424
4414,0.0,0.0,0.0,1000.0,0,10,0.458,0.0,0.424
4415,0.0,0.0,0.0,1000.0,0,10,-0.458,0.0,0.426
4416,0.0,0.0,0.0,1000.0,0,10,-0.456,0.0,0.426
4417,0.0,0.0,0.0,1000.0,0,10,-0.454,0.0,0.426
4418,0.0,0.0,0.0,1000.0,0,10,-0.452,0.0,0.426
4419,0.0,0.0,0.0,1000.0,0,10,-0.45,0.0,0.426
4420,0.0,0.0,0.0,1000.0,0,10,0.45,0.0,0.426
4421,0.0,0.0,0.0,1000.0,0,10,0.452,0.0,0.426
4422,0.0,0.0,0.0,1000.0,0,10,0.454,0.0,0.426
4423,0.0,0.0,0.0,1000.0,0,10,0.456,0.0,0.426
4424,0.0,0.0,0.0,1000.0,0,10,0.458,0.0,0.426
4425,0.0,0.0,0.0,1000.0,0,10,-0.458,0.0,0.428
4426,0.0,0.0,0.0,1000.0,0,10,-0.456,0.0,0.428
4427,0.0,0.0,0.0,1000.0,0,10,-0.454,0.0,0.428
4428,0.0,0.0,0.0,1000.0,0,10,-0.452,0.0,0.428
4429,0.0,0.0,0.0,1000.0,0,10,-0.45,0.0,0.428
4430,0.0,0.0,0.0,1000.0,0,10,0.45,0.0,0.428
4431,0.0,0.0,0.0,1000.0,0,10,0.452,0.0,0.428
4432,0.0,0.0,0.0,1000.0,0,10,0.454,0.0,0.428
4433,0.0,0.0,0.0,1000.0,0,10,0.456,0.0,0.428
4434,0.0,0.0,0.0,1000.0,0,10,0.458,0.0,0.428
4435,0.0,0.0,0.0,1000.0,0,10,-0.458,0.0,0.43
4436,0.0,0.0,0.0,1000.0,0,10,-0.456,0.0,0.43
4437,0.0,0.0,0.0,1000.0,0,10,-0.454,0.0,0.43
4438,0.0,0.0,0.0,1000.0,0,10,-0.452,0.0,0.43
4439,0.0,0.0,0.0,1000.0,0,10,-0.45,0.0,0.43
4440,0.0,0.0,0.0,1000.0,0,10,0.45,0.0,0.43
4441,0.0,0.0,0.0,1000.0,0,10,0.452,0.0,0.43
4442,0.0,0.0,0.0,1000.0,0,10,0.454,0.0,0.43
4443,0.0,0.0,0.0,1000.0,0,10,0.456,0.0,0.43
4444,0.0,0.0,0.0,1000.0,0,10,0.458,0.0,0.43
4445,0.0,0.0,0.0,1000.0,0,10,-0.458,0.0,0.432
4446,0.0,0.0,0.0,1000.0,0,10,-0.456,0.0,0.432
4447,0.0,0.0,0.0,1000.0,0,10,-0.454,0.0,0.432
4448,0.0,0.0,0.0,1000.0,0,10,-0.452,0.0,0.432
4449,0.0,0.0,0.0,1000.0,0,10,-0.45,0.0,0.432
4450,0.0,0.0,0.0,1000.0,0,10,0.45,0.0,0.432
4451,0.0,0.0,0.0,1000.0,0,10,0.452,0.0,0.432
4452,0.0,0.0,0.0,1000.0,0,10,0.454,0.0,0.432
4453,0.0,0.0,0.0,1000.0,0,10,0.456,0.0,0.432
4454,0.0,0.0,0.0,1000.0,0,10,0.458,0.0,0.432
4455,0.0,0.0,0.0,1000.0,0,10,-0.458,0.0,0.434
4456,0.0,0.0,0.0,1000.0,0,10,-0.456,0.0,0.434
4457,0.0,0.0,0.0,1000.0,0,10,-0.454,0.0,0.434
4458,0.0,0.0,0.0,1000.0,0,10,-0.452,0.0,0.434
4459,0.0,0.0,0.0,1000.0,0,10,-0.45,0.0,0.434
4460,0.0,0.0,0.0,1000.0,0,10,0.45,0.0,0.434
4461,0.0,0.0,0.0,1000.0,0,10,0.452,0.0,0.434
4462,0.0,0.0,0.0,1000.0,0,10,0.454,0.0,0.434
4463,0.0,0.0,0.0,1000.0,0,10,0.456,0.0,0.434
4464,0.0,0.0,0.0,1000.0,0,10,0.458,0.0,0.434
4465,0.0,0.0,0.0,1000.0,0,10,-0.458,0.0,0.436
4466,0.0,0.0,0.0,1000.0,0,10,-0.456,0.0,0.436
4467,0.0,0.0,0.0,1000.0,0,10,-0.454,0.0,0.436
4468,0.0,0.0,0.0,1000.0,0,10,-0.452,0.0,0.436
4469,0.0,0.0,0.0,1000.0,0,10,-0.45,0.0,0.436
4470,0.0,0.0,0.0,1000.0,0,10,0.45,0.0,0.436
4471,0.0,0.0,0.0,1000.0,0,10,0.452,0.0,0.436
4472,0.0,0.0,0.0,1000.0,0,10,0.454,0.0,0.436
4473,0.0,0.0,0.0,1000.0,0,10,0.456,0.0,0.436
4474,0.0,0.0,0.0,1000.0,0,10,0.458,0.0,0.436
4475,0.0,0.0,0.0,1000.0,0,10,-0.458,0.0,0.438
4476,0.0,0.0,0.0,1000.0,0,10,-0.456,0.0,0.438
4477,0.0,0.0,0.0,1000.0,0,10,-0.454,0.0,0.438
4478,0.0,0.0,0.0,1000.0,0,10,-0.452,0.0,0.438
4479,0.0,0.0,0.0,1000.0,0,10,-0.45,0.0,0.438
4480,0.0,0.0,0.0,1000.0,0,10,0.45,0.0,0.438
4481,0.0,0.0,0.0,1000.0,0,10,0.452,0.0,0.438
4482,0.0,0.0,0.0,1000.0,0,10,0.454,0.0,0.438
4483,0.0,0.0,0.0,1000.0,0,10,0.456,0.0,0.438
4484,0.0,0.0,0.0,1000.0,0,10,0.458,0.0,0.438
4485,0.0,0.0,0.0,1000.0,0,10,-0.458,0.0,0.44
4486,0.0,0.0,0.0,1000.0,0,10,-0.456,0.0,0.44
4487,0.0,0.0,0.0,1000.0,0,10,-0.454,0.0,0.44
4488,0.0,0.0,0.0,1000.0,0,10,-0.452,0.0,0.44
4489,0.0,0.0,0.0,1000.0,0,10,-0.45,0.0,0.44
4490,0.0,0.0,0.0,1000.0,0,10,0.45,0.0,0.44
4491,0.0,0.0,0.0,1000.0,0,10,0.452,0.0,0.44
4492,0.0,0.0,0.0,1000.0,0,10,0.454,0.0,0.44
4493,0.0,0.0,0.0,1000.0,0,10,0.456,0.0,0.44
4494,0.0,0.0,0.0,1000.0,0,10,0.458,0.0,0.44
4495,0.0,0.0,0.0,1000.0,0,10,-0.458,0.0,0.442
4496,0.0,0.0,0.0,1000.0,0,10,-0.456,0.0,0.442
4497,0.0,0.0,0.0,1000.0,0,10,-0.454,0.0,0.442
4498,0.0,0.0,0.0,1000.0,0,10,-0.452,0.0,0.442
4499,0.0,0.0,0.0,1000.0,0,10,-0.45,0.0,0.442
4500,0.0,0.0,0.0,1000.0,0,10,0.45,0.0,0.442
4501,0.0,0.0,0.0,1000.0,0,10,0.452,0.0,0.442
4502,0.0,0.0,0.0,1000.0,0,10,0.454,0.0,0.442
4503,0.0,0.0,0.0,1000.0,0,10,0.456,0.0,0.442
4504,0.0,0.0,0.0,1000.0,0,10,0.458,0.0,0.442
4505,0.0,0.0,0.0,1000.0,0,10,-0.458,0.0,0.444
4506,0.0,0.0,0.0,1000.0,0,10,-0.456,0.0,0.444
4507,0.0,0.0,0.0,1000.0,0,10,-0.454,0.0,0.444
4508,0.0,0.0,0.0,1000.0,0,10,-0.452,0.0,0.444
4509,0.0,0.0,0.0,1000.0,0,10,-0.45,0.0,0.444
4510,0.0,0.0,0.0,1000.0,0,10,0.45,0.0,0.444
4511,0.0,0.0,0.0,1000.0,0,10,0.452,0.0,0.444
4512,0.0,0.0,0.0,1000.0,0,10,0.454,0.0,0.444
4513,0.0,0.0,0.0,1000.0,0,10,0.456,0.0,0.444
4514,0.0,0.0,0.0,1000.0,0,10,0.458,0.0,0.444
4515,0.0,0.0,0.0,1000.0,0,10,-0.458,0.0,0.446
4516,0.0,0.0,0.0,1000.0,0,10,-0.456,0.0,0.446
4517,0.0,0.0,0.0,1000.0,0,10,-0.454,0.0,0.446
4518,0.0,0.0,0.0,1000.0,0,10,-0.452,0.0,0.446
4519,0.0,0.0,0.0,1000.0,0,10,-0.45,0.0,0.446
4520,0.0,0.0,0.0,1000.0,0,10,0.45,0.0,0.446
4521,0.0,0.0,0.0,1000.0,0,10,0.452,0.0,0.446
4522,0.0,0.0,0.0,1000.0,0,10,0.454,0.0,0.446
4523,0.0,0.0,0.0,1000.0,0,10,0.456,0.0,0.446
4524,0.0,0.0,0.0,1000.0,0,10,0.458,0.0,0.446
4525,0.0,0.0,0.0,1000.0,0,10,-0.458,0.0,0.448
4526,0.0,0.0,0.0,1000.0,0,10,-0.456,0.0,0.448
4527,0.0,0.0,0.0,1000.0,0,10,-0.454,0.0,0.448
4528,0.0,0.0,0.0,1000.0,0,10,-0.452,0.0,0.448
4529,0.0,0.0,0.0,1000.0,0,10,-0.45,0.0,0.448
4530,0.0,0.0,0.0,1000.0,0,10,0.45,0.0,0.448
4531,0.0,0.0,0.0,1000.0,0,10,0.452,0.0,0.448
4532,0.0,0.0,0.0,1000.0,0,10,0.454,0.0,0.448
4533,0.0,0.0,0.0,1000.0,0,10,0.456,0.0,0.448
4534,0.0,0.0,0.0,1000.0,0,10,0.458,0.0,0.448
4535,0.0,0.0,0.0,1000.0,0,10,-0.458,0.0,0.45
4536,0.0,0.0,0.0,1000.0,0,10,-0.456,0.0,0.45
4537,0.0,0.0,0.0,1000.0,0,10,-0.454,0.0,0.45
4538,0.0,0.0,0.0,1000.0,0,10,-0.452,0.0,0.45
4539,0.0,0.0,0.0,1000.0,0,10,-0.45,0.0,0.45
4540,0.0,0.0,0.0,1000.0,0,10,0.45,0.0,0.45
4541,0.0,0.0,0.0,1000.0,0,10,0.452,0.0,0.45
4542,0.0,0.0,0.0,1000.0,0,10,0.454,0.0,0.45
4543,0.0,0.0,0.0,1000.0,0,10,0.456,0.0,0.45
4544,0.0,0.0,0.0,1000.0,0,10,0.458,0.0,0.45
4545,0.0,0.0,0.0,1000.0,0,10,-0.458,0.0,0.452
4546,0.0,0.0,0.0,1000.0,0,10,-0.456,0.0,0.452
4547,0.0,0.0,0.0,1000.0,0,10,-0.454,0.0,0.452
4548,0.0,0.0,0.0,1000.0,0,10,-0.452,0.0,0.452
4549,0.0,0.0,0.0,1000.0,0,10,-0.45,0.0,0.452
4550,0.0,0.0,0.0,1000.0,0,10,0.45,0.0,0.452
4551,0.0,0.0,0.0,1000.0,0,10,0.452,0.0,0.452
4552,0.0,0.0,0.0,1000.0,0,10,0.454,0.0,0.452
4553,0.0,0.0,0.0,1000.0,0,10,0.456,0.0,0.452
4554,0.0,0.0,0.0,1000.0,0,10,0.458,0.0,0.452
4555,0.0,0.0,0.0,1000.0,0,10,-0.458,0.0,0.454
4556,0.0,0.0,0.0,1000.0,0,10,-0.456,0.0,0.454
4557,0.0,0.0,0.0,1000.0,0,10,-0.454,0.0,0.454
4558,0.0,0.0,0.0,1000.0,0,10,-0.452,0.0,0.454
4559,0.0,0.0,0.0,1000.0,0,10,-0.45,0.0,0.454
4560,0.0,0.0,0.0,1000.0,0,10,0.45,0.0,0.454
4561,0.0,0.0,0.0,1000.0,0,10,0.452,0.0,0.454
4562,0.0,0.0,0.0,1000.0,0,10,0.454,0.0,0.454
4563,0.0,0.0,0.0,1000.0,0,10,0.456,0.0,0.454
4564,0.0,0.0,0.0,1000.0,0,10,0.458,0.0,0.454
4565,0.0,0.0,0.0,1000.0,0,10,-0.458,0.0,0.456
4566,0.0,0.0,0.0,1000.0,0,10,-0.456,0.0,0.456
4567,0.0,0.0,0.0,1000.0,0,10,-0.454,0.0,0.456
4568,0.0,0.0,0.0,1000.0,0,10,-0.452,0.0,0.456
4569,0.0,0.0,0.0,1000.0,0,10,-0.45,0.0,0.456
4570,0.0,0.0,0.0,1000.0,0,10,0.45,0.0,0.456
4571,0.0,0.0,0.0,1000.0,0,10,0.452,0.0,0.456
4572,0.0,0.0,0.0,1000.0,0,10,0.454,0.0,0.456
4573,0.0,0.0,0.0,1000.0,0,10,0.456,0.0,0.456
4574,0.0,0.0,0.0,1000.0,0,10,0.458,0.0,0.456
4575,0.0,0.0,0.0,1000.0,0,10,-0.458,0.0,0.458
4576,0.0,0.0,0.0,1000.0,0,10,-0.456,0.0,0.458
4577,0.0,0.0,0.0,1000.0,0,10,-0.454,0.0,0.458
4578,0.0,0.0,0.0,1000.0,0,10,-0.452,0.0,0.458
4579,0.0,0.0,0.0,1000.0,0,10,-0.45,0.0,0.458
4580,0.0,0.0,0.0,1000.0,0,10,0.45,0.0,0.458
4581,0.0,0.0,0.0,1000.0,0,10,0.452,0.0,0.458
4582,0.0,0.0,0.0,1000.0,0,10,0.454,0.0,0.458
4583,0.0,0.0,0.0,1000.0,0,10,0.456,0.0,0.458
4584,0.0,0.0,0.0,1000.0,0,10,0.458,0.0,0.458
4585,0.0,0.0,0.0,1000.0,0,10,-0.458,0.0,0.46
4586,0.0,0.0,0.0,1000.0,0,10,-0.456,0.0,0.46
4587,0.0,0.0,0.0,1000.0,0,10,-0.454,0.0,0.46
4588,0.0,0.0,0.0,1000.0,0,10,-0.452,0.0,0.46
4589,0.0,0.0,0.0,1000.0,0,10,-0.45,0.0,0.46
4590,0.0,0.0,0.0,1000.0,0,10,0.45,0.0,0.46
4591,0.0,0.0,0.0,1000.0,0,10,0.452,0.0,0.46
4592,0.0,0.0,0.0,1000.0,0,10,0.454,0.0,0.46
4593,0.0,0.0,0.0,1000.0,0,10,0.456,0.0,0.46
4594,0.0,0.0,0.0,1000.0,0,10,0.458,0.0,0.46
4595,0.0,0.0,0.0,1000.0,0,10,-0.458,0.0,0.462
4596,0.0,0.0,0.0,1000.0,0,10,-0.456,0.0,0.462
4597,0.0,0.0,0.0,1000.0,0,10,-0.454,0.0,0.462
4598,0.0,0.0,0.0,1000.0,0,10,-0.452,0.0,0.462
4599,0.0,0.0,0.0,1000.0,0,10,-0.45,0.0,0.462
4600,0.0,0.0,0.0,1000.0,0,10,0.45,0.0,0.462
4601,0.0,0.0,0.0,1000.0,0,10,0.452,0.0,0.462
4602,0.0,0.0,0.0,1000.0,0,10,0.454,0.0,0.462
4603,0.0,0.0,0.0,1000.0,0,10,0.456,0.0,0.462
4604,0.0,0.0,0.0,1000.0,0,10,0.458,0.0,0.462
4605,0.0,0.0,0.0,1000.0,0,10,-0.458,0.0,0.464
4606,0.0,0.0,0.0,1000.0,0,10,-0.456,0.0,0.464
4607,0.0,0.0,0.0,1000.0,0,10,-0.454,0.0,0.464
4608,0.0,0.0,0.0,1000.0,0,10,-0.452,0.0,0.464
4609,0.0,0.0,0.0,1000.0,0,10,-0.45,0.0,0.464
4610,0.0,0.0,0.0,1000.0,0,10,0.45,0.0,0.464
4611,0.0,0.0,0.0,1000.0,0,10,0.452,0.0,0.464
4612,0.0,0.0,0.0,1000.0,0,10,0.454,0.0,0.464
4613,0.0,0.0,0.0,1000.0,0,10,0.456,0.0,0.464
4614,0.0,0.0,0.0,1000.0,0,10,0.458,0.0,0.464
4615,0.0,0.0,0.0,1000.0,0,10,-0.458,0.0,0.466
4616,0.0,0.0,0.0,1000.0,0,10,-0.456,0.0,0.466
4617,0.0,0.0,0.0,1000.0,0,10,-0.454,0.0,0.466
4618,0.0,0.0,0.0,1000.0,0,10,-0.452,0.0,0.466
4619,0.0,0.0,0.0,1000.0,0,10,-0.45,0.0,0.466
4620,0.0,0.0,0.0,1000.0,0,10,0.45,0.0,0.466
4621,0.0,0.0,0.0,1000.0,0,10,0.452,0.0,0.466
4622,0.0,0.0,0.0,1000.0,0,10,0.454,0.0,0.466
4623,0.0,0.0,0.0,1000.0,0,10,0.456,0.0,0.466
4624,0.0,0.0,0.0,1000.0,0,10,0.458,0.0,0.466
4625,0.0,0.0,0.0,1000.0,0,10,-0.458,0.0,0.468
4626,0.0,0.0,0.0,1000.0,0,10,-0.456,0.0,0.468
4627,0.0,0.0,0.0,1000.0,0,10,-0.454,0.0,0.468
4628,0.0,0.0,0.0,1000.0,0,10,-0.452,0.0,0.468
4629,0.0,0.0,0.0,1000.0,0,10,-0.45,0.0,0.468
4630,0.0,0.0,0.0,1000.0,0,10,0.45,0.0,0.468
4631,0.0,0.0,0.0,1000.0,0,10,0.452,0.0,0.468
4632,0.0,0.0,0.0,1000.0,0,10,0.454,0.0,0.468
4633,0.0,0.0,0.0,1000.0,0,10,0.456,0.0,0.468
4634,0.0,0.0,0.0,1000.0,0,10,0.458,0.0,0.468
4635,0.0,0.0,0.0,1000.0,0,10,-0.458,0.0,0.47000000000000003
4636,0.0,0.0,0.0,1000.0,0,10,-0.456,0.0,0.47000000000000003
4637,0.0,0.0,0.0,1000.0,0,10,-0.454,0.0,0.47000000000000003
4638,0.0,0.0,0.0,1000.0,0,10,-0.452,0.0,0.47000000000000003
4639,0.0,0.0,0.0,1000.0,0,10,-0.45,0.0,0.47000000000000003
4640,0.0,0.0,0.0,1000.0,0,10,0.45,0.0,0.47000000000000003
4641,0.0,0.0,0.0,1000.0,0,10,0.452,0.0,0.47000000000000003
4642,0.0,0.0,0.0,1000.0,0,10,0.454,0.0,0.47000000000000003
4643,0.0,0.0,0.0,1000.0,0,10,0.456,0.0,0.47000000000000003
4644,0.0,0.0,0.0,1000.0,0,10,0.458,0.0,0.47000000000000003
4645,0.0,0.0,0.0,1000.0,0,10,-0.458,0.0,0.472
4646,0.0,0.0,0.0,1000.0,0,10,-0.456,0.0,0.472
4647,0.0,0.0,0.0,1000.0,0,10,-0.454,0.0,0.472
4648,0.0,0.0,0.0,1000.0,0,10,-0.452,0.0,0.472
4649,0.0,0.0,0.0,1000.0,0,10,-0.45,0.0,0.472
4650,0.0,0.0,0.0,1000.0,0,10,0.45,0.0,0.472
4651,0.0,0.0,0.0,1000.0,0,10,0.452,0.0,0.472
4652,0.0,0.0,0.0,1000.0,0,10,0.454,0.0,0.472
4653,0.0,0.0,0.0,1000.0,0,10,0.456,0.0,0.472
4654,0.0,0.0,0.0,1000.0,0,10,0.458,0.0,0.472
4655,0.0,0.0,0.0,1000.0,0,10,-0.458,0.0,0.474
4656,0.0,0.0,0.0,1000.0,0,10,-0.456,0.0,0.474
4657,0.0,0.0,0.0,1000.0,0,10,-0.454,0.0,0.474
4658,0.0,0.0,0.0,1000.0,0,10,-0.452,0.0,0.474
4659,0.0,0.0,0.0,1000.0,0,10,-0.45,0.0,0.474
4660,0.0,0.0,0.0,1000.0,0,10,0.45,0.0,0.474
4661,0.0,0.0,0.0,1000.0,0,10,0.452,0.0,0.474
4662,0.0,0.0,0.0,1000.0,0,10,0.454,0.0,0.474
4663,0.0,0.0,0.0,1000.0,0,10,0.456,0.0,0.474
4664,0.0,0.0,0.0,1000.0,0,10,0.458,0.0,0.474
4665,0.0,0.0,0.0,1000.0,0,10,-0.458,0.0,0.476
4666,0.0,0.0,0.0,1000.0,0,10,-0.456,0.0,0.476
4667,0.0,0.0,0.0,1000.0,0,10,-0.454,0.0,0.476
4668,0.0,0.0,0.0,1000.0,0,10,-0.452,0.0,0.476
4669,0.0,0.0,0.0,1000.0,0,10,-0.45,0.0,0.476
4670,0.0,0.0,0.0,1000.0,0,10,0.45,0.0,0.476
4671,0.0,0.0,0.0,1000.0,0,10,0.452,0.0,0.476
4672,0.0,0.0,0.0,1000.0,0,10,0.454,0.0,0.476
4673,0.0,0.0,0.0,1000.0,0,10,0.456,0.0,0.476
4674,0.0,0.0,0.0,1000.0,0,10,0.458,0.0,0.476
4675,0.0,0.0,0.0,1000.0,0,10,-0.458,0.0,0.478
4676,0.0,0.0,0.0,1000.0,0,10,-0.456,0.0,0.478
4677,0.0,0.0,0.0,1000.0,0,10,-0.454,0.0,0.478
4678,0.0,0.0,0.0,1000.0,0,10,-0.452,0.0,0.478
4679,0.0,0.0,0.0,1000.0,0,10,-0.45,0.0,0.478
4680,0.0,0.0,0.0,1000.0,0,10,0.45,0.0,0.478
4681,0.0,0.0,0.0,1000.0,0,10,0.452,0.0,0.478
4682,0.0,0.0,0.0,1000.0,0,10,0.454,0.0,0.478
4683,0.0,0.0,0.0,1000.0,0,10,0.456,0.0,0.478
4684,0.0,0.0,0.0,1000.0,0,10,0.458,0.0,0.478
4685,0.0,0.0,0.0,1000.0,0,10,-0.458,0.0,0.48
4686,0.0,0.0,0.0,1000.0,0,10,-0.456,0.0,0.48
4687,0.0,0.0,0.0,1000.0,0,10,-0.454,0.0,0.48
4688,0.0,0.0,0.0,1000.0,0,10,-0.452,0.0,0.48
4689,0.0,0.0,0.0,1000.0,0,10,-0.45,0.0,0.48
4690,0.0,0.0,0.0,1000.0,0,10,0.45,0.0,0.48
4691,0.0,0.0,0.0,1000.0,0,10,0.452,0.0,0.48
4692,0.0,0.0,0.0,1000.0,0,10,0.454,0.0,0.48
4693,0.0,0.0,0.0,1000.0,0,10,0.456,0.0,0.48
4694,0.0,0.0,0.0,1000.0,0,10,0.458,0.0,0.48
4695,0.0,0.0,0.0,1000.0,0,10,-0.458,0.0,0.482
4696,0.0,0.0,0.0,1000.0,0,10,-0.456,0.0,0.482
4697,0.0,0.0,0.0,1000.0,0,10,-0.454,0.0,0.482
4698,0.0,0.0,0.0,1000.0,0,10,-0.452,0.0,0.482
4699,0.0,0.0,0.0,1000.0,0,10,-0.45,0.0,0.482
4700,0.0,0.0,0.0,1000.0,0,10,0.45,0.0,0.482
4701,0.0,0.0,0.0,1000.0,0,10,0.452,0.0,0.482
4702,0.0,0.0,0.0,1000.0,0,10,0.454,0.0,0.482
4703,0.0,0.0,0.0,1000.0,0,10,0.456,0.0,0.482
4704,0.0,0.0,0.0,1000.0,0,10,0.458,0.0,0.482
4705,0.0,0.0,0.0,1000.0,0,10,-0.458,0.0,0.484
4706,0.0,0.0,0.0,1000.0,0,10,-0.456,0.0,0.484
4707,0.0,0.0,0.0,1000.0,0,10,-0.454,0.0,0.484
4708,0.0,0.0,0.0,1000.0,0,10,-0.452,0.0,0.484
4709,0.0,0.0,0.0,1000.0,0,10,-0.45,0.0,0.484
4710,0.0,0.0,0.0,1000.0,0,10,0.45,0.0,0.484
4711,0.0,0.0,0.0,1000.0,0,10,0.452,0.0,0.484
4712,0.0,0.0,0.0,1000.0,0,10,0.454,0.0,0.484
4713,0.0,0.0,0.0,1000.0,0,10,0.456,0.0,0.484
4714,0.0,0.0,0.0,1000.0,0,10,0.458,0.0,0.484
4715,0.0,0.0,0.0,1000.0,0,10,-0.458,0.0,0.486
4716,0.0,0.0,0.0,1000.0,0,10,-0.456,0.0,0.486
4717,0.0,0.0,0.0,1000.0,0,10,-0.454,0.0,0.486
4718,0.0,0.0,0.0,1000.0,0,10,-0.452,0.0,0.486
4719,0.0,0.0,0.0,1000.0,0,10,-0.45,0.0,0.486
4720,0.0,0.0,0.0,1000.0,0,10,0.45,0.0,0.486
4721,0.0,0.0,0.0,1000.0,0,10,0.452,0.0,0.486
4722,0.0,0.0,0.0,1000.0,0,10,0.454,0.0,0.486
4723,0.0,0.0,0.0,1000.0,0,10,0.456,0.0,0.486
4724,0.0,0.0,0.0,1000.0,0,10,0.458,0.0,0.486
4725,0.0,0.0,0.0,1000.0,0,10,-0.458,0.0,0.488
4726,0.0,0.0,0.0,1000.0,0,10,-0.456,0.0,0.488
4727,0.0,0.0,0.0,1000.0,0,10,-0.454,0.0,0.488
4728,0.0,0.0,0.0,1000.0,0,10,-0.452,0.0,0.488
4729,0.0,0.0,0.0,1000.0,0,10,-0.45,0.0,0.488
4730,0.0,0.0,0.0,1000.0,0,10,0.45,0.0,0.488
4731,0.0,0.0,0.0,1000.0,0,10,0.452,0.0,0.488
4732,0.0,0.0,0.0,1000.0,0,10,0.454,0.0,0.488
4733,0.0,0.0,0.0,1000.0,0,10,0.456,0.0,0.488
4734,0.0,0.0,0.0,1000.0,0,10,0.458,0.0,0.488
4735,0.0,0.0,0.0,1000.0,0,10,-0.458,0.0,0.49
4736,0.0,0.0,0.0,1000.0,0,10,-0.456,0.0,0.49
4737,0.0,0.0,0.0,1000.0,0,10,-0.454,0.0,0.49
4738,0.0,0.0,0.0,1000.0,0,10,-0.452,0.0,0.49
4739,0.0,0.0,0.0,1000.0,0,10,-0.45,0.0,0.49
4740,0.0,0.0,0.0,1000.0,0,10,0.45,0.0,0.49
4741,0.0,0.0,0.0,1000.0,0,10,0.452,0.0,0.49
4742,0.0,0.0,0.0,1000.0,0,10,0.454,0.0,0.49
4743,0.0,0.0,0.0,1000.0,0,10,0.456,0.0,0.49
4744,0.0,0.0,0.0,1000.0,0,10,0.458,0.0,0.49
4745,0.0,0.0,0.0,1000.0,0,10,-0.458,0.0,0.492
4746,0.0,0.0,0.0,1000.0,0,10,-0.456,0.0,0.492
4747,0.0,0.0,0.0,1000.0,0,10,-0.454,0.0,0.492
4748,0.0,0.0,0.0,1000.0,0,10,-0.452,0.0,0.492
4749,0.0,0.0,0.0,1000.0,0,10,-0.45,0.0,0.492
4750,0.0,0.0,0.0,1000.0,0,10,0.45,0.0,0.492
4751,0.0,0.0,0.0,1000.0,0,10,0.452,0.0,0.492
4752,0.0,0.0,0.0,1000.0,0,10,0.454,0.0,0.492
4753,0.0,0.0,0.0,1000.0,0,10,0.456,0.0,0.492
4754,0.0,0.0,0.0,1000.0,0,10,0.458,0.0,0.492
4755,0.0,0.0,0.0,1000.0,0,10,-0.458,0.0,0.494
4756,0.0,0.0,0.0,1000.0,0,10,-0.456,0.0,0.494
4757,0.0,0.0,0.0,1000.0,0,10,-0.454,0.0,0.494
4758,0.0,0.0,0.0,1000.0,0,10,-0.452,0.0,0.494
4759,0.0,0.0,0.0,1000.0,0,10,-0.45,0.0,0.494
4760,0.0,0.0,0.0,1000.0,0,10,0.45,0.0,0.494
4761,0.0,0.0,0.0,1000.0,0,10,0.452,0.0,0.494
4762,0.0,0.0,0.0,1000.0,0,10,0.454,0.0,0.494
4763,0.0,0.0,0.0,1000.0,0,10,0.456,0.0,0.494
4764,0.0,0.0,0.0,1000.0,0,10,0.458,0.0,0.494
4765,0.0,0.0,0.0,1000.0,0,10,-0.458,0.0,0.496
4766,0.0,0.0,0.0,1000.0,0,10,-0.456,0.0,0.496
4767,0.0,0.0,0.0,1000.0,0,10,-0.454,0.0,0.496
4768,0.0,0.0,0.0,1000.0,0,10,-0.452,0.0,0.496
4769,0.0,0.0,0.0,1000.0,0,10,-0.45,0.0,0.496
4770,0.0,0.0,0.0,1000.0,0,10,0.45,0.0,0.496
4771,0.0,0.0,0.0,1000.0,0,10,0.452,0.0,0.496
4772,0.0,0.0,0.0,1000.0,0,10,0.454,0.0,0.496
4773,0.0,0.0,0.0,1000.0,0,10,0.456,0.0,0.496
4774,0.0,0.0,0.0,1000.0,0,10,0.458,0.0,0.496
4775,0.0,0.0,0.0,1000.0,0,10,-0.458,0.0,0.498
4776,0.0,0.0,0.0,1000.0,0,10,-0.456,0.0,0.498
4777,0.0,0.0,0.0,1000.0,0,10,-0.454,0.0,0.498
4778,0.0,0.0,0.0,1000.0,0,10,-0.452,0.0,0.498
4779,0.0,0.0,0.0,1000.0,0,10,-0.45,0.0,0.498
4780,0.0,0.0,0.0,1000.0,0,10,0.45,0.0,0.498
4781,0.0,0.0,0.0,1000.0,0,10,0.452,0.0,0.498
4782,0.0,0.0,0.0,1000.0,0,10,0.454,0.0,0.498
4783,0.0,0.0,0.0,1000.0,0,10,0.456,0.0,0.498
4784,0.0,0.0,0.0,1000.0,0,10,0.458,0.0,0.498
4785,0.0,0.0,0.0,1000.0,0,10,-0.458,0.0,0.5
4786,0.0,0.0,0.0,1000.0,0,10,-0.456,0.0,0.5
4787,0.0,0.0,0.0,1000.0,0,10,-0.454,0.0,0.5
4788,0.0,0.0,0.0,1000.0,0,10,-0.452,0.0,0.5
4789,0.0,0.0,0.0,1000.0,0,10,-0.45,0.0,0.5
4790,0.0,0.0,0.0,1000.0,0,10,0.45,0.0,0.5
4791,0.0,0.0,0.0,1000.0,0,10,0.452,0.0,0.5
4792,0.0,0.0,0.0,1000.0,0,10,0.454,0.0,0.5
4793,0.0,0.0,0.0,1000.0,0,10,0.456,0.0,0.5
4794,0.0,0.0,0.0,1000.0,0,10,0.458,0.0,0.5
4795,0.0,0.0,0.0,1000.0,0,10,-0.458,0.0,0.502
4796,0.0,0.0,0.0,1000.0,0,10,-0.456,0.0,0.502
4797,0.0,0.0,0.0,1000.0,0,10,-0.454,0.0,0.502
4798,0.0,0.0,0.0,1000.0,0,10,-0.452,0.0,0.502
4799,0.0,0.0,0.0,1000.0,0,10,-0.45,0.0,0.502
4800,0.0,0.0,0.0,1000.0,0,10,0.45,0.0,0.502
4801,0.0,0.0,0.0,1000.0,0,10,0.452,0.0,0.502
4802,0.0,0.0,0.0,1000.0,0,10,0.454,0.0,0.502
4803,0.0,0.0,0.0,1000.0,0,10,0.456,0.0,0.502
4804,0.0,0.0,0.0,1000.0,0,10,0.458,0.0,0.502
4805,0.0,0.0,0.0,1000.0,0,10,-0.458,0.0,0.504
4806,0.0,0.0,0.0,1000.0,0,10,-0.456,0.0,0.504
4807,0.0,0.0,0.0,1000.0,0,10,-0.454,0.0,0.504
4808,0.0,0.0,0.0,1000.0,0,10,-0.452,0.0,0.504
4809,0.0,0.0,0.0,1000.0,0,10,-0.45,0.0,0.504
4810,0.0,0.0,0.0,1000.0,0,10,0.45,0.0,0.504
4811,0.0,0.0,0.0,1000.0,0,10,0.452,0.0,0.504
4812,0.0,0.0,0.0,1000.0,0,10,0.454,0.0,0.504
4813,0.0,0.0,0.0,1000.0,0,10,0.456,0.0,0.504
4814,0.0,0.0,0.0,1000.0,0,10,0.458,0.0,0.504
4815,0.0,0.0,0.0,1000.0,0,10,-0.458,0.0,0.506
4816,0.0,0.0,0.0,1000.0,0,10,-0.456,0.0,0.506
4817,0.0,0.0,0.0,1000.0,0,10,-0.454,0.0,0.506
4818,0.0,0.0,0.0,1000.0,0,10,-0.452,0.0,0.506
4819,0.0,0.0,0.0,1000.0,0,10,-0.45,0.0,0.506
4820,0.0,0.0,0.0,1000.0,0,10,0.45,0.0,0.506
4821,0.0,0.0,0.0,1000.0,0,10,0.452,0.0,0.506
4822,0.0,0.0,0.0,1000.0,0,10,0.454,0.0,0.506
4823,0.0,0.0,0.0,1000.0,0,10,0.456,0.0,0.506
4824,0.0,0.0,0.0,1000.0,0,10,0.458,0.0,0.506
4825,0.0,0.0,0.0,1000.0,0,10,-0.458,0.0,0.508
4826,0.0,0.0,0.0,1000.0,0,10,-0.456,0.0,0.508
4827,0.0,0.0,0.0,1000.0,0,10,-0.454,0.0,0.508
4828,0.0,0.0,0.0,1000.0,0,10,-0.452,0.0,0.508
4829,0.0,0.0,0.0,1000.0,0,10,-0.45,0.0,0.508
4830,0.0,0.0,0.0,1000.0,0,10,-0.448,0.0,0.508
4831,0.0,0.0,0.0,1000.0,0,10,-0.446,0.0,0.508
4832,0.0,0.0,0.0,1000.0,0,10,-0.444,0.0,0.508
4833,0.0,0.0,0.0,1000.0,0,10,-0.442,0.0,0.508
4834,0.0,0.0,0.0,1000.0,0,10,-0.44,0.0,0.508
4835,0.0,0.0,0.0,1000.0,0,10,-0.438,0.0,0.508
4836,0.0,0.0,0.0,1000.0,0,10,-0.436,0.0,0.508
4837,0.0,0.0,0.0,1000.0,0,10,-0.434,0.0,0.508
4838,0.0,0.0,0.0,1000.0,0,10,-0.432,0.0,0.508
4839,0.0,0.0,0.0,1000.0,0,10,-0.43,0.0,0.508
4840,0.0,0.0,0.0,1000.0,0,10,-0.42800000000000005,0.0,0.508
4841,0.0,0.0,0.0,1000.0,0,10,-0.42600000000000005,0.0,0.508
4842,0.0,0.0,0.0,1000.0,0,10,-0.42400000000000004,0.0,0.508
4843,0.0,0.0,0.0,1000.0,0,10,-0.42200000000000004,0.0,0.508
4844,0.0,0.0,0.0,1000.0,0,10,-0.42000000000000004,0.0,0.508
4845,0.0,0.0,0.0,1000.0,0,10,-0.41800000000000004,0.0,0.508
4846,0.0,0.0,0.0,1000.0,0,10,-0.41600000000000004,0.0,0.508
4847,0.0,0.0,0.0,1000.0,0,10,-0.41400000000000003,0.0,0.508
4848,0.0,0.0,0.0,1000.0,0,10,-0.41200000000000003,0.0,0.508
4849,0.0,0.0,0.0,1000.0,0,10,-0.41000000000000003,0.0,0.508
4850,0.0,0.0,0.0,1000.0,0,10,-0.40800000000000003,0.0,0.508
4851,0.0,0.0,0.0,1000.0,0,10,-0.406,0.0,0.508
4852,0.0,0.0,0.0,1000.0,0,10,-0.404,0.0,0.508
4853,0.0,0.0,0.0,1000.0,0,10,-0.402,0.0,0.508
4854,0.0,0.0,0.0,1000.0,0,10,-0.4,0.0,0.508
4855,0.0,0.0,0.0,1000.0,0,10,-0.398,0.0,0.508
4856,0.0,0.0,0.0,1000.0,0,10,-0.396,0.0,0.508
4857,0.0,0.0,0.0,1000.0,0,10,-0.394,0.0,0.508
4858,0.0,0.0,0.0,1000.0,0,10,-0.392,0.0,0.508
4859,0.0,0.0,0.0,1000.0,0,10,-0.39,0.0,0.508
4860,0.0,0.0,0.0,1000.0,0,10,-0.388,0.0,0.508
4861,0.0,0.0,0.0,1000.0,0,10,-0.386,0.0,0.508
4862,0.0,0.0,0.0,1000.0,0,10,-0.384,0.0,0.508
4863,0.0,0.0,0.0,1000.0,0,10,-0.382,0.0,0.508
4864,0.0,0.0,0.0,1000.0,0,10,-0.38,0.0,0.508
4865,0.0,0.0,0.0,1000.0,0,10,-0.378,0.0,0.508
4866,0.0,0.0,0.0,1000.0,0,10,-0.376,0.0,0.508
4867,0.0,0.0,0.0,1000.0,0,10,-0.374,0.0,0.508
4868,0.0,0.0,0.0,1000.0,0,10,-0.372,0.0,0.508
4869,0.0,0.0,0.0,1000.0,0,10,-0.37,0.0,0.508
4870,0.0,0.0,0.0,1000.0,0,10,-0.368,0.0,0.508
4871,0.0,0.0,0.0,1000.0,0,10,-0.366,0.0,0.508
4872,0.0,0.0,0.0,1000.0,0,10,-0.364,0.0,0.508
4873,0.0,0.0,0.0,1000.0,0,10,-0.362,0.0,0.508
4874,0.0,0.0,0.0,1000.0,0,10,-0.36,0.0,0.508
4875,0.0,0.0,0.0,1000.0,0,10,-0.358,0.0,0.508
4876,0.0,0.0,0.0,1000.0,0,10,-0.356,0.0,0.508
4877,0.0,0.0,0.0,1000.0,0,10,-0.354,0.0,0.508
4878,0.0,0.0,0.0,1000.0,0,10,-0.35200000000000004,0.0,0.508
4879,0.0,0.0,0.0,1000.0,0,10,-0.35000000000000003,0.0,0.508
4880,0.0,0.0,0.0,1000.0,0,10,-0.34800000000000003,0.0,0.508
4881,0.0,0.0,0.0,1000.0,0,10,-0.34600000000000003,0.0,0.508
4882,0.0,0.0,0.0,1000.0,0,10,-0.34400000000000003,0.0,0.508
4883,0.0,0.0,0.0,1000.0,0,10,-0.342,0.0,0.508
4884,0.0,0.0,0.0,1000.0,0,10,-0.34,0.0,0.508
4885,0.0,0.0,0.0,1000.0,0,10,-0.338,0.0,0.508
4886,0.0,0.0,0.0,1000.0,0,10,-0.336,0.0,0.508
4887,0.0,0.0,0.0,1000.0,0,10,-0.334,0.0,0.508
4888,0.0,0.0,0.0,1000.0,0,10,-0.332,0.0,0.508
4889,0.0,0.0,0.0,1000.0,0,10,-0.33,0.0,0.508
4890,0.0,0.0,0.0,1000.0,0,10,-0.328,0.0,0.508
4891,0.0,0.0,0.0,1000.0,0,10,-0.326,0.0,0.508
4892,0.0,0.0,0.0,1000.0,0,10,-0.324,0.0,0.508
4893,0.0,0.0,0.0,1000.0,0,10,-0.322,0.0,0.508
4894,0.0,0.0,0.0,1000.0,0,10,-0.32,0.0,0.508
4895,0.0,0.0,0.0,1000.0,0,10,-0.318,0.0,0.508
4896,0.0,0.0,0.0,1000.0,0,10,-0.316,0.0,0.508
4897,0.0,0.0,0.0,1000.0,0,10,-0.314,0.0,0.508
4898,0.0,0.0,0.0,1000.0,0,10,-0.31200000000000006,0.0,0.508
4899,0.0,0.0,0.0,1000.0,0,10,-0.31000000000000005,0.0,0.508
4900,0.0,0.0,0.0,1000.0,0,10,-0.30800000000000005,0.0,0.508
4901,0.0,0.0,0.0,1000.0,0,10,-0.30600000000000005,0.0,0.508
4902,0.0,0.0,0.0,1000.0,0,10,-0.30400000000000005,0.0,0.508
4903,0.0,0.0,0.0,1000.0,0,10,-0.30200000000000005,0.0,0.508
4904,0.0,0.0,0.0,1000.0,0,10,-0.30000000000000004,0.0,0.508
4905,0.0,0.0,0.0,1000.0,0,10,-0.29800000000000004,0.0,0.508
4906,0.0,0.0,0.0,1000.0,0,10,-0.29600000000000004,0.0,0.508
4907,0.0,0.0,0.0,1000.0,0,10,-0.29400000000000004,0.0,0.508
4908,0.0,0.0,0.0,1000.0,0,10,-0.29200000000000004,0.0,0.508
4909,0.0,0.0,0.0,1000.0,0,10,-0.29000000000000004,0.0,0.508
4910,0.0,0.0,0.0,1000.0,0,10,-0.28800000000000003,0.0,0.508
4911,0.0,0.0,0.0,1000.0,0,10,-0.28600000000000003,0.0,0.508
4912,0.0,0.0,0.0,1000.0,0,10,-0.28400000000000003,0.0,0.508
4913,0.0,0.0,0.0,1000.0,0,10,-0.28200000000000003,0.0,0.508
4914,0.0,0.0,0.0,1000.0,0,10,-0.28,0.0,0.508
4915,0.0,0.0,0.0,1000.0,0,10,-0.278,0.0,0.508
4916,0.0,0.0,0.0,1000.0,0,10,-0.276,0.0,0.508
4917,0.0,0.0,0.0,1000.0,0,10,-0.274,0.0,0.508
4918,0.0,0.0,0.0,1000.0,0,10,-0.272,0.0,0.508
4919,0.0,0.0,0.0,1000.0,0,10,-0.27,0.0,0.508
4920,0.0,0.0,0.0,1000.0,0,10,-0.268,0.0,0.508
4921,0.0,0.0,0.0,1000.0,0,10,-0.266,0.0,0.508
4922,0.0,0.0,0.0,1000.0,0,10,-0.264,0.0,0.508
4923,0.0,0.0,0.0,1000.0,0,10,-0.262,0.0,0.508
4924,0.0,0.0,0.0,1000.0,0,10,-0.26,0.0,0.508
4925,0.0,0.0,0.0,1000.0,0,10,-0.258,0.0,0.508
4926,0.0,0.0,0.0,1000.0,0,10,-0.256,0.0,0.508
4927,0.0,0.0,0.0,1000.0,0,10,-0.254,0.0,0.508
4928,0.0,0.0,0.0,1000.0,0,10,-0.252,0.0,0.508
4929,0.0,0.0,0.0,1000.0,0,10,-0.25,0.0,0.508
4930,0.0,0.0,0.0,1000.0,0,10,-0.24800000000000003,0.0,0.508
4931,0.0,0.0,0.0,1000.0,0,10,-0.24600000000000002,0.0,0.508
4932,0.0,0.0,0.0,1000.0,0,10,-0.24400000000000002,0.0,0.508
4933,0.0,0.0,0.0,1000.0,0,10,-0.24200000000000002,0.0,0.508
4934,0.0,0.0,0.0,1000.0,0,10,-0.24000000000000002,0.0,0.508
4935,0.0,0.0,0.0,1000.0,0,10,-0.23800000000000002,0.0,0.508
4936,0.0,0.0,0.0,1000.0,0,10,-0.23600000000000002,0.0,0.508
4937,0.0,0.0,0.0,1000.0,0,10,-0.234,0.0,0.508
4938,0.0,0.0,0.0,1000.0,0,10,-0.232,0.0,0.508
4939,0.0,0.0,0.0,1000.0,0,10,-0.23,0.0,0.508
4940,0.0,0.0,0.0,1000.0,0,10,-0.228,0.0,0.508
4941,0.0,0.0,0.0,1000.0,0,10,-0.226,0.0,0.508
4942,0.0,0.0,0.0,1000.0,0,10,-0.224,0.0,0.508
4943,0.0,0.0,0.0,1000.0,0,10,-0.222,0.0,0.508
4944,0.0,0.0,0.0,1000.0,0,10,-0.22,0.0,0.508
4945,0.0,0.0,0.0,1000.0,0,10,-0.21800000000000003,0.0,0.508
4946,0.0,0.0,0.0,1000.0,0,10,-0.21600000000000003,0.0,0.508
4947,0.0,0.0,0.0,1000.0,0,10,-0.21400000000000002,0.0,0.508
4948,0.0,0.0,0.0,1000.0,0,10,-0.21200000000000002,0.0,0.508
4949,0.0,0.0,0.0,1000.0,0,10,-0.21000000000000002,0.0,0.508
4950,0.0,0.0,0.0,1000.0,0,10,-0.20800000000000002,0.0,0.508
4951,0.0,0.0,0.0,1000.0,0,10,-0.20600000000000002,0.0,0.508
4952,0.0,0.0,0.0,1000.0,0,10,-0.20400000000000001,0.0,0.508
4953,0.0,0.0,0.0,1000.0,0,10,-0.202,0.0,0.508
4954,0.0,0.0,0.0,1000.0,0,10,-0.2,0.0,0.508
4955,0.0,0.0,0.0,1000.0,0,10,-0.198,0.0,0.508
4956,0.0,0.0,0.0,1000.0,0,10,-0.196,0.0,0.508
4957,0.0,0.0,0.0,1000.0,0,10,-0.194,0.0,0.508
4958,0.0,0.0,0.0,1000.0,0,10,-0.192,0.0,0.508
4959,0.0,0.0,0.0,1000.0,0,10,-0.19,0.0,0.508
4960,0.0,0.0,0.0,1000.0,0,10,-0.188,0.0,0.508
4961,0.0,0.0,0.0,1000.0,0,10,-0.186,0.0,0.508
4962,0.0,0.0,0.0,1000.0,0,10,-0.184,0.0,0.508
4963,0.0,0.0,0.0,1000.0,0,10,-0.182,0.0,0.508
4964,0.0,0.0,0.0,1000.0,0,10,-0.18,0.0,0.508
4965,0.0,0.0,0.0,1000.0,0,10,-0.178,0.0,0.508
4966,0.0,0.0,0.0,1000.0,0,10,-0.176,0.0,0.508
4967,0.0,0.0,0.0,1000.0,0,10,-0.174,0.0,0.508
4968,0.0,0.0,0.0,1000.0,0,10,-0.172,0.0,0.508
4969,0.0,0.0,0.0,1000.0,0,10,-0.16999999999999998,0.0,0.508
4970,0.0,0.0,0.0,1000.0,0,10,-0.16800000000000004,0.0,0.508
4971,0.0,0.0,0.0,1000.0,0,10,-0.16600000000000004,0.0,0.508
4972,0.0,0.0,0.0,1000.0,0,10,-0.16400000000000003,0.0,0.508
4973,0.0,0.0,0.0,1000.0,0,10,-0.16200000000000003,0.0,0.508
4974,0.0,0.0,0.0,1000.0,0,10,-0.16000000000000003,0.0,0.508
4975,0.0,0.0,0.0,1000.0,0,10,-0.15800000000000003,0.0,0.508
4976,0.0,0.0,0.0,1000.0,0,10,-0.15600000000000003,0.0,0.508
4977,0.0,0.0,0.0,1000.0,0,10,-0.15400000000000003,0.0,0.508
4978,0.0,0.0,0.0,1000.0,0,10,-0.15200000000000002,0.0,0.508
4979,0.0,0.0,0.0,1000.0,0,10,-0.15000000000000002,0.0,0.508
4980,0.0,0.0,0.0,1000.0,0,10,-0.14800000000000002,0.0,0.508
4981,0.0,0.0,0.0,1000.0,0,10,-0.14600000000000002,0.0,0.508
4982,0.0,0.0,0.0,1000.0,0,10,-0.14400000000000002,0.0,0.508
4983,0.0,0.0,0.0,1000.0,0,10,-0.14200000000000002,0.0,0.508
4984,0.0,0.0,0.0,1000.0,0,10,-0.14,0.0,0.508
4985,0.0,0.0,0.0,1000.0,0,10,-0.138,0.0,0.508
4986,0.0,0.0,0.0,1000.0,0,10,-0.136,0.0,0.508
4987,0.0,0.0,0.0,1000.0,0,10,-0.134,0.0,0.508
4988,0.0,0.0,0.0,1000.0,0,10,-0.132,0.0,0.508
4989,0.0,0.0,0.0,1000.0,0,10,-0.13,0.0,0.508
4990,0.0,0.0,0.0,1000.0,0,10,-0.128,0.0,0.508
4991,0.0,0.0,0.0,1000.0,0,10,-0.126,0.0,0.508
4992,0.0,0.0,0.0,1000.0,0,10,-0.124,0.0,0.508
4993,0.0,0.0,0.0,1000.0,0,10,-0.122,0.0,0.508
4994,0.0,0.0,0.0,1000.0,0,10,-0.12,0.0,0.508
4995,0.0,0.0,0.0,1000.0,0,10,-0.118,0.0,0.508
4996,0.0,0.0,0.0,1000.0,0,10,-0.11599999999999999,0.0,0.508
4997,0.0,0.0,0.0,1000.0,0,10,-0.11399999999999999,0.0,0.508
4998,0.0,0.0,0.0,1000.0,0,10,-0.11199999999999999,0.0,0.508
4999,0.0,0.0,0.0,1000.0,0,10,-0.10999999999999999,0.0,0.508
5000,0.0,0.0,0.0,1000.0,0,10,-0.10799999999999998,0.0,0.508
5001,0.0,0.0,0.0,1000.0,0,10,-0.10600000000000004,0.0,0.508
5002,0.0,0.0,0.0,1000.0,0,10,-0.10400000000000004,0.0,0.508
5003,0.0,0.0,0.0,1000.0,0,10,-0.10200000000000004,0.0,0.508
5004,0.0,0.0,0.0,1000.0,0,10,-0.10000000000000003,0.0,0.508
5005,0.0,0.0,0.0,1000.0,0,10,-0.09800000000000003,0.0,0.508
5006,0.0,0.0,0.0,1000.0,0,10,-0.09600000000000003,0.0,0.508
5007,0.0,0.0,0.0,1000.0,0,10,-0.09400000000000003,0.0,0.508
5008,0.0,0.0,0.0,1000.0,0,10,-0.09200000000000003,0.0,0.508
5009,0.0,0.0,0.0,1000.0,0,10,-0.09000000000000002,0.0,0.508
5010,0.0,0.0,0.0,1000.0,0,10,-0.08800000000000002,0.0,0.508
5011,0.0,0.0,0.0,1000.0,0,10,-0.08600000000000002,0.0,0.508
5012,0.0,0.0,0.0,1000.0,0,10,-0.08400000000000002,0.0,0.508
5013,0.0,0.0,0.0,1000.0,0,10,-0.08200000000000002,0.0,0.508
5014,0.0,0.0,0.0,1000.0,0,10,-0.08000000000000002,0.0,0.508
5015,0.0,0.0,0.0,1000.0,0,10,-0.07800000000000001,0.0,0.508
5016,0.0,0.0,0.0,1000.0,0,10,-0.07600000000000001,0.0,0.508
5017,0.0,0.0,0.0,1000.0,0,10,-0.07400000000000001,0.0,0.508
5018,0.0,0.0,0.0,1000.0,0,10,-0.07200000000000001,0.0,0.508
5019,0.0,0.0,0.0,1000.0,0,10,-0.07,0.0,0.508
5020,0.0,0.0,0.0,1000.0,0,10,-0.068,0.0,0.508
5021,0.0,0.0,0.0,1000.0,0,10,-0.066,0.0,0.508
5022,0.0,0.0,0.0,1000.0,0,10,-0.064,0.0,0.508
5023,0.0,0.0,0.0,1000.0,0,10,-0.062,0.0,0.508
5024,0.0,0.0,0.0,1000.0,0,10,-0.06,0.0,0.508
5025,0.0,0.0,0.0,1000.0,0,10,-0.057999999999999996,0.0,0.508
5026,0.0,0.0,0.0,1000.0,0,10,-0.055999999999999994,0.0,0.508
5027,0.0,0.0,0.0,1000.0,0,10,-0.05399999999999999,0.0,0.508
5028,0.0,0.0,0.0,1000.0,0,10,-0.05199999999999999,0.0,0.508
5029,0.0,0.0,0.0,1000.0,0,10,-0.04999999999999999,0.0,0.508
5030,0.0,0.0,0.0,1000.0,0,10,-0.04799999999999999,0.0,0.508
5031,0.0,0.0,0.0,1000.0,0,10,-0.045999999999999985,0.0,0.508
5032,0.0,0.0,0.0,1000.0,0,10,-0.043999999999999984,0.0,0.508
5033,0.0,0.0,0.0,1000.0,0,10,-0.04199999999999998,0.0,0.508
5034,0.0,0.0,0.0,1000.0,0,10,-0.040000000000000036,0.0,0.508
5035,0.0,0.0,0.0,1000.0,0,10,-0.038000000000000034,0.0,0.508
5036,0.0,0.0,0.0,1000.0,0,10,-0.03600000000000003,0.0,0.508
5037,0.0,0.0,0.0,1000.0,0,10,-0.03400000000000003,0.0,0.508
5038,0.0,0.0,0.0,1000.0,0,10,-0.03200000000000003,0.0,0.508
5039,0.0,0.0,0.0,1000.0,0,10,-0.030000000000000027,0.0,0.508
5040,0.0,0.0,0.0,1000.0,0,10,-0.028000000000000025,0.0,0.508
5041,0.0,0.0,0.0,1000.0,0,10,-0.026000000000000023,0.0,0.508
5042,0.0,0.0,0.0,1000.0,0,10,-0.02400000000000002,0.0,0.508
5043,0.0,0.0,0.0,1000.0,0,10,-0.02200000000000002,0.0,0.508
5044,0.0,0.0,0.0,1000.0,0,10,-0.020000000000000018,0.0,0.508
5045,0.0,0.0,0.0,1000.0,0,10,-0.018000000000000016,0.0,0.508
5046,0.0,0.0,0.0,1000.0,0,10,-0.016000000000000014,0.0,0.508
5047,0.0,0.0,0.0,1000.0,0,10,-0.014000000000000012,0.0,0.508
5048,0.0,0.0,0.0,1000.0,0,10,-0.01200000000000001,0.0,0.508
5049,0.0,0.0,0.0,1000.0,0,10,-0.010000000000000009,0.0,0.508
5050,0.0,0.0,0.0,1000.0,0,10,-0.008000000000000007,0.0,0.508
5051,0.0,0.0,0.0,1000.0,0,10,-0.006000000000000005,0.0,0.508
5052,0.0,0.0,0.0,1000.0,0,10,-0.0040000000000000036,0.0,0.508
5053,0.0,0.0,0.0,1000.0,0,10,-0.0020000000000000018,0.0,0.508
5054,0.0,0.0,0.0,1000.0,0,10,0.0,0.0,0.508
5055,0.0,0.0,0.0,1000.0,0,10,0.0020000000000000018,0.0,0.508
5056,0.0,0.0,0.0,1000.0,0,10,0.0040000000000000036,0.0,0.508
5057,0.0,0.0,0.0,1000.0,0,10,0.006000000000000005,0.0,0.508
5058,0.0,0.0,0.0,1000.0,0,10,0.008000000000000007,0.0,0.508
5059,0.0,0.0,0.0,1000.0,0,10,0.010000000000000009,0.0,0.508
5060,0.0,0.0,0.0,1000.0,0,10,0.01200000000000001,0.0,0.508
5061,0.0,0.0,0.0,1000.0,0,10,0.014000000000000012,0.0,0.508
5062,0.0,0.0,0.0,1000.0,0,10,0.016000000000000014,0.0,0.508
5063,0.0,0.0,0.0,1000.0,0,10,0.018000000000000016,0.0,0.508
5064,0.0,0.0,0.0,1000.0,0,10,0.020000000000000018,0.0,0.508
5065,0.0,0.0,0.0,1000.0,0,10,0.021999999999999964,0.0,0.508
5066,0.0,0.0,0.0,1000.0,0,10,0.023999999999999966,0.0,0.508
5067,0.0,0.0,0.0,1000.0,0,10,0.025999999999999968,0.0,0.508
5068,0.0,0.0,0.0,1000.0,0,10,0.02799999999999997,0.0,0.508
5069,0.0,0.0,0.0,1000.0,0,10,0.02999999999999997,0.0,0.508
5070,0.0,0.0,0.0,1000.0,0,10,0.03199999999999997,0.0,0.508
5071,0.0,0.0,0.0,1000.0,0,10,0.033999999999999975,0.0,0.508
5072,0.0,0.0,0.0,1000.0,0,10,0.035999999999999976,0.0,0.508
5073,0.0,0.0,0.0,1000.0,0,10,0.03799999999999998,0.0,0.508
5074,0.0,0.0,0.0,1000.0,0,10,0.03999999999999998,0.0,0.508
5075,0.0,0.0,0.0,1000.0,0,10,0.04199999999999998,0.0,0.508
5076,0.0,0.0,0.0,1000.0,0,10,0.043999999999999984,0.0,0.508
5077,0.0,0.0,0.0,1000.0,0,10,0.045999999999999985,0.0,0.508
5078,0.0,0.0,0.0,1000.0,0,10,0.04799999999999999,0.0,0.508
5079,0.0,0.0,0.0,1000.0,0,10,0.04999999999999999,0.0,0.508
5080,0.0,0.0,0.0,1000.0,0,10,0.05199999999999999,0.0,0.508
5081,0.0,0.0,0.0,1000.0,0,10,0.05399999999999999,0.0,0.508
5082,0.0,0.0,0.0,1000.0,0,10,0.055999999999999994,0.0,0.508
5083,0.0,0.0,0.0,1000.0,0,10,0.057999999999999996,0.0,0.508
5084,0.0,0.0,0.0,1000.0,0,10,0.06,0.0,0.508
5085,0.0,0.0,0.0,1000.0,0,10,0.062,0.0,0.508
5086,0.0,0.0,0.0,1000.0,0,10,0.064,0.0,0.508
5087,0.0,0.0,0.0,1000.0,0,10,0.066,0.0,0.508
5088,0.0,0.0,0.0,1000.0,0,10,0.068,0.0,0.508
5089,0.0,0.0,0.0,1000.0,0,10,0.07,0.0,0.508
5090,0.0,0.0,0.0,1000.0,0,10,0.07200000000000001,0.0,0.508
5091,0.0,0.0,0.0,1000.0,0,10,0.07400000000000001,0.0,0.508
5092,0.0,0.0,0.0,1000.0,0,10,0.07600000000000001,0.0,0.508
5093,0.0,0.0,0.0,1000.0,0,10,0.07800000000000001,0.0,0.508
5094,0.0,0.0,0.0,1000.0,0,10,0.08000000000000002,0.0,0.508
5095,0.0,0.0,0.0,1000.0,0,10,0.08200000000000002,0.0,0.508
5096,0.0,0.0,0.0,1000.0,0,10,0.08400000000000002,0.0,0.508
5097,0.0,0.0,0.0,1000.0,0,10,0.08600000000000002,0.0,0.508
5098,0.0,0.0,0.0,1000.0,0,10,0.08800000000000002,0.0,0.508
5099,0.0,0.0,0.0,1000.0,0,10,0.09000000000000002,0.0,0.508
5100,0.0,0.0,0.0,1000.0,0,10,0.09200000000000003,0.0,0.508
5101,0.0,0.0,0.0,1000.0,0,10,0.09400000000000003,0.0,0.508
5102,0.0,0.0,0.0,1000.0,0,10,0.09600000000000003,0.0,0.508
5103,0.0,0.0,0.0,1000.0,0,10,0.09800000000000003,0.0,0.508
5104,0.0,0.0,0.0,1000.0,0,10,0.10000000000000003,0.0,0.508
5105,0.0,0.0,0.0,1000.0,0,10,0.10200000000000004,0.0,0.508
5106,0.0,0.0,0.0,1000.0,0,10,0.10400000000000004,0.0,0.508
5107,0.0,0.0,0.0,1000.0,0,10,0.10600000000000004,0.0,0.508
5108,0.0,0.0,0.0,1000.0,0,10,0.10800000000000004,0.0,0.508
5109,0.0,0.0,0.0,1000.0,0,10,0.11000000000000004,0.0,0.508
5110,0.0,0.0,0.0,1000.0,0,10,0.11200000000000004,0.0,0.508
5111,0.0,0.0,0.0,1000.0,0,10,0.11400000000000005,0.0,0.508
5112,0.0,0.0,0.0,1000.0,0,10,0.11600000000000005,0.0,0.508
5113,0.0,0.0,0.0,1000.0,0,10,0.11800000000000005,0.0,0.508
5114,0.0,0.0,0.0,1000.0,0,10,0.11999999999999994,0.0,0.508
5115,0.0,0.0,0.0,1000.0,0,10,0.12199999999999994,0.0,0.508
5116,0.0,0.0,0.0,1000.0,0,10,0.12399999999999994,0.0,0.508
5117,0.0,0.0,0.0,1000.0,0,10,0.12599999999999995,0.0,0.508
5118,0.0,0.0,0.0,1000.0,0,10,0.12799999999999995,0.0,0.508
5119,0.0,0.0,0.0,1000.0,0,10,0.12999999999999995,0.0,0.508
5120,0.0,0.0,0.0,1000.0,0,10,0.13199999999999995,0.0,0.508
5121,0.0,0.0,0.0,1000.0,0,10,0.13399999999999995,0.0,0.508
5122,0.0,0.0,0.0,1000.0,0,10,0.13599999999999995,0.0,0.508
5123,0.0,0.0,0.0,1000.0,0,10,0.13799999999999996,0.0,0.508
5124,0.0,0.0,0.0,1000.0,0,10,0.13999999999999996,0.0,0.508
5125,0.0,0.0,0.0,1000.0,0,10,0.14199999999999996,0.0,0.508
5126,0.0,0.0,0.0,1000.0,0,10,0.14399999999999996,0.0,0.508
5127,0.0,0.0,0.0,1000.0,0,10,0.14599999999999996,0.0,0.508
5128,0.0,0.0,0.0,1000.0,0,10,0.14799999999999996,0.0,0.508
5129,0.0,0.0,0.0,1000.0,0,10,0.14999999999999997,0.0,0.508
5130,0.0,0.0,0.0,1000.0,0,10,0.15199999999999997,0.0,0.508
5131,0.0,0.0,0.0,1000.0,0,10,0.15399999999999997,0.0,0.508
5132,0.0,0.0,0.0,1000.0,0,10,0.15599999999999997,0.0,0.508
5133,0.0,0.0,0.0,1000.0,0,10,0.15799999999999997,0.0,0.508
5134,0.0,0.0,0.0,1000.0,0,10,0.15999999999999998,0.0,0.508
5135,0.0,0.0,0.0,1000.0,0,10,0.16199999999999998,0.0,0.508
5136,0.0,0.0,0.0,1000.0,0,10,0.16399999999999998,0.0,0.508
5137,0.0,0.0,0.0,1000.0,0,10,0.16599999999999998,0.0,0.508
5138,0.0,0.0,0.0,1000.0,0,10,0.16799999999999998,0.0,0.508
5139,0.0,0.0,0.0,1000.0,0,10,0.16999999999999998,0.0,0.508
5140,0.0,0.0,0.0,1000.0,0,10,0.172,0.0,0.508
5141,0.0,0.0,0.0,1000.0,0,10,0.174,0.0,0.508
5142,0.0,0.0,0.0,1000.0,0,10,0.176,0.0,0.508
5143,0.0,0.0,0.0,1000.0,0,10,0.178,0.0,0.508
5144,0.0,0.0,0.0,1000.0,0,10,0.18,0.0,0.508
5145,0.0,0.0,0.0,1000.0,0,10,0.182,0.0,0.508
5146,0.0,0.0,0.0,1000.0,0,10,0.184,0.0,0.508
5147,0.0,0.0,0.0,1000.0,0,10,0.186,0.0,0.508
5148,0.0,0.0,0.0,1000.0,0,10,0.188,0.0,0.508
5149,0.0,0.0,0.0,1000.0,0,10,0.19,0.0,0.508
5150,0.0,0.0,0.0,1000.0,0,10,0.192,0.0,0.508
5151,0.0,0.0,0.0,1000.0,0,10,0.194,0.0,0.508
5152,0.0,0.0,0.0,1000.0,0,10,0.196,0.0,0.508
5153,0.0,0.0,0.0,1000.0,0,10,0.198,0.0,0.508
5154,0.0,0.0,0.0,1000.0,0,10,0.2,0.0,0.508
5155,0.0,0.0,0.0,1000.0,0,10,0.202,0.0,0.508
5156,0.0,0.0,0.0,1000.0,0,10,0.20400000000000001,0.0,0.508
5157,0.0,0.0,0.0,1000.0,0,10,0.20600000000000002,0.0,0.508
5158,0.0,0.0,0.0,1000.0,0,10,0.20800000000000002,0.0,0.508
5159,0.0,0.0,0.0,1000.0,0,10,0.21000000000000002,0.0,0.508
5160,0.0,0.0,0.0,1000.0,0,10,0.21200000000000002,0.0,0.508
5161,0.0,0.0,0.0,1000.0,0,10,0.21400000000000002,0.0,0.508
5162,0.0,0.0,0.0,1000.0,0,10,0.21600000000000003,0.0,0.508
5163,0.0,0.0,0.0,1000.0,0,10,0.21800000000000003,0.0,0.508
5164,0.0,0.0,0.0,1000.0,0,10,0.22000000000000003,0.0,0.508
5165,0.0,0.0,0.0,1000.0,0,10,0.22200000000000003,0.0,0.508
5166,0.0,0.0,0.0,1000.0,0,10,0.22400000000000003,0.0,0.508
5167,0.0,0.0,0.0,1000.0,0,10,0.22600000000000003,0.0,0.508
5168,0.0,0.0,0.0,1000.0,0,10,0.22800000000000004,0.0,0.508
5169,0.0,0.0,0.0,1000.0,0,10,0.23000000000000004,0.0,0.508
5170,0.0,0.0,0.0,1000.0,0,10,0.23200000000000004,0.0,0.508
5171,0.0,0.0,0.0,1000.0,0,10,0.23400000000000004,0.0,0.508
5172,0.0,0.0,0.0,1000.0,0,10,0.23600000000000004,0.0,0.508
5173,0.0,0.0,0.0,1000.0,0,10,0.23800000000000004,0.0,0.508
5174,0.0,0.0,0.0,1000.0,0,10,0.24000000000000005,0.0,0.508
5175,0.0,0.0,0.0,1000.0,0,10,0.24200000000000005,0.0,0.508
5176,0.0,0.0,0.0,1000.0,0,10,0.24400000000000005,0.0,0.508
5177,0.0,0.0,0.0,1000.0,0,10,0.24599999999999994,0.0,0.508
5178,0.0,0.0,0.0,1000.0,0,10,0.24799999999999994,0.0,0.508
5179,0.0,0.0,0.0,1000.0,0,10,0.24999999999999994,0.0,0.508
5180,0.0,0.0,0.0,1000.0,0,10,0.25199999999999995,0.0,0.508
5181,0.0,0.0,0.0,1000.0,0,10,0.25399999999999995,0.0,0.508
5182,0.0,0.0,0.0,1000.0,0,10,0.25599999999999995,0.0,0.508
5183,0.0,0.0,0.0,1000.0,0,10,0.25799999999999995,0.0,0.508
5184,0.0,0.0,0.0,1000.0,0,10,0.25999999999999995,0.0,0.508
5185,0.0,0.0,0.0,1000.0,0,10,0.26199999999999996,0.0,0.508
5186,0.0,0.0,0.0,1000.0,0,10,0.26399999999999996,0.0,0.508
5187,0.0,0.0,0.0,1000.0,0,10,0.26599999999999996,0.0,0.508
5188,0.0,0.0,0.0,1000.0,0,10,0.26799999999999996,0.0,0.508
5189,0.0,0.0,0.0,1000.0,0,10,0.26999999999999996,0.0,0.508
5190,0.0,0.0,0.0,1000.0,0,10,0.27199999999999996,0.0,0.508
5191,0.0,0.0,0.0,1000.0,0,10,0.27399999999999997,0.0,0.508
5192,0.0,0.0,0.0,1000.0,0,10,0.27599999999999997,0.0,0.508
5193,0.0,0.0,0.0,1000.0,0,10,0.27799999999999997,0.0,0.508
5194,0.0,0.0,0.0,1000.0,0,10,0.27999999999999997,0.0,0.508
5195,0.0,0.0,0.0,1000.0,0,10,0.282,0.0,0.508
5196,0.0,0.0,0.0,1000.0,0,10,0.284,0.0,0.508
5197,0.0,0.0,0.0,1000.0,0,10,0.286,0.0,0.508
5198,0.0,0.0,0.0,1000.0,0,10,0.288,0.0,0.508
5199,0.0,0.0,0.0,1000.0,0,10,0.29,0.0,0.508
5200,0.0,0.0,0.0,1000.0,0,10,0.292,0.0,0.508
5201,0.0,0.0,0.0,1000.0,0,10,0.294,0.0,0.508
5202,0.0,0.0,0.0,1000.0,0,10,0.296,0.0,0.508
5203,0.0,0.0,0.0,1000.0,0,10,0.298,0.0,0.508
5204,0.0,0.0,0.0,1000.0,0,10,0.3,0.0,0.508
5205,0.0,0.0,0.0,1000.0,0,10,0.302,0.0,0.508
5206,0.0,0.0,0.0,1000.0,0,10,0.304,0.0,0.508
5207,0.0,0.0,0.0,1000.0,0,10,0.306,0.0,0.508
5208,0.0,0.0,0.0,1000.0,0,10,0.308,0.0,0.508
5209,0.0,0.0,0.0,1000.0,0,10,0.31,0.0,0.508
5210,0.0,0.0,0.0,1000.0,0,10,0.312,0.0,0.508
5211,0.0,0.0,0.0,1000.0,0,10,0.314,0.0,0.508
5212,0.0,0.0,0.0,1000.0,0,10,0.316,0.0,0.508
5213,0.0,0.0,0.0,1000.0,0,10,0.318,0.0,0.508
5214,0.0,0.0,0.0,1000.0,0,10,0.32,0.0,0.508
5215,0.0,0.0,0.0,1000.0,0,10,0.322,0.0,0.508
5216,0.0,0.0,0.0,1000.0,0,10,0.324,0.0,0.508
5217,0.0,0.0,0.0,1000.0,0,10,0.326,0.0,0.508
5218,0.0,0.0,0.0,1000.0,0,10,0.328,0.0,0.508
5219,0.0,0.0,0.0,1000.0,0,10,0.33,0.0,0.508
5220,0.0,0.0,0.0,1000.0,0,10,0.332,0.0,0.508
5221,0.0,0.0,0.0,1000.0,0,10,0.334,0.0,0.508
5222,0.0,0.0,0.0,1000.0,0,10,0.336,0.0,0.508
5223,0.0,0.0,0.0,1000.0,0,10,0.338,0.0,0.508
5224,0.0,0.0,0.0,1000.0,0,10,0.34,0.0,0.508
5225,0.0,0.0,0.0,1000.0,0,10,0.342,0.0,0.508
5226,0.0,0.0,0.0,1000.0,0,10,0.34400000000000003,0.0,0.508
5227,0.0,0.0,0.0,1000.0,0,10,0.34600000000000003,0.0,0.508
5228,0.0,0.0,0.0,1000.0,0,10,0.34800000000000003,0.0,0.508
5229,0.0,0.0,0.0,1000.0,0,10,0.35000000000000003,0.0,0.508
5230,0.0,0.0,0.0,1000.0,0,10,0.35200000000000004,0.0,0.508
5231,0.0,0.0,0.0,1000.0,0,10,0.35400000000000004,0.0,0.508
5232,0.0,0.0,0.0,1000.0,0,10,0.35600000000000004,0.0,0.508
5233,0.0,0.0,0.0,1000.0,0,10,0.35800000000000004,0.0,0.508
5234,0.0,0.0,0.0,1000.0,0,10,0.36000000000000004,0.0,0.508
5235,0.0,0.0,0.0,1000.0,0,10,0.36200000000000004,0.0,0.508
5236,0.0,0.0,0.0,1000.0,0,10,0.36400000000000005,0.0,0.508
5237,0.0,0.0,0.0,1000.0,0,10,0.36600000000000005,0.0,0.508
5238,0.0,0.0,0.0,1000.0,0,10,0.36800000000000005,0.0,0.508
5239,0.0,0.0,0.0,1000.0,0,10,0.37000000000000005,0.0,0.508
5240,0.0,0.0,0.0,1000.0,0,10,0.37200000000000005,0.0,0.508
5241,0.0,0.0,0.0,1000.0,0,10,0.37400000000000005,0.0,0.508
5242,0.0,0.0,0.0,1000.0,0,10,0.37599999999999995,0.0,0.508
5243,0.0,0.0,0.0,1000.0,0,10,0.37799999999999995,0.0,0.508
5244,0.0,0.0,0.0,1000.0,0,10,0.37999999999999995,0.0,0.508
5245,0.0,0.0,0.0,1000.0,0,10,0.38199999999999995,0.0,0.508
5246,0.0,0.0,0.0,1000.0,0,10,0.38399999999999995,0.0,0.508
5247,0.0,0.0,0.0,1000.0,0,10,0.38599999999999995,0.0,0.508
5248,0.0,0.0,0.0,1000.0,0,10,0.38799999999999996,0.0,0.508
5249,0.0,0.0,0.0,1000.0,0,10,0.38999999999999996,0.0,0.508
5250,0.0,0.0,0.0,1000.0,0,10,0.39199999999999996,0.0,0.508
5251,0.0,0.0,0.0,1000.0,0,10,0.39399999999999996,0.0,0.508
5252,0.0,0.0,0.0,1000.0,0,10,0.39599999999999996,0.0,0.508
5253,0.0,0.0,0.0,1000.0,0,10,0.39799999999999996,0.0,0.508
5254,0.0,0.0,0.0,1000.0,0,10,0.39999999999999997,0.0,0.508
5255,0.0,0.0,0.0,1000.0,0,10,0.40199999999999997,0.0,0.508
5256,0.0,0.0,0.0,1000.0,0,10,0.40399999999999997,0.0,0.508
5257,0.0,0.0,0.0,1000.0,0,10,0.40599999999999997,0.0,0.508
5258,0.0,0.0,0.0,1000.0,0,10,0.408,0.0,0.508
5259,0.0,0.0,0.0,1000.0,0,10,0.41,0.0,0.508
5260,0.0,0.0,0.0,1000.0,0,10,0.412,0.0,0.508
5261,0.0,0.0,0.0,1000.0,0,10,0.414,0.0,0.508
5262,0.0,0.0,0.0,1000.0,0,10,0.416,0.0,0.508
5263,0.0,0.0,0.0,1000.0,0,10,0.418,0.0,0.508
5264,0.0,0.0,0.0,1000.0,0,10,0.42,0.0,0.508
5265,0.0,0.0,0.0,1000.0,0,10,0.422,0.0,0.508
5266,0.0,0.0,0.0,1000.0,0,10,0.424,0.0,0.508
5267,0.0,0.0,0.0,1000.0,0,10,0.426,0.0,0.508
5268,0.0,0.0,0.0,1000.0,0,10,0.428,0.0,0.508
5269,0.0,0.0,0.0,1000.0,0,10,0.43,0.0,0.508
5270,0.0,0.0,0.0,1000.0,0,10,0.432,0.0,0.508
5271,0.0,0.0,0.0,1000.0,0,10,0.434,0.0,0.508
5272,0.0,0.0,0.0,1000.0,0,10,0.436,0.0,0.508
5273,0.0,0.0,0.0,1000.0,0,10,0.438,0.0,0.508
5274,0.0,0.0,0.0,1000.0,0,10,0.44,0.0,0.508
5275,0.0,0.0,0.0,1000.0,0,10,0.442,0.0,0.508
5276,0.0,0.0,0.0,1000.0,0,10,0.444,0.0,0.508
5277,0.0,0.0,0.0,1000.0,0,10,0.446,0.0,0.508
5278,0.0,0.0,0.0,1000.0,0,10,0.448,0.0,0.508
5279,0.0,0.0,0.0,1000.0,0,10,0.45,0.0,0.508
5280,0.0,0.0,0.0,1000.0,0,10,0.452,0.0,0.508
5281,0.0,0.0,0.0,1000.0,0,10,0.454,0.0,0.508
5282,0.0,0.0,0.0,1000.0,0,10,0.456,0.0,0.508
5283,0.0,0.0,0.0,1000.0,0,10,0.458,0.0,0.508
5284,0.0,0.0,0.0,1000.0,0,10,-0.458,0.0,0.51
5285,0.0,0.0,0.0,1000.0,0,10,-0.456,0.0,0.51
5286,0.0,0.0,0.0,1000.0,0,10,-0.454,0.0,0.51
5287,0.0,0.0,0.0,1000.0,0,10,-0.452,0.0,0.51
5288,0.0,0.0,0.0,1000.0,0,10,-0.45,0.0,0.51
5289,0.0,0.0,0.0,1000.0,0,10,-0.448,0.0,0.51
5290,0.0,0.0,0.0,1000.0,0,10,-0.446,0.0,0.51
5291,0.0,0.0,0.0,1000.0,0,10,-0.444,0.0,0.51
5292,0.0,0.0,0.0,1000.0,0,10,-0.442,0.0,0.51
5293,0.0,0.0,0.0,1000.0,0,10,-0.44,0.0,0.51
5294,0.0,0.0,0.0,1000.0,0,10,-0.438,0.0,0.51
5295,0.0,0.0,0.0,1000.0,0,10,-0.436,0.0,0.51
5296,0.0,0.0,0.0,1000.0,0,10,-0.434,0.0,0.51
5297,0.0,0.0,0.0,1000.0,0,10,-0.432,0.0,0.51
5298,0.0,0.0,0.0,1000.0,0,10,-0.43,0.0,0.51
5299,0.0,0.0,0.0,1000.0,0,10,-0.42800000000000005,0.0,0.51
5300,0.0,0.0,0.0,1000.0,0,10,-0.42600000000000005,0.0,0.51
5301,0.0,0.0,0.0,1000.0,0,10,-0.42400000000000004,0.0,0.51
5302,0.0,0.0,0.0,1000.0,0,10,-0.42200000000000004,0.0,0.51
5303,0.0,0.0,0.0,1000.0,0,10,-0.42000000000000004,0.0,0.51
5304,0.0,0.0,0.0,1000.0,0,10,-0.41800000000000004,0.0,0.51
5305,0.0,0.0,0.0,1000.0,0,10,-0.41600000000000004,0.0,0.51
5306,0.0,0.0,0.0,1000.0,0,10,-0.41400000000000003,0.0,0.51
5307,0.0,0.0,0.0,1000.0,0,10,-0.41200000000000003,0.0,0.51
5308,0.0,0.0,0.0,1000.0,0,10,-0.41000000000000003,0.0,0.51
5309,0.0,0.0,0.0,1000.0,0,10,-0.40800000000000003,0.0,0.51
5310,0.0,0.0,0.0,1000.0,0,10,-0.406,0.0,0.51
5311,0.0,0.0,0.0,1000.0,0,10,-0.404,0.0,0.51
5312,0.0,0.0,0.0,1000.0,0,10,-0.402,0.0,0.51
5313,0.0,0.0,0.0,1000.0,0,10,-0.4,0.0,0.51
5314,0.0,0.0,0.0,1000.0,0,10,-0.398,0.0,0.51
5315,0.0,0.0,0.0,1000.0,0,10,-0.396,0.0,0.51
5316,0.0,0.0,0.0,1000.0,0,10,-0.394,0.0,0.51
5317,0.0,0.0,0.0,1000.0,0,10,-0.392,0.0,0.51
5318,0.0,0.0,0.0,1000.0,0,10,-0.39,0.0,0.51
5319,0.0,0.0,0.0,1000.0,0,10,-0.388,0.0,0.51
5320,0.0,0.0,0.0,1000.0,0,10,-0.386,0.0,0.51
5321,0.0,0.0,0.0,1000.0,0,10,-0.384,0.0,0.51
5322,0.0,0.0,0.0,1000.0,0,10,-0.382,0.0,0.51
5323,0.0,0.0,0.0,1000.0,0,10,-0.38,0.0,0.51
5324,0.0,0.0,0.0,1000.0,0,10,-0.378,0.0,0.51
5325,0.0,0.0,0.0,1000.0,0,10,-0.376,0.0,0.51
5326,0.0,0.0,0.0,1000.0,0,10,-0.374,0.0,0.51
5327,0.0,0.0,0.0,1000.0,0,10,-0.372,0.0,0.51
5328,0.0,0.0,0.0,1000.0,0,10,-0.37,0.0,0.51
5329,0.0,0.0,0.0,1000.0,0,10,-0.368,0.0,0.51
5330,0.0,0.0,0.0,1000.0,0,10,-0.366,0.0,0.51
5331,0.0,0.0,0.0,1000.0,0,10,-0.364,0.0,0.51
5332,0.0,0.0,0.0,1000.0,0,10,-0.362,0.0,0.51
5333,0.0,0.0,0.0,1000.0,0,10,-0.36,0.0,0.51
5334,0.0,0.0,0.0,1000.0,0,10,-0.358,0.0,0.51
5335,0.0,0.0,0.0,1000.0,0,10,-0.356,0.0,0.51
5336,0.0,0.0,0.0,1000.0,0,10,-0.354,0.0,0.51
5337,0.0,0.0,0.0,1000.0,0,10,-0.35200000000000004,0.0,0.51
5338,0.0,0.0,0.0,1000.0,0,10,-0.35000000000000003,0.0,0.51
5339,0.0,0.0,0.0,1000.0,0,10,-0.34800000000000003,0.0,0.51
5340,0.0,0.0,0.0,1000.0,0,10,-0.34600000000000003,0.0,0.51
5341,0.0,0.0,0.0,1000.0,0,10,-0.34400000000000003,0.0,0.51
5342,0.0,0.0,0.0,1000.0,0,10,-0.342,0.0,0.51
5343,0.0,0.0,0.0,1000.0,0,10,-0.34,0.0,0.51
5344,0.0,0.0,0.0,1000.0,0,10,-0.338,0.0,0.51
5345,0.0,0.0,0.0,1000.0,0,10,-0.336,0.0,0.51
5346,0.0,0.0,0.0,1000.0,0,10,-0.334,0.0,0.51
5347,0.0,0.0,0.0,1000.0,0,10,-0.332,0.0,0.51
5348,0.0,0.0,0.0,1000.0,0,10,-0.33,0.0,0.51
5349,0.0,0.0,0.0,1000.0,0,10,-0.328,0.0,0.51
5350,0.0,0.0,0.0,1000.0,0,10,-0.326,0.0,0.51
5351,0.0,0.0,0.0,1000.0,0,10,-0.324,0.0,0.51
5352,0.0,0.0,0.0,1000.0,0,10,-0.322,0.0,0.51
5353,0.0,0.0,0.0,1000.0,0,10,-0.32,0.0,0.51
5354,0.0,0.0,0.0,1000.0,0,10,-0.318,0.0,0.51
5355,0.0,0.0,0.0,1000.0,0,10,-0.316,0.0,0.51
5356,0.0,0.0,0.0,1000.0,0,10,-0.314,0.0,0.51
5357,0.0,0.0,0.0,1000.0,0,10,-0.31200000000000006,0.0,0.51
5358,0.0,0.0,0.0,1000.0,0,10,-0.31000000000000005,0.0,0.51
5359,0.0,0.0,0.0,1000.0,0,10,-0.30800000000000005,0.0,0.51
5360,0.0,0.0,0.0,1000.0,0,10,-0.30600000000000005,0.0,0.51
5361,0.0,0.0,0.0,1000.0,0,10,-0.30400000000000005,0.0,0.51
5362,0.0,0.0,0.0,1000.0,0,10,-0.30200000000000005,0.0,0.51
5363,0.0,0.0,0.0,1000.0,0,10,-0.30000000000000004,0.0,0.51
5364,0.0,0.0,0.0,1000.0,0,10,-0.29800000000000004,0.0,0.51
5365,0.0,0.0,0.0,1000.0,0,10,-0.29600000000000004,0.0,0.51
5366,0.0,0.0,0.0,1000.0,0,10,-0.29400000000000004,0.0,0.51
5367,0.0,0.0,0.0,1000.0,0,10,-0.29200000000000004,0.0,0.51
5368,0.0,0.0,0.0,1000.0,0,10,-0.29000000000000004,0.0,0.51
5369,0.0,0.0,0.0,1000.0,0,10,-0.28800000000000003,0.0,0.51
5370,0.0,0.0,0.0,1000.0,0,10,-0.28600000000000003,0.0,0.51
5371,0.0,0.0,0.0,1000.0,0,10,-0.28400000000000003,0.0,0.51
5372,0.0,0.0,0.0,1000.0,0,10,-0.28200000000000003,0.0,0.51
5373,0.0,0.0,0.0,1000.0,0,10,-0.28,0.0,0.51
5374,0.0,0.0,0.0,1000.0,0,10,-0.278,0.0,0.51
5375,0.0,0.0,0.0,1000.0,0,10,-0.276,0.0,0.51
5376,0.0,0.0,0.0,1000.0,0,10,-0.274,0.0,0.51
5377,0.0,0.0,0.0,1000.0,0,10,-0.272,0.0,0.51
5378,0.0,0.0,0.0,1000.0,0,10,-0.27,0.0,0.51
5379,0.0,0.0,0.0,1000.0,0,10,-0.268,0.0,0.51
5380,0.0,0.0,0.0,1000.0,0,10,-0.266,0.0,0.51
5381,0.0,0.0,0.0,1000.0,0,10,-0.264,0.0,0.51
5382,0.0,0.0,0.0,1000.0,0,10,-0.262,0.0,0.51
5383,0.0,0.0,0.0,1000.0,0,10,-0.26,0.0,0.51
5384,0.0,0.0,0.0,1000.0,0,10,-0.258,0.0,0.51
5385,0.0,0.0,0.0,1000.0,0,10,-0.256,0.0,0.51
5386,0.0,0.0,0.0,1000.0,0,10,-0.254,0.0,0.51
5387,0.0,0.0,0.0,1000.0,0,10,-0.252,0.0,0.51
5388,0.0,0.0,0.0,1000.0,0,10,-0.25,0.0,0.51
5389,0.0,0.0,0.0,1000.0,0,10,-0.24800000000000003,0.0,0.51
5390,0.0,0.0,0.0,1000.0,0,10,-0.24600000000000002,0.0,0.51
5391,0.0,0.0,0.0,1000.0,0,10,-0.24400000000000002,0.0,0.51
5392,0.0,0.0,0.0,1000.0,0,10,-0.24200000000000002,0.0,0.51
5393,0.0,0.0,0.0,1000.0,0,10,-0.24000000000000002,0.0,0.51
5394,0.0,0.0,0.0,1000.0,0,10,-0.23800000000000002,0.0,0.51
5395,0.0,0.0,0.0,1000.0,0,10,-0.23600000000000002,0.0,0.51
5396,0.0,0.0,0.0,1000.0,0,10,-0.234,0.0,0.51
5397,0.0,0.0,0.0,1000.0,0,10,-0.232,0.0,0.51
5398,0.0,0.0,0.0,1000.0,0,10,-0.23,0.0,0.51
5399,0.0,0.0,0.0,1000.0,0,10,-0.228,0.0,0.51
5400,0.0,0.0,0.0,1000.0,0,10,-0.226,0.0,0.51
5401,0.0,0.0,0.0,1000.0,0,10,-0.224,0.0,0.51
5402,0.0,0.0,0.0,1000.0,0,10,-0.222,0.0,0.51
5403,0.0,0.0,0.0,1000.0,0,10,-0.22,0.0,0.51
5404,0.0,0.0,0.0,1000.0,0,10,-0.21800000000000003,0.0,0.51
5405,0.0,0.0,0.0,1000.0,0,10,-0.21600000000000003,0.0,0.51
5406,0.0,0.0,0.0,1000.0,0,10,-0.21400000000000002,0.0,0.51
5407,0.0,0.0,0.0,1000.0,0,10,-0.21200000000000002,0.0,0.51
5408,0.0,0.0,0.0,1000.0,0,10,-0.21000000000000002,0.0,0.51
5409,0.0,0.0,0.0,1000.0,0,10,-0.20800000000000002,0.0,0.51
5410,0.0,0.0,0.0,1000.0,0,10,-0.20600000000000002,0.0,0.51
5411,0.0,0.0,0.0,1000.0,0,10,-0.20400000000000001,0.0,0.51
5412,0.0,0.0,0.0,1000.0,0,10,-0.202,0.0,0.51
5413,0.0,0.0,0.0,1000.0,0,10,-0.2,0.0,0.51
5414,0.0,0.0,0.0,1000.0,0,10,-0.198,0.0,0.51
5415,0.0,0.0,0.0,1000.0,0,10,-0.196,0.0,0.51
5416,0.0,0.0,0.0,1000.0,0,10,-0.194,0.0,0.51
5417,0.0,0.0,0.0,1000.0,0,10,-0.192,0.0,0.51
5418,0.0,0.0,0.0,1000.0,0,10,-0.19,0.0,0.51
5419,0.0,0.0,0.0,1000.0,0,10,-0.188,0.0,0.51
5420,0.0,0.0,0.0,1000.0,0,10,-0.186,0.0,0.51
5421,0.0,0.0,0.0,1000.0,0,10,-0.184,0.0,0.51
5422,0.0,0.0,0.0,1000.0,0,10,-0.182,0.0,0.51
5423,0.0,0.0,0.0,1000.0,0,10,-0.18,0.0,0.51
5424,0.0,0.0,0.0,1000.0,0,10,-0.178,0.0,0.51
5425,0.0,0.0,0.0,1000.0,0,10,-0.176,0.0,0.51
5426,0.0,0.0,0.0,1000.0,0,10,-0.174,0.0,0.51
5427,0.0,0.0,0.0,1000.0,0,10,-0.172,0.0,0.51
5428,0.0,0.0,0.0,1000.0,0,10,-0.16999999999999998,0.0,0.51
5429,0.0,0.0,0.0,1000.0,0,10,-0.16800000000000004,0.0,0.51
5430,0.0,0.0,0.0,1000.0,0,10,-0.16600000000000004,0.0,0.51
5431,0.0,0.0,0.0,1000.0,0,10,-0.16400000000000003,0.0,0.51
5432,0.0,0.0,0.0,1000.0,0,10,-0.16200000000000003,0.0,0.51
5433,0.0,0.0,0.0,1000.0,0,10,-0.16000000000000003,0.0,0.51
5434,0.0,0.0,0.0,1000.0,0,10,-0.15800000000000003,0.0,0.51
5435,0.0,0.0,0.0,1000.0,0,10,-0.15600000000000003,0.0,0.51
5436,0.0,0.0,0.0,1000.0,0,10,-0.15400000000000003,0.0,0.51
5437,0.0,0.0,0.0,1000.0,0,10,-0.15200000000000002,0.0,0.51
5438,0.0,0.0,0.0,1000.0,0,10,-0.15000000000000002,0.0,0.51
5439,0.0,0.0,0.0,1000.0,0,10,-0.14800000000000002,0.0,0.51
5440,0.0,0.0,0.0,1000.0,0,10,-0.14600000000000002,0.0,0.51
5441,0.0,0.0,0.0,1000.0,0,10,-0.14400000000000002,0.0,0.51
5442,0.0,0.0,0.0,1000.0,0,10,-0.14200000000000002,0.0,0.51
5443,0.0,0.0,0.0,1000.0,0,10,-0.14,0.0,0.51
5444,0.0,0.0,0.0,1000.0,0,10,-0.138,0.0,0.51
5445,0.0,0.0,0.0,1000.0,0,10,-0.136,0.0,0.51
5446,0.0,0.0,0.0,1000.0,0,10,-0.134,0.0,0.51
5447,0.0,0.0,0.0,1000.0,0,10,-0.132,0.0,0.51
5448,0.0,0.0,0.0,1000.0,0,10,-0.13,0.0,0.51
5449,0.0,0.0,0.0,1000.0,0,10,-0.128,0.0,0.51
5450,0.0,0.0,0.0,1000.0,0,10,-0.126,0.0,0.51
5451,0.0,0.0,0.0,1000.0,0,10,-0.124,0.0,0.51
5452,0.0,0.0,0.0,1000.0,0,10,-0.122,0.0,0.51
5453,0.0,0.0,0.0,1000.0,0,10,-0.12,0.0,0.51
5454,0.0,0.0,0.0,1000.0,0,10,-0.118,0.0,0.51
5455,0.0,0.0,0.0,1000.0,0,10,-0.11599999999999999,0.0,0.51
5456,0.0,0.0,0.0,1000.0,0,10,-0.11399999999999999,0.0,0.51
5457,0.0,0.0,0.0,1000.0,0,10,-0.11199999999999999,0.0,0.51
5458,0.0,0.0,0.0,1000.0,0,10,-0.10999999999999999,0.0,0.51
5459,0.0,0.0,0.0,1000.0,0,10,-0.10799999999999998,0.0,0.51
5460,0.0,0.0,0.0,1000.0,0,10,-0.10600000000000004,0.0,0.51
5461,0.0,0.0,0.0,1000.0,0,10,-0.10400000000000004,0.0,0.51
5462,0.0,0.0,0.0,1000.0,0,10,-0.10200000000000004,0.0,0.51
5463,0.0,0.0,0.0,1000.0,0,10,-0.10000000000000003,0.0,0.51
5464,0.0,0.0,0.0,1000.0,0,10,-0.09800000000000003,0.0,0.51
5465,0.0,0.0,0.0,1000.0,0,10,-0.09600000000000003,0.0,0.51
5466,0.0,0.0,0.0,1000.0,0,10,-0.09400000000000003,0.0,0.51
5467,0.0,0.0,0.0,1000.0,0,10,-0.09200000000000003,0.0,0.51
5468,0.0,0.0,0.0,1000.0,0,10,-0.09000000000000002,0.0,0.51
5469,0.0,0.0,0.0,1000.0,0,10,-0.08800000000000002,0.0,0.51
5470,0.0,0.0,0.0,1000.0,0,10,-0.08600000000000002,0.0,0.51
5471,0.0,0.0,0.0,1000.0,0,10,-0.08400000000000002,0.0,0.51
5472,0.0,0.0,0.0,1000.0,0,10,-0.08200000000000002,0.0,0.51
5473,0.0,0.0,0.0,1000.0,0,10,-0.08000000000000002,0.0,0.51
5474,0.0,0.0,0.0,1000.0,0,10,-0.07800000000000001,0.0,0.51
5475,0.0,0.0,0.0,1000.0,0,10,-0.07600000000000001,0.0,0.51
5476,0.0,0.0,0.0,1000.0,0,10,-0.07400000000000001,0.0,0.51
5477,0.0,0.0,0.0,1000.0,0,10,-0.07200000000000001,0.0,0.51
5478,0.0,0.0,0.0,1000.0,0,10,-0.07,0.0,0.51
5479,0.0,0.0,0.0,1000.0,0,10,-0.068,0.0,0.51
5480,0.0,0.0,0.0,1000.0,0,10,-0.066,0.0,0.51
5481,0.0,0.0,0.0,1000.0,0,10,-0.064,0.0,0.51
5482,0.0,0.0,0.0,1000.0,0,10,-0.062,0.0,0.51
5483,0.0,0.0,0.0,1000.0,0,10,-0.06,0.0,0.51
5484,0.0,0.0,0.0,1000.0,0,10,-0.057999999999999996,0.0,0.51
5485,0.0,0.0,0.0,1000.0,0,10,-0.055999999999999994,0.0,0.51
5486,0.0,0.0,0.0,1000.0,0,10,-0.05399999999999999,0.0,0.51
5487,0.0,0.0,0.0,1000.0,0,10,-0.05199999999999999,0.0,0.51
5488,0.0,0.0,0.0,1000.0,0,10,-0.04999999999999999,0.0,0.51
5489,0.0,0.0,0.0,1000.0,0,10,-0.04799999999999999,0.0,0.51
5490,0.0,0.0,0.0,1000.0,0,10,-0.045999999999999985,0.0,0.51
5491,0.0,0.0,0.0,1000.0,0,10,-0.043999999999999984,0.0,0.51
5492,0.0,0.0,0.0,1000.0,0,10,-0.04199999999999998,0.0,0.51
5493,0.0,0.0,0.0,1000.0,0,10,-0.040000000000000036,0.0,0.51
5494,0.0,0.0,0.0,1000.0,0,10,-0.038000000000000034,0.0,0.51
5495,0.0,0.0,0.0,1000.0,0,10,-0.03600000000000003,0.0,0.51
5496,0.0,0.0,0.0,1000.0,0,10,-0.03400000000000003,0.0,0.51
5497,0.0,0.0,0.0,1000.0,0,10,-0.03200000000000003,0.0,0.51
5498,0.0,0.0,0.0,1000.0,0,10,-0.030000000000000027,0.0,0.51
5499,0.0,0.0,0.0,1000.0,0,10,-0.028000000000000025,0.0,0.51
5500,0.0,0.0,0.0,1000.0,0,10,-0.026000000000000023,0.0,0.51
5501,0.0,0.0,0.0,1000.0,0,10,-0.02400000000000002,0.0,0.51
5502,0.0,0.0,0.0,1000.0,0,10,-0.02200000000000002,0.0,0.51
5503,0.0,0.0,0.0,1000.0,0,10,-0.020000000000000018,0.0,0.51
5504,0.0,0.0,0.0,1000.0,0,10,-0.018000000000000016,0.0,0.51
5505,0.0,0.0,0.0,1000.0,0,10,-0.016000000000000014,0.0,0.51
5506,0.0,0.0,0.0,1000.0,0,10,-0.014000000000000012,0.0,0.51
5507,0.0,0.0,0.0,1000.0,0,10,-0.01200000000000001,0.0,0.51
5508,0.0,0.0,0.0,1000.0,0,10,-0.010000000000000009,0.0,0.51
5509,0.0,0.0,0.0,1000.0,0,10,-0.008000000000000007,0.0,0.51
5510,0.0,0.0,0.0,1000.0,0,10,-0.006000000000000005,0.0,0.51
5511,0.0,0.0,0.0,1000.0,0,10,-0.0040000000000000036,0.0,0.51
5512,0.0,0.0,0.0,1000.0,0,10,-0.0020000000000000018,0.0,0.51
5513,0.0,0.0,0.0,1000.0,0,10,0.0,0.0,0.51
5514,0.0,0.0,0.0,1000.0,0,10,0.0020000000000000018,0.0,0.51
5515,0.0,0.0,0.0,1000.0,0,10,0.0040000000000000036,0.0,0.51
5516,0.0,0.0,0.0,1000.0,0,10,0.006000000000000005,0.0,0.51
5517,0.0,0.0,0.0,1000.0,0,10,0.008000000000000007,0.0,0.51
5518,0.0,0.0,0.0,1000.0,0,10,0.010000000000000009,0.0,0.51
5519,0.0,0.0,0.0,1000.0,0,10,0.01200000000000001,0.0,0.51
5520,0.0,0.0,0.0,1000.0,0,10,0.014000000000000012,0.0,0.51
5521,0.0,0.0,0.0,1000.0,0,10,0.016000000000000014,0.0,0.51
5522,0.0,0.0,0.0,1000.0,0,10,0.018000000000000016,0.0,0.51
5523,0.0,0.0,0.0,1000.0,0,10,0.020000000000000018,0.0,0.51
5524,0.0,0.0,0.0,1000.0,0,10,0.021999999999999964,0.0,0.51
5525,0.0,0.0,0.0,1000.0,0,10,0.023999999999999966,0.0,0.51
5526,0.0,0.0,0.0,1000.0,0,10,0.025999999999999968,0.0,0.51
5527,0.0,0.0,0.0,1000.0,0,10,0.02799999999999997,0.0,0.51
5528,0.0,0.0,0.0,1000.0,0,10,0.02999999999999997,0.0,0.51
5529,0.0,0.0,0.0,1000.0,0,10,0.03199999999999997,0.0,0.51
5530,0.0,0.0,0.0,1000.0,0,10,0.033999999999999975,0.0,0.51
5531,0.0,0.0,0.0,1000.0,0,10,0.035999999999999976,0.0,0.51
5532,0.0,0.0,0.0,1000.0,0,10,0.03799999999999998,0.0,0.51
5533,0.0,0.0,0.0,1000.0,0,10,0.03999999999999998,0.0,0.51
5534,0.0,0.0,0.0,1000.0,0,10,0.04199999999999998,0.0,0.51
5535,0.0,0.0,0.0,1000.0,0,10,0.043999999999999984,0.0,0.51
5536,0.0,0.0,0.0,1000.0,0,10,0.045999999999999985,0.0,0.51
5537,0.0,0.0,0.0,1000.0,0,10,0.04799999999999999,0.0,0.51
5538,0.0,0.0,0.0,1000.0,0,10,0.04999999999999999,0.0,0.51
5539,0.0,0.0,0.0,1000.0,0,10,0.05199999999999999,0.0,0.51
5540,0.0,0.0,0.0,1000.0,0,10,0.05399999999999999,0.0,0.51
5541,0.0,0.0,0.0,1000.0,0,10,0.055999999999999994,0.0,0.51
5542,0.0,0.0,0.0,1000.0,0,10,0.057999999999999996,0.0,0.51
5543,0.0,0.0,0.0,1000.0,0,10,0.06,0.0,0.51
5544,0.0,0.0,0.0,1000.0,0,10,0.062,0.0,0.51
5545,0.0,0.0,0.0,1000.0,0,10,0.064,0.0,0.51
5546,0.0,0.0,0.0,1000.0,0,10,0.066,0.0,0.51
5547,0.0,0.0,0.0,1000.0,0,10,0.068,0.0,0.51
5548,0.0,0.0,0.0,1000.0,0,10,0.07,0.0,0.51
5549,0.0,0.0,0.0,1000.0,0,10,0.07200000000000001,0.0,0.51
5550,0.0,0.0,0.0,1000.0,0,10,0.07400000000000001,0.0,0.51
5551,0.0,0.0,0.0,1000.0,0,10,0.07600000000000001,0.0,0.51
5552,0.0,0.0,0.0,1000.0,0,10,0.07800000000000001,0.0,0.51
5553,0.0,0.0,0.0,1000.0,0,10,0.08000000000000002,0.0,0.51
5554,0.0,0.0,0.0,1000.0,0,10,0.08200000000000002,0.0,0.51
5555,0.0,0.0,0.0,1000.0,0,10,0.08400000000000002,0.0,0.51
5556,0.0,0.0,0.0,1000.0,0,10,0.08600000000000002,0.0,0.51
5557,0.0,0.0,0.0,1000.0,0,10,0.08800000000000002,0.0,0.51
5558,0.0,0.0,0.0,1000.0,0,10,0.09000000000000002,0.0,0.51
5559,0.0,0.0,0.0,1000.0,0,10,0.09200000000000003,0.0,0.51
5560,0.0,0.0,0.0,1000.0,0,10,0.09400000000000003,0.0,0.51
5561,0.0,0.0,0.0,1000.0,0,10,0.09600000000000003,0.0,0.51
5562,0.0,0.0,0.0,1000.0,0,10,0.09800000000000003,0.0,0.51
5563,0.0,0.0,0.0,1000.0,0,10,0.10000000000000003,0.0,0.51
5564,0.0,0.0,0.0,1000.0,0,10,0.10200000000000004,0.0,0.51
5565,0.0,0.0,0.0,1000.0,0,10,0.10400000000000004,0.0,0.51
5566,0.0,0.0,0.0,1000.0,0,10,0.10600000000000004,0.0,0.51
5567,0.0,0.0,0.0,1000.0,0,10,0.10800000000000004,0.0,0.51
5568,0.0,0.0,0.0,1000.0,0,10,0.11000000000000004,0.0,0.51
5569,0.0,0.0,0.0,1000.0,0,10,0.11200000000000004,0.0,0.51
5570,0.0,0.0,0.0,1000.0,0,10,0.11400000000000005,0.0,0.51
5571,0.0,0.0,0.0,1000.0,0,10,0.11600000000000005,0.0,0.51
5572,0.0,0.0,0.0,1000.0,0,10,0.11800000000000005,0.0,0.51
5573,0.0,0.0,0.0,1000.0,0,10,0.11999999999999994,0.0,0.51
5574,0.0,0.0,0.0,1000.0,0,10,0.12199999999999994,0.0,0.51
5575,0.0,0.0,0.0,1000.0,0,10,0.12399999999999994,0.0,0.51
5576,0.0,0.0,0.0,1000.0,0,10,0.12599999999999995,0.0,0.51
5577,0.0,0.0,0.0,1000.0,0,10,0.12799999999999995,0.0,0.51
5578,0.0,0.0,0.0,1000.0,0,10,0.12999999999999995,0.0,0.51
5579,0.0,0.0,0.0,1000.0,0,10,0.13199999999999995,0.0,0.51
5580,0.0,0.0,0.0,1000.0,0,10,0.13399999999999995,0.0,0.51
5581,0.0,0.0,0.0,1000.0,0,10,0.13599999999999995,0.0,0.51
5582,0.0,0.0,0.0,1000.0,0,10,0.13799999999999996,0.0,0.51
5583,0.0,0.0,0.0,1000.0,0,10,0.13999999999999996,0.0,0.51
5584,0.0,0.0,0.0,1000.0,0,10,0.14199999999999996,0.0,0.51
5585,0.0,0.0,0.0,1000.0,0,10,0.14399999999999996,0.0,0.51
5586,0.0,0.0,0.0,1000.0,0,10,0.14599999999999996,0.0,0.51
5587,0.0,0.0,0.0,1000.0,0,10,0.14799999999999996,0.0,0.51
5588,0.0,0.0,0.0,1000.0,0,10,0.14999999999999997,0.0,0.51
5589,0.0,0.0,0.0,1000.0,0,10,0.15199999999999997,0.0,0.51
5590,0.0,0.0,0.0,1000.0,0,10,0.15399999999999997,0.0,0.51
5591,0.0,0.0,0.0,1000.0,0,10,0.15599999999999997,0.0,0.51
5592,0.0,0.0,0.0,1000.0,0,10,0.15799999999999997,0.0,0.51
5593,0.0,0.0,0.0,1000.0,0,10,0.15999999999999998,0.0,0.51
5594,0.0,0.0,0.0,1000.0,0,10,0.16199999999999998,0.0,0.51
5595,0.0,0.0,0.0,1000.0,0,10,0.16399999999999998,0.0,0.51
5596,0.0,0.0,0.0,1000.0,0,10,0.16599999999999998,0.0,0.51
5597,0.0,0.0,0.0,1000.0,0,10,0.16799999999999998,0.0,0.51
5598,0.0,0.0,0.0,1000.0,0,10,0.16999999999999998,0.0,0.51
5599,0.0,0.0,0.0,1000.0,0,10,0.172,0.0,0.51
5600,0.0,0.0,0.0,1000.0,0,10,0.174,0.0,0.51
5601,0.0,0.0,0.0,1000.0,0,10,0.176,0.0,0.51
5602,0.0,0.0,0.0,1000.0,0,10,0.178,0.0,0.51
5603,0.0,0.0,0.0,1000.0,0,10,0.18,0.0,0.51
5604,0.0,0.0,0.0,1000.0,0,10,0.182,0.0,0.51
5605,0.0,0.0,0.0,1000.0,0,10,0.184,0.0,0.51
5606,0.0,0.0,0.0,1000.0,0,10,0.186,0.0,0.51
5607,0.0,0.0,0.0,1000.0,0,10,0.188,0.0,0.51
5608,0.0,0.0,0.0,1000.0,0,10,0.19,0.0,0.51
5609,0.0,0.0,0.0,1000.0,0,10,0.192,0.0,0.51
5610,0.0,0.0,0.0,1000.0,0,10,0.194,0.0,0.51
5611,0.0,0.0,0.0,1000.0,0,10,0.196,0.0,0.51
5612,0.0,0.0,0.0,1000.0,0,10,0.198,0.0,0.51
5613,0.0,0.0,0.0,1000.0,0,10,0.2,0.0,0.51
5614,0.0,0.0,0.0,1000.0,0,10,0.202,0.0,0.51
5615,0.0,0.0,0.0,1000.0,0,10,0.20400000000000001,0.0,0.51
5616,0.0,0.0,0.0,1000.0,0,10,0.20600000000000002,0.0,0.51
5617,0.0,0.0,0.0,1000.0,0,10,0.20800000000000002,0.0,0.51
5618,0.0,0.0,0.0,1000.0,0,10,0.21000000000000002,0.0,0.51
5619,0.0,0.0,0.0,1000.0,0,10,0.21200000000000002,0.0,0.51
5620,0.0,0.0,0.0,1000.0,0,10,0.21400000000000002,0.0,0.51
5621,0.0,0.0,0.0,1000.0,0,10,0.21600000000000003,0.0,0.51
5622,0.0,0.0,0.0,1000.0,0,10,0.21800000000000003,0.0,0.51
5623,0.0,0.0,0.0,1000.0,0,10,0.22000000000000003,0.0,0.51
5624,0.0,0.0,0.0,1000.0,0,10,0.22200000000000003,0.0,0.51
5625,0.0,0.0,0.0,1000.0,0,10,0.22400000000000003,0.0,0.51
5626,0.0,0.0,0.0,1000.0,0,10,0.22600000000000003,0.0,0.51
5627,0.0,0.0,0.0,1000.0,0,10,0.22800000000000004,0.0,0.51
5628,0.0,0.0,0.0,1000.0,0,10,0.23000000000000004,0.0,0.51
5629,0.0,0.0,0.0,1000.0,0,10,0.23200000000000004,0.0,0.51
5630,0.0,0.0,0.0,1000.0,0,10,0.23400000000000004,0.0,0.51
5631,0.0,0.0,0.0,1000.0,0,10,0.23600000000000004,0.0,0.51
5632,0.0,0.0,0.0,1000.0,0,10,0.23800000000000004,0.0,0.51
5633,0.0,0.0,0.0,1000.0,0,10,0.24000000000000005,0.0,0.51
5634,0.0,0.0,0.0,1000.0,0,10,0.24200000000000005,0.0,0.51
5635,0.0,0.0,0.0,1000.0,0,10,0.24400000000000005,0.0,0.51
5636,0.0,0.0,0.0,1000.0,0,10,0.24599999999999994,0.0,0.51
5637,0.0,0.0,0.0,1000.0,0,10,0.24799999999999994,0.0,0.51
5638,0.0,0.0,0.0,1000.0,0,10,0.24999999999999994,0.0,0.51
5639,0.0,0.0,0.0,1000.0,0,10,0.25199999999999995,0.0,0.51
5640,0.0,0.0,0.0,1000.0,0,10,0.25399999999999995,0.0,0.51
5641,0.0,0.0,0.0,1000.0,0,10,0.25599999999999995,0.0,0.51
5642,0.0,0.0,0.0,1000.0,0,10,0.25799999999999995,0.0,0.51
5643,0.0,0.0,0.0,1000.0,0,10,0.25999999999999995,0.0,0.51
5644,0.0,0.0,0.0,1000.0,0,10,0.26199999999999996,0.0,0.51
5645,0.0,0.0,0.0,1000.0,0,10,0.26399999999999996,0.0,0.51
5646,0.0,0.0,0.0,1000.0,0,10,0.26599999999999996,0.0,0.51
5647,0.0,0.0,0.0,1000.0,0,10,0.26799999999999996,0.0,0.51
5648,0.0,0.0,0.0,1000.0,0,10,0.26999999999999996,0.0,0.51
5649,0.0,0.0,0.0,1000.0,0,10,0.27199999999999996,0.0,0.51
5650,0.0,0.0,0.0,1000.0,0,10,0.27399999999999997,0.0,0.51
5651,0.0,0.0,0.0,1000.0,0,10,0.27599999999999997,0.0,0.51
5652,0.0,0.0,0.0,1000.0,0,10,0.27799999999999997,0.0,0.51
5653,0.0,0.0,0.0,1000.0,0,10,0.27999999999999997,0.0,0.51
5654,0.0,0.0,0.0,1000.0,0,10,0.282,0.0,0.51
5655,0.0,0.0,0.0,1000.0,0,10,0.284,0.0,0.51
5656,0.0,0.0,0.0,1000.0,0,10,0.286,0.0,0.51
5657,0.0,0.0,0.0,1000.0,0,10,0.288,0.0,0.51
5658,0.0,0.0,0.0,1000.0,0,10,0.29,0.0,0.51
5659,0.0,0.0,0.0,1000.0,0,10,0.292,0.0,0.51
5660,0.0,0.0,0.0,1000.0,0,10,0.294,0.0,0.51
5661,0.0,0.0,0.0,1000.0,0,10,0.296,0.0,0.51
5662,0.0,0.0,0.0,1000.0,0,10,0.298,0.0,0.51
5663,0.0,0.0,0.0,1000.0,0,10,0.3,0.0,0.51
5664,0.0,0.0,0.0,1000.0,0,10,0.302,0.0,0.51
5665,0.0,0.0,0.0,1000.0,0,10,0.304,0.0,0.51
5666,0.0,0.0,0.0,1000.0,0,10,0.306,0.0,0.51
5667,0.0,0.0,0.0,1000.0,0,10,0.308,0.0,0.51
5668,0.0,0.0,0.0,1000.0,0,10,0.31,0.0,0.51
5669,0.0,0.0,0.0,1000.0,0,10,0.312,0.0,0.51
5670,0.0,0.0,0.0,1000.0,0,10,0.314,0.0,0.51
5671,0.0,0.0,0.0,1000.0,0,10,0.316,0.0,0.51
5672,0.0,0.0,0.0,1000.0,0,10,0.318,0.0,0.51
5673,0.0,0.0,0.0,1000.0,0,10,0.32,0.0,0.51
5674,0.0,0.0,0.0,1000.0,0,10,0.322,0.0,0.51
5675,0.0,0.0,0.0,1000.0,0,10,0.324,0.0,0.51
5676,0.0,0.0,0.0,1000.0,0,10,0.326,0.0,0.51
5677,0.0,0.0,0.0,1000.0,0,10,0.328,0.0,0.51
5678,0.0,0.0,0.0,1000.0,0,10,0.33,0.0,0.51
5679,0.0,0.0,0.0,1000.0,0,10,0.332,0.0,0.51
5680,0.0,0.0,0.0,1000.0,0,10,0.334,0.0,0.51
5681,0.0,0.0,0.0,1000.0,0,10,0.336,0.0,0.51
5682,0.0,0.0,0.0,1000.0,0,10,0.338,0.0,0.51
5683,0.0,0.0,0.0,1000.0,0,10,0.34,0.0,0.51
5684,0.0,0.0,0.0,1000.0,0,10,0.342,0.0,0.51
5685,0.0,0.0,0.0,1000.0,0,10,0.34400000000000003,0.0,0.51
5686,0.0,0.0,0.0,1000.0,0,10,0.34600000000000003,0.0,0.51
5687,0.0,0.0,0.0,1000.0,0,10,0.34800000000000003,0.0,0.51
5688,0.0,0.0,0.0,1000.0,0,10,0.35000000000000003,0.0,0.51
5689,0.0,0.0,0.0,1000.0,0,10,0.35200000000000004,0.0,0.51
5690,0.0,0.0,0.0,1000.0,0,10,0.35400000000000004,0.0,0.51
5691,0.0,0.0,0.0,1000.0,0,10,0.35600000000000004,0.0,0.51
5692,0.0,0.0,0.0,1000.0,0,10,0.35800000000000004,0.0,0.51
5693,0.0,0.0,0.0,1000.0,0,10,0.36000000000000004,0.0,0.51
5694,0.0,0.0,0.0,1000.0,0,10,0.36200000000000004,0.0,0.51
5695,0.0,0.0,0.0,1000.0,0,10,0.36400000000000005,0.0,0.51
5696,0.0,0.0,0.0,1000.0,0,10,0.36600000000000005,0.0,0.51
5697,0.0,0.0,0.0,1000.0,0,10,0.36800000000000005,0.0,0.51
5698,0.0,0.0,0.0,1000.0,0,10,0.37000000000000005,0.0,0.51
5699,0.0,0.0,0.0,1000.0,0,10,0.37200000000000005,0.0,0.51
5700,0.0,0.0,0.0,1000.0,0,10,0.37400000000000005,0.0,0.51
5701,0.0,0.0,0.0,1000.0,0,10,0.37599999999999995,0.0,0.51
5702,0.0,0.0,0.0,1000.0,0,10,0.37799999999999995,0.0,0.51
5703,0.0,0.0,0.0,1000.0,0,10,0.37999999999999995,0.0,0.51
5704,0.0,0.0,0.0,1000.0,0,10,0.38199999999999995,0.0,0.51
5705,0.0,0.0,0.0,1000.0,0,10,0.38399999999999995,0.0,0.51
5706,0.0,0.0,0.0,1000.0,0,10,0.38599999999999995,0.0,0.51
5707,0.0,0.0,0.0,1000.0,0,10,0.38799999999999996,0.0,0.51
5708,0.0,0.0,0.0,1000.0,0,10,0.38999999999999996,0.0,0.51
5709,0.0,0.0,0.0,1000.0,0,10,0.39199999999999996,0.0,0.51
5710,0.0,0.0,0.0,1000.0,0,10,0.39399999999999996,0.0,0.51
5711,0.0,0.0,0.0,1000.0,0,10,0.39599999999999996,0.0,0.51
5712,0.0,0.0,0.0,1000.0,0,10,0.39799999999999996,0.0,0.51
5713,0.0,0.0,0.0,1000.0,0,10,0.39999999999999997,0.0,0.51
5714,0.0,0.0,0.0,1000.0,0,10,0.40199999999999997,0.0,0.51
5715,0.0,0.0,0.0,1000.0,0,10,0.40399999999999997,0.0,0.51
5716,0.0,0.0,0.0,1000.0,0,10,0.40599999999999997,0.0,0.51
5717,0.0,0.0,0.0,1000.0,0,10,0.408,0.0,0.51
5718,0.0,0.0,0.0,1000.0,0,10,0.41,0.0,0.51
5719,0.0,0.0,0.0,1000.0,0,10,0.412,0.0,0.51
5720,0.0,0.0,0.0,1000.0,0,10,0.414,0.0,0.51
5721,0.0,0.0,0.0,1000.0,0,10,0.416,0.0,0.51
5722,0.0,0.0,0.0,1000.0,0,10,0.418,0.0,0.51
5723,0.0,0.0,0.0,1000.0,0,10,0.42,0.0,0.51
5724,0.0,0.0,0.0,1000.0,0,10,0.422,0.0,0.51
5725,0.0,0.0,0.0,1000.0,0,10,0.424,0.0,0.51
5726,0.0,0.0,0.0,1000.0,0,10,0.426,0.0,0.51
5727,0.0,0.0,0.0,1000.0,0,10,0.428,0.0,0.51
5728,0.0,0.0,0.0,1000.0,0,10,0.43,0.0,0.51
5729,0.0,0.0,0.0,1000.0,0,10,0.432,0.0,0.51
5730,0.0,0.0,0.0,1000.0,0,10,0.434,0.0,0.51
5731,0.0,0.0,0.0,1000.0,0,10,0.436,0.0,0.51
5732,0.0,0.0,0.0,1000.0,0,10,0.438,0.0,0.51
5733,0.0,0.0,0.0,1000.0,0,10,0.44,0.0,0.51
5734,0.0,0.0,0.0,1000.0,0,10,0.442,0.0,0.51
5735,0.0,0.0,0.0,1000.0,0,10,0.444,0.0,0.51
5736,0.0,0.0,0.0,1000.0,0,10,0.446,0.0,0.51
5737,0.0,0.0,0.0,1000.0,0,10,0.448,0.0,0.51
5738,0.0,0.0,0.0,1000.0,0,10,0.45,0.0,0.51
5739,0.0,0.0,0.0,1000.0,0,10,0.452,0.0,0.51
5740,0.0,0.0,0.0,1000.0,0,10,0.454,0.0,0.51
5741,0.0,0.0,0.0,1000.0,0,10,0.456,0.0,0.51
5742,0.0,0.0,0.0,1000.0,0,10,0.458,0.0,0.51
5743,0.0,0.0,0.0,1000.0,0,10,-0.458,0.0,0.512
5744,0.0,0.0,0.0,1000.0,0,10,-0.456,0.0,0.512
5745,0.0,0.0,0.0,1000.0,0,10,-0.454,0.0,0.512
5746,0.0,0.0,0.0,1000.0,0,10,-0.452,0.0,0.512
5747,0.0,0.0,0.0,1000.0,0,10,-0.45,0.0,0.512
5748,0.0,0.0,0.0,1000.0,0,10,-0.448,0.0,0.512
5749,0.0,0.0,0.0,1000.0,0,10,-0.446,0.0,0.512
5750,0.0,0.0,0.0,1000.0,0,10,-0.444,0.0,0.512
5751,0.0,0.0,0.0,1000.0,0,10,-0.442,0.0,0.512
5752,0.0,0.0,0.0,1000.0,0,10,-0.44,0.0,0.512
5753,0.0,0.0,0.0,1000.0,0,10,-0.438,0.0,0.512
5754,0.0,0.0,0.0,1000.0,0,10,-0.436,0.0,0.512
5755,0.0,0.0,0.0,1000.0,0,10,-0.434,0.0,0.512
5756,0.0,0.0,0.0,1000.0,0,10,-0.432,0.0,0.512
5757,0.0,0.0,0.0,1000.0,0,10,-0.43,0.0,0.512
5758,0.0,0.0,0.0,1000.0,0,10,-0.42800000000000005,0.0,0.512
5759,0.0,0.0,0.0,1000.0,0,10,-0.42600000000000005,0.0,0.512
5760,0.0,0.0,0.0,1000.0,0,10,-0.42400000000000004,0.0,0.512
5761,0.0,0.0,0.0,1000.0,0,10,-0.42200000000000004,0.0,0.512
5762,0.0,0.0,0.0,1000.0,0,10,-0.42000000000000004,0.0,0.512
5763,0.0,0.0,0.0,1000.0,0,10,-0.41800000000000004,0.0,0.512
5764,0.0,0.0,0.0,1000.0,0,10,-0.41600000000000004,0.0,0.512
5765,0.0,0.0,0.0,1000.0,0,10,-0.41400000000000003,0.0,0.512
5766,0.0,0.0,0.0,1000.0,0,10,-0.41200000000000003,0.0,0.512
5767,0.0,0.0,0.0,1000.0,0,10,-0.41000000000000003,0.0,0.512
5768,0.0,0.0,0.0,1000.0,0,10,-0.40800000000000003,0.0,0.512
5769,0.0,0.0,0.0,1000.0,0,10,-0.406,0.0,0.512
5770,0.0,0.0,0.0,1000.0,0,10,-0.404,0.0,0.512
5771,0.0,0.0,0.0,1000.0,0,10,-0.402,0.0,0.512
5772,0.0,0.0,0.0,1000.0,0,10,-0.4,0.0,0.512
5773,0.0,0.0,0.0,1000.0,0,10,-0.398,0.0,0.512
5774,0.0,0.0,0.0,1000.0,0,10,-0.396,0.0,0.512
5775,0.0,0.0,0.0,1000.0,0,10,-0.394,0.0,0.512
5776,0.0,0.0,0.0,1000.0,0,10,-0.392,0.0,0.512
5777,0.0,0.0,0.0,1000.0,0,10,-0.39,0.0,0.512
5778,0.0,0.0,0.0,1000.0,0,10,-0.388,0.0,0.512
5779,0.0,0.0,0.0,1000.0,0,10,-0.386,0.0,0.512
5780,0.0,0.0,0.0,1000.0,0,10,-0.384,0.0,0.512
5781,0.0,0.0,0.0,1000.0,0,10,-0.382,0.0,0.512
5782,0.0,0.0,0.0,1000.0,0,10,-0.38,0.0,0.512
5783,0.0,0.0,0.0,1000.0,0,10,-0.378,0.0,0.512
5784,0.0,0.0,0.0,1000.0,0,10,-0.376,0.0,0.512
5785,0.0,0.0,0.0,1000.0,0,10,-0.374,0.0,0.512
5786,0.0,0.0,0.0,1000.0,0,10,-0.372,0.0,0.512
5787,0.0,0.0,0.0,1000.0,0,10,-0.37,0.0,0.512
5788,0.0,0.0,0.0,1000.0,0,10,-0.368,0.0,0.512
5789,0.0,0.0,0.0,1000.0,0,10,-0.366,0.0,0.512
5790,0.0,0.0,0.0,1000.0,0,10,-0.364,0.0,0.512
5791,0.0,0.0,0.0,1000.0,0,10,-0.362,0.0,0.512
5792,0.0,0.0,0.0,1000.0,0,10,-0.36,0.0,0.512
5793,0.0,0.0,0.0,1000.0,0,10,-0.358,0.0,0.512
5794,0.0,0.0,0.0,1000.0,0,10,-0.356,0.0,0.512
5795,0.0,0.0,0.0,1000.0,0,10,-0.354,0.0,0.512
5796,0.0,0.0,0.0,1000.0,0,10,-0.35200000000000004,0.0,0.512
5797,0.0,0.0,0.0,1000.0,0,10,-0.35000000000000003,0.0,0.512
5798,0.0,0.0,0.0,1000.0,0,10,-0.34800000000000003,0.0,0.512
5799,0.0,0.0,0.0,1000.0,0,10,-0.34600000000000003,0.0,0.512
5800,0.0,0.0,0.0,1000.0,0,10,-0.34400000000000003,0.0,0.512
5801,0.0,0.0,0.0,1000.0,0,10,-0.342,0.0,0.512
5802,0.0,0.0,0.0,1000.0,0,10,-0.34,0.0,0.512
5803,0.0,0.0,0.0,1000.0,0,10,-0.338,0.0,0.512
5804,0.0,0.0,0.0,1000.0,0,10,-0.336,0.0,0.512
5805,0.0,0.0,0.0,1000.0,0,10,-0.334,0.0,0.512
5806,0.0,0.0,0.0,1000.0,0,10,-0.332,0.0,0.512
5807,0.0,0.0,0.0,1000.0,0,10,-0.33,0.0,0.512
5808,0.0,0.0,0.0,1000.0,0,10,-0.328,0.0,0.512
5809,0.0,0.0,0.0,1000.0,0,10,-0.326,0.0,0.512
5810,0.0,0.0,0.0,1000.0,0,10,-0.324,0.0,0.512
5811,0.0,0.0,0.0,1000.0,0,10,-0.322,0.0,0.512
5812,0.0,0.0,0.0,1000.0,0,10,-0.32,0.0,0.512
5813,0.0,0.0,0.0,1000.0,0,10,-0.318,0.0,0.512
5814,0.0,0.0,0.0,1000.0,0,10,-0.316,0.0,0.512
5815,0.0,0.0,0.0,1000.0,0,10,-0.314,0.0,0.512
5816,0.0,0.0,0.0,1000.0,0,10,-0.31200000000000006,0.0,0.512
5817,0.0,0.0,0.0,1000.0,0,10,-0.31000000000000005,0.0,0.512
5818,0.0,0.0,0.0,1000.0,0,10,-0.30800000000000005,0.0,0.512
5819,0.0,0.0,0.0,1000.0,0,10,-0.30600000000000005,0.0,0.512
5820,0.0,0.0,0.0,1000.0,0,10,-0.30400000000000005,0.0,0.512
5821,0.0,0.0,0.0,1000.0,0,10,-0.30200000000000005,0.0,0.512
5822,0.0,0.0,0.0,1000.0,0,10,-0.30000000000000004,0.0,0.512
5823,0.0,0.0,0.0,1000.0,0,10,-0.29800000000000004,0.0,0.512
5824,0.0,0.0,0.0,1000.0,0,10,-0.29600000000000004,0.0,0.512
5825,0.0,0.0,0.0,1000.0,0,10,-0.29400000000000004,0.0,0.512
5826,0.0,0.0,0.0,1000.0,0,10,-0.29200000000000004,0.0,0.512
5827,0.0,0.0,0.0,1000.0,0,10,-0.29000000000000004,0.0,0.512
5828,0.0,0.0,0.0,1000.0,0,10,-0.28800000000000003,0.0,0.512
5829,0.0,0.0,0.0,1000.0,0,10,-0.28600000000000003,0.0,0.512
5830,0.0,0.0,0.0,1000.0,0,10,-0.28400000000000003,0.0,0.512
5831,0.0,0.0,0.0,1000.0,0,10,-0.28200000000000003,0.0,0.512
5832,0.0,0.0,0.0,1000.0,0,10,-0.28,0.0,0.512
5833,0.0,0.0,0.0,1000.0,0,10,-0.278,0.0,0.512
5834,0.0,0.0,0.0,1000.0,0,10,-0.276,0.0,0.512
5835,0.0,0.0,0.0,1000.0,0,10,-0.274,0.0,0.512
5836,0.0,0.0,0.0,1000.0,0,10,-0.272,0.0,0.512
5837,0.0,0.0,0.0,1000.0,0,10,-0.27,0.0,0.512
5838,0.0,0.0,0.0,1000.0,0,10,-0.268,0.0,0.512
5839,0.0,0.0,0.0,1000.0,0,10,-0.266,0.0,0.512
5840,0.0,0.0,0.0,1000.0,0,10,-0.264,0.0,0.512
5841,0.0,0.0,0.0,1000.0,0,10,-0.262,0.0,0.512
5842,0.0,0.0,0.0,1000.0,0,10,-0.26,0.0,0.512
5843,0.0,0.0,0.0,1000.0,0,10,-0.258,0.0,0.512
5844,0.0,0.0,0.0,1000.0,0,10,-0.256,0.0,0.512
5845,0.0,0.0,0.0,1000.0,0,10,-0.254,0.0,0.512
5846,0.0,0.0,0.0,1000.0,0,10,-0.252,0.0,0.512
5847,0.0,0.0,0.0,1000.0,0,10,-0.25,0.0,0.512
5848,0.0,0.0,0.0,1000.0,0,10,-0.24800000000000003,0.0,0.512
5849,0.0,0.0,0.0,1000.0,0,10,-0.24600000000000002,0.0,0.512
5850,0.0,0.0,0.0,1000.0,0,10,-0.24400000000000002,0.0,0.512
5851,0.0,0.0,0.0,1000.0,0,10,-0.24200000000000002,0.0,0.512
5852,0.0,0.0,0.0,1000.0,0,10,-0.24000000000000002,0.0,0.512
5853,0.0,0.0,0.0,1000.0,0,10,-0.23800000000000002,0.0,0.512
5854,0.0,0.0,0.0,1000.0,0,10,-0.23600000000000002,0.0,0.512
5855,0.0,0.0,0.0,1000.0,0,10,-0.234,0.0,0.512
5856,0.0,0.0,0.0,1000.0,0,10,-0.232,0.0,0.512
5857,0.0,0.0,0.0,1000.0,0,10,-0.23,0.0,0.512
5858,0.0,0.0,0.0,1000.0,0,10,-0.228,0.0,0.512
5859,0.0,0.0,0.0,1000.0,0,10,-0.226,0.0,0.512
5860,0.0,0.0,0.0,1000.0,0,10,-0.224,0.0,0.512
5861,0.0,0.0,0.0,1000.0,0,10,-0.222,0.0,0.512
5862,0.0,0.0,0.0,1000.0,0,10,-0.22,0.0,0.512
5863,0.0,0.0,0.0,1000.0,0,10,-0.21800000000000003,0.0,0.512
5864,0.0,0.0,0.0,1000.0,0,10,-0.21600000000000003,0.0,0.512
5865,0.0,0.0,0.0,1000.0,0,10,-0.21400000000000002,0.0,0.512
5866,0.0,0.0,0.0,1000.0,0,10,-0.21200000000000002,0.0,0.512
5867,0.0,0.0,0.0,1000.0,0,10,-0.21000000000000002,0.0,0.512
5868,0.0,0.0,0.0,1000.0,0,10,-0.20800000000000002,0.0,0.512
5869,0.0,0.0,0.0,1000.0,0,10,-0.20600000000000002,0.0,0.512
5870,0.0,0.0,0.0,1000.0,0,10,-0.20400000000000001,0.0,0.512
5871,0.0,0.0,0.0,1000.0,0,10,-0.202,0.0,0.512
5872,0.0,0.0,0.0,1000.0,0,10,-0.2,0.0,0.512
5873,0.0,0.0,0.0,1000.0,0,10,-0.198,0.0,0.512
5874,0.0,0.0,0.0,1000.0,0,10,-0.196,0.0,0.512
5875,0.0,0.0,0.0,1000.0,0,10,-0.194,0.0,0.512
5876,0.0,0.0,0.0,1000.0,0,10,-0.192,0.0,0.512
5877,0.0,0.0,0.0,1000.0,0,10,-0.19,0.0,0.512
5878,0.0,0.0,0.0,1000.0,0,10,-0.188,0.0,0.512
5879,0.0,0.0,0.0,1000.0,0,10,-0.186,0.0,0.512
5880,0.0,0.0,0.0,1000.0,0,10,-0.184,0.0,0.512
5881,0.0,0.0,0.0,1000.0,0,10,-0.182,0.0,0.512
5882,0.0,0.0,0.0,1000.0,0,10,-0.18,0.0,0.512
5883,0.0,0.0,0.0,1000.0,0,10,-0.178,0.0,0.512
5884,0.0,0.0,0.0,1000.0,0,10,-0.176,0.0,0.512
5885,0.0,0.0,0.0,1000.0,0,10,-0.174,0.0,0.512
5886,0.0,0.0,0.0,1000.0,0,10,-0.172,0.0,0.512
5887,0.0,0.0,0.0,1000.0,0,10,-0.16999999999999998,0.0,0.512
5888,0.0,0.0,0.0,1000.0,0,10,-0.16800000000000004,0.0,0.512
5889,0.0,0.0,0.0,1000.0,0,10,-0.16600000000000004,0.0,0.512
5890,0.0,0.0,0.0,1000.0,0,10,-0.16400000000000003,0.0,0.512
5891,0.0,0.0,0.0,1000.0,0,10,-0.16200000000000003,0.0,0.512
5892,0.0,0.0,0.0,1000.0,0,10,-0.16000000000000003,0.0,0.512
5893,0.0,0.0,0.0,1000.0,0,10,-0.15800000000000003,0.0,0.512
5894,0.0,0.0,0.0,1000.0,0,10,-0.15600000000000003,0.0,0.512
5895,0.0,0.0,0.0,1000.0,0,10,-0.15400000000000003,0.0,0.512
5896,0.0,0.0,0.0,1000.0,0,10,-0.15200000000000002,0.0,0.512
5897,0.0,0.0,0.0,1000.0,0,10,-0.15000000000000002,0.0,0.512
5898,0.0,0.0,0.0,1000.0,0,10,-0.14800000000000002,0.0,0.512
5899,0.0,0.0,0.0,1000.0,0,10,-0.14600000000000002,0.0,0.512
5900,0.0,0.0,0.0,1000.0,0,10,-0.14400000000000002,0.0,0.512
5901,0.0,0.0,0.0,1000.0,0,10,-0.14200000000000002,0.0,0.512
5902,0.0,0.0,0.0,1000.0,0,10,-0.14,0.0,0.512
5903,0.0,0.0,0.0,1000.0,0,10,-0.138,0.0,0.512
5904,0.0,0.0,0.0,1000.0,0,10,-0.136,0.0,0.512
5905,0.0,0.0,0.0,1000.0,0,10,-0.134,0.0,0.512
5906,0.0,0.0,0.0,1000.0,0,10,-0.132,0.0,0.512
5907,0.0,0.0,0.0,1000.0,0,10,-0.13,0.0,0.512
5908,0.0,0.0,0.0,1000.0,0,10,-0.128,0.0,0.512
5909,0.0,0.0,0.0,1000.0,0,10,-0.126,0.0,0.512
5910,0.0,0.0,0.0,1000.0,0,10,-0.124,0.0,0.512
5911,0.0,0.0,0.0,1000.0,0,10,-0.122,0.0,0.512
5912,0.0,0.0,0.0,1000.0,0,10,-0.12,0.0,0.512
5913,0.0,0.0,0.0,1000.0,0,10,-0.118,0.0,0.512
5914,0.0,0.0,0.0,1000.0,0,10,-0.11599999999999999,0.0,0.512
5915,0.0,0.0,0.0,1000.0,0,10,-0.11399999999999999,0.0,0.512
5916,0.0,0.0,0.0,1000.0,0,10,-0.11199999999999999,0.0,0.512
5917,0.0,0.0,0.0,1000.0,0,10,-0.10999999999999999,0.0,0.512
5918,0.0,0.0,0.0,1000.0,0,10,-0.10799999999999998,0.0,0.512
5919,0.0,0.0,0.0,1000.0,0,10,-0.10600000000000004,0.0,0.512
5920,0.0,0.0,0.0,1000.0,0,10,-0.10400000000000004,0.0,0.512
5921,0.0,0.0,0.0,1000.0,0,10,-0.10200000000000004,0.0,0.512
5922,0.0,0.0,0.0,1000.0,0,10,-0.10000000000000003,0.0,0.512
5923,0.0,0.0,0.0,1000.0,0,10,-0.09800000000000003,0.0,0.512
5924,0.0,0.0,0.0,1000.0,0,10,-0.09600000000000003,0.0,0.512
5925,0.0,0.0,0.0,1000.0,0,10,-0.09400000000000003,0.0,0.512
5926,0.0,0.0,0.0,1000.0,0,10,-0.09200000000000003,0.0,0.512
5927,0.0,0.0,0.0,1000.0,0,10,-0.09000000000000002,0.0,0.512
5928,0.0,0.0,0.0,1000.0,0,10,-0.08800000000000002,0.0,0.512
5929,0.0,0.0,0.0,1000.0,0,10,-0.08600000000000002,0.0,0.512
5930,0.0,0.0,0.0,1000.0,0,10,-0.08400000000000002,0.0,0.512
5931,0.0,0.0,0.0,1000.0,0,10,-0.08200000000000002,0.0,0.512
5932,0.0,0.0,0.0,1000.0,0,10,-0.08000000000000002,0.0,0.512
5933,0.0,0.0,0.0,1000.0,0,10,-0.07800000000000001,0.0,0.512
5934,0.0,0.0,0.0,1000.0,0,10,-0.07600000000000001,0.0,0.512
5935,0.0,0.0,0.0,1000.0,0,10,-0.07400000000000001,0.0,0.512
5936,0.0,0.0,0.0,1000.0,0,10,-0.07200000000000001,0.0,0.512
5937,0.0,0.0,0.0,1000.0,0,10,-0.07,0.0,0.512
5938,0.0,0.0,0.0,1000.0,0,10,-0.068,0.0,0.512
5939,0.0,0.0,0.0,1000.0,0,10,-0.066,0.0,0.512
5940,0.0,0.0,0.0,1000.0,0,10,-0.064,0.0,0.512
5941,0.0,0.0,0.0,1000.0,0,10,-0.062,0.0,0.512
5942,0.0,0.0,0.0,1000.0,0,10,-0.06,0.0,0.512
5943,0.0,0.0,0.0,1000.0,0,10,-0.057999999999999996,0.0,0.512
5944,0.0,0.0,0.0,1000.0,0,10,-0.055999999999999994,0.0,0.512
5945,0.0,0.0,0.0,1000.0,0,10,-0.05399999999999999,0.0,0.512
5946,0.0,0.0,0.0,1000.0,0,10,-0.05199999999999999,0.0,0.512
5947,0.0,0.0,0.0,1000.0,0,10,-0.04999999999999999,0.0,0.512
5948,0.0,0.0,0.0,1000.0,0,10,-0.04799999999999999,0.0,0.512
5949,0.0,0.0,0.0,1000.0,0,10,-0.045999999999999985,0.0,0.512
5950,0.0,0.0,0.0,1000.0,0,10,-0.043999999999999984,0.0,0.512
5951,0.0,0.0,0.0,1000.0,0,10,-0.04199999999999998,0.0,0.512
5952,0.0,0.0,0.0,1000.0,0,10,-0.040000000000000036,0.0,0.512
5953,0.0,0.0,0.0,1000.0,0,10,-0.038000000000000034,0.0,0.512
5954,0.0,0.0,0.0,1000.0,0,10,-0.03600000000000003,0.0,0.512
5955,0.0,0.0,0.0,1000.0,0,10,-0.03400000000000003,0.0,0.512
5956,0.0,0.0,0.0,1000.0,0,10,-0.03200000000000003,0.0,0.512
5957,0.0,0.0,0.0,1000.0,0,10,-0.030000000000000027,0.0,0.512
5958,0.0,0.0,0.0,1000.0,0,10,-0.028000000000000025,0.0,0.512
5959,0.0,0.0,0.0,1000.0,0,10,-0.026000000000000023,0.0,0.512
5960,0.0,0.0,0.0,1000.0,0,10,-0.02400000000000002,0.0,0.512
5961,0.0,0.0,0.0,1000.0,0,10,-0.02200000000000002,0.0,0.512
5962,0.0,0.0,0.0,1000.0,0,10,-0.020000000000000018,0.0,0.512
5963,0.0,0.0,0.0,1000.0,0,10,-0.018000000000000016,0.0,0.512
5964,0.0,0.0,0.0,1000.0,0,10,-0.016000000000000014,0.0,0.512
5965,0.0,0.0,0.0,1000.0,0,10,-0.014000000000000012,0.0,0.512
5966,0.0,0.0,0.0,1000.0,0,10,-0.01200000000000001,0.0,0.512
5967,0.0,0.0,0.0,1000.0,0,10,-0.010000000000000009,0.0,0.512
5968,0.0,0.0,0.0,1000.0,0,10,-0.008000000000000007,0.0,0.512
5969,0.0,0.0,0.0,1000.0,0,10,-0.006000000000000005,0.0,0.512
5970,0.0,0.0,0.0,1000.0,0,10,-0.0040000000000000036,0.0,0.512
5971,0.0,0.0,0.0,1000.0,0,10,-0.0020000000000000018,0.0,0.512
5972,0.0,0.0,0.0,1000.0,0,10,0.0,0.0,0.512
5973,0.0,0.0,0.0,1000.0,0,10,0.0020000000000000018,0.0,0.512
5974,0.0,0.0,0.0,1000.0,0,10,0.0040000000000000036,0.0,0.512
5975,0.0,0.0,0.0,1000.0,0,10,0.006000000000000005,0.0,0.512
5976,0.0,0.0,0.0,1000.0,0,10,0.008000000000000007,0.0,0.512
5977,0.0,0.0,0.0,1000.0,0,10,0.010000000000000009,0.0,0.512
5978,0.0,0.0,0.0,1000.0,0,10,0.01200000000000001,0.0,0.512
5979,0.0,0.0,0.0,1000.0,0,10,0.014000000000000012,0.0,0.512
5980,0.0,0.0,0.0,1000.0,0,10,0.016000000000000014,0.0,0.512
5981,0.0,0.0,0.0,1000.0,0,10,0.018000000000000016,0.0,0.512
5982,0.0,0.0,0.0,1000.0,0,10,0.020000000000000018,0.0,0.512
5983,0.0,0.0,0.0,1000.0,0,10,0.021999999999999964,0.0,0.512
5984,0.0,0.0,0.0,1000.0,0,10,0.023999999999999966,0.0,0.512
5985,0.0,0.0,0.0,1000.0,0,10,0.025999999999999968,0.0,0.512
5986,0.0,0.0,0.0,1000.0,0,10,0.02799999999999997,0.0,0.512
5987,0.0,0.0,0.0,1000.0,0,10,0.02999999999999997,0.0,0.512
5988,0.0,0.0,0.0,1000.0,0,10,0.03199999999999997,0.0,0.512
5989,0.0,0.0,0.0,1000.0,0,10,0.033999999999999975,0.0,0.512
5990,0.0,0.0,0.0,1000.0,0,10,0.035999999999999976,0.0,0.512
5991,0.0,0.0,0.0,1000.0,0,10,0.03799999999999998,0.0,0.512
5992,0.0,0.0,0.0,1000.0,0,10,0.03999999999999998,0.0,0.512
5993,0.0,0.0,0.0,1000.0,0,10,0.04199999999999998,0.0,0.512
5994,0.0,0.0,0.0,1000.0,0,10,0.043999999999999984,0.0,0.512
5995,0.0,0.0,0.0,1000.0,0,10,0.045999999999999985,0.0,0.512
5996,0.0,0.0,0.0,1000.0,0,10,0.04799999999999999,0.0,0.512
5997,0.0,0.0,0.0,1000.0,0,10,0.04999999999999999,0.0,0.512
5998,0.0,0.0,0.0,1000.0,0,10,0.05199999999999999,0.0,0.512
5999,0.0,0.0,0.0,1000.0,0,10,0.05399999999999999,0.0,0.512
6000,0.0,0.0,0.0,1000.0,0,10,0.055999999999999994,0.0,0.512
6001,0.0,0.0,0.0,1000.0,0,10,0.057999999999999996,0.0,0.512
6002,0.0,0.0,0.0,1000.0,0,10,0.06,0.0,0.512
6003,0.0,0.0,0.0,1000.0,0,10,0.062,0.0,0.512
6004,0.0,0.0,0.0,1000.0,0,10,0.064,0.0,0.512
6005,0.0,0.0,0.0,1000.0,0,10,0.066,0.0,0.512
6006,0.0,0.0,0.0,1000.0,0,10,0.068,0.0,0.512
6007,0.0,0.0,0.0,1000.0,0,10,0.07,0.0,0.512
6008,0.0,0.0,0.0,1000.0,0,10,0.07200000000000001,0.0,0.512
6009,0.0,0.0,0.0,1000.0,0,10,0.07400000000000001,0.0,0.512
6010,0.0,0.0,0.0,1000.0,0,10,0.07600000000000001,0.0,0.512
6011,0.0,0.0,0.0,1000.0,0,10,0.07800000000000001,0.0,0.512
6012,0.0,0.0,0.0,1000.0,0,10,0.08000000000000002,0.0,0.512
6013,0.0,0.0,0.0,1000.0,0,10,0.08200000000000002,0.0,0.512
6014,0.0,0.0,0.0,1000.0,0,10,0.08400000000000002,0.0,0.512
6015,0.0,0.0,0.0,1000.0,0,10,0.08600000000000002,0.0,0.512
6016,0.0,0.0,0.0,1000.0,0,10,0.08800000000000002,0.0,0.512
6017,0.0,0.0,0.0,1000.0,0,10,0.09000000000000002,0.0,0.512
6018,0.0,0.0,0.0,1000.0,0,10,0.09200000000000003,0.0,0.512
6019,0.0,0.0,0.0,1000.0,0,10,0.09400000000000003,0.0,0.512
6020,0.0,0.0,0.0,1000.0,0,10,0.09600000000000003,0.0,0.512
6021,0.0,0.0,0.0,1000.0,0,10,0.09800000000000003,0.0,0.512
6022,0.0,0.0,0.0,1000.0,0,10,0.10000000000000003,0.0,0.512
6023,0.0,0.0,0.0,1000.0,0,10,0.10200000000000004,0.0,0.512
6024,0.0,0.0,0.0,1000.0,0,10,0.10400000000000004,0.0,0.512
6025,0.0,0.0,0.0,1000.0,0,10,0.10600000000000004,0.0,0.512
6026,0.0,0.0,0.0,1000.0,0,10,0.10800000000000004,0.0,0.512
6027,0.0,0.0,0.0,1000.0,0,10,0.11000000000000004,0.0,0.512
6028,0.0,0.0,0.0,1000.0,0,10,0.11200000000000004,0.0,0.512
6029,0.0,0.0,0.0,1000.0,0,10,0.11400000000000005,0.0,0.512
6030,0.0,0.0,0.0,1000.0,0,10,0.11600000000000005,0.0,0.512
6031,0.0,0.0,0.0,1000.0,0,10,0.11800000000000005,0.0,0.512
6032,0.0,0.0,0.0,1000.0,0,10,0.11999999999999994,0.0,0.512
6033,0.0,0.0,0.0,1000.0,0,10,0.12199999999999994,0.0,0.512
6034,0.0,0.0,0.0,1000.0,0,10,0.12399999999999994,0.0,0.512
6035,0.0,0.0,0.0,1000.0,0,10,0.12599999999999995,0.0,0.512
6036,0.0,0.0,0.0,1000.0,0,10,0.12799999999999995,0.0,0.512
6037,0.0,0.0,0.0,1000.0,0,10,0.12999999999999995,0.0,0.512
6038,0.0,0.0,0.0,1000.0,0,10,0.13199999999999995,0.0,0.512
6039,0.0,0.0,0.0,1000.0,0,10,0.13399999999999995,0.0,0.512
6040,0.0,0.0,0.0,1000.0,0,10,0.13599999999999995,0.0,0.512
6041,0.0,0.0,0.0,1000.0,0,10,0.13799999999999996,0.0,0.512
6042,0.0,0.0,0.0,1000.0,0,10,0.13999999999999996,0.0,0.512
6043,0.0,0.0,0.0,1000.0,0,10,0.14199999999999996,0.0,0.512
6044,0.0,0.0,0.0,1000.0,0,10,0.14399999999999996,0.0,0.512
6045,0.0,0.0,0.0,1000.0,0,10,0.14599999999999996,0.0,0.512
6046,0.0,0.0,0.0,1000.0,0,10,0.14799999999999996,0.0,0.512
6047,0.0,0.0,0.0,1000.0,0,10,0.14999999999999997,0.0,0.512
6048,0.0,0.0,0.0,1000.0,0,10,0.15199999999999997,0.0,0.512
6049,0.0,0.0,0.0,1000.0,0,10,0.15399999999999997,0.0,0.512
6050,0.0,0.0,0.0,1000.0,0,10,0.15599999999999997,0.0,0.512
6051,0.0,0.0,0.0,1000.0,0,10,0.15799999999999997,0.0,0.512
6052,0.0,0.0,0.0,1000.0,0,10,0.15999999999999998,0.0,0.512
6053,0.0,0.0,0.0,1000.0,0,10,0.16199999999999998,0.0,0.512
6054,0.0,0.0,0.0,1000.0,0,10,0.16399999999999998,0.0,0.512
6055,0.0,0.0,0.0,1000.0,0,10,0.16599999999999998,0.0,0.512
6056,0.0,0.0,0.0,1000.0,0,10,0.16799999999999998,0.0,0.512
6057,0.0,0.0,0.0,1000.0,0,10,0.16999999999999998,0.0,0.512
6058,0.0,0.0,0.0,1000.0,0,10,0.172,0.0,0.512
6059,0.0,0.0,0.0,1000.0,0,10,0.174,0.0,0.512
6060,0.0,0.0,0.0,1000.0,0,10,0.176,0.0,0.512
6061,0.0,0.0,0.0,1000.0,0,10,0.178,0.0,0.512
6062,0.0,0.0,0.0,1000.0,0,10,0.18,0.0,0.512
6063,0.0,0.0,0.0,1000.0,0,10,0.182,0.0,0.512
6064,0.0,0.0,0.0,1000.0,0,10,0.184,0.0,0.512
6065,0.0,0.0,0.0,1000.0,0,10,0.186,0.0,0.512
6066,0.0,0.0,0.0,1000.0,0,10,0.188,0.0,0.512
6067,0.0,0.0,0.0,1000.0,0,10,0.19,0.0,0.512
6068,0.0,0.0,0.0,1000.0,0,10,0.192,0.0,0.512
6069,0.0,0.0,0.0,1000.0,0,10,0.194,0.0,0.512
6070,0.0,0.0,0.0,1000.0,0,10,0.196,0.0,0.512
6071,0.0,0.0,0.0,1000.0,0,10,0.198,0.0,0.512
6072,0.0,0.0,0.0,1000.0,0,10,0.2,0.0,0.512
6073,0.0,0.0,0.0,1000.0,0,10,0.202,0.0,0.512
6074,0.0,0.0,0.0,1000.0,0,10,0.20400000000000001,0.0,0.512
6075,0.0,0.0,0.0,1000.0,0,10,0.20600000000000002,0.0,0.512
6076,0.0,0.0,0.0,1000.0,0,10,0.20800000000000002,0.0,0.512
6077,0.0,0.0,0.0,1000.0,0,10,0.21000000000000002,0.0,0.512
6078,0.0,0.0,0.0,1000.0,0,10,0.21200000000000002,0.0,0.512
6079,0.0,0.0,0.0,1000.0,0,10,0.21400000000000002,0.0,0.512
6080,0.0,0.0,0.0,1000.0,0,10,0.21600000000000003,0.0,0.512
6081,0.0,0.0,0.0,1000.0,0,10,0.21800000000000003,0.0,0.512
6082,0.0,0.0,0.0,1000.0,0,10,0.22000000000000003,0.0,0.512
6083,0.0,0.0,0.0,1000.0,0,10,0.22200000000000003,0.0,0.512
6084,0.0,0.0,0.0,1000.0,0,10,0.22400000000000003,0.0,0.512
6085,0.0,0.0,0.0,1000.0,0,10,0.22600000000000003,0.0,0.512
6086,0.0,0.0,0.0,1000.0,0,10,0.22800000000000004,0.0,0.512
6087,0.0,0.0,0.0,1000.0,0,10,0.23000000000000004,0.0,0.512
6088,0.0,0.0,0.0,1000.0,0,10,0.23200000000000004,0.0,0.512
6089,0.0,0.0,0.0,1000.0,0,10,0.23400000000000004,0.0,0.512
6090,0.0,0.0,0.0,1000.0,0,10,0.23600000000000004,0.0,0.512
6091,0.0,0.0,0.0,1000.0,0,10,0.23800000000000004,0.0,0.512
6092,0.0,0.0,0.0,1000.0,0,10,0.24000000000000005,0.0,0.512
6093,0.0,0.0,0.0,1000.0,0,10,0.24200000000000005,0.0,0.512
6094,0.0,0.0,0.0,1000.0,0,10,0.24400000000000005,0.0,0.512
6095,0.0,0.0,0.0,1000.0,0,10,0.24599999999999994,0.0,0.512
6096,0.0,0.0,0.0,1000.0,0,10,0.24799999999999994,0.0,0.512
6097,0.0,0.0,0.0,1000.0,0,10,0.24999999999999994,0.0,0.512
6098,0.0,0.0,0.0,1000.0,0,10,0.25199999999999995,0.0,0.512
6099,0.0,0.0,0.0,1000.0,0,10,0.25399999999999995,0.0,0.512
6100,0.0,0.0,0.0,1000.0,0,10,0.25599999999999995,0.0,0.512
6101,0.0,0.0,0.0,1000.0,0,10,0.25799999999999995,0.0,0.512
6102,0.0,0.0,0.0,1000.0,0,10,0.25999999999999995,0.0,0.512
6103,0.0,0.0,0.0,1000.0,0,10,0.26199999999999996,0.0,0.512
6104,0.0,0.0,0.0,1000.0,0,10,0.26399999999999996,0.0,0.512
6105,0.0,0.0,0.0,1000.0,0,10,0.26599999999999996,0.0,0.512
6106,0.0,0.0,0.0,1000.0,0,10,0.26799999999999996,0.0,0.512
6107,0.0,0.0,0.0,1000.0,0,10,0.26999999999999996,0.0,0.512
6108,0.0,0.0,0.0,1000.0,0,10,0.27199999999999996,0.0,0.512
6109,0.0,0.0,0.0,1000.0,0,10,0.27399999999999997,0.0,0.512
6110,0.0,0.0,0.0,1000.0,0,10,0.27599999999999997,0.0,0.512
6111,0.0,0.0,0.0,1000.0,0,10,0.27799999999999997,0.0,0.512
6112,0.0,0.0,0.0,1000.0,0,10,0.27999999999999997,0.0,0.512
6113,0.0,0.0,0.0,1000.0,0,10,0.282,0.0,0.512
6114,0.0,0.0,0.0,1000.0,0,10,0.284,0.0,0.512
6115,0.0,0.0,0.0,1000.0,0,10,0.286,0.0,0.512
6116,0.0,0.0,0.0,1000.0,0,10,0.288,0.0,0.512
6117,0.0,0.0,0.0,1000.0,0,10,0.29,0.0,0.512
6118,0.0,0.0,0.0,1000.0,0,10,0.292,0.0,0.512
6119,0.0,0.0,0.0,1000.0,0,10,0.294,0.0,0.512
6120,0.0,0.0,0.0,1000.0,0,10,0.296,0.0,0.512
6121,0.0,0.0,0.0,1000.0,0,10,0.298,0.0,0.512
6122,0.0,0.0,0.0,1000.0,0,10,0.3,0.0,0.512
6123,0.0,0.0,0.0,1000.0,0,10,0.302,0.0,0.512
6124,0.0,0.0,0.0,1000.0,0,10,0.304,0.0,0.512
6125,0.0,0.0,0.0,1000.0,0,10,0.306,0.0,0.512
6126,0.0,0.0,0.0,1000.0,0,10,0.308,0.0,0.512
6127,0.0,0.0,0.0,1000.0,0,10,0.31,0.0,0.512
6128,0.0,0.0,0.0,1000.0,0,10,0.312,0.0,0.512
6129,0.0,0.0,0.0,1000.0,0,10,0.314,0.0,0.512
6130,0.0,0.0,0.0,1000.0,0,10,0.316,0.0,0.512
6131,0.0,0.0,0.0,1000.0,0,10,0.318,0.0,0.512
6132,0.0,0.0,0.0,1000.0,0,10,0.32,0.0,0.512
6133,0.0,0.0,0.0,1000.0,0,10,0.322,0.0,0.512
6134,0.0,0.0,0.0,1000.0,0,10,0.324,0.0,0.512
6135,0.0,0.0,0.0,1000.0,0,10,0.326,0.0,0.512
6136,0.0,0.0,0.0,1000.0,0,10,0.328,0.0,0.512
6137,0.0,0.0,0.0,1000.0,0,10,0.33,0.0,0.512
6138,0.0,0.0,0.0,1000.0,0,10,0.332,0.0,0.512
6139,0.0,0.0,0.0,1000.0,0,10,0.334,0.0,0.512
6140,0.0,0.0,0.0,1000.0,0,10,0.336,0.0,0.512
6141,0.0,0.0,0.0,1000.0,0,10,0.338,0.0,0.512
6142,0.0,0.0,0.0,1000.0,0,10,0.34,0.0,0.512
6143,0.0,0.0,0.0,1000.0,0,10,0.342,0.0,0.512
6144,0.0,0.0,0.0,1000.0,0,10,0.34400000000000003,0.0,0.512
6145,0.0,0.0,0.0,1000.0,0,10,0.34600000000000003,0.0,0.512
6146,0.0,0.0,0.0,1000.0,0,10,0.34800000000000003,0.0,0.512
6147,0.0,0.0,0.0,1000.0,0,10,0.35000000000000003,0.0,0.512
6148,0.0,0.0,0.0,1000.0,0,10,0.35200000000000004,0.0,0.512
6149,0.0,0.0,0.0,1000.0,0,10,0.35400000000000004,0.0,0.512
6150,0.0,0.0,0.0,1000.0,0,10,0.35600000000000004,0.0,0.512
6151,0.0,0.0,0.0,1000.0,0,10,0.35800000000000004,0.0,0.512
6152,0.0,0.0,0.0,1000.0,0,10,0.36000000000000004,0.0,0.512
6153,0.0,0.0,0.0,1000.0,0,10,0.36200000000000004,0.0,0.512
6154,0.0,0.0,0.0,1000.0,0,10,0.36400000000000005,0.0,0.512
6155,0.0,0.0,0.0,1000.0,0,10,0.36600000000000005,0.0,0.512
6156,0.0,0.0,0.0,1000.0,0,10,0.36800000000000005,0.0,0.512
6157,0.0,0.0,0.0,1000.0,0,10,0.37000000000000005,0.0,0.512
6158,0.0,0.0,0.0,1000.0,0,10,0.37200000000000005,0.0,0.512
6159,0.0,0.0,0.0,1000.0,0,10,0.37400000000000005,0.0,0.512
6160,0.0,0.0,0.0,1000.0,0,10,0.37599999999999995,0.0,0.512
6161,0.0,0.0,0.0,1000.0,0,10,0.37799999999999995,0.0,0.512
6162,0.0,0.0,0.0,1000.0,0,10,0.37999999999999995,0.0,0.512
6163,0.0,0.0,0.0,1000.0,0,10,0.38199999999999995,0.0,0.512
6164,0.0,0.0,0.0,1000.0,0,10,0.38399999999999995,0.0,0.512
6165,0.0,0.0,0.0,1000.0,0,10,0.38599999999999995,0.0,0.512
6166,0.0,0.0,0.0,1000.0,0,10,0.38799999999999996,0.0,0.512
6167,0.0,0.0,0.0,1000.0,0,10,0.38999999999999996,0.0,0.512
6168,0.0,0.0,0.0,1000.0,0,10,0.39199999999999996,0.0,0.512
6169,0.0,0.0,0.0,1000.0,0,10,0.39399999999999996,0.0,0.512
6170,0.0,0.0,0.0,1000.0,0,10,0.39599999999999996,0.0,0.512
6171,0.0,0.0,0.0,1000.0,0,10,0.39799999999999996,0.0,0.512
6172,0.0,0.0,0.0,1000.0,0,10,0.39999999999999997,0.0,0.512
6173,0.0,0.0,0.0,1000.0,0,10,0.40199999999999997,0.0,0.512
6174,0.0,0.0,0.0,1000.0,0,10,0.40399999999999997,0.0,0.512
6175,0.0,0.0,0.0,1000.0,0,10,0.40599999999999997,0.0,0.512
6176,0.0,0.0,0.0,1000.0,0,10,0.408,0.0,0.512
6177,0.0,0.0,0.0,1000.0,0,10,0.41,0.0,0.512
6178,0.0,0.0,0.0,1000.0,0,10,0.412,0.0,0.512
6179,0.0,0.0,0.0,1000.0,0,10,0.414,0.0,0.512
6180,0.0,0.0,0.0,1000.0,0,10,0.416,0.0,0.512
6181,0.0,0.0,0.0,1000.0,0,10,0.418,0.0,0.512
6182,0.0,0.0,0.0,1000.0,0,10,0.42,0.0,0.512
6183,0.0,0.0,0.0,1000.0,0,10,0.422,0.0,0.512
6184,0.0,0.0,0.0,1000.0,0,10,0.424,0.0,0.512
6185,0.0,0.0,0.0,1000.0,0,10,0.426,0.0,0.512
6186,0.0,0.0,0.0,1000.0,0,10,0.428,0.0,0.512
6187,0.0,0.0,0.0,1000.0,0,10,0.43,0.0,0.512
6188,0.0,0.0,0.0,1000.0,0,10,0.432,0.0,0.512
6189,0.0,0.0,0.0,1000.0,0,10,0.434,0.0,0.512
6190,0.0,0.0,0.0,1000.0,0,10,0.436,0.0,0.512
6191,0.0,0.0,0.0,1000.0,0,10,0.438,0.0,0.512
6192,0.0,0.0,0.0,1000.0,0,10,0.44,0.0,0.512
6193,0.0,0.0,0.0,1000.0,0,10,0.442,0.0,0.512
6194,0.0,0.0,0.0,1000.0,0,10,0.444,0.0,0.512
6195,0.0,0.0,0.0,1000.0,0,10,0.446,0.0,0.512
6196,0.0,0.0,0.0,1000.0,0,10,0.448,0.0,0.512
6197,0.0,0.0,0.0,1000.0,0,10,0.45,0.0,0.512
6198,0.0,0.0,0.0,1000.0,0,10,0.452,0.0,0.512
6199,0.0,0.0,0.0,1000.0,0,10,0.454,0.0,0.512
6200,0.0,0.0,0.0,1000.0,0,10,0.456,0.0,0.512
6201,0.0,0.0,0.0,1000.0,0,10,0.458,0.0,0.512
6202,0.0,0.0,0.0,1000.0,0,10,-0.458,0.0,0.514
6203,0.0,0.0,0.0,1000.0,0,10,-0.456,0.0,0.514
6204,0.0,0.0,0.0,1000.0,0,10,-0.454,0.0,0.514
6205,0.0,0.0,0.0,1000.0,0,10,-0.452,0.0,0.514
6206,0.0,0.0,0.0,1000.0,0,10,-0.45,0.0,0.514
6207,0.0,0.0,0.0,1000.0,0,10,-0.448,0.0,0.514
6208,0.0,0.0,0.0,1000.0,0,10,-0.446,0.0,0.514
6209,0.0,0.0,0.0,1000.0,0,10,-0.444,0.0,0.514
6210,0.0,0.0,0.0,1000.0,0,10,-0.442,0.0,0.514
6211,0.0,0.0,0.0,1000.0,0,10,-0.44,0.0,0.514
6212,0.0,0.0,0.0,1000.0,0,10,-0.438,0.0,0.514
6213,0.0,0.0,0.0,1000.0,0,10,-0.436,0.0,0.514
6214,0.0,0.0,0.0,1000.0,0,10,-0.434,0.0,0.514
6215,0.0,0.0,0.0,1000.0,0,10,-0.432,0.0,0.514
6216,0.0,0.0,0.0,1000.0,0,10,-0.43,0.0,0.514
6217,0.0,0.0,0.0,1000.0,0,10,-0.42800000000000005,0.0,0.514
6218,0.0,0.0,0.0,1000.0,0,10,-0.42600000000000005,0.0,0.514
6219,0.0,0.0,0.0,1000.0,0,10,-0.42400000000000004,0.0,0.514
6220,0.0,0.0,0.0,1000.0,0,10,-0.42200000000000004,0.0,0.514
6221,0.0,0.0,0.0,1000.0,0,10,-0.42000000000000004,0.0,0.514
6222,0.0,0.0,0.0,1000.0,0,10,-0.41800000000000004,0.0,0.514
6223,0.0,0.0,0.0,1000.0,0,10,-0.41600000000000004,0.0,0.514
6224,0.0,0.0,0.0,1000.0,0,10,-0.41400000000000003,0.0,0.514
6225,0.0,0.0,0.0,1000.0,0,10,-0.41200000000000003,0.0,0.514
6226,0.0,0.0,0.0,1000.0,0,10,-0.41000000000000003,0.0,0.514
6227,0.0,0.0,0.0,1000.0,0,10,-0.40800000000000003,0.0,0.514
6228,0.0,0.0,0.0,1000.0,0,10,-0.406,0.0,0.514
6229,0.0,0.0,0.0,1000.0,0,10,-0.404,0.0,0.514
6230,0.0,0.0,0.0,1000.0,0,10,-0.402,0.0,0.514
6231,0.0,0.0,0.0,1000.0,0,10,-0.4,0.0,0.514
6232,0.0,0.0,0.0,1000.0,0,10,-0.398,0.0,0.514
6233,0.0,0.0,0.0,1000.0,0,10,-0.396,0.0,0.514
6234,0.0,0.0,0.0,1000.0,0,10,-0.394,0.0,0.514
6235,0.0,0.0,0.0,1000.0,0,10,-0.392,0.0,0.514
6236,0.0,0.0,0.0,1000.0,0,10,-0.39,0.0,0.514
6237,0.0,0.0,0.0,1000.0,0,10,-0.388,0.0,0.514
6238,0.0,0.0,0.0,1000.0,0,10,-0.386,0.0,0.514
6239,0.0,0.0,0.0,1000.0,0,10,-0.384,0.0,0.514
6240,0.0,0.0,0.0,1000.0,0,10,-0.382,0.0,0.514
6241,0.0,0.0,0.0,1000.0,0,10,-0.38,0.0,0.514
6242,0.0,0.0,0.0,1000.0,0,10,-0.378,0.0,0.514
6243,0.0,0.0,0.0,1000.0,0,10,-0.376,0.0,0.514
6244,0.0,0.0,0.0,1000.0,0,10,-0.374,0.0,0.514
6245,0.0,0.0,0.0,1000.0,0,10,-0.372,0.0,0.514
6246,0.0,0.0,0.0,1000.0,0,10,-0.37,0.0,0.514
6247,0.0,0.0,0.0,1000.0,0,10,-0.368,0.0,0.514
6248,0.0,0.0,0.0,1000.0,0,10,-0.366,0.0,0.514
6249,0.0,0.0,0.0,1000.0,0,10,-0.364,0.0,0.514
6250,0.0,0.0,0.0,1000.0,0,10,-0.362,0.0,0.514
6251,0.0,0.0,0.0,1000.0,0,10,-0.36,0.0,0.514
6252,0.0,0.0,0.0,1000.0,0,10,-0.358,0.0,0.514
6253,0.0,0.0,0.0,1000.0,0,10,-0.356,0.0,0.514
6254,0.0,0.0,0.0,1000.0,0,10,-0.354,0.0,0.514
6255,0.0,0.0,0.0,1000.0,0,10,-0.35200000000000004,0.0,0.514
6256,0.0,0.0,0.0,1000.0,0,10,-0.35000000000000003,0.0,0.514
6257,0.0,0.0,0.0,1000.0,0,10,-0.34800000000000003,0.0,0.514
6258,0.0,0.0,0.0,1000.0,0,10,-0.34600000000000003,0.0,0.514
6259,0.0,0.0,0.0,1000.0,0,10,-0.34400000000000003,0.0,0.514
6260,0.0,0.0,0.0,1000.0,0,10,-0.342,0.0,0.514
6261,0.0,0.0,0.0,1000.0,0,10,-0.34,0.0,0.514
6262,0.0,0.0,0.0,1000.0,0,10,-0.338,0.0,0.514
6263,0.0,0.0,0.0,1000.0,0,10,-0.336,0.0,0.514
6264,0.0,0.0,0.0,1000.0,0,10,-0.334,0.0,0.514
6265,0.0,0.0,0.0,1000.0,0,10,-0.332,0.0,0.514
6266,0.0,0.0,0.0,1000.0,0,10,-0.33,0.0,0.514
6267,0.0,0.0,0.0,1000.0,0,10,-0.328,0.0,0.514
6268,0.0,0.0,0.0,1000.0,0,10,-0.326,0.0,0.514
6269,0.0,0.0,0.0,1000.0,0,10,-0.324,0.0,0.514
6270,0.0,0.0,0.0,1000.0,0,10,-0.322,0.0,0.514
6271,0.0,0.0,0.0,1000.0,0,10,-0.32,0.0,0.514
6272,0.0,0.0,0.0,1000.0,0,10,-0.318,0.0,0.514
6273,0.0,0.0,0.0,1000.0,0,10,-0.316,0.0,0.514
6274,0.0,0.0,0.0,1000.0,0,10,-0.314,0.0,0.514
6275,0.0,0.0,0.0,1000.0,0,10,-0.31200000000000006,0.0,0.514
6276,0.0,0.0,0.0,1000.0,0,10,-0.31000000000000005,0.0,0.514
6277,0.0,0.0,0.0,1000.0,0,10,-0.30800000000000005,0.0,0.514
6278,0.0,0.0,0.0,1000.0,0,10,-0.30600000000000005,0.0,0.514
6279,0.0,0.0,0.0,1000.0,0,10,-0.30400000000000005,0.0,0.514
6280,0.0,0.0,0.0,1000.0,0,10,-0.30200000000000005,0.0,0.514
6281,0.0,0.0,0.0,1000.0,0,10,-0.30000000000000004,0.0,0.514
6282,0.0,0.0,0.0,1000.0,0,10,-0.29800000000000004,0.0,0.514
6283,0.0,0.0,0.0,1000.0,0,10,-0.29600000000000004,0.0,0.514
6284,0.0,0.0,0.0,1000.0,0,10,-0.29400000000000004,0.0,0.514
6285,0.0,0.0,0.0,1000.0,0,10,-0.29200000000000004,0.0,0.514
6286,0.0,0.0,0.0,1000.0,0,10,-0.29000000000000004,0.0,0.514
6287,0.0,0.0,0.0,1000.0,0,10,-0.28800000000000003,0.0,0.514
6288,0.0,0.0,0.0,1000.0,0,10,-0.28600000000000003,0.0,0.514
6289,0.0,0.0,0.0,1000.0,0,10,-0.28400000000000003,0.0,0.514
6290,0.0,0.0,0.0,1000.0,0,10,-0.28200000000000003,0.0,0.514
6291,0.0,0.0,0.0,1000.0,0,10,-0.28,0.0,0.514
6292,0.0,0.0,0.0,1000.0,0,10,-0.278,0.0,0.514
6293,0.0,0.0,0.0,1000.0,0,10,-0.276,0.0,0.514
6294,0.0,0.0,0.0,1000.0,0,10,-0.274,0.0,0.514
6295,0.0,0.0,0.0,1000.0,0,10,-0.272,0.0,0.514
6296,0.0,0.0,0.0,1000.0,0,10,-0.27,0.0,0.514
6297,0.0,0.0,0.0,1000.0,0,10,-0.268,0.0,0.514
6298,0.0,0.0,0.0,1000.0,0,10,-0.266,0.0,0.514
6299,0.0,0.0,0.0,1000.0,0,10,-0.264,0.0,0.514
6300,0.0,0.0,0.0,1000.0,0,10,-0.262,0.0,0.514
6301,0.0,0.0,0.0,1000.0,0,10,-0.26,0.0,0.514
6302,0.0,0.0,0.0,1000.0,0,10,-0.258,0.0,0.514
6303,0.0,0.0,0.0,1000.0,0,10,-0.256,0.0,0.514
6304,0.0,0.0,0.0,1000.0,0,10,-0.254,0.0,0.514
6305,0.0,0.0,0.0,1000.0,0,10,-0.252,0.0,0.514
6306,0.0,0.0,0.0,1000.0,0,10,-0.25,0.0,0.514
6307,0.0,0.0,0.0,1000.0,0,10,-0.24800000000000003,0.0,0.514
6308,0.0,0.0,0.0,1000.0,0,10,-0.24600000000000002,0.0,0.514
6309,0.0,0.0,0.0,1000.0,0,10,-0.24400000000000002,0.0,0.514
6310,0.0,0.0,0.0,1000.0,0,10,-0.24200000000000002,0.0,0.514
6311,0.0,0.0,0.0,1000.0,0,10,-0.24000000000000002,0.0,0.514
6312,0.0,0.0,0.0,1000.0,0,10,-0.23800000000000002,0.0,0.514
6313,0.0,0.0,0.0,1000.0,0,10,-0.23600000000000002,0.0,0.514
6314,0.0,0.0,0.0,1000.0,0,10,-0.234,0.0,0.514
6315,0.0,0.0,0.0,1000.0,0,10,-0.232,0.0,0.514
6316,0.0,0.0,0.0,1000.0,0,10,-0.23,0.0,0.514
6317,0.0,0.0,0.0,1000.0,0,10,-0.228,0.0,0.514
6318,0.0,0.0,0.0,1000.0,0,10,-0.226,0.0,0.514
6319,0.0,0.0,0.0,1000.0,0,10,-0.224,0.0,0.514
6320,0.0,0.0,0.0,1000.0,0,10,-0.222,0.0,0.514
6321,0.0,0.0,0.0,1000.0,0,10,-0.22,0.0,0.514
6322,0.0,0.0,0.0,1000.0,0,10,-0.21800000000000003,0.0,0.514
6323,0.0,0.0,0.0,1000.0,0,10,-0.21600000000000003,0.0,0.514
6324,0.0,0.0,0.0,1000.0,0,10,-0.21400000000000002,0.0,0.514
6325,0.0,0.0,0.0,1000.0,0,10,-0.21200000000000002,0.0,0.514
6326,0.0,0.0,0.0,1000.0,0,10,-0.21000000000000002,0.0,0.514
6327,0.0,0.0,0.0,1000.0,0,10,-0.20800000000000002,0.0,0.514
6328,0.0,0.0,0.0,1000.0,0,10,-0.20600000000000002,0.0,0.514
6329,0.0,0.0,0.0,1000.0,0,10,-0.20400000000000001,0.0,0.514
6330,0.0,0.0,0.0,1000.0,0,10,-0.202,0.0,0.514
6331,0.0,0.0,0.0,1000.0,0,10,-0.2,0.0,0.514
6332,0.0,0.0,0.0,1000.0,0,10,-0.198,0.0,0.514
6333,0.0,0.0,0.0,1000.0,0,10,-0.196,0.0,0.514
6334,0.0,0.0,0.0,1000.0,0,10,-0.194,0.0,0.514
6335,0.0,0.0,0.0,1000.0,0,10,-0.192,0.0,0.514
6336,0.0,0.0,0.0,1000.0,0,10,-0.19,0.0,0.514
6337,0.0,0.0,0.0,1000.0,0,10,-0.188,0.0,0.514
6338,0.0,0.0,0.0,1000.0,0,10,-0.186,0.0,0.514
6339,0.0,0.0,0.0,1000.0,0,10,-0.184,0.0,0.514
6340,0.0,0.0,0.0,1000.0,0,10,-0.182,0.0,0.514
6341,0.0,0.0,0.0,1000.0,0,10,-0.18,0.0,0.514
6342,0.0,0.0,0.0,1000.0,0,10,-0.178,0.0,0.514
6343,0.0,0.0,0.0,1000.0,0,10,-0.176,0.0,0.514
6344,0.0,0.0,0.0,1000.0,0,10,-0.174,0.0,0.514
6345,0.0,0.0,0.0,1000.0,0,10,-0.172,0.0,0.514
6346,0.0,0.0,0.0,1000.0,0,10,-0.16999999999999998,0.0,0.514
6347,0.0,0.0,0.0,1000.0,0,10,-0.16800000000000004,0.0,0.514
6348,0.0,0.0,0.0,1000.0,0,10,-0.16600000000000004,0.0,0.514
6349,0.0,0.0,0.0,1000.0,0,10,-0.16400000000000003,0.0,0.514
6350,0.0,0.0,0.0,1000.0,0,10,-0.16200000000000003,0.0,0.514
6351,0.0,0.0,0.0,1000.0,0,10,-0.16000000000000003,0.0,0.514
6352,0.0,0.0,0.0,1000.0,0,10,-0.15800000000000003,0.0,0.514
6353,0.0,0.0,0.0,1000.0,0,10,-0.15600000000000003,0.0,0.514
6354,0.0,0.0,0.0,1000.0,0,10,-0.15400000000000003,0.0,0.514
6355,0.0,0.0,0.0,1000.0,0,10,-0.15200000000000002,0.0,0.514
6356,0.0,0.0,0.0,1000.0,0,10,-0.15000000000000002,0.0,0.514
6357,0.0,0.0,0.0,1000.0,0,10,-0.14800000000000002,0.0,0.514
6358,0.0,0.0,0.0,1000.0,0,10,-0.14600000000000002,0.0,0.514
6359,0.0,0.0,0.0,1000.0,0,10,-0.14400000000000002,0.0,0.514
6360,0.0,0.0,0.0,1000.0,0,10,-0.14200000000000002,0.0,0.514
6361,0.0,0.0,0.0,1000.0,0,10,-0.14,0.0,0.514
6362,0.0,0.0,0.0,1000.0,0,10,-0.138,0.0,0.514
6363,0.0,0.0,0.0,1000.0,0,10,-0.136,0.0,0.514
6364,0.0,0.0,0.0,1000.0,0,10,-0.134,0.0,0.514
6365,0.0,0.0,0.0,1000.0,0,10,-0.132,0.0,0.514
6366,0.0,0.0,0.0,1000.0,0,10,-0.13,0.0,0.514
6367,0.0,0.0,0.0,1000.0,0,10,-0.128,0.0,0.514
6368,0.0,0.0,0.0,1000.0,0,10,-0.126,0.0,0.514
6369,0.0,0.0,0.0,1000.0,0,10,-0.124,0.0,0.514
6370,0.0,0.0,0.0,1000.0,0,10,-0.122,0.0,0.514
6371,0.0,0.0,0.0,1000.0,0,10,-0.12,0.0,0.514
6372,0.0,0.0,0.0,1000.0,0,10,-0.118,0.0,0.514
6373,0.0,0.0,0.0,1000.0,0,10,-0.11599999999999999,0.0,0.514
6374,0.0,0.0,0.0,1000.0,0,10,-0.11399999999999999,0.0,0.514
6375,0.0,0.0,0.0,1000.0,0,10,-0.11199999999999999,0.0,0.514
6376,0.0,0.0,0.0,1000.0,0,10,-0.10999999999999999,0.0,0.514
6377,0.0,0.0,0.0,1000.0,0,10,-0.10799999999999998,0.0,0.514
6378,0.0,0.0,0.0,1000.0,0,10,-0.10600000000000004,0.0,0.514
6379,0.0,0.0,0.0,1000.0,0,10,-0.10400000000000004,0.0,0.514
6380,0.0,0.0,0.0,1000.0,0,10,-0.10200000000000004,0.0,0.514
6381,0.0,0.0,0.0,1000.0,0,10,-0.10000000000000003,0.0,0.514
6382,0.0,0.0,0.0,1000.0,0,10,-0.09800000000000003,0.0,0.514
6383,0.0,0.0,0.0,1000.0,0,10,-0.09600000000000003,0.0,0.514
6384,0.0,0.0,0.0,1000.0,0,10,-0.09400000000000003,0.0,0.514
6385,0.0,0.0,0.0,1000.0,0,10,-0.09200000000000003,0.0,0.514
6386,0.0,0.0,0.0,1000.0,0,10,-0.09000000000000002,0.0,0.514
6387,0.0,0.0,0.0,1000.0,0,10,-0.08800000000000002,0.0,0.514
6388,0.0,0.0,0.0,1000.0,0,10,-0.08600000000000002,0.0,0.514
6389,0.0,0.0,0.0,1000.0,0,10,-0.08400000000000002,0.0,0.514
6390,0.0,0.0,0.0,1000.0,0,10,-0.08200000000000002,0.0,0.514
6391,0.0,0.0,0.0,1000.0,0,10,-0.08000000000000002,0.0,0.514
6392,0.0,0.0,0.0,1000.0,0,10,-0.07800000000000001,0.0,0.514
6393,0.0,0.0,0.0,1000.0,0,10,-0.07600000000000001,0.0,0.514
6394,0.0,0.0,0.0,1000.0,0,10,-0.07400000000000001,0.0,0.514
6395,0.0,0.0,0.0,1000.0,0,10,-0.07200000000000001,0.0,0.514
6396,0.0,0.0,0.0,1000.0,0,10,-0.07,0.0,0.514
6397,0.0,0.0,0.0,1000.0,0,10,-0.068,0.0,0.514
6398,0.0,0.0,0.0,1000.0,0,10,-0.066,0.0,0.514
6399,0.0,0.0,0.0,1000.0,0,10,-0.064,0.0,0.514
6400,0.0,0.0,0.0,1000.0,0,10,-0.062,0.0,0.514
6401,0.0,0.0,0.0,1000.0,0,10,-0.06,0.0,0.514
6402,0.0,0.0,0.0,1000.0,0,10,-0.057999999999999996,0.0,0.514
6403,0.0,0.0,0.0,1000.0,0,10,-0.055999999999999994,0.0,0.514
6404,0.0,0.0,0.0,1000.0,0,10,-0.05399999999999999,0.0,0.514
6405,0.0,0.0,0.0,1000.0,0,10,-0.05199999999999999,0.0,0.514
6406,0.0,0.0,0.0,1000.0,0,10,-0.04999999999999999,0.0,0.514
6407,0.0,0.0,0.0,1000.0,0,10,-0.04799999999999999,0.0,0.514
6408,0.0,0.0,0.0,1000.0,0,10,-0.045999999999999985,0.0,0.514
6409,0.0,0.0,0.0,1000.0,0,10,-0.043999999999999984,0.0,0.514
6410,0.0,0.0,0.0,1000.0,0,10,-0.04199999999999998,0.0,0.514
6411,0.0,0.0,0.0,1000.0,0,10,-0.040000000000000036,0.0,0.514
6412,0.0,0.0,0.0,1000.0,0,10,-0.038000000000000034,0.0,0.514
6413,0.0,0.0,0.0,1000.0,0,10,-0.03600000000000003,0.0,0.514
6414,0.0,0.0,0.0,1000.0,0,10,-0.03400000000000003,0.0,0.514
6415,0.0,0.0,0.0,1000.0,0,10,-0.03200000000000003,0.0,0.514
6416,0.0,0.0,0.0,1000.0,0,10,-0.030000000000000027,0.0,0.514
6417,0.0,0.0,0.0,1000.0,0,10,-0.028000000000000025,0.0,0.514
6418,0.0,0.0,0.0,1000.0,0,10,-0.026000000000000023,0.0,0.514
6419,0.0,0.0,0.0,1000.0,0,10,-0.02400000000000002,0.0,0.514
6420,0.0,0.0,0.0,1000.0,0,10,-0.02200000000000002,0.0,0.514
6421,0.0,0.0,0.0,1000.0,0,10,-0.020000000000000018,0.0,0.514
6422,0.0,0.0,0.0,1000.0,0,10,-0.018000000000000016,0.0,0.514
6423,0.0,0.0,0.0,1000.0,0,10,-0.016000000000000014,0.0,0.514
6424,0.0,0.0,0.0,1000.0,0,10,-0.014000000000000012,0.0,0.514
6425,0.0,0.0,0.0,1000.0,0,10,-0.01200000000000001,0.0,0.514
6426,0.0,0.0,0.0,1000.0,0,10,-0.010000000000000009,0.0,0.514
6427,0.0,0.0,0.0,1000.0,0,10,-0.008000000000000007,0.0,0.514
6428,0.0,0.0,0.0,1000.0,0,10,-0.006000000000000005,0.0,0.514
6429,0.0,0.0,0.0,1000.0,0,10,-0.0040000000000000036,0.0,0.514
6430,0.0,0.0,0.0,1000.0,0,10,-0.0020000000000000018,0.0,0.514
6431,0.0,0.0,0.0,1000.0,0,10,0.0,0.0,0.514
6432,0.0,0.0,0.0,1000.0,0,10,0.0020000000000000018,0.0,0.514
6433,0.0,0.0,0.0,1000.0,0,10,0.0040000000000000036,0.0,0.514
6434,0.0,0.0,0.0,1000.0,0,10,0.006000000000000005,0.0,0.514
6435,0.0,0.0,0.0,1000.0,0,10,0.008000000000000007,0.0,0.514
6436,0.0,0.0,0.0,1000.0,0,10,0.010000000000000009,0.0,0.514
6437,0.0,0.0,0.0,1000.0,0,10,0.01200000000000001,0.0,0.514
6438,0.0,0.0,0.0,1000.0,0,10,0.014000000000000012,0.0,0.514
6439,0.0,0.0,0.0,1000.0,0,10,0.016000000000000014,0.0,0.514
6440,0.0,0.0,0.0,1000.0,0,10,0.018000000000000016,0.0,0.514
6441,0.0,0.0,0.0,1000.0,0,10,0.020000000000000018,0.0,0.514
6442,0.0,0.0,0.0,1000.0,0,10,0.021999999999999964,0.0,0.514
6443,0.0,0.0,0.0,1000.0,0,10,0.023999999999999966,0.0,0.514
6444,0.0,0.0,0.0,1000.0,0,10,0.025999999999999968,0.0,0.514
6445,0.0,0.0,0.0,1000.0,0,10,0.02799999999999997,0.0,0.514
6446,0.0,0.0,0.0,1000.0,0,10,0.02999999999999997,0.0,0.514
6447,0.0,0.0,0.0,1000.0,0,10,0.03199999999999997,0.0,0.514
6448,0.0,0.0,0.0,1000.0,0,10,0.033999999999999975,0.0,0.514
6449,0.0,0.0,0.0,1000.0,0,10,0.035999999999999976,0.0,0.514
6450,0.0,0.0,0.0,1000.0,0,10,0.03799999999999998,0.0,0.514
6451,0.0,0.0,0.0,1000.0,0,10,0.03999999999999998,0.0,0.514
6452,0.0,0.0,0.0,1000.0,0,10,0.04199999999999998,0.0,0.514
6453,0.0,0.0,0.0,1000.0,0,10,0.043999999999999984,0.0,0.514
6454,0.0,0.0,0.0,1000.0,0,10,0.045999999999999985,0.0,0.514
6455,0.0,0.0,0.0,1000.0,0,10,0.04799999999999999,0.0,0.514
6456,0.0,0.0,0.0,1000.0,0,10,0.04999999999999999,0.0,0.514
6457,0.0,0.0,0.0,1000.0,0,10,0.05199999999999999,0.0,0.514
6458,0.0,0.0,0.0,1000.0,0,10,0.05399999999999999,0.0,0.514
6459,0.0,0.0,0.0,1000.0,0,10,0.055999999999999994,0.0,0.514
6460,0.0,0.0,0.0,1000.0,0,10,0.057999999999999996,0.0,0.514
6461,0.0,0.0,0.0,1000.0,0,10,0.06,0.0,0.514
6462,0.0,0.0,0.0,1000.0,0,10,0.062,0.0,0.514
6463,0.0,0.0,0.0,1000.0,0,10,0.064,0.0,0.514
6464,0.0,0.0,0.0,1000.0,0,10,0.066,0.0,0.514
6465,0.0,0.0,0.0,1000.0,0,10,0.068,0.0,0.514
6466,0.0,0.0,0.0,1000.0,0,10,0.07,0.0,0.514
6467,0.0,0.0,0.0,1000.0,0,10,0.07200000000000001,0.0,0.514
6468,0.0,0.0,0.0,1000.0,0,10,0.07400000000000001,0.0,0.514
6469,0.0,0.0,0.0,1000.0,0,10,0.07600000000000001,0.0,0.514
6470,0.0,0.0,0.0,1000.0,0,10,0.07800000000000001,0.0,0.514
6471,0.0,0.0,0.0,1000.0,0,10,0.08000000000000002,0.0,0.514
6472,0.0,0.0,0.0,1000.0,0,10,0.08200000000000002,0.0,0.514
6473,0.0,0.0,0.0,1000.0,0,10,0.08400000000000002,0.0,0.514
6474,0.0,0.0,0.0,1000.0,0,10,0.08600000000000002,0.0,0.514
6475,0.0,0.0,0.0,1000.0,0,10,0.08800000000000002,0.0,0.514
6476,0.0,0.0,0.0,1000.0,0,10,0.09000000000000002,0.0,0.514
6477,0.0,0.0,0.0,1000.0,0,10,0.09200000000000003,0.0,0.514
6478,0.0,0.0,0.0,1000.0,0,10,0.09400000000000003,0.0,0.514
6479,0.0,0.0,0.0,1000.0,0,10,0.09600000000000003,0.0,0.514
6480,0.0,0.0,0.0,1000.0,0,10,0.09800000000000003,0.0,0.514
6481,0.0,0.0,0.0,1000.0,0,10,0.10000000000000003,0.0,0.514
6482,0.0,0.0,0.0,1000.0,0,10,0.10200000000000004,0.0,0.514
6483,0.0,0.0,0.0,1000.0,0,10,0.10400000000000004,0.0,0.514
6484,0.0,0.0,0.0,1000.0,0,10,0.10600000000000004,0.0,0.514
6485,0.0,0.0,0.0,1000.0,0,10,0.10800000000000004,0.0,0.514
6486,0.0,0.0,0.0,1000.0,0,10,0.11000000000000004,0.0,0.514
6487,0.0,0.0,0.0,1000.0,0,10,0.11200000000000004,0.0,0.514
6488,0.0,0.0,0.0,1000.0,0,10,0.11400000000000005,0.0,0.514
6489,0.0,0.0,0.0,1000.0,0,10,0.11600000000000005,0.0,0.514
6490,0.0,0.0,0.0,1000.0,0,10,0.11800000000000005,0.0,0.514
6491,0.0,0.0,0.0,1000.0,0,10,0.11999999999999994,0.0,0.514
6492,0.0,0.0,0.0,1000.0,0,10,0.12199999999999994,0.0,0.514
6493,0.0,0.0,0.0,1000.0,0,10,0.12399999999999994,0.0,0.514
6494,0.0,0.0,0.0,1000.0,0,10,0.12599999999999995,0.0,0.514
6495,0.0,0.0,0.0,1000.0,0,10,0.12799999999999995,0.0,0.514
6496,0.0,0.0,0.0,1000.0,0,10,0.12999999999999995,0.0,0.514
6497,0.0,0.0,0.0,1000.0,0,10,0.13199999999999995,0.0,0.514
6498,0.0,0.0,0.0,1000.0,0,10,0.13399999999999995,0.0,0.514
6499,0.0,0.0,0.0,1000.0,0,10,0.13599999999999995,0.0,0.514
6500,0.0,0.0,0.0,1000.0,0,10,0.13799999999999996,0.0,0.514
6501,0.0,0.0,0.0,1000.0,0,10,0.13999999999999996,0.0,0.514
6502,0.0,0.0,0.0,1000.0,0,10,0.14199999999999996,0.0,0.514
6503,0.0,0.0,0.0,1000.0,0,10,0.14399999999999996,0.0,0.514
6504,0.0,0.0,0.0,1000.0,0,10,0.14599999999999996,0.0,0.514
6505,0.0,0.0,0.0,1000.0,0,10,0.14799999999999996,0.0,0.514
6506,0.0,0.0,0.0,1000.0,0,10,0.14999999999999997,0.0,0.514
6507,0.0,0.0,0.0,1000.0,0,10,0.15199999999999997,0.0,0.514
6508,0.0,0.0,0.0,1000.0,0,10,0.15399999999999997,0.0,0.514
6509,0.0,0.0,0.0,1000.0,0,10,0.15599999999999997,0.0,0.514
6510,0.0,0.0,0.0,1000.0,0,10,0.15799999999999997,0.0,0.514
6511,0.0,0.0,0.0,1000.0,0,10,0.15999999999999998,0.0,0.514
6512,0.0,0.0,0.0,1000.0,0,10,0.16199999999999998,0.0,0.514
6513,0.0,0.0,0.0,1000.0,0,10,0.16399999999999998,0.0,0.514
6514,0.0,0.0,0.0,1000.0,0,10,0.16599999999999998,0.0,0.514
6515,0.0,0.0,0.0,1000.0,0,10,0.16799999999999998,0.0,0.514
6516,0.0,0.0,0.0,1000.0,0,10,0.16999999999999998,0.0,0.514
6517,0.0,0.0,0.0,1000.0,0,10,0.172,0.0,0.514
6518,0.0,0.0,0.0,1000.0,0,10,0.174,0.0,0.514
6519,0.0,0.0,0.0,1000.0,0,10,0.176,0.0,0.514
6520,0.0,0.0,0.0,1000.0,0,10,0.178,0.0,0.514
6521,0.0,0.0,0.0,1000.0,0,10,0.18,0.0,0.514
6522,0.0,0.0,0.0,1000.0,0,10,0.182,0.0,0.514
6523,0.0,0.0,0.0,1000.0,0,10,0.184,0.0,0.514
6524,0.0,0.0,0.0,1000.0,0,10,0.186,0.0,0.514
6525,0.0,0.0,0.0,1000.0,0,10,0.188,0.0,0.514
6526,0.0,0.0,0.0,1000.0,0,10,0.19,0.0,0.514
6527,0.0,0.0,0.0,1000.0,0,10,0.192,0.0,0.514
6528,0.0,0.0,0.0,1000.0,0,10,0.194,0.0,0.514
6529,0.0,0.0,0.0,1000.0,0,10,0.196,0.0,0.514
6530,0.0,0.0,0.0,1000.0,0,10,0.198,0.0,0.514
6531,0.0,0.0,0.0,1000.0,0,10,0.2,0.0,0.514
6532,0.0,0.0,0.0,1000.0,0,10,0.202,0.0,0.514
6533,0.0,0.0,0.0,1000.0,0,10,0.20400000000000001,0.0,0.514
6534,0.0,0.0,0.0,1000.0,0,10,0.20600000000000002,0.0,0.514
6535,0.0,0.0,0.0,1000.0,0,10,0.20800000000000002,0.0,0.514
6536,0.0,0.0,0.0,1000.0,0,10,0.21000000000000002,0.0,0.514
6537,0.0,0.0,0.0,1000.0,0,10,0.21200000000000002,0.0,0.514
6538,0.0,0.0,0.0,1000.0,0,10,0.21400000000000002,0.0,0.514
6539,0.0,0.0,0.0,1000.0,0,10,0.21600000000000003,0.0,0.514
6540,0.0,0.0,0.0,1000.0,0,10,0.21800000000000003,0.0,0.514
6541,0.0,0.0,0.0,1000.0,0,10,0.22000000000000003,0.0,0.514
6542,0.0,0.0,0.0,1000.0,0,10,0.22200000000000003,0.0,0.514
6543,0.0,0.0,0.0,1000.0,0,10,0.22400000000000003,0.0,0.514
6544,0.0,0.0,0.0,1000.0,0,10,0.22600000000000003,0.0,0.514
6545,0.0,0.0,0.0,1000.0,0,10,0.22800000000000004,0.0,0.514
6546,0.0,0.0,0.0,1000.0,0,10,0.23000000000000004,0.0,0.514
6547,0.0,0.0,0.0,1000.0,0,10,0.23200000000000004,0.0,0.514
6548,0.0,0.0,0.0,1000.0,0,10,0.23400000000000004,0.0,0.514
6549,0.0,0.0,0.0,1000.0,0,10,0.23600000000000004,0.0,0.514
6550,0.0,0.0,0.0,1000.0,0,10,0.23800000000000004,0.0,0.514
6551,0.0,0.0,0.0,1000.0,0,10,0.24000000000000005,0.0,0.514
6552,0.0,0.0,0.0,1000.0,0,10,0.24200000000000005,0.0,0.514
6553,0.0,0.0,0.0,1000.0,0,10,0.24400000000000005,0.0,0.514
6554,0.0,0.0,0.0,1000.0,0,10,0.24599999999999994,0.0,0.514
6555,0.0,0.0,0.0,1000.0,0,10,0.24799999999999994,0.0,0.514
6556,0.0,0.0,0.0,1000.0,0,10,0.24999999999999994,0.0,0.514
6557,0.0,0.0,0.0,1000.0,0,10,0.25199999999999995,0.0,0.514
6558,0.0,0.0,0.0,1000.0,0,10,0.25399999999999995,0.0,0.514
6559,0.0,0.0,0.0,1000.0,0,10,0.25599999999999995,0.0,0.514
6560,0.0,0.0,0.0,1000.0,0,10,0.25799999999999995,0.0,0.514
6561,0.0,0.0,0.0,1000.0,0,10,0.25999999999999995,0.0,0.514
6562,0.0,0.0,0.0,1000.0,0,10,0.26199999999999996,0.0,0.514
6563,0.0,0.0,0.0,1000.0,0,10,0.26399999999999996,0.0,0.514
6564,0.0,0.0,0.0,1000.0,0,10,0.26599999999999996,0.0,0.514
6565,0.0,0.0,0.0,1000.0,0,10,0.26799999999999996,0.0,0.514
6566,0.0,0.0,0.0,1000.0,0,10,0.26999999999999996,0.0,0.514
6567,0.0,0.0,0.0,1000.0,0,10,0.27199999999999996,0.0,0.514
6568,0.0,0.0,0.0,1000.0,0,10,0.27399999999999997,0.0,0.514
6569,0.0,0.0,0.0,1000.0,0,10,0.27599999999999997,0.0,0.514
6570,0.0,0.0,0.0,1000.0,0,10,0.27799999999999997,0.0,0.514
6571,0.0,0.0,0.0,1000.0,0,10,0.27999999999999997,0.0,0.514
6572,0.0,0.0,0.0,1000.0,0,10,0.282,0.0,0.514
6573,0.0,0.0,0.0,1000.0,0,10,0.284,0.0,0.514
6574,0.0,0.0,0.0,1000.0,0,10,0.286,0.0,0.514
6575,0.0,0.0,0.0,1000.0,0,10,0.288,0.0,0.514
6576,0.0,0.0,0.0,1000.0,0,10,0.29,0.0,0.514
6577,0.0,0.0,0.0,1000.0,0,10,0.292,0.0,0.514
6578,0.0,0.0,0.0,1000.0,0,10,0.294,0.0,0.514
6579,0.0,0.0,0.0,1000.0,0,10,0.296,0.0,0.514
6580,0.0,0.0,0.0,1000.0,0,10,0.298,0.0,0.514
6581,0.0,0.0,0.0,1000.0,0,10,0.3,0.0,0.514
6582,0.0,0.0,0.0,1000.0,0,10,0.302,0.0,0.514
6583,0.0,0.0,0.0,1000.0,0,10,0.304,0.0,0.514
6584,0.0,0.0,0.0,1000.0,0,10,0.306,0.0,0.514
6585,0.0,0.0,0.0,1000.0,0,10,0.308,0.0,0.514
6586,0.0,0.0,0.0,1000.0,0,10,0.31,0.0,0.514
6587,0.0,0.0,0.0,1000.0,0,10,0.312,0.0,0.514
6588,0.0,0.0,0.0,1000.0,0,10,0.314,0.0,0.514
6589,0.0,0.0,0.0,1000.0,0,10,0.316,0.0,0.514
6590,0.0,0.0,0.0,1000.0,0,10,0.318,0.0,0.514
6591,0.0,0.0,0.0,1000.0,0,10,0.32,0.0,0.514
6592,0.0,0.0,0.0,1000.0,0,10,0.322,0.0,0.514
6593,0.0,0.0,0.0,1000.0,0,10,0.324,0.0,0.514
6594,0.0,0.0,0.0,1000.0,0,10,0.326,0.0,0.514
6595,0.0,0.0,0.0,1000.0,0,10,0.328,0.0,0.514
6596,0.0,0.0,0.0,1000.0,0,10,0.33,0.0,0.514
6597,0.0,0.0,0.0,1000.0,0,10,0.332,0.0,0.514
6598,0.0,0.0,0.0,1000.0,0,10,0.334,0.0,0.514
6599,0.0,0.0,0.0,1000.0,0,10,0.336,0.0,0.514
6600,0.0,0.0,0.0,1000.0,0,10,0.338,0.0,0.514
6601,0.0,0.0,0.0,1000.0,0,10,0.34,0.0,0.514
6602,0.0,0.0,0.0,1000.0,0,10,0.342,0.0,0.514
6603,0.0,0.0,0.0,1000.0,0,10,0.34400000000000003,0.0,0.514
6604,0.0,0.0,0.0,1000.0,0,10,0.34600000000000003,0.0,0.514
6605,0.0,0.0,0.0,1000.0,0,10,0.34800000000000003,0.0,0.514
6606,0.0,0.0,0.0,1000.0,0,10,0.35000000000000003,0.0,0.514
6607,0.0,0.0,0.0,1000.0,0,10,0.35200000000000004,0.0,0.514
6608,0.0,0.0,0.0,1000.0,0,10,0.35400000000000004,0.0,0.514
6609,0.0,0.0,0.0,1000.0,0,10,0.35600000000000004,0.0,0.514
6610,0.0,0.0,0.0,1000.0,0,10,0.35800000000000004,0.0,0.514
6611,0.0,0.0,0.0,1000.0,0,10,0.36000000000000004,0.0,0.514
6612,0.0,0.0,0.0,1000.0,0,10,0.36200000000000004,0.0,0.514
6613,0.0,0.0,0.0,1000.0,0,10,0.36400000000000005,0.0,0.514
6614,0.0,0.0,0.0,1000.0,0,10,0.36600000000000005,0.0,0.514
6615,0.0,0.0,0.0,1000.0,0,10,0.36800000000000005,0.0,0.514
6616,0.0,0.0,0.0,1000.0,0,10,0.37000000000000005,0.0,0.514
6617,0.0,0.0,0.0,1000.0,0,10,0.37200000000000005,0.0,0.514
6618,0.0,0.0,0.0,1000.0,0,10,0.37400000000000005,0.0,0.514
6619,0.0,0.0,0.0,1000.0,0,10,0.37599999999999995,0.0,0.514
6620,0.0,0.0,0.0,1000.0,0,10,0.37799999999999995,0.0,0.514
6621,0.0,0.0,0.0,1000.0,0,10,0.37999999999999995,0.0,0.514
6622,0.0,0.0,0.0,1000.0,0,10,0.38199999999999995,0.0,0.514
6623,0.0,0.0,0.0,1000.0,0,10,0.38399999999999995,0.0,0.514
6624,0.0,0.0,0.0,1000.0,0,10,0.38599999999999995,0.0,0.514
6625,0.0,0.0,0.0,1000.0,0,10,0.38799999999999996,0.0,0.514
6626,0.0,0.0,0.0,1000.0,0,10,0.38999999999999996,0.0,0.514
6627,0.0,0.0,0.0,1000.0,0,10,0.39199999999999996,0.0,0.514
6628,0.0,0.0,0.0,1000.0,0,10,0.39399999999999996,0.0,0.514
6629,0.0,0.0,0.0,1000.0,0,10,0.39599999999999996,0.0,0.514
6630,0.0,0.0,0.0,1000.0,0,10,0.39799999999999996,0.0,0.514
6631,0.0,0.0,0.0,1000.0,0,10,0.39999999999999997,0.0,0.514
6632,0.0,0.0,0.0,1000.0,0,10,0.40199999999999997,0.0,0.514
6633,0.0,0.0,0.0,1000.0,0,10,0.40399999999999997,0.0,0.514
6634,0.0,0.0,0.0,1000.0,0,10,0.40599999999999997,0.0,0.514
6635,0.0,0.0,0.0,1000.0,0,10,0.408,0.0,0.514
6636,0.0,0.0,0.0,1000.0,0,10,0.41,0.0,0.514
6637,0.0,0.0,0.0,1000.0,0,10,0.412,0.0,0.514
6638,0.0,0.0,0.0,1000.0,0,10,0.414,0.0,0.514
6639,0.0,0.0,0.0,1000.0,0,10,0.416,0.0,0.514
6640,0.0,0.0,0.0,1000.0,0,10,0.418,0.0,0.514
6641,0.0,0.0,0.0,1000.0,0,10,0.42,0.0,0.514
6642,0.0,0.0,0.0,1000.0,0,10,0.422,0.0,0.514
6643,0.0,0.0,0.0,1000.0,0,10,0.424,0.0,0.514
6644,0.0,0.0,0.0,1000.0,0,10,0.426,0.0,0.514
6645,0.0,0.0,0.0,1000.0,0,10,0.428,0.0,0.514
6646,0.0,0.0,0.0,1000.0,0,10,0.43,0.0,0.514
6647,0.0,0.0,0.0,1000.0,0,10,0.432,0.0,0.514
6648,0.0,0.0,0.0,1000.0,0,10,0.434,0.0,0.514
6649,0.0,0.0,0.0,1000.0,0,10,0.436,0.0,0.514
6650,0.0,0.0,0.0,1000.0,0,10,0.438,0.0,0.514
6651,0.0,0.0,0.0,1000.0,0,10,0.44,0.0,0.514
6652,0.0,0.0,0.0,1000.0,0,10,0.442,0.0,0.514
6653,0.0,0.0,0.0,1000.0,0,10,0.444,0.0,0.514
6654,0.0,0.0,0.0,1000.0,0,10,0.446,0.0,0.514
6655,0.0,0.0,0.0,1000.0,0,10,0.448,0.0,0.514
6656,0.0,0.0,0.0,1000.0,0,10,0.45,0.0,0.514
6657,0.0,0.0,0.0,1000.0,0,10,0.452,0.0,0.514
6658,0.0,0.0,0.0,1000.0,0,10,0.454,0.0,0.514
6659,0.0,0.0,0.0,1000.0,0,10,0.456,0.0,0.514
6660,0.0,0.0,0.0,1000.0,0,10,0.458,0.0,0.514
6661,0.0,0.0,0.0,1000.0,0,10,-0.458,0.0,0.516
6662,0.0,0.0,0.0,1000.0,0,10,-0.456,0.0,0.516
6663,0.0,0.0,0.0,1000.0,0,10,-0.454,0.0,0.516
6664,0.0,0.0,0.0,1000.0,0,10,-0.452,0.0,0.516
6665,0.0,0.0,0.0,1000.0,0,10,-0.45,0.0,0.516
6666,0.0,0.0,0.0,1000.0,0,10,-0.448,0.0,0.516
6667,0.0,0.0,0.0,1000.0,0,10,-0.446,0.0,0.516
6668,0.0,0.0,0.0,1000.0,0,10,-0.444,0.0,0.516
6669,0.0,0.0,0.0,1000.0,0,10,-0.442,0.0,0.516
6670,0.0,0.0,0.0,1000.0,0,10,-0.44,0.0,0.516
6671,0.0,0.0,0.0,1000.0,0,10,-0.438,0.0,0.516
6672,0.0,0.0,0.0,1000.0,0,10,-0.436,0.0,0.516
6673,0.0,0.0,0.0,1000.0,0,10,-0.434,0.0,0.516
6674,0.0,0.0,0.0,1000.0,0,10,-0.432,0.0,0.516
6675,0.0,0.0,0.0,1000.0,0,10,-0.43,0.0,0.516
6676,0.0,0.0,0.0,1000.0,0,10,-0.42800000000000005,0.0,0.516
6677,0.0,0.0,0.0,1000.0,0,10,-0.42600000000000005,0.0,0.516
6678,0.0,0.0,0.0,1000.0,0,10,-0.42400000000000004,0.0,0.516
6679,0.0,0.0,0.0,1000.0,0,10,-0.42200000000000004,0.0,0.516
6680,0.0,0.0,0.0,1000.0,0,10,-0.42000000000000004,0.0,0.516
6681,0.0,0.0,0.0,1000.0,0,10,-0.41800000000000004,0.0,0.516
6682,0.0,0.0,0.0,1000.0,0,10,-0.41600000000000004,0.0,0.516
6683,0.0,0.0,0.0,1000.0,0,10,-0.41400000000000003,0.0,0.516
6684,0.0,0.0,0.0,1000.0,0,10,-0.41200000000000003,0.0,0.516
6685,0.0,0.0,0.0,1000.0,0,10,-0.41000000000000003,0.0,0.516
6686,0.0,0.0,0.0,1000.0,0,10,-0.40800000000000003,0.0,0.516
6687,0.0,0.0,0.0,1000.0,0,10,-0.406,0.0,0.516
6688,0.0,0.0,0.0,1000.0,0,10,-0.404,0.0,0.516
6689,0.0,0.0,0.0,1000.0,0,10,-0.402,0.0,0.516
6690,0.0,0.0,0.0,1000.0,0,10,-0.4,0.0,0.516
6691,0.0,0.0,0.0,1000.0,0,10,-0.398,0.0,0.516
6692,0.0,0.0,0.0,1000.0,0,10,-0.396,0.0,0.516
6693,0.0,0.0,0.0,1000.0,0,10,-0.394,0.0,0.516
6694,0.0,0.0,0.0,1000.0,0,10,-0.392,0.0,0.516
6695,0.0,0.0,0.0,1000.0,0,10,-0.39,0.0,0.516
6696,0.0,0.0,0.0,1000.0,0,10,-0.388,0.0,0.516
6697,0.0,0.0,0.0,1000.0,0,10,-0.386,0.0,0.516
6698,0.0,0.0,0.0,1000.0,0,10,-0.384,0.0,0.516
6699,0.0,0.0,0.0,1000.0,0,10,-0.382,0.0,0.516
6700,0.0,0.0,0.0,1000.0,0,10,-0.38,0.0,0.516
6701,0.0,0.0,0.0,1000.0,0,10,-0.378,0.0,0.516
6702,0.0,0.0,0.0,1000.0,0,10,-0.376,0.0,0.516
6703,0.0,0.0,0.0,1000.0,0,10,-0.374,0.0,0.516
6704,0.0,0.0,0.0,1000.0,0,10,-0.372,0.0,0.516
6705,0.0,0.0,0.0,1000.0,0,10,-0.37,0.0,0.516
6706,0.0,0.0,0.0,1000.0,0,10,-0.368,0.0,0.516
6707,0.0,0.0,0.0,1000.0,0,10,-0.366,0.0,0.516
6708,0.0,0.0,0.0,1000.0,0,10,-0.364,0.0,0.516
6709,0.0,0.0,0.0,1000.0,0,10,-0.362,0.0,0.516
6710,0.0,0.0,0.0,1000.0,0,10,-0.36,0.0,0.516
6711,0.0,0.0,0.0,1000.0,0,10,-0.358,0.0,0.516
6712,0.0,0.0,0.0,1000.0,0,10,-0.356,0.0,0.516
6713,0.0,0.0,0.0,1000.0,0,10,-0.354,0.0,0.516
6714,0.0,0.0,0.0,1000.0,0,10,-0.35200000000000004,0.0,0.516
6715,0.0,0.0,0.0,1000.0,0,10,-0.35000000000000003,0.0,0.516
6716,0.0,0.0,0.0,1000.0,0,10,-0.34800000000000003,0.0,0.516
6717,0.0,0.0,0.0,1000.0,0,10,-0.34600000000000003,0.0,0.516
6718,0.0,0.0,0.0,1000.0,0,10,-0.34400000000000003,0.0,0.516
6719,0.0,0.0,0.0,1000.0,0,10,-0.342,0.0,0.516
6720,0.0,0.0,0.0,1000.0,0,10,-0.34,0.0,0.516
6721,0.0,0.0,0.0,1000.0,0,10,-0.338,0.0,0.516
6722,0.0,0.0,0.0,1000.0,0,10,-0.336,0.0,0.516
6723,0.0,0.0,0.0,1000.0,0,10,-0.334,0.0,0.516
6724,0.0,0.0,0.0,1000.0,0,10,-0.332,0.0,0.516
6725,0.0,0.0,0.0,1000.0,0,10,-0.33,0.0,0.516
6726,0.0,0.0,0.0,1000.0,0,10,-0.328,0.0,0.516
6727,0.0,0.0,0.0,1000.0,0,10,-0.326,0.0,0.516
6728,0.0,0.0,0.0,1000.0,0,10,-0.324,0.0,0.516
6729,0.0,0.0,0.0,1000.0,0,10,-0.322,0.0,0.516
6730,0.0,0.0,0.0,1000.0,0,10,-0.32,0.0,0.516
6731,0.0,0.0,0.0,1000.0,0,10,-0.318,0.0,0.516
6732,0.0,0.0,0.0,1000.0,0,10,-0.316,0.0,0.516
6733,0.0,0.0,0.0,1000.0,0,10,-0.314,0.0,0.516
6734,0.0,0.0,0.0,1000.0,0,10,-0.31200000000000006,0.0,0.516
6735,0.0,0.0,0.0,1000.0,0,10,-0.31000000000000005,0.0,0.516
6736,0.0,0.0,0.0,1000.0,0,10,-0.30800000000000005,0.0,0.516
6737,0.0,0.0,0.0,1000.0,0,10,-0.30600000000000005,0.0,0.516
6738,0.0,0.0,0.0,1000.0,0,10,-0.30400000000000005,0.0,0.516
6739,0.0,0.0,0.0,1000.0,0,10,-0.30200000000000005,0.0,0.516
6740,0.0,0.0,0.0,1000.0,0,10,-0.30000000000000004,0.0,0.516
6741,0.0,0.0,0.0,1000.0,0,10,-0.29800000000000004,0.0,0.516
6742,0.0,0.0,0.0,1000.0,0,10,-0.29600000000000004,0.0,0.516
6743,0.0,0.0,0.0,1000.0,0,10,-0.29400000000000004,0.0,0.516
6744,0.0,0.0,0.0,1000.0,0,10,-0.29200000000000004,0.0,0.516
6745,0.0,0.0,0.0,1000.0,0,10,-0.29000000000000004,0.0,0.516
6746,0.0,0.0,0.0,1000.0,0,10,-0.28800000000000003,0.0,0.516
6747,0.0,0.0,0.0,1000.0,0,10,-0.28600000000000003,0.0,0.516
6748,0.0,0.0,0.0,1000.0,0,10,-0.28400000000000003,0.0,0.516
6749,0.0,0.0,0.0,1000.0,0,10,-0.28200000000000003,0.0,0.516
6750,0.0,0.0,0.0,1000.0,0,10,-0.28,0.0,0.516
6751,0.0,0.0,0.0,1000.0,0,10,-0.278,0.0,0.516
6752,0.0,0.0,0.0,1000.0,0,10,-0.276,0.0,0.516
6753,0.0,0.0,0.0,1000.0,0,10,-0.274,0.0,0.516
6754,0.0,0.0,0.0,1000.0,0,10,-0.272,0.0,0.516
6755,0.0,0.0,0.0,1000.0,0,10,-0.27,0.0,0.516
6756,0.0,0.0,0.0,1000.0,0,10,-0.268,0.0,0.516
6757,0.0,0.0,0.0,1000.0,0,10,-0.266,0.0,0.516
6758,0.0,0.0,0.0,1000.0,0,10,-0.264,0.0,0.516
6759,0.0,0.0,0.0,1000.0,0,10,-0.262,0.0,0.516
6760,0.0,0.0,0.0,1000.0,0,10,-0.26,0.0,0.516
6761,0.0,0.0,0.0,1000.0,0,10,-0.258,0.0,0.516
6762,0.0,0.0,0.0,1000.0,0,10,-0.256,0.0,0.516
6763,0.0,0.0,0.0,1000.0,0,10,-0.254,0.0,0.516
6764,0.0,0.0,0.0,1000.0,0,10,-0.252,0.0,0.516
6765,0.0,0.0,0.0,1000.0,0,10,-0.25,0.0,0.516
6766,0.0,0.0,0.0,1000.0,0,10,-0.24800000000000003,0.0,0.516
6767,0.0,0.0,0.0,1000.0,0,10,-0.24600000000000002,0.0,0.516
6768,0.0,0.0,0.0,1000.0,0,10,-0.24400000000000002,0.0,0.516
6769,0.0,0.0,0.0,1000.0,0,10,-0.24200000000000002,0.0,0.516
6770,0.0,0.0,0.0,1000.0,0,10,-0.24000000000000002,0.0,0.516
6771,0.0,0.0,0.0,1000.0,0,10,-0.23800000000000002,0.0,0.516
6772,0.0,0.0,0.0,1000.0,0,10,-0.23600000000000002,0.0,0.516
6773,0.0,0.0,0.0,1000.0,0,10,-0.234,0.0,0.516
6774,0.0,0.0,0.0,1000.0,0,10,-0.232,0.0,0.516
6775,0.0,0.0,0.0,1000.0,0,10,-0.23,0.0,0.516
6776,0.0,0.0,0.0,1000.0,0,10,-0.228,0.0,0.516
6777,0.0,0.0,0.0,1000.0,0,10,-0.226,0.0,0.516
6778,0.0,0.0,0.0,1000.0,0,10,-0.224,0.0,0.516
6779,0.0,0.0,0.0,1000.0,0,10,-0.222,0.0,0.516
6780,0.0,0.0,0.0,1000.0,0,10,-0.22,0.0,0.516
6781,0.0,0.0,0.0,1000.0,0,10,-0.21800000000000003,0.0,0.516
6782,0.0,0.0,0.0,1000.0,0,10,-0.21600000000000003,0.0,0.516
6783,0.0,0.0,0.0,1000.0,0,10,-0.21400000000000002,0.0,0.516
6784,0.0,0.0,0.0,1000.0,0,10,-0.21200000000000002,0.0,0.516
6785,0.0,0.0,0.0,1000.0,0,10,-0.21000000000000002,0.0,0.516
6786,0.0,0.0,0.0,1000.0,0,10,-0.20800000000000002,0.0,0.516
6787,0.0,0.0,0.0,1000.0,0,10,-0.20600000000000002,0.0,0.516
6788,0.0,0.0,0.0,1000.0,0,10,-0.20400000000000001,0.0,0.516
6789,0.0,0.0,0.0,1000.0,0,10,-0.202,0.0,0.516
6790,0.0,0.0,0.0,1000.0,0,10,-0.2,0.0,0.516
6791,0.0,0.0,0.0,1000.0,0,10,-0.198,0.0,0.516
6792,0.0,0.0,0.0,1000.0,0,10,-0.196,0.0,0.516
6793,0.0,0.0,0.0,1000.0,0,10,-0.194,0.0,0.516
6794,0.0,0.0,0.0,1000.0,0,10,-0.192,0.0,0.516
6795,0.0,0.0,0.0,1000.0,0,10,-0.19,0.0,0.516
6796,0.0,0.0,0.0,1000.0,0,10,-0.188,0.0,0.516
6797,0.0,0.0,0.0,1000.0,0,10,-0.186,0.0,0.516
6798,0.0,0.0,0.0,1000.0,0,10,-0.184,0.0,0.516
6799,0.0,0.0,0.0,1000.0,0,10,-0.182,0.0,0.516
6800,0.0,0.0,0.0,1000.0,0,10,-0.18,0.0,0.516
6801,0.0,0.0,0.0,1000.0,0,10,-0.178,0.0,0.516
6802,0.0,0.0,0.0,1000.0,0,10,-0.176,0.0,0.516
6803,0.0,0.0,0.0,1000.0,0,10,-0.174,0.0,0.516
6804,0.0,0.0,0.0,1000.0,0,10,-0.172,0.0,0.516
6805,0.0,0.0,0.0,1000.0,0,10,-0.16999999999999998,0.0,0.516
6806,0.0,0.0,0.0,1000.0,0,10,-0.16800000000000004,0.0,0.516
6807,0.0,0.0,0.0,1000.0,0,10,-0.16600000000000004,0.0,0.516
6808,0.0,0.0,0.0,1000.0,0,10,-0.16400000000000003,0.0,0.516
6809,0.0,0.0,0.0,1000.0,0,10,-0.16200000000000003,0.0,0.516
6810,0.0,0.0,0.0,1000.0,0,10,-0.16000000000000003,0.0,0.516
6811,0.0,0.0,0.0,1000.0,0,10,-0.15800000000000003,0.0,0.516
6812,0.0,0.0,0.0,1000.0,0,10,-0.15600000000000003,0.0,0.516
6813,0.0,0.0,0.0,1000.0,0,10,-0.15400000000000003,0.0,0.516
6814,0.0,0.0,0.0,1000.0,0,10,-0.15200000000000002,0.0,0.516
6815,0.0,0.0,0.0,1000.0,0,10,-0.15000000000000002,0.0,0.516
6816,0.0,0.0,0.0,1000.0,0,10,-0.14800000000000002,0.0,0.516
6817,0.0,0.0,0.0,1000.0,0,10,-0.14600000000000002,0.0,0.516
6818,0.0,0.0,0.0,1000.0,0,10,-0.14400000000000002,0.0,0.516
6819,0.0,0.0,0.0,1000.0,0,10,-0.14200000000000002,0.0,0.516
6820,0.0,0.0,0.0,1000.0,0,10,-0.14,0.0,0.516
6821,0.0,0.0,0.0,1000.0,0,10,-0.138,0.0,0.516
6822,0.0,0.0,0.0,1000.0,0,10,-0.136,0.0,0.516
6823,0.0,0.0,0.0,1000.0,0,10,-0.134,0.0,0.516
6824,0.0,0.0,0.0,1000.0,0,10,-0.132,0.0,0.516
6825,0.0,0.0,0.0,1000.0,0,10,-0.13,0.0,0.516
6826,0.0,0.0,0.0,1000.0,0,10,-0.128,0.0,0.516
6827,0.0,0.0,0.0,1000.0,0,10,-0.126,0.0,0.516
6828,0.0,0.0,0.0,1000.0,0,10,-0.124,0.0,0.516
6829,0.0,0.0,0.0,1000.0,0,10,-0.122,0.0,0.516
6830,0.0,0.0,0.0,1000.0,0,10,-0.12,0.0,0.516
6831,0.0,0.0,0.0,1000.0,0,10,-0.118,0.0,0.516
6832,0.0,0.0,0.0,1000.0,0,10,-0.11599999999999999,0.0,0.516
6833,0.0,0.0,0.0,1000.0,0,10,-0.11399999999999999,0.0,0.516
6834,0.0,0.0,0.0,1000.0,0,10,-0.11199999999999999,0.0,0.516
6835,0.0,0.0,0.0,1000.0,0,10,-0.10999999999999999,0.0,0.516
6836,0.0,0.0,0.0,1000.0,0,10,-0.10799999999999998,0.0,0.516
6837,0.0,0.0,0.0,1000.0,0,10,-0.10600000000000004,0.0,0.516
6838,0.0,0.0,0.0,1000.0,0,10,-0.10400000000000004,0.0,0.516
6839,0.0,0.0,0.0,1000.0,0,10,-0.10200000000000004,0.0,0.516
6840,0.0,0.0,0.0,1000.0,0,10,-0.10000000000000003,0.0,0.516
6841,0.0,0.0,0.0,1000.0,0,10,-0.09800000000000003,0.0,0.516
6842,0.0,0.0,0.0,1000.0,0,10,-0.09600000000000003,0.0,0.516
6843,0.0,0.0,0.0,1000.0,0,10,-0.09400000000000003,0.0,0.516
6844,0.0,0.0,0.0,1000.0,0,10,-0.09200000000000003,0.0,0.516
6845,0.0,0.0,0.0,1000.0,0,10,-0.09000000000000002,0.0,0.516
6846,0.0,0.0,0.0,1000.0,0,10,-0.08800000000000002,0.0,0.516
6847,0.0,0.0,0.0,1000.0,0,10,-0.08600000000000002,0.0,0.516
6848,0.0,0.0,0.0,1000.0,0,10,-0.08400000000000002,0.0,0.516
6849,0.0,0.0,0.0,1000.0,0,10,-0.08200000000000002,0.0,0.516
6850,0.0,0.0,0.0,1000.0,0,10,-0.08000000000000002,0.0,0.516
6851,0.0,0.0,0.0,1000.0,0,10,-0.07800000000000001,0.0,0.516
6852,0.0,0.0,0.0,1000.0,0,10,-0.07600000000000001,0.0,0.516
6853,0.0,0.0,0.0,1000.0,0,10,-0.07400000000000001,0.0,0.516
6854,0.0,0.0,0.0,1000.0,0,10,-0.07200000000000001,0.0,0.516
6855,0.0,0.0,0.0,1000.0,0,10,-0.07,0.0,0.516
6856,0.0,0.0,0.0,1000.0,0,10,-0.068,0.0,0.516
6857,0.0,0.0,0.0,1000.0,0,10,-0.066,0.0,0.516
6858,0.0,0.0,0.0,1000.0,0,10,-0.064,0.0,0.516
6859,0.0,0.0,0.0,1000.0,0,10,-0.062,0.0,0.516
6860,0.0,0.0,0.0,1000.0,0,10,-0.06,0.0,0.516
6861,0.0,0.0,0.0,1000.0,0,10,-0.057999999999999996,0.0,0.516
6862,0.0,0.0,0.0,1000.0,0,10,-0.055999999999999994,0.0,0.516
6863,0.0,0.0,0.0,1000.0,0,10,-0.05399999999999999,0.0,0.516
6864,0.0,0.0,0.0,1000.0,0,10,-0.05199999999999999,0.0,0.516
6865,0.0,0.0,0.0,1000.0,0,10,-0.04999999999999999,0.0,0.516
6866,0.0,0.0,0.0,1000.0,0,10,-0.04799999999999999,0.0,0.516
6867,0.0,0.0,0.0,1000.0,0,10,-0.045999999999999985,0.0,0.516
6868,0.0,0.0,0.0,1000.0,0,10,-0.043999999999999984,0.0,0.516
6869,0.0,0.0,0.0,1000.0,0,10,-0.04199999999999998,0.0,0.516
6870,0.0,0.0,0.0,1000.0,0,10,-0.040000000000000036,0.0,0.516
6871,0.0,0.0,0.0,1000.0,0,10,-0.038000000000000034,0.0,0.516
6872,0.0,0.0,0.0,1000.0,0,10,-0.03600000000000003,0.0,0.516
6873,0.0,0.0,0.0,1000.0,0,10,-0.03400000000000003,0.0,0.516
6874,0.0,0.0,0.0,1000.0,0,10,-0.03200000000000003,0.0,0.516
6875,0.0,0.0,0.0,1000.0,0,10,-0.030000000000000027,0.0,0.516
6876,0.0,0.0,0.0,1000.0,0,10,-0.028000000000000025,0.0,0.516
6877,0.0,0.0,0.0,1000.0,0,10,-0.026000000000000023,0.0,0.516
6878,0.0,0.0,0.0,1000.0,0,10,-0.02400000000000002,0.0,0.516
6879,0.0,0.0,0.0,1000.0,0,10,-0.02200000000000002,0.0,0.516
6880,0.0,0.0,0.0,1000.0,0,10,-0.020000000000000018,0.0,0.516
6881,0.0,0.0,0.0,1000.0,0,10,-0.018000000000000016,0.0,0.516
6882,0.0,0.0,0.0,1000.0,0,10,-0.016000000000000014,0.0,0.516
6883,0.0,0.0,0.0,1000.0,0,10,-0.014000000000000012,0.0,0.516
6884,0.0,0.0,0.0,1000.0,0,10,-0.01200000000000001,0.0,0.516
6885,0.0,0.0,0.0,1000.0,0,10,-0.010000000000000009,0.0,0.516
6886,0.0,0.0,0.0,1000.0,0,10,-0.008000000000000007,0.0,0.516
6887,0.0,0.0,0.0,1000.0,0,10,-0.006000000000000005,0.0,0.516
6888,0.0,0.0,0.0,1000.0,0,10,-0.0040000000000000036,0.0,0.516
6889,0.0,0.0,0.0,1000.0,0,10,-0.0020000000000000018,0.0,0.516
6890,0.0,0.0,0.0,1000.0,0,10,0.0,0.0,0.516
6891,0.0,0.0,0.0,1000.0,0,10,0.0020000000000000018,0.0,0.516
6892,0.0,0.0,0.0,1000.0,0,10,0.0040000000000000036,0.0,0.516
6893,0.0,0.0,0.0,1000.0,0,10,0.006000000000000005,0.0,0.516
6894,0.0,0.0,0.0,1000.0,0,10,0.008000000000000007,0.0,0.516
6895,0.0,0.0,0.0,1000.0,0,10,0.010000000000000009,0.0,0.516
6896,0.0,0.0,0.0,1000.0,0,10,0.01200000000000001,0.0,0.516
6897,0.0,0.0,0.0,1000.0,0,10,0.014000000000000012,0.0,0.516
6898,0.0,0.0,0.0,1000.0,0,10,0.016000000000000014,0.0,0.516
6899,0.0,0.0,0.0,1000.0,0,10,0.018000000000000016,0.0,0.516
6900,0.0,0.0,0.0,1000.0,0,10,0.020000000000000018,0.0,0.516
6901,0.0,0.0,0.0,1000.0,0,10,0.021999999999999964,0.0,0.516
6902,0.0,0.0,0.0,1000.0,0,10,0.023999999999999966,0.0,0.516
6903,0.0,0.0,0.0,1000.0,0,10,0.025999999999999968,0.0,0.516
6904,0.0,0.0,0.0,1000.0,0,10,0.02799999999999997,0.0,0.516
6905,0.0,0.0,0.0,1000.0,0,10,0.02999999999999997,0.0,0.516
6906,0.0,0.0,0.0,1000.0,0,10,0.03199999999999997,0.0,0.516
6907,0.0,0.0,0.0,1000.0,0,10,0.033999999999999975,0.0,0.516
6908,0.0,0.0,0.0,1000.0,0,10,0.035999999999999976,0.0,0.516
6909,0.0,0.0,0.0,1000.0,0,10,0.03799999999999998,0.0,0.516
6910,0.0,0.0,0.0,1000.0,0,10,0.03999999999999998,0.0,0.516
6911,0.0,0.0,0.0,1000.0,0,10,0.04199999999999998,0.0,0.516
6912,0.0,0.0,0.0,1000.0,0,10,0.043999999999999984,0.0,0.516
6913,0.0,0.0,0.0,1000.0,0,10,0.045999999999999985,0.0,0.516
6914,0.0,0.0,0.0,1000.0,0,10,0.04799999999999999,0.0,0.516
6915,0.0,0.0,0.0,1000.0,0,10,0.04999999999999999,0.0,0.516
6916,0.0,0.0,0.0,1000.0,0,10,0.05199999999999999,0.0,0.516
6917,0.0,0.0,0.0,1000.0,0,10,0.05399999999999999,0.0,0.516
6918,0.0,0.0,0.0,1000.0,0,10,0.055999999999999994,0.0,0.516
6919,0.0,0.0,0.0,1000.0,0,10,0.057999999999999996,0.0,0.516
6920,0.0,0.0,0.0,1000.0,0,10,0.06,0.0,0.516
6921,0.0,0.0,0.0,1000.0,0,10,0.062,0.0,0.516
6922,0.0,0.0,0.0,1000.0,0,10,0.064,0.0,0.516
6923,0.0,0.0,0.0,1000.0,0,10,0.066,0.0,0.516
6924,0.0,0.0,0.0,1000.0,0,10,0.068,0.0,0.516
6925,0.0,0.0,0.0,1000.0,0,10,0.07,0.0,0.516
6926,0.0,0.0,0.0,1000.0,0,10,0.07200000000000001,0.0,0.516
6927,0.0,0.0,0.0,1000.0,0,10,0.07400000000000001,0.0,0.516
6928,0.0,0.0,0.0,1000.0,0,10,0.07600000000000001,0.0,0.516
6929,0.0,0.0,0.0,1000.0,0,10,0.07800000000000001,0.0,0.516
6930,0.0,0.0,0.0,1000.0,0,10,0.08000000000000002,0.0,0.516
6931,0.0,0.0,0.0,1000.0,0,10,0.08200000000000002,0.0,0.516
6932,0.0,0.0,0.0,1000.0,0,10,0.08400000000000002,0.0,0.516
6933,0.0,0.0,0.0,1000.0,0,10,0.08600000000000002,0.0,0.516
6934,0.0,0.0,0.0,1000.0,0,10,0.08800000000000002,0.0,0.516
6935,0.0,0.0,0.0,1000.0,0,10,0.09000000000000002,0.0,0.516
6936,0.0,0.0,0.0,1000.0,0,10,0.09200000000000003,0.0,0.516
6937,0.0,0.0,0.0,1000.0,0,10,0.09400000000000003,0.0,0.516
6938,0.0,0.0,0.0,1000.0,0,10,0.09600000000000003,0.0,0.516
6939,0.0,0.0,0.0,1000.0,0,10,0.09800000000000003,0.0,0.516
6940,0.0,0.0,0.0,1000.0,0,10,0.10000000000000003,0.0,0.516
6941,0.0,0.0,0.0,1000.0,0,10,0.10200000000000004,0.0,0.516
6942,0.0,0.0,0.0,1000.0,0,10,0.10400000000000004,0.0,0.516
6943,0.0,0.0,0.0,1000.0,0,10,0.10600000000000004,0.0,0.516
6944,0.0,0.0,0.0,1000.0,0,10,0.10800000000000004,0.0,0.516
6945,0.0,0.0,0.0,1000.0,0,10,0.11000000000000004,0.0,0.516
6946,0.0,0.0,0.0,1000.0,0,10,0.11200000000000004,0.0,0.516
6947,0.0,0.0,0.0,1000.0,0,10,0.11400000000000005,0.0,0.516
6948,0.0,0.0,0.0,1000.0,0,10,0.11600000000000005,0.0,0.516
6949,0.0,0.0,0.0,1000.0,0,10,0.11800000000000005,0.0,0.516
6950,0.0,0.0,0.0,1000.0,0,10,0.11999999999999994,0.0,0.516
6951,0.0,0.0,0.0,1000.0,0,10,0.12199999999999994,0.0,0.516
6952,0.0,0.0,0.0,1000.0,0,10,0.12399999999999994,0.0,0.516
6953,0.0,0.0,0.0,1000.0,0,10,0.12599999999999995,0.0,0.516
6954,0.0,0.0,0.0,1000.0,0,10,0.12799999999999995,0.0,0.516
6955,0.0,0.0,0.0,1000.0,0,10,0.12999999999999995,0.0,0.516
6956,0.0,0.0,0.0,1000.0,0,10,0.13199999999999995,0.0,0.516
6957,0.0,0.0,0.0,1000.0,0,10,0.13399999999999995,0.0,0.516
6958,0.0,0.0,0.0,1000.0,0,10,0.13599999999999995,0.0,0.516
6959,0.0,0.0,0.0,1000.0,0,10,0.13799999999999996,0.0,0.516
6960,0.0,0.0,0.0,1000.0,0,10,0.13999999999999996,0.0,0.516
6961,0.0,0.0,0.0,1000.0,0,10,0.14199999999999996,0.0,0.516
6962,0.0,0.0,0.0,1000.0,0,10,0.14399999999999996,0.0,0.516
6963,0.0,0.0,0.0,1000.0,0,10,0.14599999999999996,0.0,0.516
6964,0.0,0.0,0.0,1000.0,0,10,0.14799999999999996,0.0,0.516
6965,0.0,0.0,0.0,1000.0,0,10,0.14999999999999997,0.0,0.516
6966,0.0,0.0,0.0,1000.0,0,10,0.15199999999999997,0.0,0.516
6967,0.0,0.0,0.0,1000.0,0,10,0.15399999999999997,0.0,0.516
6968,0.0,0.0,0.0,1000.0,0,10,0.15599999999999997,0.0,0.516
6969,0.0,0.0,0.0,1000.0,0,10,0.15799999999999997,0.0,0.516
6970,0.0,0.0,0.0,1000.0,0,10,0.15999999999999998,0.0,0.516
6971,0.0,0.0,0.0,1000.0,0,10,0.16199999999999998,0.0,0.516
6972,0.0,0.0,0.0,1000.0,0,10,0.16399999999999998,0.0,0.516
6973,0.0,0.0,0.0,1000.0,0,10,0.16599999999999998,0.0,0.516
6974,0.0,0.0,0.0,1000.0,0,10,0.16799999999999998,0.0,0.516
6975,0.0,0.0,0.0,1000.0,0,10,0.16999999999999998,0.0,0.516
6976,0.0,0.0,0.0,1000.0,0,10,0.172,0.0,0.516
6977,0.0,0.0,0.0,1000.0,0,10,0.174,0.0,0.516
6978,0.0,0.0,0.0,1000.0,0,10,0.176,0.0,0.516
6979,0.0,0.0,0.0,1000.0,0,10,0.178,0.0,0.516
6980,0.0,0.0,0.0,1000.0,0,10,0.18,0.0,0.516
6981,0.0,0.0,0.0,1000.0,0,10,0.182,0.0,0.516
6982,0.0,0.0,0.0,1000.0,0,10,0.184,0.0,0.516
6983,0.0,0.0,0.0,1000.0,0,10,0.186,0.0,0.516
6984,0.0,0.0,0.0,1000.0,0,10,0.188,0.0,0.516
6985,0.0,0.0,0.0,1000.0,0,10,0.19,0.0,0.516
6986,0.0,0.0,0.0,1000.0,0,10,0.192,0.0,0.516
6987,0.0,0.0,0.0,1000.0,0,10,0.194,0.0,0.516
6988,0.0,0.0,0.0,1000.0,0,10,0.196,0.0,0.516
6989,0.0,0.0,0.0,1000.0,0,10,0.198,0.0,0.516
6990,0.0,0.0,0.0,1000.0,0,10,0.2,0.0,0.516
6991,0.0,0.0,0.0,1000.0,0,10,0.202,0.0,0.516
6992,0.0,0.0,0.0,1000.0,0,10,0.20400000000000001,0.0,0.516
6993,0.0,0.0,0.0,1000.0,0,10,0.20600000000000002,0.0,0.516
6994,0.0,0.0,0.0,1000.0,0,10,0.20800000000000002,0.0,0.516
6995,0.0,0.0,0.0,1000.0,0,10,0.21000000000000002,0.0,0.516
6996,0.0,0.0,0.0,1000.0,0,10,0.21200000000000002,0.0,0.516
6997,0.0,0.0,0.0,1000.0,0,10,0.21400000000000002,0.0,0.516
6998,0.0,0.0,0.0,1000.0,0,10,0.21600000000000003,0.0,0.516
6999,0.0,0.0,0.0,1000.0,0,10,0.21800000000000003,0.0,0.516
7000,0.0,0.0,0.0,1000.0,0,10,0.22000000000000003,0.0,0.516
7001,0.0,0.0,0.0,1000.0,0,10,0.22200000000000003,0.0,0.516
7002,0.0,0.0,0.0,1000.0,0,10,0.22400000000000003,0.0,0.516
7003,0.0,0.0,0.0,1000.0,0,10,0.22600000000000003,0.0,0.516
7004,0.0,0.0,0.0,1000.0,0,10,0.22800000000000004,0.0,0.516
7005,0.0,0.0,0.0,1000.0,0,10,0.23000000000000004,0.0,0.516
7006,0.0,0.0,0.0,1000.0,0,10,0.23200000000000004,0.0,0.516
7007,0.0,0.0,0.0,1000.0,0,10,0.23400000000000004,0.0,0.516
7008,0.0,0.0,0.0,1000.0,0,10,0.23600000000000004,0.0,0.516
7009,0.0,0.0,0.0,1000.0,0,10,0.23800000000000004,0.0,0.516
7010,0.0,0.0,0.0,1000.0,0,10,0.24000000000000005,0.0,0.516
7011,0.0,0.0,0.0,1000.0,0,10,0.24200000000000005,0.0,0.516
7012,0.0,0.0,0.0,1000.0,0,10,0.24400000000000005,0.0,0.516
7013,0.0,0.0,0.0,1000.0,0,10,0.24599999999999994,0.0,0.516
7014,0.0,0.0,0.0,1000.0,0,10,0.24799999999999994,0.0,0.516
7015,0.0,0.0,0.0,1000.0,0,10,0.24999999999999994,0.0,0.516
7016,0.0,0.0,0.0,1000.0,0,10,0.25199999999999995,0.0,0.516
7017,0.0,0.0,0.0,1000.0,0,10,0.25399999999999995,0.0,0.516
7018,0.0,0.0,0.0,1000.0,0,10,0.25599999999999995,0.0,0.516
7019,0.0,0.0,0.0,1000.0,0,10,0.25799999999999995,0.0,0.516
7020,0.0,0.0,0.0,1000.0,0,10,0.25999999999999995,0.0,0.516
7021,0.0,0.0,0.0,1000.0,0,10,0.26199999999999996,0.0,0.516
7022,0.0,0.0,0.0,1000.0,0,10,0.26399999999999996,0.0,0.516
7023,0.0,0.0,0.0,1000.0,0,10,0.26599999999999996,0.0,0.516
7024,0.0,0.0,0.0,1000.0,0,10,0.26799999999999996,0.0,0.516
7025,0.0,0.0,0.0,1000.0,0,10,0.26999999999999996,0.0,0.516
7026,0.0,0.0,0.0,1000.0,0,10,0.27199999999999996,0.0,0.516
7027,0.0,0.0,0.0,1000.0,0,10,0.27399999999999997,0.0,0.516
7028,0.0,0.0,0.0,1000.0,0,10,0.27599999999999997,0.0,0.516
7029,0.0,0.0,0.0,1000.0,0,10,0.27799999999999997,0.0,0.516
7030,0.0,0.0,0.0,1000.0,0,10,0.27999999999999997,0.0,0.516
7031,0.0,0.0,0.0,1000.0,0,10,0.282,0.0,0.516
7032,0.0,0.0,0.0,1000.0,0,10,0.284,0.0,0.516
7033,0.0,0.0,0.0,1000.0,0,10,0.286,0.0,0.516
7034,0.0,0.0,0.0,1000.0,0,10,0.288,0.0,0.516
7035,0.0,0.0,0.0,1000.0,0,10,0.29,0.0,0.516
7036,0.0,0.0,0.0,1000.0,0,10,0.292,0.0,0.516
7037,0.0,0.0,0.0,1000.0,0,10,0.294,0.0,0.516
7038,0.0,0.0,0.0,1000.0,0,10,0.296,0.0,0.516
7039,0.0,0.0,0.0,1000.0,0,10,0.298,0.0,0.516
7040,0.0,0.0,0.0,1000.0,0,10,0.3,0.0,0.516
7041,0.0,0.0,0.0,1000.0,0,10,0.302,0.0,0.516
7042,0.0,0.0,0.0,1000.0,0,10,0.304,0.0,0.516
7043,0.0,0.0,0.0,1000.0,0,10,0.306,0.0,0.516
7044,0.0,0.0,0.0,1000.0,0,10,0.308,0.0,0.516
7045,0.0,0.0,0.0,1000.0,0,10,0.31,0.0,0.516
7046,0.0,0.0,0.0,1000.0,0,10,0.312,0.0,0.516
7047,0.0,0.0,0.0,1000.0,0,10,0.314,0.0,0.516
7048,0.0,0.0,0.0,1000.0,0,10,0.316,0.0,0.516
7049,0.0,0.0,0.0,1000.0,0,10,0.318,0.0,0.516
7050,0.0,0.0,0.0,1000.0,0,10,0.32,0.0,0.516
7051,0.0,0.0,0.0,1000.0,0,10,0.322,0.0,0.516
7052,0.0,0.0,0.0,1000.0,0,10,0.324,0.0,0.516
7053,0.0,0.0,0.0,1000.0,0,10,0.326,0.0,0.516
7054,0.0,0.0,0.0,1000.0,0,10,0.328,0.0,0.516
7055,0.0,0.0,0.0,1000.0,0,10,0.33,0.0,0.516
7056,0.0,0.0,0.0,1000.0,0,10,0.332,0.0,0.516
7057,0.0,0.0,0.0,1000.0,0,10,0.334,0.0,0.516
7058,0.0,0.0,0.0,1000.0,0,10,0.336,0.0,0.516
7059,0.0,0.0,0.0,1000.0,0,10,0.338,0.0,0.516
7060,0.0,0.0,0.0,1000.0,0,10,0.34,0.0,0.516
7061,0.0,0.0,0.0,1000.0,0,10,0.342,0.0,0.516
7062,0.0,0.0,0.0,1000.0,0,10,0.34400000000000003,0.0,0.516
7063,0.0,0.0,0.0,1000.0,0,10,0.34600000000000003,0.0,0.516
7064,0.0,0.0,0.0,1000.0,0,10,0.34800000000000003,0.0,0.516
7065,0.0,0.0,0.0,1000.0,0,10,0.35000000000000003,0.0,0.516
7066,0.0,0.0,0.0,1000.0,0,10,0.35200000000000004,0.0,0.516
7067,0.0,0.0,0.0,1000.0,0,10,0.35400000000000004,0.0,0.516
7068,0.0,0.0,0.0,1000.0,0,10,0.35600000000000004,0.0,0.516
7069,0.0,0.0,0.0,1000.0,0,10,0.35800000000000004,0.0,0.516
7070,0.0,0.0,0.0,1000.0,0,10,0.36000000000000004,0.0,0.516
7071,0.0,0.0,0.0,1000.0,0,10,0.36200000000000004,0.0,0.516
7072,0.0,0.0,0.0,1000.0,0,10,0.36400000000000005,0.0,0.516
7073,0.0,0.0,0.0,1000.0,0,10,0.36600000000000005,0.0,0.516
7074,0.0,0.0,0.0,1000.0,0,10,0.36800000000000005,0.0,0.516
7075,0.0,0.0,0.0,1000.0,0,10,0.37000000000000005,0.0,0.516
7076,0.0,0.0,0.0,1000.0,0,10,0.37200000000000005,0.0,0.516
7077,0.0,0.0,0.0,1000.0,0,10,0.37400000000000005,0.0,0.516
7078,0.0,0.0,0.0,1000.0,0,10,0.37599999999999995,0.0,0.516
7079,0.0,0.0,0.0,1000.0,0,10,0.37799999999999995,0.0,0.516
7080,0.0,0.0,0.0,1000.0,0,10,0.37999999999999995,0.0,0.516
7081,0.0,0.0,0.0,1000.0,0,10,0.38199999999999995,0.0,0.516
7082,0.0,0.0,0.0,1000.0,0,10,0.38399999999999995,0.0,0.516
7083,0.0,0.0,0.0,1000.0,0,10,0.38599999999999995,0.0,0.516
7084,0.0,0.0,0.0,1000.0,0,10,0.38799999999999996,0.0,0.516
7085,0.0,0.0,0.0,1000.0,0,10,0.38999999999999996,0.0,0.516
7086,0.0,0.0,0.0,1000.0,0,10,0.39199999999999996,0.0,0.516
7087,0.0,0.0,0.0,1000.0,0,10,0.39399999999999996,0.0,0.516
7088,0.0,0.0,0.0,1000.0,0,10,0.39599999999999996,0.0,0.516
7089,0.0,0.0,0.0,1000.0,0,10,0.39799999999999996,0.0,0.516
7090,0.0,0.0,0.0,1000.0,0,10,0.39999999999999997,0.0,0.516
7091,0.0,0.0,0.0,1000.0,0,10,0.40199999999999997,0.0,0.516
7092,0.0,0.0,0.0,1000.0,0,10,0.40399999999999997,0.0,0.516
7093,0.0,0.0,0.0,1000.0,0,10,0.40599999999999997,0.0,0.516
7094,0.0,0.0,0.0,1000.0,0,10,0.408,0.0,0.516
7095,0.0,0.0,0.0,1000.0,0,10,0.41,0.0,0.516
7096,0.0,0.0,0.0,1000.0,0,10,0.412,0.0,0.516
7097,0.0,0.0,0.0,1000.0,0,10,0.414,0.0,0.516
7098,0.0,0.0,0.0,1000.0,0,10,0.416,0.0,0.516
7099,0.0,0.0,0.0,1000.0,0,10,0.418,0.0,0.516
7100,0.0,0.0,0.0,1000.0,0,10,0.42,0.0,0.516
7101,0.0,0.0,0.0,1000.0,0,10,0.422,0.0,0.516
7102,0.0,0.0,0.0,1000.0,0,10,0.424,0.0,0.516
7103,0.0,0.0,0.0,1000.0,0,10,0.426,0.0,0.516
7104,0.0,0.0,0.0,1000.0,0,10,0.428,0.0,0.516
7105,0.0,0.0,0.0,1000.0,0,10,0.43,0.0,0.516
7106,0.0,0.0,0.0,1000.0,0,10,0.432,0.0,0.516
7107,0.0,0.0,0.0,1000.0,0,10,0.434,0.0,0.516
7108,0.0,0.0,0.0,1000.0,0,10,0.436,0.0,0.516
7109,0.0,0.0,0.0,1000.0,0,10,0.438,0.0,0.516
7110,0.0,0.0,0.0,1000.0,0,10,0.44,0.0,0.516
7111,0.0,0.0,0.0,1000.0,0,10,0.442,0.0,0.516
7112,0.0,0.0,0.0,1000.0,0,10,0.444,0.0,0.516
7113,0.0,0.0,0.0,1000.0,0,10,0.446,0.0,0.516
7114,0.0,0.0,0.0,1000.0,0,10,0.448,0.0,0.516
7115,0.0,0.0,0.0,1000.0,0,10,0.45,0.0,0.516
7116,0.0,0.0,0.0,1000.0,0,10,0.452,0.0,0.516
7117,0.0,0.0,0.0,1000.0,0,10,0.454,0.0,0.516
7118,0.0,0.0,0.0,1000.0,0,10,0.456,0.0,0.516
7119,0.0,0.0,0.0,1000.0,0,10,0.458,0.0,0.516
