"Idp","Mk","Normal:0","Normal:1","Normal:2","NormalSize","Points:0","Points:1","Points:2"
0,10,0.04999999999999999,0.0,0.05,0.07071067811865475,-0.49,0.0,-0.04
1,10,0.03999999999999998,0.0,0.05,0.06403124237432847,-0.48,0.0,-0.04
2,10,0.02999999999999997,0.0,0.05,0.058309518948452994,-0.47,0.0,-0.04
3,10,0.019999999999999962,0.0,0.05,0.05385164807134503,-0.45999999999999996,0.0,-0.04
4,10,0.010000000000000009,0.0,0.05,0.050990195135927854,-0.45,0.0,-0.04
5,10,0.0,0.0,0.05,0.05,-0.44,0.0,-0.04
6,10,0.0,0.0,0.05,0.05,-0.43,0.0,-0.04
7,10,0.0,0.0,0.05,0.05,-0.42,0.0,-0.04
8,10,0.0,0.0,0.05,0.05,-0.41,0.0,-0.04
9,10,0.0,0.0,0.05,0.05,-0.4,0.0,-0.04
10,10,0.0,0.0,0.05,0.05,-0.39,0.0,-0.04
11,10,0.0,0.0,0.05,0.05,-0.38,0.0,-0.04
12,10,0.0,0.0,0.05,0.05,-0.37,0.0,-0.04
13,10,0.0,0.0,0.05,0.05,-0.36,0.0,-0.04
14,10,0.0,0.0,0.05,0.05,-0.35,0.0,-0.04
15,10,0.0,0.0,0.05,0.05,-0.33999999999999997,0.0,-0.04
16,10,0.0,0.0,0.05,0.05,-0.32999999999999996,0.0,-0.04
17,10,0.0,0.0,0.05,0.05,-0.31999999999999995,0.0,-0.04
18,10,0.0,0.0,0.05,0.05,-0.31,0.0,-0.04
19,10,0.0,0.0,0.05,0.05,-0.3,0.0,-0.04
20,10,0.0,0.0,0.05,0.05,-0.29,0.0,-0.04
21,10,0.0,0.0,0.05,0.05,-0.28,0.0,-0.04
22,10,0.0,0.0,0.05,0.05,-0.27,0.0,-0.04
23,10,0.0,0.0,0.05,0.05,-0.26,0.0,-0.04
24,10,0.0,0.0,0.05,0.05,-0.25,0.0,-0.04
25,10,0.0,0.0,0.05,0.05,-0.24,0.0,-0.04
26,10,0.0,0.0,0.05,0.05,-0.22999999999999998,0.0,-0.04
27,10,0.0,0.0,0.05,0.05,-0.21999999999999997,0.0,-0.04
28,10,0.0,0.0,0.05,0.05,-0.20999999999999996,0.0,-0.04
29,10,0.0,0.0,0.05,0.05,-0.2,0.0,-0.04
30,10,0.0,0.0,0.05,0.05,-0.19,0.0,-0.04
31,10,0.0,0.0,0.05,0.05,-0.18,0.0,-0.04
32,10,0.0,0.0,0.05,0.05,-0.16999999999999998,0.0,-0.04
33,10,0.0,0.0,0.05,0.05,-0.15999999999999998,0.0,-0.04
34,10,0.0,0.0,0.05,0.05,-0.14999999999999997,0.0,-0.04
35,10,0.0,0.0,0.05,0.05,-0.13999999999999996,0.0,-0.04
36,10,0.0,0.0,0.05,0.05,-0.13,0.0,-0.04
37,10,0.0,0.0,0.05,0.05,-0.12,0.0,-0.04
38,10,0.0,0.0,0.05,0.05,-0.10999999999999999,0.0,-0.04
39,10,0.0,0.0,0.05,0.05,-0.09999999999999998,0.0,-0.04
40,10,0.0,0.0,0.05,0.05,-0.08999999999999997,0.0,-0.04
41,10,0.0,0.0,0.05,0.05,-0.07999999999999996,0.0,-0.04
42,10,0.0,0.0,0.05,0.05,-0.07,0.0,-0.04
43,10,0.0,0.0,0.05,0.05,-0.06,0.0,-0.04
44,10,0.0,0.0,0.05,0.05,-0.04999999999999999,0.0,-0.04
45,10,0.0,0.0,0.05,0.05,-0.03999999999999998,0.0,-0.04
46,10,0.0,0.0,0.05,0.05,-0.02999999999999997,0.0,-0.04
47,10,0.0,0.0,0.05,0.05,-0.019999999999999962,0.0,-0.04
48,10,0.0,0.0,0.05,0.05,-0.010000000000000009,0.0,-0.04
49,10,0.0,0.0,0.05,0.05,0.0,0.0,-0.04
50,10,0.0,0.0,0.05,0.05,0.010000000000000009,0.0,-0.04
51,10,0.0,0.0,0.05,0.05,0.020000000000000018,0.0,-0.04
52,10,0.0,0.0,0.05,0.05,0.030000000000000027,0.0,-0.04
53,10,0.0,0.0,0.05,0.05,0.040000000000000036,0.0,-0.04
54,10,0.0,0.0,0.05,0.05,0.050000000000000044,0.0,-0.04
55,10,0.0,0.0,0.05,0.05,0.06000000000000005,0.0,-0.04
56,10,0.0,0.0,0.05,0.05,0.07000000000000006,0.0,-0.04
57,10,0.0,0.0,0.05,0.05,0.08000000000000007,0.0,-0.04
58,10,0.0,0.0,0.05,0.05,0.08999999999999997,0.0,-0.04
59,10,0.0,0.0,0.05,0.05,0.09999999999999998,0.0,-0.04
60,10,0.0,0.0,0.05,0.05,0.10999999999999999,0.0,-0.04
61,10,0.0,0.0,0.05,0.05,0.12,0.0,-0.04
62,10,0.0,0.0,0.05,0.05,0.13,0.0,-0.04
63,10,0.0,0.0,0.05,0.05,0.14,0.0,-0.04
64,10,0.0,0.0,0.05,0.05,0.15000000000000002,0.0,-0.04
65,10,0.0,0.0,0.05,0.05,0.16000000000000003,0.0,-0.04
66,10,0.0,0.0,0.05,0.05,0.17000000000000004,0.0,-0.04
67,10,0.0,0.0,0.05,0.05,0.18000000000000005,0.0,-0.04
68,10,0.0,0.0,0.05,0.05,0.19000000000000006,0.0,-0.04
69,10,0.0,0.0,0.05,0.05,0.20000000000000007,0.0,-0.04
70,10,0.0,0.0,0.05,0.05,0.21000000000000008,0.0,-0.04
71,10,0.0,0.0,0.05,0.05,0.21999999999999997,0.0,-0.04
72,10,0.0,0.0,0.05,0.05,0.22999999999999998,0.0,-0.04
73,10,0.0,0.0,0.05,0.05,0.24,0.0,-0.04
74,10,0.0,0.0,0.05,0.05,0.25,0.0,-0.04
75,10,0.0,0.0,0.05,0.05,0.26,0.0,-0.04
76,10,0.0,0.0,0.05,0.05,0.27,0.0,-0.04
77,10,0.0,0.0,0.05,0.05,0.28,0.0,-0.04
78,10,0.0,0.0,0.05,0.05,0.29000000000000004,0.0,-0.04
79,10,0.0,0.0,0.05,0.05,0.30000000000000004,0.0,-0.04
80,10,0.0,0.0,0.05,0.05,0.31000000000000005,0.0,-0.04
81,10,0.0,0.0,0.05,0.05,0.32000000000000006,0.0,-0.04
82,10,0.0,0.0,0.05,0.05,0.33000000000000007,0.0,-0.04
83,10,0.0,0.0,0.05,0.05,0.3400000000000001,0.0,-0.04
84,10,0.0,0.0,0.05,0.05,0.35,0.0,-0.04
85,10,0.0,0.0,0.05,0.05,0.36,0.0,-0.04
86,10,0.0,0.0,0.05,0.05,0.37,0.0,-0.04
87,10,0.0,0.0,0.05,0.05,0.38,0.0,-0.04
88,10,0.0,0.0,0.05,0.05,0.39,0.0,-0.04
89,10,0.0,0.0,0.05,0.05,0.4,0.0,-0.04
90,10,0.0,0.0,0.05,0.05,0.41000000000000003,0.0,-0.04
91,10,0.0,0.0,0.05,0.05,0.42000000000000004,0.0,-0.04
92,10,0.0,0.0,0.05,0.05,0.43000000000000005,0.0,-0.04
93,10,-5.551115123125783e-17,0.0,0.05,0.05,0.44000000000000006,0.0,-0.04
94,10,-0.010000000000000064,0.0,0.05,0.05099019513592786,0.45000000000000007,0.0,-0.04
95,10,-0.020000000000000073,0.0,0.05,0.05385164807134507,0.4600000000000001,0.0,-0.04
96,10,-0.02999999999999997,0.0,0.05,0.058309518948452994,0.47,0.0,-0.04
97,10,-0.03999999999999998,0.0,0.05,0.06403124237432847,0.48,0.0,-0.04
98,10,-0.04999999999999999,0.0,0.05,0.07071067811865475,0.49,0.0,-0.04
99,10,0.04999999999999999,0.0,0.04,0.06403124237432847,-0.49,0.0,-0.03
100,10,0.03999999999999998,0.0,0.04,0.05656854249492379,-0.48,0.0,-0.03
101,10,0.02999999999999997,0.0,0.04,0.04999999999999998,-0.47,0.0,-0.03
102,10,0.019999999999999962,0.0,0.04,0.04472135954999578,-0.45999999999999996,0.0,-0.03
103,10,0.010000000000000009,0.0,0.04,0.04123105625617661,-0.45,0.0,-0.03
104,10,0.0,0.0,0.04,0.04,-0.44,0.0,-0.03
105,10,0.0,0.0,0.04,0.04,-0.43,0.0,-0.03
106,10,0.0,0.0,0.04,0.04,-0.42,0.0,-0.03
107,10,0.0,0.0,0.04,0.04,-0.41,0.0,-0.03
108,10,0.0,0.0,0.04,0.04,-0.4,0.0,-0.03
109,10,0.0,0.0,0.04,0.04,-0.39,0.0,-0.03
110,10,0.0,0.0,0.04,0.04,-0.38,0.0,-0.03
111,10,0.0,0.0,0.04,0.04,-0.37,0.0,-0.03
112,10,0.0,0.0,0.04,0.04,-0.36,0.0,-0.03
113,10,0.0,0.0,0.04,0.04,-0.35,0.0,-0.03
114,10,0.0,0.0,0.04,0.04,-0.33999999999999997,0.0,-0.03
115,10,0.0,0.0,0.04,0.04,-0.32999999999999996,0.0,-0.03
116,10,0.0,0.0,0.04,0.04,-0.31999999999999995,0.0,-0.03
117,10,0.0,0.0,0.04,0.04,-0.31,0.0,-0.03
118,10,0.0,0.0,0.04,0.04,-0.3,0.0,-0.03
119,10,0.0,0.0,0.04,0.04,-0.29,0.0,-0.03
120,10,0.0,0.0,0.04,0.04,-0.28,0.0,-0.03
121,10,0.0,0.0,0.04,0.04,-0.27,0.0,-0.03
122,10,0.0,0.0,0.04,0.04,-0.26,0.0,-0.03
123,10,0.0,0.0,0.04,0.04,-0.25,0.0,-0.03
124,10,0.0,0.0,0.04,0.04,-0.24,0.0,-0.03
125,10,0.0,0.0,0.04,0.04,-0.22999999999999998,0.0,-0.03
126,10,0.0,0.0,0.04,0.04,-0.21999999999999997,0.0,-0.03
127,10,0.0,0.0,0.04,0.04,-0.20999999999999996,0.0,-0.03
128,10,0.0,0.0,0.04,0.04,-0.2,0.0,-0.03
129,10,0.0,0.0,0.04,0.04,-0.19,0.0,-0.03
130,10,0.0,0.0,0.04,0.04,-0.18,0.0,-0.03
131,10,0.0,0.0,0.04,0.04,-0.16999999999999998,0.0,-0.03
132,10,0.0,0.0,0.04,0.04,-0.15999999999999998,0.0,-0.03
133,10,0.0,0.0,0.04,0.04,-0.14999999999999997,0.0,-0.03
134,10,0.0,0.0,0.04,0.04,-0.13999999999999996,0.0,-0.03
135,10,0.0,0.0,0.04,0.04,-0.13,0.0,-0.03
136,10,0.0,0.0,0.04,0.04,-0.12,0.0,-0.03
137,10,0.0,0.0,0.04,0.04,-0.10999999999999999,0.0,-0.03
138,10,0.0,0.0,0.04,0.04,-0.09999999999999998,0.0,-0.03
139,10,0.0,0.0,0.04,0.04,-0.08999999999999997,0.0,-0.03
140,10,0.0,0.0,0.04,0.04,-0.07999999999999996,0.0,-0.03
141,10,0.0,0.0,0.04,0.04,-0.07,0.0,-0.03
142,10,0.0,0.0,0.04,0.04,-0.06,0.0,-0.03
143,10,0.0,0.0,0.04,0.04,-0.04999999999999999,0.0,-0.03
144,10,0.0,0.0,0.04,0.04,-0.03999999999999998,0.0,-0.03
145,10,0.0,0.0,0.04,0.04,-0.02999999999999997,0.0,-0.03
146,10,0.0,0.0,0.04,0.04,-0.019999999999999962,0.0,-0.03
147,10,0.0,0.0,0.04,0.04,-0.010000000000000009,0.0,-0.03
148,10,0.0,0.0,0.04,0.04,0.0,0.0,-0.03
149,10,0.0,0.0,0.04,0.04,0.010000000000000009,0.0,-0.03
150,10,0.0,0.0,0.04,0.04,0.020000000000000018,0.0,-0.03
151,10,0.0,0.0,0.04,0.04,0.030000000000000027,0.0,-0.03
152,10,0.0,0.0,0.04,0.04,0.040000000000000036,0.0,-0.03
153,10,0.0,0.0,0.04,0.04,0.050000000000000044,0.0,-0.03
154,10,0.0,0.0,0.04,0.04,0.06000000000000005,0.0,-0.03
155,10,0.0,0.0,0.04,0.04,0.07000000000000006,0.0,-0.03
156,10,0.0,0.0,0.04,0.04,0.08000000000000007,0.0,-0.03
157,10,0.0,0.0,0.04,0.04,0.08999999999999997,0.0,-0.03
158,10,0.0,0.0,0.04,0.04,0.09999999999999998,0.0,-0.03
159,10,0.0,0.0,0.04,0.04,0.10999999999999999,0.0,-0.03
160,10,0.0,0.0,0.04,0.04,0.12,0.0,-0.03
161,10,0.0,0.0,0.04,0.04,0.13,0.0,-0.03
162,10,0.0,0.0,0.04,0.04,0.14,0.0,-0.03
163,10,0.0,0.0,0.04,0.04,0.15000000000000002,0.0,-0.03
164,10,0.0,0.0,0.04,0.04,0.16000000000000003,0.0,-0.03
165,10,0.0,0.0,0.04,0.04,0.17000000000000004,0.0,-0.03
166,10,0.0,0.0,0.04,0.04,0.18000000000000005,0.0,-0.03
167,10,0.0,0.0,0.04,0.04,0.19000000000000006,0.0,-0.03
168,10,0.0,0.0,0.04,0.04,0.20000000000000007,0.0,-0.03
169,10,0.0,0.0,0.04,0.04,0.21000000000000008,0.0,-0.03
170,10,0.0,0.0,0.04,0.04,0.21999999999999997,0.0,-0.03
171,10,0.0,0.0,0.04,0.04,0.22999999999999998,0.0,-0.03
172,10,0.0,0.0,0.04,0.04,0.24,0.0,-0.03
173,10,0.0,0.0,0.04,0.04,0.25,0.0,-0.03
174,10,0.0,0.0,0.04,0.04,0.26,0.0,-0.03
175,10,0.0,0.0,0.04,0.04,0.27,0.0,-0.03
176,10,0.0,0.0,0.04,0.04,0.28,0.0,-0.03
177,10,0.0,0.0,0.04,0.04,0.29000000000000004,0.0,-0.03
178,10,0.0,0.0,0.04,0.04,0.30000000000000004,0.0,-0.03
179,10,0.0,0.0,0.04,0.04,0.31000000000000005,0.0,-0.03
180,10,0.0,0.0,0.04,0.04,0.32000000000000006,0.0,-0.03
181,10,0.0,0.0,0.04,0.04,0.33000000000000007,0.0,-0.03
182,10,0.0,0.0,0.04,0.04,0.3400000000000001,0.0,-0.03
183,10,0.0,0.0,0.04,0.04,0.35,0.0,-0.03
184,10,0.0,0.0,0.04,0.04,0.36,0.0,-0.03
185,10,0.0,0.0,0.04,0.04,0.37,0.0,-0.03
186,10,0.0,0.0,0.04,0.04,0.38,0.0,-0.03
187,10,0.0,0.0,0.04,0.04,0.39,0.0,-0.03
188,10,0.0,0.0,0.04,0.04,0.4,0.0,-0.03
189,10,0.0,0.0,0.04,0.04,0.41000000000000003,0.0,-0.03
190,10,0.0,0.0,0.04,0.04,0.42000000000000004,0.0,-0.03
191,10,0.0,0.0,0.04,0.04,0.43000000000000005,0.0,-0.03
192,10,-5.551115123125783e-17,0.0,0.04,0.04,0.44000000000000006,0.0,-0.03
193,10,-0.010000000000000064,0.0,0.04,0.041231056256176624,0.45000000000000007,0.0,-0.03
194,10,-0.020000000000000073,0.0,0.04,0.04472135954999583,0.4600000000000001,0.0,-0.03
195,10,-0.02999999999999997,0.0,0.04,0.04999999999999998,0.47,0.0,-0.03
196,10,-0.03999999999999998,0.0,0.04,0.05656854249492379,0.48,0.0,-0.03
197,10,-0.04999999999999999,0.0,0.04,0.06403124237432847,0.49,0.0,-0.03
198,10,0.04999999999999999,0.0,0.03,0.058309518948452994,-0.49,0.0,-0.02
199,10,0.03999999999999998,0.0,0.03,0.04999999999999998,-0.48,0.0,-0.02
200,10,0.02999999999999997,0.0,0.03,0.04242640687119283,-0.47,0.0,-0.02
201,10,0.019999999999999962,0.0,0.03,0.03605551275463987,-0.45999999999999996,0.0,-0.02
202,10,0.010000000000000009,0.0,0.03,0.0316227766016838,-0.45,0.0,-0.02
203,10,0.0,0.0,0.03,0.03,-0.44,0.0,-0.02
204,10,0.0,0.0,0.03,0.03,-0.43,0.0,-0.02
205,10,0.0,0.0,0.03,0.03,-0.42,0.0,-0.02
206,10,0.0,0.0,0.03,0.03,-0.41,0.0,-0.02
207,10,0.0,0.0,0.03,0.03,-0.4,0.0,-0.02
208,10,0.0,0.0,0.03,0.03,-0.39,0.0,-0.02
209,10,0.0,0.0,0.03,0.03,-0.38,0.0,-0.02
210,10,0.0,0.0,0.03,0.03,-0.37,0.0,-0.02
211,10,0.0,0.0,0.03,0.03,-0.36,0.0,-0.02
212,10,0.0,0.0,0.03,0.03,-0.35,0.0,-0.02
213,10,0.0,0.0,0.03,0.03,-0.33999999999999997,0.0,-0.02
214,10,0.0,0.0,0.03,0.03,-0.32999999999999996,0.0,-0.02
215,10,0.0,0.0,0.03,0.03,-0.31999999999999995,0.0,-0.02
216,10,0.0,0.0,0.03,0.03,-0.31,0.0,-0.02
217,10,0.0,0.0,0.03,0.03,-0.3,0.0,-0.02
218,10,0.0,0.0,0.03,0.03,-0.29,0.0,-0.02
219,10,0.0,0.0,0.03,0.03,-0.28,0.0,-0.02
220,10,0.0,0.0,0.03,0.03,-0.27,0.0,-0.02
221,10,0.0,0.0,0.03,0.03,-0.26,0.0,-0.02
222,10,0.0,0.0,0.03,0.03,-0.25,0.0,-0.02
223,10,0.0,0.0,0.03,0.03,-0.24,0.0,-0.02
224,10,0.0,0.0,0.03,0.03,-0.22999999999999998,0.0,-0.02
225,10,0.0,0.0,0.03,0.03,-0.21999999999999997,0.0,-0.02
226,10,0.0,0.0,0.03,0.03,-0.20999999999999996,0.0,-0.02
227,10,0.0,0.0,0.03,0.03,-0.2,0.0,-0.02
228,10,0.0,0.0,0.03,0.03,-0.19,0.0,-0.02
229,10,0.0,0.0,0.03,0.03,-0.18,0.0,-0.02
230,10,0.0,0.0,0.03,0.03,-0.16999999999999998,0.0,-0.02
231,10,0.0,0.0,0.03,0.03,-0.15999999999999998,0.0,-0.02
232,10,0.0,0.0,0.03,0.03,-0.14999999999999997,0.0,-0.02
233,10,0.0,0.0,0.03,0.03,-0.13999999999999996,0.0,-0.02
234,10,0.0,0.0,0.03,0.03,-0.13,0.0,-0.02
235,10,0.0,0.0,0.03,0.03,-0.12,0.0,-0.02
236,10,0.0,0.0,0.03,0.03,-0.10999999999999999,0.0,-0.02
237,10,0.0,0.0,0.03,0.03,-0.09999999999999998,0.0,-0.02
238,10,0.0,0.0,0.03,0.03,-0.08999999999999997,0.0,-0.02
239,10,0.0,0.0,0.03,0.03,-0.07999999999999996,0.0,-0.02
240,10,0.0,0.0,0.03,0.03,-0.07,0.0,-0.02
241,10,0.0,0.0,0.03,0.03,-0.06,0.0,-0.02
242,10,0.0,0.0,0.03,0.03,-0.04999999999999999,0.0,-0.02
243,10,0.0,0.0,0.03,0.03,-0.03999999999999998,0.0,-0.02
244,10,0.0,0.0,0.03,0.03,-0.02999999999999997,0.0,-0.02
245,10,0.0,0.0,0.03,0.03,-0.019999999999999962,0.0,-0.02
246,10,0.0,0.0,0.03,0.03,-0.010000000000000009,0.0,-0.02
247,10,0.0,0.0,0.03,0.03,0.0,0.0,-0.02
248,10,0.0,0.0,0.03,0.03,0.010000000000000009,0.0,-0.02
249,10,0.0,0.0,0.03,0.03,0.020000000000000018,0.0,-0.02
250,10,0.0,0.0,0.03,0.03,0.030000000000000027,0.0,-0.02
251,10,0.0,0.0,0.03,0.03,0.040000000000000036,0.0,-0.02
252,10,0.0,0.0,0.03,0.03,0.050000000000000044,0.0,-0.02
253,10,0.0,0.0,0.03,0.03,0.06000000000000005,0.0,-0.02
254,10,0.0,0.0,0.03,0.03,0.07000000000000006,0.0,-0.02
255,10,0.0,0.0,0.03,0.03,0.08000000000000007,0.0,-0.02
256,10,0.0,0.0,0.03,0.03,0.08999999999999997,0.0,-0.02
257,10,0.0,0.0,0.03,0.03,0.09999999999999998,0.0,-0.02
258,10,0.0,0.0,0.03,0.03,0.10999999999999999,0.0,-0.02
259,10,0.0,0.0,0.03,0.03,0.12,0.0,-0.02
260,10,0.0,0.0,0.03,0.03,0.13,0.0,-0.02
261,10,0.0,0.0,0.03,0.03,0.14,0.0,-0.02
262,10,0.0,0.0,0.03,0.03,0.15000000000000002,0.0,-0.02
263,10,0.0,0.0,0.03,0.03,0.16000000000000003,0.0,-0.02
264,10,0.0,0.0,0.03,0.03,0.17000000000000004,0.0,-0.02
265,10,0.0,0.0,0.03,0.03,0.18000000000000005,0.0,-0.02
266,10,0.0,0.0,0.03,0.03,0.19000000000000006,0.0,-0.02
267,10,0.0,0.0,0.03,0.03,0.20000000000000007,0.0,-0.02
268,10,0.0,0.0,0.03,0.03,0.21000000000000008,0.0,-0.02
269,10,0.0,0.0,0.03,0.03,0.21999999999999997,0.0,-0.02
270,10,0.0,0.0,0.03,0.03,0.22999999999999998,0.0,-0.02
271,10,0.0,0.0,0.03,0.03,0.24,0.0,-0.02
272,10,0.0,0.0,0.03,0.03,0.25,0.0,-0.02
273,10,0.0,0.0,0.03,0.03,0.26,0.0,-0.02
274,10,0.0,0.0,0.03,0.03,0.27,0.0,-0.02
275,10,0.0,0.0,0.03,0.03,0.28,0.0,-0.02
276,10,0.0,0.0,0.03,0.03,0.29000000000000004,0.0,-0.02
277,10,0.0,0.0,0.03,0.03,0.30000000000000004,0.0,-0.02
278,10,0.0,0.0,0.03,0.03,0.31000000000000005,0.0,-0.02
279,10,0.0,0.0,0.03,0.03,0.32000000000000006,0.0,-0.02
280,10,0.0,0.0,0.03,0.03,0.33000000000000007,0.0,-0.02
281,10,0.0,0.0,0.03,0.03,0.3400000000000001,0.0,-0.02
282,10,0.0,0.0,0.03,0.03,0.35,0.0,-0.02
283,10,0.0,0.0,0.03,0.03,0.36,0.0,-0.02
284,10,0.0,0.0,0.03,0.03,0.37,0.0,-0.02
285,10,0.0,0.0,0.03,0.03,0.38,0.0,-0.02
286,10,0.0,0.0,0.03,0.03,0.39,0.0,-0.02
287,10,0.0,0.0,0.03,0.03,0.4,0.0,-0.02
288,10,0.0,0.0,0.03,0.03,0.41000000000000003,0.0,-0.02
289,10,0.0,0.0,0.03,0.03,0.42000000000000004,0.0,-0.02
290,10,0.0,0.0,0.03,0.03,0.43000000000000005,0.0,-0.02
291,10,-5.551115123125783e-17,0.0,0.03,0.03,0.44000000000000006,0.0,-0.02
292,10,-0.010000000000000064,0.0,0.03,0.03162277660168381,0.45000000000000007,0.0,-0.02
293,10,-0.020000000000000073,0.0,0.03,0.03605551275463993,0.4600000000000001,0.0,-0.02
294,10,-0.02999999999999997,0.0,0.03,0.04242640687119283,0.47,0.0,-0.02
295,10,-0.03999999999999998,0.0,0.03,0.04999999999999998,0.48,0.0,-0.02
296,10,-0.04999999999999999,0.0,0.03,0.058309518948452994,0.49,0.0,-0.02
297,10,0.04999999999999999,0.0,0.020000000000000004,0.05385164807134503,-0.49,0.0,-0.010000000000000002
298,10,0.03999999999999998,0.0,0.020000000000000004,0.04472135954999578,-0.48,0.0,-0.010000000000000002
299,10,0.02999999999999997,0.0,0.020000000000000004,0.03605551275463987,-0.47,0.0,-0.010000000000000002
300,10,0.019999999999999962,0.0,0.020000000000000004,0.028284271247461877,-0.45999999999999996,0.0,-0.010000000000000002
301,10,0.010000000000000009,0.0,0.020000000000000004,0.022360679774997904,-0.45,0.0,-0.010000000000000002
302,10,0.0,0.0,0.020000000000000004,0.020000000000000004,-0.44,0.0,-0.010000000000000002
303,10,0.0,0.0,0.020000000000000004,0.020000000000000004,-0.43,0.0,-0.010000000000000002
304,10,0.0,0.0,0.020000000000000004,0.020000000000000004,-0.42,0.0,-0.010000000000000002
305,10,0.0,0.0,0.020000000000000004,0.020000000000000004,-0.41,0.0,-0.010000000000000002
306,10,0.0,0.0,0.020000000000000004,0.020000000000000004,-0.4,0.0,-0.010000000000000002
307,10,0.0,0.0,0.020000000000000004,0.020000000000000004,-0.39,0.0,-0.010000000000000002
308,10,0.0,0.0,0.020000000000000004,0.020000000000000004,-0.38,0.0,-0.010000000000000002
309,10,0.0,0.0,0.020000000000000004,0.020000000000000004,-0.37,0.0,-0.010000000000000002
310,10,0.0,0.0,0.020000000000000004,0.020000000000000004,-0.36,0.0,-0.010000000000000002
311,10,0.0,0.0,0.020000000000000004,0.020000000000000004,-0.35,0.0,-0.010000000000000002
312,10,0.0,0.0,0.020000000000000004,0.020000000000000004,-0.33999999999999997,0.0,-0.010000000000000002
313,10,0.0,0.0,0.020000000000000004,0.020000000000000004,-0.32999999999999996,0.0,-0.010000000000000002
314,10,0.0,0.0,0.020000000000000004,0.020000000000000004,-0.31999999999999995,0.0,-0.010000000000000002
315,10,0.0,0.0,0.020000000000000004,0.020000000000000004,-0.31,0.0,-0.010000000000000002
316,10,0.0,0.0,0.020000000000000004,0.020000000000000004,-0.3,0.0,-0.010000000000000002
317,10,0.0,0.0,0.020000000000000004,0.020000000000000004,-0.29,0.0,-0.010000000000000002
318,10,0.0,0.0,0.020000000000000004,0.020000000000000004,-0.28,0.0,-0.010000000000000002
319,10,0.0,0.0,0.020000000000000004,0.020000000000000004,-0.27,0.0,-0.010000000000000002
320,10,0.0,0.0,0.020000000000000004,0.020000000000000004,-0.26,0.0,-0.010000000000000002
321,10,0.0,0.0,0.020000000000000004,0.020000000000000004,-0.25,0.0,-0.010000000000000002
322,10,0.0,0.0,0.020000000000000004,0.020000000000000004,-0.24,0.0,-0.010000000000000002
323,10,0.0,0.0,0.020000000000000004,0.020000000000000004,-0.22999999999999998,0.0,-0.010000000000000002
324,10,0.0,0.0,0.020000000000000004,0.020000000000000004,-0.21999999999999997,0.0,-0.010000000000000002
325,10,0.0,0.0,0.020000000000000004,0.020000000000000004,-0.20999999999999996,0.0,-0.010000000000000002
326,10,0.0,0.0,0.020000000000000004,0.020000000000000004,-0.2,0.0,-0.010000000000000002
327,10,0.0,0.0,0.020000000000000004,0.020000000000000004,-0.19,0.0,-0.010000000000000002
328,10,0.0,0.0,0.020000000000000004,0.020000000000000004,-0.18,0.0,-0.010000000000000002
329,10,0.0,0.0,0.020000000000000004,0.020000000000000004,-0.16999999999999998,0.0,-0.010000000000000002
330,10,0.0,0.0,0.020000000000000004,0.020000000000000004,-0.15999999999999998,0.0,-0.010000000000000002
331,10,0.0,0.0,0.020000000000000004,0.020000000000000004,-0.14999999999999997,0.0,-0.010000000000000002
332,10,0.0,0.0,0.020000000000000004,0.020000000000000004,-0.13999999999999996,0.0,-0.010000000000000002
333,10,0.0,0.0,0.020000000000000004,0.020000000000000004,-0.13,0.0,-0.010000000000000002
334,10,0.0,0.0,0.020000000000000004,0.020000000000000004,-0.12,0.0,-0.010000000000000002
335,10,0.0,0.0,0.020000000000000004,0.020000000000000004,-0.10999999999999999,0.0,-0.010000000000000002
336,10,0.0,0.0,0.020000000000000004,0.020000000000000004,-0.09999999999999998,0.0,-0.010000000000000002
337,10,0.0,0.0,0.020000000000000004,0.020000000000000004,-0.08999999999999997,0.0,-0.010000000000000002
338,10,0.0,0.0,0.020000000000000004,0.020000000000000004,-0.07999999999999996,0.0,-0.010000000000000002
339,10,0.0,0.0,0.020000000000000004,0.020000000000000004,-0.07,0.0,-0.010000000000000002
340,10,0.0,0.0,0.020000000000000004,0.020000000000000004,-0.06,0.0,-0.010000000000000002
341,10,0.0,0.0,0.020000000000000004,0.020000000000000004,-0.04999999999999999,0.0,-0.010000000000000002
342,10,0.0,0.0,0.020000000000000004,0.020000000000000004,-0.03999999999999998,0.0,-0.010000000000000002
343,10,0.0,0.0,0.020000000000000004,0.020000000000000004,-0.02999999999999997,0.0,-0.010000000000000002
344,10,0.0,0.0,0.020000000000000004,0.020000000000000004,-0.019999999999999962,0.0,-0.010000000000000002
345,10,0.0,0.0,0.020000000000000004,0.020000000000000004,-0.010000000000000009,0.0,-0.010000000000000002
346,10,0.0,0.0,0.020000000000000004,0.020000000000000004,0.0,0.0,-0.010000000000000002
347,10,0.0,0.0,0.020000000000000004,0.020000000000000004,0.010000000000000009,0.0,-0.010000000000000002
348,10,0.0,0.0,0.020000000000000004,0.020000000000000004,0.020000000000000018,0.0,-0.010000000000000002
349,10,0.0,0.0,0.020000000000000004,0.020000000000000004,0.030000000000000027,0.0,-0.010000000000000002
350,10,0.0,0.0,0.020000000000000004,0.020000000000000004,0.040000000000000036,0.0,-0.010000000000000002
351,10,0.0,0.0,0.020000000000000004,0.020000000000000004,0.050000000000000044,0.0,-0.010000000000000002
352,10,0.0,0.0,0.020000000000000004,0.020000000000000004,0.06000000000000005,0.0,-0.010000000000000002
353,10,0.0,0.0,0.020000000000000004,0.020000000000000004,0.07000000000000006,0.0,-0.010000000000000002
354,10,0.0,0.0,0.020000000000000004,0.020000000000000004,0.08000000000000007,0.0,-0.010000000000000002
355,10,0.0,0.0,0.020000000000000004,0.020000000000000004,0.08999999999999997,0.0,-0.010000000000000002
356,10,0.0,0.0,0.020000000000000004,0.020000000000000004,0.09999999999999998,0.0,-0.010000000000000002
357,10,0.0,0.0,0.020000000000000004,0.020000000000000004,0.10999999999999999,0.0,-0.010000000000000002
358,10,0.0,0.0,0.020000000000000004,0.020000000000000004,0.12,0.0,-0.010000000000000002
359,10,0.0,0.0,0.020000000000000004,0.020000000000000004,0.13,0.0,-0.010000000000000002
360,10,0.0,0.0,0.020000000000000004,0.020000000000000004,0.14,0.0,-0.010000000000000002
361,10,0.0,0.0,0.020000000000000004,0.020000000000000004,0.15000000000000002,0.0,-0.010000000000000002
362,10,0.0,0.0,0.020000000000000004,0.020000000000000004,0.16000000000000003,0.0,-0.010000000000000002
363,10,0.0,0.0,0.020000000000000004,0.020000000000000004,0.17000000000000004,0.0,-0.010000000000000002
364,10,0.0,0.0,0.020000000000000004,0.020000000000000004,0.18000000000000005,0.0,-0.010000000000000002
365,10,0.0,0.0,0.020000000000000004,0.020000000000000004,0.19000000000000006,0.0,-0.010000000000000002
366,10,0.0,0.0,0.020000000000000004,0.020000000000000004,0.20000000000000007,0.0,-0.010000000000000002
367,10,0.0,0.0,0.020000000000000004,0.020000000000000004,0.21000000000000008,0.0,-0.010000000000000002
368,10,0.0,0.0,0.020000000000000004,0.020000000000000004,0.21999999999999997,0.0,-0.010000000000000002
369,10,0.0,0.0,0.020000000000000004,0.020000000000000004,0.22999999999999998,0.0,-0.010000000000000002
370,10,0.0,0.0,0.020000000000000004,0.020000000000000004,0.24,0.0,-0.010000000000000002
371,10,0.0,0.0,0.020000000000000004,0.020000000000000004,0.25,0.0,-0.010000000000000002
372,10,0.0,0.0,0.020000000000000004,0.020000000000000004,0.26,0.0,-0.010000000000000002
373,10,0.0,0.0,0.020000000000000004,0.020000000000000004,0.27,0.0,-0.010000000000000002
374,10,0.0,0.0,0.020000000000000004,0.020000000000000004,0.28,0.0,-0.010000000000000002
375,10,0.0,0.0,0.020000000000000004,0.020000000000000004,0.29000000000000004,0.0,-0.010000000000000002
376,10,0.0,0.0,0.020000000000000004,0.020000000000000004,0.30000000000000004,0.0,-0.010000000000000002
377,10,0.0,0.0,0.020000000000000004,0.020000000000000004,0.31000000000000005,0.0,-0.010000000000000002
378,10,0.0,0.0,0.020000000000000004,0.020000000000000004,0.32000000000000006,0.0,-0.010000000000000002
379,10,0.0,0.0,0.020000000000000004,0.020000000000000004,0.33000000000000007,0.0,-0.010000000000000002
380,10,0.0,0.0,0.020000000000000004,0.020000000000000004,0.3400000000000001,0.0,-0.010000000000000002
381,10,0.0,0.0,0.020000000000000004,0.020000000000000004,0.35,0.0,-0.010000000000000002
382,10,0.0,0.0,0.020000000000000004,0.020000000000000004,0.36,0.0,-0.010000000000000002
383,10,0.0,0.0,0.020000000000000004,0.020000000000000004,0.37,0.0,-0.010000000000000002
384,10,0.0,0.0,0.020000000000000004,0.020000000000000004,0.38,0.0,-0.010000000000000002
385,10,0.0,0.0,0.020000000000000004,0.020000000000000004,0.39,0.0,-0.010000000000000002
386,10,0.0,0.0,0.020000000000000004,0.020000000000000004,0.4,0.0,-0.010000000000000002
387,10,0.0,0.0,0.020000000000000004,0.020000000000000004,0.41000000000000003,0.0,-0.010000000000000002
388,10,0.0,0.0,0.020000000000000004,0.020000000000000004,0.42000000000000004,0.0,-0.010000000000000002
389,10,0.0,0.0,0.020000000000000004,0.020000000000000004,0.43000000000000005,0.0,-0.010000000000000002
390,10,-5.551115123125783e-17,0.0,0.020000000000000004,0.020000000000000004,0.44000000000000006,0.0,-0.010000000000000002
391,10,-0.010000000000000064,0.0,0.020000000000000004,0.02236067977499793,0.45000000000000007,0.0,-0.010000000000000002
392,10,-0.020000000000000073,0.0,0.020000000000000004,0.028284271247461957,0.4600000000000001,0.0,-0.010000000000000002
393,10,-0.02999999999999997,0.0,0.020000000000000004,0.03605551275463987,0.47,0.0,-0.010000000000000002
394,10,-0.03999999999999998,0.0,0.020000000000000004,0.04472135954999578,0.48,0.0,-0.010000000000000002
395,10,-0.04999999999999999,0.0,0.020000000000000004,0.05385164807134503,0.49,0.0,-0.010000000000000002
396,10,0.04999999999999999,0.0,0.01,0.05099019513592784,-0.49,0.0,0.0
397,10,0.03999999999999998,0.0,0.01,0.04123105625617659,-0.48,0.0,0.0
398,10,0.02999999999999997,0.0,0.01,0.031622776601683764,-0.47,0.0,0.0
399,10,0.019999999999999962,0.0,0.01,0.022360679774997862,-0.45999999999999996,0.0,0.0
400,10,0.010000000000000009,0.0,0.01,0.014142135623730958,-0.45,0.0,0.0
401,10,0.0,0.0,0.01,0.01,-0.44,0.0,0.0
402,10,0.0,0.0,0.01,0.01,-0.43,0.0,0.0
403,10,0.0,0.0,0.01,0.01,-0.42,0.0,0.0
404,10,0.0,0.0,0.01,0.01,-0.41,0.0,0.0
405,10,0.0,0.0,0.01,0.01,-0.4,0.0,0.0
406,10,0.0,0.0,0.01,0.01,-0.39,0.0,0.0
407,10,0.0,0.0,0.01,0.01,-0.38,0.0,0.0
408,10,0.0,0.0,0.01,0.01,-0.37,0.0,0.0
409,10,0.0,0.0,0.01,0.01,-0.36,0.0,0.0
410,10,0.0,0.0,0.01,0.01,-0.35,0.0,0.0
411,10,0.0,0.0,0.01,0.01,-0.33999999999999997,0.0,0.0
412,10,0.0,0.0,0.01,0.01,-0.32999999999999996,0.0,0.0
413,10,0.0,0.0,0.01,0.01,-0.31999999999999995,0.0,0.0
414,10,0.0,0.0,0.01,0.01,-0.31,0.0,0.0
415,10,0.0,0.0,0.01,0.01,-0.3,0.0,0.0
416,10,0.0,0.0,0.01,0.01,-0.29,0.0,0.0
417,10,0.0,0.0,0.01,0.01,-0.28,0.0,0.0
418,10,0.0,0.0,0.01,0.01,-0.27,0.0,0.0
419,10,0.0,0.0,0.01,0.01,-0.26,0.0,0.0
420,10,0.0,0.0,0.01,0.01,-0.25,0.0,0.0
421,10,0.0,0.0,0.01,0.01,-0.24,0.0,0.0
422,10,0.0,0.0,0.01,0.01,-0.22999999999999998,0.0,0.0
423,10,0.0,0.0,0.01,0.01,-0.21999999999999997,0.0,0.0
424,10,0.0,0.0,0.01,0.01,-0.20999999999999996,0.0,0.0
425,10,0.0,0.0,0.01,0.01,-0.2,0.0,0.0
426,10,0.0,0.0,0.01,0.01,-0.19,0.0,0.0
427,10,0.0,0.0,0.01,0.01,-0.18,0.0,0.0
428,10,0.0,0.0,0.01,0.01,-0.16999999999999998,0.0,0.0
429,10,0.0,0.0,0.01,0.01,-0.15999999999999998,0.0,0.0
430,10,0.0,0.0,0.01,0.01,-0.14999999999999997,0.0,0.0
431,10,0.0,0.0,0.01,0.01,-0.13999999999999996,0.0,0.0
432,10,0.0,0.0,0.01,0.01,-0.13,0.0,0.0
433,10,0.0,0.0,0.01,0.01,-0.12,0.0,0.0
434,10,0.0,0.0,0.01,0.01,-0.10999999999999999,0.0,0.0
435,10,0.0,0.0,0.01,0.01,-0.09999999999999998,0.0,0.0
436,10,0.0,0.0,0.01,0.01,-0.08999999999999997,0.0,0.0
437,10,0.0,0.0,0.01,0.01,-0.07999999999999996,0.0,0.0
438,10,0.0,0.0,0.01,0.01,-0.07,0.0,0.0
439,10,0.0,0.0,0.01,0.01,-0.06,0.0,0.0
440,10,0.0,0.0,0.01,0.01,-0.04999999999999999,0.0,0.0
441,10,0.0,0.0,0.01,0.01,-0.03999999999999998,0.0,0.0
442,10,0.0,0.0,0.01,0.01,-0.02999999999999997,0.0,0.0
443,10,0.0,0.0,0.01,0.01,-0.019999999999999962,0.0,0.0
444,10,0.0,0.0,0.01,0.01,-0.010000000000000009,0.0,0.0
445,10,0.0,0.0,0.01,0.01,0.0,0.0,0.0
446,10,0.0,0.0,0.01,0.01,0.010000000000000009,0.0,0.0
447,10,0.0,0.0,0.01,0.01,0.020000000000000018,0.0,0.0
448,10,0.0,0.0,0.01,0.01,0.030000000000000027,0.0,0.0
449,10,0.0,0.0,0.01,0.01,0.040000000000000036,0.0,0.0
450,10,0.0,0.0,0.01,0.01,0.050000000000000044,0.0,0.0
451,10,0.0,0.0,0.01,0.01,0.06000000000000005,0.0,0.0
452,10,0.0,0.0,0.01,0.01,0.07000000000000006,0.0,0.0
453,10,0.0,0.0,0.01,0.01,0.08000000000000007,0.0,0.0
454,10,0.0,0.0,0.01,0.01,0.08999999999999997,0.0,0.0
455,10,0.0,0.0,0.01,0.01,0.09999999999999998,0.0,0.0
456,10,0.0,0.0,0.01,0.01,0.10999999999999999,0.0,0.0
457,10,0.0,0.0,0.01,0.01,0.12,0.0,0.0
458,10,0.0,0.0,0.01,0.01,0.13,0.0,0.0
459,10,0.0,0.0,0.01,0.01,0.14,0.0,0.0
460,10,0.0,0.0,0.01,0.01,0.15000000000000002,0.0,0.0
461,10,0.0,0.0,0.01,0.01,0.16000000000000003,0.0,0.0
462,10,0.0,0.0,0.01,0.01,0.17000000000000004,0.0,0.0
463,10,0.0,0.0,0.01,0.01,0.18000000000000005,0.0,0.0
464,10,0.0,0.0,0.01,0.01,0.19000000000000006,0.0,0.0
465,10,0.0,0.0,0.01,0.01,0.20000000000000007,0.0,0.0
466,10,0.0,0.0,0.01,0.01,0.21000000000000008,0.0,0.0
467,10,0.0,0.0,0.01,0.01,0.21999999999999997,0.0,0.0
468,10,0.0,0.0,0.01,0.01,0.22999999999999998,0.0,0.0
469,10,0.0,0.0,0.01,0.01,0.24,0.0,0.0
470,10,0.0,0.0,0.01,0.01,0.25,0.0,0.0
471,10,0.0,0.0,0.01,0.01,0.26,0.0,0.0
472,10,0.0,0.0,0.01,0.01,0.27,0.0,0.0
473,10,0.0,0.0,0.01,0.01,0.28,0.0,0.0
474,10,0.0,0.0,0.01,0.01,0.29000000000000004,0.0,0.0
475,10,0.0,0.0,0.01,0.01,0.30000000000000004,0.0,0.0
476,10,0.0,0.0,0.01,0.01,0.31000000000000005,0.0,0.0
477,10,0.0,0.0,0.01,0.01,0.32000000000000006,0.0,0.0
478,10,0.0,0.0,0.01,0.01,0.33000000000000007,0.0,0.0
479,10,0.0,0.0,0.01,0.01,0.3400000000000001,0.0,0.0
480,10,0.0,0.0,0.01,0.01,0.35,0.0,0.0
481,10,0.0,0.0,0.01,0.01,0.36,0.0,0.0
482,10,0.0,0.0,0.01,0.01,0.37,0.0,0.0
483,10,0.0,0.0,0.01,0.01,0.38,0.0,0.0
484,10,0.0,0.0,0.01,0.01,0.39,0.0,0.0
485,10,0.0,0.0,0.01,0.01,0.4,0.0,0.0
486,10,0.0,0.0,0.01,0.01,0.41000000000000003,0.0,0.0
487,10,0.0,0.0,0.01,0.01,0.42000000000000004,0.0,0.0
488,10,0.0,0.0,0.01,0.01,0.43000000000000005,0.0,0.0
489,10,-5.551115123125783e-17,0.0,0.01,0.01,0.44000000000000006,0.0,0.0
490,10,-0.010000000000000064,0.0,0.01,0.014142135623730996,0.45000000000000007,0.0,0.0
491,10,-0.020000000000000073,0.0,0.01,0.022360679774997963,0.4600000000000001,0.0,0.0
492,10,-0.02999999999999997,0.0,0.01,0.031622776601683764,0.47,0.0,0.0
493,10,-0.03999999999999998,0.0,0.01,0.04123105625617659,0.48,0.0,0.0
494,10,-0.04999999999999999,0.0,0.01,0.05099019513592784,0.49,0.0,0.0
495,10,0.04999999999999999,0.0,0.0,0.04999999999999999,-0.49,0.0,0.010000000000000002
496,10,0.03999999999999998,0.0,0.0,0.03999999999999998,-0.48,0.0,0.010000000000000002
497,10,0.02999999999999997,0.0,0.0,0.02999999999999997,-0.47,0.0,0.010000000000000002
498,10,0.019999999999999962,0.0,0.0,0.019999999999999962,-0.45999999999999996,0.0,0.010000000000000002
499,10,0.010000000000000009,0.0,0.0,0.010000000000000009,-0.45,0.0,0.010000000000000002
500,10,-0.010000000000000064,0.0,0.0,0.010000000000000064,0.45000000000000007,0.0,0.010000000000000002
501,10,-0.020000000000000073,0.0,0.0,0.020000000000000073,0.4600000000000001,0.0,0.010000000000000002
502,10,-0.02999999999999997,0.0,0.0,0.02999999999999997,0.47,0.0,0.010000000000000002
503,10,-0.03999999999999998,0.0,0.0,0.03999999999999998,0.48,0.0,0.010000000000000002
504,10,-0.04999999999999999,0.0,0.0,0.04999999999999999,0.49,0.0,0.010000000000000002
505,10,0.04999999999999999,0.0,0.0,0.04999999999999999,-0.49,0.0,0.019999999999999997
506,10,0.03999999999999998,0.0,0.0,0.03999999999999998,-0.48,0.0,0.019999999999999997
507,10,0.02999999999999997,0.0,0.0,0.02999999999999997,-0.47,0.0,0.019999999999999997
508,10,0.019999999999999962,0.0,0.0,0.019999999999999962,-0.45999999999999996,0.0,0.019999999999999997
509,10,0.010000000000000009,0.0,0.0,0.010000000000000009,-0.45,0.0,0.019999999999999997
510,10,-0.010000000000000064,0.0,0.0,0.010000000000000064,0.45000000000000007,0.0,0.019999999999999997
511,10,-0.020000000000000073,0.0,0.0,0.020000000000000073,0.4600000000000001,0.0,0.019999999999999997
512,10,-0.02999999999999997,0.0,0.0,0.02999999999999997,0.47,0.0,0.019999999999999997
513,10,-0.03999999999999998,0.0,0.0,0.03999999999999998,0.48,0.0,0.019999999999999997
514,10,-0.04999999999999999,0.0,0.0,0.04999999999999999,0.49,0.0,0.019999999999999997
515,10,0.04999999999999999,0.0,0.0,0.04999999999999999,-0.49,0.0,0.030000000000000006
516,10,0.03999999999999998,0.0,0.0,0.03999999999999998,-0.48,0.0,0.030000000000000006
517,10,0.02999999999999997,0.0,0.0,0.02999999999999997,-0.47,0.0,0.030000000000000006
518,10,0.019999999999999962,0.0,0.0,0.019999999999999962,-0.45999999999999996,0.0,0.030000000000000006
519,10,0.010000000000000009,0.0,0.0,0.010000000000000009,-0.45,0.0,0.030000000000000006
520,10,-0.010000000000000064,0.0,0.0,0.010000000000000064,0.45000000000000007,0.0,0.030000000000000006
521,10,-0.020000000000000073,0.0,0.0,0.020000000000000073,0.4600000000000001,0.0,0.030000000000000006
522,10,-0.02999999999999997,0.0,0.0,0.02999999999999997,0.47,0.0,0.030000000000000006
523,10,-0.03999999999999998,0.0,0.0,0.03999999999999998,0.48,0.0,0.030000000000000006
524,10,-0.04999999999999999,0.0,0.0,0.04999999999999999,0.49,0.0,0.030000000000000006
525,10,0.04999999999999999,0.0,0.0,0.04999999999999999,-0.49,0.0,0.04
526,10,0.03999999999999998,0.0,0.0,0.03999999999999998,-0.48,0.0,0.04
527,10,0.02999999999999997,0.0,0.0,0.02999999999999997,-0.47,0.0,0.04
528,10,0.019999999999999962,0.0,0.0,0.019999999999999962,-0.45999999999999996,0.0,0.04
529,10,0.010000000000000009,0.0,0.0,0.010000000000000009,-0.45,0.0,0.04
530,10,-0.010000000000000064,0.0,0.0,0.010000000000000064,0.45000000000000007,0.0,0.04
531,10,-0.020000000000000073,0.0,0.0,0.020000000000000073,0.4600000000000001,0.0,0.04
532,10,-0.02999999999999997,0.0,0.0,0.02999999999999997,0.47,0.0,0.04
533,10,-0.03999999999999998,0.0,0.0,0.03999999999999998,0.48,0.0,0.04
534,10,-0.04999999999999999,0.0,0.0,0.04999999999999999,0.49,0.0,0.04
535,10,0.04999999999999999,0.0,0.0,0.04999999999999999,-0.49,0.0,0.049999999999999996
536,10,0.03999999999999998,0.0,0.0,0.03999999999999998,-0.48,0.0,0.049999999999999996
537,10,0.02999999999999997,0.0,0.0,0.02999999999999997,-0.47,0.0,0.049999999999999996
538,10,0.019999999999999962,0.0,0.0,0.019999999999999962,-0.45999999999999996,0.0,0.049999999999999996
539,10,0.010000000000000009,0.0,0.0,0.010000000000000009,-0.45,0.0,0.049999999999999996
540,10,-0.010000000000000064,0.0,0.0,0.010000000000000064,0.45000000000000007,0.0,0.049999999999999996
541,10,-0.020000000000000073,0.0,0.0,0.020000000000000073,0.4600000000000001,0.0,0.049999999999999996
542,10,-0.02999999999999997,0.0,0.0,0.02999999999999997,0.47,0.0,0.049999999999999996
543,10,-0.03999999999999998,0.0,0.0,0.03999999999999998,0.48,0.0,0.049999999999999996
544,10,-0.04999999999999999,0.0,0.0,0.04999999999999999,0.49,0.0,0.049999999999999996
545,10,0.04999999999999999,0.0,0.0,0.04999999999999999,-0.49,0.0,0.060000000000000005
546,10,0.03999999999999998,0.0,0.0,0.03999999999999998,-0.48,0.0,0.060000000000000005
547,10,0.02999999999999997,0.0,0.0,0.02999999999999997,-0.47,0.0,0.060000000000000005
548,10,0.019999999999999962,0.0,0.0,0.019999999999999962,-0.45999999999999996,0.0,0.060000000000000005
549,10,0.010000000000000009,0.0,0.0,0.010000000000000009,-0.45,0.0,0.060000000000000005
550,10,-0.010000000000000064,0.0,0.0,0.010000000000000064,0.45000000000000007,0.0,0.060000000000000005
551,10,-0.020000000000000073,0.0,0.0,0.020000000000000073,0.4600000000000001,0.0,0.060000000000000005
552,10,-0.02999999999999997,0.0,0.0,0.02999999999999997,0.47,0.0,0.060000000000000005
553,10,-0.03999999999999998,0.0,0.0,0.03999999999999998,0.48,0.0,0.060000000000000005
554,10,-0.04999999999999999,0.0,0.0,0.04999999999999999,0.49,0.0,0.060000000000000005
555,10,0.04999999999999999,0.0,0.0,0.04999999999999999,-0.49,0.0,0.07
556,10,0.03999999999999998,0.0,0.0,0.03999999999999998,-0.48,0.0,0.07
557,10,0.02999999999999997,0.0,0.0,0.02999999999999997,-0.47,0.0,0.07
558,10,0.019999999999999962,0.0,0.0,0.019999999999999962,-0.45999999999999996,0.0,0.07
559,10,0.010000000000000009,0.0,0.0,0.010000000000000009,-0.45,0.0,0.07
560,10,-0.010000000000000064,0.0,0.0,0.010000000000000064,0.45000000000000007,0.0,0.07
561,10,-0.020000000000000073,0.0,0.0,0.020000000000000073,0.4600000000000001,0.0,0.07
562,10,-0.02999999999999997,0.0,0.0,0.02999999999999997,0.47,0.0,0.07
563,10,-0.03999999999999998,0.0,0.0,0.03999999999999998,0.48,0.0,0.07
564,10,-0.04999999999999999,0.0,0.0,0.04999999999999999,0.49,0.0,0.07
565,10,0.04999999999999999,0.0,0.0,0.04999999999999999,-0.49,0.0,0.07999999999999999
566,10,0.03999999999999998,0.0,0.0,0.03999999999999998,-0.48,0.0,0.07999999999999999
567,10,0.02999999999999997,0.0,0.0,0.02999999999999997,-0.47,0.0,0.07999999999999999
568,10,0.019999999999999962,0.0,0.0,0.019999999999999962,-0.45999999999999996,0.0,0.07999999999999999
569,10,0.010000000000000009,0.0,0.0,0.010000000000000009,-0.45,0.0,0.07999999999999999
570,10,-0.010000000000000064,0.0,0.0,0.010000000000000064,0.45000000000000007,0.0,0.07999999999999999
571,10,-0.020000000000000073,0.0,0.0,0.020000000000000073,0.4600000000000001,0.0,0.07999999999999999
572,10,-0.02999999999999997,0.0,0.0,0.02999999999999997,0.47,0.0,0.07999999999999999
573,10,-0.03999999999999998,0.0,0.0,0.03999999999999998,0.48,0.0,0.07999999999999999
574,10,-0.04999999999999999,0.0,0.0,0.04999999999999999,0.49,0.0,0.07999999999999999
575,10,0.04999999999999999,0.0,0.0,0.04999999999999999,-0.49,0.0,0.09
576,10,0.03999999999999998,0.0,0.0,0.03999999999999998,-0.48,0.0,0.09
577,10,0.02999999999999997,0.0,0.0,0.02999999999999997,-0.47,0.0,0.09
578,10,0.019999999999999962,0.0,0.0,0.019999999999999962,-0.45999999999999996,0.0,0.09
579,10,0.010000000000000009,0.0,0.0,0.010000000000000009,-0.45,0.0,0.09
580,10,-0.010000000000000064,0.0,0.0,0.010000000000000064,0.45000000000000007,0.0,0.09
581,10,-0.020000000000000073,0.0,0.0,0.020000000000000073,0.4600000000000001,0.0,0.09
582,10,-0.02999999999999997,0.0,0.0,0.02999999999999997,0.47,0.0,0.09
583,10,-0.03999999999999998,0.0,0.0,0.03999999999999998,0.48,0.0,0.09
584,10,-0.04999999999999999,0.0,0.0,0.04999999999999999,0.49,0.0,0.09
585,10,0.04999999999999999,0.0,0.0,0.04999999999999999,-0.49,0.0,0.1
586,10,0.03999999999999998,0.0,0.0,0.03999999999999998,-0.48,0.0,0.1
587,10,0.02999999999999997,0.0,0.0,0.02999999999999997,-0.47,0.0,0.1
588,10,0.019999999999999962,0.0,0.0,0.019999999999999962,-0.45999999999999996,0.0,0.1
589,10,0.010000000000000009,0.0,0.0,0.010000000000000009,-0.45,0.0,0.1
590,10,-0.010000000000000064,0.0,0.0,0.010000000000000064,0.45000000000000007,0.0,0.1
591,10,-0.020000000000000073,0.0,0.0,0.020000000000000073,0.4600000000000001,0.0,0.1
592,10,-0.02999999999999997,0.0,0.0,0.02999999999999997,0.47,0.0,0.1
593,10,-0.03999999999999998,0.0,0.0,0.03999999999999998,0.48,0.0,0.1
594,10,-0.04999999999999999,0.0,0.0,0.04999999999999999,0.49,0.0,0.1
595,10,0.04999999999999999,0.0,0.0,0.04999999999999999,-0.49,0.0,0.10999999999999999
596,10,0.03999999999999998,0.0,0.0,0.03999999999999998,-0.48,0.0,0.10999999999999999
597,10,0.02999999999999997,0.0,0.0,0.02999999999999997,-0.47,0.0,0.10999999999999999
598,10,0.019999999999999962,0.0,0.0,0.019999999999999962,-0.45999999999999996,0.0,0.10999999999999999
599,10,0.010000000000000009,0.0,0.0,0.010000000000000009,-0.45,0.0,0.10999999999999999
600,10,-0.010000000000000064,0.0,0.0,0.010000000000000064,0.45000000000000007,0.0,0.10999999999999999
601,10,-0.020000000000000073,0.0,0.0,0.020000000000000073,0.4600000000000001,0.0,0.10999999999999999
602,10,-0.02999999999999997,0.0,0.0,0.02999999999999997,0.47,0.0,0.10999999999999999
603,10,-0.03999999999999998,0.0,0.0,0.03999999999999998,0.48,0.0,0.10999999999999999
604,10,-0.04999999999999999,0.0,0.0,0.04999999999999999,0.49,0.0,0.10999999999999999
605,10,0.04999999999999999,0.0,0.0,0.04999999999999999,-0.49,0.0,0.12
606,10,0.03999999999999998,0.0,0.0,0.03999999999999998,-0.48,0.0,0.12
607,10,0.02999999999999997,0.0,0.0,0.02999999999999997,-0.47,0.0,0.12
608,10,0.019999999999999962,0.0,0.0,0.019999999999999962,-0.45999999999999996,0.0,0.12
609,10,0.010000000000000009,0.0,0.0,0.010000000000000009,-0.45,0.0,0.12
610,10,-0.010000000000000064,0.0,0.0,0.010000000000000064,0.45000000000000007,0.0,0.12
611,10,-0.020000000000000073,0.0,0.0,0.020000000000000073,0.4600000000000001,0.0,0.12
612,10,-0.02999999999999997,0.0,0.0,0.02999999999999997,0.47,0.0,0.12
613,10,-0.03999999999999998,0.0,0.0,0.03999999999999998,0.48,0.0,0.12
614,10,-0.04999999999999999,0.0,0.0,0.04999999999999999,0.49,0.0,0.12
615,10,0.04999999999999999,0.0,0.0,0.04999999999999999,-0.49,0.0,0.13
616,10,0.03999999999999998,0.0,0.0,0.03999999999999998,-0.48,0.0,0.13
617,10,0.02999999999999997,0.0,0.0,0.02999999999999997,-0.47,0.0,0.13
618,10,0.019999999999999962,0.0,0.0,0.019999999999999962,-0.45999999999999996,0.0,0.13
619,10,0.010000000000000009,0.0,0.0,0.010000000000000009,-0.45,0.0,0.13
620,10,-0.010000000000000064,0.0,0.0,0.010000000000000064,0.45000000000000007,0.0,0.13
621,10,-0.020000000000000073,0.0,0.0,0.020000000000000073,0.4600000000000001,0.0,0.13
622,10,-0.02999999999999997,0.0,0.0,0.02999999999999997,0.47,0.0,0.13
623,10,-0.03999999999999998,0.0,0.0,0.03999999999999998,0.48,0.0,0.13
624,10,-0.04999999999999999,0.0,0.0,0.04999999999999999,0.49,0.0,0.13
625,10,0.04999999999999999,0.0,0.0,0.04999999999999999,-0.49,0.0,0.13999999999999999
626,10,0.03999999999999998,0.0,0.0,0.03999999999999998,-0.48,0.0,0.13999999999999999
627,10,0.02999999999999997,0.0,0.0,0.02999999999999997,-0.47,0.0,0.13999999999999999
628,10,0.019999999999999962,0.0,0.0,0.019999999999999962,-0.45999999999999996,0.0,0.13999999999999999
629,10,0.010000000000000009,0.0,0.0,0.010000000000000009,-0.45,0.0,0.13999999999999999
630,10,-0.010000000000000064,0.0,0.0,0.010000000000000064,0.45000000000000007,0.0,0.13999999999999999
631,10,-0.020000000000000073,0.0,0.0,0.020000000000000073,0.4600000000000001,0.0,0.13999999999999999
632,10,-0.02999999999999997,0.0,0.0,0.02999999999999997,0.47,0.0,0.13999999999999999
633,10,-0.03999999999999998,0.0,0.0,0.03999999999999998,0.48,0.0,0.13999999999999999
634,10,-0.04999999999999999,0.0,0.0,0.04999999999999999,0.49,0.0,0.13999999999999999
635,10,0.04999999999999999,0.0,0.0,0.04999999999999999,-0.49,0.0,0.15
636,10,0.03999999999999998,0.0,0.0,0.03999999999999998,-0.48,0.0,0.15
637,10,0.02999999999999997,0.0,0.0,0.02999999999999997,-0.47,0.0,0.15
638,10,0.019999999999999962,0.0,0.0,0.019999999999999962,-0.45999999999999996,0.0,0.15
639,10,0.010000000000000009,0.0,0.0,0.010000000000000009,-0.45,0.0,0.15
640,10,-0.010000000000000064,0.0,0.0,0.010000000000000064,0.45000000000000007,0.0,0.15
641,10,-0.020000000000000073,0.0,0.0,0.020000000000000073,0.4600000000000001,0.0,0.15
642,10,-0.02999999999999997,0.0,0.0,0.02999999999999997,0.47,0.0,0.15
643,10,-0.03999999999999998,0.0,0.0,0.03999999999999998,0.48,0.0,0.15
644,10,-0.04999999999999999,0.0,0.0,0.04999999999999999,0.49,0.0,0.15
645,10,0.04999999999999999,0.0,0.0,0.04999999999999999,-0.49,0.0,0.16
646,10,0.03999999999999998,0.0,0.0,0.03999999999999998,-0.48,0.0,0.16
647,10,0.02999999999999997,0.0,0.0,0.02999999999999997,-0.47,0.0,0.16
648,10,0.019999999999999962,0.0,0.0,0.019999999999999962,-0.45999999999999996,0.0,0.16
649,10,0.010000000000000009,0.0,0.0,0.010000000000000009,-0.45,0.0,0.16
650,10,-0.010000000000000064,0.0,0.0,0.010000000000000064,0.45000000000000007,0.0,0.16
651,10,-0.020000000000000073,0.0,0.0,0.020000000000000073,0.4600000000000001,0.0,0.16
652,10,-0.02999999999999997,0.0,0.0,0.02999999999999997,0.47,0.0,0.16
653,10,-0.03999999999999998,0.0,0.0,0.03999999999999998,0.48,0.0,0.16
654,10,-0.04999999999999999,0.0,0.0,0.04999999999999999,0.49,0.0,0.16
655,10,0.04999999999999999,0.0,0.0,0.04999999999999999,-0.49,0.0,0.16999999999999998
656,10,0.03999999999999998,0.0,0.0,0.03999999999999998,-0.48,0.0,0.16999999999999998
657,10,0.02999999999999997,0.0,0.0,0.02999999999999997,-0.47,0.0,0.16999999999999998
658,10,0.019999999999999962,0.0,0.0,0.019999999999999962,-0.45999999999999996,0.0,0.16999999999999998
659,10,0.010000000000000009,0.0,0.0,0.010000000000000009,-0.45,0.0,0.16999999999999998
660,10,-0.010000000000000064,0.0,0.0,0.010000000000000064,0.45000000000000007,0.0,0.16999999999999998
661,10,-0.020000000000000073,0.0,0.0,0.020000000000000073,0.4600000000000001,0.0,0.16999999999999998
662,10,-0.02999999999999997,0.0,0.0,0.02999999999999997,0.47,0.0,0.16999999999999998
663,10,-0.03999999999999998,0.0,0.0,0.03999999999999998,0.48,0.0,0.16999999999999998
664,10,-0.04999999999999999,0.0,0.0,0.04999999999999999,0.49,0.0,0.16999999999999998
665,10,0.04999999999999999,0.0,0.0,0.04999999999999999,-0.49,0.0,0.18
666,10,0.03999999999999998,0.0,0.0,0.03999999999999998,-0.48,0.0,0.18
667,10,0.02999999999999997,0.0,0.0,0.02999999999999997,-0.47,0.0,0.18
668,10,0.019999999999999962,0.0,0.0,0.019999999999999962,-0.45999999999999996,0.0,0.18
669,10,0.010000000000000009,0.0,0.0,0.010000000000000009,-0.45,0.0,0.18
670,10,-0.010000000000000064,0.0,0.0,0.010000000000000064,0.45000000000000007,0.0,0.18
671,10,-0.020000000000000073,0.0,0.0,0.020000000000000073,0.4600000000000001,0.0,0.18
672,10,-0.02999999999999997,0.0,0.0,0.02999999999999997,0.47,0.0,0.18
673,10,-0.03999999999999998,0.0,0.0,0.03999999999999998,0.48,0.0,0.18
674,10,-0.04999999999999999,0.0,0.0,0.04999999999999999,0.49,0.0,0.18
675,10,0.04999999999999999,0.0,0.0,0.04999999999999999,-0.49,0.0,0.19
676,10,0.03999999999999998,0.0,0.0,0.03999999999999998,-0.48,0.0,0.19
677,10,0.02999999999999997,0.0,0.0,0.02999999999999997,-0.47,0.0,0.19
678,10,0.019999999999999962,0.0,0.0,0.019999999999999962,-0.45999999999999996,0.0,0.19
679,10,0.010000000000000009,0.0,0.0,0.010000000000000009,-0.45,0.0,0.19
680,10,-0.010000000000000064,0.0,0.0,0.010000000000000064,0.45000000000000007,0.0,0.19
681,10,-0.020000000000000073,0.0,0.0,0.020000000000000073,0.4600000000000001,0.0,0.19
682,10,-0.02999999999999997,0.0,0.0,0.02999999999999997,0.47,0.0,0.19
683,10,-0.03999999999999998,0.0,0.0,0.03999999999999998,0.48,0.0,0.19
684,10,-0.04999999999999999,0.0,0.0,0.04999999999999999,0.49,0.0,0.19
685,10,0.04999999999999999,0.0,0.0,0.04999999999999999,-0.49,0.0,0.19999999999999998
686,10,0.03999999999999998,0.0,0.0,0.03999999999999998,-0.48,0.0,0.19999999999999998
687,10,0.02999999999999997,0.0,0.0,0.02999999999999997,-0.47,0.0,0.19999999999999998
688,10,0.019999999999999962,0.0,0.0,0.019999999999999962,-0.45999999999999996,0.0,0.19999999999999998
689,10,0.010000000000000009,0.0,0.0,0.010000000000000009,-0.45,0.0,0.19999999999999998
690,10,-0.010000000000000064,0.0,0.0,0.010000000000000064,0.45000000000000007,0.0,0.19999999999999998
691,10,-0.020000000000000073,0.0,0.0,0.020000000000000073,0.4600000000000001,0.0,0.19999999999999998
692,10,-0.02999999999999997,0.0,0.0,0.02999999999999997,0.47,0.0,0.19999999999999998
693,10,-0.03999999999999998,0.0,0.0,0.03999999999999998,0.48,0.0,0.19999999999999998
694,10,-0.04999999999999999,0.0,0.0,0.04999999999999999,0.49,0.0,0.19999999999999998
695,10,0.04999999999999999,0.0,0.0,0.04999999999999999,-0.49,0.0,0.21
696,10,0.03999999999999998,0.0,0.0,0.03999999999999998,-0.48,0.0,0.21
697,10,0.02999999999999997,0.0,0.0,0.02999999999999997,-0.47,0.0,0.21
698,10,0.019999999999999962,0.0,0.0,0.019999999999999962,-0.45999999999999996,0.0,0.21
699,10,0.010000000000000009,0.0,0.0,0.010000000000000009,-0.45,0.0,0.21
700,10,-0.010000000000000064,0.0,0.0,0.010000000000000064,0.45000000000000007,0.0,0.21
701,10,-0.020000000000000073,0.0,0.0,0.020000000000000073,0.4600000000000001,0.0,0.21
702,10,-0.02999999999999997,0.0,0.0,0.02999999999999997,0.47,0.0,0.21
703,10,-0.03999999999999998,0.0,0.0,0.03999999999999998,0.48,0.0,0.21
704,10,-0.04999999999999999,0.0,0.0,0.04999999999999999,0.49,0.0,0.21
705,10,0.04999999999999999,0.0,0.0,0.04999999999999999,-0.49,0.0,0.22
706,10,0.03999999999999998,0.0,0.0,0.03999999999999998,-0.48,0.0,0.22
707,10,0.02999999999999997,0.0,0.0,0.02999999999999997,-0.47,0.0,0.22
708,10,0.019999999999999962,0.0,0.0,0.019999999999999962,-0.45999999999999996,0.0,0.22
709,10,0.010000000000000009,0.0,0.0,0.010000000000000009,-0.45,0.0,0.22
710,10,-0.010000000000000064,0.0,0.0,0.010000000000000064,0.45000000000000007,0.0,0.22
711,10,-0.020000000000000073,0.0,0.0,0.020000000000000073,0.4600000000000001,0.0,0.22
712,10,-0.02999999999999997,0.0,0.0,0.02999999999999997,0.47,0.0,0.22
713,10,-0.03999999999999998,0.0,0.0,0.03999999999999998,0.48,0.0,0.22
714,10,-0.04999999999999999,0.0,0.0,0.04999999999999999,0.49,0.0,0.22
715,10,0.04999999999999999,0.0,0.0,0.04999999999999999,-0.49,0.0,0.23
716,10,0.03999999999999998,0.0,0.0,0.03999999999999998,-0.48,0.0,0.23
717,10,0.02999999999999997,0.0,0.0,0.02999999999999997,-0.47,0.0,0.23
718,10,0.019999999999999962,0.0,0.0,0.019999999999999962,-0.45999999999999996,0.0,0.23
719,10,0.010000000000000009,0.0,0.0,0.010000000000000009,-0.45,0.0,0.23
720,10,-0.010000000000000064,0.0,0.0,0.010000000000000064,0.45000000000000007,0.0,0.23
721,10,-0.020000000000000073,0.0,0.0,0.020000000000000073,0.4600000000000001,0.0,0.23
722,10,-0.02999999999999997,0.0,0.0,0.02999999999999997,0.47,0.0,0.23
723,10,-0.03999999999999998,0.0,0.0,0.03999999999999998,0.48,0.0,0.23
724,10,-0.04999999999999999,0.0,0.0,0.04999999999999999,0.49,0.0,0.23
725,10,0.04999999999999999,0.0,0.0,0.04999999999999999,-0.49,0.0,0.24000000000000002
726,10,0.03999999999999998,0.0,0.0,0.03999999999999998,-0.48,0.0,0.24000000000000002
727,10,0.02999999999999997,0.0,0.0,0.02999999999999997,-0.47,0.0,0.24000000000000002
728,10,0.019999999999999962,0.0,0.0,0.019999999999999962,-0.45999999999999996,0.0,0.24000000000000002
729,10,0.010000000000000009,0.0,0.0,0.010000000000000009,-0.45,0.0,0.24000000000000002
730,10,-0.010000000000000064,0.0,0.0,0.010000000000000064,0.45000000000000007,0.0,0.24000000000000002
731,10,-0.020000000000000073,0.0,0.0,0.020000000000000073,0.4600000000000001,0.0,0.24000000000000002
732,10,-0.02999999999999997,0.0,0.0,0.02999999999999997,0.47,0.0,0.24000000000000002
733,10,-0.03999999999999998,0.0,0.0,0.03999999999999998,0.48,0.0,0.24000000000000002
734,10,-0.04999999999999999,0.0,0.0,0.04999999999999999,0.49,0.0,0.24000000000000002
735,10,0.04999999999999999,0.0,0.0,0.04999999999999999,-0.49,0.0,0.24999999999999997
736,10,0.03999999999999998,0.0,0.0,0.03999999999999998,-0.48,0.0,0.24999999999999997
737,10,0.02999999999999997,0.0,0.0,0.02999999999999997,-0.47,0.0,0.24999999999999997
738,10,0.019999999999999962,0.0,0.0,0.019999999999999962,-0.45999999999999996,0.0,0.24999999999999997
739,10,0.010000000000000009,0.0,0.0,0.010000000000000009,-0.45,0.0,0.24999999999999997
740,10,-0.010000000000000064,0.0,0.0,0.010000000000000064,0.45000000000000007,0.0,0.24999999999999997
741,10,-0.020000000000000073,0.0,0.0,0.020000000000000073,0.4600000000000001,0.0,0.24999999999999997
742,10,-0.02999999999999997,0.0,0.0,0.02999999999999997,0.47,0.0,0.24999999999999997
743,10,-0.03999999999999998,0.0,0.0,0.03999999999999998,0.48,0.0,0.24999999999999997
744,10,-0.04999999999999999,0.0,0.0,0.04999999999999999,0.49,0.0,0.24999999999999997
745,10,0.04999999999999999,0.0,0.0,0.04999999999999999,-0.49,0.0,0.26
746,10,0.03999999999999998,0.0,0.0,0.03999999999999998,-0.48,0.0,0.26
747,10,0.02999999999999997,0.0,0.0,0.02999999999999997,-0.47,0.0,0.26
748,10,0.019999999999999962,0.0,0.0,0.019999999999999962,-0.45999999999999996,0.0,0.26
749,10,0.010000000000000009,0.0,0.0,0.010000000000000009,-0.45,0.0,0.26
750,10,-0.010000000000000064,0.0,0.0,0.010000000000000064,0.45000000000000007,0.0,0.26
751,10,-0.020000000000000073,0.0,0.0,0.020000000000000073,0.4600000000000001,0.0,0.26
752,10,-0.02999999999999997,0.0,0.0,0.02999999999999997,0.47,0.0,0.26
753,10,-0.03999999999999998,0.0,0.0,0.03999999999999998,0.48,0.0,0.26
754,10,-0.04999999999999999,0.0,0.0,0.04999999999999999,0.49,0.0,0.26
755,10,0.04999999999999999,0.0,0.0,0.04999999999999999,-0.49,0.0,0.27
756,10,0.03999999999999998,0.0,0.0,0.03999999999999998,-0.48,0.0,0.27
757,10,0.02999999999999997,0.0,0.0,0.02999999999999997,-0.47,0.0,0.27
758,10,0.019999999999999962,0.0,0.0,0.019999999999999962,-0.45999999999999996,0.0,0.27
759,10,0.010000000000000009,0.0,0.0,0.010000000000000009,-0.45,0.0,0.27
760,10,-0.010000000000000064,0.0,0.0,0.010000000000000064,0.45000000000000007,0.0,0.27
761,10,-0.020000000000000073,0.0,0.0,0.020000000000000073,0.4600000000000001,0.0,0.27
762,10,-0.02999999999999997,0.0,0.0,0.02999999999999997,0.47,0.0,0.27
763,10,-0.03999999999999998,0.0,0.0,0.03999999999999998,0.48,0.0,0.27
764,10,-0.04999999999999999,0.0,0.0,0.04999999999999999,0.49,0.0,0.27
765,10,0.04999999999999999,0.0,0.0,0.04999999999999999,-0.49,0.0,0.28
766,10,0.03999999999999998,0.0,0.0,0.03999999999999998,-0.48,0.0,0.28
767,10,0.02999999999999997,0.0,0.0,0.02999999999999997,-0.47,0.0,0.28
768,10,0.019999999999999962,0.0,0.0,0.019999999999999962,-0.45999999999999996,0.0,0.28
769,10,0.010000000000000009,0.0,0.0,0.010000000000000009,-0.45,0.0,0.28
770,10,-0.010000000000000064,0.0,0.0,0.010000000000000064,0.45000000000000007,0.0,0.28
771,10,-0.020000000000000073,0.0,0.0,0.020000000000000073,0.4600000000000001,0.0,0.28
772,10,-0.02999999999999997,0.0,0.0,0.02999999999999997,0.47,0.0,0.28
773,10,-0.03999999999999998,0.0,0.0,0.03999999999999998,0.48,0.0,0.28
774,10,-0.04999999999999999,0.0,0.0,0.04999999999999999,0.49,0.0,0.28
775,10,0.04999999999999999,0.0,0.0,0.04999999999999999,-0.49,0.0,0.29000000000000004
776,10,0.03999999999999998,0.0,0.0,0.03999999999999998,-0.48,0.0,0.29000000000000004
777,10,0.02999999999999997,0.0,0.0,0.02999999999999997,-0.47,0.0,0.29000000000000004
778,10,0.019999999999999962,0.0,0.0,0.019999999999999962,-0.45999999999999996,0.0,0.29000000000000004
779,10,0.010000000000000009,0.0,0.0,0.010000000000000009,-0.45,0.0,0.29000000000000004
780,10,-0.010000000000000064,0.0,0.0,0.010000000000000064,0.45000000000000007,0.0,0.29000000000000004
781,10,-0.020000000000000073,0.0,0.0,0.020000000000000073,0.4600000000000001,0.0,0.29000000000000004
782,10,-0.02999999999999997,0.0,0.0,0.02999999999999997,0.47,0.0,0.29000000000000004
783,10,-0.03999999999999998,0.0,0.0,0.03999999999999998,0.48,0.0,0.29000000000000004
784,10,-0.04999999999999999,0.0,0.0,0.04999999999999999,0.49,0.0,0.29000000000000004
785,10,0.04999999999999999,0.0,0.0,0.04999999999999999,-0.49,0.0,0.30000000000000004
786,10,0.03999999999999998,0.0,0.0,0.03999999999999998,-0.48,0.0,0.30000000000000004
787,10,0.02999999999999997,0.0,0.0,0.02999999999999997,-0.47,0.0,0.30000000000000004
788,10,0.019999999999999962,0.0,0.0,0.019999999999999962,-0.45999999999999996,0.0,0.30000000000000004
789,10,0.010000000000000009,0.0,0.0,0.010000000000000009,-0.45,0.0,0.30000000000000004
790,10,-0.010000000000000064,0.0,0.0,0.010000000000000064,0.45000000000000007,0.0,0.30000000000000004
791,10,-0.020000000000000073,0.0,0.0,0.020000000000000073,0.4600000000000001,0.0,0.30000000000000004
792,10,-0.02999999999999997,0.0,0.0,0.02999999999999997,0.47,0.0,0.30000000000000004
793,10,-0.03999999999999998,0.0,0.0,0.03999999999999998,0.48,0.0,0.30000000000000004
794,10,-0.04999999999999999,0.0,0.0,0.04999999999999999,0.49,0.0,0.30000000000000004
795,10,0.04999999999999999,0.0,0.0,0.04999999999999999,-0.49,0.0,0.31000000000000005
796,10,0.03999999999999998,0.0,0.0,0.03999999999999998,-0.48,0.0,0.31000000000000005
797,10,0.02999999999999997,0.0,0.0,0.02999999999999997,-0.47,0.0,0.31000000000000005
798,10,0.019999999999999962,0.0,0.0,0.019999999999999962,-0.45999999999999996,0.0,0.31000000000000005
799,10,0.010000000000000009,0.0,0.0,0.010000000000000009,-0.45,0.0,0.31000000000000005
800,10,-0.010000000000000064,0.0,0.0,0.010000000000000064,0.45000000000000007,0.0,0.31000000000000005
801,10,-0.020000000000000073,0.0,0.0,0.020000000000000073,0.4600000000000001,0.0,0.31000000000000005
802,10,-0.02999999999999997,0.0,0.0,0.02999999999999997,0.47,0.0,0.31000000000000005
803,10,-0.03999999999999998,0.0,0.0,0.03999999999999998,0.48,0.0,0.31000000000000005
804,10,-0.04999999999999999,0.0,0.0,0.04999999999999999,0.49,0.0,0.31000000000000005
805,10,0.04999999999999999,0.0,0.0,0.04999999999999999,-0.49,0.0,0.32
806,10,0.03999999999999998,0.0,0.0,0.03999999999999998,-0.48,0.0,0.32
807,10,0.02999999999999997,0.0,0.0,0.02999999999999997,-0.47,0.0,0.32
808,10,0.019999999999999962,0.0,0.0,0.019999999999999962,-0.45999999999999996,0.0,0.32
809,10,0.010000000000000009,0.0,0.0,0.010000000000000009,-0.45,0.0,0.32
810,10,-0.010000000000000064,0.0,0.0,0.010000000000000064,0.45000000000000007,0.0,0.32
811,10,-0.020000000000000073,0.0,0.0,0.020000000000000073,0.4600000000000001,0.0,0.32
812,10,-0.02999999999999997,0.0,0.0,0.02999999999999997,0.47,0.0,0.32
813,10,-0.03999999999999998,0.0,0.0,0.03999999999999998,0.48,0.0,0.32
814,10,-0.04999999999999999,0.0,0.0,0.04999999999999999,0.49,0.0,0.32
815,10,0.04999999999999999,0.0,0.0,0.04999999999999999,-0.49,0.0,0.33
816,10,0.03999999999999998,0.0,0.0,0.03999999999999998,-0.48,0.0,0.33
817,10,0.02999999999999997,0.0,0.0,0.02999999999999997,-0.47,0.0,0.33
818,10,0.019999999999999962,0.0,0.0,0.019999999999999962,-0.45999999999999996,0.0,0.33
819,10,0.010000000000000009,0.0,0.0,0.010000000000000009,-0.45,0.0,0.33
820,10,-0.010000000000000064,0.0,0.0,0.010000000000000064,0.45000000000000007,0.0,0.33
821,10,-0.020000000000000073,0.0,0.0,0.020000000000000073,0.4600000000000001,0.0,0.33
822,10,-0.02999999999999997,0.0,0.0,0.02999999999999997,0.47,0.0,0.33
823,10,-0.03999999999999998,0.0,0.0,0.03999999999999998,0.48,0.0,0.33
824,10,-0.04999999999999999,0.0,0.0,0.04999999999999999,0.49,0.0,0.33
825,10,0.04999999999999999,0.0,0.0,0.04999999999999999,-0.49,0.0,0.34
826,10,0.03999999999999998,0.0,0.0,0.03999999999999998,-0.48,0.0,0.34
827,10,0.02999999999999997,0.0,0.0,0.02999999999999997,-0.47,0.0,0.34
828,10,0.019999999999999962,0.0,0.0,0.019999999999999962,-0.45999999999999996,0.0,0.34
829,10,0.010000000000000009,0.0,0.0,0.010000000000000009,-0.45,0.0,0.34
830,10,-0.010000000000000064,0.0,0.0,0.010000000000000064,0.45000000000000007,0.0,0.34
831,10,-0.020000000000000073,0.0,0.0,0.020000000000000073,0.4600000000000001,0.0,0.34
832,10,-0.02999999999999997,0.0,0.0,0.02999999999999997,0.47,0.0,0.34
833,10,-0.03999999999999998,0.0,0.0,0.03999999999999998,0.48,0.0,0.34
834,10,-0.04999999999999999,0.0,0.0,0.04999999999999999,0.49,0.0,0.34
835,10,0.04999999999999999,0.0,0.0,0.04999999999999999,-0.49,0.0,0.35000000000000003
836,10,0.03999999999999998,0.0,0.0,0.03999999999999998,-0.48,0.0,0.35000000000000003
837,10,0.02999999999999997,0.0,0.0,0.02999999999999997,-0.47,0.0,0.35000000000000003
838,10,0.019999999999999962,0.0,0.0,0.019999999999999962,-0.45999999999999996,0.0,0.35000000000000003
839,10,0.010000000000000009,0.0,0.0,0.010000000000000009,-0.45,0.0,0.35000000000000003
840,10,-0.010000000000000064,0.0,0.0,0.010000000000000064,0.45000000000000007,0.0,0.35000000000000003
841,10,-0.020000000000000073,0.0,0.0,0.020000000000000073,0.4600000000000001,0.0,0.35000000000000003
842,10,-0.02999999999999997,0.0,0.0,0.02999999999999997,0.47,0.0,0.35000000000000003
843,10,-0.03999999999999998,0.0,0.0,0.03999999999999998,0.48,0.0,0.35000000000000003
844,10,-0.04999999999999999,0.0,0.0,0.04999999999999999,0.49,0.0,0.35000000000000003
845,10,0.04999999999999999,0.0,0.0,0.04999999999999999,-0.49,0.0,0.36000000000000004
846,10,0.03999999999999998,0.0,0.0,0.03999999999999998,-0.48,0.0,0.36000000000000004
847,10,0.02999999999999997,0.0,0.0,0.02999999999999997,-0.47,0.0,0.36000000000000004
848,10,0.019999999999999962,0.0,0.0,0.019999999999999962,-0.45999999999999996,0.0,0.36000000000000004
849,10,0.010000000000000009,0.0,0.0,0.010000000000000009,-0.45,0.0,0.36000000000000004
850,10,-0.010000000000000064,0.0,0.0,0.010000000000000064,0.45000000000000007,0.0,0.36000000000000004
851,10,-0.020000000000000073,0.0,0.0,0.020000000000000073,0.4600000000000001,0.0,0.36000000000000004
852,10,-0.02999999999999997,0.0,0.0,0.02999999999999997,0.47,0.0,0.36000000000000004
853,10,-0.03999999999999998,0.0,0.0,0.03999999999999998,0.48,0.0,0.36000000000000004
854,10,-0.04999999999999999,0.0,0.0,0.04999999999999999,0.49,0.0,0.36000000000000004
855,10,0.04999999999999999,0.0,0.0,0.04999999999999999,-0.49,0.0,0.37000000000000005
856,10,0.03999999999999998,0.0,0.0,0.03999999999999998,-0.48,0.0,0.37000000000000005
857,10,0.02999999999999997,0.0,0.0,0.02999999999999997,-0.47,0.0,0.37000000000000005
858,10,0.019999999999999962,0.0,0.0,0.019999999999999962,-0.45999999999999996,0.0,0.37000000000000005
859,10,0.010000000000000009,0.0,0.0,0.010000000000000009,-0.45,0.0,0.37000000000000005
860,10,-0.010000000000000064,0.0,0.0,0.010000000000000064,0.45000000000000007,0.0,0.37000000000000005
861,10,-0.020000000000000073,0.0,0.0,0.020000000000000073,0.4600000000000001,0.0,0.37000000000000005
862,10,-0.02999999999999997,0.0,0.0,0.02999999999999997,0.47,0.0,0.37000000000000005
863,10,-0.03999999999999998,0.0,0.0,0.03999999999999998,0.48,0.0,0.37000000000000005
864,10,-0.04999999999999999,0.0,0.0,0.04999999999999999,0.49,0.0,0.37000000000000005
865,10,0.04999999999999999,0.0,0.0,0.04999999999999999,-0.49,0.0,0.38
866,10,0.03999999999999998,0.0,0.0,0.03999999999999998,-0.48,0.0,0.38
867,10,0.02999999999999997,0.0,0.0,0.02999999999999997,-0.47,0.0,0.38
868,10,0.019999999999999962,0.0,0.0,0.019999999999999962,-0.45999999999999996,0.0,0.38
869,10,0.010000000000000009,0.0,0.0,0.010000000000000009,-0.45,0.0,0.38
870,10,-0.010000000000000064,0.0,0.0,0.010000000000000064,0.45000000000000007,0.0,0.38
871,10,-0.020000000000000073,0.0,0.0,0.020000000000000073,0.4600000000000001,0.0,0.38
872,10,-0.02999999999999997,0.0,0.0,0.02999999999999997,0.47,0.0,0.38
873,10,-0.03999999999999998,0.0,0.0,0.03999999999999998,0.48,0.0,0.38
874,10,-0.04999999999999999,0.0,0.0,0.04999999999999999,0.49,0.0,0.38
875,10,0.04999999999999999,0.0,0.0,0.04999999999999999,-0.49,0.0,0.39
876,10,0.03999999999999998,0.0,0.0,0.03999999999999998,-0.48,0.0,0.39
877,10,0.02999999999999997,0.0,0.0,0.02999999999999997,-0.47,0.0,0.39
878,10,0.019999999999999962,0.0,0.0,0.019999999999999962,-0.45999999999999996,0.0,0.39
879,10,0.010000000000000009,0.0,0.0,0.010000000000000009,-0.45,0.0,0.39
880,10,-0.010000000000000064,0.0,0.0,0.010000000000000064,0.45000000000000007,0.0,0.39
881,10,-0.020000000000000073,0.0,0.0,0.020000000000000073,0.4600000000000001,0.0,0.39
882,10,-0.02999999999999997,0.0,0.0,0.02999999999999997,0.47,0.0,0.39
883,10,-0.03999999999999998,0.0,0.0,0.03999999999999998,0.48,0.0,0.39
884,10,-0.04999999999999999,0.0,0.0,0.04999999999999999,0.49,0.0,0.39
885,10,0.04999999999999999,0.0,0.0,0.04999999999999999,-0.49,0.0,0.4
886,10,0.03999999999999998,0.0,0.0,0.03999999999999998,-0.48,0.0,0.4
887,10,0.02999999999999997,0.0,0.0,0.02999999999999997,-0.47,0.0,0.4
888,10,0.019999999999999962,0.0,0.0,0.019999999999999962,-0.45999999999999996,0.0,0.4
889,10,0.010000000000000009,0.0,0.0,0.010000000000000009,-0.45,0.0,0.4
890,10,-0.010000000000000064,0.0,0.0,0.010000000000000064,0.45000000000000007,0.0,0.4
891,10,-0.020000000000000073,0.0,0.0,0.020000000000000073,0.4600000000000001,0.0,0.4
892,10,-0.02999999999999997,0.0,0.0,0.02999999999999997,0.47,0.0,0.4
893,10,-0.03999999999999998,0.0,0.0,0.03999999999999998,0.48,0.0,0.4
894,10,-0.04999999999999999,0.0,0.0,0.04999999999999999,0.49,0.0,0.4
895,10,0.04999999999999999,0.0,0.0,0.04999999999999999,-0.49,0.0,0.41000000000000003
896,10,0.03999999999999998,0.0,0.0,0.03999999999999998,-0.48,0.0,0.41000000000000003
897,10,0.02999999999999997,0.0,0.0,0.02999999999999997,-0.47,0.0,0.41000000000000003
898,10,0.019999999999999962,0.0,0.0,0.019999999999999962,-0.45999999999999996,0.0,0.41000000000000003
899,10,0.010000000000000009,0.0,0.0,0.010000000000000009,-0.45,0.0,0.41000000000000003
900,10,-0.010000000000000064,0.0,0.0,0.010000000000000064,0.45000000000000007,0.0,0.41000000000000003
901,10,-0.020000000000000073,0.0,0.0,0.020000000000000073,0.4600000000000001,0.0,0.41000000000000003
902,10,-0.02999999999999997,0.0,0.0,0.02999999999999997,0.47,0.0,0.41000000000000003
903,10,-0.03999999999999998,0.0,0.0,0.03999999999999998,0.48,0.0,0.41000000000000003
904,10,-0.04999999999999999,0.0,0.0,0.04999999999999999,0.49,0.0,0.41000000000000003
905,10,0.04999999999999999,0.0,0.0,0.04999999999999999,-0.49,0.0,0.42000000000000004
906,10,0.03999999999999998,0.0,0.0,0.03999999999999998,-0.48,0.0,0.42000000000000004
907,10,0.02999999999999997,0.0,0.0,0.02999999999999997,-0.47,0.0,0.42000000000000004
908,10,0.019999999999999962,0.0,0.0,0.019999999999999962,-0.45999999999999996,0.0,0.42000000000000004
909,10,0.010000000000000009,0.0,0.0,0.010000000000000009,-0.45,0.0,0.42000000000000004
910,10,-0.010000000000000064,0.0,0.0,0.010000000000000064,0.45000000000000007,0.0,0.42000000000000004
911,10,-0.020000000000000073,0.0,0.0,0.020000000000000073,0.4600000000000001,0.0,0.42000000000000004
912,10,-0.02999999999999997,0.0,0.0,0.02999999999999997,0.47,0.0,0.42000000000000004
913,10,-0.03999999999999998,0.0,0.0,0.03999999999999998,0.48,0.0,0.42000000000000004
914,10,-0.04999999999999999,0.0,0.0,0.04999999999999999,0.49,0.0,0.42000000000000004
915,10,0.04999999999999999,0.0,0.0,0.04999999999999999,-0.49,0.0,0.43000000000000005
916,10,0.03999999999999998,0.0,0.0,0.03999999999999998,-0.48,0.0,0.43000000000000005
917,10,0.02999999999999997,0.0,0.0,0.02999999999999997,-0.47,0.0,0.43000000000000005
918,10,0.019999999999999962,0.0,0.0,0.019999999999999962,-0.45999999999999996,0.0,0.43000000000000005
919,10,0.010000000000000009,0.0,0.0,0.010000000000000009,-0.45,0.0,0.43000000000000005
920,10,-0.010000000000000064,0.0,0.0,0.010000000000000064,0.45000000000000007,0.0,0.43000000000000005
921,10,-0.020000000000000073,0.0,0.0,0.020000000000000073,0.4600000000000001,0.0,0.43000000000000005
922,10,-0.02999999999999997,0.0,0.0,0.02999999999999997,0.47,0.0,0.43000000000000005
923,10,-0.03999999999999998,0.0,0.0,0.03999999999999998,0.48,0.0,0.43000000000000005
924,10,-0.04999999999999999,0.0,0.0,0.04999999999999999,0.49,0.0,0.43000000000000005
925,10,0.04999999999999999,0.0,0.0,0.04999999999999999,-0.49,0.0,0.44
926,10,0.03999999999999998,0.0,0.0,0.03999999999999998,-0.48,0.0,0.44
927,10,0.02999999999999997,0.0,0.0,0.02999999999999997,-0.47,0.0,0.44
928,10,0.019999999999999962,0.0,0.0,0.019999999999999962,-0.45999999999999996,0.0,0.44
929,10,0.010000000000000009,0.0,0.0,0.010000000000000009,-0.45,0.0,0.44
930,10,-0.010000000000000064,0.0,0.0,0.010000000000000064,0.45000000000000007,0.0,0.44
931,10,-0.020000000000000073,0.0,0.0,0.020000000000000073,0.4600000000000001,0.0,0.44
932,10,-0.02999999999999997,0.0,0.0,0.02999999999999997,0.47,0.0,0.44
933,10,-0.03999999999999998,0.0,0.0,0.03999999999999998,0.48,0.0,0.44
934,10,-0.04999999999999999,0.0,0.0,0.04999999999999999,0.49,0.0,0.44
935,10,0.04999999999999999,0.0,0.0,0.04999999999999999,-0.49,0.0,0.45
936,10,0.03999999999999998,0.0,0.0,0.03999999999999998,-0.48,0.0,0.45
937,10,0.02999999999999997,0.0,0.0,0.02999999999999997,-0.47,0.0,0.45
938,10,0.019999999999999962,0.0,0.0,0.019999999999999962,-0.45999999999999996,0.0,0.45
939,10,0.010000000000000009,0.0,0.0,0.010000000000000009,-0.45,0.0,0.45
940,10,-0.010000000000000064,0.0,0.0,0.010000000000000064,0.45000000000000007,0.0,0.45
941,10,-0.020000000000000073,0.0,0.0,0.020000000000000073,0.4600000000000001,0.0,0.45
942,10,-0.02999999999999997,0.0,0.0,0.02999999999999997,0.47,0.0,0.45
943,10,-0.03999999999999998,0.0,0.0,0.03999999999999998,0.48,0.0,0.45
944,10,-0.04999999999999999,0.0,0.0,0.04999999999999999,0.49,0.0,0.45
945,10,0.04999999999999999,0.0,0.0,0.04999999999999999,-0.49,0.0,0.46
946,10,0.03999999999999998,0.0,0.0,0.03999999999999998,-0.48,0.0,0.46
947,10,0.02999999999999997,0.0,0.0,0.02999999999999997,-0.47,0.0,0.46
948,10,0.019999999999999962,0.0,0.0,0.019999999999999962,-0.45999999999999996,0.0,0.46
949,10,0.010000000000000009,0.0,0.0,0.010000000000000009,-0.45,0.0,0.46
950,10,-0.010000000000000064,0.0,0.0,0.010000000000000064,0.45000000000000007,0.0,0.46
951,10,-0.020000000000000073,0.0,0.0,0.020000000000000073,0.4600000000000001,0.0,0.46
952,10,-0.02999999999999997,0.0,0.0,0.02999999999999997,0.47,0.0,0.46
953,10,-0.03999999999999998,0.0,0.0,0.03999999999999998,0.48,0.0,0.46
954,10,-0.04999999999999999,0.0,0.0,0.04999999999999999,0.49,0.0,0.46
955,10,0.04999999999999999,0.0,0.0,0.04999999999999999,-0.49,0.0,0.47000000000000003
956,10,0.03999999999999998,0.0,0.0,0.03999999999999998,-0.48,0.0,0.47000000000000003
957,10,0.02999999999999997,0.0,0.0,0.02999999999999997,-0.47,0.0,0.47000000000000003
958,10,0.019999999999999962,0.0,0.0,0.019999999999999962,-0.45999999999999996,0.0,0.47000000000000003
959,10,0.010000000000000009,0.0,0.0,0.010000000000000009,-0.45,0.0,0.47000000000000003
960,10,-0.010000000000000064,0.0,0.0,0.010000000000000064,0.45000000000000007,0.0,0.47000000000000003
961,10,-0.020000000000000073,0.0,0.0,0.020000000000000073,0.4600000000000001,0.0,0.47000000000000003
962,10,-0.02999999999999997,0.0,0.0,0.02999999999999997,0.47,0.0,0.47000000000000003
963,10,-0.03999999999999998,0.0,0.0,0.03999999999999998,0.48,0.0,0.47000000000000003
964,10,-0.04999999999999999,0.0,0.0,0.04999999999999999,0.49,0.0,0.47000000000000003
965,10,0.04999999999999999,0.0,0.0,0.04999999999999999,-0.49,0.0,0.48000000000000004
966,10,0.03999999999999998,0.0,0.0,0.03999999999999998,-0.48,0.0,0.48000000000000004
967,10,0.02999999999999997,0.0,0.0,0.02999999999999997,-0.47,0.0,0.48000000000000004
968,10,0.019999999999999962,0.0,0.0,0.019999999999999962,-0.45999999999999996,0.0,0.48000000000000004
969,10,0.010000000000000009,0.0,0.0,0.010000000000000009,-0.45,0.0,0.48000000000000004
970,10,-0.010000000000000064,0.0,0.0,0.010000000000000064,0.45000000000000007,0.0,0.48000000000000004
971,10,-0.020000000000000073,0.0,0.0,0.020000000000000073,0.4600000000000001,0.0,0.48000000000000004
972,10,-0.02999999999999997,0.0,0.0,0.02999999999999997,0.47,0.0,0.48000000000000004
973,10,-0.03999999999999998,0.0,0.0,0.03999999999999998,0.48,0.0,0.48000000000000004
974,10,-0.04999999999999999,0.0,0.0,0.04999999999999999,0.49,0.0,0.48000000000000004
975,10,0.04999999999999999,0.0,0.0,0.04999999999999999,-0.49,0.0,0.49000000000000005
976,10,0.03999999999999998,0.0,0.0,0.03999999999999998,-0.48,0.0,0.49000000000000005
977,10,0.02999999999999997,0.0,0.0,0.02999999999999997,-0.47,0.0,0.49000000000000005
978,10,0.019999999999999962,0.0,0.0,0.019999999999999962,-0.45999999999999996,0.0,0.49000000000000005
979,10,0.010000000000000009,0.0,0.0,0.010000000000000009,-0.45,0.0,0.49000000000000005
980,10,-0.010000000000000064,0.0,0.0,0.010000000000000064,0.45000000000000007,0.0,0.49000000000000005
981,10,-0.020000000000000073,0.0,0.0,0.020000000000000073,0.4600000000000001,0.0,0.49000000000000005
982,10,-0.02999999999999997,0.0,0.0,0.02999999999999997,0.47,0.0,0.49000000000000005
983,10,-0.03999999999999998,0.0,0.0,0.03999999999999998,0.48,0.0,0.49000000000000005
984,10,-0.04999999999999999,0.0,0.0,0.04999999999999999,0.49,0.0,0.49000000000000005
985,10,0.04999999999999999,0.0,-0.0020000000000000018,0.050039984012787204,-0.49,0.0,0.5
986,10,0.03999999999999998,0.0,-0.0020000000000000018,0.04004996878900155,-0.48,0.0,0.5
987,10,0.02999999999999997,0.0,-0.0020000000000000018,0.030066592756745787,-0.47,0.0,0.5
988,10,0.019999999999999962,0.0,-0.0020000000000000018,0.020099751242241743,-0.45999999999999996,0.0,0.5
989,10,0.010000000000000009,0.0,-0.0020000000000000018,0.01019803902718558,-0.45,0.0,0.5
990,10,-0.010000000000000064,0.0,-0.0020000000000000018,0.010198039027185633,0.45000000000000007,0.0,0.5
991,10,-0.020000000000000073,0.0,-0.0020000000000000018,0.020099751242241854,0.4600000000000001,0.0,0.5
992,10,-0.02999999999999997,0.0,-0.0020000000000000018,0.030066592756745787,0.47,0.0,0.5
993,10,-0.03999999999999998,0.0,-0.0020000000000000018,0.04004996878900155,0.48,0.0,0.5
994,10,-0.04999999999999999,0.0,-0.0020000000000000018,0.050039984012787204,0.49,0.0,0.5
995,10,0.04999999999999999,0.0,-0.01200000000000001,0.051419840528729756,-0.49,0.0,0.51
996,10,0.03999999999999998,0.0,-0.01200000000000001,0.04176122603564218,-0.48,0.0,0.51
997,10,0.02999999999999997,0.0,-0.01200000000000001,0.032310988842807004,-0.47,0.0,0.51
998,10,0.019999999999999962,0.0,-0.01200000000000001,0.023323807579381173,-0.45999999999999996,0.0,0.51
999,10,0.010000000000000009,0.0,-0.01200000000000001,0.015620499351813323,-0.45,0.0,0.51
1000,10,0.0,0.0,-0.01200000000000001,0.01200000000000001,-0.44,0.0,0.51
1001,10,0.0,0.0,-0.01200000000000001,0.01200000000000001,-0.43,0.0,0.51
1002,10,0.0,0.0,-0.01200000000000001,0.01200000000000001,-0.42,0.0,0.51
1003,10,0.0,0.0,-0.01200000000000001,0.01200000000000001,-0.41,0.0,0.51
1004,10,0.0,0.0,-0.01200000000000001,0.01200000000000001,-0.4,0.0,0.51
1005,10,0.0,0.0,-0.01200000000000001,0.01200000000000001,-0.39,0.0,0.51
1006,10,0.0,0.0,-0.01200000000000001,0.01200000000000001,-0.38,0.0,0.51
1007,10,0.0,0.0,-0.01200000000000001,0.01200000000000001,-0.37,0.0,0.51
1008,10,0.0,0.0,-0.01200000000000001,0.01200000000000001,-0.36,0.0,0.51
1009,10,0.0,0.0,-0.01200000000000001,0.01200000000000001,-0.35,0.0,0.51
1010,10,0.0,0.0,-0.01200000000000001,0.01200000000000001,-0.33999999999999997,0.0,0.51
1011,10,0.0,0.0,-0.01200000000000001,0.01200000000000001,-0.32999999999999996,0.0,0.51
1012,10,0.0,0.0,-0.01200000000000001,0.01200000000000001,-0.31999999999999995,0.0,0.51
1013,10,0.0,0.0,-0.01200000000000001,0.01200000000000001,-0.31,0.0,0.51
1014,10,0.0,0.0,-0.01200000000000001,0.01200000000000001,-0.3,0.0,0.51
1015,10,0.0,0.0,-0.01200000000000001,0.01200000000000001,-0.29,0.0,0.51
1016,10,0.0,0.0,-0.01200000000000001,0.01200000000000001,-0.28,0.0,0.51
1017,10,0.0,0.0,-0.01200000000000001,0.01200000000000001,-0.27,0.0,0.51
1018,10,0.0,0.0,-0.01200000000000001,0.01200000000000001,-0.26,0.0,0.51
1019,10,0.0,0.0,-0.01200000000000001,0.01200000000000001,-0.25,0.0,0.51
1020,10,0.0,0.0,-0.01200000000000001,0.01200000000000001,-0.24,0.0,0.51
1021,10,0.0,0.0,-0.01200000000000001,0.01200000000000001,-0.22999999999999998,0.0,0.51
1022,10,0.0,0.0,-0.01200000000000001,0.01200000000000001,-0.21999999999999997,0.0,0.51
1023,10,0.0,0.0,-0.01200000000000001,0.01200000000000001,-0.20999999999999996,0.0,0.51
1024,10,0.0,0.0,-0.01200000000000001,0.01200000000000001,-0.2,0.0,0.51
1025,10,0.0,0.0,-0.01200000000000001,0.01200000000000001,-0.19,0.0,0.51
1026,10,0.0,0.0,-0.01200000000000001,0.01200000000000001,-0.18,0.0,0.51
1027,10,0.0,0.0,-0.01200000000000001,0.01200000000000001,-0.16999999999999998,0.0,0.51
1028,10,0.0,0.0,-0.01200000000000001,0.01200000000000001,-0.15999999999999998,0.0,0.51
1029,10,0.0,0.0,-0.01200000000000001,0.01200000000000001,-0.14999999999999997,0.0,0.51
1030,10,0.0,0.0,-0.01200000000000001,0.01200000000000001,-0.13999999999999996,0.0,0.51
1031,10,0.0,0.0,-0.01200000000000001,0.01200000000000001,-0.13,0.0,0.51
1032,10,0.0,0.0,-0.01200000000000001,0.01200000000000001,-0.12,0.0,0.51
1033,10,0.0,0.0,-0.01200000000000001,0.01200000000000001,-0.10999999999999999,0.0,0.51
1034,10,0.0,0.0,-0.01200000000000001,0.01200000000000001,-0.09999999999999998,0.0,0.51
1035,10,0.0,0.0,-0.01200000000000001,0.01200000000000001,-0.08999999999999997,0.0,0.51
1036,10,0.0,0.0,-0.01200000000000001,0.01200000000000001,-0.07999999999999996,0.0,0.51
1037,10,0.0,0.0,-0.01200000000000001,0.01200000000000001,-0.07,0.0,0.51
1038,10,0.0,0.0,-0.01200000000000001,0.01200000000000001,-0.06,0.0,0.51
1039,10,0.0,0.0,-0.01200000000000001,0.01200000000000001,-0.04999999999999999,0.0,0.51
1040,10,0.0,0.0,-0.01200000000000001,0.01200000000000001,-0.03999999999999998,0.0,0.51
1041,10,0.0,0.0,-0.01200000000000001,0.01200000000000001,-0.02999999999999997,0.0,0.51
1042,10,0.0,0.0,-0.01200000000000001,0.01200000000000001,-0.019999999999999962,0.0,0.51
1043,10,0.0,0.0,-0.01200000000000001,0.01200000000000001,-0.010000000000000009,0.0,0.51
1044,10,0.0,0.0,-0.01200000000000001,0.01200000000000001,0.0,0.0,0.51
1045,10,0.0,0.0,-0.01200000000000001,0.01200000000000001,0.010000000000000009,0.0,0.51
1046,10,0.0,0.0,-0.01200000000000001,0.01200000000000001,0.020000000000000018,0.0,0.51
1047,10,0.0,0.0,-0.01200000000000001,0.01200000000000001,0.030000000000000027,0.0,0.51
1048,10,0.0,0.0,-0.01200000000000001,0.01200000000000001,0.040000000000000036,0.0,0.51
1049,10,0.0,0.0,-0.01200000000000001,0.01200000000000001,0.050000000000000044,0.0,0.51
1050,10,0.0,0.0,-0.01200000000000001,0.01200000000000001,0.06000000000000005,0.0,0.51
1051,10,0.0,0.0,-0.01200000000000001,0.01200000000000001,0.07000000000000006,0.0,0.51
1052,10,0.0,0.0,-0.01200000000000001,0.01200000000000001,0.08000000000000007,0.0,0.51
1053,10,0.0,0.0,-0.01200000000000001,0.01200000000000001,0.08999999999999997,0.0,0.51
1054,10,0.0,0.0,-0.01200000000000001,0.01200000000000001,0.09999999999999998,0.0,0.51
1055,10,0.0,0.0,-0.01200000000000001,0.01200000000000001,0.10999999999999999,0.0,0.51
1056,10,0.0,0.0,-0.01200000000000001,0.01200000000000001,0.12,0.0,0.51
1057,10,0.0,0.0,-0.01200000000000001,0.01200000000000001,0.13,0.0,0.51
1058,10,0.0,0.0,-0.01200000000000001,0.01200000000000001,0.14,0.0,0.51
1059,10,0.0,0.0,-0.01200000000000001,0.01200000000000001,0.15000000000000002,0.0,0.51
1060,10,0.0,0.0,-0.01200000000000001,0.01200000000000001,0.16000000000000003,0.0,0.51
1061,10,0.0,0.0,-0.01200000000000001,0.01200000000000001,0.17000000000000004,0.0,0.51
1062,10,0.0,0.0,-0.01200000000000001,0.01200000000000001,0.18000000000000005,0.0,0.51
1063,10,0.0,0.0,-0.01200000000000001,0.01200000000000001,0.19000000000000006,0.0,0.51
1064,10,0.0,0.0,-0.01200000000000001,0.01200000000000001,0.20000000000000007,0.0,0.51
1065,10,0.0,0.0,-0.01200000000000001,0.01200000000000001,0.21000000000000008,0.0,0.51
1066,10,0.0,0.0,-0.01200000000000001,0.01200000000000001,0.21999999999999997,0.0,0.51
1067,10,0.0,0.0,-0.01200000000000001,0.01200000000000001,0.22999999999999998,0.0,0.51
1068,10,0.0,0.0,-0.01200000000000001,0.01200000000000001,0.24,0.0,0.51
1069,10,0.0,0.0,-0.01200000000000001,0.01200000000000001,0.25,0.0,0.51
1070,10,0.0,0.0,-0.01200000000000001,0.01200000000000001,0.26,0.0,0.51
1071,10,0.0,0.0,-0.01200000000000001,0.01200000000000001,0.27,0.0,0.51
1072,10,0.0,0.0,-0.01200000000000001,0.01200000000000001,0.28,0.0,0.51
1073,10,0.0,0.0,-0.01200000000000001,0.01200000000000001,0.29000000000000004,0.0,0.51
1074,10,0.0,0.0,-0.01200000000000001,0.01200000000000001,0.30000000000000004,0.0,0.51
1075,10,0.0,0.0,-0.01200000000000001,0.01200000000000001,0.31000000000000005,0.0,0.51
1076,10,0.0,0.0,-0.01200000000000001,0.01200000000000001,0.32000000000000006,0.0,0.51
1077,10,0.0,0.0,-0.01200000000000001,0.01200000000000001,0.33000000000000007,0.0,0.51
1078,10,0.0,0.0,-0.01200000000000001,0.01200000000000001,0.3400000000000001,0.0,0.51
1079,10,0.0,0.0,-0.01200000000000001,0.01200000000000001,0.35,0.0,0.51
1080,10,0.0,0.0,-0.01200000000000001,0.01200000000000001,0.36,0.0,0.51
1081,10,0.0,0.0,-0.01200000000000001,0.01200000000000001,0.37,0.0,0.51
1082,10,0.0,0.0,-0.01200000000000001,0.01200000000000001,0.38,0.0,0.51
1083,10,0.0,0.0,-0.01200000000000001,0.01200000000000001,0.39,0.0,0.51
1084,10,0.0,0.0,-0.01200000000000001,0.01200000000000001,0.4,0.0,0.51
1085,10,0.0,0.0,-0.01200000000000001,0.01200000000000001,0.41000000000000003,0.0,0.51
1086,10,0.0,0.0,-0.01200000000000001,0.01200000000000001,0.42000000000000004,0.0,0.51
1087,10,0.0,0.0,-0.01200000000000001,0.01200000000000001,0.43000000000000005,0.0,0.51
1088,10,-5.551115123125783e-17,0.0,-0.01200000000000001,0.01200000000000001,0.44000000000000006,0.0,0.51
1089,10,-0.010000000000000064,0.0,-0.01200000000000001,0.015620499351813357,0.45000000000000007,0.0,0.51
1090,10,-0.020000000000000073,0.0,-0.01200000000000001,0.02332380757938127,0.4600000000000001,0.0,0.51
1091,10,-0.02999999999999997,0.0,-0.01200000000000001,0.032310988842807004,0.47,0.0,0.51
1092,10,-0.03999999999999998,0.0,-0.01200000000000001,0.04176122603564218,0.48,0.0,0.51
1093,10,-0.04999999999999999,0.0,-0.01200000000000001,0.051419840528729756,0.49,0.0,0.51
1094,10,0.04999999999999999,0.0,-0.02200000000000002,0.05462600113499065,-0.49,0.0,0.52
1095,10,0.03999999999999998,0.0,-0.02200000000000002,0.0456508488420533,-0.48,0.0,0.52
1096,10,0.02999999999999997,0.0,-0.02200000000000002,0.037202150475476536,-0.47,0.0,0.52
1097,10,0.019999999999999962,0.0,-0.02200000000000002,0.029732137494637,-0.45999999999999996,0.0,0.52
1098,10,0.010000000000000009,0.0,-0.02200000000000002,0.024166091947189165,-0.45,0.0,0.52
1099,10,0.0,0.0,-0.02200000000000002,0.02200000000000002,-0.44,0.0,0.52
1100,10,0.0,0.0,-0.02200000000000002,0.02200000000000002,-0.43,0.0,0.52
1101,10,0.0,0.0,-0.02200000000000002,0.02200000000000002,-0.42,0.0,0.52
1102,10,0.0,0.0,-0.02200000000000002,0.02200000000000002,-0.41,0.0,0.52
1103,10,0.0,0.0,-0.02200000000000002,0.02200000000000002,-0.4,0.0,0.52
1104,10,0.0,0.0,-0.02200000000000002,0.02200000000000002,-0.39,0.0,0.52
1105,10,0.0,0.0,-0.02200000000000002,0.02200000000000002,-0.38,0.0,0.52
1106,10,0.0,0.0,-0.02200000000000002,0.02200000000000002,-0.37,0.0,0.52
1107,10,0.0,0.0,-0.02200000000000002,0.02200000000000002,-0.36,0.0,0.52
1108,10,0.0,0.0,-0.02200000000000002,0.02200000000000002,-0.35,0.0,0.52
1109,10,0.0,0.0,-0.02200000000000002,0.02200000000000002,-0.33999999999999997,0.0,0.52
1110,10,0.0,0.0,-0.02200000000000002,0.02200000000000002,-0.32999999999999996,0.0,0.52
1111,10,0.0,0.0,-0.02200000000000002,0.02200000000000002,-0.31999999999999995,0.0,0.52
1112,10,0.0,0.0,-0.02200000000000002,0.02200000000000002,-0.31,0.0,0.52
1113,10,0.0,0.0,-0.02200000000000002,0.02200000000000002,-0.3,0.0,0.52
1114,10,0.0,0.0,-0.02200000000000002,0.02200000000000002,-0.29,0.0,0.52
1115,10,0.0,0.0,-0.02200000000000002,0.02200000000000002,-0.28,0.0,0.52
1116,10,0.0,0.0,-0.02200000000000002,0.02200000000000002,-0.27,0.0,0.52
1117,10,0.0,0.0,-0.02200000000000002,0.02200000000000002,-0.26,0.0,0.52
1118,10,0.0,0.0,-0.02200000000000002,0.02200000000000002,-0.25,0.0,0.52
1119,10,0.0,0.0,-0.02200000000000002,0.02200000000000002,-0.24,0.0,0.52
1120,10,0.0,0.0,-0.02200000000000002,0.02200000000000002,-0.22999999999999998,0.0,0.52
1121,10,0.0,0.0,-0.02200000000000002,0.02200000000000002,-0.21999999999999997,0.0,0.52
1122,10,0.0,0.0,-0.02200000000000002,0.02200000000000002,-0.20999999999999996,0.0,0.52
1123,10,0.0,0.0,-0.02200000000000002,0.02200000000000002,-0.2,0.0,0.52
1124,10,0.0,0.0,-0.02200000000000002,0.02200000000000002,-0.19,0.0,0.52
1125,10,0.0,0.0,-0.02200000000000002,0.02200000000000002,-0.18,0.0,0.52
1126,10,0.0,0.0,-0.02200000000000002,0.02200000000000002,-0.16999999999999998,0.0,0.52
1127,10,0.0,0.0,-0.02200000000000002,0.02200000000000002,-0.15999999999999998,0.0,0.52
1128,10,0.0,0.0,-0.02200000000000002,0.02200000000000002,-0.14999999999999997,0.0,0.52
1129,10,0.0,0.0,-0.02200000000000002,0.02200000000000002,-0.13999999999999996,0.0,0.52
1130,10,0.0,0.0,-0.02200000000000002,0.02200000000000002,-0.13,0.0,0.52
1131,10,0.0,0.0,-0.02200000000000002,0.02200000000000002,-0.12,0.0,0.52
1132,10,0.0,0.0,-0.02200000000000002,0.02200000000000002,-0.10999999999999999,0.0,0.52
1133,10,0.0,0.0,-0.02200000000000002,0.02200000000000002,-0.09999999999999998,0.0,0.52
1134,10,0.0,0.0,-0.02200000000000002,0.02200000000000002,-0.08999999999999997,0.0,0.52
1135,10,0.0,0.0,-0.02200000000000002,0.02200000000000002,-0.07999999999999996,0.0,0.52
1136,10,0.0,0.0,-0.02200000000000002,0.02200000000000002,-0.07,0.0,0.52
1137,10,0.0,0.0,-0.02200000000000002,0.02200000000000002,-0.06,0.0,0.52
1138,10,0.0,0.0,-0.02200000000000002,0.02200000000000002,-0.04999999999999999,0.0,0.52
1139,10,0.0,0.0,-0.02200000000000002,0.02200000000000002,-0.03999999999999998,0.0,0.52
1140,10,0.0,0.0,-0.02200000000000002,0.02200000000000002,-0.02999999999999997,0.0,0.52
1141,10,0.0,0.0,-0.02200000000000002,0.02200000000000002,-0.019999999999999962,0.0,0.52
1142,10,0.0,0.0,-0.02200000000000002,0.02200000000000002,-0.010000000000000009,0.0,0.52
1143,10,0.0,0.0,-0.02200000000000002,0.02200000000000002,0.0,0.0,0.52
1144,10,0.0,0.0,-0.02200000000000002,0.02200000000000002,0.010000000000000009,0.0,0.52
1145,10,0.0,0.0,-0.02200000000000002,0.02200000000000002,0.020000000000000018,0.0,0.52
1146,10,0.0,0.0,-0.02200000000000002,0.02200000000000002,0.030000000000000027,0.0,0.52
1147,10,0.0,0.0,-0.02200000000000002,0.02200000000000002,0.040000000000000036,0.0,0.52
1148,10,0.0,0.0,-0.02200000000000002,0.02200000000000002,0.050000000000000044,0.0,0.52
1149,10,0.0,0.0,-0.02200000000000002,0.02200000000000002,0.06000000000000005,0.0,0.52
1150,10,0.0,0.0,-0.02200000000000002,0.02200000000000002,0.07000000000000006,0.0,0.52
1151,10,0.0,0.0,-0.02200000000000002,0.02200000000000002,0.08000000000000007,0.0,0.52
1152,10,0.0,0.0,-0.02200000000000002,0.02200000000000002,0.08999999999999997,0.0,0.52
1153,10,0.0,0.0,-0.02200000000000002,0.02200000000000002,0.09999999999999998,0.0,0.52
1154,10,0.0,0.0,-0.02200000000000002,0.02200000000000002,0.10999999999999999,0.0,0.52
1155,10,0.0,0.0,-0.02200000000000002,0.02200000000000002,0.12,0.0,0.52
1156,10,0.0,0.0,-0.02200000000000002,0.02200000000000002,0.13,0.0,0.52
1157,10,0.0,0.0,-0.02200000000000002,0.02200000000000002,0.14,0.0,0.52
1158,10,0.0,0.0,-0.02200000000000002,0.02200000000000002,0.15000000000000002,0.0,0.52
1159,10,0.0,0.0,-0.02200000000000002,0.02200000000000002,0.16000000000000003,0.0,0.52
1160,10,0.0,0.0,-0.02200000000000002,0.02200000000000002,0.17000000000000004,0.0,0.52
1161,10,0.0,0.0,-0.02200000000000002,0.02200000000000002,0.18000000000000005,0.0,0.52
1162,10,0.0,0.0,-0.02200000000000002,0.02200000000000002,0.19000000000000006,0.0,0.52
1163,10,0.0,0.0,-0.02200000000000002,0.02200000000000002,0.20000000000000007,0.0,0.52
1164,10,0.0,0.0,-0.02200000000000002,0.02200000000000002,0.21000000000000008,0.0,0.52
1165,10,0.0,0.0,-0.02200000000000002,0.02200000000000002,0.21999999999999997,0.0,0.52
1166,10,0.0,0.0,-0.02200000000000002,0.02200000000000002,0.22999999999999998,0.0,0.52
1167,10,0.0,0.0,-0.02200000000000002,0.02200000000000002,0.24,0.0,0.52
1168,10,0.0,0.0,-0.02200000000000002,0.02200000000000002,0.25,0.0,0.52
1169,10,0.0,0.0,-0.02200000000000002,0.02200000000000002,0.26,0.0,0.52
1170,10,0.0,0.0,-0.02200000000000002,0.02200000000000002,0.27,0.0,0.52
1171,10,0.0,0.0,-0.02200000000000002,0.02200000000000002,0.28,0.0,0.52
1172,10,0.0,0.0,-0.02200000000000002,0.02200000000000002,0.29000000000000004,0.0,0.52
1173,10,0.0,0.0,-0.02200000000000002,0.02200000000000002,0.30000000000000004,0.0,0.52
1174,10,0.0,0.0,-0.02200000000000002,0.02200000000000002,0.31000000000000005,0.0,0.52
1175,10,0.0,0.0,-0.02200000000000002,0.02200000000000002,0.32000000000000006,0.0,0.52
1176,10,0.0,0.0,-0.02200000000000002,0.02200000000000002,0.33000000000000007,0.0,0.52
1177,10,0.0,0.0,-0.02200000000000002,0.02200000000000002,0.3400000000000001,0.0,0.52
1178,10,0.0,0.0,-0.02200000000000002,0.02200000000000002,0.35,0.0,0.52
1179,10,0.0,0.0,-0.02200000000000002,0.02200000000000002,0.36,0.0,0.52
1180,10,0.0,0.0,-0.02200000000000002,0.02200000000000002,0.37,0.0,0.52
1181,10,0.0,0.0,-0.02200000000000002,0.02200000000000002,0.38,0.0,0.52
1182,10,0.0,0.0,-0.02200000000000002,0.02200000000000002,0.39,0.0,0.52
1183,10,0.0,0.0,-0.02200000000000002,0.02200000000000002,0.4,0.0,0.52
1184,10,0.0,0.0,-0.02200000000000002,0.02200000000000002,0.41000000000000003,0.0,0.52
1185,10,0.0,0.0,-0.02200000000000002,0.02200000000000002,0.42000000000000004,0.0,0.52
1186,10,0.0,0.0,-0.02200000000000002,0.02200000000000002,0.43000000000000005,0.0,0.52
1187,10,-5.551115123125783e-17,0.0,-0.02200000000000002,0.02200000000000002,0.44000000000000006,0.0,0.52
1188,10,-0.010000000000000064,0.0,-0.02200000000000002,0.02416609194718919,0.45000000000000007,0.0,0.52
1189,10,-0.020000000000000073,0.0,-0.02200000000000002,0.029732137494637073,0.4600000000000001,0.0,0.52
1190,10,-0.02999999999999997,0.0,-0.02200000000000002,0.037202150475476536,0.47,0.0,0.52
1191,10,-0.03999999999999998,0.0,-0.02200000000000002,0.0456508488420533,0.48,0.0,0.52
1192,10,-0.04999999999999999,0.0,-0.02200000000000002,0.05462600113499065,0.49,0.0,0.52
1193,10,0.04999999999999999,0.0,-0.03200000000000003,0.05936328831862333,-0.49,0.0,0.53
1194,10,0.03999999999999998,0.0,-0.03200000000000003,0.05122499389946279,-0.48,0.0,0.53
1195,10,0.02999999999999997,0.0,-0.03200000000000003,0.043863424398922615,-0.47,0.0,0.53
1196,10,0.019999999999999962,0.0,-0.03200000000000003,0.03773592452822642,-0.45999999999999996,0.0,0.53
1197,10,0.010000000000000009,0.0,-0.03200000000000003,0.03352610922848045,-0.45,0.0,0.53
1198,10,0.0,0.0,-0.03200000000000003,0.03200000000000003,-0.44,0.0,0.53
1199,10,0.0,0.0,-0.03200000000000003,0.03200000000000003,-0.43,0.0,0.53
1200,10,0.0,0.0,-0.03200000000000003,0.03200000000000003,-0.42,0.0,0.53
1201,10,0.0,0.0,-0.03200000000000003,0.03200000000000003,-0.41,0.0,0.53
1202,10,0.0,0.0,-0.03200000000000003,0.03200000000000003,-0.4,0.0,0.53
1203,10,0.0,0.0,-0.03200000000000003,0.03200000000000003,-0.39,0.0,0.53
1204,10,0.0,0.0,-0.03200000000000003,0.03200000000000003,-0.38,0.0,0.53
1205,10,0.0,0.0,-0.03200000000000003,0.03200000000000003,-0.37,0.0,0.53
1206,10,0.0,0.0,-0.03200000000000003,0.03200000000000003,-0.36,0.0,0.53
1207,10,0.0,0.0,-0.03200000000000003,0.03200000000000003,-0.35,0.0,0.53
1208,10,0.0,0.0,-0.03200000000000003,0.03200000000000003,-0.33999999999999997,0.0,0.53
1209,10,0.0,0.0,-0.03200000000000003,0.03200000000000003,-0.32999999999999996,0.0,0.53
1210,10,0.0,0.0,-0.03200000000000003,0.03200000000000003,-0.31999999999999995,0.0,0.53
1211,10,0.0,0.0,-0.03200000000000003,0.03200000000000003,-0.31,0.0,0.53
1212,10,0.0,0.0,-0.03200000000000003,0.03200000000000003,-0.3,0.0,0.53
1213,10,0.0,0.0,-0.03200000000000003,0.03200000000000003,-0.29,0.0,0.53
1214,10,0.0,0.0,-0.03200000000000003,0.03200000000000003,-0.28,0.0,0.53
1215,10,0.0,0.0,-0.03200000000000003,0.03200000000000003,-0.27,0.0,0.53
1216,10,0.0,0.0,-0.03200000000000003,0.03200000000000003,-0.26,0.0,0.53
1217,10,0.0,0.0,-0.03200000000000003,0.03200000000000003,-0.25,0.0,0.53
1218,10,0.0,0.0,-0.03200000000000003,0.03200000000000003,-0.24,0.0,0.53
1219,10,0.0,0.0,-0.03200000000000003,0.03200000000000003,-0.22999999999999998,0.0,0.53
1220,10,0.0,0.0,-0.03200000000000003,0.03200000000000003,-0.21999999999999997,0.0,0.53
1221,10,0.0,0.0,-0.03200000000000003,0.03200000000000003,-0.20999999999999996,0.0,0.53
1222,10,0.0,0.0,-0.03200000000000003,0.03200000000000003,-0.2,0.0,0.53
1223,10,0.0,0.0,-0.03200000000000003,0.03200000000000003,-0.19,0.0,0.53
1224,10,0.0,0.0,-0.03200000000000003,0.03200000000000003,-0.18,0.0,0.53
1225,10,0.0,0.0,-0.03200000000000003,0.03200000000000003,-0.16999999999999998,0.0,0.53
1226,10,0.0,0.0,-0.03200000000000003,0.03200000000000003,-0.15999999999999998,0.0,0.53
1227,10,0.0,0.0,-0.03200000000000003,0.03200000000000003,-0.14999999999999997,0.0,0.53
1228,10,0.0,0.0,-0.03200000000000003,0.03200000000000003,-0.13999999999999996,0.0,0.53
1229,10,0.0,0.0,-0.03200000000000003,0.03200000000000003,-0.13,0.0,0.53
1230,10,0.0,0.0,-0.03200000000000003,0.03200000000000003,-0.12,0.0,0.53
1231,10,0.0,0.0,-0.03200000000000003,0.03200000000000003,-0.10999999999999999,0.0,0.53
1232,10,0.0,0.0,-0.03200000000000003,0.03200000000000003,-0.09999999999999998,0.0,0.53
1233,10,0.0,0.0,-0.03200000000000003,0.03200000000000003,-0.08999999999999997,0.0,0.53
1234,10,0.0,0.0,-0.03200000000000003,0.03200000000000003,-0.07999999999999996,0.0,0.53
1235,10,0.0,0.0,-0.03200000000000003,0.03200000000000003,-0.07,0.0,0.53
1236,10,0.0,0.0,-0.03200000000000003,0.03200000000000003,-0.06,0.0,0.53
1237,10,0.0,0.0,-0.03200000000000003,0.03200000000000003,-0.04999999999999999,0.0,0.53
1238,10,0.0,0.0,-0.03200000000000003,0.03200000000000003,-0.03999999999999998,0.0,0.53
1239,10,0.0,0.0,-0.03200000000000003,0.03200000000000003,-0.02999999999999997,0.0,0.53
1240,10,0.0,0.0,-0.03200000000000003,0.03200000000000003,-0.019999999999999962,0.0,0.53
1241,10,0.0,0.0,-0.03200000000000003,0.03200000000000003,-0.010000000000000009,0.0,0.53
1242,10,0.0,0.0,-0.03200000000000003,0.03200000000000003,0.0,0.0,0.53
1243,10,0.0,0.0,-0.03200000000000003,0.03200000000000003,0.010000000000000009,0.0,0.53
1244,10,0.0,0.0,-0.03200000000000003,0.03200000000000003,0.020000000000000018,0.0,0.53
1245,10,0.0,0.0,-0.03200000000000003,0.03200000000000003,0.030000000000000027,0.0,0.53
1246,10,0.0,0.0,-0.03200000000000003,0.03200000000000003,0.040000000000000036,0.0,0.53
1247,10,0.0,0.0,-0.03200000000000003,0.03200000000000003,0.050000000000000044,0.0,0.53
1248,10,0.0,0.0,-0.03200000000000003,0.03200000000000003,0.06000000000000005,0.0,0.53
1249,10,0.0,0.0,-0.03200000000000003,0.03200000000000003,0.07000000000000006,0.0,0.53
1250,10,0.0,0.0,-0.03200000000000003,0.03200000000000003,0.08000000000000007,0.0,0.53
1251,10,0.0,0.0,-0.03200000000000003,0.03200000000000003,0.08999999999999997,0.0,0.53
1252,10,0.0,0.0,-0.03200000000000003,0.03200000000000003,0.09999999999999998,0.0,0.53
1253,10,0.0,0.0,-0.03200000000000003,0.03200000000000003,0.10999999999999999,0.0,0.53
1254,10,0.0,0.0,-0.03200000000000003,0.03200000000000003,0.12,0.0,0.53
1255,10,0.0,0.0,-0.03200000000000003,0.03200000000000003,0.13,0.0,0.53
1256,10,0.0,0.0,-0.03200000000000003,0.03200000000000003,0.14,0.0,0.53
1257,10,0.0,0.0,-0.03200000000000003,0.03200000000000003,0.15000000000000002,0.0,0.53
1258,10,0.0,0.0,-0.03200000000000003,0.03200000000000003,0.16000000000000003,0.0,0.53
1259,10,0.0,0.0,-0.03200000000000003,0.03200000000000003,0.17000000000000004,0.0,0.53
1260,10,0.0,0.0,-0.03200000000000003,0.03200000000000003,0.18000000000000005,0.0,0.53
1261,10,0.0,0.0,-0.03200000000000003,0.03200000000000003,0.19000000000000006,0.0,0.53
1262,10,0.0,0.0,-0.03200000000000003,0.03200000000000003,0.20000000000000007,0.0,0.53
1263,10,0.0,0.0,-0.03200000000000003,0.03200000000000003,0.21000000000000008,0.0,0.53
1264,10,0.0,0.0,-0.03200000000000003,0.03200000000000003,0.21999999999999997,0.0,0.53
1265,10,0.0,0.0,-0.03200000000000003,0.03200000000000003,0.22999999999999998,0.0,0.53
1266,10,0.0,0.0,-0.03200000000000003,0.03200000000000003,0.24,0.0,0.53
1267,10,0.0,0.0,-0.03200000000000003,0.03200000000000003,0.25,0.0,0.53
1268,10,0.0,0.0,-0.03200000000000003,0.03200000000000003,0.26,0.0,0.53
1269,10,0.0,0.0,-0.03200000000000003,0.03200000000000003,0.27,0.0,0.53
1270,10,0.0,0.0,-0.03200000000000003,0.03200000000000003,0.28,0.0,0.53
1271,10,0.0,0.0,-0.03200000000000003,0.03200000000000003,0.29000000000000004,0.0,0.53
1272,10,0.0,0.0,-0.03200000000000003,0.03200000000000003,0.30000000000000004,0.0,0.53
1273,10,0.0,0.0,-0.03200000000000003,0.03200000000000003,0.31000000000000005,0.0,0.53
1274,10,0.0,0.0,-0.03200000000000003,0.03200000000000003,0.32000000000000006,0.0,0.53
1275,10,0.0,0.0,-0.03200000000000003,0.03200000000000003,0.33000000000000007,0.0,0.53
1276,10,0.0,0.0,-0.03200000000000003,0.03200000000000003,0.3400000000000001,0.0,0.53
1277,10,0.0,0.0,-0.03200000000000003,0.03200000000000003,0.35,0.0,0.53
1278,10,0.0,0.0,-0.03200000000000003,0.03200000000000003,0.36,0.0,0.53
1279,10,0.0,0.0,-0.03200000000000003,0.03200000000000003,0.37,0.0,0.53
1280,10,0.0,0.0,-0.03200000000000003,0.03200000000000003,0.38,0.0,0.53
1281,10,0.0,0.0,-0.03200000000000003,0.03200000000000003,0.39,0.0,0.53
1282,10,0.0,0.0,-0.03200000000000003,0.03200000000000003,0.4,0.0,0.53
1283,10,0.0,0.0,-0.03200000000000003,0.03200000000000003,0.41000000000000003,0.0,0.53
1284,10,0.0,0.0,-0.03200000000000003,0.03200000000000003,0.42000000000000004,0.0,0.53
1285,10,0.0,0.0,-0.03200000000000003,0.03200000000000003,0.43000000000000005,0.0,0.53
1286,10,-5.551115123125783e-17,0.0,-0.03200000000000003,0.03200000000000003,0.44000000000000006,0.0,0.53
1287,10,-0.010000000000000064,0.0,-0.03200000000000003,0.03352610922848047,0.45000000000000007,0.0,0.53
1288,10,-0.020000000000000073,0.0,-0.03200000000000003,0.03773592452822648,0.4600000000000001,0.0,0.53
1289,10,-0.02999999999999997,0.0,-0.03200000000000003,0.043863424398922615,0.47,0.0,0.53
1290,10,-0.03999999999999998,0.0,-0.03200000000000003,0.05122499389946279,0.48,0.0,0.53
1291,10,-0.04999999999999999,0.0,-0.03200000000000003,0.05936328831862333,0.49,0.0,0.53
1292,10,0.04999999999999999,0.0,-0.041999999999999926,0.06529931086925797,-0.49,0.0,0.5399999999999999
1293,10,0.03999999999999998,0.0,-0.041999999999999926,0.057999999999999934,-0.48,0.0,0.5399999999999999
1294,10,0.02999999999999997,0.0,-0.041999999999999926,0.05161395160225568,-0.47,0.0,0.5399999999999999
1295,10,0.019999999999999962,0.0,-0.041999999999999926,0.046518813398451944,-0.45999999999999996,0.0,0.5399999999999999
1296,10,0.010000000000000009,0.0,-0.041999999999999926,0.043174066289845735,-0.45,0.0,0.5399999999999999
1297,10,0.0,0.0,-0.041999999999999926,0.041999999999999926,-0.44,0.0,0.5399999999999999
1298,10,0.0,0.0,-0.041999999999999926,0.041999999999999926,-0.43,0.0,0.5399999999999999
1299,10,0.0,0.0,-0.041999999999999926,0.041999999999999926,-0.42,0.0,0.5399999999999999
1300,10,0.0,0.0,-0.041999999999999926,0.041999999999999926,-0.41,0.0,0.5399999999999999
1301,10,0.0,0.0,-0.041999999999999926,0.041999999999999926,-0.4,0.0,0.5399999999999999
1302,10,0.0,0.0,-0.041999999999999926,0.041999999999999926,-0.39,0.0,0.5399999999999999
1303,10,0.0,0.0,-0.041999999999999926,0.041999999999999926,-0.38,0.0,0.5399999999999999
1304,10,0.0,0.0,-0.041999999999999926,0.041999999999999926,-0.37,0.0,0.5399999999999999
1305,10,0.0,0.0,-0.041999999999999926,0.041999999999999926,-0.36,0.0,0.5399999999999999
1306,10,0.0,0.0,-0.041999999999999926,0.041999999999999926,-0.35,0.0,0.5399999999999999
1307,10,0.0,0.0,-0.041999999999999926,0.041999999999999926,-0.33999999999999997,0.0,0.5399999999999999
1308,10,0.0,0.0,-0.041999999999999926,0.041999999999999926,-0.32999999999999996,0.0,0.5399999999999999
1309,10,0.0,0.0,-0.041999999999999926,0.041999999999999926,-0.31999999999999995,0.0,0.5399999999999999
1310,10,0.0,0.0,-0.041999999999999926,0.041999999999999926,-0.31,0.0,0.5399999999999999
1311,10,0.0,0.0,-0.041999999999999926,0.041999999999999926,-0.3,0.0,0.5399999999999999
1312,10,0.0,0.0,-0.041999999999999926,0.041999999999999926,-0.29,0.0,0.5399999999999999
1313,10,0.0,0.0,-0.041999999999999926,0.041999999999999926,-0.28,0.0,0.5399999999999999
1314,10,0.0,0.0,-0.041999999999999926,0.041999999999999926,-0.27,0.0,0.5399999999999999
1315,10,0.0,0.0,-0.041999999999999926,0.041999999999999926,-0.26,0.0,0.5399999999999999
1316,10,0.0,0.0,-0.041999999999999926,0.041999999999999926,-0.25,0.0,0.5399999999999999
1317,10,0.0,0.0,-0.041999999999999926,0.041999999999999926,-0.24,0.0,0.5399999999999999
1318,10,0.0,0.0,-0.041999999999999926,0.041999999999999926,-0.22999999999999998,0.0,0.5399999999999999
1319,10,0.0,0.0,-0.041999999999999926,0.041999999999999926,-0.21999999999999997,0.0,0.5399999999999999
1320,10,0.0,0.0,-0.041999999999999926,0.041999999999999926,-0.20999999999999996,0.0,0.5399999999999999
1321,10,0.0,0.0,-0.041999999999999926,0.041999999999999926,-0.2,0.0,0.5399999999999999
1322,10,0.0,0.0,-0.041999999999999926,0.041999999999999926,-0.19,0.0,0.5399999999999999
1323,10,0.0,0.0,-0.041999999999999926,0.041999999999999926,-0.18,0.0,0.5399999999999999
1324,10,0.0,0.0,-0.041999999999999926,0.041999999999999926,-0.16999999999999998,0.0,0.5399999999999999
1325,10,0.0,0.0,-0.041999999999999926,0.041999999999999926,-0.15999999999999998,0.0,0.5399999999999999
1326,10,0.0,0.0,-0.041999999999999926,0.041999999999999926,-0.14999999999999997,0.0,0.5399999999999999
1327,10,0.0,0.0,-0.041999999999999926,0.041999999999999926,-0.13999999999999996,0.0,0.5399999999999999
1328,10,0.0,0.0,-0.041999999999999926,0.041999999999999926,-0.13,0.0,0.5399999999999999
1329,10,0.0,0.0,-0.041999999999999926,0.041999999999999926,-0.12,0.0,0.5399999999999999
1330,10,0.0,0.0,-0.041999999999999926,0.041999999999999926,-0.10999999999999999,0.0,0.5399999999999999
1331,10,0.0,0.0,-0.041999999999999926,0.041999999999999926,-0.09999999999999998,0.0,0.5399999999999999
1332,10,0.0,0.0,-0.041999999999999926,0.041999999999999926,-0.08999999999999997,0.0,0.5399999999999999
1333,10,0.0,0.0,-0.041999999999999926,0.041999999999999926,-0.07999999999999996,0.0,0.5399999999999999
1334,10,0.0,0.0,-0.041999999999999926,0.041999999999999926,-0.07,0.0,0.5399999999999999
1335,10,0.0,0.0,-0.041999999999999926,0.041999999999999926,-0.06,0.0,0.5399999999999999
1336,10,0.0,0.0,-0.041999999999999926,0.041999999999999926,-0.04999999999999999,0.0,0.5399999999999999
1337,10,0.0,0.0,-0.041999999999999926,0.041999999999999926,-0.03999999999999998,0.0,0.5399999999999999
1338,10,0.0,0.0,-0.041999999999999926,0.041999999999999926,-0.02999999999999997,0.0,0.5399999999999999
1339,10,0.0,0.0,-0.041999999999999926,0.041999999999999926,-0.019999999999999962,0.0,0.5399999999999999
1340,10,0.0,0.0,-0.041999999999999926,0.041999999999999926,-0.010000000000000009,0.0,0.5399999999999999
1341,10,0.0,0.0,-0.041999999999999926,0.041999999999999926,0.0,0.0,0.5399999999999999
1342,10,0.0,0.0,-0.041999999999999926,0.041999999999999926,0.010000000000000009,0.0,0.5399999999999999
1343,10,0.0,0.0,-0.041999999999999926,0.041999999999999926,0.020000000000000018,0.0,0.5399999999999999
1344,10,0.0,0.0,-0.041999999999999926,0.041999999999999926,0.030000000000000027,0.0,0.5399999999999999
1345,10,0.0,0.0,-0.041999999999999926,0.041999999999999926,0.040000000000000036,0.0,0.5399999999999999
1346,10,0.0,0.0,-0.041999999999999926,0.041999999999999926,0.050000000000000044,0.0,0.5399999999999999
1347,10,0.0,0.0,-0.041999999999999926,0.041999999999999926,0.06000000000000005,0.0,0.5399999999999999
1348,10,0.0,0.0,-0.041999999999999926,0.041999999999999926,0.07000000000000006,0.0,0.5399999999999999
1349,10,0.0,0.0,-0.041999999999999926,0.041999999999999926,0.08000000000000007,0.0,0.5399999999999999
1350,10,0.0,0.0,-0.041999999999999926,0.041999999999999926,0.08999999999999997,0.0,0.5399999999999999
1351,10,0.0,0.0,-0.041999999999999926,0.041999999999999926,0.09999999999999998,0.0,0.5399999999999999
1352,10,0.0,0.0,-0.041999999999999926,0.041999999999999926,0.10999999999999999,0.0,0.5399999999999999
1353,10,0.0,0.0,-0.041999999999999926,0.041999999999999926,0.12,0.0,0.5399999999999999
1354,10,0.0,0.0,-0.041999999999999926,0.041999999999999926,0.13,0.0,0.5399999999999999
1355,10,0.0,0.0,-0.041999999999999926,0.041999999999999926,0.14,0.0,0.5399999999999999
1356,10,0.0,0.0,-0.041999999999999926,0.041999999999999926,0.15000000000000002,0.0,0.5399999999999999
1357,10,0.0,0.0,-0.041999999999999926,0.041999999999999926,0.16000000000000003,0.0,0.5399999999999999
1358,10,0.0,0.0,-0.041999999999999926,0.041999999999999926,0.17000000000000004,0.0,0.5399999999999999
1359,10,0.0,0.0,-0.041999999999999926,0.041999999999999926,0.18000000000000005,0.0,0.5399999999999999
1360,10,0.0,0.0,-0.041999999999999926,0.041999999999999926,0.19000000000000006,0.0,0.5399999999999999
1361,10,0.0,0.0,-0.041999999999999926,0.041999999999999926,0.20000000000000007,0.0,0.5399999999999999
1362,10,0.0,0.0,-0.041999999999999926,0.041999999999999926,0.21000000000000008,0.0,0.5399999999999999
1363,10,0.0,0.0,-0.041999999999999926,0.041999999999999926,0.21999999999999997,0.0,0.5399999999999999
1364,10,0.0,0.0,-0.041999999999999926,0.041999999999999926,0.22999999999999998,0.0,0.5399999999999999
1365,10,0.0,0.0,-0.041999999999999926,0.041999999999999926,0.24,0.0,0.5399999999999999
1366,10,0.0,0.0,-0.041999999999999926,0.041999999999999926,0.25,0.0,0.5399999999999999
1367,10,0.0,0.0,-0.041999999999999926,0.041999999999999926,0.26,0.0,0.5399999999999999
1368,10,0.0,0.0,-0.041999999999999926,0.041999999999999926,0.27,0.0,0.5399999999999999
1369,10,0.0,0.0,-0.041999999999999926,0.041999999999999926,0.28,0.0,0.5399999999999999
1370,10,0.0,0.0,-0.041999999999999926,0.041999999999999926,0.29000000000000004,0.0,0.5399999999999999
1371,10,0.0,0.0,-0.041999999999999926,0.041999999999999926,0.30000000000000004,0.0,0.5399999999999999
1372,10,0.0,0.0,-0.041999999999999926,0.041999999999999926,0.31000000000000005,0.0,0.5399999999999999
1373,10,0.0,0.0,-0.041999999999999926,0.041999999999999926,0.32000000000000006,0.0,0.5399999999999999
1374,10,0.0,0.0,-0.041999999999999926,0.041999999999999926,0.33000000000000007,0.0,0.5399999999999999
1375,10,0.0,0.0,-0.041999999999999926,0.041999999999999926,0.3400000000000001,0.0,0.5399999999999999
1376,10,0.0,0.0,-0.041999999999999926,0.041999999999999926,0.35,0.0,0.5399999999999999
1377,10,0.0,0.0,-0.041999999999999926,0.041999999999999926,0.36,0.0,0.5399999999999999
1378,10,0.0,0.0,-0.041999999999999926,0.041999999999999926,0.37,0.0,0.5399999999999999
1379,10,0.0,0.0,-0.041999999999999926,0.041999999999999926,0.38,0.0,0.5399999999999999
1380,10,0.0,0.0,-0.041999999999999926,0.041999999999999926,0.39,0.0,0.5399999999999999
1381,10,0.0,0.0,-0.041999999999999926,0.041999999999999926,0.4,0.0,0.5399999999999999
1382,10,0.0,0.0,-0.041999999999999926,0.041999999999999926,0.41000000000000003,0.0,0.5399999999999999
1383,10,0.0,0.0,-0.041999999999999926,0.041999999999999926,0.42000000000000004,0.0,0.5399999999999999
1384,10,0.0,0.0,-0.041999999999999926,0.041999999999999926,0.43000000000000005,0.0,0.5399999999999999
1385,10,-5.551115123125783e-17,0.0,-0.041999999999999926,0.041999999999999926,0.44000000000000006,0.0,0.5399999999999999
1386,10,-0.010000000000000064,0.0,-0.041999999999999926,0.04317406628984575,0.45000000000000007,0.0,0.5399999999999999
1387,10,-0.020000000000000073,0.0,-0.041999999999999926,0.04651881339845199,0.4600000000000001,0.0,0.5399999999999999
1388,10,-0.02999999999999997,0.0,-0.041999999999999926,0.05161395160225568,0.47,0.0,0.5399999999999999
1389,10,-0.03999999999999998,0.0,-0.041999999999999926,0.057999999999999934,0.48,0.0,0.5399999999999999
1390,10,-0.04999999999999999,0.0,-0.041999999999999926,0.06529931086925797,0.49,0.0,0.5399999999999999
1391,10,0.04999999999999999,0.0,-0.051999999999999935,0.07213875518748568,-0.49,0.0,0.5499999999999999
1392,10,0.03999999999999998,0.0,-0.051999999999999935,0.06560487786742683,-0.48,0.0,0.5499999999999999
1393,10,0.02999999999999997,0.0,-0.051999999999999935,0.06003332407921447,-0.47,0.0,0.5499999999999999
1394,10,0.019999999999999962,0.0,-0.051999999999999935,0.0557135531087364,-0.45999999999999996,0.0,0.5499999999999999
1395,10,0.010000000000000009,0.0,-0.051999999999999935,0.052952809179494846,-0.45,0.0,0.5499999999999999
1396,10,0.0,0.0,-0.051999999999999935,0.051999999999999935,-0.44,0.0,0.5499999999999999
1397,10,0.0,0.0,-0.051999999999999935,0.051999999999999935,-0.43,0.0,0.5499999999999999
1398,10,0.0,0.0,-0.051999999999999935,0.051999999999999935,-0.42,0.0,0.5499999999999999
1399,10,0.0,0.0,-0.051999999999999935,0.051999999999999935,-0.41,0.0,0.5499999999999999
1400,10,0.0,0.0,-0.051999999999999935,0.051999999999999935,-0.4,0.0,0.5499999999999999
1401,10,0.0,0.0,-0.051999999999999935,0.051999999999999935,-0.39,0.0,0.5499999999999999
1402,10,0.0,0.0,-0.051999999999999935,0.051999999999999935,-0.38,0.0,0.5499999999999999
1403,10,0.0,0.0,-0.051999999999999935,0.051999999999999935,-0.37,0.0,0.5499999999999999
1404,10,0.0,0.0,-0.051999999999999935,0.051999999999999935,-0.36,0.0,0.5499999999999999
1405,10,0.0,0.0,-0.051999999999999935,0.051999999999999935,-0.35,0.0,0.5499999999999999
1406,10,0.0,0.0,-0.051999999999999935,0.051999999999999935,-0.33999999999999997,0.0,0.5499999999999999
1407,10,0.0,0.0,-0.051999999999999935,0.051999999999999935,-0.32999999999999996,0.0,0.5499999999999999
1408,10,0.0,0.0,-0.051999999999999935,0.051999999999999935,-0.31999999999999995,0.0,0.5499999999999999
1409,10,0.0,0.0,-0.051999999999999935,0.051999999999999935,-0.31,0.0,0.5499999999999999
1410,10,0.0,0.0,-0.051999999999999935,0.051999999999999935,-0.3,0.0,0.5499999999999999
1411,10,0.0,0.0,-0.051999999999999935,0.051999999999999935,-0.29,0.0,0.5499999999999999
1412,10,0.0,0.0,-0.051999999999999935,0.051999999999999935,-0.28,0.0,0.5499999999999999
1413,10,0.0,0.0,-0.051999999999999935,0.051999999999999935,-0.27,0.0,0.5499999999999999
1414,10,0.0,0.0,-0.051999999999999935,0.051999999999999935,-0.26,0.0,0.5499999999999999
1415,10,0.0,0.0,-0.051999999999999935,0.051999999999999935,-0.25,0.0,0.5499999999999999
1416,10,0.0,0.0,-0.051999999999999935,0.051999999999999935,-0.24,0.0,0.5499999999999999
1417,10,0.0,0.0,-0.051999999999999935,0.051999999999999935,-0.22999999999999998,0.0,0.5499999999999999
1418,10,0.0,0.0,-0.051999999999999935,0.051999999999999935,-0.21999999999999997,0.0,0.5499999999999999
1419,10,0.0,0.0,-0.051999999999999935,0.051999999999999935,-0.20999999999999996,0.0,0.5499999999999999
1420,10,0.0,0.0,-0.051999999999999935,0.051999999999999935,-0.2,0.0,0.5499999999999999
1421,10,0.0,0.0,-0.051999999999999935,0.051999999999999935,-0.19,0.0,0.5499999999999999
1422,10,0.0,0.0,-0.051999999999999935,0.051999999999999935,-0.18,0.0,0.5499999999999999
1423,10,0.0,0.0,-0.051999999999999935,0.051999999999999935,-0.16999999999999998,0.0,0.5499999999999999
1424,10,0.0,0.0,-0.051999999999999935,0.051999999999999935,-0.15999999999999998,0.0,0.5499999999999999
1425,10,0.0,0.0,-0.051999999999999935,0.051999999999999935,-0.14999999999999997,0.0,0.5499999999999999
1426,10,0.0,0.0,-0.051999999999999935,0.051999999999999935,-0.13999999999999996,0.0,0.5499999999999999
1427,10,0.0,0.0,-0.051999999999999935,0.051999999999999935,-0.13,0.0,0.5499999999999999
1428,10,0.0,0.0,-0.051999999999999935,0.051999999999999935,-0.12,0.0,0.5499999999999999
1429,10,0.0,0.0,-0.051999999999999935,0.051999999999999935,-0.10999999999999999,0.0,0.5499999999999999
1430,10,0.0,0.0,-0.051999999999999935,0.051999999999999935,-0.09999999999999998,0.0,0.5499999999999999
1431,10,0.0,0.0,-0.051999999999999935,0.051999999999999935,-0.08999999999999997,0.0,0.5499999999999999
1432,10,0.0,0.0,-0.051999999999999935,0.051999999999999935,-0.07999999999999996,0.0,0.5499999999999999
1433,10,0.0,0.0,-0.051999999999999935,0.051999999999999935,-0.07,0.0,0.5499999999999999
1434,10,0.0,0.0,-0.051999999999999935,0.051999999999999935,-0.06,0.0,0.5499999999999999
1435,10,0.0,0.0,-0.051999999999999935,0.051999999999999935,-0.04999999999999999,0.0,0.5499999999999999
1436,10,0.0,0.0,-0.051999999999999935,0.051999999999999935,-0.03999999999999998,0.0,0.5499999999999999
1437,10,0.0,0.0,-0.051999999999999935,0.051999999999999935,-0.02999999999999997,0.0,0.5499999999999999
1438,10,0.0,0.0,-0.051999999999999935,0.051999999999999935,-0.019999999999999962,0.0,0.5499999999999999
1439,10,0.0,0.0,-0.051999999999999935,0.051999999999999935,-0.010000000000000009,0.0,0.5499999999999999
1440,10,0.0,0.0,-0.051999999999999935,0.051999999999999935,0.0,0.0,0.5499999999999999
1441,10,0.0,0.0,-0.051999999999999935,0.051999999999999935,0.010000000000000009,0.0,0.5499999999999999
1442,10,0.0,0.0,-0.051999999999999935,0.051999999999999935,0.020000000000000018,0.0,0.5499999999999999
1443,10,0.0,0.0,-0.051999999999999935,0.051999999999999935,0.030000000000000027,0.0,0.5499999999999999
1444,10,0.0,0.0,-0.051999999999999935,0.051999999999999935,0.040000000000000036,0.0,0.5499999999999999
1445,10,0.0,0.0,-0.051999999999999935,0.051999999999999935,0.050000000000000044,0.0,0.5499999999999999
1446,10,0.0,0.0,-0.051999999999999935,0.051999999999999935,0.06000000000000005,0.0,0.5499999999999999
1447,10,0.0,0.0,-0.051999999999999935,0.051999999999999935,0.07000000000000006,0.0,0.5499999999999999
1448,10,0.0,0.0,-0.051999999999999935,0.051999999999999935,0.08000000000000007,0.0,0.5499999999999999
1449,10,0.0,0.0,-0.051999999999999935,0.051999999999999935,0.08999999999999997,0.0,0.5499999999999999
1450,10,0.0,0.0,-0.051999999999999935,0.051999999999999935,0.09999999999999998,0.0,0.5499999999999999
1451,10,0.0,0.0,-0.051999999999999935,0.051999999999999935,0.10999999999999999,0.0,0.5499999999999999
1452,10,0.0,0.0,-0.051999999999999935,0.051999999999999935,0.12,0.0,0.5499999999999999
1453,10,0.0,0.0,-0.051999999999999935,0.051999999999999935,0.13,0.0,0.5499999999999999
1454,10,0.0,0.0,-0.051999999999999935,0.051999999999999935,0.14,0.0,0.5499999999999999
1455,10,0.0,0.0,-0.051999999999999935,0.051999999999999935,0.15000000000000002,0.0,0.5499999999999999
1456,10,0.0,0.0,-0.051999999999999935,0.051999999999999935,0.16000000000000003,0.0,0.5499999999999999
1457,10,0.0,0.0,-0.051999999999999935,0.051999999999999935,0.17000000000000004,0.0,0.5499999999999999
1458,10,0.0,0.0,-0.051999999999999935,0.051999999999999935,0.18000000000000005,0.0,0.5499999999999999
1459,10,0.0,0.0,-0.051999999999999935,0.051999999999999935,0.19000000000000006,0.0,0.5499999999999999
1460,10,0.0,0.0,-0.051999999999999935,0.051999999999999935,0.20000000000000007,0.0,0.5499999999999999
1461,10,0.0,0.0,-0.051999999999999935,0.051999999999999935,0.21000000000000008,0.0,0.5499999999999999
1462,10,0.0,0.0,-0.051999999999999935,0.051999999999999935,0.21999999999999997,0.0,0.5499999999999999
1463,10,0.0,0.0,-0.051999999999999935,0.051999999999999935,0.22999999999999998,0.0,0.5499999999999999
1464,10,0.0,0.0,-0.051999999999999935,0.051999999999999935,0.24,0.0,0.5499999999999999
1465,10,0.0,0.0,-0.051999999999999935,0.051999999999999935,0.25,0.0,0.5499999999999999
1466,10,0.0,0.0,-0.051999999999999935,0.051999999999999935,0.26,0.0,0.5499999999999999
1467,10,0.0,0.0,-0.051999999999999935,0.051999999999999935,0.27,0.0,0.5499999999999999
1468,10,0.0,0.0,-0.051999999999999935,0.051999999999999935,0.28,0.0,0.5499999999999999
1469,10,0.0,0.0,-0.051999999999999935,0.051999999999999935,0.29000000000000004,0.0,0.5499999999999999
1470,10,0.0,0.0,-0.051999999999999935,0.051999999999999935,0.30000000000000004,0.0,0.5499999999999999
1471,10,0.0,0.0,-0.051999999999999935,0.051999999999999935,0.31000000000000005,0.0,0.5499999999999999
1472,10,0.0,0.0,-0.051999999999999935,0.051999999999999935,0.32000000000000006,0.0,0.5499999999999999
1473,10,0.0,0.0,-0.051999999999999935,0.051999999999999935,0.33000000000000007,0.0,0.5499999999999999
1474,10,0.0,0.0,-0.051999999999999935,0.051999999999999935,0.3400000000000001,0.0,0.5499999999999999
1475,10,0.0,0.0,-0.051999999999999935,0.051999999999999935,0.35,0.0,0.5499999999999999
1476,10,0.0,0.0,-0.051999999999999935,0.051999999999999935,0.36,0.0,0.5499999999999999
1477,10,0.0,0.0,-0.051999999999999935,0.051999999999999935,0.37,0.0,0.5499999999999999
1478,10,0.0,0.0,-0.051999999999999935,0.051999999999999935,0.38,0.0,0.5499999999999999
1479,10,0.0,0.0,-0.051999999999999935,0.051999999999999935,0.39,0.0,0.5499999999999999
1480,10,0.0,0.0,-0.051999999999999935,0.051999999999999935,0.4,0.0,0.5499999999999999
1481,10,0.0,0.0,-0.051999999999999935,0.051999999999999935,0.41000000000000003,0.0,0.5499999999999999
1482,10,0.0,0.0,-0.051999999999999935,0.051999999999999935,0.42000000000000004,0.0,0.5499999999999999
1483,10,0.0,0.0,-0.051999999999999935,0.051999999999999935,0.43000000000000005,0.0,0.5499999999999999
1484,10,-5.551115123125783e-17,0.0,-0.051999999999999935,0.051999999999999935,0.44000000000000006,0.0,0.5499999999999999
1485,10,-0.010000000000000064,0.0,-0.051999999999999935,0.05295280917949485,0.45000000000000007,0.0,0.5499999999999999
1486,10,-0.020000000000000073,0.0,-0.051999999999999935,0.05571355310873644,0.4600000000000001,0.0,0.5499999999999999
1487,10,-0.02999999999999997,0.0,-0.051999999999999935,0.06003332407921447,0.47,0.0,0.5499999999999999
1488,10,-0.03999999999999998,0.0,-0.051999999999999935,0.06560487786742683,0.48,0.0,0.5499999999999999
1489,10,-0.04999999999999999,0.0,-0.051999999999999935,0.07213875518748568,0.49,0.0,0.5499999999999999
