"Idp","Vel:0","Vel:1","Vel:2","Rhop","Points:0","Points:1","Points:2"
0,0,0,0,1000.0,-0.04,0.0,-0.04
1,0,0,0,1000.0,-0.02,0.0,-0.04
2,0,0,0,1000.0,0.0,0.0,-0.04
3,0,0,0,1000.0,0.02,0.0,-0.04
4,0,0,0,1000.0,0.04,0.0,-0.04
5,0,0,0,1000.0,0.06,0.0,-0.04
6,0,0,0,1000.0,0.08,0.0,-0.04
7,0,0,0,1000.0,0.1,0.0,-0.04
8,0,0,0,1000.0,0.12,0.0,-0.04
9,0,0,0,1000.0,0.14,0.0,-0.04
10,0,0,0,1000.0,0.16,0.0,-0.04
11,0,0,0,1000.0,0.18,0.0,-0.04
12,0,0,0,1000.0,0.2,0.0,-0.04
13,0,0,0,1000.0,0.22,0.0,-0.04
14,0,0,0,1000.0,0.24,0.0,-0.04
15,0,0,0,1000.0,0.26,0.0,-0.04
16,0,0,0,1000.0,0.28,0.0,-0.04
17,0,0,0,1000.0,0.3,0.0,-0.04
18,0,0,0,1000.0,0.32,0.0,-0.04
19,0,0,0,1000.0,0.34,0.0,-0.04
20,0,0,0,1000.0,0.36,0.0,-0.04
21,0,0,0,1000.0,0.38,0.0,-0.04
22,0,0,0,1000.0,0.4,0.0,-0.04
23,0,0,0,1000.0,0.42,0.0,-0.04
24,0,0,0,1000.0,0.44,0.0,-0.04
25,0,0,0,1000.0,0.46,0.0,-0.04
26,0,0,0,1000.0,0.48,0.0,-0.04
27,0,0,0,1000.0,0.5,0.0,-0.04
28,0,0,0,1000.0,0.52,0.0,-0.04
29,0,0,0,1000.0,0.54,0.0,-0.04
30,0,0,0,1000.0,0.56,0.0,-0.04
31,0,0,0,1000.0,0.58,0.0,-0.04
32,0,0,0,1000.0,0.6,0.0,-0.04
33,0,0,0,1000.0,0.62,0.0,-0.04
34,0,0,0,1000.0,0.64,0.0,-0.04
35,0,0,0,1000.0,0.66,0.0,-0.04
36,0,0,0,1000.0,0.68,0.0,-0.04
37,0,0,0,1000.0,0.7,0.0,-0.04
38,0,0,0,1000.0,0.72,0.0,-0.04
39,0,0,0,1000.0,0.74,0.0,-0.04
40,0,0,0,1000.0,0.76,0.0,-0.04
41,0,0,0,1000.0,0.78,0.0,-0.04
42,0,0,0,1000.0,0.8,0.0,-0.04
43,0,0,0,1000.0,0.82,0.0,-0.04
44,0,0,0,1000.0,0.84,0.0,-0.04
45,0,0,0,1000.0,0.86,0.0,-0.04
46,0,0,0,1000.0,0.88,0.0,-0.04
47,0,0,0,1000.0,0.9,0.0,-0.04
48,0,0,0,1000.0,0.92,0.0,-0.04
49,0,0,0,1000.0,0.94,0.0,-0.04
50,0,0,0,1000.0,0.96,0.0,-0.04
51,0,0,0,1000.0,0.98,0.0,-0.04
52,0,0,0,1000.0,1.0,0.0,-0.04
53,0,0,0,1000.0,1.02,0.0,-0.04
54,0,0,0,1000.0,1.04,0.0,-0.04
55,0,0,0,1000.0,1.06,0.0,-0.04
56,0,0,0,1000.0,1.08,0.0,-0.04
57,0,0,0,1000.0,1.1,0.0,-0.04
58,0,0,0,1000.0,1.12,0.0,-0.04
59,0,0,0,1000.0,1.14,0.0,-0.04
60,0,0,0,1000.0,1.16,0.0,-0.04
61,0,0,0,1000.0,1.18,0.0,-0.04
62,0,0,0,1000.0,1.2,0.0,-0.04
63,0,0,0,1000.0,1.22,0.0,-0.04
64,0,0,0,1000.0,1.24,0.0,-0.04
65,0,0,0,1000.0,1.26,0.0,-0.04
66,0,0,0,1000.0,1.28,0.0,-0.04
67,0,0,0,1000.0,1.3,0.0,-0.04
68,0,0,0,1000.0,1.32,0.0,-0.04
69,0,0,0,1000.0,1.34,0.0,-0.04
70,0,0,0,1000.0,1.36,0.0,-0.04
71,0,0,0,1000.0,1.38,0.0,-0.04
72,0,0,0,1000.0,1.4,0.0,-0.04
73,0,0,0,1000.0,1.42,0.0,-0.04
74,0,0,0,1000.0,1.44,0.0,-0.04
75,0,0,0,1000.0,1.46,0.0,-0.04
76,0,0,0,1000.0,1.48,0.0,-0.04
77,0,0,0,1000.0,1.5,0.0,-0.04
78,0,0,0,1000.0,1.52,0.0,-0.04
79,0,0,0,1000.0,1.54,0.0,-0.04
80,0,0,0,1000.0,1.56,0.0,-0.04
81,0,0,0,1000.0,1.58,0.0,-0.04
82,0,0,0,1000.0,1.6,0.0,-0.04
83,0,0,0,1000.0,1.62,0.0,-0.04
84,0,0,0,1000.0,1.64,0.0,-0.04
85,0,0,0,1000.0,1.66,0.0,-0.04
86,0,0,0,1000.0,1.68,0.0,-0.04
87,0,0,0,1000.0,1.7,0.0,-0.04
88,0,0,0,1000.0,1.72,0.0,-0.04
89,0,0,0,1000.0,1.74,0.0,-0.04
90,0,0,0,1000.0,1.76,0.0,-0.04
91,0,0,0,1000.0,1.78,0.0,-0.04
92,0,0,0,1000.0,1.8,0.0,-0.04
93,0,0,0,1000.0,1.82,0.0,-0.04
94,0,0,0,1000.0,1.84,0.0,-0.04
95,0,0,0,1000.0,1.86,0.0,-0.04
96,0,0,0,1000.0,1.88,0.0,-0.04
97,0,0,0,1000.0,1.9,0.0,-0.04
98,0,0,0,1000.0,1.92,0.0,-0.04
99,0,0,0,1000.0,1.94,0.0,-0.04
100,0,0,0,1000.0,1.96,0.0,-0.04
101,0,0,0,1000.0,1.98,0.0,-0.04
102,0,0,0,1000.0,2.0,0.0,-0.04
103,0,0,0,1000.0,2.02,0.0,-0.04
104,0,0,0,1000.0,2.04,0.0,-0.04
105,0,0,0,1000.0,2.06,0.0,-0.04
106,0,0,0,1000.0,2.08,0.0,-0.04
107,0,0,0,1000.0,2.1,0.0,-0.04
108,0,0,0,1000.0,2.12,0.0,-0.04
109,0,0,0,1000.0,2.14,0.0,-0.04
110,0,0,0,1000.0,2.16,0.0,-0.04
111,0,0,0,1000.0,2.18,0.0,-0.04
112,0,0,0,1000.0,2.2,0.0,-0.04
113,0,0,0,1000.0,2.22,0.0,-0.04
114,0,0,0,1000.0,2.24,0.0,-0.04
115,0,0,0,1000.0,2.26,0.0,-0.04
116,0,0,0,1000.0,2.28,0.0,-0.04
117,0,0,0,1000.0,2.3,0.0,-0.04
118,0,0,0,1000.0,2.32,0.0,-0.04
119,0,0,0,1000.0,2.34,0.0,-0.04
120,0,0,0,1000.0,2.36,0.0,-0.04
121,0,0,0,1000.0,2.38,0.0,-0.04
122,0,0,0,1000.0,2.4,0.0,-0.04
123,0,0,0,1000.0,2.42,0.0,-0.04
124,0,0,0,1000.0,2.44,0.0,-0.04
125,0,0,0,1000.0,2.46,0.0,-0.04
126,0,0,0,1000.0,2.48,0.0,-0.04
127,0,0,0,1000.0,2.5,0.0,-0.04
128,0,0,0,1000.0,2.52,0.0,-0.04
129,0,0,0,1000.0,2.54,0.0,-0.04
130,0,0,0,1000.0,2.56,0.0,-0.04
131,0,0,0,1000.0,2.58,0.0,-0.04
132,0,0,0,1000.0,2.6,0.0,-0.04
133,0,0,0,1000.0,2.62,0.0,-0.04
134,0,0,0,1000.0,2.64,0.0,-0.04
135,0,0,0,1000.0,2.66,0.0,-0.04
136,0,0,0,1000.0,2.68,0.0,-0.04
137,0,0,0,1000.0,2.7,0.0,-0.04
138,0,0,0,1000.0,2.72,0.0,-0.04
139,0,0,0,1000.0,2.74,0.0,-0.04
140,0,0,0,1000.0,2.76,0.0,-0.04
141,0,0,0,1000.0,2.78,0.0,-0.04
142,0,0,0,1000.0,2.8,0.0,-0.04
143,0,0,0,1000.0,2.82,0.0,-0.04
144,0,0,0,1000.0,2.84,0.0,-0.04
145,0,0,0,1000.0,2.86,0.0,-0.04
146,0,0,0,1000.0,2.88,0.0,-0.04
147,0,0,0,1000.0,2.9,0.0,-0.04
148,0,0,0,1000.0,2.92,0.0,-0.04
149,0,0,0,1000.0,2.94,0.0,-0.04
150,0,0,0,1000.0,2.96,0.0,-0.04
151,0,0,0,1000.0,2.98,0.0,-0.04
152,0,0,0,1000.0,3.0,0.0,-0.04
153,0,0,0,1000.0,3.02,0.0,-0.04
154,0,0,0,1000.0,3.04,0.0,-0.04
155,0,0,0,1000.0,3.06,0.0,-0.04
156,0,0,0,1000.0,3.08,0.0,-0.04
157,0,0,0,1000.0,3.1,0.0,-0.04
158,0,0,0,1000.0,3.12,0.0,-0.04
159,0,0,0,1000.0,3.14,0.0,-0.04
160,0,0,0,1000.0,3.16,0.0,-0.04
161,0,0,0,1000.0,3.18,0.0,-0.04
162,0,0,0,1000.0,3.2,0.0,-0.04
163,0,0,0,1000.0,3.22,0.0,-0.04
164,0,0,0,1000.0,3.24,0.0,-0.04
165,0,0,0,1000.0,3.26,0.0,-0.04
166,0,0,0,1000.0,3.28,0.0,-0.04
167,0,0,0,1000.0,3.3,0.0,-0.04
168,0,0,0,1000.0,3.32,0.0,-0.04
169,0,0,0,1000.0,3.34,0.0,-0.04
170,0,0,0,1000.0,3.36,0.0,-0.04
171,0,0,0,1000.0,3.38,0.0,-0.04
172,0,0,0,1000.0,3.4,0.0,-0.04
173,0,0,0,1000.0,3.42,0.0,-0.04
174,0,0,0,1000.0,3.44,0.0,-0.04
175,0,0,0,1000.0,3.46,0.0,-0.04
176,0,0,0,1000.0,3.48,0.0,-0.04
177,0,0,0,1000.0,3.5,0.0,-0.04
178,0,0,0,1000.0,3.52,0.0,-0.04
179,0,0,0,1000.0,3.54,0.0,-0.04
180,0,0,0,1000.0,3.56,0.0,-0.04
181,0,0,0,1000.0,3.58,0.0,-0.04
182,0,0,0,1000.0,3.6,0.0,-0.04
183,0,0,0,1000.0,3.62,0.0,-0.04
184,0,0,0,1000.0,3.64,0.0,-0.04
185,0,0,0,1000.0,3.66,0.0,-0.04
186,0,0,0,1000.0,3.68,0.0,-0.04
187,0,0,0,1000.0,3.7,0.0,-0.04
188,0,0,0,1000.0,3.72,0.0,-0.04
189,0,0,0,1000.0,3.74,0.0,-0.04
190,0,0,0,1000.0,3.76,0.0,-0.04
191,0,0,0,1000.0,3.78,0.0,-0.04
192,0,0,0,1000.0,3.8,0.0,-0.04
193,0,0,0,1000.0,3.82,0.0,-0.04
194,0,0,0,1000.0,3.84,0.0,-0.04
195,0,0,0,1000.0,3.86,0.0,-0.04
196,0,0,0,1000.0,3.88,0.0,-0.04
197,0,0,0,1000.0,3.9,0.0,-0.04
198,0,0,0,1000.0,3.92,0.0,-0.04
199,0,0,0,1000.0,3.94,0.0,-0.04
200,0,0,0,1000.0,3.96,0.0,-0.04
201,0,0,0,1000.0,3.98,0.0,-0.04
202,0,0,0,1000.0,4.0,0.0,-0.04
203,0,0,0,1000.0,4.02,0.0,-0.04
204,0,0,0,1000.0,4.04,0.0,-0.04
205,0,0,0,1000.0,4.06,0.0,-0.04
206,0,0,0,1000.0,4.08,0.0,-0.04
207,0,0,0,1000.0,4.1,0.0,-0.04
208,0,0,0,1000.0,4.12,0.0,-0.04
209,0,0,0,1000.0,4.14,0.0,-0.04
210,0,0,0,1000.0,4.16,0.0,-0.04
211,0,0,0,1000.0,4.18,0.0,-0.04
212,0,0,0,1000.0,4.2,0.0,-0.04
213,0,0,0,1000.0,4.22,0.0,-0.04
214,0,0,0,1000.0,4.24,0.0,-0.04
215,0,0,0,1000.0,4.26,0.0,-0.04
216,0,0,0,1000.0,4.28,0.0,-0.04
217,0,0,0,1000.0,4.3,0.0,-0.04
218,0,0,0,1000.0,4.32,0.0,-0.04
219,0,0,0,1000.0,4.34,0.0,-0.04
220,0,0,0,1000.0,4.36,0.0,-0.04
221,0,0,0,1000.0,4.38,0.0,-0.04
222,0,0,0,1000.0,4.4,0.0,-0.04
223,0,0,0,1000.0,4.42,0.0,-0.04
224,0,0,0,1000.0,4.44,0.0,-0.04
225,0,0,0,1000.0,4.46,0.0,-0.04
226,0,0,0,1000.0,4.48,0.0,-0.04
227,0,0,0,1000.0,4.5,0.0,-0.04
228,0,0,0,1000.0,4.52,0.0,-0.04
229,0,0,0,1000.0,4.54,0.0,-0.04
230,0,0,0,1000.0,4.56,0.0,-0.04
231,0,0,0,1000.0,4.58,0.0,-0.04
232,0,0,0,1000.0,4.6,0.0,-0.04
233,0,0,0,1000.0,4.62,0.0,-0.04
234,0,0,0,1000.0,4.64,0.0,-0.04
235,0,0,0,1000.0,4.66,0.0,-0.04
236,0,0,0,1000.0,4.68,0.0,-0.04
237,0,0,0,1000.0,4.7,0.0,-0.04
238,0,0,0,1000.0,4.72,0.0,-0.04
239,0,0,0,1000.0,4.74,0.0,-0.04
240,0,0,0,1000.0,4.76,0.0,-0.04
241,0,0,0,1000.0,4.78,0.0,-0.04
242,0,0,0,1000.0,4.8,0.0,-0.04
243,0,0,0,1000.0,4.82,0.0,-0.04
244,0,0,0,1000.0,4.84,0.0,-0.04
245,0,0,0,1000.0,4.86,0.0,-0.04
246,0,0,0,1000.0,4.88,0.0,-0.04
247,0,0,0,1000.0,4.9,0.0,-0.04
248,0,0,0,1000.0,4.92,0.0,-0.04
249,0,0,0,1000.0,4.94,0.0,-0.04
250,0,0,0,1000.0,4.96,0.0,-0.04
251,0,0,0,1000.0,4.98,0.0,-0.04
252,0,0,0,1000.0,5.0,0.0,-0.04
253,0,0,0,1000.0,5.02,0.0,-0.04
254,0,0,0,1000.0,5.04,0.0,-0.04
255,0,0,0,1000.0,5.06,0.0,-0.04
256,0,0,0,1000.0,5.08,0.0,-0.04
257,0,0,0,1000.0,5.1,0.0,-0.04
258,0,0,0,1000.0,5.12,0.0,-0.04
259,0,0,0,1000.0,5.14,0.0,-0.04
260,0,0,0,1000.0,5.16,0.0,-0.04
261,0,0,0,1000.0,5.18,0.0,-0.04
262,0,0,0,1000.0,5.2,0.0,-0.04
263,0,0,0,1000.0,5.22,0.0,-0.04
264,0,0,0,1000.0,5.24,0.0,-0.04
265,0,0,0,1000.0,5.26,0.0,-0.04
266,0,0,0,1000.0,5.28,0.0,-0.04
267,0,0,0,1000.0,5.3,0.0,-0.04
268,0,0,0,1000.0,5.32,0.0,-0.04
269,0,0,0,1000.0,5.34,0.0,-0.04
270,0,0,0,1000.0,5.36,0.0,-0.04
271,0,0,0,1000.0,5.38,0.0,-0.04
272,0,0,0,1000.0,5.4,0.0,-0.04
273,0,0,0,1000.0,5.42,0.0,-0.04
274,0,0,0,1000.0,5.44,0.0,-0.04
275,0,0,0,1000.0,5.46,0.0,-0.04
276,0,0,0,1000.0,5.48,0.0,-0.04
277,0,0,0,1000.0,5.5,0.0,-0.04
278,0,0,0,1000.0,5.52,0.0,-0.04
279,0,0,0,1000.0,5.54,0.0,-0.04
280,0,0,0,1000.0,5.56,0.0,-0.04
281,0,0,0,1000.0,5.58,0.0,-0.04
282,0,0,0,1000.0,5.6,0.0,-0.04
283,0,0,0,1000.0,5.62,0.0,-0.04
284,0,0,0,1000.0,5.64,0.0,-0.04
285,0,0,0,1000.0,5.66,0.0,-0.04
286,0,0,0,1000.0,5.68,0.0,-0.04
287,0,0,0,1000.0,5.7,0.0,-0.04
288,0,0,0,1000.0,5.72,0.0,-0.04
289,0,0,0,1000.0,5.74,0.0,-0.04
290,0,0,0,1000.0,5.76,0.0,-0.04
291,0,0,0,1000.0,5.78,0.0,-0.04
292,0,0,0,1000.0,5.8,0.0,-0.04
293,0,0,0,1000.0,5.82,0.0,-0.04
294,0,0,0,1000.0,5.84,0.0,-0.04
295,0,0,0,1000.0,5.86,0.0,-0.04
296,0,0,0,1000.0,5.88,0.0,-0.04
297,0,0,0,1000.0,5.9,0.0,-0.04
298,0,0,0,1000.0,5.92,0.0,-0.04
299,0,0,0,1000.0,5.94,0.0,-0.04
300,0,0,0,1000.0,5.96,0.0,-0.04
301,0,0,0,1000.0,5.98,0.0,-0.04
302,0,0,0,1000.0,6.0,0.0,-0.04
303,0,0,0,1000.0,6.02,0.0,-0.04
304,0,0,0,1000.0,6.04,0.0,-0.04
305,0,0,0,1000.0,6.06,0.0,-0.04
306,0,0,0,1000.0,6.08,0.0,-0.04
307,0,0,0,1000.0,6.1,0.0,-0.04
308,0,0,0,1000.0,6.12,0.0,-0.04
309,0,0,0,1000.0,6.14,0.0,-0.04
310,0,0,0,1000.0,6.16,0.0,-0.04
311,0,0,0,1000.0,6.18,0.0,-0.04
312,0,0,0,1000.0,6.2,0.0,-0.04
313,0,0,0,1000.0,6.22,0.0,-0.04
314,0,0,0,1000.0,6.24,0.0,-0.04
315,0,0,0,1000.0,6.26,0.0,-0.04
316,0,0,0,1000.0,6.28,0.0,-0.04
317,0,0,0,1000.0,6.3,0.0,-0.04
318,0,0,0,1000.0,6.32,0.0,-0.04
319,0,0,0,1000.0,6.34,0.0,-0.04
320,0,0,0,1000.0,6.36,0.0,-0.04
321,0,0,0,1000.0,6.38,0.0,-0.04
322,0,0,0,1000.0,6.4,0.0,-0.04
323,0,0,0,1000.0,6.42,0.0,-0.04
324,0,0,0,1000.0,6.44,0.0,-0.04
325,0,0,0,1000.0,6.46,0.0,-0.04
326,0,0,0,1000.0,6.48,0.0,-0.04
327,0,0,0,1000.0,6.5,0.0,-0.04
328,0,0,0,1000.0,6.52,0.0,-0.04
329,0,0,0,1000.0,6.54,0.0,-0.04
330,0,0,0,1000.0,6.56,0.0,-0.04
331,0,0,0,1000.0,6.58,0.0,-0.04
332,0,0,0,1000.0,6.6,0.0,-0.04
333,0,0,0,1000.0,6.62,0.0,-0.04
334,0,0,0,1000.0,6.64,0.0,-0.04
335,0,0,0,1000.0,6.66,0.0,-0.04
336,0,0,0,1000.0,6.68,0.0,-0.04
337,0,0,0,1000.0,6.7,0.0,-0.04
338,0,0,0,1000.0,6.72,0.0,-0.04
339,0,0,0,1000.0,6.74,0.0,-0.04
340,0,0,0,1000.0,6.76,0.0,-0.04
341,0,0,0,1000.0,6.78,0.0,-0.04
342,0,0,0,1000.0,6.8,0.0,-0.04
343,0,0,0,1000.0,6.82,0.0,-0.04
344,0,0,0,1000.0,6.84,0.0,-0.04
345,0,0,0,1000.0,6.86,0.0,-0.04
346,0,0,0,1000.0,6.88,0.0,-0.04
347,0,0,0,1000.0,6.9,0.0,-0.04
348,0,0,0,1000.0,6.92,0.0,-0.04
349,0,0,0,1000.0,6.94,0.0,-0.04
350,0,0,0,1000.0,6.96,0.0,-0.04
351,0,0,0,1000.0,6.98,0.0,-0.04
352,0,0,0,1000.0,7.0,0.0,-0.04
353,0,0,0,1000.0,7.02,0.0,-0.04
354,0,0,0,1000.0,7.04,0.0,-0.04
355,0,0,0,1000.0,7.06,0.0,-0.04
356,0,0,0,1000.0,7.08,0.0,-0.04
357,0,0,0,1000.0,7.1,0.0,-0.04
358,0,0,0,1000.0,7.12,0.0,-0.04
359,0,0,0,1000.0,7.14,0.0,-0.04
360,0,0,0,1000.0,7.16,0.0,-0.04
361,0,0,0,1000.0,7.18,0.0,-0.04
362,0,0,0,1000.0,7.2,0.0,-0.04
363,0,0,0,1000.0,7.22,0.0,-0.04
364,0,0,0,1000.0,7.24,0.0,-0.04
365,0,0,0,1000.0,7.26,0.0,-0.04
366,0,0,0,1000.0,7.28,0.0,-0.04
367,0,0,0,1000.0,7.3,0.0,-0.04
368,0,0,0,1000.0,7.32,0.0,-0.04
369,0,0,0,1000.0,7.34,0.0,-0.04
370,0,0,0,1000.0,7.36,0.0,-0.04
371,0,0,0,1000.0,7.38,0.0,-0.04
372,0,0,0,1000.0,7.4,0.0,-0.04
373,0,0,0,1000.0,7.42,0.0,-0.04
374,0,0,0,1000.0,7.44,0.0,-0.04
375,0,0,0,1000.0,7.46,0.0,-0.04
376,0,0,0,1000.0,7.48,0.0,-0.04
377,0,0,0,1000.0,7.5,0.0,-0.04
378,0,0,0,1000.0,7.52,0.0,-0.04
379,0,0,0,1000.0,7.54,0.0,-0.04
380,0,0,0,1000.0,7.56,0.0,-0.04
381,0,0,0,1000.0,7.58,0.0,-0.04
382,0,0,0,1000.0,7.6,0.0,-0.04
383,0,0,0,1000.0,7.62,0.0,-0.04
384,0,0,0,1000.0,7.64,0.0,-0.04
385,0,0,0,1000.0,7.66,0.0,-0.04
386,0,0,0,1000.0,7.68,0.0,-0.04
387,0,0,0,1000.0,7.7,0.0,-0.04
388,0,0,0,1000.0,7.72,0.0,-0.04
389,0,0,0,1000.0,7.74,0.0,-0.04
390,0,0,0,1000.0,7.76,0.0,-0.04
391,0,0,0,1000.0,7.78,0.0,-0.04
392,0,0,0,1000.0,7.8,0.0,-0.04
393,0,0,0,1000.0,7.82,0.0,-0.04
394,0,0,0,1000.0,7.84,0.0,-0.04
395,0,0,0,1000.0,7.86,0.0,-0.04
396,0,0,0,1000.0,7.88,0.0,-0.04
397,0,0,0,1000.0,7.9,0.0,-0.04
398,0,0,0,1000.0,7.92,0.0,-0.04
399,0,0,0,1000.0,7.94,0.0,-0.04
400,0,0,0,1000.0,7.96,0.0,-0.04
401,0,0,0,1000.0,7.98,0.0,-0.04
402,0,0,0,1000.0,8.0,0.0,-0.04
403,0,0,0,1000.0,8.02,0.0,-0.04
404,0,0,0,1000.0,8.04,0.0,-0.04
405,0,0,0,1000.0,8.06,0.0,-0.04
406,0,0,0,1000.0,8.08,0.0,-0.04
407,0,0,0,1000.0,8.1,0.0,-0.04
408,0,0,0,1000.0,8.12,0.0,-0.04
409,0,0,0,1000.0,8.14,0.0,-0.04
410,0,0,0,1000.0,8.16,0.0,-0.04
411,0,0,0,1000.0,8.18,0.0,-0.04
412,0,0,0,1000.0,8.2,0.0,-0.04
413,0,0,0,1000.0,8.22,0.0,-0.04
414,0,0,0,1000.0,8.24,0.0,-0.04
415,0,0,0,1000.0,8.26,0.0,-0.04
416,0,0,0,1000.0,8.28,0.0,-0.04
417,0,0,0,1000.0,8.3,0.0,-0.04
418,0,0,0,1000.0,8.32,0.0,-0.04
419,0,0,0,1000.0,8.34,0.0,-0.04
420,0,0,0,1000.0,8.36,0.0,-0.04
421,0,0,0,1000.0,8.38,0.0,-0.04
422,0,0,0,1000.0,8.4,0.0,-0.04
423,0,0,0,1000.0,8.42,0.0,-0.04
424,0,0,0,1000.0,8.44,0.0,-0.04
425,0,0,0,1000.0,8.46,0.0,-0.04
426,0,0,0,1000.0,8.48,0.0,-0.04
427,0,0,0,1000.0,8.5,0.0,-0.04
428,0,0,0,1000.0,8.52,0.0,-0.04
429,0,0,0,1000.0,8.54,0.0,-0.04
430,0,0,0,1000.0,8.56,0.0,-0.04
431,0,0,0,1000.0,8.58,0.0,-0.04
432,0,0,0,1000.0,8.6,0.0,-0.04
433,0,0,0,1000.0,8.62,0.0,-0.04
434,0,0,0,1000.0,8.64,0.0,-0.04
435,0,0,0,1000.0,8.66,0.0,-0.04
436,0,0,0,1000.0,8.68,0.0,-0.04
437,0,0,0,1000.0,8.7,0.0,-0.04
438,0,0,0,1000.0,8.72,0.0,-0.04
439,0,0,0,1000.0,8.74,0.0,-0.04
440,0,0,0,1000.0,8.76,0.0,-0.04
441,0,0,0,1000.0,8.78,0.0,-0.04
442,0,0,0,1000.0,8.8,0.0,-0.04
443,0,0,0,1000.0,8.82,0.0,-0.04
444,0,0,0,1000.0,8.84,0.0,-0.04
445,0,0,0,1000.0,8.86,0.0,-0.04
446,0,0,0,1000.0,8.88,0.0,-0.04
447,0,0,0,1000.0,8.9,0.0,-0.04
448,0,0,0,1000.0,8.92,0.0,-0.04
449,0,0,0,1000.0,8.94,0.0,-0.04
450,0,0,0,1000.0,8.96,0.0,-0.04
451,0,0,0,1000.0,8.98,0.0,-0.04
452,0,0,0,1000.0,9.0,0.0,-0.04
453,0,0,0,1000.0,9.02,0.0,-0.04
454,0,0,0,1000.0,9.04,0.0,-0.04
455,0,0,0,1000.0,9.06,0.0,-0.04
456,0,0,0,1000.0,9.08,0.0,-0.04
457,0,0,0,1000.0,9.1,0.0,-0.04
458,0,0,0,1000.0,9.12,0.0,-0.04
459,0,0,0,1000.0,9.14,0.0,-0.04
460,0,0,0,1000.0,9.16,0.0,-0.04
461,0,0,0,1000.0,9.18,0.0,-0.04
462,0,0,0,1000.0,9.2,0.0,-0.04
463,0,0,0,1000.0,9.22,0.0,-0.04
464,0,0,0,1000.0,9.24,0.0,-0.04
465,0,0,0,1000.0,9.26,0.0,-0.04
466,0,0,0,1000.0,9.28,0.0,-0.04
467,0,0,0,1000.0,9.3,0.0,-0.04
468,0,0,0,1000.0,9.32,0.0,-0.04
469,0,0,0,1000.0,9.34,0.0,-0.04
470,0,0,0,1000.0,9.36,0.0,-0.04
471,0,0,0,1000.0,9.38,0.0,-0.04
472,0,0,0,1000.0,9.4,0.0,-0.04
473,0,0,0,1000.0,9.42,0.0,-0.04
474,0,0,0,1000.0,9.44,0.0,-0.04
475,0,0,0,1000.0,9.46,0.0,-0.04
476,0,0,0,1000.0,9.48,0.0,-0.04
477,0,0,0,1000.0,9.5,0.0,-0.04
478,0,0,0,1000.0,9.52,0.0,-0.04
479,0,0,0,1000.0,9.54,0.0,-0.04
480,0,0,0,1000.0,9.56,0.0,-0.04
481,0,0,0,1000.0,9.58,0.0,-0.04
482,0,0,0,1000.0,9.6,0.0,-0.04
483,0,0,0,1000.0,9.62,0.0,-0.04
484,0,0,0,1000.0,9.64,0.0,-0.04
485,0,0,0,1000.0,9.66,0.0,-0.04
486,0,0,0,1000.0,9.68,0.0,-0.04
487,0,0,0,1000.0,9.7,0.0,-0.04
488,0,0,0,1000.0,9.72,0.0,-0.04
489,0,0,0,1000.0,9.74,0.0,-0.04
490,0,0,0,1000.0,9.76,0.0,-0.04
491,0,0,0,1000.0,9.78,0.0,-0.04
492,0,0,0,1000.0,9.8,0.0,-0.04
493,0,0,0,1000.0,9.82,0.0,-0.04
494,0,0,0,1000.0,9.84,0.0,-0.04
495,0,0,0,1000.0,9.86,0.0,-0.04
496,0,0,0,1000.0,9.88,0.0,-0.04
497,0,0,0,1000.0,9.9,0.0,-0.04
498,0,0,0,1000.0,9.92,0.0,-0.04
499,0,0,0,1000.0,9.94,0.0,-0.04
500,0,0,0,1000.0,9.96,0.0,-0.04
501,0,0,0,1000.0,9.98,0.0,-0.04
502,0,0,0,1000.0,10.0,0.0,-0.04
503,0,0,0,1000.0,10.02,0.0,-0.04
504,0,0,0,1000.0,10.04,0.0,-0.04
505,0,0,0,1000.0,-0.04,0.0,-0.02
506,0,0,0,1000.0,-0.02,0.0,-0.02
507,0,0,0,1000.0,0.0,0.0,-0.02
508,0,0,0,1000.0,0.02,0.0,-0.02
509,0,0,0,1000.0,0.04,0.0,-0.02
510,0,0,0,1000.0,0.06,0.0,-0.02
511,0,0,0,1000.0,0.08,0.0,-0.02
512,0,0,0,1000.0,0.1,0.0,-0.02
513,0,0,0,1000.0,0.12,0.0,-0.02
514,0,0,0,1000.0,0.14,0.0,-0.02
515,0,0,0,1000.0,0.16,0.0,-0.02
516,0,0,0,1000.0,0.18,0.0,-0.02
517,0,0,0,1000.0,0.2,0.0,-0.02
518,0,0,0,1000.0,0.22,0.0,-0.02
519,0,0,0,1000.0,0.24,0.0,-0.02
520,0,0,0,1000.0,0.26,0.0,-0.02
521,0,0,0,1000.0,0.28,0.0,-0.02
522,0,0,0,1000.0,0.3,0.0,-0.02
523,0,0,0,1000.0,0.32,0.0,-0.02
524,0,0,0,1000.0,0.34,0.0,-0.02
525,0,0,0,1000.0,0.36,0.0,-0.02
526,0,0,0,1000.0,0.38,0.0,-0.02
527,0,0,0,1000.0,0.4,0.0,-0.02
528,0,0,0,1000.0,0.42,0.0,-0.02
529,0,0,0,1000.0,0.44,0.0,-0.02
530,0,0,0,1000.0,0.46,0.0,-0.02
531,0,0,0,1000.0,0.48,0.0,-0.02
532,0,0,0,1000.0,0.5,0.0,-0.02
533,0,0,0,1000.0,0.52,0.0,-0.02
534,0,0,0,1000.0,0.54,0.0,-0.02
535,0,0,0,1000.0,0.56,0.0,-0.02
536,0,0,0,1000.0,0.58,0.0,-0.02
537,0,0,0,1000.0,0.6,0.0,-0.02
538,0,0,0,1000.0,0.62,0.0,-0.02
539,0,0,0,1000.0,0.64,0.0,-0.02
540,0,0,0,1000.0,0.66,0.0,-0.02
541,0,0,0,1000.0,0.68,0.0,-0.02
542,0,0,0,1000.0,0.7,0.0,-0.02
543,0,0,0,1000.0,0.72,0.0,-0.02
544,0,0,0,1000.0,0.74,0.0,-0.02
545,0,0,0,1000.0,0.76,0.0,-0.02
546,0,0,0,1000.0,0.78,0.0,-0.02
547,0,0,0,1000.0,0.8,0.0,-0.02
548,0,0,0,1000.0,0.82,0.0,-0.02
549,0,0,0,1000.0,0.84,0.0,-0.02
550,0,0,0,1000.0,0.86,0.0,-0.02
551,0,0,0,1000.0,0.88,0.0,-0.02
552,0,0,0,1000.0,0.9,0.0,-0.02
553,0,0,0,1000.0,0.92,0.0,-0.02
554,0,0,0,1000.0,0.94,0.0,-0.02
555,0,0,0,1000.0,0.96,0.0,-0.02
556,0,0,0,1000.0,0.98,0.0,-0.02
557,0,0,0,1000.0,1.0,0.0,-0.02
558,0,0,0,1000.0,1.02,0.0,-0.02
559,0,0,0,1000.0,1.04,0.0,-0.02
560,0,0,0,1000.0,1.06,0.0,-0.02
561,0,0,0,1000.0,1.08,0.0,-0.02
562,0,0,0,1000.0,1.1,0.0,-0.02
563,0,0,0,1000.0,1.12,0.0,-0.02
564,0,0,0,1000.0,1.14,0.0,-0.02
565,0,0,0,1000.0,1.16,0.0,-0.02
566,0,0,0,1000.0,1.18,0.0,-0.02
567,0,0,0,1000.0,1.2,0.0,-0.02
568,0,0,0,1000.0,1.22,0.0,-0.02
569,0,0,0,1000.0,1.24,0.0,-0.02
570,0,0,0,1000.0,1.26,0.0,-0.02
571,0,0,0,1000.0,1.28,0.0,-0.02
572,0,0,0,1000.0,1.3,0.0,-0.02
573,0,0,0,1000.0,1.32,0.0,-0.02
574,0,0,0,1000.0,1.34,0.0,-0.02
575,0,0,0,1000.0,1.36,0.0,-0.02
576,0,0,0,1000.0,1.38,0.0,-0.02
577,0,0,0,1000.0,1.4,0.0,-0.02
578,0,0,0,1000.0,1.42,0.0,-0.02
579,0,0,0,1000.0,1.44,0.0,-0.02
580,0,0,0,1000.0,1.46,0.0,-0.02
581,0,0,0,1000.0,1.48,0.0,-0.02
582,0,0,0,1000.0,1.5,0.0,-0.02
583,0,0,0,1000.0,1.52,0.0,-0.02
584,0,0,0,1000.0,1.54,0.0,-0.02
585,0,0,0,1000.0,1.56,0.0,-0.02
586,0,0,0,1000.0,1.58,0.0,-0.02
587,0,0,0,1000.0,1.6,0.0,-0.02
588,0,0,0,1000.0,1.62,0.0,-0.02
589,0,0,0,1000.0,1.64,0.0,-0.02
590,0,0,0,1000.0,1.66,0.0,-0.02
591,0,0,0,1000.0,1.68,0.0,-0.02
592,0,0,0,1000.0,1.7,0.0,-0.02
593,0,0,0,1000.0,1.72,0.0,-0.02
594,0,0,0,1000.0,1.74,0.0,-0.02
595,0,0,0,1000.0,1.76,0.0,-0.02
596,0,0,0,1000.0,1.78,0.0,-0.02
597,0,0,0,1000.0,1.8,0.0,-0.02
598,0,0,0,1000.0,1.82,0.0,-0.02
599,0,0,0,1000.0,1.84,0.0,-0.02
600,0,0,0,1000.0,1.86,0.0,-0.02
601,0,0,0,1000.0,1.88,0.0,-0.02
602,0,0,0,1000.0,1.9,0.0,-0.02
603,0,0,0,1000.0,1.92,0.0,-0.02
604,0,0,0,1000.0,1.94,0.0,-0.02
605,0,0,0,1000.0,1.96,0.0,-0.02
606,0,0,0,1000.0,1.98,0.0,-0.02
607,0,0,0,1000.0,2.0,0.0,-0.02
608,0,0,0,1000.0,2.02,0.0,-0.02
609,0,0,0,1000.0,2.04,0.0,-0.02
610,0,0,0,1000.0,2.06,0.0,-0.02
611,0,0,0,1000.0,2.08,0.0,-0.02
612,0,0,0,1000.0,2.1,0.0,-0.02
613,0,0,0,1000.0,2.12,0.0,-0.02
614,0,0,0,1000.0,2.14,0.0,-0.02
615,0,0,0,1000.0,2.16,0.0,-0.02
616,0,0,0,1000.0,2.18,0.0,-0.02
617,0,0,0,1000.0,2.2,0.0,-0.02
618,0,0,0,1000.0,2.22,0.0,-0.02
619,0,0,0,1000.0,2.24,0.0,-0.02
620,0,0,0,1000.0,2.26,0.0,-0.02
621,0,0,0,1000.0,2.28,0.0,-0.02
622,0,0,0,1000.0,2.3,0.0,-0.02
623,0,0,0,1000.0,2.32,0.0,-0.02
624,0,0,0,1000.0,2.34,0.0,-0.02
625,0,0,0,1000.0,2.36,0.0,-0.02
626,0,0,0,1000.0,2.38,0.0,-0.02
627,0,0,0,1000.0,2.4,0.0,-0.02
628,0,0,0,1000.0,2.42,0.0,-0.02
629,0,0,0,1000.0,2.44,0.0,-0.02
630,0,0,0,1000.0,2.46,0.0,-0.02
631,0,0,0,1000.0,2.48,0.0,-0.02
632,0,0,0,1000.0,2.5,0.0,-0.02
633,0,0,0,1000.0,2.52,0.0,-0.02
634,0,0,0,1000.0,2.54,0.0,-0.02
635,0,0,0,1000.0,2.56,0.0,-0.02
636,0,0,0,1000.0,2.58,0.0,-0.02
637,0,0,0,1000.0,2.6,0.0,-0.02
638,0,0,0,1000.0,2.62,0.0,-0.02
639,0,0,0,1000.0,2.64,0.0,-0.02
640,0,0,0,1000.0,2.66,0.0,-0.02
641,0,0,0,1000.0,2.68,0.0,-0.02
642,0,0,0,1000.0,2.7,0.0,-0.02
643,0,0,0,1000.0,2.72,0.0,-0.02
644,0,0,0,1000.0,2.74,0.0,-0.02
645,0,0,0,1000.0,2.76,0.0,-0.02
646,0,0,0,1000.0,2.78,0.0,-0.02
647,0,0,0,1000.0,2.8,0.0,-0.02
648,0,0,0,1000.0,2.82,0.0,-0.02
649,0,0,0,1000.0,2.84,0.0,-0.02
650,0,0,0,1000.0,2.86,0.0,-0.02
651,0,0,0,1000.0,2.88,0.0,-0.02
652,0,0,0,1000.0,2.9,0.0,-0.02
653,0,0,0,1000.0,2.92,0.0,-0.02
654,0,0,0,1000.0,2.94,0.0,-0.02
655,0,0,0,1000.0,2.96,0.0,-0.02
656,0,0,0,1000.0,2.98,0.0,-0.02
657,0,0,0,1000.0,3.0,0.0,-0.02
658,0,0,0,1000.0,3.02,0.0,-0.02
659,0,0,0,1000.0,3.04,0.0,-0.02
660,0,0,0,1000.0,3.06,0.0,-0.02
661,0,0,0,1000.0,3.08,0.0,-0.02
662,0,0,0,1000.0,3.1,0.0,-0.02
663,0,0,0,1000.0,3.12,0.0,-0.02
664,0,0,0,1000.0,3.14,0.0,-0.02
665,0,0,0,1000.0,3.16,0.0,-0.02
666,0,0,0,1000.0,3.18,0.0,-0.02
667,0,0,0,1000.0,3.2,0.0,-0.02
668,0,0,0,1000.0,3.22,0.0,-0.02
669,0,0,0,1000.0,3.24,0.0,-0.02
670,0,0,0,1000.0,3.26,0.0,-0.02
671,0,0,0,1000.0,3.28,0.0,-0.02
672,0,0,0,1000.0,3.3,0.0,-0.02
673,0,0,0,1000.0,3.32,0.0,-0.02
674,0,0,0,1000.0,3.34,0.0,-0.02
675,0,0,0,1000.0,3.36,0.0,-0.02
676,0,0,0,1000.0,3.38,0.0,-0.02
677,0,0,0,1000.0,3.4,0.0,-0.02
678,0,0,0,1000.0,3.42,0.0,-0.02
679,0,0,0,1000.0,3.44,0.0,-0.02
680,0,0,0,1000.0,3.46,0.0,-0.02
681,0,0,0,1000.0,3.48,0.0,-0.02
682,0,0,0,1000.0,3.5,0.0,-0.02
683,0,0,0,1000.0,3.52,0.0,-0.02
684,0,0,0,1000.0,3.54,0.0,-0.02
685,0,0,0,1000.0,3.56,0.0,-0.02
686,0,0,0,1000.0,3.58,0.0,-0.02
687,0,0,0,1000.0,3.6,0.0,-0.02
688,0,0,0,1000.0,3.62,0.0,-0.02
689,0,0,0,1000.0,3.64,0.0,-0.02
690,0,0,0,1000.0,3.66,0.0,-0.02
691,0,0,0,1000.0,3.68,0.0,-0.02
692,0,0,0,1000.0,3.7,0.0,-0.02
693,0,0,0,1000.0,3.72,0.0,-0.02
694,0,0,0,1000.0,3.74,0.0,-0.02
695,0,0,0,1000.0,3.76,0.0,-0.02
696,0,0,0,1000.0,3.78,0.0,-0.02
697,0,0,0,1000.0,3.8,0.0,-0.02
698,0,0,0,1000.0,3.82,0.0,-0.02
699,0,0,0,1000.0,3.84,0.0,-0.02
700,0,0,0,1000.0,3.86,0.0,-0.02
701,0,0,0,1000.0,3.88,0.0,-0.02
702,0,0,0,1000.0,3.9,0.0,-0.02
703,0,0,0,1000.0,3.92,0.0,-0.02
704,0,0,0,1000.0,3.94,0.0,-0.02
705,0,0,0,1000.0,3.96,0.0,-0.02
706,0,0,0,1000.0,3.98,0.0,-0.02
707,0,0,0,1000.0,4.0,0.0,-0.02
708,0,0,0,1000.0,4.02,0.0,-0.02
709,0,0,0,1000.0,4.04,0.0,-0.02
710,0,0,0,1000.0,4.06,0.0,-0.02
711,0,0,0,1000.0,4.08,0.0,-0.02
712,0,0,0,1000.0,4.1,0.0,-0.02
713,0,0,0,1000.0,4.12,0.0,-0.02
714,0,0,0,1000.0,4.14,0.0,-0.02
715,0,0,0,1000.0,4.16,0.0,-0.02
716,0,0,0,1000.0,4.18,0.0,-0.02
717,0,0,0,1000.0,4.2,0.0,-0.02
718,0,0,0,1000.0,4.22,0.0,-0.02
719,0,0,0,1000.0,4.24,0.0,-0.02
720,0,0,0,1000.0,4.26,0.0,-0.02
721,0,0,0,1000.0,4.28,0.0,-0.02
722,0,0,0,1000.0,4.3,0.0,-0.02
723,0,0,0,1000.0,4.32,0.0,-0.02
724,0,0,0,1000.0,4.34,0.0,-0.02
725,0,0,0,1000.0,4.36,0.0,-0.02
726,0,0,0,1000.0,4.38,0.0,-0.02
727,0,0,0,1000.0,4.4,0.0,-0.02
728,0,0,0,1000.0,4.42,0.0,-0.02
729,0,0,0,1000.0,4.44,0.0,-0.02
730,0,0,0,1000.0,4.46,0.0,-0.02
731,0,0,0,1000.0,4.48,0.0,-0.02
732,0,0,0,1000.0,4.5,0.0,-0.02
733,0,0,0,1000.0,4.52,0.0,-0.02
734,0,0,0,1000.0,4.54,0.0,-0.02
735,0,0,0,1000.0,4.56,0.0,-0.02
736,0,0,0,1000.0,4.58,0.0,-0.02
737,0,0,0,1000.0,4.6,0.0,-0.02
738,0,0,0,1000.0,4.62,0.0,-0.02
739,0,0,0,1000.0,4.64,0.0,-0.02
740,0,0,0,1000.0,4.66,0.0,-0.02
741,0,0,0,1000.0,4.68,0.0,-0.02
742,0,0,0,1000.0,4.7,0.0,-0.02
743,0,0,0,1000.0,4.72,0.0,-0.02
744,0,0,0,1000.0,4.74,0.0,-0.02
745,0,0,0,1000.0,4.76,0.0,-0.02
746,0,0,0,1000.0,4.78,0.0,-0.02
747,0,0,0,1000.0,4.8,0.0,-0.02
748,0,0,0,1000.0,4.82,0.0,-0.02
749,0,0,0,1000.0,4.84,0.0,-0.02
750,0,0,0,1000.0,4.86,0.0,-0.02
751,0,0,0,1000.0,4.88,0.0,-0.02
752,0,0,0,1000.0,4.9,0.0,-0.02
753,0,0,0,1000.0,4.92,0.0,-0.02
754,0,0,0,1000.0,4.94,0.0,-0.02
755,0,0,0,1000.0,4.96,0.0,-0.02
756,0,0,0,1000.0,4.98,0.0,-0.02
757,0,0,0,1000.0,5.0,0.0,-0.02
758,0,0,0,1000.0,5.02,0.0,-0.02
759,0,0,0,1000.0,5.04,0.0,-0.02
760,0,0,0,1000.0,5.06,0.0,-0.02
761,0,0,0,1000.0,5.08,0.0,-0.02
762,0,0,0,1000.0,5.1,0.0,-0.02
763,0,0,0,1000.0,5.12,0.0,-0.02
764,0,0,0,1000.0,5.14,0.0,-0.02
765,0,0,0,1000.0,5.16,0.0,-0.02
766,0,0,0,1000.0,5.18,0.0,-0.02
767,0,0,0,1000.0,5.2,0.0,-0.02
768,0,0,0,1000.0,5.22,0.0,-0.02
769,0,0,0,1000.0,5.24,0.0,-0.02
770,0,0,0,1000.0,5.26,0.0,-0.02
771,0,0,0,1000.0,5.28,0.0,-0.02
772,0,0,0,1000.0,5.3,0.0,-0.02
773,0,0,0,1000.0,5.32,0.0,-0.02
774,0,0,0,1000.0,5.34,0.0,-0.02
775,0,0,0,1000.0,5.36,0.0,-0.02
776,0,0,0,1000.0,5.38,0.0,-0.02
777,0,0,0,1000.0,5.4,0.0,-0.02
778,0,0,0,1000.0,5.42,0.0,-0.02
779,0,0,0,1000.0,5.44,0.0,-0.02
780,0,0,0,1000.0,5.46,0.0,-0.02
781,0,0,0,1000.0,5.48,0.0,-0.02
782,0,0,0,1000.0,5.5,0.0,-0.02
783,0,0,0,1000.0,5.52,0.0,-0.02
784,0,0,0,1000.0,5.54,0.0,-0.02
785,0,0,0,1000.0,5.56,0.0,-0.02
786,0,0,0,1000.0,5.58,0.0,-0.02
787,0,0,0,1000.0,5.6,0.0,-0.02
788,0,0,0,1000.0,5.62,0.0,-0.02
789,0,0,0,1000.0,5.64,0.0,-0.02
790,0,0,0,1000.0,5.66,0.0,-0.02
791,0,0,0,1000.0,5.68,0.0,-0.02
792,0,0,0,1000.0,5.7,0.0,-0.02
793,0,0,0,1000.0,5.72,0.0,-0.02
794,0,0,0,1000.0,5.74,0.0,-0.02
795,0,0,0,1000.0,5.76,0.0,-0.02
796,0,0,0,1000.0,5.78,0.0,-0.02
797,0,0,0,1000.0,5.8,0.0,-0.02
798,0,0,0,1000.0,5.82,0.0,-0.02
799,0,0,0,1000.0,5.84,0.0,-0.02
800,0,0,0,1000.0,5.86,0.0,-0.02
801,0,0,0,1000.0,5.88,0.0,-0.02
802,0,0,0,1000.0,5.9,0.0,-0.02
803,0,0,0,1000.0,5.92,0.0,-0.02
804,0,0,0,1000.0,5.94,0.0,-0.02
805,0,0,0,1000.0,5.96,0.0,-0.02
806,0,0,0,1000.0,5.98,0.0,-0.02
807,0,0,0,1000.0,6.0,0.0,-0.02
808,0,0,0,1000.0,6.02,0.0,-0.02
809,0,0,0,1000.0,6.04,0.0,-0.02
810,0,0,0,1000.0,6.06,0.0,-0.02
811,0,0,0,1000.0,6.08,0.0,-0.02
812,0,0,0,1000.0,6.1,0.0,-0.02
813,0,0,0,1000.0,6.12,0.0,-0.02
814,0,0,0,1000.0,6.14,0.0,-0.02
815,0,0,0,1000.0,6.16,0.0,-0.02
816,0,0,0,1000.0,6.18,0.0,-0.02
817,0,0,0,1000.0,6.2,0.0,-0.02
818,0,0,0,1000.0,6.22,0.0,-0.02
819,0,0,0,1000.0,6.24,0.0,-0.02
820,0,0,0,1000.0,6.26,0.0,-0.02
821,0,0,0,1000.0,6.28,0.0,-0.02
822,0,0,0,1000.0,6.3,0.0,-0.02
823,0,0,0,1000.0,6.32,0.0,-0.02
824,0,0,0,1000.0,6.34,0.0,-0.02
825,0,0,0,1000.0,6.36,0.0,-0.02
826,0,0,0,1000.0,6.38,0.0,-0.02
827,0,0,0,1000.0,6.4,0.0,-0.02
828,0,0,0,1000.0,6.42,0.0,-0.02
829,0,0,0,1000.0,6.44,0.0,-0.02
830,0,0,0,1000.0,6.46,0.0,-0.02
831,0,0,0,1000.0,6.48,0.0,-0.02
832,0,0,0,1000.0,6.5,0.0,-0.02
833,0,0,0,1000.0,6.52,0.0,-0.02
834,0,0,0,1000.0,6.54,0.0,-0.02
835,0,0,0,1000.0,6.56,0.0,-0.02
836,0,0,0,1000.0,6.58,0.0,-0.02
837,0,0,0,1000.0,6.6,0.0,-0.02
838,0,0,0,1000.0,6.62,0.0,-0.02
839,0,0,0,1000.0,6.64,0.0,-0.02
840,0,0,0,1000.0,6.66,0.0,-0.02
841,0,0,0,1000.0,6.68,0.0,-0.02
842,0,0,0,1000.0,6.7,0.0,-0.02
843,0,0,0,1000.0,6.72,0.0,-0.02
844,0,0,0,1000.0,6.74,0.0,-0.02
845,0,0,0,1000.0,6.76,0.0,-0.02
846,0,0,0,1000.0,6.78,0.0,-0.02
847,0,0,0,1000.0,6.8,0.0,-0.02
848,0,0,0,1000.0,6.82,0.0,-0.02
849,0,0,0,1000.0,6.84,0.0,-0.02
850,0,0,0,1000.0,6.86,0.0,-0.02
851,0,0,0,1000.0,6.88,0.0,-0.02
852,0,0,0,1000.0,6.9,0.0,-0.02
853,0,0,0,1000.0,6.92,0.0,-0.02
854,0,0,0,1000.0,6.94,0.0,-0.02
855,0,0,0,1000.0,6.96,0.0,-0.02
856,0,0,0,1000.0,6.98,0.0,-0.02
857,0,0,0,1000.0,7.0,0.0,-0.02
858,0,0,0,1000.0,7.02,0.0,-0.02
859,0,0,0,1000.0,7.04,0.0,-0.02
860,0,0,0,1000.0,7.06,0.0,-0.02
861,0,0,0,1000.0,7.08,0.0,-0.02
862,0,0,0,1000.0,7.1,0.0,-0.02
863,0,0,0,1000.0,7.12,0.0,-0.02
864,0,0,0,1000.0,7.14,0.0,-0.02
865,0,0,0,1000.0,7.16,0.0,-0.02
866,0,0,0,1000.0,7.18,0.0,-0.02
867,0,0,0,1000.0,7.2,0.0,-0.02
868,0,0,0,1000.0,7.22,0.0,-0.02
869,0,0,0,1000.0,7.24,0.0,-0.02
870,0,0,0,1000.0,7.26,0.0,-0.02
871,0,0,0,1000.0,7.28,0.0,-0.02
872,0,0,0,1000.0,7.3,0.0,-0.02
873,0,0,0,1000.0,7.32,0.0,-0.02
874,0,0,0,1000.0,7.34,0.0,-0.02
875,0,0,0,1000.0,7.36,0.0,-0.02
876,0,0,0,1000.0,7.38,0.0,-0.02
877,0,0,0,1000.0,7.4,0.0,-0.02
878,0,0,0,1000.0,7.42,0.0,-0.02
879,0,0,0,1000.0,7.44,0.0,-0.02
880,0,0,0,1000.0,7.46,0.0,-0.02
881,0,0,0,1000.0,7.48,0.0,-0.02
882,0,0,0,1000.0,7.5,0.0,-0.02
883,0,0,0,1000.0,7.52,0.0,-0.02
884,0,0,0,1000.0,7.54,0.0,-0.02
885,0,0,0,1000.0,7.56,0.0,-0.02
886,0,0,0,1000.0,7.58,0.0,-0.02
887,0,0,0,1000.0,7.6,0.0,-0.02
888,0,0,0,1000.0,7.62,0.0,-0.02
889,0,0,0,1000.0,7.64,0.0,-0.02
890,0,0,0,1000.0,7.66,0.0,-0.02
891,0,0,0,1000.0,7.68,0.0,-0.02
892,0,0,0,1000.0,7.7,0.0,-0.02
893,0,0,0,1000.0,7.72,0.0,-0.02
894,0,0,0,1000.0,7.74,0.0,-0.02
895,0,0,0,1000.0,7.76,0.0,-0.02
896,0,0,0,1000.0,7.78,0.0,-0.02
897,0,0,0,1000.0,7.8,0.0,-0.02
898,0,0,0,1000.0,7.82,0.0,-0.02
899,0,0,0,1000.0,7.84,0.0,-0.02
900,0,0,0,1000.0,7.86,0.0,-0.02
901,0,0,0,1000.0,7.88,0.0,-0.02
902,0,0,0,1000.0,7.9,0.0,-0.02
903,0,0,0,1000.0,7.92,0.0,-0.02
904,0,0,0,1000.0,7.94,0.0,-0.02
905,0,0,0,1000.0,7.96,0.0,-0.02
906,0,0,0,1000.0,7.98,0.0,-0.02
907,0,0,0,1000.0,8.0,0.0,-0.02
908,0,0,0,1000.0,8.02,0.0,-0.02
909,0,0,0,1000.0,8.04,0.0,-0.02
910,0,0,0,1000.0,8.06,0.0,-0.02
911,0,0,0,1000.0,8.08,0.0,-0.02
912,0,0,0,1000.0,8.1,0.0,-0.02
913,0,0,0,1000.0,8.12,0.0,-0.02
914,0,0,0,1000.0,8.14,0.0,-0.02
915,0,0,0,1000.0,8.16,0.0,-0.02
916,0,0,0,1000.0,8.18,0.0,-0.02
917,0,0,0,1000.0,8.2,0.0,-0.02
918,0,0,0,1000.0,8.22,0.0,-0.02
919,0,0,0,1000.0,8.24,0.0,-0.02
920,0,0,0,1000.0,8.26,0.0,-0.02
921,0,0,0,1000.0,8.28,0.0,-0.02
922,0,0,0,1000.0,8.3,0.0,-0.02
923,0,0,0,1000.0,8.32,0.0,-0.02
924,0,0,0,1000.0,8.34,0.0,-0.02
925,0,0,0,1000.0,8.36,0.0,-0.02
926,0,0,0,1000.0,8.38,0.0,-0.02
927,0,0,0,1000.0,8.4,0.0,-0.02
928,0,0,0,1000.0,8.42,0.0,-0.02
929,0,0,0,1000.0,8.44,0.0,-0.02
930,0,0,0,1000.0,8.46,0.0,-0.02
931,0,0,0,1000.0,8.48,0.0,-0.02
932,0,0,0,1000.0,8.5,0.0,-0.02
933,0,0,0,1000.0,8.52,0.0,-0.02
934,0,0,0,1000.0,8.54,0.0,-0.02
935,0,0,0,1000.0,8.56,0.0,-0.02
936,0,0,0,1000.0,8.58,0.0,-0.02
937,0,0,0,1000.0,8.6,0.0,-0.02
938,0,0,0,1000.0,8.62,0.0,-0.02
939,0,0,0,1000.0,8.64,0.0,-0.02
940,0,0,0,1000.0,8.66,0.0,-0.02
941,0,0,0,1000.0,8.68,0.0,-0.02
942,0,0,0,1000.0,8.7,0.0,-0.02
943,0,0,0,1000.0,8.72,0.0,-0.02
944,0,0,0,1000.0,8.74,0.0,-0.02
945,0,0,0,1000.0,8.76,0.0,-0.02
946,0,0,0,1000.0,8.78,0.0,-0.02
947,0,0,0,1000.0,8.8,0.0,-0.02
948,0,0,0,1000.0,8.82,0.0,-0.02
949,0,0,0,1000.0,8.84,0.0,-0.02
950,0,0,0,1000.0,8.86,0.0,-0.02
951,0,0,0,1000.0,8.88,0.0,-0.02
952,0,0,0,1000.0,8.9,0.0,-0.02
953,0,0,0,1000.0,8.92,0.0,-0.02
954,0,0,0,1000.0,8.94,0.0,-0.02
955,0,0,0,1000.0,8.96,0.0,-0.02
956,0,0,0,1000.0,8.98,0.0,-0.02
957,0,0,0,1000.0,9.0,0.0,-0.02
958,0,0,0,1000.0,9.02,0.0,-0.02
959,0,0,0,1000.0,9.04,0.0,-0.02
960,0,0,0,1000.0,9.06,0.0,-0.02
961,0,0,0,1000.0,9.08,0.0,-0.02
962,0,0,0,1000.0,9.1,0.0,-0.02
963,0,0,0,1000.0,9.12,0.0,-0.02
964,0,0,0,1000.0,9.14,0.0,-0.02
965,0,0,0,1000.0,9.16,0.0,-0.02
966,0,0,0,1000.0,9.18,0.0,-0.02
967,0,0,0,1000.0,9.2,0.0,-0.02
968,0,0,0,1000.0,9.22,0.0,-0.02
969,0,0,0,1000.0,9.24,0.0,-0.02
970,0,0,0,1000.0,9.26,0.0,-0.02
971,0,0,0,1000.0,9.28,0.0,-0.02
972,0,0,0,1000.0,9.3,0.0,-0.02
973,0,0,0,1000.0,9.32,0.0,-0.02
974,0,0,0,1000.0,9.34,0.0,-0.02
975,0,0,0,1000.0,9.36,0.0,-0.02
976,0,0,0,1000.0,9.38,0.0,-0.02
977,0,0,0,1000.0,9.4,0.0,-0.02
978,0,0,0,1000.0,9.42,0.0,-0.02
979,0,0,0,1000.0,9.44,0.0,-0.02
980,0,0,0,1000.0,9.46,0.0,-0.02
981,0,0,0,1000.0,9.48,0.0,-0.02
982,0,0,0,1000.0,9.5,0.0,-0.02
983,0,0,0,1000.0,9.52,0.0,-0.02
984,0,0,0,1000.0,9.54,0.0,-0.02
985,0,0,0,1000.0,9.56,0.0,-0.02
986,0,0,0,1000.0,9.58,0.0,-0.02
987,0,0,0,1000.0,9.6,0.0,-0.02
988,0,0,0,1000.0,9.62,0.0,-0.02
989,0,0,0,1000.0,9.64,0.0,-0.02
990,0,0,0,1000.0,9.66,0.0,-0.02
991,0,0,0,1000.0,9.68,0.0,-0.02
992,0,0,0,1000.0,9.7,0.0,-0.02
993,0,0,0,1000.0,9.72,0.0,-0.02
994,0,0,0,1000.0,9.74,0.0,-0.02
995,0,0,0,1000.0,9.76,0.0,-0.02
996,0,0,0,1000.0,9.78,0.0,-0.02
997,0,0,0,1000.0,9.8,0.0,-0.02
998,0,0,0,1000.0,9.82,0.0,-0.02
999,0,0,0,1000.0,9.84,0.0,-0.02
1000,0,0,0,1000.0,9.86,0.0,-0.02
1001,0,0,0,1000.0,9.88,0.0,-0.02
1002,0,0,0,1000.0,9.9,0.0,-0.02
1003,0,0,0,1000.0,9.92,0.0,-0.02
1004,0,0,0,1000.0,9.94,0.0,-0.02
1005,0,0,0,1000.0,9.96,0.0,-0.02
1006,0,0,0,1000.0,9.98,0.0,-0.02
1007,0,0,0,1000.0,10.0,0.0,-0.02
1008,0,0,0,1000.0,10.02,0.0,-0.02
1009,0,0,0,1000.0,10.04,0.0,-0.02
1010,0,0,0,1000.0,-0.04,0.0,0.0
1011,0,0,0,1000.0,-0.02,0.0,0.0
1012,0,0,0,1000.0,0.0,0.0,0.0
1013,0,0,0,1000.0,0.02,0.0,0.0
1014,0,0,0,1000.0,0.04,0.0,0.0
1015,0,0,0,1000.0,0.06,0.0,0.0
1016,0,0,0,1000.0,0.08,0.0,0.0
1017,0,0,0,1000.0,0.1,0.0,0.0
1018,0,0,0,1000.0,0.12,0.0,0.0
1019,0,0,0,1000.0,0.14,0.0,0.0
1020,0,0,0,1000.0,0.16,0.0,0.0
1021,0,0,0,1000.0,0.18,0.0,0.0
1022,0,0,0,1000.0,0.2,0.0,0.0
1023,0,0,0,1000.0,0.22,0.0,0.0
1024,0,0,0,1000.0,0.24,0.0,0.0
1025,0,0,0,1000.0,0.26,0.0,0.0
1026,0,0,0,1000.0,0.28,0.0,0.0
1027,0,0,0,1000.0,0.3,0.0,0.0
1028,0,0,0,1000.0,0.32,0.0,0.0
1029,0,0,0,1000.0,0.34,0.0,0.0
1030,0,0,0,1000.0,0.36,0.0,0.0
1031,0,0,0,1000.0,0.38,0.0,0.0
1032,0,0,0,1000.0,0.4,0.0,0.0
1033,0,0,0,1000.0,0.42,0.0,0.0
1034,0,0,0,1000.0,0.44,0.0,0.0
1035,0,0,0,1000.0,0.46,0.0,0.0
1036,0,0,0,1000.0,0.48,0.0,0.0
1037,0,0,0,1000.0,0.5,0.0,0.0
1038,0,0,0,1000.0,0.52,0.0,0.0
1039,0,0,0,1000.0,0.54,0.0,0.0
1040,0,0,0,1000.0,0.56,0.0,0.0
1041,0,0,0,1000.0,0.58,0.0,0.0
1042,0,0,0,1000.0,0.6,0.0,0.0
1043,0,0,0,1000.0,0.62,0.0,0.0
1044,0,0,0,1000.0,0.64,0.0,0.0
1045,0,0,0,1000.0,0.66,0.0,0.0
1046,0,0,0,1000.0,0.68,0.0,0.0
1047,0,0,0,1000.0,0.7,0.0,0.0
1048,0,0,0,1000.0,0.72,0.0,0.0
1049,0,0,0,1000.0,0.74,0.0,0.0
1050,0,0,0,1000.0,0.76,0.0,0.0
1051,0,0,0,1000.0,0.78,0.0,0.0
1052,0,0,0,1000.0,0.8,0.0,0.0
1053,0,0,0,1000.0,0.82,0.0,0.0
1054,0,0,0,1000.0,0.84,0.0,0.0
1055,0,0,0,1000.0,0.86,0.0,0.0
1056,0,0,0,1000.0,0.88,0.0,0.0
1057,0,0,0,1000.0,0.9,0.0,0.0
1058,0,0,0,1000.0,0.92,0.0,0.0
1059,0,0,0,1000.0,0.94,0.0,0.0
1060,0,0,0,1000.0,0.96,0.0,0.0
1061,0,0,0,1000.0,0.98,0.0,0.0
1062,0,0,0,1000.0,1.0,0.0,0.0
1063,0,0,0,1000.0,1.02,0.0,0.0
1064,0,0,0,1000.0,1.04,0.0,0.0
1065,0,0,0,1000.0,1.06,0.0,0.0
1066,0,0,0,1000.0,1.08,0.0,0.0
1067,0,0,0,1000.0,1.1,0.0,0.0
1068,0,0,0,1000.0,1.12,0.0,0.0
1069,0,0,0,1000.0,1.14,0.0,0.0
1070,0,0,0,1000.0,1.16,0.0,0.0
1071,0,0,0,1000.0,1.18,0.0,0.0
1072,0,0,0,1000.0,1.2,0.0,0.0
1073,0,0,0,1000.0,1.22,0.0,0.0
1074,0,0,0,1000.0,1.24,0.0,0.0
1075,0,0,0,1000.0,1.26,0.0,0.0
1076,0,0,0,1000.0,1.28,0.0,0.0
1077,0,0,0,1000.0,1.3,0.0,0.0
1078,0,0,0,1000.0,1.32,0.0,0.0
1079,0,0,0,1000.0,1.34,0.0,0.0
1080,0,0,0,1000.0,1.36,0.0,0.0
1081,0,0,0,1000.0,1.38,0.0,0.0
1082,0,0,0,1000.0,1.4,0.0,0.0
1083,0,0,0,1000.0,1.42,0.0,0.0
1084,0,0,0,1000.0,1.44,0.0,0.0
1085,0,0,0,1000.0,1.46,0.0,0.0
1086,0,0,0,1000.0,1.48,0.0,0.0
1087,0,0,0,1000.0,1.5,0.0,0.0
1088,0,0,0,1000.0,1.52,0.0,0.0
1089,0,0,0,1000.0,1.54,0.0,0.0
1090,0,0,0,1000.0,1.56,0.0,0.0
1091,0,0,0,1000.0,1.58,0.0,0.0
1092,0,0,0,1000.0,1.6,0.0,0.0
1093,0,0,0,1000.0,1.62,0.0,0.0
1094,0,0,0,1000.0,1.64,0.0,0.0
1095,0,0,0,1000.0,1.66,0.0,0.0
1096,0,0,0,1000.0,1.68,0.0,0.0
1097,0,0,0,1000.0,1.7,0.0,0.0
1098,0,0,0,1000.0,1.72,0.0,0.0
1099,0,0,0,1000.0,1.74,0.0,0.0
1100,0,0,0,1000.0,1.76,0.0,0.0
1101,0,0,0,1000.0,1.78,0.0,0.0
1102,0,0,0,1000.0,1.8,0.0,0.0
1103,0,0,0,1000.0,1.82,0.0,0.0
1104,0,0,0,1000.0,1.84,0.0,0.0
1105,0,0,0,1000.0,1.86,0.0,0.0
1106,0,0,0,1000.0,1.88,0.0,0.0
1107,0,0,0,1000.0,1.9,0.0,0.0
1108,0,0,0,1000.0,1.92,0.0,0.0
1109,0,0,0,1000.0,1.94,0.0,0.0
1110,0,0,0,1000.0,1.96,0.0,0.0
1111,0,0,0,1000.0,1.98,0.0,0.0
1112,0,0,0,1000.0,2.0,0.0,0.0
1113,0,0,0,1000.0,2.02,0.0,0.0
1114,0,0,0,1000.0,2.04,0.0,0.0
1115,0,0,0,1000.0,2.06,0.0,0.0
1116,0,0,0,1000.0,2.08,0.0,0.0
1117,0,0,0,1000.0,2.1,0.0,0.0
1118,0,0,0,1000.0,2.12,0.0,0.0
1119,0,0,0,1000.0,2.14,0.0,0.0
1120,0,0,0,1000.0,2.16,0.0,0.0
1121,0,0,0,1000.0,2.18,0.0,0.0
1122,0,0,0,1000.0,2.2,0.0,0.0
1123,0,0,0,1000.0,2.22,0.0,0.0
1124,0,0,0,1000.0,2.24,0.0,0.0
1125,0,0,0,1000.0,2.26,0.0,0.0
1126,0,0,0,1000.0,2.28,0.0,0.0
1127,0,0,0,1000.0,2.3,0.0,0.0
1128,0,0,0,1000.0,2.32,0.0,0.0
1129,0,0,0,1000.0,2.34,0.0,0.0
1130,0,0,0,1000.0,2.36,0.0,0.0
1131,0,0,0,1000.0,2.38,0.0,0.0
1132,0,0,0,1000.0,2.4,0.0,0.0
1133,0,0,0,1000.0,2.42,0.0,0.0
1134,0,0,0,1000.0,2.44,0.0,0.0
1135,0,0,0,1000.0,2.46,0.0,0.0
1136,0,0,0,1000.0,2.48,0.0,0.0
1137,0,0,0,1000.0,2.5,0.0,0.0
1138,0,0,0,1000.0,2.52,0.0,0.0
1139,0,0,0,1000.0,2.54,0.0,0.0
1140,0,0,0,1000.0,2.56,0.0,0.0
1141,0,0,0,1000.0,2.58,0.0,0.0
1142,0,0,0,1000.0,2.6,0.0,0.0
1143,0,0,0,1000.0,2.62,0.0,0.0
1144,0,0,0,1000.0,2.64,0.0,0.0
1145,0,0,0,1000.0,2.66,0.0,0.0
1146,0,0,0,1000.0,2.68,0.0,0.0
1147,0,0,0,1000.0,2.7,0.0,0.0
1148,0,0,0,1000.0,2.72,0.0,0.0
1149,0,0,0,1000.0,2.74,0.0,0.0
1150,0,0,0,1000.0,2.76,0.0,0.0
1151,0,0,0,1000.0,2.78,0.0,0.0
1152,0,0,0,1000.0,2.8,0.0,0.0
1153,0,0,0,1000.0,2.82,0.0,0.0
1154,0,0,0,1000.0,2.84,0.0,0.0
1155,0,0,0,1000.0,2.86,0.0,0.0
1156,0,0,0,1000.0,2.88,0.0,0.0
1157,0,0,0,1000.0,2.9,0.0,0.0
1158,0,0,0,1000.0,2.92,0.0,0.0
1159,0,0,0,1000.0,2.94,0.0,0.0
1160,0,0,0,1000.0,2.96,0.0,0.0
1161,0,0,0,1000.0,2.98,0.0,0.0
1162,0,0,0,1000.0,3.0,0.0,0.0
1163,0,0,0,1000.0,3.02,0.0,0.0
1164,0,0,0,1000.0,3.04,0.0,0.0
1165,0,0,0,1000.0,3.06,0.0,0.0
1166,0,0,0,1000.0,3.08,0.0,0.0
1167,0,0,0,1000.0,3.1,0.0,0.0
1168,0,0,0,1000.0,3.12,0.0,0.0
1169,0,0,0,1000.0,3.14,0.0,0.0
1170,0,0,0,1000.0,3.16,0.0,0.0
1171,0,0,0,1000.0,3.18,0.0,0.0
1172,0,0,0,1000.0,3.2,0.0,0.0
1173,0,0,0,1000.0,3.22,0.0,0.0
1174,0,0,0,1000.0,3.24,0.0,0.0
1175,0,0,0,1000.0,3.26,0.0,0.0
1176,0,0,0,1000.0,3.28,0.0,0.0
1177,0,0,0,1000.0,3.3,0.0,0.0
1178,0,0,0,1000.0,3.32,0.0,0.0
1179,0,0,0,1000.0,3.34,0.0,0.0
1180,0,0,0,1000.0,3.36,0.0,0.0
1181,0,0,0,1000.0,3.38,0.0,0.0
1182,0,0,0,1000.0,3.4,0.0,0.0
1183,0,0,0,1000.0,3.42,0.0,0.0
1184,0,0,0,1000.0,3.44,0.0,0.0
1185,0,0,0,1000.0,3.46,0.0,0.0
1186,0,0,0,1000.0,3.48,0.0,0.0
1187,0,0,0,1000.0,3.5,0.0,0.0
1188,0,0,0,1000.0,3.52,0.0,0.0
1189,0,0,0,1000.0,3.54,0.0,0.0
1190,0,0,0,1000.0,3.56,0.0,0.0
1191,0,0,0,1000.0,3.58,0.0,0.0
1192,0,0,0,1000.0,3.6,0.0,0.0
1193,0,0,0,1000.0,3.62,0.0,0.0
1194,0,0,0,1000.0,3.64,0.0,0.0
1195,0,0,0,1000.0,3.66,0.0,0.0
1196,0,0,0,1000.0,3.68,0.0,0.0
1197,0,0,0,1000.0,3.7,0.0,0.0
1198,0,0,0,1000.0,3.72,0.0,0.0
1199,0,0,0,1000.0,3.74,0.0,0.0
1200,0,0,0,1000.0,3.76,0.0,0.0
1201,0,0,0,1000.0,3.78,0.0,0.0
1202,0,0,0,1000.0,3.8,0.0,0.0
1203,0,0,0,1000.0,3.82,0.0,0.0
1204,0,0,0,1000.0,3.84,0.0,0.0
1205,0,0,0,1000.0,3.86,0.0,0.0
1206,0,0,0,1000.0,3.88,0.0,0.0
1207,0,0,0,1000.0,3.9,0.0,0.0
1208,0,0,0,1000.0,3.92,0.0,0.0
1209,0,0,0,1000.0,3.94,0.0,0.0
1210,0,0,0,1000.0,3.96,0.0,0.0
1211,0,0,0,1000.0,3.98,0.0,0.0
1212,0,0,0,1000.0,4.0,0.0,0.0
1213,0,0,0,1000.0,4.02,0.0,0.0
1214,0,0,0,1000.0,4.04,0.0,0.0
1215,0,0,0,1000.0,4.06,0.0,0.0
1216,0,0,0,1000.0,4.08,0.0,0.0
1217,0,0,0,1000.0,4.1,0.0,0.0
1218,0,0,0,1000.0,4.12,0.0,0.0
1219,0,0,0,1000.0,4.14,0.0,0.0
1220,0,0,0,1000.0,4.16,0.0,0.0
1221,0,0,0,1000.0,4.18,0.0,0.0
1222,0,0,0,1000.0,4.2,0.0,0.0
1223,0,0,0,1000.0,4.22,0.0,0.0
1224,0,0,0,1000.0,4.24,0.0,0.0
1225,0,0,0,1000.0,4.26,0.0,0.0
1226,0,0,0,1000.0,4.28,0.0,0.0
1227,0,0,0,1000.0,4.3,0.0,0.0
1228,0,0,0,1000.0,4.32,0.0,0.0
1229,0,0,0,1000.0,4.34,0.0,0.0
1230,0,0,0,1000.0,4.36,0.0,0.0
1231,0,0,0,1000.0,4.38,0.0,0.0
1232,0,0,0,1000.0,4.4,0.0,0.0
1233,0,0,0,1000.0,4.42,0.0,0.0
1234,0,0,0,1000.0,4.44,0.0,0.0
1235,0,0,0,1000.0,4.46,0.0,0.0
1236,0,0,0,1000.0,4.48,0.0,0.0
1237,0,0,0,1000.0,4.5,0.0,0.0
1238,0,0,0,1000.0,4.52,0.0,0.0
1239,0,0,0,1000.0,4.54,0.0,0.0
1240,0,0,0,1000.0,4.56,0.0,0.0
1241,0,0,0,1000.0,4.58,0.0,0.0
1242,0,0,0,1000.0,4.6,0.0,0.0
1243,0,0,0,1000.0,4.62,0.0,0.0
1244,0,0,0,1000.0,4.64,0.0,0.0
1245,0,0,0,1000.0,4.66,0.0,0.0
1246,0,0,0,1000.0,4.68,0.0,0.0
1247,0,0,0,1000.0,4.7,0.0,0.0
1248,0,0,0,1000.0,4.72,0.0,0.0
1249,0,0,0,1000.0,4.74,0.0,0.0
1250,0,0,0,1000.0,4.76,0.0,0.0
1251,0,0,0,1000.0,4.78,0.0,0.0
1252,0,0,0,1000.0,4.8,0.0,0.0
1253,0,0,0,1000.0,4.82,0.0,0.0
1254,0,0,0,1000.0,4.84,0.0,0.0
1255,0,0,0,1000.0,4.86,0.0,0.0
1256,0,0,0,1000.0,4.88,0.0,0.0
1257,0,0,0,1000.0,4.9,0.0,0.0
1258,0,0,0,1000.0,4.92,0.0,0.0
1259,0,0,0,1000.0,4.94,0.0,0.0
1260,0,0,0,1000.0,4.96,0.0,0.0
1261,0,0,0,1000.0,4.98,0.0,0.0
1262,0,0,0,1000.0,5.0,0.0,0.0
1263,0,0,0,1000.0,5.02,0.0,0.0
1264,0,0,0,1000.0,5.04,0.0,0.0
1265,0,0,0,1000.0,5.06,0.0,0.0
1266,0,0,0,1000.0,5.08,0.0,0.0
1267,0,0,0,1000.0,5.1,0.0,0.0
1268,0,0,0,1000.0,5.12,0.0,0.0
1269,0,0,0,1000.0,5.14,0.0,0.0
1270,0,0,0,1000.0,5.16,0.0,0.0
1271,0,0,0,1000.0,5.18,0.0,0.0
1272,0,0,0,1000.0,5.2,0.0,0.0
1273,0,0,0,1000.0,5.22,0.0,0.0
1274,0,0,0,1000.0,5.24,0.0,0.0
1275,0,0,0,1000.0,5.26,0.0,0.0
1276,0,0,0,1000.0,5.28,0.0,0.0
1277,0,0,0,1000.0,5.3,0.0,0.0
1278,0,0,0,1000.0,5.32,0.0,0.0
1279,0,0,0,1000.0,5.34,0.0,0.0
1280,0,0,0,1000.0,5.36,0.0,0.0
1281,0,0,0,1000.0,5.38,0.0,0.0
1282,0,0,0,1000.0,5.4,0.0,0.0
1283,0,0,0,1000.0,5.42,0.0,0.0
1284,0,0,0,1000.0,5.44,0.0,0.0
1285,0,0,0,1000.0,5.46,0.0,0.0
1286,0,0,0,1000.0,5.48,0.0,0.0
1287,0,0,0,1000.0,5.5,0.0,0.0
1288,0,0,0,1000.0,5.52,0.0,0.0
1289,0,0,0,1000.0,5.54,0.0,0.0
1290,0,0,0,1000.0,5.56,0.0,0.0
1291,0,0,0,1000.0,5.58,0.0,0.0
1292,0,0,0,1000.0,5.6,0.0,0.0
1293,0,0,0,1000.0,5.62,0.0,0.0
1294,0,0,0,1000.0,5.64,0.0,0.0
1295,0,0,0,1000.0,5.66,0.0,0.0
1296,0,0,0,1000.0,5.68,0.0,0.0
1297,0,0,0,1000.0,5.7,0.0,0.0
1298,0,0,0,1000.0,5.72,0.0,0.0
1299,0,0,0,1000.0,5.74,0.0,0.0
1300,0,0,0,1000.0,5.76,0.0,0.0
1301,0,0,0,1000.0,5.78,0.0,0.0
1302,0,0,0,1000.0,5.8,0.0,0.0
1303,0,0,0,1000.0,5.82,0.0,0.0
1304,0,0,0,1000.0,5.84,0.0,0.0
1305,0,0,0,1000.0,5.86,0.0,0.0
1306,0,0,0,1000.0,5.88,0.0,0.0
1307,0,0,0,1000.0,5.9,0.0,0.0
1308,0,0,0,1000.0,5.92,0.0,0.0
1309,0,0,0,1000.0,5.94,0.0,0.0
1310,0,0,0,1000.0,5.96,0.0,0.0
1311,0,0,0,1000.0,5.98,0.0,0.0
1312,0,0,0,1000.0,6.0,0.0,0.0
1313,0,0,0,1000.0,6.02,0.0,0.0
1314,0,0,0,1000.0,6.04,0.0,0.0
1315,0,0,0,1000.0,6.06,0.0,0.0
1316,0,0,0,1000.0,6.08,0.0,0.0
1317,0,0,0,1000.0,6.1,0.0,0.0
1318,0,0,0,1000.0,6.12,0.0,0.0
1319,0,0,0,1000.0,6.14,0.0,0.0
1320,0,0,0,1000.0,6.16,0.0,0.0
1321,0,0,0,1000.0,6.18,0.0,0.0
1322,0,0,0,1000.0,6.2,0.0,0.0
1323,0,0,0,1000.0,6.22,0.0,0.0
1324,0,0,0,1000.0,6.24,0.0,0.0
1325,0,0,0,1000.0,6.26,0.0,0.0
1326,0,0,0,1000.0,6.28,0.0,0.0
1327,0,0,0,1000.0,6.3,0.0,0.0
1328,0,0,0,1000.0,6.32,0.0,0.0
1329,0,0,0,1000.0,6.34,0.0,0.0
1330,0,0,0,1000.0,6.36,0.0,0.0
1331,0,0,0,1000.0,6.38,0.0,0.0
1332,0,0,0,1000.0,6.4,0.0,0.0
1333,0,0,0,1000.0,6.42,0.0,0.0
1334,0,0,0,1000.0,6.44,0.0,0.0
1335,0,0,0,1000.0,6.46,0.0,0.0
1336,0,0,0,1000.0,6.48,0.0,0.0
1337,0,0,0,1000.0,6.5,0.0,0.0
1338,0,0,0,1000.0,6.52,0.0,0.0
1339,0,0,0,1000.0,6.54,0.0,0.0
1340,0,0,0,1000.0,6.56,0.0,0.0
1341,0,0,0,1000.0,6.58,0.0,0.0
1342,0,0,0,1000.0,6.6,0.0,0.0
1343,0,0,0,1000.0,6.62,0.0,0.0
1344,0,0,0,1000.0,6.64,0.0,0.0
1345,0,0,0,1000.0,6.66,0.0,0.0
1346,0,0,0,1000.0,6.68,0.0,0.0
1347,0,0,0,1000.0,6.7,0.0,0.0
1348,0,0,0,1000.0,6.72,0.0,0.0
1349,0,0,0,1000.0,6.74,0.0,0.0
1350,0,0,0,1000.0,6.76,0.0,0.0
1351,0,0,0,1000.0,6.78,0.0,0.0
1352,0,0,0,1000.0,6.8,0.0,0.0
1353,0,0,0,1000.0,6.82,0.0,0.0
1354,0,0,0,1000.0,6.84,0.0,0.0
1355,0,0,0,1000.0,6.86,0.0,0.0
1356,0,0,0,1000.0,6.88,0.0,0.0
1357,0,0,0,1000.0,6.9,0.0,0.0
1358,0,0,0,1000.0,6.92,0.0,0.0
1359,0,0,0,1000.0,6.94,0.0,0.0
1360,0,0,0,1000.0,6.96,0.0,0.0
1361,0,0,0,1000.0,6.98,0.0,0.0
1362,0,0,0,1000.0,7.0,0.0,0.0
1363,0,0,0,1000.0,7.02,0.0,0.0
1364,0,0,0,1000.0,7.04,0.0,0.0
1365,0,0,0,1000.0,7.06,0.0,0.0
1366,0,0,0,1000.0,7.08,0.0,0.0
1367,0,0,0,1000.0,7.1,0.0,0.0
1368,0,0,0,1000.0,7.12,0.0,0.0
1369,0,0,0,1000.0,7.14,0.0,0.0
1370,0,0,0,1000.0,7.16,0.0,0.0
1371,0,0,0,1000.0,7.18,0.0,0.0
1372,0,0,0,1000.0,7.2,0.0,0.0
1373,0,0,0,1000.0,7.22,0.0,0.0
1374,0,0,0,1000.0,7.24,0.0,0.0
1375,0,0,0,1000.0,7.26,0.0,0.0
1376,0,0,0,1000.0,7.28,0.0,0.0
1377,0,0,0,1000.0,7.3,0.0,0.0
1378,0,0,0,1000.0,7.32,0.0,0.0
1379,0,0,0,1000.0,7.34,0.0,0.0
1380,0,0,0,1000.0,7.36,0.0,0.0
1381,0,0,0,1000.0,7.38,0.0,0.0
1382,0,0,0,1000.0,7.4,0.0,0.0
1383,0,0,0,1000.0,7.42,0.0,0.0
1384,0,0,0,1000.0,7.44,0.0,0.0
1385,0,0,0,1000.0,7.46,0.0,0.0
1386,0,0,0,1000.0,7.48,0.0,0.0
1387,0,0,0,1000.0,7.5,0.0,0.0
1388,0,0,0,1000.0,7.52,0.0,0.0
1389,0,0,0,1000.0,7.54,0.0,0.0
1390,0,0,0,1000.0,7.56,0.0,0.0
1391,0,0,0,1000.0,7.58,0.0,0.0
1392,0,0,0,1000.0,7.6,0.0,0.0
1393,0,0,0,1000.0,7.62,0.0,0.0
1394,0,0,0,1000.0,7.64,0.0,0.0
1395,0,0,0,1000.0,7.66,0.0,0.0
1396,0,0,0,1000.0,7.68,0.0,0.0
1397,0,0,0,1000.0,7.7,0.0,0.0
1398,0,0,0,1000.0,7.72,0.0,0.0
1399,0,0,0,1000.0,7.74,0.0,0.0
1400,0,0,0,1000.0,7.76,0.0,0.0
1401,0,0,0,1000.0,7.78,0.0,0.0
1402,0,0,0,1000.0,7.8,0.0,0.0
1403,0,0,0,1000.0,7.82,0.0,0.0
1404,0,0,0,1000.0,7.84,0.0,0.0
1405,0,0,0,1000.0,7.86,0.0,0.0
1406,0,0,0,1000.0,7.88,0.0,0.0
1407,0,0,0,1000.0,7.9,0.0,0.0
1408,0,0,0,1000.0,7.92,0.0,0.0
1409,0,0,0,1000.0,7.94,0.0,0.0
1410,0,0,0,1000.0,7.96,0.0,0.0
1411,0,0,0,1000.0,7.98,0.0,0.0
1412,0,0,0,1000.0,8.0,0.0,0.0
1413,0,0,0,1000.0,8.02,0.0,0.0
1414,0,0,0,1000.0,8.04,0.0,0.0
1415,0,0,0,1000.0,8.06,0.0,0.0
1416,0,0,0,1000.0,8.08,0.0,0.0
1417,0,0,0,1000.0,8.1,0.0,0.0
1418,0,0,0,1000.0,8.12,0.0,0.0
1419,0,0,0,1000.0,8.14,0.0,0.0
1420,0,0,0,1000.0,8.16,0.0,0.0
1421,0,0,0,1000.0,8.18,0.0,0.0
1422,0,0,0,1000.0,8.2,0.0,0.0
1423,0,0,0,1000.0,8.22,0.0,0.0
1424,0,0,0,1000.0,8.24,0.0,0.0
1425,0,0,0,1000.0,8.26,0.0,0.0
1426,0,0,0,1000.0,8.28,0.0,0.0
1427,0,0,0,1000.0,8.3,0.0,0.0
1428,0,0,0,1000.0,8.32,0.0,0.0
1429,0,0,0,1000.0,8.34,0.0,0.0
1430,0,0,0,1000.0,8.36,0.0,0.0
1431,0,0,0,1000.0,8.38,0.0,0.0
1432,0,0,0,1000.0,8.4,0.0,0.0
1433,0,0,0,1000.0,8.42,0.0,0.0
1434,0,0,0,1000.0,8.44,0.0,0.0
1435,0,0,0,1000.0,8.46,0.0,0.0
1436,0,0,0,1000.0,8.48,0.0,0.0
1437,0,0,0,1000.0,8.5,0.0,0.0
1438,0,0,0,1000.0,8.52,0.0,0.0
1439,0,0,0,1000.0,8.54,0.0,0.0
1440,0,0,0,1000.0,8.56,0.0,0.0
1441,0,0,0,1000.0,8.58,0.0,0.0
1442,0,0,0,1000.0,8.6,0.0,0.0
1443,0,0,0,1000.0,8.62,0.0,0.0
1444,0,0,0,1000.0,8.64,0.0,0.0
1445,0,0,0,1000.0,8.66,0.0,0.0
1446,0,0,0,1000.0,8.68,0.0,0.0
1447,0,0,0,1000.0,8.7,0.0,0.0
1448,0,0,0,1000.0,8.72,0.0,0.0
1449,0,0,0,1000.0,8.74,0.0,0.0
1450,0,0,0,1000.0,8.76,0.0,0.0
1451,0,0,0,1000.0,8.78,0.0,0.0
1452,0,0,0,1000.0,8.8,0.0,0.0
1453,0,0,0,1000.0,8.82,0.0,0.0
1454,0,0,0,1000.0,8.84,0.0,0.0
1455,0,0,0,1000.0,8.86,0.0,0.0
1456,0,0,0,1000.0,8.88,0.0,0.0
1457,0,0,0,1000.0,8.9,0.0,0.0
1458,0,0,0,1000.0,8.92,0.0,0.0
1459,0,0,0,1000.0,8.94,0.0,0.0
1460,0,0,0,1000.0,8.96,0.0,0.0
1461,0,0,0,1000.0,8.98,0.0,0.0
1462,0,0,0,1000.0,9.0,0.0,0.0
1463,0,0,0,1000.0,9.02,0.0,0.0
1464,0,0,0,1000.0,9.04,0.0,0.0
1465,0,0,0,1000.0,9.06,0.0,0.0
1466,0,0,0,1000.0,9.08,0.0,0.0
1467,0,0,0,1000.0,9.1,0.0,0.0
1468,0,0,0,1000.0,9.12,0.0,0.0
1469,0,0,0,1000.0,9.14,0.0,0.0
1470,0,0,0,1000.0,9.16,0.0,0.0
1471,0,0,0,1000.0,9.18,0.0,0.0
1472,0,0,0,1000.0,9.2,0.0,0.0
1473,0,0,0,1000.0,9.22,0.0,0.0
1474,0,0,0,1000.0,9.24,0.0,0.0
1475,0,0,0,1000.0,9.26,0.0,0.0
1476,0,0,0,1000.0,9.28,0.0,0.0
1477,0,0,0,1000.0,9.3,0.0,0.0
1478,0,0,0,1000.0,9.32,0.0,0.0
1479,0,0,0,1000.0,9.34,0.0,0.0
1480,0,0,0,1000.0,9.36,0.0,0.0
1481,0,0,0,1000.0,9.38,0.0,0.0
1482,0,0,0,1000.0,9.4,0.0,0.0
1483,0,0,0,1000.0,9.42,0.0,0.0
1484,0,0,0,1000.0,9.44,0.0,0.0
1485,0,0,0,1000.0,9.46,0.0,0.0
1486,0,0,0,1000.0,9.48,0.0,0.0
1487,0,0,0,1000.0,9.5,0.0,0.0
1488,0,0,0,1000.0,9.52,0.0,0.0
1489,0,0,0,1000.0,9.54,0.0,0.0
1490,0,0,0,1000.0,9.56,0.0,0.0
1491,0,0,0,1000.0,9.58,0.0,0.0
1492,0,0,0,1000.0,9.6,0.0,0.0
1493,0,0,0,1000.0,9.62,0.0,0.0
1494,0,0,0,1000.0,9.64,0.0,0.0
1495,0,0,0,1000.0,9.66,0.0,0.0
1496,0,0,0,1000.0,9.68,0.0,0.0
1497,0,0,0,1000.0,9.7,0.0,0.0
1498,0,0,0,1000.0,9.72,0.0,0.0
1499,0,0,0,1000.0,9.74,0.0,0.0
1500,0,0,0,1000.0,9.76,0.0,0.0
1501,0,0,0,1000.0,9.78,0.0,0.0
1502,0,0,0,1000.0,9.8,0.0,0.0
1503,0,0,0,1000.0,9.82,0.0,0.0
1504,0,0,0,1000.0,9.84,0.0,0.0
1505,0,0,0,1000.0,9.86,0.0,0.0
1506,0,0,0,1000.0,9.88,0.0,0.0
1507,0,0,0,1000.0,9.9,0.0,0.0
1508,0,0,0,1000.0,9.92,0.0,0.0
1509,0,0,0,1000.0,9.94,0.0,0.0
1510,0,0,0,1000.0,9.96,0.0,0.0
1511,0,0,0,1000.0,9.98,0.0,0.0
1512,0,0,0,1000.0,10.0,0.0,0.0
1513,0,0,0,1000.0,10.02,0.0,0.0
1514,0,0,0,1000.0,10.04,0.0,0.0
1515,0,0,0,1000.0,-0.04,0.0,0.02
1516,0,0,0,1000.0,-0.02,0.0,0.02
1517,0,0,0,1000.0,0.0,0.0,0.02
1518,0,0,0,1000.0,10.0,0.0,0.02
1519,0,0,0,1000.0,10.02,0.0,0.02
1520,0,0,0,1000.0,10.04,0.0,0.02
1521,0,0,0,1000.0,-0.04,0.0,0.04
1522,0,0,0,1000.0,-0.02,0.0,0.04
1523,0,0,0,1000.0,0.0,0.0,0.04
1524,0,0,0,1000.0,10.0,0.0,0.04
1525,0,0,0,1000.0,10.02,0.0,0.04
1526,0,0,0,1000.0,10.04,0.0,0.04
1527,0,0,0,1000.0,-0.04,0.0,0.06
1528,0,0,0,1000.0,-0.02,0.0,0.06
1529,0,0,0,1000.0,0.0,0.0,0.06
1530,0,0,0,1000.0,10.0,0.0,0.06
1531,0,0,0,1000.0,10.02,0.0,0.06
1532,0,0,0,1000.0,10.04,0.0,0.06
1533,0,0,0,1000.0,-0.04,0.0,0.08
1534,0,0,0,1000.0,-0.02,0.0,0.08
1535,0,0,0,1000.0,0.0,0.0,0.08
1536,0,0,0,1000.0,10.0,0.0,0.08
1537,0,0,0,1000.0,10.02,0.0,0.08
1538,0,0,0,1000.0,10.04,0.0,0.08
1539,0,0,0,1000.0,-0.04,0.0,0.1
1540,0,0,0,1000.0,-0.02,0.0,0.1
1541,0,0,0,1000.0,0.0,0.0,0.1
1542,0,0,0,1000.0,10.0,0.0,0.1
1543,0,0,0,1000.0,10.02,0.0,0.1
1544,0,0,0,1000.0,10.04,0.0,0.1
1545,0,0,0,1000.0,-0.04,0.0,0.12
1546,0,0,0,1000.0,-0.02,0.0,0.12
1547,0,0,0,1000.0,0.0,0.0,0.12
1548,0,0,0,1000.0,10.0,0.0,0.12
1549,0,0,0,1000.0,10.02,0.0,0.12
1550,0,0,0,1000.0,10.04,0.0,0.12
1551,0,0,0,1000.0,-0.04,0.0,0.14
1552,0,0,0,1000.0,-0.02,0.0,0.14
1553,0,0,0,1000.0,0.0,0.0,0.14
1554,0,0,0,1000.0,10.0,0.0,0.14
1555,0,0,0,1000.0,10.02,0.0,0.14
1556,0,0,0,1000.0,10.04,0.0,0.14
1557,0,0,0,1000.0,-0.04,0.0,0.16
1558,0,0,0,1000.0,-0.02,0.0,0.16
1559,0,0,0,1000.0,0.0,0.0,0.16
1560,0,0,0,1000.0,10.0,0.0,0.16
1561,0,0,0,1000.0,10.02,0.0,0.16
1562,0,0,0,1000.0,10.04,0.0,0.16
1563,0,0,0,1000.0,-0.04,0.0,0.18
1564,0,0,0,1000.0,-0.02,0.0,0.18
1565,0,0,0,1000.0,0.0,0.0,0.18
1566,0,0,0,1000.0,10.0,0.0,0.18
1567,0,0,0,1000.0,10.02,0.0,0.18
1568,0,0,0,1000.0,10.04,0.0,0.18
1569,0,0,0,1000.0,-0.04,0.0,0.2
1570,0,0,0,1000.0,-0.02,0.0,0.2
1571,0,0,0,1000.0,0.0,0.0,0.2
1572,0,0,0,1000.0,10.0,0.0,0.2
1573,0,0,0,1000.0,10.02,0.0,0.2
1574,0,0,0,1000.0,10.04,0.0,0.2
1575,0,0,0,1000.0,-0.04,0.0,0.22
1576,0,0,0,1000.0,-0.02,0.0,0.22
1577,0,0,0,1000.0,0.0,0.0,0.22
1578,0,0,0,1000.0,10.0,0.0,0.22
1579,0,0,0,1000.0,10.02,0.0,0.22
1580,0,0,0,1000.0,10.04,0.0,0.22
1581,0,0,0,1000.0,-0.04,0.0,0.24
1582,0,0,0,1000.0,-0.02,0.0,0.24
1583,0,0,0,1000.0,0.0,0.0,0.24
1584,0,0,0,1000.0,10.0,0.0,0.24
1585,0,0,0,1000.0,10.02,0.0,0.24
1586,0,0,0,1000.0,10.04,0.0,0.24
1587,0,0,0,1000.0,-0.04,0.0,0.26
1588,0,0,0,1000.0,-0.02,0.0,0.26
1589,0,0,0,1000.0,0.0,0.0,0.26
1590,0,0,0,1000.0,10.0,0.0,0.26
1591,0,0,0,1000.0,10.02,0.0,0.26
1592,0,0,0,1000.0,10.04,0.0,0.26
1593,0,0,0,1000.0,-0.04,0.0,0.28
1594,0,0,0,1000.0,-0.02,0.0,0.28
1595,0,0,0,1000.0,0.0,0.0,0.28
1596,0,0,0,1000.0,10.0,0.0,0.28
1597,0,0,0,1000.0,10.02,0.0,0.28
1598,0,0,0,1000.0,10.04,0.0,0.28
1599,0,0,0,1000.0,-0.04,0.0,0.3
1600,0,0,0,1000.0,-0.02,0.0,0.3
1601,0,0,0,1000.0,0.0,0.0,0.3
1602,0,0,0,1000.0,10.0,0.0,0.3
1603,0,0,0,1000.0,10.02,0.0,0.3
1604,0,0,0,1000.0,10.04,0.0,0.3
1605,0,0,0,1000.0,-0.04,0.0,0.32
1606,0,0,0,1000.0,-0.02,0.0,0.32
1607,0,0,0,1000.0,0.0,0.0,0.32
1608,0,0,0,1000.0,10.0,0.0,0.32
1609,0,0,0,1000.0,10.02,0.0,0.32
1610,0,0,0,1000.0,10.04,0.0,0.32
1611,0,0,0,1000.0,-0.04,0.0,0.34
1612,0,0,0,1000.0,-0.02,0.0,0.34
1613,0,0,0,1000.0,0.0,0.0,0.34
1614,0,0,0,1000.0,10.0,0.0,0.34
1615,0,0,0,1000.0,10.02,0.0,0.34
1616,0,0,0,1000.0,10.04,0.0,0.34
1617,0,0,0,1000.0,-0.04,0.0,0.36
1618,0,0,0,1000.0,-0.02,0.0,0.36
1619,0,0,0,1000.0,0.0,0.0,0.36
1620,0,0,0,1000.0,10.0,0.0,0.36
1621,0,0,0,1000.0,10.02,0.0,0.36
1622,0,0,0,1000.0,10.04,0.0,0.36
1623,0,0,0,1000.0,-0.04,0.0,0.38
1624,0,0,0,1000.0,-0.02,0.0,0.38
1625,0,0,0,1000.0,0.0,0.0,0.38
1626,0,0,0,1000.0,10.0,0.0,0.38
1627,0,0,0,1000.0,10.02,0.0,0.38
1628,0,0,0,1000.0,10.04,0.0,0.38
1629,0,0,0,1000.0,-0.04,0.0,0.4
1630,0,0,0,1000.0,-0.02,0.0,0.4
1631,0,0,0,1000.0,0.0,0.0,0.4
1632,0,0,0,1000.0,10.0,0.0,0.4
1633,0,0,0,1000.0,10.02,0.0,0.4
1634,0,0,0,1000.0,10.04,0.0,0.4
1635,0,0,0,1000.0,-0.04,0.0,0.42
1636,0,0,0,1000.0,-0.02,0.0,0.42
1637,0,0,0,1000.0,0.0,0.0,0.42
1638,0,0,0,1000.0,10.0,0.0,0.42
1639,0,0,0,1000.0,10.02,0.0,0.42
1640,0,0,0,1000.0,10.04,0.0,0.42
1641,0,0,0,1000.0,-0.04,0.0,0.44
1642,0,0,0,1000.0,-0.02,0.0,0.44
1643,0,0,0,1000.0,0.0,0.0,0.44
1644,0,0,0,1000.0,10.0,0.0,0.44
1645,0,0,0,1000.0,10.02,0.0,0.44
1646,0,0,0,1000.0,10.04,0.0,0.44
1647,0,0,0,1000.0,-0.04,0.0,0.46
1648,0,0,0,1000.0,-0.02,0.0,0.46
1649,0,0,0,1000.0,0.0,0.0,0.46
1650,0,0,0,1000.0,10.0,0.0,0.46
1651,0,0,0,1000.0,10.02,0.0,0.46
1652,0,0,0,1000.0,10.04,0.0,0.46
1653,0,0,0,1000.0,-0.04,0.0,0.48
1654,0,0,0,1000.0,-0.02,0.0,0.48
1655,0,0,0,1000.0,0.0,0.0,0.48
1656,0,0,0,1000.0,10.0,0.0,0.48
1657,0,0,0,1000.0,10.02,0.0,0.48
1658,0,0,0,1000.0,10.04,0.0,0.48
1659,0,0,0,1000.0,-0.04,0.0,0.5
1660,0,0,0,1000.0,-0.02,0.0,0.5
1661,0,0,0,1000.0,0.0,0.0,0.5
1662,0,0,0,1000.0,10.0,0.0,0.5
1663,0,0,0,1000.0,10.02,0.0,0.5
1664,0,0,0,1000.0,10.04,0.0,0.5
1665,0,0,0,1000.0,-0.04,0.0,0.52
1666,0,0,0,1000.0,-0.02,0.0,0.52
1667,0,0,0,1000.0,0.0,0.0,0.52
1668,0,0,0,1000.0,10.0,0.0,0.52
1669,0,0,0,1000.0,10.02,0.0,0.52
1670,0,0,0,1000.0,10.04,0.0,0.52
1671,0,0,0,1000.0,-0.04,0.0,0.54
1672,0,0,0,1000.0,-0.02,0.0,0.54
1673,0,0,0,1000.0,0.0,0.0,0.54
1674,0,0,0,1000.0,10.0,0.0,0.54
1675,0,0,0,1000.0,10.02,0.0,0.54
1676,0,0,0,1000.0,10.04,0.0,0.54
1677,0,0,0,1000.0,-0.04,0.0,0.56
1678,0,0,0,1000.0,-0.02,0.0,0.56
1679,0,0,0,1000.0,0.0,0.0,0.56
1680,0,0,0,1000.0,10.0,0.0,0.56
1681,0,0,0,1000.0,10.02,0.0,0.56
1682,0,0,0,1000.0,10.04,0.0,0.56
1683,0,0,0,1000.0,-0.04,0.0,0.58
1684,0,0,0,1000.0,-0.02,0.0,0.58
1685,0,0,0,1000.0,0.0,0.0,0.58
1686,0,0,0,1000.0,10.0,0.0,0.58
1687,0,0,0,1000.0,10.02,0.0,0.58
1688,0,0,0,1000.0,10.04,0.0,0.58
1689,0,0,0,1000.0,-0.04,0.0,0.6
1690,0,0,0,1000.0,-0.02,0.0,0.6
1691,0,0,0,1000.0,0.0,0.0,0.6
1692,0,0,0,1000.0,10.0,0.0,0.6
1693,0,0,0,1000.0,10.02,0.0,0.6
1694,0,0,0,1000.0,10.04,0.0,0.6
1695,0,0,0,1000.0,-0.04,0.0,0.62
1696,0,0,0,1000.0,-0.02,0.0,0.62
1697,0,0,0,1000.0,0.0,0.0,0.62
1698,0,0,0,1000.0,10.0,0.0,0.62
1699,0,0,0,1000.0,10.02,0.0,0.62
1700,0,0,0,1000.0,10.04,0.0,0.62
1701,0,0,0,1000.0,-0.04,0.0,0.64
1702,0,0,0,1000.0,-0.02,0.0,0.64
1703,0,0,0,1000.0,0.0,0.0,0.64
1704,0,0,0,1000.0,10.0,0.0,0.64
1705,0,0,0,1000.0,10.02,0.0,0.64
1706,0,0,0,1000.0,10.04,0.0,0.64
1707,0,0,0,1000.0,-0.04,0.0,0.66
1708,0,0,0,1000.0,-0.02,0.0,0.66
1709,0,0,0,1000.0,0.0,0.0,0.66
1710,0,0,0,1000.0,10.0,0.0,0.66
1711,0,0,0,1000.0,10.02,0.0,0.66
1712,0,0,0,1000.0,10.04,0.0,0.66
1713,0,0,0,1000.0,-0.04,0.0,0.68
1714,0,0,0,1000.0,-0.02,0.0,0.68
1715,0,0,0,1000.0,0.0,0.0,0.68
1716,0,0,0,1000.0,10.0,0.0,0.68
1717,0,0,0,1000.0,10.02,0.0,0.68
1718,0,0,0,1000.0,10.04,0.0,0.68
1719,0,0,0,1000.0,-0.04,0.0,0.7
1720,0,0,0,1000.0,-0.02,0.0,0.7
1721,0,0,0,1000.0,0.0,0.0,0.7
1722,0,0,0,1000.0,10.0,0.0,0.7
1723,0,0,0,1000.0,10.02,0.0,0.7
1724,0,0,0,1000.0,10.04,0.0,0.7
1725,0,0,0,1000.0,-0.04,0.0,0.72
1726,0,0,0,1000.0,-0.02,0.0,0.72
1727,0,0,0,1000.0,0.0,0.0,0.72
1728,0,0,0,1000.0,10.0,0.0,0.72
1729,0,0,0,1000.0,10.02,0.0,0.72
1730,0,0,0,1000.0,10.04,0.0,0.72
1731,0,0,0,1000.0,-0.04,0.0,0.74
1732,0,0,0,1000.0,-0.02,0.0,0.74
1733,0,0,0,1000.0,0.0,0.0,0.74
1734,0,0,0,1000.0,10.0,0.0,0.74
1735,0,0,0,1000.0,10.02,0.0,0.74
1736,0,0,0,1000.0,10.04,0.0,0.74
1737,0,0,0,1000.0,-0.04,0.0,0.76
1738,0,0,0,1000.0,-0.02,0.0,0.76
1739,0,0,0,1000.0,0.0,0.0,0.76
1740,0,0,0,1000.0,10.0,0.0,0.76
1741,0,0,0,1000.0,10.02,0.0,0.76
1742,0,0,0,1000.0,10.04,0.0,0.76
1743,0,0,0,1000.0,-0.04,0.0,0.78
1744,0,0,0,1000.0,-0.02,0.0,0.78
1745,0,0,0,1000.0,0.0,0.0,0.78
1746,0,0,0,1000.0,10.0,0.0,0.78
1747,0,0,0,1000.0,10.02,0.0,0.78
1748,0,0,0,1000.0,10.04,0.0,0.78
1749,0,0,0,1000.0,-0.04,0.0,0.8
1750,0,0,0,1000.0,-0.02,0.0,0.8
1751,0,0,0,1000.0,0.0,0.0,0.8
1752,0,0,0,1000.0,10.0,0.0,0.8
1753,0,0,0,1000.0,10.02,0.0,0.8
1754,0,0,0,1000.0,10.04,0.0,0.8
1755,0,0,0,1000.0,-0.04,0.0,0.82
1756,0,0,0,1000.0,-0.02,0.0,0.82
1757,0,0,0,1000.0,0.0,0.0,0.82
1758,0,0,0,1000.0,10.0,0.0,0.82
1759,0,0,0,1000.0,10.02,0.0,0.82
1760,0,0,0,1000.0,10.04,0.0,0.82
1761,0,0,0,1000.0,-0.04,0.0,0.84
1762,0,0,0,1000.0,-0.02,0.0,0.84
1763,0,0,0,1000.0,0.0,0.0,0.84
1764,0,0,0,1000.0,10.0,0.0,0.84
1765,0,0,0,1000.0,10.02,0.0,0.84
1766,0,0,0,1000.0,10.04,0.0,0.84
1767,0,0,0,1000.0,-0.04,0.0,0.86
1768,0,0,0,1000.0,-0.02,0.0,0.86
1769,0,0,0,1000.0,0.0,0.0,0.86
1770,0,0,0,1000.0,10.0,0.0,0.86
1771,0,0,0,1000.0,10.02,0.0,0.86
1772,0,0,0,1000.0,10.04,0.0,0.86
1773,0,0,0,1000.0,-0.04,0.0,0.88
1774,0,0,0,1000.0,-0.02,0.0,0.88
1775,0,0,0,1000.0,0.0,0.0,0.88
1776,0,0,0,1000.0,10.0,0.0,0.88
1777,0,0,0,1000.0,10.02,0.0,0.88
1778,0,0,0,1000.0,10.04,0.0,0.88
1779,0,0,0,1000.0,-0.04,0.0,0.9
1780,0,0,0,1000.0,-0.02,0.0,0.9
1781,0,0,0,1000.0,0.0,0.0,0.9
1782,0,0,0,1000.0,10.0,0.0,0.9
1783,0,0,0,1000.0,10.02,0.0,0.9
1784,0,0,0,1000.0,10.04,0.0,0.9
1785,0,0,0,1000.0,-0.04,0.0,0.92
1786,0,0,0,1000.0,-0.02,0.0,0.92
1787,0,0,0,1000.0,0.0,0.0,0.92
1788,0,0,0,1000.0,10.0,0.0,0.92
1789,0,0,0,1000.0,10.02,0.0,0.92
1790,0,0,0,1000.0,10.04,0.0,0.92
1791,0,0,0,1000.0,-0.04,0.0,0.94
1792,0,0,0,1000.0,-0.02,0.0,0.94
1793,0,0,0,1000.0,0.0,0.0,0.94
1794,0,0,0,1000.0,10.0,0.0,0.94
1795,0,0,0,1000.0,10.02,0.0,0.94
1796,0,0,0,1000.0,10.04,0.0,0.94
1797,0,0,0,1000.0,-0.04,0.0,0.96
1798,0,0,0,1000.0,-0.02,0.0,0.96
1799,0,0,0,1000.0,0.0,0.0,0.96
1800,0,0,0,1000.0,10.0,0.0,0.96
1801,0,0,0,1000.0,10.02,0.0,0.96
1802,0,0,0,1000.0,10.04,0.0,0.96
1803,0,0,0,1000.0,-0.04,0.0,0.98
1804,0,0,0,1000.0,-0.02,0.0,0.98
1805,0,0,0,1000.0,0.0,0.0,0.98
1806,0,0,0,1000.0,10.0,0.0,0.98
1807,0,0,0,1000.0,10.02,0.0,0.98
1808,0,0,0,1000.0,10.04,0.0,0.98
1809,0,0,0,1000.0,-0.04,0.0,1.0
1810,0,0,0,1000.0,-0.02,0.0,1.0
1811,0,0,0,1000.0,0.0,0.0,1.0
1812,0,0,0,1000.0,10.0,0.0,1.0
1813,0,0,0,1000.0,10.02,0.0,1.0
1814,0,0,0,1000.0,10.04,0.0,1.0
1815,0,0,0,1000.0,-0.04,0.0,1.02
1816,0,0,0,1000.0,-0.02,0.0,1.02
1817,0,0,0,1000.0,0.0,0.0,1.02
1818,0,0,0,1000.0,10.0,0.0,1.02
1819,0,0,0,1000.0,10.02,0.0,1.02
1820,0,0,0,1000.0,10.04,0.0,1.02
1821,0,0,0,1000.0,-0.04,0.0,1.04
1822,0,0,0,1000.0,-0.02,0.0,1.04
1823,0,0,0,1000.0,0.0,0.0,1.04
1824,0,0,0,1000.0,10.0,0.0,1.04
1825,0,0,0,1000.0,10.02,0.0,1.04
1826,0,0,0,1000.0,10.04,0.0,1.04
1827,0,0,0,1000.0,-0.04,0.0,1.06
1828,0,0,0,1000.0,-0.02,0.0,1.06
1829,0,0,0,1000.0,0.0,0.0,1.06
1830,0,0,0,1000.0,10.0,0.0,1.06
1831,0,0,0,1000.0,10.02,0.0,1.06
1832,0,0,0,1000.0,10.04,0.0,1.06
1833,0,0,0,1000.0,-0.04,0.0,1.08
1834,0,0,0,1000.0,-0.02,0.0,1.08
1835,0,0,0,1000.0,0.0,0.0,1.08
1836,0,0,0,1000.0,10.0,0.0,1.08
1837,0,0,0,1000.0,10.02,0.0,1.08
1838,0,0,0,1000.0,10.04,0.0,1.08
1839,0,0,0,1000.0,-0.04,0.0,1.1
1840,0,0,0,1000.0,-0.02,0.0,1.1
1841,0,0,0,1000.0,0.0,0.0,1.1
1842,0,0,0,1000.0,10.0,0.0,1.1
1843,0,0,0,1000.0,10.02,0.0,1.1
1844,0,0,0,1000.0,10.04,0.0,1.1
1845,0,0,0,1000.0,-0.04,0.0,1.12
1846,0,0,0,1000.0,-0.02,0.0,1.12
1847,0,0,0,1000.0,0.0,0.0,1.12
1848,0,0,0,1000.0,10.0,0.0,1.12
1849,0,0,0,1000.0,10.02,0.0,1.12
1850,0,0,0,1000.0,10.04,0.0,1.12
1851,0,0,0,1000.0,-0.04,0.0,1.14
1852,0,0,0,1000.0,-0.02,0.0,1.14
1853,0,0,0,1000.0,0.0,0.0,1.14
1854,0,0,0,1000.0,10.0,0.0,1.14
1855,0,0,0,1000.0,10.02,0.0,1.14
1856,0,0,0,1000.0,10.04,0.0,1.14
1857,0,0,0,1000.0,-0.04,0.0,1.16
1858,0,0,0,1000.0,-0.02,0.0,1.16
1859,0,0,0,1000.0,0.0,0.0,1.16
1860,0,0,0,1000.0,10.0,0.0,1.16
1861,0,0,0,1000.0,10.02,0.0,1.16
1862,0,0,0,1000.0,10.04,0.0,1.16
1863,0,0,0,1000.0,-0.04,0.0,1.18
1864,0,0,0,1000.0,-0.02,0.0,1.18
1865,0,0,0,1000.0,0.0,0.0,1.18
1866,0,0,0,1000.0,10.0,0.0,1.18
1867,0,0,0,1000.0,10.02,0.0,1.18
1868,0,0,0,1000.0,10.04,0.0,1.18
1869,0,0,0,1000.0,-0.04,0.0,1.2
1870,0,0,0,1000.0,-0.02,0.0,1.2
1871,0,0,0,1000.0,0.0,0.0,1.2
1872,0,0,0,1000.0,10.0,0.0,1.2
1873,0,0,0,1000.0,10.02,0.0,1.2
1874,0,0,0,1000.0,10.04,0.0,1.2
1875,0,0,0,1000.0,-0.04,0.0,1.22
1876,0,0,0,1000.0,-0.02,0.0,1.22
1877,0,0,0,1000.0,0.0,0.0,1.22
1878,0,0,0,1000.0,10.0,0.0,1.22
1879,0,0,0,1000.0,10.02,0.0,1.22
1880,0,0,0,1000.0,10.04,0.0,1.22
1881,0,0,0,1000.0,-0.04,0.0,1.24
1882,0,0,0,1000.0,-0.02,0.0,1.24
1883,0,0,0,1000.0,0.0,0.0,1.24
1884,0,0,0,1000.0,10.0,0.0,1.24
1885,0,0,0,1000.0,10.02,0.0,1.24
1886,0,0,0,1000.0,10.04,0.0,1.24
1887,0,0,0,1000.0,-0.04,0.0,1.26
1888,0,0,0,1000.0,-0.02,0.0,1.26
1889,0,0,0,1000.0,0.0,0.0,1.26
1890,0,0,0,1000.0,10.0,0.0,1.26
1891,0,0,0,1000.0,10.02,0.0,1.26
1892,0,0,0,1000.0,10.04,0.0,1.26
1893,0,0,0,1000.0,-0.04,0.0,1.28
1894,0,0,0,1000.0,-0.02,0.0,1.28
1895,0,0,0,1000.0,0.0,0.0,1.28
1896,0,0,0,1000.0,10.0,0.0,1.28
1897,0,0,0,1000.0,10.02,0.0,1.28
1898,0,0,0,1000.0,10.04,0.0,1.28
1899,0,0,0,1000.0,-0.04,0.0,1.3
1900,0,0,0,1000.0,-0.02,0.0,1.3
1901,0,0,0,1000.0,0.0,0.0,1.3
1902,0,0,0,1000.0,10.0,0.0,1.3
1903,0,0,0,1000.0,10.02,0.0,1.3
1904,0,0,0,1000.0,10.04,0.0,1.3
1905,0,0,0,1000.0,-0.04,0.0,1.32
1906,0,0,0,1000.0,-0.02,0.0,1.32
1907,0,0,0,1000.0,0.0,0.0,1.32
1908,0,0,0,1000.0,10.0,0.0,1.32
1909,0,0,0,1000.0,10.02,0.0,1.32
1910,0,0,0,1000.0,10.04,0.0,1.32
1911,0,0,0,1000.0,-0.04,0.0,1.34
1912,0,0,0,1000.0,-0.02,0.0,1.34
1913,0,0,0,1000.0,0.0,0.0,1.34
1914,0,0,0,1000.0,10.0,0.0,1.34
1915,0,0,0,1000.0,10.02,0.0,1.34
1916,0,0,0,1000.0,10.04,0.0,1.34
1917,0,0,0,1000.0,-0.04,0.0,1.36
1918,0,0,0,1000.0,-0.02,0.0,1.36
1919,0,0,0,1000.0,0.0,0.0,1.36
1920,0,0,0,1000.0,10.0,0.0,1.36
1921,0,0,0,1000.0,10.02,0.0,1.36
1922,0,0,0,1000.0,10.04,0.0,1.36
1923,0,0,0,1000.0,-0.04,0.0,1.38
1924,0,0,0,1000.0,-0.02,0.0,1.38
1925,0,0,0,1000.0,0.0,0.0,1.38
1926,0,0,0,1000.0,10.0,0.0,1.38
1927,0,0,0,1000.0,10.02,0.0,1.38
1928,0,0,0,1000.0,10.04,0.0,1.38
1929,0,0,0,1000.0,-0.04,0.0,1.4
1930,0,0,0,1000.0,-0.02,0.0,1.4
1931,0,0,0,1000.0,0.0,0.0,1.4
1932,0,0,0,1000.0,10.0,0.0,1.4
1933,0,0,0,1000.0,10.02,0.0,1.4
1934,0,0,0,1000.0,10.04,0.0,1.4
1935,0,0,0,1000.0,-0.04,0.0,1.42
1936,0,0,0,1000.0,-0.02,0.0,1.42
1937,0,0,0,1000.0,0.0,0.0,1.42
1938,0,0,0,1000.0,10.0,0.0,1.42
1939,0,0,0,1000.0,10.02,0.0,1.42
1940,0,0,0,1000.0,10.04,0.0,1.42
1941,0,0,0,1000.0,-0.04,0.0,1.44
1942,0,0,0,1000.0,-0.02,0.0,1.44
1943,0,0,0,1000.0,0.0,0.0,1.44
1944,0,0,0,1000.0,10.0,0.0,1.44
1945,0,0,0,1000.0,10.02,0.0,1.44
1946,0,0,0,1000.0,10.04,0.0,1.44
1947,0,0,0,1000.0,-0.04,0.0,1.46
1948,0,0,0,1000.0,-0.02,0.0,1.46
1949,0,0,0,1000.0,0.0,0.0,1.46
1950,0,0,0,1000.0,10.0,0.0,1.46
1951,0,0,0,1000.0,10.02,0.0,1.46
1952,0,0,0,1000.0,10.04,0.0,1.46
1953,0,0,0,1000.0,-0.04,0.0,1.48
1954,0,0,0,1000.0,-0.02,0.0,1.48
1955,0,0,0,1000.0,0.0,0.0,1.48
1956,0,0,0,1000.0,10.0,0.0,1.48
1957,0,0,0,1000.0,10.02,0.0,1.48
1958,0,0,0,1000.0,10.04,0.0,1.48
1959,0,0,0,1000.0,-0.04,0.0,1.5
1960,0,0,0,1000.0,-0.02,0.0,1.5
1961,0,0,0,1000.0,0.0,0.0,1.5
1962,0,0,0,1000.0,10.0,0.0,1.5
1963,0,0,0,1000.0,10.02,0.0,1.5
1964,0,0,0,1000.0,10.04,0.0,1.5
1965,0,0,0,1000.0,-0.04,0.0,1.52
1966,0,0,0,1000.0,-0.02,0.0,1.52
1967,0,0,0,1000.0,0.0,0.0,1.52
1968,0,0,0,1000.0,10.0,0.0,1.52
1969,0,0,0,1000.0,10.02,0.0,1.52
1970,0,0,0,1000.0,10.04,0.0,1.52
1971,0,0,0,1000.0,-0.04,0.0,1.54
1972,0,0,0,1000.0,-0.02,0.0,1.54
1973,0,0,0,1000.0,0.0,0.0,1.54
1974,0,0,0,1000.0,10.0,0.0,1.54
1975,0,0,0,1000.0,10.02,0.0,1.54
1976,0,0,0,1000.0,10.04,0.0,1.54
1977,0,0,0,1000.0,-0.04,0.0,1.56
1978,0,0,0,1000.0,-0.02,0.0,1.56
1979,0,0,0,1000.0,0.0,0.0,1.56
1980,0,0,0,1000.0,10.0,0.0,1.56
1981,0,0,0,1000.0,10.02,0.0,1.56
1982,0,0,0,1000.0,10.04,0.0,1.56
1983,0,0,0,1000.0,-0.04,0.0,1.58
1984,0,0,0,1000.0,-0.02,0.0,1.58
1985,0,0,0,1000.0,0.0,0.0,1.58
1986,0,0,0,1000.0,10.0,0.0,1.58
1987,0,0,0,1000.0,10.02,0.0,1.58
1988,0,0,0,1000.0,10.04,0.0,1.58
1989,0,0,0,1000.0,-0.04,0.0,1.6
1990,0,0,0,1000.0,-0.02,0.0,1.6
1991,0,0,0,1000.0,0.0,0.0,1.6
1992,0,0,0,1000.0,10.0,0.0,1.6
1993,0,0,0,1000.0,10.02,0.0,1.6
1994,0,0,0,1000.0,10.04,0.0,1.6
1995,0,0,0,1000.0,-0.04,0.0,1.62
1996,0,0,0,1000.0,-0.02,0.0,1.62
1997,0,0,0,1000.0,0.0,0.0,1.62
1998,0,0,0,1000.0,10.0,0.0,1.62
1999,0,0,0,1000.0,10.02,0.0,1.62
2000,0,0,0,1000.0,10.04,0.0,1.62
2001,0,0,0,1000.0,-0.04,0.0,1.64
2002,0,0,0,1000.0,-0.02,0.0,1.64
2003,0,0,0,1000.0,0.0,0.0,1.64
2004,0,0,0,1000.0,10.0,0.0,1.64
2005,0,0,0,1000.0,10.02,0.0,1.64
2006,0,0,0,1000.0,10.04,0.0,1.64
2007,0,0,0,1000.0,-0.04,0.0,1.66
2008,0,0,0,1000.0,-0.02,0.0,1.66
2009,0,0,0,1000.0,0.0,0.0,1.66
2010,0,0,0,1000.0,10.0,0.0,1.66
2011,0,0,0,1000.0,10.02,0.0,1.66
2012,0,0,0,1000.0,10.04,0.0,1.66
2013,0,0,0,1000.0,-0.04,0.0,1.68
2014,0,0,0,1000.0,-0.02,0.0,1.68
2015,0,0,0,1000.0,0.0,0.0,1.68
2016,0,0,0,1000.0,10.0,0.0,1.68
2017,0,0,0,1000.0,10.02,0.0,1.68
2018,0,0,0,1000.0,10.04,0.0,1.68
2019,0,0,0,1000.0,-0.04,0.0,1.7
2020,0,0,0,1000.0,-0.02,0.0,1.7
2021,0,0,0,1000.0,0.0,0.0,1.7
2022,0,0,0,1000.0,10.0,0.0,1.7
2023,0,0,0,1000.0,10.02,0.0,1.7
2024,0,0,0,1000.0,10.04,0.0,1.7
2025,0,0,0,1000.0,-0.04,0.0,1.72
2026,0,0,0,1000.0,-0.02,0.0,1.72
2027,0,0,0,1000.0,0.0,0.0,1.72
2028,0,0,0,1000.0,10.0,0.0,1.72
2029,0,0,0,1000.0,10.02,0.0,1.72
2030,0,0,0,1000.0,10.04,0.0,1.72
2031,0,0,0,1000.0,-0.04,0.0,1.74
2032,0,0,0,1000.0,-0.02,0.0,1.74
2033,0,0,0,1000.0,0.0,0.0,1.74
2034,0,0,0,1000.0,10.0,0.0,1.74
2035,0,0,0,1000.0,10.02,0.0,1.74
2036,0,0,0,1000.0,10.04,0.0,1.74
2037,0,0,0,1000.0,-0.04,0.0,1.76
2038,0,0,0,1000.0,-0.02,0.0,1.76
2039,0,0,0,1000.0,0.0,0.0,1.76
2040,0,0,0,1000.0,10.0,0.0,1.76
2041,0,0,0,1000.0,10.02,0.0,1.76
2042,0,0,0,1000.0,10.04,0.0,1.76
2043,0,0,0,1000.0,-0.04,0.0,1.78
2044,0,0,0,1000.0,-0.02,0.0,1.78
2045,0,0,0,1000.0,0.0,0.0,1.78
2046,0,0,0,1000.0,10.0,0.0,1.78
2047,0,0,0,1000.0,10.02,0.0,1.78
2048,0,0,0,1000.0,10.04,0.0,1.78
2049,0,0,0,1000.0,-0.04,0.0,1.8
2050,0,0,0,1000.0,-0.02,0.0,1.8
2051,0,0,0,1000.0,0.0,0.0,1.8
2052,0,0,0,1000.0,10.0,0.0,1.8
2053,0,0,0,1000.0,10.02,0.0,1.8
2054,0,0,0,1000.0,10.04,0.0,1.8
2055,0,0,0,1000.0,-0.04,0.0,1.82
2056,0,0,0,1000.0,-0.02,0.0,1.82
2057,0,0,0,1000.0,0.0,0.0,1.82
2058,0,0,0,1000.0,10.0,0.0,1.82
2059,0,0,0,1000.0,10.02,0.0,1.82
2060,0,0,0,1000.0,10.04,0.0,1.82
2061,0,0,0,1000.0,-0.04,0.0,1.84
2062,0,0,0,1000.0,-0.02,0.0,1.84
2063,0,0,0,1000.0,0.0,0.0,1.84
2064,0,0,0,1000.0,10.0,0.0,1.84
2065,0,0,0,1000.0,10.02,0.0,1.84
2066,0,0,0,1000.0,10.04,0.0,1.84
2067,0,0,0,1000.0,-0.04,0.0,1.86
2068,0,0,0,1000.0,-0.02,0.0,1.86
2069,0,0,0,1000.0,0.0,0.0,1.86
2070,0,0,0,1000.0,10.0,0.0,1.86
2071,0,0,0,1000.0,10.02,0.0,1.86
2072,0,0,0,1000.0,10.04,0.0,1.86
2073,0,0,0,1000.0,-0.04,0.0,1.88
2074,0,0,0,1000.0,-0.02,0.0,1.88
2075,0,0,0,1000.0,0.0,0.0,1.88
2076,0,0,0,1000.0,10.0,0.0,1.88
2077,0,0,0,1000.0,10.02,0.0,1.88
2078,0,0,0,1000.0,10.04,0.0,1.88
2079,0,0,0,1000.0,-0.04,0.0,1.9
2080,0,0,0,1000.0,-0.02,0.0,1.9
2081,0,0,0,1000.0,0.0,0.0,1.9
2082,0,0,0,1000.0,10.0,0.0,1.9
2083,0,0,0,1000.0,10.02,0.0,1.9
2084,0,0,0,1000.0,10.04,0.0,1.9
2085,0,0,0,1000.0,-0.04,0.0,1.92
2086,0,0,0,1000.0,-0.02,0.0,1.92
2087,0,0,0,1000.0,0.0,0.0,1.92
2088,0,0,0,1000.0,10.0,0.0,1.92
2089,0,0,0,1000.0,10.02,0.0,1.92
2090,0,0,0,1000.0,10.04,0.0,1.92
2091,0,0,0,1000.0,-0.04,0.0,1.94
2092,0,0,0,1000.0,-0.02,0.0,1.94
2093,0,0,0,1000.0,0.0,0.0,1.94
2094,0,0,0,1000.0,10.0,0.0,1.94
2095,0,0,0,1000.0,10.02,0.0,1.94
2096,0,0,0,1000.0,10.04,0.0,1.94
2097,0,0,0,1000.0,-0.04,0.0,1.96
2098,0,0,0,1000.0,-0.02,0.0,1.96
2099,0,0,0,1000.0,0.0,0.0,1.96
2100,0,0,0,1000.0,10.0,0.0,1.96
2101,0,0,0,1000.0,10.02,0.0,1.96
2102,0,0,0,1000.0,10.04,0.0,1.96
2103,0,0,0,1000.0,-0.04,0.0,1.98
2104,0,0,0,1000.0,-0.02,0.0,1.98
2105,0,0,0,1000.0,0.0,0.0,1.98
2106,0,0,0,1000.0,10.0,0.0,1.98
2107,0,0,0,1000.0,10.02,0.0,1.98
2108,0,0,0,1000.0,10.04,0.0,1.98
2109,0,0,0,1000.0,-0.04,0.0,2.0
2110,0,0,0,1000.0,-0.02,0.0,2.0
2111,0,0,0,1000.0,0.0,0.0,2.0
2112,0,0,0,1000.0,10.0,0.0,2.0
2113,0,0,0,1000.0,10.02,0.0,2.0
2114,0,0,0,1000.0,10.04,0.0,2.0
2115,0,0,0,1000.0,-0.04,0.0,2.02
2116,0,0,0,1000.0,-0.02,0.0,2.02
2117,0,0,0,1000.0,0.0,0.0,2.02
2118,0,0,0,1000.0,10.0,0.0,2.02
2119,0,0,0,1000.0,10.02,0.0,2.02
2120,0,0,0,1000.0,10.04,0.0,2.02
2121,0,0,0,1000.0,-0.04,0.0,2.04
2122,0,0,0,1000.0,-0.02,0.0,2.04
2123,0,0,0,1000.0,0.0,0.0,2.04
2124,0,0,0,1000.0,10.0,0.0,2.04
2125,0,0,0,1000.0,10.02,0.0,2.04
2126,0,0,0,1000.0,10.04,0.0,2.04
2127,0,0,0,1000.0,-0.04,0.0,2.06
2128,0,0,0,1000.0,-0.02,0.0,2.06
2129,0,0,0,1000.0,0.0,0.0,2.06
2130,0,0,0,1000.0,10.0,0.0,2.06
2131,0,0,0,1000.0,10.02,0.0,2.06
2132,0,0,0,1000.0,10.04,0.0,2.06
2133,0,0,0,1000.0,-0.04,0.0,2.08
2134,0,0,0,1000.0,-0.02,0.0,2.08
2135,0,0,0,1000.0,0.0,0.0,2.08
2136,0,0,0,1000.0,10.0,0.0,2.08
2137,0,0,0,1000.0,10.02,0.0,2.08
2138,0,0,0,1000.0,10.04,0.0,2.08
2139,0,0,0,1000.0,-0.04,0.0,2.1
2140,0,0,0,1000.0,-0.02,0.0,2.1
2141,0,0,0,1000.0,0.0,0.0,2.1
2142,0,0,0,1000.0,10.0,0.0,2.1
2143,0,0,0,1000.0,10.02,0.0,2.1
2144,0,0,0,1000.0,10.04,0.0,2.1
2145,0,0,0,1000.0,-0.04,0.0,2.12
2146,0,0,0,1000.0,-0.02,0.0,2.12
2147,0,0,0,1000.0,0.0,0.0,2.12
2148,0,0,0,1000.0,10.0,0.0,2.12
2149,0,0,0,1000.0,10.02,0.0,2.12
2150,0,0,0,1000.0,10.04,0.0,2.12
2151,0,0,0,1000.0,-0.04,0.0,2.14
2152,0,0,0,1000.0,-0.02,0.0,2.14
2153,0,0,0,1000.0,0.0,0.0,2.14
2154,0,0,0,1000.0,10.0,0.0,2.14
2155,0,0,0,1000.0,10.02,0.0,2.14
2156,0,0,0,1000.0,10.04,0.0,2.14
2157,0,0,0,1000.0,-0.04,0.0,2.16
2158,0,0,0,1000.0,-0.02,0.0,2.16
2159,0,0,0,1000.0,0.0,0.0,2.16
2160,0,0,0,1000.0,10.0,0.0,2.16
2161,0,0,0,1000.0,10.02,0.0,2.16
2162,0,0,0,1000.0,10.04,0.0,2.16
2163,0,0,0,1000.0,-0.04,0.0,2.18
2164,0,0,0,1000.0,-0.02,0.0,2.18
2165,0,0,0,1000.0,0.0,0.0,2.18
2166,0,0,0,1000.0,10.0,0.0,2.18
2167,0,0,0,1000.0,10.02,0.0,2.18
2168,0,0,0,1000.0,10.04,0.0,2.18
2169,0,0,0,1000.0,-0.04,0.0,2.2
2170,0,0,0,1000.0,-0.02,0.0,2.2
2171,0,0,0,1000.0,0.0,0.0,2.2
2172,0,0,0,1000.0,10.0,0.0,2.2
2173,0,0,0,1000.0,10.02,0.0,2.2
2174,0,0,0,1000.0,10.04,0.0,2.2
2175,0,0,0,1000.0,-0.04,0.0,2.22
2176,0,0,0,1000.0,-0.02,0.0,2.22
2177,0,0,0,1000.0,0.0,0.0,2.22
2178,0,0,0,1000.0,10.0,0.0,2.22
2179,0,0,0,1000.0,10.02,0.0,2.22
2180,0,0,0,1000.0,10.04,0.0,2.22
2181,0,0,0,1000.0,-0.04,0.0,2.24
2182,0,0,0,1000.0,-0.02,0.0,2.24
2183,0,0,0,1000.0,0.0,0.0,2.24
2184,0,0,0,1000.0,10.0,0.0,2.24
2185,0,0,0,1000.0,10.02,0.0,2.24
2186,0,0,0,1000.0,10.04,0.0,2.24
2187,0,0,0,1000.0,-0.04,0.0,2.26
2188,0,0,0,1000.0,-0.02,0.0,2.26
2189,0,0,0,1000.0,0.0,0.0,2.26
2190,0,0,0,1000.0,10.0,0.0,2.26
2191,0,0,0,1000.0,10.02,0.0,2.26
2192,0,0,0,1000.0,10.04,0.0,2.26
2193,0,0,0,1000.0,-0.04,0.0,2.28
2194,0,0,0,1000.0,-0.02,0.0,2.28
2195,0,0,0,1000.0,0.0,0.0,2.28
2196,0,0,0,1000.0,10.0,0.0,2.28
2197,0,0,0,1000.0,10.02,0.0,2.28
2198,0,0,0,1000.0,10.04,0.0,2.28
2199,0,0,0,1000.0,-0.04,0.0,2.3
2200,0,0,0,1000.0,-0.02,0.0,2.3
2201,0,0,0,1000.0,0.0,0.0,2.3
2202,0,0,0,1000.0,10.0,0.0,2.3
2203,0,0,0,1000.0,10.02,0.0,2.3
2204,0,0,0,1000.0,10.04,0.0,2.3
2205,0,0,0,1000.0,-0.04,0.0,2.32
2206,0,0,0,1000.0,-0.02,0.0,2.32
2207,0,0,0,1000.0,0.0,0.0,2.32
2208,0,0,0,1000.0,10.0,0.0,2.32
2209,0,0,0,1000.0,10.02,0.0,2.32
2210,0,0,0,1000.0,10.04,0.0,2.32
2211,0,0,0,1000.0,-0.04,0.0,2.34
2212,0,0,0,1000.0,-0.02,0.0,2.34
2213,0,0,0,1000.0,0.0,0.0,2.34
2214,0,0,0,1000.0,10.0,0.0,2.34
2215,0,0,0,1000.0,10.02,0.0,2.34
2216,0,0,0,1000.0,10.04,0.0,2.34
2217,0,0,0,1000.0,-0.04,0.0,2.36
2218,0,0,0,1000.0,-0.02,0.0,2.36
2219,0,0,0,1000.0,0.0,0.0,2.36
2220,0,0,0,1000.0,10.0,0.0,2.36
2221,0,0,0,1000.0,10.02,0.0,2.36
2222,0,0,0,1000.0,10.04,0.0,2.36
2223,0,0,0,1000.0,-0.04,0.0,2.38
2224,0,0,0,1000.0,-0.02,0.0,2.38
2225,0,0,0,1000.0,0.0,0.0,2.38
2226,0,0,0,1000.0,10.0,0.0,2.38
2227,0,0,0,1000.0,10.02,0.0,2.38
2228,0,0,0,1000.0,10.04,0.0,2.38
2229,0,0,0,1000.0,-0.04,0.0,2.4
2230,0,0,0,1000.0,-0.02,0.0,2.4
2231,0,0,0,1000.0,0.0,0.0,2.4
2232,0,0,0,1000.0,10.0,0.0,2.4
2233,0,0,0,1000.0,10.02,0.0,2.4
2234,0,0,0,1000.0,10.04,0.0,2.4
2235,0,0,0,1000.0,-0.04,0.0,2.42
2236,0,0,0,1000.0,-0.02,0.0,2.42
2237,0,0,0,1000.0,0.0,0.0,2.42
2238,0,0,0,1000.0,10.0,0.0,2.42
2239,0,0,0,1000.0,10.02,0.0,2.42
2240,0,0,0,1000.0,10.04,0.0,2.42
2241,0,0,0,1000.0,-0.04,0.0,2.44
2242,0,0,0,1000.0,-0.02,0.0,2.44
2243,0,0,0,1000.0,0.0,0.0,2.44
2244,0,0,0,1000.0,10.0,0.0,2.44
2245,0,0,0,1000.0,10.02,0.0,2.44
2246,0,0,0,1000.0,10.04,0.0,2.44
2247,0,0,0,1000.0,-0.04,0.0,2.46
2248,0,0,0,1000.0,-0.02,0.0,2.46
2249,0,0,0,1000.0,0.0,0.0,2.46
2250,0,0,0,1000.0,10.0,0.0,2.46
2251,0,0,0,1000.0,10.02,0.0,2.46
2252,0,0,0,1000.0,10.04,0.0,2.46
2253,0,0,0,1000.0,-0.04,0.0,2.48
2254,0,0,0,1000.0,-0.02,0.0,2.48
2255,0,0,0,1000.0,0.0,0.0,2.48
2256,0,0,0,1000.0,10.0,0.0,2.48
2257,0,0,0,1000.0,10.02,0.0,2.48
2258,0,0,0,1000.0,10.04,0.0,2.48
2259,0,0,0,1000.0,-0.04,0.0,2.5
2260,0,0,0,1000.0,-0.02,0.0,2.5
2261,0,0,0,1000.0,0.0,0.0,2.5
2262,0,0,0,1000.0,10.0,0.0,2.5
2263,0,0,0,1000.0,10.02,0.0,2.5
2264,0,0,0,1000.0,10.04,0.0,2.5
2265,0,0,0,1000.0,-0.04,0.0,2.52
2266,0,0,0,1000.0,-0.02,0.0,2.52
2267,0,0,0,1000.0,0.0,0.0,2.52
2268,0,0,0,1000.0,10.0,0.0,2.52
2269,0,0,0,1000.0,10.02,0.0,2.52
2270,0,0,0,1000.0,10.04,0.0,2.52
2271,0,0,0,1000.0,-0.04,0.0,2.54
2272,0,0,0,1000.0,-0.02,0.0,2.54
2273,0,0,0,1000.0,0.0,0.0,2.54
2274,0,0,0,1000.0,10.0,0.0,2.54
2275,0,0,0,1000.0,10.02,0.0,2.54
2276,0,0,0,1000.0,10.04,0.0,2.54
2277,0,0,0,1000.0,-0.04,0.0,2.56
2278,0,0,0,1000.0,-0.02,0.0,2.56
2279,0,0,0,1000.0,0.0,0.0,2.56
2280,0,0,0,1000.0,10.0,0.0,2.56
2281,0,0,0,1000.0,10.02,0.0,2.56
2282,0,0,0,1000.0,10.04,0.0,2.56
2283,0,0,0,1000.0,-0.04,0.0,2.58
2284,0,0,0,1000.0,-0.02,0.0,2.58
2285,0,0,0,1000.0,0.0,0.0,2.58
2286,0,0,0,1000.0,10.0,0.0,2.58
2287,0,0,0,1000.0,10.02,0.0,2.58
2288,0,0,0,1000.0,10.04,0.0,2.58
2289,0,0,0,1000.0,-0.04,0.0,2.6
2290,0,0,0,1000.0,-0.02,0.0,2.6
2291,0,0,0,1000.0,0.0,0.0,2.6
2292,0,0,0,1000.0,10.0,0.0,2.6
2293,0,0,0,1000.0,10.02,0.0,2.6
2294,0,0,0,1000.0,10.04,0.0,2.6
2295,0,0,0,1000.0,-0.04,0.0,2.62
2296,0,0,0,1000.0,-0.02,0.0,2.62
2297,0,0,0,1000.0,0.0,0.0,2.62
2298,0,0,0,1000.0,10.0,0.0,2.62
2299,0,0,0,1000.0,10.02,0.0,2.62
2300,0,0,0,1000.0,10.04,0.0,2.62
2301,0,0,0,1000.0,-0.04,0.0,2.64
2302,0,0,0,1000.0,-0.02,0.0,2.64
2303,0,0,0,1000.0,0.0,0.0,2.64
2304,0,0,0,1000.0,10.0,0.0,2.64
2305,0,0,0,1000.0,10.02,0.0,2.64
2306,0,0,0,1000.0,10.04,0.0,2.64
2307,0,0,0,1000.0,-0.04,0.0,2.66
2308,0,0,0,1000.0,-0.02,0.0,2.66
2309,0,0,0,1000.0,0.0,0.0,2.66
2310,0,0,0,1000.0,10.0,0.0,2.66
2311,0,0,0,1000.0,10.02,0.0,2.66
2312,0,0,0,1000.0,10.04,0.0,2.66
2313,0,0,0,1000.0,-0.04,0.0,2.68
2314,0,0,0,1000.0,-0.02,0.0,2.68
2315,0,0,0,1000.0,0.0,0.0,2.68
2316,0,0,0,1000.0,10.0,0.0,2.68
2317,0,0,0,1000.0,10.02,0.0,2.68
2318,0,0,0,1000.0,10.04,0.0,2.68
2319,0,0,0,1000.0,-0.04,0.0,2.7
2320,0,0,0,1000.0,-0.02,0.0,2.7
2321,0,0,0,1000.0,0.0,0.0,2.7
2322,0,0,0,1000.0,10.0,0.0,2.7
2323,0,0,0,1000.0,10.02,0.0,2.7
2324,0,0,0,1000.0,10.04,0.0,2.7
2325,0,0,0,1000.0,-0.04,0.0,2.72
2326,0,0,0,1000.0,-0.02,0.0,2.72
2327,0,0,0,1000.0,0.0,0.0,2.72
2328,0,0,0,1000.0,10.0,0.0,2.72
2329,0,0,0,1000.0,10.02,0.0,2.72
2330,0,0,0,1000.0,10.04,0.0,2.72
2331,0,0,0,1000.0,-0.04,0.0,2.74
2332,0,0,0,1000.0,-0.02,0.0,2.74
2333,0,0,0,1000.0,0.0,0.0,2.74
2334,0,0,0,1000.0,10.0,0.0,2.74
2335,0,0,0,1000.0,10.02,0.0,2.74
2336,0,0,0,1000.0,10.04,0.0,2.74
2337,0,0,0,1000.0,-0.04,0.0,2.76
2338,0,0,0,1000.0,-0.02,0.0,2.76
2339,0,0,0,1000.0,0.0,0.0,2.76
2340,0,0,0,1000.0,10.0,0.0,2.76
2341,0,0,0,1000.0,10.02,0.0,2.76
2342,0,0,0,1000.0,10.04,0.0,2.76
2343,0,0,0,1000.0,-0.04,0.0,2.78
2344,0,0,0,1000.0,-0.02,0.0,2.78
2345,0,0,0,1000.0,0.0,0.0,2.78
2346,0,0,0,1000.0,10.0,0.0,2.78
2347,0,0,0,1000.0,10.02,0.0,2.78
2348,0,0,0,1000.0,10.04,0.0,2.78
2349,0,0,0,1000.0,-0.04,0.0,2.8
2350,0,0,0,1000.0,-0.02,0.0,2.8
2351,0,0,0,1000.0,0.0,0.0,2.8
2352,0,0,0,1000.0,10.0,0.0,2.8
2353,0,0,0,1000.0,10.02,0.0,2.8
2354,0,0,0,1000.0,10.04,0.0,2.8
2355,0,0,0,1000.0,-0.04,0.0,2.82
2356,0,0,0,1000.0,-0.02,0.0,2.82
2357,0,0,0,1000.0,0.0,0.0,2.82
2358,0,0,0,1000.0,10.0,0.0,2.82
2359,0,0,0,1000.0,10.02,0.0,2.82
2360,0,0,0,1000.0,10.04,0.0,2.82
2361,0,0,0,1000.0,-0.04,0.0,2.84
2362,0,0,0,1000.0,-0.02,0.0,2.84
2363,0,0,0,1000.0,0.0,0.0,2.84
2364,0,0,0,1000.0,10.0,0.0,2.84
2365,0,0,0,1000.0,10.02,0.0,2.84
2366,0,0,0,1000.0,10.04,0.0,2.84
2367,0,0,0,1000.0,-0.04,0.0,2.86
2368,0,0,0,1000.0,-0.02,0.0,2.86
2369,0,0,0,1000.0,0.0,0.0,2.86
2370,0,0,0,1000.0,10.0,0.0,2.86
2371,0,0,0,1000.0,10.02,0.0,2.86
2372,0,0,0,1000.0,10.04,0.0,2.86
2373,0,0,0,1000.0,-0.04,0.0,2.88
2374,0,0,0,1000.0,-0.02,0.0,2.88
2375,0,0,0,1000.0,0.0,0.0,2.88
2376,0,0,0,1000.0,10.0,0.0,2.88
2377,0,0,0,1000.0,10.02,0.0,2.88
2378,0,0,0,1000.0,10.04,0.0,2.88
2379,0,0,0,1000.0,-0.04,0.0,2.9
2380,0,0,0,1000.0,-0.02,0.0,2.9
2381,0,0,0,1000.0,0.0,0.0,2.9
2382,0,0,0,1000.0,10.0,0.0,2.9
2383,0,0,0,1000.0,10.02,0.0,2.9
2384,0,0,0,1000.0,10.04,0.0,2.9
2385,0,0,0,1000.0,-0.04,0.0,2.92
2386,0,0,0,1000.0,-0.02,0.0,2.92
2387,0,0,0,1000.0,0.0,0.0,2.92
2388,0,0,0,1000.0,10.0,0.0,2.92
2389,0,0,0,1000.0,10.02,0.0,2.92
2390,0,0,0,1000.0,10.04,0.0,2.92
2391,0,0,0,1000.0,-0.04,0.0,2.94
2392,0,0,0,1000.0,-0.02,0.0,2.94
2393,0,0,0,1000.0,0.0,0.0,2.94
2394,0,0,0,1000.0,10.0,0.0,2.94
2395,0,0,0,1000.0,10.02,0.0,2.94
2396,0,0,0,1000.0,10.04,0.0,2.94
2397,0,0,0,1000.0,-0.04,0.0,2.96
2398,0,0,0,1000.0,-0.02,0.0,2.96
2399,0,0,0,1000.0,0.0,0.0,2.96
2400,0,0,0,1000.0,10.0,0.0,2.96
2401,0,0,0,1000.0,10.02,0.0,2.96
2402,0,0,0,1000.0,10.04,0.0,2.96
2403,0,0,0,1000.0,-0.04,0.0,2.98
2404,0,0,0,1000.0,-0.02,0.0,2.98
2405,0,0,0,1000.0,0.0,0.0,2.98
2406,0,0,0,1000.0,10.0,0.0,2.98
2407,0,0,0,1000.0,10.02,0.0,2.98
2408,0,0,0,1000.0,10.04,0.0,2.98
2409,0,0,0,1000.0,-0.04,0.0,3.0
2410,0,0,0,1000.0,-0.02,0.0,3.0
2411,0,0,0,1000.0,0.0,0.0,3.0
2412,0,0,0,1000.0,10.0,0.0,3.0
2413,0,0,0,1000.0,10.02,0.0,3.0
2414,0,0,0,1000.0,10.04,0.0,3.0
2415,0,0,0,1000.0,-0.04,0.0,3.02
2416,0,0,0,1000.0,-0.02,0.0,3.02
2417,0,0,0,1000.0,0.0,0.0,3.02
2418,0,0,0,1000.0,10.0,0.0,3.02
2419,0,0,0,1000.0,10.02,0.0,3.02
2420,0,0,0,1000.0,10.04,0.0,3.02
2421,0,0,0,1000.0,-0.04,0.0,3.04
2422,0,0,0,1000.0,-0.02,0.0,3.04
2423,0,0,0,1000.0,0.0,0.0,3.04
2424,0,0,0,1000.0,10.0,0.0,3.04
2425,0,0,0,1000.0,10.02,0.0,3.04
2426,0,0,0,1000.0,10.04,0.0,3.04
2427,0,0,0,1000.0,-0.04,0.0,3.06
2428,0,0,0,1000.0,-0.02,0.0,3.06
2429,0,0,0,1000.0,0.0,0.0,3.06
2430,0,0,0,1000.0,10.0,0.0,3.06
2431,0,0,0,1000.0,10.02,0.0,3.06
2432,0,0,0,1000.0,10.04,0.0,3.06
2433,0,0,0,1000.0,-0.04,0.0,3.08
2434,0,0,0,1000.0,-0.02,0.0,3.08
2435,0,0,0,1000.0,0.0,0.0,3.08
2436,0,0,0,1000.0,10.0,0.0,3.08
2437,0,0,0,1000.0,10.02,0.0,3.08
2438,0,0,0,1000.0,10.04,0.0,3.08
2439,0,0,0,1000.0,-0.04,0.0,3.1
2440,0,0,0,1000.0,-0.02,0.0,3.1
2441,0,0,0,1000.0,0.0,0.0,3.1
2442,0,0,0,1000.0,10.0,0.0,3.1
2443,0,0,0,1000.0,10.02,0.0,3.1
2444,0,0,0,1000.0,10.04,0.0,3.1
2445,0,0,0,1000.0,-0.04,0.0,3.12
2446,0,0,0,1000.0,-0.02,0.0,3.12
2447,0,0,0,1000.0,0.0,0.0,3.12
2448,0,0,0,1000.0,10.0,0.0,3.12
2449,0,0,0,1000.0,10.02,0.0,3.12
2450,0,0,0,1000.0,10.04,0.0,3.12
2451,0,0,0,1000.0,-0.04,0.0,3.14
2452,0,0,0,1000.0,-0.02,0.0,3.14
2453,0,0,0,1000.0,0.0,0.0,3.14
2454,0,0,0,1000.0,10.0,0.0,3.14
2455,0,0,0,1000.0,10.02,0.0,3.14
2456,0,0,0,1000.0,10.04,0.0,3.14
2457,0,0,0,1000.0,-0.04,0.0,3.16
2458,0,0,0,1000.0,-0.02,0.0,3.16
2459,0,0,0,1000.0,0.0,0.0,3.16
2460,0,0,0,1000.0,10.0,0.0,3.16
2461,0,0,0,1000.0,10.02,0.0,3.16
2462,0,0,0,1000.0,10.04,0.0,3.16
2463,0,0,0,1000.0,-0.04,0.0,3.18
2464,0,0,0,1000.0,-0.02,0.0,3.18
2465,0,0,0,1000.0,0.0,0.0,3.18
2466,0,0,0,1000.0,10.0,0.0,3.18
2467,0,0,0,1000.0,10.02,0.0,3.18
2468,0,0,0,1000.0,10.04,0.0,3.18
2469,0,0,0,1000.0,-0.04,0.0,3.2
2470,0,0,0,1000.0,-0.02,0.0,3.2
2471,0,0,0,1000.0,0.0,0.0,3.2
2472,0,0,0,1000.0,10.0,0.0,3.2
2473,0,0,0,1000.0,10.02,0.0,3.2
2474,0,0,0,1000.0,10.04,0.0,3.2
2475,0,0,0,1000.0,-0.04,0.0,3.22
2476,0,0,0,1000.0,-0.02,0.0,3.22
2477,0,0,0,1000.0,0.0,0.0,3.22
2478,0,0,0,1000.0,10.0,0.0,3.22
2479,0,0,0,1000.0,10.02,0.0,3.22
2480,0,0,0,1000.0,10.04,0.0,3.22
2481,0,0,0,1000.0,-0.04,0.0,3.24
2482,0,0,0,1000.0,-0.02,0.0,3.24
2483,0,0,0,1000.0,0.0,0.0,3.24
2484,0,0,0,1000.0,10.0,0.0,3.24
2485,0,0,0,1000.0,10.02,0.0,3.24
2486,0,0,0,1000.0,10.04,0.0,3.24
2487,0,0,0,1000.0,-0.04,0.0,3.26
2488,0,0,0,1000.0,-0.02,0.0,3.26
2489,0,0,0,1000.0,0.0,0.0,3.26
2490,0,0,0,1000.0,10.0,0.0,3.26
2491,0,0,0,1000.0,10.02,0.0,3.26
2492,0,0,0,1000.0,10.04,0.0,3.26
2493,0,0,0,1000.0,-0.04,0.0,3.28
2494,0,0,0,1000.0,-0.02,0.0,3.28
2495,0,0,0,1000.0,0.0,0.0,3.28
2496,0,0,0,1000.0,10.0,0.0,3.28
2497,0,0,0,1000.0,10.02,0.0,3.28
2498,0,0,0,1000.0,10.04,0.0,3.28
2499,0,0,0,1000.0,-0.04,0.0,3.3
2500,0,0,0,1000.0,-0.02,0.0,3.3
2501,0,0,0,1000.0,0.0,0.0,3.3
2502,0,0,0,1000.0,10.0,0.0,3.3
2503,0,0,0,1000.0,10.02,0.0,3.3
2504,0,0,0,1000.0,10.04,0.0,3.3
2505,0,0,0,1000.0,-0.04,0.0,3.32
2506,0,0,0,1000.0,-0.02,0.0,3.32
2507,0,0,0,1000.0,0.0,0.0,3.32
2508,0,0,0,1000.0,10.0,0.0,3.32
2509,0,0,0,1000.0,10.02,0.0,3.32
2510,0,0,0,1000.0,10.04,0.0,3.32
2511,0,0,0,1000.0,-0.04,0.0,3.34
2512,0,0,0,1000.0,-0.02,0.0,3.34
2513,0,0,0,1000.0,0.0,0.0,3.34
2514,0,0,0,1000.0,10.0,0.0,3.34
2515,0,0,0,1000.0,10.02,0.0,3.34
2516,0,0,0,1000.0,10.04,0.0,3.34
2517,0,0,0,1000.0,-0.04,0.0,3.36
2518,0,0,0,1000.0,-0.02,0.0,3.36
2519,0,0,0,1000.0,0.0,0.0,3.36
2520,0,0,0,1000.0,10.0,0.0,3.36
2521,0,0,0,1000.0,10.02,0.0,3.36
2522,0,0,0,1000.0,10.04,0.0,3.36
2523,0,0,0,1000.0,-0.04,0.0,3.38
2524,0,0,0,1000.0,-0.02,0.0,3.38
2525,0,0,0,1000.0,0.0,0.0,3.38
2526,0,0,0,1000.0,10.0,0.0,3.38
2527,0,0,0,1000.0,10.02,0.0,3.38
2528,0,0,0,1000.0,10.04,0.0,3.38
2529,0,0,0,1000.0,-0.04,0.0,3.4
2530,0,0,0,1000.0,-0.02,0.0,3.4
2531,0,0,0,1000.0,0.0,0.0,3.4
2532,0,0,0,1000.0,10.0,0.0,3.4
2533,0,0,0,1000.0,10.02,0.0,3.4
2534,0,0,0,1000.0,10.04,0.0,3.4
2535,0,0,0,1000.0,-0.04,0.0,3.42
2536,0,0,0,1000.0,-0.02,0.0,3.42
2537,0,0,0,1000.0,0.0,0.0,3.42
2538,0,0,0,1000.0,10.0,0.0,3.42
2539,0,0,0,1000.0,10.02,0.0,3.42
2540,0,0,0,1000.0,10.04,0.0,3.42
2541,0,0,0,1000.0,-0.04,0.0,3.44
2542,0,0,0,1000.0,-0.02,0.0,3.44
2543,0,0,0,1000.0,0.0,0.0,3.44
2544,0,0,0,1000.0,10.0,0.0,3.44
2545,0,0,0,1000.0,10.02,0.0,3.44
2546,0,0,0,1000.0,10.04,0.0,3.44
2547,0,0,0,1000.0,-0.04,0.0,3.46
2548,0,0,0,1000.0,-0.02,0.0,3.46
2549,0,0,0,1000.0,0.0,0.0,3.46
2550,0,0,0,1000.0,10.0,0.0,3.46
2551,0,0,0,1000.0,10.02,0.0,3.46
2552,0,0,0,1000.0,10.04,0.0,3.46
2553,0,0,0,1000.0,-0.04,0.0,3.48
2554,0,0,0,1000.0,-0.02,0.0,3.48
2555,0,0,0,1000.0,0.0,0.0,3.48
2556,0,0,0,1000.0,10.0,0.0,3.48
2557,0,0,0,1000.0,10.02,0.0,3.48
2558,0,0,0,1000.0,10.04,0.0,3.48
2559,0,0,0,1000.0,-0.04,0.0,3.5
2560,0,0,0,1000.0,-0.02,0.0,3.5
2561,0,0,0,1000.0,0.0,0.0,3.5
2562,0,0,0,1000.0,10.0,0.0,3.5
2563,0,0,0,1000.0,10.02,0.0,3.5
2564,0,0,0,1000.0,10.04,0.0,3.5
2565,0,0,0,1000.0,-0.04,0.0,3.52
2566,0,0,0,1000.0,-0.02,0.0,3.52
2567,0,0,0,1000.0,0.0,0.0,3.52
2568,0,0,0,1000.0,10.0,0.0,3.52
2569,0,0,0,1000.0,10.02,0.0,3.52
2570,0,0,0,1000.0,10.04,0.0,3.52
2571,0,0,0,1000.0,-0.04,0.0,3.54
2572,0,0,0,1000.0,-0.02,0.0,3.54
2573,0,0,0,1000.0,0.0,0.0,3.54
2574,0,0,0,1000.0,10.0,0.0,3.54
2575,0,0,0,1000.0,10.02,0.0,3.54
2576,0,0,0,1000.0,10.04,0.0,3.54
2577,0,0,0,1000.0,-0.04,0.0,3.56
2578,0,0,0,1000.0,-0.02,0.0,3.56
2579,0,0,0,1000.0,0.0,0.0,3.56
2580,0,0,0,1000.0,10.0,0.0,3.56
2581,0,0,0,1000.0,10.02,0.0,3.56
2582,0,0,0,1000.0,10.04,0.0,3.56
2583,0,0,0,1000.0,-0.04,0.0,3.58
2584,0,0,0,1000.0,-0.02,0.0,3.58
2585,0,0,0,1000.0,0.0,0.0,3.58
2586,0,0,0,1000.0,10.0,0.0,3.58
2587,0,0,0,1000.0,10.02,0.0,3.58
2588,0,0,0,1000.0,10.04,0.0,3.58
2589,0,0,0,1000.0,-0.04,0.0,3.6
2590,0,0,0,1000.0,-0.02,0.0,3.6
2591,0,0,0,1000.0,0.0,0.0,3.6
2592,0,0,0,1000.0,10.0,0.0,3.6
2593,0,0,0,1000.0,10.02,0.0,3.6
2594,0,0,0,1000.0,10.04,0.0,3.6
2595,0,0,0,1000.0,-0.04,0.0,3.62
2596,0,0,0,1000.0,-0.02,0.0,3.62
2597,0,0,0,1000.0,0.0,0.0,3.62
2598,0,0,0,1000.0,10.0,0.0,3.62
2599,0,0,0,1000.0,10.02,0.0,3.62
2600,0,0,0,1000.0,10.04,0.0,3.62
2601,0,0,0,1000.0,-0.04,0.0,3.64
2602,0,0,0,1000.0,-0.02,0.0,3.64
2603,0,0,0,1000.0,0.0,0.0,3.64
2604,0,0,0,1000.0,10.0,0.0,3.64
2605,0,0,0,1000.0,10.02,0.0,3.64
2606,0,0,0,1000.0,10.04,0.0,3.64
2607,0,0,0,1000.0,-0.04,0.0,3.66
2608,0,0,0,1000.0,-0.02,0.0,3.66
2609,0,0,0,1000.0,0.0,0.0,3.66
2610,0,0,0,1000.0,10.0,0.0,3.66
2611,0,0,0,1000.0,10.02,0.0,3.66
2612,0,0,0,1000.0,10.04,0.0,3.66
2613,0,0,0,1000.0,-0.04,0.0,3.68
2614,0,0,0,1000.0,-0.02,0.0,3.68
2615,0,0,0,1000.0,0.0,0.0,3.68
2616,0,0,0,1000.0,10.0,0.0,3.68
2617,0,0,0,1000.0,10.02,0.0,3.68
2618,0,0,0,1000.0,10.04,0.0,3.68
2619,0,0,0,1000.0,-0.04,0.0,3.7
2620,0,0,0,1000.0,-0.02,0.0,3.7
2621,0,0,0,1000.0,0.0,0.0,3.7
2622,0,0,0,1000.0,10.0,0.0,3.7
2623,0,0,0,1000.0,10.02,0.0,3.7
2624,0,0,0,1000.0,10.04,0.0,3.7
2625,0,0,0,1000.0,-0.04,0.0,3.72
2626,0,0,0,1000.0,-0.02,0.0,3.72
2627,0,0,0,1000.0,0.0,0.0,3.72
2628,0,0,0,1000.0,10.0,0.0,3.72
2629,0,0,0,1000.0,10.02,0.0,3.72
2630,0,0,0,1000.0,10.04,0.0,3.72
2631,0,0,0,1000.0,-0.04,0.0,3.74
2632,0,0,0,1000.0,-0.02,0.0,3.74
2633,0,0,0,1000.0,0.0,0.0,3.74
2634,0,0,0,1000.0,10.0,0.0,3.74
2635,0,0,0,1000.0,10.02,0.0,3.74
2636,0,0,0,1000.0,10.04,0.0,3.74
2637,0,0,0,1000.0,-0.04,0.0,3.76
2638,0,0,0,1000.0,-0.02,0.0,3.76
2639,0,0,0,1000.0,0.0,0.0,3.76
2640,0,0,0,1000.0,10.0,0.0,3.76
2641,0,0,0,1000.0,10.02,0.0,3.76
2642,0,0,0,1000.0,10.04,0.0,3.76
2643,0,0,0,1000.0,-0.04,0.0,3.78
2644,0,0,0,1000.0,-0.02,0.0,3.78
2645,0,0,0,1000.0,0.0,0.0,3.78
2646,0,0,0,1000.0,10.0,0.0,3.78
2647,0,0,0,1000.0,10.02,0.0,3.78
2648,0,0,0,1000.0,10.04,0.0,3.78
2649,0,0,0,1000.0,-0.04,0.0,3.8
2650,0,0,0,1000.0,-0.02,0.0,3.8
2651,0,0,0,1000.0,0.0,0.0,3.8
2652,0,0,0,1000.0,10.0,0.0,3.8
2653,0,0,0,1000.0,10.02,0.0,3.8
2654,0,0,0,1000.0,10.04,0.0,3.8
2655,0,0,0,1000.0,-0.04,0.0,3.82
2656,0,0,0,1000.0,-0.02,0.0,3.82
2657,0,0,0,1000.0,0.0,0.0,3.82
2658,0,0,0,1000.0,10.0,0.0,3.82
2659,0,0,0,1000.0,10.02,0.0,3.82
2660,0,0,0,1000.0,10.04,0.0,3.82
2661,0,0,0,1000.0,-0.04,0.0,3.84
2662,0,0,0,1000.0,-0.02,0.0,3.84
2663,0,0,0,1000.0,0.0,0.0,3.84
2664,0,0,0,1000.0,10.0,0.0,3.84
2665,0,0,0,1000.0,10.02,0.0,3.84
2666,0,0,0,1000.0,10.04,0.0,3.84
2667,0,0,0,1000.0,-0.04,0.0,3.86
2668,0,0,0,1000.0,-0.02,0.0,3.86
2669,0,0,0,1000.0,0.0,0.0,3.86
2670,0,0,0,1000.0,10.0,0.0,3.86
2671,0,0,0,1000.0,10.02,0.0,3.86
2672,0,0,0,1000.0,10.04,0.0,3.86
2673,0,0,0,1000.0,-0.04,0.0,3.88
2674,0,0,0,1000.0,-0.02,0.0,3.88
2675,0,0,0,1000.0,0.0,0.0,3.88
2676,0,0,0,1000.0,10.0,0.0,3.88
2677,0,0,0,1000.0,10.02,0.0,3.88
2678,0,0,0,1000.0,10.04,0.0,3.88
2679,0,0,0,1000.0,-0.04,0.0,3.9
2680,0,0,0,1000.0,-0.02,0.0,3.9
2681,0,0,0,1000.0,0.0,0.0,3.9
2682,0,0,0,1000.0,10.0,0.0,3.9
2683,0,0,0,1000.0,10.02,0.0,3.9
2684,0,0,0,1000.0,10.04,0.0,3.9
2685,0,0,0,1000.0,-0.04,0.0,3.92
2686,0,0,0,1000.0,-0.02,0.0,3.92
2687,0,0,0,1000.0,0.0,0.0,3.92
2688,0,0,0,1000.0,10.0,0.0,3.92
2689,0,0,0,1000.0,10.02,0.0,3.92
2690,0,0,0,1000.0,10.04,0.0,3.92
2691,0,0,0,1000.0,-0.04,0.0,3.94
2692,0,0,0,1000.0,-0.02,0.0,3.94
2693,0,0,0,1000.0,0.0,0.0,3.94
2694,0,0,0,1000.0,10.0,0.0,3.94
2695,0,0,0,1000.0,10.02,0.0,3.94
2696,0,0,0,1000.0,10.04,0.0,3.94
2697,0,0,0,1000.0,-0.04,0.0,3.96
2698,0,0,0,1000.0,-0.02,0.0,3.96
2699,0,0,0,1000.0,0.0,0.0,3.96
2700,0,0,0,1000.0,10.0,0.0,3.96
2701,0,0,0,1000.0,10.02,0.0,3.96
2702,0,0,0,1000.0,10.04,0.0,3.96
2703,0,0,0,1000.0,-0.04,0.0,3.98
2704,0,0,0,1000.0,-0.02,0.0,3.98
2705,0,0,0,1000.0,0.0,0.0,3.98
2706,0,0,0,1000.0,10.0,0.0,3.98
2707,0,0,0,1000.0,10.02,0.0,3.98
2708,0,0,0,1000.0,10.04,0.0,3.98
2709,0,0,0,1000.0,-0.04,0.0,4.0
2710,0,0,0,1000.0,-0.02,0.0,4.0
2711,0,0,0,1000.0,0.0,0.0,4.0
2712,0,0,0,1000.0,10.0,0.0,4.0
2713,0,0,0,1000.0,10.02,0.0,4.0
2714,0,0,0,1000.0,10.04,0.0,4.0
2715,0,0,0,1000.0,-0.04,0.0,4.02
2716,0,0,0,1000.0,-0.02,0.0,4.02
2717,0,0,0,1000.0,0.0,0.0,4.02
2718,0,0,0,1000.0,10.0,0.0,4.02
2719,0,0,0,1000.0,10.02,0.0,4.02
2720,0,0,0,1000.0,10.04,0.0,4.02
2721,0,0,0,1000.0,-0.04,0.0,4.04
2722,0,0,0,1000.0,-0.02,0.0,4.04
2723,0,0,0,1000.0,0.0,0.0,4.04
2724,0,0,0,1000.0,10.0,0.0,4.04
2725,0,0,0,1000.0,10.02,0.0,4.04
2726,0,0,0,1000.0,10.04,0.0,4.04
2727,0,0,0,1000.0,-0.04,0.0,4.06
2728,0,0,0,1000.0,-0.02,0.0,4.06
2729,0,0,0,1000.0,0.0,0.0,4.06
2730,0,0,0,1000.0,10.0,0.0,4.06
2731,0,0,0,1000.0,10.02,0.0,4.06
2732,0,0,0,1000.0,10.04,0.0,4.06
2733,0,0,0,1000.0,-0.04,0.0,4.08
2734,0,0,0,1000.0,-0.02,0.0,4.08
2735,0,0,0,1000.0,0.0,0.0,4.08
2736,0,0,0,1000.0,10.0,0.0,4.08
2737,0,0,0,1000.0,10.02,0.0,4.08
2738,0,0,0,1000.0,10.04,0.0,4.08
2739,0,0,0,1000.0,-0.04,0.0,4.1
2740,0,0,0,1000.0,-0.02,0.0,4.1
2741,0,0,0,1000.0,0.0,0.0,4.1
2742,0,0,0,1000.0,10.0,0.0,4.1
2743,0,0,0,1000.0,10.02,0.0,4.1
2744,0,0,0,1000.0,10.04,0.0,4.1
2745,0,0,0,1000.0,-0.04,0.0,4.12
2746,0,0,0,1000.0,-0.02,0.0,4.12
2747,0,0,0,1000.0,0.0,0.0,4.12
2748,0,0,0,1000.0,10.0,0.0,4.12
2749,0,0,0,1000.0,10.02,0.0,4.12
2750,0,0,0,1000.0,10.04,0.0,4.12
2751,0,0,0,1000.0,-0.04,0.0,4.14
2752,0,0,0,1000.0,-0.02,0.0,4.14
2753,0,0,0,1000.0,0.0,0.0,4.14
2754,0,0,0,1000.0,10.0,0.0,4.14
2755,0,0,0,1000.0,10.02,0.0,4.14
2756,0,0,0,1000.0,10.04,0.0,4.14
2757,0,0,0,1000.0,-0.04,0.0,4.16
2758,0,0,0,1000.0,-0.02,0.0,4.16
2759,0,0,0,1000.0,0.0,0.0,4.16
2760,0,0,0,1000.0,10.0,0.0,4.16
2761,0,0,0,1000.0,10.02,0.0,4.16
2762,0,0,0,1000.0,10.04,0.0,4.16
2763,0,0,0,1000.0,-0.04,0.0,4.18
2764,0,0,0,1000.0,-0.02,0.0,4.18
2765,0,0,0,1000.0,0.0,0.0,4.18
2766,0,0,0,1000.0,10.0,0.0,4.18
2767,0,0,0,1000.0,10.02,0.0,4.18
2768,0,0,0,1000.0,10.04,0.0,4.18
2769,0,0,0,1000.0,-0.04,0.0,4.2
2770,0,0,0,1000.0,-0.02,0.0,4.2
2771,0,0,0,1000.0,0.0,0.0,4.2
2772,0,0,0,1000.0,10.0,0.0,4.2
2773,0,0,0,1000.0,10.02,0.0,4.2
2774,0,0,0,1000.0,10.04,0.0,4.2
2775,0,0,0,1000.0,-0.04,0.0,4.22
2776,0,0,0,1000.0,-0.02,0.0,4.22
2777,0,0,0,1000.0,0.0,0.0,4.22
2778,0,0,0,1000.0,10.0,0.0,4.22
2779,0,0,0,1000.0,10.02,0.0,4.22
2780,0,0,0,1000.0,10.04,0.0,4.22
2781,0,0,0,1000.0,-0.04,0.0,4.24
2782,0,0,0,1000.0,-0.02,0.0,4.24
2783,0,0,0,1000.0,0.0,0.0,4.24
2784,0,0,0,1000.0,10.0,0.0,4.24
2785,0,0,0,1000.0,10.02,0.0,4.24
2786,0,0,0,1000.0,10.04,0.0,4.24
2787,0,0,0,1000.0,-0.04,0.0,4.26
2788,0,0,0,1000.0,-0.02,0.0,4.26
2789,0,0,0,1000.0,0.0,0.0,4.26
2790,0,0,0,1000.0,10.0,0.0,4.26
2791,0,0,0,1000.0,10.02,0.0,4.26
2792,0,0,0,1000.0,10.04,0.0,4.26
2793,0,0,0,1000.0,-0.04,0.0,4.28
2794,0,0,0,1000.0,-0.02,0.0,4.28
2795,0,0,0,1000.0,0.0,0.0,4.28
2796,0,0,0,1000.0,10.0,0.0,4.28
2797,0,0,0,1000.0,10.02,0.0,4.28
2798,0,0,0,1000.0,10.04,0.0,4.28
2799,0,0,0,1000.0,-0.04,0.0,4.3
2800,0,0,0,1000.0,-0.02,0.0,4.3
2801,0,0,0,1000.0,0.0,0.0,4.3
2802,0,0,0,1000.0,10.0,0.0,4.3
2803,0,0,0,1000.0,10.02,0.0,4.3
2804,0,0,0,1000.0,10.04,0.0,4.3
2805,0,0,0,1000.0,-0.04,0.0,4.32
2806,0,0,0,1000.0,-0.02,0.0,4.32
2807,0,0,0,1000.0,0.0,0.0,4.32
2808,0,0,0,1000.0,10.0,0.0,4.32
2809,0,0,0,1000.0,10.02,0.0,4.32
2810,0,0,0,1000.0,10.04,0.0,4.32
2811,0,0,0,1000.0,-0.04,0.0,4.34
2812,0,0,0,1000.0,-0.02,0.0,4.34
2813,0,0,0,1000.0,0.0,0.0,4.34
2814,0,0,0,1000.0,10.0,0.0,4.34
2815,0,0,0,1000.0,10.02,0.0,4.34
2816,0,0,0,1000.0,10.04,0.0,4.34
2817,0,0,0,1000.0,-0.04,0.0,4.36
2818,0,0,0,1000.0,-0.02,0.0,4.36
2819,0,0,0,1000.0,0.0,0.0,4.36
2820,0,0,0,1000.0,10.0,0.0,4.36
2821,0,0,0,1000.0,10.02,0.0,4.36
2822,0,0,0,1000.0,10.04,0.0,4.36
2823,0,0,0,1000.0,-0.04,0.0,4.38
2824,0,0,0,1000.0,-0.02,0.0,4.38
2825,0,0,0,1000.0,0.0,0.0,4.38
2826,0,0,0,1000.0,10.0,0.0,4.38
2827,0,0,0,1000.0,10.02,0.0,4.38
2828,0,0,0,1000.0,10.04,0.0,4.38
2829,0,0,0,1000.0,-0.04,0.0,4.4
2830,0,0,0,1000.0,-0.02,0.0,4.4
2831,0,0,0,1000.0,0.0,0.0,4.4
2832,0,0,0,1000.0,10.0,0.0,4.4
2833,0,0,0,1000.0,10.02,0.0,4.4
2834,0,0,0,1000.0,10.04,0.0,4.4
2835,0,0,0,1000.0,-0.04,0.0,4.42
2836,0,0,0,1000.0,-0.02,0.0,4.42
2837,0,0,0,1000.0,0.0,0.0,4.42
2838,0,0,0,1000.0,10.0,0.0,4.42
2839,0,0,0,1000.0,10.02,0.0,4.42
2840,0,0,0,1000.0,10.04,0.0,4.42
2841,0,0,0,1000.0,-0.04,0.0,4.44
2842,0,0,0,1000.0,-0.02,0.0,4.44
2843,0,0,0,1000.0,0.0,0.0,4.44
2844,0,0,0,1000.0,10.0,0.0,4.44
2845,0,0,0,1000.0,10.02,0.0,4.44
2846,0,0,0,1000.0,10.04,0.0,4.44
2847,0,0,0,1000.0,-0.04,0.0,4.46
2848,0,0,0,1000.0,-0.02,0.0,4.46
2849,0,0,0,1000.0,0.0,0.0,4.46
2850,0,0,0,1000.0,10.0,0.0,4.46
2851,0,0,0,1000.0,10.02,0.0,4.46
2852,0,0,0,1000.0,10.04,0.0,4.46
2853,0,0,0,1000.0,-0.04,0.0,4.48
2854,0,0,0,1000.0,-0.02,0.0,4.48
2855,0,0,0,1000.0,0.0,0.0,4.48
2856,0,0,0,1000.0,10.0,0.0,4.48
2857,0,0,0,1000.0,10.02,0.0,4.48
2858,0,0,0,1000.0,10.04,0.0,4.48
2859,0,0,0,1000.0,-0.04,0.0,4.5
2860,0,0,0,1000.0,-0.02,0.0,4.5
2861,0,0,0,1000.0,0.0,0.0,4.5
2862,0,0,0,1000.0,10.0,0.0,4.5
2863,0,0,0,1000.0,10.02,0.0,4.5
2864,0,0,0,1000.0,10.04,0.0,4.5
2865,0,0,0,1000.0,-0.04,0.0,4.52
2866,0,0,0,1000.0,-0.02,0.0,4.52
2867,0,0,0,1000.0,0.0,0.0,4.52
2868,0,0,0,1000.0,10.0,0.0,4.52
2869,0,0,0,1000.0,10.02,0.0,4.52
2870,0,0,0,1000.0,10.04,0.0,4.52
2871,0,0,0,1000.0,-0.04,0.0,4.54
2872,0,0,0,1000.0,-0.02,0.0,4.54
2873,0,0,0,1000.0,0.0,0.0,4.54
2874,0,0,0,1000.0,10.0,0.0,4.54
2875,0,0,0,1000.0,10.02,0.0,4.54
2876,0,0,0,1000.0,10.04,0.0,4.54
2877,0,0,0,1000.0,-0.04,0.0,4.56
2878,0,0,0,1000.0,-0.02,0.0,4.56
2879,0,0,0,1000.0,0.0,0.0,4.56
2880,0,0,0,1000.0,10.0,0.0,4.56
2881,0,0,0,1000.0,10.02,0.0,4.56
2882,0,0,0,1000.0,10.04,0.0,4.56
2883,0,0,0,1000.0,-0.04,0.0,4.58
2884,0,0,0,1000.0,-0.02,0.0,4.58
2885,0,0,0,1000.0,0.0,0.0,4.58
2886,0,0,0,1000.0,10.0,0.0,4.58
2887,0,0,0,1000.0,10.02,0.0,4.58
2888,0,0,0,1000.0,10.04,0.0,4.58
2889,0,0,0,1000.0,-0.04,0.0,4.6
2890,0,0,0,1000.0,-0.02,0.0,4.6
2891,0,0,0,1000.0,0.0,0.0,4.6
2892,0,0,0,1000.0,10.0,0.0,4.6
2893,0,0,0,1000.0,10.02,0.0,4.6
2894,0,0,0,1000.0,10.04,0.0,4.6
2895,0,0,0,1000.0,-0.04,0.0,4.62
2896,0,0,0,1000.0,-0.02,0.0,4.62
2897,0,0,0,1000.0,0.0,0.0,4.62
2898,0,0,0,1000.0,10.0,0.0,4.62
2899,0,0,0,1000.0,10.02,0.0,4.62
2900,0,0,0,1000.0,10.04,0.0,4.62
2901,0,0,0,1000.0,-0.04,0.0,4.64
2902,0,0,0,1000.0,-0.02,0.0,4.64
2903,0,0,0,1000.0,0.0,0.0,4.64
2904,0,0,0,1000.0,10.0,0.0,4.64
2905,0,0,0,1000.0,10.02,0.0,4.64
2906,0,0,0,1000.0,10.04,0.0,4.64
2907,0,0,0,1000.0,-0.04,0.0,4.66
2908,0,0,0,1000.0,-0.02,0.0,4.66
2909,0,0,0,1000.0,0.0,0.0,4.66
2910,0,0,0,1000.0,10.0,0.0,4.66
2911,0,0,0,1000.0,10.02,0.0,4.66
2912,0,0,0,1000.0,10.04,0.0,4.66
2913,0,0,0,1000.0,-0.04,0.0,4.68
2914,0,0,0,1000.0,-0.02,0.0,4.68
2915,0,0,0,1000.0,0.0,0.0,4.68
2916,0,0,0,1000.0,10.0,0.0,4.68
2917,0,0,0,1000.0,10.02,0.0,4.68
2918,0,0,0,1000.0,10.04,0.0,4.68
2919,0,0,0,1000.0,-0.04,0.0,4.7
2920,0,0,0,1000.0,-0.02,0.0,4.7
2921,0,0,0,1000.0,0.0,0.0,4.7
2922,0,0,0,1000.0,10.0,0.0,4.7
2923,0,0,0,1000.0,10.02,0.0,4.7
2924,0,0,0,1000.0,10.04,0.0,4.7
2925,0,0,0,1000.0,-0.04,0.0,4.72
2926,0,0,0,1000.0,-0.02,0.0,4.72
2927,0,0,0,1000.0,0.0,0.0,4.72
2928,0,0,0,1000.0,10.0,0.0,4.72
2929,0,0,0,1000.0,10.02,0.0,4.72
2930,0,0,0,1000.0,10.04,0.0,4.72
2931,0,0,0,1000.0,-0.04,0.0,4.74
2932,0,0,0,1000.0,-0.02,0.0,4.74
2933,0,0,0,1000.0,0.0,0.0,4.74
2934,0,0,0,1000.0,10.0,0.0,4.74
2935,0,0,0,1000.0,10.02,0.0,4.74
2936,0,0,0,1000.0,10.04,0.0,4.74
2937,0,0,0,1000.0,-0.04,0.0,4.76
2938,0,0,0,1000.0,-0.02,0.0,4.76
2939,0,0,0,1000.0,0.0,0.0,4.76
2940,0,0,0,1000.0,10.0,0.0,4.76
2941,0,0,0,1000.0,10.02,0.0,4.76
2942,0,0,0,1000.0,10.04,0.0,4.76
2943,0,0,0,1000.0,-0.04,0.0,4.78
2944,0,0,0,1000.0,-0.02,0.0,4.78
2945,0,0,0,1000.0,0.0,0.0,4.78
2946,0,0,0,1000.0,10.0,0.0,4.78
2947,0,0,0,1000.0,10.02,0.0,4.78
2948,0,0,0,1000.0,10.04,0.0,4.78
2949,0,0,0,1000.0,-0.04,0.0,4.8
2950,0,0,0,1000.0,-0.02,0.0,4.8
2951,0,0,0,1000.0,0.0,0.0,4.8
2952,0,0,0,1000.0,10.0,0.0,4.8
2953,0,0,0,1000.0,10.02,0.0,4.8
2954,0,0,0,1000.0,10.04,0.0,4.8
2955,0,0,0,1000.0,-0.04,0.0,4.82
2956,0,0,0,1000.0,-0.02,0.0,4.82
2957,0,0,0,1000.0,0.0,0.0,4.82
2958,0,0,0,1000.0,10.0,0.0,4.82
2959,0,0,0,1000.0,10.02,0.0,4.82
2960,0,0,0,1000.0,10.04,0.0,4.82
2961,0,0,0,1000.0,-0.04,0.0,4.84
2962,0,0,0,1000.0,-0.02,0.0,4.84
2963,0,0,0,1000.0,0.0,0.0,4.84
2964,0,0,0,1000.0,10.0,0.0,4.84
2965,0,0,0,1000.0,10.02,0.0,4.84
2966,0,0,0,1000.0,10.04,0.0,4.84
2967,0,0,0,1000.0,-0.04,0.0,4.86
2968,0,0,0,1000.0,-0.02,0.0,4.86
2969,0,0,0,1000.0,0.0,0.0,4.86
2970,0,0,0,1000.0,10.0,0.0,4.86
2971,0,0,0,1000.0,10.02,0.0,4.86
2972,0,0,0,1000.0,10.04,0.0,4.86
2973,0,0,0,1000.0,-0.04,0.0,4.88
2974,0,0,0,1000.0,-0.02,0.0,4.88
2975,0,0,0,1000.0,0.0,0.0,4.88
2976,0,0,0,1000.0,10.0,0.0,4.88
2977,0,0,0,1000.0,10.02,0.0,4.88
2978,0,0,0,1000.0,10.04,0.0,4.88
2979,0,0,0,1000.0,-0.04,0.0,4.9
2980,0,0,0,1000.0,-0.02,0.0,4.9
2981,0,0,0,1000.0,0.0,0.0,4.9
2982,0,0,0,1000.0,10.0,0.0,4.9
2983,0,0,0,1000.0,10.02,0.0,4.9
2984,0,0,0,1000.0,10.04,0.0,4.9
2985,0,0,0,1000.0,-0.04,0.0,4.92
2986,0,0,0,1000.0,-0.02,0.0,4.92
2987,0,0,0,1000.0,0.0,0.0,4.92
2988,0,0,0,1000.0,10.0,0.0,4.92
2989,0,0,0,1000.0,10.02,0.0,4.92
2990,0,0,0,1000.0,10.04,0.0,4.92
2991,0,0,0,1000.0,-0.04,0.0,4.94
2992,0,0,0,1000.0,-0.02,0.0,4.94
2993,0,0,0,1000.0,0.0,0.0,4.94
2994,0,0,0,1000.0,10.0,0.0,4.94
2995,0,0,0,1000.0,10.02,0.0,4.94
2996,0,0,0,1000.0,10.04,0.0,4.94
2997,0,0,0,1000.0,-0.04,0.0,4.96
2998,0,0,0,1000.0,-0.02,0.0,4.96
2999,0,0,0,1000.0,0.0,0.0,4.96
3000,0,0,0,1000.0,10.0,0.0,4.96
3001,0,0,0,1000.0,10.02,0.0,4.96
3002,0,0,0,1000.0,10.04,0.0,4.96
3003,0,0,0,1000.0,-0.04,0.0,4.98
3004,0,0,0,1000.0,-0.02,0.0,4.98
3005,0,0,0,1000.0,0.0,0.0,4.98
3006,0,0,0,1000.0,10.0,0.0,4.98
3007,0,0,0,1000.0,10.02,0.0,4.98
3008,0,0,0,1000.0,10.04,0.0,4.98
3009,0,0,0,1000.0,-0.04,0.0,5.0
3010,0,0,0,1000.0,-0.02,0.0,5.0
3011,0,0,0,1000.0,0.0,0.0,5.0
3012,0,0,0,1000.0,0.02,0.0,5.0
3013,0,0,0,1000.0,0.04,0.0,5.0
3014,0,0,0,1000.0,0.06,0.0,5.0
3015,0,0,0,1000.0,0.08,0.0,5.0
3016,0,0,0,1000.0,0.1,0.0,5.0
3017,0,0,0,1000.0,0.12,0.0,5.0
3018,0,0,0,1000.0,0.14,0.0,5.0
3019,0,0,0,1000.0,0.16,0.0,5.0
3020,0,0,0,1000.0,0.18,0.0,5.0
3021,0,0,0,1000.0,0.2,0.0,5.0
3022,0,0,0,1000.0,0.22,0.0,5.0
3023,0,0,0,1000.0,0.24,0.0,5.0
3024,0,0,0,1000.0,0.26,0.0,5.0
3025,0,0,0,1000.0,0.28,0.0,5.0
3026,0,0,0,1000.0,0.3,0.0,5.0
3027,0,0,0,1000.0,0.32,0.0,5.0
3028,0,0,0,1000.0,0.34,0.0,5.0
3029,0,0,0,1000.0,0.36,0.0,5.0
3030,0,0,0,1000.0,0.38,0.0,5.0
3031,0,0,0,1000.0,0.4,0.0,5.0
3032,0,0,0,1000.0,0.42,0.0,5.0
3033,0,0,0,1000.0,0.44,0.0,5.0
3034,0,0,0,1000.0,0.46,0.0,5.0
3035,0,0,0,1000.0,0.48,0.0,5.0
3036,0,0,0,1000.0,0.5,0.0,5.0
3037,0,0,0,1000.0,0.52,0.0,5.0
3038,0,0,0,1000.0,0.54,0.0,5.0
3039,0,0,0,1000.0,0.56,0.0,5.0
3040,0,0,0,1000.0,0.58,0.0,5.0
3041,0,0,0,1000.0,0.6,0.0,5.0
3042,0,0,0,1000.0,0.62,0.0,5.0
3043,0,0,0,1000.0,0.64,0.0,5.0
3044,0,0,0,1000.0,0.66,0.0,5.0
3045,0,0,0,1000.0,0.68,0.0,5.0
3046,0,0,0,1000.0,0.7,0.0,5.0
3047,0,0,0,1000.0,0.72,0.0,5.0
3048,0,0,0,1000.0,0.74,0.0,5.0
3049,0,0,0,1000.0,0.76,0.0,5.0
3050,0,0,0,1000.0,0.78,0.0,5.0
3051,0,0,0,1000.0,0.8,0.0,5.0
3052,0,0,0,1000.0,0.82,0.0,5.0
3053,0,0,0,1000.0,0.84,0.0,5.0
3054,0,0,0,1000.0,0.86,0.0,5.0
3055,0,0,0,1000.0,0.88,0.0,5.0
3056,0,0,0,1000.0,0.9,0.0,5.0
3057,0,0,0,1000.0,0.92,0.0,5.0
3058,0,0,0,1000.0,0.94,0.0,5.0
3059,0,0,0,1000.0,0.96,0.0,5.0
3060,0,0,0,1000.0,0.98,0.0,5.0
3061,0,0,0,1000.0,1.0,0.0,5.0
3062,0,0,0,1000.0,1.02,0.0,5.0
3063,0,0,0,1000.0,1.04,0.0,5.0
3064,0,0,0,1000.0,1.06,0.0,5.0
3065,0,0,0,1000.0,1.08,0.0,5.0
3066,0,0,0,1000.0,1.1,0.0,5.0
3067,0,0,0,1000.0,1.12,0.0,5.0
3068,0,0,0,1000.0,1.14,0.0,5.0
3069,0,0,0,1000.0,1.16,0.0,5.0
3070,0,0,0,1000.0,1.18,0.0,5.0
3071,0,0,0,1000.0,1.2,0.0,5.0
3072,0,0,0,1000.0,1.22,0.0,5.0
3073,0,0,0,1000.0,1.24,0.0,5.0
3074,0,0,0,1000.0,1.26,0.0,5.0
3075,0,0,0,1000.0,1.28,0.0,5.0
3076,0,0,0,1000.0,1.3,0.0,5.0
3077,0,0,0,1000.0,1.32,0.0,5.0
3078,0,0,0,1000.0,1.34,0.0,5.0
3079,0,0,0,1000.0,1.36,0.0,5.0
3080,0,0,0,1000.0,1.38,0.0,5.0
3081,0,0,0,1000.0,1.4,0.0,5.0
3082,0,0,0,1000.0,1.42,0.0,5.0
3083,0,0,0,1000.0,1.44,0.0,5.0
3084,0,0,0,1000.0,1.46,0.0,5.0
3085,0,0,0,1000.0,1.48,0.0,5.0
3086,0,0,0,1000.0,1.5,0.0,5.0
3087,0,0,0,1000.0,1.52,0.0,5.0
3088,0,0,0,1000.0,1.54,0.0,5.0
3089,0,0,0,1000.0,1.56,0.0,5.0
3090,0,0,0,1000.0,1.58,0.0,5.0
3091,0,0,0,1000.0,1.6,0.0,5.0
3092,0,0,0,1000.0,1.62,0.0,5.0
3093,0,0,0,1000.0,1.64,0.0,5.0
3094,0,0,0,1000.0,1.66,0.0,5.0
3095,0,0,0,1000.0,1.68,0.0,5.0
3096,0,0,0,1000.0,1.7,0.0,5.0
3097,0,0,0,1000.0,1.72,0.0,5.0
3098,0,0,0,1000.0,1.74,0.0,5.0
3099,0,0,0,1000.0,1.76,0.0,5.0
3100,0,0,0,1000.0,1.78,0.0,5.0
3101,0,0,0,1000.0,1.8,0.0,5.0
3102,0,0,0,1000.0,1.82,0.0,5.0
3103,0,0,0,1000.0,1.84,0.0,5.0
3104,0,0,0,1000.0,1.86,0.0,5.0
3105,0,0,0,1000.0,1.88,0.0,5.0
3106,0,0,0,1000.0,1.9,0.0,5.0
3107,0,0,0,1000.0,1.92,0.0,5.0
3108,0,0,0,1000.0,1.94,0.0,5.0
3109,0,0,0,1000.0,1.96,0.0,5.0
3110,0,0,0,1000.0,1.98,0.0,5.0
3111,0,0,0,1000.0,2.0,0.0,5.0
3112,0,0,0,1000.0,2.02,0.0,5.0
3113,0,0,0,1000.0,2.04,0.0,5.0
3114,0,0,0,1000.0,2.06,0.0,5.0
3115,0,0,0,1000.0,2.08,0.0,5.0
3116,0,0,0,1000.0,2.1,0.0,5.0
3117,0,0,0,1000.0,2.12,0.0,5.0
3118,0,0,0,1000.0,2.14,0.0,5.0
3119,0,0,0,1000.0,2.16,0.0,5.0
3120,0,0,0,1000.0,2.18,0.0,5.0
3121,0,0,0,1000.0,2.2,0.0,5.0
3122,0,0,0,1000.0,2.22,0.0,5.0
3123,0,0,0,1000.0,2.24,0.0,5.0
3124,0,0,0,1000.0,2.26,0.0,5.0
3125,0,0,0,1000.0,2.28,0.0,5.0
3126,0,0,0,1000.0,2.3,0.0,5.0
3127,0,0,0,1000.0,2.32,0.0,5.0
3128,0,0,0,1000.0,2.34,0.0,5.0
3129,0,0,0,1000.0,2.36,0.0,5.0
3130,0,0,0,1000.0,2.38,0.0,5.0
3131,0,0,0,1000.0,2.4,0.0,5.0
3132,0,0,0,1000.0,2.42,0.0,5.0
3133,0,0,0,1000.0,2.44,0.0,5.0
3134,0,0,0,1000.0,2.46,0.0,5.0
3135,0,0,0,1000.0,2.48,0.0,5.0
3136,0,0,0,1000.0,2.5,0.0,5.0
3137,0,0,0,1000.0,2.52,0.0,5.0
3138,0,0,0,1000.0,2.54,0.0,5.0
3139,0,0,0,1000.0,2.56,0.0,5.0
3140,0,0,0,1000.0,2.58,0.0,5.0
3141,0,0,0,1000.0,2.6,0.0,5.0
3142,0,0,0,1000.0,2.62,0.0,5.0
3143,0,0,0,1000.0,2.64,0.0,5.0
3144,0,0,0,1000.0,2.66,0.0,5.0
3145,0,0,0,1000.0,2.68,0.0,5.0
3146,0,0,0,1000.0,2.7,0.0,5.0
3147,0,0,0,1000.0,2.72,0.0,5.0
3148,0,0,0,1000.0,2.74,0.0,5.0
3149,0,0,0,1000.0,2.76,0.0,5.0
3150,0,0,0,1000.0,2.78,0.0,5.0
3151,0,0,0,1000.0,2.8,0.0,5.0
3152,0,0,0,1000.0,2.82,0.0,5.0
3153,0,0,0,1000.0,2.84,0.0,5.0
3154,0,0,0,1000.0,2.86,0.0,5.0
3155,0,0,0,1000.0,2.88,0.0,5.0
3156,0,0,0,1000.0,2.9,0.0,5.0
3157,0,0,0,1000.0,2.92,0.0,5.0
3158,0,0,0,1000.0,2.94,0.0,5.0
3159,0,0,0,1000.0,2.96,0.0,5.0
3160,0,0,0,1000.0,2.98,0.0,5.0
3161,0,0,0,1000.0,3.0,0.0,5.0
3162,0,0,0,1000.0,3.02,0.0,5.0
3163,0,0,0,1000.0,3.04,0.0,5.0
3164,0,0,0,1000.0,3.06,0.0,5.0
3165,0,0,0,1000.0,3.08,0.0,5.0
3166,0,0,0,1000.0,3.1,0.0,5.0
3167,0,0,0,1000.0,3.12,0.0,5.0
3168,0,0,0,1000.0,3.14,0.0,5.0
3169,0,0,0,1000.0,3.16,0.0,5.0
3170,0,0,0,1000.0,3.18,0.0,5.0
3171,0,0,0,1000.0,3.2,0.0,5.0
3172,0,0,0,1000.0,3.22,0.0,5.0
3173,0,0,0,1000.0,3.24,0.0,5.0
3174,0,0,0,1000.0,3.26,0.0,5.0
3175,0,0,0,1000.0,3.28,0.0,5.0
3176,0,0,0,1000.0,3.3,0.0,5.0
3177,0,0,0,1000.0,3.32,0.0,5.0
3178,0,0,0,1000.0,3.34,0.0,5.0
3179,0,0,0,1000.0,3.36,0.0,5.0
3180,0,0,0,1000.0,3.38,0.0,5.0
3181,0,0,0,1000.0,3.4,0.0,5.0
3182,0,0,0,1000.0,3.42,0.0,5.0
3183,0,0,0,1000.0,3.44,0.0,5.0
3184,0,0,0,1000.0,3.46,0.0,5.0
3185,0,0,0,1000.0,3.48,0.0,5.0
3186,0,0,0,1000.0,3.5,0.0,5.0
3187,0,0,0,1000.0,3.52,0.0,5.0
3188,0,0,0,1000.0,3.54,0.0,5.0
3189,0,0,0,1000.0,3.56,0.0,5.0
3190,0,0,0,1000.0,3.58,0.0,5.0
3191,0,0,0,1000.0,3.6,0.0,5.0
3192,0,0,0,1000.0,3.62,0.0,5.0
3193,0,0,0,1000.0,3.64,0.0,5.0
3194,0,0,0,1000.0,3.66,0.0,5.0
3195,0,0,0,1000.0,3.68,0.0,5.0
3196,0,0,0,1000.0,3.7,0.0,5.0
3197,0,0,0,1000.0,3.72,0.0,5.0
3198,0,0,0,1000.0,3.74,0.0,5.0
3199,0,0,0,1000.0,3.76,0.0,5.0
3200,0,0,0,1000.0,3.78,0.0,5.0
3201,0,0,0,1000.0,3.8,0.0,5.0
3202,0,0,0,1000.0,3.82,0.0,5.0
3203,0,0,0,1000.0,3.84,0.0,5.0
3204,0,0,0,1000.0,3.86,0.0,5.0
3205,0,0,0,1000.0,3.88,0.0,5.0
3206,0,0,0,1000.0,3.9,0.0,5.0
3207,0,0,0,1000.0,3.92,0.0,5.0
3208,0,0,0,1000.0,3.94,0.0,5.0
3209,0,0,0,1000.0,3.96,0.0,5.0
3210,0,0,0,1000.0,3.98,0.0,5.0
3211,0,0,0,1000.0,4.0,0.0,5.0
3212,0,0,0,1000.0,4.02,0.0,5.0
3213,0,0,0,1000.0,4.04,0.0,5.0
3214,0,0,0,1000.0,4.06,0.0,5.0
3215,0,0,0,1000.0,4.08,0.0,5.0
3216,0,0,0,1000.0,4.1,0.0,5.0
3217,0,0,0,1000.0,4.12,0.0,5.0
3218,0,0,0,1000.0,4.14,0.0,5.0
3219,0,0,0,1000.0,4.16,0.0,5.0
3220,0,0,0,1000.0,4.18,0.0,5.0
3221,0,0,0,1000.0,4.2,0.0,5.0
3222,0,0,0,1000.0,4.22,0.0,5.0
3223,0,0,0,1000.0,4.24,0.0,5.0
3224,0,0,0,1000.0,4.26,0.0,5.0
3225,0,0,0,1000.0,4.28,0.0,5.0
3226,0,0,0,1000.0,4.3,0.0,5.0
3227,0,0,0,1000.0,4.32,0.0,5.0
3228,0,0,0,1000.0,4.34,0.0,5.0
3229,0,0,0,1000.0,4.36,0.0,5.0
3230,0,0,0,1000.0,4.38,0.0,5.0
3231,0,0,0,1000.0,4.4,0.0,5.0
3232,0,0,0,1000.0,4.42,0.0,5.0
3233,0,0,0,1000.0,4.44,0.0,5.0
3234,0,0,0,1000.0,4.46,0.0,5.0
3235,0,0,0,1000.0,4.48,0.0,5.0
3236,0,0,0,1000.0,4.5,0.0,5.0
3237,0,0,0,1000.0,4.52,0.0,5.0
3238,0,0,0,1000.0,4.54,0.0,5.0
3239,0,0,0,1000.0,4.56,0.0,5.0
3240,0,0,0,1000.0,4.58,0.0,5.0
3241,0,0,0,1000.0,4.6,0.0,5.0
3242,0,0,0,1000.0,4.62,0.0,5.0
3243,0,0,0,1000.0,4.64,0.0,5.0
3244,0,0,0,1000.0,4.66,0.0,5.0
3245,0,0,0,1000.0,4.68,0.0,5.0
3246,0,0,0,1000.0,4.7,0.0,5.0
3247,0,0,0,1000.0,4.72,0.0,5.0
3248,0,0,0,1000.0,4.74,0.0,5.0
3249,0,0,0,1000.0,4.76,0.0,5.0
3250,0,0,0,1000.0,4.78,0.0,5.0
3251,0,0,0,1000.0,4.8,0.0,5.0
3252,0,0,0,1000.0,4.82,0.0,5.0
3253,0,0,0,1000.0,4.84,0.0,5.0
3254,0,0,0,1000.0,4.86,0.0,5.0
3255,0,0,0,1000.0,4.88,0.0,5.0
3256,0,0,0,1000.0,4.9,0.0,5.0
3257,0,0,0,1000.0,4.92,0.0,5.0
3258,0,0,0,1000.0,4.94,0.0,5.0
3259,0,0,0,1000.0,4.96,0.0,5.0
3260,0,0,0,1000.0,4.98,0.0,5.0
3261,0,0,0,1000.0,5.0,0.0,5.0
3262,0,0,0,1000.0,5.02,0.0,5.0
3263,0,0,0,1000.0,5.04,0.0,5.0
3264,0,0,0,1000.0,5.06,0.0,5.0
3265,0,0,0,1000.0,5.08,0.0,5.0
3266,0,0,0,1000.0,5.1,0.0,5.0
3267,0,0,0,1000.0,5.12,0.0,5.0
3268,0,0,0,1000.0,5.14,0.0,5.0
3269,0,0,0,1000.0,5.16,0.0,5.0
3270,0,0,0,1000.0,5.18,0.0,5.0
3271,0,0,0,1000.0,5.2,0.0,5.0
3272,0,0,0,1000.0,5.22,0.0,5.0
3273,0,0,0,1000.0,5.24,0.0,5.0
3274,0,0,0,1000.0,5.26,0.0,5.0
3275,0,0,0,1000.0,5.28,0.0,5.0
3276,0,0,0,1000.0,5.3,0.0,5.0
3277,0,0,0,1000.0,5.32,0.0,5.0
3278,0,0,0,1000.0,5.34,0.0,5.0
3279,0,0,0,1000.0,5.36,0.0,5.0
3280,0,0,0,1000.0,5.38,0.0,5.0
3281,0,0,0,1000.0,5.4,0.0,5.0
3282,0,0,0,1000.0,5.42,0.0,5.0
3283,0,0,0,1000.0,5.44,0.0,5.0
3284,0,0,0,1000.0,5.46,0.0,5.0
3285,0,0,0,1000.0,5.48,0.0,5.0
3286,0,0,0,1000.0,5.5,0.0,5.0
3287,0,0,0,1000.0,5.52,0.0,5.0
3288,0,0,0,1000.0,5.54,0.0,5.0
3289,0,0,0,1000.0,5.56,0.0,5.0
3290,0,0,0,1000.0,5.58,0.0,5.0
3291,0,0,0,1000.0,5.6,0.0,5.0
3292,0,0,0,1000.0,5.62,0.0,5.0
3293,0,0,0,1000.0,5.64,0.0,5.0
3294,0,0,0,1000.0,5.66,0.0,5.0
3295,0,0,0,1000.0,5.68,0.0,5.0
3296,0,0,0,1000.0,5.7,0.0,5.0
3297,0,0,0,1000.0,5.72,0.0,5.0
3298,0,0,0,1000.0,5.74,0.0,5.0
3299,0,0,0,1000.0,5.76,0.0,5.0
3300,0,0,0,1000.0,5.78,0.0,5.0
3301,0,0,0,1000.0,5.8,0.0,5.0
3302,0,0,0,1000.0,5.82,0.0,5.0
3303,0,0,0,1000.0,5.84,0.0,5.0
3304,0,0,0,1000.0,5.86,0.0,5.0
3305,0,0,0,1000.0,5.88,0.0,5.0
3306,0,0,0,1000.0,5.9,0.0,5.0
3307,0,0,0,1000.0,5.92,0.0,5.0
3308,0,0,0,1000.0,5.94,0.0,5.0
3309,0,0,0,1000.0,5.96,0.0,5.0
3310,0,0,0,1000.0,5.98,0.0,5.0
3311,0,0,0,1000.0,6.0,0.0,5.0
3312,0,0,0,1000.0,6.02,0.0,5.0
3313,0,0,0,1000.0,6.04,0.0,5.0
3314,0,0,0,1000.0,6.06,0.0,5.0
3315,0,0,0,1000.0,6.08,0.0,5.0
3316,0,0,0,1000.0,6.1,0.0,5.0
3317,0,0,0,1000.0,6.12,0.0,5.0
3318,0,0,0,1000.0,6.14,0.0,5.0
3319,0,0,0,1000.0,6.16,0.0,5.0
3320,0,0,0,1000.0,6.18,0.0,5.0
3321,0,0,0,1000.0,6.2,0.0,5.0
3322,0,0,0,1000.0,6.22,0.0,5.0
3323,0,0,0,1000.0,6.24,0.0,5.0
3324,0,0,0,1000.0,6.26,0.0,5.0
3325,0,0,0,1000.0,6.28,0.0,5.0
3326,0,0,0,1000.0,6.3,0.0,5.0
3327,0,0,0,1000.0,6.32,0.0,5.0
3328,0,0,0,1000.0,6.34,0.0,5.0
3329,0,0,0,1000.0,6.36,0.0,5.0
3330,0,0,0,1000.0,6.38,0.0,5.0
3331,0,0,0,1000.0,6.4,0.0,5.0
3332,0,0,0,1000.0,6.42,0.0,5.0
3333,0,0,0,1000.0,6.44,0.0,5.0
3334,0,0,0,1000.0,6.46,0.0,5.0
3335,0,0,0,1000.0,6.48,0.0,5.0
3336,0,0,0,1000.0,6.5,0.0,5.0
3337,0,0,0,1000.0,6.52,0.0,5.0
3338,0,0,0,1000.0,6.54,0.0,5.0
3339,0,0,0,1000.0,6.56,0.0,5.0
3340,0,0,0,1000.0,6.58,0.0,5.0
3341,0,0,0,1000.0,6.6,0.0,5.0
3342,0,0,0,1000.0,6.62,0.0,5.0
3343,0,0,0,1000.0,6.64,0.0,5.0
3344,0,0,0,1000.0,6.66,0.0,5.0
3345,0,0,0,1000.0,6.68,0.0,5.0
3346,0,0,0,1000.0,6.7,0.0,5.0
3347,0,0,0,1000.0,6.72,0.0,5.0
3348,0,0,0,1000.0,6.74,0.0,5.0
3349,0,0,0,1000.0,6.76,0.0,5.0
3350,0,0,0,1000.0,6.78,0.0,5.0
3351,0,0,0,1000.0,6.8,0.0,5.0
3352,0,0,0,1000.0,6.82,0.0,5.0
3353,0,0,0,1000.0,6.84,0.0,5.0
3354,0,0,0,1000.0,6.86,0.0,5.0
3355,0,0,0,1000.0,6.88,0.0,5.0
3356,0,0,0,1000.0,6.9,0.0,5.0
3357,0,0,0,1000.0,6.92,0.0,5.0
3358,0,0,0,1000.0,6.94,0.0,5.0
3359,0,0,0,1000.0,6.96,0.0,5.0
3360,0,0,0,1000.0,6.98,0.0,5.0
3361,0,0,0,1000.0,7.0,0.0,5.0
3362,0,0,0,1000.0,7.02,0.0,5.0
3363,0,0,0,1000.0,7.04,0.0,5.0
3364,0,0,0,1000.0,7.06,0.0,5.0
3365,0,0,0,1000.0,7.08,0.0,5.0
3366,0,0,0,1000.0,7.1,0.0,5.0
3367,0,0,0,1000.0,7.12,0.0,5.0
3368,0,0,0,1000.0,7.14,0.0,5.0
3369,0,0,0,1000.0,7.16,0.0,5.0
3370,0,0,0,1000.0,7.18,0.0,5.0
3371,0,0,0,1000.0,7.2,0.0,5.0
3372,0,0,0,1000.0,7.22,0.0,5.0
3373,0,0,0,1000.0,7.24,0.0,5.0
3374,0,0,0,1000.0,7.26,0.0,5.0
3375,0,0,0,1000.0,7.28,0.0,5.0
3376,0,0,0,1000.0,7.3,0.0,5.0
3377,0,0,0,1000.0,7.32,0.0,5.0
3378,0,0,0,1000.0,7.34,0.0,5.0
3379,0,0,0,1000.0,7.36,0.0,5.0
3380,0,0,0,1000.0,7.38,0.0,5.0
3381,0,0,0,1000.0,7.4,0.0,5.0
3382,0,0,0,1000.0,7.42,0.0,5.0
3383,0,0,0,1000.0,7.44,0.0,5.0
3384,0,0,0,1000.0,7.46,0.0,5.0
3385,0,0,0,1000.0,7.48,0.0,5.0
3386,0,0,0,1000.0,7.5,0.0,5.0
3387,0,0,0,1000.0,7.52,0.0,5.0
3388,0,0,0,1000.0,7.54,0.0,5.0
3389,0,0,0,1000.0,7.56,0.0,5.0
3390,0,0,0,1000.0,7.58,0.0,5.0
3391,0,0,0,1000.0,7.6,0.0,5.0
3392,0,0,0,1000.0,7.62,0.0,5.0
3393,0,0,0,1000.0,7.64,0.0,5.0
3394,0,0,0,1000.0,7.66,0.0,5.0
3395,0,0,0,1000.0,7.68,0.0,5.0
3396,0,0,0,1000.0,7.7,0.0,5.0
3397,0,0,0,1000.0,7.72,0.0,5.0
3398,0,0,0,1000.0,7.74,0.0,5.0
3399,0,0,0,1000.0,7.76,0.0,5.0
3400,0,0,0,1000.0,7.78,0.0,5.0
3401,0,0,0,1000.0,7.8,0.0,5.0
3402,0,0,0,1000.0,7.82,0.0,5.0
3403,0,0,0,1000.0,7.84,0.0,5.0
3404,0,0,0,1000.0,7.86,0.0,5.0
3405,0,0,0,1000.0,7.88,0.0,5.0
3406,0,0,0,1000.0,7.9,0.0,5.0
3407,0,0,0,1000.0,7.92,0.0,5.0
3408,0,0,0,1000.0,7.94,0.0,5.0
3409,0,0,0,1000.0,7.96,0.0,5.0
3410,0,0,0,1000.0,7.98,0.0,5.0
3411,0,0,0,1000.0,8.0,0.0,5.0
3412,0,0,0,1000.0,8.02,0.0,5.0
3413,0,0,0,1000.0,8.04,0.0,5.0
3414,0,0,0,1000.0,8.06,0.0,5.0
3415,0,0,0,1000.0,8.08,0.0,5.0
3416,0,0,0,1000.0,8.1,0.0,5.0
3417,0,0,0,1000.0,8.12,0.0,5.0
3418,0,0,0,1000.0,8.14,0.0,5.0
3419,0,0,0,1000.0,8.16,0.0,5.0
3420,0,0,0,1000.0,8.18,0.0,5.0
3421,0,0,0,1000.0,8.2,0.0,5.0
3422,0,0,0,1000.0,8.22,0.0,5.0
3423,0,0,0,1000.0,8.24,0.0,5.0
3424,0,0,0,1000.0,8.26,0.0,5.0
3425,0,0,0,1000.0,8.28,0.0,5.0
3426,0,0,0,1000.0,8.3,0.0,5.0
3427,0,0,0,1000.0,8.32,0.0,5.0
3428,0,0,0,1000.0,8.34,0.0,5.0
3429,0,0,0,1000.0,8.36,0.0,5.0
3430,0,0,0,1000.0,8.38,0.0,5.0
3431,0,0,0,1000.0,8.4,0.0,5.0
3432,0,0,0,1000.0,8.42,0.0,5.0
3433,0,0,0,1000.0,8.44,0.0,5.0
3434,0,0,0,1000.0,8.46,0.0,5.0
3435,0,0,0,1000.0,8.48,0.0,5.0
3436,0,0,0,1000.0,8.5,0.0,5.0
3437,0,0,0,1000.0,8.52,0.0,5.0
3438,0,0,0,1000.0,8.54,0.0,5.0
3439,0,0,0,1000.0,8.56,0.0,5.0
3440,0,0,0,1000.0,8.58,0.0,5.0
3441,0,0,0,1000.0,8.6,0.0,5.0
3442,0,0,0,1000.0,8.62,0.0,5.0
3443,0,0,0,1000.0,8.64,0.0,5.0
3444,0,0,0,1000.0,8.66,0.0,5.0
3445,0,0,0,1000.0,8.68,0.0,5.0
3446,0,0,0,1000.0,8.7,0.0,5.0
3447,0,0,0,1000.0,8.72,0.0,5.0
3448,0,0,0,1000.0,8.74,0.0,5.0
3449,0,0,0,1000.0,8.76,0.0,5.0
3450,0,0,0,1000.0,8.78,0.0,5.0
3451,0,0,0,1000.0,8.8,0.0,5.0
3452,0,0,0,1000.0,8.82,0.0,5.0
3453,0,0,0,1000.0,8.84,0.0,5.0
3454,0,0,0,1000.0,8.86,0.0,5.0
3455,0,0,0,1000.0,8.88,0.0,5.0
3456,0,0,0,1000.0,8.9,0.0,5.0
3457,0,0,0,1000.0,8.92,0.0,5.0
3458,0,0,0,1000.0,8.94,0.0,5.0
3459,0,0,0,1000.0,8.96,0.0,5.0
3460,0,0,0,1000.0,8.98,0.0,5.0
3461,0,0,0,1000.0,9.0,0.0,5.0
3462,0,0,0,1000.0,9.02,0.0,5.0
3463,0,0,0,1000.0,9.04,0.0,5.0
3464,0,0,0,1000.0,9.06,0.0,5.0
3465,0,0,0,1000.0,9.08,0.0,5.0
3466,0,0,0,1000.0,9.1,0.0,5.0
3467,0,0,0,1000.0,9.12,0.0,5.0
3468,0,0,0,1000.0,9.14,0.0,5.0
3469,0,0,0,1000.0,9.16,0.0,5.0
3470,0,0,0,1000.0,9.18,0.0,5.0
3471,0,0,0,1000.0,9.2,0.0,5.0
3472,0,0,0,1000.0,9.22,0.0,5.0
3473,0,0,0,1000.0,9.24,0.0,5.0
3474,0,0,0,1000.0,9.26,0.0,5.0
3475,0,0,0,1000.0,9.28,0.0,5.0
3476,0,0,0,1000.0,9.3,0.0,5.0
3477,0,0,0,1000.0,9.32,0.0,5.0
3478,0,0,0,1000.0,9.34,0.0,5.0
3479,0,0,0,1000.0,9.36,0.0,5.0
3480,0,0,0,1000.0,9.38,0.0,5.0
3481,0,0,0,1000.0,9.4,0.0,5.0
3482,0,0,0,1000.0,9.42,0.0,5.0
3483,0,0,0,1000.0,9.44,0.0,5.0
3484,0,0,0,1000.0,9.46,0.0,5.0
3485,0,0,0,1000.0,9.48,0.0,5.0
3486,0,0,0,1000.0,9.5,0.0,5.0
3487,0,0,0,1000.0,9.52,0.0,5.0
3488,0,0,0,1000.0,9.54,0.0,5.0
3489,0,0,0,1000.0,9.56,0.0,5.0
3490,0,0,0,1000.0,9.58,0.0,5.0
3491,0,0,0,1000.0,9.6,0.0,5.0
3492,0,0,0,1000.0,9.62,0.0,5.0
3493,0,0,0,1000.0,9.64,0.0,5.0
3494,0,0,0,1000.0,9.66,0.0,5.0
3495,0,0,0,1000.0,9.68,0.0,5.0
3496,0,0,0,1000.0,9.7,0.0,5.0
3497,0,0,0,1000.0,9.72,0.0,5.0
3498,0,0,0,1000.0,9.74,0.0,5.0
3499,0,0,0,1000.0,9.76,0.0,5.0
3500,0,0,0,1000.0,9.78,0.0,5.0
3501,0,0,0,1000.0,9.8,0.0,5.0
3502,0,0,0,1000.0,9.82,0.0,5.0
3503,0,0,0,1000.0,9.84,0.0,5.0
3504,0,0,0,1000.0,9.86,0.0,5.0
3505,0,0,0,1000.0,9.88,0.0,5.0
3506,0,0,0,1000.0,9.9,0.0,5.0
3507,0,0,0,1000.0,9.92,0.0,5.0
3508,0,0,0,1000.0,9.94,0.0,5.0
3509,0,0,0,1000.0,9.96,0.0,5.0
3510,0,0,0,1000.0,9.98,0.0,5.0
3511,0,0,0,1000.0,10.0,0.0,5.0
3512,0,0,0,1000.0,10.02,0.0,5.0
3513,0,0,0,1000.0,10.04,0.0,5.0
3514,0,0,0,1000.0,-0.04,0.0,5.02
3515,0,0,0,1000.0,-0.02,0.0,5.02
3516,0,0,0,1000.0,0.0,0.0,5.02
3517,0,0,0,1000.0,0.02,0.0,5.02
3518,0,0,0,1000.0,0.04,0.0,5.02
3519,0,0,0,1000.0,0.06,0.0,5.02
3520,0,0,0,1000.0,0.08,0.0,5.02
3521,0,0,0,1000.0,0.1,0.0,5.02
3522,0,0,0,1000.0,0.12,0.0,5.02
3523,0,0,0,1000.0,0.14,0.0,5.02
3524,0,0,0,1000.0,0.16,0.0,5.02
3525,0,0,0,1000.0,0.18,0.0,5.02
3526,0,0,0,1000.0,0.2,0.0,5.02
3527,0,0,0,1000.0,0.22,0.0,5.02
3528,0,0,0,1000.0,0.24,0.0,5.02
3529,0,0,0,1000.0,0.26,0.0,5.02
3530,0,0,0,1000.0,0.28,0.0,5.02
3531,0,0,0,1000.0,0.3,0.0,5.02
3532,0,0,0,1000.0,0.32,0.0,5.02
3533,0,0,0,1000.0,0.34,0.0,5.02
3534,0,0,0,1000.0,0.36,0.0,5.02
3535,0,0,0,1000.0,0.38,0.0,5.02
3536,0,0,0,1000.0,0.4,0.0,5.02
3537,0,0,0,1000.0,0.42,0.0,5.02
3538,0,0,0,1000.0,0.44,0.0,5.02
3539,0,0,0,1000.0,0.46,0.0,5.02
3540,0,0,0,1000.0,0.48,0.0,5.02
3541,0,0,0,1000.0,0.5,0.0,5.02
3542,0,0,0,1000.0,0.52,0.0,5.02
3543,0,0,0,1000.0,0.54,0.0,5.02
3544,0,0,0,1000.0,0.56,0.0,5.02
3545,0,0,0,1000.0,0.58,0.0,5.02
3546,0,0,0,1000.0,0.6,0.0,5.02
3547,0,0,0,1000.0,0.62,0.0,5.02
3548,0,0,0,1000.0,0.64,0.0,5.02
3549,0,0,0,1000.0,0.66,0.0,5.02
3550,0,0,0,1000.0,0.68,0.0,5.02
3551,0,0,0,1000.0,0.7,0.0,5.02
3552,0,0,0,1000.0,0.72,0.0,5.02
3553,0,0,0,1000.0,0.74,0.0,5.02
3554,0,0,0,1000.0,0.76,0.0,5.02
3555,0,0,0,1000.0,0.78,0.0,5.02
3556,0,0,0,1000.0,0.8,0.0,5.02
3557,0,0,0,1000.0,0.82,0.0,5.02
3558,0,0,0,1000.0,0.84,0.0,5.02
3559,0,0,0,1000.0,0.86,0.0,5.02
3560,0,0,0,1000.0,0.88,0.0,5.02
3561,0,0,0,1000.0,0.9,0.0,5.02
3562,0,0,0,1000.0,0.92,0.0,5.02
3563,0,0,0,1000.0,0.94,0.0,5.02
3564,0,0,0,1000.0,0.96,0.0,5.02
3565,0,0,0,1000.0,0.98,0.0,5.02
3566,0,0,0,1000.0,1.0,0.0,5.02
3567,0,0,0,1000.0,1.02,0.0,5.02
3568,0,0,0,1000.0,1.04,0.0,5.02
3569,0,0,0,1000.0,1.06,0.0,5.02
3570,0,0,0,1000.0,1.08,0.0,5.02
3571,0,0,0,1000.0,1.1,0.0,5.02
3572,0,0,0,1000.0,1.12,0.0,5.02
3573,0,0,0,1000.0,1.14,0.0,5.02
3574,0,0,0,1000.0,1.16,0.0,5.02
3575,0,0,0,1000.0,1.18,0.0,5.02
3576,0,0,0,1000.0,1.2,0.0,5.02
3577,0,0,0,1000.0,1.22,0.0,5.02
3578,0,0,0,1000.0,1.24,0.0,5.02
3579,0,0,0,1000.0,1.26,0.0,5.02
3580,0,0,0,1000.0,1.28,0.0,5.02
3581,0,0,0,1000.0,1.3,0.0,5.02
3582,0,0,0,1000.0,1.32,0.0,5.02
3583,0,0,0,1000.0,1.34,0.0,5.02
3584,0,0,0,1000.0,1.36,0.0,5.02
3585,0,0,0,1000.0,1.38,0.0,5.02
3586,0,0,0,1000.0,1.4,0.0,5.02
3587,0,0,0,1000.0,1.42,0.0,5.02
3588,0,0,0,1000.0,1.44,0.0,5.02
3589,0,0,0,1000.0,1.46,0.0,5.02
3590,0,0,0,1000.0,1.48,0.0,5.02
3591,0,0,0,1000.0,1.5,0.0,5.02
3592,0,0,0,1000.0,1.52,0.0,5.02
3593,0,0,0,1000.0,1.54,0.0,5.02
3594,0,0,0,1000.0,1.56,0.0,5.02
3595,0,0,0,1000.0,1.58,0.0,5.02
3596,0,0,0,1000.0,1.6,0.0,5.02
3597,0,0,0,1000.0,1.62,0.0,5.02
3598,0,0,0,1000.0,1.64,0.0,5.02
3599,0,0,0,1000.0,1.66,0.0,5.02
3600,0,0,0,1000.0,1.68,0.0,5.02
3601,0,0,0,1000.0,1.7,0.0,5.02
3602,0,0,0,1000.0,1.72,0.0,5.02
3603,0,0,0,1000.0,1.74,0.0,5.02
3604,0,0,0,1000.0,1.76,0.0,5.02
3605,0,0,0,1000.0,1.78,0.0,5.02
3606,0,0,0,1000.0,1.8,0.0,5.02
3607,0,0,0,1000.0,1.82,0.0,5.02
3608,0,0,0,1000.0,1.84,0.0,5.02
3609,0,0,0,1000.0,1.86,0.0,5.02
3610,0,0,0,1000.0,1.88,0.0,5.02
3611,0,0,0,1000.0,1.9,0.0,5.02
3612,0,0,0,1000.0,1.92,0.0,5.02
3613,0,0,0,1000.0,1.94,0.0,5.02
3614,0,0,0,1000.0,1.96,0.0,5.02
3615,0,0,0,1000.0,1.98,0.0,5.02
3616,0,0,0,1000.0,2.0,0.0,5.02
3617,0,0,0,1000.0,2.02,0.0,5.02
3618,0,0,0,1000.0,2.04,0.0,5.02
3619,0,0,0,1000.0,2.06,0.0,5.02
3620,0,0,0,1000.0,2.08,0.0,5.02
3621,0,0,0,1000.0,2.1,0.0,5.02
3622,0,0,0,1000.0,2.12,0.0,5.02
3623,0,0,0,1000.0,2.14,0.0,5.02
3624,0,0,0,1000.0,2.16,0.0,5.02
3625,0,0,0,1000.0,2.18,0.0,5.02
3626,0,0,0,1000.0,2.2,0.0,5.02
3627,0,0,0,1000.0,2.22,0.0,5.02
3628,0,0,0,1000.0,2.24,0.0,5.02
3629,0,0,0,1000.0,2.26,0.0,5.02
3630,0,0,0,1000.0,2.28,0.0,5.02
3631,0,0,0,1000.0,2.3,0.0,5.02
3632,0,0,0,1000.0,2.32,0.0,5.02
3633,0,0,0,1000.0,2.34,0.0,5.02
3634,0,0,0,1000.0,2.36,0.0,5.02
3635,0,0,0,1000.0,2.38,0.0,5.02
3636,0,0,0,1000.0,2.4,0.0,5.02
3637,0,0,0,1000.0,2.42,0.0,5.02
3638,0,0,0,1000.0,2.44,0.0,5.02
3639,0,0,0,1000.0,2.46,0.0,5.02
3640,0,0,0,1000.0,2.48,0.0,5.02
3641,0,0,0,1000.0,2.5,0.0,5.02
3642,0,0,0,1000.0,2.52,0.0,5.02
3643,0,0,0,1000.0,2.54,0.0,5.02
3644,0,0,0,1000.0,2.56,0.0,5.02
3645,0,0,0,1000.0,2.58,0.0,5.02
3646,0,0,0,1000.0,2.6,0.0,5.02
3647,0,0,0,1000.0,2.62,0.0,5.02
3648,0,0,0,1000.0,2.64,0.0,5.02
3649,0,0,0,1000.0,2.66,0.0,5.02
3650,0,0,0,1000.0,2.68,0.0,5.02
3651,0,0,0,1000.0,2.7,0.0,5.02
3652,0,0,0,1000.0,2.72,0.0,5.02
3653,0,0,0,1000.0,2.74,0.0,5.02
3654,0,0,0,1000.0,2.76,0.0,5.02
3655,0,0,0,1000.0,2.78,0.0,5.02
3656,0,0,0,1000.0,2.8,0.0,5.02
3657,0,0,0,1000.0,2.82,0.0,5.02
3658,0,0,0,1000.0,2.84,0.0,5.02
3659,0,0,0,1000.0,2.86,0.0,5.02
3660,0,0,0,1000.0,2.88,0.0,5.02
3661,0,0,0,1000.0,2.9,0.0,5.02
3662,0,0,0,1000.0,2.92,0.0,5.02
3663,0,0,0,1000.0,2.94,0.0,5.02
3664,0,0,0,1000.0,2.96,0.0,5.02
3665,0,0,0,1000.0,2.98,0.0,5.02
3666,0,0,0,1000.0,3.0,0.0,5.02
3667,0,0,0,1000.0,3.02,0.0,5.02
3668,0,0,0,1000.0,3.04,0.0,5.02
3669,0,0,0,1000.0,3.06,0.0,5.02
3670,0,0,0,1000.0,3.08,0.0,5.02
3671,0,0,0,1000.0,3.1,0.0,5.02
3672,0,0,0,1000.0,3.12,0.0,5.02
3673,0,0,0,1000.0,3.14,0.0,5.02
3674,0,0,0,1000.0,3.16,0.0,5.02
3675,0,0,0,1000.0,3.18,0.0,5.02
3676,0,0,0,1000.0,3.2,0.0,5.02
3677,0,0,0,1000.0,3.22,0.0,5.02
3678,0,0,0,1000.0,3.24,0.0,5.02
3679,0,0,0,1000.0,3.26,0.0,5.02
3680,0,0,0,1000.0,3.28,0.0,5.02
3681,0,0,0,1000.0,3.3,0.0,5.02
3682,0,0,0,1000.0,3.32,0.0,5.02
3683,0,0,0,1000.0,3.34,0.0,5.02
3684,0,0,0,1000.0,3.36,0.0,5.02
3685,0,0,0,1000.0,3.38,0.0,5.02
3686,0,0,0,1000.0,3.4,0.0,5.02
3687,0,0,0,1000.0,3.42,0.0,5.02
3688,0,0,0,1000.0,3.44,0.0,5.02
3689,0,0,0,1000.0,3.46,0.0,5.02
3690,0,0,0,1000.0,3.48,0.0,5.02
3691,0,0,0,1000.0,3.5,0.0,5.02
3692,0,0,0,1000.0,3.52,0.0,5.02
3693,0,0,0,1000.0,3.54,0.0,5.02
3694,0,0,0,1000.0,3.56,0.0,5.02
3695,0,0,0,1000.0,3.58,0.0,5.02
3696,0,0,0,1000.0,3.6,0.0,5.02
3697,0,0,0,1000.0,3.62,0.0,5.02
3698,0,0,0,1000.0,3.64,0.0,5.02
3699,0,0,0,1000.0,3.66,0.0,5.02
3700,0,0,0,1000.0,3.68,0.0,5.02
3701,0,0,0,1000.0,3.7,0.0,5.02
3702,0,0,0,1000.0,3.72,0.0,5.02
3703,0,0,0,1000.0,3.74,0.0,5.02
3704,0,0,0,1000.0,3.76,0.0,5.02
3705,0,0,0,1000.0,3.78,0.0,5.02
3706,0,0,0,1000.0,3.8,0.0,5.02
3707,0,0,0,1000.0,3.82,0.0,5.02
3708,0,0,0,1000.0,3.84,0.0,5.02
3709,0,0,0,1000.0,3.86,0.0,5.02
3710,0,0,0,1000.0,3.88,0.0,5.02
3711,0,0,0,1000.0,3.9,0.0,5.02
3712,0,0,0,1000.0,3.92,0.0,5.02
3713,0,0,0,1000.0,3.94,0.0,5.02
3714,0,0,0,1000.0,3.96,0.0,5.02
3715,0,0,0,1000.0,3.98,0.0,5.02
3716,0,0,0,1000.0,4.0,0.0,5.02
3717,0,0,0,1000.0,4.02,0.0,5.02
3718,0,0,0,1000.0,4.04,0.0,5.02
3719,0,0,0,1000.0,4.06,0.0,5.02
3720,0,0,0,1000.0,4.08,0.0,5.02
3721,0,0,0,1000.0,4.1,0.0,5.02
3722,0,0,0,1000.0,4.12,0.0,5.02
3723,0,0,0,1000.0,4.14,0.0,5.02
3724,0,0,0,1000.0,4.16,0.0,5.02
3725,0,0,0,1000.0,4.18,0.0,5.02
3726,0,0,0,1000.0,4.2,0.0,5.02
3727,0,0,0,1000.0,4.22,0.0,5.02
3728,0,0,0,1000.0,4.24,0.0,5.02
3729,0,0,0,1000.0,4.26,0.0,5.02
3730,0,0,0,1000.0,4.28,0.0,5.02
3731,0,0,0,1000.0,4.3,0.0,5.02
3732,0,0,0,1000.0,4.32,0.0,5.02
3733,0,0,0,1000.0,4.34,0.0,5.02
3734,0,0,0,1000.0,4.36,0.0,5.02
3735,0,0,0,1000.0,4.38,0.0,5.02
3736,0,0,0,1000.0,4.4,0.0,5.02
3737,0,0,0,1000.0,4.42,0.0,5.02
3738,0,0,0,1000.0,4.44,0.0,5.02
3739,0,0,0,1000.0,4.46,0.0,5.02
3740,0,0,0,1000.0,4.48,0.0,5.02
3741,0,0,0,1000.0,4.5,0.0,5.02
3742,0,0,0,1000.0,4.52,0.0,5.02
3743,0,0,0,1000.0,4.54,0.0,5.02
3744,0,0,0,1000.0,4.56,0.0,5.02
3745,0,0,0,1000.0,4.58,0.0,5.02
3746,0,0,0,1000.0,4.6,0.0,5.02
3747,0,0,0,1000.0,4.62,0.0,5.02
3748,0,0,0,1000.0,4.64,0.0,5.02
3749,0,0,0,1000.0,4.66,0.0,5.02
3750,0,0,0,1000.0,4.68,0.0,5.02
3751,0,0,0,1000.0,4.7,0.0,5.02
3752,0,0,0,1000.0,4.72,0.0,5.02
3753,0,0,0,1000.0,4.74,0.0,5.02
3754,0,0,0,1000.0,4.76,0.0,5.02
3755,0,0,0,1000.0,4.78,0.0,5.02
3756,0,0,0,1000.0,4.8,0.0,5.02
3757,0,0,0,1000.0,4.82,0.0,5.02
3758,0,0,0,1000.0,4.84,0.0,5.02
3759,0,0,0,1000.0,4.86,0.0,5.02
3760,0,0,0,1000.0,4.88,0.0,5.02
3761,0,0,0,1000.0,4.9,0.0,5.02
3762,0,0,0,1000.0,4.92,0.0,5.02
3763,0,0,0,1000.0,4.94,0.0,5.02
3764,0,0,0,1000.0,4.96,0.0,5.02
3765,0,0,0,1000.0,4.98,0.0,5.02
3766,0,0,0,1000.0,5.0,0.0,5.02
3767,0,0,0,1000.0,5.02,0.0,5.02
3768,0,0,0,1000.0,5.04,0.0,5.02
3769,0,0,0,1000.0,5.06,0.0,5.02
3770,0,0,0,1000.0,5.08,0.0,5.02
3771,0,0,0,1000.0,5.1,0.0,5.02
3772,0,0,0,1000.0,5.12,0.0,5.02
3773,0,0,0,1000.0,5.14,0.0,5.02
3774,0,0,0,1000.0,5.16,0.0,5.02
3775,0,0,0,1000.0,5.18,0.0,5.02
3776,0,0,0,1000.0,5.2,0.0,5.02
3777,0,0,0,1000.0,5.22,0.0,5.02
3778,0,0,0,1000.0,5.24,0.0,5.02
3779,0,0,0,1000.0,5.26,0.0,5.02
3780,0,0,0,1000.0,5.28,0.0,5.02
3781,0,0,0,1000.0,5.3,0.0,5.02
3782,0,0,0,1000.0,5.32,0.0,5.02
3783,0,0,0,1000.0,5.34,0.0,5.02
3784,0,0,0,1000.0,5.36,0.0,5.02
3785,0,0,0,1000.0,5.38,0.0,5.02
3786,0,0,0,1000.0,5.4,0.0,5.02
3787,0,0,0,1000.0,5.42,0.0,5.02
3788,0,0,0,1000.0,5.44,0.0,5.02
3789,0,0,0,1000.0,5.46,0.0,5.02
3790,0,0,0,1000.0,5.48,0.0,5.02
3791,0,0,0,1000.0,5.5,0.0,5.02
3792,0,0,0,1000.0,5.52,0.0,5.02
3793,0,0,0,1000.0,5.54,0.0,5.02
3794,0,0,0,1000.0,5.56,0.0,5.02
3795,0,0,0,1000.0,5.58,0.0,5.02
3796,0,0,0,1000.0,5.6,0.0,5.02
3797,0,0,0,1000.0,5.62,0.0,5.02
3798,0,0,0,1000.0,5.64,0.0,5.02
3799,0,0,0,1000.0,5.66,0.0,5.02
3800,0,0,0,1000.0,5.68,0.0,5.02
3801,0,0,0,1000.0,5.7,0.0,5.02
3802,0,0,0,1000.0,5.72,0.0,5.02
3803,0,0,0,1000.0,5.74,0.0,5.02
3804,0,0,0,1000.0,5.76,0.0,5.02
3805,0,0,0,1000.0,5.78,0.0,5.02
3806,0,0,0,1000.0,5.8,0.0,5.02
3807,0,0,0,1000.0,5.82,0.0,5.02
3808,0,0,0,1000.0,5.84,0.0,5.02
3809,0,0,0,1000.0,5.86,0.0,5.02
3810,0,0,0,1000.0,5.88,0.0,5.02
3811,0,0,0,1000.0,5.9,0.0,5.02
3812,0,0,0,1000.0,5.92,0.0,5.02
3813,0,0,0,1000.0,5.94,0.0,5.02
3814,0,0,0,1000.0,5.96,0.0,5.02
3815,0,0,0,1000.0,5.98,0.0,5.02
3816,0,0,0,1000.0,6.0,0.0,5.02
3817,0,0,0,1000.0,6.02,0.0,5.02
3818,0,0,0,1000.0,6.04,0.0,5.02
3819,0,0,0,1000.0,6.06,0.0,5.02
3820,0,0,0,1000.0,6.08,0.0,5.02
3821,0,0,0,1000.0,6.1,0.0,5.02
3822,0,0,0,1000.0,6.12,0.0,5.02
3823,0,0,0,1000.0,6.14,0.0,5.02
3824,0,0,0,1000.0,6.16,0.0,5.02
3825,0,0,0,1000.0,6.18,0.0,5.02
3826,0,0,0,1000.0,6.2,0.0,5.02
3827,0,0,0,1000.0,6.22,0.0,5.02
3828,0,0,0,1000.0,6.24,0.0,5.02
3829,0,0,0,1000.0,6.26,0.0,5.02
3830,0,0,0,1000.0,6.28,0.0,5.02
3831,0,0,0,1000.0,6.3,0.0,5.02
3832,0,0,0,1000.0,6.32,0.0,5.02
3833,0,0,0,1000.0,6.34,0.0,5.02
3834,0,0,0,1000.0,6.36,0.0,5.02
3835,0,0,0,1000.0,6.38,0.0,5.02
3836,0,0,0,1000.0,6.4,0.0,5.02
3837,0,0,0,1000.0,6.42,0.0,5.02
3838,0,0,0,1000.0,6.44,0.0,5.02
3839,0,0,0,1000.0,6.46,0.0,5.02
3840,0,0,0,1000.0,6.48,0.0,5.02
3841,0,0,0,1000.0,6.5,0.0,5.02
3842,0,0,0,1000.0,6.52,0.0,5.02
3843,0,0,0,1000.0,6.54,0.0,5.02
3844,0,0,0,1000.0,6.56,0.0,5.02
3845,0,0,0,1000.0,6.58,0.0,5.02
3846,0,0,0,1000.0,6.6,0.0,5.02
3847,0,0,0,1000.0,6.62,0.0,5.02
3848,0,0,0,1000.0,6.64,0.0,5.02
3849,0,0,0,1000.0,6.66,0.0,5.02
3850,0,0,0,1000.0,6.68,0.0,5.02
3851,0,0,0,1000.0,6.7,0.0,5.02
3852,0,0,0,1000.0,6.72,0.0,5.02
3853,0,0,0,1000.0,6.74,0.0,5.02
3854,0,0,0,1000.0,6.76,0.0,5.02
3855,0,0,0,1000.0,6.78,0.0,5.02
3856,0,0,0,1000.0,6.8,0.0,5.02
3857,0,0,0,1000.0,6.82,0.0,5.02
3858,0,0,0,1000.0,6.84,0.0,5.02
3859,0,0,0,1000.0,6.86,0.0,5.02
3860,0,0,0,1000.0,6.88,0.0,5.02
3861,0,0,0,1000.0,6.9,0.0,5.02
3862,0,0,0,1000.0,6.92,0.0,5.02
3863,0,0,0,1000.0,6.94,0.0,5.02
3864,0,0,0,1000.0,6.96,0.0,5.02
3865,0,0,0,1000.0,6.98,0.0,5.02
3866,0,0,0,1000.0,7.0,0.0,5.02
3867,0,0,0,1000.0,7.02,0.0,5.02
3868,0,0,0,1000.0,7.04,0.0,5.02
3869,0,0,0,1000.0,7.06,0.0,5.02
3870,0,0,0,1000.0,7.08,0.0,5.02
3871,0,0,0,1000.0,7.1,0.0,5.02
3872,0,0,0,1000.0,7.12,0.0,5.02
3873,0,0,0,1000.0,7.14,0.0,5.02
3874,0,0,0,1000.0,7.16,0.0,5.02
3875,0,0,0,1000.0,7.18,0.0,5.02
3876,0,0,0,1000.0,7.2,0.0,5.02
3877,0,0,0,1000.0,7.22,0.0,5.02
3878,0,0,0,1000.0,7.24,0.0,5.02
3879,0,0,0,1000.0,7.26,0.0,5.02
3880,0,0,0,1000.0,7.28,0.0,5.02
3881,0,0,0,1000.0,7.3,0.0,5.02
3882,0,0,0,1000.0,7.32,0.0,5.02
3883,0,0,0,1000.0,7.34,0.0,5.02
3884,0,0,0,1000.0,7.36,0.0,5.02
3885,0,0,0,1000.0,7.38,0.0,5.02
3886,0,0,0,1000.0,7.4,0.0,5.02
3887,0,0,0,1000.0,7.42,0.0,5.02
3888,0,0,0,1000.0,7.44,0.0,5.02
3889,0,0,0,1000.0,7.46,0.0,5.02
3890,0,0,0,1000.0,7.48,0.0,5.02
3891,0,0,0,1000.0,7.5,0.0,5.02
3892,0,0,0,1000.0,7.52,0.0,5.02
3893,0,0,0,1000.0,7.54,0.0,5.02
3894,0,0,0,1000.0,7.56,0.0,5.02
3895,0,0,0,1000.0,7.58,0.0,5.02
3896,0,0,0,1000.0,7.6,0.0,5.02
3897,0,0,0,1000.0,7.62,0.0,5.02
3898,0,0,0,1000.0,7.64,0.0,5.02
3899,0,0,0,1000.0,7.66,0.0,5.02
3900,0,0,0,1000.0,7.68,0.0,5.02
3901,0,0,0,1000.0,7.7,0.0,5.02
3902,0,0,0,1000.0,7.72,0.0,5.02
3903,0,0,0,1000.0,7.74,0.0,5.02
3904,0,0,0,1000.0,7.76,0.0,5.02
3905,0,0,0,1000.0,7.78,0.0,5.02
3906,0,0,0,1000.0,7.8,0.0,5.02
3907,0,0,0,1000.0,7.82,0.0,5.02
3908,0,0,0,1000.0,7.84,0.0,5.02
3909,0,0,0,1000.0,7.86,0.0,5.02
3910,0,0,0,1000.0,7.88,0.0,5.02
3911,0,0,0,1000.0,7.9,0.0,5.02
3912,0,0,0,1000.0,7.92,0.0,5.02
3913,0,0,0,1000.0,7.94,0.0,5.02
3914,0,0,0,1000.0,7.96,0.0,5.02
3915,0,0,0,1000.0,7.98,0.0,5.02
3916,0,0,0,1000.0,8.0,0.0,5.02
3917,0,0,0,1000.0,8.02,0.0,5.02
3918,0,0,0,1000.0,8.04,0.0,5.02
3919,0,0,0,1000.0,8.06,0.0,5.02
3920,0,0,0,1000.0,8.08,0.0,5.02
3921,0,0,0,1000.0,8.1,0.0,5.02
3922,0,0,0,1000.0,8.12,0.0,5.02
3923,0,0,0,1000.0,8.14,0.0,5.02
3924,0,0,0,1000.0,8.16,0.0,5.02
3925,0,0,0,1000.0,8.18,0.0,5.02
3926,0,0,0,1000.0,8.2,0.0,5.02
3927,0,0,0,1000.0,8.22,0.0,5.02
3928,0,0,0,1000.0,8.24,0.0,5.02
3929,0,0,0,1000.0,8.26,0.0,5.02
3930,0,0,0,1000.0,8.28,0.0,5.02
3931,0,0,0,1000.0,8.3,0.0,5.02
3932,0,0,0,1000.0,8.32,0.0,5.02
3933,0,0,0,1000.0,8.34,0.0,5.02
3934,0,0,0,1000.0,8.36,0.0,5.02
3935,0,0,0,1000.0,8.38,0.0,5.02
3936,0,0,0,1000.0,8.4,0.0,5.02
3937,0,0,0,1000.0,8.42,0.0,5.02
3938,0,0,0,1000.0,8.44,0.0,5.02
3939,0,0,0,1000.0,8.46,0.0,5.02
3940,0,0,0,1000.0,8.48,0.0,5.02
3941,0,0,0,1000.0,8.5,0.0,5.02
3942,0,0,0,1000.0,8.52,0.0,5.02
3943,0,0,0,1000.0,8.54,0.0,5.02
3944,0,0,0,1000.0,8.56,0.0,5.02
3945,0,0,0,1000.0,8.58,0.0,5.02
3946,0,0,0,1000.0,8.6,0.0,5.02
3947,0,0,0,1000.0,8.62,0.0,5.02
3948,0,0,0,1000.0,8.64,0.0,5.02
3949,0,0,0,1000.0,8.66,0.0,5.02
3950,0,0,0,1000.0,8.68,0.0,5.02
3951,0,0,0,1000.0,8.7,0.0,5.02
3952,0,0,0,1000.0,8.72,0.0,5.02
3953,0,0,0,1000.0,8.74,0.0,5.02
3954,0,0,0,1000.0,8.76,0.0,5.02
3955,0,0,0,1000.0,8.78,0.0,5.02
3956,0,0,0,1000.0,8.8,0.0,5.02
3957,0,0,0,1000.0,8.82,0.0,5.02
3958,0,0,0,1000.0,8.84,0.0,5.02
3959,0,0,0,1000.0,8.86,0.0,5.02
3960,0,0,0,1000.0,8.88,0.0,5.02
3961,0,0,0,1000.0,8.9,0.0,5.02
3962,0,0,0,1000.0,8.92,0.0,5.02
3963,0,0,0,1000.0,8.94,0.0,5.02
3964,0,0,0,1000.0,8.96,0.0,5.02
3965,0,0,0,1000.0,8.98,0.0,5.02
3966,0,0,0,1000.0,9.0,0.0,5.02
3967,0,0,0,1000.0,9.02,0.0,5.02
3968,0,0,0,1000.0,9.04,0.0,5.02
3969,0,0,0,1000.0,9.06,0.0,5.02
3970,0,0,0,1000.0,9.08,0.0,5.02
3971,0,0,0,1000.0,9.1,0.0,5.02
3972,0,0,0,1000.0,9.12,0.0,5.02
3973,0,0,0,1000.0,9.14,0.0,5.02
3974,0,0,0,1000.0,9.16,0.0,5.02
3975,0,0,0,1000.0,9.18,0.0,5.02
3976,0,0,0,1000.0,9.2,0.0,5.02
3977,0,0,0,1000.0,9.22,0.0,5.02
3978,0,0,0,1000.0,9.24,0.0,5.02
3979,0,0,0,1000.0,9.26,0.0,5.02
3980,0,0,0,1000.0,9.28,0.0,5.02
3981,0,0,0,1000.0,9.3,0.0,5.02
3982,0,0,0,1000.0,9.32,0.0,5.02
3983,0,0,0,1000.0,9.34,0.0,5.02
3984,0,0,0,1000.0,9.36,0.0,5.02
3985,0,0,0,1000.0,9.38,0.0,5.02
3986,0,0,0,1000.0,9.4,0.0,5.02
3987,0,0,0,1000.0,9.42,0.0,5.02
3988,0,0,0,1000.0,9.44,0.0,5.02
3989,0,0,0,1000.0,9.46,0.0,5.02
3990,0,0,0,1000.0,9.48,0.0,5.02
3991,0,0,0,1000.0,9.5,0.0,5.02
3992,0,0,0,1000.0,9.52,0.0,5.02
3993,0,0,0,1000.0,9.54,0.0,5.02
3994,0,0,0,1000.0,9.56,0.0,5.02
3995,0,0,0,1000.0,9.58,0.0,5.02
3996,0,0,0,1000.0,9.6,0.0,5.02
3997,0,0,0,1000.0,9.62,0.0,5.02
3998,0,0,0,1000.0,9.64,0.0,5.02
3999,0,0,0,1000.0,9.66,0.0,5.02
4000,0,0,0,1000.0,9.68,0.0,5.02
4001,0,0,0,1000.0,9.7,0.0,5.02
4002,0,0,0,1000.0,9.72,0.0,5.02
4003,0,0,0,1000.0,9.74,0.0,5.02
4004,0,0,0,1000.0,9.76,0.0,5.02
4005,0,0,0,1000.0,9.78,0.0,5.02
4006,0,0,0,1000.0,9.8,0.0,5.02
4007,0,0,0,1000.0,9.82,0.0,5.02
4008,0,0,0,1000.0,9.84,0.0,5.02
4009,0,0,0,1000.0,9.86,0.0,5.02
4010,0,0,0,1000.0,9.88,0.0,5.02
4011,0,0,0,1000.0,9.9,0.0,5.02
4012,0,0,0,1000.0,9.92,0.0,5.02
4013,0,0,0,1000.0,9.94,0.0,5.02
4014,0,0,0,1000.0,9.96,0.0,5.02
4015,0,0,0,1000.0,9.98,0.0,5.02
4016,0,0,0,1000.0,10.0,0.0,5.02
4017,0,0,0,1000.0,10.02,0.0,5.02
4018,0,0,0,1000.0,10.04,0.0,5.02
4019,0,0,0,1000.0,-0.04,0.0,5.04
4020,0,0,0,1000.0,-0.02,0.0,5.04
4021,0,0,0,1000.0,0.0,0.0,5.04
4022,0,0,0,1000.0,0.02,0.0,5.04
4023,0,0,0,1000.0,0.04,0.0,5.04
4024,0,0,0,1000.0,0.06,0.0,5.04
4025,0,0,0,1000.0,0.08,0.0,5.04
4026,0,0,0,1000.0,0.1,0.0,5.04
4027,0,0,0,1000.0,0.12,0.0,5.04
4028,0,0,0,1000.0,0.14,0.0,5.04
4029,0,0,0,1000.0,0.16,0.0,5.04
4030,0,0,0,1000.0,0.18,0.0,5.04
4031,0,0,0,1000.0,0.2,0.0,5.04
4032,0,0,0,1000.0,0.22,0.0,5.04
4033,0,0,0,1000.0,0.24,0.0,5.04
4034,0,0,0,1000.0,0.26,0.0,5.04
4035,0,0,0,1000.0,0.28,0.0,5.04
4036,0,0,0,1000.0,0.3,0.0,5.04
4037,0,0,0,1000.0,0.32,0.0,5.04
4038,0,0,0,1000.0,0.34,0.0,5.04
4039,0,0,0,1000.0,0.36,0.0,5.04
4040,0,0,0,1000.0,0.38,0.0,5.04
4041,0,0,0,1000.0,0.4,0.0,5.04
4042,0,0,0,1000.0,0.42,0.0,5.04
4043,0,0,0,1000.0,0.44,0.0,5.04
4044,0,0,0,1000.0,0.46,0.0,5.04
4045,0,0,0,1000.0,0.48,0.0,5.04
4046,0,0,0,1000.0,0.5,0.0,5.04
4047,0,0,0,1000.0,0.52,0.0,5.04
4048,0,0,0,1000.0,0.54,0.0,5.04
4049,0,0,0,1000.0,0.56,0.0,5.04
4050,0,0,0,1000.0,0.58,0.0,5.04
4051,0,0,0,1000.0,0.6,0.0,5.04
4052,0,0,0,1000.0,0.62,0.0,5.04
4053,0,0,0,1000.0,0.64,0.0,5.04
4054,0,0,0,1000.0,0.66,0.0,5.04
4055,0,0,0,1000.0,0.68,0.0,5.04
4056,0,0,0,1000.0,0.7,0.0,5.04
4057,0,0,0,1000.0,0.72,0.0,5.04
4058,0,0,0,1000.0,0.74,0.0,5.04
4059,0,0,0,1000.0,0.76,0.0,5.04
4060,0,0,0,1000.0,0.78,0.0,5.04
4061,0,0,0,1000.0,0.8,0.0,5.04
4062,0,0,0,1000.0,0.82,0.0,5.04
4063,0,0,0,1000.0,0.84,0.0,5.04
4064,0,0,0,1000.0,0.86,0.0,5.04
4065,0,0,0,1000.0,0.88,0.0,5.04
4066,0,0,0,1000.0,0.9,0.0,5.04
4067,0,0,0,1000.0,0.92,0.0,5.04
4068,0,0,0,1000.0,0.94,0.0,5.04
4069,0,0,0,1000.0,0.96,0.0,5.04
4070,0,0,0,1000.0,0.98,0.0,5.04
4071,0,0,0,1000.0,1.0,0.0,5.04
4072,0,0,0,1000.0,1.02,0.0,5.04
4073,0,0,0,1000.0,1.04,0.0,5.04
4074,0,0,0,1000.0,1.06,0.0,5.04
4075,0,0,0,1000.0,1.08,0.0,5.04
4076,0,0,0,1000.0,1.1,0.0,5.04
4077,0,0,0,1000.0,1.12,0.0,5.04
4078,0,0,0,1000.0,1.14,0.0,5.04
4079,0,0,0,1000.0,1.16,0.0,5.04
4080,0,0,0,1000.0,1.18,0.0,5.04
4081,0,0,0,1000.0,1.2,0.0,5.04
4082,0,0,0,1000.0,1.22,0.0,5.04
4083,0,0,0,1000.0,1.24,0.0,5.04
4084,0,0,0,1000.0,1.26,0.0,5.04
4085,0,0,0,1000.0,1.28,0.0,5.04
4086,0,0,0,1000.0,1.3,0.0,5.04
4087,0,0,0,1000.0,1.32,0.0,5.04
4088,0,0,0,1000.0,1.34,0.0,5.04
4089,0,0,0,1000.0,1.36,0.0,5.04
4090,0,0,0,1000.0,1.38,0.0,5.04
4091,0,0,0,1000.0,1.4,0.0,5.04
4092,0,0,0,1000.0,1.42,0.0,5.04
4093,0,0,0,1000.0,1.44,0.0,5.04
4094,0,0,0,1000.0,1.46,0.0,5.04
4095,0,0,0,1000.0,1.48,0.0,5.04
4096,0,0,0,1000.0,1.5,0.0,5.04
4097,0,0,0,1000.0,1.52,0.0,5.04
4098,0,0,0,1000.0,1.54,0.0,5.04
4099,0,0,0,1000.0,1.56,0.0,5.04
4100,0,0,0,1000.0,1.58,0.0,5.04
4101,0,0,0,1000.0,1.6,0.0,5.04
4102,0,0,0,1000.0,1.62,0.0,5.04
4103,0,0,0,1000.0,1.64,0.0,5.04
4104,0,0,0,1000.0,1.66,0.0,5.04
4105,0,0,0,1000.0,1.68,0.0,5.04
4106,0,0,0,1000.0,1.7,0.0,5.04
4107,0,0,0,1000.0,1.72,0.0,5.04
4108,0,0,0,1000.0,1.74,0.0,5.04
4109,0,0,0,1000.0,1.76,0.0,5.04
4110,0,0,0,1000.0,1.78,0.0,5.04
4111,0,0,0,1000.0,1.8,0.0,5.04
4112,0,0,0,1000.0,1.82,0.0,5.04
4113,0,0,0,1000.0,1.84,0.0,5.04
4114,0,0,0,1000.0,1.86,0.0,5.04
4115,0,0,0,1000.0,1.88,0.0,5.04
4116,0,0,0,1000.0,1.9,0.0,5.04
4117,0,0,0,1000.0,1.92,0.0,5.04
4118,0,0,0,1000.0,1.94,0.0,5.04
4119,0,0,0,1000.0,1.96,0.0,5.04
4120,0,0,0,1000.0,1.98,0.0,5.04
4121,0,0,0,1000.0,2.0,0.0,5.04
4122,0,0,0,1000.0,2.02,0.0,5.04
4123,0,0,0,1000.0,2.04,0.0,5.04
4124,0,0,0,1000.0,2.06,0.0,5.04
4125,0,0,0,1000.0,2.08,0.0,5.04
4126,0,0,0,1000.0,2.1,0.0,5.04
4127,0,0,0,1000.0,2.12,0.0,5.04
4128,0,0,0,1000.0,2.14,0.0,5.04
4129,0,0,0,1000.0,2.16,0.0,5.04
4130,0,0,0,1000.0,2.18,0.0,5.04
4131,0,0,0,1000.0,2.2,0.0,5.04
4132,0,0,0,1000.0,2.22,0.0,5.04
4133,0,0,0,1000.0,2.24,0.0,5.04
4134,0,0,0,1000.0,2.26,0.0,5.04
4135,0,0,0,1000.0,2.28,0.0,5.04
4136,0,0,0,1000.0,2.3,0.0,5.04
4137,0,0,0,1000.0,2.32,0.0,5.04
4138,0,0,0,1000.0,2.34,0.0,5.04
4139,0,0,0,1000.0,2.36,0.0,5.04
4140,0,0,0,1000.0,2.38,0.0,5.04
4141,0,0,0,1000.0,2.4,0.0,5.04
4142,0,0,0,1000.0,2.42,0.0,5.04
4143,0,0,0,1000.0,2.44,0.0,5.04
4144,0,0,0,1000.0,2.46,0.0,5.04
4145,0,0,0,1000.0,2.48,0.0,5.04
4146,0,0,0,1000.0,2.5,0.0,5.04
4147,0,0,0,1000.0,2.52,0.0,5.04
4148,0,0,0,1000.0,2.54,0.0,5.04
4149,0,0,0,1000.0,2.56,0.0,5.04
4150,0,0,0,1000.0,2.58,0.0,5.04
4151,0,0,0,1000.0,2.6,0.0,5.04
4152,0,0,0,1000.0,2.62,0.0,5.04
4153,0,0,0,1000.0,2.64,0.0,5.04
4154,0,0,0,1000.0,2.66,0.0,5.04
4155,0,0,0,1000.0,2.68,0.0,5.04
4156,0,0,0,1000.0,2.7,0.0,5.04
4157,0,0,0,1000.0,2.72,0.0,5.04
4158,0,0,0,1000.0,2.74,0.0,5.04
4159,0,0,0,1000.0,2.76,0.0,5.04
4160,0,0,0,1000.0,2.78,0.0,5.04
4161,0,0,0,1000.0,2.8,0.0,5.04
4162,0,0,0,1000.0,2.82,0.0,5.04
4163,0,0,0,1000.0,2.84,0.0,5.04
4164,0,0,0,1000.0,2.86,0.0,5.04
4165,0,0,0,1000.0,2.88,0.0,5.04
4166,0,0,0,1000.0,2.9,0.0,5.04
4167,0,0,0,1000.0,2.92,0.0,5.04
4168,0,0,0,1000.0,2.94,0.0,5.04
4169,0,0,0,1000.0,2.96,0.0,5.04
4170,0,0,0,1000.0,2.98,0.0,5.04
4171,0,0,0,1000.0,3.0,0.0,5.04
4172,0,0,0,1000.0,3.02,0.0,5.04
4173,0,0,0,1000.0,3.04,0.0,5.04
4174,0,0,0,1000.0,3.06,0.0,5.04
4175,0,0,0,1000.0,3.08,0.0,5.04
4176,0,0,0,1000.0,3.1,0.0,5.04
4177,0,0,0,1000.0,3.12,0.0,5.04
4178,0,0,0,1000.0,3.14,0.0,5.04
4179,0,0,0,1000.0,3.16,0.0,5.04
4180,0,0,0,1000.0,3.18,0.0,5.04
4181,0,0,0,1000.0,3.2,0.0,5.04
4182,0,0,0,1000.0,3.22,0.0,5.04
4183,0,0,0,1000.0,3.24,0.0,5.04
4184,0,0,0,1000.0,3.26,0.0,5.04
4185,0,0,0,1000.0,3.28,0.0,5.04
4186,0,0,0,1000.0,3.3,0.0,5.04
4187,0,0,0,1000.0,3.32,0.0,5.04
4188,0,0,0,1000.0,3.34,0.0,5.04
4189,0,0,0,1000.0,3.36,0.0,5.04
4190,0,0,0,1000.0,3.38,0.0,5.04
4191,0,0,0,1000.0,3.4,0.0,5.04
4192,0,0,0,1000.0,3.42,0.0,5.04
4193,0,0,0,1000.0,3.44,0.0,5.04
4194,0,0,0,1000.0,3.46,0.0,5.04
4195,0,0,0,1000.0,3.48,0.0,5.04
4196,0,0,0,1000.0,3.5,0.0,5.04
4197,0,0,0,1000.0,3.52,0.0,5.04
4198,0,0,0,1000.0,3.54,0.0,5.04
4199,0,0,0,1000.0,3.56,0.0,5.04
4200,0,0,0,1000.0,3.58,0.0,5.04
4201,0,0,0,1000.0,3.6,0.0,5.04
4202,0,0,0,1000.0,3.62,0.0,5.04
4203,0,0,0,1000.0,3.64,0.0,5.04
4204,0,0,0,1000.0,3.66,0.0,5.04
4205,0,0,0,1000.0,3.68,0.0,5.04
4206,0,0,0,1000.0,3.7,0.0,5.04
4207,0,0,0,1000.0,3.72,0.0,5.04
4208,0,0,0,1000.0,3.74,0.0,5.04
4209,0,0,0,1000.0,3.76,0.0,5.04
4210,0,0,0,1000.0,3.78,0.0,5.04
4211,0,0,0,1000.0,3.8,0.0,5.04
4212,0,0,0,1000.0,3.82,0.0,5.04
4213,0,0,0,1000.0,3.84,0.0,5.04
4214,0,0,0,1000.0,3.86,0.0,5.04
4215,0,0,0,1000.0,3.88,0.0,5.04
4216,0,0,0,1000.0,3.9,0.0,5.04
4217,0,0,0,1000.0,3.92,0.0,5.04
4218,0,0,0,1000.0,3.94,0.0,5.04
4219,0,0,0,1000.0,3.96,0.0,5.04
4220,0,0,0,1000.0,3.98,0.0,5.04
4221,0,0,0,1000.0,4.0,0.0,5.04
4222,0,0,0,1000.0,4.02,0.0,5.04
4223,0,0,0,1000.0,4.04,0.0,5.04
4224,0,0,0,1000.0,4.06,0.0,5.04
4225,0,0,0,1000.0,4.08,0.0,5.04
4226,0,0,0,1000.0,4.1,0.0,5.04
4227,0,0,0,1000.0,4.12,0.0,5.04
4228,0,0,0,1000.0,4.14,0.0,5.04
4229,0,0,0,1000.0,4.16,0.0,5.04
4230,0,0,0,1000.0,4.18,0.0,5.04
4231,0,0,0,1000.0,4.2,0.0,5.04
4232,0,0,0,1000.0,4.22,0.0,5.04
4233,0,0,0,1000.0,4.24,0.0,5.04
4234,0,0,0,1000.0,4.26,0.0,5.04
4235,0,0,0,1000.0,4.28,0.0,5.04
4236,0,0,0,1000.0,4.3,0.0,5.04
4237,0,0,0,1000.0,4.32,0.0,5.04
4238,0,0,0,1000.0,4.34,0.0,5.04
4239,0,0,0,1000.0,4.36,0.0,5.04
4240,0,0,0,1000.0,4.38,0.0,5.04
4241,0,0,0,1000.0,4.4,0.0,5.04
4242,0,0,0,1000.0,4.42,0.0,5.04
4243,0,0,0,1000.0,4.44,0.0,5.04
4244,0,0,0,1000.0,4.46,0.0,5.04
4245,0,0,0,1000.0,4.48,0.0,5.04
4246,0,0,0,1000.0,4.5,0.0,5.04
4247,0,0,0,1000.0,4.52,0.0,5.04
4248,0,0,0,1000.0,4.54,0.0,5.04
4249,0,0,0,1000.0,4.56,0.0,5.04
4250,0,0,0,1000.0,4.58,0.0,5.04
4251,0,0,0,1000.0,4.6,0.0,5.04
4252,0,0,0,1000.0,4.62,0.0,5.04
4253,0,0,0,1000.0,4.64,0.0,5.04
4254,0,0,0,1000.0,4.66,0.0,5.04
4255,0,0,0,1000.0,4.68,0.0,5.04
4256,0,0,0,1000.0,4.7,0.0,5.04
4257,0,0,0,1000.0,4.72,0.0,5.04
4258,0,0,0,1000.0,4.74,0.0,5.04
4259,0,0,0,1000.0,4.76,0.0,5.04
4260,0,0,0,1000.0,4.78,0.0,5.04
4261,0,0,0,1000.0,4.8,0.0,5.04
4262,0,0,0,1000.0,4.82,0.0,5.04
4263,0,0,0,1000.0,4.84,0.0,5.04
4264,0,0,0,1000.0,4.86,0.0,5.04
4265,0,0,0,1000.0,4.88,0.0,5.04
4266,0,0,0,1000.0,4.9,0.0,5.04
4267,0,0,0,1000.0,4.92,0.0,5.04
4268,0,0,0,1000.0,4.94,0.0,5.04
4269,0,0,0,1000.0,4.96,0.0,5.04
4270,0,0,0,1000.0,4.98,0.0,5.04
4271,0,0,0,1000.0,5.0,0.0,5.04
4272,0,0,0,1000.0,5.02,0.0,5.04
4273,0,0,0,1000.0,5.04,0.0,5.04
4274,0,0,0,1000.0,5.06,0.0,5.04
4275,0,0,0,1000.0,5.08,0.0,5.04
4276,0,0,0,1000.0,5.1,0.0,5.04
4277,0,0,0,1000.0,5.12,0.0,5.04
4278,0,0,0,1000.0,5.14,0.0,5.04
4279,0,0,0,1000.0,5.16,0.0,5.04
4280,0,0,0,1000.0,5.18,0.0,5.04
4281,0,0,0,1000.0,5.2,0.0,5.04
4282,0,0,0,1000.0,5.22,0.0,5.04
4283,0,0,0,1000.0,5.24,0.0,5.04
4284,0,0,0,1000.0,5.26,0.0,5.04
4285,0,0,0,1000.0,5.28,0.0,5.04
4286,0,0,0,1000.0,5.3,0.0,5.04
4287,0,0,0,1000.0,5.32,0.0,5.04
4288,0,0,0,1000.0,5.34,0.0,5.04
4289,0,0,0,1000.0,5.36,0.0,5.04
4290,0,0,0,1000.0,5.38,0.0,5.04
4291,0,0,0,1000.0,5.4,0.0,5.04
4292,0,0,0,1000.0,5.42,0.0,5.04
4293,0,0,0,1000.0,5.44,0.0,5.04
4294,0,0,0,1000.0,5.46,0.0,5.04
4295,0,0,0,1000.0,5.48,0.0,5.04
4296,0,0,0,1000.0,5.5,0.0,5.04
4297,0,0,0,1000.0,5.52,0.0,5.04
4298,0,0,0,1000.0,5.54,0.0,5.04
4299,0,0,0,1000.0,5.56,0.0,5.04
4300,0,0,0,1000.0,5.58,0.0,5.04
4301,0,0,0,1000.0,5.6,0.0,5.04
4302,0,0,0,1000.0,5.62,0.0,5.04
4303,0,0,0,1000.0,5.64,0.0,5.04
4304,0,0,0,1000.0,5.66,0.0,5.04
4305,0,0,0,1000.0,5.68,0.0,5.04
4306,0,0,0,1000.0,5.7,0.0,5.04
4307,0,0,0,1000.0,5.72,0.0,5.04
4308,0,0,0,1000.0,5.74,0.0,5.04
4309,0,0,0,1000.0,5.76,0.0,5.04
4310,0,0,0,1000.0,5.78,0.0,5.04
4311,0,0,0,1000.0,5.8,0.0,5.04
4312,0,0,0,1000.0,5.82,0.0,5.04
4313,0,0,0,1000.0,5.84,0.0,5.04
4314,0,0,0,1000.0,5.86,0.0,5.04
4315,0,0,0,1000.0,5.88,0.0,5.04
4316,0,0,0,1000.0,5.9,0.0,5.04
4317,0,0,0,1000.0,5.92,0.0,5.04
4318,0,0,0,1000.0,5.94,0.0,5.04
4319,0,0,0,1000.0,5.96,0.0,5.04
4320,0,0,0,1000.0,5.98,0.0,5.04
4321,0,0,0,1000.0,6.0,0.0,5.04
4322,0,0,0,1000.0,6.02,0.0,5.04
4323,0,0,0,1000.0,6.04,0.0,5.04
4324,0,0,0,1000.0,6.06,0.0,5.04
4325,0,0,0,1000.0,6.08,0.0,5.04
4326,0,0,0,1000.0,6.1,0.0,5.04
4327,0,0,0,1000.0,6.12,0.0,5.04
4328,0,0,0,1000.0,6.14,0.0,5.04
4329,0,0,0,1000.0,6.16,0.0,5.04
4330,0,0,0,1000.0,6.18,0.0,5.04
4331,0,0,0,1000.0,6.2,0.0,5.04
4332,0,0,0,1000.0,6.22,0.0,5.04
4333,0,0,0,1000.0,6.24,0.0,5.04
4334,0,0,0,1000.0,6.26,0.0,5.04
4335,0,0,0,1000.0,6.28,0.0,5.04
4336,0,0,0,1000.0,6.3,0.0,5.04
4337,0,0,0,1000.0,6.32,0.0,5.04
4338,0,0,0,1000.0,6.34,0.0,5.04
4339,0,0,0,1000.0,6.36,0.0,5.04
4340,0,0,0,1000.0,6.38,0.0,5.04
4341,0,0,0,1000.0,6.4,0.0,5.04
4342,0,0,0,1000.0,6.42,0.0,5.04
4343,0,0,0,1000.0,6.44,0.0,5.04
4344,0,0,0,1000.0,6.46,0.0,5.04
4345,0,0,0,1000.0,6.48,0.0,5.04
4346,0,0,0,1000.0,6.5,0.0,5.04
4347,0,0,0,1000.0,6.52,0.0,5.04
4348,0,0,0,1000.0,6.54,0.0,5.04
4349,0,0,0,1000.0,6.56,0.0,5.04
4350,0,0,0,1000.0,6.58,0.0,5.04
4351,0,0,0,1000.0,6.6,0.0,5.04
4352,0,0,0,1000.0,6.62,0.0,5.04
4353,0,0,0,1000.0,6.64,0.0,5.04
4354,0,0,0,1000.0,6.66,0.0,5.04
4355,0,0,0,1000.0,6.68,0.0,5.04
4356,0,0,0,1000.0,6.7,0.0,5.04
4357,0,0,0,1000.0,6.72,0.0,5.04
4358,0,0,0,1000.0,6.74,0.0,5.04
4359,0,0,0,1000.0,6.76,0.0,5.04
4360,0,0,0,1000.0,6.78,0.0,5.04
4361,0,0,0,1000.0,6.8,0.0,5.04
4362,0,0,0,1000.0,6.82,0.0,5.04
4363,0,0,0,1000.0,6.84,0.0,5.04
4364,0,0,0,1000.0,6.86,0.0,5.04
4365,0,0,0,1000.0,6.88,0.0,5.04
4366,0,0,0,1000.0,6.9,0.0,5.04
4367,0,0,0,1000.0,6.92,0.0,5.04
4368,0,0,0,1000.0,6.94,0.0,5.04
4369,0,0,0,1000.0,6.96,0.0,5.04
4370,0,0,0,1000.0,6.98,0.0,5.04
4371,0,0,0,1000.0,7.0,0.0,5.04
4372,0,0,0,1000.0,7.02,0.0,5.04
4373,0,0,0,1000.0,7.04,0.0,5.04
4374,0,0,0,1000.0,7.06,0.0,5.04
4375,0,0,0,1000.0,7.08,0.0,5.04
4376,0,0,0,1000.0,7.1,0.0,5.04
4377,0,0,0,1000.0,7.12,0.0,5.04
4378,0,0,0,1000.0,7.14,0.0,5.04
4379,0,0,0,1000.0,7.16,0.0,5.04
4380,0,0,0,1000.0,7.18,0.0,5.04
4381,0,0,0,1000.0,7.2,0.0,5.04
4382,0,0,0,1000.0,7.22,0.0,5.04
4383,0,0,0,1000.0,7.24,0.0,5.04
4384,0,0,0,1000.0,7.26,0.0,5.04
4385,0,0,0,1000.0,7.28,0.0,5.04
4386,0,0,0,1000.0,7.3,0.0,5.04
4387,0,0,0,1000.0,7.32,0.0,5.04
4388,0,0,0,1000.0,7.34,0.0,5.04
4389,0,0,0,1000.0,7.36,0.0,5.04
4390,0,0,0,1000.0,7.38,0.0,5.04
4391,0,0,0,1000.0,7.4,0.0,5.04
4392,0,0,0,1000.0,7.42,0.0,5.04
4393,0,0,0,1000.0,7.44,0.0,5.04
4394,0,0,0,1000.0,7.46,0.0,5.04
4395,0,0,0,1000.0,7.48,0.0,5.04
4396,0,0,0,1000.0,7.5,0.0,5.04
4397,0,0,0,1000.0,7.52,0.0,5.04
4398,0,0,0,1000.0,7.54,0.0,5.04
4399,0,0,0,1000.0,7.56,0.0,5.04
4400,0,0,0,1000.0,7.58,0.0,5.04
4401,0,0,0,1000.0,7.6,0.0,5.04
4402,0,0,0,1000.0,7.62,0.0,5.04
4403,0,0,0,1000.0,7.64,0.0,5.04
4404,0,0,0,1000.0,7.66,0.0,5.04
4405,0,0,0,1000.0,7.68,0.0,5.04
4406,0,0,0,1000.0,7.7,0.0,5.04
4407,0,0,0,1000.0,7.72,0.0,5.04
4408,0,0,0,1000.0,7.74,0.0,5.04
4409,0,0,0,1000.0,7.76,0.0,5.04
4410,0,0,0,1000.0,7.78,0.0,5.04
4411,0,0,0,1000.0,7.8,0.0,5.04
4412,0,0,0,1000.0,7.82,0.0,5.04
4413,0,0,0,1000.0,7.84,0.0,5.04
4414,0,0,0,1000.0,7.86,0.0,5.04
4415,0,0,0,1000.0,7.88,0.0,5.04
4416,0,0,0,1000.0,7.9,0.0,5.04
4417,0,0,0,1000.0,7.92,0.0,5.04
4418,0,0,0,1000.0,7.94,0.0,5.04
4419,0,0,0,1000.0,7.96,0.0,5.04
4420,0,0,0,1000.0,7.98,0.0,5.04
4421,0,0,0,1000.0,8.0,0.0,5.04
4422,0,0,0,1000.0,8.02,0.0,5.04
4423,0,0,0,1000.0,8.04,0.0,5.04
4424,0,0,0,1000.0,8.06,0.0,5.04
4425,0,0,0,1000.0,8.08,0.0,5.04
4426,0,0,0,1000.0,8.1,0.0,5.04
4427,0,0,0,1000.0,8.12,0.0,5.04
4428,0,0,0,1000.0,8.14,0.0,5.04
4429,0,0,0,1000.0,8.16,0.0,5.04
4430,0,0,0,1000.0,8.18,0.0,5.04
4431,0,0,0,1000.0,8.2,0.0,5.04
4432,0,0,0,1000.0,8.22,0.0,5.04
4433,0,0,0,1000.0,8.24,0.0,5.04
4434,0,0,0,1000.0,8.26,0.0,5.04
4435,0,0,0,1000.0,8.28,0.0,5.04
4436,0,0,0,1000.0,8.3,0.0,5.04
4437,0,0,0,1000.0,8.32,0.0,5.04
4438,0,0,0,1000.0,8.34,0.0,5.04
4439,0,0,0,1000.0,8.36,0.0,5.04
4440,0,0,0,1000.0,8.38,0.0,5.04
4441,0,0,0,1000.0,8.4,0.0,5.04
4442,0,0,0,1000.0,8.42,0.0,5.04
4443,0,0,0,1000.0,8.44,0.0,5.04
4444,0,0,0,1000.0,8.46,0.0,5.04
4445,0,0,0,1000.0,8.48,0.0,5.04
4446,0,0,0,1000.0,8.5,0.0,5.04
4447,0,0,0,1000.0,8.52,0.0,5.04
4448,0,0,0,1000.0,8.54,0.0,5.04
4449,0,0,0,1000.0,8.56,0.0,5.04
4450,0,0,0,1000.0,8.58,0.0,5.04
4451,0,0,0,1000.0,8.6,0.0,5.04
4452,0,0,0,1000.0,8.62,0.0,5.04
4453,0,0,0,1000.0,8.64,0.0,5.04
4454,0,0,0,1000.0,8.66,0.0,5.04
4455,0,0,0,1000.0,8.68,0.0,5.04
4456,0,0,0,1000.0,8.7,0.0,5.04
4457,0,0,0,1000.0,8.72,0.0,5.04
4458,0,0,0,1000.0,8.74,0.0,5.04
4459,0,0,0,1000.0,8.76,0.0,5.04
4460,0,0,0,1000.0,8.78,0.0,5.04
4461,0,0,0,1000.0,8.8,0.0,5.04
4462,0,0,0,1000.0,8.82,0.0,5.04
4463,0,0,0,1000.0,8.84,0.0,5.04
4464,0,0,0,1000.0,8.86,0.0,5.04
4465,0,0,0,1000.0,8.88,0.0,5.04
4466,0,0,0,1000.0,8.9,0.0,5.04
4467,0,0,0,1000.0,8.92,0.0,5.04
4468,0,0,0,1000.0,8.94,0.0,5.04
4469,0,0,0,1000.0,8.96,0.0,5.04
4470,0,0,0,1000.0,8.98,0.0,5.04
4471,0,0,0,1000.0,9.0,0.0,5.04
4472,0,0,0,1000.0,9.02,0.0,5.04
4473,0,0,0,1000.0,9.04,0.0,5.04
4474,0,0,0,1000.0,9.06,0.0,5.04
4475,0,0,0,1000.0,9.08,0.0,5.04
4476,0,0,0,1000.0,9.1,0.0,5.04
4477,0,0,0,1000.0,9.12,0.0,5.04
4478,0,0,0,1000.0,9.14,0.0,5.04
4479,0,0,0,1000.0,9.16,0.0,5.04
4480,0,0,0,1000.0,9.18,0.0,5.04
4481,0,0,0,1000.0,9.2,0.0,5.04
4482,0,0,0,1000.0,9.22,0.0,5.04
4483,0,0,0,1000.0,9.24,0.0,5.04
4484,0,0,0,1000.0,9.26,0.0,5.04
4485,0,0,0,1000.0,9.28,0.0,5.04
4486,0,0,0,1000.0,9.3,0.0,5.04
4487,0,0,0,1000.0,9.32,0.0,5.04
4488,0,0,0,1000.0,9.34,0.0,5.04
4489,0,0,0,1000.0,9.36,0.0,5.04
4490,0,0,0,1000.0,9.38,0.0,5.04
4491,0,0,0,1000.0,9.4,0.0,5.04
4492,0,0,0,1000.0,9.42,0.0,5.04
4493,0,0,0,1000.0,9.44,0.0,5.04
4494,0,0,0,1000.0,9.46,0.0,5.04
4495,0,0,0,1000.0,9.48,0.0,5.04
4496,0,0,0,1000.0,9.5,0.0,5.04
4497,0,0,0,1000.0,9.52,0.0,5.04
4498,0,0,0,1000.0,9.54,0.0,5.04
4499,0,0,0,1000.0,9.56,0.0,5.04
4500,0,0,0,1000.0,9.58,0.0,5.04
4501,0,0,0,1000.0,9.6,0.0,5.04
4502,0,0,0,1000.0,9.62,0.0,5.04
4503,0,0,0,1000.0,9.64,0.0,5.04
4504,0,0,0,1000.0,9.66,0.0,5.04
4505,0,0,0,1000.0,9.68,0.0,5.04
4506,0,0,0,1000.0,9.7,0.0,5.04
4507,0,0,0,1000.0,9.72,0.0,5.04
4508,0,0,0,1000.0,9.74,0.0,5.04
4509,0,0,0,1000.0,9.76,0.0,5.04
4510,0,0,0,1000.0,9.78,0.0,5.04
4511,0,0,0,1000.0,9.8,0.0,5.04
4512,0,0,0,1000.0,9.82,0.0,5.04
4513,0,0,0,1000.0,9.84,0.0,5.04
4514,0,0,0,1000.0,9.86,0.0,5.04
4515,0,0,0,1000.0,9.88,0.0,5.04
4516,0,0,0,1000.0,9.9,0.0,5.04
4517,0,0,0,1000.0,9.92,0.0,5.04
4518,0,0,0,1000.0,9.94,0.0,5.04
4519,0,0,0,1000.0,9.96,0.0,5.04
4520,0,0,0,1000.0,9.98,0.0,5.04
4521,0,0,0,1000.0,10.0,0.0,5.04
4522,0,0,0,1000.0,10.02,0.0,5.04
4523,0,0,0,1000.0,10.04,0.0,5.04
