"Point ID", "Idp", "Mk", "Points:0", "Points:1", "Points:2", "Points Magnitude", "Rhop", "Type", "Vel:0", "Vel:1", "Vel:2", "Vel Magnitude"
0,0,1,-0.005,0.0,0.0,0.005,1000.0,2,0.0,0.0,0.0,0.0
1,1,1,-0.0025,0.0,0.0,0.0025,1000.0,2,0.0,0.0,0.0,0.0
2,2,1,0.0,0.0,0.0,0.0,1000.0,2,0.0,0.0,0.0,0.0
3,3,1,0.0025,0.0,0.0,0.0025,1000.0,2,0.0,0.0,0.0,0.0
4,4,1,0.005,0.0,0.0,0.005,1000.0,2,0.0,0.0,0.0,0.0
5,5,1,0.0075,0.0,0.0,0.0075,1000.0,2,0.0,0.0,0.0,0.0
6,6,1,0.01,0.0,0.0,0.01,1000.0,2,0.0,0.0,0.0,0.0
7,7,1,0.0125,0.0,0.0,0.0125,1000.0,2,0.0,0.0,0.0,0.0
8,8,1,0.015,0.0,0.0,0.015,1000.0,2,0.0,0.0,0.0,0.0
9,9,1,0.0175,0.0,0.0,0.0175,1000.0,2,0.0,0.0,0.0,0.0
10,10,1,0.02,0.0,0.0,0.02,1000.0,2,0.0,0.0,0.0,0.0
11,11,1,0.0225,0.0,0.0,0.0225,1000.0,2,0.0,0.0,0.0,0.0
12,12,1,0.025,0.0,0.0,0.025,1000.0,2,0.0,0.0,0.0,0.0
13,13,1,0.0275,0.0,0.0,0.0275,1000.0,2,0.0,0.0,0.0,0.0
14,14,1,0.03,0.0,0.0,0.03,1000.0,2,0.0,0.0,0.0,0.0
15,15,1,0.0325,0.0,0.0,0.0325,1000.0,2,0.0,0.0,0.0,0.0
16,16,1,0.035,0.0,0.0,0.035,1000.0,2,0.0,0.0,0.0,0.0
17,17,1,0.0375,0.0,0.0,0.0375,1000.0,2,0.0,0.0,0.0,0.0
18,18,1,0.04,0.0,0.0,0.04,1000.0,2,0.0,0.0,0.0,0.0
19,19,1,0.0425,0.0,0.0,0.0425,1000.0,2,0.0,0.0,0.0,0.0
20,20,1,0.045,0.0,0.0,0.045,1000.0,2,0.0,0.0,0.0,0.0
21,21,1,0.0475,0.0,0.0,0.0475,1000.0,2,0.0,0.0,0.0,0.0
22,22,1,0.05,0.0,0.0,0.05,1000.0,2,0.0,0.0,0.0,0.0
23,23,1,0.0525,0.0,0.0,0.0525,1000.0,2,0.0,0.0,0.0,0.0
24,24,1,0.055,0.0,0.0,0.055,1000.0,2,0.0,0.0,0.0,0.0
25,25,1,0.0575,0.0,0.0,0.0575,1000.0,2,0.0,0.0,0.0,0.0
26,26,1,0.06,0.0,0.0,0.06,1000.0,2,0.0,0.0,0.0,0.0
27,27,1,0.0625,0.0,0.0,0.0625,1000.0,2,0.0,0.0,0.0,0.0
28,28,1,0.065,0.0,0.0,0.065,1000.0,2,0.0,0.0,0.0,0.0
29,29,1,0.0675,0.0,0.0,0.0675,1000.0,2,0.0,0.0,0.0,0.0
30,30,1,0.07,0.0,0.0,0.07,1000.0,2,0.0,0.0,0.0,0.0
31,31,1,0.0725,0.0,0.0,0.0725,1000.0,2,0.0,0.0,0.0,0.0
32,32,1,0.075,0.0,0.0,0.075,1000.0,2,0.0,0.0,0.0,0.0
33,33,1,0.0775,0.0,0.0,0.0775,1000.0,2,0.0,0.0,0.0,0.0
34,34,1,0.08,0.0,0.0,0.08,1000.0,2,0.0,0.0,0.0,0.0
35,35,1,0.0825,0.0,0.0,0.0825,1000.0,2,0.0,0.0,0.0,0.0
36,36,1,0.085,0.0,0.0,0.085,1000.0,2,0.0,0.0,0.0,0.0
37,37,1,0.0875,0.0,0.0,0.0875,1000.0,2,0.0,0.0,0.0,0.0
38,38,1,0.09,0.0,0.0,0.09,1000.0,2,0.0,0.0,0.0,0.0
39,39,1,0.0925,0.0,0.0,0.0925,1000.0,2,0.0,0.0,0.0,0.0
40,40,1,0.095,0.0,0.0,0.095,1000.0,2,0.0,0.0,0.0,0.0
41,41,1,0.0975,0.0,0.0,0.0975,1000.0,2,0.0,0.0,0.0,0.0
42,42,1,0.1,0.0,0.0,0.1,1000.0,2,0.0,0.0,0.0,0.0
43,43,1,0.1025,0.0,0.0,0.1025,1000.0,2,0.0,0.0,0.0,0.0
44,44,1,0.105,0.0,0.0,0.105,1000.0,2,0.0,0.0,0.0,0.0
45,45,1,0.1075,0.0,0.0,0.1075,1000.0,2,0.0,0.0,0.0,0.0
46,46,1,0.11,0.0,0.0,0.11,1000.0,2,0.0,0.0,0.0,0.0
47,47,1,0.1125,0.0,0.0,0.1125,1000.0,2,0.0,0.0,0.0,0.0
48,48,1,0.115,0.0,0.0,0.115,1000.0,2,0.0,0.0,0.0,0.0
49,49,1,0.1175,0.0,0.0,0.1175,1000.0,2,0.0,0.0,0.0,0.0
50,50,1,0.12,0.0,0.0,0.12,1000.0,2,0.0,0.0,0.0,0.0
51,51,1,0.1225,0.0,0.0,0.1225,1000.0,2,0.0,0.0,0.0,0.0
52,52,1,0.125,0.0,0.0,0.125,1000.0,2,0.0,0.0,0.0,0.0
53,53,1,0.1275,0.0,0.0,0.1275,1000.0,2,0.0,0.0,0.0,0.0
54,54,1,0.13,0.0,0.0,0.13,1000.0,2,0.0,0.0,0.0,0.0
55,55,1,0.1325,0.0,0.0,0.1325,1000.0,2,0.0,0.0,0.0,0.0
56,56,1,0.135,0.0,0.0,0.135,1000.0,2,0.0,0.0,0.0,0.0
57,57,1,0.1375,0.0,0.0,0.1375,1000.0,2,0.0,0.0,0.0,0.0
58,58,1,0.14,0.0,0.0,0.14,1000.0,2,0.0,0.0,0.0,0.0
59,59,1,0.1425,0.0,0.0,0.1425,1000.0,2,0.0,0.0,0.0,0.0
60,60,1,0.145,0.0,0.0,0.145,1000.0,2,0.0,0.0,0.0,0.0
61,61,1,0.1475,0.0,0.0,0.1475,1000.0,2,0.0,0.0,0.0,0.0
62,62,1,0.15,0.0,0.0,0.15,1000.0,2,0.0,0.0,0.0,0.0
63,63,1,0.1525,0.0,0.0,0.1525,1000.0,2,0.0,0.0,0.0,0.0
64,64,1,0.155,0.0,0.0,0.155,1000.0,2,0.0,0.0,0.0,0.0
65,65,1,0.1575,0.0,0.0,0.1575,1000.0,2,0.0,0.0,0.0,0.0
66,66,1,0.16,0.0,0.0,0.16,1000.0,2,0.0,0.0,0.0,0.0
67,67,1,0.1625,0.0,0.0,0.1625,1000.0,2,0.0,0.0,0.0,0.0
68,68,1,0.165,0.0,0.0,0.165,1000.0,2,0.0,0.0,0.0,0.0
69,69,1,0.1675,0.0,0.0,0.1675,1000.0,2,0.0,0.0,0.0,0.0
70,70,1,0.17,0.0,0.0,0.17,1000.0,2,0.0,0.0,0.0,0.0
71,71,1,0.1725,0.0,0.0,0.1725,1000.0,2,0.0,0.0,0.0,0.0
72,72,1,0.175,0.0,0.0,0.175,1000.0,2,0.0,0.0,0.0,0.0
73,73,1,0.1775,0.0,0.0,0.1775,1000.0,2,0.0,0.0,0.0,0.0
74,74,1,0.18,0.0,0.0,0.18,1000.0,2,0.0,0.0,0.0,0.0
75,75,1,0.1825,0.0,0.0,0.1825,1000.0,2,0.0,0.0,0.0,0.0
76,76,1,0.185,0.0,0.0,0.185,1000.0,2,0.0,0.0,0.0,0.0
77,77,1,0.1875,0.0,0.0,0.1875,1000.0,2,0.0,0.0,0.0,0.0
78,78,1,0.19,0.0,0.0,0.19,1000.0,2,0.0,0.0,0.0,0.0
79,79,1,0.1925,0.0,0.0,0.1925,1000.0,2,0.0,0.0,0.0,0.0
80,80,1,0.195,0.0,0.0,0.195,1000.0,2,0.0,0.0,0.0,0.0
81,81,1,0.1975,0.0,0.0,0.1975,1000.0,2,0.0,0.0,0.0,0.0
82,82,1,0.2,0.0,0.0,0.2,1000.0,2,0.0,0.0,0.0,0.0
83,83,1,0.2025,0.0,0.0,0.2025,1000.0,2,0.0,0.0,0.0,0.0
84,84,1,0.205,0.0,0.0,0.205,1000.0,2,0.0,0.0,0.0,0.0
85,85,1,0.2075,0.0,0.0,0.2075,1000.0,2,0.0,0.0,0.0,0.0
86,86,1,0.21,0.0,0.0,0.21,1000.0,2,0.0,0.0,0.0,0.0
87,87,1,0.2125,0.0,0.0,0.2125,1000.0,2,0.0,0.0,0.0,0.0
88,88,1,0.215,0.0,0.0,0.215,1000.0,2,0.0,0.0,0.0,0.0
89,89,1,0.2175,0.0,0.0,0.2175,1000.0,2,0.0,0.0,0.0,0.0
90,90,1,0.22,0.0,0.0,0.22,1000.0,2,0.0,0.0,0.0,0.0
91,91,1,0.2225,0.0,0.0,0.2225,1000.0,2,0.0,0.0,0.0,0.0
92,92,1,0.225,0.0,0.0,0.225,1000.0,2,0.0,0.0,0.0,0.0
93,93,1,0.2275,0.0,0.0,0.2275,1000.0,2,0.0,0.0,0.0,0.0
94,94,1,0.23,0.0,0.0,0.23,1000.0,2,0.0,0.0,0.0,0.0
95,95,1,0.2325,0.0,0.0,0.2325,1000.0,2,0.0,0.0,0.0,0.0
96,96,1,0.235,0.0,0.0,0.235,1000.0,2,0.0,0.0,0.0,0.0
97,97,1,0.2375,0.0,0.0,0.2375,1000.0,2,0.0,0.0,0.0,0.0
98,98,1,0.24,0.0,0.0,0.24,1000.0,2,0.0,0.0,0.0,0.0
99,99,1,0.2425,0.0,0.0,0.2425,1000.0,2,0.0,0.0,0.0,0.0
100,100,1,0.245,0.0,0.0,0.245,1000.0,2,0.0,0.0,0.0,0.0
101,101,1,0.2475,0.0,0.0,0.2475,1000.0,2,0.0,0.0,0.0,0.0
102,102,1,0.25,0.0,0.0,0.25,1000.0,2,0.0,0.0,0.0,0.0
103,103,1,0.2525,0.0,0.0,0.2525,1000.0,2,0.0,0.0,0.0,0.0
104,104,1,0.255,0.0,0.0,0.255,1000.0,2,0.0,0.0,0.0,0.0
105,105,1,0.2575,0.0,0.0,0.2575,1000.0,2,0.0,0.0,0.0,0.0
106,106,1,0.26,0.0,0.0,0.26,1000.0,2,0.0,0.0,0.0,0.0
107,107,1,0.2625,0.0,0.0,0.2625,1000.0,2,0.0,0.0,0.0,0.0
108,108,1,0.265,0.0,0.0,0.265,1000.0,2,0.0,0.0,0.0,0.0
109,109,1,0.2675,0.0,0.0,0.2675,1000.0,2,0.0,0.0,0.0,0.0
110,110,1,0.27,0.0,0.0,0.27,1000.0,2,0.0,0.0,0.0,0.0
111,111,1,0.2725,0.0,0.0,0.2725,1000.0,2,0.0,0.0,0.0,0.0
112,112,1,0.275,0.0,0.0,0.275,1000.0,2,0.0,0.0,0.0,0.0
113,113,1,0.2775,0.0,0.0,0.2775,1000.0,2,0.0,0.0,0.0,0.0
114,114,1,0.28,0.0,0.0,0.28,1000.0,2,0.0,0.0,0.0,0.0
115,115,1,0.2825,0.0,0.0,0.2825,1000.0,2,0.0,0.0,0.0,0.0
116,116,1,0.285,0.0,0.0,0.285,1000.0,2,0.0,0.0,0.0,0.0
117,117,1,0.2875,0.0,0.0,0.2875,1000.0,2,0.0,0.0,0.0,0.0
118,118,1,0.29,0.0,0.0,0.29,1000.0,2,0.0,0.0,0.0,0.0
119,119,1,0.2925,0.0,0.0,0.2925,1000.0,2,0.0,0.0,0.0,0.0
120,120,1,0.295,0.0,0.0,0.295,1000.0,2,0.0,0.0,0.0,0.0
121,121,1,0.2975,0.0,0.0,0.2975,1000.0,2,0.0,0.0,0.0,0.0
122,122,1,0.3,0.0,0.0,0.3,1000.0,2,0.0,0.0,0.0,0.0
123,123,1,0.3025,0.0,0.0,0.3025,1000.0,2,0.0,0.0,0.0,0.0
124,124,1,0.305,0.0,0.0,0.305,1000.0,2,0.0,0.0,0.0,0.0
125,125,1,0.3075,0.0,0.0,0.3075,1000.0,2,0.0,0.0,0.0,0.0
126,126,1,0.31,0.0,0.0,0.31,1000.0,2,0.0,0.0,0.0,0.0
127,127,1,0.3125,0.0,0.0,0.3125,1000.0,2,0.0,0.0,0.0,0.0
128,128,1,0.315,0.0,0.0,0.315,1000.0,2,0.0,0.0,0.0,0.0
129,129,1,0.3175,0.0,0.0,0.3175,1000.0,2,0.0,0.0,0.0,0.0
130,130,1,0.32,0.0,0.0,0.32,1000.0,2,0.0,0.0,0.0,0.0
131,131,1,0.3225,0.0,0.0,0.3225,1000.0,2,0.0,0.0,0.0,0.0
132,132,1,0.325,0.0,0.0,0.325,1000.0,2,0.0,0.0,0.0,0.0
133,133,1,0.3275,0.0,0.0,0.3275,1000.0,2,0.0,0.0,0.0,0.0
134,134,1,0.33,0.0,0.0,0.33,1000.0,2,0.0,0.0,0.0,0.0
135,135,1,0.3325,0.0,0.0,0.3325,1000.0,2,0.0,0.0,0.0,0.0
136,136,1,0.335,0.0,0.0,0.335,1000.0,2,0.0,0.0,0.0,0.0
137,137,1,0.3375,0.0,0.0,0.3375,1000.0,2,0.0,0.0,0.0,0.0
138,138,1,0.34,0.0,0.0,0.34,1000.0,2,0.0,0.0,0.0,0.0
139,139,1,0.3425,0.0,0.0,0.3425,1000.0,2,0.0,0.0,0.0,0.0
140,140,1,0.345,0.0,0.0,0.345,1000.0,2,0.0,0.0,0.0,0.0
141,141,1,0.3475,0.0,0.0,0.3475,1000.0,2,0.0,0.0,0.0,0.0
142,142,1,0.35,0.0,0.0,0.35,1000.0,2,0.0,0.0,0.0,0.0
143,143,1,0.3525,0.0,0.0,0.3525,1000.0,2,0.0,0.0,0.0,0.0
144,144,1,0.355,0.0,0.0,0.355,1000.0,2,0.0,0.0,0.0,0.0
145,145,1,0.3575,0.0,0.0,0.3575,1000.0,2,0.0,0.0,0.0,0.0
146,146,1,0.36,0.0,0.0,0.36,1000.0,2,0.0,0.0,0.0,0.0
147,147,1,0.3625,0.0,0.0,0.3625,1000.0,2,0.0,0.0,0.0,0.0
148,148,1,0.365,0.0,0.0,0.365,1000.0,2,0.0,0.0,0.0,0.0
149,149,1,0.3675,0.0,0.0,0.3675,1000.0,2,0.0,0.0,0.0,0.0
150,150,1,0.37,0.0,0.0,0.37,1000.0,2,0.0,0.0,0.0,0.0
151,151,1,0.3725,0.0,0.0,0.3725,1000.0,2,0.0,0.0,0.0,0.0
152,152,1,0.375,0.0,0.0,0.375,1000.0,2,0.0,0.0,0.0,0.0
153,153,1,0.3775,0.0,0.0,0.3775,1000.0,2,0.0,0.0,0.0,0.0
154,154,1,0.38,0.0,0.0,0.38,1000.0,2,0.0,0.0,0.0,0.0
155,155,1,0.3825,0.0,0.0,0.3825,1000.0,2,0.0,0.0,0.0,0.0
156,156,1,0.385,0.0,0.0,0.385,1000.0,2,0.0,0.0,0.0,0.0
157,157,1,0.3875,0.0,0.0,0.3875,1000.0,2,0.0,0.0,0.0,0.0
158,158,1,0.39,0.0,0.0,0.39,1000.0,2,0.0,0.0,0.0,0.0
159,159,1,0.3925,0.0,0.0,0.3925,1000.0,2,0.0,0.0,0.0,0.0
160,160,1,0.395,0.0,0.0,0.395,1000.0,2,0.0,0.0,0.0,0.0
161,161,1,0.3975,0.0,0.0,0.3975,1000.0,2,0.0,0.0,0.0,0.0
162,162,1,0.4,0.0,0.0,0.4,1000.0,2,0.0,0.0,0.0,0.0
163,163,1,0.4025,0.0,0.0,0.4025,1000.0,2,0.0,0.0,0.0,0.0
164,164,1,0.405,0.0,0.0,0.405,1000.0,2,0.0,0.0,0.0,0.0
165,165,1,0.4075,0.0,0.0,0.4075,1000.0,2,0.0,0.0,0.0,0.0
166,166,1,0.41,0.0,0.0,0.41,1000.0,2,0.0,0.0,0.0,0.0
167,167,1,0.4125,0.0,0.0,0.4125,1000.0,2,0.0,0.0,0.0,0.0
168,168,1,0.415,0.0,0.0,0.415,1000.0,2,0.0,0.0,0.0,0.0
169,169,1,0.4175,0.0,0.0,0.4175,1000.0,2,0.0,0.0,0.0,0.0
170,170,1,0.42,0.0,0.0,0.42,1000.0,2,0.0,0.0,0.0,0.0
171,171,1,0.4225,0.0,0.0,0.4225,1000.0,2,0.0,0.0,0.0,0.0
172,172,1,0.425,0.0,0.0,0.425,1000.0,2,0.0,0.0,0.0,0.0
173,173,1,0.4275,0.0,0.0,0.4275,1000.0,2,0.0,0.0,0.0,0.0
174,174,1,0.43,0.0,0.0,0.43,1000.0,2,0.0,0.0,0.0,0.0
175,175,1,0.4325,0.0,0.0,0.4325,1000.0,2,0.0,0.0,0.0,0.0
176,176,1,0.435,0.0,0.0,0.435,1000.0,2,0.0,0.0,0.0,0.0
177,177,1,0.4375,0.0,0.0,0.4375,1000.0,2,0.0,0.0,0.0,0.0
178,178,1,0.44,0.0,0.0,0.44,1000.0,2,0.0,0.0,0.0,0.0
179,179,1,0.4425,0.0,0.0,0.4425,1000.0,2,0.0,0.0,0.0,0.0
180,180,1,0.445,0.0,0.0,0.445,1000.0,2,0.0,0.0,0.0,0.0
181,181,1,0.4475,0.0,0.0,0.4475,1000.0,2,0.0,0.0,0.0,0.0
182,182,1,0.45,0.0,0.0,0.45,1000.0,2,0.0,0.0,0.0,0.0
183,183,1,0.4525,0.0,0.0,0.4525,1000.0,2,0.0,0.0,0.0,0.0
184,184,1,0.455,0.0,0.0,0.455,1000.0,2,0.0,0.0,0.0,0.0
185,185,1,0.4575,0.0,0.0,0.4575,1000.0,2,0.0,0.0,0.0,0.0
186,186,1,0.46,0.0,0.0,0.46,1000.0,2,0.0,0.0,0.0,0.0
187,187,1,0.4625,0.0,0.0,0.4625,1000.0,2,0.0,0.0,0.0,0.0
188,188,1,0.465,0.0,0.0,0.465,1000.0,2,0.0,0.0,0.0,0.0
189,189,1,0.4675,0.0,0.0,0.4675,1000.0,2,0.0,0.0,0.0,0.0
190,190,1,0.47,0.0,0.0,0.47,1000.0,2,0.0,0.0,0.0,0.0
191,191,1,0.4725,0.0,0.0,0.4725,1000.0,2,0.0,0.0,0.0,0.0
192,192,1,0.475,0.0,0.0,0.475,1000.0,2,0.0,0.0,0.0,0.0
193,193,1,0.4775,0.0,0.0,0.4775,1000.0,2,0.0,0.0,0.0,0.0
194,194,1,0.48,0.0,0.0,0.48,1000.0,2,0.0,0.0,0.0,0.0
195,195,1,0.4825,0.0,0.0,0.4825,1000.0,2,0.0,0.0,0.0,0.0
196,196,1,0.485,0.0,0.0,0.485,1000.0,2,0.0,0.0,0.0,0.0
197,197,1,0.4875,0.0,0.0,0.4875,1000.0,2,0.0,0.0,0.0,0.0
198,198,1,0.49,0.0,0.0,0.49,1000.0,2,0.0,0.0,0.0,0.0
199,199,1,0.4925,0.0,0.0,0.4925,1000.0,2,0.0,0.0,0.0,0.0
200,200,1,0.495,0.0,0.0,0.495,1000.0,2,0.0,0.0,0.0,0.0
201,201,1,0.4975,0.0,0.0,0.4975,1000.0,2,0.0,0.0,0.0,0.0
202,202,1,0.5,0.0,0.0,0.5,1000.0,2,0.0,0.0,0.0,0.0
203,203,1,0.5025,0.0,0.0,0.5025,1000.0,2,0.0,0.0,0.0,0.0
204,204,1,0.505,0.0,0.0,0.505,1000.0,2,0.0,0.0,0.0,0.0
205,205,1,0.5075,0.0,0.0,0.5075,1000.0,2,0.0,0.0,0.0,0.0
206,206,1,0.51,0.0,0.0,0.51,1000.0,2,0.0,0.0,0.0,0.0
207,207,1,0.5125,0.0,0.0,0.5125,1000.0,2,0.0,0.0,0.0,0.0
208,208,1,0.515,0.0,0.0,0.515,1000.0,2,0.0,0.0,0.0,0.0
209,209,1,0.5175,0.0,0.0,0.5175,1000.0,2,0.0,0.0,0.0,0.0
210,210,1,0.52,0.0,0.0,0.52,1000.0,2,0.0,0.0,0.0,0.0
211,211,1,0.5225,0.0,0.0,0.5225,1000.0,2,0.0,0.0,0.0,0.0
212,212,1,0.525,0.0,0.0,0.525,1000.0,2,0.0,0.0,0.0,0.0
213,213,1,0.5275,0.0,0.0,0.5275,1000.0,2,0.0,0.0,0.0,0.0
214,214,1,0.53,0.0,0.0,0.53,1000.0,2,0.0,0.0,0.0,0.0
215,215,1,0.5325,0.0,0.0,0.5325,1000.0,2,0.0,0.0,0.0,0.0
216,216,1,0.535,0.0,0.0,0.535,1000.0,2,0.0,0.0,0.0,0.0
217,217,1,0.5375,0.0,0.0,0.5375,1000.0,2,0.0,0.0,0.0,0.0
218,218,1,0.54,0.0,0.0,0.54,1000.0,2,0.0,0.0,0.0,0.0
219,219,1,0.5425,0.0,0.0,0.5425,1000.0,2,0.0,0.0,0.0,0.0
220,220,1,0.545,0.0,0.0,0.545,1000.0,2,0.0,0.0,0.0,0.0
221,221,1,0.5475,0.0,0.0,0.5475,1000.0,2,0.0,0.0,0.0,0.0
222,222,1,0.55,0.0,0.0,0.55,1000.0,2,0.0,0.0,0.0,0.0
223,223,1,0.5525,0.0,0.0,0.5525,1000.0,2,0.0,0.0,0.0,0.0
224,224,1,0.555,0.0,0.0,0.555,1000.0,2,0.0,0.0,0.0,0.0
225,225,1,0.5575,0.0,0.0,0.5575,1000.0,2,0.0,0.0,0.0,0.0
226,226,1,0.56,0.0,0.0,0.56,1000.0,2,0.0,0.0,0.0,0.0
227,227,1,0.5625,0.0,0.0,0.5625,1000.0,2,0.0,0.0,0.0,0.0
228,228,1,0.565,0.0,0.0,0.565,1000.0,2,0.0,0.0,0.0,0.0
229,229,1,0.5675,0.0,0.0,0.5675,1000.0,2,0.0,0.0,0.0,0.0
230,230,1,0.57,0.0,0.0,0.57,1000.0,2,0.0,0.0,0.0,0.0
231,231,1,0.5725,0.0,0.0,0.5725,1000.0,2,0.0,0.0,0.0,0.0
232,232,1,0.575,0.0,0.0,0.575,1000.0,2,0.0,0.0,0.0,0.0
233,233,1,0.5775,0.0,0.0,0.5775,1000.0,2,0.0,0.0,0.0,0.0
234,234,1,0.58,0.0,0.0,0.58,1000.0,2,0.0,0.0,0.0,0.0
235,235,1,0.5825,0.0,0.0,0.5825,1000.0,2,0.0,0.0,0.0,0.0
236,236,1,0.585,0.0,0.0,0.585,1000.0,2,0.0,0.0,0.0,0.0
237,237,1,0.5875,0.0,0.0,0.5875,1000.0,2,0.0,0.0,0.0,0.0
238,238,1,0.59,0.0,0.0,0.59,1000.0,2,0.0,0.0,0.0,0.0
239,239,1,0.5925,0.0,0.0,0.5925,1000.0,2,0.0,0.0,0.0,0.0
240,240,1,0.595,0.0,0.0,0.595,1000.0,2,0.0,0.0,0.0,0.0
241,241,1,0.5975,0.0,0.0,0.5975,1000.0,2,0.0,0.0,0.0,0.0
242,242,1,0.6,0.0,0.0,0.6,1000.0,2,0.0,0.0,0.0,0.0
243,243,1,0.6025,0.0,0.0,0.6025,1000.0,2,0.0,0.0,0.0,0.0
244,244,1,0.605,0.0,0.0,0.605,1000.0,2,0.0,0.0,0.0,0.0
245,245,1,0.6075,0.0,0.0,0.6075,1000.0,2,0.0,0.0,0.0,0.0
246,246,1,0.61,0.0,0.0,0.61,1000.0,2,0.0,0.0,0.0,0.0
247,247,1,0.6125,0.0,0.0,0.6125,1000.0,2,0.0,0.0,0.0,0.0
248,248,1,0.615,0.0,0.0,0.615,1000.0,2,0.0,0.0,0.0,0.0
249,249,1,0.6175,0.0,0.0,0.6175,1000.0,2,0.0,0.0,0.0,0.0
250,250,1,0.62,0.0,0.0,0.62,1000.0,2,0.0,0.0,0.0,0.0
251,251,1,0.6225,0.0,0.0,0.6225,1000.0,2,0.0,0.0,0.0,0.0
252,252,1,0.625,0.0,0.0,0.625,1000.0,2,0.0,0.0,0.0,0.0
253,253,1,0.6275,0.0,0.0,0.6275,1000.0,2,0.0,0.0,0.0,0.0
254,254,1,0.63,0.0,0.0,0.63,1000.0,2,0.0,0.0,0.0,0.0
255,255,1,0.6325,0.0,0.0,0.6325,1000.0,2,0.0,0.0,0.0,0.0
256,256,1,0.635,0.0,0.0,0.635,1000.0,2,0.0,0.0,0.0,0.0
257,257,1,0.6375,0.0,0.0,0.6375,1000.0,2,0.0,0.0,0.0,0.0
258,258,1,0.64,0.0,0.0,0.64,1000.0,2,0.0,0.0,0.0,0.0
259,259,1,0.6425,0.0,0.0,0.6425,1000.0,2,0.0,0.0,0.0,0.0
260,260,1,0.645,0.0,0.0,0.645,1000.0,2,0.0,0.0,0.0,0.0
261,261,1,0.6475,0.0,0.0,0.6475,1000.0,2,0.0,0.0,0.0,0.0
262,262,1,0.65,0.0,0.0,0.65,1000.0,2,0.0,0.0,0.0,0.0
263,263,1,0.6525,0.0,0.0,0.6525,1000.0,2,0.0,0.0,0.0,0.0
264,264,1,0.655,0.0,0.0,0.655,1000.0,2,0.0,0.0,0.0,0.0
265,265,1,0.6575,0.0,0.0,0.6575,1000.0,2,0.0,0.0,0.0,0.0
266,266,1,0.66,0.0,0.0,0.66,1000.0,2,0.0,0.0,0.0,0.0
267,267,1,0.6625,0.0,0.0,0.6625,1000.0,2,0.0,0.0,0.0,0.0
268,268,1,0.665,0.0,0.0,0.665,1000.0,2,0.0,0.0,0.0,0.0
269,269,1,0.6675,0.0,0.0,0.6675,1000.0,2,0.0,0.0,0.0,0.0
270,270,1,0.67,0.0,0.0,0.67,1000.0,2,0.0,0.0,0.0,0.0
271,271,1,0.6725,0.0,0.0,0.6725,1000.0,2,0.0,0.0,0.0,0.0
272,272,1,0.675,0.0,0.0,0.675,1000.0,2,0.0,0.0,0.0,0.0
273,273,1,0.6775,0.0,0.0,0.6775,1000.0,2,0.0,0.0,0.0,0.0
274,274,1,0.68,0.0,0.0,0.68,1000.0,2,0.0,0.0,0.0,0.0
275,275,1,0.6825,0.0,0.0,0.6825,1000.0,2,0.0,0.0,0.0,0.0
276,276,1,0.685,0.0,0.0,0.685,1000.0,2,0.0,0.0,0.0,0.0
277,277,1,0.6875,0.0,0.0,0.6875,1000.0,2,0.0,0.0,0.0,0.0
278,278,1,0.69,0.0,0.0,0.69,1000.0,2,0.0,0.0,0.0,0.0
279,279,1,0.6925,0.0,0.0,0.6925,1000.0,2,0.0,0.0,0.0,0.0
280,280,1,0.695,0.0,0.0,0.695,1000.0,2,0.0,0.0,0.0,0.0
281,281,1,0.6975,0.0,0.0,0.6975,1000.0,2,0.0,0.0,0.0,0.0
282,282,1,0.7,0.0,0.0,0.7,1000.0,2,0.0,0.0,0.0,0.0
283,283,1,0.7025,0.0,0.0,0.7025,1000.0,2,0.0,0.0,0.0,0.0
284,284,1,0.705,0.0,0.0,0.705,1000.0,2,0.0,0.0,0.0,0.0
285,285,1,0.7075,0.0,0.0,0.7075,1000.0,2,0.0,0.0,0.0,0.0
286,286,1,0.71,0.0,0.0,0.71,1000.0,2,0.0,0.0,0.0,0.0
287,287,1,0.7125,0.0,0.0,0.7125,1000.0,2,0.0,0.0,0.0,0.0
288,288,1,0.715,0.0,0.0,0.715,1000.0,2,0.0,0.0,0.0,0.0
289,289,1,0.7175,0.0,0.0,0.7175,1000.0,2,0.0,0.0,0.0,0.0
290,290,1,0.72,0.0,0.0,0.72,1000.0,2,0.0,0.0,0.0,0.0
291,291,1,0.7225,0.0,0.0,0.7225,1000.0,2,0.0,0.0,0.0,0.0
292,292,1,0.725,0.0,0.0,0.725,1000.0,2,0.0,0.0,0.0,0.0
293,293,1,0.7275,0.0,0.0,0.7275,1000.0,2,0.0,0.0,0.0,0.0
294,294,1,0.73,0.0,0.0,0.73,1000.0,2,0.0,0.0,0.0,0.0
295,295,1,0.7325,0.0,0.0,0.7325,1000.0,2,0.0,0.0,0.0,0.0
296,296,1,0.735,0.0,0.0,0.735,1000.0,2,0.0,0.0,0.0,0.0
297,297,1,0.7375,0.0,0.0,0.7375,1000.0,2,0.0,0.0,0.0,0.0
298,298,1,0.74,0.0,0.0,0.74,1000.0,2,0.0,0.0,0.0,0.0
299,299,1,0.7425,0.0,0.0,0.7425,1000.0,2,0.0,0.0,0.0,0.0
300,300,1,0.745,0.0,0.0,0.745,1000.0,2,0.0,0.0,0.0,0.0
301,301,1,0.7475,0.0,0.0,0.7475,1000.0,2,0.0,0.0,0.0,0.0
302,302,1,0.75,0.0,0.0,0.75,1000.0,2,0.0,0.0,0.0,0.0
303,303,1,0.7525,0.0,0.0,0.7525,1000.0,2,0.0,0.0,0.0,0.0
304,304,1,0.755,0.0,0.0,0.755,1000.0,2,0.0,0.0,0.0,0.0
305,305,1,0.7575,0.0,0.0,0.7575,1000.0,2,0.0,0.0,0.0,0.0
306,306,1,0.76,0.0,0.0,0.76,1000.0,2,0.0,0.0,0.0,0.0
307,307,1,0.7625,0.0,0.0,0.7625,1000.0,2,0.0,0.0,0.0,0.0
308,308,1,0.765,0.0,0.0,0.765,1000.0,2,0.0,0.0,0.0,0.0
309,309,1,0.7675,0.0,0.0,0.7675,1000.0,2,0.0,0.0,0.0,0.0
310,310,1,0.77,0.0,0.0,0.77,1000.0,2,0.0,0.0,0.0,0.0
311,311,1,0.7725,0.0,0.0,0.7725,1000.0,2,0.0,0.0,0.0,0.0
312,312,1,0.775,0.0,0.0,0.775,1000.0,2,0.0,0.0,0.0,0.0
313,313,1,0.7775,0.0,0.0,0.7775,1000.0,2,0.0,0.0,0.0,0.0
314,314,1,0.78,0.0,0.0,0.78,1000.0,2,0.0,0.0,0.0,0.0
315,315,1,0.7825,0.0,0.0,0.7825,1000.0,2,0.0,0.0,0.0,0.0
316,316,1,0.785,0.0,0.0,0.785,1000.0,2,0.0,0.0,0.0,0.0
317,317,1,0.7875,0.0,0.0,0.7875,1000.0,2,0.0,0.0,0.0,0.0
318,318,1,0.79,0.0,0.0,0.79,1000.0,2,0.0,0.0,0.0,0.0
319,319,1,0.7925,0.0,0.0,0.7925,1000.0,2,0.0,0.0,0.0,0.0
320,320,1,0.795,0.0,0.0,0.795,1000.0,2,0.0,0.0,0.0,0.0
321,321,1,0.7975,0.0,0.0,0.7975,1000.0,2,0.0,0.0,0.0,0.0
322,322,1,0.8,0.0,0.0,0.8,1000.0,2,0.0,0.0,0.0,0.0
323,323,1,0.8025,0.0,0.0,0.8025,1000.0,2,0.0,0.0,0.0,0.0
324,324,1,0.805,0.0,0.0,0.805,1000.0,2,0.0,0.0,0.0,0.0
325,325,1,0.8075,0.0,0.0,0.8075,1000.0,2,0.0,0.0,0.0,0.0
326,326,1,0.81,0.0,0.0,0.81,1000.0,2,0.0,0.0,0.0,0.0
327,327,1,0.8125,0.0,0.0,0.8125,1000.0,2,0.0,0.0,0.0,0.0
328,328,1,0.815,0.0,0.0,0.815,1000.0,2,0.0,0.0,0.0,0.0
329,329,1,0.8175,0.0,0.0,0.8175,1000.0,2,0.0,0.0,0.0,0.0
330,330,1,0.82,0.0,0.0,0.82,1000.0,2,0.0,0.0,0.0,0.0
331,331,1,0.8225,0.0,0.0,0.8225,1000.0,2,0.0,0.0,0.0,0.0
332,332,1,0.825,0.0,0.0,0.825,1000.0,2,0.0,0.0,0.0,0.0
333,333,1,0.8275,0.0,0.0,0.8275,1000.0,2,0.0,0.0,0.0,0.0
334,334,1,0.83,0.0,0.0,0.83,1000.0,2,0.0,0.0,0.0,0.0
335,335,1,0.8325,0.0,0.0,0.8325,1000.0,2,0.0,0.0,0.0,0.0
336,336,1,0.835,0.0,0.0,0.835,1000.0,2,0.0,0.0,0.0,0.0
337,337,1,0.8375,0.0,0.0,0.8375,1000.0,2,0.0,0.0,0.0,0.0
338,338,1,0.84,0.0,0.0,0.84,1000.0,2,0.0,0.0,0.0,0.0
339,339,1,0.8425,0.0,0.0,0.8425,1000.0,2,0.0,0.0,0.0,0.0
340,340,1,0.845,0.0,0.0,0.845,1000.0,2,0.0,0.0,0.0,0.0
341,341,1,0.8475,0.0,0.0,0.8475,1000.0,2,0.0,0.0,0.0,0.0
342,342,1,0.85,0.0,0.0,0.85,1000.0,2,0.0,0.0,0.0,0.0
343,343,1,0.8525,0.0,0.0,0.8525,1000.0,2,0.0,0.0,0.0,0.0
344,344,1,0.855,0.0,0.0,0.855,1000.0,2,0.0,0.0,0.0,0.0
345,345,1,0.8575,0.0,0.0,0.8575,1000.0,2,0.0,0.0,0.0,0.0
346,346,1,0.86,0.0,0.0,0.86,1000.0,2,0.0,0.0,0.0,0.0
347,347,1,0.8625,0.0,0.0,0.8625,1000.0,2,0.0,0.0,0.0,0.0
348,348,1,0.865,0.0,0.0,0.865,1000.0,2,0.0,0.0,0.0,0.0
349,349,1,0.8675,0.0,0.0,0.8675,1000.0,2,0.0,0.0,0.0,0.0
350,350,1,0.87,0.0,0.0,0.87,1000.0,2,0.0,0.0,0.0,0.0
351,351,1,0.8725,0.0,0.0,0.8725,1000.0,2,0.0,0.0,0.0,0.0
352,352,1,0.875,0.0,0.0,0.875,1000.0,2,0.0,0.0,0.0,0.0
353,353,1,0.8775,0.0,0.0,0.8775,1000.0,2,0.0,0.0,0.0,0.0
354,354,1,0.88,0.0,0.0,0.88,1000.0,2,0.0,0.0,0.0,0.0
355,355,1,0.8825,0.0,0.0,0.8825,1000.0,2,0.0,0.0,0.0,0.0
356,356,1,0.885,0.0,0.0,0.885,1000.0,2,0.0,0.0,0.0,0.0
357,357,1,0.8875,0.0,0.0,0.8875,1000.0,2,0.0,0.0,0.0,0.0
358,358,1,0.89,0.0,0.0,0.89,1000.0,2,0.0,0.0,0.0,0.0
359,359,1,0.8925,0.0,0.0,0.8925,1000.0,2,0.0,0.0,0.0,0.0
360,360,1,0.895,0.0,0.0,0.895,1000.0,2,0.0,0.0,0.0,0.0
361,361,1,0.8975,0.0,0.0,0.8975,1000.0,2,0.0,0.0,0.0,0.0
362,362,1,0.9,0.0,0.0,0.9,1000.0,2,0.0,0.0,0.0,0.0
363,363,1,0.9025,0.0,0.0,0.9025,1000.0,2,0.0,0.0,0.0,0.0
364,364,1,0.905,0.0,0.0,0.905,1000.0,2,0.0,0.0,0.0,0.0
365,365,1,0.9075,0.0,0.0,0.9075,1000.0,2,0.0,0.0,0.0,0.0
366,366,1,0.91,0.0,0.0,0.91,1000.0,2,0.0,0.0,0.0,0.0
367,367,1,0.9125,0.0,0.0,0.9125,1000.0,2,0.0,0.0,0.0,0.0
368,368,1,0.915,0.0,0.0,0.915,1000.0,2,0.0,0.0,0.0,0.0
369,369,1,0.9175,0.0,0.0,0.9175,1000.0,2,0.0,0.0,0.0,0.0
370,370,1,0.92,0.0,0.0,0.92,1000.0,2,0.0,0.0,0.0,0.0
371,371,1,0.9225,0.0,0.0,0.9225,1000.0,2,0.0,0.0,0.0,0.0
372,372,1,0.925,0.0,0.0,0.925,1000.0,2,0.0,0.0,0.0,0.0
373,373,1,0.9275,0.0,0.0,0.9275,1000.0,2,0.0,0.0,0.0,0.0
374,374,1,0.93,0.0,0.0,0.93,1000.0,2,0.0,0.0,0.0,0.0
375,375,1,0.9325,0.0,0.0,0.9325,1000.0,2,0.0,0.0,0.0,0.0
376,376,1,0.935,0.0,0.0,0.935,1000.0,2,0.0,0.0,0.0,0.0
377,377,1,0.9375,0.0,0.0,0.9375,1000.0,2,0.0,0.0,0.0,0.0
378,378,1,0.94,0.0,0.0,0.94,1000.0,2,0.0,0.0,0.0,0.0
379,379,1,0.9425,0.0,0.0,0.9425,1000.0,2,0.0,0.0,0.0,0.0
380,380,1,0.945,0.0,0.0,0.945,1000.0,2,0.0,0.0,0.0,0.0
381,381,1,0.9475,0.0,0.0,0.9475,1000.0,2,0.0,0.0,0.0,0.0
382,382,1,0.95,0.0,0.0,0.95,1000.0,2,0.0,0.0,0.0,0.0
383,383,1,0.9525,0.0,0.0,0.9525,1000.0,2,0.0,0.0,0.0,0.0
384,384,1,0.955,0.0,0.0,0.955,1000.0,2,0.0,0.0,0.0,0.0
385,385,1,0.9575,0.0,0.0,0.9575,1000.0,2,0.0,0.0,0.0,0.0
386,386,1,0.96,0.0,0.0,0.96,1000.0,2,0.0,0.0,0.0,0.0
387,387,1,0.9625,0.0,0.0,0.9625,1000.0,2,0.0,0.0,0.0,0.0
388,388,1,0.965,0.0,0.0,0.965,1000.0,2,0.0,0.0,0.0,0.0
389,389,1,0.9675,0.0,0.0,0.9675,1000.0,2,0.0,0.0,0.0,0.0
390,390,1,0.97,0.0,0.0,0.97,1000.0,2,0.0,0.0,0.0,0.0
391,391,1,0.9725,0.0,0.0,0.9725,1000.0,2,0.0,0.0,0.0,0.0
392,392,1,0.975,0.0,0.0,0.975,1000.0,2,0.0,0.0,0.0,0.0
393,393,1,0.9775,0.0,0.0,0.9775,1000.0,2,0.0,0.0,0.0,0.0
394,394,1,0.98,0.0,0.0,0.98,1000.0,2,0.0,0.0,0.0,0.0
395,395,1,0.9825,0.0,0.0,0.9825,1000.0,2,0.0,0.0,0.0,0.0
396,396,1,0.985,0.0,0.0,0.985,1000.0,2,0.0,0.0,0.0,0.0
397,397,1,0.9875,0.0,0.0,0.9875,1000.0,2,0.0,0.0,0.0,0.0
398,398,1,0.99,0.0,0.0,0.99,1000.0,2,0.0,0.0,0.0,0.0
399,399,1,0.9925,0.0,0.0,0.9925,1000.0,2,0.0,0.0,0.0,0.0
400,400,1,0.995,0.0,0.0,0.995,1000.0,2,0.0,0.0,0.0,0.0
401,401,1,0.9975,0.0,0.0,0.9975,1000.0,2,0.0,0.0,0.0,0.0
402,402,1,1.0,0.0,0.0,1.0,1000.0,2,0.0,0.0,0.0,0.0
403,403,1,1.0025,0.0,0.0,1.0025,1000.0,2,0.0,0.0,0.0,0.0
404,404,1,1.005,0.0,0.0,1.005,1000.0,2,0.0,0.0,0.0,0.0
405,405,1,-0.005,0.0,-0.0025,0.005590169943749474,1000.0,2,0.0,0.0,0.0,0.0
406,406,1,-0.0025,0.0,-0.0025,0.0035355339059327377,1000.0,2,0.0,0.0,0.0,0.0
407,407,1,0.0,0.0,-0.0025,0.0025,1000.0,2,0.0,0.0,0.0,0.0
408,408,1,0.0025,0.0,-0.0025,0.0035355339059327377,1000.0,2,0.0,0.0,0.0,0.0
409,409,1,0.005,0.0,-0.0025,0.005590169943749474,1000.0,2,0.0,0.0,0.0,0.0
410,410,1,0.0075,0.0,-0.0025,0.007905694150420948,1000.0,2,0.0,0.0,0.0,0.0
411,411,1,0.01,0.0,-0.0025,0.010307764064044152,1000.0,2,0.0,0.0,0.0,0.0
412,412,1,0.0125,0.0,-0.0025,0.012747548783981964,1000.0,2,0.0,0.0,0.0,0.0
413,413,1,0.015,0.0,-0.0025,0.01520690632574555,1000.0,2,0.0,0.0,0.0,0.0
414,414,1,0.0175,0.0,-0.0025,0.01767766952966369,1000.0,2,0.0,0.0,0.0,0.0
415,415,1,0.02,0.0,-0.0025,0.020155644370746375,1000.0,2,0.0,0.0,0.0,0.0
416,416,1,0.0225,0.0,-0.0025,0.02263846284534354,1000.0,2,0.0,0.0,0.0,0.0
417,417,1,0.025,0.0,-0.0025,0.025124689052802227,1000.0,2,0.0,0.0,0.0,0.0
418,418,1,0.0275,0.0,-0.0025,0.027613402542968152,1000.0,2,0.0,0.0,0.0,0.0
419,419,1,0.03,0.0,-0.0025,0.030103986446980736,1000.0,2,0.0,0.0,0.0,0.0
420,420,1,0.0325,0.0,-0.0025,0.03259601202601325,1000.0,2,0.0,0.0,0.0,0.0
421,421,1,0.035,0.0,-0.0025,0.035089172119045504,1000.0,2,0.0,0.0,0.0,0.0
422,422,1,0.0375,0.0,-0.0025,0.03758324094593227,1000.0,2,0.0,0.0,0.0,0.0
423,423,1,0.04,0.0,-0.0025,0.040078048854703494,1000.0,2,0.0,0.0,0.0,0.0
424,424,1,0.0425,0.0,-0.0025,0.042573465914816006,1000.0,2,0.0,0.0,0.0,0.0
425,425,1,0.045,0.0,-0.0025,0.04506939094329987,1000.0,2,0.0,0.0,0.0,0.0
426,426,1,0.0475,0.0,-0.0025,0.047565743976101124,1000.0,2,0.0,0.0,0.0,0.0
427,427,1,0.05,0.0,-0.0025,0.05006246098625197,1000.0,2,0.0,0.0,0.0,0.0
428,428,1,0.0525,0.0,-0.0025,0.05255949010407159,1000.0,2,0.0,0.0,0.0,0.0
429,429,1,0.055,0.0,-0.0025,0.0550567888638631,1000.0,2,0.0,0.0,0.0,0.0
430,430,1,0.0575,0.0,-0.0025,0.057554322166106696,1000.0,2,0.0,0.0,0.0,0.0
431,431,1,0.06,0.0,-0.0025,0.06005206074732157,1000.0,2,0.0,0.0,0.0,0.0
432,432,1,0.0625,0.0,-0.0025,0.06254998001598402,1000.0,2,0.0,0.0,0.0,0.0
433,433,1,0.065,0.0,-0.0025,0.06504805915628845,1000.0,2,0.0,0.0,0.0,0.0
434,434,1,0.0675,0.0,-0.0025,0.06754628043053149,1000.0,2,0.0,0.0,0.0,0.0
435,435,1,0.07,0.0,-0.0025,0.0700446286306095,1000.0,2,0.0,0.0,0.0,0.0
436,436,1,0.0725,0.0,-0.0025,0.07254309064273454,1000.0,2,0.0,0.0,0.0,0.0
437,437,1,0.075,0.0,-0.0025,0.07504165509901817,1000.0,2,0.0,0.0,0.0,0.0
438,438,1,0.0775,0.0,-0.0025,0.07754031209635412,1000.0,2,0.0,0.0,0.0,0.0
439,439,1,0.08,0.0,-0.0025,0.08003905296791061,1000.0,2,0.0,0.0,0.0,0.0
440,440,1,0.0825,0.0,-0.0025,0.0825378700960959,1000.0,2,0.0,0.0,0.0,0.0
441,441,1,0.085,0.0,-0.0025,0.08503675675847475,1000.0,2,0.0,0.0,0.0,0.0
442,442,1,0.0875,0.0,-0.0025,0.08753570700005797,1000.0,2,0.0,0.0,0.0,0.0
443,443,1,0.09,0.0,-0.0025,0.09003471552684553,1000.0,2,0.0,0.0,0.0,0.0
444,444,1,0.0925,0.0,-0.0025,0.09253377761660873,1000.0,2,0.0,0.0,0.0,0.0
445,445,1,0.095,0.0,-0.0025,0.09503288904374106,1000.0,2,0.0,0.0,0.0,0.0
446,446,1,0.0975,0.0,-0.0025,0.0975320460156558,1000.0,2,0.0,0.0,0.0,0.0
447,447,1,0.1,0.0,-0.0025,0.1000312451187128,1000.0,2,0.0,0.0,0.0,0.0
448,448,1,0.1025,0.0,-0.0025,0.10253048327204937,1000.0,2,0.0,0.0,0.0,0.0
449,449,1,0.105,0.0,-0.0025,0.105029757688,1000.0,2,0.0,0.0,0.0,0.0
450,450,1,0.1075,0.0,-0.0025,0.10752906583803283,1000.0,2,0.0,0.0,0.0,0.0
451,451,1,0.11,0.0,-0.0025,0.11002840542332692,1000.0,2,0.0,0.0,0.0,0.0
452,452,1,0.1125,0.0,-0.0025,0.11252777434926899,1000.0,2,0.0,0.0,0.0,0.0
453,453,1,0.115,0.0,-0.0025,0.11502717070327341,1000.0,2,0.0,0.0,0.0,0.0
454,454,1,0.1175,0.0,-0.0025,0.11752659273543158,1000.0,2,0.0,0.0,0.0,0.0
455,455,1,0.12,0.0,-0.0025,0.12002603884157803,1000.0,2,0.0,0.0,0.0,0.0
456,456,1,0.1225,0.0,-0.0025,0.12252550754842845,1000.0,2,0.0,0.0,0.0,0.0
457,457,1,0.125,0.0,-0.0025,0.12502499750049986,1000.0,2,0.0,0.0,0.0,0.0
458,458,1,0.1275,0.0,-0.0025,0.1275245074485685,1000.0,2,0.0,0.0,0.0,0.0
459,459,1,0.13,0.0,-0.0025,0.13002403623945843,1000.0,2,0.0,0.0,0.0,0.0
460,460,1,0.1325,0.0,-0.0025,0.13252358280698573,1000.0,2,0.0,0.0,0.0,0.0
461,461,1,0.135,0.0,-0.0025,0.13502314616390776,1000.0,2,0.0,0.0,0.0,0.0
462,462,1,0.1375,0.0,-0.0025,0.1375227253947507,1000.0,2,0.0,0.0,0.0,0.0
463,463,1,0.14,0.0,-0.0025,0.14002231964940448,1000.0,2,0.0,0.0,0.0,0.0
464,464,1,0.1425,0.0,-0.0025,0.14252192813739223,1000.0,2,0.0,0.0,0.0,0.0
465,465,1,0.145,0.0,-0.0025,0.14502155012273174,1000.0,2,0.0,0.0,0.0,0.0
466,466,1,0.1475,0.0,-0.0025,0.1475211849193193,1000.0,2,0.0,0.0,0.0,0.0
467,467,1,0.15,0.0,-0.0025,0.15002083188677498,1000.0,2,0.0,0.0,0.0,0.0
468,468,1,0.1525,0.0,-0.0025,0.15252049042669644,1000.0,2,0.0,0.0,0.0,0.0
469,469,1,0.155,0.0,-0.0025,0.15502015997927496,1000.0,2,0.0,0.0,0.0,0.0
470,470,1,0.1575,0.0,-0.0025,0.15751984002023364,1000.0,2,0.0,0.0,0.0,0.0
471,471,1,0.16,0.0,-0.0025,0.1600195300580526,1000.0,2,0.0,0.0,0.0,0.0
472,472,1,0.1625,0.0,-0.0025,0.16251922963145007,1000.0,2,0.0,0.0,0.0,0.0
473,473,1,0.165,0.0,-0.0025,0.1650189383070925,1000.0,2,0.0,0.0,0.0,0.0
474,474,1,0.1675,0.0,-0.0025,0.16751865567750956,1000.0,2,0.0,0.0,0.0,0.0
475,475,1,0.17,0.0,-0.0025,0.17001838135919306,1000.0,2,0.0,0.0,0.0,0.0
476,476,1,0.1725,0.0,-0.0025,0.17251811499086117,1000.0,2,0.0,0.0,0.0,0.0
477,477,1,0.175,0.0,-0.0025,0.17501785623187135,1000.0,2,0.0,0.0,0.0,0.0
478,478,1,0.1775,0.0,-0.0025,0.1775176047607673,1000.0,2,0.0,0.0,0.0,0.0
479,479,1,0.18,0.0,-0.0025,0.1800173602739469,1000.0,2,0.0,0.0,0.0,0.0
480,480,1,0.1825,0.0,-0.0025,0.1825171224844398,1000.0,2,0.0,0.0,0.0,0.0
481,481,1,0.185,0.0,-0.0025,0.18501689112078387,1000.0,2,0.0,0.0,0.0,0.0
482,482,1,0.1875,0.0,-0.0025,0.18751666592599175,1000.0,2,0.0,0.0,0.0,0.0
483,483,1,0.19,0.0,-0.0025,0.19001644665659864,1000.0,2,0.0,0.0,0.0,0.0
484,484,1,0.1925,0.0,-0.0025,0.19251623308178456,1000.0,2,0.0,0.0,0.0,0.0
485,485,1,0.195,0.0,-0.0025,0.19501602498256393,1000.0,2,0.0,0.0,0.0,0.0
486,486,1,0.1975,0.0,-0.0025,0.1975158221510368,1000.0,2,0.0,0.0,0.0,0.0
487,487,1,0.2,0.0,-0.0025,0.20001562438969614,1000.0,2,0.0,0.0,0.0,0.0
488,488,1,0.2025,0.0,-0.0025,0.20251543151078638,1000.0,2,0.0,0.0,0.0,0.0
489,489,1,0.205,0.0,-0.0025,0.20501524333570906,1000.0,2,0.0,0.0,0.0,0.0
490,490,1,0.2075,0.0,-0.0025,0.20751505969447132,1000.0,2,0.0,0.0,0.0,0.0
491,491,1,0.21,0.0,-0.0025,0.21001488042517366,1000.0,2,0.0,0.0,0.0,0.0
492,492,1,0.2125,0.0,-0.0025,0.2125147053735341,1000.0,2,0.0,0.0,0.0,0.0
493,493,1,0.215,0.0,-0.0025,0.2150145343924452,1000.0,2,0.0,0.0,0.0,0.0
494,494,1,0.2175,0.0,-0.0025,0.21751436734156207,1000.0,2,0.0,0.0,0.0,0.0
495,495,1,0.22,0.0,-0.0025,0.220014204086918,1000.0,2,0.0,0.0,0.0,0.0
496,496,1,0.2225,0.0,-0.0025,0.2225140445005663,1000.0,2,0.0,0.0,0.0,0.0
497,497,1,0.225,0.0,-0.0025,0.22501388846024595,1000.0,2,0.0,0.0,0.0,0.0
498,498,1,0.2275,0.0,-0.0025,0.22751373584906912,1000.0,2,0.0,0.0,0.0,0.0
499,499,1,0.23,0.0,-0.0025,0.23001358655522938,1000.0,2,0.0,0.0,0.0,0.0
500,500,1,0.2325,0.0,-0.0025,0.23251344047172845,1000.0,2,0.0,0.0,0.0,0.0
501,501,1,0.235,0.0,-0.0025,0.2350132974961204,1000.0,2,0.0,0.0,0.0,0.0
502,502,1,0.2375,0.0,-0.0025,0.2375131575302724,1000.0,2,0.0,0.0,0.0,0.0
503,503,1,0.24,0.0,-0.0025,0.24001302048013978,1000.0,2,0.0,0.0,0.0,0.0
504,504,1,0.2425,0.0,-0.0025,0.2425128862555555,1000.0,2,0.0,0.0,0.0,0.0
505,505,1,0.245,0.0,-0.0025,0.24501275477003231,1000.0,2,0.0,0.0,0.0,0.0
506,506,1,0.2475,0.0,-0.0025,0.24751262594057702,1000.0,2,0.0,0.0,0.0,0.0
507,507,1,0.25,0.0,-0.0025,0.2500124996875156,1000.0,2,0.0,0.0,0.0,0.0
508,508,1,0.2525,0.0,-0.0025,0.2525123759343292,1000.0,2,0.0,0.0,0.0,0.0
509,509,1,0.255,0.0,-0.0025,0.2550122546074992,1000.0,2,0.0,0.0,0.0,0.0
510,510,1,0.2575,0.0,-0.0025,0.25751213563636177,1000.0,2,0.0,0.0,0.0,0.0
511,511,1,0.26,0.0,-0.0025,0.2600120189529707,1000.0,2,0.0,0.0,0.0,0.0
512,512,1,0.2625,0.0,-0.0025,0.26251190449196776,1000.0,2,0.0,0.0,0.0,0.0
513,513,1,0.265,0.0,-0.0025,0.26501179219046084,1000.0,2,0.0,0.0,0.0,0.0
514,514,1,0.2675,0.0,-0.0025,0.2675116819879087,1000.0,2,0.0,0.0,0.0,0.0
515,515,1,0.27,0.0,-0.0025,0.27001157382601215,1000.0,2,0.0,0.0,0.0,0.0
516,516,1,0.2725,0.0,-0.0025,0.2725114676486111,1000.0,2,0.0,0.0,0.0,0.0
517,517,1,0.275,0.0,-0.0025,0.2750113634015875,1000.0,2,0.0,0.0,0.0,0.0
518,518,1,0.2775,0.0,-0.0025,0.27751126103277324,1000.0,2,0.0,0.0,0.0,0.0
519,519,1,0.28,0.0,-0.0025,0.28001116049186325,1000.0,2,0.0,0.0,0.0,0.0
520,520,1,0.2825,0.0,-0.0025,0.2825110617303329,1000.0,2,0.0,0.0,0.0,0.0
521,521,1,0.285,0.0,-0.0025,0.2850109647013602,1000.0,2,0.0,0.0,0.0,0.0
522,522,1,0.2875,0.0,-0.0025,0.2875108693597513,1000.0,2,0.0,0.0,0.0,0.0
523,523,1,0.29,0.0,-0.0025,0.2900107756618709,1000.0,2,0.0,0.0,0.0,0.0
524,524,1,0.2925,0.0,-0.0025,0.2925106835655751,1000.0,2,0.0,0.0,0.0,0.0
525,525,1,0.295,0.0,-0.0025,0.29501059303014865,1000.0,2,0.0,0.0,0.0,0.0
526,526,1,0.2975,0.0,-0.0025,0.2975105040162448,1000.0,2,0.0,0.0,0.0,0.0
527,527,1,0.3,0.0,-0.0025,0.30001041648582805,1000.0,2,0.0,0.0,0.0,0.0
528,528,1,0.3025,0.0,-0.0025,0.30251033040212033,1000.0,2,0.0,0.0,0.0,0.0
529,529,1,0.305,0.0,-0.0025,0.3050102457295492,1000.0,2,0.0,0.0,0.0,0.0
530,530,1,0.3075,0.0,-0.0025,0.3075101624336991,1000.0,2,0.0,0.0,0.0,0.0
531,531,1,0.31,0.0,-0.0025,0.3100100804812644,1000.0,2,0.0,0.0,0.0,0.0
532,532,1,0.3125,0.0,-0.0025,0.3125099998400051,1000.0,2,0.0,0.0,0.0,0.0
533,533,1,0.315,0.0,-0.0025,0.3150099204787049,1000.0,2,0.0,0.0,0.0,0.0
534,534,1,0.3175,0.0,-0.0025,0.3175098423671304,1000.0,2,0.0,0.0,0.0,0.0
535,535,1,0.32,0.0,-0.0025,0.32000976547599297,1000.0,2,0.0,0.0,0.0,0.0
536,536,1,0.3225,0.0,-0.0025,0.32250968977691197,1000.0,2,0.0,0.0,0.0,0.0
537,537,1,0.325,0.0,-0.0025,0.3250096152423802,1000.0,2,0.0,0.0,0.0,0.0
538,538,1,0.3275,0.0,-0.0025,0.32750954184573006,1000.0,2,0.0,0.0,0.0,0.0
539,539,1,0.33,0.0,-0.0025,0.33000946956110216,1000.0,2,0.0,0.0,0.0,0.0
540,540,1,0.3325,0.0,-0.0025,0.3325093983634147,1000.0,2,0.0,0.0,0.0,0.0
541,541,1,0.335,0.0,-0.0025,0.33500932822833457,1000.0,2,0.0,0.0,0.0,0.0
542,542,1,0.3375,0.0,-0.0025,0.3375092591322496,1000.0,2,0.0,0.0,0.0,0.0
543,543,1,0.34,0.0,-0.0025,0.34000919105224203,1000.0,2,0.0,0.0,0.0,0.0
544,544,1,0.3425,0.0,-0.0025,0.34250912396606314,1000.0,2,0.0,0.0,0.0,0.0
545,545,1,0.345,0.0,-0.0025,0.3450090578521091,1000.0,2,0.0,0.0,0.0,0.0
546,546,1,0.3475,0.0,-0.0025,0.3475089926893979,1000.0,2,0.0,0.0,0.0,0.0
547,547,1,0.35,0.0,-0.0025,0.3500089284575466,1000.0,2,0.0,0.0,0.0,0.0
548,548,1,0.3525,0.0,-0.0025,0.35250886513675084,1000.0,2,0.0,0.0,0.0,0.0
549,549,1,0.355,0.0,-0.0025,0.35500880270776386,1000.0,2,0.0,0.0,0.0,0.0
550,550,1,0.3575,0.0,-0.0025,0.3575087411518773,1000.0,2,0.0,0.0,0.0,0.0
551,551,1,0.36,0.0,-0.0025,0.36000868045090245,1000.0,2,0.0,0.0,0.0,0.0
552,552,1,0.3625,0.0,-0.0025,0.3625086205871524,1000.0,2,0.0,0.0,0.0,0.0
553,553,1,0.365,0.0,-0.0025,0.3650085615434246,1000.0,2,0.0,0.0,0.0,0.0
554,554,1,0.3675,0.0,-0.0025,0.3675085033029848,1000.0,2,0.0,0.0,0.0,0.0
555,555,1,0.37,0.0,-0.0025,0.37000844584955084,1000.0,2,0.0,0.0,0.0,0.0
556,556,1,0.3725,0.0,-0.0025,0.3725083891672777,1000.0,2,0.0,0.0,0.0,0.0
557,557,1,0.375,0.0,-0.0025,0.37500833324074284,1000.0,2,0.0,0.0,0.0,0.0
558,558,1,0.3775,0.0,-0.0025,0.3775082780549322,1000.0,2,0.0,0.0,0.0,0.0
559,559,1,0.38,0.0,-0.0025,0.38000822359522696,1000.0,2,0.0,0.0,0.0,0.0
560,560,1,0.3825,0.0,-0.0025,0.38250816984739033,1000.0,2,0.0,0.0,0.0,0.0
561,561,1,0.385,0.0,-0.0025,0.3850081167975553,1000.0,2,0.0,0.0,0.0,0.0
562,562,1,0.3875,0.0,-0.0025,0.38750806443221286,1000.0,2,0.0,0.0,0.0,0.0
563,563,1,0.39,0.0,-0.0025,0.39000801273820007,1000.0,2,0.0,0.0,0.0,0.0
564,564,1,0.3925,0.0,-0.0025,0.3925079617026896,1000.0,2,0.0,0.0,0.0,0.0
565,565,1,0.395,0.0,-0.0025,0.3950079113131787,1000.0,2,0.0,0.0,0.0,0.0
566,566,1,0.3975,0.0,-0.0025,0.3975078615574792,1000.0,2,0.0,0.0,0.0,0.0
567,567,1,0.4,0.0,-0.0025,0.4000078124237076,1000.0,2,0.0,0.0,0.0,0.0
568,568,1,0.4025,0.0,-0.0025,0.40250776390027565,1000.0,2,0.0,0.0,0.0,0.0
569,569,1,0.405,0.0,-0.0025,0.4050077159758812,1000.0,2,0.0,0.0,0.0,0.0
570,570,1,0.4075,0.0,-0.0025,0.40750766863949933,1000.0,2,0.0,0.0,0.0,0.0
571,571,1,0.41,0.0,-0.0025,0.4100076218803743,1000.0,2,0.0,0.0,0.0,0.0
572,572,1,0.4125,0.0,-0.0025,0.41250757568801083,1000.0,2,0.0,0.0,0.0,0.0
573,573,1,0.415,0.0,-0.0025,0.4150075300521667,1000.0,2,0.0,0.0,0.0,0.0
574,574,1,0.4175,0.0,-0.0025,0.41750748496284473,1000.0,2,0.0,0.0,0.0,0.0
575,575,1,0.42,0.0,-0.0025,0.42000744041028604,1000.0,2,0.0,0.0,0.0,0.0
576,576,1,0.4225,0.0,-0.0025,0.4225073963849627,1000.0,2,0.0,0.0,0.0,0.0
577,577,1,0.425,0.0,-0.0025,0.4250073528775708,1000.0,2,0.0,0.0,0.0,0.0
578,578,1,0.4275,0.0,-0.0025,0.4275073098790242,1000.0,2,0.0,0.0,0.0,0.0
579,579,1,0.43,0.0,-0.0025,0.43000726738044787,1000.0,2,0.0,0.0,0.0,0.0
580,580,1,0.4325,0.0,-0.0025,0.43250722537317227,1000.0,2,0.0,0.0,0.0,0.0
581,581,1,0.435,0.0,-0.0025,0.43500718384872683,1000.0,2,0.0,0.0,0.0,0.0
582,582,1,0.4375,0.0,-0.0025,0.4375071427988348,1000.0,2,0.0,0.0,0.0,0.0
583,583,1,0.44,0.0,-0.0025,0.44000710221540745,1000.0,2,0.0,0.0,0.0,0.0
584,584,1,0.4425,0.0,-0.0025,0.44250706209053886,1000.0,2,0.0,0.0,0.0,0.0
585,585,1,0.445,0.0,-0.0025,0.44500702241650075,1000.0,2,0.0,0.0,0.0,0.0
586,586,1,0.4475,0.0,-0.0025,0.44750698318573756,1000.0,2,0.0,0.0,0.0,0.0
587,587,1,0.45,0.0,-0.0025,0.45000694439086164,1000.0,2,0.0,0.0,0.0,0.0
588,588,1,0.4525,0.0,-0.0025,0.45250690602464844,1000.0,2,0.0,0.0,0.0,0.0
589,589,1,0.455,0.0,-0.0025,0.45500686808003243,1000.0,2,0.0,0.0,0.0,0.0
590,590,1,0.4575,0.0,-0.0025,0.45750683055010233,1000.0,2,0.0,0.0,0.0,0.0
591,591,1,0.46,0.0,-0.0025,0.46000679342809714,1000.0,2,0.0,0.0,0.0,0.0
592,592,1,0.4625,0.0,-0.0025,0.4625067567074021,1000.0,2,0.0,0.0,0.0,0.0
593,593,1,0.465,0.0,-0.0025,0.4650067203815446,1000.0,2,0.0,0.0,0.0,0.0
594,594,1,0.4675,0.0,-0.0025,0.46750668444419063,1000.0,2,0.0,0.0,0.0,0.0
595,595,1,0.47,0.0,-0.0025,0.47000664888914073,1000.0,2,0.0,0.0,0.0,0.0
596,596,1,0.4725,0.0,-0.0025,0.4725066137103268,1000.0,2,0.0,0.0,0.0,0.0
597,597,1,0.475,0.0,-0.0025,0.4750065789018085,1000.0,2,0.0,0.0,0.0,0.0
598,598,1,0.4775,0.0,-0.0025,0.47750654445776974,1000.0,2,0.0,0.0,0.0,0.0
599,599,1,0.48,0.0,-0.0025,0.4800065103725157,1000.0,2,0.0,0.0,0.0,0.0
600,600,1,0.4825,0.0,-0.0025,0.4825064766404696,1000.0,2,0.0,0.0,0.0,0.0
601,601,1,0.485,0.0,-0.0025,0.48500644325616954,1000.0,2,0.0,0.0,0.0,0.0
602,602,1,0.4875,0.0,-0.0025,0.4875064102142658,1000.0,2,0.0,0.0,0.0,0.0
603,603,1,0.49,0.0,-0.0025,0.4900063775095177,1000.0,2,0.0,0.0,0.0,0.0
604,604,1,0.4925,0.0,-0.0025,0.49250634513679115,1000.0,2,0.0,0.0,0.0,0.0
605,605,1,0.495,0.0,-0.0025,0.4950063130910554,1000.0,2,0.0,0.0,0.0,0.0
606,606,1,0.4975,0.0,-0.0025,0.49750628136738134,1000.0,2,0.0,0.0,0.0,0.0
607,607,1,0.5,0.0,-0.0025,0.500006249960938,1000.0,2,0.0,0.0,0.0,0.0
608,608,1,0.5025,0.0,-0.0025,0.5025062188669907,1000.0,2,0.0,0.0,0.0,0.0
609,609,1,0.505,0.0,-0.0025,0.5050061880808987,1000.0,2,0.0,0.0,0.0,0.0
610,610,1,0.5075,0.0,-0.0025,0.5075061575981122,1000.0,2,0.0,0.0,0.0,0.0
611,611,1,0.51,0.0,-0.0025,0.5100061274141714,1000.0,2,0.0,0.0,0.0,0.0
612,612,1,0.5125,0.0,-0.0025,0.5125060975247026,1000.0,2,0.0,0.0,0.0,0.0
613,613,1,0.515,0.0,-0.0025,0.5150060679254177,1000.0,2,0.0,0.0,0.0,0.0
614,614,1,0.5175,0.0,-0.0025,0.5175060386121112,1000.0,2,0.0,0.0,0.0,0.0
615,615,1,0.52,0.0,-0.0025,0.5200060095806586,1000.0,2,0.0,0.0,0.0,0.0
616,616,1,0.5225,0.0,-0.0025,0.522505980827014,1000.0,2,0.0,0.0,0.0,0.0
617,617,1,0.525,0.0,-0.0025,0.5250059523472091,1000.0,2,0.0,0.0,0.0,0.0
618,618,1,0.5275,0.0,-0.0025,0.5275059241373503,1000.0,2,0.0,0.0,0.0,0.0
619,619,1,0.53,0.0,-0.0025,0.5300058961936178,1000.0,2,0.0,0.0,0.0,0.0
620,620,1,0.5325,0.0,-0.0025,0.5325058685122633,1000.0,2,0.0,0.0,0.0,0.0
621,621,1,0.535,0.0,-0.0025,0.535005841089609,1000.0,2,0.0,0.0,0.0,0.0
622,622,1,0.5375,0.0,-0.0025,0.5375058139220449,1000.0,2,0.0,0.0,0.0,0.0
623,623,1,0.54,0.0,-0.0025,0.5400057870060283,1000.0,2,0.0,0.0,0.0,0.0
624,624,1,0.5425,0.0,-0.0025,0.5425057603380815,1000.0,2,0.0,0.0,0.0,0.0
625,625,1,0.545,0.0,-0.0025,0.545005733914791,1000.0,2,0.0,0.0,0.0,0.0
626,626,1,0.5475,0.0,-0.0025,0.5475057077328053,1000.0,2,0.0,0.0,0.0,0.0
627,627,1,0.55,0.0,-0.0025,0.5500056817888339,1000.0,2,0.0,0.0,0.0,0.0
628,628,1,0.5525,0.0,-0.0025,0.552505656079646,1000.0,2,0.0,0.0,0.0,0.0
629,629,1,0.555,0.0,-0.0025,0.5550056306020688,1000.0,2,0.0,0.0,0.0,0.0
630,630,1,0.5575,0.0,-0.0025,0.5575056053529865,1000.0,2,0.0,0.0,0.0,0.0
631,631,1,0.56,0.0,-0.0025,0.5600055803293392,1000.0,2,0.0,0.0,0.0,0.0
632,632,1,0.5625,0.0,-0.0025,0.562505555528121,1000.0,2,0.0,0.0,0.0,0.0
633,633,1,0.565,0.0,-0.0025,0.5650055309463793,1000.0,2,0.0,0.0,0.0,0.0
634,634,1,0.5675,0.0,-0.0025,0.5675055065812137,1000.0,2,0.0,0.0,0.0,0.0
635,635,1,0.57,0.0,-0.0025,0.5700054824297744,1000.0,2,0.0,0.0,0.0,0.0
636,636,1,0.5725,0.0,-0.0025,0.5725054584892619,1000.0,2,0.0,0.0,0.0,0.0
637,637,1,0.575,0.0,-0.0025,0.5750054347569247,1000.0,2,0.0,0.0,0.0,0.0
638,638,1,0.5775,0.0,-0.0025,0.5775054112300594,1000.0,2,0.0,0.0,0.0,0.0
639,639,1,0.58,0.0,-0.0025,0.580005387906009,1000.0,2,0.0,0.0,0.0,0.0
640,640,1,0.5825,0.0,-0.0025,0.5825053647821623,1000.0,2,0.0,0.0,0.0,0.0
641,641,1,0.585,0.0,-0.0025,0.5850053418559525,1000.0,2,0.0,0.0,0.0,0.0
642,642,1,0.5875,0.0,-0.0025,0.5875053191248569,1000.0,2,0.0,0.0,0.0,0.0
643,643,1,0.59,0.0,-0.0025,0.590005296586395,1000.0,2,0.0,0.0,0.0,0.0
644,644,1,0.5925,0.0,-0.0025,0.5925052742381286,1000.0,2,0.0,0.0,0.0,0.0
645,645,1,0.595,0.0,-0.0025,0.5950052520776602,1000.0,2,0.0,0.0,0.0,0.0
646,646,1,0.5975,0.0,-0.0025,0.5975052301026327,1000.0,2,0.0,0.0,0.0,0.0
647,647,1,0.6,0.0,-0.0025,0.6000052083107279,1000.0,2,0.0,0.0,0.0,0.0
648,648,1,0.6025,0.0,-0.0025,0.6025051866996666,1000.0,2,0.0,0.0,0.0,0.0
649,649,1,0.605,0.0,-0.0025,0.6050051652672066,1000.0,2,0.0,0.0,0.0,0.0
650,650,1,0.6075,0.0,-0.0025,0.6075051440111433,1000.0,2,0.0,0.0,0.0,0.0
651,651,1,0.61,0.0,-0.0025,0.6100051229293079,1000.0,2,0.0,0.0,0.0,0.0
652,652,1,0.6125,0.0,-0.0025,0.6125051020195669,1000.0,2,0.0,0.0,0.0,0.0
653,653,1,0.615,0.0,-0.0025,0.6150050812798216,1000.0,2,0.0,0.0,0.0,0.0
654,654,1,0.6175,0.0,-0.0025,0.6175050607080075,1000.0,2,0.0,0.0,0.0,0.0
655,655,1,0.62,0.0,-0.0025,0.620005040302093,1000.0,2,0.0,0.0,0.0,0.0
656,656,1,0.6225,0.0,-0.0025,0.6225050200600796,1000.0,2,0.0,0.0,0.0,0.0
657,657,1,0.625,0.0,-0.0025,0.6250049999800001,1000.0,2,0.0,0.0,0.0,0.0
658,658,1,0.6275,0.0,-0.0025,0.6275049800599194,1000.0,2,0.0,0.0,0.0,0.0
659,659,1,0.63,0.0,-0.0025,0.630004960297933,1000.0,2,0.0,0.0,0.0,0.0
660,660,1,0.6325,0.0,-0.0025,0.6325049406921656,1000.0,2,0.0,0.0,0.0,0.0
661,661,1,0.635,0.0,-0.0025,0.6350049212407728,1000.0,2,0.0,0.0,0.0,0.0
662,662,1,0.6375,0.0,-0.0025,0.637504901941938,1000.0,2,0.0,0.0,0.0,0.0
663,663,1,0.64,0.0,-0.0025,0.6400048827938737,1000.0,2,0.0,0.0,0.0,0.0
664,664,1,0.6425,0.0,-0.0025,0.6425048637948197,1000.0,2,0.0,0.0,0.0,0.0
665,665,1,0.645,0.0,-0.0025,0.6450048449430439,1000.0,2,0.0,0.0,0.0,0.0
666,666,1,0.6475,0.0,-0.0025,0.6475048262368397,1000.0,2,0.0,0.0,0.0,0.0
667,667,1,0.65,0.0,-0.0025,0.650004807674528,1000.0,2,0.0,0.0,0.0,0.0
668,668,1,0.6525,0.0,-0.0025,0.6525047892544544,1000.0,2,0.0,0.0,0.0,0.0
669,669,1,0.655,0.0,-0.0025,0.6550047709749907,1000.0,2,0.0,0.0,0.0,0.0
670,670,1,0.6575,0.0,-0.0025,0.6575047528345327,1000.0,2,0.0,0.0,0.0,0.0
671,671,1,0.66,0.0,-0.0025,0.660004734831501,1000.0,2,0.0,0.0,0.0,0.0
672,672,1,0.6625,0.0,-0.0025,0.6625047169643398,1000.0,2,0.0,0.0,0.0,0.0
673,673,1,0.665,0.0,-0.0025,0.6650046992315167,1000.0,2,0.0,0.0,0.0,0.0
674,674,1,0.6675,0.0,-0.0025,0.6675046816315223,1000.0,2,0.0,0.0,0.0,0.0
675,675,1,0.67,0.0,-0.0025,0.6700046641628699,1000.0,2,0.0,0.0,0.0,0.0
676,676,1,0.6725,0.0,-0.0025,0.6725046468240944,1000.0,2,0.0,0.0,0.0,0.0
677,677,1,0.675,0.0,-0.0025,0.6750046296137531,1000.0,2,0.0,0.0,0.0,0.0
678,678,1,0.6775,0.0,-0.0025,0.677504612530424,1000.0,2,0.0,0.0,0.0,0.0
679,679,1,0.68,0.0,-0.0025,0.6800045955727064,1000.0,2,0.0,0.0,0.0,0.0
680,680,1,0.6825,0.0,-0.0025,0.6825045787392199,1000.0,2,0.0,0.0,0.0,0.0
681,681,1,0.685,0.0,-0.0025,0.6850045620286044,1000.0,2,0.0,0.0,0.0,0.0
682,682,1,0.6875,0.0,-0.0025,0.6875045454395192,1000.0,2,0.0,0.0,0.0,0.0
683,683,1,0.69,0.0,-0.0025,0.6900045289706437,1000.0,2,0.0,0.0,0.0,0.0
684,684,1,0.6925,0.0,-0.0025,0.692504512620676,1000.0,2,0.0,0.0,0.0,0.0
685,685,1,0.695,0.0,-0.0025,0.6950044963883326,1000.0,2,0.0,0.0,0.0,0.0
686,686,1,0.6975,0.0,-0.0025,0.6975044802723492,1000.0,2,0.0,0.0,0.0,0.0
687,687,1,0.7,0.0,-0.0025,0.7000044642714787,1000.0,2,0.0,0.0,0.0,0.0
688,688,1,0.7025,0.0,-0.0025,0.7025044483844924,1000.0,2,0.0,0.0,0.0,0.0
689,689,1,0.705,0.0,-0.0025,0.7050044326101786,1000.0,2,0.0,0.0,0.0,0.0
690,690,1,0.7075,0.0,-0.0025,0.7075044169473432,1000.0,2,0.0,0.0,0.0,0.0
691,691,1,0.71,0.0,-0.0025,0.7100044013948082,1000.0,2,0.0,0.0,0.0,0.0
692,692,1,0.7125,0.0,-0.0025,0.712504385951413,1000.0,2,0.0,0.0,0.0,0.0
693,693,1,0.715,0.0,-0.0025,0.7150043706160123,1000.0,2,0.0,0.0,0.0,0.0
694,694,1,0.7175,0.0,-0.0025,0.7175043553874778,1000.0,2,0.0,0.0,0.0,0.0
695,695,1,0.72,0.0,-0.0025,0.7200043402646958,1000.0,2,0.0,0.0,0.0,0.0
696,696,1,0.7225,0.0,-0.0025,0.722504325246569,1000.0,2,0.0,0.0,0.0,0.0
697,697,1,0.725,0.0,-0.0025,0.7250043103320145,1000.0,2,0.0,0.0,0.0,0.0
698,698,1,0.7275,0.0,-0.0025,0.7275042955199646,1000.0,2,0.0,0.0,0.0,0.0
699,699,1,0.73,0.0,-0.0025,0.7300042808093662,1000.0,2,0.0,0.0,0.0,0.0
700,700,1,0.7325,0.0,-0.0025,0.7325042661991806,1000.0,2,0.0,0.0,0.0,0.0
701,701,1,0.735,0.0,-0.0025,0.735004251688383,1000.0,2,0.0,0.0,0.0,0.0
702,702,1,0.7375,0.0,-0.0025,0.737504237275963,1000.0,2,0.0,0.0,0.0,0.0
703,703,1,0.74,0.0,-0.0025,0.7400042229609234,1000.0,2,0.0,0.0,0.0,0.0
704,704,1,0.7425,0.0,-0.0025,0.7425042087422805,1000.0,2,0.0,0.0,0.0,0.0
705,705,1,0.745,0.0,-0.0025,0.7450041946190639,1000.0,2,0.0,0.0,0.0,0.0
706,706,1,0.7475,0.0,-0.0025,0.7475041805903162,1000.0,2,0.0,0.0,0.0,0.0
707,707,1,0.75,0.0,-0.0025,0.7500041666550926,1000.0,2,0.0,0.0,0.0,0.0
708,708,1,0.7525,0.0,-0.0025,0.7525041528124612,1000.0,2,0.0,0.0,0.0,0.0
709,709,1,0.755,0.0,-0.0025,0.7550041390615021,1000.0,2,0.0,0.0,0.0,0.0
710,710,1,0.7575,0.0,-0.0025,0.7575041254013076,1000.0,2,0.0,0.0,0.0,0.0
711,711,1,0.76,0.0,-0.0025,0.7600041118309822,1000.0,2,0.0,0.0,0.0,0.0
712,712,1,0.7625,0.0,-0.0025,0.7625040983496416,1000.0,2,0.0,0.0,0.0,0.0
713,713,1,0.765,0.0,-0.0025,0.7650040849564138,1000.0,2,0.0,0.0,0.0,0.0
714,714,1,0.7675,0.0,-0.0025,0.7675040716504375,1000.0,2,0.0,0.0,0.0,0.0
715,715,1,0.77,0.0,-0.0025,0.7700040584308631,1000.0,2,0.0,0.0,0.0,0.0
716,716,1,0.7725,0.0,-0.0025,0.7725040452968515,1000.0,2,0.0,0.0,0.0,0.0
717,717,1,0.775,0.0,-0.0025,0.7750040322475749,1000.0,2,0.0,0.0,0.0,0.0
718,718,1,0.7775,0.0,-0.0025,0.7775040192822156,1000.0,2,0.0,0.0,0.0,0.0
719,719,1,0.78,0.0,-0.0025,0.7800040063999671,1000.0,2,0.0,0.0,0.0,0.0
720,720,1,0.7825,0.0,-0.0025,0.7825039936000326,1000.0,2,0.0,0.0,0.0,0.0
721,721,1,0.785,0.0,-0.0025,0.7850039808816258,1000.0,2,0.0,0.0,0.0,0.0
722,722,1,0.7875,0.0,-0.0025,0.7875039682439702,1000.0,2,0.0,0.0,0.0,0.0
723,723,1,0.79,0.0,-0.0025,0.7900039556862991,1000.0,2,0.0,0.0,0.0,0.0
724,724,1,0.7925,0.0,-0.0025,0.7925039432078556,1000.0,2,0.0,0.0,0.0,0.0
725,725,1,0.795,0.0,-0.0025,0.7950039308078923,1000.0,2,0.0,0.0,0.0,0.0
726,726,1,0.7975,0.0,-0.0025,0.7975039184856711,1000.0,2,0.0,0.0,0.0,0.0
727,727,1,0.8,0.0,-0.0025,0.8000039062404634,1000.0,2,0.0,0.0,0.0,0.0
728,728,1,0.8025,0.0,-0.0025,0.802503894071549,1000.0,2,0.0,0.0,0.0,0.0
729,729,1,0.805,0.0,-0.0025,0.8050038819782176,1000.0,2,0.0,0.0,0.0,0.0
730,730,1,0.8075,0.0,-0.0025,0.8075038699597669,1000.0,2,0.0,0.0,0.0,0.0
731,731,1,0.81,0.0,-0.0025,0.8100038580155036,1000.0,2,0.0,0.0,0.0,0.0
732,732,1,0.8125,0.0,-0.0025,0.8125038461447429,1000.0,2,0.0,0.0,0.0,0.0
733,733,1,0.815,0.0,-0.0025,0.8150038343468085,1000.0,2,0.0,0.0,0.0,0.0
734,734,1,0.8175,0.0,-0.0025,0.8175038226210322,1000.0,2,0.0,0.0,0.0,0.0
735,735,1,0.82,0.0,-0.0025,0.8200038109667539,1000.0,2,0.0,0.0,0.0,0.0
736,736,1,0.8225,0.0,-0.0025,0.822503799383322,1000.0,2,0.0,0.0,0.0,0.0
737,737,1,0.825,0.0,-0.0025,0.8250037878700921,1000.0,2,0.0,0.0,0.0,0.0
738,738,1,0.8275,0.0,-0.0025,0.8275037764264281,1000.0,2,0.0,0.0,0.0,0.0
739,739,1,0.83,0.0,-0.0025,0.8300037650517014,1000.0,2,0.0,0.0,0.0,0.0
740,740,1,0.8325,0.0,-0.0025,0.832503753745291,1000.0,2,0.0,0.0,0.0,0.0
741,741,1,0.835,0.0,-0.0025,0.835003742506583,1000.0,2,0.0,0.0,0.0,0.0
742,742,1,0.8375,0.0,-0.0025,0.8375037313349715,1000.0,2,0.0,0.0,0.0,0.0
743,743,1,0.84,0.0,-0.0025,0.840003720229857,1000.0,2,0.0,0.0,0.0,0.0
744,744,1,0.8425,0.0,-0.0025,0.8425037091906481,1000.0,2,0.0,0.0,0.0,0.0
745,745,1,0.845,0.0,-0.0025,0.8450036982167592,1000.0,2,0.0,0.0,0.0,0.0
746,746,1,0.8475,0.0,-0.0025,0.8475036873076128,1000.0,2,0.0,0.0,0.0,0.0
747,747,1,0.85,0.0,-0.0025,0.8500036764626374,1000.0,2,0.0,0.0,0.0,0.0
748,748,1,0.8525,0.0,-0.0025,0.8525036656812686,1000.0,2,0.0,0.0,0.0,0.0
749,749,1,0.855,0.0,-0.0025,0.8550036549629481,1000.0,2,0.0,0.0,0.0,0.0
750,750,1,0.8575,0.0,-0.0025,0.8575036443071248,1000.0,2,0.0,0.0,0.0,0.0
751,751,1,0.86,0.0,-0.0025,0.8600036337132535,1000.0,2,0.0,0.0,0.0,0.0
752,752,1,0.8625,0.0,-0.0025,0.8625036231807958,1000.0,2,0.0,0.0,0.0,0.0
753,753,1,0.865,0.0,-0.0025,0.8650036127092187,1000.0,2,0.0,0.0,0.0,0.0
754,754,1,0.8675,0.0,-0.0025,0.8675036022979963,1000.0,2,0.0,0.0,0.0,0.0
755,755,1,0.87,0.0,-0.0025,0.870003591946608,1000.0,2,0.0,0.0,0.0,0.0
756,756,1,0.8725,0.0,-0.0025,0.8725035816545397,1000.0,2,0.0,0.0,0.0,0.0
757,757,1,0.875,0.0,-0.0025,0.8750035714212828,1000.0,2,0.0,0.0,0.0,0.0
758,758,1,0.8775,0.0,-0.0025,0.8775035612463347,1000.0,2,0.0,0.0,0.0,0.0
759,759,1,0.88,0.0,-0.0025,0.8800035511291986,1000.0,2,0.0,0.0,0.0,0.0
760,760,1,0.8825,0.0,-0.0025,0.8825035410693829,1000.0,2,0.0,0.0,0.0,0.0
761,761,1,0.885,0.0,-0.0025,0.8850035310664021,1000.0,2,0.0,0.0,0.0,0.0
762,762,1,0.8875,0.0,-0.0025,0.8875035211197756,1000.0,2,0.0,0.0,0.0,0.0
763,763,1,0.89,0.0,-0.0025,0.8900035112290288,1000.0,2,0.0,0.0,0.0,0.0
764,764,1,0.8925,0.0,-0.0025,0.892503501393692,1000.0,2,0.0,0.0,0.0,0.0
765,765,1,0.895,0.0,-0.0025,0.895003491613301,1000.0,2,0.0,0.0,0.0,0.0
766,766,1,0.8975,0.0,-0.0025,0.8975034818873964,1000.0,2,0.0,0.0,0.0,0.0
767,767,1,0.9,0.0,-0.0025,0.9000034722155243,1000.0,2,0.0,0.0,0.0,0.0
768,768,1,0.9025,0.0,-0.0025,0.9025034625972357,1000.0,2,0.0,0.0,0.0,0.0
769,769,1,0.905,0.0,-0.0025,0.9050034530320865,1000.0,2,0.0,0.0,0.0,0.0
770,770,1,0.9075,0.0,-0.0025,0.9075034435196375,1000.0,2,0.0,0.0,0.0,0.0
771,771,1,0.91,0.0,-0.0025,0.9100034340594545,1000.0,2,0.0,0.0,0.0,0.0
772,772,1,0.9125,0.0,-0.0025,0.9125034246511078,1000.0,2,0.0,0.0,0.0,0.0
773,773,1,0.915,0.0,-0.0025,0.9150034152941726,1000.0,2,0.0,0.0,0.0,0.0
774,774,1,0.9175,0.0,-0.0025,0.9175034059882284,1000.0,2,0.0,0.0,0.0,0.0
775,775,1,0.92,0.0,-0.0025,0.9200033967328599,1000.0,2,0.0,0.0,0.0,0.0
776,776,1,0.9225,0.0,-0.0025,0.9225033875276556,1000.0,2,0.0,0.0,0.0,0.0
777,777,1,0.925,0.0,-0.0025,0.925003378372209,1000.0,2,0.0,0.0,0.0,0.0
778,778,1,0.9275,0.0,-0.0025,0.9275033692661175,1000.0,2,0.0,0.0,0.0,0.0
779,779,1,0.93,0.0,-0.0025,0.9300033602089833,1000.0,2,0.0,0.0,0.0,0.0
780,780,1,0.9325,0.0,-0.0025,0.9325033512004126,1000.0,2,0.0,0.0,0.0,0.0
781,781,1,0.935,0.0,-0.0025,0.9350033422400158,1000.0,2,0.0,0.0,0.0,0.0
782,782,1,0.9375,0.0,-0.0025,0.9375033333274074,1000.0,2,0.0,0.0,0.0,0.0
783,783,1,0.94,0.0,-0.0025,0.9400033244622064,1000.0,2,0.0,0.0,0.0,0.0
784,784,1,0.9425,0.0,-0.0025,0.9425033156440352,1000.0,2,0.0,0.0,0.0,0.0
785,785,1,0.945,0.0,-0.0025,0.9450033068725209,1000.0,2,0.0,0.0,0.0,0.0
786,786,1,0.9475,0.0,-0.0025,0.9475032981472941,1000.0,2,0.0,0.0,0.0,0.0
787,787,1,0.95,0.0,-0.0025,0.9500032894679892,1000.0,2,0.0,0.0,0.0,0.0
788,788,1,0.9525,0.0,-0.0025,0.9525032808342446,1000.0,2,0.0,0.0,0.0,0.0
789,789,1,0.955,0.0,-0.0025,0.9550032722457028,1000.0,2,0.0,0.0,0.0,0.0
790,790,1,0.9575,0.0,-0.0025,0.9575032637020096,1000.0,2,0.0,0.0,0.0,0.0
791,791,1,0.96,0.0,-0.0025,0.9600032552028144,1000.0,2,0.0,0.0,0.0,0.0
792,792,1,0.9625,0.0,-0.0025,0.9625032467477708,1000.0,2,0.0,0.0,0.0,0.0
793,793,1,0.965,0.0,-0.0025,0.9650032383365353,1000.0,2,0.0,0.0,0.0,0.0
794,794,1,0.9675,0.0,-0.0025,0.9675032299687687,1000.0,2,0.0,0.0,0.0,0.0
795,795,1,0.97,0.0,-0.0025,0.9700032216441346,1000.0,2,0.0,0.0,0.0,0.0
796,796,1,0.9725,0.0,-0.0025,0.9725032133623004,1000.0,2,0.0,0.0,0.0,0.0
797,797,1,0.975,0.0,-0.0025,0.975003205122937,1000.0,2,0.0,0.0,0.0,0.0
798,798,1,0.9775,0.0,-0.0025,0.9775031969257185,1000.0,2,0.0,0.0,0.0,0.0
799,799,1,0.98,0.0,-0.0025,0.9800031887703222,1000.0,2,0.0,0.0,0.0,0.0
800,800,1,0.9825,0.0,-0.0025,0.9825031806564293,1000.0,2,0.0,0.0,0.0,0.0
801,801,1,0.985,0.0,-0.0025,0.9850031725837232,1000.0,2,0.0,0.0,0.0,0.0
802,802,1,0.9875,0.0,-0.0025,0.9875031645518915,1000.0,2,0.0,0.0,0.0,0.0
803,803,1,0.99,0.0,-0.0025,0.9900031565606243,1000.0,2,0.0,0.0,0.0,0.0
804,804,1,0.9925,0.0,-0.0025,0.9925031486096153,1000.0,2,0.0,0.0,0.0,0.0
805,805,1,0.995,0.0,-0.0025,0.9950031406985608,1000.0,2,0.0,0.0,0.0,0.0
806,806,1,0.9975,0.0,-0.0025,0.9975031328271606,1000.0,2,0.0,0.0,0.0,0.0
807,807,1,1.0,0.0,-0.0025,1.0000031249951171,1000.0,2,0.0,0.0,0.0,0.0
808,808,1,1.0025,0.0,-0.0025,1.0025031172021361,1000.0,2,0.0,0.0,0.0,0.0
809,809,1,1.005,0.0,-0.0025,1.005003109447926,1000.0,2,0.0,0.0,0.0,0.0
810,810,1,-0.005,0.0,-0.005,0.007071067811865475,1000.0,2,0.0,0.0,0.0,0.0
811,811,1,-0.0025,0.0,-0.005,0.005590169943749474,1000.0,2,0.0,0.0,0.0,0.0
812,812,1,0.0,0.0,-0.005,0.005,1000.0,2,0.0,0.0,0.0,0.0
813,813,1,0.0025,0.0,-0.005,0.005590169943749474,1000.0,2,0.0,0.0,0.0,0.0
814,814,1,0.005,0.0,-0.005,0.007071067811865475,1000.0,2,0.0,0.0,0.0,0.0
815,815,1,0.0075,0.0,-0.005,0.009013878188659973,1000.0,2,0.0,0.0,0.0,0.0
816,816,1,0.01,0.0,-0.005,0.011180339887498949,1000.0,2,0.0,0.0,0.0,0.0
817,817,1,0.0125,0.0,-0.005,0.013462912017836262,1000.0,2,0.0,0.0,0.0,0.0
818,818,1,0.015,0.0,-0.005,0.015811388300841896,1000.0,2,0.0,0.0,0.0,0.0
819,819,1,0.0175,0.0,-0.005,0.018200274723201296,1000.0,2,0.0,0.0,0.0,0.0
820,820,1,0.02,0.0,-0.005,0.020615528128088305,1000.0,2,0.0,0.0,0.0,0.0
821,821,1,0.0225,0.0,-0.005,0.023048861143232218,1000.0,2,0.0,0.0,0.0,0.0
822,822,1,0.025,0.0,-0.005,0.025495097567963927,1000.0,2,0.0,0.0,0.0,0.0
823,823,1,0.0275,0.0,-0.005,0.02795084971874737,1000.0,2,0.0,0.0,0.0,0.0
824,824,1,0.03,0.0,-0.005,0.0304138126514911,1000.0,2,0.0,0.0,0.0,0.0
825,825,1,0.0325,0.0,-0.005,0.03288236609491477,1000.0,2,0.0,0.0,0.0,0.0
826,826,1,0.035,0.0,-0.005,0.03535533905932738,1000.0,2,0.0,0.0,0.0,0.0
827,827,1,0.0375,0.0,-0.005,0.03783186487605389,1000.0,2,0.0,0.0,0.0,0.0
828,828,1,0.04,0.0,-0.005,0.04031128874149275,1000.0,2,0.0,0.0,0.0,0.0
829,829,1,0.0425,0.0,-0.005,0.04279310692155923,1000.0,2,0.0,0.0,0.0,0.0
830,830,1,0.045,0.0,-0.005,0.04527692569068708,1000.0,2,0.0,0.0,0.0,0.0
831,831,1,0.0475,0.0,-0.005,0.047762432936357,1000.0,2,0.0,0.0,0.0,0.0
832,832,1,0.05,0.0,-0.005,0.05024937810560445,1000.0,2,0.0,0.0,0.0,0.0
833,833,1,0.0525,0.0,-0.005,0.05273755777432246,1000.0,2,0.0,0.0,0.0,0.0
834,834,1,0.055,0.0,-0.005,0.055226805085936304,1000.0,2,0.0,0.0,0.0,0.0
835,835,1,0.0575,0.0,-0.005,0.057716981903075976,1000.0,2,0.0,0.0,0.0,0.0
836,836,1,0.06,0.0,-0.005,0.06020797289396147,1000.0,2,0.0,0.0,0.0,0.0
837,837,1,0.0625,0.0,-0.005,0.06269968101992227,1000.0,2,0.0,0.0,0.0,0.0
838,838,1,0.065,0.0,-0.005,0.0651920240520265,1000.0,2,0.0,0.0,0.0,0.0
839,839,1,0.0675,0.0,-0.005,0.06768493185340442,1000.0,2,0.0,0.0,0.0,0.0
840,840,1,0.07,0.0,-0.005,0.07017834423809101,1000.0,2,0.0,0.0,0.0,0.0
841,841,1,0.0725,0.0,-0.005,0.07267220926874317,1000.0,2,0.0,0.0,0.0,0.0
842,842,1,0.075,0.0,-0.005,0.07516648189186453,1000.0,2,0.0,0.0,0.0,0.0
843,843,1,0.0775,0.0,-0.005,0.07766112283504534,1000.0,2,0.0,0.0,0.0,0.0
844,844,1,0.08,0.0,-0.005,0.08015609770940699,1000.0,2,0.0,0.0,0.0,0.0
845,845,1,0.0825,0.0,-0.005,0.0826513762740827,1000.0,2,0.0,0.0,0.0,0.0
846,846,1,0.085,0.0,-0.005,0.08514693182963201,1000.0,2,0.0,0.0,0.0,0.0
847,847,1,0.0875,0.0,-0.005,0.08764274071479052,1000.0,2,0.0,0.0,0.0,0.0
848,848,1,0.09,0.0,-0.005,0.09013878188659974,1000.0,2,0.0,0.0,0.0,0.0
849,849,1,0.0925,0.0,-0.005,0.09263503656824452,1000.0,2,0.0,0.0,0.0,0.0
850,850,1,0.095,0.0,-0.005,0.09513148795220225,1000.0,2,0.0,0.0,0.0,0.0
851,851,1,0.0975,0.0,-0.005,0.09762812094883319,1000.0,2,0.0,0.0,0.0,0.0
852,852,1,0.1,0.0,-0.005,0.10012492197250394,1000.0,2,0.0,0.0,0.0,0.0
853,853,1,0.1025,0.0,-0.005,0.10262187875886895,1000.0,2,0.0,0.0,0.0,0.0
854,854,1,0.105,0.0,-0.005,0.10511898020814318,1000.0,2,0.0,0.0,0.0,0.0
855,855,1,0.1075,0.0,-0.005,0.10761621625015441,1000.0,2,0.0,0.0,0.0,0.0
856,856,1,0.11,0.0,-0.005,0.1101135777277262,1000.0,2,0.0,0.0,0.0,0.0
857,857,1,0.1125,0.0,-0.005,0.11261105629555208,1000.0,2,0.0,0.0,0.0,0.0
858,858,1,0.115,0.0,-0.005,0.11510864433221339,1000.0,2,0.0,0.0,0.0,0.0
859,859,1,0.1175,0.0,-0.005,0.11760633486339075,1000.0,2,0.0,0.0,0.0,0.0
860,860,1,0.12,0.0,-0.005,0.12010412149464314,1000.0,2,0.0,0.0,0.0,0.0
861,861,1,0.1225,0.0,-0.005,0.12260199835239229,1000.0,2,0.0,0.0,0.0,0.0
862,862,1,0.125,0.0,-0.005,0.12509996003196805,1000.0,2,0.0,0.0,0.0,0.0
863,863,1,0.1275,0.0,-0.005,0.12759800155174844,1000.0,2,0.0,0.0,0.0,0.0
864,864,1,0.13,0.0,-0.005,0.1300961183125769,1000.0,2,0.0,0.0,0.0,0.0
865,865,1,0.1325,0.0,-0.005,0.1325943060617612,1000.0,2,0.0,0.0,0.0,0.0
866,866,1,0.135,0.0,-0.005,0.13509256086106297,1000.0,2,0.0,0.0,0.0,0.0
867,867,1,0.1375,0.0,-0.005,0.13759087905817013,1000.0,2,0.0,0.0,0.0,0.0
868,868,1,0.14,0.0,-0.005,0.140089257261219,1000.0,2,0.0,0.0,0.0,0.0
869,869,1,0.1425,0.0,-0.005,0.14258769231599197,1000.0,2,0.0,0.0,0.0,0.0
870,870,1,0.145,0.0,-0.005,0.14508618128546907,1000.0,2,0.0,0.0,0.0,0.0
871,871,1,0.1475,0.0,-0.005,0.1475847214314544,1000.0,2,0.0,0.0,0.0,0.0
872,872,1,0.15,0.0,-0.005,0.15008331019803633,1000.0,2,0.0,0.0,0.0,0.0
873,873,1,0.1525,0.0,-0.005,0.1525819451966713,1000.0,2,0.0,0.0,0.0,0.0
874,874,1,0.155,0.0,-0.005,0.15508062419270824,1000.0,2,0.0,0.0,0.0,0.0
875,875,1,0.1575,0.0,-0.005,0.15757934509319424,1000.0,2,0.0,0.0,0.0,0.0
876,876,1,0.16,0.0,-0.005,0.16007810593582122,1000.0,2,0.0,0.0,0.0,0.0
877,877,1,0.1625,0.0,-0.005,0.1625769048788911,1000.0,2,0.0,0.0,0.0,0.0
878,878,1,0.165,0.0,-0.005,0.1650757401921918,1000.0,2,0.0,0.0,0.0,0.0
879,879,1,0.1675,0.0,-0.005,0.16757461024868894,1000.0,2,0.0,0.0,0.0,0.0
880,880,1,0.17,0.0,-0.005,0.1700735135169495,1000.0,2,0.0,0.0,0.0,0.0
881,881,1,0.1725,0.0,-0.005,0.17257244855422316,1000.0,2,0.0,0.0,0.0,0.0
882,882,1,0.175,0.0,-0.005,0.17507141400011594,1000.0,2,0.0,0.0,0.0,0.0
883,883,1,0.1775,0.0,-0.005,0.17757040857079762,1000.0,2,0.0,0.0,0.0,0.0
884,884,1,0.18,0.0,-0.005,0.18006943105369105,1000.0,2,0.0,0.0,0.0,0.0
885,885,1,0.1825,0.0,-0.005,0.18256848030259767,1000.0,2,0.0,0.0,0.0,0.0
886,886,1,0.185,0.0,-0.005,0.18506755523321747,1000.0,2,0.0,0.0,0.0,0.0
887,887,1,0.1875,0.0,-0.005,0.18756665481902693,1000.0,2,0.0,0.0,0.0,0.0
888,888,1,0.19,0.0,-0.005,0.19006577808748212,1000.0,2,0.0,0.0,0.0,0.0
889,889,1,0.1925,0.0,-0.005,0.19256492411651713,1000.0,2,0.0,0.0,0.0,0.0
890,890,1,0.195,0.0,-0.005,0.1950640920313116,1000.0,2,0.0,0.0,0.0,0.0
891,891,1,0.1975,0.0,-0.005,0.1975632810013035,1000.0,2,0.0,0.0,0.0,0.0
892,892,1,0.2,0.0,-0.005,0.2000624902374256,1000.0,2,0.0,0.0,0.0,0.0
893,893,1,0.2025,0.0,-0.005,0.2025617189895465,1000.0,2,0.0,0.0,0.0,0.0
894,894,1,0.205,0.0,-0.005,0.20506096654409875,1000.0,2,0.0,0.0,0.0,0.0
895,895,1,0.2075,0.0,-0.005,0.20756023222187817,1000.0,2,0.0,0.0,0.0,0.0
896,896,1,0.21,0.0,-0.005,0.210059515376,1000.0,2,0.0,0.0,0.0,0.0
897,897,1,0.2125,0.0,-0.005,0.21255881538999974,1000.0,2,0.0,0.0,0.0,0.0
898,898,1,0.215,0.0,-0.005,0.21505813167606566,1000.0,2,0.0,0.0,0.0,0.0
899,899,1,0.2175,0.0,-0.005,0.21755746367339365,1000.0,2,0.0,0.0,0.0,0.0
900,900,1,0.22,0.0,-0.005,0.22005681084665385,1000.0,2,0.0,0.0,0.0,0.0
901,901,1,0.2225,0.0,-0.005,0.22255617268456068,1000.0,2,0.0,0.0,0.0,0.0
902,902,1,0.225,0.0,-0.005,0.22505554869853797,1000.0,2,0.0,0.0,0.0,0.0
903,903,1,0.2275,0.0,-0.005,0.2275549384214722,1000.0,2,0.0,0.0,0.0,0.0
904,904,1,0.23,0.0,-0.005,0.23005434140654682,1000.0,2,0.0,0.0,0.0,0.0
905,905,1,0.2325,0.0,-0.005,0.2325537572261519,1000.0,2,0.0,0.0,0.0,0.0
906,906,1,0.235,0.0,-0.005,0.23505318547086315,1000.0,2,0.0,0.0,0.0,0.0
907,907,1,0.2375,0.0,-0.005,0.23755262574848546,1000.0,2,0.0,0.0,0.0,0.0
908,908,1,0.24,0.0,-0.005,0.24005207768315606,1000.0,2,0.0,0.0,0.0,0.0
909,909,1,0.2425,0.0,-0.005,0.24255154091450334,1000.0,2,0.0,0.0,0.0,0.0
910,910,1,0.245,0.0,-0.005,0.2450510150968569,1000.0,2,0.0,0.0,0.0,0.0
911,911,1,0.2475,0.0,-0.005,0.24755049989850555,1000.0,2,0.0,0.0,0.0,0.0
912,912,1,0.25,0.0,-0.005,0.2500499950009997,1000.0,2,0.0,0.0,0.0,0.0
913,913,1,0.2525,0.0,-0.005,0.2525495000984955,1000.0,2,0.0,0.0,0.0,0.0
914,914,1,0.255,0.0,-0.005,0.255049014897137,1000.0,2,0.0,0.0,0.0,0.0
915,915,1,0.2575,0.0,-0.005,0.2575485391144745,1000.0,2,0.0,0.0,0.0,0.0
916,916,1,0.26,0.0,-0.005,0.26004807247891687,1000.0,2,0.0,0.0,0.0,0.0
917,917,1,0.2625,0.0,-0.005,0.2625476147292144,1000.0,2,0.0,0.0,0.0,0.0
918,918,1,0.265,0.0,-0.005,0.26504716561397146,1000.0,2,0.0,0.0,0.0,0.0
919,919,1,0.2675,0.0,-0.005,0.2675467248911861,1000.0,2,0.0,0.0,0.0,0.0
920,920,1,0.27,0.0,-0.005,0.2700462923278155,1000.0,2,0.0,0.0,0.0,0.0
921,921,1,0.2725,0.0,-0.005,0.27254586769936545,1000.0,2,0.0,0.0,0.0,0.0
922,922,1,0.275,0.0,-0.005,0.2750454507895014,1000.0,2,0.0,0.0,0.0,0.0
923,923,1,0.2775,0.0,-0.005,0.2775450413896815,1000.0,2,0.0,0.0,0.0,0.0
924,924,1,0.28,0.0,-0.005,0.28004463929880896,1000.0,2,0.0,0.0,0.0,0.0
925,925,1,0.2825,0.0,-0.005,0.2825442443229024,1000.0,2,0.0,0.0,0.0,0.0
926,926,1,0.285,0.0,-0.005,0.28504385627478446,1000.0,2,0.0,0.0,0.0,0.0
927,927,1,0.2875,0.0,-0.005,0.28754347497378546,1000.0,2,0.0,0.0,0.0,0.0
928,928,1,0.29,0.0,-0.005,0.2900431002454635,1000.0,2,0.0,0.0,0.0,0.0
929,929,1,0.2925,0.0,-0.005,0.2925427319213383,1000.0,2,0.0,0.0,0.0,0.0
930,930,1,0.295,0.0,-0.005,0.2950423698386386,1000.0,2,0.0,0.0,0.0,0.0
931,931,1,0.2975,0.0,-0.005,0.29754201384006257,1000.0,2,0.0,0.0,0.0,0.0
932,932,1,0.3,0.0,-0.005,0.30004166377354996,1000.0,2,0.0,0.0,0.0,0.0
933,933,1,0.3025,0.0,-0.005,0.3025413194920654,1000.0,2,0.0,0.0,0.0,0.0
934,934,1,0.305,0.0,-0.005,0.3050409808533929,1000.0,2,0.0,0.0,0.0,0.0
935,935,1,0.3075,0.0,-0.005,0.3075406477199396,1000.0,2,0.0,0.0,0.0,0.0
936,936,1,0.31,0.0,-0.005,0.3100403199585499,1000.0,2,0.0,0.0,0.0,0.0
937,937,1,0.3125,0.0,-0.005,0.3125399974403276,1000.0,2,0.0,0.0,0.0,0.0
938,938,1,0.315,0.0,-0.005,0.3150396800404673,1000.0,2,0.0,0.0,0.0,0.0
939,939,1,0.3175,0.0,-0.005,0.31753936763809304,1000.0,2,0.0,0.0,0.0,0.0
940,940,1,0.32,0.0,-0.005,0.3200390601161052,1000.0,2,0.0,0.0,0.0,0.0
941,941,1,0.3225,0.0,-0.005,0.32253875736103405,1000.0,2,0.0,0.0,0.0,0.0
942,942,1,0.325,0.0,-0.005,0.32503845926290015,1000.0,2,0.0,0.0,0.0,0.0
943,943,1,0.3275,0.0,-0.005,0.3275381657150812,1000.0,2,0.0,0.0,0.0,0.0
944,944,1,0.33,0.0,-0.005,0.330037876614185,1000.0,2,0.0,0.0,0.0,0.0
945,945,1,0.3325,0.0,-0.005,0.33253759185992793,1000.0,2,0.0,0.0,0.0,0.0
946,946,1,0.335,0.0,-0.005,0.33503731135501913,1000.0,2,0.0,0.0,0.0,0.0
947,947,1,0.3375,0.0,-0.005,0.3375370350050495,1000.0,2,0.0,0.0,0.0,0.0
948,948,1,0.34,0.0,-0.005,0.3400367627183861,1000.0,2,0.0,0.0,0.0,0.0
949,949,1,0.3425,0.0,-0.005,0.3425364944060706,1000.0,2,0.0,0.0,0.0,0.0
950,950,1,0.345,0.0,-0.005,0.34503622998172234,1000.0,2,0.0,0.0,0.0,0.0
951,951,1,0.3475,0.0,-0.005,0.34753596936144604,1000.0,2,0.0,0.0,0.0,0.0
952,952,1,0.35,0.0,-0.005,0.3500357124637427,1000.0,2,0.0,0.0,0.0,0.0
953,953,1,0.3525,0.0,-0.005,0.35253545920942475,1000.0,2,0.0,0.0,0.0,0.0
954,954,1,0.355,0.0,-0.005,0.3550352095215346,1000.0,2,0.0,0.0,0.0,0.0
955,955,1,0.3575,0.0,-0.005,0.35753496332526696,1000.0,2,0.0,0.0,0.0,0.0
956,956,1,0.36,0.0,-0.005,0.3600347205478938,1000.0,2,0.0,0.0,0.0,0.0
957,957,1,0.3625,0.0,-0.005,0.362534481118693,1000.0,2,0.0,0.0,0.0,0.0
958,958,1,0.365,0.0,-0.005,0.3650342449688796,1000.0,2,0.0,0.0,0.0,0.0
959,959,1,0.3675,0.0,-0.005,0.36753401203153974,1000.0,2,0.0,0.0,0.0,0.0
960,960,1,0.37,0.0,-0.005,0.37003378224156774,1000.0,2,0.0,0.0,0.0,0.0
961,961,1,0.3725,0.0,-0.005,0.3725335555356054,1000.0,2,0.0,0.0,0.0,0.0
962,962,1,0.375,0.0,-0.005,0.3750333318519835,1000.0,2,0.0,0.0,0.0,0.0
963,963,1,0.3775,0.0,-0.005,0.37753311113066623,1000.0,2,0.0,0.0,0.0,0.0
964,964,1,0.38,0.0,-0.005,0.3800328933131973,1000.0,2,0.0,0.0,0.0,0.0
965,965,1,0.3825,0.0,-0.005,0.38253267834264826,1000.0,2,0.0,0.0,0.0,0.0
966,966,1,0.385,0.0,-0.005,0.3850324661635691,1000.0,2,0.0,0.0,0.0,0.0
967,967,1,0.3875,0.0,-0.005,0.3875322567219405,1000.0,2,0.0,0.0,0.0,0.0
968,968,1,0.39,0.0,-0.005,0.39003204996512786,1000.0,2,0.0,0.0,0.0,0.0
969,969,1,0.3925,0.0,-0.005,0.3925318458418374,1000.0,2,0.0,0.0,0.0,0.0
970,970,1,0.395,0.0,-0.005,0.3950316443020736,1000.0,2,0.0,0.0,0.0,0.0
971,971,1,0.3975,0.0,-0.005,0.3975314452970985,1000.0,2,0.0,0.0,0.0,0.0
972,972,1,0.4,0.0,-0.005,0.4000312487793923,1000.0,2,0.0,0.0,0.0,0.0
973,973,1,0.4025,0.0,-0.005,0.40253105470261547,1000.0,2,0.0,0.0,0.0,0.0
974,974,1,0.405,0.0,-0.005,0.40503086302157276,1000.0,2,0.0,0.0,0.0,0.0
975,975,1,0.4075,0.0,-0.005,0.40753067369217744,1000.0,2,0.0,0.0,0.0,0.0
976,976,1,0.41,0.0,-0.005,0.4100304866714181,1000.0,2,0.0,0.0,0.0,0.0
977,977,1,0.4125,0.0,-0.005,0.4125303019173258,1000.0,2,0.0,0.0,0.0,0.0
978,978,1,0.415,0.0,-0.005,0.41503011938894263,1000.0,2,0.0,0.0,0.0,0.0
979,979,1,0.4175,0.0,-0.005,0.4175299390462916,1000.0,2,0.0,0.0,0.0,0.0
980,980,1,0.42,0.0,-0.005,0.4200297608503473,1000.0,2,0.0,0.0,0.0,0.0
981,981,1,0.4225,0.0,-0.005,0.422529584763008,1000.0,2,0.0,0.0,0.0,0.0
982,982,1,0.425,0.0,-0.005,0.4250294107470682,1000.0,2,0.0,0.0,0.0,0.0
983,983,1,0.4275,0.0,-0.005,0.4275292387661924,1000.0,2,0.0,0.0,0.0,0.0
984,984,1,0.43,0.0,-0.005,0.4300290687848904,1000.0,2,0.0,0.0,0.0,0.0
985,985,1,0.4325,0.0,-0.005,0.432528900768492,1000.0,2,0.0,0.0,0.0,0.0
986,986,1,0.435,0.0,-0.005,0.43502873468312414,1000.0,2,0.0,0.0,0.0,0.0
987,987,1,0.4375,0.0,-0.005,0.4375285704956877,1000.0,2,0.0,0.0,0.0,0.0
988,988,1,0.44,0.0,-0.005,0.440028408173836,1000.0,2,0.0,0.0,0.0,0.0
989,989,1,0.4425,0.0,-0.005,0.44252824768595284,1000.0,2,0.0,0.0,0.0,0.0
990,990,1,0.445,0.0,-0.005,0.4450280890011326,1000.0,2,0.0,0.0,0.0,0.0
991,991,1,0.4475,0.0,-0.005,0.4475279320891602,1000.0,2,0.0,0.0,0.0,0.0
992,992,1,0.45,0.0,-0.005,0.4500277769204919,1000.0,2,0.0,0.0,0.0,0.0
993,993,1,0.4525,0.0,-0.005,0.4525276234662366,1000.0,2,0.0,0.0,0.0,0.0
994,994,1,0.455,0.0,-0.005,0.45502747169813823,1000.0,2,0.0,0.0,0.0,0.0
995,995,1,0.4575,0.0,-0.005,0.4575273215885583,1000.0,2,0.0,0.0,0.0,0.0
996,996,1,0.46,0.0,-0.005,0.46002717311045876,1000.0,2,0.0,0.0,0.0,0.0
997,997,1,0.4625,0.0,-0.005,0.4625270262373865,1000.0,2,0.0,0.0,0.0,0.0
998,998,1,0.465,0.0,-0.005,0.4650268809434569,1000.0,2,0.0,0.0,0.0,0.0
999,999,1,0.4675,0.0,-0.005,0.46752673720333904,1000.0,2,0.0,0.0,0.0,0.0
1000,1000,1,0.47,0.0,-0.005,0.4700265949922408,1000.0,2,0.0,0.0,0.0,0.0
1001,1001,1,0.4725,0.0,-0.005,0.47252645428589496,1000.0,2,0.0,0.0,0.0,0.0
1002,1002,1,0.475,0.0,-0.005,0.4750263150605448,1000.0,2,0.0,0.0,0.0,0.0
1003,1003,1,0.4775,0.0,-0.005,0.47752617729293123,1000.0,2,0.0,0.0,0.0,0.0
1004,1004,1,0.48,0.0,-0.005,0.48002604096027957,1000.0,2,0.0,0.0,0.0,0.0
1005,1005,1,0.4825,0.0,-0.005,0.4825259060402871,1000.0,2,0.0,0.0,0.0,0.0
1006,1006,1,0.485,0.0,-0.005,0.485025772511111,1000.0,2,0.0,0.0,0.0,0.0
1007,1007,1,0.4875,0.0,-0.005,0.48752564035135626,1000.0,2,0.0,0.0,0.0,0.0
1008,1008,1,0.49,0.0,-0.005,0.49002550954006463,1000.0,2,0.0,0.0,0.0,0.0
1009,1009,1,0.4925,0.0,-0.005,0.49252538005670327,1000.0,2,0.0,0.0,0.0,0.0
1010,1010,1,0.495,0.0,-0.005,0.49502525188115404,1000.0,2,0.0,0.0,0.0,0.0
1011,1011,1,0.4975,0.0,-0.005,0.4975251249937032,1000.0,2,0.0,0.0,0.0,0.0
1012,1012,1,0.5,0.0,-0.005,0.5000249993750312,1000.0,2,0.0,0.0,0.0,0.0
1013,1013,1,0.5025,0.0,-0.005,0.502524875006203,1000.0,2,0.0,0.0,0.0,0.0
1014,1014,1,0.505,0.0,-0.005,0.5050247518686584,1000.0,2,0.0,0.0,0.0,0.0
1015,1015,1,0.5075,0.0,-0.005,0.5075246299442028,1000.0,2,0.0,0.0,0.0,0.0
1016,1016,1,0.51,0.0,-0.005,0.5100245092149984,1000.0,2,0.0,0.0,0.0,0.0
1017,1017,1,0.5125,0.0,-0.005,0.5125243896635554,1000.0,2,0.0,0.0,0.0,0.0
1018,1018,1,0.515,0.0,-0.005,0.5150242712727235,1000.0,2,0.0,0.0,0.0,0.0
1019,1019,1,0.5175,0.0,-0.005,0.5175241540256841,1000.0,2,0.0,0.0,0.0,0.0
1020,1020,1,0.52,0.0,-0.005,0.5200240379059414,1000.0,2,0.0,0.0,0.0,0.0
1021,1021,1,0.5225,0.0,-0.005,0.5225239228973158,1000.0,2,0.0,0.0,0.0,0.0
1022,1022,1,0.525,0.0,-0.005,0.5250238089839355,1000.0,2,0.0,0.0,0.0,0.0
1023,1023,1,0.5275,0.0,-0.005,0.5275236961502298,1000.0,2,0.0,0.0,0.0,0.0
1024,1024,1,0.53,0.0,-0.005,0.5300235843809217,1000.0,2,0.0,0.0,0.0,0.0
1025,1025,1,0.5325,0.0,-0.005,0.5325234736610208,1000.0,2,0.0,0.0,0.0,0.0
1026,1026,1,0.535,0.0,-0.005,0.5350233639758174,1000.0,2,0.0,0.0,0.0,0.0
1027,1027,1,0.5375,0.0,-0.005,0.5375232553108749,1000.0,2,0.0,0.0,0.0,0.0
1028,1028,1,0.54,0.0,-0.005,0.5400231476520243,1000.0,2,0.0,0.0,0.0,0.0
1029,1029,1,0.5425,0.0,-0.005,0.5425230409853576,1000.0,2,0.0,0.0,0.0,0.0
1030,1030,1,0.545,0.0,-0.005,0.5450229352972222,1000.0,2,0.0,0.0,0.0,0.0
1031,1031,1,0.5475,0.0,-0.005,0.5475228305742145,1000.0,2,0.0,0.0,0.0,0.0
1032,1032,1,0.55,0.0,-0.005,0.550022726803175,1000.0,2,0.0,0.0,0.0,0.0
1033,1033,1,0.5525,0.0,-0.005,0.5525226239711818,1000.0,2,0.0,0.0,0.0,0.0
1034,1034,1,0.555,0.0,-0.005,0.5550225220655465,1000.0,2,0.0,0.0,0.0,0.0
1035,1035,1,0.5575,0.0,-0.005,0.5575224210738076,1000.0,2,0.0,0.0,0.0,0.0
1036,1036,1,0.56,0.0,-0.005,0.5600223209837265,1000.0,2,0.0,0.0,0.0,0.0
1037,1037,1,0.5625,0.0,-0.005,0.562522221783282,1000.0,2,0.0,0.0,0.0,0.0
1038,1038,1,0.565,0.0,-0.005,0.5650221234606658,1000.0,2,0.0,0.0,0.0,0.0
1039,1039,1,0.5675,0.0,-0.005,0.5675220260042776,1000.0,2,0.0,0.0,0.0,0.0
1040,1040,1,0.57,0.0,-0.005,0.5700219294027205,1000.0,2,0.0,0.0,0.0,0.0
1041,1041,1,0.5725,0.0,-0.005,0.5725218336447965,1000.0,2,0.0,0.0,0.0,0.0
1042,1042,1,0.575,0.0,-0.005,0.5750217387195026,1000.0,2,0.0,0.0,0.0,0.0
1043,1043,1,0.5775,0.0,-0.005,0.5775216446160265,1000.0,2,0.0,0.0,0.0,0.0
1044,1044,1,0.58,0.0,-0.005,0.5800215513237418,1000.0,2,0.0,0.0,0.0,0.0
1045,1045,1,0.5825,0.0,-0.005,0.5825214588322047,1000.0,2,0.0,0.0,0.0,0.0
1046,1046,1,0.585,0.0,-0.005,0.5850213671311502,1000.0,2,0.0,0.0,0.0,0.0
1047,1047,1,0.5875,0.0,-0.005,0.5875212762104876,1000.0,2,0.0,0.0,0.0,0.0
1048,1048,1,0.59,0.0,-0.005,0.5900211860602973,1000.0,2,0.0,0.0,0.0,0.0
1049,1049,1,0.5925,0.0,-0.005,0.5925210966708274,1000.0,2,0.0,0.0,0.0,0.0
1050,1050,1,0.595,0.0,-0.005,0.5950210080324896,1000.0,2,0.0,0.0,0.0,0.0
1051,1051,1,0.5975,0.0,-0.005,0.597520920135856,1000.0,2,0.0,0.0,0.0,0.0
1052,1052,1,0.6,0.0,-0.005,0.6000208329716561,1000.0,2,0.0,0.0,0.0,0.0
1053,1053,1,0.6025,0.0,-0.005,0.602520746530773,1000.0,2,0.0,0.0,0.0,0.0
1054,1054,1,0.605,0.0,-0.005,0.6050206608042407,1000.0,2,0.0,0.0,0.0,0.0
1055,1055,1,0.6075,0.0,-0.005,0.6075205757832405,1000.0,2,0.0,0.0,0.0,0.0
1056,1056,1,0.61,0.0,-0.005,0.6100204914590984,1000.0,2,0.0,0.0,0.0,0.0
1057,1057,1,0.6125,0.0,-0.005,0.6125204078232823,1000.0,2,0.0,0.0,0.0,0.0
1058,1058,1,0.615,0.0,-0.005,0.6150203248673982,1000.0,2,0.0,0.0,0.0,0.0
1059,1059,1,0.6175,0.0,-0.005,0.6175202425831886,1000.0,2,0.0,0.0,0.0,0.0
1060,1060,1,0.62,0.0,-0.005,0.6200201609625288,1000.0,2,0.0,0.0,0.0,0.0
1061,1061,1,0.6225,0.0,-0.005,0.6225200799974246,1000.0,2,0.0,0.0,0.0,0.0
1062,1062,1,0.625,0.0,-0.005,0.6250199996800102,1000.0,2,0.0,0.0,0.0,0.0
1063,1063,1,0.6275,0.0,-0.005,0.6275199200025445,1000.0,2,0.0,0.0,0.0,0.0
1064,1064,1,0.63,0.0,-0.005,0.6300198409574098,1000.0,2,0.0,0.0,0.0,0.0
1065,1065,1,0.6325,0.0,-0.005,0.6325197625371084,1000.0,2,0.0,0.0,0.0,0.0
1066,1066,1,0.635,0.0,-0.005,0.6350196847342608,1000.0,2,0.0,0.0,0.0,0.0
1067,1067,1,0.6375,0.0,-0.005,0.6375196075416033,1000.0,2,0.0,0.0,0.0,0.0
1068,1068,1,0.64,0.0,-0.005,0.6400195309519859,1000.0,2,0.0,0.0,0.0,0.0
1069,1069,1,0.6425,0.0,-0.005,0.6425194549583693,1000.0,2,0.0,0.0,0.0,0.0
1070,1070,1,0.645,0.0,-0.005,0.6450193795538239,1000.0,2,0.0,0.0,0.0,0.0
1071,1071,1,0.6475,0.0,-0.005,0.6475193047315269,1000.0,2,0.0,0.0,0.0,0.0
1072,1072,1,0.65,0.0,-0.005,0.6500192304847604,1000.0,2,0.0,0.0,0.0,0.0
1073,1073,1,0.6525,0.0,-0.005,0.6525191568069093,1000.0,2,0.0,0.0,0.0,0.0
1074,1074,1,0.655,0.0,-0.005,0.6550190836914601,1000.0,2,0.0,0.0,0.0,0.0
1075,1075,1,0.6575,0.0,-0.005,0.6575190111319976,1000.0,2,0.0,0.0,0.0,0.0
1076,1076,1,0.66,0.0,-0.005,0.6600189391222043,1000.0,2,0.0,0.0,0.0,0.0
1077,1077,1,0.6625,0.0,-0.005,0.6625188676558578,1000.0,2,0.0,0.0,0.0,0.0
1078,1078,1,0.665,0.0,-0.005,0.6650187967268294,1000.0,2,0.0,0.0,0.0,0.0
1079,1079,1,0.6675,0.0,-0.005,0.667518726329082,1000.0,2,0.0,0.0,0.0,0.0
1080,1080,1,0.67,0.0,-0.005,0.6700186564566691,1000.0,2,0.0,0.0,0.0,0.0
1081,1081,1,0.6725,0.0,-0.005,0.672518587103732,1000.0,2,0.0,0.0,0.0,0.0
1082,1082,1,0.675,0.0,-0.005,0.6750185182644992,1000.0,2,0.0,0.0,0.0,0.0
1083,1083,1,0.6775,0.0,-0.005,0.6775184499332841,1000.0,2,0.0,0.0,0.0,0.0
1084,1084,1,0.68,0.0,-0.005,0.6800183821044841,1000.0,2,0.0,0.0,0.0,0.0
1085,1085,1,0.6825,0.0,-0.005,0.6825183147725781,1000.0,2,0.0,0.0,0.0,0.0
1086,1086,1,0.685,0.0,-0.005,0.6850182479321263,1000.0,2,0.0,0.0,0.0,0.0
1087,1087,1,0.6875,0.0,-0.005,0.6875181815777675,1000.0,2,0.0,0.0,0.0,0.0
1088,1088,1,0.69,0.0,-0.005,0.6900181157042182,1000.0,2,0.0,0.0,0.0,0.0
1089,1089,1,0.6925,0.0,-0.005,0.6925180503062718,1000.0,2,0.0,0.0,0.0,0.0
1090,1090,1,0.695,0.0,-0.005,0.6950179853787958,1000.0,2,0.0,0.0,0.0,0.0
1091,1091,1,0.6975,0.0,-0.005,0.6975179209167317,1000.0,2,0.0,0.0,0.0,0.0
1092,1092,1,0.7,0.0,-0.005,0.7000178569150932,1000.0,2,0.0,0.0,0.0,0.0
1093,1093,1,0.7025,0.0,-0.005,0.7025177933689651,1000.0,2,0.0,0.0,0.0,0.0
1094,1094,1,0.705,0.0,-0.005,0.7050177302735017,1000.0,2,0.0,0.0,0.0,0.0
1095,1095,1,0.7075,0.0,-0.005,0.7075176676239259,1000.0,2,0.0,0.0,0.0,0.0
1096,1096,1,0.71,0.0,-0.005,0.7100176054155277,1000.0,2,0.0,0.0,0.0,0.0
1097,1097,1,0.7125,0.0,-0.005,0.7125175436436636,1000.0,2,0.0,0.0,0.0,0.0
1098,1098,1,0.715,0.0,-0.005,0.7150174823037546,1000.0,2,0.0,0.0,0.0,0.0
1099,1099,1,0.7175,0.0,-0.005,0.7175174213912858,1000.0,2,0.0,0.0,0.0,0.0
1100,1100,1,0.72,0.0,-0.005,0.7200173609018049,1000.0,2,0.0,0.0,0.0,0.0
1101,1101,1,0.7225,0.0,-0.005,0.7225173008309214,1000.0,2,0.0,0.0,0.0,0.0
1102,1102,1,0.725,0.0,-0.005,0.7250172411743048,1000.0,2,0.0,0.0,0.0,0.0
1103,1103,1,0.7275,0.0,-0.005,0.7275171819276849,1000.0,2,0.0,0.0,0.0,0.0
1104,1104,1,0.73,0.0,-0.005,0.7300171230868492,1000.0,2,0.0,0.0,0.0,0.0
1105,1105,1,0.7325,0.0,-0.005,0.7325170646476437,1000.0,2,0.0,0.0,0.0,0.0
1106,1106,1,0.735,0.0,-0.005,0.7350170066059696,1000.0,2,0.0,0.0,0.0,0.0
1107,1107,1,0.7375,0.0,-0.005,0.7375169489577851,1000.0,2,0.0,0.0,0.0,0.0
1108,1108,1,0.74,0.0,-0.005,0.7400168916991017,1000.0,2,0.0,0.0,0.0,0.0
1109,1109,1,0.7425,0.0,-0.005,0.7425168348259857,1000.0,2,0.0,0.0,0.0,0.0
1110,1110,1,0.745,0.0,-0.005,0.7450167783345554,1000.0,2,0.0,0.0,0.0,0.0
1111,1111,1,0.7475,0.0,-0.005,0.7475167222209815,1000.0,2,0.0,0.0,0.0,0.0
1112,1112,1,0.75,0.0,-0.005,0.7500166664814857,1000.0,2,0.0,0.0,0.0,0.0
1113,1113,1,0.7525,0.0,-0.005,0.7525166111123395,1000.0,2,0.0,0.0,0.0,0.0
1114,1114,1,0.755,0.0,-0.005,0.7550165561098644,1000.0,2,0.0,0.0,0.0,0.0
1115,1115,1,0.7575,0.0,-0.005,0.75751650147043,1000.0,2,0.0,0.0,0.0,0.0
1116,1116,1,0.76,0.0,-0.005,0.7600164471904539,1000.0,2,0.0,0.0,0.0,0.0
1117,1117,1,0.7625,0.0,-0.005,0.7625163932664005,1000.0,2,0.0,0.0,0.0,0.0
1118,1118,1,0.765,0.0,-0.005,0.7650163396947807,1000.0,2,0.0,0.0,0.0,0.0
1119,1119,1,0.7675,0.0,-0.005,0.7675162864721504,1000.0,2,0.0,0.0,0.0,0.0
1120,1120,1,0.77,0.0,-0.005,0.7700162335951106,1000.0,2,0.0,0.0,0.0,0.0
1121,1121,1,0.7725,0.0,-0.005,0.7725161810603064,1000.0,2,0.0,0.0,0.0,0.0
1122,1122,1,0.775,0.0,-0.005,0.7750161288644257,1000.0,2,0.0,0.0,0.0,0.0
1123,1123,1,0.7775,0.0,-0.005,0.7775160770041993,1000.0,2,0.0,0.0,0.0,0.0
1124,1124,1,0.78,0.0,-0.005,0.7800160254764001,1000.0,2,0.0,0.0,0.0,0.0
1125,1125,1,0.7825,0.0,-0.005,0.7825159742778418,1000.0,2,0.0,0.0,0.0,0.0
1126,1126,1,0.785,0.0,-0.005,0.7850159234053792,1000.0,2,0.0,0.0,0.0,0.0
1127,1127,1,0.7875,0.0,-0.005,0.7875158728559063,1000.0,2,0.0,0.0,0.0,0.0
1128,1128,1,0.79,0.0,-0.005,0.7900158226263574,1000.0,2,0.0,0.0,0.0,0.0
1129,1129,1,0.7925,0.0,-0.005,0.7925157727137044,1000.0,2,0.0,0.0,0.0,0.0
1130,1130,1,0.795,0.0,-0.005,0.7950157231149584,1000.0,2,0.0,0.0,0.0,0.0
1131,1131,1,0.7975,0.0,-0.005,0.7975156738271669,1000.0,2,0.0,0.0,0.0,0.0
1132,1132,1,0.8,0.0,-0.005,0.8000156248474152,1000.0,2,0.0,0.0,0.0,0.0
1133,1133,1,0.8025,0.0,-0.005,0.8025155761728242,1000.0,2,0.0,0.0,0.0,0.0
1134,1134,1,0.805,0.0,-0.005,0.8050155278005513,1000.0,2,0.0,0.0,0.0,0.0
1135,1135,1,0.8075,0.0,-0.005,0.8075154797277883,1000.0,2,0.0,0.0,0.0,0.0
1136,1136,1,0.81,0.0,-0.005,0.8100154319517624,1000.0,2,0.0,0.0,0.0,0.0
1137,1137,1,0.8125,0.0,-0.005,0.8125153844697343,1000.0,2,0.0,0.0,0.0,0.0
1138,1138,1,0.815,0.0,-0.005,0.8150153372789987,1000.0,2,0.0,0.0,0.0,0.0
1139,1139,1,0.8175,0.0,-0.005,0.8175152903768834,1000.0,2,0.0,0.0,0.0,0.0
1140,1140,1,0.82,0.0,-0.005,0.8200152437607486,1000.0,2,0.0,0.0,0.0,0.0
1141,1141,1,0.8225,0.0,-0.005,0.8225151974279867,1000.0,2,0.0,0.0,0.0,0.0
1142,1142,1,0.825,0.0,-0.005,0.8250151513760217,1000.0,2,0.0,0.0,0.0,0.0
1143,1143,1,0.8275,0.0,-0.005,0.8275151056023087,1000.0,2,0.0,0.0,0.0,0.0
1144,1144,1,0.83,0.0,-0.005,0.8300150601043333,1000.0,2,0.0,0.0,0.0,0.0
1145,1145,1,0.8325,0.0,-0.005,0.8325150148796117,1000.0,2,0.0,0.0,0.0,0.0
1146,1146,1,0.835,0.0,-0.005,0.8350149699256895,1000.0,2,0.0,0.0,0.0,0.0
1147,1147,1,0.8375,0.0,-0.005,0.8375149252401417,1000.0,2,0.0,0.0,0.0,0.0
1148,1148,1,0.84,0.0,-0.005,0.8400148808205721,1000.0,2,0.0,0.0,0.0,0.0
1149,1149,1,0.8425,0.0,-0.005,0.8425148366646134,1000.0,2,0.0,0.0,0.0,0.0
1150,1150,1,0.845,0.0,-0.005,0.8450147927699254,1000.0,2,0.0,0.0,0.0,0.0
1151,1151,1,0.8475,0.0,-0.005,0.8475147491341966,1000.0,2,0.0,0.0,0.0,0.0
1152,1152,1,0.85,0.0,-0.005,0.8500147057551416,1000.0,2,0.0,0.0,0.0,0.0
1153,1153,1,0.8525,0.0,-0.005,0.8525146626305029,1000.0,2,0.0,0.0,0.0,0.0
1154,1154,1,0.855,0.0,-0.005,0.8550146197580484,1000.0,2,0.0,0.0,0.0,0.0
1155,1155,1,0.8575,0.0,-0.005,0.8575145771355728,1000.0,2,0.0,0.0,0.0,0.0
1156,1156,1,0.86,0.0,-0.005,0.8600145347608957,1000.0,2,0.0,0.0,0.0,0.0
1157,1157,1,0.8625,0.0,-0.005,0.8625144926318631,1000.0,2,0.0,0.0,0.0,0.0
1158,1158,1,0.865,0.0,-0.005,0.8650144507463445,1000.0,2,0.0,0.0,0.0,0.0
1159,1159,1,0.8675,0.0,-0.005,0.8675144091022351,1000.0,2,0.0,0.0,0.0,0.0
1160,1160,1,0.87,0.0,-0.005,0.8700143676974537,1000.0,2,0.0,0.0,0.0,0.0
1161,1161,1,0.8725,0.0,-0.005,0.8725143265299431,1000.0,2,0.0,0.0,0.0,0.0
1162,1162,1,0.875,0.0,-0.005,0.8750142855976696,1000.0,2,0.0,0.0,0.0,0.0
1163,1163,1,0.8775,0.0,-0.005,0.8775142448986227,1000.0,2,0.0,0.0,0.0,0.0
1164,1164,1,0.88,0.0,-0.005,0.8800142044308149,1000.0,2,0.0,0.0,0.0,0.0
1165,1165,1,0.8825,0.0,-0.005,0.8825141641922808,1000.0,2,0.0,0.0,0.0,0.0
1166,1166,1,0.885,0.0,-0.005,0.8850141241810777,1000.0,2,0.0,0.0,0.0,0.0
1167,1167,1,0.8875,0.0,-0.005,0.8875140843952845,1000.0,2,0.0,0.0,0.0,0.0
1168,1168,1,0.89,0.0,-0.005,0.8900140448330015,1000.0,2,0.0,0.0,0.0,0.0
1169,1169,1,0.8925,0.0,-0.005,0.8925140054923508,1000.0,2,0.0,0.0,0.0,0.0
1170,1170,1,0.895,0.0,-0.005,0.8950139663714751,1000.0,2,0.0,0.0,0.0,0.0
1171,1171,1,0.8975,0.0,-0.005,0.897513927468538,1000.0,2,0.0,0.0,0.0,0.0
1172,1172,1,0.9,0.0,-0.005,0.9000138887817233,1000.0,2,0.0,0.0,0.0,0.0
1173,1173,1,0.9025,0.0,-0.005,0.9025138503092349,1000.0,2,0.0,0.0,0.0,0.0
1174,1174,1,0.905,0.0,-0.005,0.9050138120492969,1000.0,2,0.0,0.0,0.0,0.0
1175,1175,1,0.9075,0.0,-0.005,0.9075137740001527,1000.0,2,0.0,0.0,0.0,0.0
1176,1176,1,0.91,0.0,-0.005,0.9100137361600649,1000.0,2,0.0,0.0,0.0,0.0
1177,1177,1,0.9125,0.0,-0.005,0.9125136985273152,1000.0,2,0.0,0.0,0.0,0.0
1178,1178,1,0.915,0.0,-0.005,0.9150136611002047,1000.0,2,0.0,0.0,0.0,0.0
1179,1179,1,0.9175,0.0,-0.005,0.9175136238770518,1000.0,2,0.0,0.0,0.0,0.0
1180,1180,1,0.92,0.0,-0.005,0.9200135868561943,1000.0,2,0.0,0.0,0.0,0.0
1181,1181,1,0.9225,0.0,-0.005,0.9225135500359873,1000.0,2,0.0,0.0,0.0,0.0
1182,1182,1,0.925,0.0,-0.005,0.9250135134148042,1000.0,2,0.0,0.0,0.0,0.0
1183,1183,1,0.9275,0.0,-0.005,0.9275134769910354,1000.0,2,0.0,0.0,0.0,0.0
1184,1184,1,0.93,0.0,-0.005,0.9300134407630892,1000.0,2,0.0,0.0,0.0,0.0
1185,1185,1,0.9325,0.0,-0.005,0.9325134047293905,1000.0,2,0.0,0.0,0.0,0.0
1186,1186,1,0.935,0.0,-0.005,0.9350133688883813,1000.0,2,0.0,0.0,0.0,0.0
1187,1187,1,0.9375,0.0,-0.005,0.9375133332385199,1000.0,2,0.0,0.0,0.0,0.0
1188,1188,1,0.94,0.0,-0.005,0.9400132977782815,1000.0,2,0.0,0.0,0.0,0.0
1189,1189,1,0.9425,0.0,-0.005,0.942513262506157,1000.0,2,0.0,0.0,0.0,0.0
1190,1190,1,0.945,0.0,-0.005,0.9450132274206536,1000.0,2,0.0,0.0,0.0,0.0
1191,1191,1,0.9475,0.0,-0.005,0.9475131925202942,1000.0,2,0.0,0.0,0.0,0.0
1192,1192,1,0.95,0.0,-0.005,0.950013157803617,1000.0,2,0.0,0.0,0.0,0.0
1193,1193,1,0.9525,0.0,-0.005,0.9525131232691758,1000.0,2,0.0,0.0,0.0,0.0
1194,1194,1,0.955,0.0,-0.005,0.9550130889155395,1000.0,2,0.0,0.0,0.0,0.0
1195,1195,1,0.9575,0.0,-0.005,0.9575130547412918,1000.0,2,0.0,0.0,0.0,0.0
1196,1196,1,0.96,0.0,-0.005,0.9600130207450314,1000.0,2,0.0,0.0,0.0,0.0
1197,1197,1,0.9625,0.0,-0.005,0.9625129869253713,1000.0,2,0.0,0.0,0.0,0.0
1198,1198,1,0.965,0.0,-0.005,0.9650129532809392,1000.0,2,0.0,0.0,0.0,0.0
1199,1199,1,0.9675,0.0,-0.005,0.9675129198103766,1000.0,2,0.0,0.0,0.0,0.0
1200,1200,1,0.97,0.0,-0.005,0.9700128865123391,1000.0,2,0.0,0.0,0.0,0.0
1201,1201,1,0.9725,0.0,-0.005,0.9725128533854964,1000.0,2,0.0,0.0,0.0,0.0
1202,1202,1,0.975,0.0,-0.005,0.9750128204285315,1000.0,2,0.0,0.0,0.0,0.0
1203,1203,1,0.9775,0.0,-0.005,0.9775127876401414,1000.0,2,0.0,0.0,0.0,0.0
1204,1204,1,0.98,0.0,-0.005,0.9800127550190354,1000.0,2,0.0,0.0,0.0,0.0
1205,1205,1,0.9825,0.0,-0.005,0.9825127225639372,1000.0,2,0.0,0.0,0.0,0.0
1206,1206,1,0.985,0.0,-0.005,0.9850126902735823,1000.0,2,0.0,0.0,0.0,0.0
1207,1207,1,0.9875,0.0,-0.005,0.9875126581467197,1000.0,2,0.0,0.0,0.0,0.0
1208,1208,1,0.99,0.0,-0.005,0.9900126261821108,1000.0,2,0.0,0.0,0.0,0.0
1209,1209,1,0.9925,0.0,-0.005,0.9925125943785299,1000.0,2,0.0,0.0,0.0,0.0
1210,1210,1,0.995,0.0,-0.005,0.9950125627347627,1000.0,2,0.0,0.0,0.0,0.0
1211,1211,1,0.9975,0.0,-0.005,0.997512531249608,1000.0,2,0.0,0.0,0.0,0.0
1212,1212,1,1.0,0.0,-0.005,1.000012499921876,1000.0,2,0.0,0.0,0.0,0.0
1213,1213,1,1.0025,0.0,-0.005,1.002512468750389,1000.0,2,0.0,0.0,0.0,0.0
1214,1214,1,1.005,0.0,-0.005,1.0050124377339813,1000.0,2,0.0,0.0,0.0,0.0
1215,1215,1,0.0,0.0,0.0025,0.0025,1000.0,2,0.0,0.0,0.0,0.0
1216,1216,1,1.0,0.0,0.0025,1.0000031249951171,1000.0,2,0.0,0.0,0.0,0.0
1217,1217,1,0.0,0.0,0.005,0.005,1000.0,2,0.0,0.0,0.0,0.0
1218,1218,1,1.0,0.0,0.005,1.000012499921876,1000.0,2,0.0,0.0,0.0,0.0
1219,1219,1,0.0,0.0,0.0075,0.0075,1000.0,2,0.0,0.0,0.0,0.0
1220,1220,1,1.0,0.0,0.0075,1.0000281246045033,1000.0,2,0.0,0.0,0.0,0.0
1221,1221,1,0.0,0.0,0.01,0.01,1000.0,2,0.0,0.0,0.0,0.0
1222,1222,1,1.0,0.0,0.01,1.0000499987500624,1000.0,2,0.0,0.0,0.0,0.0
1223,1223,1,0.0,0.0,0.0125,0.0125,1000.0,2,0.0,0.0,0.0,0.0
1224,1224,1,1.0,0.0,0.0125,1.0000781219484807,1000.0,2,0.0,0.0,0.0,0.0
1225,1225,1,0.0,0.0,0.015,0.015,1000.0,2,0.0,0.0,0.0,0.0
1226,1226,1,1.0,0.0,0.015,1.0001124936725867,1000.0,2,0.0,0.0,0.0,0.0
1227,1227,1,0.0,0.0,0.0175,0.0175,1000.0,2,0.0,0.0,0.0,0.0
1228,1228,1,1.0,0.0,0.0175,1.000153113278162,1000.0,2,0.0,0.0,0.0,0.0
1229,1229,1,0.0,0.0,0.02,0.02,1000.0,2,0.0,0.0,0.0,0.0
1230,1230,1,1.0,0.0,0.02,1.000199980003999,1000.0,2,0.0,0.0,0.0,0.0
1231,1231,1,0.0,0.0,0.0225,0.0225,1000.0,2,0.0,0.0,0.0,0.0
1232,1232,1,1.0,0.0,0.0225,1.0002530929719737,1000.0,2,0.0,0.0,0.0,0.0
1233,1233,1,0.0,0.0,0.025,0.025,1000.0,2,0.0,0.0,0.0,0.0
1234,1234,1,1.0,0.0,0.025,1.000312451187128,1000.0,2,0.0,0.0,0.0,0.0
1235,1235,1,0.0,0.0,0.0275,0.0275,1000.0,2,0.0,0.0,0.0,0.0
1236,1236,1,1.0,0.0,0.0275,1.0003780535377613,1000.0,2,0.0,0.0,0.0,0.0
1237,1237,1,0.0,0.0,0.03,0.03,1000.0,2,0.0,0.0,0.0,0.0
1238,1238,1,1.0,0.0,0.03,1.0004498987955368,1000.0,2,0.0,0.0,0.0,0.0
1239,1239,1,0.0,0.0,0.0325,0.0325,1000.0,2,0.0,0.0,0.0,0.0
1240,1240,1,1.0,0.0,0.0325,1.0005279856155949,1000.0,2,0.0,0.0,0.0,0.0
1241,1241,1,0.0,0.0,0.035,0.035,1000.0,2,0.0,0.0,0.0,0.0
1242,1242,1,1.0,0.0,0.035,1.0006123125366788,1000.0,2,0.0,0.0,0.0,0.0
1243,1243,1,0.0,0.0,0.0375,0.0375,1000.0,2,0.0,0.0,0.0,0.0
1244,1244,1,1.0,0.0,0.0375,1.0007028779812717,1000.0,2,0.0,0.0,0.0,0.0
1245,1245,1,0.0,0.0,0.04,0.04,1000.0,2,0.0,0.0,0.0,0.0
1246,1246,1,1.0,0.0,0.04,1.0007996802557444,1000.0,2,0.0,0.0,0.0,0.0
1247,1247,1,0.0,0.0,0.0425,0.0425,1000.0,2,0.0,0.0,0.0,0.0
1248,1248,1,1.0,0.0,0.0425,1.000902717550512,1000.0,2,0.0,0.0,0.0,0.0
1249,1249,1,0.0,0.0,0.045,0.045,1000.0,2,0.0,0.0,0.0,0.0
1250,1250,1,1.0,0.0,0.045,1.0010119879402044,1000.0,2,0.0,0.0,0.0,0.0
1251,1251,1,0.0,0.0,0.0475,0.0475,1000.0,2,0.0,0.0,0.0,0.0
1252,1252,1,1.0,0.0,0.0475,1.0011274893838447,1000.0,2,0.0,0.0,0.0,0.0
1253,1253,1,0.0,0.0,0.05,0.05,1000.0,2,0.0,0.0,0.0,0.0
1254,1254,1,1.0,0.0,0.05,1.0012492197250393,1000.0,2,0.0,0.0,0.0,0.0
1255,1255,1,0.0,0.0,0.0525,0.0525,1000.0,2,0.0,0.0,0.0,0.0
1256,1256,1,1.0,0.0,0.0525,1.0013771766921793,1000.0,2,0.0,0.0,0.0,0.0
1257,1257,1,0.0,0.0,0.055,0.055,1000.0,2,0.0,0.0,0.0,0.0
1258,1258,1,1.0,0.0,0.055,1.0015113578986512,1000.0,2,0.0,0.0,0.0,0.0
1259,1259,1,0.0,0.0,0.0575,0.0575,1000.0,2,0.0,0.0,0.0,0.0
1260,1260,1,1.0,0.0,0.0575,1.0016517608430586,1000.0,2,0.0,0.0,0.0,0.0
1261,1261,1,0.0,0.0,0.06,0.06,1000.0,2,0.0,0.0,0.0,0.0
1262,1262,1,1.0,0.0,0.06,1.0017983829094554,1000.0,2,0.0,0.0,0.0,0.0
1263,1263,1,0.0,0.0,0.0625,0.0625,1000.0,2,0.0,0.0,0.0,0.0
1264,1264,1,1.0,0.0,0.0625,1.0019512213675874,1000.0,2,0.0,0.0,0.0,0.0
1265,1265,1,0.0,0.0,0.065,0.065,1000.0,2,0.0,0.0,0.0,0.0
1266,1266,1,1.0,0.0,0.065,1.0021102733731453,1000.0,2,0.0,0.0,0.0,0.0
1267,1267,1,0.0,0.0,0.0675,0.0675,1000.0,2,0.0,0.0,0.0,0.0
1268,1268,1,1.0,0.0,0.0675,1.002275535968029,1000.0,2,0.0,0.0,0.0,0.0
1269,1269,1,0.0,0.0,0.07,0.07,1000.0,2,0.0,0.0,0.0,0.0
1270,1270,1,1.0,0.0,0.07,1.0024470060806208,1000.0,2,0.0,0.0,0.0,0.0
1271,1271,1,0.0,0.0,0.0725,0.0725,1000.0,2,0.0,0.0,0.0,0.0
1272,1272,1,1.0,0.0,0.0725,1.0026246805260681,1000.0,2,0.0,0.0,0.0,0.0
1273,1273,1,0.0,0.0,0.075,0.075,1000.0,2,0.0,0.0,0.0,0.0
1274,1274,1,1.0,0.0,0.075,1.002808556006579,1000.0,2,0.0,0.0,0.0,0.0
1275,1275,1,0.0,0.0,0.0775,0.0775,1000.0,2,0.0,0.0,0.0,0.0
1276,1276,1,1.0,0.0,0.0775,1.0029986291117252,1000.0,2,0.0,0.0,0.0,0.0
1277,1277,1,0.0,0.0,0.08,0.08,1000.0,2,0.0,0.0,0.0,0.0
1278,1278,1,1.0,0.0,0.08,1.0031948963187562,1000.0,2,0.0,0.0,0.0,0.0
1279,1279,1,0.0,0.0,0.0825,0.0825,1000.0,2,0.0,0.0,0.0,0.0
1280,1280,1,1.0,0.0,0.0825,1.0033973539929233,1000.0,2,0.0,0.0,0.0,0.0
1281,1281,1,0.0,0.0,0.085,0.085,1000.0,2,0.0,0.0,0.0,0.0
1282,1282,1,1.0,0.0,0.085,1.0036059983878136,1000.0,2,0.0,0.0,0.0,0.0
1283,1283,1,0.0,0.0,0.0875,0.0875,1000.0,2,0.0,0.0,0.0,0.0
1284,1284,1,1.0,0.0,0.0875,1.0038208256456926,1000.0,2,0.0,0.0,0.0,0.0
1285,1285,1,0.0,0.0,0.09,0.09,1000.0,2,0.0,0.0,0.0,0.0
1286,1286,1,1.0,0.0,0.09,1.004041831797859,1000.0,2,0.0,0.0,0.0,0.0
1287,1287,1,0.0,0.0,0.0925,0.0925,1000.0,2,0.0,0.0,0.0,0.0
1288,1288,1,1.0,0.0,0.0925,1.004269012765006,1000.0,2,0.0,0.0,0.0,0.0
1289,1289,1,0.0,0.0,0.095,0.095,1000.0,2,0.0,0.0,0.0,0.0
1290,1290,1,1.0,0.0,0.095,1.0045023643575957,1000.0,2,0.0,0.0,0.0,0.0
1291,1291,1,0.0,0.0,0.0975,0.0975,1000.0,2,0.0,0.0,0.0,0.0
1292,1292,1,1.0,0.0,0.0975,1.004741882276239,1000.0,2,0.0,0.0,0.0,0.0
1293,1293,1,0.0,0.0,0.1,0.1,1000.0,2,0.0,0.0,0.0,0.0
1294,1294,1,1.0,0.0,0.1,1.004987562112089,1000.0,2,0.0,0.0,0.0,0.0
1295,1295,1,0.0,0.0,0.1025,0.1025,1000.0,2,0.0,0.0,0.0,0.0
1296,1296,1,1.0,0.0,0.1025,1.00523939934724,1000.0,2,0.0,0.0,0.0,0.0
1297,1297,1,0.0,0.0,0.105,0.105,1000.0,2,0.0,0.0,0.0,0.0
1298,1298,1,1.0,0.0,0.105,1.005497389355139,1000.0,2,0.0,0.0,0.0,0.0
1299,1299,1,0.0,0.0,0.1075,0.1075,1000.0,2,0.0,0.0,0.0,0.0
1300,1300,1,1.0,0.0,0.1075,1.0057615274010037,1000.0,2,0.0,0.0,0.0,0.0
1301,1301,1,0.0,0.0,0.11,0.11,1000.0,2,0.0,0.0,0.0,0.0
1302,1302,1,1.0,0.0,0.11,1.0060318086422517,1000.0,2,0.0,0.0,0.0,0.0
1303,1303,1,0.0,0.0,0.1125,0.1125,1000.0,2,0.0,0.0,0.0,0.0
1304,1304,1,1.0,0.0,0.1125,1.0063082281289366,1000.0,2,0.0,0.0,0.0,0.0
1305,1305,1,0.0,0.0,0.115,0.115,1000.0,2,0.0,0.0,0.0,0.0
1306,1306,1,1.0,0.0,0.115,1.0065907808041956,1000.0,2,0.0,0.0,0.0,0.0
1307,1307,1,0.0,0.0,0.1175,0.1175,1000.0,2,0.0,0.0,0.0,0.0
1308,1308,1,1.0,0.0,0.1175,1.0068794615047028,1000.0,2,0.0,0.0,0.0,0.0
1309,1309,1,0.0,0.0,0.12,0.12,1000.0,2,0.0,0.0,0.0,0.0
1310,1310,1,1.0,0.0,0.12,1.0071742649611337,1000.0,2,0.0,0.0,0.0,0.0
1311,1311,1,0.0,0.0,0.1225,0.1225,1000.0,2,0.0,0.0,0.0,0.0
1312,1312,1,1.0,0.0,0.1225,1.007475185798638,1000.0,2,0.0,0.0,0.0,0.0
1313,1313,1,0.0,0.0,0.125,0.125,1000.0,2,0.0,0.0,0.0,0.0
1314,1314,1,1.0,0.0,0.125,1.0077822185373186,1000.0,2,0.0,0.0,0.0,0.0
1315,1315,1,0.0,0.0,0.1275,0.1275,1000.0,2,0.0,0.0,0.0,0.0
1316,1316,1,1.0,0.0,0.1275,1.008095357592723,1000.0,2,0.0,0.0,0.0,0.0
1317,1317,1,0.0,0.0,0.13,0.13,1000.0,2,0.0,0.0,0.0,0.0
1318,1318,1,1.0,0.0,0.13,1.0084145972763385,1000.0,2,0.0,0.0,0.0,0.0
1319,1319,1,0.0,0.0,0.1325,0.1325,1000.0,2,0.0,0.0,0.0,0.0
1320,1320,1,1.0,0.0,0.1325,1.0087399317960997,1000.0,2,0.0,0.0,0.0,0.0
1321,1321,1,0.0,0.0,0.135,0.135,1000.0,2,0.0,0.0,0.0,0.0
1322,1322,1,1.0,0.0,0.135,1.0090713552569015,1000.0,2,0.0,0.0,0.0,0.0
1323,1323,1,0.0,0.0,0.1375,0.1375,1000.0,2,0.0,0.0,0.0,0.0
1324,1324,1,1.0,0.0,0.1375,1.009408861661121,1000.0,2,0.0,0.0,0.0,0.0
1325,1325,1,0.0,0.0,0.14,0.14,1000.0,2,0.0,0.0,0.0,0.0
1326,1326,1,1.0,0.0,0.14,1.009752444909147,1000.0,2,0.0,0.0,0.0,0.0
1327,1327,1,0.0,0.0,0.1425,0.1425,1000.0,2,0.0,0.0,0.0,0.0
1328,1328,1,1.0,0.0,0.1425,1.0101020987999183,1000.0,2,0.0,0.0,0.0,0.0
1329,1329,1,0.0,0.0,0.145,0.145,1000.0,2,0.0,0.0,0.0,0.0
1330,1330,1,1.0,0.0,0.145,1.0104578170314682,1000.0,2,0.0,0.0,0.0,0.0
1331,1331,1,0.0,0.0,0.1475,0.1475,1000.0,2,0.0,0.0,0.0,0.0
1332,1332,1,1.0,0.0,0.1475,1.0108195932014772,1000.0,2,0.0,0.0,0.0,0.0
1333,1333,1,0.0,0.0,0.15,0.15,1000.0,2,0.0,0.0,0.0,0.0
1334,1334,1,1.0,0.0,0.15,1.0111874208078342,1000.0,2,0.0,0.0,0.0,0.0
1335,1335,1,0.0,0.0,0.1525,0.1525,1000.0,2,0.0,0.0,0.0,0.0
1336,1336,1,1.0,0.0,0.1525,1.0115612932492029,1000.0,2,0.0,0.0,0.0,0.0
1337,1337,1,0.0,0.0,0.155,0.155,1000.0,2,0.0,0.0,0.0,0.0
1338,1338,1,1.0,0.0,0.155,1.0119412038255977,1000.0,2,0.0,0.0,0.0,0.0
1339,1339,1,0.0,0.0,0.1575,0.1575,1000.0,2,0.0,0.0,0.0,0.0
1340,1340,1,1.0,0.0,0.1575,1.012327145738965,1000.0,2,0.0,0.0,0.0,0.0
1341,1341,1,0.0,0.0,0.16,0.16,1000.0,2,0.0,0.0,0.0,0.0
1342,1342,1,1.0,0.0,0.16,1.012719112093773,1000.0,2,0.0,0.0,0.0,0.0
1343,1343,1,0.0,0.0,0.1625,0.1625,1000.0,2,0.0,0.0,0.0,0.0
1344,1344,1,1.0,0.0,0.1625,1.0131170958976066,1000.0,2,0.0,0.0,0.0,0.0
1345,1345,1,0.0,0.0,0.165,0.165,1000.0,2,0.0,0.0,0.0,0.0
1346,1346,1,1.0,0.0,0.165,1.0135210900617708,1000.0,2,0.0,0.0,0.0,0.0
1347,1347,1,0.0,0.0,0.1675,0.1675,1000.0,2,0.0,0.0,0.0,0.0
1348,1348,1,1.0,0.0,0.1675,1.0139310874019003,1000.0,2,0.0,0.0,0.0,0.0
1349,1349,1,0.0,0.0,0.17,0.17,1000.0,2,0.0,0.0,0.0,0.0
1350,1350,1,1.0,0.0,0.17,1.014347080638575,1000.0,2,0.0,0.0,0.0,0.0
1351,1351,1,0.0,0.0,0.1725,0.1725,1000.0,2,0.0,0.0,0.0,0.0
1352,1352,1,1.0,0.0,0.1725,1.0147690623979428,1000.0,2,0.0,0.0,0.0,0.0
1353,1353,1,0.0,0.0,0.175,0.175,1000.0,2,0.0,0.0,0.0,0.0
1354,1354,1,1.0,0.0,0.175,1.0151970252123477,1000.0,2,0.0,0.0,0.0,0.0
1355,1355,1,0.0,0.0,0.1775,0.1775,1000.0,2,0.0,0.0,0.0,0.0
1356,1356,1,1.0,0.0,0.1775,1.015630961520965,1000.0,2,0.0,0.0,0.0,0.0
1357,1357,1,0.0,0.0,0.18,0.18,1000.0,2,0.0,0.0,0.0,0.0
1358,1358,1,1.0,0.0,0.18,1.016070863670443,1000.0,2,0.0,0.0,0.0,0.0
1359,1359,1,0.0,0.0,0.1825,0.1825,1000.0,2,0.0,0.0,0.0,0.0
1360,1360,1,1.0,0.0,0.1825,1.0165167239155488,1000.0,2,0.0,0.0,0.0,0.0
1361,1361,1,0.0,0.0,0.185,0.185,1000.0,2,0.0,0.0,0.0,0.0
1362,1362,1,1.0,0.0,0.185,1.0169685344198216,1000.0,2,0.0,0.0,0.0,0.0
1363,1363,1,0.0,0.0,0.1875,0.1875,1000.0,2,0.0,0.0,0.0,0.0
1364,1364,1,1.0,0.0,0.1875,1.0174262872562316,1000.0,2,0.0,0.0,0.0,0.0
1365,1365,1,0.0,0.0,0.19,0.19,1000.0,2,0.0,0.0,0.0,0.0
1366,1366,1,1.0,0.0,0.19,1.0178899744078433,1000.0,2,0.0,0.0,0.0,0.0
1367,1367,1,0.0,0.0,0.1925,0.1925,1000.0,2,0.0,0.0,0.0,0.0
1368,1368,1,1.0,0.0,0.1925,1.0183595877684857,1000.0,2,0.0,0.0,0.0,0.0
1369,1369,1,0.0,0.0,0.195,0.195,1000.0,2,0.0,0.0,0.0,0.0
1370,1370,1,1.0,0.0,0.195,1.0188351191434264,1000.0,2,0.0,0.0,0.0,0.0
1371,1371,1,0.0,0.0,0.1975,0.1975,1000.0,2,0.0,0.0,0.0,0.0
1372,1372,1,1.0,0.0,0.1975,1.019316560250053,1000.0,2,0.0,0.0,0.0,0.0
1373,1373,1,0.0,0.0,0.2,0.2,1000.0,2,0.0,0.0,0.0,0.0
1374,1374,1,1.0,0.0,0.2,1.019803902718557,1000.0,2,0.0,0.0,0.0,0.0
1375,1375,1,0.0,0.0,0.2025,0.2025,1000.0,2,0.0,0.0,0.0,0.0
1376,1376,1,1.0,0.0,0.2025,1.0202971380926245,1000.0,2,0.0,0.0,0.0,0.0
1377,1377,1,0.0,0.0,0.205,0.205,1000.0,2,0.0,0.0,0.0,0.0
1378,1378,1,1.0,0.0,0.205,1.0207962578301313,1000.0,2,0.0,0.0,0.0,0.0
1379,1379,1,0.0,0.0,0.2075,0.2075,1000.0,2,0.0,0.0,0.0,0.0
1380,1380,1,1.0,0.0,0.2075,1.0213012533038428,1000.0,2,0.0,0.0,0.0,0.0
1381,1381,1,0.0,0.0,0.21,0.21,1000.0,2,0.0,0.0,0.0,0.0
1382,1382,1,1.0,0.0,0.21,1.0218121158021176,1000.0,2,0.0,0.0,0.0,0.0
1383,1383,1,0.0,0.0,0.2125,0.2125,1000.0,2,0.0,0.0,0.0,0.0
1384,1384,1,1.0,0.0,0.2125,1.0223288365296168,1000.0,2,0.0,0.0,0.0,0.0
1385,1385,1,0.0,0.0,0.215,0.215,1000.0,2,0.0,0.0,0.0,0.0
1386,1386,1,1.0,0.0,0.215,1.0228514066080174,1000.0,2,0.0,0.0,0.0,0.0
1387,1387,1,0.0,0.0,0.2175,0.2175,1000.0,2,0.0,0.0,0.0,0.0
1388,1388,1,1.0,0.0,0.2175,1.0233798170767294,1000.0,2,0.0,0.0,0.0,0.0
1389,1389,1,0.0,0.0,0.22,0.22,1000.0,2,0.0,0.0,0.0,0.0
1390,1390,1,1.0,0.0,0.22,1.0239140588936164,1000.0,2,0.0,0.0,0.0,0.0
1391,1391,1,0.0,0.0,0.2225,0.2225,1000.0,2,0.0,0.0,0.0,0.0
1392,1392,1,1.0,0.0,0.2225,1.0244541229357222,1000.0,2,0.0,0.0,0.0,0.0
1393,1393,1,0.0,0.0,0.225,0.225,1000.0,2,0.0,0.0,0.0,0.0
1394,1394,1,1.0,0.0,0.225,1.025,1000.0,2,0.0,0.0,0.0,0.0
1395,1395,1,0.0,0.0,0.2275,0.2275,1000.0,2,0.0,0.0,0.0,0.0
1396,1396,1,1.0,0.0,0.2275,1.0255516808040441,1000.0,2,0.0,0.0,0.0,0.0
1397,1397,1,0.0,0.0,0.23,0.23,1000.0,2,0.0,0.0,0.0,0.0
1398,1398,1,1.0,0.0,0.23,1.0261091559868276,1000.0,2,0.0,0.0,0.0,0.0
1399,1399,1,0.0,0.0,0.2325,0.2325,1000.0,2,0.0,0.0,0.0,0.0
1400,1400,1,1.0,0.0,0.2325,1.0266724161094423,1000.0,2,0.0,0.0,0.0,0.0
1401,1401,1,0.0,0.0,0.235,0.235,1000.0,2,0.0,0.0,0.0,0.0
1402,1402,1,1.0,0.0,0.235,1.0272414516558412,1000.0,2,0.0,0.0,0.0,0.0
1403,1403,1,0.0,0.0,0.2375,0.2375,1000.0,2,0.0,0.0,0.0,0.0
1404,1404,1,1.0,0.0,0.2375,1.0278162530335857,1000.0,2,0.0,0.0,0.0,0.0
1405,1405,1,0.0,0.0,0.24,0.24,1000.0,2,0.0,0.0,0.0,0.0
1406,1406,1,1.0,0.0,0.24,1.0283968105745953,1000.0,2,0.0,0.0,0.0,0.0
1407,1407,1,0.0,0.0,0.2425,0.2425,1000.0,2,0.0,0.0,0.0,0.0
1408,1408,1,1.0,0.0,0.2425,1.0289831145358994,1000.0,2,0.0,0.0,0.0,0.0
1409,1409,1,0.0,0.0,0.245,0.245,1000.0,2,0.0,0.0,0.0,0.0
1410,1410,1,1.0,0.0,0.245,1.0295751551003938,1000.0,2,0.0,0.0,0.0,0.0
1411,1411,1,0.0,0.0,0.2475,0.2475,1000.0,2,0.0,0.0,0.0,0.0
1412,1412,1,1.0,0.0,0.2475,1.0301729223775977,1000.0,2,0.0,0.0,0.0,0.0
1413,1413,1,0.0,0.0,0.25,0.25,1000.0,2,0.0,0.0,0.0,0.0
1414,1414,1,1.0,0.0,0.25,1.0307764064044151,1000.0,2,0.0,0.0,0.0,0.0
1415,1415,1,0.0,0.0,0.2525,0.2525,1000.0,2,0.0,0.0,0.0,0.0
1416,1416,1,1.0,0.0,0.2525,1.0313855971458976,1000.0,2,0.0,0.0,0.0,0.0
1417,1417,1,0.0,0.0,0.255,0.255,1000.0,2,0.0,0.0,0.0,0.0
1418,1418,1,1.0,0.0,0.255,1.0320004844960102,1000.0,2,0.0,0.0,0.0,0.0
1419,1419,1,0.0,0.0,0.2575,0.2575,1000.0,2,0.0,0.0,0.0,0.0
1420,1420,1,1.0,0.0,0.2575,1.0326210582783986,1000.0,2,0.0,0.0,0.0,0.0
1421,1421,1,0.0,0.0,0.26,0.26,1000.0,2,0.0,0.0,0.0,0.0
1422,1422,1,1.0,0.0,0.26,1.0332473082471592,1000.0,2,0.0,0.0,0.0,0.0
1423,1423,1,0.0,0.0,0.2625,0.2625,1000.0,2,0.0,0.0,0.0,0.0
1424,1424,1,1.0,0.0,0.2625,1.0338792240876107,1000.0,2,0.0,0.0,0.0,0.0
1425,1425,1,0.0,0.0,0.265,0.265,1000.0,2,0.0,0.0,0.0,0.0
1426,1426,1,1.0,0.0,0.265,1.0345167954170682,1000.0,2,0.0,0.0,0.0,0.0
1427,1427,1,0.0,0.0,0.2675,0.2675,1000.0,2,0.0,0.0,0.0,0.0
1428,1428,1,1.0,0.0,0.2675,1.0351600117856177,1000.0,2,0.0,0.0,0.0,0.0
1429,1429,1,0.0,0.0,0.27,0.27,1000.0,2,0.0,0.0,0.0,0.0
1430,1430,1,1.0,0.0,0.27,1.0358088626768938,1000.0,2,0.0,0.0,0.0,0.0
1431,1431,1,0.0,0.0,0.2725,0.2725,1000.0,2,0.0,0.0,0.0,0.0
1432,1432,1,1.0,0.0,0.2725,1.0364633375088574,1000.0,2,0.0,0.0,0.0,0.0
1433,1433,1,0.0,0.0,0.275,0.275,1000.0,2,0.0,0.0,0.0,0.0
1434,1434,1,1.0,0.0,0.275,1.037123425634577,1000.0,2,0.0,0.0,0.0,0.0
1435,1435,1,0.0,0.0,0.2775,0.2775,1000.0,2,0.0,0.0,0.0,0.0
1436,1436,1,1.0,0.0,0.2775,1.0377891163430073,1000.0,2,0.0,0.0,0.0,0.0
1437,1437,1,0.0,0.0,0.28,0.28,1000.0,2,0.0,0.0,0.0,0.0
1438,1438,1,1.0,0.0,0.28,1.0384603988597736,1000.0,2,0.0,0.0,0.0,0.0
1439,1439,1,0.0,0.0,0.2825,0.2825,1000.0,2,0.0,0.0,0.0,0.0
1440,1440,1,1.0,0.0,0.2825,1.0391372623479538,1000.0,2,0.0,0.0,0.0,0.0
1441,1441,1,0.0,0.0,0.285,0.285,1000.0,2,0.0,0.0,0.0,0.0
1442,1442,1,1.0,0.0,0.285,1.0398196959088628,1000.0,2,0.0,0.0,0.0,0.0
1443,1443,1,0.0,0.0,0.2875,0.2875,1000.0,2,0.0,0.0,0.0,0.0
1444,1444,1,1.0,0.0,0.2875,1.040507688582838,1000.0,2,0.0,0.0,0.0,0.0
1445,1445,1,0.0,0.0,0.29,0.29,1000.0,2,0.0,0.0,0.0,0.0
1446,1446,1,1.0,0.0,0.29,1.0412012293500235,1000.0,2,0.0,0.0,0.0,0.0
1447,1447,1,0.0,0.0,0.2925,0.2925,1000.0,2,0.0,0.0,0.0,0.0
1448,1448,1,1.0,0.0,0.2925,1.0419003071311574,1000.0,2,0.0,0.0,0.0,0.0
1449,1449,1,0.0,0.0,0.295,0.295,1000.0,2,0.0,0.0,0.0,0.0
1450,1450,1,1.0,0.0,0.295,1.042604910788358,1000.0,2,0.0,0.0,0.0,0.0
1451,1451,1,0.0,0.0,0.2975,0.2975,1000.0,2,0.0,0.0,0.0,0.0
1452,1452,1,1.0,0.0,0.2975,1.0433150291259108,1000.0,2,0.0,0.0,0.0,0.0
1453,1453,1,0.0,0.0,0.3,0.3,1000.0,2,0.0,0.0,0.0,0.0
1454,1454,1,1.0,0.0,0.3,1.044030650891055,1000.0,2,0.0,0.0,0.0,0.0
1455,1455,1,0.0,0.0,0.3025,0.3025,1000.0,2,0.0,0.0,0.0,0.0
1456,1456,1,1.0,0.0,0.3025,1.0447517647747717,1000.0,2,0.0,0.0,0.0,0.0
1457,1457,1,0.0,0.0,0.305,0.305,1000.0,2,0.0,0.0,0.0,0.0
1458,1458,1,1.0,0.0,0.305,1.0454783594125705,1000.0,2,0.0,0.0,0.0,0.0
1459,1459,1,0.0,0.0,0.3075,0.3075,1000.0,2,0.0,0.0,0.0,0.0
1460,1460,1,1.0,0.0,0.3075,1.0462104233852767,1000.0,2,0.0,0.0,0.0,0.0
1461,1461,1,0.0,0.0,0.31,0.31,1000.0,2,0.0,0.0,0.0,0.0
1462,1462,1,1.0,0.0,0.31,1.0469479452198185,1000.0,2,0.0,0.0,0.0,0.0
1463,1463,1,0.0,0.0,0.3125,0.3125,1000.0,2,0.0,0.0,0.0,0.0
1464,1464,1,1.0,0.0,0.3125,1.0476909133900132,1000.0,2,0.0,0.0,0.0,0.0
1465,1465,1,0.0,0.0,0.315,0.315,1000.0,2,0.0,0.0,0.0,0.0
1466,1466,1,1.0,0.0,0.315,1.0484393163173538,1000.0,2,0.0,0.0,0.0,0.0
1467,1467,1,0.0,0.0,0.3175,0.3175,1000.0,2,0.0,0.0,0.0,0.0
1468,1468,1,1.0,0.0,0.3175,1.0491931423717942,1000.0,2,0.0,0.0,0.0,0.0
1469,1469,1,0.0,0.0,0.32,0.32,1000.0,2,0.0,0.0,0.0,0.0
1470,1470,1,1.0,0.0,0.32,1.049952379872535,1000.0,2,0.0,0.0,0.0,0.0
1471,1471,1,0.0,0.0,0.3225,0.3225,1000.0,2,0.0,0.0,0.0,0.0
1472,1472,1,1.0,0.0,0.3225,1.050717017088807,1000.0,2,0.0,0.0,0.0,0.0
1473,1473,1,0.0,0.0,0.325,0.325,1000.0,2,0.0,0.0,0.0,0.0
1474,1474,1,1.0,0.0,0.325,1.0514870422406546,1000.0,2,0.0,0.0,0.0,0.0
1475,1475,1,0.0,0.0,0.3275,0.3275,1000.0,2,0.0,0.0,0.0,0.0
1476,1476,1,1.0,0.0,0.3275,1.0522624434997194,1000.0,2,0.0,0.0,0.0,0.0
1477,1477,1,0.0,0.0,0.33,0.33,1000.0,2,0.0,0.0,0.0,0.0
1478,1478,1,1.0,0.0,0.33,1.0530432089900206,1000.0,2,0.0,0.0,0.0,0.0
1479,1479,1,0.0,0.0,0.3325,0.3325,1000.0,2,0.0,0.0,0.0,0.0
1480,1480,1,1.0,0.0,0.3325,1.0538293267887358,1000.0,2,0.0,0.0,0.0,0.0
1481,1481,1,0.0,0.0,0.335,0.335,1000.0,2,0.0,0.0,0.0,0.0
1482,1482,1,1.0,0.0,0.335,1.0546207849269802,1000.0,2,0.0,0.0,0.0,0.0
1483,1483,1,0.0,0.0,0.3375,0.3375,1000.0,2,0.0,0.0,0.0,0.0
1484,1484,1,1.0,0.0,0.3375,1.0554175713905847,1000.0,2,0.0,0.0,0.0,0.0
1485,1485,1,0.0,0.0,0.34,0.34,1000.0,2,0.0,0.0,0.0,0.0
1486,1486,1,1.0,0.0,0.34,1.0562196741208714,1000.0,2,0.0,0.0,0.0,0.0
1487,1487,1,0.0,0.0,0.3425,0.3425,1000.0,2,0.0,0.0,0.0,0.0
1488,1488,1,1.0,0.0,0.3425,1.0570270810154299,1000.0,2,0.0,0.0,0.0,0.0
1489,1489,1,0.0,0.0,0.345,0.345,1000.0,2,0.0,0.0,0.0,0.0
1490,1490,1,1.0,0.0,0.345,1.0578397799288888,1000.0,2,0.0,0.0,0.0,0.0
1491,1491,1,0.0,0.0,0.3475,0.3475,1000.0,2,0.0,0.0,0.0,0.0
1492,1492,1,1.0,0.0,0.3475,1.0586577586736896,1000.0,2,0.0,0.0,0.0,0.0
1493,1493,1,0.0,0.0,0.35,0.35,1000.0,2,0.0,0.0,0.0,0.0
1494,1494,1,1.0,0.0,0.35,1.0594810050208545,1000.0,2,0.0,0.0,0.0,0.0
1495,1495,1,0.0,0.0,0.3525,0.3525,1000.0,2,0.0,0.0,0.0,0.0
1496,1496,1,1.0,0.0,0.3525,1.0603095067007557,1000.0,2,0.0,0.0,0.0,0.0
1497,1497,1,0.0,0.0,0.355,0.355,1000.0,2,0.0,0.0,0.0,0.0
1498,1498,1,1.0,0.0,0.355,1.061143251403881,1000.0,2,0.0,0.0,0.0,0.0
1499,1499,1,0.0,0.0,0.3575,0.3575,1000.0,2,0.0,0.0,0.0,0.0
1500,1500,1,1.0,0.0,0.3575,1.0619822267815973,1000.0,2,0.0,0.0,0.0,0.0
1501,1501,1,0.0,0.0,0.36,0.36,1000.0,2,0.0,0.0,0.0,0.0
1502,1502,1,1.0,0.0,0.36,1.0628264204469138,1000.0,2,0.0,0.0,0.0,0.0
1503,1503,1,0.0,0.0,0.3625,0.3625,1000.0,2,0.0,0.0,0.0,0.0
1504,1504,1,1.0,0.0,0.3625,1.0636758199752403,1000.0,2,0.0,0.0,0.0,0.0
1505,1505,1,0.0,0.0,0.365,0.365,1000.0,2,0.0,0.0,0.0,0.0
1506,1506,1,1.0,0.0,0.365,1.0645304129051456,1000.0,2,0.0,0.0,0.0,0.0
1507,1507,1,0.0,0.0,0.3675,0.3675,1000.0,2,0.0,0.0,0.0,0.0
1508,1508,1,1.0,0.0,0.3675,1.065390186739112,1000.0,2,0.0,0.0,0.0,0.0
1509,1509,1,0.0,0.0,0.37,0.37,1000.0,2,0.0,0.0,0.0,0.0
1510,1510,1,1.0,0.0,0.37,1.0662551289442879,1000.0,2,0.0,0.0,0.0,0.0
1511,1511,1,0.0,0.0,0.3725,0.3725,1000.0,2,0.0,0.0,0.0,0.0
1512,1512,1,1.0,0.0,0.3725,1.067125226953238,1000.0,2,0.0,0.0,0.0,0.0
1513,1513,1,0.0,0.0,0.375,0.375,1000.0,2,0.0,0.0,0.0,0.0
1514,1514,1,1.0,0.0,0.375,1.0680004681646913,1000.0,2,0.0,0.0,0.0,0.0
1515,1515,1,0.0,0.0,0.3775,0.3775,1000.0,2,0.0,0.0,0.0,0.0
1516,1516,1,1.0,0.0,0.3775,1.0688808399442848,1000.0,2,0.0,0.0,0.0,0.0
1517,1517,1,0.0,0.0,0.38,0.38,1000.0,2,0.0,0.0,0.0,0.0
1518,1518,1,1.0,0.0,0.38,1.0697663296253066,1000.0,2,0.0,0.0,0.0,0.0
1519,1519,1,0.0,0.0,0.3825,0.3825,1000.0,2,0.0,0.0,0.0,0.0
1520,1520,1,1.0,0.0,0.3825,1.0706569245094342,1000.0,2,0.0,0.0,0.0,0.0
1521,1521,1,0.0,0.0,0.385,0.385,1000.0,2,0.0,0.0,0.0,0.0
1522,1522,1,1.0,0.0,0.385,1.0715526118674714,1000.0,2,0.0,0.0,0.0,0.0
1523,1523,1,0.0,0.0,0.3875,0.3875,1000.0,2,0.0,0.0,0.0,0.0
1524,1524,1,1.0,0.0,0.3875,1.0724533789400823,1000.0,2,0.0,0.0,0.0,0.0
1525,1525,1,0.0,0.0,0.39,0.39,1000.0,2,0.0,0.0,0.0,0.0
1526,1526,1,1.0,0.0,0.39,1.0733592129385203,1000.0,2,0.0,0.0,0.0,0.0
1527,1527,1,0.0,0.0,0.3925,0.3925,1000.0,2,0.0,0.0,0.0,0.0
1528,1528,1,1.0,0.0,0.3925,1.0742701010453564,1000.0,2,0.0,0.0,0.0,0.0
1529,1529,1,0.0,0.0,0.395,0.395,1000.0,2,0.0,0.0,0.0,0.0
1530,1530,1,1.0,0.0,0.395,1.075186030415202,1000.0,2,0.0,0.0,0.0,0.0
1531,1531,1,0.0,0.0,0.3975,0.3975,1000.0,2,0.0,0.0,0.0,0.0
1532,1532,1,1.0,0.0,0.3975,1.0761069881754324,1000.0,2,0.0,0.0,0.0,0.0
1533,1533,1,0.0,0.0,0.4,0.4,1000.0,2,0.0,0.0,0.0,0.0
1534,1534,1,1.0,0.0,0.4,1.077032961426901,1000.0,2,0.0,0.0,0.0,0.0
1535,1535,1,0.0,0.0,0.4025,0.4025,1000.0,2,0.0,0.0,0.0,0.0
1536,1536,1,1.0,0.0,0.4025,1.0779639372446557,1000.0,2,0.0,0.0,0.0,0.0
1537,1537,1,0.0,0.0,0.405,0.405,1000.0,2,0.0,0.0,0.0,0.0
1538,1538,1,1.0,0.0,0.405,1.0788999026786499,1000.0,2,0.0,0.0,0.0,0.0
1539,1539,1,0.0,0.0,0.4075,0.4075,1000.0,2,0.0,0.0,0.0,0.0
1540,1540,1,1.0,0.0,0.4075,1.079840844754448,1000.0,2,0.0,0.0,0.0,0.0
1541,1541,1,0.0,0.0,0.41,0.41,1000.0,2,0.0,0.0,0.0,0.0
1542,1542,1,1.0,0.0,0.41,1.0807867504739312,1000.0,2,0.0,0.0,0.0,0.0
1543,1543,1,0.0,0.0,0.4125,0.4125,1000.0,2,0.0,0.0,0.0,0.0
1544,1544,1,1.0,0.0,0.4125,1.0817376068159967,1000.0,2,0.0,0.0,0.0,0.0
1545,1545,1,0.0,0.0,0.415,0.415,1000.0,2,0.0,0.0,0.0,0.0
1546,1546,1,1.0,0.0,0.415,1.082693400737254,1000.0,2,0.0,0.0,0.0,0.0
1547,1547,1,0.0,0.0,0.4175,0.4175,1000.0,2,0.0,0.0,0.0,0.0
1548,1548,1,1.0,0.0,0.4175,1.0836541191727183,1000.0,2,0.0,0.0,0.0,0.0
1549,1549,1,0.0,0.0,0.42,0.42,1000.0,2,0.0,0.0,0.0,0.0
1550,1550,1,1.0,0.0,0.42,1.0846197490365,1000.0,2,0.0,0.0,0.0,0.0
1551,1551,1,0.0,0.0,0.4225,0.4225,1000.0,2,0.0,0.0,0.0,0.0
1552,1552,1,1.0,0.0,0.4225,1.0855902772224888,1000.0,2,0.0,0.0,0.0,0.0
1553,1553,1,0.0,0.0,0.425,0.425,1000.0,2,0.0,0.0,0.0,0.0
1554,1554,1,1.0,0.0,0.425,1.0865656906050365,1000.0,2,0.0,0.0,0.0,0.0
1555,1555,1,0.0,0.0,0.4275,0.4275,1000.0,2,0.0,0.0,0.0,0.0
1556,1556,1,1.0,0.0,0.4275,1.087545976039634,1000.0,2,0.0,0.0,0.0,0.0
1557,1557,1,0.0,0.0,0.43,0.43,1000.0,2,0.0,0.0,0.0,0.0
1558,1558,1,1.0,0.0,0.43,1.0885311203635843,1000.0,2,0.0,0.0,0.0,0.0
1559,1559,1,0.0,0.0,0.4325,0.4325,1000.0,2,0.0,0.0,0.0,0.0
1560,1560,1,1.0,0.0,0.4325,1.0895211103966733,1000.0,2,0.0,0.0,0.0,0.0
1561,1561,1,0.0,0.0,0.435,0.435,1000.0,2,0.0,0.0,0.0,0.0
1562,1562,1,1.0,0.0,0.435,1.0905159329418346,1000.0,2,0.0,0.0,0.0,0.0
1563,1563,1,0.0,0.0,0.4375,0.4375,1000.0,2,0.0,0.0,0.0,0.0
1564,1564,1,1.0,0.0,0.4375,1.0915155747858112,1000.0,2,0.0,0.0,0.0,0.0
1565,1565,1,0.0,0.0,0.44,0.44,1000.0,2,0.0,0.0,0.0,0.0
1566,1566,1,1.0,0.0,0.44,1.092520022699813,1000.0,2,0.0,0.0,0.0,0.0
1567,1567,1,0.0,0.0,0.4425,0.4425,1000.0,2,0.0,0.0,0.0,0.0
1568,1568,1,1.0,0.0,0.4425,1.0935292634401697,1000.0,2,0.0,0.0,0.0,0.0
1569,1569,1,0.0,0.0,0.445,0.445,1000.0,2,0.0,0.0,0.0,0.0
1570,1570,1,1.0,0.0,0.445,1.09454328374898,1000.0,2,0.0,0.0,0.0,0.0
1571,1571,1,0.0,0.0,0.4475,0.4475,1000.0,2,0.0,0.0,0.0,0.0
1572,1572,1,1.0,0.0,0.4475,1.0955620703547564,1000.0,2,0.0,0.0,0.0,0.0
1573,1573,1,0.0,0.0,0.45,0.45,1000.0,2,0.0,0.0,0.0,0.0
1574,1574,1,1.0,0.0,0.45,1.0965856099730655,1000.0,2,0.0,0.0,0.0,0.0
1575,1575,1,0.0,0.0,0.4525,0.4525,1000.0,2,0.0,0.0,0.0,0.0
1576,1576,1,1.0,0.0,0.4525,1.0976138893071643,1000.0,2,0.0,0.0,0.0,0.0
1577,1577,1,0.0,0.0,0.455,0.455,1000.0,2,0.0,0.0,0.0,0.0
1578,1578,1,1.0,0.0,0.455,1.098646895048632,1000.0,2,0.0,0.0,0.0,0.0
1579,1579,1,0.0,0.0,0.4575,0.4575,1000.0,2,0.0,0.0,0.0,0.0
1580,1580,1,1.0,0.0,0.4575,1.0996846138779972,1000.0,2,0.0,0.0,0.0,0.0
1581,1581,1,0.0,0.0,0.46,0.46,1000.0,2,0.0,0.0,0.0,0.0
1582,1582,1,1.0,0.0,0.46,1.100727032465361,1000.0,2,0.0,0.0,0.0,0.0
1583,1583,1,0.0,0.0,0.4625,0.4625,1000.0,2,0.0,0.0,0.0,0.0
1584,1584,1,1.0,0.0,0.4625,1.1017741374710155,1000.0,2,0.0,0.0,0.0,0.0
1585,1585,1,0.0,0.0,0.465,0.465,1000.0,2,0.0,0.0,0.0,0.0
1586,1586,1,1.0,0.0,0.465,1.1028259155460576,1000.0,2,0.0,0.0,0.0,0.0
1587,1587,1,0.0,0.0,0.4675,0.4675,1000.0,2,0.0,0.0,0.0,0.0
1588,1588,1,1.0,0.0,0.4675,1.103882353332999,1000.0,2,0.0,0.0,0.0,0.0
1589,1589,1,0.0,0.0,0.47,0.47,1000.0,2,0.0,0.0,0.0,0.0
1590,1590,1,1.0,0.0,0.47,1.104943437466371,1000.0,2,0.0,0.0,0.0,0.0
1591,1591,1,0.0,0.0,0.4725,0.4725,1000.0,2,0.0,0.0,0.0,0.0
1592,1592,1,1.0,0.0,0.4725,1.1060091545733244,1000.0,2,0.0,0.0,0.0,0.0
1593,1593,1,0.0,0.0,0.475,0.475,1000.0,2,0.0,0.0,0.0,0.0
1594,1594,1,1.0,0.0,0.475,1.1070794912742263,1000.0,2,0.0,0.0,0.0,0.0
1595,1595,1,0.0,0.0,0.4775,0.4775,1000.0,2,0.0,0.0,0.0,0.0
1596,1596,1,1.0,0.0,0.4775,1.1081544341832505,1000.0,2,0.0,0.0,0.0,0.0
1597,1597,1,0.0,0.0,0.48,0.48,1000.0,2,0.0,0.0,0.0,0.0
1598,1598,1,1.0,0.0,0.48,1.1092339699089637,1000.0,2,0.0,0.0,0.0,0.0
1599,1599,1,0.0,0.0,0.4825,0.4825,1000.0,2,0.0,0.0,0.0,0.0
1600,1600,1,1.0,0.0,0.4825,1.1103180850549088,1000.0,2,0.0,0.0,0.0,0.0
1601,1601,1,0.0,0.0,0.485,0.485,1000.0,2,0.0,0.0,0.0,0.0
1602,1602,1,1.0,0.0,0.485,1.111406766220181,1000.0,2,0.0,0.0,0.0,0.0
1603,1603,1,0.0,0.0,0.4875,0.4875,1000.0,2,0.0,0.0,0.0,0.0
1604,1604,1,1.0,0.0,0.4875,1.1125,1000.0,2,0.0,0.0,0.0,0.0
1605,1605,1,0.0,0.0,0.49,0.49,1000.0,2,0.0,0.0,0.0,0.0
1606,1606,1,1.0,0.0,0.49,1.113597772986279,1000.0,2,0.0,0.0,0.0,0.0
1607,1607,1,0.0,0.0,0.4925,0.4925,1000.0,2,0.0,0.0,0.0,0.0
1608,1608,1,1.0,0.0,0.4925,1.1147000717681865,1000.0,2,0.0,0.0,0.0,0.0
1609,1609,1,0.0,0.0,0.495,0.495,1000.0,2,0.0,0.0,0.0,0.0
1610,1610,1,1.0,0.0,0.495,1.1158068829327055,1000.0,2,0.0,0.0,0.0,0.0
1611,1611,1,0.0,0.0,0.4975,0.4975,1000.0,2,0.0,0.0,0.0,0.0
1612,1612,1,1.0,0.0,0.4975,1.116918193065186,1000.0,2,0.0,0.0,0.0,0.0
1613,1613,1,0.0,0.0,0.5,0.5,1000.0,2,0.0,0.0,0.0,0.0
1614,1614,1,1.0,0.0,0.5,1.118033988749895,1000.0,2,0.0,0.0,0.0,0.0
1615,1615,1,0.0,0.0,0.5025,0.5025,1000.0,2,0.0,0.0,0.0,0.0
1616,1616,1,1.0,0.0,0.5025,1.1191542565705588,1000.0,2,0.0,0.0,0.0,0.0
1617,1617,1,0.0,0.0,0.505,0.505,1000.0,2,0.0,0.0,0.0,0.0
1618,1618,1,1.0,0.0,0.505,1.1202789831109035,1000.0,2,0.0,0.0,0.0,0.0
1619,1619,1,0.0,0.0,0.5075,0.5075,1000.0,2,0.0,0.0,0.0,0.0
1620,1620,1,1.0,0.0,0.5075,1.1214081549551884,1000.0,2,0.0,0.0,0.0,0.0
1621,1621,1,0.0,0.0,0.51,0.51,1000.0,2,0.0,0.0,0.0,0.0
1622,1622,1,1.0,0.0,0.51,1.1225417586887358,1000.0,2,0.0,0.0,0.0,0.0
1623,1623,1,0.0,0.0,0.5125,0.5125,1000.0,2,0.0,0.0,0.0,0.0
1624,1624,1,1.0,0.0,0.5125,1.123679780898455,1000.0,2,0.0,0.0,0.0,0.0
1625,1625,1,0.0,0.0,0.515,0.515,1000.0,2,0.0,0.0,0.0,0.0
1626,1626,1,1.0,0.0,0.515,1.1248222081733628,1000.0,2,0.0,0.0,0.0,0.0
1627,1627,1,0.0,0.0,0.5175,0.5175,1000.0,2,0.0,0.0,0.0,0.0
1628,1628,1,1.0,0.0,0.5175,1.1259690271050975,1000.0,2,0.0,0.0,0.0,0.0
1629,1629,1,0.0,0.0,0.52,0.52,1000.0,2,0.0,0.0,0.0,0.0
1630,1630,1,1.0,0.0,0.52,1.1271202242884297,1000.0,2,0.0,0.0,0.0,0.0
1631,1631,1,0.0,0.0,0.5225,0.5225,1000.0,2,0.0,0.0,0.0,0.0
1632,1632,1,1.0,0.0,0.5225,1.1282757863217663,1000.0,2,0.0,0.0,0.0,0.0
1633,1633,1,0.0,0.0,0.525,0.525,1000.0,2,0.0,0.0,0.0,0.0
1634,1634,1,1.0,0.0,0.525,1.1294356998076518,1000.0,2,0.0,0.0,0.0,0.0
1635,1635,1,0.0,0.0,0.5275,0.5275,1000.0,2,0.0,0.0,0.0,0.0
1636,1636,1,1.0,0.0,0.5275,1.1305999513532627,1000.0,2,0.0,0.0,0.0,0.0
1637,1637,1,0.0,0.0,0.53,0.53,1000.0,2,0.0,0.0,0.0,0.0
1638,1638,1,1.0,0.0,0.53,1.1317685275708986,1000.0,2,0.0,0.0,0.0,0.0
1639,1639,1,0.0,0.0,0.5325,0.5325,1000.0,2,0.0,0.0,0.0,0.0
1640,1640,1,1.0,0.0,0.5325,1.1329414150784674,1000.0,2,0.0,0.0,0.0,0.0
1641,1641,1,0.0,0.0,0.535,0.535,1000.0,2,0.0,0.0,0.0,0.0
1642,1642,1,1.0,0.0,0.535,1.1341186004999653,1000.0,2,0.0,0.0,0.0,0.0
1643,1643,1,0.0,0.0,0.5375,0.5375,1000.0,2,0.0,0.0,0.0,0.0
1644,1644,1,1.0,0.0,0.5375,1.135300070465954,1000.0,2,0.0,0.0,0.0,0.0
1645,1645,1,0.0,0.0,0.54,0.54,1000.0,2,0.0,0.0,0.0,0.0
1646,1646,1,1.0,0.0,0.54,1.1364858116140297,1000.0,2,0.0,0.0,0.0,0.0
1647,1647,1,0.0,0.0,0.5425,0.5425,1000.0,2,0.0,0.0,0.0,0.0
1648,1648,1,1.0,0.0,0.5425,1.1376758105892908,1000.0,2,0.0,0.0,0.0,0.0
1649,1649,1,0.0,0.0,0.545,0.545,1000.0,2,0.0,0.0,0.0,0.0
1650,1650,1,1.0,0.0,0.545,1.1388700540447976,1000.0,2,0.0,0.0,0.0,0.0
1651,1651,1,0.0,0.0,0.5475,0.5475,1000.0,2,0.0,0.0,0.0,0.0
1652,1652,1,1.0,0.0,0.5475,1.1400685286420287,1000.0,2,0.0,0.0,0.0,0.0
1653,1653,1,0.0,0.0,0.55,0.55,1000.0,2,0.0,0.0,0.0,0.0
1654,1654,1,1.0,0.0,0.55,1.1412712210513327,1000.0,2,0.0,0.0,0.0,0.0
1655,1655,1,0.0,0.0,0.5525,0.5525,1000.0,2,0.0,0.0,0.0,0.0
1656,1656,1,1.0,0.0,0.5525,1.1424781179523746,1000.0,2,0.0,0.0,0.0,0.0
1657,1657,1,0.0,0.0,0.555,0.555,1000.0,2,0.0,0.0,0.0,0.0
1658,1658,1,1.0,0.0,0.555,1.1436892060345765,1000.0,2,0.0,0.0,0.0,0.0
1659,1659,1,0.0,0.0,0.5575,0.5575,1000.0,2,0.0,0.0,0.0,0.0
1660,1660,1,1.0,0.0,0.5575,1.144904471997555,1000.0,2,0.0,0.0,0.0,0.0
1661,1661,1,0.0,0.0,0.56,0.56,1000.0,2,0.0,0.0,0.0,0.0
1662,1662,1,1.0,0.0,0.56,1.1461239025515524,1000.0,2,0.0,0.0,0.0,0.0
1663,1663,1,0.0,0.0,0.5625,0.5625,1000.0,2,0.0,0.0,0.0,0.0
1664,1664,1,1.0,0.0,0.5625,1.1473474844178637,1000.0,2,0.0,0.0,0.0,0.0
1665,1665,1,0.0,0.0,0.565,0.565,1000.0,2,0.0,0.0,0.0,0.0
1666,1666,1,1.0,0.0,0.565,1.1485752043292594,1000.0,2,0.0,0.0,0.0,0.0
1667,1667,1,0.0,0.0,0.5675,0.5675,1000.0,2,0.0,0.0,0.0,0.0
1668,1668,1,1.0,0.0,0.5675,1.1498070490304013,1000.0,2,0.0,0.0,0.0,0.0
1669,1669,1,0.0,0.0,0.57,0.57,1000.0,2,0.0,0.0,0.0,0.0
1670,1670,1,1.0,0.0,0.57,1.1510430052782563,1000.0,2,0.0,0.0,0.0,0.0
1671,1671,1,0.0,0.0,0.5725,0.5725,1000.0,2,0.0,0.0,0.0,0.0
1672,1672,1,1.0,0.0,0.5725,1.1522830598425025,1000.0,2,0.0,0.0,0.0,0.0
1673,1673,1,0.0,0.0,0.575,0.575,1000.0,2,0.0,0.0,0.0,0.0
1674,1674,1,1.0,0.0,0.575,1.1535271995059326,1000.0,2,0.0,0.0,0.0,0.0
1675,1675,1,0.0,0.0,0.5775,0.5775,1000.0,2,0.0,0.0,0.0,0.0
1676,1676,1,1.0,0.0,0.5775,1.154775411064853,1000.0,2,0.0,0.0,0.0,0.0
1677,1677,1,0.0,0.0,0.58,0.58,1000.0,2,0.0,0.0,0.0,0.0
1678,1678,1,1.0,0.0,0.58,1.156027681329474,1000.0,2,0.0,0.0,0.0,0.0
1679,1679,1,0.0,0.0,0.5825,0.5825,1000.0,2,0.0,0.0,0.0,0.0
1680,1680,1,1.0,0.0,0.5825,1.1572839971243014,1000.0,2,0.0,0.0,0.0,0.0
1681,1681,1,0.0,0.0,0.585,0.585,1000.0,2,0.0,0.0,0.0,0.0
1682,1682,1,1.0,0.0,0.585,1.1585443452885176,1000.0,2,0.0,0.0,0.0,0.0
1683,1683,1,0.0,0.0,0.5875,0.5875,1000.0,2,0.0,0.0,0.0,0.0
1684,1684,1,1.0,0.0,0.5875,1.159808712676362,1000.0,2,0.0,0.0,0.0,0.0
1685,1685,1,0.0,0.0,0.59,0.59,1000.0,2,0.0,0.0,0.0,0.0
1686,1686,1,1.0,0.0,0.59,1.1610770861575042,1000.0,2,0.0,0.0,0.0,0.0
1687,1687,1,0.0,0.0,0.5925,0.5925,1000.0,2,0.0,0.0,0.0,0.0
1688,1688,1,1.0,0.0,0.5925,1.1623494526174132,1000.0,2,0.0,0.0,0.0,0.0
1689,1689,1,0.0,0.0,0.595,0.595,1000.0,2,0.0,0.0,0.0,0.0
1690,1690,1,1.0,0.0,0.595,1.1636257989577234,1000.0,2,0.0,0.0,0.0,0.0
1691,1691,1,0.0,0.0,0.5975,0.5975,1000.0,2,0.0,0.0,0.0,0.0
1692,1692,1,1.0,0.0,0.5975,1.164906112096593,1000.0,2,0.0,0.0,0.0,0.0
1693,1693,1,0.0,0.0,0.6,0.6,1000.0,2,0.0,0.0,0.0,0.0
1694,1694,1,1.0,0.0,0.6,1.16619037896906,1000.0,2,0.0,0.0,0.0,0.0
1695,1695,1,0.0,0.0,0.6025,0.6025,1000.0,2,0.0,0.0,0.0,0.0
1696,1696,1,1.0,0.0,0.6025,1.1674785865273931,1000.0,2,0.0,0.0,0.0,0.0
1697,1697,1,0.0,0.0,0.605,0.605,1000.0,2,0.0,0.0,0.0,0.0
1698,1698,1,1.0,0.0,0.605,1.1687707217414371,1000.0,2,0.0,0.0,0.0,0.0
1699,1699,1,0.0,0.0,0.6075,0.6075,1000.0,2,0.0,0.0,0.0,0.0
1700,1700,1,1.0,0.0,0.6075,1.1700667715989546,1000.0,2,0.0,0.0,0.0,0.0
1701,1701,1,0.0,0.0,0.61,0.61,1000.0,2,0.0,0.0,0.0,0.0
1702,1702,1,1.0,0.0,0.61,1.1713667231059623,1000.0,2,0.0,0.0,0.0,0.0
1703,1703,1,0.0,0.0,0.6125,0.6125,1000.0,2,0.0,0.0,0.0,0.0
1704,1704,1,1.0,0.0,0.6125,1.172670563287064,1000.0,2,0.0,0.0,0.0,0.0
1705,1705,1,0.0,0.0,0.615,0.615,1000.0,2,0.0,0.0,0.0,0.0
1706,1706,1,1.0,0.0,0.615,1.1739782791857778,1000.0,2,0.0,0.0,0.0,0.0
1707,1707,1,0.0,0.0,0.6175,0.6175,1000.0,2,0.0,0.0,0.0,0.0
1708,1708,1,1.0,0.0,0.6175,1.175289857864859,1000.0,2,0.0,0.0,0.0,0.0
1709,1709,1,0.0,0.0,0.62,0.62,1000.0,2,0.0,0.0,0.0,0.0
1710,1710,1,1.0,0.0,0.62,1.1766052864066183,1000.0,2,0.0,0.0,0.0,0.0
1711,1711,1,0.0,0.0,0.6225,0.6225,1000.0,2,0.0,0.0,0.0,0.0
1712,1712,1,1.0,0.0,0.6225,1.1779245519132369,1000.0,2,0.0,0.0,0.0,0.0
1713,1713,1,0.0,0.0,0.625,0.625,1000.0,2,0.0,0.0,0.0,0.0
1714,1714,1,1.0,0.0,0.625,1.1792476415070754,1000.0,2,0.0,0.0,0.0,0.0
1715,1715,1,0.0,0.0,0.6275,0.6275,1000.0,2,0.0,0.0,0.0,0.0
1716,1716,1,1.0,0.0,0.6275,1.1805745423309788,1000.0,2,0.0,0.0,0.0,0.0
1717,1717,1,0.0,0.0,0.63,0.63,1000.0,2,0.0,0.0,0.0,0.0
1718,1718,1,1.0,0.0,0.63,1.181905241548577,1000.0,2,0.0,0.0,0.0,0.0
1719,1719,1,0.0,0.0,0.6325,0.6325,1000.0,2,0.0,0.0,0.0,0.0
1720,1720,1,1.0,0.0,0.6325,1.1832397263445815,1000.0,2,0.0,0.0,0.0,0.0
1721,1721,1,0.0,0.0,0.635,0.635,1000.0,2,0.0,0.0,0.0,0.0
1722,1722,1,1.0,0.0,0.635,1.184577983925077,1000.0,2,0.0,0.0,0.0,0.0
1723,1723,1,0.0,0.0,0.6375,0.6375,1000.0,2,0.0,0.0,0.0,0.0
1724,1724,1,1.0,0.0,0.6375,1.1859200015178089,1000.0,2,0.0,0.0,0.0,0.0
1725,1725,1,0.0,0.0,0.64,0.64,1000.0,2,0.0,0.0,0.0,0.0
1726,1726,1,1.0,0.0,0.64,1.1872657663724664,1000.0,2,0.0,0.0,0.0,0.0
1727,1727,1,0.0,0.0,0.6425,0.6425,1000.0,2,0.0,0.0,0.0,0.0
1728,1728,1,1.0,0.0,0.6425,1.188615265760961,1000.0,2,0.0,0.0,0.0,0.0
1729,1729,1,0.0,0.0,0.645,0.645,1000.0,2,0.0,0.0,0.0,0.0
1730,1730,1,1.0,0.0,0.645,1.1899684869777014,1000.0,2,0.0,0.0,0.0,0.0
1731,1731,1,0.0,0.0,0.6475,0.6475,1000.0,2,0.0,0.0,0.0,0.0
1732,1732,1,1.0,0.0,0.6475,1.1913254173398635,1000.0,2,0.0,0.0,0.0,0.0
1733,1733,1,0.0,0.0,0.65,0.65,1000.0,2,0.0,0.0,0.0,0.0
1734,1734,1,1.0,0.0,0.65,1.1926860441876563,1000.0,2,0.0,0.0,0.0,0.0
1735,1735,1,0.0,0.0,0.6525,0.6525,1000.0,2,0.0,0.0,0.0,0.0
1736,1736,1,1.0,0.0,0.6525,1.1940503548845836,1000.0,2,0.0,0.0,0.0,0.0
1737,1737,1,0.0,0.0,0.655,0.655,1000.0,2,0.0,0.0,0.0,0.0
1738,1738,1,1.0,0.0,0.655,1.1954183368177016,1000.0,2,0.0,0.0,0.0,0.0
1739,1739,1,0.0,0.0,0.6575,0.6575,1000.0,2,0.0,0.0,0.0,0.0
1740,1740,1,1.0,0.0,0.6575,1.1967899773978723,1000.0,2,0.0,0.0,0.0,0.0
1741,1741,1,0.0,0.0,0.66,0.66,1000.0,2,0.0,0.0,0.0,0.0
1742,1742,1,1.0,0.0,0.66,1.1981652640600127,1000.0,2,0.0,0.0,0.0,0.0
1743,1743,1,0.0,0.0,0.6625,0.6625,1000.0,2,0.0,0.0,0.0,0.0
1744,1744,1,1.0,0.0,0.6625,1.1995441842633392,1000.0,2,0.0,0.0,0.0,0.0
1745,1745,1,0.0,0.0,0.665,0.665,1000.0,2,0.0,0.0,0.0,0.0
1746,1746,1,1.0,0.0,0.665,1.2009267254916096,1000.0,2,0.0,0.0,0.0,0.0
1747,1747,1,0.0,0.0,0.6675,0.6675,1000.0,2,0.0,0.0,0.0,0.0
1748,1748,1,1.0,0.0,0.6675,1.2023128752533594,1000.0,2,0.0,0.0,0.0,0.0
1749,1749,1,0.0,0.0,0.67,0.67,1000.0,2,0.0,0.0,0.0,0.0
1750,1750,1,1.0,0.0,0.67,1.2037026210821342,1000.0,2,0.0,0.0,0.0,0.0
1751,1751,1,0.0,0.0,0.6725,0.6725,1000.0,2,0.0,0.0,0.0,0.0
1752,1752,1,1.0,0.0,0.6725,1.2050959505367198,1000.0,2,0.0,0.0,0.0,0.0
1753,1753,1,0.0,0.0,0.675,0.675,1000.0,2,0.0,0.0,0.0,0.0
1754,1754,1,1.0,0.0,0.675,1.2064928512013653,1000.0,2,0.0,0.0,0.0,0.0
1755,1755,1,0.0,0.0,0.6775,0.6775,1000.0,2,0.0,0.0,0.0,0.0
1756,1756,1,1.0,0.0,0.6775,1.207893310686006,1000.0,2,0.0,0.0,0.0,0.0
1757,1757,1,0.0,0.0,0.68,0.68,1000.0,2,0.0,0.0,0.0,0.0
1758,1758,1,1.0,0.0,0.68,1.209297316626478,1000.0,2,0.0,0.0,0.0,0.0
1759,1759,1,0.0,0.0,0.6825,0.6825,1000.0,2,0.0,0.0,0.0,0.0
1760,1760,1,1.0,0.0,0.6825,1.210704856684733,1000.0,2,0.0,0.0,0.0,0.0
1761,1761,1,0.0,0.0,0.685,0.685,1000.0,2,0.0,0.0,0.0,0.0
1762,1762,1,1.0,0.0,0.685,1.212115918549047,1000.0,2,0.0,0.0,0.0,0.0
1763,1763,1,0.0,0.0,0.6875,0.6875,1000.0,2,0.0,0.0,0.0,0.0
1764,1764,1,1.0,0.0,0.6875,1.213530489934225,1000.0,2,0.0,0.0,0.0,0.0
1765,1765,1,0.0,0.0,0.69,0.69,1000.0,2,0.0,0.0,0.0,0.0
1766,1766,1,1.0,0.0,0.69,1.2149485585818027,1000.0,2,0.0,0.0,0.0,0.0
1767,1767,1,0.0,0.0,0.6925,0.6925,1000.0,2,0.0,0.0,0.0,0.0
1768,1768,1,1.0,0.0,0.6925,1.2163701122602446,1000.0,2,0.0,0.0,0.0,0.0
1769,1769,1,0.0,0.0,0.695,0.695,1000.0,2,0.0,0.0,0.0,0.0
1770,1770,1,1.0,0.0,0.695,1.2177951387651373,1000.0,2,0.0,0.0,0.0,0.0
1771,1771,1,0.0,0.0,0.6975,0.6975,1000.0,2,0.0,0.0,0.0,0.0
1772,1772,1,1.0,0.0,0.6975,1.21922362591938,1000.0,2,0.0,0.0,0.0,0.0
1773,1773,1,0.0,0.0,0.7,0.7,1000.0,2,0.0,0.0,0.0,0.0
1774,1774,1,1.0,0.0,0.7,1.2206555615733703,1000.0,2,0.0,0.0,0.0,0.0
1775,1775,1,0.0,0.0,0.7025,0.7025,1000.0,2,0.0,0.0,0.0,0.0
1776,1776,1,1.0,0.0,0.7025,1.222090933605188,1000.0,2,0.0,0.0,0.0,0.0
1777,1777,1,0.0,0.0,0.705,0.705,1000.0,2,0.0,0.0,0.0,0.0
1778,1778,1,1.0,0.0,0.705,1.223529729920773,1000.0,2,0.0,0.0,0.0,0.0
1779,1779,1,0.0,0.0,0.7075,0.7075,1000.0,2,0.0,0.0,0.0,0.0
1780,1780,1,1.0,0.0,0.7075,1.224971938454102,1000.0,2,0.0,0.0,0.0,0.0
1781,1781,1,0.0,0.0,0.71,0.71,1000.0,2,0.0,0.0,0.0,0.0
1782,1782,1,1.0,0.0,0.71,1.2264175471673584,1000.0,2,0.0,0.0,0.0,0.0
1783,1783,1,0.0,0.0,0.7125,0.7125,1000.0,2,0.0,0.0,0.0,0.0
1784,1784,1,1.0,0.0,0.7125,1.2278665440511034,1000.0,2,0.0,0.0,0.0,0.0
1785,1785,1,0.0,0.0,0.715,0.715,1000.0,2,0.0,0.0,0.0,0.0
1786,1786,1,1.0,0.0,0.715,1.2293189171244376,1000.0,2,0.0,0.0,0.0,0.0
1787,1787,1,0.0,0.0,0.7175,0.7175,1000.0,2,0.0,0.0,0.0,0.0
1788,1788,1,1.0,0.0,0.7175,1.230774654435165,1000.0,2,0.0,0.0,0.0,0.0
1789,1789,1,0.0,0.0,0.72,0.72,1000.0,2,0.0,0.0,0.0,0.0
1790,1790,1,1.0,0.0,0.72,1.2322337440599491,1000.0,2,0.0,0.0,0.0,0.0
1791,1791,1,0.0,0.0,0.7225,0.7225,1000.0,2,0.0,0.0,0.0,0.0
1792,1792,1,1.0,0.0,0.7225,1.2336961741044672,1000.0,2,0.0,0.0,0.0,0.0
1793,1793,1,0.0,0.0,0.725,0.725,1000.0,2,0.0,0.0,0.0,0.0
1794,1794,1,1.0,0.0,0.725,1.2351619327035626,1000.0,2,0.0,0.0,0.0,0.0
1795,1795,1,0.0,0.0,0.7275,0.7275,1000.0,2,0.0,0.0,0.0,0.0
1796,1796,1,1.0,0.0,0.7275,1.2366310080213903,1000.0,2,0.0,0.0,0.0,0.0
1797,1797,1,0.0,0.0,0.73,0.73,1000.0,2,0.0,0.0,0.0,0.0
1798,1798,1,1.0,0.0,0.73,1.2381033882515629,1000.0,2,0.0,0.0,0.0,0.0
1799,1799,1,0.0,0.0,0.7325,0.7325,1000.0,2,0.0,0.0,0.0,0.0
1800,1800,1,1.0,0.0,0.7325,1.2395790616172895,1000.0,2,0.0,0.0,0.0,0.0
1801,1801,1,0.0,0.0,0.735,0.735,1000.0,2,0.0,0.0,0.0,0.0
1802,1802,1,1.0,0.0,0.735,1.2410580163715152,1000.0,2,0.0,0.0,0.0,0.0
1803,1803,1,0.0,0.0,0.7375,0.7375,1000.0,2,0.0,0.0,0.0,0.0
1804,1804,1,1.0,0.0,0.7375,1.2425402407970536,1000.0,2,0.0,0.0,0.0,0.0
1805,1805,1,0.0,0.0,0.74,0.74,1000.0,2,0.0,0.0,0.0,0.0
1806,1806,1,1.0,0.0,0.74,1.244025723206719,1000.0,2,0.0,0.0,0.0,0.0
1807,1807,1,0.0,0.0,0.7425,0.7425,1000.0,2,0.0,0.0,0.0,0.0
1808,1808,1,1.0,0.0,0.7425,1.2455144519434531,1000.0,2,0.0,0.0,0.0,0.0
1809,1809,1,0.0,0.0,0.745,0.745,1000.0,2,0.0,0.0,0.0,0.0
1810,1810,1,1.0,0.0,0.745,1.2470064153804503,1000.0,2,0.0,0.0,0.0,0.0
1811,1811,1,0.0,0.0,0.7475,0.7475,1000.0,2,0.0,0.0,0.0,0.0
1812,1812,1,1.0,0.0,0.7475,1.2485016019212791,1000.0,2,0.0,0.0,0.0,0.0
1813,1813,1,0.0,0.0,0.75,0.75,1000.0,2,0.0,0.0,0.0,0.0
1814,1814,1,1.0,0.0,0.75,1.25,1000.0,2,0.0,0.0,0.0,0.0
1815,1815,1,0.0,0.0,0.7525,0.7525,1000.0,2,0.0,0.0,0.0,0.0
1816,1816,1,1.0,0.0,0.7525,1.251501598081281,1000.0,2,0.0,0.0,0.0,0.0
1817,1817,1,0.0,0.0,0.755,0.755,1000.0,2,0.0,0.0,0.0,0.0
1818,1818,1,1.0,0.0,0.755,1.2530063846605093,1000.0,2,0.0,0.0,0.0,0.0
1819,1819,1,0.0,0.0,0.7575,0.7575,1000.0,2,0.0,0.0,0.0,0.0
1820,1820,1,1.0,0.0,0.7575,1.254514348263901,1000.0,2,0.0,0.0,0.0,0.0
1821,1821,1,0.0,0.0,0.76,0.76,1000.0,2,0.0,0.0,0.0,0.0
1822,1822,1,1.0,0.0,0.76,1.2560254774486066,1000.0,2,0.0,0.0,0.0,0.0
1823,1823,1,0.0,0.0,0.7625,0.7625,1000.0,2,0.0,0.0,0.0,0.0
1824,1824,1,1.0,0.0,0.7625,1.2575397608028145,1000.0,2,0.0,0.0,0.0,0.0
1825,1825,1,0.0,0.0,0.765,0.765,1000.0,2,0.0,0.0,0.0,0.0
1826,1826,1,1.0,0.0,0.765,1.2590571869458511,1000.0,2,0.0,0.0,0.0,0.0
1827,1827,1,0.0,0.0,0.7675,0.7675,1000.0,2,0.0,0.0,0.0,0.0
1828,1828,1,1.0,0.0,0.7675,1.2605777445282778,1000.0,2,0.0,0.0,0.0,0.0
1829,1829,1,0.0,0.0,0.77,0.77,1000.0,2,0.0,0.0,0.0,0.0
1830,1830,1,1.0,0.0,0.77,1.2621014222319853,1000.0,2,0.0,0.0,0.0,0.0
1831,1831,1,0.0,0.0,0.7725,0.7725,1000.0,2,0.0,0.0,0.0,0.0
1832,1832,1,1.0,0.0,0.7725,1.2636282087702853,1000.0,2,0.0,0.0,0.0,0.0
1833,1833,1,0.0,0.0,0.775,0.775,1000.0,2,0.0,0.0,0.0,0.0
1834,1834,1,1.0,0.0,0.775,1.2651580928879995,1000.0,2,0.0,0.0,0.0,0.0
1835,1835,1,0.0,0.0,0.7775,0.7775,1000.0,2,0.0,0.0,0.0,0.0
1836,1836,1,1.0,0.0,0.7775,1.2666910633615445,1000.0,2,0.0,0.0,0.0,0.0
1837,1837,1,0.0,0.0,0.78,0.78,1000.0,2,0.0,0.0,0.0,0.0
1838,1838,1,1.0,0.0,0.78,1.2682271089990151,1000.0,2,0.0,0.0,0.0,0.0
1839,1839,1,0.0,0.0,0.7825,0.7825,1000.0,2,0.0,0.0,0.0,0.0
1840,1840,1,1.0,0.0,0.7825,1.269766218640266,1000.0,2,0.0,0.0,0.0,0.0
1841,1841,1,0.0,0.0,0.785,0.785,1000.0,2,0.0,0.0,0.0,0.0
1842,1842,1,1.0,0.0,0.785,1.2713083811569874,1000.0,2,0.0,0.0,0.0,0.0
1843,1843,1,0.0,0.0,0.7875,0.7875,1000.0,2,0.0,0.0,0.0,0.0
1844,1844,1,1.0,0.0,0.7875,1.272853585452781,1000.0,2,0.0,0.0,0.0,0.0
1845,1845,1,0.0,0.0,0.79,0.79,1000.0,2,0.0,0.0,0.0,0.0
1846,1846,1,1.0,0.0,0.79,1.2744018204632321,1000.0,2,0.0,0.0,0.0,0.0
1847,1847,1,0.0,0.0,0.7925,0.7925,1000.0,2,0.0,0.0,0.0,0.0
1848,1848,1,1.0,0.0,0.7925,1.2759530751559793,1000.0,2,0.0,0.0,0.0,0.0
1849,1849,1,0.0,0.0,0.795,0.795,1000.0,2,0.0,0.0,0.0,0.0
1850,1850,1,1.0,0.0,0.795,1.2775073385307811,1000.0,2,0.0,0.0,0.0,0.0
1851,1851,1,0.0,0.0,0.7975,0.7975,1000.0,2,0.0,0.0,0.0,0.0
1852,1852,1,1.0,0.0,0.7975,1.2790645996195813,1000.0,2,0.0,0.0,0.0,0.0
1853,1853,1,0.0,0.0,0.8,0.8,1000.0,2,0.0,0.0,0.0,0.0
1854,1854,1,1.0,0.0,0.8,1.2806248474865698,1000.0,2,0.0,0.0,0.0,0.0
1855,1855,1,0.0,0.0,0.8025,0.8025,1000.0,2,0.0,0.0,0.0,0.0
1856,1856,1,1.0,0.0,0.8025,1.2821880712282423,1000.0,2,0.0,0.0,0.0,0.0
1857,1857,1,0.0,0.0,0.805,0.805,1000.0,2,0.0,0.0,0.0,0.0
1858,1858,1,1.0,0.0,0.805,1.2837542599734577,1000.0,2,0.0,0.0,0.0,0.0
1859,1859,1,0.0,0.0,0.8075,0.8075,1000.0,2,0.0,0.0,0.0,0.0
1860,1860,1,1.0,0.0,0.8075,1.2853234028834921,1000.0,2,0.0,0.0,0.0,0.0
1861,1861,1,0.0,0.0,0.81,0.81,1000.0,2,0.0,0.0,0.0,0.0
1862,1862,1,1.0,0.0,0.81,1.2868954891520912,1000.0,2,0.0,0.0,0.0,0.0
1863,1863,1,0.0,0.0,0.8125,0.8125,1000.0,2,0.0,0.0,0.0,0.0
1864,1864,1,1.0,0.0,0.8125,1.288470508005519,1000.0,2,0.0,0.0,0.0,0.0
1865,1865,1,0.0,0.0,0.815,0.815,1000.0,2,0.0,0.0,0.0,0.0
1866,1866,1,1.0,0.0,0.815,1.2900484487026058,1000.0,2,0.0,0.0,0.0,0.0
1867,1867,1,0.0,0.0,0.8175,0.8175,1000.0,2,0.0,0.0,0.0,0.0
1868,1868,1,1.0,0.0,0.8175,1.2916293005347936,1000.0,2,0.0,0.0,0.0,0.0
1869,1869,1,0.0,0.0,0.82,0.82,1000.0,2,0.0,0.0,0.0,0.0
1870,1870,1,1.0,0.0,0.82,1.2932130528261767,1000.0,2,0.0,0.0,0.0,0.0
1871,1871,1,0.0,0.0,0.8225,0.8225,1000.0,2,0.0,0.0,0.0,0.0
1872,1872,1,1.0,0.0,0.8225,1.2947996949335445,1000.0,2,0.0,0.0,0.0,0.0
1873,1873,1,0.0,0.0,0.825,0.825,1000.0,2,0.0,0.0,0.0,0.0
1874,1874,1,1.0,0.0,0.825,1.2963892162464172,1000.0,2,0.0,0.0,0.0,0.0
1875,1875,1,0.0,0.0,0.8275,0.8275,1000.0,2,0.0,0.0,0.0,0.0
1876,1876,1,1.0,0.0,0.8275,1.297981606187083,1000.0,2,0.0,0.0,0.0,0.0
1877,1877,1,0.0,0.0,0.83,0.83,1000.0,2,0.0,0.0,0.0,0.0
1878,1878,1,1.0,0.0,0.83,1.299576854210631,1000.0,2,0.0,0.0,0.0,0.0
1879,1879,1,0.0,0.0,0.8325,0.8325,1000.0,2,0.0,0.0,0.0,0.0
1880,1880,1,1.0,0.0,0.8325,1.301174949804983,1000.0,2,0.0,0.0,0.0,0.0
1881,1881,1,0.0,0.0,0.835,0.835,1000.0,2,0.0,0.0,0.0,0.0
1882,1882,1,1.0,0.0,0.835,1.3027758824909217,1000.0,2,0.0,0.0,0.0,0.0
1883,1883,1,0.0,0.0,0.8375,0.8375,1000.0,2,0.0,0.0,0.0,0.0
1884,1884,1,1.0,0.0,0.8375,1.3043796418221192,1000.0,2,0.0,0.0,0.0,0.0
1885,1885,1,0.0,0.0,0.84,0.84,1000.0,2,0.0,0.0,0.0,0.0
1886,1886,1,1.0,0.0,0.84,1.3059862173851606,1000.0,2,0.0,0.0,0.0,0.0
1887,1887,1,0.0,0.0,0.8425,0.8425,1000.0,2,0.0,0.0,0.0,0.0
1888,1888,1,1.0,0.0,0.8425,1.3075955987995678,1000.0,2,0.0,0.0,0.0,0.0
1889,1889,1,0.0,0.0,0.845,0.845,1000.0,2,0.0,0.0,0.0,0.0
1890,1890,1,1.0,0.0,0.845,1.3092077757178193,1000.0,2,0.0,0.0,0.0,0.0
1891,1891,1,0.0,0.0,0.8475,0.8475,1000.0,2,0.0,0.0,0.0,0.0
1892,1892,1,1.0,0.0,0.8475,1.3108227378253705,1000.0,2,0.0,0.0,0.0,0.0
1893,1893,1,0.0,0.0,0.85,0.85,1000.0,2,0.0,0.0,0.0,0.0
1894,1894,1,1.0,0.0,0.85,1.3124404748406686,1000.0,2,0.0,0.0,0.0,0.0
1895,1895,1,0.0,0.0,0.8525,0.8525,1000.0,2,0.0,0.0,0.0,0.0
1896,1896,1,1.0,0.0,0.8525,1.3140609765151692,1000.0,2,0.0,0.0,0.0,0.0
1897,1897,1,0.0,0.0,0.855,0.855,1000.0,2,0.0,0.0,0.0,0.0
1898,1898,1,1.0,0.0,0.855,1.3156842326333473,1000.0,2,0.0,0.0,0.0,0.0
1899,1899,1,0.0,0.0,0.8575,0.8575,1000.0,2,0.0,0.0,0.0,0.0
1900,1900,1,1.0,0.0,0.8575,1.31731023301271,1000.0,2,0.0,0.0,0.0,0.0
1901,1901,1,0.0,0.0,0.86,0.86,1000.0,2,0.0,0.0,0.0,0.0
1902,1902,1,1.0,0.0,0.86,1.3189389675038037,1000.0,2,0.0,0.0,0.0,0.0
1903,1903,1,0.0,0.0,0.8625,0.8625,1000.0,2,0.0,0.0,0.0,0.0
1904,1904,1,1.0,0.0,0.8625,1.3205704259902233,1000.0,2,0.0,0.0,0.0,0.0
1905,1905,1,0.0,0.0,0.865,0.865,1000.0,2,0.0,0.0,0.0,0.0
1906,1906,1,1.0,0.0,0.865,1.3222045983886155,1000.0,2,0.0,0.0,0.0,0.0
1907,1907,1,0.0,0.0,0.8675,0.8675,1000.0,2,0.0,0.0,0.0,0.0
1908,1908,1,1.0,0.0,0.8675,1.323841474648683,1000.0,2,0.0,0.0,0.0,0.0
1909,1909,1,0.0,0.0,0.87,0.87,1000.0,2,0.0,0.0,0.0,0.0
1910,1910,1,1.0,0.0,0.87,1.3254810447531868,1000.0,2,0.0,0.0,0.0,0.0
1911,1911,1,0.0,0.0,0.8725,0.8725,1000.0,2,0.0,0.0,0.0,0.0
1912,1912,1,1.0,0.0,0.8725,1.327123298717945,1000.0,2,0.0,0.0,0.0,0.0
1913,1913,1,0.0,0.0,0.875,0.875,1000.0,2,0.0,0.0,0.0,0.0
1914,1914,1,1.0,0.0,0.875,1.3287682265918312,1000.0,2,0.0,0.0,0.0,0.0
1915,1915,1,0.0,0.0,0.8775,0.8775,1000.0,2,0.0,0.0,0.0,0.0
1916,1916,1,1.0,0.0,0.8775,1.330415818456771,1000.0,2,0.0,0.0,0.0,0.0
1917,1917,1,0.0,0.0,0.88,0.88,1000.0,2,0.0,0.0,0.0,0.0
1918,1918,1,1.0,0.0,0.88,1.332066064427737,1000.0,2,0.0,0.0,0.0,0.0
1919,1919,1,0.0,0.0,0.8825,0.8825,1000.0,2,0.0,0.0,0.0,0.0
1920,1920,1,1.0,0.0,0.8825,1.3337189546527408,1000.0,2,0.0,0.0,0.0,0.0
1921,1921,1,0.0,0.0,0.885,0.885,1000.0,2,0.0,0.0,0.0,0.0
1922,1922,1,1.0,0.0,0.885,1.3353744793128255,1000.0,2,0.0,0.0,0.0,0.0
1923,1923,1,0.0,0.0,0.8875,0.8875,1000.0,2,0.0,0.0,0.0,0.0
1924,1924,1,1.0,0.0,0.8875,1.3370326286220542,1000.0,2,0.0,0.0,0.0,0.0
1925,1925,1,0.0,0.0,0.89,0.89,1000.0,2,0.0,0.0,0.0,0.0
1926,1926,1,1.0,0.0,0.89,1.3386933928274989,1000.0,2,0.0,0.0,0.0,0.0
1927,1927,1,0.0,0.0,0.8925,0.8925,1000.0,2,0.0,0.0,0.0,0.0
1928,1928,1,1.0,0.0,0.8925,1.3403567622092263,1000.0,2,0.0,0.0,0.0,0.0
1929,1929,1,0.0,0.0,0.895,0.895,1000.0,2,0.0,0.0,0.0,0.0
1930,1930,1,1.0,0.0,0.895,1.3420227270802831,1000.0,2,0.0,0.0,0.0,0.0
1931,1931,1,0.0,0.0,0.8975,0.8975,1000.0,2,0.0,0.0,0.0,0.0
1932,1932,1,1.0,0.0,0.8975,1.3436912777866796,1000.0,2,0.0,0.0,0.0,0.0
1933,1933,1,0.0,0.0,0.9,0.9,1000.0,2,0.0,0.0,0.0,0.0
1934,1934,1,1.0,0.0,0.9,1.3453624047073711,1000.0,2,0.0,0.0,0.0,0.0
1935,1935,1,0.0,0.0,0.9025,0.9025,1000.0,2,0.0,0.0,0.0,0.0
1936,1936,1,1.0,0.0,0.9025,1.3470360982542375,1000.0,2,0.0,0.0,0.0,0.0
1937,1937,1,0.0,0.0,0.905,0.905,1000.0,2,0.0,0.0,0.0,0.0
1938,1938,1,1.0,0.0,0.905,1.348712348872064,1000.0,2,0.0,0.0,0.0,0.0
1939,1939,1,0.0,0.0,0.9075,0.9075,1000.0,2,0.0,0.0,0.0,0.0
1940,1940,1,1.0,0.0,0.9075,1.3503911470385164,1000.0,2,0.0,0.0,0.0,0.0
1941,1941,1,0.0,0.0,0.91,0.91,1000.0,2,0.0,0.0,0.0,0.0
1942,1942,1,1.0,0.0,0.91,1.3520724832641184,1000.0,2,0.0,0.0,0.0,0.0
1943,1943,1,0.0,0.0,0.9125,0.9125,1000.0,2,0.0,0.0,0.0,0.0
1944,1944,1,1.0,0.0,0.9125,1.353756348092226,1000.0,2,0.0,0.0,0.0,0.0
1945,1945,1,0.0,0.0,0.915,0.915,1000.0,2,0.0,0.0,0.0,0.0
1946,1946,1,1.0,0.0,0.915,1.3554427320989995,1000.0,2,0.0,0.0,0.0,0.0
1947,1947,1,0.0,0.0,0.9175,0.9175,1000.0,2,0.0,0.0,0.0,0.0
1948,1948,1,1.0,0.0,0.9175,1.3571316258933765,1000.0,2,0.0,0.0,0.0,0.0
1949,1949,1,0.0,0.0,0.92,0.92,1000.0,2,0.0,0.0,0.0,0.0
1950,1950,1,1.0,0.0,0.92,1.3588230201170424,1000.0,2,0.0,0.0,0.0,0.0
1951,1951,1,0.0,0.0,0.9225,0.9225,1000.0,2,0.0,0.0,0.0,0.0
1952,1952,1,1.0,0.0,0.9225,1.3605169054443975,1000.0,2,0.0,0.0,0.0,0.0
1953,1953,1,0.0,0.0,0.925,0.925,1000.0,2,0.0,0.0,0.0,0.0
1954,1954,1,1.0,0.0,0.925,1.3622132725825278,1000.0,2,0.0,0.0,0.0,0.0
1955,1955,1,0.0,0.0,0.9275,0.9275,1000.0,2,0.0,0.0,0.0,0.0
1956,1956,1,1.0,0.0,0.9275,1.3639121122711684,1000.0,2,0.0,0.0,0.0,0.0
1957,1957,1,0.0,0.0,0.93,0.93,1000.0,2,0.0,0.0,0.0,0.0
1958,1958,1,1.0,0.0,0.93,1.3656134152826707,1000.0,2,0.0,0.0,0.0,0.0
1959,1959,1,0.0,0.0,0.9325,0.9325,1000.0,2,0.0,0.0,0.0,0.0
1960,1960,1,1.0,0.0,0.9325,1.367317172421966,1000.0,2,0.0,0.0,0.0,0.0
1961,1961,1,0.0,0.0,0.935,0.935,1000.0,2,0.0,0.0,0.0,0.0
1962,1962,1,1.0,0.0,0.935,1.3690233745265272,1000.0,2,0.0,0.0,0.0,0.0
1963,1963,1,0.0,0.0,0.9375,0.9375,1000.0,2,0.0,0.0,0.0,0.0
1964,1964,1,1.0,0.0,0.9375,1.3707320124663318,1000.0,2,0.0,0.0,0.0,0.0
1965,1965,1,0.0,0.0,0.94,0.94,1000.0,2,0.0,0.0,0.0,0.0
1966,1966,1,1.0,0.0,0.94,1.372443077143821,1000.0,2,0.0,0.0,0.0,0.0
1967,1967,1,0.0,0.0,0.9425,0.9425,1000.0,2,0.0,0.0,0.0,0.0
1968,1968,1,1.0,0.0,0.9425,1.3741565594938592,1000.0,2,0.0,0.0,0.0,0.0
1969,1969,1,0.0,0.0,0.945,0.945,1000.0,2,0.0,0.0,0.0,0.0
1970,1970,1,1.0,0.0,0.945,1.375872450483692,1000.0,2,0.0,0.0,0.0,0.0
1971,1971,1,0.0,0.0,0.9475,0.9475,1000.0,2,0.0,0.0,0.0,0.0
1972,1972,1,1.0,0.0,0.9475,1.377590741112904,1000.0,2,0.0,0.0,0.0,0.0
1973,1973,1,0.0,0.0,0.95,0.95,1000.0,2,0.0,0.0,0.0,0.0
1974,1974,1,1.0,0.0,0.95,1.379311422413372,1000.0,2,0.0,0.0,0.0,0.0
1975,1975,1,0.0,0.0,0.9525,0.9525,1000.0,2,0.0,0.0,0.0,0.0
1976,1976,1,1.0,0.0,0.9525,1.381034485449223,1000.0,2,0.0,0.0,0.0,0.0
1977,1977,1,0.0,0.0,0.955,0.955,1000.0,2,0.0,0.0,0.0,0.0
1978,1978,1,1.0,0.0,0.955,1.3827599213167845,1000.0,2,0.0,0.0,0.0,0.0
1979,1979,1,0.0,0.0,0.9575,0.9575,1000.0,2,0.0,0.0,0.0,0.0
1980,1980,1,1.0,0.0,0.9575,1.3844877211445394,1000.0,2,0.0,0.0,0.0,0.0
1981,1981,1,0.0,0.0,0.96,0.96,1000.0,2,0.0,0.0,0.0,0.0
1982,1982,1,1.0,0.0,0.96,1.3862178760930766,1000.0,2,0.0,0.0,0.0,0.0
1983,1983,1,0.0,0.0,0.9625,0.9625,1000.0,2,0.0,0.0,0.0,0.0
1984,1984,1,1.0,0.0,0.9625,1.3879503773550408,1000.0,2,0.0,0.0,0.0,0.0
1985,1985,1,0.0,0.0,0.965,0.965,1000.0,2,0.0,0.0,0.0,0.0
1986,1986,1,1.0,0.0,0.965,1.389685216155083,1000.0,2,0.0,0.0,0.0,0.0
1987,1987,1,0.0,0.0,0.9675,0.9675,1000.0,2,0.0,0.0,0.0,0.0
1988,1988,1,1.0,0.0,0.9675,1.3914223837498088,1000.0,2,0.0,0.0,0.0,0.0
1989,1989,1,0.0,0.0,0.97,0.97,1000.0,2,0.0,0.0,0.0,0.0
1990,1990,1,1.0,0.0,0.97,1.3931618714277247,1000.0,2,0.0,0.0,0.0,0.0
1991,1991,1,0.0,0.0,0.9725,0.9725,1000.0,2,0.0,0.0,0.0,0.0
1992,1992,1,1.0,0.0,0.9725,1.3949036705091862,1000.0,2,0.0,0.0,0.0,0.0
1993,1993,1,0.0,0.0,0.975,0.975,1000.0,2,0.0,0.0,0.0,0.0
1994,1994,1,1.0,0.0,0.975,1.3966477723463422,1000.0,2,0.0,0.0,0.0,0.0
1995,1995,1,0.0,0.0,0.9775,0.9775,1000.0,2,0.0,0.0,0.0,0.0
1996,1996,1,1.0,0.0,0.9775,1.3983941683230805,1000.0,2,0.0,0.0,0.0,0.0
1997,1997,1,0.0,0.0,0.98,0.98,1000.0,2,0.0,0.0,0.0,0.0
1998,1998,1,1.0,0.0,0.98,1.400142849854971,1000.0,2,0.0,0.0,0.0,0.0
1999,1999,1,0.0,0.0,0.9825,0.9825,1000.0,2,0.0,0.0,0.0,0.0
2000,2000,1,1.0,0.0,0.9825,1.401893808389209,1000.0,2,0.0,0.0,0.0,0.0
2001,2001,1,0.0,0.0,0.985,0.985,1000.0,2,0.0,0.0,0.0,0.0
2002,2002,1,1.0,0.0,0.985,1.4036470354045565,1000.0,2,0.0,0.0,0.0,0.0
2003,2003,1,0.0,0.0,0.9875,0.9875,1000.0,2,0.0,0.0,0.0,0.0
2004,2004,1,1.0,0.0,0.9875,1.405402522411284,1000.0,2,0.0,0.0,0.0,0.0
2005,2005,1,0.0,0.0,0.99,0.99,1000.0,2,0.0,0.0,0.0,0.0
2006,2006,1,1.0,0.0,0.99,1.4071602609511114,1000.0,2,0.0,0.0,0.0,0.0
2007,2007,1,0.0,0.0,0.9925,0.9925,1000.0,2,0.0,0.0,0.0,0.0
2008,2008,1,1.0,0.0,0.9925,1.4089202425971457,1000.0,2,0.0,0.0,0.0,0.0
2009,2009,1,-0.0025,0.0,0.0025,0.0035355339059327377,1000.0,2,0.0,0.0,0.0,0.0
2010,2010,1,1.0025,0.0,0.0025,1.0025031172021361,1000.0,2,0.0,0.0,0.0,0.0
2011,2011,1,-0.0025,0.0,0.005,0.005590169943749474,1000.0,2,0.0,0.0,0.0,0.0
2012,2012,1,1.0025,0.0,0.005,1.002512468750389,1000.0,2,0.0,0.0,0.0,0.0
2013,2013,1,-0.0025,0.0,0.0075,0.007905694150420948,1000.0,2,0.0,0.0,0.0,0.0
2014,2014,1,1.0025,0.0,0.0075,1.0025280544702977,1000.0,2,0.0,0.0,0.0,0.0
2015,2015,1,-0.0025,0.0,0.01,0.010307764064044152,1000.0,2,0.0,0.0,0.0,0.0
2016,2016,1,1.0025,0.0,0.01,1.0025498740711107,1000.0,2,0.0,0.0,0.0,0.0
2017,2017,1,-0.0025,0.0,0.0125,0.012747548783981964,1000.0,2,0.0,0.0,0.0,0.0
2018,2018,1,1.0025,0.0,0.0125,1.0025779271458155,1000.0,2,0.0,0.0,0.0,0.0
2019,2019,1,-0.0025,0.0,0.015,0.01520690632574555,1000.0,2,0.0,0.0,0.0,0.0
2020,2020,1,1.0025,0.0,0.015,1.002612213171174,1000.0,2,0.0,0.0,0.0,0.0
2021,2021,1,-0.0025,0.0,0.0175,0.01767766952966369,1000.0,2,0.0,0.0,0.0,0.0
2022,2022,1,1.0025,0.0,0.0175,1.0026527315077738,1000.0,2,0.0,0.0,0.0,0.0
2023,2023,1,-0.0025,0.0,0.02,0.020155644370746375,1000.0,2,0.0,0.0,0.0,0.0
2024,2024,1,1.0025,0.0,0.02,1.0026994814000851,1000.0,2,0.0,0.0,0.0,0.0
2025,2025,1,-0.0025,0.0,0.0225,0.02263846284534354,1000.0,2,0.0,0.0,0.0,0.0
2026,2026,1,1.0025,0.0,0.0225,1.0027524619765338,1000.0,2,0.0,0.0,0.0,0.0
2027,2027,1,-0.0025,0.0,0.025,0.025124689052802227,1000.0,2,0.0,0.0,0.0,0.0
2028,2028,1,1.0025,0.0,0.025,1.0028116722495806,1000.0,2,0.0,0.0,0.0,0.0
2029,2029,1,-0.0025,0.0,0.0275,0.027613402542968152,1000.0,2,0.0,0.0,0.0,0.0
2030,2030,1,1.0025,0.0,0.0275,1.0028771111158137,1000.0,2,0.0,0.0,0.0,0.0
2031,2031,1,-0.0025,0.0,0.03,0.030103986446980736,1000.0,2,0.0,0.0,0.0,0.0
2032,2032,1,1.0025,0.0,0.03,1.0029487773560521,1000.0,2,0.0,0.0,0.0,0.0
2033,2033,1,-0.0025,0.0,0.0325,0.03259601202601325,1000.0,2,0.0,0.0,0.0,0.0
2034,2034,1,1.0025,0.0,0.0325,1.0030266696354588,1000.0,2,0.0,0.0,0.0,0.0
2035,2035,1,-0.0025,0.0,0.035,0.035089172119045504,1000.0,2,0.0,0.0,0.0,0.0
2036,2036,1,1.0025,0.0,0.035,1.0031107865036644,1000.0,2,0.0,0.0,0.0,0.0
2037,2037,1,-0.0025,0.0,0.0375,0.03758324094593227,1000.0,2,0.0,0.0,0.0,0.0
2038,2038,1,1.0025,0.0,0.0375,1.0032011263949019,1000.0,2,0.0,0.0,0.0,0.0
2039,2039,1,-0.0025,0.0,0.04,0.040078048854703494,1000.0,2,0.0,0.0,0.0,0.0
2040,2040,1,1.0025,0.0,0.04,1.0032976876281536,1000.0,2,0.0,0.0,0.0,0.0
2041,2041,1,-0.0025,0.0,0.0425,0.042573465914816006,1000.0,2,0.0,0.0,0.0,0.0
2042,2042,1,1.0025,0.0,0.0425,1.0034004684073055,1000.0,2,0.0,0.0,0.0,0.0
2043,2043,1,-0.0025,0.0,0.045,0.04506939094329987,1000.0,2,0.0,0.0,0.0,0.0
2044,2044,1,1.0025,0.0,0.045,1.003509466821315,1000.0,2,0.0,0.0,0.0,0.0
2045,2045,1,-0.0025,0.0,0.0475,0.047565743976101124,1000.0,2,0.0,0.0,0.0,0.0
2046,2046,1,1.0025,0.0,0.0475,1.003624680844388,1000.0,2,0.0,0.0,0.0,0.0
2047,2047,1,-0.0025,0.0,0.05,0.05006246098625197,1000.0,2,0.0,0.0,0.0,0.0
2048,2048,1,1.0025,0.0,0.05,1.0037461083361667,1000.0,2,0.0,0.0,0.0,0.0
2049,2049,1,-0.0025,0.0,0.0525,0.05255949010407159,1000.0,2,0.0,0.0,0.0,0.0
2050,2050,1,1.0025,0.0,0.0525,1.0038737470419274,1000.0,2,0.0,0.0,0.0,0.0
2051,2051,1,-0.0025,0.0,0.055,0.0550567888638631,1000.0,2,0.0,0.0,0.0,0.0
2052,2052,1,1.0025,0.0,0.055,1.00400759459279,1000.0,2,0.0,0.0,0.0,0.0
2053,2053,1,-0.0025,0.0,0.0575,0.057554322166106696,1000.0,2,0.0,0.0,0.0,0.0
2054,2054,1,1.0025,0.0,0.0575,1.0041476485059355,1000.0,2,0.0,0.0,0.0,0.0
2055,2055,1,-0.0025,0.0,0.06,0.06005206074732157,1000.0,2,0.0,0.0,0.0,0.0
2056,2056,1,1.0025,0.0,0.06,1.004293906184838,1000.0,2,0.0,0.0,0.0,0.0
2057,2057,1,-0.0025,0.0,0.0625,0.06254998001598402,1000.0,2,0.0,0.0,0.0,0.0
2058,2058,1,1.0025,0.0,0.0625,1.0044463649195012,1000.0,2,0.0,0.0,0.0,0.0
2059,2059,1,-0.0025,0.0,0.065,0.06504805915628845,1000.0,2,0.0,0.0,0.0,0.0
2060,2060,1,1.0025,0.0,0.065,1.0046050218867113,1000.0,2,0.0,0.0,0.0,0.0
2061,2061,1,-0.0025,0.0,0.0675,0.06754628043053149,1000.0,2,0.0,0.0,0.0,0.0
2062,2062,1,1.0025,0.0,0.0675,1.004769874150295,1000.0,2,0.0,0.0,0.0,0.0
2063,2063,1,-0.0025,0.0,0.07,0.0700446286306095,1000.0,2,0.0,0.0,0.0,0.0
2064,2064,1,1.0025,0.0,0.07,1.0049409186613907,1000.0,2,0.0,0.0,0.0,0.0
2065,2065,1,-0.0025,0.0,0.0725,0.07254309064273454,1000.0,2,0.0,0.0,0.0,0.0
2066,2066,1,1.0025,0.0,0.0725,1.0051181522587282,1000.0,2,0.0,0.0,0.0,0.0
2067,2067,1,-0.0025,0.0,0.075,0.07504165509901817,1000.0,2,0.0,0.0,0.0,0.0
2068,2068,1,1.0025,0.0,0.075,1.0053015716689195,1000.0,2,0.0,0.0,0.0,0.0
2069,2069,1,-0.0025,0.0,0.0775,0.07754031209635412,1000.0,2,0.0,0.0,0.0,0.0
2070,2070,1,1.0025,0.0,0.0775,1.0054911735067593,1000.0,2,0.0,0.0,0.0,0.0
2071,2071,1,-0.0025,0.0,0.08,0.08003905296791061,1000.0,2,0.0,0.0,0.0,0.0
2072,2072,1,1.0025,0.0,0.08,1.005686954275534,1000.0,2,0.0,0.0,0.0,0.0
2073,2073,1,-0.0025,0.0,0.0825,0.0825378700960959,1000.0,2,0.0,0.0,0.0,0.0
2074,2074,1,1.0025,0.0,0.0825,1.0058889103673425,1000.0,2,0.0,0.0,0.0,0.0
2075,2075,1,-0.0025,0.0,0.085,0.08503675675847475,1000.0,2,0.0,0.0,0.0,0.0
2076,2076,1,1.0025,0.0,0.085,1.0060970380634264,1000.0,2,0.0,0.0,0.0,0.0
2077,2077,1,-0.0025,0.0,0.0875,0.08753570700005797,1000.0,2,0.0,0.0,0.0,0.0
2078,2078,1,1.0025,0.0,0.0875,1.006311333534508,1000.0,2,0.0,0.0,0.0,0.0
2079,2079,1,-0.0025,0.0,0.09,0.09003471552684553,1000.0,2,0.0,0.0,0.0,0.0
2080,2080,1,1.0025,0.0,0.09,1.0065317928411401,1000.0,2,0.0,0.0,0.0,0.0
2081,2081,1,-0.0025,0.0,0.0925,0.09253377761660873,1000.0,2,0.0,0.0,0.0,0.0
2082,2082,1,1.0025,0.0,0.0925,1.0067584119340647,1000.0,2,0.0,0.0,0.0,0.0
2083,2083,1,-0.0025,0.0,0.095,0.09503288904374106,1000.0,2,0.0,0.0,0.0,0.0
2084,2084,1,1.0025,0.0,0.095,1.0069911866545804,1000.0,2,0.0,0.0,0.0,0.0
2085,2085,1,-0.0025,0.0,0.0975,0.0975320460156558,1000.0,2,0.0,0.0,0.0,0.0
2086,2086,1,1.0025,0.0,0.0975,1.0072301127349201,1000.0,2,0.0,0.0,0.0,0.0
2087,2087,1,-0.0025,0.0,0.1,0.1000312451187128,1000.0,2,0.0,0.0,0.0,0.0
2088,2088,1,1.0025,0.0,0.1,1.007475185798638,1000.0,2,0.0,0.0,0.0,0.0
2089,2089,1,-0.0025,0.0,0.1025,0.10253048327204937,1000.0,2,0.0,0.0,0.0,0.0
2090,2090,1,1.0025,0.0,0.1025,1.0077264013610043,1000.0,2,0.0,0.0,0.0,0.0
2091,2091,1,-0.0025,0.0,0.105,0.105029757688,1000.0,2,0.0,0.0,0.0,0.0
2092,2092,1,1.0025,0.0,0.105,1.007983754829412,1000.0,2,0.0,0.0,0.0,0.0
2093,2093,1,-0.0025,0.0,0.1075,0.10752906583803283,1000.0,2,0.0,0.0,0.0,0.0
2094,2094,1,1.0025,0.0,0.1075,1.008247241503789,1000.0,2,0.0,0.0,0.0,0.0
2095,2095,1,-0.0025,0.0,0.11,0.11002840542332692,1000.0,2,0.0,0.0,0.0,0.0
2096,2096,1,1.0025,0.0,0.11,1.008516856577023,1000.0,2,0.0,0.0,0.0,0.0
2097,2097,1,-0.0025,0.0,0.1125,0.11252777434926899,1000.0,2,0.0,0.0,0.0,0.0
2098,2098,1,1.0025,0.0,0.1125,1.0087925951353924,1000.0,2,0.0,0.0,0.0,0.0
2099,2099,1,-0.0025,0.0,0.115,0.11502717070327341,1000.0,2,0.0,0.0,0.0,0.0
2100,2100,1,1.0025,0.0,0.115,1.009074452159007,1000.0,2,0.0,0.0,0.0,0.0
2101,2101,1,-0.0025,0.0,0.1175,0.11752659273543158,1000.0,2,0.0,0.0,0.0,0.0
2102,2102,1,1.0025,0.0,0.1175,1.0093624225222573,1000.0,2,0.0,0.0,0.0,0.0
2103,2103,1,-0.0025,0.0,0.12,0.12002603884157803,1000.0,2,0.0,0.0,0.0,0.0
2104,2104,1,1.0025,0.0,0.12,1.0096565009942737,1000.0,2,0.0,0.0,0.0,0.0
2105,2105,1,-0.0025,0.0,0.1225,0.12252550754842845,1000.0,2,0.0,0.0,0.0,0.0
2106,2106,1,1.0025,0.0,0.1225,1.009956682239392,1000.0,2,0.0,0.0,0.0,0.0
2107,2107,1,-0.0025,0.0,0.125,0.12502499750049986,1000.0,2,0.0,0.0,0.0,0.0
2108,2108,1,1.0025,0.0,0.125,1.010262960817628,1000.0,2,0.0,0.0,0.0,0.0
2109,2109,1,-0.0025,0.0,0.1275,0.1275245074485685,1000.0,2,0.0,0.0,0.0,0.0
2110,2110,1,1.0025,0.0,0.1275,1.010575331185162,1000.0,2,0.0,0.0,0.0,0.0
2111,2111,1,-0.0025,0.0,0.13,0.13002403623945843,1000.0,2,0.0,0.0,0.0,0.0
2112,2112,1,1.0025,0.0,0.13,1.0108937876948298,1000.0,2,0.0,0.0,0.0,0.0
2113,2113,1,-0.0025,0.0,0.1325,0.13252358280698573,1000.0,2,0.0,0.0,0.0,0.0
2114,2114,1,1.0025,0.0,0.1325,1.0112183245966224,1000.0,2,0.0,0.0,0.0,0.0
2115,2115,1,-0.0025,0.0,0.135,0.13502314616390776,1000.0,2,0.0,0.0,0.0,0.0
2116,2116,1,1.0025,0.0,0.135,1.0115489360381928,1000.0,2,0.0,0.0,0.0,0.0
2117,2117,1,-0.0025,0.0,0.1375,0.1375227253947507,1000.0,2,0.0,0.0,0.0,0.0
2118,2118,1,1.0025,0.0,0.1375,1.011885616065373,1000.0,2,0.0,0.0,0.0,0.0
2119,2119,1,-0.0025,0.0,0.14,0.14002231964940448,1000.0,2,0.0,0.0,0.0,0.0
2120,2120,1,1.0025,0.0,0.14,1.0122283586226972,1000.0,2,0.0,0.0,0.0,0.0
2121,2121,1,-0.0025,0.0,0.1425,0.14252192813739223,1000.0,2,0.0,0.0,0.0,0.0
2122,2122,1,1.0025,0.0,0.1425,1.0125771575539317,1000.0,2,0.0,0.0,0.0,0.0
2123,2123,1,-0.0025,0.0,0.145,0.14502155012273174,1000.0,2,0.0,0.0,0.0,0.0
2124,2124,1,1.0025,0.0,0.145,1.0129320066026148,1000.0,2,0.0,0.0,0.0,0.0
2125,2125,1,-0.0025,0.0,0.1475,0.1475211849193193,1000.0,2,0.0,0.0,0.0,0.0
2126,2126,1,1.0025,0.0,0.1475,1.0132928994126031,1000.0,2,0.0,0.0,0.0,0.0
2127,2127,1,-0.0025,0.0,0.15,0.15002083188677498,1000.0,2,0.0,0.0,0.0,0.0
2128,2128,1,1.0025,0.0,0.15,1.0136598295286243,1000.0,2,0.0,0.0,0.0,0.0
2129,2129,1,-0.0025,0.0,0.1525,0.15252049042669644,1000.0,2,0.0,0.0,0.0,0.0
2130,2130,1,1.0025,0.0,0.1525,1.0140327903968391,1000.0,2,0.0,0.0,0.0,0.0
2131,2131,1,-0.0025,0.0,0.155,0.15502015997927496,1000.0,2,0.0,0.0,0.0,0.0
2132,2132,1,1.0025,0.0,0.155,1.0144117753654085,1000.0,2,0.0,0.0,0.0,0.0
2133,2133,1,-0.0025,0.0,0.1575,0.15751984002023364,1000.0,2,0.0,0.0,0.0,0.0
2134,2134,1,1.0025,0.0,0.1575,1.0147967776850693,1000.0,2,0.0,0.0,0.0,0.0
2135,2135,1,-0.0025,0.0,0.16,0.1600195300580526,1000.0,2,0.0,0.0,0.0,0.0
2136,2136,1,1.0025,0.0,0.16,1.0151877905097164,1000.0,2,0.0,0.0,0.0,0.0
2137,2137,1,-0.0025,0.0,0.1625,0.16251922963145007,1000.0,2,0.0,0.0,0.0,0.0
2138,2138,1,1.0025,0.0,0.1625,1.0155848068969917,1000.0,2,0.0,0.0,0.0,0.0
2139,2139,1,-0.0025,0.0,0.165,0.1650189383070925,1000.0,2,0.0,0.0,0.0,0.0
2140,2140,1,1.0025,0.0,0.165,1.0159878198088794,1000.0,2,0.0,0.0,0.0,0.0
2141,2141,1,-0.0025,0.0,0.1675,0.16751865567750956,1000.0,2,0.0,0.0,0.0,0.0
2142,2142,1,1.0025,0.0,0.1675,1.0163968221123085,1000.0,2,0.0,0.0,0.0,0.0
2143,2143,1,-0.0025,0.0,0.17,0.17001838135919306,1000.0,2,0.0,0.0,0.0,0.0
2144,2144,1,1.0025,0.0,0.17,1.0168118065797622,1000.0,2,0.0,0.0,0.0,0.0
2145,2145,1,-0.0025,0.0,0.1725,0.17251811499086117,1000.0,2,0.0,0.0,0.0,0.0
2146,2146,1,1.0025,0.0,0.1725,1.017232765889892,1000.0,2,0.0,0.0,0.0,0.0
2147,2147,1,-0.0025,0.0,0.175,0.17501785623187135,1000.0,2,0.0,0.0,0.0,0.0
2148,2148,1,1.0025,0.0,0.175,1.0176596926281396,1000.0,2,0.0,0.0,0.0,0.0
2149,2149,1,-0.0025,0.0,0.1775,0.1775176047607673,1000.0,2,0.0,0.0,0.0,0.0
2150,2150,1,1.0025,0.0,0.1775,1.0180925792873652,1000.0,2,0.0,0.0,0.0,0.0
2151,2151,1,-0.0025,0.0,0.18,0.1800173602739469,1000.0,2,0.0,0.0,0.0,0.0
2152,2152,1,1.0025,0.0,0.18,1.0185314182684793,1000.0,2,0.0,0.0,0.0,0.0
2153,2153,1,-0.0025,0.0,0.1825,0.1825171224844398,1000.0,2,0.0,0.0,0.0,0.0
2154,2154,1,1.0025,0.0,0.1825,1.0189762018810842,1000.0,2,0.0,0.0,0.0,0.0
2155,2155,1,-0.0025,0.0,0.185,0.18501689112078387,1000.0,2,0.0,0.0,0.0,0.0
2156,2156,1,1.0025,0.0,0.185,1.0194269223441177,1000.0,2,0.0,0.0,0.0,0.0
2157,2157,1,-0.0025,0.0,0.1875,0.18751666592599175,1000.0,2,0.0,0.0,0.0,0.0
2158,2158,1,1.0025,0.0,0.1875,1.0198835717865053,1000.0,2,0.0,0.0,0.0,0.0
2159,2159,1,-0.0025,0.0,0.19,0.19001644665659864,1000.0,2,0.0,0.0,0.0,0.0
2160,2160,1,1.0025,0.0,0.19,1.0203461422478157,1000.0,2,0.0,0.0,0.0,0.0
2161,2161,1,-0.0025,0.0,0.1925,0.19251623308178456,1000.0,2,0.0,0.0,0.0,0.0
2162,2162,1,1.0025,0.0,0.1925,1.020814625678923,1000.0,2,0.0,0.0,0.0,0.0
2163,2163,1,-0.0025,0.0,0.195,0.19501602498256393,1000.0,2,0.0,0.0,0.0,0.0
2164,2164,1,1.0025,0.0,0.195,1.0212890139426742,1000.0,2,0.0,0.0,0.0,0.0
2165,2165,1,-0.0025,0.0,0.1975,0.1975158221510368,1000.0,2,0.0,0.0,0.0,0.0
2166,2166,1,1.0025,0.0,0.1975,1.021769298814561,1000.0,2,0.0,0.0,0.0,0.0
2167,2167,1,-0.0025,0.0,0.2,0.20001562438969614,1000.0,2,0.0,0.0,0.0,0.0
2168,2168,1,1.0025,0.0,0.2,1.022255471983398,1000.0,2,0.0,0.0,0.0,0.0
2169,2169,1,-0.0025,0.0,0.2025,0.20251543151078638,1000.0,2,0.0,0.0,0.0,0.0
2170,2170,1,1.0025,0.0,0.2025,1.0227475250520042,1000.0,2,0.0,0.0,0.0,0.0
2171,2171,1,-0.0025,0.0,0.205,0.20501524333570906,1000.0,2,0.0,0.0,0.0,0.0
2172,2172,1,1.0025,0.0,0.205,1.0232454495378907,1000.0,2,0.0,0.0,0.0,0.0
2173,2173,1,-0.0025,0.0,0.2075,0.20751505969447132,1000.0,2,0.0,0.0,0.0,0.0
2174,2174,1,1.0025,0.0,0.2075,1.0237492368739525,1000.0,2,0.0,0.0,0.0,0.0
2175,2175,1,-0.0025,0.0,0.21,0.21001488042517366,1000.0,2,0.0,0.0,0.0,0.0
2176,2176,1,1.0025,0.0,0.21,1.0242588784091646,1000.0,2,0.0,0.0,0.0,0.0
2177,2177,1,-0.0025,0.0,0.2125,0.2125147053735341,1000.0,2,0.0,0.0,0.0,0.0
2178,2178,1,1.0025,0.0,0.2125,1.0247743654092836,1000.0,2,0.0,0.0,0.0,0.0
2179,2179,1,-0.0025,0.0,0.215,0.2150145343924452,1000.0,2,0.0,0.0,0.0,0.0
2180,2180,1,1.0025,0.0,0.215,1.0252956890575518,1000.0,2,0.0,0.0,0.0,0.0
2181,2181,1,-0.0025,0.0,0.2175,0.21751436734156207,1000.0,2,0.0,0.0,0.0,0.0
2182,2182,1,1.0025,0.0,0.2175,1.0258228404554073,1000.0,2,0.0,0.0,0.0,0.0
2183,2183,1,-0.0025,0.0,0.22,0.220014204086918,1000.0,2,0.0,0.0,0.0,0.0
2184,2184,1,1.0025,0.0,0.22,1.026355810623197,1000.0,2,0.0,0.0,0.0,0.0
2185,2185,1,-0.0025,0.0,0.2225,0.2225140445005663,1000.0,2,0.0,0.0,0.0,0.0
2186,2186,1,1.0025,0.0,0.2225,1.0268945905008946,1000.0,2,0.0,0.0,0.0,0.0
2187,2187,1,-0.0025,0.0,0.225,0.22501388846024595,1000.0,2,0.0,0.0,0.0,0.0
2188,2188,1,1.0025,0.0,0.225,1.0274391709488206,1000.0,2,0.0,0.0,0.0,0.0
2189,2189,1,-0.0025,0.0,0.2275,0.22751373584906912,1000.0,2,0.0,0.0,0.0,0.0
2190,2190,1,1.0025,0.0,0.2275,1.0279895427483685,1000.0,2,0.0,0.0,0.0,0.0
2191,2191,1,-0.0025,0.0,0.23,0.23001358655522938,1000.0,2,0.0,0.0,0.0,0.0
2192,2192,1,1.0025,0.0,0.23,1.0285456966027322,1000.0,2,0.0,0.0,0.0,0.0
2193,2193,1,-0.0025,0.0,0.2325,0.23251344047172845,1000.0,2,0.0,0.0,0.0,0.0
2194,2194,1,1.0025,0.0,0.2325,1.0291076231376386,1000.0,2,0.0,0.0,0.0,0.0
2195,2195,1,-0.0025,0.0,0.235,0.2350132974961204,1000.0,2,0.0,0.0,0.0,0.0
2196,2196,1,1.0025,0.0,0.235,1.0296753129020817,1000.0,2,0.0,0.0,0.0,0.0
2197,2197,1,-0.0025,0.0,0.2375,0.2375131575302724,1000.0,2,0.0,0.0,0.0,0.0
2198,2198,1,1.0025,0.0,0.2375,1.0302487563690625,1000.0,2,0.0,0.0,0.0,0.0
2199,2199,1,-0.0025,0.0,0.24,0.24001302048013978,1000.0,2,0.0,0.0,0.0,0.0
2200,2200,1,1.0025,0.0,0.24,1.0308279439363293,1000.0,2,0.0,0.0,0.0,0.0
2201,2201,1,-0.0025,0.0,0.2425,0.2425128862555555,1000.0,2,0.0,0.0,0.0,0.0
2202,2202,1,1.0025,0.0,0.2425,1.0314128659271222,1000.0,2,0.0,0.0,0.0,0.0
2203,2203,1,-0.0025,0.0,0.245,0.24501275477003231,1000.0,2,0.0,0.0,0.0,0.0
2204,2204,1,1.0025,0.0,0.245,1.0320035125909213,1000.0,2,0.0,0.0,0.0,0.0
2205,2205,1,-0.0025,0.0,0.2475,0.24751262594057702,1000.0,2,0.0,0.0,0.0,0.0
2206,2206,1,1.0025,0.0,0.2475,1.0325998741041953,1000.0,2,0.0,0.0,0.0,0.0
2207,2207,1,-0.0025,0.0,0.25,0.2500124996875156,1000.0,2,0.0,0.0,0.0,0.0
2208,2208,1,1.0025,0.0,0.25,1.0332019405711548,1000.0,2,0.0,0.0,0.0,0.0
2209,2209,1,-0.0025,0.0,0.2525,0.2525123759343292,1000.0,2,0.0,0.0,0.0,0.0
2210,2210,1,1.0025,0.0,0.2525,1.033809702024507,1000.0,2,0.0,0.0,0.0,0.0
2211,2211,1,-0.0025,0.0,0.255,0.2550122546074992,1000.0,2,0.0,0.0,0.0,0.0
2212,2212,1,1.0025,0.0,0.255,1.0344231484262134,1000.0,2,0.0,0.0,0.0,0.0
2213,2213,1,-0.0025,0.0,0.2575,0.25751213563636177,1000.0,2,0.0,0.0,0.0,0.0
2214,2214,1,1.0025,0.0,0.2575,1.0350422696682489,1000.0,2,0.0,0.0,0.0,0.0
2215,2215,1,-0.0025,0.0,0.26,0.2600120189529707,1000.0,2,0.0,0.0,0.0,0.0
2216,2216,1,1.0025,0.0,0.26,1.0356670555733634,1000.0,2,0.0,0.0,0.0,0.0
2217,2217,1,-0.0025,0.0,0.2625,0.26251190449196776,1000.0,2,0.0,0.0,0.0,0.0
2218,2218,1,1.0025,0.0,0.2625,1.0362974958958455,1000.0,2,0.0,0.0,0.0,0.0
2219,2219,1,-0.0025,0.0,0.265,0.26501179219046084,1000.0,2,0.0,0.0,0.0,0.0
2220,2220,1,1.0025,0.0,0.265,1.0369335803222886,1000.0,2,0.0,0.0,0.0,0.0
2221,2221,1,-0.0025,0.0,0.2675,0.2675116819879087,1000.0,2,0.0,0.0,0.0,0.0
2222,2222,1,1.0025,0.0,0.2675,1.0375752984723565,1000.0,2,0.0,0.0,0.0,0.0
2223,2223,1,-0.0025,0.0,0.27,0.27001157382601215,1000.0,2,0.0,0.0,0.0,0.0
2224,2224,1,1.0025,0.0,0.27,1.0382226398995544,1000.0,2,0.0,0.0,0.0,0.0
2225,2225,1,-0.0025,0.0,0.2725,0.2725114676486111,1000.0,2,0.0,0.0,0.0,0.0
2226,2226,1,1.0025,0.0,0.2725,1.0388755940919971,1000.0,2,0.0,0.0,0.0,0.0
2227,2227,1,-0.0025,0.0,0.275,0.2750113634015875,1000.0,2,0.0,0.0,0.0,0.0
2228,2228,1,1.0025,0.0,0.275,1.0395341504731819,1000.0,2,0.0,0.0,0.0,0.0
2229,2229,1,-0.0025,0.0,0.2775,0.27751126103277324,1000.0,2,0.0,0.0,0.0,0.0
2230,2230,1,1.0025,0.0,0.2775,1.0401982984027611,1000.0,2,0.0,0.0,0.0,0.0
2231,2231,1,-0.0025,0.0,0.28,0.28001116049186325,1000.0,2,0.0,0.0,0.0,0.0
2232,2232,1,1.0025,0.0,0.28,1.040868027177317,1000.0,2,0.0,0.0,0.0,0.0
2233,2233,1,-0.0025,0.0,0.2825,0.2825110617303329,1000.0,2,0.0,0.0,0.0,0.0
2234,2234,1,1.0025,0.0,0.2825,1.0415433260311353,1000.0,2,0.0,0.0,0.0,0.0
2235,2235,1,-0.0025,0.0,0.285,0.2850109647013602,1000.0,2,0.0,0.0,0.0,0.0
2236,2236,1,1.0025,0.0,0.285,1.042224184136983,1000.0,2,0.0,0.0,0.0,0.0
2237,2237,1,-0.0025,0.0,0.2875,0.2875108693597513,1000.0,2,0.0,0.0,0.0,0.0
2238,2238,1,1.0025,0.0,0.2875,1.042910590606884,1000.0,2,0.0,0.0,0.0,0.0
2239,2239,1,-0.0025,0.0,0.29,0.2900107756618709,1000.0,2,0.0,0.0,0.0,0.0
2240,2240,1,1.0025,0.0,0.29,1.0436025344928979,1000.0,2,0.0,0.0,0.0,0.0
2241,2241,1,-0.0025,0.0,0.2925,0.2925106835655751,1000.0,2,0.0,0.0,0.0,0.0
2242,2242,1,1.0025,0.0,0.2925,1.044300004787896,1000.0,2,0.0,0.0,0.0,0.0
2243,2243,1,-0.0025,0.0,0.295,0.29501059303014865,1000.0,2,0.0,0.0,0.0,0.0
2244,2244,1,1.0025,0.0,0.295,1.0450029904263431,1000.0,2,0.0,0.0,0.0,0.0
2245,2245,1,-0.0025,0.0,0.2975,0.2975105040162448,1000.0,2,0.0,0.0,0.0,0.0
2246,2246,1,1.0025,0.0,0.2975,1.0457114802850735,1000.0,2,0.0,0.0,0.0,0.0
2247,2247,1,-0.0025,0.0,0.3,0.30001041648582805,1000.0,2,0.0,0.0,0.0,0.0
2248,2248,1,1.0025,0.0,0.3,1.0464254631840721,1000.0,2,0.0,0.0,0.0,0.0
2249,2249,1,-0.0025,0.0,0.3025,0.30251033040212033,1000.0,2,0.0,0.0,0.0,0.0
2250,2250,1,1.0025,0.0,0.3025,1.0471449278872527,1000.0,2,0.0,0.0,0.0,0.0
2251,2251,1,-0.0025,0.0,0.305,0.3050102457295492,1000.0,2,0.0,0.0,0.0,0.0
2252,2252,1,1.0025,0.0,0.305,1.0478698631032386,1000.0,2,0.0,0.0,0.0,0.0
2253,2253,1,-0.0025,0.0,0.3075,0.3075101624336991,1000.0,2,0.0,0.0,0.0,0.0
2254,2254,1,1.0025,0.0,0.3075,1.0486002574861404,1000.0,2,0.0,0.0,0.0,0.0
2255,2255,1,-0.0025,0.0,0.31,0.3100100804812644,1000.0,2,0.0,0.0,0.0,0.0
2256,2256,1,1.0025,0.0,0.31,1.0493360996363368,1000.0,2,0.0,0.0,0.0,0.0
2257,2257,1,-0.0025,0.0,0.3125,0.3125099998400051,1000.0,2,0.0,0.0,0.0,0.0
2258,2258,1,1.0025,0.0,0.3125,1.050077378101252,1000.0,2,0.0,0.0,0.0,0.0
2259,2259,1,-0.0025,0.0,0.315,0.3150099204787049,1000.0,2,0.0,0.0,0.0,0.0
2260,2260,1,1.0025,0.0,0.315,1.0508240813761358,1000.0,2,0.0,0.0,0.0,0.0
2261,2261,1,-0.0025,0.0,0.3175,0.3175098423671304,1000.0,2,0.0,0.0,0.0,0.0
2262,2262,1,1.0025,0.0,0.3175,1.0515761979048404,1000.0,2,0.0,0.0,0.0,0.0
2263,2263,1,-0.0025,0.0,0.32,0.32000976547599297,1000.0,2,0.0,0.0,0.0,0.0
2264,2264,1,1.0025,0.0,0.32,1.0523337160805977,1000.0,2,0.0,0.0,0.0,0.0
2265,2265,1,-0.0025,0.0,0.3225,0.32250968977691197,1000.0,2,0.0,0.0,0.0,0.0
2266,2266,1,1.0025,0.0,0.3225,1.0530966242467972,1000.0,2,0.0,0.0,0.0,0.0
2267,2267,1,-0.0025,0.0,0.325,0.3250096152423802,1000.0,2,0.0,0.0,0.0,0.0
2268,2268,1,1.0025,0.0,0.325,1.0538649106977611,1000.0,2,0.0,0.0,0.0,0.0
2269,2269,1,-0.0025,0.0,0.3275,0.32750954184573006,1000.0,2,0.0,0.0,0.0,0.0
2270,2270,1,1.0025,0.0,0.3275,1.0546385636795195,1000.0,2,0.0,0.0,0.0,0.0
2271,2271,1,-0.0025,0.0,0.33,0.33000946956110216,1000.0,2,0.0,0.0,0.0,0.0
2272,2272,1,1.0025,0.0,0.33,1.0554175713905847,1000.0,2,0.0,0.0,0.0,0.0
2273,2273,1,-0.0025,0.0,0.3325,0.3325093983634147,1000.0,2,0.0,0.0,0.0,0.0
2274,2274,1,1.0025,0.0,0.3325,1.056201921982724,1000.0,2,0.0,0.0,0.0,0.0
2275,2275,1,-0.0025,0.0,0.335,0.33500932822833457,1000.0,2,0.0,0.0,0.0,0.0
2276,2276,1,1.0025,0.0,0.335,1.0569916035617313,1000.0,2,0.0,0.0,0.0,0.0
2277,2277,1,-0.0025,0.0,0.3375,0.3375092591322496,1000.0,2,0.0,0.0,0.0,0.0
2278,2278,1,1.0025,0.0,0.3375,1.0577866041881983,1000.0,2,0.0,0.0,0.0,0.0
2279,2279,1,-0.0025,0.0,0.34,0.34000919105224203,1000.0,2,0.0,0.0,0.0,0.0
2280,2280,1,1.0025,0.0,0.34,1.0585869118782831,1000.0,2,0.0,0.0,0.0,0.0
2281,2281,1,-0.0025,0.0,0.3425,0.34250912396606314,1000.0,2,0.0,0.0,0.0,0.0
2282,2282,1,1.0025,0.0,0.3425,1.0593925146044783,1000.0,2,0.0,0.0,0.0,0.0
2283,2283,1,-0.0025,0.0,0.345,0.3450090578521091,1000.0,2,0.0,0.0,0.0,0.0
2284,2284,1,1.0025,0.0,0.345,1.060203400296377,1000.0,2,0.0,0.0,0.0,0.0
2285,2285,1,-0.0025,0.0,0.3475,0.3475089926893979,1000.0,2,0.0,0.0,0.0,0.0
2286,2286,1,1.0025,0.0,0.3475,1.0610195568414371,1000.0,2,0.0,0.0,0.0,0.0
2287,2287,1,-0.0025,0.0,0.35,0.3500089284575466,1000.0,2,0.0,0.0,0.0,0.0
2288,2288,1,1.0025,0.0,0.35,1.0618409720857451,1000.0,2,0.0,0.0,0.0,0.0
2289,2289,1,-0.0025,0.0,0.3525,0.35250886513675084,1000.0,2,0.0,0.0,0.0,0.0
2290,2290,1,1.0025,0.0,0.3525,1.0626676338347751,1000.0,2,0.0,0.0,0.0,0.0
2291,2291,1,-0.0025,0.0,0.355,0.35500880270776386,1000.0,2,0.0,0.0,0.0,0.0
2292,2292,1,1.0025,0.0,0.355,1.063499529854151,1000.0,2,0.0,0.0,0.0,0.0
2293,2293,1,-0.0025,0.0,0.3575,0.3575087411518773,1000.0,2,0.0,0.0,0.0,0.0
2294,2294,1,1.0025,0.0,0.3575,1.0643366478704,1000.0,2,0.0,0.0,0.0,0.0
2295,2295,1,-0.0025,0.0,0.36,0.36000868045090245,1000.0,2,0.0,0.0,0.0,0.0
2296,2296,1,1.0025,0.0,0.36,1.0651789755717112,1000.0,2,0.0,0.0,0.0,0.0
2297,2297,1,-0.0025,0.0,0.3625,0.3625086205871524,1000.0,2,0.0,0.0,0.0,0.0
2298,2298,1,1.0025,0.0,0.3625,1.0660265006086855,1000.0,2,0.0,0.0,0.0,0.0
2299,2299,1,-0.0025,0.0,0.365,0.3650085615434246,1000.0,2,0.0,0.0,0.0,0.0
2300,2300,1,1.0025,0.0,0.365,1.0668792105950888,1000.0,2,0.0,0.0,0.0,0.0
2301,2301,1,-0.0025,0.0,0.3675,0.3675085033029848,1000.0,2,0.0,0.0,0.0,0.0
2302,2302,1,1.0025,0.0,0.3675,1.0677370931085985,1000.0,2,0.0,0.0,0.0,0.0
2303,2303,1,-0.0025,0.0,0.37,0.37000844584955084,1000.0,2,0.0,0.0,0.0,0.0
2304,2304,1,1.0025,0.0,0.37,1.0686001356915504,1000.0,2,0.0,0.0,0.0,0.0
2305,2305,1,-0.0025,0.0,0.3725,0.3725083891672777,1000.0,2,0.0,0.0,0.0,0.0
2306,2306,1,1.0025,0.0,0.3725,1.0694683258516822,1000.0,2,0.0,0.0,0.0,0.0
2307,2307,1,-0.0025,0.0,0.375,0.37500833324074284,1000.0,2,0.0,0.0,0.0,0.0
2308,2308,1,1.0025,0.0,0.375,1.0703416510628743,1000.0,2,0.0,0.0,0.0,0.0
2309,2309,1,-0.0025,0.0,0.3775,0.3775082780549322,1000.0,2,0.0,0.0,0.0,0.0
2310,2310,1,1.0025,0.0,0.3775,1.0712200987658884,1000.0,2,0.0,0.0,0.0,0.0
2311,2311,1,-0.0025,0.0,0.38,0.38000822359522696,1000.0,2,0.0,0.0,0.0,0.0
2312,2312,1,1.0025,0.0,0.38,1.072103656369103,1000.0,2,0.0,0.0,0.0,0.0
2313,2313,1,-0.0025,0.0,0.3825,0.38250816984739033,1000.0,2,0.0,0.0,0.0,0.0
2314,2314,1,1.0025,0.0,0.3825,1.0729923112492465,1000.0,2,0.0,0.0,0.0,0.0
2315,2315,1,-0.0025,0.0,0.385,0.3850081167975553,1000.0,2,0.0,0.0,0.0,0.0
2316,2316,1,1.0025,0.0,0.385,1.073886050752127,1000.0,2,0.0,0.0,0.0,0.0
2317,2317,1,-0.0025,0.0,0.3875,0.38750806443221286,1000.0,2,0.0,0.0,0.0,0.0
2318,2318,1,1.0025,0.0,0.3875,1.07478486219336,1000.0,2,0.0,0.0,0.0,0.0
2319,2319,1,-0.0025,0.0,0.39,0.39000801273820007,1000.0,2,0.0,0.0,0.0,0.0
2320,2320,1,1.0025,0.0,0.39,1.0756887328590925,1000.0,2,0.0,0.0,0.0,0.0
2321,2321,1,-0.0025,0.0,0.3925,0.3925079617026896,1000.0,2,0.0,0.0,0.0,0.0
2322,2322,1,1.0025,0.0,0.3925,1.0765976500067236,1000.0,2,0.0,0.0,0.0,0.0
2323,2323,1,-0.0025,0.0,0.395,0.3950079113131787,1000.0,2,0.0,0.0,0.0,0.0
2324,2324,1,1.0025,0.0,0.395,1.077511600865624,1000.0,2,0.0,0.0,0.0,0.0
2325,2325,1,-0.0025,0.0,0.3975,0.3975078615574792,1000.0,2,0.0,0.0,0.0,0.0
2326,2326,1,1.0025,0.0,0.3975,1.0784305726378494,1000.0,2,0.0,0.0,0.0,0.0
2327,2327,1,-0.0025,0.0,0.4,0.4000078124237076,1000.0,2,0.0,0.0,0.0,0.0
2328,2328,1,1.0025,0.0,0.4,1.0793545524988533,1000.0,2,0.0,0.0,0.0,0.0
2329,2329,1,-0.0025,0.0,0.4025,0.40250776390027565,1000.0,2,0.0,0.0,0.0,0.0
2330,2330,1,1.0025,0.0,0.4025,1.0802835275981948,1000.0,2,0.0,0.0,0.0,0.0
2331,2331,1,-0.0025,0.0,0.405,0.4050077159758812,1000.0,2,0.0,0.0,0.0,0.0
2332,2332,1,1.0025,0.0,0.405,1.0812174850602445,1000.0,2,0.0,0.0,0.0,0.0
2333,2333,1,-0.0025,0.0,0.4075,0.40750766863949933,1000.0,2,0.0,0.0,0.0,0.0
2334,2334,1,1.0025,0.0,0.4075,1.0821564119848848,1000.0,2,0.0,0.0,0.0,0.0
2335,2335,1,-0.0025,0.0,0.41,0.4100076218803743,1000.0,2,0.0,0.0,0.0,0.0
2336,2336,1,1.0025,0.0,0.41,1.08310029544821,1000.0,2,0.0,0.0,0.0,0.0
2337,2337,1,-0.0025,0.0,0.4125,0.41250757568801083,1000.0,2,0.0,0.0,0.0,0.0
2338,2338,1,1.0025,0.0,0.4125,1.0840491225032194,1000.0,2,0.0,0.0,0.0,0.0
2339,2339,1,-0.0025,0.0,0.415,0.4150075300521667,1000.0,2,0.0,0.0,0.0,0.0
2340,2340,1,1.0025,0.0,0.415,1.085002880180509,1000.0,2,0.0,0.0,0.0,0.0
2341,2341,1,-0.0025,0.0,0.4175,0.41750748496284473,1000.0,2,0.0,0.0,0.0,0.0
2342,2342,1,1.0025,0.0,0.4175,1.0859615554889592,1000.0,2,0.0,0.0,0.0,0.0
2343,2343,1,-0.0025,0.0,0.42,0.42000744041028604,1000.0,2,0.0,0.0,0.0,0.0
2344,2344,1,1.0025,0.0,0.42,1.0869251354164184,1000.0,2,0.0,0.0,0.0,0.0
2345,2345,1,-0.0025,0.0,0.4225,0.4225073963849627,1000.0,2,0.0,0.0,0.0,0.0
2346,2346,1,1.0025,0.0,0.4225,1.0878936069303835,1000.0,2,0.0,0.0,0.0,0.0
2347,2347,1,-0.0025,0.0,0.425,0.4250073528775708,1000.0,2,0.0,0.0,0.0,0.0
2348,2348,1,1.0025,0.0,0.425,1.088866956978675,1000.0,2,0.0,0.0,0.0,0.0
2349,2349,1,-0.0025,0.0,0.4275,0.4275073098790242,1000.0,2,0.0,0.0,0.0,0.0
2350,2350,1,1.0025,0.0,0.4275,1.089845172490111,1000.0,2,0.0,0.0,0.0,0.0
2351,2351,1,-0.0025,0.0,0.43,0.43000726738044787,1000.0,2,0.0,0.0,0.0,0.0
2352,2352,1,1.0025,0.0,0.43,1.0908282403751748,1000.0,2,0.0,0.0,0.0,0.0
2353,2353,1,-0.0025,0.0,0.4325,0.43250722537317227,1000.0,2,0.0,0.0,0.0,0.0
2354,2354,1,1.0025,0.0,0.4325,1.0918161475266794,1000.0,2,0.0,0.0,0.0,0.0
2355,2355,1,-0.0025,0.0,0.435,0.43500718384872683,1000.0,2,0.0,0.0,0.0,0.0
2356,2356,1,1.0025,0.0,0.435,1.0928088808204295,1000.0,2,0.0,0.0,0.0,0.0
2357,2357,1,-0.0025,0.0,0.4375,0.4375071427988348,1000.0,2,0.0,0.0,0.0,0.0
2358,2358,1,1.0025,0.0,0.4375,1.0938064271158767,1000.0,2,0.0,0.0,0.0,0.0
2359,2359,1,-0.0025,0.0,0.44,0.44000710221540745,1000.0,2,0.0,0.0,0.0,0.0
2360,2360,1,1.0025,0.0,0.44,1.0948087732567728,1000.0,2,0.0,0.0,0.0,0.0
2361,2361,1,-0.0025,0.0,0.4425,0.44250706209053886,1000.0,2,0.0,0.0,0.0,0.0
2362,2362,1,1.0025,0.0,0.4425,1.0958159060718182,1000.0,2,0.0,0.0,0.0,0.0
2363,2363,1,-0.0025,0.0,0.445,0.44500702241650075,1000.0,2,0.0,0.0,0.0,0.0
2364,2364,1,1.0025,0.0,0.445,1.0968278123753064,1000.0,2,0.0,0.0,0.0,0.0
2365,2365,1,-0.0025,0.0,0.4475,0.44750698318573756,1000.0,2,0.0,0.0,0.0,0.0
2366,2366,1,1.0025,0.0,0.4475,1.0978444789677635,1000.0,2,0.0,0.0,0.0,0.0
2367,2367,1,-0.0025,0.0,0.45,0.45000694439086164,1000.0,2,0.0,0.0,0.0,0.0
2368,2368,1,1.0025,0.0,0.45,1.0988658926365855,1000.0,2,0.0,0.0,0.0,0.0
2369,2369,1,-0.0025,0.0,0.4525,0.45250690602464844,1000.0,2,0.0,0.0,0.0,0.0
2370,2370,1,1.0025,0.0,0.4525,1.0998920401566692,1000.0,2,0.0,0.0,0.0,0.0
2371,2371,1,-0.0025,0.0,0.455,0.45500686808003243,1000.0,2,0.0,0.0,0.0,0.0
2372,2372,1,1.0025,0.0,0.455,1.1009229082910392,1000.0,2,0.0,0.0,0.0,0.0
2373,2373,1,-0.0025,0.0,0.4575,0.45750683055010233,1000.0,2,0.0,0.0,0.0,0.0
2374,2374,1,1.0025,0.0,0.4575,1.101958483791472,1000.0,2,0.0,0.0,0.0,0.0
2375,2375,1,-0.0025,0.0,0.46,0.46000679342809714,1000.0,2,0.0,0.0,0.0,0.0
2376,2376,1,1.0025,0.0,0.46,1.1029987533991141,1000.0,2,0.0,0.0,0.0,0.0
2377,2377,1,-0.0025,0.0,0.4625,0.4625067567074021,1000.0,2,0.0,0.0,0.0,0.0
2378,2378,1,1.0025,0.0,0.4625,1.1040437038450968,1000.0,2,0.0,0.0,0.0,0.0
2379,2379,1,-0.0025,0.0,0.465,0.4650067203815446,1000.0,2,0.0,0.0,0.0,0.0
2380,2380,1,1.0025,0.0,0.465,1.1050933218511458,1000.0,2,0.0,0.0,0.0,0.0
2381,2381,1,-0.0025,0.0,0.4675,0.46750668444419063,1000.0,2,0.0,0.0,0.0,0.0
2382,2382,1,1.0025,0.0,0.4675,1.1061475941301866,1000.0,2,0.0,0.0,0.0,0.0
2383,2383,1,-0.0025,0.0,0.47,0.47000664888914073,1000.0,2,0.0,0.0,0.0,0.0
2384,2384,1,1.0025,0.0,0.47,1.1072065073869464,1000.0,2,0.0,0.0,0.0,0.0
2385,2385,1,-0.0025,0.0,0.4725,0.4725066137103268,1000.0,2,0.0,0.0,0.0,0.0
2386,2386,1,1.0025,0.0,0.4725,1.1082700483185495,1000.0,2,0.0,0.0,0.0,0.0
2387,2387,1,-0.0025,0.0,0.475,0.4750065789018085,1000.0,2,0.0,0.0,0.0,0.0
2388,2388,1,1.0025,0.0,0.475,1.1093382036151103,1000.0,2,0.0,0.0,0.0,0.0
2389,2389,1,-0.0025,0.0,0.4775,0.47750654445776974,1000.0,2,0.0,0.0,0.0,0.0
2390,2390,1,1.0025,0.0,0.4775,1.1104109599603202,1000.0,2,0.0,0.0,0.0,0.0
2391,2391,1,-0.0025,0.0,0.48,0.4800065103725157,1000.0,2,0.0,0.0,0.0,0.0
2392,2392,1,1.0025,0.0,0.48,1.1114883040320307,1000.0,2,0.0,0.0,0.0,0.0
2393,2393,1,-0.0025,0.0,0.4825,0.4825064766404696,1000.0,2,0.0,0.0,0.0,0.0
2394,2394,1,1.0025,0.0,0.4825,1.1125702225028316,1000.0,2,0.0,0.0,0.0,0.0
2395,2395,1,-0.0025,0.0,0.485,0.48500644325616954,1000.0,2,0.0,0.0,0.0,0.0
2396,2396,1,1.0025,0.0,0.485,1.1136567020406243,1000.0,2,0.0,0.0,0.0,0.0
2397,2397,1,-0.0025,0.0,0.4875,0.4875064102142658,1000.0,2,0.0,0.0,0.0,0.0
2398,2398,1,1.0025,0.0,0.4875,1.114747729309192,1000.0,2,0.0,0.0,0.0,0.0
2399,2399,1,-0.0025,0.0,0.49,0.4900063775095177,1000.0,2,0.0,0.0,0.0,0.0
2400,2400,1,1.0025,0.0,0.49,1.1158432909687632,1000.0,2,0.0,0.0,0.0,0.0
2401,2401,1,-0.0025,0.0,0.4925,0.49250634513679115,1000.0,2,0.0,0.0,0.0,0.0
2402,2402,1,1.0025,0.0,0.4925,1.1169433736765708,1000.0,2,0.0,0.0,0.0,0.0
2403,2403,1,-0.0025,0.0,0.495,0.4950063130910554,1000.0,2,0.0,0.0,0.0,0.0
2404,2404,1,1.0025,0.0,0.495,1.1180479640874088,1000.0,2,0.0,0.0,0.0,0.0
2405,2405,1,-0.0025,0.0,0.4975,0.49750628136738134,1000.0,2,0.0,0.0,0.0,0.0
2406,2406,1,1.0025,0.0,0.4975,1.119157048854181,1000.0,2,0.0,0.0,0.0,0.0
2407,2407,1,-0.0025,0.0,0.5,0.500006249960938,1000.0,2,0.0,0.0,0.0,0.0
2408,2408,1,1.0025,0.0,0.5,1.1202706146284476,1000.0,2,0.0,0.0,0.0,0.0
2409,2409,1,-0.0025,0.0,0.5025,0.5025062188669907,1000.0,2,0.0,0.0,0.0,0.0
2410,2410,1,1.0025,0.0,0.5025,1.1213886480609654,1000.0,2,0.0,0.0,0.0,0.0
2411,2411,1,-0.0025,0.0,0.505,0.5050061880808987,1000.0,2,0.0,0.0,0.0,0.0
2412,2412,1,1.0025,0.0,0.505,1.1225111358022244,1000.0,2,0.0,0.0,0.0,0.0
2413,2413,1,-0.0025,0.0,0.5075,0.5075061575981122,1000.0,2,0.0,0.0,0.0,0.0
2414,2414,1,1.0025,0.0,0.5075,1.1236380645029787,1000.0,2,0.0,0.0,0.0,0.0
2415,2415,1,-0.0025,0.0,0.51,0.5100061274141714,1000.0,2,0.0,0.0,0.0,0.0
2416,2416,1,1.0025,0.0,0.51,1.124769420814773,1000.0,2,0.0,0.0,0.0,0.0
2417,2417,1,-0.0025,0.0,0.5125,0.5125060975247026,1000.0,2,0.0,0.0,0.0,0.0
2418,2418,1,1.0025,0.0,0.5125,1.1259051913904652,1000.0,2,0.0,0.0,0.0,0.0
2419,2419,1,-0.0025,0.0,0.515,0.5150060679254177,1000.0,2,0.0,0.0,0.0,0.0
2420,2420,1,1.0025,0.0,0.515,1.127045362884742,1000.0,2,0.0,0.0,0.0,0.0
2421,2421,1,-0.0025,0.0,0.5175,0.5175060386121112,1000.0,2,0.0,0.0,0.0,0.0
2422,2422,1,1.0025,0.0,0.5175,1.1281899219546325,1000.0,2,0.0,0.0,0.0,0.0
2423,2423,1,-0.0025,0.0,0.52,0.5200060095806586,1000.0,2,0.0,0.0,0.0,0.0
2424,2424,1,1.0025,0.0,0.52,1.1293388552600145,1000.0,2,0.0,0.0,0.0,0.0
2425,2425,1,-0.0025,0.0,0.5225,0.522505980827014,1000.0,2,0.0,0.0,0.0,0.0
2426,2426,1,1.0025,0.0,0.5225,1.1304921494641171,1000.0,2,0.0,0.0,0.0,0.0
2427,2427,1,-0.0025,0.0,0.525,0.5250059523472091,1000.0,2,0.0,0.0,0.0,0.0
2428,2428,1,1.0025,0.0,0.525,1.1316497912340195,1000.0,2,0.0,0.0,0.0,0.0
2429,2429,1,-0.0025,0.0,0.5275,0.5275059241373503,1000.0,2,0.0,0.0,0.0,0.0
2430,2430,1,1.0025,0.0,0.5275,1.1328117672411422,1000.0,2,0.0,0.0,0.0,0.0
2431,2431,1,-0.0025,0.0,0.53,0.5300058961936178,1000.0,2,0.0,0.0,0.0,0.0
2432,2432,1,1.0025,0.0,0.53,1.1339780641617367,1000.0,2,0.0,0.0,0.0,0.0
2433,2433,1,-0.0025,0.0,0.5325,0.5325058685122633,1000.0,2,0.0,0.0,0.0,0.0
2434,2434,1,1.0025,0.0,0.5325,1.1351486686773675,1000.0,2,0.0,0.0,0.0,0.0
2435,2435,1,-0.0025,0.0,0.535,0.535005841089609,1000.0,2,0.0,0.0,0.0,0.0
2436,2436,1,1.0025,0.0,0.535,1.136323567475391,1000.0,2,0.0,0.0,0.0,0.0
2437,2437,1,-0.0025,0.0,0.5375,0.5375058139220449,1000.0,2,0.0,0.0,0.0,0.0
2438,2438,1,1.0025,0.0,0.5375,1.1375027472494297,1000.0,2,0.0,0.0,0.0,0.0
2439,2439,1,-0.0025,0.0,0.54,0.5400057870060283,1000.0,2,0.0,0.0,0.0,0.0
2440,2440,1,1.0025,0.0,0.54,1.1386861946998392,1000.0,2,0.0,0.0,0.0,0.0
2441,2441,1,-0.0025,0.0,0.5425,0.5425057603380815,1000.0,2,0.0,0.0,0.0,0.0
2442,2442,1,1.0025,0.0,0.5425,1.1398738965341735,1000.0,2,0.0,0.0,0.0,0.0
2443,2443,1,-0.0025,0.0,0.545,0.545005733914791,1000.0,2,0.0,0.0,0.0,0.0
2444,2444,1,1.0025,0.0,0.545,1.1410658394676443,1000.0,2,0.0,0.0,0.0,0.0
2445,2445,1,-0.0025,0.0,0.5475,0.5475057077328053,1000.0,2,0.0,0.0,0.0,0.0
2446,2446,1,1.0025,0.0,0.5475,1.1422620102235739,1000.0,2,0.0,0.0,0.0,0.0
2447,2447,1,-0.0025,0.0,0.55,0.5500056817888339,1000.0,2,0.0,0.0,0.0,0.0
2448,2448,1,1.0025,0.0,0.55,1.1434623955338452,1000.0,2,0.0,0.0,0.0,0.0
2449,2449,1,-0.0025,0.0,0.5525,0.552505656079646,1000.0,2,0.0,0.0,0.0,0.0
2450,2450,1,1.0025,0.0,0.5525,1.144666982139347,1000.0,2,0.0,0.0,0.0,0.0
2451,2451,1,-0.0025,0.0,0.555,0.5550056306020688,1000.0,2,0.0,0.0,0.0,0.0
2452,2452,1,1.0025,0.0,0.555,1.145875756790412,1000.0,2,0.0,0.0,0.0,0.0
2453,2453,1,-0.0025,0.0,0.5575,0.5575056053529865,1000.0,2,0.0,0.0,0.0,0.0
2454,2454,1,1.0025,0.0,0.5575,1.1470887062472543,1000.0,2,0.0,0.0,0.0,0.0
2455,2455,1,-0.0025,0.0,0.56,0.5600055803293392,1000.0,2,0.0,0.0,0.0,0.0
2456,2456,1,1.0025,0.0,0.56,1.1483058172803968,1000.0,2,0.0,0.0,0.0,0.0
2457,2457,1,-0.0025,0.0,0.5625,0.562505555528121,1000.0,2,0.0,0.0,0.0,0.0
2458,2458,1,1.0025,0.0,0.5625,1.1495270766710977,1000.0,2,0.0,0.0,0.0,0.0
2459,2459,1,-0.0025,0.0,0.565,0.5650055309463793,1000.0,2,0.0,0.0,0.0,0.0
2460,2460,1,1.0025,0.0,0.565,1.1507524712117718,1000.0,2,0.0,0.0,0.0,0.0
2461,2461,1,-0.0025,0.0,0.5675,0.5675055065812137,1000.0,2,0.0,0.0,0.0,0.0
2462,2462,1,1.0025,0.0,0.5675,1.151981987706405,1000.0,2,0.0,0.0,0.0,0.0
2463,2463,1,-0.0025,0.0,0.57,0.5700054824297744,1000.0,2,0.0,0.0,0.0,0.0
2464,2464,1,1.0025,0.0,0.57,1.1532156129709656,1000.0,2,0.0,0.0,0.0,0.0
2465,2465,1,-0.0025,0.0,0.5725,0.5725054584892619,1000.0,2,0.0,0.0,0.0,0.0
2466,2466,1,1.0025,0.0,0.5725,1.1544533338338105,1000.0,2,0.0,0.0,0.0,0.0
2467,2467,1,-0.0025,0.0,0.575,0.5750054347569247,1000.0,2,0.0,0.0,0.0,0.0
2468,2468,1,1.0025,0.0,0.575,1.1556951371360873,1000.0,2,0.0,0.0,0.0,0.0
2469,2469,1,-0.0025,0.0,0.5775,0.5775054112300594,1000.0,2,0.0,0.0,0.0,0.0
2470,2470,1,1.0025,0.0,0.5775,1.1569410097321298,1000.0,2,0.0,0.0,0.0,0.0
2471,2471,1,-0.0025,0.0,0.58,0.580005387906009,1000.0,2,0.0,0.0,0.0,0.0
2472,2472,1,1.0025,0.0,0.58,1.15819093848985,1000.0,2,0.0,0.0,0.0,0.0
2473,2473,1,-0.0025,0.0,0.5825,0.5825053647821623,1000.0,2,0.0,0.0,0.0,0.0
2474,2474,1,1.0025,0.0,0.5825,1.1594449102911273,1000.0,2,0.0,0.0,0.0,0.0
2475,2475,1,-0.0025,0.0,0.585,0.5850053418559525,1000.0,2,0.0,0.0,0.0,0.0
2476,2476,1,1.0025,0.0,0.585,1.1607029120321875,1000.0,2,0.0,0.0,0.0,0.0
2477,2477,1,-0.0025,0.0,0.5875,0.5875053191248569,1000.0,2,0.0,0.0,0.0,0.0
2478,2478,1,1.0025,0.0,0.5875,1.161964930623984,1000.0,2,0.0,0.0,0.0,0.0
2479,2479,1,-0.0025,0.0,0.59,0.590005296586395,1000.0,2,0.0,0.0,0.0,0.0
2480,2480,1,1.0025,0.0,0.59,1.1632309529925688,1000.0,2,0.0,0.0,0.0,0.0
2481,2481,1,-0.0025,0.0,0.5925,0.5925052742381286,1000.0,2,0.0,0.0,0.0,0.0
2482,2482,1,1.0025,0.0,0.5925,1.1645009660794619,1000.0,2,0.0,0.0,0.0,0.0
2483,2483,1,-0.0025,0.0,0.595,0.5950052520776602,1000.0,2,0.0,0.0,0.0,0.0
2484,2484,1,1.0025,0.0,0.595,1.1657749568420142,1000.0,2,0.0,0.0,0.0,0.0
2485,2485,1,-0.0025,0.0,0.5975,0.5975052301026327,1000.0,2,0.0,0.0,0.0,0.0
2486,2486,1,1.0025,0.0,0.5975,1.1670529122537674,1000.0,2,0.0,0.0,0.0,0.0
2487,2487,1,-0.0025,0.0,0.6,0.6000052083107279,1000.0,2,0.0,0.0,0.0,0.0
2488,2488,1,1.0025,0.0,0.6,1.1683348193048086,1000.0,2,0.0,0.0,0.0,0.0
2489,2489,1,-0.0025,0.0,0.6025,0.6025051866996666,1000.0,2,0.0,0.0,0.0,0.0
2490,2490,1,1.0025,0.0,0.6025,1.1696206650021193,1000.0,2,0.0,0.0,0.0,0.0
2491,2491,1,-0.0025,0.0,0.605,0.6050051652672066,1000.0,2,0.0,0.0,0.0,0.0
2492,2492,1,1.0025,0.0,0.605,1.1709104363699214,1000.0,2,0.0,0.0,0.0,0.0
2493,2493,1,-0.0025,0.0,0.6075,0.6075051440111433,1000.0,2,0.0,0.0,0.0,0.0
2494,2494,1,1.0025,0.0,0.6075,1.1722041204500178,1000.0,2,0.0,0.0,0.0,0.0
2495,2495,1,-0.0025,0.0,0.61,0.6100051229293079,1000.0,2,0.0,0.0,0.0,0.0
2496,2496,1,1.0025,0.0,0.61,1.1735017043021283,1000.0,2,0.0,0.0,0.0,0.0
2497,2497,1,-0.0025,0.0,0.6125,0.6125051020195669,1000.0,2,0.0,0.0,0.0,0.0
2498,2498,1,1.0025,0.0,0.6125,1.1748031750042216,1000.0,2,0.0,0.0,0.0,0.0
2499,2499,1,-0.0025,0.0,0.615,0.6150050812798216,1000.0,2,0.0,0.0,0.0,0.0
2500,2500,1,1.0025,0.0,0.615,1.1761085196528422,1000.0,2,0.0,0.0,0.0,0.0
2501,2501,1,-0.0025,0.0,0.6175,0.6175050607080075,1000.0,2,0.0,0.0,0.0,0.0
2502,2502,1,1.0025,0.0,0.6175,1.1774177253634328,1000.0,2,0.0,0.0,0.0,0.0
2503,2503,1,-0.0025,0.0,0.62,0.620005040302093,1000.0,2,0.0,0.0,0.0,0.0
2504,2504,1,1.0025,0.0,0.62,1.1787307792706525,1000.0,2,0.0,0.0,0.0,0.0
2505,2505,1,-0.0025,0.0,0.6225,0.6225050200600796,1000.0,2,0.0,0.0,0.0,0.0
2506,2506,1,1.0025,0.0,0.6225,1.1800476685286914,1000.0,2,0.0,0.0,0.0,0.0
2507,2507,1,-0.0025,0.0,0.625,0.6250049999800001,1000.0,2,0.0,0.0,0.0,0.0
2508,2508,1,1.0025,0.0,0.625,1.1813683803115775,1000.0,2,0.0,0.0,0.0,0.0
2509,2509,1,-0.0025,0.0,0.6275,0.6275049800599194,1000.0,2,0.0,0.0,0.0,0.0
2510,2510,1,1.0025,0.0,0.6275,1.1826929018134842,1000.0,2,0.0,0.0,0.0,0.0
2511,2511,1,-0.0025,0.0,0.63,0.630004960297933,1000.0,2,0.0,0.0,0.0,0.0
2512,2512,1,1.0025,0.0,0.63,1.184021220249029,1000.0,2,0.0,0.0,0.0,0.0
2513,2513,1,-0.0025,0.0,0.6325,0.6325049406921656,1000.0,2,0.0,0.0,0.0,0.0
2514,2514,1,1.0025,0.0,0.6325,1.18535332285357,1000.0,2,0.0,0.0,0.0,0.0
2515,2515,1,-0.0025,0.0,0.635,0.6350049212407728,1000.0,2,0.0,0.0,0.0,0.0
2516,2516,1,1.0025,0.0,0.635,1.1866891968834974,1000.0,2,0.0,0.0,0.0,0.0
2517,2517,1,-0.0025,0.0,0.6375,0.637504901941938,1000.0,2,0.0,0.0,0.0,0.0
2518,2518,1,1.0025,0.0,0.6375,1.1880288296165207,1000.0,2,0.0,0.0,0.0,0.0
2519,2519,1,-0.0025,0.0,0.64,0.6400048827938737,1000.0,2,0.0,0.0,0.0,0.0
2520,2520,1,1.0025,0.0,0.64,1.1893722083519522,1000.0,2,0.0,0.0,0.0,0.0
2521,2521,1,-0.0025,0.0,0.6425,0.6425048637948197,1000.0,2,0.0,0.0,0.0,0.0
2522,2522,1,1.0025,0.0,0.6425,1.1907193204109858,1000.0,2,0.0,0.0,0.0,0.0
2523,2523,1,-0.0025,0.0,0.645,0.6450048449430439,1000.0,2,0.0,0.0,0.0,0.0
2524,2524,1,1.0025,0.0,0.645,1.1920701531369704,1000.0,2,0.0,0.0,0.0,0.0
2525,2525,1,-0.0025,0.0,0.6475,0.6475048262368397,1000.0,2,0.0,0.0,0.0,0.0
2526,2526,1,1.0025,0.0,0.6475,1.193424693895681,1000.0,2,0.0,0.0,0.0,0.0
2527,2527,1,-0.0025,0.0,0.65,0.650004807674528,1000.0,2,0.0,0.0,0.0,0.0
2528,2528,1,1.0025,0.0,0.65,1.1947829300755848,1000.0,2,0.0,0.0,0.0,0.0
2529,2529,1,-0.0025,0.0,0.6525,0.6525047892544544,1000.0,2,0.0,0.0,0.0,0.0
2530,2530,1,1.0025,0.0,0.6525,1.1961448490881026,1000.0,2,0.0,0.0,0.0,0.0
2531,2531,1,-0.0025,0.0,0.655,0.6550047709749907,1000.0,2,0.0,0.0,0.0,0.0
2532,2532,1,1.0025,0.0,0.655,1.1975104383678665,1000.0,2,0.0,0.0,0.0,0.0
2533,2533,1,-0.0025,0.0,0.6575,0.6575047528345327,1000.0,2,0.0,0.0,0.0,0.0
2534,2534,1,1.0025,0.0,0.6575,1.1988796853729735,1000.0,2,0.0,0.0,0.0,0.0
2535,2535,1,-0.0025,0.0,0.66,0.660004734831501,1000.0,2,0.0,0.0,0.0,0.0
2536,2536,1,1.0025,0.0,0.66,1.2002525775852346,1000.0,2,0.0,0.0,0.0,0.0
2537,2537,1,-0.0025,0.0,0.6625,0.6625047169643398,1000.0,2,0.0,0.0,0.0,0.0
2538,2538,1,1.0025,0.0,0.6625,1.201629102510421,1000.0,2,0.0,0.0,0.0,0.0
2539,2539,1,-0.0025,0.0,0.665,0.6650046992315167,1000.0,2,0.0,0.0,0.0,0.0
2540,2540,1,1.0025,0.0,0.665,1.203009247678504,1000.0,2,0.0,0.0,0.0,0.0
2541,2541,1,-0.0025,0.0,0.6675,0.6675046816315223,1000.0,2,0.0,0.0,0.0,0.0
2542,2542,1,1.0025,0.0,0.6675,1.2043930006438928,1000.0,2,0.0,0.0,0.0,0.0
2543,2543,1,-0.0025,0.0,0.67,0.6700046641628699,1000.0,2,0.0,0.0,0.0,0.0
2544,2544,1,1.0025,0.0,0.67,1.2057803489856682,1000.0,2,0.0,0.0,0.0,0.0
2545,2545,1,-0.0025,0.0,0.6725,0.6725046468240944,1000.0,2,0.0,0.0,0.0,0.0
2546,2546,1,1.0025,0.0,0.6725,1.2071712803078112,1000.0,2,0.0,0.0,0.0,0.0
2547,2547,1,-0.0025,0.0,0.675,0.6750046296137531,1000.0,2,0.0,0.0,0.0,0.0
2548,2548,1,1.0025,0.0,0.675,1.2085657822394278,1000.0,2,0.0,0.0,0.0,0.0
2549,2549,1,-0.0025,0.0,0.6775,0.677504612530424,1000.0,2,0.0,0.0,0.0,0.0
2550,2550,1,1.0025,0.0,0.6775,1.2099638424349712,1000.0,2,0.0,0.0,0.0,0.0
2551,2551,1,-0.0025,0.0,0.68,0.6800045955727064,1000.0,2,0.0,0.0,0.0,0.0
2552,2552,1,1.0025,0.0,0.68,1.211365448574459,1000.0,2,0.0,0.0,0.0,0.0
2553,2553,1,-0.0025,0.0,0.6825,0.6825045787392199,1000.0,2,0.0,0.0,0.0,0.0
2554,2554,1,1.0025,0.0,0.6825,1.2127705883636855,1000.0,2,0.0,0.0,0.0,0.0
2555,2555,1,-0.0025,0.0,0.685,0.6850045620286044,1000.0,2,0.0,0.0,0.0,0.0
2556,2556,1,1.0025,0.0,0.685,1.2141792495344335,1000.0,2,0.0,0.0,0.0,0.0
2557,2557,1,-0.0025,0.0,0.6875,0.6875045454395192,1000.0,2,0.0,0.0,0.0,0.0
2558,2558,1,1.0025,0.0,0.6875,1.2155914198446778,1000.0,2,0.0,0.0,0.0,0.0
2559,2559,1,-0.0025,0.0,0.69,0.6900045289706437,1000.0,2,0.0,0.0,0.0,0.0
2560,2560,1,1.0025,0.0,0.69,1.2170070870787892,1000.0,2,0.0,0.0,0.0,0.0
2561,2561,1,-0.0025,0.0,0.6925,0.692504512620676,1000.0,2,0.0,0.0,0.0,0.0
2562,2562,1,1.0025,0.0,0.6925,1.2184262390477316,1000.0,2,0.0,0.0,0.0,0.0
2563,2563,1,-0.0025,0.0,0.695,0.6950044963883326,1000.0,2,0.0,0.0,0.0,0.0
2564,2564,1,1.0025,0.0,0.695,1.2198488635892561,1000.0,2,0.0,0.0,0.0,0.0
2565,2565,1,-0.0025,0.0,0.6975,0.6975044802723492,1000.0,2,0.0,0.0,0.0,0.0
2566,2566,1,1.0025,0.0,0.6975,1.2212749485680936,1000.0,2,0.0,0.0,0.0,0.0
2567,2567,1,-0.0025,0.0,0.7,0.7000044642714787,1000.0,2,0.0,0.0,0.0,0.0
2568,2568,1,1.0025,0.0,0.7,1.22270448187614,1000.0,2,0.0,0.0,0.0,0.0
2569,2569,1,-0.0025,0.0,0.7025,0.7025044483844924,1000.0,2,0.0,0.0,0.0,0.0
2570,2570,1,1.0025,0.0,0.7025,1.2241374514326404,1000.0,2,0.0,0.0,0.0,0.0
2571,2571,1,-0.0025,0.0,0.705,0.7050044326101786,1000.0,2,0.0,0.0,0.0,0.0
2572,2572,1,1.0025,0.0,0.705,1.2255738451843692,1000.0,2,0.0,0.0,0.0,0.0
2573,2573,1,-0.0025,0.0,0.7075,0.7075044169473432,1000.0,2,0.0,0.0,0.0,0.0
2574,2574,1,1.0025,0.0,0.7075,1.2270136511058056,1000.0,2,0.0,0.0,0.0,0.0
2575,2575,1,-0.0025,0.0,0.71,0.7100044013948082,1000.0,2,0.0,0.0,0.0,0.0
2576,2576,1,1.0025,0.0,0.71,1.2284568571993075,1000.0,2,0.0,0.0,0.0,0.0
2577,2577,1,-0.0025,0.0,0.7125,0.712504385951413,1000.0,2,0.0,0.0,0.0,0.0
2578,2578,1,1.0025,0.0,0.7125,1.229903451495279,1000.0,2,0.0,0.0,0.0,0.0
2579,2579,1,-0.0025,0.0,0.715,0.7150043706160123,1000.0,2,0.0,0.0,0.0,0.0
2580,2580,1,1.0025,0.0,0.715,1.2313534220523366,1000.0,2,0.0,0.0,0.0,0.0
2581,2581,1,-0.0025,0.0,0.7175,0.7175043553874778,1000.0,2,0.0,0.0,0.0,0.0
2582,2582,1,1.0025,0.0,0.7175,1.2328067569574723,1000.0,2,0.0,0.0,0.0,0.0
2583,2583,1,-0.0025,0.0,0.72,0.7200043402646958,1000.0,2,0.0,0.0,0.0,0.0
2584,2584,1,1.0025,0.0,0.72,1.2342634443262102,1000.0,2,0.0,0.0,0.0,0.0
2585,2585,1,-0.0025,0.0,0.7225,0.722504325246569,1000.0,2,0.0,0.0,0.0,0.0
2586,2586,1,1.0025,0.0,0.7225,1.235723472302764,1000.0,2,0.0,0.0,0.0,0.0
2587,2587,1,-0.0025,0.0,0.725,0.7250043103320145,1000.0,2,0.0,0.0,0.0,0.0
2588,2588,1,1.0025,0.0,0.725,1.2371868290601868,1000.0,2,0.0,0.0,0.0,0.0
2589,2589,1,-0.0025,0.0,0.7275,0.7275042955199646,1000.0,2,0.0,0.0,0.0,0.0
2590,2590,1,1.0025,0.0,0.7275,1.238653502800521,1000.0,2,0.0,0.0,0.0,0.0
2591,2591,1,-0.0025,0.0,0.73,0.7300042808093662,1000.0,2,0.0,0.0,0.0,0.0
2592,2592,1,1.0025,0.0,0.73,1.240123481754942,1000.0,2,0.0,0.0,0.0,0.0
2593,2593,1,-0.0025,0.0,0.7325,0.7325042661991806,1000.0,2,0.0,0.0,0.0,0.0
2594,2594,1,1.0025,0.0,0.7325,1.2415967541839017,1000.0,2,0.0,0.0,0.0,0.0
2595,2595,1,-0.0025,0.0,0.735,0.735004251688383,1000.0,2,0.0,0.0,0.0,0.0
2596,2596,1,1.0025,0.0,0.735,1.2430733083772654,1000.0,2,0.0,0.0,0.0,0.0
2597,2597,1,-0.0025,0.0,0.7375,0.737504237275963,1000.0,2,0.0,0.0,0.0,0.0
2598,2598,1,1.0025,0.0,0.7375,1.244553132654448,1000.0,2,0.0,0.0,0.0,0.0
2599,2599,1,-0.0025,0.0,0.74,0.7400042229609234,1000.0,2,0.0,0.0,0.0,0.0
2600,2600,1,1.0025,0.0,0.74,1.2460362153645455,1000.0,2,0.0,0.0,0.0,0.0
2601,2601,1,-0.0025,0.0,0.7425,0.7425042087422805,1000.0,2,0.0,0.0,0.0,0.0
2602,2602,1,1.0025,0.0,0.7425,1.2475225448864642,1000.0,2,0.0,0.0,0.0,0.0
2603,2603,1,-0.0025,0.0,0.745,0.7450041946190639,1000.0,2,0.0,0.0,0.0,0.0
2604,2604,1,1.0025,0.0,0.745,1.2490121096290459,1000.0,2,0.0,0.0,0.0,0.0
2605,2605,1,-0.0025,0.0,0.7475,0.7475041805903162,1000.0,2,0.0,0.0,0.0,0.0
2606,2606,1,1.0025,0.0,0.7475,1.2505048980311912,1000.0,2,0.0,0.0,0.0,0.0
2607,2607,1,-0.0025,0.0,0.75,0.7500041666550926,1000.0,2,0.0,0.0,0.0,0.0
2608,2608,1,1.0025,0.0,0.75,1.2520008985619777,1000.0,2,0.0,0.0,0.0,0.0
2609,2609,1,-0.0025,0.0,0.7525,0.7525041528124612,1000.0,2,0.0,0.0,0.0,0.0
2610,2610,1,1.0025,0.0,0.7525,1.2535000997207777,1000.0,2,0.0,0.0,0.0,0.0
2611,2611,1,-0.0025,0.0,0.755,0.7550041390615021,1000.0,2,0.0,0.0,0.0,0.0
2612,2612,1,1.0025,0.0,0.755,1.2550024900373704,1000.0,2,0.0,0.0,0.0,0.0
2613,2613,1,-0.0025,0.0,0.7575,0.7575041254013076,1000.0,2,0.0,0.0,0.0,0.0
2614,2614,1,1.0025,0.0,0.7575,1.2565080580720522,1000.0,2,0.0,0.0,0.0,0.0
2615,2615,1,-0.0025,0.0,0.76,0.7600041118309822,1000.0,2,0.0,0.0,0.0,0.0
2616,2616,1,1.0025,0.0,0.76,1.258016792415745,1000.0,2,0.0,0.0,0.0,0.0
2617,2617,1,-0.0025,0.0,0.7625,0.7625040983496416,1000.0,2,0.0,0.0,0.0,0.0
2618,2618,1,1.0025,0.0,0.7625,1.2595286816900995,1000.0,2,0.0,0.0,0.0,0.0
2619,2619,1,-0.0025,0.0,0.765,0.7650040849564138,1000.0,2,0.0,0.0,0.0,0.0
2620,2620,1,1.0025,0.0,0.765,1.2610437145475966,1000.0,2,0.0,0.0,0.0,0.0
2621,2621,1,-0.0025,0.0,0.7675,0.7675040716504375,1000.0,2,0.0,0.0,0.0,0.0
2622,2622,1,1.0025,0.0,0.7675,1.262561879671646,1000.0,2,0.0,0.0,0.0,0.0
2623,2623,1,-0.0025,0.0,0.77,0.7700040584308631,1000.0,2,0.0,0.0,0.0,0.0
2624,2624,1,1.0025,0.0,0.77,1.2640831657766824,1000.0,2,0.0,0.0,0.0,0.0
2625,2625,1,-0.0025,0.0,0.7725,0.7725040452968515,1000.0,2,0.0,0.0,0.0,0.0
2626,2626,1,1.0025,0.0,0.7725,1.2656075616082578,1000.0,2,0.0,0.0,0.0,0.0
2627,2627,1,-0.0025,0.0,0.775,0.7750040322475749,1000.0,2,0.0,0.0,0.0,0.0
2628,2628,1,1.0025,0.0,0.775,1.2671350559431303,1000.0,2,0.0,0.0,0.0,0.0
2629,2629,1,-0.0025,0.0,0.7775,0.7775040192822156,1000.0,2,0.0,0.0,0.0,0.0
2630,2630,1,1.0025,0.0,0.7775,1.268665637589353,1000.0,2,0.0,0.0,0.0,0.0
2631,2631,1,-0.0025,0.0,0.78,0.7800040063999671,1000.0,2,0.0,0.0,0.0,0.0
2632,2632,1,1.0025,0.0,0.78,1.270199295386358,1000.0,2,0.0,0.0,0.0,0.0
2633,2633,1,-0.0025,0.0,0.7825,0.7825039936000326,1000.0,2,0.0,0.0,0.0,0.0
2634,2634,1,1.0025,0.0,0.7825,1.2717360182050361,1000.0,2,0.0,0.0,0.0,0.0
2635,2635,1,-0.0025,0.0,0.785,0.7850039808816258,1000.0,2,0.0,0.0,0.0,0.0
2636,2636,1,1.0025,0.0,0.785,1.2732757949478188,1000.0,2,0.0,0.0,0.0,0.0
2637,2637,1,-0.0025,0.0,0.7875,0.7875039682439702,1000.0,2,0.0,0.0,0.0,0.0
2638,2638,1,1.0025,0.0,0.7875,1.2748186145487521,1000.0,2,0.0,0.0,0.0,0.0
2639,2639,1,-0.0025,0.0,0.79,0.7900039556862991,1000.0,2,0.0,0.0,0.0,0.0
2640,2640,1,1.0025,0.0,0.79,1.2763644659735713,1000.0,2,0.0,0.0,0.0,0.0
2641,2641,1,-0.0025,0.0,0.7925,0.7925039432078556,1000.0,2,0.0,0.0,0.0,0.0
2642,2642,1,1.0025,0.0,0.7925,1.2779133382197714,1000.0,2,0.0,0.0,0.0,0.0
2643,2643,1,-0.0025,0.0,0.795,0.7950039308078923,1000.0,2,0.0,0.0,0.0,0.0
2644,2644,1,1.0025,0.0,0.795,1.2794652203166759,1000.0,2,0.0,0.0,0.0,0.0
2645,2645,1,-0.0025,0.0,0.7975,0.7975039184856711,1000.0,2,0.0,0.0,0.0,0.0
2646,2646,1,1.0025,0.0,0.7975,1.2810201013255023,1000.0,2,0.0,0.0,0.0,0.0
2647,2647,1,-0.0025,0.0,0.8,0.8000039062404634,1000.0,2,0.0,0.0,0.0,0.0
2648,2648,1,1.0025,0.0,0.8,1.2825779703394253,1000.0,2,0.0,0.0,0.0,0.0
2649,2649,1,-0.0025,0.0,0.8025,0.802503894071549,1000.0,2,0.0,0.0,0.0,0.0
2650,2650,1,1.0025,0.0,0.8025,1.2841388164836385,1000.0,2,0.0,0.0,0.0,0.0
2651,2651,1,-0.0025,0.0,0.805,0.8050038819782176,1000.0,2,0.0,0.0,0.0,0.0
2652,2652,1,1.0025,0.0,0.805,1.2857026289154114,1000.0,2,0.0,0.0,0.0,0.0
2653,2653,1,-0.0025,0.0,0.8075,0.8075038699597669,1000.0,2,0.0,0.0,0.0,0.0
2654,2654,1,1.0025,0.0,0.8075,1.2872693968241458,1000.0,2,0.0,0.0,0.0,0.0
2655,2655,1,-0.0025,0.0,0.81,0.8100038580155036,1000.0,2,0.0,0.0,0.0,0.0
2656,2656,1,1.0025,0.0,0.81,1.2888391094314293,1000.0,2,0.0,0.0,0.0,0.0
2657,2657,1,-0.0025,0.0,0.8125,0.8125038461447429,1000.0,2,0.0,0.0,0.0,0.0
2658,2658,1,1.0025,0.0,0.8125,1.2904117559910866,1000.0,2,0.0,0.0,0.0,0.0
2659,2659,1,-0.0025,0.0,0.815,0.8150038343468085,1000.0,2,0.0,0.0,0.0,0.0
2660,2660,1,1.0025,0.0,0.815,1.2919873257892276,1000.0,2,0.0,0.0,0.0,0.0
2661,2661,1,-0.0025,0.0,0.8175,0.8175038226210322,1000.0,2,0.0,0.0,0.0,0.0
2662,2662,1,1.0025,0.0,0.8175,1.2935658081442938,1000.0,2,0.0,0.0,0.0,0.0
2663,2663,1,-0.0025,0.0,0.82,0.8200038109667539,1000.0,2,0.0,0.0,0.0,0.0
2664,2664,1,1.0025,0.0,0.82,1.2951471924071023,1000.0,2,0.0,0.0,0.0,0.0
2665,2665,1,-0.0025,0.0,0.8225,0.822503799383322,1000.0,2,0.0,0.0,0.0,0.0
2666,2666,1,1.0025,0.0,0.8225,1.2967314679608881,1000.0,2,0.0,0.0,0.0,0.0
2667,2667,1,-0.0025,0.0,0.825,0.8250037878700921,1000.0,2,0.0,0.0,0.0,0.0
2668,2668,1,1.0025,0.0,0.825,1.2983186242213425,1000.0,2,0.0,0.0,0.0,0.0
2669,2669,1,-0.0025,0.0,0.8275,0.8275037764264281,1000.0,2,0.0,0.0,0.0,0.0
2670,2670,1,1.0025,0.0,0.8275,1.2999086506366515,1000.0,2,0.0,0.0,0.0,0.0
2671,2671,1,-0.0025,0.0,0.83,0.8300037650517014,1000.0,2,0.0,0.0,0.0,0.0
2672,2672,1,1.0025,0.0,0.83,1.301501536687529,1000.0,2,0.0,0.0,0.0,0.0
2673,2673,1,-0.0025,0.0,0.8325,0.832503753745291,1000.0,2,0.0,0.0,0.0,0.0
2674,2674,1,1.0025,0.0,0.8325,1.3030972718872524,1000.0,2,0.0,0.0,0.0,0.0
2675,2675,1,-0.0025,0.0,0.835,0.835003742506583,1000.0,2,0.0,0.0,0.0,0.0
2676,2676,1,1.0025,0.0,0.835,1.3046958457816902,1000.0,2,0.0,0.0,0.0,0.0
2677,2677,1,-0.0025,0.0,0.8375,0.8375037313349715,1000.0,2,0.0,0.0,0.0,0.0
2678,2678,1,1.0025,0.0,0.8375,1.3062972479493324,1000.0,2,0.0,0.0,0.0,0.0
2679,2679,1,-0.0025,0.0,0.84,0.840003720229857,1000.0,2,0.0,0.0,0.0,0.0
2680,2680,1,1.0025,0.0,0.84,1.3079014680013168,1000.0,2,0.0,0.0,0.0,0.0
2681,2681,1,-0.0025,0.0,0.8425,0.8425037091906481,1000.0,2,0.0,0.0,0.0,0.0
2682,2682,1,1.0025,0.0,0.8425,1.3095084955814529,1000.0,2,0.0,0.0,0.0,0.0
2683,2683,1,-0.0025,0.0,0.845,0.8450036982167592,1000.0,2,0.0,0.0,0.0,0.0
2684,2684,1,1.0025,0.0,0.845,1.3111183203662435,1000.0,2,0.0,0.0,0.0,0.0
2685,2685,1,-0.0025,0.0,0.8475,0.8475036873076128,1000.0,2,0.0,0.0,0.0,0.0
2686,2686,1,1.0025,0.0,0.8475,1.3127309320649072,1000.0,2,0.0,0.0,0.0,0.0
2687,2687,1,-0.0025,0.0,0.85,0.8500036764626374,1000.0,2,0.0,0.0,0.0,0.0
2688,2688,1,1.0025,0.0,0.85,1.3143463204193937,1000.0,2,0.0,0.0,0.0,0.0
2689,2689,1,-0.0025,0.0,0.8525,0.8525036656812686,1000.0,2,0.0,0.0,0.0,0.0
2690,2690,1,1.0025,0.0,0.8525,1.315964475204403,1000.0,2,0.0,0.0,0.0,0.0
2691,2691,1,-0.0025,0.0,0.855,0.8550036549629481,1000.0,2,0.0,0.0,0.0,0.0
2692,2692,1,1.0025,0.0,0.855,1.3175853862273974,1000.0,2,0.0,0.0,0.0,0.0
2693,2693,1,-0.0025,0.0,0.8575,0.8575036443071248,1000.0,2,0.0,0.0,0.0,0.0
2694,2694,1,1.0025,0.0,0.8575,1.3192090433286152,1000.0,2,0.0,0.0,0.0,0.0
2695,2695,1,-0.0025,0.0,0.86,0.8600036337132535,1000.0,2,0.0,0.0,0.0,0.0
2696,2696,1,1.0025,0.0,0.86,1.3208354363810808,1000.0,2,0.0,0.0,0.0,0.0
2697,2697,1,-0.0025,0.0,0.8625,0.8625036231807958,1000.0,2,0.0,0.0,0.0,0.0
2698,2698,1,1.0025,0.0,0.8625,1.3224645552906134,1000.0,2,0.0,0.0,0.0,0.0
2699,2699,1,-0.0025,0.0,0.865,0.8650036127092187,1000.0,2,0.0,0.0,0.0,0.0
2700,2700,1,1.0025,0.0,0.865,1.324096389995834,1000.0,2,0.0,0.0,0.0,0.0
2701,2701,1,-0.0025,0.0,0.8675,0.8675036022979963,1000.0,2,0.0,0.0,0.0,0.0
2702,2702,1,1.0025,0.0,0.8675,1.3257309304681701,1000.0,2,0.0,0.0,0.0,0.0
2703,2703,1,-0.0025,0.0,0.87,0.870003591946608,1000.0,2,0.0,0.0,0.0,0.0
2704,2704,1,1.0025,0.0,0.87,1.3273681667118584,1000.0,2,0.0,0.0,0.0,0.0
2705,2705,1,-0.0025,0.0,0.8725,0.8725035816545397,1000.0,2,0.0,0.0,0.0,0.0
2706,2706,1,1.0025,0.0,0.8725,1.3290080887639473,1000.0,2,0.0,0.0,0.0,0.0
2707,2707,1,-0.0025,0.0,0.875,0.8750035714212828,1000.0,2,0.0,0.0,0.0,0.0
2708,2708,1,1.0025,0.0,0.875,1.3306506866942953,1000.0,2,0.0,0.0,0.0,0.0
2709,2709,1,-0.0025,0.0,0.8775,0.8775035612463347,1000.0,2,0.0,0.0,0.0,0.0
2710,2710,1,1.0025,0.0,0.8775,1.3322959506055703,1000.0,2,0.0,0.0,0.0,0.0
2711,2711,1,-0.0025,0.0,0.88,0.8800035511291986,1000.0,2,0.0,0.0,0.0,0.0
2712,2712,1,1.0025,0.0,0.88,1.3339438706332436,1000.0,2,0.0,0.0,0.0,0.0
2713,2713,1,-0.0025,0.0,0.8825,0.8825035410693829,1000.0,2,0.0,0.0,0.0,0.0
2714,2714,1,1.0025,0.0,0.8825,1.335594436945587,1000.0,2,0.0,0.0,0.0,0.0
2715,2715,1,-0.0025,0.0,0.885,0.8850035310664021,1000.0,2,0.0,0.0,0.0,0.0
2716,2716,1,1.0025,0.0,0.885,1.337247639743664,1000.0,2,0.0,0.0,0.0,0.0
2717,2717,1,-0.0025,0.0,0.8875,0.8875035211197756,1000.0,2,0.0,0.0,0.0,0.0
2718,2718,1,1.0025,0.0,0.8875,1.3389034692613204,1000.0,2,0.0,0.0,0.0,0.0
2719,2719,1,-0.0025,0.0,0.89,0.8900035112290288,1000.0,2,0.0,0.0,0.0,0.0
2720,2720,1,1.0025,0.0,0.89,1.3405619157651765,1000.0,2,0.0,0.0,0.0,0.0
2721,2721,1,-0.0025,0.0,0.8925,0.892503501393692,1000.0,2,0.0,0.0,0.0,0.0
2722,2722,1,1.0025,0.0,0.8925,1.3422229695546115,1000.0,2,0.0,0.0,0.0,0.0
2723,2723,1,-0.0025,0.0,0.895,0.895003491613301,1000.0,2,0.0,0.0,0.0,0.0
2724,2724,1,1.0025,0.0,0.895,1.3438866209617535,1000.0,2,0.0,0.0,0.0,0.0
2725,2725,1,-0.0025,0.0,0.8975,0.8975034818873964,1000.0,2,0.0,0.0,0.0,0.0
2726,2726,1,1.0025,0.0,0.8975,1.3455528603514615,1000.0,2,0.0,0.0,0.0,0.0
2727,2727,1,-0.0025,0.0,0.9,0.9000034722155243,1000.0,2,0.0,0.0,0.0,0.0
2728,2728,1,1.0025,0.0,0.9,1.3472216781213104,1000.0,2,0.0,0.0,0.0,0.0
2729,2729,1,-0.0025,0.0,0.9025,0.9025034625972357,1000.0,2,0.0,0.0,0.0,0.0
2730,2730,1,1.0025,0.0,0.9025,1.3488930647015722,1000.0,2,0.0,0.0,0.0,0.0
2731,2731,1,-0.0025,0.0,0.905,0.9050034530320865,1000.0,2,0.0,0.0,0.0,0.0
2732,2732,1,1.0025,0.0,0.905,1.3505670105551963,1000.0,2,0.0,0.0,0.0,0.0
2733,2733,1,-0.0025,0.0,0.9075,0.9075034435196375,1000.0,2,0.0,0.0,0.0,0.0
2734,2734,1,1.0025,0.0,0.9075,1.3522435061777889,1000.0,2,0.0,0.0,0.0,0.0
2735,2735,1,-0.0025,0.0,0.91,0.9100034340594545,1000.0,2,0.0,0.0,0.0,0.0
2736,2736,1,1.0025,0.0,0.91,1.3539225420975898,1000.0,2,0.0,0.0,0.0,0.0
2737,2737,1,-0.0025,0.0,0.9125,0.9125034246511078,1000.0,2,0.0,0.0,0.0,0.0
2738,2738,1,1.0025,0.0,0.9125,1.355604108875449,1000.0,2,0.0,0.0,0.0,0.0
2739,2739,1,-0.0025,0.0,0.915,0.9150034152941726,1000.0,2,0.0,0.0,0.0,0.0
2740,2740,1,1.0025,0.0,0.915,1.3572881971048005,1000.0,2,0.0,0.0,0.0,0.0
2741,2741,1,-0.0025,0.0,0.9175,0.9175034059882284,1000.0,2,0.0,0.0,0.0,0.0
2742,2742,1,1.0025,0.0,0.9175,1.358974797411637,1000.0,2,0.0,0.0,0.0,0.0
2743,2743,1,-0.0025,0.0,0.92,0.9200033967328599,1000.0,2,0.0,0.0,0.0,0.0
2744,2744,1,1.0025,0.0,0.92,1.3606639004544803,1000.0,2,0.0,0.0,0.0,0.0
2745,2745,1,-0.0025,0.0,0.9225,0.9225033875276556,1000.0,2,0.0,0.0,0.0,0.0
2746,2746,1,1.0025,0.0,0.9225,1.3623554969243528,1000.0,2,0.0,0.0,0.0,0.0
2747,2747,1,-0.0025,0.0,0.925,0.925003378372209,1000.0,2,0.0,0.0,0.0,0.0
2748,2748,1,1.0025,0.0,0.925,1.3640495775447459,1000.0,2,0.0,0.0,0.0,0.0
2749,2749,1,-0.0025,0.0,0.9275,0.9275033692661175,1000.0,2,0.0,0.0,0.0,0.0
2750,2750,1,1.0025,0.0,0.9275,1.3657461330715894,1000.0,2,0.0,0.0,0.0,0.0
2751,2751,1,-0.0025,0.0,0.93,0.9300033602089833,1000.0,2,0.0,0.0,0.0,0.0
2752,2752,1,1.0025,0.0,0.93,1.3674451542932171,1000.0,2,0.0,0.0,0.0,0.0
2753,2753,1,-0.0025,0.0,0.9325,0.9325033512004126,1000.0,2,0.0,0.0,0.0,0.0
2754,2754,1,1.0025,0.0,0.9325,1.3691466320303314,1000.0,2,0.0,0.0,0.0,0.0
2755,2755,1,-0.0025,0.0,0.935,0.9350033422400158,1000.0,2,0.0,0.0,0.0,0.0
2756,2756,1,1.0025,0.0,0.935,1.3708505571359704,1000.0,2,0.0,0.0,0.0,0.0
2757,2757,1,-0.0025,0.0,0.9375,0.9375033333274074,1000.0,2,0.0,0.0,0.0,0.0
2758,2758,1,1.0025,0.0,0.9375,1.372556920495467,1000.0,2,0.0,0.0,0.0,0.0
2759,2759,1,-0.0025,0.0,0.94,0.9400033244622064,1000.0,2,0.0,0.0,0.0,0.0
2760,2760,1,1.0025,0.0,0.94,1.3742657130264146,1000.0,2,0.0,0.0,0.0,0.0
2761,2761,1,-0.0025,0.0,0.9425,0.9425033156440352,1000.0,2,0.0,0.0,0.0,0.0
2762,2762,1,1.0025,0.0,0.9425,1.375976925678625,1000.0,2,0.0,0.0,0.0,0.0
2763,2763,1,-0.0025,0.0,0.945,0.9450033068725209,1000.0,2,0.0,0.0,0.0,0.0
2764,2764,1,1.0025,0.0,0.945,1.3776905494340883,1000.0,2,0.0,0.0,0.0,0.0
2765,2765,1,-0.0025,0.0,0.9475,0.9475032981472941,1000.0,2,0.0,0.0,0.0,0.0
2766,2766,1,1.0025,0.0,0.9475,1.3794065753069324,1000.0,2,0.0,0.0,0.0,0.0
2767,2767,1,-0.0025,0.0,0.95,0.9500032894679892,1000.0,2,0.0,0.0,0.0,0.0
2768,2768,1,1.0025,0.0,0.95,1.3811249943433794,1000.0,2,0.0,0.0,0.0,0.0
2769,2769,1,-0.0025,0.0,0.9525,0.9525032808342446,1000.0,2,0.0,0.0,0.0,0.0
2770,2770,1,1.0025,0.0,0.9525,1.3828457976217015,1000.0,2,0.0,0.0,0.0,0.0
2771,2771,1,-0.0025,0.0,0.955,0.9550032722457028,1000.0,2,0.0,0.0,0.0,0.0
2772,2772,1,1.0025,0.0,0.955,1.3845689762521765,1000.0,2,0.0,0.0,0.0,0.0
2773,2773,1,-0.0025,0.0,0.9575,0.9575032637020096,1000.0,2,0.0,0.0,0.0,0.0
2774,2774,1,1.0025,0.0,0.9575,1.3862945213770412,1000.0,2,0.0,0.0,0.0,0.0
2775,2775,1,-0.0025,0.0,0.96,0.9600032552028144,1000.0,2,0.0,0.0,0.0,0.0
2776,2776,1,1.0025,0.0,0.96,1.3880224241704453,1000.0,2,0.0,0.0,0.0,0.0
2777,2777,1,-0.0025,0.0,0.9625,0.9625032467477708,1000.0,2,0.0,0.0,0.0,0.0
2778,2778,1,1.0025,0.0,0.9625,1.3897526758384025,1000.0,2,0.0,0.0,0.0,0.0
2779,2779,1,-0.0025,0.0,0.965,0.9650032383365353,1000.0,2,0.0,0.0,0.0,0.0
2780,2780,1,1.0025,0.0,0.965,1.3914852676187413,1000.0,2,0.0,0.0,0.0,0.0
2781,2781,1,-0.0025,0.0,0.9675,0.9675032299687687,1000.0,2,0.0,0.0,0.0,0.0
2782,2782,1,1.0025,0.0,0.9675,1.3932201907810553,1000.0,2,0.0,0.0,0.0,0.0
2783,2783,1,-0.0025,0.0,0.97,0.9700032216441346,1000.0,2,0.0,0.0,0.0,0.0
2784,2784,1,1.0025,0.0,0.97,1.394957436626652,1000.0,2,0.0,0.0,0.0,0.0
2785,2785,1,-0.0025,0.0,0.9725,0.9725032133623004,1000.0,2,0.0,0.0,0.0,0.0
2786,2786,1,1.0025,0.0,0.9725,1.396696996488501,1000.0,2,0.0,0.0,0.0,0.0
2787,2787,1,-0.0025,0.0,0.975,0.975003205122937,1000.0,2,0.0,0.0,0.0,0.0
2788,2788,1,1.0025,0.0,0.975,1.3984388617311805,1000.0,2,0.0,0.0,0.0,0.0
2789,2789,1,-0.0025,0.0,0.9775,0.9775031969257185,1000.0,2,0.0,0.0,0.0,0.0
2790,2790,1,1.0025,0.0,0.9775,1.400183023750824,1000.0,2,0.0,0.0,0.0,0.0
2791,2791,1,-0.0025,0.0,0.98,0.9800031887703222,1000.0,2,0.0,0.0,0.0,0.0
2792,2792,1,1.0025,0.0,0.98,1.401929473975064,1000.0,2,0.0,0.0,0.0,0.0
2793,2793,1,-0.0025,0.0,0.9825,0.9825031806564293,1000.0,2,0.0,0.0,0.0,0.0
2794,2794,1,1.0025,0.0,0.9825,1.4036782038629794,1000.0,2,0.0,0.0,0.0,0.0
2795,2795,1,-0.0025,0.0,0.985,0.9850031725837232,1000.0,2,0.0,0.0,0.0,0.0
2796,2796,1,1.0025,0.0,0.985,1.4054292049050354,1000.0,2,0.0,0.0,0.0,0.0
2797,2797,1,-0.0025,0.0,0.9875,0.9875031645518915,1000.0,2,0.0,0.0,0.0,0.0
2798,2798,1,1.0025,0.0,0.9875,1.4071824686230283,1000.0,2,0.0,0.0,0.0,0.0
2799,2799,1,-0.0025,0.0,0.99,0.9900031565606243,1000.0,2,0.0,0.0,0.0,0.0
2800,2800,1,1.0025,0.0,0.99,1.4089379865700264,1000.0,2,0.0,0.0,0.0,0.0
2801,2801,1,-0.0025,0.0,0.9925,0.9925031486096153,1000.0,2,0.0,0.0,0.0,0.0
2802,2802,1,1.0025,0.0,0.9925,1.4106957503303112,1000.0,2,0.0,0.0,0.0,0.0
2803,2803,1,-0.005,0.0,0.0025,0.005590169943749474,1000.0,2,0.0,0.0,0.0,0.0
2804,2804,1,1.005,0.0,0.0025,1.005003109447926,1000.0,2,0.0,0.0,0.0,0.0
2805,2805,1,-0.005,0.0,0.005,0.007071067811865475,1000.0,2,0.0,0.0,0.0,0.0
2806,2806,1,1.005,0.0,0.005,1.0050124377339813,1000.0,2,0.0,0.0,0.0,0.0
2807,2807,1,-0.005,0.0,0.0075,0.009013878188659973,1000.0,2,0.0,0.0,0.0,0.0
2808,2808,1,1.005,0.0,0.0075,1.0050279846850037,1000.0,2,0.0,0.0,0.0,0.0
2809,2809,1,-0.005,0.0,0.01,0.011180339887498949,1000.0,2,0.0,0.0,0.0,0.0
2810,2810,1,1.005,0.0,0.01,1.005049750012406,1000.0,2,0.0,0.0,0.0,0.0
2811,2811,1,-0.005,0.0,0.0125,0.013462912017836262,1000.0,2,0.0,0.0,0.0,0.0
2812,2812,1,1.005,0.0,0.0125,1.005077733312205,1000.0,2,0.0,0.0,0.0,0.0
2813,2813,1,-0.005,0.0,0.015,0.015811388300841896,1000.0,2,0.0,0.0,0.0,0.0
2814,2814,1,1.005,0.0,0.015,1.0051119340650572,1000.0,2,0.0,0.0,0.0,0.0
2815,2815,1,-0.005,0.0,0.0175,0.018200274723201296,1000.0,2,0.0,0.0,0.0,0.0
2816,2816,1,1.005,0.0,0.0175,1.0051523516363077,1000.0,2,0.0,0.0,0.0,0.0
2817,2817,1,-0.005,0.0,0.02,0.020615528128088305,1000.0,2,0.0,0.0,0.0,0.0
2818,2818,1,1.005,0.0,0.02,1.0051989852760495,1000.0,2,0.0,0.0,0.0,0.0
2819,2819,1,-0.005,0.0,0.0225,0.023048861143232218,1000.0,2,0.0,0.0,0.0,0.0
2820,2820,1,1.005,0.0,0.0225,1.005251834119192,1000.0,2,0.0,0.0,0.0,0.0
2821,2821,1,-0.005,0.0,0.025,0.025495097567963927,1000.0,2,0.0,0.0,0.0,0.0
2822,2822,1,1.005,0.0,0.025,1.0053108971855422,1000.0,2,0.0,0.0,0.0,0.0
2823,2823,1,-0.005,0.0,0.0275,0.02795084971874737,1000.0,2,0.0,0.0,0.0,0.0
2824,2824,1,1.005,0.0,0.0275,1.0053761733798945,1000.0,2,0.0,0.0,0.0,0.0
2825,2825,1,-0.005,0.0,0.03,0.0304138126514911,1000.0,2,0.0,0.0,0.0,0.0
2826,2826,1,1.005,0.0,0.03,1.0054476614921333,1000.0,2,0.0,0.0,0.0,0.0
2827,2827,1,-0.005,0.0,0.0325,0.03288236609491477,1000.0,2,0.0,0.0,0.0,0.0
2828,2828,1,1.005,0.0,0.0325,1.0055253601973446,1000.0,2,0.0,0.0,0.0,0.0
2829,2829,1,-0.005,0.0,0.035,0.03535533905932738,1000.0,2,0.0,0.0,0.0,0.0
2830,2830,1,1.005,0.0,0.035,1.005609268055938,1000.0,2,0.0,0.0,0.0,0.0
2831,2831,1,-0.005,0.0,0.0375,0.03783186487605389,1000.0,2,0.0,0.0,0.0,0.0
2832,2832,1,1.005,0.0,0.0375,1.0056993835137813,1000.0,2,0.0,0.0,0.0,0.0
2833,2833,1,-0.005,0.0,0.04,0.04031128874149275,1000.0,2,0.0,0.0,0.0,0.0
2834,2834,1,1.005,0.0,0.04,1.0057957049023423,1000.0,2,0.0,0.0,0.0,0.0
2835,2835,1,-0.005,0.0,0.0425,0.04279310692155923,1000.0,2,0.0,0.0,0.0,0.0
2836,2836,1,1.005,0.0,0.0425,1.005898230438845,1000.0,2,0.0,0.0,0.0,0.0
2837,2837,1,-0.005,0.0,0.045,0.04527692569068708,1000.0,2,0.0,0.0,0.0,0.0
2838,2838,1,1.005,0.0,0.045,1.0060069582264328,1000.0,2,0.0,0.0,0.0,0.0
2839,2839,1,-0.005,0.0,0.0475,0.047762432936357,1000.0,2,0.0,0.0,0.0,0.0
2840,2840,1,1.005,0.0,0.0475,1.0061218862543444,1000.0,2,0.0,0.0,0.0,0.0
2841,2841,1,-0.005,0.0,0.05,0.05024937810560445,1000.0,2,0.0,0.0,0.0,0.0
2842,2842,1,1.005,0.0,0.05,1.0062430123980983,1000.0,2,0.0,0.0,0.0,0.0
2843,2843,1,-0.005,0.0,0.0525,0.05273755777432246,1000.0,2,0.0,0.0,0.0,0.0
2844,2844,1,1.005,0.0,0.0525,1.0063703344196906,1000.0,2,0.0,0.0,0.0,0.0
2845,2845,1,-0.005,0.0,0.055,0.055226805085936304,1000.0,2,0.0,0.0,0.0,0.0
2846,2846,1,1.005,0.0,0.055,1.006503849967798,1000.0,2,0.0,0.0,0.0,0.0
2847,2847,1,-0.005,0.0,0.0575,0.057716981903075976,1000.0,2,0.0,0.0,0.0,0.0
2848,2848,1,1.005,0.0,0.0575,1.0066435565779974,1000.0,2,0.0,0.0,0.0,0.0
2849,2849,1,-0.005,0.0,0.06,0.06020797289396147,1000.0,2,0.0,0.0,0.0,0.0
2850,2850,1,1.005,0.0,0.06,1.00678945167299,1000.0,2,0.0,0.0,0.0,0.0
2851,2851,1,-0.005,0.0,0.0625,0.06269968101992227,1000.0,2,0.0,0.0,0.0,0.0
2852,2852,1,1.005,0.0,0.0625,1.0069415325628395,1000.0,2,0.0,0.0,0.0,0.0
2853,2853,1,-0.005,0.0,0.065,0.0651920240520265,1000.0,2,0.0,0.0,0.0,0.0
2854,2854,1,1.005,0.0,0.065,1.007099796445218,1000.0,2,0.0,0.0,0.0,0.0
2855,2855,1,-0.005,0.0,0.0675,0.06768493185340442,1000.0,2,0.0,0.0,0.0,0.0
2856,2856,1,1.005,0.0,0.0675,1.0072642404056642,1000.0,2,0.0,0.0,0.0,0.0
2857,2857,1,-0.005,0.0,0.07,0.07017834423809101,1000.0,2,0.0,0.0,0.0,0.0
2858,2858,1,1.005,0.0,0.07,1.0074348614178485,1000.0,2,0.0,0.0,0.0,0.0
2859,2859,1,-0.005,0.0,0.0725,0.07267220926874317,1000.0,2,0.0,0.0,0.0,0.0
2860,2860,1,1.005,0.0,0.0725,1.0076116563438513,1000.0,2,0.0,0.0,0.0,0.0
2861,2861,1,-0.005,0.0,0.075,0.07516648189186453,1000.0,2,0.0,0.0,0.0,0.0
2862,2862,1,1.005,0.0,0.075,1.0077946219344494,1000.0,2,0.0,0.0,0.0,0.0
2863,2863,1,-0.005,0.0,0.0775,0.07766112283504534,1000.0,2,0.0,0.0,0.0,0.0
2864,2864,1,1.005,0.0,0.0775,1.0079837548294117,1000.0,2,0.0,0.0,0.0,0.0
2865,2865,1,-0.005,0.0,0.08,0.08015609770940699,1000.0,2,0.0,0.0,0.0,0.0
2866,2866,1,1.005,0.0,0.08,1.0081790515578073,1000.0,2,0.0,0.0,0.0,0.0
2867,2867,1,-0.005,0.0,0.0825,0.0826513762740827,1000.0,2,0.0,0.0,0.0,0.0
2868,2868,1,1.005,0.0,0.0825,1.0083805085383193,1000.0,2,0.0,0.0,0.0,0.0
2869,2869,1,-0.005,0.0,0.085,0.08514693182963201,1000.0,2,0.0,0.0,0.0,0.0
2870,2870,1,1.005,0.0,0.085,1.0085881220795732,1000.0,2,0.0,0.0,0.0,0.0
2871,2871,1,-0.005,0.0,0.0875,0.08764274071479052,1000.0,2,0.0,0.0,0.0,0.0
2872,2872,1,1.005,0.0,0.0875,1.0088018883804688,1000.0,2,0.0,0.0,0.0,0.0
2873,2873,1,-0.005,0.0,0.09,0.09013878188659974,1000.0,2,0.0,0.0,0.0,0.0
2874,2874,1,1.005,0.0,0.09,1.009021803530528,1000.0,2,0.0,0.0,0.0,0.0
2875,2875,1,-0.005,0.0,0.0925,0.09263503656824452,1000.0,2,0.0,0.0,0.0,0.0
2876,2876,1,1.005,0.0,0.0925,1.0092478635102478,1000.0,2,0.0,0.0,0.0,0.0
2877,2877,1,-0.005,0.0,0.095,0.09513148795220225,1000.0,2,0.0,0.0,0.0,0.0
2878,2878,1,1.005,0.0,0.095,1.0094800641914627,1000.0,2,0.0,0.0,0.0,0.0
2879,2879,1,-0.005,0.0,0.0975,0.09762812094883319,1000.0,2,0.0,0.0,0.0,0.0
2880,2880,1,1.005,0.0,0.0975,1.0097184013377194,1000.0,2,0.0,0.0,0.0,0.0
2881,2881,1,-0.005,0.0,0.1,0.10012492197250394,1000.0,2,0.0,0.0,0.0,0.0
2882,2882,1,1.005,0.0,0.1,1.0099628706046573,1000.0,2,0.0,0.0,0.0,0.0
2883,2883,1,-0.005,0.0,0.1025,0.10262187875886895,1000.0,2,0.0,0.0,0.0,0.0
2884,2884,1,1.005,0.0,0.1025,1.0102134675404004,1000.0,2,0.0,0.0,0.0,0.0
2885,2885,1,-0.005,0.0,0.105,0.10511898020814318,1000.0,2,0.0,0.0,0.0,0.0
2886,2886,1,1.005,0.0,0.105,1.0104701875859574,1000.0,2,0.0,0.0,0.0,0.0
2887,2887,1,-0.005,0.0,0.1075,0.10761621625015441,1000.0,2,0.0,0.0,0.0,0.0
2888,2888,1,1.005,0.0,0.1075,1.0107330260756298,1000.0,2,0.0,0.0,0.0,0.0
2889,2889,1,-0.005,0.0,0.11,0.1101135777277262,1000.0,2,0.0,0.0,0.0,0.0
2890,2890,1,1.005,0.0,0.11,1.0110019782374313,1000.0,2,0.0,0.0,0.0,0.0
2891,2891,1,-0.005,0.0,0.1125,0.11261105629555208,1000.0,2,0.0,0.0,0.0,0.0
2892,2892,1,1.005,0.0,0.1125,1.0112770391935137,1000.0,2,0.0,0.0,0.0,0.0
2893,2893,1,-0.005,0.0,0.115,0.11510864433221339,1000.0,2,0.0,0.0,0.0,0.0
2894,2894,1,1.005,0.0,0.115,1.0115582039606024,1000.0,2,0.0,0.0,0.0,0.0
2895,2895,1,-0.005,0.0,0.1175,0.11760633486339075,1000.0,2,0.0,0.0,0.0,0.0
2896,2896,1,1.005,0.0,0.1175,1.0118454674504402,1000.0,2,0.0,0.0,0.0,0.0
2897,2897,1,-0.005,0.0,0.12,0.12010412149464314,1000.0,2,0.0,0.0,0.0,0.0
2898,2898,1,1.005,0.0,0.12,1.0121388244702403,1000.0,2,0.0,0.0,0.0,0.0
2899,2899,1,-0.005,0.0,0.1225,0.12260199835239229,1000.0,2,0.0,0.0,0.0,0.0
2900,2900,1,1.005,0.0,0.1225,1.0124382697231469,1000.0,2,0.0,0.0,0.0,0.0
2901,2901,1,-0.005,0.0,0.125,0.12509996003196805,1000.0,2,0.0,0.0,0.0,0.0
2902,2902,1,1.005,0.0,0.125,1.0127437978087053,1000.0,2,0.0,0.0,0.0,0.0
2903,2903,1,-0.005,0.0,0.1275,0.12759800155174844,1000.0,2,0.0,0.0,0.0,0.0
2904,2904,1,1.005,0.0,0.1275,1.0130554032233379,1000.0,2,0.0,0.0,0.0,0.0
2905,2905,1,-0.005,0.0,0.13,0.1300961183125769,1000.0,2,0.0,0.0,0.0,0.0
2906,2906,1,1.005,0.0,0.13,1.0133730803608312,1000.0,2,0.0,0.0,0.0,0.0
2907,2907,1,-0.005,0.0,0.1325,0.1325943060617612,1000.0,2,0.0,0.0,0.0,0.0
2908,2908,1,1.005,0.0,0.1325,1.013696823512829,1000.0,2,0.0,0.0,0.0,0.0
2909,2909,1,-0.005,0.0,0.135,0.13509256086106297,1000.0,2,0.0,0.0,0.0,0.0
2910,2910,1,1.005,0.0,0.135,1.014026626869334,1000.0,2,0.0,0.0,0.0,0.0
2911,2911,1,-0.005,0.0,0.1375,0.13759087905817013,1000.0,2,0.0,0.0,0.0,0.0
2912,2912,1,1.005,0.0,0.1375,1.0143624845192174,1000.0,2,0.0,0.0,0.0,0.0
2913,2913,1,-0.005,0.0,0.14,0.140089257261219,1000.0,2,0.0,0.0,0.0,0.0
2914,2914,1,1.005,0.0,0.14,1.014704390450736,1000.0,2,0.0,0.0,0.0,0.0
2915,2915,1,-0.005,0.0,0.1425,0.14258769231599197,1000.0,2,0.0,0.0,0.0,0.0
2916,2916,1,1.005,0.0,0.1425,1.015052338552057,1000.0,2,0.0,0.0,0.0,0.0
2917,2917,1,-0.005,0.0,0.145,0.14508618128546907,1000.0,2,0.0,0.0,0.0,0.0
2918,2918,1,1.005,0.0,0.145,1.0154063226117906,1000.0,2,0.0,0.0,0.0,0.0
2919,2919,1,-0.005,0.0,0.1475,0.1475847214314544,1000.0,2,0.0,0.0,0.0,0.0
2920,2920,1,1.005,0.0,0.1475,1.0157663363195295,1000.0,2,0.0,0.0,0.0,0.0
2921,2921,1,-0.005,0.0,0.15,0.15008331019803633,1000.0,2,0.0,0.0,0.0,0.0
2922,2922,1,1.005,0.0,0.15,1.0161323732663967,1000.0,2,0.0,0.0,0.0,0.0
2923,2923,1,-0.005,0.0,0.1525,0.1525819451966713,1000.0,2,0.0,0.0,0.0,0.0
2924,2924,1,1.005,0.0,0.1525,1.0165044269455985,1000.0,2,0.0,0.0,0.0,0.0
2925,2925,1,-0.005,0.0,0.155,0.15508062419270824,1000.0,2,0.0,0.0,0.0,0.0
2926,2926,1,1.005,0.0,0.155,1.0168824907529874,1000.0,2,0.0,0.0,0.0,0.0
2927,2927,1,-0.005,0.0,0.1575,0.15757934509319424,1000.0,2,0.0,0.0,0.0,0.0
2928,2928,1,1.005,0.0,0.1575,1.0172665579876297,1000.0,2,0.0,0.0,0.0,0.0
2929,2929,1,-0.005,0.0,0.16,0.16007810593582122,1000.0,2,0.0,0.0,0.0,0.0
2930,2930,1,1.005,0.0,0.16,1.0176566218523808,1000.0,2,0.0,0.0,0.0,0.0
2931,2931,1,-0.005,0.0,0.1625,0.1625769048788911,1000.0,2,0.0,0.0,0.0,0.0
2932,2932,1,1.005,0.0,0.1625,1.0180526754544676,1000.0,2,0.0,0.0,0.0,0.0
2933,2933,1,-0.005,0.0,0.165,0.1650757401921918,1000.0,2,0.0,0.0,0.0,0.0
2934,2934,1,1.005,0.0,0.165,1.0184547118060772,1000.0,2,0.0,0.0,0.0,0.0
2935,2935,1,-0.005,0.0,0.1675,0.16757461024868894,1000.0,2,0.0,0.0,0.0,0.0
2936,2936,1,1.005,0.0,0.1675,1.0188627238249517,1000.0,2,0.0,0.0,0.0,0.0
2937,2937,1,-0.005,0.0,0.17,0.1700735135169495,1000.0,2,0.0,0.0,0.0,0.0
2938,2938,1,1.005,0.0,0.17,1.0192767043349904,1000.0,2,0.0,0.0,0.0,0.0
2939,2939,1,-0.005,0.0,0.1725,0.17257244855422316,1000.0,2,0.0,0.0,0.0,0.0
2940,2940,1,1.005,0.0,0.1725,1.0196966460668584,1000.0,2,0.0,0.0,0.0,0.0
2941,2941,1,-0.005,0.0,0.175,0.17507141400011594,1000.0,2,0.0,0.0,0.0,0.0
2942,2942,1,1.005,0.0,0.175,1.0201225416585988,1000.0,2,0.0,0.0,0.0,0.0
2943,2943,1,-0.005,0.0,0.1775,0.17757040857079762,1000.0,2,0.0,0.0,0.0,0.0
2944,2944,1,1.005,0.0,0.1775,1.0205543836562556,1000.0,2,0.0,0.0,0.0,0.0
2945,2945,1,-0.005,0.0,0.18,0.18006943105369105,1000.0,2,0.0,0.0,0.0,0.0
2946,2946,1,1.005,0.0,0.18,1.020992164514498,1000.0,2,0.0,0.0,0.0,0.0
2947,2947,1,-0.005,0.0,0.1825,0.18256848030259767,1000.0,2,0.0,0.0,0.0,0.0
2948,2948,1,1.005,0.0,0.1825,1.0214358765972535,1000.0,2,0.0,0.0,0.0,0.0
2949,2949,1,-0.005,0.0,0.185,0.18506755523321747,1000.0,2,0.0,0.0,0.0,0.0
2950,2950,1,1.005,0.0,0.185,1.0218855121783457,1000.0,2,0.0,0.0,0.0,0.0
2951,2951,1,-0.005,0.0,0.1875,0.18756665481902693,1000.0,2,0.0,0.0,0.0,0.0
2952,2952,1,1.005,0.0,0.1875,1.022341063442137,1000.0,2,0.0,0.0,0.0,0.0
2953,2953,1,-0.005,0.0,0.19,0.19006577808748212,1000.0,2,0.0,0.0,0.0,0.0
2954,2954,1,1.005,0.0,0.19,1.022802522484179,1000.0,2,0.0,0.0,0.0,0.0
2955,2955,1,-0.005,0.0,0.1925,0.19256492411651713,1000.0,2,0.0,0.0,0.0,0.0
2956,2956,1,1.005,0.0,0.1925,1.0232698813118657,1000.0,2,0.0,0.0,0.0,0.0
2957,2957,1,-0.005,0.0,0.195,0.1950640920313116,1000.0,2,0.0,0.0,0.0,0.0
2958,2958,1,1.005,0.0,0.195,1.0237431318450931,1000.0,2,0.0,0.0,0.0,0.0
2959,2959,1,-0.005,0.0,0.1975,0.1975632810013035,1000.0,2,0.0,0.0,0.0,0.0
2960,2960,1,1.005,0.0,0.1975,1.0242222659169247,1000.0,2,0.0,0.0,0.0,0.0
2961,2961,1,-0.005,0.0,0.2,0.2000624902374256,1000.0,2,0.0,0.0,0.0,0.0
2962,2962,1,1.005,0.0,0.2,1.0247072752742608,1000.0,2,0.0,0.0,0.0,0.0
2963,2963,1,-0.005,0.0,0.2025,0.2025617189895465,1000.0,2,0.0,0.0,0.0,0.0
2964,2964,1,1.005,0.0,0.2025,1.025198151578513,1000.0,2,0.0,0.0,0.0,0.0
2965,2965,1,-0.005,0.0,0.205,0.20506096654409875,1000.0,2,0.0,0.0,0.0,0.0
2966,2966,1,1.005,0.0,0.205,1.025694886406284,1000.0,2,0.0,0.0,0.0,0.0
2967,2967,1,-0.005,0.0,0.2075,0.20756023222187817,1000.0,2,0.0,0.0,0.0,0.0
2968,2968,1,1.005,0.0,0.2075,1.0261974712500512,1000.0,2,0.0,0.0,0.0,0.0
2969,2969,1,-0.005,0.0,0.21,0.210059515376,1000.0,2,0.0,0.0,0.0,0.0
2970,2970,1,1.005,0.0,0.21,1.026705897518856,1000.0,2,0.0,0.0,0.0,0.0
2971,2971,1,-0.005,0.0,0.2125,0.21255881538999974,1000.0,2,0.0,0.0,0.0,0.0
2972,2972,1,1.005,0.0,0.2125,1.0272201565389962,1000.0,2,0.0,0.0,0.0,0.0
2973,2973,1,-0.005,0.0,0.215,0.21505813167606566,1000.0,2,0.0,0.0,0.0,0.0
2974,2974,1,1.005,0.0,0.215,1.027740239554723,1000.0,2,0.0,0.0,0.0,0.0
2975,2975,1,-0.005,0.0,0.2175,0.21755746367339365,1000.0,2,0.0,0.0,0.0,0.0
2976,2976,1,1.005,0.0,0.2175,1.0282661377289442,1000.0,2,0.0,0.0,0.0,0.0
2977,2977,1,-0.005,0.0,0.22,0.22005681084665385,1000.0,2,0.0,0.0,0.0,0.0
2978,2978,1,1.005,0.0,0.22,1.0287978421439266,1000.0,2,0.0,0.0,0.0,0.0
2979,2979,1,-0.005,0.0,0.2225,0.22255617268456068,1000.0,2,0.0,0.0,0.0,0.0
2980,2980,1,1.005,0.0,0.2225,1.029335343802009,1000.0,2,0.0,0.0,0.0,0.0
2981,2981,1,-0.005,0.0,0.225,0.22505554869853797,1000.0,2,0.0,0.0,0.0,0.0
2982,2982,1,1.005,0.0,0.225,1.0298786336263122,1000.0,2,0.0,0.0,0.0,0.0
2983,2983,1,-0.005,0.0,0.2275,0.2275549384214722,1000.0,2,0.0,0.0,0.0,0.0
2984,2984,1,1.005,0.0,0.2275,1.0304277024614583,1000.0,2,0.0,0.0,0.0,0.0
2985,2985,1,-0.005,0.0,0.23,0.23005434140654682,1000.0,2,0.0,0.0,0.0,0.0
2986,2986,1,1.005,0.0,0.23,1.0309825410742899,1000.0,2,0.0,0.0,0.0,0.0
2987,2987,1,-0.005,0.0,0.2325,0.2325537572261519,1000.0,2,0.0,0.0,0.0,0.0
2988,2988,1,1.005,0.0,0.2325,1.0315431401545936,1000.0,2,0.0,0.0,0.0,0.0
2989,2989,1,-0.005,0.0,0.235,0.23505318547086315,1000.0,2,0.0,0.0,0.0,0.0
2990,2990,1,1.005,0.0,0.235,1.0321094903158288,1000.0,2,0.0,0.0,0.0,0.0
2991,2991,1,-0.005,0.0,0.2375,0.23755262574848546,1000.0,2,0.0,0.0,0.0,0.0
2992,2992,1,1.005,0.0,0.2375,1.0326815820958557,1000.0,2,0.0,0.0,0.0,0.0
2993,2993,1,-0.005,0.0,0.24,0.24005207768315606,1000.0,2,0.0,0.0,0.0,0.0
2994,2994,1,1.005,0.0,0.24,1.0332594059576714,1000.0,2,0.0,0.0,0.0,0.0
2995,2995,1,-0.005,0.0,0.2425,0.24255154091450334,1000.0,2,0.0,0.0,0.0,0.0
2996,2996,1,1.005,0.0,0.2425,1.0338429522901433,1000.0,2,0.0,0.0,0.0,0.0
2997,2997,1,-0.005,0.0,0.245,0.2450510150968569,1000.0,2,0.0,0.0,0.0,0.0
2998,2998,1,1.005,0.0,0.245,1.0344322114087514,1000.0,2,0.0,0.0,0.0,0.0
2999,2999,1,-0.005,0.0,0.2475,0.24755049989850555,1000.0,2,0.0,0.0,0.0,0.0
3000,3000,1,1.005,0.0,0.2475,1.0350271735563272,1000.0,2,0.0,0.0,0.0,0.0
3001,3001,1,-0.005,0.0,0.25,0.2500499950009997,1000.0,2,0.0,0.0,0.0,0.0
3002,3002,1,1.005,0.0,0.25,1.0356278289038006,1000.0,2,0.0,0.0,0.0,0.0
3003,3003,1,-0.005,0.0,0.2525,0.2525495000984955,1000.0,2,0.0,0.0,0.0,0.0
3004,3004,1,1.005,0.0,0.2525,1.0362341675509448,1000.0,2,0.0,0.0,0.0,0.0
3005,3005,1,-0.005,0.0,0.255,0.255049014897137,1000.0,2,0.0,0.0,0.0,0.0
3006,3006,1,1.005,0.0,0.255,1.036846179527127,1000.0,2,0.0,0.0,0.0,0.0
3007,3007,1,-0.005,0.0,0.2575,0.2575485391144745,1000.0,2,0.0,0.0,0.0,0.0
3008,3008,1,1.005,0.0,0.2575,1.0374638547920596,1000.0,2,0.0,0.0,0.0,0.0
3009,3009,1,-0.005,0.0,0.26,0.26004807247891687,1000.0,2,0.0,0.0,0.0,0.0
3010,3010,1,1.005,0.0,0.26,1.0380871832365526,1000.0,2,0.0,0.0,0.0,0.0
3011,3011,1,-0.005,0.0,0.2625,0.2625476147292144,1000.0,2,0.0,0.0,0.0,0.0
3012,3012,1,1.005,0.0,0.2625,1.0387161546832704,1000.0,2,0.0,0.0,0.0,0.0
3013,3013,1,-0.005,0.0,0.265,0.26504716561397146,1000.0,2,0.0,0.0,0.0,0.0
3014,3014,1,1.005,0.0,0.265,1.0393507588874893,1000.0,2,0.0,0.0,0.0,0.0
3015,3015,1,-0.005,0.0,0.2675,0.2675467248911861,1000.0,2,0.0,0.0,0.0,0.0
3016,3016,1,1.005,0.0,0.2675,1.0399909855378553,1000.0,2,0.0,0.0,0.0,0.0
3017,3017,1,-0.005,0.0,0.27,0.2700462923278155,1000.0,2,0.0,0.0,0.0,0.0
3018,3018,1,1.005,0.0,0.27,1.0406368242571467,1000.0,2,0.0,0.0,0.0,0.0
3019,3019,1,-0.005,0.0,0.2725,0.27254586769936545,1000.0,2,0.0,0.0,0.0,0.0
3020,3020,1,1.005,0.0,0.2725,1.0412882646030348,1000.0,2,0.0,0.0,0.0,0.0
3021,3021,1,-0.005,0.0,0.275,0.2750454507895014,1000.0,2,0.0,0.0,0.0,0.0
3022,3022,1,1.005,0.0,0.275,1.0419452960688482,1000.0,2,0.0,0.0,0.0,0.0
3023,3023,1,-0.005,0.0,0.2775,0.2775450413896815,1000.0,2,0.0,0.0,0.0,0.0
3024,3024,1,1.005,0.0,0.2775,1.0426079080843382,1000.0,2,0.0,0.0,0.0,0.0
3025,3025,1,-0.005,0.0,0.28,0.28004463929880896,1000.0,2,0.0,0.0,0.0,0.0
3026,3026,1,1.005,0.0,0.28,1.0432760900164442,1000.0,2,0.0,0.0,0.0,0.0
3027,3027,1,-0.005,0.0,0.2825,0.2825442443229024,1000.0,2,0.0,0.0,0.0,0.0
3028,3028,1,1.005,0.0,0.2825,1.0439498311700615,1000.0,2,0.0,0.0,0.0,0.0
3029,3029,1,-0.005,0.0,0.285,0.28504385627478446,1000.0,2,0.0,0.0,0.0,0.0
3030,3030,1,1.005,0.0,0.285,1.0446291207888088,1000.0,2,0.0,0.0,0.0,0.0
3031,3031,1,-0.005,0.0,0.2875,0.28754347497378546,1000.0,2,0.0,0.0,0.0,0.0
3032,3032,1,1.005,0.0,0.2875,1.045313948055798,1000.0,2,0.0,0.0,0.0,0.0
3033,3033,1,-0.005,0.0,0.29,0.2900431002454635,1000.0,2,0.0,0.0,0.0,0.0
3034,3034,1,1.005,0.0,0.29,1.0460043020944034,1000.0,2,0.0,0.0,0.0,0.0
3035,3035,1,-0.005,0.0,0.2925,0.2925427319213383,1000.0,2,0.0,0.0,0.0,0.0
3036,3036,1,1.005,0.0,0.2925,1.0467001719690314,1000.0,2,0.0,0.0,0.0,0.0
3037,3037,1,-0.005,0.0,0.295,0.2950423698386386,1000.0,2,0.0,0.0,0.0,0.0
3038,3038,1,1.005,0.0,0.295,1.0474015466858924,1000.0,2,0.0,0.0,0.0,0.0
3039,3039,1,-0.005,0.0,0.2975,0.29754201384006257,1000.0,2,0.0,0.0,0.0,0.0
3040,3040,1,1.005,0.0,0.2975,1.0481084151937716,1000.0,2,0.0,0.0,0.0,0.0
3041,3041,1,-0.005,0.0,0.3,0.30004166377354996,1000.0,2,0.0,0.0,0.0,0.0
3042,3042,1,1.005,0.0,0.3,1.0488207663848004,1000.0,2,0.0,0.0,0.0,0.0
3043,3043,1,-0.005,0.0,0.3025,0.3025413194920654,1000.0,2,0.0,0.0,0.0,0.0
3044,3044,1,1.005,0.0,0.3025,1.049538589095227,1000.0,2,0.0,0.0,0.0,0.0
3045,3045,1,-0.005,0.0,0.305,0.3050409808533929,1000.0,2,0.0,0.0,0.0,0.0
3046,3046,1,1.005,0.0,0.305,1.0502618721061903,1000.0,2,0.0,0.0,0.0,0.0
3047,3047,1,-0.005,0.0,0.3075,0.3075406477199396,1000.0,2,0.0,0.0,0.0,0.0
3048,3048,1,1.005,0.0,0.3075,1.0509906041444899,1000.0,2,0.0,0.0,0.0,0.0
3049,3049,1,-0.005,0.0,0.31,0.3100403199585499,1000.0,2,0.0,0.0,0.0,0.0
3050,3050,1,1.005,0.0,0.31,1.0517247738833577,1000.0,2,0.0,0.0,0.0,0.0
3051,3051,1,-0.005,0.0,0.3125,0.3125399974403276,1000.0,2,0.0,0.0,0.0,0.0
3052,3052,1,1.005,0.0,0.3125,1.05246436994323,1000.0,2,0.0,0.0,0.0,0.0
3053,3053,1,-0.005,0.0,0.315,0.3150396800404673,1000.0,2,0.0,0.0,0.0,0.0
3054,3054,1,1.005,0.0,0.315,1.0532093808925174,1000.0,2,0.0,0.0,0.0,0.0
3055,3055,1,-0.005,0.0,0.3175,0.31753936763809304,1000.0,2,0.0,0.0,0.0,0.0
3056,3056,1,1.005,0.0,0.3175,1.0539597952483766,1000.0,2,0.0,0.0,0.0,0.0
3057,3057,1,-0.005,0.0,0.32,0.3200390601161052,1000.0,2,0.0,0.0,0.0,0.0
3058,3058,1,1.005,0.0,0.32,1.0547156014774788,1000.0,2,0.0,0.0,0.0,0.0
3059,3059,1,-0.005,0.0,0.3225,0.32253875736103405,1000.0,2,0.0,0.0,0.0,0.0
3060,3060,1,1.005,0.0,0.3225,1.0554767879967801,1000.0,2,0.0,0.0,0.0,0.0
3061,3061,1,-0.005,0.0,0.325,0.32503845926290015,1000.0,2,0.0,0.0,0.0,0.0
3062,3062,1,1.005,0.0,0.325,1.0562433431742895,1000.0,2,0.0,0.0,0.0,0.0
3063,3063,1,-0.005,0.0,0.3275,0.3275381657150812,1000.0,2,0.0,0.0,0.0,0.0
3064,3064,1,1.005,0.0,0.3275,1.0570152553298366,1000.0,2,0.0,0.0,0.0,0.0
3065,3065,1,-0.005,0.0,0.33,0.330037876614185,1000.0,2,0.0,0.0,0.0,0.0
3066,3066,1,1.005,0.0,0.33,1.0577925127358387,1000.0,2,0.0,0.0,0.0,0.0
3067,3067,1,-0.005,0.0,0.3325,0.33253759185992793,1000.0,2,0.0,0.0,0.0,0.0
3068,3068,1,1.005,0.0,0.3325,1.0585751036180662,1000.0,2,0.0,0.0,0.0,0.0
3069,3069,1,-0.005,0.0,0.335,0.33503731135501913,1000.0,2,0.0,0.0,0.0,0.0
3070,3070,1,1.005,0.0,0.335,1.059363016156407,1000.0,2,0.0,0.0,0.0,0.0
3071,3071,1,-0.005,0.0,0.3375,0.3375370350050495,1000.0,2,0.0,0.0,0.0,0.0
3072,3072,1,1.005,0.0,0.3375,1.06015623848563,1000.0,2,0.0,0.0,0.0,0.0
3073,3073,1,-0.005,0.0,0.34,0.3400367627183861,1000.0,2,0.0,0.0,0.0,0.0
3074,3074,1,1.005,0.0,0.34,1.060954758696147,1000.0,2,0.0,0.0,0.0,0.0
3075,3075,1,-0.005,0.0,0.3425,0.3425364944060706,1000.0,2,0.0,0.0,0.0,0.0
3076,3076,1,1.005,0.0,0.3425,1.0617585648347743,1000.0,2,0.0,0.0,0.0,0.0
3077,3077,1,-0.005,0.0,0.345,0.34503622998172234,1000.0,2,0.0,0.0,0.0,0.0
3078,3078,1,1.005,0.0,0.345,1.0625676449054902,1000.0,2,0.0,0.0,0.0,0.0
3079,3079,1,-0.005,0.0,0.3475,0.34753596936144604,1000.0,2,0.0,0.0,0.0,0.0
3080,3080,1,1.005,0.0,0.3475,1.0633819868701933,1000.0,2,0.0,0.0,0.0,0.0
3081,3081,1,-0.005,0.0,0.35,0.3500357124637427,1000.0,2,0.0,0.0,0.0,0.0
3082,3082,1,1.005,0.0,0.35,1.0642015786494585,1000.0,2,0.0,0.0,0.0,0.0
3083,3083,1,-0.005,0.0,0.3525,0.35253545920942475,1000.0,2,0.0,0.0,0.0,0.0
3084,3084,1,1.005,0.0,0.3525,1.0650264081232914,1000.0,2,0.0,0.0,0.0,0.0
3085,3085,1,-0.005,0.0,0.355,0.3550352095215346,1000.0,2,0.0,0.0,0.0,0.0
3086,3086,1,1.005,0.0,0.355,1.0658564631318797,1000.0,2,0.0,0.0,0.0,0.0
3087,3087,1,-0.005,0.0,0.3575,0.35753496332526696,1000.0,2,0.0,0.0,0.0,0.0
3088,3088,1,1.005,0.0,0.3575,1.0666917314763436,1000.0,2,0.0,0.0,0.0,0.0
3089,3089,1,-0.005,0.0,0.36,0.3600347205478938,1000.0,2,0.0,0.0,0.0,0.0
3090,3090,1,1.005,0.0,0.36,1.067532200919485,1000.0,2,0.0,0.0,0.0,0.0
3091,3091,1,-0.005,0.0,0.3625,0.362534481118693,1000.0,2,0.0,0.0,0.0,0.0
3092,3092,1,1.005,0.0,0.3625,1.0683778591865332,1000.0,2,0.0,0.0,0.0,0.0
3093,3093,1,-0.005,0.0,0.365,0.3650342449688796,1000.0,2,0.0,0.0,0.0,0.0
3094,3094,1,1.005,0.0,0.365,1.0692286939658886,1000.0,2,0.0,0.0,0.0,0.0
3095,3095,1,-0.005,0.0,0.3675,0.36753401203153974,1000.0,2,0.0,0.0,0.0,0.0
3096,3096,1,1.005,0.0,0.3675,1.0700846929098649,1000.0,2,0.0,0.0,0.0,0.0
3097,3097,1,-0.005,0.0,0.37,0.37003378224156774,1000.0,2,0.0,0.0,0.0,0.0
3098,3098,1,1.005,0.0,0.37,1.0709458436354284,1000.0,2,0.0,0.0,0.0,0.0
3099,3099,1,-0.005,0.0,0.3725,0.3725335555356054,1000.0,2,0.0,0.0,0.0,0.0
3100,3100,1,1.005,0.0,0.3725,1.0718121337249358,1000.0,2,0.0,0.0,0.0,0.0
3101,3101,1,-0.005,0.0,0.375,0.3750333318519835,1000.0,2,0.0,0.0,0.0,0.0
3102,3102,1,1.005,0.0,0.375,1.0726835507268673,1000.0,2,0.0,0.0,0.0,0.0
3103,3103,1,-0.005,0.0,0.3775,0.37753311113066623,1000.0,2,0.0,0.0,0.0,0.0
3104,3104,1,1.005,0.0,0.3775,1.07356008215656,1000.0,2,0.0,0.0,0.0,0.0
3105,3105,1,-0.005,0.0,0.38,0.3800328933131973,1000.0,2,0.0,0.0,0.0,0.0
3106,3106,1,1.005,0.0,0.38,1.0744417154969366,1000.0,2,0.0,0.0,0.0,0.0
3107,3107,1,-0.005,0.0,0.3825,0.38253267834264826,1000.0,2,0.0,0.0,0.0,0.0
3108,3108,1,1.005,0.0,0.3825,1.075328438199232,1000.0,2,0.0,0.0,0.0,0.0
3109,3109,1,-0.005,0.0,0.385,0.3850324661635691,1000.0,2,0.0,0.0,0.0,0.0
3110,3110,1,1.005,0.0,0.385,1.0762202376837187,1000.0,2,0.0,0.0,0.0,0.0
3111,3111,1,-0.005,0.0,0.3875,0.3875322567219405,1000.0,2,0.0,0.0,0.0,0.0
3112,3112,1,1.005,0.0,0.3875,1.0771171013404253,1000.0,2,0.0,0.0,0.0,0.0
3113,3113,1,-0.005,0.0,0.39,0.39003204996512786,1000.0,2,0.0,0.0,0.0,0.0
3114,3114,1,1.005,0.0,0.39,1.0780190165298569,1000.0,2,0.0,0.0,0.0,0.0
3115,3115,1,-0.005,0.0,0.3925,0.3925318458418374,1000.0,2,0.0,0.0,0.0,0.0
3116,3116,1,1.005,0.0,0.3925,1.0789259705837095,1000.0,2,0.0,0.0,0.0,0.0
3117,3117,1,-0.005,0.0,0.395,0.3950316443020736,1000.0,2,0.0,0.0,0.0,0.0
3118,3118,1,1.005,0.0,0.395,1.0798379508055826,1000.0,2,0.0,0.0,0.0,0.0
3119,3119,1,-0.005,0.0,0.3975,0.3975314452970985,1000.0,2,0.0,0.0,0.0,0.0
3120,3120,1,1.005,0.0,0.3975,1.0807549444716873,1000.0,2,0.0,0.0,0.0,0.0
3121,3121,1,-0.005,0.0,0.4,0.4000312487793923,1000.0,2,0.0,0.0,0.0,0.0
3122,3122,1,1.005,0.0,0.4,1.0816769388315532,1000.0,2,0.0,0.0,0.0,0.0
3123,3123,1,-0.005,0.0,0.4025,0.40253105470261547,1000.0,2,0.0,0.0,0.0,0.0
3124,3124,1,1.005,0.0,0.4025,1.0826039211087313,1000.0,2,0.0,0.0,0.0,0.0
3125,3125,1,-0.005,0.0,0.405,0.40503086302157276,1000.0,2,0.0,0.0,0.0,0.0
3126,3126,1,1.005,0.0,0.405,1.083535878501492,1000.0,2,0.0,0.0,0.0,0.0
3127,3127,1,-0.005,0.0,0.4075,0.40753067369217744,1000.0,2,0.0,0.0,0.0,0.0
3128,3128,1,1.005,0.0,0.4075,1.0844727981835227,1000.0,2,0.0,0.0,0.0,0.0
3129,3129,1,-0.005,0.0,0.41,0.4100304866714181,1000.0,2,0.0,0.0,0.0,0.0
3130,3130,1,1.005,0.0,0.41,1.0854146673046203,1000.0,2,0.0,0.0,0.0,0.0
3131,3131,1,-0.005,0.0,0.4125,0.4125303019173258,1000.0,2,0.0,0.0,0.0,0.0
3132,3132,1,1.005,0.0,0.4125,1.0863614729913795,1000.0,2,0.0,0.0,0.0,0.0
3133,3133,1,-0.005,0.0,0.415,0.41503011938894263,1000.0,2,0.0,0.0,0.0,0.0
3134,3134,1,1.005,0.0,0.415,1.087313202347879,1000.0,2,0.0,0.0,0.0,0.0
3135,3135,1,-0.005,0.0,0.4175,0.4175299390462916,1000.0,2,0.0,0.0,0.0,0.0
3136,3136,1,1.005,0.0,0.4175,1.0882698424563642,1000.0,2,0.0,0.0,0.0,0.0
3137,3137,1,-0.005,0.0,0.42,0.4200297608503473,1000.0,2,0.0,0.0,0.0,0.0
3138,3138,1,1.005,0.0,0.42,1.0892313803779248,1000.0,2,0.0,0.0,0.0,0.0
3139,3139,1,-0.005,0.0,0.4225,0.422529584763008,1000.0,2,0.0,0.0,0.0,0.0
3140,3140,1,1.005,0.0,0.4225,1.0901978031531707,1000.0,2,0.0,0.0,0.0,0.0
3141,3141,1,-0.005,0.0,0.425,0.4250294107470682,1000.0,2,0.0,0.0,0.0,0.0
3142,3142,1,1.005,0.0,0.425,1.0911690978029023,1000.0,2,0.0,0.0,0.0,0.0
3143,3143,1,-0.005,0.0,0.4275,0.4275292387661924,1000.0,2,0.0,0.0,0.0,0.0
3144,3144,1,1.005,0.0,0.4275,1.092145251328778,1000.0,2,0.0,0.0,0.0,0.0
3145,3145,1,-0.005,0.0,0.43,0.4300290687848904,1000.0,2,0.0,0.0,0.0,0.0
3146,3146,1,1.005,0.0,0.43,1.0931262507139785,1000.0,2,0.0,0.0,0.0,0.0
3147,3147,1,-0.005,0.0,0.4325,0.432528900768492,1000.0,2,0.0,0.0,0.0,0.0
3148,3148,1,1.005,0.0,0.4325,1.0941120829238655,1000.0,2,0.0,0.0,0.0,0.0
3149,3149,1,-0.005,0.0,0.435,0.43502873468312414,1000.0,2,0.0,0.0,0.0,0.0
3150,3150,1,1.005,0.0,0.435,1.0951027349066387,1000.0,2,0.0,0.0,0.0,0.0
3151,3151,1,-0.005,0.0,0.4375,0.4375285704956877,1000.0,2,0.0,0.0,0.0,0.0
3152,3152,1,1.005,0.0,0.4375,1.0960981935939862,1000.0,2,0.0,0.0,0.0,0.0
3153,3153,1,-0.005,0.0,0.44,0.440028408173836,1000.0,2,0.0,0.0,0.0,0.0
3154,3154,1,1.005,0.0,0.44,1.0970984459017339,1000.0,2,0.0,0.0,0.0,0.0
3155,3155,1,-0.005,0.0,0.4425,0.44252824768595284,1000.0,2,0.0,0.0,0.0,0.0
3156,3156,1,1.005,0.0,0.4425,1.0981034787304882,1000.0,2,0.0,0.0,0.0,0.0
3157,3157,1,-0.005,0.0,0.445,0.4450280890011326,1000.0,2,0.0,0.0,0.0,0.0
3158,3158,1,1.005,0.0,0.445,1.0991132789662763,1000.0,2,0.0,0.0,0.0,0.0
3159,3159,1,-0.005,0.0,0.4475,0.4475279320891602,1000.0,2,0.0,0.0,0.0,0.0
3160,3160,1,1.005,0.0,0.4475,1.1001278334811821,1000.0,2,0.0,0.0,0.0,0.0
3161,3161,1,-0.005,0.0,0.45,0.4500277769204919,1000.0,2,0.0,0.0,0.0,0.0
3162,3162,1,1.005,0.0,0.45,1.1011471291339772,1000.0,2,0.0,0.0,0.0,0.0
3163,3163,1,-0.005,0.0,0.4525,0.4525276234662366,1000.0,2,0.0,0.0,0.0,0.0
3164,3164,1,1.005,0.0,0.4525,1.102171152770748,1000.0,2,0.0,0.0,0.0,0.0
3165,3165,1,-0.005,0.0,0.455,0.45502747169813823,1000.0,2,0.0,0.0,0.0,0.0
3166,3166,1,1.005,0.0,0.455,1.1031998912255203,1000.0,2,0.0,0.0,0.0,0.0
3167,3167,1,-0.005,0.0,0.4575,0.4575273215885583,1000.0,2,0.0,0.0,0.0,0.0
3168,3168,1,1.005,0.0,0.4575,1.104233331320876,1000.0,2,0.0,0.0,0.0,0.0
3169,3169,1,-0.005,0.0,0.46,0.46002717311045876,1000.0,2,0.0,0.0,0.0,0.0
3170,3170,1,1.005,0.0,0.46,1.10527145986857,1000.0,2,0.0,0.0,0.0,0.0
3171,3171,1,-0.005,0.0,0.4625,0.4625270262373865,1000.0,2,0.0,0.0,0.0,0.0
3172,3172,1,1.005,0.0,0.4625,1.106314263670138,1000.0,2,0.0,0.0,0.0,0.0
3173,3173,1,-0.005,0.0,0.465,0.4650268809434569,1000.0,2,0.0,0.0,0.0,0.0
3174,3174,1,1.005,0.0,0.465,1.107361729517505,1000.0,2,0.0,0.0,0.0,0.0
3175,3175,1,-0.005,0.0,0.4675,0.46752673720333904,1000.0,2,0.0,0.0,0.0,0.0
3176,3176,1,1.005,0.0,0.4675,1.1084138441935845,1000.0,2,0.0,0.0,0.0,0.0
3177,3177,1,-0.005,0.0,0.47,0.4700265949922408,1000.0,2,0.0,0.0,0.0,0.0
3178,3178,1,1.005,0.0,0.47,1.1094705944728773,1000.0,2,0.0,0.0,0.0,0.0
3179,3179,1,-0.005,0.0,0.4725,0.47252645428589496,1000.0,2,0.0,0.0,0.0,0.0
3180,3180,1,1.005,0.0,0.4725,1.1105319671220635,1000.0,2,0.0,0.0,0.0,0.0
3181,3181,1,-0.005,0.0,0.475,0.4750263150605448,1000.0,2,0.0,0.0,0.0,0.0
3182,3182,1,1.005,0.0,0.475,1.1115979489005905,1000.0,2,0.0,0.0,0.0,0.0
3183,3183,1,-0.005,0.0,0.4775,0.47752617729293123,1000.0,2,0.0,0.0,0.0,0.0
3184,3184,1,1.005,0.0,0.4775,1.1126685265612575,1000.0,2,0.0,0.0,0.0,0.0
3185,3185,1,-0.005,0.0,0.48,0.48002604096027957,1000.0,2,0.0,0.0,0.0,0.0
3186,3186,1,1.005,0.0,0.48,1.1137436868507942,1000.0,2,0.0,0.0,0.0,0.0
3187,3187,1,-0.005,0.0,0.4825,0.4825259060402871,1000.0,2,0.0,0.0,0.0,0.0
3188,3188,1,1.005,0.0,0.4825,1.1148234165104354,1000.0,2,0.0,0.0,0.0,0.0
3189,3189,1,-0.005,0.0,0.485,0.485025772511111,1000.0,2,0.0,0.0,0.0,0.0
3190,3190,1,1.005,0.0,0.485,1.1159077022764918,1000.0,2,0.0,0.0,0.0,0.0
3191,3191,1,-0.005,0.0,0.4875,0.48752564035135626,1000.0,2,0.0,0.0,0.0,0.0
3192,3192,1,1.005,0.0,0.4875,1.1169965308809153,1000.0,2,0.0,0.0,0.0,0.0
3193,3193,1,-0.005,0.0,0.49,0.49002550954006463,1000.0,2,0.0,0.0,0.0,0.0
3194,3194,1,1.005,0.0,0.49,1.1180898890518596,1000.0,2,0.0,0.0,0.0,0.0
3195,3195,1,-0.005,0.0,0.4925,0.49252538005670327,1000.0,2,0.0,0.0,0.0,0.0
3196,3196,1,1.005,0.0,0.4925,1.119187763514237,1000.0,2,0.0,0.0,0.0,0.0
3197,3197,1,-0.005,0.0,0.495,0.49502525188115404,1000.0,2,0.0,0.0,0.0,0.0
3198,3198,1,1.005,0.0,0.495,1.1202901409902704,1000.0,2,0.0,0.0,0.0,0.0
3199,3199,1,-0.005,0.0,0.4975,0.4975251249937032,1000.0,2,0.0,0.0,0.0,0.0
3200,3200,1,1.005,0.0,0.4975,1.1213970082000397,1000.0,2,0.0,0.0,0.0,0.0
3201,3201,1,-0.005,0.0,0.5,0.5000249993750312,1000.0,2,0.0,0.0,0.0,0.0
3202,3202,1,1.005,0.0,0.5,1.122508351862025,1000.0,2,0.0,0.0,0.0,0.0
3203,3203,1,-0.005,0.0,0.5025,0.502524875006203,1000.0,2,0.0,0.0,0.0,0.0
3204,3204,1,1.005,0.0,0.5025,1.1236241586936442,1000.0,2,0.0,0.0,0.0,0.0
3205,3205,1,-0.005,0.0,0.505,0.5050247518686584,1000.0,2,0.0,0.0,0.0,0.0
3206,3206,1,1.005,0.0,0.505,1.1247444154117858,1000.0,2,0.0,0.0,0.0,0.0
3207,3207,1,-0.005,0.0,0.5075,0.5075246299442028,1000.0,2,0.0,0.0,0.0,0.0
3208,3208,1,1.005,0.0,0.5075,1.1258691087333375,1000.0,2,0.0,0.0,0.0,0.0
3209,3209,1,-0.005,0.0,0.51,0.5100245092149984,1000.0,2,0.0,0.0,0.0,0.0
3210,3210,1,1.005,0.0,0.51,1.12699822537571,1000.0,2,0.0,0.0,0.0,0.0
3211,3211,1,-0.005,0.0,0.5125,0.5125243896635554,1000.0,2,0.0,0.0,0.0,0.0
3212,3212,1,1.005,0.0,0.5125,1.128131752057356,1000.0,2,0.0,0.0,0.0,0.0
3213,3213,1,-0.005,0.0,0.515,0.5150242712727235,1000.0,2,0.0,0.0,0.0,0.0
3214,3214,1,1.005,0.0,0.515,1.129269675498284,1000.0,2,0.0,0.0,0.0,0.0
3215,3215,1,-0.005,0.0,0.5175,0.5175241540256841,1000.0,2,0.0,0.0,0.0,0.0
3216,3216,1,1.005,0.0,0.5175,1.1304119824205685,1000.0,2,0.0,0.0,0.0,0.0
3217,3217,1,-0.005,0.0,0.52,0.5200240379059414,1000.0,2,0.0,0.0,0.0,0.0
3218,3218,1,1.005,0.0,0.52,1.1315586595488543,1000.0,2,0.0,0.0,0.0,0.0
3219,3219,1,-0.005,0.0,0.5225,0.5225239228973158,1000.0,2,0.0,0.0,0.0,0.0
3220,3220,1,1.005,0.0,0.5225,1.132709693610856,1000.0,2,0.0,0.0,0.0,0.0
3221,3221,1,-0.005,0.0,0.525,0.5250238089839355,1000.0,2,0.0,0.0,0.0,0.0
3222,3222,1,1.005,0.0,0.525,1.1338650713378553,1000.0,2,0.0,0.0,0.0,0.0
3223,3223,1,-0.005,0.0,0.5275,0.5275236961502298,1000.0,2,0.0,0.0,0.0,0.0
3224,3224,1,1.005,0.0,0.5275,1.1350247794651884,1000.0,2,0.0,0.0,0.0,0.0
3225,3225,1,-0.005,0.0,0.53,0.5300235843809217,1000.0,2,0.0,0.0,0.0,0.0
3226,3226,1,1.005,0.0,0.53,1.1361888047327344,1000.0,2,0.0,0.0,0.0,0.0
3227,3227,1,-0.005,0.0,0.5325,0.5325234736610208,1000.0,2,0.0,0.0,0.0,0.0
3228,3228,1,1.005,0.0,0.5325,1.1373571338853947,1000.0,2,0.0,0.0,0.0,0.0
3229,3229,1,-0.005,0.0,0.535,0.5350233639758174,1000.0,2,0.0,0.0,0.0,0.0
3230,3230,1,1.005,0.0,0.535,1.13852975367357,1000.0,2,0.0,0.0,0.0,0.0
3231,3231,1,-0.005,0.0,0.5375,0.5375232553108749,1000.0,2,0.0,0.0,0.0,0.0
3232,3232,1,1.005,0.0,0.5375,1.1397066508536307,1000.0,2,0.0,0.0,0.0,0.0
3233,3233,1,-0.005,0.0,0.54,0.5400231476520243,1000.0,2,0.0,0.0,0.0,0.0
3234,3234,1,1.005,0.0,0.54,1.140887812188385,1000.0,2,0.0,0.0,0.0,0.0
3235,3235,1,-0.005,0.0,0.5425,0.5425230409853576,1000.0,2,0.0,0.0,0.0,0.0
3236,3236,1,1.005,0.0,0.5425,1.1420732244475393,1000.0,2,0.0,0.0,0.0,0.0
3237,3237,1,-0.005,0.0,0.545,0.5450229352972222,1000.0,2,0.0,0.0,0.0,0.0
3238,3238,1,1.005,0.0,0.545,1.1432628744081563,1000.0,2,0.0,0.0,0.0,0.0
3239,3239,1,-0.005,0.0,0.5475,0.5475228305742145,1000.0,2,0.0,0.0,0.0,0.0
3240,3240,1,1.005,0.0,0.5475,1.1444567488551063,1000.0,2,0.0,0.0,0.0,0.0
3241,3241,1,-0.005,0.0,0.55,0.550022726803175,1000.0,2,0.0,0.0,0.0,0.0
3242,3242,1,1.005,0.0,0.55,1.1456548345815156,1000.0,2,0.0,0.0,0.0,0.0
3243,3243,1,-0.005,0.0,0.5525,0.5525226239711818,1000.0,2,0.0,0.0,0.0,0.0
3244,3244,1,1.005,0.0,0.5525,1.146857118389209,1000.0,2,0.0,0.0,0.0,0.0
3245,3245,1,-0.005,0.0,0.555,0.5550225220655465,1000.0,2,0.0,0.0,0.0,0.0
3246,3246,1,1.005,0.0,0.555,1.1480635870891471,1000.0,2,0.0,0.0,0.0,0.0
3247,3247,1,-0.005,0.0,0.5575,0.5575224210738076,1000.0,2,0.0,0.0,0.0,0.0
3248,3248,1,1.005,0.0,0.5575,1.149274227501861,1000.0,2,0.0,0.0,0.0,0.0
3249,3249,1,-0.005,0.0,0.56,0.5600223209837265,1000.0,2,0.0,0.0,0.0,0.0
3250,3250,1,1.005,0.0,0.56,1.1504890264578798,1000.0,2,0.0,0.0,0.0,0.0
3251,3251,1,-0.005,0.0,0.5625,0.562522221783282,1000.0,2,0.0,0.0,0.0,0.0
3252,3252,1,1.005,0.0,0.5625,1.1517079707981532,1000.0,2,0.0,0.0,0.0,0.0
3253,3253,1,-0.005,0.0,0.565,0.5650221234606658,1000.0,2,0.0,0.0,0.0,0.0
3254,3254,1,1.005,0.0,0.565,1.1529310473744732,1000.0,2,0.0,0.0,0.0,0.0
3255,3255,1,-0.005,0.0,0.5675,0.5675220260042776,1000.0,2,0.0,0.0,0.0,0.0
3256,3256,1,1.005,0.0,0.5675,1.154158243049886,1000.0,2,0.0,0.0,0.0,0.0
3257,3257,1,-0.005,0.0,0.57,0.5700219294027205,1000.0,2,0.0,0.0,0.0,0.0
3258,3258,1,1.005,0.0,0.57,1.1553895446991027,1000.0,2,0.0,0.0,0.0,0.0
3259,3259,1,-0.005,0.0,0.5725,0.5725218336447965,1000.0,2,0.0,0.0,0.0,0.0
3260,3260,1,1.005,0.0,0.5725,1.1566249392089034,1000.0,2,0.0,0.0,0.0,0.0
3261,3261,1,-0.005,0.0,0.575,0.5750217387195026,1000.0,2,0.0,0.0,0.0,0.0
3262,3262,1,1.005,0.0,0.575,1.1578644134785383,1000.0,2,0.0,0.0,0.0,0.0
3263,3263,1,-0.005,0.0,0.5775,0.5775216446160265,1000.0,2,0.0,0.0,0.0,0.0
3264,3264,1,1.005,0.0,0.5775,1.1591079544201222,1000.0,2,0.0,0.0,0.0,0.0
3265,3265,1,-0.005,0.0,0.58,0.5800215513237418,1000.0,2,0.0,0.0,0.0,0.0
3266,3266,1,1.005,0.0,0.58,1.1603555489590247,1000.0,2,0.0,0.0,0.0,0.0
3267,3267,1,-0.005,0.0,0.5825,0.5825214588322047,1000.0,2,0.0,0.0,0.0,0.0
3268,3268,1,1.005,0.0,0.5825,1.1616071840342586,1000.0,2,0.0,0.0,0.0,0.0
3269,3269,1,-0.005,0.0,0.585,0.5850213671311502,1000.0,2,0.0,0.0,0.0,0.0
3270,3270,1,1.005,0.0,0.585,1.1628628465988582,1000.0,2,0.0,0.0,0.0,0.0
3271,3271,1,-0.005,0.0,0.5875,0.5875212762104876,1000.0,2,0.0,0.0,0.0,0.0
3272,3272,1,1.005,0.0,0.5875,1.1641225236202588,1000.0,2,0.0,0.0,0.0,0.0
3273,3273,1,-0.005,0.0,0.59,0.5900211860602973,1000.0,2,0.0,0.0,0.0,0.0
3274,3274,1,1.005,0.0,0.59,1.1653862020806665,1000.0,2,0.0,0.0,0.0,0.0
3275,3275,1,-0.005,0.0,0.5925,0.5925210966708274,1000.0,2,0.0,0.0,0.0,0.0
3276,3276,1,1.005,0.0,0.5925,1.166653868977427,1000.0,2,0.0,0.0,0.0,0.0
3277,3277,1,-0.005,0.0,0.595,0.5950210080324896,1000.0,2,0.0,0.0,0.0,0.0
3278,3278,1,1.005,0.0,0.595,1.167925511323389,1000.0,2,0.0,0.0,0.0,0.0
3279,3279,1,-0.005,0.0,0.5975,0.597520920135856,1000.0,2,0.0,0.0,0.0,0.0
3280,3280,1,1.005,0.0,0.5975,1.1692011161472604,1000.0,2,0.0,0.0,0.0,0.0
3281,3281,1,-0.005,0.0,0.6,0.6000208329716561,1000.0,2,0.0,0.0,0.0,0.0
3282,3282,1,1.005,0.0,0.6,1.170480670493964,1000.0,2,0.0,0.0,0.0,0.0
3283,3283,1,-0.005,0.0,0.6025,0.602520746530773,1000.0,2,0.0,0.0,0.0,0.0
3284,3284,1,1.005,0.0,0.6025,1.1717641614249856,1000.0,2,0.0,0.0,0.0,0.0
3285,3285,1,-0.005,0.0,0.605,0.6050206608042407,1000.0,2,0.0,0.0,0.0,0.0
3286,3286,1,1.005,0.0,0.605,1.1730515760187188,1000.0,2,0.0,0.0,0.0,0.0
3287,3287,1,-0.005,0.0,0.6075,0.6075205757832405,1000.0,2,0.0,0.0,0.0,0.0
3288,3288,1,1.005,0.0,0.6075,1.1743429013708049,1000.0,2,0.0,0.0,0.0,0.0
3289,3289,1,-0.005,0.0,0.61,0.6100204914590984,1000.0,2,0.0,0.0,0.0,0.0
3290,3290,1,1.005,0.0,0.61,1.175638124594469,1000.0,2,0.0,0.0,0.0,0.0
3291,3291,1,-0.005,0.0,0.6125,0.6125204078232823,1000.0,2,0.0,0.0,0.0,0.0
3292,3292,1,1.005,0.0,0.6125,1.17693723282085,1000.0,2,0.0,0.0,0.0,0.0
3293,3293,1,-0.005,0.0,0.615,0.6150203248673982,1000.0,2,0.0,0.0,0.0,0.0
3294,3294,1,1.005,0.0,0.615,1.1782402131993288,1000.0,2,0.0,0.0,0.0,0.0
3295,3295,1,-0.005,0.0,0.6175,0.6175202425831886,1000.0,2,0.0,0.0,0.0,0.0
3296,3296,1,1.005,0.0,0.6175,1.1795470528978484,1000.0,2,0.0,0.0,0.0,0.0
3297,3297,1,-0.005,0.0,0.62,0.6200201609625288,1000.0,2,0.0,0.0,0.0,0.0
3298,3298,1,1.005,0.0,0.62,1.1808577391032333,1000.0,2,0.0,0.0,0.0,0.0
3299,3299,1,-0.005,0.0,0.6225,0.6225200799974246,1000.0,2,0.0,0.0,0.0,0.0
3300,3300,1,1.005,0.0,0.6225,1.1821722590215014,1000.0,2,0.0,0.0,0.0,0.0
3301,3301,1,-0.005,0.0,0.625,0.6250199996800102,1000.0,2,0.0,0.0,0.0,0.0
3302,3302,1,1.005,0.0,0.625,1.1834905998781737,1000.0,2,0.0,0.0,0.0,0.0
3303,3303,1,-0.005,0.0,0.6275,0.6275199200025445,1000.0,2,0.0,0.0,0.0,0.0
3304,3304,1,1.005,0.0,0.6275,1.184812748918579,1000.0,2,0.0,0.0,0.0,0.0
3305,3305,1,-0.005,0.0,0.63,0.6300198409574098,1000.0,2,0.0,0.0,0.0,0.0
3306,3306,1,1.005,0.0,0.63,1.1861386934081528,1000.0,2,0.0,0.0,0.0,0.0
3307,3307,1,-0.005,0.0,0.6325,0.6325197625371084,1000.0,2,0.0,0.0,0.0,0.0
3308,3308,1,1.005,0.0,0.6325,1.187468420632734,1000.0,2,0.0,0.0,0.0,0.0
3309,3309,1,-0.005,0.0,0.635,0.6350196847342608,1000.0,2,0.0,0.0,0.0,0.0
3310,3310,1,1.005,0.0,0.635,1.1888019178988565,1000.0,2,0.0,0.0,0.0,0.0
3311,3311,1,-0.005,0.0,0.6375,0.6375196075416033,1000.0,2,0.0,0.0,0.0,0.0
3312,3312,1,1.005,0.0,0.6375,1.1901391725340358,1000.0,2,0.0,0.0,0.0,0.0
3313,3313,1,-0.005,0.0,0.64,0.6400195309519859,1000.0,2,0.0,0.0,0.0,0.0
3314,3314,1,1.005,0.0,0.64,1.1914801718870522,1000.0,2,0.0,0.0,0.0,0.0
3315,3315,1,-0.005,0.0,0.6425,0.6425194549583693,1000.0,2,0.0,0.0,0.0,0.0
3316,3316,1,1.005,0.0,0.6425,1.1928249033282294,1000.0,2,0.0,0.0,0.0,0.0
3317,3317,1,-0.005,0.0,0.645,0.6450193795538239,1000.0,2,0.0,0.0,0.0,0.0
3318,3318,1,1.005,0.0,0.645,1.1941733542497086,1000.0,2,0.0,0.0,0.0,0.0
3319,3319,1,-0.005,0.0,0.6475,0.6475193047315269,1000.0,2,0.0,0.0,0.0,0.0
3320,3320,1,1.005,0.0,0.6475,1.1955255120657189,1000.0,2,0.0,0.0,0.0,0.0
3321,3321,1,-0.005,0.0,0.65,0.6500192304847604,1000.0,2,0.0,0.0,0.0,0.0
3322,3322,1,1.005,0.0,0.65,1.1968813642128446,1000.0,2,0.0,0.0,0.0,0.0
3323,3323,1,-0.005,0.0,0.6525,0.6525191568069093,1000.0,2,0.0,0.0,0.0,0.0
3324,3324,1,1.005,0.0,0.6525,1.1982408981502841,1000.0,2,0.0,0.0,0.0,0.0
3325,3325,1,-0.005,0.0,0.655,0.6550190836914601,1000.0,2,0.0,0.0,0.0,0.0
3326,3326,1,1.005,0.0,0.655,1.199604101360111,1000.0,2,0.0,0.0,0.0,0.0
3327,3327,1,-0.005,0.0,0.6575,0.6575190111319976,1000.0,2,0.0,0.0,0.0,0.0
3328,3328,1,1.005,0.0,0.6575,1.2009709613475255,1000.0,2,0.0,0.0,0.0,0.0
3329,3329,1,-0.005,0.0,0.66,0.6600189391222043,1000.0,2,0.0,0.0,0.0,0.0
3330,3330,1,1.005,0.0,0.66,1.2023414656411047,1000.0,2,0.0,0.0,0.0,0.0
3331,3331,1,-0.005,0.0,0.6625,0.6625188676558578,1000.0,2,0.0,0.0,0.0,0.0
3332,3332,1,1.005,0.0,0.6625,1.203715601793048,1000.0,2,0.0,0.0,0.0,0.0
3333,3333,1,-0.005,0.0,0.665,0.6650187967268294,1000.0,2,0.0,0.0,0.0,0.0
3334,3334,1,1.005,0.0,0.665,1.205093357379419,1000.0,2,0.0,0.0,0.0,0.0
3335,3335,1,-0.005,0.0,0.6675,0.667518726329082,1000.0,2,0.0,0.0,0.0,0.0
3336,3336,1,1.005,0.0,0.6675,1.2064747200003818,1000.0,2,0.0,0.0,0.0,0.0
3337,3337,1,-0.005,0.0,0.67,0.6700186564566691,1000.0,2,0.0,0.0,0.0,0.0
3338,3338,1,1.005,0.0,0.67,1.2078596772804364,1000.0,2,0.0,0.0,0.0,0.0
3339,3339,1,-0.005,0.0,0.6725,0.672518587103732,1000.0,2,0.0,0.0,0.0,0.0
3340,3340,1,1.005,0.0,0.6725,1.209248216868646,1000.0,2,0.0,0.0,0.0,0.0
3341,3341,1,-0.005,0.0,0.675,0.6750185182644992,1000.0,2,0.0,0.0,0.0,0.0
3342,3342,1,1.005,0.0,0.675,1.210640326438864,1000.0,2,0.0,0.0,0.0,0.0
3343,3343,1,-0.005,0.0,0.6775,0.6775184499332841,1000.0,2,0.0,0.0,0.0,0.0
3344,3344,1,1.005,0.0,0.6775,1.2120359936899563,1000.0,2,0.0,0.0,0.0,0.0
3345,3345,1,-0.005,0.0,0.68,0.6800183821044841,1000.0,2,0.0,0.0,0.0,0.0
3346,3346,1,1.005,0.0,0.68,1.2134352063460165,1000.0,2,0.0,0.0,0.0,0.0
3347,3347,1,-0.005,0.0,0.6825,0.6825183147725781,1000.0,2,0.0,0.0,0.0,0.0
3348,3348,1,1.005,0.0,0.6825,1.2148379521565829,1000.0,2,0.0,0.0,0.0,0.0
3349,3349,1,-0.005,0.0,0.685,0.6850182479321263,1000.0,2,0.0,0.0,0.0,0.0
3350,3350,1,1.005,0.0,0.685,1.2162442188968463,1000.0,2,0.0,0.0,0.0,0.0
3351,3351,1,-0.005,0.0,0.6875,0.6875181815777675,1000.0,2,0.0,0.0,0.0,0.0
3352,3352,1,1.005,0.0,0.6875,1.2176539943678582,1000.0,2,0.0,0.0,0.0,0.0
3353,3353,1,-0.005,0.0,0.69,0.6900181157042182,1000.0,2,0.0,0.0,0.0,0.0
3354,3354,1,1.005,0.0,0.69,1.2190672663967315,1000.0,2,0.0,0.0,0.0,0.0
3355,3355,1,-0.005,0.0,0.6925,0.6925180503062718,1000.0,2,0.0,0.0,0.0,0.0
3356,3356,1,1.005,0.0,0.6925,1.2204840228368414,1000.0,2,0.0,0.0,0.0,0.0
3357,3357,1,-0.005,0.0,0.695,0.6950179853787958,1000.0,2,0.0,0.0,0.0,0.0
3358,3358,1,1.005,0.0,0.695,1.2219042515680187,1000.0,2,0.0,0.0,0.0,0.0
3359,3359,1,-0.005,0.0,0.6975,0.6975179209167317,1000.0,2,0.0,0.0,0.0,0.0
3360,3360,1,1.005,0.0,0.6975,1.2233279404967419,1000.0,2,0.0,0.0,0.0,0.0
3361,3361,1,-0.005,0.0,0.7,0.7000178569150932,1000.0,2,0.0,0.0,0.0,0.0
3362,3362,1,1.005,0.0,0.7,1.224755077556325,1000.0,2,0.0,0.0,0.0,0.0
3363,3363,1,-0.005,0.0,0.7025,0.7025177933689651,1000.0,2,0.0,0.0,0.0,0.0
3364,3364,1,1.005,0.0,0.7025,1.2261856507071023,1000.0,2,0.0,0.0,0.0,0.0
3365,3365,1,-0.005,0.0,0.705,0.7050177302735017,1000.0,2,0.0,0.0,0.0,0.0
3366,3366,1,1.005,0.0,0.705,1.2276196479366073,1000.0,2,0.0,0.0,0.0,0.0
3367,3367,1,-0.005,0.0,0.7075,0.7075176676239259,1000.0,2,0.0,0.0,0.0,0.0
3368,3368,1,1.005,0.0,0.7075,1.2290570572597515,1000.0,2,0.0,0.0,0.0,0.0
3369,3369,1,-0.005,0.0,0.71,0.7100176054155277,1000.0,2,0.0,0.0,0.0,0.0
3370,3370,1,1.005,0.0,0.71,1.2304978667189959,1000.0,2,0.0,0.0,0.0,0.0
3371,3371,1,-0.005,0.0,0.7125,0.7125175436436636,1000.0,2,0.0,0.0,0.0,0.0
3372,3372,1,1.005,0.0,0.7125,1.231942064384523,1000.0,2,0.0,0.0,0.0,0.0
3373,3373,1,-0.005,0.0,0.715,0.7150174823037546,1000.0,2,0.0,0.0,0.0,0.0
3374,3374,1,1.005,0.0,0.715,1.233389638354401,1000.0,2,0.0,0.0,0.0,0.0
3375,3375,1,-0.005,0.0,0.7175,0.7175174213912858,1000.0,2,0.0,0.0,0.0,0.0
3376,3376,1,1.005,0.0,0.7175,1.2348405767547483,1000.0,2,0.0,0.0,0.0,0.0
3377,3377,1,-0.005,0.0,0.72,0.7200173609018049,1000.0,2,0.0,0.0,0.0,0.0
3378,3378,1,1.005,0.0,0.72,1.236294867739893,1000.0,2,0.0,0.0,0.0,0.0
3379,3379,1,-0.005,0.0,0.7225,0.7225173008309214,1000.0,2,0.0,0.0,0.0,0.0
3380,3380,1,1.005,0.0,0.7225,1.2377524994925277,1000.0,2,0.0,0.0,0.0,0.0
3381,3381,1,-0.005,0.0,0.725,0.7250172411743048,1000.0,2,0.0,0.0,0.0,0.0
3382,3382,1,1.005,0.0,0.725,1.239213460223863,1000.0,2,0.0,0.0,0.0,0.0
3383,3383,1,-0.005,0.0,0.7275,0.7275171819276849,1000.0,2,0.0,0.0,0.0,0.0
3384,3384,1,1.005,0.0,0.7275,1.2406777381737772,1000.0,2,0.0,0.0,0.0,0.0
3385,3385,1,-0.005,0.0,0.73,0.7300171230868492,1000.0,2,0.0,0.0,0.0,0.0
3386,3386,1,1.005,0.0,0.73,1.2421453216109617,1000.0,2,0.0,0.0,0.0,0.0
3387,3387,1,-0.005,0.0,0.7325,0.7325170646476437,1000.0,2,0.0,0.0,0.0,0.0
3388,3388,1,1.005,0.0,0.7325,1.2436161988330643,1000.0,2,0.0,0.0,0.0,0.0
3389,3389,1,-0.005,0.0,0.735,0.7350170066059696,1000.0,2,0.0,0.0,0.0,0.0
3390,3390,1,1.005,0.0,0.735,1.2450903581668278,1000.0,2,0.0,0.0,0.0,0.0
3391,3391,1,-0.005,0.0,0.7375,0.7375169489577851,1000.0,2,0.0,0.0,0.0,0.0
3392,3392,1,1.005,0.0,0.7375,1.2465677879682275,1000.0,2,0.0,0.0,0.0,0.0
3393,3393,1,-0.005,0.0,0.74,0.7400168916991017,1000.0,2,0.0,0.0,0.0,0.0
3394,3394,1,1.005,0.0,0.74,1.248048476622603,1000.0,2,0.0,0.0,0.0,0.0
3395,3395,1,-0.005,0.0,0.7425,0.7425168348259857,1000.0,2,0.0,0.0,0.0,0.0
3396,3396,1,1.005,0.0,0.7425,1.2495324125447886,1000.0,2,0.0,0.0,0.0,0.0
3397,3397,1,-0.005,0.0,0.745,0.7450167783345554,1000.0,2,0.0,0.0,0.0,0.0
3398,3398,1,1.005,0.0,0.745,1.2510195841792404,1000.0,2,0.0,0.0,0.0,0.0
3399,3399,1,-0.005,0.0,0.7475,0.7475167222209815,1000.0,2,0.0,0.0,0.0,0.0
3400,3400,1,1.005,0.0,0.7475,1.2525099800001593,1000.0,2,0.0,0.0,0.0,0.0
3401,3401,1,-0.005,0.0,0.75,0.7500166664814857,1000.0,2,0.0,0.0,0.0,0.0
3402,3402,1,1.005,0.0,0.75,1.2540035885116119,1000.0,2,0.0,0.0,0.0,0.0
3403,3403,1,-0.005,0.0,0.7525,0.7525166111123395,1000.0,2,0.0,0.0,0.0,0.0
3404,3404,1,1.005,0.0,0.7525,1.2555003982476467,1000.0,2,0.0,0.0,0.0,0.0
3405,3405,1,-0.005,0.0,0.755,0.7550165561098644,1000.0,2,0.0,0.0,0.0,0.0
3406,3406,1,1.005,0.0,0.755,1.2570003977724111,1000.0,2,0.0,0.0,0.0,0.0
3407,3407,1,-0.005,0.0,0.7575,0.75751650147043,1000.0,2,0.0,0.0,0.0,0.0
3408,3408,1,1.005,0.0,0.7575,1.25850357568026,1000.0,2,0.0,0.0,0.0,0.0
3409,3409,1,-0.005,0.0,0.76,0.7600164471904539,1000.0,2,0.0,0.0,0.0,0.0
3410,3410,1,1.005,0.0,0.76,1.2600099205958657,1000.0,2,0.0,0.0,0.0,0.0
3411,3411,1,-0.005,0.0,0.7625,0.7625163932664005,1000.0,2,0.0,0.0,0.0,0.0
3412,3412,1,1.005,0.0,0.7625,1.2615194211743233,1000.0,2,0.0,0.0,0.0,0.0
3413,3413,1,-0.005,0.0,0.765,0.7650163396947807,1000.0,2,0.0,0.0,0.0,0.0
3414,3414,1,1.005,0.0,0.765,1.2630320661012528,1000.0,2,0.0,0.0,0.0,0.0
3415,3415,1,-0.005,0.0,0.7675,0.7675162864721504,1000.0,2,0.0,0.0,0.0,0.0
3416,3416,1,1.005,0.0,0.7675,1.2645478440928994,1000.0,2,0.0,0.0,0.0,0.0
3417,3417,1,-0.005,0.0,0.77,0.7700162335951106,1000.0,2,0.0,0.0,0.0,0.0
3418,3418,1,1.005,0.0,0.77,1.266066743896229,1000.0,2,0.0,0.0,0.0,0.0
3419,3419,1,-0.005,0.0,0.7725,0.7725161810603064,1000.0,2,0.0,0.0,0.0,0.0
3420,3420,1,1.005,0.0,0.7725,1.267588754289024,1000.0,2,0.0,0.0,0.0,0.0
3421,3421,1,-0.005,0.0,0.775,0.7750161288644257,1000.0,2,0.0,0.0,0.0,0.0
3422,3422,1,1.005,0.0,0.775,1.2691138640799728,1000.0,2,0.0,0.0,0.0,0.0
3423,3423,1,-0.005,0.0,0.7775,0.7775160770041993,1000.0,2,0.0,0.0,0.0,0.0
3424,3424,1,1.005,0.0,0.7775,1.270642062108759,1000.0,2,0.0,0.0,0.0,0.0
3425,3425,1,-0.005,0.0,0.78,0.7800160254764001,1000.0,2,0.0,0.0,0.0,0.0
3426,3426,1,1.005,0.0,0.78,1.2721733372461475,1000.0,2,0.0,0.0,0.0,0.0
3427,3427,1,-0.005,0.0,0.7825,0.7825159742778418,1000.0,2,0.0,0.0,0.0,0.0
3428,3428,1,1.005,0.0,0.7825,1.2737076783940653,1000.0,2,0.0,0.0,0.0,0.0
3429,3429,1,-0.005,0.0,0.785,0.7850159234053792,1000.0,2,0.0,0.0,0.0,0.0
3430,3430,1,1.005,0.0,0.785,1.2752450744856847,1000.0,2,0.0,0.0,0.0,0.0
3431,3431,1,-0.005,0.0,0.7875,0.7875158728559063,1000.0,2,0.0,0.0,0.0,0.0
3432,3432,1,1.005,0.0,0.7875,1.2767855144854987,1000.0,2,0.0,0.0,0.0,0.0
3433,3433,1,-0.005,0.0,0.79,0.7900158226263574,1000.0,2,0.0,0.0,0.0,0.0
3434,3434,1,1.005,0.0,0.79,1.2783289873893966,1000.0,2,0.0,0.0,0.0,0.0
3435,3435,1,-0.005,0.0,0.7925,0.7925157727137044,1000.0,2,0.0,0.0,0.0,0.0
3436,3436,1,1.005,0.0,0.7925,1.2798754822247358,1000.0,2,0.0,0.0,0.0,0.0
3437,3437,1,-0.005,0.0,0.795,0.7950157231149584,1000.0,2,0.0,0.0,0.0,0.0
3438,3438,1,1.005,0.0,0.795,1.2814249880504125,1000.0,2,0.0,0.0,0.0,0.0
3439,3439,1,-0.005,0.0,0.7975,0.7975156738271669,1000.0,2,0.0,0.0,0.0,0.0
3440,3440,1,1.005,0.0,0.7975,1.282977493956928,1000.0,2,0.0,0.0,0.0,0.0
3441,3441,1,-0.005,0.0,0.8,0.8000156248474152,1000.0,2,0.0,0.0,0.0,0.0
3442,3442,1,1.005,0.0,0.8,1.2845329890664543,1000.0,2,0.0,0.0,0.0,0.0
3443,3443,1,-0.005,0.0,0.8025,0.8025155761728242,1000.0,2,0.0,0.0,0.0,0.0
3444,3444,1,1.005,0.0,0.8025,1.2860914625328945,1000.0,2,0.0,0.0,0.0,0.0
3445,3445,1,-0.005,0.0,0.805,0.8050155278005513,1000.0,2,0.0,0.0,0.0,0.0
3446,3446,1,1.005,0.0,0.805,1.2876529035419444,1000.0,2,0.0,0.0,0.0,0.0
3447,3447,1,-0.005,0.0,0.8075,0.8075154797277883,1000.0,2,0.0,0.0,0.0,0.0
3448,3448,1,1.005,0.0,0.8075,1.289217301311148,1000.0,2,0.0,0.0,0.0,0.0
3449,3449,1,-0.005,0.0,0.81,0.8100154319517624,1000.0,2,0.0,0.0,0.0,0.0
3450,3450,1,1.005,0.0,0.81,1.2907846450899545,1000.0,2,0.0,0.0,0.0,0.0
3451,3451,1,-0.005,0.0,0.8125,0.8125153844697343,1000.0,2,0.0,0.0,0.0,0.0
3452,3452,1,1.005,0.0,0.8125,1.292354924159768,1000.0,2,0.0,0.0,0.0,0.0
3453,3453,1,-0.005,0.0,0.815,0.8150153372789987,1000.0,2,0.0,0.0,0.0,0.0
3454,3454,1,1.005,0.0,0.815,1.2939281278339998,1000.0,2,0.0,0.0,0.0,0.0
3455,3455,1,-0.005,0.0,0.8175,0.8175152903768834,1000.0,2,0.0,0.0,0.0,0.0
3456,3456,1,1.005,0.0,0.8175,1.295504245458115,1000.0,2,0.0,0.0,0.0,0.0
3457,3457,1,-0.005,0.0,0.82,0.8200152437607486,1000.0,2,0.0,0.0,0.0,0.0
3458,3458,1,1.005,0.0,0.82,1.2970832664096779,1000.0,2,0.0,0.0,0.0,0.0
3459,3459,1,-0.005,0.0,0.8225,0.8225151974279867,1000.0,2,0.0,0.0,0.0,0.0
3460,3460,1,1.005,0.0,0.8225,1.2986651800983962,1000.0,2,0.0,0.0,0.0,0.0
3461,3461,1,-0.005,0.0,0.825,0.8250151513760217,1000.0,2,0.0,0.0,0.0,0.0
3462,3462,1,1.005,0.0,0.825,1.30024997596616,1000.0,2,0.0,0.0,0.0,0.0
3463,3463,1,-0.005,0.0,0.8275,0.8275151056023087,1000.0,2,0.0,0.0,0.0,0.0
3464,3464,1,1.005,0.0,0.8275,1.3018376434870824,1000.0,2,0.0,0.0,0.0,0.0
3465,3465,1,-0.005,0.0,0.83,0.8300150601043333,1000.0,2,0.0,0.0,0.0,0.0
3466,3466,1,1.005,0.0,0.83,1.3034281721675343,1000.0,2,0.0,0.0,0.0,0.0
3467,3467,1,-0.005,0.0,0.8325,0.8325150148796117,1000.0,2,0.0,0.0,0.0,0.0
3468,3468,1,1.005,0.0,0.8325,1.3050215515461803,1000.0,2,0.0,0.0,0.0,0.0
3469,3469,1,-0.005,0.0,0.835,0.8350149699256895,1000.0,2,0.0,0.0,0.0,0.0
3470,3470,1,1.005,0.0,0.835,1.306617771194009,1000.0,2,0.0,0.0,0.0,0.0
3471,3471,1,-0.005,0.0,0.8375,0.8375149252401417,1000.0,2,0.0,0.0,0.0,0.0
3472,3472,1,1.005,0.0,0.8375,1.3082168207143645,1000.0,2,0.0,0.0,0.0,0.0
3473,3473,1,-0.005,0.0,0.84,0.8400148808205721,1000.0,2,0.0,0.0,0.0,0.0
3474,3474,1,1.005,0.0,0.84,1.3098186897429736,1000.0,2,0.0,0.0,0.0,0.0
3475,3475,1,-0.005,0.0,0.8425,0.8425148366646134,1000.0,2,0.0,0.0,0.0,0.0
3476,3476,1,1.005,0.0,0.8425,1.3114233679479712,1000.0,2,0.0,0.0,0.0,0.0
3477,3477,1,-0.005,0.0,0.845,0.8450147927699254,1000.0,2,0.0,0.0,0.0,0.0
3478,3478,1,1.005,0.0,0.845,1.3130308450299253,1000.0,2,0.0,0.0,0.0,0.0
3479,3479,1,-0.005,0.0,0.8475,0.8475147491341966,1000.0,2,0.0,0.0,0.0,0.0
3480,3480,1,1.005,0.0,0.8475,1.3146411107218576,1000.0,2,0.0,0.0,0.0,0.0
3481,3481,1,-0.005,0.0,0.85,0.8500147057551416,1000.0,2,0.0,0.0,0.0,0.0
3482,3482,1,1.005,0.0,0.85,1.3162541547892639,1000.0,2,0.0,0.0,0.0,0.0
3483,3483,1,-0.005,0.0,0.8525,0.8525146626305029,1000.0,2,0.0,0.0,0.0,0.0
3484,3484,1,1.005,0.0,0.8525,1.3178699670301315,1000.0,2,0.0,0.0,0.0,0.0
3485,3485,1,-0.005,0.0,0.855,0.8550146197580484,1000.0,2,0.0,0.0,0.0,0.0
3486,3486,1,1.005,0.0,0.855,1.3194885372749547,1000.0,2,0.0,0.0,0.0,0.0
3487,3487,1,-0.005,0.0,0.8575,0.8575145771355728,1000.0,2,0.0,0.0,0.0,0.0
3488,3488,1,1.005,0.0,0.8575,1.3211098553867502,1000.0,2,0.0,0.0,0.0,0.0
3489,3489,1,-0.005,0.0,0.86,0.8600145347608957,1000.0,2,0.0,0.0,0.0,0.0
3490,3490,1,1.005,0.0,0.86,1.3227339112610668,1000.0,2,0.0,0.0,0.0,0.0
3491,3491,1,-0.005,0.0,0.8625,0.8625144926318631,1000.0,2,0.0,0.0,0.0,0.0
3492,3492,1,1.005,0.0,0.8625,1.3243606948259978,1000.0,2,0.0,0.0,0.0,0.0
3493,3493,1,-0.005,0.0,0.865,0.8650144507463445,1000.0,2,0.0,0.0,0.0,0.0
3494,3494,1,1.005,0.0,0.865,1.3259901960421878,1000.0,2,0.0,0.0,0.0,0.0
3495,3495,1,-0.005,0.0,0.8675,0.8675144091022351,1000.0,2,0.0,0.0,0.0,0.0
3496,3496,1,1.005,0.0,0.8675,1.3276224049028398,1000.0,2,0.0,0.0,0.0,0.0
3497,3497,1,-0.005,0.0,0.87,0.8700143676974537,1000.0,2,0.0,0.0,0.0,0.0
3498,3498,1,1.005,0.0,0.87,1.3292573114337192,1000.0,2,0.0,0.0,0.0,0.0
3499,3499,1,-0.005,0.0,0.8725,0.8725143265299431,1000.0,2,0.0,0.0,0.0,0.0
3500,3500,1,1.005,0.0,0.8725,1.330894905693158,1000.0,2,0.0,0.0,0.0,0.0
3501,3501,1,-0.005,0.0,0.875,0.8750142855976696,1000.0,2,0.0,0.0,0.0,0.0
3502,3502,1,1.005,0.0,0.875,1.332535177772054,1000.0,2,0.0,0.0,0.0,0.0
3503,3503,1,-0.005,0.0,0.8775,0.8775142448986227,1000.0,2,0.0,0.0,0.0,0.0
3504,3504,1,1.005,0.0,0.8775,1.3341781177938723,1000.0,2,0.0,0.0,0.0,0.0
3505,3505,1,-0.005,0.0,0.88,0.8800142044308149,1000.0,2,0.0,0.0,0.0,0.0
3506,3506,1,1.005,0.0,0.88,1.335823715914641,1000.0,2,0.0,0.0,0.0,0.0
3507,3507,1,-0.005,0.0,0.8825,0.8825141641922808,1000.0,2,0.0,0.0,0.0,0.0
3508,3508,1,1.005,0.0,0.8825,1.337471962322949,1000.0,2,0.0,0.0,0.0,0.0
3509,3509,1,-0.005,0.0,0.885,0.8850141241810777,1000.0,2,0.0,0.0,0.0,0.0
3510,3510,1,1.005,0.0,0.885,1.3391228472399386,1000.0,2,0.0,0.0,0.0,0.0
3511,3511,1,-0.005,0.0,0.8875,0.8875140843952845,1000.0,2,0.0,0.0,0.0,0.0
3512,3512,1,1.005,0.0,0.8875,1.3407763609192995,1000.0,2,0.0,0.0,0.0,0.0
3513,3513,1,-0.005,0.0,0.89,0.8900140448330015,1000.0,2,0.0,0.0,0.0,0.0
3514,3514,1,1.005,0.0,0.89,1.3424324936472596,1000.0,2,0.0,0.0,0.0,0.0
3515,3515,1,-0.005,0.0,0.8925,0.8925140054923508,1000.0,2,0.0,0.0,0.0,0.0
3516,3516,1,1.005,0.0,0.8925,1.344091235742574,1000.0,2,0.0,0.0,0.0,0.0
3517,3517,1,-0.005,0.0,0.895,0.8950139663714751,1000.0,2,0.0,0.0,0.0,0.0
3518,3518,1,1.005,0.0,0.895,1.3457525775565136,1000.0,2,0.0,0.0,0.0,0.0
3519,3519,1,-0.005,0.0,0.8975,0.897513927468538,1000.0,2,0.0,0.0,0.0,0.0
3520,3520,1,1.005,0.0,0.8975,1.3474165094728503,1000.0,2,0.0,0.0,0.0,0.0
3521,3521,1,-0.005,0.0,0.9,0.9000138887817233,1000.0,2,0.0,0.0,0.0,0.0
3522,3522,1,1.005,0.0,0.9,1.3490830219078438,1000.0,2,0.0,0.0,0.0,0.0
3523,3523,1,-0.005,0.0,0.9025,0.9025138503092349,1000.0,2,0.0,0.0,0.0,0.0
3524,3524,1,1.005,0.0,0.9025,1.350752105310223,1000.0,2,0.0,0.0,0.0,0.0
3525,3525,1,-0.005,0.0,0.905,0.9050138120492969,1000.0,2,0.0,0.0,0.0,0.0
3526,3526,1,1.005,0.0,0.905,1.352423750161169,1000.0,2,0.0,0.0,0.0,0.0
3527,3527,1,-0.005,0.0,0.9075,0.9075137740001527,1000.0,2,0.0,0.0,0.0,0.0
3528,3528,1,1.005,0.0,0.9075,1.3540979469742946,1000.0,2,0.0,0.0,0.0,0.0
3529,3529,1,-0.005,0.0,0.91,0.9100137361600649,1000.0,2,0.0,0.0,0.0,0.0
3530,3530,1,1.005,0.0,0.91,1.3557746862956248,1000.0,2,0.0,0.0,0.0,0.0
3531,3531,1,-0.005,0.0,0.9125,0.9125136985273152,1000.0,2,0.0,0.0,0.0,0.0
3532,3532,1,1.005,0.0,0.9125,1.3574539587035723,1000.0,2,0.0,0.0,0.0,0.0
3533,3533,1,-0.005,0.0,0.915,0.9150136611002047,1000.0,2,0.0,0.0,0.0,0.0
3534,3534,1,1.005,0.0,0.915,1.3591357548089154,1000.0,2,0.0,0.0,0.0,0.0
3535,3535,1,-0.005,0.0,0.9175,0.9175136238770518,1000.0,2,0.0,0.0,0.0,0.0
3536,3536,1,1.005,0.0,0.9175,1.360820065254771,1000.0,2,0.0,0.0,0.0,0.0
3537,3537,1,-0.005,0.0,0.92,0.9200135868561943,1000.0,2,0.0,0.0,0.0,0.0
3538,3538,1,1.005,0.0,0.92,1.3625068807165708,1000.0,2,0.0,0.0,0.0,0.0
3539,3539,1,-0.005,0.0,0.9225,0.9225135500359873,1000.0,2,0.0,0.0,0.0,0.0
3540,3540,1,1.005,0.0,0.9225,1.3641961919020298,1000.0,2,0.0,0.0,0.0,0.0
3541,3541,1,-0.005,0.0,0.925,0.9250135134148042,1000.0,2,0.0,0.0,0.0,0.0
3542,3542,1,1.005,0.0,0.925,1.3658879895511198,1000.0,2,0.0,0.0,0.0,0.0
3543,3543,1,-0.005,0.0,0.9275,0.9275134769910354,1000.0,2,0.0,0.0,0.0,0.0
3544,3544,1,1.005,0.0,0.9275,1.3675822644360374,1000.0,2,0.0,0.0,0.0,0.0
3545,3545,1,-0.005,0.0,0.93,0.9300134407630892,1000.0,2,0.0,0.0,0.0,0.0
3546,3546,1,1.005,0.0,0.93,1.3692790073611731,1000.0,2,0.0,0.0,0.0,0.0
3547,3547,1,-0.005,0.0,0.9325,0.9325134047293905,1000.0,2,0.0,0.0,0.0,0.0
3548,3548,1,1.005,0.0,0.9325,1.3709782091630778,1000.0,2,0.0,0.0,0.0,0.0
3549,3549,1,-0.005,0.0,0.935,0.9350133688883813,1000.0,2,0.0,0.0,0.0,0.0
3550,3550,1,1.005,0.0,0.935,1.3726798607104278,1000.0,2,0.0,0.0,0.0,0.0
3551,3551,1,-0.005,0.0,0.9375,0.9375133332385199,1000.0,2,0.0,0.0,0.0,0.0
3552,3552,1,1.005,0.0,0.9375,1.374383952903991,1000.0,2,0.0,0.0,0.0,0.0
3553,3553,1,-0.005,0.0,0.94,0.9400132977782815,1000.0,2,0.0,0.0,0.0,0.0
3554,3554,1,1.005,0.0,0.94,1.3760904766765882,1000.0,2,0.0,0.0,0.0,0.0
3555,3555,1,-0.005,0.0,0.9425,0.942513262506157,1000.0,2,0.0,0.0,0.0,0.0
3556,3556,1,1.005,0.0,0.9425,1.3777994229930566,1000.0,2,0.0,0.0,0.0,0.0
3557,3557,1,-0.005,0.0,0.945,0.9450132274206536,1000.0,2,0.0,0.0,0.0,0.0
3558,3558,1,1.005,0.0,0.945,1.3795107828502102,1000.0,2,0.0,0.0,0.0,0.0
3559,3559,1,-0.005,0.0,0.9475,0.9475131925202942,1000.0,2,0.0,0.0,0.0,0.0
3560,3560,1,1.005,0.0,0.9475,1.3812245472767994,1000.0,2,0.0,0.0,0.0,0.0
3561,3561,1,-0.005,0.0,0.95,0.950013157803617,1000.0,2,0.0,0.0,0.0,0.0
3562,3562,1,1.005,0.0,0.95,1.3829407073334705,1000.0,2,0.0,0.0,0.0,0.0
3563,3563,1,-0.005,0.0,0.9525,0.9525131232691758,1000.0,2,0.0,0.0,0.0,0.0
3564,3564,1,1.005,0.0,0.9525,1.384659254112722,1000.0,2,0.0,0.0,0.0,0.0
3565,3565,1,-0.005,0.0,0.955,0.9550130889155395,1000.0,2,0.0,0.0,0.0,0.0
3566,3566,1,1.005,0.0,0.955,1.3863801787388623,1000.0,2,0.0,0.0,0.0,0.0
3567,3567,1,-0.005,0.0,0.9575,0.9575130547412918,1000.0,2,0.0,0.0,0.0,0.0
3568,3568,1,1.005,0.0,0.9575,1.3881034723679644,1000.0,2,0.0,0.0,0.0,0.0
3569,3569,1,-0.005,0.0,0.96,0.9600130207450314,1000.0,2,0.0,0.0,0.0,0.0
3570,3570,1,1.005,0.0,0.96,1.3898291261878202,1000.0,2,0.0,0.0,0.0,0.0
3571,3571,1,-0.005,0.0,0.9625,0.9625129869253713,1000.0,2,0.0,0.0,0.0,0.0
3572,3572,1,1.005,0.0,0.9625,1.3915571314178947,1000.0,2,0.0,0.0,0.0,0.0
3573,3573,1,-0.005,0.0,0.965,0.9650129532809392,1000.0,2,0.0,0.0,0.0,0.0
3574,3574,1,1.005,0.0,0.965,1.3932874793092773,1000.0,2,0.0,0.0,0.0,0.0
3575,3575,1,-0.005,0.0,0.9675,0.9675129198103766,1000.0,2,0.0,0.0,0.0,0.0
3576,3576,1,1.005,0.0,0.9675,1.3950201611446338,1000.0,2,0.0,0.0,0.0,0.0
3577,3577,1,-0.005,0.0,0.97,0.9700128865123391,1000.0,2,0.0,0.0,0.0,0.0
3578,3578,1,1.005,0.0,0.97,1.396755168238156,1000.0,2,0.0,0.0,0.0,0.0
3579,3579,1,-0.005,0.0,0.9725,0.9725128533854964,1000.0,2,0.0,0.0,0.0,0.0
3580,3580,1,1.005,0.0,0.9725,1.3984924919355126,1000.0,2,0.0,0.0,0.0,0.0
3581,3581,1,-0.005,0.0,0.975,0.9750128204285315,1000.0,2,0.0,0.0,0.0,0.0
3582,3582,1,1.005,0.0,0.975,1.4002321236137956,1000.0,2,0.0,0.0,0.0,0.0
3583,3583,1,-0.005,0.0,0.9775,0.9775127876401414,1000.0,2,0.0,0.0,0.0,0.0
3584,3584,1,1.005,0.0,0.9775,1.4019740546814694,1000.0,2,0.0,0.0,0.0,0.0
3585,3585,1,-0.005,0.0,0.98,0.9800127550190354,1000.0,2,0.0,0.0,0.0,0.0
3586,3586,1,1.005,0.0,0.98,1.4037182765783167,1000.0,2,0.0,0.0,0.0,0.0
3587,3587,1,-0.005,0.0,0.9825,0.9825127225639372,1000.0,2,0.0,0.0,0.0,0.0
3588,3588,1,1.005,0.0,0.9825,1.4054647807753846,1000.0,2,0.0,0.0,0.0,0.0
3589,3589,1,-0.005,0.0,0.985,0.9850126902735823,1000.0,2,0.0,0.0,0.0,0.0
3590,3590,1,1.005,0.0,0.985,1.4072135587749288,1000.0,2,0.0,0.0,0.0,0.0
3591,3591,1,-0.005,0.0,0.9875,0.9875126581467197,1000.0,2,0.0,0.0,0.0,0.0
3592,3592,1,1.005,0.0,0.9875,1.4089646021103581,1000.0,2,0.0,0.0,0.0,0.0
3593,3593,1,-0.005,0.0,0.99,0.9900126261821108,1000.0,2,0.0,0.0,0.0,0.0
3594,3594,1,1.005,0.0,0.99,1.4107179023461778,1000.0,2,0.0,0.0,0.0,0.0
3595,3595,1,-0.005,0.0,0.9925,0.9925125943785299,1000.0,2,0.0,0.0,0.0,0.0
3596,3596,1,1.005,0.0,0.9925,1.4124734510779309,1000.0,2,0.0,0.0,0.0,0.0
