"Point ID", "Idp", "Mk", "Points:0", "Points:1", "Points:2", "Points Magnitude", "Rhop", "Type", "Vel:0", "Vel:1", "Vel:2", "Vel Magnitude"
0,612,2,0.02,0.0,0.02,0.0282842712474619,1000.0,1,0.0,0.0,0.0,0.0
1,613,2,0.04,0.0,0.02,0.044721359549995794,1000.0,1,0.0,0.0,0.0,0.0
2,614,2,0.06,0.0,0.02,0.06324555320336758,1000.0,1,0.0,0.0,0.0,0.0
3,615,2,0.08,0.0,0.02,0.08246211251235322,1000.0,1,0.0,0.0,0.0,0.0
4,616,2,0.1,0.0,0.02,0.10198039027185571,1000.0,1,0.0,0.0,0.0,0.0
5,617,2,0.12,0.0,0.02,0.1216552506059644,1000.0,1,0.0,0.0,0.0,0.0
6,618,2,0.14,0.0,0.02,0.14142135623730953,1000.0,1,0.0,0.0,0.0,0.0
7,619,2,0.16,0.0,0.02,0.161245154965971,1000.0,1,0.0,0.0,0.0,0.0
8,620,2,0.18,0.0,0.02,0.18110770276274832,1000.0,1,0.0,0.0,0.0,0.0
9,621,2,0.2,0.0,0.02,0.2009975124224178,1000.0,1,0.0,0.0,0.0,0.0
10,622,2,0.22,0.0,0.02,0.22090722034374521,1000.0,1,0.0,0.0,0.0,0.0
11,623,2,0.24,0.0,0.02,0.2408318915758459,1000.0,1,0.0,0.0,0.0,0.0
12,624,2,0.26,0.0,0.02,0.260768096208106,1000.0,1,0.0,0.0,0.0,0.0
13,625,2,0.28,0.0,0.02,0.28071337695236404,1000.0,1,0.0,0.0,0.0,0.0
14,626,2,0.3,0.0,0.02,0.30066592756745814,1000.0,1,0.0,0.0,0.0,0.0
15,627,2,0.32,0.0,0.02,0.32062439083762795,1000.0,1,0.0,0.0,0.0,0.0
16,628,2,0.34,0.0,0.02,0.34058772731852804,1000.0,1,0.0,0.0,0.0,0.0
17,629,2,0.36,0.0,0.02,0.36055512754639896,1000.0,1,0.0,0.0,0.0,0.0
18,630,2,0.38,0.0,0.02,0.380525951808809,1000.0,1,0.0,0.0,0.0,0.0
19,631,2,0.4,0.0,0.02,0.4004996878900158,1000.0,1,0.0,0.0,0.0,0.0
20,632,2,0.42,0.0,0.02,0.42047592083257274,1000.0,1,0.0,0.0,0.0,0.0
21,633,2,0.44,0.0,0.02,0.4404543109109048,1000.0,1,0.0,0.0,0.0,0.0
22,634,2,0.46,0.0,0.02,0.46043457732885357,1000.0,1,0.0,0.0,0.0,0.0
23,635,2,0.48,0.0,0.02,0.48041648597857256,1000.0,1,0.0,0.0,0.0,0.0
24,636,2,0.5,0.0,0.02,0.5003998401278722,1000.0,1,0.0,0.0,0.0,0.0
25,637,2,0.52,0.0,0.02,0.5203844732503076,1000.0,1,0.0,0.0,0.0,0.0
26,638,2,0.54,0.0,0.02,0.5403702434442519,1000.0,1,0.0,0.0,0.0,0.0
27,639,2,0.56,0.0,0.02,0.560357029044876,1000.0,1,0.0,0.0,0.0,0.0
28,640,2,0.58,0.0,0.02,0.5803447251418763,1000.0,1,0.0,0.0,0.0,0.0
29,641,2,0.6,0.0,0.02,0.6003332407921453,1000.0,1,0.0,0.0,0.0,0.0
30,642,2,0.62,0.0,0.02,0.620322496770833,1000.0,1,0.0,0.0,0.0,0.0
31,643,2,0.64,0.0,0.02,0.6403124237432849,1000.0,1,0.0,0.0,0.0,0.0
32,644,2,0.66,0.0,0.02,0.6603029607687672,1000.0,1,0.0,0.0,0.0,0.0
33,645,2,0.68,0.0,0.02,0.680294054067798,1000.0,1,0.0,0.0,0.0,0.0
34,646,2,0.7,0.0,0.02,0.7002856560004638,1000.0,1,0.0,0.0,0.0,0.0
35,647,2,0.72,0.0,0.02,0.7202777242147642,1000.0,1,0.0,0.0,0.0,0.0
36,648,2,0.74,0.0,0.02,0.7402702209328699,1000.0,1,0.0,0.0,0.0,0.0
37,649,2,0.76,0.0,0.02,0.7602631123499285,1000.0,1,0.0,0.0,0.0,0.0
38,650,2,0.78,0.0,0.02,0.7802563681252463,1000.0,1,0.0,0.0,0.0,0.0
39,651,2,0.8,0.0,0.02,0.8002499609497024,1000.0,1,0.0,0.0,0.0,0.0
40,652,2,0.82,0.0,0.02,0.820243866176395,1000.0,1,0.0,0.0,0.0,0.0
41,653,2,0.84,0.0,0.02,0.840238061504,1000.0,1,0.0,0.0,0.0,0.0
42,654,2,0.86,0.0,0.02,0.8602325267042626,1000.0,1,0.0,0.0,0.0,0.0
43,655,2,0.88,0.0,0.02,0.8802272433866154,1000.0,1,0.0,0.0,0.0,0.0
44,656,2,0.9,0.0,0.02,0.9002221947941519,1000.0,1,0.0,0.0,0.0,0.0
45,657,2,0.92,0.0,0.02,0.9202173656261873,1000.0,1,0.0,0.0,0.0,0.0
46,658,2,0.94,0.0,0.02,0.9402127418834526,1000.0,1,0.0,0.0,0.0,0.0
47,659,2,0.96,0.0,0.02,0.9602083107326242,1000.0,1,0.0,0.0,0.0,0.0
48,660,2,0.98,0.0,0.02,0.9802040603874276,1000.0,1,0.0,0.0,0.0,0.0
49,661,2,0.02,0.0,0.04,0.044721359549995794,1000.0,1,0.0,0.0,0.0,0.0
50,662,2,0.04,0.0,0.04,0.0565685424949238,1000.0,1,0.0,0.0,0.0,0.0
51,663,2,0.06,0.0,0.04,0.07211102550927978,1000.0,1,0.0,0.0,0.0,0.0
52,664,2,0.08,0.0,0.04,0.08944271909999159,1000.0,1,0.0,0.0,0.0,0.0
53,665,2,0.1,0.0,0.04,0.1077032961426901,1000.0,1,0.0,0.0,0.0,0.0
54,666,2,0.12,0.0,0.04,0.12649110640673517,1000.0,1,0.0,0.0,0.0,0.0
55,667,2,0.14,0.0,0.04,0.14560219778561037,1000.0,1,0.0,0.0,0.0,0.0
56,668,2,0.16,0.0,0.04,0.16492422502470644,1000.0,1,0.0,0.0,0.0,0.0
57,669,2,0.18,0.0,0.04,0.18439088914585774,1000.0,1,0.0,0.0,0.0,0.0
58,670,2,0.2,0.0,0.04,0.20396078054371142,1000.0,1,0.0,0.0,0.0,0.0
59,671,2,0.22,0.0,0.04,0.22360679774997896,1000.0,1,0.0,0.0,0.0,0.0
60,672,2,0.24,0.0,0.04,0.2433105012119288,1000.0,1,0.0,0.0,0.0,0.0
61,673,2,0.26,0.0,0.04,0.26305892875931813,1000.0,1,0.0,0.0,0.0,0.0
62,674,2,0.28,0.0,0.04,0.28284271247461906,1000.0,1,0.0,0.0,0.0,0.0
63,675,2,0.3,0.0,0.04,0.3026549190084311,1000.0,1,0.0,0.0,0.0,0.0
64,676,2,0.32,0.0,0.04,0.322490309931942,1000.0,1,0.0,0.0,0.0,0.0
65,677,2,0.34,0.0,0.04,0.34234485537247383,1000.0,1,0.0,0.0,0.0,0.0
66,678,2,0.36,0.0,0.04,0.36221540552549664,1000.0,1,0.0,0.0,0.0,0.0
67,679,2,0.38,0.0,0.04,0.382099463490856,1000.0,1,0.0,0.0,0.0,0.0
68,680,2,0.4,0.0,0.04,0.4019950248448356,1000.0,1,0.0,0.0,0.0,0.0
69,681,2,0.42,0.0,0.04,0.42190046219457966,1000.0,1,0.0,0.0,0.0,0.0
70,682,2,0.44,0.0,0.04,0.44181444068749043,1000.0,1,0.0,0.0,0.0,0.0
71,683,2,0.46,0.0,0.04,0.4617358552246078,1000.0,1,0.0,0.0,0.0,0.0
72,684,2,0.48,0.0,0.04,0.4816637831516918,1000.0,1,0.0,0.0,0.0,0.0
73,685,2,0.5,0.0,0.04,0.5015974481593781,1000.0,1,0.0,0.0,0.0,0.0
74,686,2,0.52,0.0,0.04,0.521536192416212,1000.0,1,0.0,0.0,0.0,0.0
75,687,2,0.54,0.0,0.04,0.5414794548272354,1000.0,1,0.0,0.0,0.0,0.0
76,688,2,0.56,0.0,0.04,0.5614267539047281,1000.0,1,0.0,0.0,0.0,0.0
77,689,2,0.58,0.0,0.04,0.5813776741499453,1000.0,1,0.0,0.0,0.0,0.0
78,690,2,0.6,0.0,0.04,0.6013318551349163,1000.0,1,0.0,0.0,0.0,0.0
79,691,2,0.62,0.0,0.04,0.6212889826803627,1000.0,1,0.0,0.0,0.0,0.0
80,692,2,0.64,0.0,0.04,0.6412487816752559,1000.0,1,0.0,0.0,0.0,0.0
81,693,2,0.66,0.0,0.04,0.6612110101926616,1000.0,1,0.0,0.0,0.0,0.0
82,694,2,0.68,0.0,0.04,0.6811754546370561,1000.0,1,0.0,0.0,0.0,0.0
83,695,2,0.7,0.0,0.04,0.7011419257183241,1000.0,1,0.0,0.0,0.0,0.0
84,696,2,0.72,0.0,0.04,0.7211102550927979,1000.0,1,0.0,0.0,0.0,0.0
85,697,2,0.74,0.0,0.04,0.7410802925459562,1000.0,1,0.0,0.0,0.0,0.0
86,698,2,0.76,0.0,0.04,0.761051903617618,1000.0,1,0.0,0.0,0.0,0.0
87,699,2,0.78,0.0,0.04,0.7810249675906655,1000.0,1,0.0,0.0,0.0,0.0
88,700,2,0.8,0.0,0.04,0.8009993757800316,1000.0,1,0.0,0.0,0.0,0.0
89,701,2,0.82,0.0,0.04,0.8209750300709516,1000.0,1,0.0,0.0,0.0,0.0
90,702,2,0.84,0.0,0.04,0.8409518416651455,1000.0,1,0.0,0.0,0.0,0.0
91,703,2,0.86,0.0,0.04,0.8609297300012353,1000.0,1,0.0,0.0,0.0,0.0
92,704,2,0.88,0.0,0.04,0.8809086218218096,1000.0,1,0.0,0.0,0.0,0.0
93,705,2,0.9,0.0,0.04,0.9008884503644167,1000.0,1,0.0,0.0,0.0,0.0
94,706,2,0.92,0.0,0.04,0.9208691546577071,1000.0,1,0.0,0.0,0.0,0.0
95,707,2,0.94,0.0,0.04,0.940850678907126,1000.0,1,0.0,0.0,0.0,0.0
96,708,2,0.96,0.0,0.04,0.9608329719571451,1000.0,1,0.0,0.0,0.0,0.0
97,709,2,0.98,0.0,0.04,0.9808159868191383,1000.0,1,0.0,0.0,0.0,0.0
98,710,2,0.02,0.0,0.06,0.06324555320336758,1000.0,1,0.0,0.0,0.0,0.0
99,711,2,0.04,0.0,0.06,0.07211102550927978,1000.0,1,0.0,0.0,0.0,0.0
100,712,2,0.06,0.0,0.06,0.08485281374238571,1000.0,1,0.0,0.0,0.0,0.0
101,713,2,0.08,0.0,0.06,0.1,1000.0,1,0.0,0.0,0.0,0.0
102,714,2,0.1,0.0,0.06,0.11661903789690602,1000.0,1,0.0,0.0,0.0,0.0
103,715,2,0.12,0.0,0.06,0.1341640786499874,1000.0,1,0.0,0.0,0.0,0.0
104,716,2,0.14,0.0,0.06,0.15231546211727817,1000.0,1,0.0,0.0,0.0,0.0
105,717,2,0.16,0.0,0.06,0.17088007490635063,1000.0,1,0.0,0.0,0.0,0.0
106,718,2,0.18,0.0,0.06,0.18973665961010275,1000.0,1,0.0,0.0,0.0,0.0
107,719,2,0.2,0.0,0.06,0.208806130178211,1000.0,1,0.0,0.0,0.0,0.0
108,720,2,0.22,0.0,0.06,0.22803508501982758,1000.0,1,0.0,0.0,0.0,0.0
109,721,2,0.24,0.0,0.06,0.24738633753705963,1000.0,1,0.0,0.0,0.0,0.0
110,722,2,0.26,0.0,0.06,0.2668332812825267,1000.0,1,0.0,0.0,0.0,0.0
111,723,2,0.28,0.0,0.06,0.2863564212655271,1000.0,1,0.0,0.0,0.0,0.0
112,724,2,0.3,0.0,0.06,0.3059411708155671,1000.0,1,0.0,0.0,0.0,0.0
113,725,2,0.32,0.0,0.06,0.32557641192199416,1000.0,1,0.0,0.0,0.0,0.0
114,726,2,0.34,0.0,0.06,0.3452535300326414,1000.0,1,0.0,0.0,0.0,0.0
115,727,2,0.36,0.0,0.06,0.36496575181789315,1000.0,1,0.0,0.0,0.0,0.0
116,728,2,0.38,0.0,0.06,0.3847076812334269,1000.0,1,0.0,0.0,0.0,0.0
117,729,2,0.4,0.0,0.06,0.40447496832313373,1000.0,1,0.0,0.0,0.0,0.0
118,730,2,0.42,0.0,0.06,0.42426406871192845,1000.0,1,0.0,0.0,0.0,0.0
119,731,2,0.44,0.0,0.06,0.4440720662234903,1000.0,1,0.0,0.0,0.0,0.0
120,732,2,0.46,0.0,0.06,0.4638965401897281,1000.0,1,0.0,0.0,0.0,0.0
121,733,2,0.48,0.0,0.06,0.48373546489791297,1000.0,1,0.0,0.0,0.0,0.0
122,734,2,0.5,0.0,0.06,0.5035871324805669,1000.0,1,0.0,0.0,0.0,0.0
123,735,2,0.52,0.0,0.06,0.523450093132096,1000.0,1,0.0,0.0,0.0,0.0
124,736,2,0.54,0.0,0.06,0.543323108288245,1000.0,1,0.0,0.0,0.0,0.0
125,737,2,0.56,0.0,0.06,0.563205113613149,1000.0,1,0.0,0.0,0.0,0.0
126,738,2,0.58,0.0,0.06,0.58309518948453,1000.0,1,0.0,0.0,0.0,0.0
127,739,2,0.6,0.0,0.06,0.6029925372672534,1000.0,1,0.0,0.0,0.0,0.0
128,740,2,0.62,0.0,0.06,0.6228964600958975,1000.0,1,0.0,0.0,0.0,0.0
129,741,2,0.64,0.0,0.06,0.6428063471995279,1000.0,1,0.0,0.0,0.0,0.0
130,742,2,0.66,0.0,0.06,0.6627216610312356,1000.0,1,0.0,0.0,0.0,0.0
131,743,2,0.68,0.0,0.06,0.6826419266350405,1000.0,1,0.0,0.0,0.0,0.0
132,744,2,0.7,0.0,0.06,0.7025667228100118,1000.0,1,0.0,0.0,0.0,0.0
133,745,2,0.72,0.0,0.06,0.7224956747275377,1000.0,1,0.0,0.0,0.0,0.0
134,746,2,0.74,0.0,0.06,0.7424284477308234,1000.0,1,0.0,0.0,0.0,0.0
135,747,2,0.76,0.0,0.06,0.7623647421018367,1000.0,1,0.0,0.0,0.0,0.0
136,748,2,0.78,0.0,0.06,0.7823042886243179,1000.0,1,0.0,0.0,0.0,0.0
137,749,2,0.8,0.0,0.06,0.8022468448052633,1000.0,1,0.0,0.0,0.0,0.0
138,750,2,0.82,0.0,0.06,0.8221921916437785,1000.0,1,0.0,0.0,0.0,0.0
139,751,2,0.84,0.0,0.06,0.8421401308570919,1000.0,1,0.0,0.0,0.0,0.0
140,752,2,0.86,0.0,0.06,0.8620904824900922,1000.0,1,0.0,0.0,0.0,0.0
141,753,2,0.88,0.0,0.06,0.8820430828479978,1000.0,1,0.0,0.0,0.0,0.0
142,754,2,0.9,0.0,0.06,0.9019977827023745,1000.0,1,0.0,0.0,0.0,0.0
143,755,2,0.92,0.0,0.06,0.9219544457292888,1000.0,1,0.0,0.0,0.0,0.0
144,756,2,0.94,0.0,0.06,0.9419129471453294,1000.0,1,0.0,0.0,0.0,0.0
145,757,2,0.96,0.0,0.06,0.9618731725128838,1000.0,1,0.0,0.0,0.0,0.0
146,758,2,0.98,0.0,0.06,0.9818350166906862,1000.0,1,0.0,0.0,0.0,0.0
147,759,2,0.02,0.0,0.08,0.08246211251235322,1000.0,1,0.0,0.0,0.0,0.0
148,760,2,0.04,0.0,0.08,0.08944271909999159,1000.0,1,0.0,0.0,0.0,0.0
149,761,2,0.06,0.0,0.08,0.1,1000.0,1,0.0,0.0,0.0,0.0
150,762,2,0.08,0.0,0.08,0.1131370849898476,1000.0,1,0.0,0.0,0.0,0.0
151,763,2,0.1,0.0,0.08,0.12806248474865697,1000.0,1,0.0,0.0,0.0,0.0
152,764,2,0.12,0.0,0.08,0.14422205101855956,1000.0,1,0.0,0.0,0.0,0.0
153,765,2,0.14,0.0,0.08,0.161245154965971,1000.0,1,0.0,0.0,0.0,0.0
154,766,2,0.16,0.0,0.08,0.17888543819998318,1000.0,1,0.0,0.0,0.0,0.0
155,767,2,0.18,0.0,0.08,0.19697715603592209,1000.0,1,0.0,0.0,0.0,0.0
156,768,2,0.2,0.0,0.08,0.2154065922853802,1000.0,1,0.0,0.0,0.0,0.0
157,769,2,0.22,0.0,0.08,0.2340939982143925,1000.0,1,0.0,0.0,0.0,0.0
158,770,2,0.24,0.0,0.08,0.25298221281347033,1000.0,1,0.0,0.0,0.0,0.0
159,771,2,0.26,0.0,0.08,0.2720294101747089,1000.0,1,0.0,0.0,0.0,0.0
160,772,2,0.28,0.0,0.08,0.29120439557122074,1000.0,1,0.0,0.0,0.0,0.0
161,773,2,0.3,0.0,0.08,0.31048349392520047,1000.0,1,0.0,0.0,0.0,0.0
162,774,2,0.32,0.0,0.08,0.3298484500494129,1000.0,1,0.0,0.0,0.0,0.0
163,775,2,0.34,0.0,0.08,0.3492849839314596,1000.0,1,0.0,0.0,0.0,0.0
164,776,2,0.36,0.0,0.08,0.3687817782917155,1000.0,1,0.0,0.0,0.0,0.0
165,777,2,0.38,0.0,0.08,0.388329756778952,1000.0,1,0.0,0.0,0.0,0.0
166,778,2,0.4,0.0,0.08,0.40792156108742283,1000.0,1,0.0,0.0,0.0,0.0
167,779,2,0.42,0.0,0.08,0.42755116652863895,1000.0,1,0.0,0.0,0.0,0.0
168,780,2,0.44,0.0,0.08,0.4472135954999579,1000.0,1,0.0,0.0,0.0,0.0
169,781,2,0.46,0.0,0.08,0.4669047011971501,1000.0,1,0.0,0.0,0.0,0.0
170,782,2,0.48,0.0,0.08,0.4866210024238576,1000.0,1,0.0,0.0,0.0,0.0
171,783,2,0.5,0.0,0.08,0.5063595560468865,1000.0,1,0.0,0.0,0.0,0.0
172,784,2,0.52,0.0,0.08,0.5261178575186363,1000.0,1,0.0,0.0,0.0,0.0
173,785,2,0.54,0.0,0.08,0.5458937625582473,1000.0,1,0.0,0.0,0.0,0.0
174,786,2,0.56,0.0,0.08,0.5656854249492381,1000.0,1,0.0,0.0,0.0,0.0
175,787,2,0.58,0.0,0.08,0.5854912467321779,1000.0,1,0.0,0.0,0.0,0.0
176,788,2,0.6,0.0,0.08,0.6053098380168622,1000.0,1,0.0,0.0,0.0,0.0
177,789,2,0.62,0.0,0.08,0.6251399843235114,1000.0,1,0.0,0.0,0.0,0.0
178,790,2,0.64,0.0,0.08,0.644980619863884,1000.0,1,0.0,0.0,0.0,0.0
179,791,2,0.66,0.0,0.08,0.6648308055437865,1000.0,1,0.0,0.0,0.0,0.0
180,792,2,0.68,0.0,0.08,0.6846897107449477,1000.0,1,0.0,0.0,0.0,0.0
181,793,2,0.7,0.0,0.08,0.7045565981523414,1000.0,1,0.0,0.0,0.0,0.0
182,794,2,0.72,0.0,0.08,0.7244308110509933,1000.0,1,0.0,0.0,0.0,0.0
183,795,2,0.74,0.0,0.08,0.7443117626371357,1000.0,1,0.0,0.0,0.0,0.0
184,796,2,0.76,0.0,0.08,0.764198926981712,1000.0,1,0.0,0.0,0.0,0.0
185,797,2,0.78,0.0,0.08,0.7840918313565064,1000.0,1,0.0,0.0,0.0,0.0
186,798,2,0.8,0.0,0.08,0.8039900496896712,1000.0,1,0.0,0.0,0.0,0.0
187,799,2,0.82,0.0,0.08,0.8238931969618392,1000.0,1,0.0,0.0,0.0,0.0
188,800,2,0.84,0.0,0.08,0.8438009243891593,1000.0,1,0.0,0.0,0.0,0.0
189,801,2,0.86,0.0,0.08,0.8637129152675673,1000.0,1,0.0,0.0,0.0,0.0
190,802,2,0.88,0.0,0.08,0.8836288813749809,1000.0,1,0.0,0.0,0.0,0.0
191,803,2,0.9,0.0,0.08,0.9035485598461214,1000.0,1,0.0,0.0,0.0,0.0
192,804,2,0.92,0.0,0.08,0.9234717104492156,1000.0,1,0.0,0.0,0.0,0.0
193,805,2,0.94,0.0,0.08,0.9433981132056604,1000.0,1,0.0,0.0,0.0,0.0
194,806,2,0.96,0.0,0.08,0.9633275663033836,1000.0,1,0.0,0.0,0.0,0.0
195,807,2,0.98,0.0,0.08,0.9832598842625483,1000.0,1,0.0,0.0,0.0,0.0
196,808,2,0.02,0.0,0.1,0.10198039027185571,1000.0,1,0.0,0.0,0.0,0.0
197,809,2,0.04,0.0,0.1,0.1077032961426901,1000.0,1,0.0,0.0,0.0,0.0
198,810,2,0.06,0.0,0.1,0.11661903789690602,1000.0,1,0.0,0.0,0.0,0.0
199,811,2,0.08,0.0,0.1,0.12806248474865697,1000.0,1,0.0,0.0,0.0,0.0
200,812,2,0.1,0.0,0.1,0.14142135623730953,1000.0,1,0.0,0.0,0.0,0.0
201,813,2,0.12,0.0,0.1,0.1562049935181331,1000.0,1,0.0,0.0,0.0,0.0
202,814,2,0.14,0.0,0.1,0.17204650534085256,1000.0,1,0.0,0.0,0.0,0.0
203,815,2,0.16,0.0,0.1,0.18867962264113208,1000.0,1,0.0,0.0,0.0,0.0
204,816,2,0.18,0.0,0.1,0.20591260281974,1000.0,1,0.0,0.0,0.0,0.0
205,817,2,0.2,0.0,0.1,0.223606797749979,1000.0,1,0.0,0.0,0.0,0.0
206,818,2,0.22,0.0,0.1,0.24166091947189144,1000.0,1,0.0,0.0,0.0,0.0
207,819,2,0.24,0.0,0.1,0.26,1000.0,1,0.0,0.0,0.0,0.0
208,820,2,0.26,0.0,0.1,0.2785677655436824,1000.0,1,0.0,0.0,0.0,0.0
209,821,2,0.28,0.0,0.1,0.2973213749463701,1000.0,1,0.0,0.0,0.0,0.0
210,822,2,0.3,0.0,0.1,0.31622776601683794,1000.0,1,0.0,0.0,0.0,0.0
211,823,2,0.32,0.0,0.1,0.3352610922848042,1000.0,1,0.0,0.0,0.0,0.0
212,824,2,0.34,0.0,0.1,0.35440090293338705,1000.0,1,0.0,0.0,0.0,0.0
213,825,2,0.36,0.0,0.1,0.3736308338453881,1000.0,1,0.0,0.0,0.0,0.0
214,826,2,0.38,0.0,0.1,0.39293765408777004,1000.0,1,0.0,0.0,0.0,0.0
215,827,2,0.4,0.0,0.1,0.4123105625617661,1000.0,1,0.0,0.0,0.0,0.0
216,828,2,0.42,0.0,0.1,0.431740662898458,1000.0,1,0.0,0.0,0.0,0.0
217,829,2,0.44,0.0,0.1,0.45122056690713913,1000.0,1,0.0,0.0,0.0,0.0
218,830,2,0.46,0.0,0.1,0.4707440918375928,1000.0,1,0.0,0.0,0.0,0.0
219,831,2,0.48,0.0,0.1,0.4903060268852505,1000.0,1,0.0,0.0,0.0,0.0
220,832,2,0.5,0.0,0.1,0.5099019513592785,1000.0,1,0.0,0.0,0.0,0.0
221,833,2,0.52,0.0,0.1,0.5295280917949491,1000.0,1,0.0,0.0,0.0,0.0
222,834,2,0.54,0.0,0.1,0.5491812087098392,1000.0,1,0.0,0.0,0.0,0.0
223,835,2,0.56,0.0,0.1,0.5688585061331157,1000.0,1,0.0,0.0,0.0,0.0
224,836,2,0.58,0.0,0.1,0.5885575587824864,1000.0,1,0.0,0.0,0.0,0.0
225,837,2,0.6,0.0,0.1,0.6082762530298219,1000.0,1,0.0,0.0,0.0,0.0
226,838,2,0.62,0.0,0.1,0.6280127387243033,1000.0,1,0.0,0.0,0.0,0.0
227,839,2,0.64,0.0,0.1,0.647765389628066,1000.0,1,0.0,0.0,0.0,0.0
228,840,2,0.66,0.0,0.1,0.6675327707311455,1000.0,1,0.0,0.0,0.0,0.0
229,841,2,0.68,0.0,0.1,0.6873136110975834,1000.0,1,0.0,0.0,0.0,0.0
230,842,2,0.7,0.0,0.1,0.7071067811865475,1000.0,1,0.0,0.0,0.0,0.0
231,843,2,0.72,0.0,0.1,0.72691127381545,1000.0,1,0.0,0.0,0.0,0.0
232,844,2,0.74,0.0,0.1,0.7467261881037788,1000.0,1,0.0,0.0,0.0,0.0
233,845,2,0.76,0.0,0.1,0.766550715869472,1000.0,1,0.0,0.0,0.0,0.0
234,846,2,0.78,0.0,0.1,0.7863841300535,1000.0,1,0.0,0.0,0.0,0.0
235,847,2,0.8,0.0,0.1,0.806225774829855,1000.0,1,0.0,0.0,0.0,0.0
236,848,2,0.82,0.0,0.1,0.8260750571225353,1000.0,1,0.0,0.0,0.0,0.0
237,849,2,0.84,0.0,0.1,0.845931439302264,1000.0,1,0.0,0.0,0.0,0.0
238,850,2,0.86,0.0,0.1,0.8657944328765345,1000.0,1,0.0,0.0,0.0,0.0
239,851,2,0.88,0.0,0.1,0.8856635930193811,1000.0,1,0.0,0.0,0.0,0.0
240,852,2,0.9,0.0,0.1,0.9055385138137417,1000.0,1,0.0,0.0,0.0,0.0
241,853,2,0.92,0.0,0.1,0.9254188241007419,1000.0,1,0.0,0.0,0.0,0.0
242,854,2,0.94,0.0,0.1,0.9453041838477179,1000.0,1,0.0,0.0,0.0,0.0
243,855,2,0.96,0.0,0.1,0.9651942809610923,1000.0,1,0.0,0.0,0.0,0.0
244,856,2,0.98,0.0,0.1,0.9850888284819801,1000.0,1,0.0,0.0,0.0,0.0
245,857,2,0.02,0.0,0.12,0.1216552506059644,1000.0,1,0.0,0.0,0.0,0.0
246,858,2,0.04,0.0,0.12,0.12649110640673517,1000.0,1,0.0,0.0,0.0,0.0
247,859,2,0.06,0.0,0.12,0.1341640786499874,1000.0,1,0.0,0.0,0.0,0.0
248,860,2,0.08,0.0,0.12,0.14422205101855956,1000.0,1,0.0,0.0,0.0,0.0
249,861,2,0.1,0.0,0.12,0.1562049935181331,1000.0,1,0.0,0.0,0.0,0.0
250,862,2,0.12,0.0,0.12,0.16970562748477142,1000.0,1,0.0,0.0,0.0,0.0
251,863,2,0.14,0.0,0.12,0.18439088914585774,1000.0,1,0.0,0.0,0.0,0.0
252,864,2,0.16,0.0,0.12,0.2,1000.0,1,0.0,0.0,0.0,0.0
253,865,2,0.18,0.0,0.12,0.21633307652783934,1000.0,1,0.0,0.0,0.0,0.0
254,866,2,0.2,0.0,0.12,0.23323807579381203,1000.0,1,0.0,0.0,0.0,0.0
255,867,2,0.22,0.0,0.12,0.25059928172283336,1000.0,1,0.0,0.0,0.0,0.0
256,868,2,0.24,0.0,0.12,0.2683281572999748,1000.0,1,0.0,0.0,0.0,0.0
257,869,2,0.26,0.0,0.12,0.2863564212655271,1000.0,1,0.0,0.0,0.0,0.0
258,870,2,0.28,0.0,0.12,0.30463092423455634,1000.0,1,0.0,0.0,0.0,0.0
259,871,2,0.3,0.0,0.12,0.32310988842807026,1000.0,1,0.0,0.0,0.0,0.0
260,872,2,0.32,0.0,0.12,0.34176014981270125,1000.0,1,0.0,0.0,0.0,0.0
261,873,2,0.34,0.0,0.12,0.36055512754639896,1000.0,1,0.0,0.0,0.0,0.0
262,874,2,0.36,0.0,0.12,0.3794733192202055,1000.0,1,0.0,0.0,0.0,0.0
263,875,2,0.38,0.0,0.12,0.3984971769034255,1000.0,1,0.0,0.0,0.0,0.0
264,876,2,0.4,0.0,0.12,0.417612260356422,1000.0,1,0.0,0.0,0.0,0.0
265,877,2,0.42,0.0,0.12,0.4368065933568311,1000.0,1,0.0,0.0,0.0,0.0
266,878,2,0.44,0.0,0.12,0.45607017003965516,1000.0,1,0.0,0.0,0.0,0.0
267,879,2,0.46,0.0,0.12,0.4753945729601885,1000.0,1,0.0,0.0,0.0,0.0
268,880,2,0.48,0.0,0.12,0.49477267507411926,1000.0,1,0.0,0.0,0.0,0.0
269,881,2,0.5,0.0,0.12,0.5141984052872977,1000.0,1,0.0,0.0,0.0,0.0
270,882,2,0.52,0.0,0.12,0.5336665625650534,1000.0,1,0.0,0.0,0.0,0.0
271,883,2,0.54,0.0,0.12,0.5531726674375733,1000.0,1,0.0,0.0,0.0,0.0
272,884,2,0.56,0.0,0.12,0.5727128425310541,1000.0,1,0.0,0.0,0.0,0.0
273,885,2,0.58,0.0,0.12,0.5922837157984339,1000.0,1,0.0,0.0,0.0,0.0
274,886,2,0.6,0.0,0.12,0.6118823416311342,1000.0,1,0.0,0.0,0.0,0.0
275,887,2,0.62,0.0,0.12,0.6315061361538779,1000.0,1,0.0,0.0,0.0,0.0
276,888,2,0.64,0.0,0.12,0.6511528238439883,1000.0,1,0.0,0.0,0.0,0.0
277,889,2,0.66,0.0,0.12,0.6708203932499369,1000.0,1,0.0,0.0,0.0,0.0
278,890,2,0.68,0.0,0.12,0.6905070600652828,1000.0,1,0.0,0.0,0.0,0.0
279,891,2,0.7,0.0,0.12,0.7102112361825881,1000.0,1,0.0,0.0,0.0,0.0
280,892,2,0.72,0.0,0.12,0.7299315036357863,1000.0,1,0.0,0.0,0.0,0.0
281,893,2,0.74,0.0,0.12,0.7496665925596524,1000.0,1,0.0,0.0,0.0,0.0
282,894,2,0.76,0.0,0.12,0.7694153624668538,1000.0,1,0.0,0.0,0.0,0.0
283,895,2,0.78,0.0,0.12,0.7891767862779543,1000.0,1,0.0,0.0,0.0,0.0
284,896,2,0.8,0.0,0.12,0.8089499366462675,1000.0,1,0.0,0.0,0.0,0.0
285,897,2,0.82,0.0,0.12,0.8287339742040264,1000.0,1,0.0,0.0,0.0,0.0
286,898,2,0.84,0.0,0.12,0.8485281374238569,1000.0,1,0.0,0.0,0.0,0.0
287,899,2,0.86,0.0,0.12,0.8683317338436963,1000.0,1,0.0,0.0,0.0,0.0
288,900,2,0.88,0.0,0.12,0.8881441324469806,1000.0,1,0.0,0.0,0.0,0.0
289,901,2,0.9,0.0,0.12,0.9079647570252933,1000.0,1,0.0,0.0,0.0,0.0
290,902,2,0.92,0.0,0.12,0.9277930803794562,1000.0,1,0.0,0.0,0.0,0.0
291,903,2,0.94,0.0,0.12,0.9476286192385707,1000.0,1,0.0,0.0,0.0,0.0
292,904,2,0.96,0.0,0.12,0.9674709297958259,1000.0,1,0.0,0.0,0.0,0.0
293,905,2,0.98,0.0,0.12,0.9873196037757985,1000.0,1,0.0,0.0,0.0,0.0
294,906,2,0.02,0.0,0.14,0.14142135623730953,1000.0,1,0.0,0.0,0.0,0.0
295,907,2,0.04,0.0,0.14,0.14560219778561037,1000.0,1,0.0,0.0,0.0,0.0
296,908,2,0.06,0.0,0.14,0.15231546211727817,1000.0,1,0.0,0.0,0.0,0.0
297,909,2,0.08,0.0,0.14,0.161245154965971,1000.0,1,0.0,0.0,0.0,0.0
298,910,2,0.1,0.0,0.14,0.17204650534085256,1000.0,1,0.0,0.0,0.0,0.0
299,911,2,0.12,0.0,0.14,0.18439088914585774,1000.0,1,0.0,0.0,0.0,0.0
300,912,2,0.14,0.0,0.14,0.19798989873223333,1000.0,1,0.0,0.0,0.0,0.0
301,913,2,0.16,0.0,0.14,0.212602916254693,1000.0,1,0.0,0.0,0.0,0.0
302,914,2,0.18,0.0,0.14,0.2280350850198276,1000.0,1,0.0,0.0,0.0,0.0
303,915,2,0.2,0.0,0.14,0.24413111231467408,1000.0,1,0.0,0.0,0.0,0.0
304,916,2,0.22,0.0,0.14,0.260768096208106,1000.0,1,0.0,0.0,0.0,0.0
305,917,2,0.24,0.0,0.14,0.2778488797889961,1000.0,1,0.0,0.0,0.0,0.0
306,918,2,0.26,0.0,0.14,0.295296461204668,1000.0,1,0.0,0.0,0.0,0.0
307,919,2,0.28,0.0,0.14,0.31304951684997057,1000.0,1,0.0,0.0,0.0,0.0
308,920,2,0.3,0.0,0.14,0.33105890714493696,1000.0,1,0.0,0.0,0.0,0.0
309,921,2,0.32,0.0,0.14,0.3492849839314596,1000.0,1,0.0,0.0,0.0,0.0
310,922,2,0.34,0.0,0.14,0.36769552621700474,1000.0,1,0.0,0.0,0.0,0.0
311,923,2,0.36,0.0,0.14,0.3862641583165593,1000.0,1,0.0,0.0,0.0,0.0
312,924,2,0.38,0.0,0.14,0.4049691346263318,1000.0,1,0.0,0.0,0.0,0.0
313,925,2,0.4,0.0,0.14,0.42379240200834184,1000.0,1,0.0,0.0,0.0,0.0
314,926,2,0.42,0.0,0.14,0.4427188724235731,1000.0,1,0.0,0.0,0.0,0.0
315,927,2,0.44,0.0,0.14,0.4617358552246078,1000.0,1,0.0,0.0,0.0,0.0
316,928,2,0.46,0.0,0.14,0.48083261120685233,1000.0,1,0.0,0.0,0.0,0.0
317,929,2,0.48,0.0,0.14,0.5,1000.0,1,0.0,0.0,0.0,0.0
318,930,2,0.5,0.0,0.14,0.5192301994298868,1000.0,1,0.0,0.0,0.0,0.0
319,931,2,0.52,0.0,0.14,0.5385164807134505,1000.0,1,0.0,0.0,0.0,0.0
320,932,2,0.54,0.0,0.14,0.5578530272392541,1000.0,1,0.0,0.0,0.0,0.0
321,933,2,0.56,0.0,0.14,0.5772347875864725,1000.0,1,0.0,0.0,0.0,0.0
322,934,2,0.58,0.0,0.14,0.5966573556070519,1000.0,1,0.0,0.0,0.0,0.0
323,935,2,0.6,0.0,0.14,0.6161168720299746,1000.0,1,0.0,0.0,0.0,0.0
324,936,2,0.62,0.0,0.14,0.6356099432828282,1000.0,1,0.0,0.0,0.0,0.0
325,937,2,0.64,0.0,0.14,0.655133574166368,1000.0,1,0.0,0.0,0.0,0.0
326,938,2,0.66,0.0,0.14,0.67468511173732,1000.0,1,0.0,0.0,0.0,0.0
327,939,2,0.68,0.0,0.14,0.6942621983083913,1000.0,1,0.0,0.0,0.0,0.0
328,940,2,0.7,0.0,0.14,0.7138627319029899,1000.0,1,0.0,0.0,0.0,0.0
329,941,2,0.72,0.0,0.14,0.7334848328356899,1000.0,1,0.0,0.0,0.0,0.0
330,942,2,0.74,0.0,0.14,0.7531268153505092,1000.0,1,0.0,0.0,0.0,0.0
331,943,2,0.76,0.0,0.14,0.7727871634544663,1000.0,1,0.0,0.0,0.0,0.0
332,944,2,0.78,0.0,0.14,0.792464510246358,1000.0,1,0.0,0.0,0.0,0.0
333,945,2,0.8,0.0,0.14,0.8121576201698781,1000.0,1,0.0,0.0,0.0,0.0
334,946,2,0.82,0.0,0.14,0.8318653737234167,1000.0,1,0.0,0.0,0.0,0.0
335,947,2,0.84,0.0,0.14,0.8515867542417507,1000.0,1,0.0,0.0,0.0,0.0
336,948,2,0.86,0.0,0.14,0.8713208364316786,1000.0,1,0.0,0.0,0.0,0.0
337,949,2,0.88,0.0,0.14,0.8910667763978185,1000.0,1,0.0,0.0,0.0,0.0
338,950,2,0.9,0.0,0.14,0.910823802938856,1000.0,1,0.0,0.0,0.0,0.0
339,951,2,0.92,0.0,0.14,0.9305912099305473,1000.0,1,0.0,0.0,0.0,0.0
340,952,2,0.94,0.0,0.14,0.9503683496413377,1000.0,1,0.0,0.0,0.0,0.0
341,953,2,0.96,0.0,0.14,0.9701546268507922,1000.0,1,0.0,0.0,0.0,0.0
342,954,2,0.98,0.0,0.14,0.9899494936611665,1000.0,1,0.0,0.0,0.0,0.0
343,955,2,0.02,0.0,0.16,0.161245154965971,1000.0,1,0.0,0.0,0.0,0.0
344,956,2,0.04,0.0,0.16,0.16492422502470644,1000.0,1,0.0,0.0,0.0,0.0
345,957,2,0.06,0.0,0.16,0.17088007490635063,1000.0,1,0.0,0.0,0.0,0.0
346,958,2,0.08,0.0,0.16,0.17888543819998318,1000.0,1,0.0,0.0,0.0,0.0
347,959,2,0.1,0.0,0.16,0.18867962264113208,1000.0,1,0.0,0.0,0.0,0.0
348,960,2,0.12,0.0,0.16,0.2,1000.0,1,0.0,0.0,0.0,0.0
349,961,2,0.14,0.0,0.16,0.212602916254693,1000.0,1,0.0,0.0,0.0,0.0
350,962,2,0.16,0.0,0.16,0.2262741699796952,1000.0,1,0.0,0.0,0.0,0.0
351,963,2,0.18,0.0,0.16,0.2408318915758459,1000.0,1,0.0,0.0,0.0,0.0
352,964,2,0.2,0.0,0.16,0.25612496949731395,1000.0,1,0.0,0.0,0.0,0.0
353,965,2,0.22,0.0,0.16,0.2720294101747089,1000.0,1,0.0,0.0,0.0,0.0
354,966,2,0.24,0.0,0.16,0.2884441020371191,1000.0,1,0.0,0.0,0.0,0.0
355,967,2,0.26,0.0,0.16,0.30528675044947495,1000.0,1,0.0,0.0,0.0,0.0
356,968,2,0.28,0.0,0.16,0.322490309931942,1000.0,1,0.0,0.0,0.0,0.0
357,969,2,0.3,0.0,0.16,0.33999999999999997,1000.0,1,0.0,0.0,0.0,0.0
358,970,2,0.32,0.0,0.16,0.35777087639996635,1000.0,1,0.0,0.0,0.0,0.0
359,971,2,0.34,0.0,0.16,0.37576588456111876,1000.0,1,0.0,0.0,0.0,0.0
360,972,2,0.36,0.0,0.16,0.39395431207184417,1000.0,1,0.0,0.0,0.0,0.0
361,973,2,0.38,0.0,0.16,0.41231056256176607,1000.0,1,0.0,0.0,0.0,0.0
362,974,2,0.4,0.0,0.16,0.4308131845707604,1000.0,1,0.0,0.0,0.0,0.0
363,975,2,0.42,0.0,0.16,0.44944410108488464,1000.0,1,0.0,0.0,0.0,0.0
364,976,2,0.44,0.0,0.16,0.468187996428785,1000.0,1,0.0,0.0,0.0,0.0
365,977,2,0.46,0.0,0.16,0.48703182647543686,1000.0,1,0.0,0.0,0.0,0.0
366,978,2,0.48,0.0,0.16,0.5059644256269407,1000.0,1,0.0,0.0,0.0,0.0
367,979,2,0.5,0.0,0.16,0.5249761899362675,1000.0,1,0.0,0.0,0.0,0.0
368,980,2,0.52,0.0,0.16,0.5440588203494178,1000.0,1,0.0,0.0,0.0,0.0
369,981,2,0.54,0.0,0.16,0.563205113613149,1000.0,1,0.0,0.0,0.0,0.0
370,982,2,0.56,0.0,0.16,0.5824087911424415,1000.0,1,0.0,0.0,0.0,0.0
371,983,2,0.58,0.0,0.16,0.6016643582596529,1000.0,1,0.0,0.0,0.0,0.0
372,984,2,0.6,0.0,0.16,0.6209669878504009,1000.0,1,0.0,0.0,0.0,0.0
373,985,2,0.62,0.0,0.16,0.6403124237432849,1000.0,1,0.0,0.0,0.0,0.0
374,986,2,0.64,0.0,0.16,0.6596969000988258,1000.0,1,0.0,0.0,0.0,0.0
375,987,2,0.66,0.0,0.16,0.6791170738539858,1000.0,1,0.0,0.0,0.0,0.0
376,988,2,0.68,0.0,0.16,0.6985699678629192,1000.0,1,0.0,0.0,0.0,0.0
377,989,2,0.7,0.0,0.16,0.7180529228406496,1000.0,1,0.0,0.0,0.0,0.0
378,990,2,0.72,0.0,0.16,0.737563556583431,1000.0,1,0.0,0.0,0.0,0.0
379,991,2,0.74,0.0,0.16,0.757099729229908,1000.0,1,0.0,0.0,0.0,0.0
380,992,2,0.76,0.0,0.16,0.776659513557904,1000.0,1,0.0,0.0,0.0,0.0
381,993,2,0.78,0.0,0.16,0.7962411694957753,1000.0,1,0.0,0.0,0.0,0.0
382,994,2,0.8,0.0,0.16,0.8158431221748457,1000.0,1,0.0,0.0,0.0,0.0
383,995,2,0.82,0.0,0.16,0.8354639429682168,1000.0,1,0.0,0.0,0.0,0.0
384,996,2,0.84,0.0,0.16,0.8551023330572779,1000.0,1,0.0,0.0,0.0,0.0
385,997,2,0.86,0.0,0.16,0.8747571091451615,1000.0,1,0.0,0.0,0.0,0.0
386,998,2,0.88,0.0,0.16,0.8944271909999159,1000.0,1,0.0,0.0,0.0,0.0
387,999,2,0.9,0.0,0.16,0.9141115905621151,1000.0,1,0.0,0.0,0.0,0.0
388,1000,2,0.92,0.0,0.16,0.9338094023943002,1000.0,1,0.0,0.0,0.0,0.0
389,1001,2,0.94,0.0,0.16,0.9535197952848173,1000.0,1,0.0,0.0,0.0,0.0
390,1002,2,0.96,0.0,0.16,0.9732420048477152,1000.0,1,0.0,0.0,0.0,0.0
391,1003,2,0.98,0.0,0.16,0.9929753269845126,1000.0,1,0.0,0.0,0.0,0.0
392,1004,2,0.02,0.0,0.18,0.18110770276274832,1000.0,1,0.0,0.0,0.0,0.0
393,1005,2,0.04,0.0,0.18,0.18439088914585774,1000.0,1,0.0,0.0,0.0,0.0
394,1006,2,0.06,0.0,0.18,0.18973665961010275,1000.0,1,0.0,0.0,0.0,0.0
395,1007,2,0.08,0.0,0.18,0.19697715603592209,1000.0,1,0.0,0.0,0.0,0.0
396,1008,2,0.1,0.0,0.18,0.20591260281974,1000.0,1,0.0,0.0,0.0,0.0
397,1009,2,0.12,0.0,0.18,0.21633307652783934,1000.0,1,0.0,0.0,0.0,0.0
398,1010,2,0.14,0.0,0.18,0.2280350850198276,1000.0,1,0.0,0.0,0.0,0.0
399,1011,2,0.16,0.0,0.18,0.2408318915758459,1000.0,1,0.0,0.0,0.0,0.0
400,1012,2,0.18,0.0,0.18,0.2545584412271571,1000.0,1,0.0,0.0,0.0,0.0
401,1013,2,0.2,0.0,0.18,0.26907248094147423,1000.0,1,0.0,0.0,0.0,0.0
402,1014,2,0.22,0.0,0.18,0.2842534080710379,1000.0,1,0.0,0.0,0.0,0.0
403,1015,2,0.24,0.0,0.18,0.3,1000.0,1,0.0,0.0,0.0,0.0
404,1016,2,0.26,0.0,0.18,0.31622776601683794,1000.0,1,0.0,0.0,0.0,0.0
405,1017,2,0.28,0.0,0.18,0.3328663395418648,1000.0,1,0.0,0.0,0.0,0.0
406,1018,2,0.3,0.0,0.18,0.34985711369071804,1000.0,1,0.0,0.0,0.0,0.0
407,1019,2,0.32,0.0,0.18,0.3671511950137164,1000.0,1,0.0,0.0,0.0,0.0
408,1020,2,0.34,0.0,0.18,0.3847076812334269,1000.0,1,0.0,0.0,0.0,0.0
409,1021,2,0.36,0.0,0.18,0.40249223594996214,1000.0,1,0.0,0.0,0.0,0.0
410,1022,2,0.38,0.0,0.18,0.4204759208325728,1000.0,1,0.0,0.0,0.0,0.0
411,1023,2,0.4,0.0,0.18,0.4386342439892262,1000.0,1,0.0,0.0,0.0,0.0
412,1024,2,0.42,0.0,0.18,0.4569463863518345,1000.0,1,0.0,0.0,0.0,0.0
413,1025,2,0.44,0.0,0.18,0.4753945729601885,1000.0,1,0.0,0.0,0.0,0.0
414,1026,2,0.46,0.0,0.18,0.4939635614091388,1000.0,1,0.0,0.0,0.0,0.0
415,1027,2,0.48,0.0,0.18,0.5126402247190518,1000.0,1,0.0,0.0,0.0,0.0
416,1028,2,0.5,0.0,0.18,0.5314132102234569,1000.0,1,0.0,0.0,0.0,0.0
417,1029,2,0.52,0.0,0.18,0.5502726596879042,1000.0,1,0.0,0.0,0.0,0.0
418,1030,2,0.54,0.0,0.18,0.5692099788303083,1000.0,1,0.0,0.0,0.0,0.0
419,1031,2,0.56,0.0,0.18,0.5882176467941097,1000.0,1,0.0,0.0,0.0,0.0
420,1032,2,0.58,0.0,0.18,0.6072890580275591,1000.0,1,0.0,0.0,0.0,0.0
421,1033,2,0.6,0.0,0.18,0.626418390534633,1000.0,1,0.0,0.0,0.0,0.0
422,1034,2,0.62,0.0,0.18,0.6456004956627589,1000.0,1,0.0,0.0,0.0,0.0
423,1035,2,0.64,0.0,0.18,0.6648308055437865,1000.0,1,0.0,0.0,0.0,0.0
424,1036,2,0.66,0.0,0.18,0.6841052550594828,1000.0,1,0.0,0.0,0.0,0.0
425,1037,2,0.68,0.0,0.18,0.703420215802759,1000.0,1,0.0,0.0,0.0,0.0
426,1038,2,0.7,0.0,0.18,0.7227724399837061,1000.0,1,0.0,0.0,0.0,0.0
427,1039,2,0.72,0.0,0.18,0.7421590126111789,1000.0,1,0.0,0.0,0.0,0.0
428,1040,2,0.74,0.0,0.18,0.7615773105863908,1000.0,1,0.0,0.0,0.0,0.0
429,1041,2,0.76,0.0,0.18,0.7810249675906654,1000.0,1,0.0,0.0,0.0,0.0
430,1042,2,0.78,0.0,0.18,0.80049984384758,1000.0,1,0.0,0.0,0.0,0.0
431,1043,2,0.8,0.0,0.18,0.8200000000000001,1000.0,1,0.0,0.0,0.0,0.0
432,1044,2,0.82,0.0,0.18,0.8395236744726142,1000.0,1,0.0,0.0,0.0,0.0
433,1045,2,0.84,0.0,0.18,0.8590692637965811,1000.0,1,0.0,0.0,0.0,0.0
434,1046,2,0.86,0.0,0.18,0.8786353054595518,1000.0,1,0.0,0.0,0.0,0.0
435,1047,2,0.88,0.0,0.18,0.8982204629154248,1000.0,1,0.0,0.0,0.0,0.0
436,1048,2,0.9,0.0,0.18,0.9178235124467012,1000.0,1,0.0,0.0,0.0,0.0
437,1049,2,0.92,0.0,0.18,0.9374433316206372,1000.0,1,0.0,0.0,0.0,0.0
438,1050,2,0.94,0.0,0.18,0.9570788891204318,1000.0,1,0.0,0.0,0.0,0.0
439,1051,2,0.96,0.0,0.18,0.9767292357659824,1000.0,1,0.0,0.0,0.0,0.0
440,1052,2,0.98,0.0,0.18,0.996393496566492,1000.0,1,0.0,0.0,0.0,0.0
441,1053,2,0.02,0.0,0.2,0.2009975124224178,1000.0,1,0.0,0.0,0.0,0.0
442,1054,2,0.04,0.0,0.2,0.20396078054371142,1000.0,1,0.0,0.0,0.0,0.0
443,1055,2,0.06,0.0,0.2,0.208806130178211,1000.0,1,0.0,0.0,0.0,0.0
444,1056,2,0.08,0.0,0.2,0.2154065922853802,1000.0,1,0.0,0.0,0.0,0.0
445,1057,2,0.1,0.0,0.2,0.223606797749979,1000.0,1,0.0,0.0,0.0,0.0
446,1058,2,0.12,0.0,0.2,0.23323807579381203,1000.0,1,0.0,0.0,0.0,0.0
447,1059,2,0.14,0.0,0.2,0.24413111231467408,1000.0,1,0.0,0.0,0.0,0.0
448,1060,2,0.16,0.0,0.2,0.25612496949731395,1000.0,1,0.0,0.0,0.0,0.0
449,1061,2,0.18,0.0,0.2,0.26907248094147423,1000.0,1,0.0,0.0,0.0,0.0
450,1062,2,0.2,0.0,0.2,0.28284271247461906,1000.0,1,0.0,0.0,0.0,0.0
451,1063,2,0.22,0.0,0.2,0.2973213749463701,1000.0,1,0.0,0.0,0.0,0.0
452,1064,2,0.24,0.0,0.2,0.3124099870362662,1000.0,1,0.0,0.0,0.0,0.0
453,1065,2,0.26,0.0,0.2,0.3280243893371345,1000.0,1,0.0,0.0,0.0,0.0
454,1066,2,0.28,0.0,0.2,0.3440930106817051,1000.0,1,0.0,0.0,0.0,0.0
455,1067,2,0.3,0.0,0.2,0.36055512754639896,1000.0,1,0.0,0.0,0.0,0.0
456,1068,2,0.32,0.0,0.2,0.37735924528226417,1000.0,1,0.0,0.0,0.0,0.0
457,1069,2,0.34,0.0,0.2,0.3944616584663204,1000.0,1,0.0,0.0,0.0,0.0
458,1070,2,0.36,0.0,0.2,0.41182520563948,1000.0,1,0.0,0.0,0.0,0.0
459,1071,2,0.38,0.0,0.2,0.42941821107167777,1000.0,1,0.0,0.0,0.0,0.0
460,1072,2,0.4,0.0,0.2,0.447213595499958,1000.0,1,0.0,0.0,0.0,0.0
461,1073,2,0.42,0.0,0.2,0.46518813398452025,1000.0,1,0.0,0.0,0.0,0.0
462,1074,2,0.44,0.0,0.2,0.4833218389437829,1000.0,1,0.0,0.0,0.0,0.0
463,1075,2,0.46,0.0,0.2,0.5015974481593781,1000.0,1,0.0,0.0,0.0,0.0
464,1076,2,0.48,0.0,0.2,0.52,1000.0,1,0.0,0.0,0.0,0.0
465,1077,2,0.5,0.0,0.2,0.5385164807134505,1000.0,1,0.0,0.0,0.0,0.0
466,1078,2,0.52,0.0,0.2,0.5571355310873648,1000.0,1,0.0,0.0,0.0,0.0
467,1079,2,0.54,0.0,0.2,0.5758472019555188,1000.0,1,0.0,0.0,0.0,0.0
468,1080,2,0.56,0.0,0.2,0.5946427498927402,1000.0,1,0.0,0.0,0.0,0.0
469,1081,2,0.58,0.0,0.2,0.6135144660071187,1000.0,1,0.0,0.0,0.0,0.0
470,1082,2,0.6,0.0,0.2,0.6324555320336759,1000.0,1,0.0,0.0,0.0,0.0
471,1083,2,0.62,0.0,0.2,0.6514598989960932,1000.0,1,0.0,0.0,0.0,0.0
472,1084,2,0.64,0.0,0.2,0.6705221845696084,1000.0,1,0.0,0.0,0.0,0.0
473,1085,2,0.66,0.0,0.2,0.6896375859826667,1000.0,1,0.0,0.0,0.0,0.0
474,1086,2,0.68,0.0,0.2,0.7088018058667741,1000.0,1,0.0,0.0,0.0,0.0
475,1087,2,0.7,0.0,0.2,0.7280109889280517,1000.0,1,0.0,0.0,0.0,0.0
476,1088,2,0.72,0.0,0.2,0.7472616676907762,1000.0,1,0.0,0.0,0.0,0.0
477,1089,2,0.74,0.0,0.2,0.766550715869472,1000.0,1,0.0,0.0,0.0,0.0
478,1090,2,0.76,0.0,0.2,0.7858753081755401,1000.0,1,0.0,0.0,0.0,0.0
479,1091,2,0.78,0.0,0.2,0.8052328855678959,1000.0,1,0.0,0.0,0.0,0.0
480,1092,2,0.8,0.0,0.2,0.8246211251235323,1000.0,1,0.0,0.0,0.0,0.0
481,1093,2,0.82,0.0,0.2,0.8440379138403676,1000.0,1,0.0,0.0,0.0,0.0
482,1094,2,0.84,0.0,0.2,0.863481325796916,1000.0,1,0.0,0.0,0.0,0.0
483,1095,2,0.86,0.0,0.2,0.8829496021857646,1000.0,1,0.0,0.0,0.0,0.0
484,1096,2,0.88,0.0,0.2,0.9024411338142783,1000.0,1,0.0,0.0,0.0,0.0
485,1097,2,0.9,0.0,0.2,0.9219544457292888,1000.0,1,0.0,0.0,0.0,0.0
486,1098,2,0.92,0.0,0.2,0.9414881836751856,1000.0,1,0.0,0.0,0.0,0.0
487,1099,2,0.94,0.0,0.2,0.9610411021387171,1000.0,1,0.0,0.0,0.0,0.0
488,1100,2,0.96,0.0,0.2,0.980612053770501,1000.0,1,0.0,0.0,0.0,0.0
489,1101,2,0.98,0.0,0.2,1.000199980003999,1000.0,1,0.0,0.0,0.0,0.0
490,1102,2,0.02,0.0,0.22,0.22090722034374521,1000.0,1,0.0,0.0,0.0,0.0
491,1103,2,0.04,0.0,0.22,0.22360679774997896,1000.0,1,0.0,0.0,0.0,0.0
492,1104,2,0.06,0.0,0.22,0.22803508501982758,1000.0,1,0.0,0.0,0.0,0.0
493,1105,2,0.08,0.0,0.22,0.2340939982143925,1000.0,1,0.0,0.0,0.0,0.0
494,1106,2,0.1,0.0,0.22,0.24166091947189144,1000.0,1,0.0,0.0,0.0,0.0
495,1107,2,0.12,0.0,0.22,0.25059928172283336,1000.0,1,0.0,0.0,0.0,0.0
496,1108,2,0.14,0.0,0.22,0.260768096208106,1000.0,1,0.0,0.0,0.0,0.0
497,1109,2,0.16,0.0,0.22,0.2720294101747089,1000.0,1,0.0,0.0,0.0,0.0
498,1110,2,0.18,0.0,0.22,0.2842534080710379,1000.0,1,0.0,0.0,0.0,0.0
499,1111,2,0.2,0.0,0.22,0.2973213749463701,1000.0,1,0.0,0.0,0.0,0.0
500,1112,2,0.22,0.0,0.22,0.3111269837220809,1000.0,1,0.0,0.0,0.0,0.0
501,1113,2,0.24,0.0,0.22,0.3255764119219941,1000.0,1,0.0,0.0,0.0,0.0
502,1114,2,0.26,0.0,0.22,0.34058772731852804,1000.0,1,0.0,0.0,0.0,0.0
503,1115,2,0.28,0.0,0.22,0.35608987629529715,1000.0,1,0.0,0.0,0.0,0.0
504,1116,2,0.3,0.0,0.22,0.3720215047547655,1000.0,1,0.0,0.0,0.0,0.0
505,1117,2,0.32,0.0,0.22,0.388329756778952,1000.0,1,0.0,0.0,0.0,0.0
506,1118,2,0.34,0.0,0.22,0.4049691346263318,1000.0,1,0.0,0.0,0.0,0.0
507,1119,2,0.36,0.0,0.22,0.4219004621945797,1000.0,1,0.0,0.0,0.0,0.0
508,1120,2,0.38,0.0,0.22,0.43908996800200295,1000.0,1,0.0,0.0,0.0,0.0
509,1121,2,0.4,0.0,0.22,0.45650848842053315,1000.0,1,0.0,0.0,0.0,0.0
510,1122,2,0.42,0.0,0.22,0.4741307836451879,1000.0,1,0.0,0.0,0.0,0.0
511,1123,2,0.44,0.0,0.22,0.4919349550499537,1000.0,1,0.0,0.0,0.0,0.0
512,1124,2,0.46,0.0,0.22,0.5099019513592785,1000.0,1,0.0,0.0,0.0,0.0
513,1125,2,0.48,0.0,0.22,0.5280151512977634,1000.0,1,0.0,0.0,0.0,0.0
514,1126,2,0.5,0.0,0.22,0.5462600113499065,1000.0,1,0.0,0.0,0.0,0.0
515,1127,2,0.52,0.0,0.22,0.5646237685397242,1000.0,1,0.0,0.0,0.0,0.0
516,1128,2,0.54,0.0,0.22,0.5830951894845301,1000.0,1,0.0,0.0,0.0,0.0
517,1129,2,0.56,0.0,0.22,0.6016643582596529,1000.0,1,0.0,0.0,0.0,0.0
518,1130,2,0.58,0.0,0.22,0.6203224967708328,1000.0,1,0.0,0.0,0.0,0.0
519,1131,2,0.6,0.0,0.22,0.6390618123468182,1000.0,1,0.0,0.0,0.0,0.0
520,1132,2,0.62,0.0,0.22,0.657875368135941,1000.0,1,0.0,0.0,0.0,0.0
521,1133,2,0.64,0.0,0.22,0.6767569726275452,1000.0,1,0.0,0.0,0.0,0.0
522,1134,2,0.66,0.0,0.22,0.6957010852370434,1000.0,1,0.0,0.0,0.0,0.0
523,1135,2,0.68,0.0,0.22,0.7147027354082256,1000.0,1,0.0,0.0,0.0,0.0
524,1136,2,0.7,0.0,0.22,0.7337574531137656,1000.0,1,0.0,0.0,0.0,0.0
525,1137,2,0.72,0.0,0.22,0.7528612089887484,1000.0,1,0.0,0.0,0.0,0.0
526,1138,2,0.74,0.0,0.22,0.7720103626247513,1000.0,1,0.0,0.0,0.0,0.0
527,1139,2,0.76,0.0,0.22,0.7912016177940993,1000.0,1,0.0,0.0,0.0,0.0
528,1140,2,0.78,0.0,0.22,0.8104319835741924,1000.0,1,0.0,0.0,0.0,0.0
529,1141,2,0.8,0.0,0.22,0.8296987405076617,1000.0,1,0.0,0.0,0.0,0.0
530,1142,2,0.82,0.0,0.22,0.8489994110716449,1000.0,1,0.0,0.0,0.0,0.0
531,1143,2,0.84,0.0,0.22,0.8683317338436963,1000.0,1,0.0,0.0,0.0,0.0
532,1144,2,0.86,0.0,0.22,0.8876936408468858,1000.0,1,0.0,0.0,0.0,0.0
533,1145,2,0.88,0.0,0.22,0.9070832376358853,1000.0,1,0.0,0.0,0.0,0.0
534,1146,2,0.9,0.0,0.22,0.9264987857520376,1000.0,1,0.0,0.0,0.0,0.0
535,1147,2,0.92,0.0,0.22,0.9459386872308374,1000.0,1,0.0,0.0,0.0,0.0
536,1148,2,0.94,0.0,0.22,0.9654014708917735,1000.0,1,0.0,0.0,0.0,0.0
537,1149,2,0.96,0.0,0.22,0.9848857801796105,1000.0,1,0.0,0.0,0.0,0.0
538,1150,2,0.98,0.0,0.22,1.0043903623591774,1000.0,1,0.0,0.0,0.0,0.0
539,1151,2,0.02,0.0,0.24,0.2408318915758459,1000.0,1,0.0,0.0,0.0,0.0
540,1152,2,0.04,0.0,0.24,0.2433105012119288,1000.0,1,0.0,0.0,0.0,0.0
541,1153,2,0.06,0.0,0.24,0.24738633753705963,1000.0,1,0.0,0.0,0.0,0.0
542,1154,2,0.08,0.0,0.24,0.25298221281347033,1000.0,1,0.0,0.0,0.0,0.0
543,1155,2,0.1,0.0,0.24,0.26,1000.0,1,0.0,0.0,0.0,0.0
544,1156,2,0.12,0.0,0.24,0.2683281572999748,1000.0,1,0.0,0.0,0.0,0.0
545,1157,2,0.14,0.0,0.24,0.2778488797889961,1000.0,1,0.0,0.0,0.0,0.0
546,1158,2,0.16,0.0,0.24,0.2884441020371191,1000.0,1,0.0,0.0,0.0,0.0
547,1159,2,0.18,0.0,0.24,0.3,1000.0,1,0.0,0.0,0.0,0.0
548,1160,2,0.2,0.0,0.24,0.3124099870362662,1000.0,1,0.0,0.0,0.0,0.0
549,1161,2,0.22,0.0,0.24,0.3255764119219941,1000.0,1,0.0,0.0,0.0,0.0
550,1162,2,0.24,0.0,0.24,0.33941125496954283,1000.0,1,0.0,0.0,0.0,0.0
551,1163,2,0.26,0.0,0.24,0.3538361202590827,1000.0,1,0.0,0.0,0.0,0.0
552,1164,2,0.28,0.0,0.24,0.3687817782917155,1000.0,1,0.0,0.0,0.0,0.0
553,1165,2,0.3,0.0,0.24,0.38418745424597095,1000.0,1,0.0,0.0,0.0,0.0
554,1166,2,0.32,0.0,0.24,0.4,1000.0,1,0.0,0.0,0.0,0.0
555,1167,2,0.34,0.0,0.24,0.4161730409336963,1000.0,1,0.0,0.0,0.0,0.0
556,1168,2,0.36,0.0,0.24,0.4326661530556787,1000.0,1,0.0,0.0,0.0,0.0
557,1169,2,0.38,0.0,0.24,0.44944410108488464,1000.0,1,0.0,0.0,0.0,0.0
558,1170,2,0.4,0.0,0.24,0.46647615158762407,1000.0,1,0.0,0.0,0.0,0.0
559,1171,2,0.42,0.0,0.24,0.48373546489791297,1000.0,1,0.0,0.0,0.0,0.0
560,1172,2,0.44,0.0,0.24,0.5011985634456667,1000.0,1,0.0,0.0,0.0,0.0
561,1173,2,0.46,0.0,0.24,0.5188448708429139,1000.0,1,0.0,0.0,0.0,0.0
562,1174,2,0.48,0.0,0.24,0.5366563145999496,1000.0,1,0.0,0.0,0.0,0.0
563,1175,2,0.5,0.0,0.24,0.5546169849544819,1000.0,1,0.0,0.0,0.0,0.0
564,1176,2,0.52,0.0,0.24,0.5727128425310541,1000.0,1,0.0,0.0,0.0,0.0
565,1177,2,0.54,0.0,0.24,0.5909314681077663,1000.0,1,0.0,0.0,0.0,0.0
566,1178,2,0.56,0.0,0.24,0.6092618484691127,1000.0,1,0.0,0.0,0.0,0.0
567,1179,2,0.58,0.0,0.24,0.6276941930590086,1000.0,1,0.0,0.0,0.0,0.0
568,1180,2,0.6,0.0,0.24,0.6462197768561405,1000.0,1,0.0,0.0,0.0,0.0
569,1181,2,0.62,0.0,0.24,0.6648308055437865,1000.0,1,0.0,0.0,0.0,0.0
570,1182,2,0.64,0.0,0.24,0.6835202996254025,1000.0,1,0.0,0.0,0.0,0.0
571,1183,2,0.66,0.0,0.24,0.7022819946431775,1000.0,1,0.0,0.0,0.0,0.0
572,1184,2,0.68,0.0,0.24,0.7211102550927979,1000.0,1,0.0,0.0,0.0,0.0
573,1185,2,0.7,0.0,0.24,0.74,1000.0,1,0.0,0.0,0.0,0.0
574,1186,2,0.72,0.0,0.24,0.758946638440411,1000.0,1,0.0,0.0,0.0,0.0
575,1187,2,0.74,0.0,0.24,0.777946013551069,1000.0,1,0.0,0.0,0.0,0.0
576,1188,2,0.76,0.0,0.24,0.796994353806851,1000.0,1,0.0,0.0,0.0,0.0
577,1189,2,0.78,0.0,0.24,0.8160882305241266,1000.0,1,0.0,0.0,0.0,0.0
578,1190,2,0.8,0.0,0.24,0.835224520712844,1000.0,1,0.0,0.0,0.0,0.0
579,1191,2,0.82,0.0,0.24,0.854400374531753,1000.0,1,0.0,0.0,0.0,0.0
580,1192,2,0.84,0.0,0.24,0.8736131867136622,1000.0,1,0.0,0.0,0.0,0.0
581,1193,2,0.86,0.0,0.24,0.8928605714219885,1000.0,1,0.0,0.0,0.0,0.0
582,1194,2,0.88,0.0,0.24,0.9121403400793103,1000.0,1,0.0,0.0,0.0,0.0
583,1195,2,0.9,0.0,0.24,0.9314504817756014,1000.0,1,0.0,0.0,0.0,0.0
584,1196,2,0.92,0.0,0.24,0.950789145920377,1000.0,1,0.0,0.0,0.0,0.0
585,1197,2,0.94,0.0,0.24,0.9701546268507922,1000.0,1,0.0,0.0,0.0,0.0
586,1198,2,0.96,0.0,0.24,0.9895453501482385,1000.0,1,0.0,0.0,0.0,0.0
587,1199,2,0.98,0.0,0.24,1.0089598604503551,1000.0,1,0.0,0.0,0.0,0.0
588,1200,2,0.02,0.0,0.26,0.260768096208106,1000.0,1,0.0,0.0,0.0,0.0
589,1201,2,0.04,0.0,0.26,0.26305892875931813,1000.0,1,0.0,0.0,0.0,0.0
590,1202,2,0.06,0.0,0.26,0.2668332812825267,1000.0,1,0.0,0.0,0.0,0.0
591,1203,2,0.08,0.0,0.26,0.2720294101747089,1000.0,1,0.0,0.0,0.0,0.0
592,1204,2,0.1,0.0,0.26,0.2785677655436824,1000.0,1,0.0,0.0,0.0,0.0
593,1205,2,0.12,0.0,0.26,0.2863564212655271,1000.0,1,0.0,0.0,0.0,0.0
594,1206,2,0.14,0.0,0.26,0.295296461204668,1000.0,1,0.0,0.0,0.0,0.0
595,1207,2,0.16,0.0,0.26,0.30528675044947495,1000.0,1,0.0,0.0,0.0,0.0
596,1208,2,0.18,0.0,0.26,0.31622776601683794,1000.0,1,0.0,0.0,0.0,0.0
597,1209,2,0.2,0.0,0.26,0.3280243893371345,1000.0,1,0.0,0.0,0.0,0.0
598,1210,2,0.22,0.0,0.26,0.34058772731852804,1000.0,1,0.0,0.0,0.0,0.0
599,1211,2,0.24,0.0,0.26,0.3538361202590827,1000.0,1,0.0,0.0,0.0,0.0
600,1212,2,0.26,0.0,0.26,0.36769552621700474,1000.0,1,0.0,0.0,0.0,0.0
601,1213,2,0.28,0.0,0.26,0.38209946349085605,1000.0,1,0.0,0.0,0.0,0.0
602,1214,2,0.3,0.0,0.26,0.3969886648255842,1000.0,1,0.0,0.0,0.0,0.0
603,1215,2,0.32,0.0,0.26,0.41231056256176607,1000.0,1,0.0,0.0,0.0,0.0
604,1216,2,0.34,0.0,0.26,0.42801869118065394,1000.0,1,0.0,0.0,0.0,0.0
605,1217,2,0.36,0.0,0.26,0.4440720662234903,1000.0,1,0.0,0.0,0.0,0.0
606,1218,2,0.38,0.0,0.26,0.46043457732885357,1000.0,1,0.0,0.0,0.0,0.0
607,1219,2,0.4,0.0,0.26,0.47707441767506253,1000.0,1,0.0,0.0,0.0,0.0
608,1220,2,0.42,0.0,0.26,0.4939635614091388,1000.0,1,0.0,0.0,0.0,0.0
609,1221,2,0.44,0.0,0.26,0.5110772935672255,1000.0,1,0.0,0.0,0.0,0.0
610,1222,2,0.46,0.0,0.26,0.5283937925449163,1000.0,1,0.0,0.0,0.0,0.0
611,1223,2,0.48,0.0,0.26,0.5458937625582472,1000.0,1,0.0,0.0,0.0,0.0
612,1224,2,0.5,0.0,0.26,0.5635601121442149,1000.0,1,0.0,0.0,0.0,0.0
613,1225,2,0.52,0.0,0.26,0.5813776741499453,1000.0,1,0.0,0.0,0.0,0.0
614,1226,2,0.54,0.0,0.26,0.5993329625508679,1000.0,1,0.0,0.0,0.0,0.0
615,1227,2,0.56,0.0,0.26,0.6174139616173253,1000.0,1,0.0,0.0,0.0,0.0
616,1228,2,0.58,0.0,0.26,0.6356099432828282,1000.0,1,0.0,0.0,0.0,0.0
617,1229,2,0.6,0.0,0.26,0.6539113089708726,1000.0,1,0.0,0.0,0.0,0.0
618,1230,2,0.62,0.0,0.26,0.6723094525588644,1000.0,1,0.0,0.0,0.0,0.0
619,1231,2,0.64,0.0,0.26,0.6907966415668217,1000.0,1,0.0,0.0,0.0,0.0
620,1232,2,0.66,0.0,0.26,0.7093659140387281,1000.0,1,0.0,0.0,0.0,0.0
621,1233,2,0.68,0.0,0.26,0.7280109889280519,1000.0,1,0.0,0.0,0.0,0.0
622,1234,2,0.7,0.0,0.26,0.7467261881037788,1000.0,1,0.0,0.0,0.0,0.0
623,1235,2,0.72,0.0,0.26,0.7655063683601855,1000.0,1,0.0,0.0,0.0,0.0
624,1236,2,0.74,0.0,0.26,0.7843468620451031,1000.0,1,0.0,0.0,0.0,0.0
625,1237,2,0.76,0.0,0.26,0.8032434251209281,1000.0,1,0.0,0.0,0.0,0.0
626,1238,2,0.78,0.0,0.26,0.8221921916437787,1000.0,1,0.0,0.0,0.0,0.0
627,1239,2,0.8,0.0,0.26,0.8411896337925236,1000.0,1,0.0,0.0,0.0,0.0
628,1240,2,0.82,0.0,0.26,0.8602325267042626,1000.0,1,0.0,0.0,0.0,0.0
629,1241,2,0.84,0.0,0.26,0.8793179174792243,1000.0,1,0.0,0.0,0.0,0.0
630,1242,2,0.86,0.0,0.26,0.8984430978086481,1000.0,1,0.0,0.0,0.0,0.0
631,1243,2,0.88,0.0,0.26,0.9176055797563569,1000.0,1,0.0,0.0,0.0,0.0
632,1244,2,0.9,0.0,0.26,0.9368030742904295,1000.0,1,0.0,0.0,0.0,0.0
633,1245,2,0.92,0.0,0.26,0.9560334722173696,1000.0,1,0.0,0.0,0.0,0.0
634,1246,2,0.94,0.0,0.26,0.9752948272189287,1000.0,1,0.0,0.0,0.0,0.0
635,1247,2,0.96,0.0,0.26,0.9945853407325085,1000.0,1,0.0,0.0,0.0,0.0
636,1248,2,0.98,0.0,0.26,1.0139033484509261,1000.0,1,0.0,0.0,0.0,0.0
637,1249,2,0.02,0.0,0.28,0.28071337695236404,1000.0,1,0.0,0.0,0.0,0.0
638,1250,2,0.04,0.0,0.28,0.28284271247461906,1000.0,1,0.0,0.0,0.0,0.0
639,1251,2,0.06,0.0,0.28,0.2863564212655271,1000.0,1,0.0,0.0,0.0,0.0
640,1252,2,0.08,0.0,0.28,0.29120439557122074,1000.0,1,0.0,0.0,0.0,0.0
641,1253,2,0.1,0.0,0.28,0.2973213749463701,1000.0,1,0.0,0.0,0.0,0.0
642,1254,2,0.12,0.0,0.28,0.30463092423455634,1000.0,1,0.0,0.0,0.0,0.0
643,1255,2,0.14,0.0,0.28,0.31304951684997057,1000.0,1,0.0,0.0,0.0,0.0
644,1256,2,0.16,0.0,0.28,0.322490309931942,1000.0,1,0.0,0.0,0.0,0.0
645,1257,2,0.18,0.0,0.28,0.3328663395418648,1000.0,1,0.0,0.0,0.0,0.0
646,1258,2,0.2,0.0,0.28,0.3440930106817051,1000.0,1,0.0,0.0,0.0,0.0
647,1259,2,0.22,0.0,0.28,0.35608987629529715,1000.0,1,0.0,0.0,0.0,0.0
648,1260,2,0.24,0.0,0.28,0.3687817782917155,1000.0,1,0.0,0.0,0.0,0.0
649,1261,2,0.26,0.0,0.28,0.38209946349085605,1000.0,1,0.0,0.0,0.0,0.0
650,1262,2,0.28,0.0,0.28,0.39597979746446665,1000.0,1,0.0,0.0,0.0,0.0
651,1263,2,0.3,0.0,0.28,0.4103656905736638,1000.0,1,0.0,0.0,0.0,0.0
652,1264,2,0.32,0.0,0.28,0.425205832509386,1000.0,1,0.0,0.0,0.0,0.0
653,1265,2,0.34,0.0,0.28,0.44045431091090487,1000.0,1,0.0,0.0,0.0,0.0
654,1266,2,0.36,0.0,0.28,0.4560701700396552,1000.0,1,0.0,0.0,0.0,0.0
655,1267,2,0.38,0.0,0.28,0.47201694884823786,1000.0,1,0.0,0.0,0.0,0.0
656,1268,2,0.4,0.0,0.28,0.48826222462934815,1000.0,1,0.0,0.0,0.0,0.0
657,1269,2,0.42,0.0,0.28,0.5047771785649585,1000.0,1,0.0,0.0,0.0,0.0
658,1270,2,0.44,0.0,0.28,0.521536192416212,1000.0,1,0.0,0.0,0.0,0.0
659,1271,2,0.46,0.0,0.28,0.5385164807134505,1000.0,1,0.0,0.0,0.0,0.0
660,1272,2,0.48,0.0,0.28,0.5556977595779922,1000.0,1,0.0,0.0,0.0,0.0
661,1273,2,0.5,0.0,0.28,0.5730619512757762,1000.0,1,0.0,0.0,0.0,0.0
662,1274,2,0.52,0.0,0.28,0.590592922409336,1000.0,1,0.0,0.0,0.0,0.0
663,1275,2,0.54,0.0,0.28,0.608276253029822,1000.0,1,0.0,0.0,0.0,0.0
664,1276,2,0.56,0.0,0.28,0.6260990336999411,1000.0,1,0.0,0.0,0.0,0.0
665,1277,2,0.58,0.0,0.28,0.6440496875241848,1000.0,1,0.0,0.0,0.0,0.0
666,1278,2,0.6,0.0,0.28,0.6621178142898739,1000.0,1,0.0,0.0,0.0,0.0
667,1279,2,0.62,0.0,0.28,0.680294054067798,1000.0,1,0.0,0.0,0.0,0.0
668,1280,2,0.64,0.0,0.28,0.6985699678629192,1000.0,1,0.0,0.0,0.0,0.0
669,1281,2,0.66,0.0,0.28,0.7169379331573968,1000.0,1,0.0,0.0,0.0,0.0
670,1282,2,0.68,0.0,0.28,0.7353910524340095,1000.0,1,0.0,0.0,0.0,0.0
671,1283,2,0.7,0.0,0.28,0.7539230729988305,1000.0,1,0.0,0.0,0.0,0.0
672,1284,2,0.72,0.0,0.28,0.7725283166331186,1000.0,1,0.0,0.0,0.0,0.0
673,1285,2,0.74,0.0,0.28,0.7912016177940993,1000.0,1,0.0,0.0,0.0,0.0
674,1286,2,0.76,0.0,0.28,0.8099382692526635,1000.0,1,0.0,0.0,0.0,0.0
675,1287,2,0.78,0.0,0.28,0.8287339742040265,1000.0,1,0.0,0.0,0.0,0.0
676,1288,2,0.8,0.0,0.28,0.8475848040166837,1000.0,1,0.0,0.0,0.0,0.0
677,1289,2,0.82,0.0,0.28,0.8664871608973788,1000.0,1,0.0,0.0,0.0,0.0
678,1290,2,0.84,0.0,0.28,0.8854377448471462,1000.0,1,0.0,0.0,0.0,0.0
679,1291,2,0.86,0.0,0.28,0.904433524367601,1000.0,1,0.0,0.0,0.0,0.0
680,1292,2,0.88,0.0,0.28,0.9234717104492156,1000.0,1,0.0,0.0,0.0,0.0
681,1293,2,0.9,0.0,0.28,0.9425497334358544,1000.0,1,0.0,0.0,0.0,0.0
682,1294,2,0.92,0.0,0.28,0.9616652224137047,1000.0,1,0.0,0.0,0.0,0.0
683,1295,2,0.94,0.0,0.28,0.9808159868191383,1000.0,1,0.0,0.0,0.0,0.0
684,1296,2,0.96,0.0,0.28,1.0,1000.0,1,0.0,0.0,0.0,0.0
685,1297,2,0.98,0.0,0.28,1.0192153844992726,1000.0,1,0.0,0.0,0.0,0.0
686,1298,2,0.02,0.0,0.3,0.30066592756745814,1000.0,1,0.0,0.0,0.0,0.0
687,1299,2,0.04,0.0,0.3,0.3026549190084311,1000.0,1,0.0,0.0,0.0,0.0
688,1300,2,0.06,0.0,0.3,0.3059411708155671,1000.0,1,0.0,0.0,0.0,0.0
689,1301,2,0.08,0.0,0.3,0.31048349392520047,1000.0,1,0.0,0.0,0.0,0.0
690,1302,2,0.1,0.0,0.3,0.31622776601683794,1000.0,1,0.0,0.0,0.0,0.0
691,1303,2,0.12,0.0,0.3,0.32310988842807026,1000.0,1,0.0,0.0,0.0,0.0
692,1304,2,0.14,0.0,0.3,0.33105890714493696,1000.0,1,0.0,0.0,0.0,0.0
693,1305,2,0.16,0.0,0.3,0.33999999999999997,1000.0,1,0.0,0.0,0.0,0.0
694,1306,2,0.18,0.0,0.3,0.34985711369071804,1000.0,1,0.0,0.0,0.0,0.0
695,1307,2,0.2,0.0,0.3,0.36055512754639896,1000.0,1,0.0,0.0,0.0,0.0
696,1308,2,0.22,0.0,0.3,0.3720215047547655,1000.0,1,0.0,0.0,0.0,0.0
697,1309,2,0.24,0.0,0.3,0.38418745424597095,1000.0,1,0.0,0.0,0.0,0.0
698,1310,2,0.26,0.0,0.3,0.3969886648255842,1000.0,1,0.0,0.0,0.0,0.0
699,1311,2,0.28,0.0,0.3,0.4103656905736638,1000.0,1,0.0,0.0,0.0,0.0
700,1312,2,0.3,0.0,0.3,0.4242640687119285,1000.0,1,0.0,0.0,0.0,0.0
701,1313,2,0.32,0.0,0.3,0.4386342439892262,1000.0,1,0.0,0.0,0.0,0.0
702,1314,2,0.34,0.0,0.3,0.45343136195018535,1000.0,1,0.0,0.0,0.0,0.0
703,1315,2,0.36,0.0,0.3,0.46861498055439926,1000.0,1,0.0,0.0,0.0,0.0
704,1316,2,0.38,0.0,0.3,0.4841487374764082,1000.0,1,0.0,0.0,0.0,0.0
705,1317,2,0.4,0.0,0.3,0.5,1000.0,1,0.0,0.0,0.0,0.0
706,1318,2,0.42,0.0,0.3,0.5161395160225576,1000.0,1,0.0,0.0,0.0,0.0
707,1319,2,0.44,0.0,0.3,0.5325410782277739,1000.0,1,0.0,0.0,0.0,0.0
708,1320,2,0.46,0.0,0.3,0.5491812087098392,1000.0,1,0.0,0.0,0.0,0.0
709,1321,2,0.48,0.0,0.3,0.5660388679233962,1000.0,1,0.0,0.0,0.0,0.0
710,1322,2,0.5,0.0,0.3,0.58309518948453,1000.0,1,0.0,0.0,0.0,0.0
711,1323,2,0.52,0.0,0.3,0.6003332407921455,1000.0,1,0.0,0.0,0.0,0.0
712,1324,2,0.54,0.0,0.3,0.6177378084592201,1000.0,1,0.0,0.0,0.0,0.0
713,1325,2,0.56,0.0,0.3,0.6352952069707437,1000.0,1,0.0,0.0,0.0,0.0
714,1326,2,0.58,0.0,0.3,0.6529931086925803,1000.0,1,0.0,0.0,0.0,0.0
715,1327,2,0.6,0.0,0.3,0.6708203932499369,1000.0,1,0.0,0.0,0.0,0.0
716,1328,2,0.62,0.0,0.3,0.6887670143089026,1000.0,1,0.0,0.0,0.0,0.0
717,1329,2,0.64,0.0,0.3,0.7068238818828917,1000.0,1,0.0,0.0,0.0,0.0
718,1330,2,0.66,0.0,0.3,0.7249827584156744,1000.0,1,0.0,0.0,0.0,0.0
719,1331,2,0.68,0.0,0.3,0.743236167042482,1000.0,1,0.0,0.0,0.0,0.0
720,1332,2,0.7,0.0,0.3,0.7615773105863908,1000.0,1,0.0,0.0,0.0,0.0
721,1333,2,0.72,0.0,0.3,0.7799999999999999,1000.0,1,0.0,0.0,0.0,0.0
722,1334,2,0.74,0.0,0.3,0.7984985911070851,1000.0,1,0.0,0.0,0.0,0.0
723,1335,2,0.76,0.0,0.3,0.8170679286326199,1000.0,1,0.0,0.0,0.0,0.0
724,1336,2,0.78,0.0,0.3,0.8357032966310471,1000.0,1,0.0,0.0,0.0,0.0
725,1337,2,0.8,0.0,0.3,0.8544003745317532,1000.0,1,0.0,0.0,0.0,0.0
726,1338,2,0.82,0.0,0.3,0.8731551981177229,1000.0,1,0.0,0.0,0.0,0.0
727,1339,2,0.84,0.0,0.3,0.8919641248391103,1000.0,1,0.0,0.0,0.0,0.0
728,1340,2,0.86,0.0,0.3,0.9108238029388559,1000.0,1,0.0,0.0,0.0,0.0
729,1341,2,0.88,0.0,0.3,0.9297311439335567,1000.0,1,0.0,0.0,0.0,0.0
730,1342,2,0.9,0.0,0.3,0.9486832980505138,1000.0,1,0.0,0.0,0.0,0.0
731,1343,2,0.92,0.0,0.3,0.9676776322722356,1000.0,1,0.0,0.0,0.0,0.0
732,1344,2,0.94,0.0,0.3,0.9867117106835207,1000.0,1,0.0,0.0,0.0,0.0
733,1345,2,0.96,0.0,0.3,1.0057832768544126,1000.0,1,0.0,0.0,0.0,0.0
734,1346,2,0.98,0.0,0.3,1.0248902380255165,1000.0,1,0.0,0.0,0.0,0.0
735,1347,2,0.02,0.0,0.32,0.32062439083762795,1000.0,1,0.0,0.0,0.0,0.0
736,1348,2,0.04,0.0,0.32,0.322490309931942,1000.0,1,0.0,0.0,0.0,0.0
737,1349,2,0.06,0.0,0.32,0.32557641192199416,1000.0,1,0.0,0.0,0.0,0.0
738,1350,2,0.08,0.0,0.32,0.3298484500494129,1000.0,1,0.0,0.0,0.0,0.0
739,1351,2,0.1,0.0,0.32,0.3352610922848042,1000.0,1,0.0,0.0,0.0,0.0
740,1352,2,0.12,0.0,0.32,0.34176014981270125,1000.0,1,0.0,0.0,0.0,0.0
741,1353,2,0.14,0.0,0.32,0.3492849839314596,1000.0,1,0.0,0.0,0.0,0.0
742,1354,2,0.16,0.0,0.32,0.35777087639996635,1000.0,1,0.0,0.0,0.0,0.0
743,1355,2,0.18,0.0,0.32,0.3671511950137164,1000.0,1,0.0,0.0,0.0,0.0
744,1356,2,0.2,0.0,0.32,0.37735924528226417,1000.0,1,0.0,0.0,0.0,0.0
745,1357,2,0.22,0.0,0.32,0.388329756778952,1000.0,1,0.0,0.0,0.0,0.0
746,1358,2,0.24,0.0,0.32,0.4,1000.0,1,0.0,0.0,0.0,0.0
747,1359,2,0.26,0.0,0.32,0.41231056256176607,1000.0,1,0.0,0.0,0.0,0.0
748,1360,2,0.28,0.0,0.32,0.425205832509386,1000.0,1,0.0,0.0,0.0,0.0
749,1361,2,0.3,0.0,0.32,0.4386342439892262,1000.0,1,0.0,0.0,0.0,0.0
750,1362,2,0.32,0.0,0.32,0.4525483399593904,1000.0,1,0.0,0.0,0.0,0.0
751,1363,2,0.34,0.0,0.32,0.4669047011971501,1000.0,1,0.0,0.0,0.0,0.0
752,1364,2,0.36,0.0,0.32,0.4816637831516918,1000.0,1,0.0,0.0,0.0,0.0
753,1365,2,0.38,0.0,0.32,0.49678969393496886,1000.0,1,0.0,0.0,0.0,0.0
754,1366,2,0.4,0.0,0.32,0.5122499389946279,1000.0,1,0.0,0.0,0.0,0.0
755,1367,2,0.42,0.0,0.32,0.5280151512977634,1000.0,1,0.0,0.0,0.0,0.0
756,1368,2,0.44,0.0,0.32,0.5440588203494178,1000.0,1,0.0,0.0,0.0,0.0
757,1369,2,0.46,0.0,0.32,0.5603570290448759,1000.0,1,0.0,0.0,0.0,0.0
758,1370,2,0.48,0.0,0.32,0.5768882040742382,1000.0,1,0.0,0.0,0.0,0.0
759,1371,2,0.5,0.0,0.32,0.5936328831862332,1000.0,1,0.0,0.0,0.0,0.0
760,1372,2,0.52,0.0,0.32,0.6105735008989499,1000.0,1,0.0,0.0,0.0,0.0
761,1373,2,0.54,0.0,0.32,0.6276941930590086,1000.0,1,0.0,0.0,0.0,0.0
762,1374,2,0.56,0.0,0.32,0.644980619863884,1000.0,1,0.0,0.0,0.0,0.0
763,1375,2,0.58,0.0,0.32,0.6624198064671677,1000.0,1,0.0,0.0,0.0,0.0
764,1376,2,0.6,0.0,0.32,0.6799999999999999,1000.0,1,0.0,0.0,0.0,0.0
765,1377,2,0.62,0.0,0.32,0.6977105417004963,1000.0,1,0.0,0.0,0.0,0.0
766,1378,2,0.64,0.0,0.32,0.7155417527999327,1000.0,1,0.0,0.0,0.0,0.0
767,1379,2,0.66,0.0,0.32,0.73348483283569,1000.0,1,0.0,0.0,0.0,0.0
768,1380,2,0.68,0.0,0.32,0.7515317691222375,1000.0,1,0.0,0.0,0.0,0.0
769,1381,2,0.7,0.0,0.32,0.7696752561957543,1000.0,1,0.0,0.0,0.0,0.0
770,1382,2,0.72,0.0,0.32,0.7879086241436883,1000.0,1,0.0,0.0,0.0,0.0
771,1383,2,0.74,0.0,0.32,0.806225774829855,1000.0,1,0.0,0.0,0.0,0.0
772,1384,2,0.76,0.0,0.32,0.8246211251235321,1000.0,1,0.0,0.0,0.0,0.0
773,1385,2,0.78,0.0,0.32,0.8430895563343197,1000.0,1,0.0,0.0,0.0,0.0
774,1386,2,0.8,0.0,0.32,0.8616263691415208,1000.0,1,0.0,0.0,0.0,0.0
775,1387,2,0.82,0.0,0.32,0.8802272433866154,1000.0,1,0.0,0.0,0.0,0.0
776,1388,2,0.84,0.0,0.32,0.8988882021697693,1000.0,1,0.0,0.0,0.0,0.0
777,1389,2,0.86,0.0,0.32,0.9176055797563569,1000.0,1,0.0,0.0,0.0,0.0
778,1390,2,0.88,0.0,0.32,0.93637599285757,1000.0,1,0.0,0.0,0.0,0.0
779,1391,2,0.9,0.0,0.32,0.9551963149007643,1000.0,1,0.0,0.0,0.0,0.0
780,1392,2,0.92,0.0,0.32,0.9740636529508737,1000.0,1,0.0,0.0,0.0,0.0
781,1393,2,0.94,0.0,0.32,0.9929753269845127,1000.0,1,0.0,0.0,0.0,0.0
782,1394,2,0.96,0.0,0.32,1.0119288512538813,1000.0,1,0.0,0.0,0.0,0.0
783,1395,2,0.98,0.0,0.32,1.0309219175087898,1000.0,1,0.0,0.0,0.0,0.0
784,1396,2,0.02,0.0,0.34,0.34058772731852804,1000.0,1,0.0,0.0,0.0,0.0
785,1397,2,0.04,0.0,0.34,0.34234485537247383,1000.0,1,0.0,0.0,0.0,0.0
786,1398,2,0.06,0.0,0.34,0.3452535300326414,1000.0,1,0.0,0.0,0.0,0.0
787,1399,2,0.08,0.0,0.34,0.3492849839314596,1000.0,1,0.0,0.0,0.0,0.0
788,1400,2,0.1,0.0,0.34,0.35440090293338705,1000.0,1,0.0,0.0,0.0,0.0
789,1401,2,0.12,0.0,0.34,0.36055512754639896,1000.0,1,0.0,0.0,0.0,0.0
790,1402,2,0.14,0.0,0.34,0.36769552621700474,1000.0,1,0.0,0.0,0.0,0.0
791,1403,2,0.16,0.0,0.34,0.37576588456111876,1000.0,1,0.0,0.0,0.0,0.0
792,1404,2,0.18,0.0,0.34,0.3847076812334269,1000.0,1,0.0,0.0,0.0,0.0
793,1405,2,0.2,0.0,0.34,0.3944616584663204,1000.0,1,0.0,0.0,0.0,0.0
794,1406,2,0.22,0.0,0.34,0.4049691346263318,1000.0,1,0.0,0.0,0.0,0.0
795,1407,2,0.24,0.0,0.34,0.4161730409336963,1000.0,1,0.0,0.0,0.0,0.0
796,1408,2,0.26,0.0,0.34,0.42801869118065394,1000.0,1,0.0,0.0,0.0,0.0
797,1409,2,0.28,0.0,0.34,0.44045431091090487,1000.0,1,0.0,0.0,0.0,0.0
798,1410,2,0.3,0.0,0.34,0.45343136195018535,1000.0,1,0.0,0.0,0.0,0.0
799,1411,2,0.32,0.0,0.34,0.4669047011971501,1000.0,1,0.0,0.0,0.0,0.0
800,1412,2,0.34,0.0,0.34,0.4808326112068524,1000.0,1,0.0,0.0,0.0,0.0
801,1413,2,0.36,0.0,0.34,0.4951767361255979,1000.0,1,0.0,0.0,0.0,0.0
802,1414,2,0.38,0.0,0.34,0.5099019513592785,1000.0,1,0.0,0.0,0.0,0.0
803,1415,2,0.4,0.0,0.34,0.5249761899362676,1000.0,1,0.0,0.0,0.0,0.0
804,1416,2,0.42,0.0,0.34,0.5403702434442518,1000.0,1,0.0,0.0,0.0,0.0
805,1417,2,0.44,0.0,0.34,0.5560575509783138,1000.0,1,0.0,0.0,0.0,0.0
806,1418,2,0.46,0.0,0.34,0.5720139858430037,1000.0,1,0.0,0.0,0.0,0.0
807,1419,2,0.48,0.0,0.34,0.5882176467941097,1000.0,1,0.0,0.0,0.0,0.0
808,1420,2,0.5,0.0,0.34,0.604648658313239,1000.0,1,0.0,0.0,0.0,0.0
809,1421,2,0.52,0.0,0.34,0.6212889826803627,1000.0,1,0.0,0.0,0.0,0.0
810,1422,2,0.54,0.0,0.34,0.6381222453417528,1000.0,1,0.0,0.0,0.0,0.0
811,1423,2,0.56,0.0,0.34,0.6551335741663681,1000.0,1,0.0,0.0,0.0,0.0
812,1424,2,0.58,0.0,0.34,0.6723094525588644,1000.0,1,0.0,0.0,0.0,0.0
813,1425,2,0.6,0.0,0.34,0.6896375859826667,1000.0,1,0.0,0.0,0.0,0.0
814,1426,2,0.62,0.0,0.34,0.7071067811865476,1000.0,1,0.0,0.0,0.0,0.0
815,1427,2,0.64,0.0,0.34,0.7247068372797375,1000.0,1,0.0,0.0,0.0,0.0
816,1428,2,0.66,0.0,0.34,0.7424284477308234,1000.0,1,0.0,0.0,0.0,0.0
817,1429,2,0.68,0.0,0.34,0.7602631123499285,1000.0,1,0.0,0.0,0.0,0.0
818,1430,2,0.7,0.0,0.34,0.7782030583337487,1000.0,1,0.0,0.0,0.0,0.0
819,1431,2,0.72,0.0,0.34,0.7962411694957753,1000.0,1,0.0,0.0,0.0,0.0
820,1432,2,0.74,0.0,0.34,0.8143709228600933,1000.0,1,0.0,0.0,0.0,0.0
821,1433,2,0.76,0.0,0.34,0.8325863318599459,1000.0,1,0.0,0.0,0.0,0.0
822,1434,2,0.78,0.0,0.34,0.850881895447306,1000.0,1,0.0,0.0,0.0,0.0
823,1435,2,0.8,0.0,0.34,0.8692525524840293,1000.0,1,0.0,0.0,0.0,0.0
824,1436,2,0.82,0.0,0.34,0.8876936408468858,1000.0,1,0.0,0.0,0.0,0.0
825,1437,2,0.84,0.0,0.34,0.9062008607367353,1000.0,1,0.0,0.0,0.0,0.0
826,1438,2,0.86,0.0,0.34,0.9247702417357513,1000.0,1,0.0,0.0,0.0,0.0
827,1439,2,0.88,0.0,0.34,0.9433981132056604,1000.0,1,0.0,0.0,0.0,0.0
828,1440,2,0.9,0.0,0.34,0.9620810776644555,1000.0,1,0.0,0.0,0.0,0.0
829,1441,2,0.92,0.0,0.34,0.9808159868191383,1000.0,1,0.0,0.0,0.0,0.0
830,1442,2,0.94,0.0,0.34,0.999599919967984,1000.0,1,0.0,0.0,0.0,0.0
831,1443,2,0.96,0.0,0.34,1.0184301645179212,1000.0,1,0.0,0.0,0.0,0.0
832,1444,2,0.98,0.0,0.34,1.037304198391195,1000.0,1,0.0,0.0,0.0,0.0
833,1445,2,0.02,0.0,0.36,0.36055512754639896,1000.0,1,0.0,0.0,0.0,0.0
834,1446,2,0.04,0.0,0.36,0.36221540552549664,1000.0,1,0.0,0.0,0.0,0.0
835,1447,2,0.06,0.0,0.36,0.36496575181789315,1000.0,1,0.0,0.0,0.0,0.0
836,1448,2,0.08,0.0,0.36,0.3687817782917155,1000.0,1,0.0,0.0,0.0,0.0
837,1449,2,0.1,0.0,0.36,0.3736308338453881,1000.0,1,0.0,0.0,0.0,0.0
838,1450,2,0.12,0.0,0.36,0.3794733192202055,1000.0,1,0.0,0.0,0.0,0.0
839,1451,2,0.14,0.0,0.36,0.3862641583165593,1000.0,1,0.0,0.0,0.0,0.0
840,1452,2,0.16,0.0,0.36,0.39395431207184417,1000.0,1,0.0,0.0,0.0,0.0
841,1453,2,0.18,0.0,0.36,0.40249223594996214,1000.0,1,0.0,0.0,0.0,0.0
842,1454,2,0.2,0.0,0.36,0.41182520563948,1000.0,1,0.0,0.0,0.0,0.0
843,1455,2,0.22,0.0,0.36,0.4219004621945797,1000.0,1,0.0,0.0,0.0,0.0
844,1456,2,0.24,0.0,0.36,0.4326661530556787,1000.0,1,0.0,0.0,0.0,0.0
845,1457,2,0.26,0.0,0.36,0.4440720662234903,1000.0,1,0.0,0.0,0.0,0.0
846,1458,2,0.28,0.0,0.36,0.4560701700396552,1000.0,1,0.0,0.0,0.0,0.0
847,1459,2,0.3,0.0,0.36,0.46861498055439926,1000.0,1,0.0,0.0,0.0,0.0
848,1460,2,0.32,0.0,0.36,0.4816637831516918,1000.0,1,0.0,0.0,0.0,0.0
849,1461,2,0.34,0.0,0.36,0.4951767361255979,1000.0,1,0.0,0.0,0.0,0.0
850,1462,2,0.36,0.0,0.36,0.5091168824543142,1000.0,1,0.0,0.0,0.0,0.0
851,1463,2,0.38,0.0,0.36,0.523450093132096,1000.0,1,0.0,0.0,0.0,0.0
852,1464,2,0.4,0.0,0.36,0.5381449618829485,1000.0,1,0.0,0.0,0.0,0.0
853,1465,2,0.42,0.0,0.36,0.5531726674375732,1000.0,1,0.0,0.0,0.0,0.0
854,1466,2,0.44,0.0,0.36,0.5685068161420758,1000.0,1,0.0,0.0,0.0,0.0
855,1467,2,0.46,0.0,0.36,0.5841232746604094,1000.0,1,0.0,0.0,0.0,0.0
856,1468,2,0.48,0.0,0.36,0.6,1000.0,1,0.0,0.0,0.0,0.0
857,1469,2,0.5,0.0,0.36,0.6161168720299746,1000.0,1,0.0,0.0,0.0,0.0
858,1470,2,0.52,0.0,0.36,0.6324555320336759,1000.0,1,0.0,0.0,0.0,0.0
859,1471,2,0.54,0.0,0.36,0.6489992295835181,1000.0,1,0.0,0.0,0.0,0.0
860,1472,2,0.56,0.0,0.36,0.6657326790837296,1000.0,1,0.0,0.0,0.0,0.0
861,1473,2,0.58,0.0,0.36,0.6826419266350404,1000.0,1,0.0,0.0,0.0,0.0
862,1474,2,0.6,0.0,0.36,0.6997142273814361,1000.0,1,0.0,0.0,0.0,0.0
863,1475,2,0.62,0.0,0.36,0.7169379331573968,1000.0,1,0.0,0.0,0.0,0.0
864,1476,2,0.64,0.0,0.36,0.7343023900274328,1000.0,1,0.0,0.0,0.0,0.0
865,1477,2,0.66,0.0,0.36,0.7517978451685001,1000.0,1,0.0,0.0,0.0,0.0
866,1478,2,0.68,0.0,0.36,0.7694153624668538,1000.0,1,0.0,0.0,0.0,0.0
867,1479,2,0.7,0.0,0.36,0.7871467461661771,1000.0,1,0.0,0.0,0.0,0.0
868,1480,2,0.72,0.0,0.36,0.8049844718999243,1000.0,1,0.0,0.0,0.0,0.0
869,1481,2,0.74,0.0,0.36,0.8229216244576394,1000.0,1,0.0,0.0,0.0,0.0
870,1482,2,0.76,0.0,0.36,0.8409518416651456,1000.0,1,0.0,0.0,0.0,0.0
871,1483,2,0.78,0.0,0.36,0.8590692637965812,1000.0,1,0.0,0.0,0.0,0.0
872,1484,2,0.8,0.0,0.36,0.8772684879784524,1000.0,1,0.0,0.0,0.0,0.0
873,1485,2,0.82,0.0,0.36,0.8955445270895244,1000.0,1,0.0,0.0,0.0,0.0
874,1486,2,0.84,0.0,0.36,0.913892772703669,1000.0,1,0.0,0.0,0.0,0.0
875,1487,2,0.86,0.0,0.36,0.9323089616645331,1000.0,1,0.0,0.0,0.0,0.0
876,1488,2,0.88,0.0,0.36,0.950789145920377,1000.0,1,0.0,0.0,0.0,0.0
877,1489,2,0.9,0.0,0.36,0.9693296652842107,1000.0,1,0.0,0.0,0.0,0.0
878,1490,2,0.92,0.0,0.36,0.9879271228182775,1000.0,1,0.0,0.0,0.0,0.0
879,1491,2,0.94,0.0,0.36,1.0065783625729294,1000.0,1,0.0,0.0,0.0,0.0
880,1492,2,0.96,0.0,0.36,1.0252804494381036,1000.0,1,0.0,0.0,0.0,0.0
881,1493,2,0.98,0.0,0.36,1.0440306508910548,1000.0,1,0.0,0.0,0.0,0.0
882,1494,2,0.02,0.0,0.38,0.380525951808809,1000.0,1,0.0,0.0,0.0,0.0
883,1495,2,0.04,0.0,0.38,0.382099463490856,1000.0,1,0.0,0.0,0.0,0.0
884,1496,2,0.06,0.0,0.38,0.3847076812334269,1000.0,1,0.0,0.0,0.0,0.0
885,1497,2,0.08,0.0,0.38,0.388329756778952,1000.0,1,0.0,0.0,0.0,0.0
886,1498,2,0.1,0.0,0.38,0.39293765408777004,1000.0,1,0.0,0.0,0.0,0.0
887,1499,2,0.12,0.0,0.38,0.3984971769034255,1000.0,1,0.0,0.0,0.0,0.0
888,1500,2,0.14,0.0,0.38,0.4049691346263318,1000.0,1,0.0,0.0,0.0,0.0
889,1501,2,0.16,0.0,0.38,0.41231056256176607,1000.0,1,0.0,0.0,0.0,0.0
890,1502,2,0.18,0.0,0.38,0.4204759208325728,1000.0,1,0.0,0.0,0.0,0.0
891,1503,2,0.2,0.0,0.38,0.42941821107167777,1000.0,1,0.0,0.0,0.0,0.0
892,1504,2,0.22,0.0,0.38,0.43908996800200295,1000.0,1,0.0,0.0,0.0,0.0
893,1505,2,0.24,0.0,0.38,0.44944410108488464,1000.0,1,0.0,0.0,0.0,0.0
894,1506,2,0.26,0.0,0.38,0.46043457732885357,1000.0,1,0.0,0.0,0.0,0.0
895,1507,2,0.28,0.0,0.38,0.47201694884823786,1000.0,1,0.0,0.0,0.0,0.0
896,1508,2,0.3,0.0,0.38,0.4841487374764082,1000.0,1,0.0,0.0,0.0,0.0
897,1509,2,0.32,0.0,0.38,0.49678969393496886,1000.0,1,0.0,0.0,0.0,0.0
898,1510,2,0.34,0.0,0.38,0.5099019513592785,1000.0,1,0.0,0.0,0.0,0.0
899,1511,2,0.36,0.0,0.38,0.523450093132096,1000.0,1,0.0,0.0,0.0,0.0
900,1512,2,0.38,0.0,0.38,0.5374011537017761,1000.0,1,0.0,0.0,0.0,0.0
901,1513,2,0.4,0.0,0.38,0.5517245689653488,1000.0,1,0.0,0.0,0.0,0.0
902,1514,2,0.42,0.0,0.38,0.5663920903402518,1000.0,1,0.0,0.0,0.0,0.0
903,1515,2,0.44,0.0,0.38,0.5813776741499453,1000.0,1,0.0,0.0,0.0,0.0
904,1516,2,0.46,0.0,0.38,0.5966573556070519,1000.0,1,0.0,0.0,0.0,0.0
905,1517,2,0.48,0.0,0.38,0.6122091146005587,1000.0,1,0.0,0.0,0.0,0.0
906,1518,2,0.5,0.0,0.38,0.6280127387243033,1000.0,1,0.0,0.0,0.0,0.0
907,1519,2,0.52,0.0,0.38,0.6440496875241848,1000.0,1,0.0,0.0,0.0,0.0
908,1520,2,0.54,0.0,0.38,0.6603029607687672,1000.0,1,0.0,0.0,0.0,0.0
909,1521,2,0.56,0.0,0.38,0.6767569726275453,1000.0,1,0.0,0.0,0.0,0.0
910,1522,2,0.58,0.0,0.38,0.6933974329343886,1000.0,1,0.0,0.0,0.0,0.0
911,1523,2,0.6,0.0,0.38,0.7102112361825881,1000.0,1,0.0,0.0,0.0,0.0
912,1524,2,0.62,0.0,0.38,0.7271863585079137,1000.0,1,0.0,0.0,0.0,0.0
913,1525,2,0.64,0.0,0.38,0.7443117626371358,1000.0,1,0.0,0.0,0.0,0.0
914,1526,2,0.66,0.0,0.38,0.7615773105863909,1000.0,1,0.0,0.0,0.0,0.0
915,1527,2,0.68,0.0,0.38,0.7789736837660179,1000.0,1,0.0,0.0,0.0,0.0
916,1528,2,0.7,0.0,0.38,0.7964923100695951,1000.0,1,0.0,0.0,0.0,0.0
917,1529,2,0.72,0.0,0.38,0.8141252974819048,1000.0,1,0.0,0.0,0.0,0.0
918,1530,2,0.74,0.0,0.38,0.8318653737234168,1000.0,1,0.0,0.0,0.0,0.0
919,1531,2,0.76,0.0,0.38,0.8497058314499201,1000.0,1,0.0,0.0,0.0,0.0
920,1532,2,0.78,0.0,0.38,0.8676404785393544,1000.0,1,0.0,0.0,0.0,0.0
921,1533,2,0.8,0.0,0.38,0.8856635930193812,1000.0,1,0.0,0.0,0.0,0.0
922,1534,2,0.82,0.0,0.38,0.9037698822156002,1000.0,1,0.0,0.0,0.0,0.0
923,1535,2,0.84,0.0,0.38,0.9219544457292886,1000.0,1,0.0,0.0,0.0,0.0
924,1536,2,0.86,0.0,0.38,0.9402127418834526,1000.0,1,0.0,0.0,0.0,0.0
925,1537,2,0.88,0.0,0.38,0.9585405573057407,1000.0,1,0.0,0.0,0.0,0.0
926,1538,2,0.9,0.0,0.38,0.976933979345585,1000.0,1,0.0,0.0,0.0,0.0
927,1539,2,0.92,0.0,0.38,0.9953893710503443,1000.0,1,0.0,0.0,0.0,0.0
928,1540,2,0.94,0.0,0.38,1.0139033484509261,1000.0,1,0.0,0.0,0.0,0.0
929,1541,2,0.96,0.0,0.38,1.0324727599312244,1000.0,1,0.0,0.0,0.0,0.0
930,1542,2,0.98,0.0,0.38,1.051094667477673,1000.0,1,0.0,0.0,0.0,0.0
931,1543,2,0.02,0.0,0.4,0.4004996878900158,1000.0,1,0.0,0.0,0.0,0.0
932,1544,2,0.04,0.0,0.4,0.4019950248448356,1000.0,1,0.0,0.0,0.0,0.0
933,1545,2,0.06,0.0,0.4,0.40447496832313373,1000.0,1,0.0,0.0,0.0,0.0
934,1546,2,0.08,0.0,0.4,0.40792156108742283,1000.0,1,0.0,0.0,0.0,0.0
935,1547,2,0.1,0.0,0.4,0.4123105625617661,1000.0,1,0.0,0.0,0.0,0.0
936,1548,2,0.12,0.0,0.4,0.417612260356422,1000.0,1,0.0,0.0,0.0,0.0
937,1549,2,0.14,0.0,0.4,0.42379240200834184,1000.0,1,0.0,0.0,0.0,0.0
938,1550,2,0.16,0.0,0.4,0.4308131845707604,1000.0,1,0.0,0.0,0.0,0.0
939,1551,2,0.18,0.0,0.4,0.4386342439892262,1000.0,1,0.0,0.0,0.0,0.0
940,1552,2,0.2,0.0,0.4,0.447213595499958,1000.0,1,0.0,0.0,0.0,0.0
941,1553,2,0.22,0.0,0.4,0.45650848842053315,1000.0,1,0.0,0.0,0.0,0.0
942,1554,2,0.24,0.0,0.4,0.46647615158762407,1000.0,1,0.0,0.0,0.0,0.0
943,1555,2,0.26,0.0,0.4,0.47707441767506253,1000.0,1,0.0,0.0,0.0,0.0
944,1556,2,0.28,0.0,0.4,0.48826222462934815,1000.0,1,0.0,0.0,0.0,0.0
945,1557,2,0.3,0.0,0.4,0.5,1000.0,1,0.0,0.0,0.0,0.0
946,1558,2,0.32,0.0,0.4,0.5122499389946279,1000.0,1,0.0,0.0,0.0,0.0
947,1559,2,0.34,0.0,0.4,0.5249761899362676,1000.0,1,0.0,0.0,0.0,0.0
948,1560,2,0.36,0.0,0.4,0.5381449618829485,1000.0,1,0.0,0.0,0.0,0.0
949,1561,2,0.38,0.0,0.4,0.5517245689653488,1000.0,1,0.0,0.0,0.0,0.0
950,1562,2,0.4,0.0,0.4,0.5656854249492381,1000.0,1,0.0,0.0,0.0,0.0
951,1563,2,0.42,0.0,0.4,0.5800000000000001,1000.0,1,0.0,0.0,0.0,0.0
952,1564,2,0.44,0.0,0.4,0.5946427498927402,1000.0,1,0.0,0.0,0.0,0.0
953,1565,2,0.46,0.0,0.4,0.6095900261651268,1000.0,1,0.0,0.0,0.0,0.0
954,1566,2,0.48,0.0,0.4,0.6248199740725324,1000.0,1,0.0,0.0,0.0,0.0
955,1567,2,0.5,0.0,0.4,0.6403124237432849,1000.0,1,0.0,0.0,0.0,0.0
956,1568,2,0.52,0.0,0.4,0.656048778674269,1000.0,1,0.0,0.0,0.0,0.0
957,1569,2,0.54,0.0,0.4,0.6720119046564578,1000.0,1,0.0,0.0,0.0,0.0
958,1570,2,0.56,0.0,0.4,0.6881860213634102,1000.0,1,0.0,0.0,0.0,0.0
959,1571,2,0.58,0.0,0.4,0.7045565981523415,1000.0,1,0.0,0.0,0.0,0.0
960,1572,2,0.6,0.0,0.4,0.7211102550927979,1000.0,1,0.0,0.0,0.0,0.0
961,1573,2,0.62,0.0,0.4,0.7378346698278687,1000.0,1,0.0,0.0,0.0,0.0
962,1574,2,0.64,0.0,0.4,0.7547184905645283,1000.0,1,0.0,0.0,0.0,0.0
963,1575,2,0.66,0.0,0.4,0.7717512552629896,1000.0,1,0.0,0.0,0.0,0.0
964,1576,2,0.68,0.0,0.4,0.7889233169326408,1000.0,1,0.0,0.0,0.0,0.0
965,1577,2,0.7,0.0,0.4,0.8062257748298549,1000.0,1,0.0,0.0,0.0,0.0
966,1578,2,0.72,0.0,0.4,0.82365041127896,1000.0,1,0.0,0.0,0.0,0.0
967,1579,2,0.74,0.0,0.4,0.8411896337925236,1000.0,1,0.0,0.0,0.0,0.0
968,1580,2,0.76,0.0,0.4,0.8588364221433555,1000.0,1,0.0,0.0,0.0,0.0
969,1581,2,0.78,0.0,0.4,0.876584280032445,1000.0,1,0.0,0.0,0.0,0.0
970,1582,2,0.8,0.0,0.4,0.894427190999916,1000.0,1,0.0,0.0,0.0,0.0
971,1583,2,0.82,0.0,0.4,0.9123595782365634,1000.0,1,0.0,0.0,0.0,0.0
972,1584,2,0.84,0.0,0.4,0.9303762679690405,1000.0,1,0.0,0.0,0.0,0.0
973,1585,2,0.86,0.0,0.4,0.94847245611035,1000.0,1,0.0,0.0,0.0,0.0
974,1586,2,0.88,0.0,0.4,0.9666436778875658,1000.0,1,0.0,0.0,0.0,0.0
975,1587,2,0.9,0.0,0.4,0.9848857801796105,1000.0,1,0.0,0.0,0.0,0.0
976,1588,2,0.92,0.0,0.4,1.0031948963187562,1000.0,1,0.0,0.0,0.0,0.0
977,1589,2,0.94,0.0,0.4,1.0215674231297707,1000.0,1,0.0,0.0,0.0,0.0
978,1590,2,0.96,0.0,0.4,1.04,1000.0,1,0.0,0.0,0.0,0.0
979,1591,2,0.98,0.0,0.4,1.0584894897919392,1000.0,1,0.0,0.0,0.0,0.0
980,1592,2,0.02,0.0,0.42,0.42047592083257274,1000.0,1,0.0,0.0,0.0,0.0
981,1593,2,0.04,0.0,0.42,0.42190046219457966,1000.0,1,0.0,0.0,0.0,0.0
982,1594,2,0.06,0.0,0.42,0.42426406871192845,1000.0,1,0.0,0.0,0.0,0.0
983,1595,2,0.08,0.0,0.42,0.42755116652863895,1000.0,1,0.0,0.0,0.0,0.0
984,1596,2,0.1,0.0,0.42,0.431740662898458,1000.0,1,0.0,0.0,0.0,0.0
985,1597,2,0.12,0.0,0.42,0.4368065933568311,1000.0,1,0.0,0.0,0.0,0.0
986,1598,2,0.14,0.0,0.42,0.4427188724235731,1000.0,1,0.0,0.0,0.0,0.0
987,1599,2,0.16,0.0,0.42,0.44944410108488464,1000.0,1,0.0,0.0,0.0,0.0
988,1600,2,0.18,0.0,0.42,0.4569463863518345,1000.0,1,0.0,0.0,0.0,0.0
989,1601,2,0.2,0.0,0.42,0.46518813398452025,1000.0,1,0.0,0.0,0.0,0.0
990,1602,2,0.22,0.0,0.42,0.4741307836451879,1000.0,1,0.0,0.0,0.0,0.0
991,1603,2,0.24,0.0,0.42,0.48373546489791297,1000.0,1,0.0,0.0,0.0,0.0
992,1604,2,0.26,0.0,0.42,0.4939635614091388,1000.0,1,0.0,0.0,0.0,0.0
993,1605,2,0.28,0.0,0.42,0.5047771785649585,1000.0,1,0.0,0.0,0.0,0.0
994,1606,2,0.3,0.0,0.42,0.5161395160225576,1000.0,1,0.0,0.0,0.0,0.0
995,1607,2,0.32,0.0,0.42,0.5280151512977634,1000.0,1,0.0,0.0,0.0,0.0
996,1608,2,0.34,0.0,0.42,0.5403702434442518,1000.0,1,0.0,0.0,0.0,0.0
997,1609,2,0.36,0.0,0.42,0.5531726674375732,1000.0,1,0.0,0.0,0.0,0.0
998,1610,2,0.38,0.0,0.42,0.5663920903402518,1000.0,1,0.0,0.0,0.0,0.0
999,1611,2,0.4,0.0,0.42,0.5800000000000001,1000.0,1,0.0,0.0,0.0,0.0
1000,1612,2,0.42,0.0,0.42,0.5939696961966999,1000.0,1,0.0,0.0,0.0,0.0
1001,1613,2,0.44,0.0,0.42,0.6082762530298219,1000.0,1,0.0,0.0,0.0,0.0
1002,1614,2,0.46,0.0,0.42,0.6228964600958975,1000.0,1,0.0,0.0,0.0,0.0
1003,1615,2,0.48,0.0,0.42,0.6378087487640789,1000.0,1,0.0,0.0,0.0,0.0
1004,1616,2,0.5,0.0,0.42,0.6529931086925803,1000.0,1,0.0,0.0,0.0,0.0
1005,1617,2,0.52,0.0,0.42,0.6684309986827361,1000.0,1,0.0,0.0,0.0,0.0
1006,1618,2,0.54,0.0,0.42,0.6841052550594827,1000.0,1,0.0,0.0,0.0,0.0
1007,1619,2,0.56,0.0,0.42,0.7,1000.0,1,0.0,0.0,0.0,0.0
1008,1620,2,0.58,0.0,0.42,0.7161005515987262,1000.0,1,0.0,0.0,0.0,0.0
1009,1621,2,0.6,0.0,0.42,0.7323933369440222,1000.0,1,0.0,0.0,0.0,0.0
1010,1622,2,0.62,0.0,0.42,0.7488658090739622,1000.0,1,0.0,0.0,0.0,0.0
1011,1623,2,0.64,0.0,0.42,0.7655063683601855,1000.0,1,0.0,0.0,0.0,0.0
1012,1624,2,0.66,0.0,0.42,0.7823042886243179,1000.0,1,0.0,0.0,0.0,0.0
1013,1625,2,0.68,0.0,0.42,0.7992496481075234,1000.0,1,0.0,0.0,0.0,0.0
1014,1626,2,0.7,0.0,0.42,0.816333265278342,1000.0,1,0.0,0.0,0.0,0.0
1015,1627,2,0.72,0.0,0.42,0.8335466393669883,1000.0,1,0.0,0.0,0.0,0.0
1016,1628,2,0.74,0.0,0.42,0.8508818954473059,1000.0,1,0.0,0.0,0.0,0.0
1017,1629,2,0.76,0.0,0.42,0.8683317338436964,1000.0,1,0.0,0.0,0.0,0.0
1018,1630,2,0.78,0.0,0.42,0.885889383614004,1000.0,1,0.0,0.0,0.0,0.0
1019,1631,2,0.8,0.0,0.42,0.9035485598461215,1000.0,1,0.0,0.0,0.0,0.0
1020,1632,2,0.82,0.0,0.42,0.9213034245024816,1000.0,1,0.0,0.0,0.0,0.0
1021,1633,2,0.84,0.0,0.42,0.9391485505499116,1000.0,1,0.0,0.0,0.0,0.0
1022,1634,2,0.86,0.0,0.42,0.9570788891204318,1000.0,1,0.0,0.0,0.0,0.0
1023,1635,2,0.88,0.0,0.42,0.9750897394599125,1000.0,1,0.0,0.0,0.0,0.0
1024,1636,2,0.9,0.0,0.42,0.993176721434811,1000.0,1,0.0,0.0,0.0,0.0
1025,1637,2,0.92,0.0,0.42,1.0113357503816425,1000.0,1,0.0,0.0,0.0,0.0
1026,1638,2,0.94,0.0,0.42,1.0295630140987,1000.0,1,0.0,0.0,0.0,0.0
1027,1639,2,0.96,0.0,0.42,1.0478549517943787,1000.0,1,0.0,0.0,0.0,0.0
1028,1640,2,0.98,0.0,0.42,1.0662082348209472,1000.0,1,0.0,0.0,0.0,0.0
1029,1641,2,0.02,0.0,0.44,0.4404543109109048,1000.0,1,0.0,0.0,0.0,0.0
1030,1642,2,0.04,0.0,0.44,0.44181444068749043,1000.0,1,0.0,0.0,0.0,0.0
1031,1643,2,0.06,0.0,0.44,0.4440720662234903,1000.0,1,0.0,0.0,0.0,0.0
1032,1644,2,0.08,0.0,0.44,0.4472135954999579,1000.0,1,0.0,0.0,0.0,0.0
1033,1645,2,0.1,0.0,0.44,0.45122056690713913,1000.0,1,0.0,0.0,0.0,0.0
1034,1646,2,0.12,0.0,0.44,0.45607017003965516,1000.0,1,0.0,0.0,0.0,0.0
1035,1647,2,0.14,0.0,0.44,0.4617358552246078,1000.0,1,0.0,0.0,0.0,0.0
1036,1648,2,0.16,0.0,0.44,0.468187996428785,1000.0,1,0.0,0.0,0.0,0.0
1037,1649,2,0.18,0.0,0.44,0.4753945729601885,1000.0,1,0.0,0.0,0.0,0.0
1038,1650,2,0.2,0.0,0.44,0.4833218389437829,1000.0,1,0.0,0.0,0.0,0.0
1039,1651,2,0.22,0.0,0.44,0.4919349550499537,1000.0,1,0.0,0.0,0.0,0.0
1040,1652,2,0.24,0.0,0.44,0.5011985634456667,1000.0,1,0.0,0.0,0.0,0.0
1041,1653,2,0.26,0.0,0.44,0.5110772935672255,1000.0,1,0.0,0.0,0.0,0.0
1042,1654,2,0.28,0.0,0.44,0.521536192416212,1000.0,1,0.0,0.0,0.0,0.0
1043,1655,2,0.3,0.0,0.44,0.5325410782277739,1000.0,1,0.0,0.0,0.0,0.0
1044,1656,2,0.32,0.0,0.44,0.5440588203494178,1000.0,1,0.0,0.0,0.0,0.0
1045,1657,2,0.34,0.0,0.44,0.5560575509783138,1000.0,1,0.0,0.0,0.0,0.0
1046,1658,2,0.36,0.0,0.44,0.5685068161420758,1000.0,1,0.0,0.0,0.0,0.0
1047,1659,2,0.38,0.0,0.44,0.5813776741499453,1000.0,1,0.0,0.0,0.0,0.0
1048,1660,2,0.4,0.0,0.44,0.5946427498927402,1000.0,1,0.0,0.0,0.0,0.0
1049,1661,2,0.42,0.0,0.44,0.6082762530298219,1000.0,1,0.0,0.0,0.0,0.0
1050,1662,2,0.44,0.0,0.44,0.6222539674441618,1000.0,1,0.0,0.0,0.0,0.0
1051,1663,2,0.46,0.0,0.44,0.6365532185135819,1000.0,1,0.0,0.0,0.0,0.0
1052,1664,2,0.48,0.0,0.44,0.6511528238439882,1000.0,1,0.0,0.0,0.0,0.0
1053,1665,2,0.5,0.0,0.44,0.6660330322138684,1000.0,1,0.0,0.0,0.0,0.0
1054,1666,2,0.52,0.0,0.44,0.6811754546370561,1000.0,1,0.0,0.0,0.0,0.0
1055,1667,2,0.54,0.0,0.44,0.6965629906907199,1000.0,1,0.0,0.0,0.0,0.0
1056,1668,2,0.56,0.0,0.44,0.7121797525905943,1000.0,1,0.0,0.0,0.0,0.0
1057,1669,2,0.58,0.0,0.44,0.7280109889280518,1000.0,1,0.0,0.0,0.0,0.0
1058,1670,2,0.6,0.0,0.44,0.744043009509531,1000.0,1,0.0,0.0,0.0,0.0
1059,1671,2,0.62,0.0,0.44,0.7602631123499285,1000.0,1,0.0,0.0,0.0,0.0
1060,1672,2,0.64,0.0,0.44,0.776659513557904,1000.0,1,0.0,0.0,0.0,0.0
1061,1673,2,0.66,0.0,0.44,0.7932212806020776,1000.0,1,0.0,0.0,0.0,0.0
1062,1674,2,0.68,0.0,0.44,0.8099382692526635,1000.0,1,0.0,0.0,0.0,0.0
1063,1675,2,0.7,0.0,0.44,0.8268010643437755,1000.0,1,0.0,0.0,0.0,0.0
1064,1676,2,0.72,0.0,0.44,0.8438009243891594,1000.0,1,0.0,0.0,0.0,0.0
1065,1677,2,0.74,0.0,0.44,0.8609297300012353,1000.0,1,0.0,0.0,0.0,0.0
1066,1678,2,0.76,0.0,0.44,0.8781799360040059,1000.0,1,0.0,0.0,0.0,0.0
1067,1679,2,0.78,0.0,0.44,0.8955445270895245,1000.0,1,0.0,0.0,0.0,0.0
1068,1680,2,0.8,0.0,0.44,0.9130169768410663,1000.0,1,0.0,0.0,0.0,0.0
1069,1681,2,0.82,0.0,0.44,0.9305912099305472,1000.0,1,0.0,0.0,0.0,0.0
1070,1682,2,0.84,0.0,0.44,0.9482615672903758,1000.0,1,0.0,0.0,0.0,0.0
1071,1683,2,0.86,0.0,0.44,0.9660227740586658,1000.0,1,0.0,0.0,0.0,0.0
1072,1684,2,0.88,0.0,0.44,0.9838699100999074,1000.0,1,0.0,0.0,0.0,0.0
1073,1685,2,0.9,0.0,0.44,1.0017983829094554,1000.0,1,0.0,0.0,0.0,0.0
1074,1686,2,0.92,0.0,0.44,1.019803902718557,1000.0,1,0.0,0.0,0.0,0.0
1075,1687,2,0.94,0.0,0.44,1.0378824596263296,1000.0,1,0.0,0.0,0.0,0.0
1076,1688,2,0.96,0.0,0.44,1.0560303025955269,1000.0,1,0.0,0.0,0.0,0.0
1077,1689,2,0.98,0.0,0.44,1.0742439201596627,1000.0,1,0.0,0.0,0.0,0.0
1078,1690,2,0.02,0.0,0.46,0.46043457732885357,1000.0,1,0.0,0.0,0.0,0.0
1079,1691,2,0.04,0.0,0.46,0.4617358552246078,1000.0,1,0.0,0.0,0.0,0.0
1080,1692,2,0.06,0.0,0.46,0.4638965401897281,1000.0,1,0.0,0.0,0.0,0.0
1081,1693,2,0.08,0.0,0.46,0.4669047011971501,1000.0,1,0.0,0.0,0.0,0.0
1082,1694,2,0.1,0.0,0.46,0.4707440918375928,1000.0,1,0.0,0.0,0.0,0.0
1083,1695,2,0.12,0.0,0.46,0.4753945729601885,1000.0,1,0.0,0.0,0.0,0.0
1084,1696,2,0.14,0.0,0.46,0.48083261120685233,1000.0,1,0.0,0.0,0.0,0.0
1085,1697,2,0.16,0.0,0.46,0.48703182647543686,1000.0,1,0.0,0.0,0.0,0.0
1086,1698,2,0.18,0.0,0.46,0.4939635614091388,1000.0,1,0.0,0.0,0.0,0.0
1087,1699,2,0.2,0.0,0.46,0.5015974481593781,1000.0,1,0.0,0.0,0.0,0.0
1088,1700,2,0.22,0.0,0.46,0.5099019513592785,1000.0,1,0.0,0.0,0.0,0.0
1089,1701,2,0.24,0.0,0.46,0.5188448708429139,1000.0,1,0.0,0.0,0.0,0.0
1090,1702,2,0.26,0.0,0.46,0.5283937925449163,1000.0,1,0.0,0.0,0.0,0.0
1091,1703,2,0.28,0.0,0.46,0.5385164807134505,1000.0,1,0.0,0.0,0.0,0.0
1092,1704,2,0.3,0.0,0.46,0.5491812087098392,1000.0,1,0.0,0.0,0.0,0.0
1093,1705,2,0.32,0.0,0.46,0.5603570290448759,1000.0,1,0.0,0.0,0.0,0.0
1094,1706,2,0.34,0.0,0.46,0.5720139858430037,1000.0,1,0.0,0.0,0.0,0.0
1095,1707,2,0.36,0.0,0.46,0.5841232746604094,1000.0,1,0.0,0.0,0.0,0.0
1096,1708,2,0.38,0.0,0.46,0.5966573556070519,1000.0,1,0.0,0.0,0.0,0.0
1097,1709,2,0.4,0.0,0.46,0.6095900261651268,1000.0,1,0.0,0.0,0.0,0.0
1098,1710,2,0.42,0.0,0.46,0.6228964600958975,1000.0,1,0.0,0.0,0.0,0.0
1099,1711,2,0.44,0.0,0.46,0.6365532185135819,1000.0,1,0.0,0.0,0.0,0.0
1100,1712,2,0.46,0.0,0.46,0.6505382386916237,1000.0,1,0.0,0.0,0.0,0.0
1101,1713,2,0.48,0.0,0.46,0.6648308055437865,1000.0,1,0.0,0.0,0.0,0.0
1102,1714,2,0.5,0.0,0.46,0.6794115100585212,1000.0,1,0.0,0.0,0.0,0.0
1103,1715,2,0.52,0.0,0.46,0.6942621983083913,1000.0,1,0.0,0.0,0.0,0.0
1104,1716,2,0.54,0.0,0.46,0.7093659140387281,1000.0,1,0.0,0.0,0.0,0.0
1105,1717,2,0.56,0.0,0.46,0.7247068372797376,1000.0,1,0.0,0.0,0.0,0.0
1106,1718,2,0.58,0.0,0.46,0.7402702209328699,1000.0,1,0.0,0.0,0.0,0.0
1107,1719,2,0.6,0.0,0.46,0.756042326857432,1000.0,1,0.0,0.0,0.0,0.0
1108,1720,2,0.62,0.0,0.46,0.7720103626247513,1000.0,1,0.0,0.0,0.0,0.0
1109,1721,2,0.64,0.0,0.46,0.7881624198095212,1000.0,1,0.0,0.0,0.0,0.0
1110,1722,2,0.66,0.0,0.46,0.8044874144447507,1000.0,1,0.0,0.0,0.0,0.0
1111,1723,2,0.68,0.0,0.46,0.8209750300709517,1000.0,1,0.0,0.0,0.0,0.0
1112,1724,2,0.7,0.0,0.46,0.8376156636548769,1000.0,1,0.0,0.0,0.0,0.0
1113,1725,2,0.72,0.0,0.46,0.8544003745317531,1000.0,1,0.0,0.0,0.0,0.0
1114,1726,2,0.74,0.0,0.46,0.8713208364316786,1000.0,1,0.0,0.0,0.0,0.0
1115,1727,2,0.76,0.0,0.46,0.8883692925805123,1000.0,1,0.0,0.0,0.0,0.0
1116,1728,2,0.78,0.0,0.46,0.9055385138137417,1000.0,1,0.0,0.0,0.0,0.0
1117,1729,2,0.8,0.0,0.46,0.9228217596047463,1000.0,1,0.0,0.0,0.0,0.0
1118,1730,2,0.82,0.0,0.46,0.9402127418834526,1000.0,1,0.0,0.0,0.0,0.0
1119,1731,2,0.84,0.0,0.46,0.9577055915050303,1000.0,1,0.0,0.0,0.0,0.0
1120,1732,2,0.86,0.0,0.46,0.9752948272189287,1000.0,1,0.0,0.0,0.0,0.0
1121,1733,2,0.88,0.0,0.46,0.9929753269845127,1000.0,1,0.0,0.0,0.0,0.0
1122,1734,2,0.9,0.0,0.46,1.0107423014794623,1000.0,1,0.0,0.0,0.0,0.0
1123,1735,2,0.92,0.0,0.46,1.0285912696499033,1000.0,1,0.0,0.0,0.0,0.0
1124,1736,2,0.94,0.0,0.46,1.0465180361560904,1000.0,1,0.0,0.0,0.0,0.0
1125,1737,2,0.96,0.0,0.46,1.064518670573701,1000.0,1,0.0,0.0,0.0,0.0
1126,1738,2,0.98,0.0,0.46,1.0825894882179485,1000.0,1,0.0,0.0,0.0,0.0
1127,1739,2,0.02,0.0,0.48,0.48041648597857256,1000.0,1,0.0,0.0,0.0,0.0
1128,1740,2,0.04,0.0,0.48,0.4816637831516918,1000.0,1,0.0,0.0,0.0,0.0
1129,1741,2,0.06,0.0,0.48,0.48373546489791297,1000.0,1,0.0,0.0,0.0,0.0
1130,1742,2,0.08,0.0,0.48,0.4866210024238576,1000.0,1,0.0,0.0,0.0,0.0
1131,1743,2,0.1,0.0,0.48,0.4903060268852505,1000.0,1,0.0,0.0,0.0,0.0
1132,1744,2,0.12,0.0,0.48,0.49477267507411926,1000.0,1,0.0,0.0,0.0,0.0
1133,1745,2,0.14,0.0,0.48,0.5,1000.0,1,0.0,0.0,0.0,0.0
1134,1746,2,0.16,0.0,0.48,0.5059644256269407,1000.0,1,0.0,0.0,0.0,0.0
1135,1747,2,0.18,0.0,0.48,0.5126402247190518,1000.0,1,0.0,0.0,0.0,0.0
1136,1748,2,0.2,0.0,0.48,0.52,1000.0,1,0.0,0.0,0.0,0.0
1137,1749,2,0.22,0.0,0.48,0.5280151512977634,1000.0,1,0.0,0.0,0.0,0.0
1138,1750,2,0.24,0.0,0.48,0.5366563145999496,1000.0,1,0.0,0.0,0.0,0.0
1139,1751,2,0.26,0.0,0.48,0.5458937625582472,1000.0,1,0.0,0.0,0.0,0.0
1140,1752,2,0.28,0.0,0.48,0.5556977595779922,1000.0,1,0.0,0.0,0.0,0.0
1141,1753,2,0.3,0.0,0.48,0.5660388679233962,1000.0,1,0.0,0.0,0.0,0.0
1142,1754,2,0.32,0.0,0.48,0.5768882040742382,1000.0,1,0.0,0.0,0.0,0.0
1143,1755,2,0.34,0.0,0.48,0.5882176467941097,1000.0,1,0.0,0.0,0.0,0.0
1144,1756,2,0.36,0.0,0.48,0.6,1000.0,1,0.0,0.0,0.0,0.0
1145,1757,2,0.38,0.0,0.48,0.6122091146005587,1000.0,1,0.0,0.0,0.0,0.0
1146,1758,2,0.4,0.0,0.48,0.6248199740725324,1000.0,1,0.0,0.0,0.0,0.0
1147,1759,2,0.42,0.0,0.48,0.6378087487640789,1000.0,1,0.0,0.0,0.0,0.0
1148,1760,2,0.44,0.0,0.48,0.6511528238439882,1000.0,1,0.0,0.0,0.0,0.0
1149,1761,2,0.46,0.0,0.48,0.6648308055437865,1000.0,1,0.0,0.0,0.0,0.0
1150,1762,2,0.48,0.0,0.48,0.6788225099390857,1000.0,1,0.0,0.0,0.0,0.0
1151,1763,2,0.5,0.0,0.48,0.6931089380465383,1000.0,1,0.0,0.0,0.0,0.0
1152,1764,2,0.52,0.0,0.48,0.7076722405181654,1000.0,1,0.0,0.0,0.0,0.0
1153,1765,2,0.54,0.0,0.48,0.7224956747275377,1000.0,1,0.0,0.0,0.0,0.0
1154,1766,2,0.56,0.0,0.48,0.737563556583431,1000.0,1,0.0,0.0,0.0,0.0
1155,1767,2,0.58,0.0,0.48,0.7528612089887484,1000.0,1,0.0,0.0,0.0,0.0
1156,1768,2,0.6,0.0,0.48,0.7683749084919419,1000.0,1,0.0,0.0,0.0,0.0
1157,1769,2,0.62,0.0,0.48,0.7840918313565064,1000.0,1,0.0,0.0,0.0,0.0
1158,1770,2,0.64,0.0,0.48,0.8,1000.0,1,0.0,0.0,0.0,0.0
1159,1771,2,0.66,0.0,0.48,0.8160882305241266,1000.0,1,0.0,0.0,0.0,0.0
1160,1772,2,0.68,0.0,0.48,0.8323460818673926,1000.0,1,0.0,0.0,0.0,0.0
1161,1773,2,0.7,0.0,0.48,0.8487638069569178,1000.0,1,0.0,0.0,0.0,0.0
1162,1774,2,0.72,0.0,0.48,0.8653323061113574,1000.0,1,0.0,0.0,0.0,0.0
1163,1775,2,0.74,0.0,0.48,0.8820430828479978,1000.0,1,0.0,0.0,0.0,0.0
1164,1776,2,0.76,0.0,0.48,0.8988882021697693,1000.0,1,0.0,0.0,0.0,0.0
1165,1777,2,0.78,0.0,0.48,0.9158602513484249,1000.0,1,0.0,0.0,0.0,0.0
1166,1778,2,0.8,0.0,0.48,0.9329523031752481,1000.0,1,0.0,0.0,0.0,0.0
1167,1779,2,0.82,0.0,0.48,0.9501578816175761,1000.0,1,0.0,0.0,0.0,0.0
1168,1780,2,0.84,0.0,0.48,0.9674709297958259,1000.0,1,0.0,0.0,0.0,0.0
1169,1781,2,0.86,0.0,0.48,0.9848857801796105,1000.0,1,0.0,0.0,0.0,0.0
1170,1782,2,0.88,0.0,0.48,1.0023971268913334,1000.0,1,0.0,0.0,0.0,0.0
1171,1783,2,0.9,0.0,0.48,1.02,1000.0,1,0.0,0.0,0.0,0.0
1172,1784,2,0.92,0.0,0.48,1.0376897416858277,1000.0,1,0.0,0.0,0.0,0.0
1173,1785,2,0.94,0.0,0.48,1.0554619841567008,1000.0,1,0.0,0.0,0.0,0.0
1174,1786,2,0.96,0.0,0.48,1.0733126291998991,1000.0,1,0.0,0.0,0.0,0.0
1175,1787,2,0.98,0.0,0.48,1.0912378292562992,1000.0,1,0.0,0.0,0.0,0.0
1176,1788,2,0.02,0.0,0.5,0.5003998401278722,1000.0,1,0.0,0.0,0.0,0.0
1177,1789,2,0.04,0.0,0.5,0.5015974481593781,1000.0,1,0.0,0.0,0.0,0.0
1178,1790,2,0.06,0.0,0.5,0.5035871324805669,1000.0,1,0.0,0.0,0.0,0.0
1179,1791,2,0.08,0.0,0.5,0.5063595560468865,1000.0,1,0.0,0.0,0.0,0.0
1180,1792,2,0.1,0.0,0.5,0.5099019513592785,1000.0,1,0.0,0.0,0.0,0.0
1181,1793,2,0.12,0.0,0.5,0.5141984052872977,1000.0,1,0.0,0.0,0.0,0.0
1182,1794,2,0.14,0.0,0.5,0.5192301994298868,1000.0,1,0.0,0.0,0.0,0.0
1183,1795,2,0.16,0.0,0.5,0.5249761899362675,1000.0,1,0.0,0.0,0.0,0.0
1184,1796,2,0.18,0.0,0.5,0.5314132102234569,1000.0,1,0.0,0.0,0.0,0.0
1185,1797,2,0.2,0.0,0.5,0.5385164807134505,1000.0,1,0.0,0.0,0.0,0.0
1186,1798,2,0.22,0.0,0.5,0.5462600113499065,1000.0,1,0.0,0.0,0.0,0.0
1187,1799,2,0.24,0.0,0.5,0.5546169849544819,1000.0,1,0.0,0.0,0.0,0.0
1188,1800,2,0.26,0.0,0.5,0.5635601121442149,1000.0,1,0.0,0.0,0.0,0.0
1189,1801,2,0.28,0.0,0.5,0.5730619512757762,1000.0,1,0.0,0.0,0.0,0.0
1190,1802,2,0.3,0.0,0.5,0.58309518948453,1000.0,1,0.0,0.0,0.0,0.0
1191,1803,2,0.32,0.0,0.5,0.5936328831862332,1000.0,1,0.0,0.0,0.0,0.0
1192,1804,2,0.34,0.0,0.5,0.604648658313239,1000.0,1,0.0,0.0,0.0,0.0
1193,1805,2,0.36,0.0,0.5,0.6161168720299746,1000.0,1,0.0,0.0,0.0,0.0
1194,1806,2,0.38,0.0,0.5,0.6280127387243033,1000.0,1,0.0,0.0,0.0,0.0
1195,1807,2,0.4,0.0,0.5,0.6403124237432849,1000.0,1,0.0,0.0,0.0,0.0
1196,1808,2,0.42,0.0,0.5,0.6529931086925803,1000.0,1,0.0,0.0,0.0,0.0
1197,1809,2,0.44,0.0,0.5,0.6660330322138684,1000.0,1,0.0,0.0,0.0,0.0
1198,1810,2,0.46,0.0,0.5,0.6794115100585212,1000.0,1,0.0,0.0,0.0,0.0
1199,1811,2,0.48,0.0,0.5,0.6931089380465383,1000.0,1,0.0,0.0,0.0,0.0
1200,1812,2,0.5,0.0,0.5,0.7071067811865476,1000.0,1,0.0,0.0,0.0,0.0
1201,1813,2,0.52,0.0,0.5,0.7213875518748574,1000.0,1,0.0,0.0,0.0,0.0
1202,1814,2,0.54,0.0,0.5,0.735934779718964,1000.0,1,0.0,0.0,0.0,0.0
1203,1815,2,0.56,0.0,0.5,0.7507329751649384,1000.0,1,0.0,0.0,0.0,0.0
1204,1816,2,0.58,0.0,0.5,0.7657675887630659,1000.0,1,0.0,0.0,0.0,0.0
1205,1817,2,0.6,0.0,0.5,0.7810249675906654,1000.0,1,0.0,0.0,0.0,0.0
1206,1818,2,0.62,0.0,0.5,0.7964923100695951,1000.0,1,0.0,0.0,0.0,0.0
1207,1819,2,0.64,0.0,0.5,0.8121576201698781,1000.0,1,0.0,0.0,0.0,0.0
1208,1820,2,0.66,0.0,0.5,0.8280096617793781,1000.0,1,0.0,0.0,0.0,0.0
1209,1821,2,0.68,0.0,0.5,0.8440379138403677,1000.0,1,0.0,0.0,0.0,0.0
1210,1822,2,0.7,0.0,0.5,0.8602325267042626,1000.0,1,0.0,0.0,0.0,0.0
1211,1823,2,0.72,0.0,0.5,0.876584280032445,1000.0,1,0.0,0.0,0.0,0.0
1212,1824,2,0.74,0.0,0.5,0.8930845424706443,1000.0,1,0.0,0.0,0.0,0.0
1213,1825,2,0.76,0.0,0.5,0.9097252332435327,1000.0,1,0.0,0.0,0.0,0.0
1214,1826,2,0.78,0.0,0.5,0.9264987857520376,1000.0,1,0.0,0.0,0.0,0.0
1215,1827,2,0.8,0.0,0.5,0.9433981132056605,1000.0,1,0.0,0.0,0.0,0.0
1216,1828,2,0.82,0.0,0.5,0.9604165762834375,1000.0,1,0.0,0.0,0.0,0.0
1217,1829,2,0.84,0.0,0.5,0.9775479527879949,1000.0,1,0.0,0.0,0.0,0.0
1218,1830,2,0.86,0.0,0.5,0.994786409235671,1000.0,1,0.0,0.0,0.0,0.0
1219,1831,2,0.88,0.0,0.5,1.0121264743103997,1000.0,1,0.0,0.0,0.0,0.0
1220,1832,2,0.9,0.0,0.5,1.0295630140987,1000.0,1,0.0,0.0,0.0,0.0
1221,1833,2,0.92,0.0,0.5,1.047091209016674,1000.0,1,0.0,0.0,0.0,0.0
1222,1834,2,0.94,0.0,0.5,1.0647065323364933,1000.0,1,0.0,0.0,0.0,0.0
1223,1835,2,0.96,0.0,0.5,1.0824047302187847,1000.0,1,0.0,0.0,0.0,0.0
1224,1836,2,0.98,0.0,0.5,1.1001818031580053,1000.0,1,0.0,0.0,0.0,0.0
1225,1837,2,0.02,0.0,0.52,0.5203844732503076,1000.0,1,0.0,0.0,0.0,0.0
1226,1838,2,0.04,0.0,0.52,0.521536192416212,1000.0,1,0.0,0.0,0.0,0.0
1227,1839,2,0.06,0.0,0.52,0.523450093132096,1000.0,1,0.0,0.0,0.0,0.0
1228,1840,2,0.08,0.0,0.52,0.5261178575186363,1000.0,1,0.0,0.0,0.0,0.0
1229,1841,2,0.1,0.0,0.52,0.5295280917949491,1000.0,1,0.0,0.0,0.0,0.0
1230,1842,2,0.12,0.0,0.52,0.5336665625650534,1000.0,1,0.0,0.0,0.0,0.0
1231,1843,2,0.14,0.0,0.52,0.5385164807134505,1000.0,1,0.0,0.0,0.0,0.0
1232,1844,2,0.16,0.0,0.52,0.5440588203494178,1000.0,1,0.0,0.0,0.0,0.0
1233,1845,2,0.18,0.0,0.52,0.5502726596879042,1000.0,1,0.0,0.0,0.0,0.0
1234,1846,2,0.2,0.0,0.52,0.5571355310873648,1000.0,1,0.0,0.0,0.0,0.0
1235,1847,2,0.22,0.0,0.52,0.5646237685397242,1000.0,1,0.0,0.0,0.0,0.0
1236,1848,2,0.24,0.0,0.52,0.5727128425310541,1000.0,1,0.0,0.0,0.0,0.0
1237,1849,2,0.26,0.0,0.52,0.5813776741499453,1000.0,1,0.0,0.0,0.0,0.0
1238,1850,2,0.28,0.0,0.52,0.590592922409336,1000.0,1,0.0,0.0,0.0,0.0
1239,1851,2,0.3,0.0,0.52,0.6003332407921455,1000.0,1,0.0,0.0,0.0,0.0
1240,1852,2,0.32,0.0,0.52,0.6105735008989499,1000.0,1,0.0,0.0,0.0,0.0
1241,1853,2,0.34,0.0,0.52,0.6212889826803627,1000.0,1,0.0,0.0,0.0,0.0
1242,1854,2,0.36,0.0,0.52,0.6324555320336759,1000.0,1,0.0,0.0,0.0,0.0
1243,1855,2,0.38,0.0,0.52,0.6440496875241848,1000.0,1,0.0,0.0,0.0,0.0
1244,1856,2,0.4,0.0,0.52,0.656048778674269,1000.0,1,0.0,0.0,0.0,0.0
1245,1857,2,0.42,0.0,0.52,0.6684309986827361,1000.0,1,0.0,0.0,0.0,0.0
1246,1858,2,0.44,0.0,0.52,0.6811754546370561,1000.0,1,0.0,0.0,0.0,0.0
1247,1859,2,0.46,0.0,0.52,0.6942621983083913,1000.0,1,0.0,0.0,0.0,0.0
1248,1860,2,0.48,0.0,0.52,0.7076722405181654,1000.0,1,0.0,0.0,0.0,0.0
1249,1861,2,0.5,0.0,0.52,0.7213875518748574,1000.0,1,0.0,0.0,0.0,0.0
1250,1862,2,0.52,0.0,0.52,0.7353910524340095,1000.0,1,0.0,0.0,0.0,0.0
1251,1863,2,0.54,0.0,0.52,0.7496665925596525,1000.0,1,0.0,0.0,0.0,0.0
1252,1864,2,0.56,0.0,0.52,0.7641989269817121,1000.0,1,0.0,0.0,0.0,0.0
1253,1865,2,0.58,0.0,0.52,0.7789736837660178,1000.0,1,0.0,0.0,0.0,0.0
1254,1866,2,0.6,0.0,0.52,0.7939773296511684,1000.0,1,0.0,0.0,0.0,0.0
1255,1867,2,0.62,0.0,0.52,0.8091971329657563,1000.0,1,0.0,0.0,0.0,0.0
1256,1868,2,0.64,0.0,0.52,0.8246211251235321,1000.0,1,0.0,0.0,0.0,0.0
1257,1869,2,0.66,0.0,0.52,0.8402380615040003,1000.0,1,0.0,0.0,0.0,0.0
1258,1870,2,0.68,0.0,0.52,0.8560373823613079,1000.0,1,0.0,0.0,0.0,0.0
1259,1871,2,0.7,0.0,0.52,0.8720091742636656,1000.0,1,0.0,0.0,0.0,0.0
1260,1872,2,0.72,0.0,0.52,0.8881441324469806,1000.0,1,0.0,0.0,0.0,0.0
1261,1873,2,0.74,0.0,0.52,0.904433524367601,1000.0,1,0.0,0.0,0.0,0.0
1262,1874,2,0.76,0.0,0.52,0.9208691546577071,1000.0,1,0.0,0.0,0.0,0.0
1263,1875,2,0.78,0.0,0.52,0.9374433316206372,1000.0,1,0.0,0.0,0.0,0.0
1264,1876,2,0.8,0.0,0.52,0.9541488353501251,1000.0,1,0.0,0.0,0.0,0.0
1265,1877,2,0.82,0.0,0.52,0.9709788875150684,1000.0,1,0.0,0.0,0.0,0.0
1266,1878,2,0.84,0.0,0.52,0.9879271228182775,1000.0,1,0.0,0.0,0.0,0.0
1267,1879,2,0.86,0.0,0.52,1.004987562112089,1000.0,1,0.0,0.0,0.0,0.0
1268,1880,2,0.88,0.0,0.52,1.022154587134451,1000.0,1,0.0,0.0,0.0,0.0
1269,1881,2,0.9,0.0,0.52,1.0394229168149027,1000.0,1,0.0,0.0,0.0,0.0
1270,1882,2,0.92,0.0,0.52,1.0567875850898325,1000.0,1,0.0,0.0,0.0,0.0
1271,1883,2,0.94,0.0,0.52,1.0742439201596627,1000.0,1,0.0,0.0,0.0,0.0
1272,1884,2,0.96,0.0,0.52,1.0917875251164944,1000.0,1,0.0,0.0,0.0,0.0
1273,1885,2,0.98,0.0,0.52,1.109414259868693,1000.0,1,0.0,0.0,0.0,0.0
1274,1886,2,0.02,0.0,0.54,0.5403702434442519,1000.0,1,0.0,0.0,0.0,0.0
1275,1887,2,0.04,0.0,0.54,0.5414794548272354,1000.0,1,0.0,0.0,0.0,0.0
1276,1888,2,0.06,0.0,0.54,0.543323108288245,1000.0,1,0.0,0.0,0.0,0.0
1277,1889,2,0.08,0.0,0.54,0.5458937625582473,1000.0,1,0.0,0.0,0.0,0.0
1278,1890,2,0.1,0.0,0.54,0.5491812087098392,1000.0,1,0.0,0.0,0.0,0.0
1279,1891,2,0.12,0.0,0.54,0.5531726674375733,1000.0,1,0.0,0.0,0.0,0.0
1280,1892,2,0.14,0.0,0.54,0.5578530272392541,1000.0,1,0.0,0.0,0.0,0.0
1281,1893,2,0.16,0.0,0.54,0.563205113613149,1000.0,1,0.0,0.0,0.0,0.0
1282,1894,2,0.18,0.0,0.54,0.5692099788303083,1000.0,1,0.0,0.0,0.0,0.0
1283,1895,2,0.2,0.0,0.54,0.5758472019555188,1000.0,1,0.0,0.0,0.0,0.0
1284,1896,2,0.22,0.0,0.54,0.5830951894845301,1000.0,1,0.0,0.0,0.0,0.0
1285,1897,2,0.24,0.0,0.54,0.5909314681077663,1000.0,1,0.0,0.0,0.0,0.0
1286,1898,2,0.26,0.0,0.54,0.5993329625508679,1000.0,1,0.0,0.0,0.0,0.0
1287,1899,2,0.28,0.0,0.54,0.608276253029822,1000.0,1,0.0,0.0,0.0,0.0
1288,1900,2,0.3,0.0,0.54,0.6177378084592201,1000.0,1,0.0,0.0,0.0,0.0
1289,1901,2,0.32,0.0,0.54,0.6276941930590086,1000.0,1,0.0,0.0,0.0,0.0
1290,1902,2,0.34,0.0,0.54,0.6381222453417528,1000.0,1,0.0,0.0,0.0,0.0
1291,1903,2,0.36,0.0,0.54,0.6489992295835181,1000.0,1,0.0,0.0,0.0,0.0
1292,1904,2,0.38,0.0,0.54,0.6603029607687672,1000.0,1,0.0,0.0,0.0,0.0
1293,1905,2,0.4,0.0,0.54,0.6720119046564578,1000.0,1,0.0,0.0,0.0,0.0
1294,1906,2,0.42,0.0,0.54,0.6841052550594827,1000.0,1,0.0,0.0,0.0,0.0
1295,1907,2,0.44,0.0,0.54,0.6965629906907199,1000.0,1,0.0,0.0,0.0,0.0
1296,1908,2,0.46,0.0,0.54,0.7093659140387281,1000.0,1,0.0,0.0,0.0,0.0
1297,1909,2,0.48,0.0,0.54,0.7224956747275377,1000.0,1,0.0,0.0,0.0,0.0
1298,1910,2,0.5,0.0,0.54,0.735934779718964,1000.0,1,0.0,0.0,0.0,0.0
1299,1911,2,0.52,0.0,0.54,0.7496665925596525,1000.0,1,0.0,0.0,0.0,0.0
1300,1912,2,0.54,0.0,0.54,0.7636753236814714,1000.0,1,0.0,0.0,0.0,0.0
1301,1913,2,0.56,0.0,0.54,0.7779460135510691,1000.0,1,0.0,0.0,0.0,0.0
1302,1914,2,0.58,0.0,0.54,0.792464510246358,1000.0,1,0.0,0.0,0.0,0.0
1303,1915,2,0.6,0.0,0.54,0.8072174428244225,1000.0,1,0.0,0.0,0.0,0.0
1304,1916,2,0.62,0.0,0.54,0.8221921916437787,1000.0,1,0.0,0.0,0.0,0.0
1305,1917,2,0.64,0.0,0.54,0.8373768566183329,1000.0,1,0.0,0.0,0.0,0.0
1306,1918,2,0.66,0.0,0.54,0.8527602242131138,1000.0,1,0.0,0.0,0.0,0.0
1307,1919,2,0.68,0.0,0.54,0.8683317338436964,1000.0,1,0.0,0.0,0.0,0.0
1308,1920,2,0.7,0.0,0.54,0.8840814442120137,1000.0,1,0.0,0.0,0.0,0.0
1309,1921,2,0.72,0.0,0.54,0.9,1000.0,1,0.0,0.0,0.0,0.0
1310,1922,2,0.74,0.0,0.54,0.9160785992479029,1000.0,1,0.0,0.0,0.0,0.0
1311,1923,2,0.76,0.0,0.54,0.9323089616645331,1000.0,1,0.0,0.0,0.0,0.0
1312,1924,2,0.78,0.0,0.54,0.9486832980505139,1000.0,1,0.0,0.0,0.0,0.0
1313,1925,2,0.8,0.0,0.54,0.9651942809610924,1000.0,1,0.0,0.0,0.0,0.0
1314,1926,2,0.82,0.0,0.54,0.9818350166906862,1000.0,1,0.0,0.0,0.0,0.0
1315,1927,2,0.84,0.0,0.54,0.9985990186255942,1000.0,1,0.0,0.0,0.0,0.0
1316,1928,2,0.86,0.0,0.54,1.0154801819828883,1000.0,1,0.0,0.0,0.0,0.0
1317,1929,2,0.88,0.0,0.54,1.0324727599312244,1000.0,1,0.0,0.0,0.0,0.0
1318,1930,2,0.9,0.0,0.54,1.049571341072154,1000.0,1,0.0,0.0,0.0,0.0
1319,1931,2,0.92,0.0,0.54,1.066770828247567,1000.0,1,0.0,0.0,0.0,0.0
1320,1932,2,0.94,0.0,0.54,1.0840664186294122,1000.0,1,0.0,0.0,0.0,0.0
1321,1933,2,0.96,0.0,0.54,1.101453585041149,1000.0,1,0.0,0.0,0.0,0.0
1322,1934,2,0.98,0.0,0.54,1.1189280584559491,1000.0,1,0.0,0.0,0.0,0.0
1323,1935,2,0.02,0.0,0.56,0.560357029044876,1000.0,1,0.0,0.0,0.0,0.0
1324,1936,2,0.04,0.0,0.56,0.5614267539047281,1000.0,1,0.0,0.0,0.0,0.0
1325,1937,2,0.06,0.0,0.56,0.563205113613149,1000.0,1,0.0,0.0,0.0,0.0
1326,1938,2,0.08,0.0,0.56,0.5656854249492381,1000.0,1,0.0,0.0,0.0,0.0
1327,1939,2,0.1,0.0,0.56,0.5688585061331157,1000.0,1,0.0,0.0,0.0,0.0
1328,1940,2,0.12,0.0,0.56,0.5727128425310541,1000.0,1,0.0,0.0,0.0,0.0
1329,1941,2,0.14,0.0,0.56,0.5772347875864725,1000.0,1,0.0,0.0,0.0,0.0
1330,1942,2,0.16,0.0,0.56,0.5824087911424415,1000.0,1,0.0,0.0,0.0,0.0
1331,1943,2,0.18,0.0,0.56,0.5882176467941097,1000.0,1,0.0,0.0,0.0,0.0
1332,1944,2,0.2,0.0,0.56,0.5946427498927402,1000.0,1,0.0,0.0,0.0,0.0
1333,1945,2,0.22,0.0,0.56,0.6016643582596529,1000.0,1,0.0,0.0,0.0,0.0
1334,1946,2,0.24,0.0,0.56,0.6092618484691127,1000.0,1,0.0,0.0,0.0,0.0
1335,1947,2,0.26,0.0,0.56,0.6174139616173253,1000.0,1,0.0,0.0,0.0,0.0
1336,1948,2,0.28,0.0,0.56,0.6260990336999411,1000.0,1,0.0,0.0,0.0,0.0
1337,1949,2,0.3,0.0,0.56,0.6352952069707437,1000.0,1,0.0,0.0,0.0,0.0
1338,1950,2,0.32,0.0,0.56,0.644980619863884,1000.0,1,0.0,0.0,0.0,0.0
1339,1951,2,0.34,0.0,0.56,0.6551335741663681,1000.0,1,0.0,0.0,0.0,0.0
1340,1952,2,0.36,0.0,0.56,0.6657326790837296,1000.0,1,0.0,0.0,0.0,0.0
1341,1953,2,0.38,0.0,0.56,0.6767569726275453,1000.0,1,0.0,0.0,0.0,0.0
1342,1954,2,0.4,0.0,0.56,0.6881860213634102,1000.0,1,0.0,0.0,0.0,0.0
1343,1955,2,0.42,0.0,0.56,0.7,1000.0,1,0.0,0.0,0.0,0.0
1344,1956,2,0.44,0.0,0.56,0.7121797525905943,1000.0,1,0.0,0.0,0.0,0.0
1345,1957,2,0.46,0.0,0.56,0.7247068372797376,1000.0,1,0.0,0.0,0.0,0.0
1346,1958,2,0.48,0.0,0.56,0.737563556583431,1000.0,1,0.0,0.0,0.0,0.0
1347,1959,2,0.5,0.0,0.56,0.7507329751649384,1000.0,1,0.0,0.0,0.0,0.0
1348,1960,2,0.52,0.0,0.56,0.7641989269817121,1000.0,1,0.0,0.0,0.0,0.0
1349,1961,2,0.54,0.0,0.56,0.7779460135510691,1000.0,1,0.0,0.0,0.0,0.0
1350,1962,2,0.56,0.0,0.56,0.7919595949289333,1000.0,1,0.0,0.0,0.0,0.0
1351,1963,2,0.58,0.0,0.56,0.806225774829855,1000.0,1,0.0,0.0,0.0,0.0
1352,1964,2,0.6,0.0,0.56,0.8207313811473276,1000.0,1,0.0,0.0,0.0,0.0
1353,1965,2,0.62,0.0,0.56,0.8354639429682169,1000.0,1,0.0,0.0,0.0,0.0
1354,1966,2,0.64,0.0,0.56,0.850411665018772,1000.0,1,0.0,0.0,0.0,0.0
1355,1967,2,0.66,0.0,0.56,0.8655634003352961,1000.0,1,0.0,0.0,0.0,0.0
1356,1968,2,0.68,0.0,0.56,0.8809086218218097,1000.0,1,0.0,0.0,0.0,0.0
1357,1969,2,0.7,0.0,0.56,0.8964373932405988,1000.0,1,0.0,0.0,0.0,0.0
1358,1970,2,0.72,0.0,0.56,0.9121403400793104,1000.0,1,0.0,0.0,0.0,0.0
1359,1971,2,0.74,0.0,0.56,0.9280086206496144,1000.0,1,0.0,0.0,0.0,0.0
1360,1972,2,0.76,0.0,0.56,0.9440338976964757,1000.0,1,0.0,0.0,0.0,0.0
1361,1973,2,0.78,0.0,0.56,0.9602083107326244,1000.0,1,0.0,0.0,0.0,0.0
1362,1974,2,0.8,0.0,0.56,0.9765244492586963,1000.0,1,0.0,0.0,0.0,0.0
1363,1975,2,0.82,0.0,0.56,0.9929753269845127,1000.0,1,0.0,0.0,0.0,0.0
1364,1976,2,0.84,0.0,0.56,1.009554357129917,1000.0,1,0.0,0.0,0.0,0.0
1365,1977,2,0.86,0.0,0.56,1.0262553288533998,1000.0,1,0.0,0.0,0.0,0.0
1366,1978,2,0.88,0.0,0.56,1.043072384832424,1000.0,1,0.0,0.0,0.0,0.0
1367,1979,2,0.9,0.0,0.56,1.06,1000.0,1,0.0,0.0,0.0,0.0
1368,1980,2,0.92,0.0,0.56,1.077032961426901,1000.0,1,0.0,0.0,0.0,0.0
1369,1981,2,0.94,0.0,0.56,1.0941663493271945,1000.0,1,0.0,0.0,0.0,0.0
1370,1982,2,0.96,0.0,0.56,1.1113955191559843,1000.0,1,0.0,0.0,0.0,0.0
1371,1983,2,0.98,0.0,0.56,1.128716084761797,1000.0,1,0.0,0.0,0.0,0.0
1372,1984,2,0.02,0.0,0.58,0.5803447251418763,1000.0,1,0.0,0.0,0.0,0.0
1373,1985,2,0.04,0.0,0.58,0.5813776741499453,1000.0,1,0.0,0.0,0.0,0.0
1374,1986,2,0.06,0.0,0.58,0.58309518948453,1000.0,1,0.0,0.0,0.0,0.0
1375,1987,2,0.08,0.0,0.58,0.5854912467321779,1000.0,1,0.0,0.0,0.0,0.0
1376,1988,2,0.1,0.0,0.58,0.5885575587824864,1000.0,1,0.0,0.0,0.0,0.0
1377,1989,2,0.12,0.0,0.58,0.5922837157984339,1000.0,1,0.0,0.0,0.0,0.0
1378,1990,2,0.14,0.0,0.58,0.5966573556070519,1000.0,1,0.0,0.0,0.0,0.0
1379,1991,2,0.16,0.0,0.58,0.6016643582596529,1000.0,1,0.0,0.0,0.0,0.0
1380,1992,2,0.18,0.0,0.58,0.6072890580275591,1000.0,1,0.0,0.0,0.0,0.0
1381,1993,2,0.2,0.0,0.58,0.6135144660071187,1000.0,1,0.0,0.0,0.0,0.0
1382,1994,2,0.22,0.0,0.58,0.6203224967708328,1000.0,1,0.0,0.0,0.0,0.0
1383,1995,2,0.24,0.0,0.58,0.6276941930590086,1000.0,1,0.0,0.0,0.0,0.0
1384,1996,2,0.26,0.0,0.58,0.6356099432828282,1000.0,1,0.0,0.0,0.0,0.0
1385,1997,2,0.28,0.0,0.58,0.6440496875241848,1000.0,1,0.0,0.0,0.0,0.0
1386,1998,2,0.3,0.0,0.58,0.6529931086925803,1000.0,1,0.0,0.0,0.0,0.0
1387,1999,2,0.32,0.0,0.58,0.6624198064671677,1000.0,1,0.0,0.0,0.0,0.0
1388,2000,2,0.34,0.0,0.58,0.6723094525588644,1000.0,1,0.0,0.0,0.0,0.0
1389,2001,2,0.36,0.0,0.58,0.6826419266350404,1000.0,1,0.0,0.0,0.0,0.0
1390,2002,2,0.38,0.0,0.58,0.6933974329343886,1000.0,1,0.0,0.0,0.0,0.0
1391,2003,2,0.4,0.0,0.58,0.7045565981523415,1000.0,1,0.0,0.0,0.0,0.0
1392,2004,2,0.42,0.0,0.58,0.7161005515987262,1000.0,1,0.0,0.0,0.0,0.0
1393,2005,2,0.44,0.0,0.58,0.7280109889280518,1000.0,1,0.0,0.0,0.0,0.0
1394,2006,2,0.46,0.0,0.58,0.7402702209328699,1000.0,1,0.0,0.0,0.0,0.0
1395,2007,2,0.48,0.0,0.58,0.7528612089887484,1000.0,1,0.0,0.0,0.0,0.0
1396,2008,2,0.5,0.0,0.58,0.7657675887630659,1000.0,1,0.0,0.0,0.0,0.0
1397,2009,2,0.52,0.0,0.58,0.7789736837660178,1000.0,1,0.0,0.0,0.0,0.0
1398,2010,2,0.54,0.0,0.58,0.792464510246358,1000.0,1,0.0,0.0,0.0,0.0
1399,2011,2,0.56,0.0,0.58,0.806225774829855,1000.0,1,0.0,0.0,0.0,0.0
1400,2012,2,0.58,0.0,0.58,0.8202438661763951,1000.0,1,0.0,0.0,0.0,0.0
1401,2013,2,0.6,0.0,0.58,0.8345058418010025,1000.0,1,0.0,0.0,0.0,0.0
1402,2014,2,0.62,0.0,0.58,0.848999411071645,1000.0,1,0.0,0.0,0.0,0.0
1403,2015,2,0.64,0.0,0.58,0.8637129152675673,1000.0,1,0.0,0.0,0.0,0.0
1404,2016,2,0.66,0.0,0.58,0.8786353054595518,1000.0,1,0.0,0.0,0.0,0.0
1405,2017,2,0.68,0.0,0.58,0.8937561188601733,1000.0,1,0.0,0.0,0.0,0.0
1406,2018,2,0.7,0.0,0.58,0.9090654541890809,1000.0,1,0.0,0.0,0.0,0.0
1407,2019,2,0.72,0.0,0.58,0.9245539465060976,1000.0,1,0.0,0.0,0.0,0.0
1408,2020,2,0.74,0.0,0.58,0.9402127418834526,1000.0,1,0.0,0.0,0.0,0.0
1409,2021,2,0.76,0.0,0.58,0.9560334722173696,1000.0,1,0.0,0.0,0.0,0.0
1410,2022,2,0.78,0.0,0.58,0.9720082304178294,1000.0,1,0.0,0.0,0.0,0.0
1411,2023,2,0.8,0.0,0.58,0.9881295461628501,1000.0,1,0.0,0.0,0.0,0.0
1412,2024,2,0.82,0.0,0.58,1.0043903623591774,1000.0,1,0.0,0.0,0.0,0.0
1413,2025,2,0.84,0.0,0.58,1.0207840124139875,1000.0,1,0.0,0.0,0.0,0.0
1414,2026,2,0.86,0.0,0.58,1.037304198391195,1000.0,1,0.0,0.0,0.0,0.0
1415,2027,2,0.88,0.0,0.58,1.0539449701004318,1000.0,1,0.0,0.0,0.0,0.0
1416,2028,2,0.9,0.0,0.58,1.0707007051459339,1000.0,1,0.0,0.0,0.0,0.0
1417,2029,2,0.92,0.0,0.58,1.087566089945802,1000.0,1,0.0,0.0,0.0,0.0
1418,2030,2,0.94,0.0,0.58,1.104536101718726,1000.0,1,0.0,0.0,0.0,0.0
1419,2031,2,0.96,0.0,0.58,1.1216059914247962,1000.0,1,0.0,0.0,0.0,0.0
1420,2032,2,0.98,0.0,0.58,1.1387712676389408,1000.0,1,0.0,0.0,0.0,0.0
1421,2033,2,0.02,0.0,0.6,0.6003332407921453,1000.0,1,0.0,0.0,0.0,0.0
1422,2034,2,0.04,0.0,0.6,0.6013318551349163,1000.0,1,0.0,0.0,0.0,0.0
1423,2035,2,0.06,0.0,0.6,0.6029925372672534,1000.0,1,0.0,0.0,0.0,0.0
1424,2036,2,0.08,0.0,0.6,0.6053098380168622,1000.0,1,0.0,0.0,0.0,0.0
1425,2037,2,0.1,0.0,0.6,0.6082762530298219,1000.0,1,0.0,0.0,0.0,0.0
1426,2038,2,0.12,0.0,0.6,0.6118823416311342,1000.0,1,0.0,0.0,0.0,0.0
1427,2039,2,0.14,0.0,0.6,0.6161168720299746,1000.0,1,0.0,0.0,0.0,0.0
1428,2040,2,0.16,0.0,0.6,0.6209669878504009,1000.0,1,0.0,0.0,0.0,0.0
1429,2041,2,0.18,0.0,0.6,0.626418390534633,1000.0,1,0.0,0.0,0.0,0.0
1430,2042,2,0.2,0.0,0.6,0.6324555320336759,1000.0,1,0.0,0.0,0.0,0.0
1431,2043,2,0.22,0.0,0.6,0.6390618123468182,1000.0,1,0.0,0.0,0.0,0.0
1432,2044,2,0.24,0.0,0.6,0.6462197768561405,1000.0,1,0.0,0.0,0.0,0.0
1433,2045,2,0.26,0.0,0.6,0.6539113089708726,1000.0,1,0.0,0.0,0.0,0.0
1434,2046,2,0.28,0.0,0.6,0.6621178142898739,1000.0,1,0.0,0.0,0.0,0.0
1435,2047,2,0.3,0.0,0.6,0.6708203932499369,1000.0,1,0.0,0.0,0.0,0.0
1436,2048,2,0.32,0.0,0.6,0.6799999999999999,1000.0,1,0.0,0.0,0.0,0.0
1437,2049,2,0.34,0.0,0.6,0.6896375859826667,1000.0,1,0.0,0.0,0.0,0.0
1438,2050,2,0.36,0.0,0.6,0.6997142273814361,1000.0,1,0.0,0.0,0.0,0.0
1439,2051,2,0.38,0.0,0.6,0.7102112361825881,1000.0,1,0.0,0.0,0.0,0.0
1440,2052,2,0.4,0.0,0.6,0.7211102550927979,1000.0,1,0.0,0.0,0.0,0.0
1441,2053,2,0.42,0.0,0.6,0.7323933369440222,1000.0,1,0.0,0.0,0.0,0.0
1442,2054,2,0.44,0.0,0.6,0.744043009509531,1000.0,1,0.0,0.0,0.0,0.0
1443,2055,2,0.46,0.0,0.6,0.756042326857432,1000.0,1,0.0,0.0,0.0,0.0
1444,2056,2,0.48,0.0,0.6,0.7683749084919419,1000.0,1,0.0,0.0,0.0,0.0
1445,2057,2,0.5,0.0,0.6,0.7810249675906654,1000.0,1,0.0,0.0,0.0,0.0
1446,2058,2,0.52,0.0,0.6,0.7939773296511684,1000.0,1,0.0,0.0,0.0,0.0
1447,2059,2,0.54,0.0,0.6,0.8072174428244225,1000.0,1,0.0,0.0,0.0,0.0
1448,2060,2,0.56,0.0,0.6,0.8207313811473276,1000.0,1,0.0,0.0,0.0,0.0
1449,2061,2,0.58,0.0,0.6,0.8345058418010025,1000.0,1,0.0,0.0,0.0,0.0
1450,2062,2,0.6,0.0,0.6,0.848528137423857,1000.0,1,0.0,0.0,0.0,0.0
1451,2063,2,0.62,0.0,0.6,0.8627861844049196,1000.0,1,0.0,0.0,0.0,0.0
1452,2064,2,0.64,0.0,0.6,0.8772684879784524,1000.0,1,0.0,0.0,0.0,0.0
1453,2065,2,0.66,0.0,0.6,0.8919641248391104,1000.0,1,0.0,0.0,0.0,0.0
1454,2066,2,0.68,0.0,0.6,0.9068627239003707,1000.0,1,0.0,0.0,0.0,0.0
1455,2067,2,0.7,0.0,0.6,0.9219544457292886,1000.0,1,0.0,0.0,0.0,0.0
1456,2068,2,0.72,0.0,0.6,0.9372299611087985,1000.0,1,0.0,0.0,0.0,0.0
1457,2069,2,0.74,0.0,0.6,0.9526804291051643,1000.0,1,0.0,0.0,0.0,0.0
1458,2070,2,0.76,0.0,0.6,0.9682974749528164,1000.0,1,0.0,0.0,0.0,0.0
1459,2071,2,0.78,0.0,0.6,0.9840731680114035,1000.0,1,0.0,0.0,0.0,0.0
1460,2072,2,0.8,0.0,0.6,1.0,1000.0,1,0.0,0.0,0.0,0.0
1461,2073,2,0.82,0.0,0.6,1.016070863670443,1000.0,1,0.0,0.0,0.0,0.0
1462,2074,2,0.84,0.0,0.6,1.0322790320451152,1000.0,1,0.0,0.0,0.0,0.0
1463,2075,2,0.86,0.0,0.6,1.0486181383134663,1000.0,1,0.0,0.0,0.0,0.0
1464,2076,2,0.88,0.0,0.6,1.0650821564555477,1000.0,1,0.0,0.0,0.0,0.0
1465,2077,2,0.9,0.0,0.6,1.0816653826391966,1000.0,1,0.0,0.0,0.0,0.0
1466,2078,2,0.92,0.0,0.6,1.0983624174196784,1000.0,1,0.0,0.0,0.0,0.0
1467,2079,2,0.94,0.0,0.6,1.1151681487560519,1000.0,1,0.0,0.0,0.0,0.0
1468,2080,2,0.96,0.0,0.6,1.1320777358467924,1000.0,1,0.0,0.0,0.0,0.0
1469,2081,2,0.98,0.0,0.6,1.1490865937778578,1000.0,1,0.0,0.0,0.0,0.0
1470,2082,2,0.02,0.0,0.62,0.620322496770833,1000.0,1,0.0,0.0,0.0,0.0
1471,2083,2,0.04,0.0,0.62,0.6212889826803627,1000.0,1,0.0,0.0,0.0,0.0
1472,2084,2,0.06,0.0,0.62,0.6228964600958975,1000.0,1,0.0,0.0,0.0,0.0
1473,2085,2,0.08,0.0,0.62,0.6251399843235114,1000.0,1,0.0,0.0,0.0,0.0
1474,2086,2,0.1,0.0,0.62,0.6280127387243033,1000.0,1,0.0,0.0,0.0,0.0
1475,2087,2,0.12,0.0,0.62,0.6315061361538779,1000.0,1,0.0,0.0,0.0,0.0
1476,2088,2,0.14,0.0,0.62,0.6356099432828282,1000.0,1,0.0,0.0,0.0,0.0
1477,2089,2,0.16,0.0,0.62,0.6403124237432849,1000.0,1,0.0,0.0,0.0,0.0
1478,2090,2,0.18,0.0,0.62,0.6456004956627589,1000.0,1,0.0,0.0,0.0,0.0
1479,2091,2,0.2,0.0,0.62,0.6514598989960932,1000.0,1,0.0,0.0,0.0,0.0
1480,2092,2,0.22,0.0,0.62,0.657875368135941,1000.0,1,0.0,0.0,0.0,0.0
1481,2093,2,0.24,0.0,0.62,0.6648308055437865,1000.0,1,0.0,0.0,0.0,0.0
1482,2094,2,0.26,0.0,0.62,0.6723094525588644,1000.0,1,0.0,0.0,0.0,0.0
1483,2095,2,0.28,0.0,0.62,0.680294054067798,1000.0,1,0.0,0.0,0.0,0.0
1484,2096,2,0.3,0.0,0.62,0.6887670143089026,1000.0,1,0.0,0.0,0.0,0.0
1485,2097,2,0.32,0.0,0.62,0.6977105417004963,1000.0,1,0.0,0.0,0.0,0.0
1486,2098,2,0.34,0.0,0.62,0.7071067811865476,1000.0,1,0.0,0.0,0.0,0.0
1487,2099,2,0.36,0.0,0.62,0.7169379331573968,1000.0,1,0.0,0.0,0.0,0.0
1488,2100,2,0.38,0.0,0.62,0.7271863585079137,1000.0,1,0.0,0.0,0.0,0.0
1489,2101,2,0.4,0.0,0.62,0.7378346698278687,1000.0,1,0.0,0.0,0.0,0.0
1490,2102,2,0.42,0.0,0.62,0.7488658090739622,1000.0,1,0.0,0.0,0.0,0.0
1491,2103,2,0.44,0.0,0.62,0.7602631123499285,1000.0,1,0.0,0.0,0.0,0.0
1492,2104,2,0.46,0.0,0.62,0.7720103626247513,1000.0,1,0.0,0.0,0.0,0.0
1493,2105,2,0.48,0.0,0.62,0.7840918313565064,1000.0,1,0.0,0.0,0.0,0.0
1494,2106,2,0.5,0.0,0.62,0.7964923100695951,1000.0,1,0.0,0.0,0.0,0.0
1495,2107,2,0.52,0.0,0.62,0.8091971329657563,1000.0,1,0.0,0.0,0.0,0.0
1496,2108,2,0.54,0.0,0.62,0.8221921916437787,1000.0,1,0.0,0.0,0.0,0.0
1497,2109,2,0.56,0.0,0.62,0.8354639429682169,1000.0,1,0.0,0.0,0.0,0.0
1498,2110,2,0.58,0.0,0.62,0.848999411071645,1000.0,1,0.0,0.0,0.0,0.0
1499,2111,2,0.6,0.0,0.62,0.8627861844049196,1000.0,1,0.0,0.0,0.0,0.0
1500,2112,2,0.62,0.0,0.62,0.8768124086713189,1000.0,1,0.0,0.0,0.0,0.0
1501,2113,2,0.64,0.0,0.62,0.8910667763978186,1000.0,1,0.0,0.0,0.0,0.0
1502,2114,2,0.66,0.0,0.62,0.9055385138137417,1000.0,1,0.0,0.0,0.0,0.0
1503,2115,2,0.68,0.0,0.62,0.9202173656261873,1000.0,1,0.0,0.0,0.0,0.0
1504,2116,2,0.7,0.0,0.62,0.9350935782048767,1000.0,1,0.0,0.0,0.0,0.0
1505,2117,2,0.72,0.0,0.62,0.9501578816175763,1000.0,1,0.0,0.0,0.0,0.0
1506,2118,2,0.74,0.0,0.62,0.9654014708917735,1000.0,1,0.0,0.0,0.0,0.0
1507,2119,2,0.76,0.0,0.62,0.9808159868191383,1000.0,1,0.0,0.0,0.0,0.0
1508,2120,2,0.78,0.0,0.62,0.9963934965664921,1000.0,1,0.0,0.0,0.0,0.0
1509,2121,2,0.8,0.0,0.62,1.0121264743103997,1000.0,1,0.0,0.0,0.0,0.0
1510,2122,2,0.82,0.0,0.62,1.0280077820717117,1000.0,1,0.0,0.0,0.0,0.0
1511,2123,2,0.84,0.0,0.62,1.0440306508910548,1000.0,1,0.0,0.0,0.0,0.0
1512,2124,2,0.86,0.0,0.62,1.0601886624558856,1000.0,1,0.0,0.0,0.0,0.0
1513,2125,2,0.88,0.0,0.62,1.0764757312638311,1000.0,1,0.0,0.0,0.0,0.0
1514,2126,2,0.9,0.0,0.62,1.09288608738514,1000.0,1,0.0,0.0,0.0,0.0
1515,2127,2,0.92,0.0,0.62,1.1094142598686931,1000.0,1,0.0,0.0,0.0,0.0
1516,2128,2,0.94,0.0,0.62,1.1260550608207398,1000.0,1,0.0,0.0,0.0,0.0
1517,2129,2,0.96,0.0,0.62,1.1428035701729322,1000.0,1,0.0,0.0,0.0,0.0
1518,2130,2,0.98,0.0,0.62,1.1596551211459378,1000.0,1,0.0,0.0,0.0,0.0
1519,2131,2,0.02,0.0,0.64,0.6403124237432849,1000.0,1,0.0,0.0,0.0,0.0
1520,2132,2,0.04,0.0,0.64,0.6412487816752559,1000.0,1,0.0,0.0,0.0,0.0
1521,2133,2,0.06,0.0,0.64,0.6428063471995279,1000.0,1,0.0,0.0,0.0,0.0
1522,2134,2,0.08,0.0,0.64,0.644980619863884,1000.0,1,0.0,0.0,0.0,0.0
1523,2135,2,0.1,0.0,0.64,0.647765389628066,1000.0,1,0.0,0.0,0.0,0.0
1524,2136,2,0.12,0.0,0.64,0.6511528238439883,1000.0,1,0.0,0.0,0.0,0.0
1525,2137,2,0.14,0.0,0.64,0.655133574166368,1000.0,1,0.0,0.0,0.0,0.0
1526,2138,2,0.16,0.0,0.64,0.6596969000988258,1000.0,1,0.0,0.0,0.0,0.0
1527,2139,2,0.18,0.0,0.64,0.6648308055437865,1000.0,1,0.0,0.0,0.0,0.0
1528,2140,2,0.2,0.0,0.64,0.6705221845696084,1000.0,1,0.0,0.0,0.0,0.0
1529,2141,2,0.22,0.0,0.64,0.6767569726275452,1000.0,1,0.0,0.0,0.0,0.0
1530,2142,2,0.24,0.0,0.64,0.6835202996254025,1000.0,1,0.0,0.0,0.0,0.0
1531,2143,2,0.26,0.0,0.64,0.6907966415668217,1000.0,1,0.0,0.0,0.0,0.0
1532,2144,2,0.28,0.0,0.64,0.6985699678629192,1000.0,1,0.0,0.0,0.0,0.0
1533,2145,2,0.3,0.0,0.64,0.7068238818828917,1000.0,1,0.0,0.0,0.0,0.0
1534,2146,2,0.32,0.0,0.64,0.7155417527999327,1000.0,1,0.0,0.0,0.0,0.0
1535,2147,2,0.34,0.0,0.64,0.7247068372797375,1000.0,1,0.0,0.0,0.0,0.0
1536,2148,2,0.36,0.0,0.64,0.7343023900274328,1000.0,1,0.0,0.0,0.0,0.0
1537,2149,2,0.38,0.0,0.64,0.7443117626371358,1000.0,1,0.0,0.0,0.0,0.0
1538,2150,2,0.4,0.0,0.64,0.7547184905645283,1000.0,1,0.0,0.0,0.0,0.0
1539,2151,2,0.42,0.0,0.64,0.7655063683601855,1000.0,1,0.0,0.0,0.0,0.0
1540,2152,2,0.44,0.0,0.64,0.776659513557904,1000.0,1,0.0,0.0,0.0,0.0
1541,2153,2,0.46,0.0,0.64,0.7881624198095212,1000.0,1,0.0,0.0,0.0,0.0
1542,2154,2,0.48,0.0,0.64,0.8,1000.0,1,0.0,0.0,0.0,0.0
1543,2155,2,0.5,0.0,0.64,0.8121576201698781,1000.0,1,0.0,0.0,0.0,0.0
1544,2156,2,0.52,0.0,0.64,0.8246211251235321,1000.0,1,0.0,0.0,0.0,0.0
1545,2157,2,0.54,0.0,0.64,0.8373768566183329,1000.0,1,0.0,0.0,0.0,0.0
1546,2158,2,0.56,0.0,0.64,0.850411665018772,1000.0,1,0.0,0.0,0.0,0.0
1547,2159,2,0.58,0.0,0.64,0.8637129152675673,1000.0,1,0.0,0.0,0.0,0.0
1548,2160,2,0.6,0.0,0.64,0.8772684879784524,1000.0,1,0.0,0.0,0.0,0.0
1549,2161,2,0.62,0.0,0.64,0.8910667763978186,1000.0,1,0.0,0.0,0.0,0.0
1550,2162,2,0.64,0.0,0.64,0.9050966799187808,1000.0,1,0.0,0.0,0.0,0.0
1551,2163,2,0.66,0.0,0.64,0.9193475947648964,1000.0,1,0.0,0.0,0.0,0.0
1552,2164,2,0.68,0.0,0.64,0.9338094023943002,1000.0,1,0.0,0.0,0.0,0.0
1553,2165,2,0.7,0.0,0.64,0.94847245611035,1000.0,1,0.0,0.0,0.0,0.0
1554,2166,2,0.72,0.0,0.64,0.9633275663033836,1000.0,1,0.0,0.0,0.0,0.0
1555,2167,2,0.74,0.0,0.64,0.9783659846908007,1000.0,1,0.0,0.0,0.0,0.0
1556,2168,2,0.76,0.0,0.64,0.9935793878699377,1000.0,1,0.0,0.0,0.0,0.0
1557,2169,2,0.78,0.0,0.64,1.0089598604503551,1000.0,1,0.0,0.0,0.0,0.0
1558,2170,2,0.8,0.0,0.64,1.0244998779892558,1000.0,1,0.0,0.0,0.0,0.0
1559,2171,2,0.82,0.0,0.64,1.0401922899156675,1000.0,1,0.0,0.0,0.0,0.0
1560,2172,2,0.84,0.0,0.64,1.0560303025955269,1000.0,1,0.0,0.0,0.0,0.0
1561,2173,2,0.86,0.0,0.64,1.0720074626605918,1000.0,1,0.0,0.0,0.0,0.0
1562,2174,2,0.88,0.0,0.64,1.0881176406988355,1000.0,1,0.0,0.0,0.0,0.0
1563,2175,2,0.9,0.0,0.64,1.1043550153822819,1000.0,1,0.0,0.0,0.0,0.0
1564,2176,2,0.92,0.0,0.64,1.1207140580897519,1000.0,1,0.0,0.0,0.0,0.0
1565,2177,2,0.94,0.0,0.64,1.1371895180663598,1000.0,1,0.0,0.0,0.0,0.0
1566,2178,2,0.96,0.0,0.64,1.1537764081484765,1000.0,1,0.0,0.0,0.0,0.0
1567,2179,2,0.98,0.0,0.64,1.1704699910719625,1000.0,1,0.0,0.0,0.0,0.0
1568,2180,2,0.02,0.0,0.66,0.6603029607687672,1000.0,1,0.0,0.0,0.0,0.0
1569,2181,2,0.04,0.0,0.66,0.6612110101926616,1000.0,1,0.0,0.0,0.0,0.0
1570,2182,2,0.06,0.0,0.66,0.6627216610312356,1000.0,1,0.0,0.0,0.0,0.0
1571,2183,2,0.08,0.0,0.66,0.6648308055437865,1000.0,1,0.0,0.0,0.0,0.0
1572,2184,2,0.1,0.0,0.66,0.6675327707311455,1000.0,1,0.0,0.0,0.0,0.0
1573,2185,2,0.12,0.0,0.66,0.6708203932499369,1000.0,1,0.0,0.0,0.0,0.0
1574,2186,2,0.14,0.0,0.66,0.67468511173732,1000.0,1,0.0,0.0,0.0,0.0
1575,2187,2,0.16,0.0,0.66,0.6791170738539858,1000.0,1,0.0,0.0,0.0,0.0
1576,2188,2,0.18,0.0,0.66,0.6841052550594828,1000.0,1,0.0,0.0,0.0,0.0
1577,2189,2,0.2,0.0,0.66,0.6896375859826667,1000.0,1,0.0,0.0,0.0,0.0
1578,2190,2,0.22,0.0,0.66,0.6957010852370434,1000.0,1,0.0,0.0,0.0,0.0
1579,2191,2,0.24,0.0,0.66,0.7022819946431775,1000.0,1,0.0,0.0,0.0,0.0
1580,2192,2,0.26,0.0,0.66,0.7093659140387281,1000.0,1,0.0,0.0,0.0,0.0
1581,2193,2,0.28,0.0,0.66,0.7169379331573968,1000.0,1,0.0,0.0,0.0,0.0
1582,2194,2,0.3,0.0,0.66,0.7249827584156744,1000.0,1,0.0,0.0,0.0,0.0
1583,2195,2,0.32,0.0,0.66,0.73348483283569,1000.0,1,0.0,0.0,0.0,0.0
1584,2196,2,0.34,0.0,0.66,0.7424284477308234,1000.0,1,0.0,0.0,0.0,0.0
1585,2197,2,0.36,0.0,0.66,0.7517978451685001,1000.0,1,0.0,0.0,0.0,0.0
1586,2198,2,0.38,0.0,0.66,0.7615773105863909,1000.0,1,0.0,0.0,0.0,0.0
1587,2199,2,0.4,0.0,0.66,0.7717512552629896,1000.0,1,0.0,0.0,0.0,0.0
1588,2200,2,0.42,0.0,0.66,0.7823042886243179,1000.0,1,0.0,0.0,0.0,0.0
1589,2201,2,0.44,0.0,0.66,0.7932212806020776,1000.0,1,0.0,0.0,0.0,0.0
1590,2202,2,0.46,0.0,0.66,0.8044874144447507,1000.0,1,0.0,0.0,0.0,0.0
1591,2203,2,0.48,0.0,0.66,0.8160882305241266,1000.0,1,0.0,0.0,0.0,0.0
1592,2204,2,0.5,0.0,0.66,0.8280096617793781,1000.0,1,0.0,0.0,0.0,0.0
1593,2205,2,0.52,0.0,0.66,0.8402380615040003,1000.0,1,0.0,0.0,0.0,0.0
1594,2206,2,0.54,0.0,0.66,0.8527602242131138,1000.0,1,0.0,0.0,0.0,0.0
1595,2207,2,0.56,0.0,0.66,0.8655634003352961,1000.0,1,0.0,0.0,0.0,0.0
1596,2208,2,0.58,0.0,0.66,0.8786353054595518,1000.0,1,0.0,0.0,0.0,0.0
1597,2209,2,0.6,0.0,0.66,0.8919641248391104,1000.0,1,0.0,0.0,0.0,0.0
1598,2210,2,0.62,0.0,0.66,0.9055385138137417,1000.0,1,0.0,0.0,0.0,0.0
1599,2211,2,0.64,0.0,0.66,0.9193475947648964,1000.0,1,0.0,0.0,0.0,0.0
1600,2212,2,0.66,0.0,0.66,0.9333809511662428,1000.0,1,0.0,0.0,0.0,0.0
1601,2213,2,0.68,0.0,0.66,0.9476286192385708,1000.0,1,0.0,0.0,0.0,0.0
1602,2214,2,0.7,0.0,0.66,0.9620810776644555,1000.0,1,0.0,0.0,0.0,0.0
1603,2215,2,0.72,0.0,0.66,0.9767292357659824,1000.0,1,0.0,0.0,0.0,0.0
1604,2216,2,0.74,0.0,0.66,0.9915644204992432,1000.0,1,0.0,0.0,0.0,0.0
1605,2217,2,0.76,0.0,0.66,1.0065783625729297,1000.0,1,0.0,0.0,0.0,0.0
1606,2218,2,0.78,0.0,0.66,1.0217631819555841,1000.0,1,0.0,0.0,0.0,0.0
1607,2219,2,0.8,0.0,0.66,1.037111372997134,1000.0,1,0.0,0.0,0.0,0.0
1608,2220,2,0.82,0.0,0.66,1.0526157893552612,1000.0,1,0.0,0.0,0.0,0.0
1609,2221,2,0.84,0.0,0.66,1.0682696288858913,1000.0,1,0.0,0.0,0.0,0.0
1610,2222,2,0.86,0.0,0.66,1.0840664186294122,1000.0,1,0.0,0.0,0.0,0.0
1611,2223,2,0.88,0.0,0.66,1.1,1000.0,1,0.0,0.0,0.0,0.0
1612,2224,2,0.9,0.0,0.66,1.1160645142642964,1000.0,1,0.0,0.0,0.0,0.0
1613,2225,2,0.92,0.0,0.66,1.132254388377453,1000.0,1,0.0,0.0,0.0,0.0
1614,2226,2,0.94,0.0,0.66,1.1485643212288983,1000.0,1,0.0,0.0,0.0,0.0
1615,2227,2,0.96,0.0,0.66,1.1649892703368558,1000.0,1,0.0,0.0,0.0,0.0
1616,2228,2,0.98,0.0,0.66,1.1815244390193542,1000.0,1,0.0,0.0,0.0,0.0
1617,2229,2,0.02,0.0,0.68,0.680294054067798,1000.0,1,0.0,0.0,0.0,0.0
1618,2230,2,0.04,0.0,0.68,0.6811754546370561,1000.0,1,0.0,0.0,0.0,0.0
1619,2231,2,0.06,0.0,0.68,0.6826419266350405,1000.0,1,0.0,0.0,0.0,0.0
1620,2232,2,0.08,0.0,0.68,0.6846897107449477,1000.0,1,0.0,0.0,0.0,0.0
1621,2233,2,0.1,0.0,0.68,0.6873136110975834,1000.0,1,0.0,0.0,0.0,0.0
1622,2234,2,0.12,0.0,0.68,0.6905070600652828,1000.0,1,0.0,0.0,0.0,0.0
1623,2235,2,0.14,0.0,0.68,0.6942621983083913,1000.0,1,0.0,0.0,0.0,0.0
1624,2236,2,0.16,0.0,0.68,0.6985699678629192,1000.0,1,0.0,0.0,0.0,0.0
1625,2237,2,0.18,0.0,0.68,0.703420215802759,1000.0,1,0.0,0.0,0.0,0.0
1626,2238,2,0.2,0.0,0.68,0.7088018058667741,1000.0,1,0.0,0.0,0.0,0.0
1627,2239,2,0.22,0.0,0.68,0.7147027354082256,1000.0,1,0.0,0.0,0.0,0.0
1628,2240,2,0.24,0.0,0.68,0.7211102550927979,1000.0,1,0.0,0.0,0.0,0.0
1629,2241,2,0.26,0.0,0.68,0.7280109889280519,1000.0,1,0.0,0.0,0.0,0.0
1630,2242,2,0.28,0.0,0.68,0.7353910524340095,1000.0,1,0.0,0.0,0.0,0.0
1631,2243,2,0.3,0.0,0.68,0.743236167042482,1000.0,1,0.0,0.0,0.0,0.0
1632,2244,2,0.32,0.0,0.68,0.7515317691222375,1000.0,1,0.0,0.0,0.0,0.0
1633,2245,2,0.34,0.0,0.68,0.7602631123499285,1000.0,1,0.0,0.0,0.0,0.0
1634,2246,2,0.36,0.0,0.68,0.7694153624668538,1000.0,1,0.0,0.0,0.0,0.0
1635,2247,2,0.38,0.0,0.68,0.7789736837660179,1000.0,1,0.0,0.0,0.0,0.0
1636,2248,2,0.4,0.0,0.68,0.7889233169326408,1000.0,1,0.0,0.0,0.0,0.0
1637,2249,2,0.42,0.0,0.68,0.7992496481075234,1000.0,1,0.0,0.0,0.0,0.0
1638,2250,2,0.44,0.0,0.68,0.8099382692526635,1000.0,1,0.0,0.0,0.0,0.0
1639,2251,2,0.46,0.0,0.68,0.8209750300709517,1000.0,1,0.0,0.0,0.0,0.0
1640,2252,2,0.48,0.0,0.68,0.8323460818673926,1000.0,1,0.0,0.0,0.0,0.0
1641,2253,2,0.5,0.0,0.68,0.8440379138403677,1000.0,1,0.0,0.0,0.0,0.0
1642,2254,2,0.52,0.0,0.68,0.8560373823613079,1000.0,1,0.0,0.0,0.0,0.0
1643,2255,2,0.54,0.0,0.68,0.8683317338436964,1000.0,1,0.0,0.0,0.0,0.0
1644,2256,2,0.56,0.0,0.68,0.8809086218218097,1000.0,1,0.0,0.0,0.0,0.0
1645,2257,2,0.58,0.0,0.68,0.8937561188601733,1000.0,1,0.0,0.0,0.0,0.0
1646,2258,2,0.6,0.0,0.68,0.9068627239003707,1000.0,1,0.0,0.0,0.0,0.0
1647,2259,2,0.62,0.0,0.68,0.9202173656261873,1000.0,1,0.0,0.0,0.0,0.0
1648,2260,2,0.64,0.0,0.68,0.9338094023943002,1000.0,1,0.0,0.0,0.0,0.0
1649,2261,2,0.66,0.0,0.68,0.9476286192385708,1000.0,1,0.0,0.0,0.0,0.0
1650,2262,2,0.68,0.0,0.68,0.9616652224137048,1000.0,1,0.0,0.0,0.0,0.0
1651,2263,2,0.7,0.0,0.68,0.9759098319004682,1000.0,1,0.0,0.0,0.0,0.0
1652,2264,2,0.72,0.0,0.68,0.9903534722511959,1000.0,1,0.0,0.0,0.0,0.0
1653,2265,2,0.74,0.0,0.68,1.004987562112089,1000.0,1,0.0,0.0,0.0,0.0
1654,2266,2,0.76,0.0,0.68,1.019803902718557,1000.0,1,0.0,0.0,0.0,0.0
1655,2267,2,0.78,0.0,0.68,1.0347946656221225,1000.0,1,0.0,0.0,0.0,0.0
1656,2268,2,0.8,0.0,0.68,1.0499523798725352,1000.0,1,0.0,0.0,0.0,0.0
1657,2269,2,0.82,0.0,0.68,1.065269918846862,1000.0,1,0.0,0.0,0.0,0.0
1658,2270,2,0.84,0.0,0.68,1.0807404868885035,1000.0,1,0.0,0.0,0.0,0.0
1659,2271,2,0.86,0.0,0.68,1.0963576058932596,1000.0,1,0.0,0.0,0.0,0.0
1660,2272,2,0.88,0.0,0.68,1.1121151019566275,1000.0,1,0.0,0.0,0.0,0.0
1661,2273,2,0.9,0.0,0.68,1.128007092176286,1000.0,1,0.0,0.0,0.0,0.0
1662,2274,2,0.92,0.0,0.68,1.1440279716860073,1000.0,1,0.0,0.0,0.0,0.0
1663,2275,2,0.94,0.0,0.68,1.1601724009818541,1000.0,1,0.0,0.0,0.0,0.0
1664,2276,2,0.96,0.0,0.68,1.1764352935882194,1000.0,1,0.0,0.0,0.0,0.0
1665,2277,2,0.98,0.0,0.68,1.1928118040998756,1000.0,1,0.0,0.0,0.0,0.0
1666,2278,2,0.02,0.0,0.7,0.7002856560004638,1000.0,1,0.0,0.0,0.0,0.0
1667,2279,2,0.04,0.0,0.7,0.7011419257183241,1000.0,1,0.0,0.0,0.0,0.0
1668,2280,2,0.06,0.0,0.7,0.7025667228100118,1000.0,1,0.0,0.0,0.0,0.0
1669,2281,2,0.08,0.0,0.7,0.7045565981523414,1000.0,1,0.0,0.0,0.0,0.0
1670,2282,2,0.1,0.0,0.7,0.7071067811865475,1000.0,1,0.0,0.0,0.0,0.0
1671,2283,2,0.12,0.0,0.7,0.7102112361825881,1000.0,1,0.0,0.0,0.0,0.0
1672,2284,2,0.14,0.0,0.7,0.7138627319029899,1000.0,1,0.0,0.0,0.0,0.0
1673,2285,2,0.16,0.0,0.7,0.7180529228406496,1000.0,1,0.0,0.0,0.0,0.0
1674,2286,2,0.18,0.0,0.7,0.7227724399837061,1000.0,1,0.0,0.0,0.0,0.0
1675,2287,2,0.2,0.0,0.7,0.7280109889280517,1000.0,1,0.0,0.0,0.0,0.0
1676,2288,2,0.22,0.0,0.7,0.7337574531137656,1000.0,1,0.0,0.0,0.0,0.0
1677,2289,2,0.24,0.0,0.7,0.74,1000.0,1,0.0,0.0,0.0,0.0
1678,2290,2,0.26,0.0,0.7,0.7467261881037788,1000.0,1,0.0,0.0,0.0,0.0
1679,2291,2,0.28,0.0,0.7,0.7539230729988305,1000.0,1,0.0,0.0,0.0,0.0
1680,2292,2,0.3,0.0,0.7,0.7615773105863908,1000.0,1,0.0,0.0,0.0,0.0
1681,2293,2,0.32,0.0,0.7,0.7696752561957543,1000.0,1,0.0,0.0,0.0,0.0
1682,2294,2,0.34,0.0,0.7,0.7782030583337487,1000.0,1,0.0,0.0,0.0,0.0
1683,2295,2,0.36,0.0,0.7,0.7871467461661771,1000.0,1,0.0,0.0,0.0,0.0
1684,2296,2,0.38,0.0,0.7,0.7964923100695951,1000.0,1,0.0,0.0,0.0,0.0
1685,2297,2,0.4,0.0,0.7,0.8062257748298549,1000.0,1,0.0,0.0,0.0,0.0
1686,2298,2,0.42,0.0,0.7,0.816333265278342,1000.0,1,0.0,0.0,0.0,0.0
1687,2299,2,0.44,0.0,0.7,0.8268010643437755,1000.0,1,0.0,0.0,0.0,0.0
1688,2300,2,0.46,0.0,0.7,0.8376156636548769,1000.0,1,0.0,0.0,0.0,0.0
1689,2301,2,0.48,0.0,0.7,0.8487638069569178,1000.0,1,0.0,0.0,0.0,0.0
1690,2302,2,0.5,0.0,0.7,0.8602325267042626,1000.0,1,0.0,0.0,0.0,0.0
1691,2303,2,0.52,0.0,0.7,0.8720091742636656,1000.0,1,0.0,0.0,0.0,0.0
1692,2304,2,0.54,0.0,0.7,0.8840814442120137,1000.0,1,0.0,0.0,0.0,0.0
1693,2305,2,0.56,0.0,0.7,0.8964373932405988,1000.0,1,0.0,0.0,0.0,0.0
1694,2306,2,0.58,0.0,0.7,0.9090654541890809,1000.0,1,0.0,0.0,0.0,0.0
1695,2307,2,0.6,0.0,0.7,0.9219544457292886,1000.0,1,0.0,0.0,0.0,0.0
1696,2308,2,0.62,0.0,0.7,0.9350935782048767,1000.0,1,0.0,0.0,0.0,0.0
1697,2309,2,0.64,0.0,0.7,0.94847245611035,1000.0,1,0.0,0.0,0.0,0.0
1698,2310,2,0.66,0.0,0.7,0.9620810776644555,1000.0,1,0.0,0.0,0.0,0.0
1699,2311,2,0.68,0.0,0.7,0.9759098319004682,1000.0,1,0.0,0.0,0.0,0.0
1700,2312,2,0.7,0.0,0.7,0.9899494936611665,1000.0,1,0.0,0.0,0.0,0.0
1701,2313,2,0.72,0.0,0.7,1.0041912168506553,1000.0,1,0.0,0.0,0.0,0.0
1702,2314,2,0.74,0.0,0.7,1.0186265262597474,1000.0,1,0.0,0.0,0.0,0.0
1703,2315,2,0.76,0.0,0.7,1.0332473082471592,1000.0,1,0.0,0.0,0.0,0.0
1704,2316,2,0.78,0.0,0.7,1.0480458005259121,1000.0,1,0.0,0.0,0.0,0.0
1705,2317,2,0.8,0.0,0.7,1.063014581273465,1000.0,1,0.0,0.0,0.0,0.0
1706,2318,2,0.82,0.0,0.7,1.0781465577554843,1000.0,1,0.0,0.0,0.0,0.0
1707,2319,2,0.84,0.0,0.7,1.0934349546269315,1000.0,1,0.0,0.0,0.0,0.0
1708,2320,2,0.86,0.0,0.7,1.1088733020503287,1000.0,1,0.0,0.0,0.0,0.0
1709,2321,2,0.88,0.0,0.7,1.1244554237496478,1000.0,1,0.0,0.0,0.0,0.0
1710,2322,2,0.9,0.0,0.7,1.140175425099138,1000.0,1,0.0,0.0,0.0,0.0
1711,2323,2,0.92,0.0,0.7,1.156027681329474,1000.0,1,0.0,0.0,0.0,0.0
1712,2324,2,0.94,0.0,0.7,1.1720068259186889,1000.0,1,0.0,0.0,0.0,0.0
1713,2325,2,0.96,0.0,0.7,1.1881077392223316,1000.0,1,0.0,0.0,0.0,0.0
1714,2326,2,0.98,0.0,0.7,1.2043255373859678,1000.0,1,0.0,0.0,0.0,0.0
1715,2327,2,0.02,0.0,0.72,0.7202777242147642,1000.0,1,0.0,0.0,0.0,0.0
1716,2328,2,0.04,0.0,0.72,0.7211102550927979,1000.0,1,0.0,0.0,0.0,0.0
1717,2329,2,0.06,0.0,0.72,0.7224956747275377,1000.0,1,0.0,0.0,0.0,0.0
1718,2330,2,0.08,0.0,0.72,0.7244308110509933,1000.0,1,0.0,0.0,0.0,0.0
1719,2331,2,0.1,0.0,0.72,0.72691127381545,1000.0,1,0.0,0.0,0.0,0.0
1720,2332,2,0.12,0.0,0.72,0.7299315036357863,1000.0,1,0.0,0.0,0.0,0.0
1721,2333,2,0.14,0.0,0.72,0.7334848328356899,1000.0,1,0.0,0.0,0.0,0.0
1722,2334,2,0.16,0.0,0.72,0.737563556583431,1000.0,1,0.0,0.0,0.0,0.0
1723,2335,2,0.18,0.0,0.72,0.7421590126111789,1000.0,1,0.0,0.0,0.0,0.0
1724,2336,2,0.2,0.0,0.72,0.7472616676907762,1000.0,1,0.0,0.0,0.0,0.0
1725,2337,2,0.22,0.0,0.72,0.7528612089887484,1000.0,1,0.0,0.0,0.0,0.0
1726,2338,2,0.24,0.0,0.72,0.758946638440411,1000.0,1,0.0,0.0,0.0,0.0
1727,2339,2,0.26,0.0,0.72,0.7655063683601855,1000.0,1,0.0,0.0,0.0,0.0
1728,2340,2,0.28,0.0,0.72,0.7725283166331186,1000.0,1,0.0,0.0,0.0,0.0
1729,2341,2,0.3,0.0,0.72,0.7799999999999999,1000.0,1,0.0,0.0,0.0,0.0
1730,2342,2,0.32,0.0,0.72,0.7879086241436883,1000.0,1,0.0,0.0,0.0,0.0
1731,2343,2,0.34,0.0,0.72,0.7962411694957753,1000.0,1,0.0,0.0,0.0,0.0
1732,2344,2,0.36,0.0,0.72,0.8049844718999243,1000.0,1,0.0,0.0,0.0,0.0
1733,2345,2,0.38,0.0,0.72,0.8141252974819048,1000.0,1,0.0,0.0,0.0,0.0
1734,2346,2,0.4,0.0,0.72,0.82365041127896,1000.0,1,0.0,0.0,0.0,0.0
1735,2347,2,0.42,0.0,0.72,0.8335466393669883,1000.0,1,0.0,0.0,0.0,0.0
1736,2348,2,0.44,0.0,0.72,0.8438009243891594,1000.0,1,0.0,0.0,0.0,0.0
1737,2349,2,0.46,0.0,0.72,0.8544003745317531,1000.0,1,0.0,0.0,0.0,0.0
1738,2350,2,0.48,0.0,0.72,0.8653323061113574,1000.0,1,0.0,0.0,0.0,0.0
1739,2351,2,0.5,0.0,0.72,0.876584280032445,1000.0,1,0.0,0.0,0.0,0.0
1740,2352,2,0.52,0.0,0.72,0.8881441324469806,1000.0,1,0.0,0.0,0.0,0.0
1741,2353,2,0.54,0.0,0.72,0.9,1000.0,1,0.0,0.0,0.0,0.0
1742,2354,2,0.56,0.0,0.72,0.9121403400793104,1000.0,1,0.0,0.0,0.0,0.0
1743,2355,2,0.58,0.0,0.72,0.9245539465060976,1000.0,1,0.0,0.0,0.0,0.0
1744,2356,2,0.6,0.0,0.72,0.9372299611087985,1000.0,1,0.0,0.0,0.0,0.0
1745,2357,2,0.62,0.0,0.72,0.9501578816175763,1000.0,1,0.0,0.0,0.0,0.0
1746,2358,2,0.64,0.0,0.72,0.9633275663033836,1000.0,1,0.0,0.0,0.0,0.0
1747,2359,2,0.66,0.0,0.72,0.9767292357659824,1000.0,1,0.0,0.0,0.0,0.0
1748,2360,2,0.68,0.0,0.72,0.9903534722511959,1000.0,1,0.0,0.0,0.0,0.0
1749,2361,2,0.7,0.0,0.72,1.0041912168506553,1000.0,1,0.0,0.0,0.0,0.0
1750,2362,2,0.72,0.0,0.72,1.0182337649086284,1000.0,1,0.0,0.0,0.0,0.0
1751,2363,2,0.74,0.0,0.72,1.0324727599312244,1000.0,1,0.0,0.0,0.0,0.0
1752,2364,2,0.76,0.0,0.72,1.046900186264192,1000.0,1,0.0,0.0,0.0,0.0
1753,2365,2,0.78,0.0,0.72,1.061508360777248,1000.0,1,0.0,0.0,0.0,0.0
1754,2366,2,0.8,0.0,0.72,1.076289923765897,1000.0,1,0.0,0.0,0.0,0.0
1755,2367,2,0.82,0.0,0.72,1.0912378292562992,1000.0,1,0.0,0.0,0.0,0.0
1756,2368,2,0.84,0.0,0.72,1.1063453348751464,1000.0,1,0.0,0.0,0.0,0.0
1757,2369,2,0.86,0.0,0.72,1.1216059914247962,1000.0,1,0.0,0.0,0.0,0.0
1758,2370,2,0.88,0.0,0.72,1.1370136322841515,1000.0,1,0.0,0.0,0.0,0.0
1759,2371,2,0.9,0.0,0.72,1.1525623627379127,1000.0,1,0.0,0.0,0.0,0.0
1760,2372,2,0.92,0.0,0.72,1.1682465493208187,1000.0,1,0.0,0.0,0.0,0.0
1761,2373,2,0.94,0.0,0.72,1.1840608092492546,1000.0,1,0.0,0.0,0.0,0.0
1762,2374,2,0.96,0.0,0.72,1.2,1000.0,1,0.0,0.0,0.0,0.0
1763,2375,2,0.98,0.0,0.72,1.2160592090848208,1000.0,1,0.0,0.0,0.0,0.0
1764,2376,2,0.02,0.0,0.74,0.7402702209328699,1000.0,1,0.0,0.0,0.0,0.0
1765,2377,2,0.04,0.0,0.74,0.7410802925459562,1000.0,1,0.0,0.0,0.0,0.0
1766,2378,2,0.06,0.0,0.74,0.7424284477308234,1000.0,1,0.0,0.0,0.0,0.0
1767,2379,2,0.08,0.0,0.74,0.7443117626371357,1000.0,1,0.0,0.0,0.0,0.0
1768,2380,2,0.1,0.0,0.74,0.7467261881037788,1000.0,1,0.0,0.0,0.0,0.0
1769,2381,2,0.12,0.0,0.74,0.7496665925596524,1000.0,1,0.0,0.0,0.0,0.0
1770,2382,2,0.14,0.0,0.74,0.7531268153505092,1000.0,1,0.0,0.0,0.0,0.0
1771,2383,2,0.16,0.0,0.74,0.757099729229908,1000.0,1,0.0,0.0,0.0,0.0
1772,2384,2,0.18,0.0,0.74,0.7615773105863908,1000.0,1,0.0,0.0,0.0,0.0
1773,2385,2,0.2,0.0,0.74,0.766550715869472,1000.0,1,0.0,0.0,0.0,0.0
1774,2386,2,0.22,0.0,0.74,0.7720103626247513,1000.0,1,0.0,0.0,0.0,0.0
1775,2387,2,0.24,0.0,0.74,0.777946013551069,1000.0,1,0.0,0.0,0.0,0.0
1776,2388,2,0.26,0.0,0.74,0.7843468620451031,1000.0,1,0.0,0.0,0.0,0.0
1777,2389,2,0.28,0.0,0.74,0.7912016177940993,1000.0,1,0.0,0.0,0.0,0.0
1778,2390,2,0.3,0.0,0.74,0.7984985911070851,1000.0,1,0.0,0.0,0.0,0.0
1779,2391,2,0.32,0.0,0.74,0.806225774829855,1000.0,1,0.0,0.0,0.0,0.0
1780,2392,2,0.34,0.0,0.74,0.8143709228600933,1000.0,1,0.0,0.0,0.0,0.0
1781,2393,2,0.36,0.0,0.74,0.8229216244576394,1000.0,1,0.0,0.0,0.0,0.0
1782,2394,2,0.38,0.0,0.74,0.8318653737234168,1000.0,1,0.0,0.0,0.0,0.0
1783,2395,2,0.4,0.0,0.74,0.8411896337925236,1000.0,1,0.0,0.0,0.0,0.0
1784,2396,2,0.42,0.0,0.74,0.8508818954473059,1000.0,1,0.0,0.0,0.0,0.0
1785,2397,2,0.44,0.0,0.74,0.8609297300012353,1000.0,1,0.0,0.0,0.0,0.0
1786,2398,2,0.46,0.0,0.74,0.8713208364316786,1000.0,1,0.0,0.0,0.0,0.0
1787,2399,2,0.48,0.0,0.74,0.8820430828479978,1000.0,1,0.0,0.0,0.0,0.0
1788,2400,2,0.5,0.0,0.74,0.8930845424706443,1000.0,1,0.0,0.0,0.0,0.0
1789,2401,2,0.52,0.0,0.74,0.904433524367601,1000.0,1,0.0,0.0,0.0,0.0
1790,2402,2,0.54,0.0,0.74,0.9160785992479029,1000.0,1,0.0,0.0,0.0,0.0
1791,2403,2,0.56,0.0,0.74,0.9280086206496144,1000.0,1,0.0,0.0,0.0,0.0
1792,2404,2,0.58,0.0,0.74,0.9402127418834526,1000.0,1,0.0,0.0,0.0,0.0
1793,2405,2,0.6,0.0,0.74,0.9526804291051643,1000.0,1,0.0,0.0,0.0,0.0
1794,2406,2,0.62,0.0,0.74,0.9654014708917735,1000.0,1,0.0,0.0,0.0,0.0
1795,2407,2,0.64,0.0,0.74,0.9783659846908007,1000.0,1,0.0,0.0,0.0,0.0
1796,2408,2,0.66,0.0,0.74,0.9915644204992432,1000.0,1,0.0,0.0,0.0,0.0
1797,2409,2,0.68,0.0,0.74,1.004987562112089,1000.0,1,0.0,0.0,0.0,0.0
1798,2410,2,0.7,0.0,0.74,1.0186265262597474,1000.0,1,0.0,0.0,0.0,0.0
1799,2411,2,0.72,0.0,0.74,1.0324727599312244,1000.0,1,0.0,0.0,0.0,0.0
1800,2412,2,0.74,0.0,0.74,1.0465180361560904,1000.0,1,0.0,0.0,0.0,0.0
1801,2413,2,0.76,0.0,0.74,1.0607544484940894,1000.0,1,0.0,0.0,0.0,0.0
1802,2414,2,0.78,0.0,0.74,1.075174404457249,1000.0,1,0.0,0.0,0.0,0.0
1803,2415,2,0.8,0.0,0.74,1.0897706180660223,1000.0,1,0.0,0.0,0.0,0.0
1804,2416,2,0.82,0.0,0.74,1.104536101718726,1000.0,1,0.0,0.0,0.0,0.0
1805,2417,2,0.84,0.0,0.74,1.1194641575325224,1000.0,1,0.0,0.0,0.0,0.0
1806,2418,2,0.86,0.0,0.74,1.1345483682946267,1000.0,1,0.0,0.0,0.0,0.0
1807,2419,2,0.88,0.0,0.74,1.1497825881443848,1000.0,1,0.0,0.0,0.0,0.0
1808,2420,2,0.9,0.0,0.74,1.1651609330903607,1000.0,1,0.0,0.0,0.0,0.0
1809,2421,2,0.92,0.0,0.74,1.1806777714516354,1000.0,1,0.0,0.0,0.0,0.0
1810,2422,2,0.94,0.0,0.74,1.1963277142990545,1000.0,1,0.0,0.0,0.0,0.0
1811,2423,2,0.96,0.0,0.74,1.2121056059601407,1000.0,1,0.0,0.0,0.0,0.0
1812,2424,2,0.98,0.0,0.74,1.2280065146407002,1000.0,1,0.0,0.0,0.0,0.0
1813,2425,2,0.02,0.0,0.76,0.7602631123499285,1000.0,1,0.0,0.0,0.0,0.0
1814,2426,2,0.04,0.0,0.76,0.761051903617618,1000.0,1,0.0,0.0,0.0,0.0
1815,2427,2,0.06,0.0,0.76,0.7623647421018367,1000.0,1,0.0,0.0,0.0,0.0
1816,2428,2,0.08,0.0,0.76,0.764198926981712,1000.0,1,0.0,0.0,0.0,0.0
1817,2429,2,0.1,0.0,0.76,0.766550715869472,1000.0,1,0.0,0.0,0.0,0.0
1818,2430,2,0.12,0.0,0.76,0.7694153624668538,1000.0,1,0.0,0.0,0.0,0.0
1819,2431,2,0.14,0.0,0.76,0.7727871634544663,1000.0,1,0.0,0.0,0.0,0.0
1820,2432,2,0.16,0.0,0.76,0.776659513557904,1000.0,1,0.0,0.0,0.0,0.0
1821,2433,2,0.18,0.0,0.76,0.7810249675906654,1000.0,1,0.0,0.0,0.0,0.0
1822,2434,2,0.2,0.0,0.76,0.7858753081755401,1000.0,1,0.0,0.0,0.0,0.0
1823,2435,2,0.22,0.0,0.76,0.7912016177940993,1000.0,1,0.0,0.0,0.0,0.0
1824,2436,2,0.24,0.0,0.76,0.796994353806851,1000.0,1,0.0,0.0,0.0,0.0
1825,2437,2,0.26,0.0,0.76,0.8032434251209281,1000.0,1,0.0,0.0,0.0,0.0
1826,2438,2,0.28,0.0,0.76,0.8099382692526635,1000.0,1,0.0,0.0,0.0,0.0
1827,2439,2,0.3,0.0,0.76,0.8170679286326199,1000.0,1,0.0,0.0,0.0,0.0
1828,2440,2,0.32,0.0,0.76,0.8246211251235321,1000.0,1,0.0,0.0,0.0,0.0
1829,2441,2,0.34,0.0,0.76,0.8325863318599459,1000.0,1,0.0,0.0,0.0,0.0
1830,2442,2,0.36,0.0,0.76,0.8409518416651456,1000.0,1,0.0,0.0,0.0,0.0
1831,2443,2,0.38,0.0,0.76,0.8497058314499201,1000.0,1,0.0,0.0,0.0,0.0
1832,2444,2,0.4,0.0,0.76,0.8588364221433555,1000.0,1,0.0,0.0,0.0,0.0
1833,2445,2,0.42,0.0,0.76,0.8683317338436964,1000.0,1,0.0,0.0,0.0,0.0
1834,2446,2,0.44,0.0,0.76,0.8781799360040059,1000.0,1,0.0,0.0,0.0,0.0
1835,2447,2,0.46,0.0,0.76,0.8883692925805123,1000.0,1,0.0,0.0,0.0,0.0
1836,2448,2,0.48,0.0,0.76,0.8988882021697693,1000.0,1,0.0,0.0,0.0,0.0
1837,2449,2,0.5,0.0,0.76,0.9097252332435327,1000.0,1,0.0,0.0,0.0,0.0
1838,2450,2,0.52,0.0,0.76,0.9208691546577071,1000.0,1,0.0,0.0,0.0,0.0
1839,2451,2,0.54,0.0,0.76,0.9323089616645331,1000.0,1,0.0,0.0,0.0,0.0
1840,2452,2,0.56,0.0,0.76,0.9440338976964757,1000.0,1,0.0,0.0,0.0,0.0
1841,2453,2,0.58,0.0,0.76,0.9560334722173696,1000.0,1,0.0,0.0,0.0,0.0
1842,2454,2,0.6,0.0,0.76,0.9682974749528164,1000.0,1,0.0,0.0,0.0,0.0
1843,2455,2,0.62,0.0,0.76,0.9808159868191383,1000.0,1,0.0,0.0,0.0,0.0
1844,2456,2,0.64,0.0,0.76,0.9935793878699377,1000.0,1,0.0,0.0,0.0,0.0
1845,2457,2,0.66,0.0,0.76,1.0065783625729297,1000.0,1,0.0,0.0,0.0,0.0
1846,2458,2,0.68,0.0,0.76,1.019803902718557,1000.0,1,0.0,0.0,0.0,0.0
1847,2459,2,0.7,0.0,0.76,1.0332473082471592,1000.0,1,0.0,0.0,0.0,0.0
1848,2460,2,0.72,0.0,0.76,1.046900186264192,1000.0,1,0.0,0.0,0.0,0.0
1849,2461,2,0.74,0.0,0.76,1.0607544484940894,1000.0,1,0.0,0.0,0.0,0.0
1850,2462,2,0.76,0.0,0.76,1.0748023074035522,1000.0,1,0.0,0.0,0.0,0.0
1851,2463,2,0.78,0.0,0.76,1.0890362712049586,1000.0,1,0.0,0.0,0.0,0.0
1852,2464,2,0.8,0.0,0.76,1.1034491379306977,1000.0,1,0.0,0.0,0.0,0.0
1853,2465,2,0.82,0.0,0.76,1.118033988749895,1000.0,1,0.0,0.0,0.0,0.0
1854,2466,2,0.84,0.0,0.76,1.1327841806805037,1000.0,1,0.0,0.0,0.0,0.0
1855,2467,2,0.86,0.0,0.76,1.1476933388322859,1000.0,1,0.0,0.0,0.0,0.0
1856,2468,2,0.88,0.0,0.76,1.1627553482998907,1000.0,1,0.0,0.0,0.0,0.0
1857,2469,2,0.9,0.0,0.76,1.1779643458101776,1000.0,1,0.0,0.0,0.0,0.0
1858,2470,2,0.92,0.0,0.76,1.1933147112141038,1000.0,1,0.0,0.0,0.0,0.0
1859,2471,2,0.94,0.0,0.76,1.208801058900926,1000.0,1,0.0,0.0,0.0,0.0
1860,2472,2,0.96,0.0,0.76,1.2244182292011174,1000.0,1,0.0,0.0,0.0,0.0
1861,2473,2,0.98,0.0,0.76,1.2401612798341997,1000.0,1,0.0,0.0,0.0,0.0
1862,2474,2,0.02,0.0,0.78,0.7802563681252463,1000.0,1,0.0,0.0,0.0,0.0
1863,2475,2,0.04,0.0,0.78,0.7810249675906655,1000.0,1,0.0,0.0,0.0,0.0
1864,2476,2,0.06,0.0,0.78,0.7823042886243179,1000.0,1,0.0,0.0,0.0,0.0
1865,2477,2,0.08,0.0,0.78,0.7840918313565064,1000.0,1,0.0,0.0,0.0,0.0
1866,2478,2,0.1,0.0,0.78,0.7863841300535,1000.0,1,0.0,0.0,0.0,0.0
1867,2479,2,0.12,0.0,0.78,0.7891767862779543,1000.0,1,0.0,0.0,0.0,0.0
1868,2480,2,0.14,0.0,0.78,0.792464510246358,1000.0,1,0.0,0.0,0.0,0.0
1869,2481,2,0.16,0.0,0.78,0.7962411694957753,1000.0,1,0.0,0.0,0.0,0.0
1870,2482,2,0.18,0.0,0.78,0.80049984384758,1000.0,1,0.0,0.0,0.0,0.0
1871,2483,2,0.2,0.0,0.78,0.8052328855678959,1000.0,1,0.0,0.0,0.0,0.0
1872,2484,2,0.22,0.0,0.78,0.8104319835741924,1000.0,1,0.0,0.0,0.0,0.0
1873,2485,2,0.24,0.0,0.78,0.8160882305241266,1000.0,1,0.0,0.0,0.0,0.0
1874,2486,2,0.26,0.0,0.78,0.8221921916437787,1000.0,1,0.0,0.0,0.0,0.0
1875,2487,2,0.28,0.0,0.78,0.8287339742040265,1000.0,1,0.0,0.0,0.0,0.0
1876,2488,2,0.3,0.0,0.78,0.8357032966310471,1000.0,1,0.0,0.0,0.0,0.0
1877,2489,2,0.32,0.0,0.78,0.8430895563343197,1000.0,1,0.0,0.0,0.0,0.0
1878,2490,2,0.34,0.0,0.78,0.850881895447306,1000.0,1,0.0,0.0,0.0,0.0
1879,2491,2,0.36,0.0,0.78,0.8590692637965812,1000.0,1,0.0,0.0,0.0,0.0
1880,2492,2,0.38,0.0,0.78,0.8676404785393544,1000.0,1,0.0,0.0,0.0,0.0
1881,2493,2,0.4,0.0,0.78,0.876584280032445,1000.0,1,0.0,0.0,0.0,0.0
1882,2494,2,0.42,0.0,0.78,0.885889383614004,1000.0,1,0.0,0.0,0.0,0.0
1883,2495,2,0.44,0.0,0.78,0.8955445270895245,1000.0,1,0.0,0.0,0.0,0.0
1884,2496,2,0.46,0.0,0.78,0.9055385138137417,1000.0,1,0.0,0.0,0.0,0.0
1885,2497,2,0.48,0.0,0.78,0.9158602513484249,1000.0,1,0.0,0.0,0.0,0.0
1886,2498,2,0.5,0.0,0.78,0.9264987857520376,1000.0,1,0.0,0.0,0.0,0.0
1887,2499,2,0.52,0.0,0.78,0.9374433316206372,1000.0,1,0.0,0.0,0.0,0.0
1888,2500,2,0.54,0.0,0.78,0.9486832980505139,1000.0,1,0.0,0.0,0.0,0.0
1889,2501,2,0.56,0.0,0.78,0.9602083107326244,1000.0,1,0.0,0.0,0.0,0.0
1890,2502,2,0.58,0.0,0.78,0.9720082304178294,1000.0,1,0.0,0.0,0.0,0.0
1891,2503,2,0.6,0.0,0.78,0.9840731680114035,1000.0,1,0.0,0.0,0.0,0.0
1892,2504,2,0.62,0.0,0.78,0.9963934965664921,1000.0,1,0.0,0.0,0.0,0.0
1893,2505,2,0.64,0.0,0.78,1.0089598604503551,1000.0,1,0.0,0.0,0.0,0.0
1894,2506,2,0.66,0.0,0.78,1.0217631819555841,1000.0,1,0.0,0.0,0.0,0.0
1895,2507,2,0.68,0.0,0.78,1.0347946656221225,1000.0,1,0.0,0.0,0.0,0.0
1896,2508,2,0.7,0.0,0.78,1.0480458005259121,1000.0,1,0.0,0.0,0.0,0.0
1897,2509,2,0.72,0.0,0.78,1.061508360777248,1000.0,1,0.0,0.0,0.0,0.0
1898,2510,2,0.74,0.0,0.78,1.075174404457249,1000.0,1,0.0,0.0,0.0,0.0
1899,2511,2,0.76,0.0,0.78,1.0890362712049586,1000.0,1,0.0,0.0,0.0,0.0
1900,2512,2,0.78,0.0,0.78,1.1030865786510142,1000.0,1,0.0,0.0,0.0,0.0
1901,2513,2,0.8,0.0,0.78,1.1173182178770737,1000.0,1,0.0,0.0,0.0,0.0
1902,2514,2,0.82,0.0,0.78,1.1317243480636086,1000.0,1,0.0,0.0,0.0,0.0
1903,2515,2,0.84,0.0,0.78,1.146298390472568,1000.0,1,0.0,0.0,0.0,0.0
1904,2516,2,0.86,0.0,0.78,1.1610340218959994,1000.0,1,0.0,0.0,0.0,0.0
1905,2517,2,0.88,0.0,0.78,1.175925167687128,1000.0,1,0.0,0.0,0.0,0.0
1906,2518,2,0.9,0.0,0.78,1.1909659944767526,1000.0,1,0.0,0.0,0.0,0.0
1907,2519,2,0.92,0.0,0.78,1.2061509026651682,1000.0,1,0.0,0.0,0.0,0.0
1908,2520,2,0.94,0.0,0.78,1.2214745187681977,1000.0,1,0.0,0.0,0.0,0.0
1909,2521,2,0.96,0.0,0.78,1.2369316876852983,1000.0,1,0.0,0.0,0.0,0.0
1910,2522,2,0.98,0.0,0.78,1.2525174649480941,1000.0,1,0.0,0.0,0.0,0.0
1911,2523,2,0.02,0.0,0.8,0.8002499609497024,1000.0,1,0.0,0.0,0.0,0.0
1912,2524,2,0.04,0.0,0.8,0.8009993757800316,1000.0,1,0.0,0.0,0.0,0.0
1913,2525,2,0.06,0.0,0.8,0.8022468448052633,1000.0,1,0.0,0.0,0.0,0.0
1914,2526,2,0.08,0.0,0.8,0.8039900496896712,1000.0,1,0.0,0.0,0.0,0.0
1915,2527,2,0.1,0.0,0.8,0.806225774829855,1000.0,1,0.0,0.0,0.0,0.0
1916,2528,2,0.12,0.0,0.8,0.8089499366462675,1000.0,1,0.0,0.0,0.0,0.0
1917,2529,2,0.14,0.0,0.8,0.8121576201698781,1000.0,1,0.0,0.0,0.0,0.0
1918,2530,2,0.16,0.0,0.8,0.8158431221748457,1000.0,1,0.0,0.0,0.0,0.0
1919,2531,2,0.18,0.0,0.8,0.8200000000000001,1000.0,1,0.0,0.0,0.0,0.0
1920,2532,2,0.2,0.0,0.8,0.8246211251235323,1000.0,1,0.0,0.0,0.0,0.0
1921,2533,2,0.22,0.0,0.8,0.8296987405076617,1000.0,1,0.0,0.0,0.0,0.0
1922,2534,2,0.24,0.0,0.8,0.835224520712844,1000.0,1,0.0,0.0,0.0,0.0
1923,2535,2,0.26,0.0,0.8,0.8411896337925236,1000.0,1,0.0,0.0,0.0,0.0
1924,2536,2,0.28,0.0,0.8,0.8475848040166837,1000.0,1,0.0,0.0,0.0,0.0
1925,2537,2,0.3,0.0,0.8,0.8544003745317532,1000.0,1,0.0,0.0,0.0,0.0
1926,2538,2,0.32,0.0,0.8,0.8616263691415208,1000.0,1,0.0,0.0,0.0,0.0
1927,2539,2,0.34,0.0,0.8,0.8692525524840293,1000.0,1,0.0,0.0,0.0,0.0
1928,2540,2,0.36,0.0,0.8,0.8772684879784524,1000.0,1,0.0,0.0,0.0,0.0
1929,2541,2,0.38,0.0,0.8,0.8856635930193812,1000.0,1,0.0,0.0,0.0,0.0
1930,2542,2,0.4,0.0,0.8,0.894427190999916,1000.0,1,0.0,0.0,0.0,0.0
1931,2543,2,0.42,0.0,0.8,0.9035485598461215,1000.0,1,0.0,0.0,0.0,0.0
1932,2544,2,0.44,0.0,0.8,0.9130169768410663,1000.0,1,0.0,0.0,0.0,0.0
1933,2545,2,0.46,0.0,0.8,0.9228217596047463,1000.0,1,0.0,0.0,0.0,0.0
1934,2546,2,0.48,0.0,0.8,0.9329523031752481,1000.0,1,0.0,0.0,0.0,0.0
1935,2547,2,0.5,0.0,0.8,0.9433981132056605,1000.0,1,0.0,0.0,0.0,0.0
1936,2548,2,0.52,0.0,0.8,0.9541488353501251,1000.0,1,0.0,0.0,0.0,0.0
1937,2549,2,0.54,0.0,0.8,0.9651942809610924,1000.0,1,0.0,0.0,0.0,0.0
1938,2550,2,0.56,0.0,0.8,0.9765244492586963,1000.0,1,0.0,0.0,0.0,0.0
1939,2551,2,0.58,0.0,0.8,0.9881295461628501,1000.0,1,0.0,0.0,0.0,0.0
1940,2552,2,0.6,0.0,0.8,1.0,1000.0,1,0.0,0.0,0.0,0.0
1941,2553,2,0.62,0.0,0.8,1.0121264743103997,1000.0,1,0.0,0.0,0.0,0.0
1942,2554,2,0.64,0.0,0.8,1.0244998779892558,1000.0,1,0.0,0.0,0.0,0.0
1943,2555,2,0.66,0.0,0.8,1.037111372997134,1000.0,1,0.0,0.0,0.0,0.0
1944,2556,2,0.68,0.0,0.8,1.0499523798725352,1000.0,1,0.0,0.0,0.0,0.0
1945,2557,2,0.7,0.0,0.8,1.063014581273465,1000.0,1,0.0,0.0,0.0,0.0
1946,2558,2,0.72,0.0,0.8,1.076289923765897,1000.0,1,0.0,0.0,0.0,0.0
1947,2559,2,0.74,0.0,0.8,1.0897706180660223,1000.0,1,0.0,0.0,0.0,0.0
1948,2560,2,0.76,0.0,0.8,1.1034491379306977,1000.0,1,0.0,0.0,0.0,0.0
1949,2561,2,0.78,0.0,0.8,1.1173182178770737,1000.0,1,0.0,0.0,0.0,0.0
1950,2562,2,0.8,0.0,0.8,1.1313708498984762,1000.0,1,0.0,0.0,0.0,0.0
1951,2563,2,0.82,0.0,0.8,1.145600279329575,1000.0,1,0.0,0.0,0.0,0.0
1952,2564,2,0.84,0.0,0.8,1.1600000000000001,1000.0,1,0.0,0.0,0.0,0.0
1953,2565,2,0.86,0.0,0.8,1.174563748802082,1000.0,1,0.0,0.0,0.0,0.0
1954,2566,2,0.88,0.0,0.8,1.1892854997854805,1000.0,1,0.0,0.0,0.0,0.0
1955,2567,2,0.9,0.0,0.8,1.2041594578792296,1000.0,1,0.0,0.0,0.0,0.0
1956,2568,2,0.92,0.0,0.8,1.2191800523302536,1000.0,1,0.0,0.0,0.0,0.0
1957,2569,2,0.94,0.0,0.8,1.234341929936758,1000.0,1,0.0,0.0,0.0,0.0
1958,2570,2,0.96,0.0,0.8,1.2496399481450648,1000.0,1,0.0,0.0,0.0,0.0
1959,2571,2,0.98,0.0,0.8,1.2650691680694774,1000.0,1,0.0,0.0,0.0,0.0
1960,2572,2,0.02,0.0,0.82,0.820243866176395,1000.0,1,0.0,0.0,0.0,0.0
1961,2573,2,0.04,0.0,0.82,0.8209750300709516,1000.0,1,0.0,0.0,0.0,0.0
1962,2574,2,0.06,0.0,0.82,0.8221921916437785,1000.0,1,0.0,0.0,0.0,0.0
1963,2575,2,0.08,0.0,0.82,0.8238931969618392,1000.0,1,0.0,0.0,0.0,0.0
1964,2576,2,0.1,0.0,0.82,0.8260750571225353,1000.0,1,0.0,0.0,0.0,0.0
1965,2577,2,0.12,0.0,0.82,0.8287339742040264,1000.0,1,0.0,0.0,0.0,0.0
1966,2578,2,0.14,0.0,0.82,0.8318653737234167,1000.0,1,0.0,0.0,0.0,0.0
1967,2579,2,0.16,0.0,0.82,0.8354639429682168,1000.0,1,0.0,0.0,0.0,0.0
1968,2580,2,0.18,0.0,0.82,0.8395236744726142,1000.0,1,0.0,0.0,0.0,0.0
1969,2581,2,0.2,0.0,0.82,0.8440379138403676,1000.0,1,0.0,0.0,0.0,0.0
1970,2582,2,0.22,0.0,0.82,0.8489994110716449,1000.0,1,0.0,0.0,0.0,0.0
1971,2583,2,0.24,0.0,0.82,0.854400374531753,1000.0,1,0.0,0.0,0.0,0.0
1972,2584,2,0.26,0.0,0.82,0.8602325267042626,1000.0,1,0.0,0.0,0.0,0.0
1973,2585,2,0.28,0.0,0.82,0.8664871608973788,1000.0,1,0.0,0.0,0.0,0.0
1974,2586,2,0.3,0.0,0.82,0.8731551981177229,1000.0,1,0.0,0.0,0.0,0.0
1975,2587,2,0.32,0.0,0.82,0.8802272433866154,1000.0,1,0.0,0.0,0.0,0.0
1976,2588,2,0.34,0.0,0.82,0.8876936408468858,1000.0,1,0.0,0.0,0.0,0.0
1977,2589,2,0.36,0.0,0.82,0.8955445270895244,1000.0,1,0.0,0.0,0.0,0.0
1978,2590,2,0.38,0.0,0.82,0.9037698822156002,1000.0,1,0.0,0.0,0.0,0.0
1979,2591,2,0.4,0.0,0.82,0.9123595782365634,1000.0,1,0.0,0.0,0.0,0.0
1980,2592,2,0.42,0.0,0.82,0.9213034245024816,1000.0,1,0.0,0.0,0.0,0.0
1981,2593,2,0.44,0.0,0.82,0.9305912099305472,1000.0,1,0.0,0.0,0.0,0.0
1982,2594,2,0.46,0.0,0.82,0.9402127418834526,1000.0,1,0.0,0.0,0.0,0.0
1983,2595,2,0.48,0.0,0.82,0.9501578816175761,1000.0,1,0.0,0.0,0.0,0.0
1984,2596,2,0.5,0.0,0.82,0.9604165762834375,1000.0,1,0.0,0.0,0.0,0.0
1985,2597,2,0.52,0.0,0.82,0.9709788875150684,1000.0,1,0.0,0.0,0.0,0.0
1986,2598,2,0.54,0.0,0.82,0.9818350166906862,1000.0,1,0.0,0.0,0.0,0.0
1987,2599,2,0.56,0.0,0.82,0.9929753269845127,1000.0,1,0.0,0.0,0.0,0.0
1988,2600,2,0.58,0.0,0.82,1.0043903623591774,1000.0,1,0.0,0.0,0.0,0.0
1989,2601,2,0.6,0.0,0.82,1.016070863670443,1000.0,1,0.0,0.0,0.0,0.0
1990,2602,2,0.62,0.0,0.82,1.0280077820717117,1000.0,1,0.0,0.0,0.0,0.0
1991,2603,2,0.64,0.0,0.82,1.0401922899156675,1000.0,1,0.0,0.0,0.0,0.0
1992,2604,2,0.66,0.0,0.82,1.0526157893552612,1000.0,1,0.0,0.0,0.0,0.0
1993,2605,2,0.68,0.0,0.82,1.065269918846862,1000.0,1,0.0,0.0,0.0,0.0
1994,2606,2,0.7,0.0,0.82,1.0781465577554843,1000.0,1,0.0,0.0,0.0,0.0
1995,2607,2,0.72,0.0,0.82,1.0912378292562992,1000.0,1,0.0,0.0,0.0,0.0
1996,2608,2,0.74,0.0,0.82,1.104536101718726,1000.0,1,0.0,0.0,0.0,0.0
1997,2609,2,0.76,0.0,0.82,1.118033988749895,1000.0,1,0.0,0.0,0.0,0.0
1998,2610,2,0.78,0.0,0.82,1.1317243480636086,1000.0,1,0.0,0.0,0.0,0.0
1999,2611,2,0.8,0.0,0.82,1.145600279329575,1000.0,1,0.0,0.0,0.0,0.0
2000,2612,2,0.82,0.0,0.82,1.1596551211459378,1000.0,1,0.0,0.0,0.0,0.0
2001,2613,2,0.84,0.0,0.82,1.173882447266335,1000.0,1,0.0,0.0,0.0,0.0
2002,2614,2,0.86,0.0,0.82,1.1882760622010358,1000.0,1,0.0,0.0,0.0,0.0
2003,2615,2,0.88,0.0,0.82,1.2028299963003914,1000.0,1,0.0,0.0,0.0,0.0
2004,2616,2,0.9,0.0,0.82,1.217538500417954,1000.0,1,0.0,0.0,0.0,0.0
2005,2617,2,0.92,0.0,0.82,1.2323960402403116,1000.0,1,0.0,0.0,0.0,0.0
2006,2618,2,0.94,0.0,0.82,1.247397290361014,1000.0,1,0.0,0.0,0.0,0.0
2007,2619,2,0.96,0.0,0.82,1.2625371281669304,1000.0,1,0.0,0.0,0.0,0.0
2008,2620,2,0.98,0.0,0.82,1.2778106275970629,1000.0,1,0.0,0.0,0.0,0.0
2009,2621,2,0.02,0.0,0.84,0.840238061504,1000.0,1,0.0,0.0,0.0,0.0
2010,2622,2,0.04,0.0,0.84,0.8409518416651455,1000.0,1,0.0,0.0,0.0,0.0
2011,2623,2,0.06,0.0,0.84,0.8421401308570919,1000.0,1,0.0,0.0,0.0,0.0
2012,2624,2,0.08,0.0,0.84,0.8438009243891593,1000.0,1,0.0,0.0,0.0,0.0
2013,2625,2,0.1,0.0,0.84,0.845931439302264,1000.0,1,0.0,0.0,0.0,0.0
2014,2626,2,0.12,0.0,0.84,0.8485281374238569,1000.0,1,0.0,0.0,0.0,0.0
2015,2627,2,0.14,0.0,0.84,0.8515867542417507,1000.0,1,0.0,0.0,0.0,0.0
2016,2628,2,0.16,0.0,0.84,0.8551023330572779,1000.0,1,0.0,0.0,0.0,0.0
2017,2629,2,0.18,0.0,0.84,0.8590692637965811,1000.0,1,0.0,0.0,0.0,0.0
2018,2630,2,0.2,0.0,0.84,0.863481325796916,1000.0,1,0.0,0.0,0.0,0.0
2019,2631,2,0.22,0.0,0.84,0.8683317338436963,1000.0,1,0.0,0.0,0.0,0.0
2020,2632,2,0.24,0.0,0.84,0.8736131867136622,1000.0,1,0.0,0.0,0.0,0.0
2021,2633,2,0.26,0.0,0.84,0.8793179174792243,1000.0,1,0.0,0.0,0.0,0.0
2022,2634,2,0.28,0.0,0.84,0.8854377448471462,1000.0,1,0.0,0.0,0.0,0.0
2023,2635,2,0.3,0.0,0.84,0.8919641248391103,1000.0,1,0.0,0.0,0.0,0.0
2024,2636,2,0.32,0.0,0.84,0.8988882021697693,1000.0,1,0.0,0.0,0.0,0.0
2025,2637,2,0.34,0.0,0.84,0.9062008607367353,1000.0,1,0.0,0.0,0.0,0.0
2026,2638,2,0.36,0.0,0.84,0.913892772703669,1000.0,1,0.0,0.0,0.0,0.0
2027,2639,2,0.38,0.0,0.84,0.9219544457292886,1000.0,1,0.0,0.0,0.0,0.0
2028,2640,2,0.4,0.0,0.84,0.9303762679690405,1000.0,1,0.0,0.0,0.0,0.0
2029,2641,2,0.42,0.0,0.84,0.9391485505499116,1000.0,1,0.0,0.0,0.0,0.0
2030,2642,2,0.44,0.0,0.84,0.9482615672903758,1000.0,1,0.0,0.0,0.0,0.0
2031,2643,2,0.46,0.0,0.84,0.9577055915050303,1000.0,1,0.0,0.0,0.0,0.0
2032,2644,2,0.48,0.0,0.84,0.9674709297958259,1000.0,1,0.0,0.0,0.0,0.0
2033,2645,2,0.5,0.0,0.84,0.9775479527879949,1000.0,1,0.0,0.0,0.0,0.0
2034,2646,2,0.52,0.0,0.84,0.9879271228182775,1000.0,1,0.0,0.0,0.0,0.0
2035,2647,2,0.54,0.0,0.84,0.9985990186255942,1000.0,1,0.0,0.0,0.0,0.0
2036,2648,2,0.56,0.0,0.84,1.009554357129917,1000.0,1,0.0,0.0,0.0,0.0
2037,2649,2,0.58,0.0,0.84,1.0207840124139875,1000.0,1,0.0,0.0,0.0,0.0
2038,2650,2,0.6,0.0,0.84,1.0322790320451152,1000.0,1,0.0,0.0,0.0,0.0
2039,2651,2,0.62,0.0,0.84,1.0440306508910548,1000.0,1,0.0,0.0,0.0,0.0
2040,2652,2,0.64,0.0,0.84,1.0560303025955269,1000.0,1,0.0,0.0,0.0,0.0
2041,2653,2,0.66,0.0,0.84,1.0682696288858913,1000.0,1,0.0,0.0,0.0,0.0
2042,2654,2,0.68,0.0,0.84,1.0807404868885035,1000.0,1,0.0,0.0,0.0,0.0
2043,2655,2,0.7,0.0,0.84,1.0934349546269315,1000.0,1,0.0,0.0,0.0,0.0
2044,2656,2,0.72,0.0,0.84,1.1063453348751464,1000.0,1,0.0,0.0,0.0,0.0
2045,2657,2,0.74,0.0,0.84,1.1194641575325224,1000.0,1,0.0,0.0,0.0,0.0
2046,2658,2,0.76,0.0,0.84,1.1327841806805037,1000.0,1,0.0,0.0,0.0,0.0
2047,2659,2,0.78,0.0,0.84,1.146298390472568,1000.0,1,0.0,0.0,0.0,0.0
2048,2660,2,0.8,0.0,0.84,1.1600000000000001,1000.0,1,0.0,0.0,0.0,0.0
2049,2661,2,0.82,0.0,0.84,1.173882447266335,1000.0,1,0.0,0.0,0.0,0.0
2050,2662,2,0.84,0.0,0.84,1.1879393923933999,1000.0,1,0.0,0.0,0.0,0.0
2051,2663,2,0.86,0.0,0.84,1.2021647141718974,1000.0,1,0.0,0.0,0.0,0.0
2052,2664,2,0.88,0.0,0.84,1.2165525060596438,1000.0,1,0.0,0.0,0.0,0.0
2053,2665,2,0.9,0.0,0.84,1.2310970717209915,1000.0,1,0.0,0.0,0.0,0.0
2054,2666,2,0.92,0.0,0.84,1.245792920191795,1000.0,1,0.0,0.0,0.0,0.0
2055,2667,2,0.94,0.0,0.84,1.260634760745554,1000.0,1,0.0,0.0,0.0,0.0
2056,2668,2,0.96,0.0,0.84,1.2756174975281578,1000.0,1,0.0,0.0,0.0,0.0
2057,2669,2,0.98,0.0,0.84,1.2907362240210043,1000.0,1,0.0,0.0,0.0,0.0
2058,2670,2,0.02,0.0,0.86,0.8602325267042626,1000.0,1,0.0,0.0,0.0,0.0
2059,2671,2,0.04,0.0,0.86,0.8609297300012353,1000.0,1,0.0,0.0,0.0,0.0
2060,2672,2,0.06,0.0,0.86,0.8620904824900922,1000.0,1,0.0,0.0,0.0,0.0
2061,2673,2,0.08,0.0,0.86,0.8637129152675673,1000.0,1,0.0,0.0,0.0,0.0
2062,2674,2,0.1,0.0,0.86,0.8657944328765345,1000.0,1,0.0,0.0,0.0,0.0
2063,2675,2,0.12,0.0,0.86,0.8683317338436963,1000.0,1,0.0,0.0,0.0,0.0
2064,2676,2,0.14,0.0,0.86,0.8713208364316786,1000.0,1,0.0,0.0,0.0,0.0
2065,2677,2,0.16,0.0,0.86,0.8747571091451615,1000.0,1,0.0,0.0,0.0,0.0
2066,2678,2,0.18,0.0,0.86,0.8786353054595518,1000.0,1,0.0,0.0,0.0,0.0
2067,2679,2,0.2,0.0,0.86,0.8829496021857646,1000.0,1,0.0,0.0,0.0,0.0
2068,2680,2,0.22,0.0,0.86,0.8876936408468858,1000.0,1,0.0,0.0,0.0,0.0
2069,2681,2,0.24,0.0,0.86,0.8928605714219885,1000.0,1,0.0,0.0,0.0,0.0
2070,2682,2,0.26,0.0,0.86,0.8984430978086481,1000.0,1,0.0,0.0,0.0,0.0
2071,2683,2,0.28,0.0,0.86,0.904433524367601,1000.0,1,0.0,0.0,0.0,0.0
2072,2684,2,0.3,0.0,0.86,0.9108238029388559,1000.0,1,0.0,0.0,0.0,0.0
2073,2685,2,0.32,0.0,0.86,0.9176055797563569,1000.0,1,0.0,0.0,0.0,0.0
2074,2686,2,0.34,0.0,0.86,0.9247702417357513,1000.0,1,0.0,0.0,0.0,0.0
2075,2687,2,0.36,0.0,0.86,0.9323089616645331,1000.0,1,0.0,0.0,0.0,0.0
2076,2688,2,0.38,0.0,0.86,0.9402127418834526,1000.0,1,0.0,0.0,0.0,0.0
2077,2689,2,0.4,0.0,0.86,0.94847245611035,1000.0,1,0.0,0.0,0.0,0.0
2078,2690,2,0.42,0.0,0.86,0.9570788891204318,1000.0,1,0.0,0.0,0.0,0.0
2079,2691,2,0.44,0.0,0.86,0.9660227740586658,1000.0,1,0.0,0.0,0.0,0.0
2080,2692,2,0.46,0.0,0.86,0.9752948272189287,1000.0,1,0.0,0.0,0.0,0.0
2081,2693,2,0.48,0.0,0.86,0.9848857801796105,1000.0,1,0.0,0.0,0.0,0.0
2082,2694,2,0.5,0.0,0.86,0.994786409235671,1000.0,1,0.0,0.0,0.0,0.0
2083,2695,2,0.52,0.0,0.86,1.004987562112089,1000.0,1,0.0,0.0,0.0,0.0
2084,2696,2,0.54,0.0,0.86,1.0154801819828883,1000.0,1,0.0,0.0,0.0,0.0
2085,2697,2,0.56,0.0,0.86,1.0262553288533998,1000.0,1,0.0,0.0,0.0,0.0
2086,2698,2,0.58,0.0,0.86,1.037304198391195,1000.0,1,0.0,0.0,0.0,0.0
2087,2699,2,0.6,0.0,0.86,1.0486181383134663,1000.0,1,0.0,0.0,0.0,0.0
2088,2700,2,0.62,0.0,0.86,1.0601886624558856,1000.0,1,0.0,0.0,0.0,0.0
2089,2701,2,0.64,0.0,0.86,1.0720074626605918,1000.0,1,0.0,0.0,0.0,0.0
2090,2702,2,0.66,0.0,0.86,1.0840664186294122,1000.0,1,0.0,0.0,0.0,0.0
2091,2703,2,0.68,0.0,0.86,1.0963576058932596,1000.0,1,0.0,0.0,0.0,0.0
2092,2704,2,0.7,0.0,0.86,1.1088733020503287,1000.0,1,0.0,0.0,0.0,0.0
2093,2705,2,0.72,0.0,0.86,1.1216059914247962,1000.0,1,0.0,0.0,0.0,0.0
2094,2706,2,0.74,0.0,0.86,1.1345483682946267,1000.0,1,0.0,0.0,0.0,0.0
2095,2707,2,0.76,0.0,0.86,1.1476933388322859,1000.0,1,0.0,0.0,0.0,0.0
2096,2708,2,0.78,0.0,0.86,1.1610340218959994,1000.0,1,0.0,0.0,0.0,0.0
2097,2709,2,0.8,0.0,0.86,1.174563748802082,1000.0,1,0.0,0.0,0.0,0.0
2098,2710,2,0.82,0.0,0.86,1.1882760622010358,1000.0,1,0.0,0.0,0.0,0.0
2099,2711,2,0.84,0.0,0.86,1.2021647141718974,1000.0,1,0.0,0.0,0.0,0.0
2100,2712,2,0.86,0.0,0.86,1.2162236636408617,1000.0,1,0.0,0.0,0.0,0.0
2101,2713,2,0.88,0.0,0.86,1.2304470732217618,1000.0,1,0.0,0.0,0.0,0.0
2102,2714,2,0.9,0.0,0.86,1.2448293055676347,1000.0,1,0.0,0.0,0.0,0.0
2103,2715,2,0.92,0.0,0.86,1.2593649193144931,1000.0,1,0.0,0.0,0.0,0.0
2104,2716,2,0.94,0.0,0.86,1.2740486646906388,1000.0,1,0.0,0.0,0.0,0.0
2105,2717,2,0.96,0.0,0.86,1.288875478857442,1000.0,1,0.0,0.0,0.0,0.0
2106,2718,2,0.98,0.0,0.86,1.3038404810405297,1000.0,1,0.0,0.0,0.0,0.0
2107,2719,2,0.02,0.0,0.88,0.8802272433866154,1000.0,1,0.0,0.0,0.0,0.0
2108,2720,2,0.04,0.0,0.88,0.8809086218218096,1000.0,1,0.0,0.0,0.0,0.0
2109,2721,2,0.06,0.0,0.88,0.8820430828479978,1000.0,1,0.0,0.0,0.0,0.0
2110,2722,2,0.08,0.0,0.88,0.8836288813749809,1000.0,1,0.0,0.0,0.0,0.0
2111,2723,2,0.1,0.0,0.88,0.8856635930193811,1000.0,1,0.0,0.0,0.0,0.0
2112,2724,2,0.12,0.0,0.88,0.8881441324469806,1000.0,1,0.0,0.0,0.0,0.0
2113,2725,2,0.14,0.0,0.88,0.8910667763978185,1000.0,1,0.0,0.0,0.0,0.0
2114,2726,2,0.16,0.0,0.88,0.8944271909999159,1000.0,1,0.0,0.0,0.0,0.0
2115,2727,2,0.18,0.0,0.88,0.8982204629154248,1000.0,1,0.0,0.0,0.0,0.0
2116,2728,2,0.2,0.0,0.88,0.9024411338142783,1000.0,1,0.0,0.0,0.0,0.0
2117,2729,2,0.22,0.0,0.88,0.9070832376358853,1000.0,1,0.0,0.0,0.0,0.0
2118,2730,2,0.24,0.0,0.88,0.9121403400793103,1000.0,1,0.0,0.0,0.0,0.0
2119,2731,2,0.26,0.0,0.88,0.9176055797563569,1000.0,1,0.0,0.0,0.0,0.0
2120,2732,2,0.28,0.0,0.88,0.9234717104492156,1000.0,1,0.0,0.0,0.0,0.0
2121,2733,2,0.3,0.0,0.88,0.9297311439335567,1000.0,1,0.0,0.0,0.0,0.0
2122,2734,2,0.32,0.0,0.88,0.93637599285757,1000.0,1,0.0,0.0,0.0,0.0
2123,2735,2,0.34,0.0,0.88,0.9433981132056604,1000.0,1,0.0,0.0,0.0,0.0
2124,2736,2,0.36,0.0,0.88,0.950789145920377,1000.0,1,0.0,0.0,0.0,0.0
2125,2737,2,0.38,0.0,0.88,0.9585405573057407,1000.0,1,0.0,0.0,0.0,0.0
2126,2738,2,0.4,0.0,0.88,0.9666436778875658,1000.0,1,0.0,0.0,0.0,0.0
2127,2739,2,0.42,0.0,0.88,0.9750897394599125,1000.0,1,0.0,0.0,0.0,0.0
2128,2740,2,0.44,0.0,0.88,0.9838699100999074,1000.0,1,0.0,0.0,0.0,0.0
2129,2741,2,0.46,0.0,0.88,0.9929753269845127,1000.0,1,0.0,0.0,0.0,0.0
2130,2742,2,0.48,0.0,0.88,1.0023971268913334,1000.0,1,0.0,0.0,0.0,0.0
2131,2743,2,0.5,0.0,0.88,1.0121264743103997,1000.0,1,0.0,0.0,0.0,0.0
2132,2744,2,0.52,0.0,0.88,1.022154587134451,1000.0,1,0.0,0.0,0.0,0.0
2133,2745,2,0.54,0.0,0.88,1.0324727599312244,1000.0,1,0.0,0.0,0.0,0.0
2134,2746,2,0.56,0.0,0.88,1.043072384832424,1000.0,1,0.0,0.0,0.0,0.0
2135,2747,2,0.58,0.0,0.88,1.0539449701004318,1000.0,1,0.0,0.0,0.0,0.0
2136,2748,2,0.6,0.0,0.88,1.0650821564555477,1000.0,1,0.0,0.0,0.0,0.0
2137,2749,2,0.62,0.0,0.88,1.0764757312638311,1000.0,1,0.0,0.0,0.0,0.0
2138,2750,2,0.64,0.0,0.88,1.0881176406988355,1000.0,1,0.0,0.0,0.0,0.0
2139,2751,2,0.66,0.0,0.88,1.1,1000.0,1,0.0,0.0,0.0,0.0
2140,2752,2,0.68,0.0,0.88,1.1121151019566275,1000.0,1,0.0,0.0,0.0,0.0
2141,2753,2,0.7,0.0,0.88,1.1244554237496478,1000.0,1,0.0,0.0,0.0,0.0
2142,2754,2,0.72,0.0,0.88,1.1370136322841515,1000.0,1,0.0,0.0,0.0,0.0
2143,2755,2,0.74,0.0,0.88,1.1497825881443848,1000.0,1,0.0,0.0,0.0,0.0
2144,2756,2,0.76,0.0,0.88,1.1627553482998907,1000.0,1,0.0,0.0,0.0,0.0
2145,2757,2,0.78,0.0,0.88,1.175925167687128,1000.0,1,0.0,0.0,0.0,0.0
2146,2758,2,0.8,0.0,0.88,1.1892854997854805,1000.0,1,0.0,0.0,0.0,0.0
2147,2759,2,0.82,0.0,0.88,1.2028299963003914,1000.0,1,0.0,0.0,0.0,0.0
2148,2760,2,0.84,0.0,0.88,1.2165525060596438,1000.0,1,0.0,0.0,0.0,0.0
2149,2761,2,0.86,0.0,0.88,1.2304470732217618,1000.0,1,0.0,0.0,0.0,0.0
2150,2762,2,0.88,0.0,0.88,1.2445079348883237,1000.0,1,0.0,0.0,0.0,0.0
2151,2763,2,0.9,0.0,0.88,1.258729518204765,1000.0,1,0.0,0.0,0.0,0.0
2152,2764,2,0.92,0.0,0.88,1.2731064370271639,1000.0,1,0.0,0.0,0.0,0.0
2153,2765,2,0.94,0.0,0.88,1.2876334882255898,1000.0,1,0.0,0.0,0.0,0.0
2154,2766,2,0.96,0.0,0.88,1.3023056476879764,1000.0,1,0.0,0.0,0.0,0.0
2155,2767,2,0.98,0.0,0.88,1.3171180660821564,1000.0,1,0.0,0.0,0.0,0.0
2156,2768,2,0.02,0.0,0.9,0.9002221947941519,1000.0,1,0.0,0.0,0.0,0.0
2157,2769,2,0.04,0.0,0.9,0.9008884503644167,1000.0,1,0.0,0.0,0.0,0.0
2158,2770,2,0.06,0.0,0.9,0.9019977827023745,1000.0,1,0.0,0.0,0.0,0.0
2159,2771,2,0.08,0.0,0.9,0.9035485598461214,1000.0,1,0.0,0.0,0.0,0.0
2160,2772,2,0.1,0.0,0.9,0.9055385138137417,1000.0,1,0.0,0.0,0.0,0.0
2161,2773,2,0.12,0.0,0.9,0.9079647570252933,1000.0,1,0.0,0.0,0.0,0.0
2162,2774,2,0.14,0.0,0.9,0.910823802938856,1000.0,1,0.0,0.0,0.0,0.0
2163,2775,2,0.16,0.0,0.9,0.9141115905621151,1000.0,1,0.0,0.0,0.0,0.0
2164,2776,2,0.18,0.0,0.9,0.9178235124467012,1000.0,1,0.0,0.0,0.0,0.0
2165,2777,2,0.2,0.0,0.9,0.9219544457292888,1000.0,1,0.0,0.0,0.0,0.0
2166,2778,2,0.22,0.0,0.9,0.9264987857520376,1000.0,1,0.0,0.0,0.0,0.0
2167,2779,2,0.24,0.0,0.9,0.9314504817756014,1000.0,1,0.0,0.0,0.0,0.0
2168,2780,2,0.26,0.0,0.9,0.9368030742904295,1000.0,1,0.0,0.0,0.0,0.0
2169,2781,2,0.28,0.0,0.9,0.9425497334358544,1000.0,1,0.0,0.0,0.0,0.0
2170,2782,2,0.3,0.0,0.9,0.9486832980505138,1000.0,1,0.0,0.0,0.0,0.0
2171,2783,2,0.32,0.0,0.9,0.9551963149007643,1000.0,1,0.0,0.0,0.0,0.0
2172,2784,2,0.34,0.0,0.9,0.9620810776644555,1000.0,1,0.0,0.0,0.0,0.0
2173,2785,2,0.36,0.0,0.9,0.9693296652842107,1000.0,1,0.0,0.0,0.0,0.0
2174,2786,2,0.38,0.0,0.9,0.976933979345585,1000.0,1,0.0,0.0,0.0,0.0
2175,2787,2,0.4,0.0,0.9,0.9848857801796105,1000.0,1,0.0,0.0,0.0,0.0
2176,2788,2,0.42,0.0,0.9,0.993176721434811,1000.0,1,0.0,0.0,0.0,0.0
2177,2789,2,0.44,0.0,0.9,1.0017983829094554,1000.0,1,0.0,0.0,0.0,0.0
2178,2790,2,0.46,0.0,0.9,1.0107423014794623,1000.0,1,0.0,0.0,0.0,0.0
2179,2791,2,0.48,0.0,0.9,1.02,1000.0,1,0.0,0.0,0.0,0.0
2180,2792,2,0.5,0.0,0.9,1.0295630140987,1000.0,1,0.0,0.0,0.0,0.0
2181,2793,2,0.52,0.0,0.9,1.0394229168149027,1000.0,1,0.0,0.0,0.0,0.0
2182,2794,2,0.54,0.0,0.9,1.049571341072154,1000.0,1,0.0,0.0,0.0,0.0
2183,2795,2,0.56,0.0,0.9,1.06,1000.0,1,0.0,0.0,0.0,0.0
2184,2796,2,0.58,0.0,0.9,1.0707007051459339,1000.0,1,0.0,0.0,0.0,0.0
2185,2797,2,0.6,0.0,0.9,1.0816653826391966,1000.0,1,0.0,0.0,0.0,0.0
2186,2798,2,0.62,0.0,0.9,1.09288608738514,1000.0,1,0.0,0.0,0.0,0.0
2187,2799,2,0.64,0.0,0.9,1.1043550153822819,1000.0,1,0.0,0.0,0.0,0.0
2188,2800,2,0.66,0.0,0.9,1.1160645142642964,1000.0,1,0.0,0.0,0.0,0.0
2189,2801,2,0.68,0.0,0.9,1.128007092176286,1000.0,1,0.0,0.0,0.0,0.0
2190,2802,2,0.7,0.0,0.9,1.140175425099138,1000.0,1,0.0,0.0,0.0,0.0
2191,2803,2,0.72,0.0,0.9,1.1525623627379127,1000.0,1,0.0,0.0,0.0,0.0
2192,2804,2,0.74,0.0,0.9,1.1651609330903607,1000.0,1,0.0,0.0,0.0,0.0
2193,2805,2,0.76,0.0,0.9,1.1779643458101776,1000.0,1,0.0,0.0,0.0,0.0
2194,2806,2,0.78,0.0,0.9,1.1909659944767526,1000.0,1,0.0,0.0,0.0,0.0
2195,2807,2,0.8,0.0,0.9,1.2041594578792296,1000.0,1,0.0,0.0,0.0,0.0
2196,2808,2,0.82,0.0,0.9,1.217538500417954,1000.0,1,0.0,0.0,0.0,0.0
2197,2809,2,0.84,0.0,0.9,1.2310970717209915,1000.0,1,0.0,0.0,0.0,0.0
2198,2810,2,0.86,0.0,0.9,1.2448293055676347,1000.0,1,0.0,0.0,0.0,0.0
2199,2811,2,0.88,0.0,0.9,1.258729518204765,1000.0,1,0.0,0.0,0.0,0.0
2200,2812,2,0.9,0.0,0.9,1.2727922061357855,1000.0,1,0.0,0.0,0.0,0.0
2201,2813,2,0.92,0.0,0.9,1.2870120434556935,1000.0,1,0.0,0.0,0.0,0.0
2202,2814,2,0.94,0.0,0.9,1.3013838787997951,1000.0,1,0.0,0.0,0.0,0.0
2203,2815,2,0.96,0.0,0.9,1.3159027319676786,1000.0,1,0.0,0.0,0.0,0.0
2204,2816,2,0.98,0.0,0.9,1.3305637902783918,1000.0,1,0.0,0.0,0.0,0.0
2205,2817,2,0.02,0.0,0.92,0.9202173656261873,1000.0,1,0.0,0.0,0.0,0.0
2206,2818,2,0.04,0.0,0.92,0.9208691546577071,1000.0,1,0.0,0.0,0.0,0.0
2207,2819,2,0.06,0.0,0.92,0.9219544457292888,1000.0,1,0.0,0.0,0.0,0.0
2208,2820,2,0.08,0.0,0.92,0.9234717104492156,1000.0,1,0.0,0.0,0.0,0.0
2209,2821,2,0.1,0.0,0.92,0.9254188241007419,1000.0,1,0.0,0.0,0.0,0.0
2210,2822,2,0.12,0.0,0.92,0.9277930803794562,1000.0,1,0.0,0.0,0.0,0.0
2211,2823,2,0.14,0.0,0.92,0.9305912099305473,1000.0,1,0.0,0.0,0.0,0.0
2212,2824,2,0.16,0.0,0.92,0.9338094023943002,1000.0,1,0.0,0.0,0.0,0.0
2213,2825,2,0.18,0.0,0.92,0.9374433316206372,1000.0,1,0.0,0.0,0.0,0.0
2214,2826,2,0.2,0.0,0.92,0.9414881836751856,1000.0,1,0.0,0.0,0.0,0.0
2215,2827,2,0.22,0.0,0.92,0.9459386872308374,1000.0,1,0.0,0.0,0.0,0.0
2216,2828,2,0.24,0.0,0.92,0.950789145920377,1000.0,1,0.0,0.0,0.0,0.0
2217,2829,2,0.26,0.0,0.92,0.9560334722173696,1000.0,1,0.0,0.0,0.0,0.0
2218,2830,2,0.28,0.0,0.92,0.9616652224137047,1000.0,1,0.0,0.0,0.0,0.0
2219,2831,2,0.3,0.0,0.92,0.9676776322722356,1000.0,1,0.0,0.0,0.0,0.0
2220,2832,2,0.32,0.0,0.92,0.9740636529508737,1000.0,1,0.0,0.0,0.0,0.0
2221,2833,2,0.34,0.0,0.92,0.9808159868191383,1000.0,1,0.0,0.0,0.0,0.0
2222,2834,2,0.36,0.0,0.92,0.9879271228182775,1000.0,1,0.0,0.0,0.0,0.0
2223,2835,2,0.38,0.0,0.92,0.9953893710503443,1000.0,1,0.0,0.0,0.0,0.0
2224,2836,2,0.4,0.0,0.92,1.0031948963187562,1000.0,1,0.0,0.0,0.0,0.0
2225,2837,2,0.42,0.0,0.92,1.0113357503816425,1000.0,1,0.0,0.0,0.0,0.0
2226,2838,2,0.44,0.0,0.92,1.019803902718557,1000.0,1,0.0,0.0,0.0,0.0
2227,2839,2,0.46,0.0,0.92,1.0285912696499033,1000.0,1,0.0,0.0,0.0,0.0
2228,2840,2,0.48,0.0,0.92,1.0376897416858277,1000.0,1,0.0,0.0,0.0,0.0
2229,2841,2,0.5,0.0,0.92,1.047091209016674,1000.0,1,0.0,0.0,0.0,0.0
2230,2842,2,0.52,0.0,0.92,1.0567875850898325,1000.0,1,0.0,0.0,0.0,0.0
2231,2843,2,0.54,0.0,0.92,1.066770828247567,1000.0,1,0.0,0.0,0.0,0.0
2232,2844,2,0.56,0.0,0.92,1.077032961426901,1000.0,1,0.0,0.0,0.0,0.0
2233,2845,2,0.58,0.0,0.92,1.087566089945802,1000.0,1,0.0,0.0,0.0,0.0
2234,2846,2,0.6,0.0,0.92,1.0983624174196784,1000.0,1,0.0,0.0,0.0,0.0
2235,2847,2,0.62,0.0,0.92,1.1094142598686931,1000.0,1,0.0,0.0,0.0,0.0
2236,2848,2,0.64,0.0,0.92,1.1207140580897519,1000.0,1,0.0,0.0,0.0,0.0
2237,2849,2,0.66,0.0,0.92,1.132254388377453,1000.0,1,0.0,0.0,0.0,0.0
2238,2850,2,0.68,0.0,0.92,1.1440279716860073,1000.0,1,0.0,0.0,0.0,0.0
2239,2851,2,0.7,0.0,0.92,1.156027681329474,1000.0,1,0.0,0.0,0.0,0.0
2240,2852,2,0.72,0.0,0.92,1.1682465493208187,1000.0,1,0.0,0.0,0.0,0.0
2241,2853,2,0.74,0.0,0.92,1.1806777714516354,1000.0,1,0.0,0.0,0.0,0.0
2242,2854,2,0.76,0.0,0.92,1.1933147112141038,1000.0,1,0.0,0.0,0.0,0.0
2243,2855,2,0.78,0.0,0.92,1.2061509026651682,1000.0,1,0.0,0.0,0.0,0.0
2244,2856,2,0.8,0.0,0.92,1.2191800523302536,1000.0,1,0.0,0.0,0.0,0.0
2245,2857,2,0.82,0.0,0.92,1.2323960402403116,1000.0,1,0.0,0.0,0.0,0.0
2246,2858,2,0.84,0.0,0.92,1.245792920191795,1000.0,1,0.0,0.0,0.0,0.0
2247,2859,2,0.86,0.0,0.92,1.2593649193144931,1000.0,1,0.0,0.0,0.0,0.0
2248,2860,2,0.88,0.0,0.92,1.2731064370271639,1000.0,1,0.0,0.0,0.0,0.0
2249,2861,2,0.9,0.0,0.92,1.2870120434556935,1000.0,1,0.0,0.0,0.0,0.0
2250,2862,2,0.92,0.0,0.92,1.3010764773832475,1000.0,1,0.0,0.0,0.0,0.0
2251,2863,2,0.94,0.0,0.92,1.3152946437965904,1000.0,1,0.0,0.0,0.0,0.0
2252,2864,2,0.96,0.0,0.92,1.329661611087573,1000.0,1,0.0,0.0,0.0,0.0
2253,2865,2,0.98,0.0,0.92,1.3441726079637242,1000.0,1,0.0,0.0,0.0,0.0
2254,2866,2,0.02,0.0,0.94,0.9402127418834526,1000.0,1,0.0,0.0,0.0,0.0
2255,2867,2,0.04,0.0,0.94,0.940850678907126,1000.0,1,0.0,0.0,0.0,0.0
2256,2868,2,0.06,0.0,0.94,0.9419129471453294,1000.0,1,0.0,0.0,0.0,0.0
2257,2869,2,0.08,0.0,0.94,0.9433981132056604,1000.0,1,0.0,0.0,0.0,0.0
2258,2870,2,0.1,0.0,0.94,0.9453041838477179,1000.0,1,0.0,0.0,0.0,0.0
2259,2871,2,0.12,0.0,0.94,0.9476286192385707,1000.0,1,0.0,0.0,0.0,0.0
2260,2872,2,0.14,0.0,0.94,0.9503683496413377,1000.0,1,0.0,0.0,0.0,0.0
2261,2873,2,0.16,0.0,0.94,0.9535197952848173,1000.0,1,0.0,0.0,0.0,0.0
2262,2874,2,0.18,0.0,0.94,0.9570788891204318,1000.0,1,0.0,0.0,0.0,0.0
2263,2875,2,0.2,0.0,0.94,0.9610411021387171,1000.0,1,0.0,0.0,0.0,0.0
2264,2876,2,0.22,0.0,0.94,0.9654014708917735,1000.0,1,0.0,0.0,0.0,0.0
2265,2877,2,0.24,0.0,0.94,0.9701546268507922,1000.0,1,0.0,0.0,0.0,0.0
2266,2878,2,0.26,0.0,0.94,0.9752948272189287,1000.0,1,0.0,0.0,0.0,0.0
2267,2879,2,0.28,0.0,0.94,0.9808159868191383,1000.0,1,0.0,0.0,0.0,0.0
2268,2880,2,0.3,0.0,0.94,0.9867117106835207,1000.0,1,0.0,0.0,0.0,0.0
2269,2881,2,0.32,0.0,0.94,0.9929753269845127,1000.0,1,0.0,0.0,0.0,0.0
2270,2882,2,0.34,0.0,0.94,0.999599919967984,1000.0,1,0.0,0.0,0.0,0.0
2271,2883,2,0.36,0.0,0.94,1.0065783625729294,1000.0,1,0.0,0.0,0.0,0.0
2272,2884,2,0.38,0.0,0.94,1.0139033484509261,1000.0,1,0.0,0.0,0.0,0.0
2273,2885,2,0.4,0.0,0.94,1.0215674231297707,1000.0,1,0.0,0.0,0.0,0.0
2274,2886,2,0.42,0.0,0.94,1.0295630140987,1000.0,1,0.0,0.0,0.0,0.0
2275,2887,2,0.44,0.0,0.94,1.0378824596263296,1000.0,1,0.0,0.0,0.0,0.0
2276,2888,2,0.46,0.0,0.94,1.0465180361560904,1000.0,1,0.0,0.0,0.0,0.0
2277,2889,2,0.48,0.0,0.94,1.0554619841567008,1000.0,1,0.0,0.0,0.0,0.0
2278,2890,2,0.5,0.0,0.94,1.0647065323364933,1000.0,1,0.0,0.0,0.0,0.0
2279,2891,2,0.52,0.0,0.94,1.0742439201596627,1000.0,1,0.0,0.0,0.0,0.0
2280,2892,2,0.54,0.0,0.94,1.0840664186294122,1000.0,1,0.0,0.0,0.0,0.0
2281,2893,2,0.56,0.0,0.94,1.0941663493271945,1000.0,1,0.0,0.0,0.0,0.0
2282,2894,2,0.58,0.0,0.94,1.104536101718726,1000.0,1,0.0,0.0,0.0,0.0
2283,2895,2,0.6,0.0,0.94,1.1151681487560519,1000.0,1,0.0,0.0,0.0,0.0
2284,2896,2,0.62,0.0,0.94,1.1260550608207398,1000.0,1,0.0,0.0,0.0,0.0
2285,2897,2,0.64,0.0,0.94,1.1371895180663598,1000.0,1,0.0,0.0,0.0,0.0
2286,2898,2,0.66,0.0,0.94,1.1485643212288983,1000.0,1,0.0,0.0,0.0,0.0
2287,2899,2,0.68,0.0,0.94,1.1601724009818541,1000.0,1,0.0,0.0,0.0,0.0
2288,2900,2,0.7,0.0,0.94,1.1720068259186889,1000.0,1,0.0,0.0,0.0,0.0
2289,2901,2,0.72,0.0,0.94,1.1840608092492546,1000.0,1,0.0,0.0,0.0,0.0
2290,2902,2,0.74,0.0,0.94,1.1963277142990545,1000.0,1,0.0,0.0,0.0,0.0
2291,2903,2,0.76,0.0,0.94,1.208801058900926,1000.0,1,0.0,0.0,0.0,0.0
2292,2904,2,0.78,0.0,0.94,1.2214745187681977,1000.0,1,0.0,0.0,0.0,0.0
2293,2905,2,0.8,0.0,0.94,1.234341929936758,1000.0,1,0.0,0.0,0.0,0.0
2294,2906,2,0.82,0.0,0.94,1.247397290361014,1000.0,1,0.0,0.0,0.0,0.0
2295,2907,2,0.84,0.0,0.94,1.260634760745554,1000.0,1,0.0,0.0,0.0,0.0
2296,2908,2,0.86,0.0,0.94,1.2740486646906388,1000.0,1,0.0,0.0,0.0,0.0
2297,2909,2,0.88,0.0,0.94,1.2876334882255898,1000.0,1,0.0,0.0,0.0,0.0
2298,2910,2,0.9,0.0,0.94,1.3013838787997951,1000.0,1,0.0,0.0,0.0,0.0
2299,2911,2,0.92,0.0,0.94,1.3152946437965904,1000.0,1,0.0,0.0,0.0,0.0
2300,2912,2,0.94,0.0,0.94,1.3293607486307093,1000.0,1,0.0,0.0,0.0,0.0
2301,2913,2,0.96,0.0,0.94,1.3435773144854746,1000.0,1,0.0,0.0,0.0,0.0
2302,2914,2,0.98,0.0,0.94,1.3579396157414363,1000.0,1,0.0,0.0,0.0,0.0
