"Idp","Mk","Normal:0","Normal:1","Normal:2","NormalSize","Points:0","Points:1","Points:2"
0,1,0.015,0.0,0.005,0.015811388300841896,-0.01,0.0,0.0
1,1,0.01,0.0,0.005,0.011180339887498949,-0.005,0.0,0.0
2,1,0.005,0.0,0.005,0.007071067811865475,0.0,0.0,0.0
3,1,0.0,0.0,0.005,0.005,0.005,0.0,0.0
4,1,0.0,0.0,0.005,0.005,0.01,0.0,0.0
5,1,0.0,0.0,0.005,0.005,0.015,0.0,0.0
6,1,0.0,0.0,0.005,0.005,0.02,0.0,0.0
7,1,0.0,0.0,0.005,0.005,0.025,0.0,0.0
8,1,0.0,0.0,0.005,0.005,0.03,0.0,0.0
9,1,0.0,0.0,0.005,0.005,0.035,0.0,0.0
10,1,0.0,0.0,0.005,0.005,0.04,0.0,0.0
11,1,0.0,0.0,0.005,0.005,0.045,0.0,0.0
12,1,0.0,0.0,0.005,0.005,0.05,0.0,0.0
13,1,0.0,0.0,0.005,0.005,0.055,0.0,0.0
14,1,0.0,0.0,0.005,0.005,0.06,0.0,0.0
15,1,0.0,0.0,0.005,0.005,0.065,0.0,0.0
16,1,0.0,0.0,0.005,0.005,0.07,0.0,0.0
17,1,0.0,0.0,0.005,0.005,0.075,0.0,0.0
18,1,0.0,0.0,0.005,0.005,0.08,0.0,0.0
19,1,0.0,0.0,0.005,0.005,0.085,0.0,0.0
20,1,0.0,0.0,0.005,0.005,0.09,0.0,0.0
21,1,0.0,0.0,0.005,0.005,0.095,0.0,0.0
22,1,0.0,0.0,0.005,0.005,0.1,0.0,0.0
23,1,0.0,0.0,0.005,0.005,0.105,0.0,0.0
24,1,0.0,0.0,0.005,0.005,0.11,0.0,0.0
25,1,0.0,0.0,0.005,0.005,0.115,0.0,0.0
26,1,0.0,0.0,0.005,0.005,0.12,0.0,0.0
27,1,0.0,0.0,0.005,0.005,0.125,0.0,0.0
28,1,0.0,0.0,0.005,0.005,0.13,0.0,0.0
29,1,0.0,0.0,0.005,0.005,0.135,0.0,0.0
30,1,0.0,0.0,0.005,0.005,0.14,0.0,0.0
31,1,0.0,0.0,0.005,0.005,0.145,0.0,0.0
32,1,0.0,0.0,0.005,0.005,0.15,0.0,0.0
33,1,0.0,0.0,0.005,0.005,0.155,0.0,0.0
34,1,0.0,0.0,0.005,0.005,0.16,0.0,0.0
35,1,0.0,0.0,0.005,0.005,0.165,0.0,0.0
36,1,0.0,0.0,0.005,0.005,0.17,0.0,0.0
37,1,0.0,0.0,0.005,0.005,0.175,0.0,0.0
38,1,0.0,0.0,0.005,0.005,0.18,0.0,0.0
39,1,0.0,0.0,0.005,0.005,0.185,0.0,0.0
40,1,0.0,0.0,0.005,0.005,0.19,0.0,0.0
41,1,0.0,0.0,0.005,0.005,0.195,0.0,0.0
42,1,0.0,0.0,0.005,0.005,0.2,0.0,0.0
43,1,0.0,0.0,0.005,0.005,0.205,0.0,0.0
44,1,0.0,0.0,0.005,0.005,0.21,0.0,0.0
45,1,0.0,0.0,0.005,0.005,0.215,0.0,0.0
46,1,0.0,0.0,0.005,0.005,0.22,0.0,0.0
47,1,0.0,0.0,0.005,0.005,0.225,0.0,0.0
48,1,0.0,0.0,0.005,0.005,0.23,0.0,0.0
49,1,0.0,0.0,0.005,0.005,0.235,0.0,0.0
50,1,0.0,0.0,0.005,0.005,0.24,0.0,0.0
51,1,0.0,0.0,0.005,0.005,0.245,0.0,0.0
52,1,0.0,0.0,0.005,0.005,0.25,0.0,0.0
53,1,0.0,0.0,0.005,0.005,0.255,0.0,0.0
54,1,0.0,0.0,0.005,0.005,0.26,0.0,0.0
55,1,0.0,0.0,0.005,0.005,0.265,0.0,0.0
56,1,0.0,0.0,0.005,0.005,0.27,0.0,0.0
57,1,0.0,0.0,0.005,0.005,0.275,0.0,0.0
58,1,0.0,0.0,0.005,0.005,0.28,0.0,0.0
59,1,0.0,0.0,0.005,0.005,0.285,0.0,0.0
60,1,0.0,0.0,0.005,0.005,0.29,0.0,0.0
61,1,0.0,0.0,0.005,0.005,0.295,0.0,0.0
62,1,0.0,0.0,0.005,0.005,0.3,0.0,0.0
63,1,0.0,0.0,0.005,0.005,0.305,0.0,0.0
64,1,0.0,0.0,0.005,0.005,0.31,0.0,0.0
65,1,0.0,0.0,0.005,0.005,0.315,0.0,0.0
66,1,0.0,0.0,0.005,0.005,0.32,0.0,0.0
67,1,0.0,0.0,0.005,0.005,0.325,0.0,0.0
68,1,0.0,0.0,0.005,0.005,0.33,0.0,0.0
69,1,0.0,0.0,0.005,0.005,0.335,0.0,0.0
70,1,0.0,0.0,0.005,0.005,0.34,0.0,0.0
71,1,0.0,0.0,0.005,0.005,0.345,0.0,0.0
72,1,0.0,0.0,0.005,0.005,0.35,0.0,0.0
73,1,0.0,0.0,0.005,0.005,0.355,0.0,0.0
74,1,0.0,0.0,0.005,0.005,0.36,0.0,0.0
75,1,0.0,0.0,0.005,0.005,0.365,0.0,0.0
76,1,0.0,0.0,0.005,0.005,0.37,0.0,0.0
77,1,0.0,0.0,0.005,0.005,0.375,0.0,0.0
78,1,0.0,0.0,0.005,0.005,0.38,0.0,0.0
79,1,0.0,0.0,0.005,0.005,0.385,0.0,0.0
80,1,0.0,0.0,0.005,0.005,0.39,0.0,0.0
81,1,0.0,0.0,0.005,0.005,0.395,0.0,0.0
82,1,0.0,0.0,0.005,0.005,0.4,0.0,0.0
83,1,0.0,0.0,0.005,0.005,0.405,0.0,0.0
84,1,0.0,0.0,0.005,0.005,0.41,0.0,0.0
85,1,0.0,0.0,0.005,0.005,0.415,0.0,0.0
86,1,0.0,0.0,0.005,0.005,0.42,0.0,0.0
87,1,0.0,0.0,0.005,0.005,0.425,0.0,0.0
88,1,0.0,0.0,0.005,0.005,0.43,0.0,0.0
89,1,0.0,0.0,0.005,0.005,0.435,0.0,0.0
90,1,0.0,0.0,0.005,0.005,0.44,0.0,0.0
91,1,0.0,0.0,0.005,0.005,0.445,0.0,0.0
92,1,0.0,0.0,0.005,0.005,0.45,0.0,0.0
93,1,0.0,0.0,0.005,0.005,0.455,0.0,0.0
94,1,0.0,0.0,0.005,0.005,0.46,0.0,0.0
95,1,0.0,0.0,0.005,0.005,0.465,0.0,0.0
96,1,0.0,0.0,0.005,0.005,0.47,0.0,0.0
97,1,0.0,0.0,0.005,0.005,0.475,0.0,0.0
98,1,0.0,0.0,0.005,0.005,0.48,0.0,0.0
99,1,0.0,0.0,0.005,0.005,0.485,0.0,0.0
100,1,0.0,0.0,0.005,0.005,0.49,0.0,0.0
101,1,0.0,0.0,0.005,0.005,0.495,0.0,0.0
102,1,0.0,0.0,0.005,0.005,0.5,0.0,0.0
103,1,0.0,0.0,0.005,0.005,0.505,0.0,0.0
104,1,0.0,0.0,0.005,0.005,0.51,0.0,0.0
105,1,0.0,0.0,0.005,0.005,0.515,0.0,0.0
106,1,0.0,0.0,0.005,0.005,0.52,0.0,0.0
107,1,0.0,0.0,0.005,0.005,0.525,0.0,0.0
108,1,0.0,0.0,0.005,0.005,0.53,0.0,0.0
109,1,0.0,0.0,0.005,0.005,0.535,0.0,0.0
110,1,0.0,0.0,0.005,0.005,0.54,0.0,0.0
111,1,0.0,0.0,0.005,0.005,0.545,0.0,0.0
112,1,0.0,0.0,0.005,0.005,0.55,0.0,0.0
113,1,0.0,0.0,0.005,0.005,0.555,0.0,0.0
114,1,0.0,0.0,0.005,0.005,0.56,0.0,0.0
115,1,0.0,0.0,0.005,0.005,0.565,0.0,0.0
116,1,0.0,0.0,0.005,0.005,0.57,0.0,0.0
117,1,0.0,0.0,0.005,0.005,0.575,0.0,0.0
118,1,0.0,0.0,0.005,0.005,0.58,0.0,0.0
119,1,0.0,0.0,0.005,0.005,0.585,0.0,0.0
120,1,0.0,0.0,0.005,0.005,0.59,0.0,0.0
121,1,0.0,0.0,0.005,0.005,0.595,0.0,0.0
122,1,0.0,0.0,0.005,0.005,0.6,0.0,0.0
123,1,0.0,0.0,0.005,0.005,0.605,0.0,0.0
124,1,0.0,0.0,0.005,0.005,0.61,0.0,0.0
125,1,0.0,0.0,0.005,0.005,0.615,0.0,0.0
126,1,0.0,0.0,0.005,0.005,0.62,0.0,0.0
127,1,0.0,0.0,0.005,0.005,0.625,0.0,0.0
128,1,0.0,0.0,0.005,0.005,0.63,0.0,0.0
129,1,0.0,0.0,0.005,0.005,0.635,0.0,0.0
130,1,0.0,0.0,0.005,0.005,0.64,0.0,0.0
131,1,0.0,0.0,0.005,0.005,0.645,0.0,0.0
132,1,0.0,0.0,0.005,0.005,0.65,0.0,0.0
133,1,0.0,0.0,0.005,0.005,0.655,0.0,0.0
134,1,0.0,0.0,0.005,0.005,0.66,0.0,0.0
135,1,0.0,0.0,0.005,0.005,0.665,0.0,0.0
136,1,0.0,0.0,0.005,0.005,0.67,0.0,0.0
137,1,0.0,0.0,0.005,0.005,0.675,0.0,0.0
138,1,0.0,0.0,0.005,0.005,0.68,0.0,0.0
139,1,0.0,0.0,0.005,0.005,0.685,0.0,0.0
140,1,0.0,0.0,0.005,0.005,0.69,0.0,0.0
141,1,0.0,0.0,0.005,0.005,0.695,0.0,0.0
142,1,0.0,0.0,0.005,0.005,0.7,0.0,0.0
143,1,0.0,0.0,0.005,0.005,0.705,0.0,0.0
144,1,0.0,0.0,0.005,0.005,0.71,0.0,0.0
145,1,0.0,0.0,0.005,0.005,0.715,0.0,0.0
146,1,0.0,0.0,0.005,0.005,0.72,0.0,0.0
147,1,0.0,0.0,0.005,0.005,0.725,0.0,0.0
148,1,0.0,0.0,0.005,0.005,0.73,0.0,0.0
149,1,0.0,0.0,0.005,0.005,0.735,0.0,0.0
150,1,0.0,0.0,0.005,0.005,0.74,0.0,0.0
151,1,0.0,0.0,0.005,0.005,0.745,0.0,0.0
152,1,0.0,0.0,0.005,0.005,0.75,0.0,0.0
153,1,0.0,0.0,0.005,0.005,0.755,0.0,0.0
154,1,0.0,0.0,0.005,0.005,0.76,0.0,0.0
155,1,0.0,0.0,0.005,0.005,0.765,0.0,0.0
156,1,0.0,0.0,0.005,0.005,0.77,0.0,0.0
157,1,0.0,0.0,0.005,0.005,0.775,0.0,0.0
158,1,0.0,0.0,0.005,0.005,0.78,0.0,0.0
159,1,0.0,0.0,0.005,0.005,0.785,0.0,0.0
160,1,0.0,0.0,0.005,0.005,0.79,0.0,0.0
161,1,0.0,0.0,0.005,0.005,0.795,0.0,0.0
162,1,0.0,0.0,0.005,0.005,0.8,0.0,0.0
163,1,0.0,0.0,0.005,0.005,0.805,0.0,0.0
164,1,0.0,0.0,0.005,0.005,0.81,0.0,0.0
165,1,0.0,0.0,0.005,0.005,0.815,0.0,0.0
166,1,0.0,0.0,0.005,0.005,0.82,0.0,0.0
167,1,0.0,0.0,0.005,0.005,0.825,0.0,0.0
168,1,0.0,0.0,0.005,0.005,0.83,0.0,0.0
169,1,0.0,0.0,0.005,0.005,0.835,0.0,0.0
170,1,0.0,0.0,0.005,0.005,0.84,0.0,0.0
171,1,0.0,0.0,0.005,0.005,0.845,0.0,0.0
172,1,0.0,0.0,0.005,0.005,0.85,0.0,0.0
173,1,0.0,0.0,0.005,0.005,0.855,0.0,0.0
174,1,0.0,0.0,0.005,0.005,0.86,0.0,0.0
175,1,0.0,0.0,0.005,0.005,0.865,0.0,0.0
176,1,0.0,0.0,0.005,0.005,0.87,0.0,0.0
177,1,0.0,0.0,0.005,0.005,0.875,0.0,0.0
178,1,0.0,0.0,0.005,0.005,0.88,0.0,0.0
179,1,0.0,0.0,0.005,0.005,0.885,0.0,0.0
180,1,0.0,0.0,0.005,0.005,0.89,0.0,0.0
181,1,0.0,0.0,0.005,0.005,0.895,0.0,0.0
182,1,0.0,0.0,0.005,0.005,0.9,0.0,0.0
183,1,0.0,0.0,0.005,0.005,0.905,0.0,0.0
184,1,0.0,0.0,0.005,0.005,0.91,0.0,0.0
185,1,0.0,0.0,0.005,0.005,0.915,0.0,0.0
186,1,0.0,0.0,0.005,0.005,0.92,0.0,0.0
187,1,0.0,0.0,0.005,0.005,0.925,0.0,0.0
188,1,0.0,0.0,0.005,0.005,0.93,0.0,0.0
189,1,0.0,0.0,0.005,0.005,0.935,0.0,0.0
190,1,0.0,0.0,0.005,0.005,0.94,0.0,0.0
191,1,0.0,0.0,0.005,0.005,0.945,0.0,0.0
192,1,0.0,0.0,0.005,0.005,0.95,0.0,0.0
193,1,0.0,0.0,0.005,0.005,0.955,0.0,0.0
194,1,0.0,0.0,0.005,0.005,0.96,0.0,0.0
195,1,0.0,0.0,0.005,0.005,0.965,0.0,0.0
196,1,0.0,0.0,0.005,0.005,0.97,0.0,0.0
197,1,0.0,0.0,0.005,0.005,0.975,0.0,0.0
198,1,0.0,0.0,0.005,0.005,0.98,0.0,0.0
199,1,0.0,0.0,0.005,0.005,0.985,0.0,0.0
200,1,0.0,0.0,0.005,0.005,0.99,0.0,0.0
201,1,0.0,0.0,0.005,0.005,0.995,0.0,0.0
202,1,-0.0050000000000000044,0.0,0.005,0.007071067811865479,1.0,0.0,0.0
203,1,-0.009999999999999898,0.0,0.005,0.011180339887498858,1.005,0.0,0.0
204,1,-0.015000000000000013,0.0,0.005,0.01581138830084191,1.01,0.0,0.0
205,1,0.015,0.0,0.01,0.018027756377319945,-0.01,0.0,-0.005
206,1,0.01,0.0,0.01,0.01414213562373095,-0.005,0.0,-0.005
207,1,0.005,0.0,0.01,0.011180339887498949,0.0,0.0,-0.005
208,1,0.0,0.0,0.01,0.01,0.005,0.0,-0.005
209,1,0.0,0.0,0.01,0.01,0.01,0.0,-0.005
210,1,0.0,0.0,0.01,0.01,0.015,0.0,-0.005
211,1,0.0,0.0,0.01,0.01,0.02,0.0,-0.005
212,1,0.0,0.0,0.01,0.01,0.025,0.0,-0.005
213,1,0.0,0.0,0.01,0.01,0.03,0.0,-0.005
214,1,0.0,0.0,0.01,0.01,0.035,0.0,-0.005
215,1,0.0,0.0,0.01,0.01,0.04,0.0,-0.005
216,1,0.0,0.0,0.01,0.01,0.045,0.0,-0.005
217,1,0.0,0.0,0.01,0.01,0.05,0.0,-0.005
218,1,0.0,0.0,0.01,0.01,0.055,0.0,-0.005
219,1,0.0,0.0,0.01,0.01,0.06,0.0,-0.005
220,1,0.0,0.0,0.01,0.01,0.065,0.0,-0.005
221,1,0.0,0.0,0.01,0.01,0.07,0.0,-0.005
222,1,0.0,0.0,0.01,0.01,0.075,0.0,-0.005
223,1,0.0,0.0,0.01,0.01,0.08,0.0,-0.005
224,1,0.0,0.0,0.01,0.01,0.085,0.0,-0.005
225,1,0.0,0.0,0.01,0.01,0.09,0.0,-0.005
226,1,0.0,0.0,0.01,0.01,0.095,0.0,-0.005
227,1,0.0,0.0,0.01,0.01,0.1,0.0,-0.005
228,1,0.0,0.0,0.01,0.01,0.105,0.0,-0.005
229,1,0.0,0.0,0.01,0.01,0.11,0.0,-0.005
230,1,0.0,0.0,0.01,0.01,0.115,0.0,-0.005
231,1,0.0,0.0,0.01,0.01,0.12,0.0,-0.005
232,1,0.0,0.0,0.01,0.01,0.125,0.0,-0.005
233,1,0.0,0.0,0.01,0.01,0.13,0.0,-0.005
234,1,0.0,0.0,0.01,0.01,0.135,0.0,-0.005
235,1,0.0,0.0,0.01,0.01,0.14,0.0,-0.005
236,1,0.0,0.0,0.01,0.01,0.145,0.0,-0.005
237,1,0.0,0.0,0.01,0.01,0.15,0.0,-0.005
238,1,0.0,0.0,0.01,0.01,0.155,0.0,-0.005
239,1,0.0,0.0,0.01,0.01,0.16,0.0,-0.005
240,1,0.0,0.0,0.01,0.01,0.165,0.0,-0.005
241,1,0.0,0.0,0.01,0.01,0.17,0.0,-0.005
242,1,0.0,0.0,0.01,0.01,0.175,0.0,-0.005
243,1,0.0,0.0,0.01,0.01,0.18,0.0,-0.005
244,1,0.0,0.0,0.01,0.01,0.185,0.0,-0.005
245,1,0.0,0.0,0.01,0.01,0.19,0.0,-0.005
246,1,0.0,0.0,0.01,0.01,0.195,0.0,-0.005
247,1,0.0,0.0,0.01,0.01,0.2,0.0,-0.005
248,1,0.0,0.0,0.01,0.01,0.205,0.0,-0.005
249,1,0.0,0.0,0.01,0.01,0.21,0.0,-0.005
250,1,0.0,0.0,0.01,0.01,0.215,0.0,-0.005
251,1,0.0,0.0,0.01,0.01,0.22,0.0,-0.005
252,1,0.0,0.0,0.01,0.01,0.225,0.0,-0.005
253,1,0.0,0.0,0.01,0.01,0.23,0.0,-0.005
254,1,0.0,0.0,0.01,0.01,0.235,0.0,-0.005
255,1,0.0,0.0,0.01,0.01,0.24,0.0,-0.005
256,1,0.0,0.0,0.01,0.01,0.245,0.0,-0.005
257,1,0.0,0.0,0.01,0.01,0.25,0.0,-0.005
258,1,0.0,0.0,0.01,0.01,0.255,0.0,-0.005
259,1,0.0,0.0,0.01,0.01,0.26,0.0,-0.005
260,1,0.0,0.0,0.01,0.01,0.265,0.0,-0.005
261,1,0.0,0.0,0.01,0.01,0.27,0.0,-0.005
262,1,0.0,0.0,0.01,0.01,0.275,0.0,-0.005
263,1,0.0,0.0,0.01,0.01,0.28,0.0,-0.005
264,1,0.0,0.0,0.01,0.01,0.285,0.0,-0.005
265,1,0.0,0.0,0.01,0.01,0.29,0.0,-0.005
266,1,0.0,0.0,0.01,0.01,0.295,0.0,-0.005
267,1,0.0,0.0,0.01,0.01,0.3,0.0,-0.005
268,1,0.0,0.0,0.01,0.01,0.305,0.0,-0.005
269,1,0.0,0.0,0.01,0.01,0.31,0.0,-0.005
270,1,0.0,0.0,0.01,0.01,0.315,0.0,-0.005
271,1,0.0,0.0,0.01,0.01,0.32,0.0,-0.005
272,1,0.0,0.0,0.01,0.01,0.325,0.0,-0.005
273,1,0.0,0.0,0.01,0.01,0.33,0.0,-0.005
274,1,0.0,0.0,0.01,0.01,0.335,0.0,-0.005
275,1,0.0,0.0,0.01,0.01,0.34,0.0,-0.005
276,1,0.0,0.0,0.01,0.01,0.345,0.0,-0.005
277,1,0.0,0.0,0.01,0.01,0.35,0.0,-0.005
278,1,0.0,0.0,0.01,0.01,0.355,0.0,-0.005
279,1,0.0,0.0,0.01,0.01,0.36,0.0,-0.005
280,1,0.0,0.0,0.01,0.01,0.365,0.0,-0.005
281,1,0.0,0.0,0.01,0.01,0.37,0.0,-0.005
282,1,0.0,0.0,0.01,0.01,0.375,0.0,-0.005
283,1,0.0,0.0,0.01,0.01,0.38,0.0,-0.005
284,1,0.0,0.0,0.01,0.01,0.385,0.0,-0.005
285,1,0.0,0.0,0.01,0.01,0.39,0.0,-0.005
286,1,0.0,0.0,0.01,0.01,0.395,0.0,-0.005
287,1,0.0,0.0,0.01,0.01,0.4,0.0,-0.005
288,1,0.0,0.0,0.01,0.01,0.405,0.0,-0.005
289,1,0.0,0.0,0.01,0.01,0.41,0.0,-0.005
290,1,0.0,0.0,0.01,0.01,0.415,0.0,-0.005
291,1,0.0,0.0,0.01,0.01,0.42,0.0,-0.005
292,1,0.0,0.0,0.01,0.01,0.425,0.0,-0.005
293,1,0.0,0.0,0.01,0.01,0.43,0.0,-0.005
294,1,0.0,0.0,0.01,0.01,0.435,0.0,-0.005
295,1,0.0,0.0,0.01,0.01,0.44,0.0,-0.005
296,1,0.0,0.0,0.01,0.01,0.445,0.0,-0.005
297,1,0.0,0.0,0.01,0.01,0.45,0.0,-0.005
298,1,0.0,0.0,0.01,0.01,0.455,0.0,-0.005
299,1,0.0,0.0,0.01,0.01,0.46,0.0,-0.005
300,1,0.0,0.0,0.01,0.01,0.465,0.0,-0.005
301,1,0.0,0.0,0.01,0.01,0.47,0.0,-0.005
302,1,0.0,0.0,0.01,0.01,0.475,0.0,-0.005
303,1,0.0,0.0,0.01,0.01,0.48,0.0,-0.005
304,1,0.0,0.0,0.01,0.01,0.485,0.0,-0.005
305,1,0.0,0.0,0.01,0.01,0.49,0.0,-0.005
306,1,0.0,0.0,0.01,0.01,0.495,0.0,-0.005
307,1,0.0,0.0,0.01,0.01,0.5,0.0,-0.005
308,1,0.0,0.0,0.01,0.01,0.505,0.0,-0.005
309,1,0.0,0.0,0.01,0.01,0.51,0.0,-0.005
310,1,0.0,0.0,0.01,0.01,0.515,0.0,-0.005
311,1,0.0,0.0,0.01,0.01,0.52,0.0,-0.005
312,1,0.0,0.0,0.01,0.01,0.525,0.0,-0.005
313,1,0.0,0.0,0.01,0.01,0.53,0.0,-0.005
314,1,0.0,0.0,0.01,0.01,0.535,0.0,-0.005
315,1,0.0,0.0,0.01,0.01,0.54,0.0,-0.005
316,1,0.0,0.0,0.01,0.01,0.545,0.0,-0.005
317,1,0.0,0.0,0.01,0.01,0.55,0.0,-0.005
318,1,0.0,0.0,0.01,0.01,0.555,0.0,-0.005
319,1,0.0,0.0,0.01,0.01,0.56,0.0,-0.005
320,1,0.0,0.0,0.01,0.01,0.565,0.0,-0.005
321,1,0.0,0.0,0.01,0.01,0.57,0.0,-0.005
322,1,0.0,0.0,0.01,0.01,0.575,0.0,-0.005
323,1,0.0,0.0,0.01,0.01,0.58,0.0,-0.005
324,1,0.0,0.0,0.01,0.01,0.585,0.0,-0.005
325,1,0.0,0.0,0.01,0.01,0.59,0.0,-0.005
326,1,0.0,0.0,0.01,0.01,0.595,0.0,-0.005
327,1,0.0,0.0,0.01,0.01,0.6,0.0,-0.005
328,1,0.0,0.0,0.01,0.01,0.605,0.0,-0.005
329,1,0.0,0.0,0.01,0.01,0.61,0.0,-0.005
330,1,0.0,0.0,0.01,0.01,0.615,0.0,-0.005
331,1,0.0,0.0,0.01,0.01,0.62,0.0,-0.005
332,1,0.0,0.0,0.01,0.01,0.625,0.0,-0.005
333,1,0.0,0.0,0.01,0.01,0.63,0.0,-0.005
334,1,0.0,0.0,0.01,0.01,0.635,0.0,-0.005
335,1,0.0,0.0,0.01,0.01,0.64,0.0,-0.005
336,1,0.0,0.0,0.01,0.01,0.645,0.0,-0.005
337,1,0.0,0.0,0.01,0.01,0.65,0.0,-0.005
338,1,0.0,0.0,0.01,0.01,0.655,0.0,-0.005
339,1,0.0,0.0,0.01,0.01,0.66,0.0,-0.005
340,1,0.0,0.0,0.01,0.01,0.665,0.0,-0.005
341,1,0.0,0.0,0.01,0.01,0.67,0.0,-0.005
342,1,0.0,0.0,0.01,0.01,0.675,0.0,-0.005
343,1,0.0,0.0,0.01,0.01,0.68,0.0,-0.005
344,1,0.0,0.0,0.01,0.01,0.685,0.0,-0.005
345,1,0.0,0.0,0.01,0.01,0.69,0.0,-0.005
346,1,0.0,0.0,0.01,0.01,0.695,0.0,-0.005
347,1,0.0,0.0,0.01,0.01,0.7,0.0,-0.005
348,1,0.0,0.0,0.01,0.01,0.705,0.0,-0.005
349,1,0.0,0.0,0.01,0.01,0.71,0.0,-0.005
350,1,0.0,0.0,0.01,0.01,0.715,0.0,-0.005
351,1,0.0,0.0,0.01,0.01,0.72,0.0,-0.005
352,1,0.0,0.0,0.01,0.01,0.725,0.0,-0.005
353,1,0.0,0.0,0.01,0.01,0.73,0.0,-0.005
354,1,0.0,0.0,0.01,0.01,0.735,0.0,-0.005
355,1,0.0,0.0,0.01,0.01,0.74,0.0,-0.005
356,1,0.0,0.0,0.01,0.01,0.745,0.0,-0.005
357,1,0.0,0.0,0.01,0.01,0.75,0.0,-0.005
358,1,0.0,0.0,0.01,0.01,0.755,0.0,-0.005
359,1,0.0,0.0,0.01,0.01,0.76,0.0,-0.005
360,1,0.0,0.0,0.01,0.01,0.765,0.0,-0.005
361,1,0.0,0.0,0.01,0.01,0.77,0.0,-0.005
362,1,0.0,0.0,0.01,0.01,0.775,0.0,-0.005
363,1,0.0,0.0,0.01,0.01,0.78,0.0,-0.005
364,1,0.0,0.0,0.01,0.01,0.785,0.0,-0.005
365,1,0.0,0.0,0.01,0.01,0.79,0.0,-0.005
366,1,0.0,0.0,0.01,0.01,0.795,0.0,-0.005
367,1,0.0,0.0,0.01,0.01,0.8,0.0,-0.005
368,1,0.0,0.0,0.01,0.01,0.805,0.0,-0.005
369,1,0.0,0.0,0.01,0.01,0.81,0.0,-0.005
370,1,0.0,0.0,0.01,0.01,0.815,0.0,-0.005
371,1,0.0,0.0,0.01,0.01,0.82,0.0,-0.005
372,1,0.0,0.0,0.01,0.01,0.825,0.0,-0.005
373,1,0.0,0.0,0.01,0.01,0.83,0.0,-0.005
374,1,0.0,0.0,0.01,0.01,0.835,0.0,-0.005
375,1,0.0,0.0,0.01,0.01,0.84,0.0,-0.005
376,1,0.0,0.0,0.01,0.01,0.845,0.0,-0.005
377,1,0.0,0.0,0.01,0.01,0.85,0.0,-0.005
378,1,0.0,0.0,0.01,0.01,0.855,0.0,-0.005
379,1,0.0,0.0,0.01,0.01,0.86,0.0,-0.005
380,1,0.0,0.0,0.01,0.01,0.865,0.0,-0.005
381,1,0.0,0.0,0.01,0.01,0.87,0.0,-0.005
382,1,0.0,0.0,0.01,0.01,0.875,0.0,-0.005
383,1,0.0,0.0,0.01,0.01,0.88,0.0,-0.005
384,1,0.0,0.0,0.01,0.01,0.885,0.0,-0.005
385,1,0.0,0.0,0.01,0.01,0.89,0.0,-0.005
386,1,0.0,0.0,0.01,0.01,0.895,0.0,-0.005
387,1,0.0,0.0,0.01,0.01,0.9,0.0,-0.005
388,1,0.0,0.0,0.01,0.01,0.905,0.0,-0.005
389,1,0.0,0.0,0.01,0.01,0.91,0.0,-0.005
390,1,0.0,0.0,0.01,0.01,0.915,0.0,-0.005
391,1,0.0,0.0,0.01,0.01,0.92,0.0,-0.005
392,1,0.0,0.0,0.01,0.01,0.925,0.0,-0.005
393,1,0.0,0.0,0.01,0.01,0.93,0.0,-0.005
394,1,0.0,0.0,0.01,0.01,0.935,0.0,-0.005
395,1,0.0,0.0,0.01,0.01,0.94,0.0,-0.005
396,1,0.0,0.0,0.01,0.01,0.945,0.0,-0.005
397,1,0.0,0.0,0.01,0.01,0.95,0.0,-0.005
398,1,0.0,0.0,0.01,0.01,0.955,0.0,-0.005
399,1,0.0,0.0,0.01,0.01,0.96,0.0,-0.005
400,1,0.0,0.0,0.01,0.01,0.965,0.0,-0.005
401,1,0.0,0.0,0.01,0.01,0.97,0.0,-0.005
402,1,0.0,0.0,0.01,0.01,0.975,0.0,-0.005
403,1,0.0,0.0,0.01,0.01,0.98,0.0,-0.005
404,1,0.0,0.0,0.01,0.01,0.985,0.0,-0.005
405,1,0.0,0.0,0.01,0.01,0.99,0.0,-0.005
406,1,0.0,0.0,0.01,0.01,0.995,0.0,-0.005
407,1,-0.0050000000000000044,0.0,0.01,0.01118033988749895,1.0,0.0,-0.005
408,1,-0.009999999999999898,0.0,0.01,0.01414213562373088,1.005,0.0,-0.005
409,1,-0.015000000000000013,0.0,0.01,0.01802775637731996,1.01,0.0,-0.005
410,1,0.015,0.0,0.015,0.021213203435596427,-0.01,0.0,-0.01
411,1,0.01,0.0,0.015,0.018027756377319945,-0.005,0.0,-0.01
412,1,0.005,0.0,0.015,0.015811388300841896,0.0,0.0,-0.01
413,1,0.0,0.0,0.015,0.015,0.005,0.0,-0.01
414,1,0.0,0.0,0.015,0.015,0.01,0.0,-0.01
415,1,0.0,0.0,0.015,0.015,0.015,0.0,-0.01
416,1,0.0,0.0,0.015,0.015,0.02,0.0,-0.01
417,1,0.0,0.0,0.015,0.015,0.025,0.0,-0.01
418,1,0.0,0.0,0.015,0.015,0.03,0.0,-0.01
419,1,0.0,0.0,0.015,0.015,0.035,0.0,-0.01
420,1,0.0,0.0,0.015,0.015,0.04,0.0,-0.01
421,1,0.0,0.0,0.015,0.015,0.045,0.0,-0.01
422,1,0.0,0.0,0.015,0.015,0.05,0.0,-0.01
423,1,0.0,0.0,0.015,0.015,0.055,0.0,-0.01
424,1,0.0,0.0,0.015,0.015,0.06,0.0,-0.01
425,1,0.0,0.0,0.015,0.015,0.065,0.0,-0.01
426,1,0.0,0.0,0.015,0.015,0.07,0.0,-0.01
427,1,0.0,0.0,0.015,0.015,0.075,0.0,-0.01
428,1,0.0,0.0,0.015,0.015,0.08,0.0,-0.01
429,1,0.0,0.0,0.015,0.015,0.085,0.0,-0.01
430,1,0.0,0.0,0.015,0.015,0.09,0.0,-0.01
431,1,0.0,0.0,0.015,0.015,0.095,0.0,-0.01
432,1,0.0,0.0,0.015,0.015,0.1,0.0,-0.01
433,1,0.0,0.0,0.015,0.015,0.105,0.0,-0.01
434,1,0.0,0.0,0.015,0.015,0.11,0.0,-0.01
435,1,0.0,0.0,0.015,0.015,0.115,0.0,-0.01
436,1,0.0,0.0,0.015,0.015,0.12,0.0,-0.01
437,1,0.0,0.0,0.015,0.015,0.125,0.0,-0.01
438,1,0.0,0.0,0.015,0.015,0.13,0.0,-0.01
439,1,0.0,0.0,0.015,0.015,0.135,0.0,-0.01
440,1,0.0,0.0,0.015,0.015,0.14,0.0,-0.01
441,1,0.0,0.0,0.015,0.015,0.145,0.0,-0.01
442,1,0.0,0.0,0.015,0.015,0.15,0.0,-0.01
443,1,0.0,0.0,0.015,0.015,0.155,0.0,-0.01
444,1,0.0,0.0,0.015,0.015,0.16,0.0,-0.01
445,1,0.0,0.0,0.015,0.015,0.165,0.0,-0.01
446,1,0.0,0.0,0.015,0.015,0.17,0.0,-0.01
447,1,0.0,0.0,0.015,0.015,0.175,0.0,-0.01
448,1,0.0,0.0,0.015,0.015,0.18,0.0,-0.01
449,1,0.0,0.0,0.015,0.015,0.185,0.0,-0.01
450,1,0.0,0.0,0.015,0.015,0.19,0.0,-0.01
451,1,0.0,0.0,0.015,0.015,0.195,0.0,-0.01
452,1,0.0,0.0,0.015,0.015,0.2,0.0,-0.01
453,1,0.0,0.0,0.015,0.015,0.205,0.0,-0.01
454,1,0.0,0.0,0.015,0.015,0.21,0.0,-0.01
455,1,0.0,0.0,0.015,0.015,0.215,0.0,-0.01
456,1,0.0,0.0,0.015,0.015,0.22,0.0,-0.01
457,1,0.0,0.0,0.015,0.015,0.225,0.0,-0.01
458,1,0.0,0.0,0.015,0.015,0.23,0.0,-0.01
459,1,0.0,0.0,0.015,0.015,0.235,0.0,-0.01
460,1,0.0,0.0,0.015,0.015,0.24,0.0,-0.01
461,1,0.0,0.0,0.015,0.015,0.245,0.0,-0.01
462,1,0.0,0.0,0.015,0.015,0.25,0.0,-0.01
463,1,0.0,0.0,0.015,0.015,0.255,0.0,-0.01
464,1,0.0,0.0,0.015,0.015,0.26,0.0,-0.01
465,1,0.0,0.0,0.015,0.015,0.265,0.0,-0.01
466,1,0.0,0.0,0.015,0.015,0.27,0.0,-0.01
467,1,0.0,0.0,0.015,0.015,0.275,0.0,-0.01
468,1,0.0,0.0,0.015,0.015,0.28,0.0,-0.01
469,1,0.0,0.0,0.015,0.015,0.285,0.0,-0.01
470,1,0.0,0.0,0.015,0.015,0.29,0.0,-0.01
471,1,0.0,0.0,0.015,0.015,0.295,0.0,-0.01
472,1,0.0,0.0,0.015,0.015,0.3,0.0,-0.01
473,1,0.0,0.0,0.015,0.015,0.305,0.0,-0.01
474,1,0.0,0.0,0.015,0.015,0.31,0.0,-0.01
475,1,0.0,0.0,0.015,0.015,0.315,0.0,-0.01
476,1,0.0,0.0,0.015,0.015,0.32,0.0,-0.01
477,1,0.0,0.0,0.015,0.015,0.325,0.0,-0.01
478,1,0.0,0.0,0.015,0.015,0.33,0.0,-0.01
479,1,0.0,0.0,0.015,0.015,0.335,0.0,-0.01
480,1,0.0,0.0,0.015,0.015,0.34,0.0,-0.01
481,1,0.0,0.0,0.015,0.015,0.345,0.0,-0.01
482,1,0.0,0.0,0.015,0.015,0.35,0.0,-0.01
483,1,0.0,0.0,0.015,0.015,0.355,0.0,-0.01
484,1,0.0,0.0,0.015,0.015,0.36,0.0,-0.01
485,1,0.0,0.0,0.015,0.015,0.365,0.0,-0.01
486,1,0.0,0.0,0.015,0.015,0.37,0.0,-0.01
487,1,0.0,0.0,0.015,0.015,0.375,0.0,-0.01
488,1,0.0,0.0,0.015,0.015,0.38,0.0,-0.01
489,1,0.0,0.0,0.015,0.015,0.385,0.0,-0.01
490,1,0.0,0.0,0.015,0.015,0.39,0.0,-0.01
491,1,0.0,0.0,0.015,0.015,0.395,0.0,-0.01
492,1,0.0,0.0,0.015,0.015,0.4,0.0,-0.01
493,1,0.0,0.0,0.015,0.015,0.405,0.0,-0.01
494,1,0.0,0.0,0.015,0.015,0.41,0.0,-0.01
495,1,0.0,0.0,0.015,0.015,0.415,0.0,-0.01
496,1,0.0,0.0,0.015,0.015,0.42,0.0,-0.01
497,1,0.0,0.0,0.015,0.015,0.425,0.0,-0.01
498,1,0.0,0.0,0.015,0.015,0.43,0.0,-0.01
499,1,0.0,0.0,0.015,0.015,0.435,0.0,-0.01
500,1,0.0,0.0,0.015,0.015,0.44,0.0,-0.01
501,1,0.0,0.0,0.015,0.015,0.445,0.0,-0.01
502,1,0.0,0.0,0.015,0.015,0.45,0.0,-0.01
503,1,0.0,0.0,0.015,0.015,0.455,0.0,-0.01
504,1,0.0,0.0,0.015,0.015,0.46,0.0,-0.01
505,1,0.0,0.0,0.015,0.015,0.465,0.0,-0.01
506,1,0.0,0.0,0.015,0.015,0.47,0.0,-0.01
507,1,0.0,0.0,0.015,0.015,0.475,0.0,-0.01
508,1,0.0,0.0,0.015,0.015,0.48,0.0,-0.01
509,1,0.0,0.0,0.015,0.015,0.485,0.0,-0.01
510,1,0.0,0.0,0.015,0.015,0.49,0.0,-0.01
511,1,0.0,0.0,0.015,0.015,0.495,0.0,-0.01
512,1,0.0,0.0,0.015,0.015,0.5,0.0,-0.01
513,1,0.0,0.0,0.015,0.015,0.505,0.0,-0.01
514,1,0.0,0.0,0.015,0.015,0.51,0.0,-0.01
515,1,0.0,0.0,0.015,0.015,0.515,0.0,-0.01
516,1,0.0,0.0,0.015,0.015,0.52,0.0,-0.01
517,1,0.0,0.0,0.015,0.015,0.525,0.0,-0.01
518,1,0.0,0.0,0.015,0.015,0.53,0.0,-0.01
519,1,0.0,0.0,0.015,0.015,0.535,0.0,-0.01
520,1,0.0,0.0,0.015,0.015,0.54,0.0,-0.01
521,1,0.0,0.0,0.015,0.015,0.545,0.0,-0.01
522,1,0.0,0.0,0.015,0.015,0.55,0.0,-0.01
523,1,0.0,0.0,0.015,0.015,0.555,0.0,-0.01
524,1,0.0,0.0,0.015,0.015,0.56,0.0,-0.01
525,1,0.0,0.0,0.015,0.015,0.565,0.0,-0.01
526,1,0.0,0.0,0.015,0.015,0.57,0.0,-0.01
527,1,0.0,0.0,0.015,0.015,0.575,0.0,-0.01
528,1,0.0,0.0,0.015,0.015,0.58,0.0,-0.01
529,1,0.0,0.0,0.015,0.015,0.585,0.0,-0.01
530,1,0.0,0.0,0.015,0.015,0.59,0.0,-0.01
531,1,0.0,0.0,0.015,0.015,0.595,0.0,-0.01
532,1,0.0,0.0,0.015,0.015,0.6,0.0,-0.01
533,1,0.0,0.0,0.015,0.015,0.605,0.0,-0.01
534,1,0.0,0.0,0.015,0.015,0.61,0.0,-0.01
535,1,0.0,0.0,0.015,0.015,0.615,0.0,-0.01
536,1,0.0,0.0,0.015,0.015,0.62,0.0,-0.01
537,1,0.0,0.0,0.015,0.015,0.625,0.0,-0.01
538,1,0.0,0.0,0.015,0.015,0.63,0.0,-0.01
539,1,0.0,0.0,0.015,0.015,0.635,0.0,-0.01
540,1,0.0,0.0,0.015,0.015,0.64,0.0,-0.01
541,1,0.0,0.0,0.015,0.015,0.645,0.0,-0.01
542,1,0.0,0.0,0.015,0.015,0.65,0.0,-0.01
543,1,0.0,0.0,0.015,0.015,0.655,0.0,-0.01
544,1,0.0,0.0,0.015,0.015,0.66,0.0,-0.01
545,1,0.0,0.0,0.015,0.015,0.665,0.0,-0.01
546,1,0.0,0.0,0.015,0.015,0.67,0.0,-0.01
547,1,0.0,0.0,0.015,0.015,0.675,0.0,-0.01
548,1,0.0,0.0,0.015,0.015,0.68,0.0,-0.01
549,1,0.0,0.0,0.015,0.015,0.685,0.0,-0.01
550,1,0.0,0.0,0.015,0.015,0.69,0.0,-0.01
551,1,0.0,0.0,0.015,0.015,0.695,0.0,-0.01
552,1,0.0,0.0,0.015,0.015,0.7,0.0,-0.01
553,1,0.0,0.0,0.015,0.015,0.705,0.0,-0.01
554,1,0.0,0.0,0.015,0.015,0.71,0.0,-0.01
555,1,0.0,0.0,0.015,0.015,0.715,0.0,-0.01
556,1,0.0,0.0,0.015,0.015,0.72,0.0,-0.01
557,1,0.0,0.0,0.015,0.015,0.725,0.0,-0.01
558,1,0.0,0.0,0.015,0.015,0.73,0.0,-0.01
559,1,0.0,0.0,0.015,0.015,0.735,0.0,-0.01
560,1,0.0,0.0,0.015,0.015,0.74,0.0,-0.01
561,1,0.0,0.0,0.015,0.015,0.745,0.0,-0.01
562,1,0.0,0.0,0.015,0.015,0.75,0.0,-0.01
563,1,0.0,0.0,0.015,0.015,0.755,0.0,-0.01
564,1,0.0,0.0,0.015,0.015,0.76,0.0,-0.01
565,1,0.0,0.0,0.015,0.015,0.765,0.0,-0.01
566,1,0.0,0.0,0.015,0.015,0.77,0.0,-0.01
567,1,0.0,0.0,0.015,0.015,0.775,0.0,-0.01
568,1,0.0,0.0,0.015,0.015,0.78,0.0,-0.01
569,1,0.0,0.0,0.015,0.015,0.785,0.0,-0.01
570,1,0.0,0.0,0.015,0.015,0.79,0.0,-0.01
571,1,0.0,0.0,0.015,0.015,0.795,0.0,-0.01
572,1,0.0,0.0,0.015,0.015,0.8,0.0,-0.01
573,1,0.0,0.0,0.015,0.015,0.805,0.0,-0.01
574,1,0.0,0.0,0.015,0.015,0.81,0.0,-0.01
575,1,0.0,0.0,0.015,0.015,0.815,0.0,-0.01
576,1,0.0,0.0,0.015,0.015,0.82,0.0,-0.01
577,1,0.0,0.0,0.015,0.015,0.825,0.0,-0.01
578,1,0.0,0.0,0.015,0.015,0.83,0.0,-0.01
579,1,0.0,0.0,0.015,0.015,0.835,0.0,-0.01
580,1,0.0,0.0,0.015,0.015,0.84,0.0,-0.01
581,1,0.0,0.0,0.015,0.015,0.845,0.0,-0.01
582,1,0.0,0.0,0.015,0.015,0.85,0.0,-0.01
583,1,0.0,0.0,0.015,0.015,0.855,0.0,-0.01
584,1,0.0,0.0,0.015,0.015,0.86,0.0,-0.01
585,1,0.0,0.0,0.015,0.015,0.865,0.0,-0.01
586,1,0.0,0.0,0.015,0.015,0.87,0.0,-0.01
587,1,0.0,0.0,0.015,0.015,0.875,0.0,-0.01
588,1,0.0,0.0,0.015,0.015,0.88,0.0,-0.01
589,1,0.0,0.0,0.015,0.015,0.885,0.0,-0.01
590,1,0.0,0.0,0.015,0.015,0.89,0.0,-0.01
591,1,0.0,0.0,0.015,0.015,0.895,0.0,-0.01
592,1,0.0,0.0,0.015,0.015,0.9,0.0,-0.01
593,1,0.0,0.0,0.015,0.015,0.905,0.0,-0.01
594,1,0.0,0.0,0.015,0.015,0.91,0.0,-0.01
595,1,0.0,0.0,0.015,0.015,0.915,0.0,-0.01
596,1,0.0,0.0,0.015,0.015,0.92,0.0,-0.01
597,1,0.0,0.0,0.015,0.015,0.925,0.0,-0.01
598,1,0.0,0.0,0.015,0.015,0.93,0.0,-0.01
599,1,0.0,0.0,0.015,0.015,0.935,0.0,-0.01
600,1,0.0,0.0,0.015,0.015,0.94,0.0,-0.01
601,1,0.0,0.0,0.015,0.015,0.945,0.0,-0.01
602,1,0.0,0.0,0.015,0.015,0.95,0.0,-0.01
603,1,0.0,0.0,0.015,0.015,0.955,0.0,-0.01
604,1,0.0,0.0,0.015,0.015,0.96,0.0,-0.01
605,1,0.0,0.0,0.015,0.015,0.965,0.0,-0.01
606,1,0.0,0.0,0.015,0.015,0.97,0.0,-0.01
607,1,0.0,0.0,0.015,0.015,0.975,0.0,-0.01
608,1,0.0,0.0,0.015,0.015,0.98,0.0,-0.01
609,1,0.0,0.0,0.015,0.015,0.985,0.0,-0.01
610,1,0.0,0.0,0.015,0.015,0.99,0.0,-0.01
611,1,0.0,0.0,0.015,0.015,0.995,0.0,-0.01
612,1,-0.0050000000000000044,0.0,0.015,0.0158113883008419,1.0,0.0,-0.01
613,1,-0.009999999999999898,0.0,0.015,0.01802775637731989,1.005,0.0,-0.01
614,1,-0.015000000000000013,0.0,0.015,0.021213203435596437,1.01,0.0,-0.01
615,1,0.005,0.0,0.0,0.005,0.0,0.0,0.005
616,1,-0.0050000000000000044,0.0,0.0,0.0050000000000000044,1.0,0.0,0.005
617,1,0.005,0.0,0.0,0.005,0.0,0.0,0.01
618,1,-0.0050000000000000044,0.0,0.0,0.0050000000000000044,1.0,0.0,0.01
619,1,0.005,0.0,0.0,0.005,0.0,0.0,0.015
620,1,-0.0050000000000000044,0.0,0.0,0.0050000000000000044,1.0,0.0,0.015
621,1,0.005,0.0,0.0,0.005,0.0,0.0,0.02
622,1,-0.0050000000000000044,0.0,0.0,0.0050000000000000044,1.0,0.0,0.02
623,1,0.005,0.0,0.0,0.005,0.0,0.0,0.025
624,1,-0.0050000000000000044,0.0,0.0,0.0050000000000000044,1.0,0.0,0.025
625,1,0.005,0.0,0.0,0.005,0.0,0.0,0.03
626,1,-0.0050000000000000044,0.0,0.0,0.0050000000000000044,1.0,0.0,0.03
627,1,0.005,0.0,0.0,0.005,0.0,0.0,0.035
628,1,-0.0050000000000000044,0.0,0.0,0.0050000000000000044,1.0,0.0,0.035
629,1,0.005,0.0,0.0,0.005,0.0,0.0,0.04
630,1,-0.0050000000000000044,0.0,0.0,0.0050000000000000044,1.0,0.0,0.04
631,1,0.005,0.0,0.0,0.005,0.0,0.0,0.045
632,1,-0.0050000000000000044,0.0,0.0,0.0050000000000000044,1.0,0.0,0.045
633,1,0.005,0.0,0.0,0.005,0.0,0.0,0.05
634,1,-0.0050000000000000044,0.0,0.0,0.0050000000000000044,1.0,0.0,0.05
635,1,0.005,0.0,0.0,0.005,0.0,0.0,0.055
636,1,-0.0050000000000000044,0.0,0.0,0.0050000000000000044,1.0,0.0,0.055
637,1,0.005,0.0,0.0,0.005,0.0,0.0,0.06
638,1,-0.0050000000000000044,0.0,0.0,0.0050000000000000044,1.0,0.0,0.06
639,1,0.005,0.0,0.0,0.005,0.0,0.0,0.065
640,1,-0.0050000000000000044,0.0,0.0,0.0050000000000000044,1.0,0.0,0.065
641,1,0.005,0.0,0.0,0.005,0.0,0.0,0.07
642,1,-0.0050000000000000044,0.0,0.0,0.0050000000000000044,1.0,0.0,0.07
643,1,0.005,0.0,0.0,0.005,0.0,0.0,0.075
644,1,-0.0050000000000000044,0.0,0.0,0.0050000000000000044,1.0,0.0,0.075
645,1,0.005,0.0,0.0,0.005,0.0,0.0,0.08
646,1,-0.0050000000000000044,0.0,0.0,0.0050000000000000044,1.0,0.0,0.08
647,1,0.005,0.0,0.0,0.005,0.0,0.0,0.085
648,1,-0.0050000000000000044,0.0,0.0,0.0050000000000000044,1.0,0.0,0.085
649,1,0.005,0.0,0.0,0.005,0.0,0.0,0.09
650,1,-0.0050000000000000044,0.0,0.0,0.0050000000000000044,1.0,0.0,0.09
651,1,0.005,0.0,0.0,0.005,0.0,0.0,0.095
652,1,-0.0050000000000000044,0.0,0.0,0.0050000000000000044,1.0,0.0,0.095
653,1,0.005,0.0,0.0,0.005,0.0,0.0,0.1
654,1,-0.0050000000000000044,0.0,0.0,0.0050000000000000044,1.0,0.0,0.1
655,1,0.005,0.0,0.0,0.005,0.0,0.0,0.105
656,1,-0.0050000000000000044,0.0,0.0,0.0050000000000000044,1.0,0.0,0.105
657,1,0.005,0.0,0.0,0.005,0.0,0.0,0.11
658,1,-0.0050000000000000044,0.0,0.0,0.0050000000000000044,1.0,0.0,0.11
659,1,0.005,0.0,0.0,0.005,0.0,0.0,0.115
660,1,-0.0050000000000000044,0.0,0.0,0.0050000000000000044,1.0,0.0,0.115
661,1,0.005,0.0,0.0,0.005,0.0,0.0,0.12
662,1,-0.0050000000000000044,0.0,0.0,0.0050000000000000044,1.0,0.0,0.12
663,1,0.005,0.0,0.0,0.005,0.0,0.0,0.125
664,1,-0.0050000000000000044,0.0,0.0,0.0050000000000000044,1.0,0.0,0.125
665,1,0.005,0.0,0.0,0.005,0.0,0.0,0.13
666,1,-0.0050000000000000044,0.0,0.0,0.0050000000000000044,1.0,0.0,0.13
667,1,0.005,0.0,0.0,0.005,0.0,0.0,0.135
668,1,-0.0050000000000000044,0.0,0.0,0.0050000000000000044,1.0,0.0,0.135
669,1,0.005,0.0,0.0,0.005,0.0,0.0,0.14
670,1,-0.0050000000000000044,0.0,0.0,0.0050000000000000044,1.0,0.0,0.14
671,1,0.005,0.0,0.0,0.005,0.0,0.0,0.145
672,1,-0.0050000000000000044,0.0,0.0,0.0050000000000000044,1.0,0.0,0.145
673,1,0.005,0.0,0.0,0.005,0.0,0.0,0.15
674,1,-0.0050000000000000044,0.0,0.0,0.0050000000000000044,1.0,0.0,0.15
675,1,0.005,0.0,0.0,0.005,0.0,0.0,0.155
676,1,-0.0050000000000000044,0.0,0.0,0.0050000000000000044,1.0,0.0,0.155
677,1,0.005,0.0,0.0,0.005,0.0,0.0,0.16
678,1,-0.0050000000000000044,0.0,0.0,0.0050000000000000044,1.0,0.0,0.16
679,1,0.005,0.0,0.0,0.005,0.0,0.0,0.165
680,1,-0.0050000000000000044,0.0,0.0,0.0050000000000000044,1.0,0.0,0.165
681,1,0.005,0.0,0.0,0.005,0.0,0.0,0.17
682,1,-0.0050000000000000044,0.0,0.0,0.0050000000000000044,1.0,0.0,0.17
683,1,0.005,0.0,0.0,0.005,0.0,0.0,0.175
684,1,-0.0050000000000000044,0.0,0.0,0.0050000000000000044,1.0,0.0,0.175
685,1,0.005,0.0,0.0,0.005,0.0,0.0,0.18
686,1,-0.0050000000000000044,0.0,0.0,0.0050000000000000044,1.0,0.0,0.18
687,1,0.005,0.0,0.0,0.005,0.0,0.0,0.185
688,1,-0.0050000000000000044,0.0,0.0,0.0050000000000000044,1.0,0.0,0.185
689,1,0.005,0.0,0.0,0.005,0.0,0.0,0.19
690,1,-0.0050000000000000044,0.0,0.0,0.0050000000000000044,1.0,0.0,0.19
691,1,0.005,0.0,0.0,0.005,0.0,0.0,0.195
692,1,-0.0050000000000000044,0.0,0.0,0.0050000000000000044,1.0,0.0,0.195
693,1,0.005,0.0,0.0,0.005,0.0,0.0,0.2
694,1,-0.0050000000000000044,0.0,0.0,0.0050000000000000044,1.0,0.0,0.2
695,1,0.005,0.0,0.0,0.005,0.0,0.0,0.205
696,1,-0.0050000000000000044,0.0,0.0,0.0050000000000000044,1.0,0.0,0.205
697,1,0.005,0.0,0.0,0.005,0.0,0.0,0.21
698,1,-0.0050000000000000044,0.0,0.0,0.0050000000000000044,1.0,0.0,0.21
699,1,0.005,0.0,0.0,0.005,0.0,0.0,0.215
700,1,-0.0050000000000000044,0.0,0.0,0.0050000000000000044,1.0,0.0,0.215
701,1,0.005,0.0,0.0,0.005,0.0,0.0,0.22
702,1,-0.0050000000000000044,0.0,0.0,0.0050000000000000044,1.0,0.0,0.22
703,1,0.005,0.0,0.0,0.005,0.0,0.0,0.225
704,1,-0.0050000000000000044,0.0,0.0,0.0050000000000000044,1.0,0.0,0.225
705,1,0.005,0.0,0.0,0.005,0.0,0.0,0.23
706,1,-0.0050000000000000044,0.0,0.0,0.0050000000000000044,1.0,0.0,0.23
707,1,0.005,0.0,0.0,0.005,0.0,0.0,0.235
708,1,-0.0050000000000000044,0.0,0.0,0.0050000000000000044,1.0,0.0,0.235
709,1,0.005,0.0,0.0,0.005,0.0,0.0,0.24
710,1,-0.0050000000000000044,0.0,0.0,0.0050000000000000044,1.0,0.0,0.24
711,1,0.005,0.0,0.0,0.005,0.0,0.0,0.245
712,1,-0.0050000000000000044,0.0,0.0,0.0050000000000000044,1.0,0.0,0.245
713,1,0.005,0.0,0.0,0.005,0.0,0.0,0.25
714,1,-0.0050000000000000044,0.0,0.0,0.0050000000000000044,1.0,0.0,0.25
715,1,0.005,0.0,0.0,0.005,0.0,0.0,0.255
716,1,-0.0050000000000000044,0.0,0.0,0.0050000000000000044,1.0,0.0,0.255
717,1,0.005,0.0,0.0,0.005,0.0,0.0,0.26
718,1,-0.0050000000000000044,0.0,0.0,0.0050000000000000044,1.0,0.0,0.26
719,1,0.005,0.0,0.0,0.005,0.0,0.0,0.265
720,1,-0.0050000000000000044,0.0,0.0,0.0050000000000000044,1.0,0.0,0.265
721,1,0.005,0.0,0.0,0.005,0.0,0.0,0.27
722,1,-0.0050000000000000044,0.0,0.0,0.0050000000000000044,1.0,0.0,0.27
723,1,0.005,0.0,0.0,0.005,0.0,0.0,0.275
724,1,-0.0050000000000000044,0.0,0.0,0.0050000000000000044,1.0,0.0,0.275
725,1,0.005,0.0,0.0,0.005,0.0,0.0,0.28
726,1,-0.0050000000000000044,0.0,0.0,0.0050000000000000044,1.0,0.0,0.28
727,1,0.005,0.0,0.0,0.005,0.0,0.0,0.285
728,1,-0.0050000000000000044,0.0,0.0,0.0050000000000000044,1.0,0.0,0.285
729,1,0.005,0.0,0.0,0.005,0.0,0.0,0.29
730,1,-0.0050000000000000044,0.0,0.0,0.0050000000000000044,1.0,0.0,0.29
731,1,0.005,0.0,0.0,0.005,0.0,0.0,0.295
732,1,-0.0050000000000000044,0.0,0.0,0.0050000000000000044,1.0,0.0,0.295
733,1,0.005,0.0,0.0,0.005,0.0,0.0,0.3
734,1,-0.0050000000000000044,0.0,0.0,0.0050000000000000044,1.0,0.0,0.3
735,1,0.005,0.0,0.0,0.005,0.0,0.0,0.305
736,1,-0.0050000000000000044,0.0,0.0,0.0050000000000000044,1.0,0.0,0.305
737,1,0.005,0.0,0.0,0.005,0.0,0.0,0.31
738,1,-0.0050000000000000044,0.0,0.0,0.0050000000000000044,1.0,0.0,0.31
739,1,0.005,0.0,0.0,0.005,0.0,0.0,0.315
740,1,-0.0050000000000000044,0.0,0.0,0.0050000000000000044,1.0,0.0,0.315
741,1,0.005,0.0,0.0,0.005,0.0,0.0,0.32
742,1,-0.0050000000000000044,0.0,0.0,0.0050000000000000044,1.0,0.0,0.32
743,1,0.005,0.0,0.0,0.005,0.0,0.0,0.325
744,1,-0.0050000000000000044,0.0,0.0,0.0050000000000000044,1.0,0.0,0.325
745,1,0.005,0.0,0.0,0.005,0.0,0.0,0.33
746,1,-0.0050000000000000044,0.0,0.0,0.0050000000000000044,1.0,0.0,0.33
747,1,0.005,0.0,0.0,0.005,0.0,0.0,0.335
748,1,-0.0050000000000000044,0.0,0.0,0.0050000000000000044,1.0,0.0,0.335
749,1,0.005,0.0,0.0,0.005,0.0,0.0,0.34
750,1,-0.0050000000000000044,0.0,0.0,0.0050000000000000044,1.0,0.0,0.34
751,1,0.005,0.0,0.0,0.005,0.0,0.0,0.345
752,1,-0.0050000000000000044,0.0,0.0,0.0050000000000000044,1.0,0.0,0.345
753,1,0.005,0.0,0.0,0.005,0.0,0.0,0.35
754,1,-0.0050000000000000044,0.0,0.0,0.0050000000000000044,1.0,0.0,0.35
755,1,0.005,0.0,0.0,0.005,0.0,0.0,0.355
756,1,-0.0050000000000000044,0.0,0.0,0.0050000000000000044,1.0,0.0,0.355
757,1,0.005,0.0,0.0,0.005,0.0,0.0,0.36
758,1,-0.0050000000000000044,0.0,0.0,0.0050000000000000044,1.0,0.0,0.36
759,1,0.005,0.0,0.0,0.005,0.0,0.0,0.365
760,1,-0.0050000000000000044,0.0,0.0,0.0050000000000000044,1.0,0.0,0.365
761,1,0.005,0.0,0.0,0.005,0.0,0.0,0.37
762,1,-0.0050000000000000044,0.0,0.0,0.0050000000000000044,1.0,0.0,0.37
763,1,0.005,0.0,0.0,0.005,0.0,0.0,0.375
764,1,-0.0050000000000000044,0.0,0.0,0.0050000000000000044,1.0,0.0,0.375
765,1,0.005,0.0,0.0,0.005,0.0,0.0,0.38
766,1,-0.0050000000000000044,0.0,0.0,0.0050000000000000044,1.0,0.0,0.38
767,1,0.005,0.0,0.0,0.005,0.0,0.0,0.385
768,1,-0.0050000000000000044,0.0,0.0,0.0050000000000000044,1.0,0.0,0.385
769,1,0.005,0.0,0.0,0.005,0.0,0.0,0.39
770,1,-0.0050000000000000044,0.0,0.0,0.0050000000000000044,1.0,0.0,0.39
771,1,0.005,0.0,0.0,0.005,0.0,0.0,0.395
772,1,-0.0050000000000000044,0.0,0.0,0.0050000000000000044,1.0,0.0,0.395
773,1,0.005,0.0,0.0,0.005,0.0,0.0,0.4
774,1,-0.0050000000000000044,0.0,0.0,0.0050000000000000044,1.0,0.0,0.4
775,1,0.005,0.0,0.0,0.005,0.0,0.0,0.405
776,1,-0.0050000000000000044,0.0,0.0,0.0050000000000000044,1.0,0.0,0.405
777,1,0.005,0.0,0.0,0.005,0.0,0.0,0.41
778,1,-0.0050000000000000044,0.0,0.0,0.0050000000000000044,1.0,0.0,0.41
779,1,0.005,0.0,0.0,0.005,0.0,0.0,0.415
780,1,-0.0050000000000000044,0.0,0.0,0.0050000000000000044,1.0,0.0,0.415
781,1,0.005,0.0,0.0,0.005,0.0,0.0,0.42
782,1,-0.0050000000000000044,0.0,0.0,0.0050000000000000044,1.0,0.0,0.42
783,1,0.005,0.0,0.0,0.005,0.0,0.0,0.425
784,1,-0.0050000000000000044,0.0,0.0,0.0050000000000000044,1.0,0.0,0.425
785,1,0.005,0.0,0.0,0.005,0.0,0.0,0.43
786,1,-0.0050000000000000044,0.0,0.0,0.0050000000000000044,1.0,0.0,0.43
787,1,0.005,0.0,0.0,0.005,0.0,0.0,0.435
788,1,-0.0050000000000000044,0.0,0.0,0.0050000000000000044,1.0,0.0,0.435
789,1,0.005,0.0,0.0,0.005,0.0,0.0,0.44
790,1,-0.0050000000000000044,0.0,0.0,0.0050000000000000044,1.0,0.0,0.44
791,1,0.005,0.0,0.0,0.005,0.0,0.0,0.445
792,1,-0.0050000000000000044,0.0,0.0,0.0050000000000000044,1.0,0.0,0.445
793,1,0.005,0.0,0.0,0.005,0.0,0.0,0.45
794,1,-0.0050000000000000044,0.0,0.0,0.0050000000000000044,1.0,0.0,0.45
795,1,0.005,0.0,0.0,0.005,0.0,0.0,0.455
796,1,-0.0050000000000000044,0.0,0.0,0.0050000000000000044,1.0,0.0,0.455
797,1,0.005,0.0,0.0,0.005,0.0,0.0,0.46
798,1,-0.0050000000000000044,0.0,0.0,0.0050000000000000044,1.0,0.0,0.46
799,1,0.005,0.0,0.0,0.005,0.0,0.0,0.465
800,1,-0.0050000000000000044,0.0,0.0,0.0050000000000000044,1.0,0.0,0.465
801,1,0.005,0.0,0.0,0.005,0.0,0.0,0.47
802,1,-0.0050000000000000044,0.0,0.0,0.0050000000000000044,1.0,0.0,0.47
803,1,0.005,0.0,0.0,0.005,0.0,0.0,0.475
804,1,-0.0050000000000000044,0.0,0.0,0.0050000000000000044,1.0,0.0,0.475
805,1,0.005,0.0,0.0,0.005,0.0,0.0,0.48
806,1,-0.0050000000000000044,0.0,0.0,0.0050000000000000044,1.0,0.0,0.48
807,1,0.005,0.0,0.0,0.005,0.0,0.0,0.485
808,1,-0.0050000000000000044,0.0,0.0,0.0050000000000000044,1.0,0.0,0.485
809,1,0.005,0.0,0.0,0.005,0.0,0.0,0.49
810,1,-0.0050000000000000044,0.0,0.0,0.0050000000000000044,1.0,0.0,0.49
811,1,0.005,0.0,0.0,0.005,0.0,0.0,0.495
812,1,-0.0050000000000000044,0.0,0.0,0.0050000000000000044,1.0,0.0,0.495
813,1,0.005,0.0,0.0,0.005,0.0,0.0,0.5
814,1,-0.0050000000000000044,0.0,0.0,0.0050000000000000044,1.0,0.0,0.5
815,1,0.005,0.0,0.0,0.005,0.0,0.0,0.505
816,1,-0.0050000000000000044,0.0,0.0,0.0050000000000000044,1.0,0.0,0.505
817,1,0.005,0.0,0.0,0.005,0.0,0.0,0.51
818,1,-0.0050000000000000044,0.0,0.0,0.0050000000000000044,1.0,0.0,0.51
819,1,0.005,0.0,0.0,0.005,0.0,0.0,0.515
820,1,-0.0050000000000000044,0.0,0.0,0.0050000000000000044,1.0,0.0,0.515
821,1,0.005,0.0,0.0,0.005,0.0,0.0,0.52
822,1,-0.0050000000000000044,0.0,0.0,0.0050000000000000044,1.0,0.0,0.52
823,1,0.005,0.0,0.0,0.005,0.0,0.0,0.525
824,1,-0.0050000000000000044,0.0,0.0,0.0050000000000000044,1.0,0.0,0.525
825,1,0.005,0.0,0.0,0.005,0.0,0.0,0.53
826,1,-0.0050000000000000044,0.0,0.0,0.0050000000000000044,1.0,0.0,0.53
827,1,0.005,0.0,0.0,0.005,0.0,0.0,0.535
828,1,-0.0050000000000000044,0.0,0.0,0.0050000000000000044,1.0,0.0,0.535
829,1,0.005,0.0,0.0,0.005,0.0,0.0,0.54
830,1,-0.0050000000000000044,0.0,0.0,0.0050000000000000044,1.0,0.0,0.54
831,1,0.005,0.0,0.0,0.005,0.0,0.0,0.545
832,1,-0.0050000000000000044,0.0,0.0,0.0050000000000000044,1.0,0.0,0.545
833,1,0.005,0.0,0.0,0.005,0.0,0.0,0.55
834,1,-0.0050000000000000044,0.0,0.0,0.0050000000000000044,1.0,0.0,0.55
835,1,0.005,0.0,0.0,0.005,0.0,0.0,0.555
836,1,-0.0050000000000000044,0.0,0.0,0.0050000000000000044,1.0,0.0,0.555
837,1,0.005,0.0,0.0,0.005,0.0,0.0,0.56
838,1,-0.0050000000000000044,0.0,0.0,0.0050000000000000044,1.0,0.0,0.56
839,1,0.005,0.0,0.0,0.005,0.0,0.0,0.565
840,1,-0.0050000000000000044,0.0,0.0,0.0050000000000000044,1.0,0.0,0.565
841,1,0.005,0.0,0.0,0.005,0.0,0.0,0.57
842,1,-0.0050000000000000044,0.0,0.0,0.0050000000000000044,1.0,0.0,0.57
843,1,0.005,0.0,0.0,0.005,0.0,0.0,0.575
844,1,-0.0050000000000000044,0.0,0.0,0.0050000000000000044,1.0,0.0,0.575
845,1,0.005,0.0,0.0,0.005,0.0,0.0,0.58
846,1,-0.0050000000000000044,0.0,0.0,0.0050000000000000044,1.0,0.0,0.58
847,1,0.005,0.0,0.0,0.005,0.0,0.0,0.585
848,1,-0.0050000000000000044,0.0,0.0,0.0050000000000000044,1.0,0.0,0.585
849,1,0.005,0.0,0.0,0.005,0.0,0.0,0.59
850,1,-0.0050000000000000044,0.0,0.0,0.0050000000000000044,1.0,0.0,0.59
851,1,0.005,0.0,0.0,0.005,0.0,0.0,0.595
852,1,-0.0050000000000000044,0.0,0.0,0.0050000000000000044,1.0,0.0,0.595
853,1,0.005,0.0,0.0,0.005,0.0,0.0,0.6
854,1,-0.0050000000000000044,0.0,0.0,0.0050000000000000044,1.0,0.0,0.6
855,1,0.005,0.0,0.0,0.005,0.0,0.0,0.605
856,1,-0.0050000000000000044,0.0,0.0,0.0050000000000000044,1.0,0.0,0.605
857,1,0.005,0.0,0.0,0.005,0.0,0.0,0.61
858,1,-0.0050000000000000044,0.0,0.0,0.0050000000000000044,1.0,0.0,0.61
859,1,0.005,0.0,0.0,0.005,0.0,0.0,0.615
860,1,-0.0050000000000000044,0.0,0.0,0.0050000000000000044,1.0,0.0,0.615
861,1,0.005,0.0,0.0,0.005,0.0,0.0,0.62
862,1,-0.0050000000000000044,0.0,0.0,0.0050000000000000044,1.0,0.0,0.62
863,1,0.005,0.0,0.0,0.005,0.0,0.0,0.625
864,1,-0.0050000000000000044,0.0,0.0,0.0050000000000000044,1.0,0.0,0.625
865,1,0.005,0.0,0.0,0.005,0.0,0.0,0.63
866,1,-0.0050000000000000044,0.0,0.0,0.0050000000000000044,1.0,0.0,0.63
867,1,0.005,0.0,0.0,0.005,0.0,0.0,0.635
868,1,-0.0050000000000000044,0.0,0.0,0.0050000000000000044,1.0,0.0,0.635
869,1,0.005,0.0,0.0,0.005,0.0,0.0,0.64
870,1,-0.0050000000000000044,0.0,0.0,0.0050000000000000044,1.0,0.0,0.64
871,1,0.005,0.0,0.0,0.005,0.0,0.0,0.645
872,1,-0.0050000000000000044,0.0,0.0,0.0050000000000000044,1.0,0.0,0.645
873,1,0.005,0.0,0.0,0.005,0.0,0.0,0.65
874,1,-0.0050000000000000044,0.0,0.0,0.0050000000000000044,1.0,0.0,0.65
875,1,0.005,0.0,0.0,0.005,0.0,0.0,0.655
876,1,-0.0050000000000000044,0.0,0.0,0.0050000000000000044,1.0,0.0,0.655
877,1,0.005,0.0,0.0,0.005,0.0,0.0,0.66
878,1,-0.0050000000000000044,0.0,0.0,0.0050000000000000044,1.0,0.0,0.66
879,1,0.005,0.0,0.0,0.005,0.0,0.0,0.665
880,1,-0.0050000000000000044,0.0,0.0,0.0050000000000000044,1.0,0.0,0.665
881,1,0.005,0.0,0.0,0.005,0.0,0.0,0.67
882,1,-0.0050000000000000044,0.0,0.0,0.0050000000000000044,1.0,0.0,0.67
883,1,0.005,0.0,0.0,0.005,0.0,0.0,0.675
884,1,-0.0050000000000000044,0.0,0.0,0.0050000000000000044,1.0,0.0,0.675
885,1,0.005,0.0,0.0,0.005,0.0,0.0,0.68
886,1,-0.0050000000000000044,0.0,0.0,0.0050000000000000044,1.0,0.0,0.68
887,1,0.005,0.0,0.0,0.005,0.0,0.0,0.685
888,1,-0.0050000000000000044,0.0,0.0,0.0050000000000000044,1.0,0.0,0.685
889,1,0.005,0.0,0.0,0.005,0.0,0.0,0.69
890,1,-0.0050000000000000044,0.0,0.0,0.0050000000000000044,1.0,0.0,0.69
891,1,0.005,0.0,0.0,0.005,0.0,0.0,0.695
892,1,-0.0050000000000000044,0.0,0.0,0.0050000000000000044,1.0,0.0,0.695
893,1,0.005,0.0,0.0,0.005,0.0,0.0,0.7
894,1,-0.0050000000000000044,0.0,0.0,0.0050000000000000044,1.0,0.0,0.7
895,1,0.005,0.0,0.0,0.005,0.0,0.0,0.705
896,1,-0.0050000000000000044,0.0,0.0,0.0050000000000000044,1.0,0.0,0.705
897,1,0.005,0.0,0.0,0.005,0.0,0.0,0.71
898,1,-0.0050000000000000044,0.0,0.0,0.0050000000000000044,1.0,0.0,0.71
899,1,0.005,0.0,0.0,0.005,0.0,0.0,0.715
900,1,-0.0050000000000000044,0.0,0.0,0.0050000000000000044,1.0,0.0,0.715
901,1,0.005,0.0,0.0,0.005,0.0,0.0,0.72
902,1,-0.0050000000000000044,0.0,0.0,0.0050000000000000044,1.0,0.0,0.72
903,1,0.005,0.0,0.0,0.005,0.0,0.0,0.725
904,1,-0.0050000000000000044,0.0,0.0,0.0050000000000000044,1.0,0.0,0.725
905,1,0.005,0.0,0.0,0.005,0.0,0.0,0.73
906,1,-0.0050000000000000044,0.0,0.0,0.0050000000000000044,1.0,0.0,0.73
907,1,0.005,0.0,0.0,0.005,0.0,0.0,0.735
908,1,-0.0050000000000000044,0.0,0.0,0.0050000000000000044,1.0,0.0,0.735
909,1,0.005,0.0,0.0,0.005,0.0,0.0,0.74
910,1,-0.0050000000000000044,0.0,0.0,0.0050000000000000044,1.0,0.0,0.74
911,1,0.005,0.0,0.0,0.005,0.0,0.0,0.745
912,1,-0.0050000000000000044,0.0,0.0,0.0050000000000000044,1.0,0.0,0.745
913,1,0.005,0.0,0.0,0.005,0.0,0.0,0.75
914,1,-0.0050000000000000044,0.0,0.0,0.0050000000000000044,1.0,0.0,0.75
915,1,0.005,0.0,0.0,0.005,0.0,0.0,0.755
916,1,-0.0050000000000000044,0.0,0.0,0.0050000000000000044,1.0,0.0,0.755
917,1,0.005,0.0,0.0,0.005,0.0,0.0,0.76
918,1,-0.0050000000000000044,0.0,0.0,0.0050000000000000044,1.0,0.0,0.76
919,1,0.005,0.0,0.0,0.005,0.0,0.0,0.765
920,1,-0.0050000000000000044,0.0,0.0,0.0050000000000000044,1.0,0.0,0.765
921,1,0.005,0.0,0.0,0.005,0.0,0.0,0.77
922,1,-0.0050000000000000044,0.0,0.0,0.0050000000000000044,1.0,0.0,0.77
923,1,0.005,0.0,0.0,0.005,0.0,0.0,0.775
924,1,-0.0050000000000000044,0.0,0.0,0.0050000000000000044,1.0,0.0,0.775
925,1,0.005,0.0,0.0,0.005,0.0,0.0,0.78
926,1,-0.0050000000000000044,0.0,0.0,0.0050000000000000044,1.0,0.0,0.78
927,1,0.005,0.0,0.0,0.005,0.0,0.0,0.785
928,1,-0.0050000000000000044,0.0,0.0,0.0050000000000000044,1.0,0.0,0.785
929,1,0.005,0.0,0.0,0.005,0.0,0.0,0.79
930,1,-0.0050000000000000044,0.0,0.0,0.0050000000000000044,1.0,0.0,0.79
931,1,0.005,0.0,0.0,0.005,0.0,0.0,0.795
932,1,-0.0050000000000000044,0.0,0.0,0.0050000000000000044,1.0,0.0,0.795
933,1,0.005,0.0,0.0,0.005,0.0,0.0,0.8
934,1,-0.0050000000000000044,0.0,0.0,0.0050000000000000044,1.0,0.0,0.8
935,1,0.005,0.0,0.0,0.005,0.0,0.0,0.805
936,1,-0.0050000000000000044,0.0,0.0,0.0050000000000000044,1.0,0.0,0.805
937,1,0.005,0.0,0.0,0.005,0.0,0.0,0.81
938,1,-0.0050000000000000044,0.0,0.0,0.0050000000000000044,1.0,0.0,0.81
939,1,0.005,0.0,0.0,0.005,0.0,0.0,0.815
940,1,-0.0050000000000000044,0.0,0.0,0.0050000000000000044,1.0,0.0,0.815
941,1,0.005,0.0,0.0,0.005,0.0,0.0,0.82
942,1,-0.0050000000000000044,0.0,0.0,0.0050000000000000044,1.0,0.0,0.82
943,1,0.005,0.0,0.0,0.005,0.0,0.0,0.825
944,1,-0.0050000000000000044,0.0,0.0,0.0050000000000000044,1.0,0.0,0.825
945,1,0.005,0.0,0.0,0.005,0.0,0.0,0.83
946,1,-0.0050000000000000044,0.0,0.0,0.0050000000000000044,1.0,0.0,0.83
947,1,0.005,0.0,0.0,0.005,0.0,0.0,0.835
948,1,-0.0050000000000000044,0.0,0.0,0.0050000000000000044,1.0,0.0,0.835
949,1,0.005,0.0,0.0,0.005,0.0,0.0,0.84
950,1,-0.0050000000000000044,0.0,0.0,0.0050000000000000044,1.0,0.0,0.84
951,1,0.005,0.0,0.0,0.005,0.0,0.0,0.845
952,1,-0.0050000000000000044,0.0,0.0,0.0050000000000000044,1.0,0.0,0.845
953,1,0.005,0.0,0.0,0.005,0.0,0.0,0.85
954,1,-0.0050000000000000044,0.0,0.0,0.0050000000000000044,1.0,0.0,0.85
955,1,0.005,0.0,0.0,0.005,0.0,0.0,0.855
956,1,-0.0050000000000000044,0.0,0.0,0.0050000000000000044,1.0,0.0,0.855
957,1,0.005,0.0,0.0,0.005,0.0,0.0,0.86
958,1,-0.0050000000000000044,0.0,0.0,0.0050000000000000044,1.0,0.0,0.86
959,1,0.005,0.0,0.0,0.005,0.0,0.0,0.865
960,1,-0.0050000000000000044,0.0,0.0,0.0050000000000000044,1.0,0.0,0.865
961,1,0.005,0.0,0.0,0.005,0.0,0.0,0.87
962,1,-0.0050000000000000044,0.0,0.0,0.0050000000000000044,1.0,0.0,0.87
963,1,0.005,0.0,0.0,0.005,0.0,0.0,0.875
964,1,-0.0050000000000000044,0.0,0.0,0.0050000000000000044,1.0,0.0,0.875
965,1,0.005,0.0,0.0,0.005,0.0,0.0,0.88
966,1,-0.0050000000000000044,0.0,0.0,0.0050000000000000044,1.0,0.0,0.88
967,1,0.005,0.0,0.0,0.005,0.0,0.0,0.885
968,1,-0.0050000000000000044,0.0,0.0,0.0050000000000000044,1.0,0.0,0.885
969,1,0.005,0.0,0.0,0.005,0.0,0.0,0.89
970,1,-0.0050000000000000044,0.0,0.0,0.0050000000000000044,1.0,0.0,0.89
971,1,0.005,0.0,0.0,0.005,0.0,0.0,0.895
972,1,-0.0050000000000000044,0.0,0.0,0.0050000000000000044,1.0,0.0,0.895
973,1,0.005,0.0,0.0,0.005,0.0,0.0,0.9
974,1,-0.0050000000000000044,0.0,0.0,0.0050000000000000044,1.0,0.0,0.9
975,1,0.005,0.0,0.0,0.005,0.0,0.0,0.905
976,1,-0.0050000000000000044,0.0,0.0,0.0050000000000000044,1.0,0.0,0.905
977,1,0.005,0.0,0.0,0.005,0.0,0.0,0.91
978,1,-0.0050000000000000044,0.0,0.0,0.0050000000000000044,1.0,0.0,0.91
979,1,0.005,0.0,0.0,0.005,0.0,0.0,0.915
980,1,-0.0050000000000000044,0.0,0.0,0.0050000000000000044,1.0,0.0,0.915
981,1,0.005,0.0,0.0,0.005,0.0,0.0,0.92
982,1,-0.0050000000000000044,0.0,0.0,0.0050000000000000044,1.0,0.0,0.92
983,1,0.005,0.0,0.0,0.005,0.0,0.0,0.925
984,1,-0.0050000000000000044,0.0,0.0,0.0050000000000000044,1.0,0.0,0.925
985,1,0.005,0.0,0.0,0.005,0.0,0.0,0.93
986,1,-0.0050000000000000044,0.0,0.0,0.0050000000000000044,1.0,0.0,0.93
987,1,0.005,0.0,0.0,0.005,0.0,0.0,0.935
988,1,-0.0050000000000000044,0.0,0.0,0.0050000000000000044,1.0,0.0,0.935
989,1,0.005,0.0,0.0,0.005,0.0,0.0,0.94
990,1,-0.0050000000000000044,0.0,0.0,0.0050000000000000044,1.0,0.0,0.94
991,1,0.005,0.0,0.0,0.005,0.0,0.0,0.945
992,1,-0.0050000000000000044,0.0,0.0,0.0050000000000000044,1.0,0.0,0.945
993,1,0.005,0.0,0.0,0.005,0.0,0.0,0.95
994,1,-0.0050000000000000044,0.0,0.0,0.0050000000000000044,1.0,0.0,0.95
995,1,0.005,0.0,0.0,0.005,0.0,0.0,0.955
996,1,-0.0050000000000000044,0.0,0.0,0.0050000000000000044,1.0,0.0,0.955
997,1,0.005,0.0,0.0,0.005,0.0,0.0,0.96
998,1,-0.0050000000000000044,0.0,0.0,0.0050000000000000044,1.0,0.0,0.96
999,1,0.005,0.0,0.0,0.005,0.0,0.0,0.965
1000,1,-0.0050000000000000044,0.0,0.0,0.0050000000000000044,1.0,0.0,0.965
1001,1,0.005,0.0,0.0,0.005,0.0,0.0,0.97
1002,1,-0.0050000000000000044,0.0,0.0,0.0050000000000000044,1.0,0.0,0.97
1003,1,0.005,0.0,0.0,0.005,0.0,0.0,0.975
1004,1,-0.0050000000000000044,0.0,0.0,0.0050000000000000044,1.0,0.0,0.975
1005,1,0.005,0.0,0.0,0.005,0.0,0.0,0.98
1006,1,-0.0050000000000000044,0.0,0.0,0.0050000000000000044,1.0,0.0,0.98
1007,1,0.005,0.0,0.0,0.005,0.0,0.0,0.985
1008,1,-0.0050000000000000044,0.0,0.0,0.0050000000000000044,1.0,0.0,0.985
1009,1,0.01,0.0,0.0,0.01,-0.005,0.0,0.005
1010,1,-0.009999999999999898,0.0,0.0,0.009999999999999898,1.005,0.0,0.005
1011,1,0.01,0.0,0.0,0.01,-0.005,0.0,0.01
1012,1,-0.009999999999999898,0.0,0.0,0.009999999999999898,1.005,0.0,0.01
1013,1,0.01,0.0,0.0,0.01,-0.005,0.0,0.015
1014,1,-0.009999999999999898,0.0,0.0,0.009999999999999898,1.005,0.0,0.015
1015,1,0.01,0.0,0.0,0.01,-0.005,0.0,0.02
1016,1,-0.009999999999999898,0.0,0.0,0.009999999999999898,1.005,0.0,0.02
1017,1,0.01,0.0,0.0,0.01,-0.005,0.0,0.025
1018,1,-0.009999999999999898,0.0,0.0,0.009999999999999898,1.005,0.0,0.025
1019,1,0.01,0.0,0.0,0.01,-0.005,0.0,0.03
1020,1,-0.009999999999999898,0.0,0.0,0.009999999999999898,1.005,0.0,0.03
1021,1,0.01,0.0,0.0,0.01,-0.005,0.0,0.035
1022,1,-0.009999999999999898,0.0,0.0,0.009999999999999898,1.005,0.0,0.035
1023,1,0.01,0.0,0.0,0.01,-0.005,0.0,0.04
1024,1,-0.009999999999999898,0.0,0.0,0.009999999999999898,1.005,0.0,0.04
1025,1,0.01,0.0,0.0,0.01,-0.005,0.0,0.045
1026,1,-0.009999999999999898,0.0,0.0,0.009999999999999898,1.005,0.0,0.045
1027,1,0.01,0.0,0.0,0.01,-0.005,0.0,0.05
1028,1,-0.009999999999999898,0.0,0.0,0.009999999999999898,1.005,0.0,0.05
1029,1,0.01,0.0,0.0,0.01,-0.005,0.0,0.055
1030,1,-0.009999999999999898,0.0,0.0,0.009999999999999898,1.005,0.0,0.055
1031,1,0.01,0.0,0.0,0.01,-0.005,0.0,0.06
1032,1,-0.009999999999999898,0.0,0.0,0.009999999999999898,1.005,0.0,0.06
1033,1,0.01,0.0,0.0,0.01,-0.005,0.0,0.065
1034,1,-0.009999999999999898,0.0,0.0,0.009999999999999898,1.005,0.0,0.065
1035,1,0.01,0.0,0.0,0.01,-0.005,0.0,0.07
1036,1,-0.009999999999999898,0.0,0.0,0.009999999999999898,1.005,0.0,0.07
1037,1,0.01,0.0,0.0,0.01,-0.005,0.0,0.075
1038,1,-0.009999999999999898,0.0,0.0,0.009999999999999898,1.005,0.0,0.075
1039,1,0.01,0.0,0.0,0.01,-0.005,0.0,0.08
1040,1,-0.009999999999999898,0.0,0.0,0.009999999999999898,1.005,0.0,0.08
1041,1,0.01,0.0,0.0,0.01,-0.005,0.0,0.085
1042,1,-0.009999999999999898,0.0,0.0,0.009999999999999898,1.005,0.0,0.085
1043,1,0.01,0.0,0.0,0.01,-0.005,0.0,0.09
1044,1,-0.009999999999999898,0.0,0.0,0.009999999999999898,1.005,0.0,0.09
1045,1,0.01,0.0,0.0,0.01,-0.005,0.0,0.095
1046,1,-0.009999999999999898,0.0,0.0,0.009999999999999898,1.005,0.0,0.095
1047,1,0.01,0.0,0.0,0.01,-0.005,0.0,0.1
1048,1,-0.009999999999999898,0.0,0.0,0.009999999999999898,1.005,0.0,0.1
1049,1,0.01,0.0,0.0,0.01,-0.005,0.0,0.105
1050,1,-0.009999999999999898,0.0,0.0,0.009999999999999898,1.005,0.0,0.105
1051,1,0.01,0.0,0.0,0.01,-0.005,0.0,0.11
1052,1,-0.009999999999999898,0.0,0.0,0.009999999999999898,1.005,0.0,0.11
1053,1,0.01,0.0,0.0,0.01,-0.005,0.0,0.115
1054,1,-0.009999999999999898,0.0,0.0,0.009999999999999898,1.005,0.0,0.115
1055,1,0.01,0.0,0.0,0.01,-0.005,0.0,0.12
1056,1,-0.009999999999999898,0.0,0.0,0.009999999999999898,1.005,0.0,0.12
1057,1,0.01,0.0,0.0,0.01,-0.005,0.0,0.125
1058,1,-0.009999999999999898,0.0,0.0,0.009999999999999898,1.005,0.0,0.125
1059,1,0.01,0.0,0.0,0.01,-0.005,0.0,0.13
1060,1,-0.009999999999999898,0.0,0.0,0.009999999999999898,1.005,0.0,0.13
1061,1,0.01,0.0,0.0,0.01,-0.005,0.0,0.135
1062,1,-0.009999999999999898,0.0,0.0,0.009999999999999898,1.005,0.0,0.135
1063,1,0.01,0.0,0.0,0.01,-0.005,0.0,0.14
1064,1,-0.009999999999999898,0.0,0.0,0.009999999999999898,1.005,0.0,0.14
1065,1,0.01,0.0,0.0,0.01,-0.005,0.0,0.145
1066,1,-0.009999999999999898,0.0,0.0,0.009999999999999898,1.005,0.0,0.145
1067,1,0.01,0.0,0.0,0.01,-0.005,0.0,0.15
1068,1,-0.009999999999999898,0.0,0.0,0.009999999999999898,1.005,0.0,0.15
1069,1,0.01,0.0,0.0,0.01,-0.005,0.0,0.155
1070,1,-0.009999999999999898,0.0,0.0,0.009999999999999898,1.005,0.0,0.155
1071,1,0.01,0.0,0.0,0.01,-0.005,0.0,0.16
1072,1,-0.009999999999999898,0.0,0.0,0.009999999999999898,1.005,0.0,0.16
1073,1,0.01,0.0,0.0,0.01,-0.005,0.0,0.165
1074,1,-0.009999999999999898,0.0,0.0,0.009999999999999898,1.005,0.0,0.165
1075,1,0.01,0.0,0.0,0.01,-0.005,0.0,0.17
1076,1,-0.009999999999999898,0.0,0.0,0.009999999999999898,1.005,0.0,0.17
1077,1,0.01,0.0,0.0,0.01,-0.005,0.0,0.175
1078,1,-0.009999999999999898,0.0,0.0,0.009999999999999898,1.005,0.0,0.175
1079,1,0.01,0.0,0.0,0.01,-0.005,0.0,0.18
1080,1,-0.009999999999999898,0.0,0.0,0.009999999999999898,1.005,0.0,0.18
1081,1,0.01,0.0,0.0,0.01,-0.005,0.0,0.185
1082,1,-0.009999999999999898,0.0,0.0,0.009999999999999898,1.005,0.0,0.185
1083,1,0.01,0.0,0.0,0.01,-0.005,0.0,0.19
1084,1,-0.009999999999999898,0.0,0.0,0.009999999999999898,1.005,0.0,0.19
1085,1,0.01,0.0,0.0,0.01,-0.005,0.0,0.195
1086,1,-0.009999999999999898,0.0,0.0,0.009999999999999898,1.005,0.0,0.195
1087,1,0.01,0.0,0.0,0.01,-0.005,0.0,0.2
1088,1,-0.009999999999999898,0.0,0.0,0.009999999999999898,1.005,0.0,0.2
1089,1,0.01,0.0,0.0,0.01,-0.005,0.0,0.205
1090,1,-0.009999999999999898,0.0,0.0,0.009999999999999898,1.005,0.0,0.205
1091,1,0.01,0.0,0.0,0.01,-0.005,0.0,0.21
1092,1,-0.009999999999999898,0.0,0.0,0.009999999999999898,1.005,0.0,0.21
1093,1,0.01,0.0,0.0,0.01,-0.005,0.0,0.215
1094,1,-0.009999999999999898,0.0,0.0,0.009999999999999898,1.005,0.0,0.215
1095,1,0.01,0.0,0.0,0.01,-0.005,0.0,0.22
1096,1,-0.009999999999999898,0.0,0.0,0.009999999999999898,1.005,0.0,0.22
1097,1,0.01,0.0,0.0,0.01,-0.005,0.0,0.225
1098,1,-0.009999999999999898,0.0,0.0,0.009999999999999898,1.005,0.0,0.225
1099,1,0.01,0.0,0.0,0.01,-0.005,0.0,0.23
1100,1,-0.009999999999999898,0.0,0.0,0.009999999999999898,1.005,0.0,0.23
1101,1,0.01,0.0,0.0,0.01,-0.005,0.0,0.235
1102,1,-0.009999999999999898,0.0,0.0,0.009999999999999898,1.005,0.0,0.235
1103,1,0.01,0.0,0.0,0.01,-0.005,0.0,0.24
1104,1,-0.009999999999999898,0.0,0.0,0.009999999999999898,1.005,0.0,0.24
1105,1,0.01,0.0,0.0,0.01,-0.005,0.0,0.245
1106,1,-0.009999999999999898,0.0,0.0,0.009999999999999898,1.005,0.0,0.245
1107,1,0.01,0.0,0.0,0.01,-0.005,0.0,0.25
1108,1,-0.009999999999999898,0.0,0.0,0.009999999999999898,1.005,0.0,0.25
1109,1,0.01,0.0,0.0,0.01,-0.005,0.0,0.255
1110,1,-0.009999999999999898,0.0,0.0,0.009999999999999898,1.005,0.0,0.255
1111,1,0.01,0.0,0.0,0.01,-0.005,0.0,0.26
1112,1,-0.009999999999999898,0.0,0.0,0.009999999999999898,1.005,0.0,0.26
1113,1,0.01,0.0,0.0,0.01,-0.005,0.0,0.265
1114,1,-0.009999999999999898,0.0,0.0,0.009999999999999898,1.005,0.0,0.265
1115,1,0.01,0.0,0.0,0.01,-0.005,0.0,0.27
1116,1,-0.009999999999999898,0.0,0.0,0.009999999999999898,1.005,0.0,0.27
1117,1,0.01,0.0,0.0,0.01,-0.005,0.0,0.275
1118,1,-0.009999999999999898,0.0,0.0,0.009999999999999898,1.005,0.0,0.275
1119,1,0.01,0.0,0.0,0.01,-0.005,0.0,0.28
1120,1,-0.009999999999999898,0.0,0.0,0.009999999999999898,1.005,0.0,0.28
1121,1,0.01,0.0,0.0,0.01,-0.005,0.0,0.285
1122,1,-0.009999999999999898,0.0,0.0,0.009999999999999898,1.005,0.0,0.285
1123,1,0.01,0.0,0.0,0.01,-0.005,0.0,0.29
1124,1,-0.009999999999999898,0.0,0.0,0.009999999999999898,1.005,0.0,0.29
1125,1,0.01,0.0,0.0,0.01,-0.005,0.0,0.295
1126,1,-0.009999999999999898,0.0,0.0,0.009999999999999898,1.005,0.0,0.295
1127,1,0.01,0.0,0.0,0.01,-0.005,0.0,0.3
1128,1,-0.009999999999999898,0.0,0.0,0.009999999999999898,1.005,0.0,0.3
1129,1,0.01,0.0,0.0,0.01,-0.005,0.0,0.305
1130,1,-0.009999999999999898,0.0,0.0,0.009999999999999898,1.005,0.0,0.305
1131,1,0.01,0.0,0.0,0.01,-0.005,0.0,0.31
1132,1,-0.009999999999999898,0.0,0.0,0.009999999999999898,1.005,0.0,0.31
1133,1,0.01,0.0,0.0,0.01,-0.005,0.0,0.315
1134,1,-0.009999999999999898,0.0,0.0,0.009999999999999898,1.005,0.0,0.315
1135,1,0.01,0.0,0.0,0.01,-0.005,0.0,0.32
1136,1,-0.009999999999999898,0.0,0.0,0.009999999999999898,1.005,0.0,0.32
1137,1,0.01,0.0,0.0,0.01,-0.005,0.0,0.325
1138,1,-0.009999999999999898,0.0,0.0,0.009999999999999898,1.005,0.0,0.325
1139,1,0.01,0.0,0.0,0.01,-0.005,0.0,0.33
1140,1,-0.009999999999999898,0.0,0.0,0.009999999999999898,1.005,0.0,0.33
1141,1,0.01,0.0,0.0,0.01,-0.005,0.0,0.335
1142,1,-0.009999999999999898,0.0,0.0,0.009999999999999898,1.005,0.0,0.335
1143,1,0.01,0.0,0.0,0.01,-0.005,0.0,0.34
1144,1,-0.009999999999999898,0.0,0.0,0.009999999999999898,1.005,0.0,0.34
1145,1,0.01,0.0,0.0,0.01,-0.005,0.0,0.345
1146,1,-0.009999999999999898,0.0,0.0,0.009999999999999898,1.005,0.0,0.345
1147,1,0.01,0.0,0.0,0.01,-0.005,0.0,0.35
1148,1,-0.009999999999999898,0.0,0.0,0.009999999999999898,1.005,0.0,0.35
1149,1,0.01,0.0,0.0,0.01,-0.005,0.0,0.355
1150,1,-0.009999999999999898,0.0,0.0,0.009999999999999898,1.005,0.0,0.355
1151,1,0.01,0.0,0.0,0.01,-0.005,0.0,0.36
1152,1,-0.009999999999999898,0.0,0.0,0.009999999999999898,1.005,0.0,0.36
1153,1,0.01,0.0,0.0,0.01,-0.005,0.0,0.365
1154,1,-0.009999999999999898,0.0,0.0,0.009999999999999898,1.005,0.0,0.365
1155,1,0.01,0.0,0.0,0.01,-0.005,0.0,0.37
1156,1,-0.009999999999999898,0.0,0.0,0.009999999999999898,1.005,0.0,0.37
1157,1,0.01,0.0,0.0,0.01,-0.005,0.0,0.375
1158,1,-0.009999999999999898,0.0,0.0,0.009999999999999898,1.005,0.0,0.375
1159,1,0.01,0.0,0.0,0.01,-0.005,0.0,0.38
1160,1,-0.009999999999999898,0.0,0.0,0.009999999999999898,1.005,0.0,0.38
1161,1,0.01,0.0,0.0,0.01,-0.005,0.0,0.385
1162,1,-0.009999999999999898,0.0,0.0,0.009999999999999898,1.005,0.0,0.385
1163,1,0.01,0.0,0.0,0.01,-0.005,0.0,0.39
1164,1,-0.009999999999999898,0.0,0.0,0.009999999999999898,1.005,0.0,0.39
1165,1,0.01,0.0,0.0,0.01,-0.005,0.0,0.395
1166,1,-0.009999999999999898,0.0,0.0,0.009999999999999898,1.005,0.0,0.395
1167,1,0.01,0.0,0.0,0.01,-0.005,0.0,0.4
1168,1,-0.009999999999999898,0.0,0.0,0.009999999999999898,1.005,0.0,0.4
1169,1,0.01,0.0,0.0,0.01,-0.005,0.0,0.405
1170,1,-0.009999999999999898,0.0,0.0,0.009999999999999898,1.005,0.0,0.405
1171,1,0.01,0.0,0.0,0.01,-0.005,0.0,0.41
1172,1,-0.009999999999999898,0.0,0.0,0.009999999999999898,1.005,0.0,0.41
1173,1,0.01,0.0,0.0,0.01,-0.005,0.0,0.415
1174,1,-0.009999999999999898,0.0,0.0,0.009999999999999898,1.005,0.0,0.415
1175,1,0.01,0.0,0.0,0.01,-0.005,0.0,0.42
1176,1,-0.009999999999999898,0.0,0.0,0.009999999999999898,1.005,0.0,0.42
1177,1,0.01,0.0,0.0,0.01,-0.005,0.0,0.425
1178,1,-0.009999999999999898,0.0,0.0,0.009999999999999898,1.005,0.0,0.425
1179,1,0.01,0.0,0.0,0.01,-0.005,0.0,0.43
1180,1,-0.009999999999999898,0.0,0.0,0.009999999999999898,1.005,0.0,0.43
1181,1,0.01,0.0,0.0,0.01,-0.005,0.0,0.435
1182,1,-0.009999999999999898,0.0,0.0,0.009999999999999898,1.005,0.0,0.435
1183,1,0.01,0.0,0.0,0.01,-0.005,0.0,0.44
1184,1,-0.009999999999999898,0.0,0.0,0.009999999999999898,1.005,0.0,0.44
1185,1,0.01,0.0,0.0,0.01,-0.005,0.0,0.445
1186,1,-0.009999999999999898,0.0,0.0,0.009999999999999898,1.005,0.0,0.445
1187,1,0.01,0.0,0.0,0.01,-0.005,0.0,0.45
1188,1,-0.009999999999999898,0.0,0.0,0.009999999999999898,1.005,0.0,0.45
1189,1,0.01,0.0,0.0,0.01,-0.005,0.0,0.455
1190,1,-0.009999999999999898,0.0,0.0,0.009999999999999898,1.005,0.0,0.455
1191,1,0.01,0.0,0.0,0.01,-0.005,0.0,0.46
1192,1,-0.009999999999999898,0.0,0.0,0.009999999999999898,1.005,0.0,0.46
1193,1,0.01,0.0,0.0,0.01,-0.005,0.0,0.465
1194,1,-0.009999999999999898,0.0,0.0,0.009999999999999898,1.005,0.0,0.465
1195,1,0.01,0.0,0.0,0.01,-0.005,0.0,0.47
1196,1,-0.009999999999999898,0.0,0.0,0.009999999999999898,1.005,0.0,0.47
1197,1,0.01,0.0,0.0,0.01,-0.005,0.0,0.475
1198,1,-0.009999999999999898,0.0,0.0,0.009999999999999898,1.005,0.0,0.475
1199,1,0.01,0.0,0.0,0.01,-0.005,0.0,0.48
1200,1,-0.009999999999999898,0.0,0.0,0.009999999999999898,1.005,0.0,0.48
1201,1,0.01,0.0,0.0,0.01,-0.005,0.0,0.485
1202,1,-0.009999999999999898,0.0,0.0,0.009999999999999898,1.005,0.0,0.485
1203,1,0.01,0.0,0.0,0.01,-0.005,0.0,0.49
1204,1,-0.009999999999999898,0.0,0.0,0.009999999999999898,1.005,0.0,0.49
1205,1,0.01,0.0,0.0,0.01,-0.005,0.0,0.495
1206,1,-0.009999999999999898,0.0,0.0,0.009999999999999898,1.005,0.0,0.495
1207,1,0.01,0.0,0.0,0.01,-0.005,0.0,0.5
1208,1,-0.009999999999999898,0.0,0.0,0.009999999999999898,1.005,0.0,0.5
1209,1,0.01,0.0,0.0,0.01,-0.005,0.0,0.505
1210,1,-0.009999999999999898,0.0,0.0,0.009999999999999898,1.005,0.0,0.505
1211,1,0.01,0.0,0.0,0.01,-0.005,0.0,0.51
1212,1,-0.009999999999999898,0.0,0.0,0.009999999999999898,1.005,0.0,0.51
1213,1,0.01,0.0,0.0,0.01,-0.005,0.0,0.515
1214,1,-0.009999999999999898,0.0,0.0,0.009999999999999898,1.005,0.0,0.515
1215,1,0.01,0.0,0.0,0.01,-0.005,0.0,0.52
1216,1,-0.009999999999999898,0.0,0.0,0.009999999999999898,1.005,0.0,0.52
1217,1,0.01,0.0,0.0,0.01,-0.005,0.0,0.525
1218,1,-0.009999999999999898,0.0,0.0,0.009999999999999898,1.005,0.0,0.525
1219,1,0.01,0.0,0.0,0.01,-0.005,0.0,0.53
1220,1,-0.009999999999999898,0.0,0.0,0.009999999999999898,1.005,0.0,0.53
1221,1,0.01,0.0,0.0,0.01,-0.005,0.0,0.535
1222,1,-0.009999999999999898,0.0,0.0,0.009999999999999898,1.005,0.0,0.535
1223,1,0.01,0.0,0.0,0.01,-0.005,0.0,0.54
1224,1,-0.009999999999999898,0.0,0.0,0.009999999999999898,1.005,0.0,0.54
1225,1,0.01,0.0,0.0,0.01,-0.005,0.0,0.545
1226,1,-0.009999999999999898,0.0,0.0,0.009999999999999898,1.005,0.0,0.545
1227,1,0.01,0.0,0.0,0.01,-0.005,0.0,0.55
1228,1,-0.009999999999999898,0.0,0.0,0.009999999999999898,1.005,0.0,0.55
1229,1,0.01,0.0,0.0,0.01,-0.005,0.0,0.555
1230,1,-0.009999999999999898,0.0,0.0,0.009999999999999898,1.005,0.0,0.555
1231,1,0.01,0.0,0.0,0.01,-0.005,0.0,0.56
1232,1,-0.009999999999999898,0.0,0.0,0.009999999999999898,1.005,0.0,0.56
1233,1,0.01,0.0,0.0,0.01,-0.005,0.0,0.565
1234,1,-0.009999999999999898,0.0,0.0,0.009999999999999898,1.005,0.0,0.565
1235,1,0.01,0.0,0.0,0.01,-0.005,0.0,0.57
1236,1,-0.009999999999999898,0.0,0.0,0.009999999999999898,1.005,0.0,0.57
1237,1,0.01,0.0,0.0,0.01,-0.005,0.0,0.575
1238,1,-0.009999999999999898,0.0,0.0,0.009999999999999898,1.005,0.0,0.575
1239,1,0.01,0.0,0.0,0.01,-0.005,0.0,0.58
1240,1,-0.009999999999999898,0.0,0.0,0.009999999999999898,1.005,0.0,0.58
1241,1,0.01,0.0,0.0,0.01,-0.005,0.0,0.585
1242,1,-0.009999999999999898,0.0,0.0,0.009999999999999898,1.005,0.0,0.585
1243,1,0.01,0.0,0.0,0.01,-0.005,0.0,0.59
1244,1,-0.009999999999999898,0.0,0.0,0.009999999999999898,1.005,0.0,0.59
1245,1,0.01,0.0,0.0,0.01,-0.005,0.0,0.595
1246,1,-0.009999999999999898,0.0,0.0,0.009999999999999898,1.005,0.0,0.595
1247,1,0.01,0.0,0.0,0.01,-0.005,0.0,0.6
1248,1,-0.009999999999999898,0.0,0.0,0.009999999999999898,1.005,0.0,0.6
1249,1,0.01,0.0,0.0,0.01,-0.005,0.0,0.605
1250,1,-0.009999999999999898,0.0,0.0,0.009999999999999898,1.005,0.0,0.605
1251,1,0.01,0.0,0.0,0.01,-0.005,0.0,0.61
1252,1,-0.009999999999999898,0.0,0.0,0.009999999999999898,1.005,0.0,0.61
1253,1,0.01,0.0,0.0,0.01,-0.005,0.0,0.615
1254,1,-0.009999999999999898,0.0,0.0,0.009999999999999898,1.005,0.0,0.615
1255,1,0.01,0.0,0.0,0.01,-0.005,0.0,0.62
1256,1,-0.009999999999999898,0.0,0.0,0.009999999999999898,1.005,0.0,0.62
1257,1,0.01,0.0,0.0,0.01,-0.005,0.0,0.625
1258,1,-0.009999999999999898,0.0,0.0,0.009999999999999898,1.005,0.0,0.625
1259,1,0.01,0.0,0.0,0.01,-0.005,0.0,0.63
1260,1,-0.009999999999999898,0.0,0.0,0.009999999999999898,1.005,0.0,0.63
1261,1,0.01,0.0,0.0,0.01,-0.005,0.0,0.635
1262,1,-0.009999999999999898,0.0,0.0,0.009999999999999898,1.005,0.0,0.635
1263,1,0.01,0.0,0.0,0.01,-0.005,0.0,0.64
1264,1,-0.009999999999999898,0.0,0.0,0.009999999999999898,1.005,0.0,0.64
1265,1,0.01,0.0,0.0,0.01,-0.005,0.0,0.645
1266,1,-0.009999999999999898,0.0,0.0,0.009999999999999898,1.005,0.0,0.645
1267,1,0.01,0.0,0.0,0.01,-0.005,0.0,0.65
1268,1,-0.009999999999999898,0.0,0.0,0.009999999999999898,1.005,0.0,0.65
1269,1,0.01,0.0,0.0,0.01,-0.005,0.0,0.655
1270,1,-0.009999999999999898,0.0,0.0,0.009999999999999898,1.005,0.0,0.655
1271,1,0.01,0.0,0.0,0.01,-0.005,0.0,0.66
1272,1,-0.009999999999999898,0.0,0.0,0.009999999999999898,1.005,0.0,0.66
1273,1,0.01,0.0,0.0,0.01,-0.005,0.0,0.665
1274,1,-0.009999999999999898,0.0,0.0,0.009999999999999898,1.005,0.0,0.665
1275,1,0.01,0.0,0.0,0.01,-0.005,0.0,0.67
1276,1,-0.009999999999999898,0.0,0.0,0.009999999999999898,1.005,0.0,0.67
1277,1,0.01,0.0,0.0,0.01,-0.005,0.0,0.675
1278,1,-0.009999999999999898,0.0,0.0,0.009999999999999898,1.005,0.0,0.675
1279,1,0.01,0.0,0.0,0.01,-0.005,0.0,0.68
1280,1,-0.009999999999999898,0.0,0.0,0.009999999999999898,1.005,0.0,0.68
1281,1,0.01,0.0,0.0,0.01,-0.005,0.0,0.685
1282,1,-0.009999999999999898,0.0,0.0,0.009999999999999898,1.005,0.0,0.685
1283,1,0.01,0.0,0.0,0.01,-0.005,0.0,0.69
1284,1,-0.009999999999999898,0.0,0.0,0.009999999999999898,1.005,0.0,0.69
1285,1,0.01,0.0,0.0,0.01,-0.005,0.0,0.695
1286,1,-0.009999999999999898,0.0,0.0,0.009999999999999898,1.005,0.0,0.695
1287,1,0.01,0.0,0.0,0.01,-0.005,0.0,0.7
1288,1,-0.009999999999999898,0.0,0.0,0.009999999999999898,1.005,0.0,0.7
1289,1,0.01,0.0,0.0,0.01,-0.005,0.0,0.705
1290,1,-0.009999999999999898,0.0,0.0,0.009999999999999898,1.005,0.0,0.705
1291,1,0.01,0.0,0.0,0.01,-0.005,0.0,0.71
1292,1,-0.009999999999999898,0.0,0.0,0.009999999999999898,1.005,0.0,0.71
1293,1,0.01,0.0,0.0,0.01,-0.005,0.0,0.715
1294,1,-0.009999999999999898,0.0,0.0,0.009999999999999898,1.005,0.0,0.715
1295,1,0.01,0.0,0.0,0.01,-0.005,0.0,0.72
1296,1,-0.009999999999999898,0.0,0.0,0.009999999999999898,1.005,0.0,0.72
1297,1,0.01,0.0,0.0,0.01,-0.005,0.0,0.725
1298,1,-0.009999999999999898,0.0,0.0,0.009999999999999898,1.005,0.0,0.725
1299,1,0.01,0.0,0.0,0.01,-0.005,0.0,0.73
1300,1,-0.009999999999999898,0.0,0.0,0.009999999999999898,1.005,0.0,0.73
1301,1,0.01,0.0,0.0,0.01,-0.005,0.0,0.735
1302,1,-0.009999999999999898,0.0,0.0,0.009999999999999898,1.005,0.0,0.735
1303,1,0.01,0.0,0.0,0.01,-0.005,0.0,0.74
1304,1,-0.009999999999999898,0.0,0.0,0.009999999999999898,1.005,0.0,0.74
1305,1,0.01,0.0,0.0,0.01,-0.005,0.0,0.745
1306,1,-0.009999999999999898,0.0,0.0,0.009999999999999898,1.005,0.0,0.745
1307,1,0.01,0.0,0.0,0.01,-0.005,0.0,0.75
1308,1,-0.009999999999999898,0.0,0.0,0.009999999999999898,1.005,0.0,0.75
1309,1,0.01,0.0,0.0,0.01,-0.005,0.0,0.755
1310,1,-0.009999999999999898,0.0,0.0,0.009999999999999898,1.005,0.0,0.755
1311,1,0.01,0.0,0.0,0.01,-0.005,0.0,0.76
1312,1,-0.009999999999999898,0.0,0.0,0.009999999999999898,1.005,0.0,0.76
1313,1,0.01,0.0,0.0,0.01,-0.005,0.0,0.765
1314,1,-0.009999999999999898,0.0,0.0,0.009999999999999898,1.005,0.0,0.765
1315,1,0.01,0.0,0.0,0.01,-0.005,0.0,0.77
1316,1,-0.009999999999999898,0.0,0.0,0.009999999999999898,1.005,0.0,0.77
1317,1,0.01,0.0,0.0,0.01,-0.005,0.0,0.775
1318,1,-0.009999999999999898,0.0,0.0,0.009999999999999898,1.005,0.0,0.775
1319,1,0.01,0.0,0.0,0.01,-0.005,0.0,0.78
1320,1,-0.009999999999999898,0.0,0.0,0.009999999999999898,1.005,0.0,0.78
1321,1,0.01,0.0,0.0,0.01,-0.005,0.0,0.785
1322,1,-0.009999999999999898,0.0,0.0,0.009999999999999898,1.005,0.0,0.785
1323,1,0.01,0.0,0.0,0.01,-0.005,0.0,0.79
1324,1,-0.009999999999999898,0.0,0.0,0.009999999999999898,1.005,0.0,0.79
1325,1,0.01,0.0,0.0,0.01,-0.005,0.0,0.795
1326,1,-0.009999999999999898,0.0,0.0,0.009999999999999898,1.005,0.0,0.795
1327,1,0.01,0.0,0.0,0.01,-0.005,0.0,0.8
1328,1,-0.009999999999999898,0.0,0.0,0.009999999999999898,1.005,0.0,0.8
1329,1,0.01,0.0,0.0,0.01,-0.005,0.0,0.805
1330,1,-0.009999999999999898,0.0,0.0,0.009999999999999898,1.005,0.0,0.805
1331,1,0.01,0.0,0.0,0.01,-0.005,0.0,0.81
1332,1,-0.009999999999999898,0.0,0.0,0.009999999999999898,1.005,0.0,0.81
1333,1,0.01,0.0,0.0,0.01,-0.005,0.0,0.815
1334,1,-0.009999999999999898,0.0,0.0,0.009999999999999898,1.005,0.0,0.815
1335,1,0.01,0.0,0.0,0.01,-0.005,0.0,0.82
1336,1,-0.009999999999999898,0.0,0.0,0.009999999999999898,1.005,0.0,0.82
1337,1,0.01,0.0,0.0,0.01,-0.005,0.0,0.825
1338,1,-0.009999999999999898,0.0,0.0,0.009999999999999898,1.005,0.0,0.825
1339,1,0.01,0.0,0.0,0.01,-0.005,0.0,0.83
1340,1,-0.009999999999999898,0.0,0.0,0.009999999999999898,1.005,0.0,0.83
1341,1,0.01,0.0,0.0,0.01,-0.005,0.0,0.835
1342,1,-0.009999999999999898,0.0,0.0,0.009999999999999898,1.005,0.0,0.835
1343,1,0.01,0.0,0.0,0.01,-0.005,0.0,0.84
1344,1,-0.009999999999999898,0.0,0.0,0.009999999999999898,1.005,0.0,0.84
1345,1,0.01,0.0,0.0,0.01,-0.005,0.0,0.845
1346,1,-0.009999999999999898,0.0,0.0,0.009999999999999898,1.005,0.0,0.845
1347,1,0.01,0.0,0.0,0.01,-0.005,0.0,0.85
1348,1,-0.009999999999999898,0.0,0.0,0.009999999999999898,1.005,0.0,0.85
1349,1,0.01,0.0,0.0,0.01,-0.005,0.0,0.855
1350,1,-0.009999999999999898,0.0,0.0,0.009999999999999898,1.005,0.0,0.855
1351,1,0.01,0.0,0.0,0.01,-0.005,0.0,0.86
1352,1,-0.009999999999999898,0.0,0.0,0.009999999999999898,1.005,0.0,0.86
1353,1,0.01,0.0,0.0,0.01,-0.005,0.0,0.865
1354,1,-0.009999999999999898,0.0,0.0,0.009999999999999898,1.005,0.0,0.865
1355,1,0.01,0.0,0.0,0.01,-0.005,0.0,0.87
1356,1,-0.009999999999999898,0.0,0.0,0.009999999999999898,1.005,0.0,0.87
1357,1,0.01,0.0,0.0,0.01,-0.005,0.0,0.875
1358,1,-0.009999999999999898,0.0,0.0,0.009999999999999898,1.005,0.0,0.875
1359,1,0.01,0.0,0.0,0.01,-0.005,0.0,0.88
1360,1,-0.009999999999999898,0.0,0.0,0.009999999999999898,1.005,0.0,0.88
1361,1,0.01,0.0,0.0,0.01,-0.005,0.0,0.885
1362,1,-0.009999999999999898,0.0,0.0,0.009999999999999898,1.005,0.0,0.885
1363,1,0.01,0.0,0.0,0.01,-0.005,0.0,0.89
1364,1,-0.009999999999999898,0.0,0.0,0.009999999999999898,1.005,0.0,0.89
1365,1,0.01,0.0,0.0,0.01,-0.005,0.0,0.895
1366,1,-0.009999999999999898,0.0,0.0,0.009999999999999898,1.005,0.0,0.895
1367,1,0.01,0.0,0.0,0.01,-0.005,0.0,0.9
1368,1,-0.009999999999999898,0.0,0.0,0.009999999999999898,1.005,0.0,0.9
1369,1,0.01,0.0,0.0,0.01,-0.005,0.0,0.905
1370,1,-0.009999999999999898,0.0,0.0,0.009999999999999898,1.005,0.0,0.905
1371,1,0.01,0.0,0.0,0.01,-0.005,0.0,0.91
1372,1,-0.009999999999999898,0.0,0.0,0.009999999999999898,1.005,0.0,0.91
1373,1,0.01,0.0,0.0,0.01,-0.005,0.0,0.915
1374,1,-0.009999999999999898,0.0,0.0,0.009999999999999898,1.005,0.0,0.915
1375,1,0.01,0.0,0.0,0.01,-0.005,0.0,0.92
1376,1,-0.009999999999999898,0.0,0.0,0.009999999999999898,1.005,0.0,0.92
1377,1,0.01,0.0,0.0,0.01,-0.005,0.0,0.925
1378,1,-0.009999999999999898,0.0,0.0,0.009999999999999898,1.005,0.0,0.925
1379,1,0.01,0.0,0.0,0.01,-0.005,0.0,0.93
1380,1,-0.009999999999999898,0.0,0.0,0.009999999999999898,1.005,0.0,0.93
1381,1,0.01,0.0,0.0,0.01,-0.005,0.0,0.935
1382,1,-0.009999999999999898,0.0,0.0,0.009999999999999898,1.005,0.0,0.935
1383,1,0.01,0.0,0.0,0.01,-0.005,0.0,0.94
1384,1,-0.009999999999999898,0.0,0.0,0.009999999999999898,1.005,0.0,0.94
1385,1,0.01,0.0,0.0,0.01,-0.005,0.0,0.945
1386,1,-0.009999999999999898,0.0,0.0,0.009999999999999898,1.005,0.0,0.945
1387,1,0.01,0.0,0.0,0.01,-0.005,0.0,0.95
1388,1,-0.009999999999999898,0.0,0.0,0.009999999999999898,1.005,0.0,0.95
1389,1,0.01,0.0,0.0,0.01,-0.005,0.0,0.955
1390,1,-0.009999999999999898,0.0,0.0,0.009999999999999898,1.005,0.0,0.955
1391,1,0.01,0.0,0.0,0.01,-0.005,0.0,0.96
1392,1,-0.009999999999999898,0.0,0.0,0.009999999999999898,1.005,0.0,0.96
1393,1,0.01,0.0,0.0,0.01,-0.005,0.0,0.965
1394,1,-0.009999999999999898,0.0,0.0,0.009999999999999898,1.005,0.0,0.965
1395,1,0.01,0.0,0.0,0.01,-0.005,0.0,0.97
1396,1,-0.009999999999999898,0.0,0.0,0.009999999999999898,1.005,0.0,0.97
1397,1,0.01,0.0,0.0,0.01,-0.005,0.0,0.975
1398,1,-0.009999999999999898,0.0,0.0,0.009999999999999898,1.005,0.0,0.975
1399,1,0.01,0.0,0.0,0.01,-0.005,0.0,0.98
1400,1,-0.009999999999999898,0.0,0.0,0.009999999999999898,1.005,0.0,0.98
1401,1,0.01,0.0,0.0,0.01,-0.005,0.0,0.985
1402,1,-0.009999999999999898,0.0,0.0,0.009999999999999898,1.005,0.0,0.985
1403,1,0.015,0.0,0.0,0.015,-0.01,0.0,0.005
1404,1,-0.015000000000000013,0.0,0.0,0.015000000000000013,1.01,0.0,0.005
1405,1,0.015,0.0,0.0,0.015,-0.01,0.0,0.01
1406,1,-0.015000000000000013,0.0,0.0,0.015000000000000013,1.01,0.0,0.01
1407,1,0.015,0.0,0.0,0.015,-0.01,0.0,0.015
1408,1,-0.015000000000000013,0.0,0.0,0.015000000000000013,1.01,0.0,0.015
1409,1,0.015,0.0,0.0,0.015,-0.01,0.0,0.02
1410,1,-0.015000000000000013,0.0,0.0,0.015000000000000013,1.01,0.0,0.02
1411,1,0.015,0.0,0.0,0.015,-0.01,0.0,0.025
1412,1,-0.015000000000000013,0.0,0.0,0.015000000000000013,1.01,0.0,0.025
1413,1,0.015,0.0,0.0,0.015,-0.01,0.0,0.03
1414,1,-0.015000000000000013,0.0,0.0,0.015000000000000013,1.01,0.0,0.03
1415,1,0.015,0.0,0.0,0.015,-0.01,0.0,0.035
1416,1,-0.015000000000000013,0.0,0.0,0.015000000000000013,1.01,0.0,0.035
1417,1,0.015,0.0,0.0,0.015,-0.01,0.0,0.04
1418,1,-0.015000000000000013,0.0,0.0,0.015000000000000013,1.01,0.0,0.04
1419,1,0.015,0.0,0.0,0.015,-0.01,0.0,0.045
1420,1,-0.015000000000000013,0.0,0.0,0.015000000000000013,1.01,0.0,0.045
1421,1,0.015,0.0,0.0,0.015,-0.01,0.0,0.05
1422,1,-0.015000000000000013,0.0,0.0,0.015000000000000013,1.01,0.0,0.05
1423,1,0.015,0.0,0.0,0.015,-0.01,0.0,0.055
1424,1,-0.015000000000000013,0.0,0.0,0.015000000000000013,1.01,0.0,0.055
1425,1,0.015,0.0,0.0,0.015,-0.01,0.0,0.06
1426,1,-0.015000000000000013,0.0,0.0,0.015000000000000013,1.01,0.0,0.06
1427,1,0.015,0.0,0.0,0.015,-0.01,0.0,0.065
1428,1,-0.015000000000000013,0.0,0.0,0.015000000000000013,1.01,0.0,0.065
1429,1,0.015,0.0,0.0,0.015,-0.01,0.0,0.07
1430,1,-0.015000000000000013,0.0,0.0,0.015000000000000013,1.01,0.0,0.07
1431,1,0.015,0.0,0.0,0.015,-0.01,0.0,0.075
1432,1,-0.015000000000000013,0.0,0.0,0.015000000000000013,1.01,0.0,0.075
1433,1,0.015,0.0,0.0,0.015,-0.01,0.0,0.08
1434,1,-0.015000000000000013,0.0,0.0,0.015000000000000013,1.01,0.0,0.08
1435,1,0.015,0.0,0.0,0.015,-0.01,0.0,0.085
1436,1,-0.015000000000000013,0.0,0.0,0.015000000000000013,1.01,0.0,0.085
1437,1,0.015,0.0,0.0,0.015,-0.01,0.0,0.09
1438,1,-0.015000000000000013,0.0,0.0,0.015000000000000013,1.01,0.0,0.09
1439,1,0.015,0.0,0.0,0.015,-0.01,0.0,0.095
1440,1,-0.015000000000000013,0.0,0.0,0.015000000000000013,1.01,0.0,0.095
1441,1,0.015,0.0,0.0,0.015,-0.01,0.0,0.1
1442,1,-0.015000000000000013,0.0,0.0,0.015000000000000013,1.01,0.0,0.1
1443,1,0.015,0.0,0.0,0.015,-0.01,0.0,0.105
1444,1,-0.015000000000000013,0.0,0.0,0.015000000000000013,1.01,0.0,0.105
1445,1,0.015,0.0,0.0,0.015,-0.01,0.0,0.11
1446,1,-0.015000000000000013,0.0,0.0,0.015000000000000013,1.01,0.0,0.11
1447,1,0.015,0.0,0.0,0.015,-0.01,0.0,0.115
1448,1,-0.015000000000000013,0.0,0.0,0.015000000000000013,1.01,0.0,0.115
1449,1,0.015,0.0,0.0,0.015,-0.01,0.0,0.12
1450,1,-0.015000000000000013,0.0,0.0,0.015000000000000013,1.01,0.0,0.12
1451,1,0.015,0.0,0.0,0.015,-0.01,0.0,0.125
1452,1,-0.015000000000000013,0.0,0.0,0.015000000000000013,1.01,0.0,0.125
1453,1,0.015,0.0,0.0,0.015,-0.01,0.0,0.13
1454,1,-0.015000000000000013,0.0,0.0,0.015000000000000013,1.01,0.0,0.13
1455,1,0.015,0.0,0.0,0.015,-0.01,0.0,0.135
1456,1,-0.015000000000000013,0.0,0.0,0.015000000000000013,1.01,0.0,0.135
1457,1,0.015,0.0,0.0,0.015,-0.01,0.0,0.14
1458,1,-0.015000000000000013,0.0,0.0,0.015000000000000013,1.01,0.0,0.14
1459,1,0.015,0.0,0.0,0.015,-0.01,0.0,0.145
1460,1,-0.015000000000000013,0.0,0.0,0.015000000000000013,1.01,0.0,0.145
1461,1,0.015,0.0,0.0,0.015,-0.01,0.0,0.15
1462,1,-0.015000000000000013,0.0,0.0,0.015000000000000013,1.01,0.0,0.15
1463,1,0.015,0.0,0.0,0.015,-0.01,0.0,0.155
1464,1,-0.015000000000000013,0.0,0.0,0.015000000000000013,1.01,0.0,0.155
1465,1,0.015,0.0,0.0,0.015,-0.01,0.0,0.16
1466,1,-0.015000000000000013,0.0,0.0,0.015000000000000013,1.01,0.0,0.16
1467,1,0.015,0.0,0.0,0.015,-0.01,0.0,0.165
1468,1,-0.015000000000000013,0.0,0.0,0.015000000000000013,1.01,0.0,0.165
1469,1,0.015,0.0,0.0,0.015,-0.01,0.0,0.17
1470,1,-0.015000000000000013,0.0,0.0,0.015000000000000013,1.01,0.0,0.17
1471,1,0.015,0.0,0.0,0.015,-0.01,0.0,0.175
1472,1,-0.015000000000000013,0.0,0.0,0.015000000000000013,1.01,0.0,0.175
1473,1,0.015,0.0,0.0,0.015,-0.01,0.0,0.18
1474,1,-0.015000000000000013,0.0,0.0,0.015000000000000013,1.01,0.0,0.18
1475,1,0.015,0.0,0.0,0.015,-0.01,0.0,0.185
1476,1,-0.015000000000000013,0.0,0.0,0.015000000000000013,1.01,0.0,0.185
1477,1,0.015,0.0,0.0,0.015,-0.01,0.0,0.19
1478,1,-0.015000000000000013,0.0,0.0,0.015000000000000013,1.01,0.0,0.19
1479,1,0.015,0.0,0.0,0.015,-0.01,0.0,0.195
1480,1,-0.015000000000000013,0.0,0.0,0.015000000000000013,1.01,0.0,0.195
1481,1,0.015,0.0,0.0,0.015,-0.01,0.0,0.2
1482,1,-0.015000000000000013,0.0,0.0,0.015000000000000013,1.01,0.0,0.2
1483,1,0.015,0.0,0.0,0.015,-0.01,0.0,0.205
1484,1,-0.015000000000000013,0.0,0.0,0.015000000000000013,1.01,0.0,0.205
1485,1,0.015,0.0,0.0,0.015,-0.01,0.0,0.21
1486,1,-0.015000000000000013,0.0,0.0,0.015000000000000013,1.01,0.0,0.21
1487,1,0.015,0.0,0.0,0.015,-0.01,0.0,0.215
1488,1,-0.015000000000000013,0.0,0.0,0.015000000000000013,1.01,0.0,0.215
1489,1,0.015,0.0,0.0,0.015,-0.01,0.0,0.22
1490,1,-0.015000000000000013,0.0,0.0,0.015000000000000013,1.01,0.0,0.22
1491,1,0.015,0.0,0.0,0.015,-0.01,0.0,0.225
1492,1,-0.015000000000000013,0.0,0.0,0.015000000000000013,1.01,0.0,0.225
1493,1,0.015,0.0,0.0,0.015,-0.01,0.0,0.23
1494,1,-0.015000000000000013,0.0,0.0,0.015000000000000013,1.01,0.0,0.23
1495,1,0.015,0.0,0.0,0.015,-0.01,0.0,0.235
1496,1,-0.015000000000000013,0.0,0.0,0.015000000000000013,1.01,0.0,0.235
1497,1,0.015,0.0,0.0,0.015,-0.01,0.0,0.24
1498,1,-0.015000000000000013,0.0,0.0,0.015000000000000013,1.01,0.0,0.24
1499,1,0.015,0.0,0.0,0.015,-0.01,0.0,0.245
1500,1,-0.015000000000000013,0.0,0.0,0.015000000000000013,1.01,0.0,0.245
1501,1,0.015,0.0,0.0,0.015,-0.01,0.0,0.25
1502,1,-0.015000000000000013,0.0,0.0,0.015000000000000013,1.01,0.0,0.25
1503,1,0.015,0.0,0.0,0.015,-0.01,0.0,0.255
1504,1,-0.015000000000000013,0.0,0.0,0.015000000000000013,1.01,0.0,0.255
1505,1,0.015,0.0,0.0,0.015,-0.01,0.0,0.26
1506,1,-0.015000000000000013,0.0,0.0,0.015000000000000013,1.01,0.0,0.26
1507,1,0.015,0.0,0.0,0.015,-0.01,0.0,0.265
1508,1,-0.015000000000000013,0.0,0.0,0.015000000000000013,1.01,0.0,0.265
1509,1,0.015,0.0,0.0,0.015,-0.01,0.0,0.27
1510,1,-0.015000000000000013,0.0,0.0,0.015000000000000013,1.01,0.0,0.27
1511,1,0.015,0.0,0.0,0.015,-0.01,0.0,0.275
1512,1,-0.015000000000000013,0.0,0.0,0.015000000000000013,1.01,0.0,0.275
1513,1,0.015,0.0,0.0,0.015,-0.01,0.0,0.28
1514,1,-0.015000000000000013,0.0,0.0,0.015000000000000013,1.01,0.0,0.28
1515,1,0.015,0.0,0.0,0.015,-0.01,0.0,0.285
1516,1,-0.015000000000000013,0.0,0.0,0.015000000000000013,1.01,0.0,0.285
1517,1,0.015,0.0,0.0,0.015,-0.01,0.0,0.29
1518,1,-0.015000000000000013,0.0,0.0,0.015000000000000013,1.01,0.0,0.29
1519,1,0.015,0.0,0.0,0.015,-0.01,0.0,0.295
1520,1,-0.015000000000000013,0.0,0.0,0.015000000000000013,1.01,0.0,0.295
1521,1,0.015,0.0,0.0,0.015,-0.01,0.0,0.3
1522,1,-0.015000000000000013,0.0,0.0,0.015000000000000013,1.01,0.0,0.3
1523,1,0.015,0.0,0.0,0.015,-0.01,0.0,0.305
1524,1,-0.015000000000000013,0.0,0.0,0.015000000000000013,1.01,0.0,0.305
1525,1,0.015,0.0,0.0,0.015,-0.01,0.0,0.31
1526,1,-0.015000000000000013,0.0,0.0,0.015000000000000013,1.01,0.0,0.31
1527,1,0.015,0.0,0.0,0.015,-0.01,0.0,0.315
1528,1,-0.015000000000000013,0.0,0.0,0.015000000000000013,1.01,0.0,0.315
1529,1,0.015,0.0,0.0,0.015,-0.01,0.0,0.32
1530,1,-0.015000000000000013,0.0,0.0,0.015000000000000013,1.01,0.0,0.32
1531,1,0.015,0.0,0.0,0.015,-0.01,0.0,0.325
1532,1,-0.015000000000000013,0.0,0.0,0.015000000000000013,1.01,0.0,0.325
1533,1,0.015,0.0,0.0,0.015,-0.01,0.0,0.33
1534,1,-0.015000000000000013,0.0,0.0,0.015000000000000013,1.01,0.0,0.33
1535,1,0.015,0.0,0.0,0.015,-0.01,0.0,0.335
1536,1,-0.015000000000000013,0.0,0.0,0.015000000000000013,1.01,0.0,0.335
1537,1,0.015,0.0,0.0,0.015,-0.01,0.0,0.34
1538,1,-0.015000000000000013,0.0,0.0,0.015000000000000013,1.01,0.0,0.34
1539,1,0.015,0.0,0.0,0.015,-0.01,0.0,0.345
1540,1,-0.015000000000000013,0.0,0.0,0.015000000000000013,1.01,0.0,0.345
1541,1,0.015,0.0,0.0,0.015,-0.01,0.0,0.35
1542,1,-0.015000000000000013,0.0,0.0,0.015000000000000013,1.01,0.0,0.35
1543,1,0.015,0.0,0.0,0.015,-0.01,0.0,0.355
1544,1,-0.015000000000000013,0.0,0.0,0.015000000000000013,1.01,0.0,0.355
1545,1,0.015,0.0,0.0,0.015,-0.01,0.0,0.36
1546,1,-0.015000000000000013,0.0,0.0,0.015000000000000013,1.01,0.0,0.36
1547,1,0.015,0.0,0.0,0.015,-0.01,0.0,0.365
1548,1,-0.015000000000000013,0.0,0.0,0.015000000000000013,1.01,0.0,0.365
1549,1,0.015,0.0,0.0,0.015,-0.01,0.0,0.37
1550,1,-0.015000000000000013,0.0,0.0,0.015000000000000013,1.01,0.0,0.37
1551,1,0.015,0.0,0.0,0.015,-0.01,0.0,0.375
1552,1,-0.015000000000000013,0.0,0.0,0.015000000000000013,1.01,0.0,0.375
1553,1,0.015,0.0,0.0,0.015,-0.01,0.0,0.38
1554,1,-0.015000000000000013,0.0,0.0,0.015000000000000013,1.01,0.0,0.38
1555,1,0.015,0.0,0.0,0.015,-0.01,0.0,0.385
1556,1,-0.015000000000000013,0.0,0.0,0.015000000000000013,1.01,0.0,0.385
1557,1,0.015,0.0,0.0,0.015,-0.01,0.0,0.39
1558,1,-0.015000000000000013,0.0,0.0,0.015000000000000013,1.01,0.0,0.39
1559,1,0.015,0.0,0.0,0.015,-0.01,0.0,0.395
1560,1,-0.015000000000000013,0.0,0.0,0.015000000000000013,1.01,0.0,0.395
1561,1,0.015,0.0,0.0,0.015,-0.01,0.0,0.4
1562,1,-0.015000000000000013,0.0,0.0,0.015000000000000013,1.01,0.0,0.4
1563,1,0.015,0.0,0.0,0.015,-0.01,0.0,0.405
1564,1,-0.015000000000000013,0.0,0.0,0.015000000000000013,1.01,0.0,0.405
1565,1,0.015,0.0,0.0,0.015,-0.01,0.0,0.41
1566,1,-0.015000000000000013,0.0,0.0,0.015000000000000013,1.01,0.0,0.41
1567,1,0.015,0.0,0.0,0.015,-0.01,0.0,0.415
1568,1,-0.015000000000000013,0.0,0.0,0.015000000000000013,1.01,0.0,0.415
1569,1,0.015,0.0,0.0,0.015,-0.01,0.0,0.42
1570,1,-0.015000000000000013,0.0,0.0,0.015000000000000013,1.01,0.0,0.42
1571,1,0.015,0.0,0.0,0.015,-0.01,0.0,0.425
1572,1,-0.015000000000000013,0.0,0.0,0.015000000000000013,1.01,0.0,0.425
1573,1,0.015,0.0,0.0,0.015,-0.01,0.0,0.43
1574,1,-0.015000000000000013,0.0,0.0,0.015000000000000013,1.01,0.0,0.43
1575,1,0.015,0.0,0.0,0.015,-0.01,0.0,0.435
1576,1,-0.015000000000000013,0.0,0.0,0.015000000000000013,1.01,0.0,0.435
1577,1,0.015,0.0,0.0,0.015,-0.01,0.0,0.44
1578,1,-0.015000000000000013,0.0,0.0,0.015000000000000013,1.01,0.0,0.44
1579,1,0.015,0.0,0.0,0.015,-0.01,0.0,0.445
1580,1,-0.015000000000000013,0.0,0.0,0.015000000000000013,1.01,0.0,0.445
1581,1,0.015,0.0,0.0,0.015,-0.01,0.0,0.45
1582,1,-0.015000000000000013,0.0,0.0,0.015000000000000013,1.01,0.0,0.45
1583,1,0.015,0.0,0.0,0.015,-0.01,0.0,0.455
1584,1,-0.015000000000000013,0.0,0.0,0.015000000000000013,1.01,0.0,0.455
1585,1,0.015,0.0,0.0,0.015,-0.01,0.0,0.46
1586,1,-0.015000000000000013,0.0,0.0,0.015000000000000013,1.01,0.0,0.46
1587,1,0.015,0.0,0.0,0.015,-0.01,0.0,0.465
1588,1,-0.015000000000000013,0.0,0.0,0.015000000000000013,1.01,0.0,0.465
1589,1,0.015,0.0,0.0,0.015,-0.01,0.0,0.47
1590,1,-0.015000000000000013,0.0,0.0,0.015000000000000013,1.01,0.0,0.47
1591,1,0.015,0.0,0.0,0.015,-0.01,0.0,0.475
1592,1,-0.015000000000000013,0.0,0.0,0.015000000000000013,1.01,0.0,0.475
1593,1,0.015,0.0,0.0,0.015,-0.01,0.0,0.48
1594,1,-0.015000000000000013,0.0,0.0,0.015000000000000013,1.01,0.0,0.48
1595,1,0.015,0.0,0.0,0.015,-0.01,0.0,0.485
1596,1,-0.015000000000000013,0.0,0.0,0.015000000000000013,1.01,0.0,0.485
1597,1,0.015,0.0,0.0,0.015,-0.01,0.0,0.49
1598,1,-0.015000000000000013,0.0,0.0,0.015000000000000013,1.01,0.0,0.49
1599,1,0.015,0.0,0.0,0.015,-0.01,0.0,0.495
1600,1,-0.015000000000000013,0.0,0.0,0.015000000000000013,1.01,0.0,0.495
1601,1,0.015,0.0,0.0,0.015,-0.01,0.0,0.5
1602,1,-0.015000000000000013,0.0,0.0,0.015000000000000013,1.01,0.0,0.5
1603,1,0.015,0.0,0.0,0.015,-0.01,0.0,0.505
1604,1,-0.015000000000000013,0.0,0.0,0.015000000000000013,1.01,0.0,0.505
1605,1,0.015,0.0,0.0,0.015,-0.01,0.0,0.51
1606,1,-0.015000000000000013,0.0,0.0,0.015000000000000013,1.01,0.0,0.51
1607,1,0.015,0.0,0.0,0.015,-0.01,0.0,0.515
1608,1,-0.015000000000000013,0.0,0.0,0.015000000000000013,1.01,0.0,0.515
1609,1,0.015,0.0,0.0,0.015,-0.01,0.0,0.52
1610,1,-0.015000000000000013,0.0,0.0,0.015000000000000013,1.01,0.0,0.52
1611,1,0.015,0.0,0.0,0.015,-0.01,0.0,0.525
1612,1,-0.015000000000000013,0.0,0.0,0.015000000000000013,1.01,0.0,0.525
1613,1,0.015,0.0,0.0,0.015,-0.01,0.0,0.53
1614,1,-0.015000000000000013,0.0,0.0,0.015000000000000013,1.01,0.0,0.53
1615,1,0.015,0.0,0.0,0.015,-0.01,0.0,0.535
1616,1,-0.015000000000000013,0.0,0.0,0.015000000000000013,1.01,0.0,0.535
1617,1,0.015,0.0,0.0,0.015,-0.01,0.0,0.54
1618,1,-0.015000000000000013,0.0,0.0,0.015000000000000013,1.01,0.0,0.54
1619,1,0.015,0.0,0.0,0.015,-0.01,0.0,0.545
1620,1,-0.015000000000000013,0.0,0.0,0.015000000000000013,1.01,0.0,0.545
1621,1,0.015,0.0,0.0,0.015,-0.01,0.0,0.55
1622,1,-0.015000000000000013,0.0,0.0,0.015000000000000013,1.01,0.0,0.55
1623,1,0.015,0.0,0.0,0.015,-0.01,0.0,0.555
1624,1,-0.015000000000000013,0.0,0.0,0.015000000000000013,1.01,0.0,0.555
1625,1,0.015,0.0,0.0,0.015,-0.01,0.0,0.56
1626,1,-0.015000000000000013,0.0,0.0,0.015000000000000013,1.01,0.0,0.56
1627,1,0.015,0.0,0.0,0.015,-0.01,0.0,0.565
1628,1,-0.015000000000000013,0.0,0.0,0.015000000000000013,1.01,0.0,0.565
1629,1,0.015,0.0,0.0,0.015,-0.01,0.0,0.57
1630,1,-0.015000000000000013,0.0,0.0,0.015000000000000013,1.01,0.0,0.57
1631,1,0.015,0.0,0.0,0.015,-0.01,0.0,0.575
1632,1,-0.015000000000000013,0.0,0.0,0.015000000000000013,1.01,0.0,0.575
1633,1,0.015,0.0,0.0,0.015,-0.01,0.0,0.58
1634,1,-0.015000000000000013,0.0,0.0,0.015000000000000013,1.01,0.0,0.58
1635,1,0.015,0.0,0.0,0.015,-0.01,0.0,0.585
1636,1,-0.015000000000000013,0.0,0.0,0.015000000000000013,1.01,0.0,0.585
1637,1,0.015,0.0,0.0,0.015,-0.01,0.0,0.59
1638,1,-0.015000000000000013,0.0,0.0,0.015000000000000013,1.01,0.0,0.59
1639,1,0.015,0.0,0.0,0.015,-0.01,0.0,0.595
1640,1,-0.015000000000000013,0.0,0.0,0.015000000000000013,1.01,0.0,0.595
1641,1,0.015,0.0,0.0,0.015,-0.01,0.0,0.6
1642,1,-0.015000000000000013,0.0,0.0,0.015000000000000013,1.01,0.0,0.6
1643,1,0.015,0.0,0.0,0.015,-0.01,0.0,0.605
1644,1,-0.015000000000000013,0.0,0.0,0.015000000000000013,1.01,0.0,0.605
1645,1,0.015,0.0,0.0,0.015,-0.01,0.0,0.61
1646,1,-0.015000000000000013,0.0,0.0,0.015000000000000013,1.01,0.0,0.61
1647,1,0.015,0.0,0.0,0.015,-0.01,0.0,0.615
1648,1,-0.015000000000000013,0.0,0.0,0.015000000000000013,1.01,0.0,0.615
1649,1,0.015,0.0,0.0,0.015,-0.01,0.0,0.62
1650,1,-0.015000000000000013,0.0,0.0,0.015000000000000013,1.01,0.0,0.62
1651,1,0.015,0.0,0.0,0.015,-0.01,0.0,0.625
1652,1,-0.015000000000000013,0.0,0.0,0.015000000000000013,1.01,0.0,0.625
1653,1,0.015,0.0,0.0,0.015,-0.01,0.0,0.63
1654,1,-0.015000000000000013,0.0,0.0,0.015000000000000013,1.01,0.0,0.63
1655,1,0.015,0.0,0.0,0.015,-0.01,0.0,0.635
1656,1,-0.015000000000000013,0.0,0.0,0.015000000000000013,1.01,0.0,0.635
1657,1,0.015,0.0,0.0,0.015,-0.01,0.0,0.64
1658,1,-0.015000000000000013,0.0,0.0,0.015000000000000013,1.01,0.0,0.64
1659,1,0.015,0.0,0.0,0.015,-0.01,0.0,0.645
1660,1,-0.015000000000000013,0.0,0.0,0.015000000000000013,1.01,0.0,0.645
1661,1,0.015,0.0,0.0,0.015,-0.01,0.0,0.65
1662,1,-0.015000000000000013,0.0,0.0,0.015000000000000013,1.01,0.0,0.65
1663,1,0.015,0.0,0.0,0.015,-0.01,0.0,0.655
1664,1,-0.015000000000000013,0.0,0.0,0.015000000000000013,1.01,0.0,0.655
1665,1,0.015,0.0,0.0,0.015,-0.01,0.0,0.66
1666,1,-0.015000000000000013,0.0,0.0,0.015000000000000013,1.01,0.0,0.66
1667,1,0.015,0.0,0.0,0.015,-0.01,0.0,0.665
1668,1,-0.015000000000000013,0.0,0.0,0.015000000000000013,1.01,0.0,0.665
1669,1,0.015,0.0,0.0,0.015,-0.01,0.0,0.67
1670,1,-0.015000000000000013,0.0,0.0,0.015000000000000013,1.01,0.0,0.67
1671,1,0.015,0.0,0.0,0.015,-0.01,0.0,0.675
1672,1,-0.015000000000000013,0.0,0.0,0.015000000000000013,1.01,0.0,0.675
1673,1,0.015,0.0,0.0,0.015,-0.01,0.0,0.68
1674,1,-0.015000000000000013,0.0,0.0,0.015000000000000013,1.01,0.0,0.68
1675,1,0.015,0.0,0.0,0.015,-0.01,0.0,0.685
1676,1,-0.015000000000000013,0.0,0.0,0.015000000000000013,1.01,0.0,0.685
1677,1,0.015,0.0,0.0,0.015,-0.01,0.0,0.69
1678,1,-0.015000000000000013,0.0,0.0,0.015000000000000013,1.01,0.0,0.69
1679,1,0.015,0.0,0.0,0.015,-0.01,0.0,0.695
1680,1,-0.015000000000000013,0.0,0.0,0.015000000000000013,1.01,0.0,0.695
1681,1,0.015,0.0,0.0,0.015,-0.01,0.0,0.7
1682,1,-0.015000000000000013,0.0,0.0,0.015000000000000013,1.01,0.0,0.7
1683,1,0.015,0.0,0.0,0.015,-0.01,0.0,0.705
1684,1,-0.015000000000000013,0.0,0.0,0.015000000000000013,1.01,0.0,0.705
1685,1,0.015,0.0,0.0,0.015,-0.01,0.0,0.71
1686,1,-0.015000000000000013,0.0,0.0,0.015000000000000013,1.01,0.0,0.71
1687,1,0.015,0.0,0.0,0.015,-0.01,0.0,0.715
1688,1,-0.015000000000000013,0.0,0.0,0.015000000000000013,1.01,0.0,0.715
1689,1,0.015,0.0,0.0,0.015,-0.01,0.0,0.72
1690,1,-0.015000000000000013,0.0,0.0,0.015000000000000013,1.01,0.0,0.72
1691,1,0.015,0.0,0.0,0.015,-0.01,0.0,0.725
1692,1,-0.015000000000000013,0.0,0.0,0.015000000000000013,1.01,0.0,0.725
1693,1,0.015,0.0,0.0,0.015,-0.01,0.0,0.73
1694,1,-0.015000000000000013,0.0,0.0,0.015000000000000013,1.01,0.0,0.73
1695,1,0.015,0.0,0.0,0.015,-0.01,0.0,0.735
1696,1,-0.015000000000000013,0.0,0.0,0.015000000000000013,1.01,0.0,0.735
1697,1,0.015,0.0,0.0,0.015,-0.01,0.0,0.74
1698,1,-0.015000000000000013,0.0,0.0,0.015000000000000013,1.01,0.0,0.74
1699,1,0.015,0.0,0.0,0.015,-0.01,0.0,0.745
1700,1,-0.015000000000000013,0.0,0.0,0.015000000000000013,1.01,0.0,0.745
1701,1,0.015,0.0,0.0,0.015,-0.01,0.0,0.75
1702,1,-0.015000000000000013,0.0,0.0,0.015000000000000013,1.01,0.0,0.75
1703,1,0.015,0.0,0.0,0.015,-0.01,0.0,0.755
1704,1,-0.015000000000000013,0.0,0.0,0.015000000000000013,1.01,0.0,0.755
1705,1,0.015,0.0,0.0,0.015,-0.01,0.0,0.76
1706,1,-0.015000000000000013,0.0,0.0,0.015000000000000013,1.01,0.0,0.76
1707,1,0.015,0.0,0.0,0.015,-0.01,0.0,0.765
1708,1,-0.015000000000000013,0.0,0.0,0.015000000000000013,1.01,0.0,0.765
1709,1,0.015,0.0,0.0,0.015,-0.01,0.0,0.77
1710,1,-0.015000000000000013,0.0,0.0,0.015000000000000013,1.01,0.0,0.77
1711,1,0.015,0.0,0.0,0.015,-0.01,0.0,0.775
1712,1,-0.015000000000000013,0.0,0.0,0.015000000000000013,1.01,0.0,0.775
1713,1,0.015,0.0,0.0,0.015,-0.01,0.0,0.78
1714,1,-0.015000000000000013,0.0,0.0,0.015000000000000013,1.01,0.0,0.78
1715,1,0.015,0.0,0.0,0.015,-0.01,0.0,0.785
1716,1,-0.015000000000000013,0.0,0.0,0.015000000000000013,1.01,0.0,0.785
1717,1,0.015,0.0,0.0,0.015,-0.01,0.0,0.79
1718,1,-0.015000000000000013,0.0,0.0,0.015000000000000013,1.01,0.0,0.79
1719,1,0.015,0.0,0.0,0.015,-0.01,0.0,0.795
1720,1,-0.015000000000000013,0.0,0.0,0.015000000000000013,1.01,0.0,0.795
1721,1,0.015,0.0,0.0,0.015,-0.01,0.0,0.8
1722,1,-0.015000000000000013,0.0,0.0,0.015000000000000013,1.01,0.0,0.8
1723,1,0.015,0.0,0.0,0.015,-0.01,0.0,0.805
1724,1,-0.015000000000000013,0.0,0.0,0.015000000000000013,1.01,0.0,0.805
1725,1,0.015,0.0,0.0,0.015,-0.01,0.0,0.81
1726,1,-0.015000000000000013,0.0,0.0,0.015000000000000013,1.01,0.0,0.81
1727,1,0.015,0.0,0.0,0.015,-0.01,0.0,0.815
1728,1,-0.015000000000000013,0.0,0.0,0.015000000000000013,1.01,0.0,0.815
1729,1,0.015,0.0,0.0,0.015,-0.01,0.0,0.82
1730,1,-0.015000000000000013,0.0,0.0,0.015000000000000013,1.01,0.0,0.82
1731,1,0.015,0.0,0.0,0.015,-0.01,0.0,0.825
1732,1,-0.015000000000000013,0.0,0.0,0.015000000000000013,1.01,0.0,0.825
1733,1,0.015,0.0,0.0,0.015,-0.01,0.0,0.83
1734,1,-0.015000000000000013,0.0,0.0,0.015000000000000013,1.01,0.0,0.83
1735,1,0.015,0.0,0.0,0.015,-0.01,0.0,0.835
1736,1,-0.015000000000000013,0.0,0.0,0.015000000000000013,1.01,0.0,0.835
1737,1,0.015,0.0,0.0,0.015,-0.01,0.0,0.84
1738,1,-0.015000000000000013,0.0,0.0,0.015000000000000013,1.01,0.0,0.84
1739,1,0.015,0.0,0.0,0.015,-0.01,0.0,0.845
1740,1,-0.015000000000000013,0.0,0.0,0.015000000000000013,1.01,0.0,0.845
1741,1,0.015,0.0,0.0,0.015,-0.01,0.0,0.85
1742,1,-0.015000000000000013,0.0,0.0,0.015000000000000013,1.01,0.0,0.85
1743,1,0.015,0.0,0.0,0.015,-0.01,0.0,0.855
1744,1,-0.015000000000000013,0.0,0.0,0.015000000000000013,1.01,0.0,0.855
1745,1,0.015,0.0,0.0,0.015,-0.01,0.0,0.86
1746,1,-0.015000000000000013,0.0,0.0,0.015000000000000013,1.01,0.0,0.86
1747,1,0.015,0.0,0.0,0.015,-0.01,0.0,0.865
1748,1,-0.015000000000000013,0.0,0.0,0.015000000000000013,1.01,0.0,0.865
1749,1,0.015,0.0,0.0,0.015,-0.01,0.0,0.87
1750,1,-0.015000000000000013,0.0,0.0,0.015000000000000013,1.01,0.0,0.87
1751,1,0.015,0.0,0.0,0.015,-0.01,0.0,0.875
1752,1,-0.015000000000000013,0.0,0.0,0.015000000000000013,1.01,0.0,0.875
1753,1,0.015,0.0,0.0,0.015,-0.01,0.0,0.88
1754,1,-0.015000000000000013,0.0,0.0,0.015000000000000013,1.01,0.0,0.88
1755,1,0.015,0.0,0.0,0.015,-0.01,0.0,0.885
1756,1,-0.015000000000000013,0.0,0.0,0.015000000000000013,1.01,0.0,0.885
1757,1,0.015,0.0,0.0,0.015,-0.01,0.0,0.89
1758,1,-0.015000000000000013,0.0,0.0,0.015000000000000013,1.01,0.0,0.89
1759,1,0.015,0.0,0.0,0.015,-0.01,0.0,0.895
1760,1,-0.015000000000000013,0.0,0.0,0.015000000000000013,1.01,0.0,0.895
1761,1,0.015,0.0,0.0,0.015,-0.01,0.0,0.9
1762,1,-0.015000000000000013,0.0,0.0,0.015000000000000013,1.01,0.0,0.9
1763,1,0.015,0.0,0.0,0.015,-0.01,0.0,0.905
1764,1,-0.015000000000000013,0.0,0.0,0.015000000000000013,1.01,0.0,0.905
1765,1,0.015,0.0,0.0,0.015,-0.01,0.0,0.91
1766,1,-0.015000000000000013,0.0,0.0,0.015000000000000013,1.01,0.0,0.91
1767,1,0.015,0.0,0.0,0.015,-0.01,0.0,0.915
1768,1,-0.015000000000000013,0.0,0.0,0.015000000000000013,1.01,0.0,0.915
1769,1,0.015,0.0,0.0,0.015,-0.01,0.0,0.92
1770,1,-0.015000000000000013,0.0,0.0,0.015000000000000013,1.01,0.0,0.92
1771,1,0.015,0.0,0.0,0.015,-0.01,0.0,0.925
1772,1,-0.015000000000000013,0.0,0.0,0.015000000000000013,1.01,0.0,0.925
1773,1,0.015,0.0,0.0,0.015,-0.01,0.0,0.93
1774,1,-0.015000000000000013,0.0,0.0,0.015000000000000013,1.01,0.0,0.93
1775,1,0.015,0.0,0.0,0.015,-0.01,0.0,0.935
1776,1,-0.015000000000000013,0.0,0.0,0.015000000000000013,1.01,0.0,0.935
1777,1,0.015,0.0,0.0,0.015,-0.01,0.0,0.94
1778,1,-0.015000000000000013,0.0,0.0,0.015000000000000013,1.01,0.0,0.94
1779,1,0.015,0.0,0.0,0.015,-0.01,0.0,0.945
1780,1,-0.015000000000000013,0.0,0.0,0.015000000000000013,1.01,0.0,0.945
1781,1,0.015,0.0,0.0,0.015,-0.01,0.0,0.95
1782,1,-0.015000000000000013,0.0,0.0,0.015000000000000013,1.01,0.0,0.95
1783,1,0.015,0.0,0.0,0.015,-0.01,0.0,0.955
1784,1,-0.015000000000000013,0.0,0.0,0.015000000000000013,1.01,0.0,0.955
1785,1,0.015,0.0,0.0,0.015,-0.01,0.0,0.96
1786,1,-0.015000000000000013,0.0,0.0,0.015000000000000013,1.01,0.0,0.96
1787,1,0.015,0.0,0.0,0.015,-0.01,0.0,0.965
1788,1,-0.015000000000000013,0.0,0.0,0.015000000000000013,1.01,0.0,0.965
1789,1,0.015,0.0,0.0,0.015,-0.01,0.0,0.97
1790,1,-0.015000000000000013,0.0,0.0,0.015000000000000013,1.01,0.0,0.97
1791,1,0.015,0.0,0.0,0.015,-0.01,0.0,0.975
1792,1,-0.015000000000000013,0.0,0.0,0.015000000000000013,1.01,0.0,0.975
1793,1,0.015,0.0,0.0,0.015,-0.01,0.0,0.98
1794,1,-0.015000000000000013,0.0,0.0,0.015000000000000013,1.01,0.0,0.98
1795,1,0.015,0.0,0.0,0.015,-0.01,0.0,0.985
1796,1,-0.015000000000000013,0.0,0.0,0.015000000000000013,1.01,0.0,0.985
1797,3,0.015,0.0,-0.015000000000000013,0.021213203435596437,-0.01,0.0,1.0
1798,3,0.01,0.0,-0.015000000000000013,0.01802775637731996,-0.005,0.0,1.0
1799,3,0.005,0.0,-0.015000000000000013,0.01581138830084191,0.0,0.0,1.0
1800,3,0.0,0.0,-0.015000000000000013,0.015000000000000013,0.005,0.0,1.0
1801,3,0.0,0.0,-0.015000000000000013,0.015000000000000013,0.01,0.0,1.0
1802,3,0.0,0.0,-0.015000000000000013,0.015000000000000013,0.015,0.0,1.0
1803,3,0.0,0.0,-0.015000000000000013,0.015000000000000013,0.02,0.0,1.0
1804,3,0.0,0.0,-0.015000000000000013,0.015000000000000013,0.025,0.0,1.0
1805,3,0.0,0.0,-0.015000000000000013,0.015000000000000013,0.03,0.0,1.0
1806,3,0.0,0.0,-0.015000000000000013,0.015000000000000013,0.035,0.0,1.0
1807,3,0.0,0.0,-0.015000000000000013,0.015000000000000013,0.04,0.0,1.0
1808,3,0.0,0.0,-0.015000000000000013,0.015000000000000013,0.045,0.0,1.0
1809,3,0.0,0.0,-0.015000000000000013,0.015000000000000013,0.05,0.0,1.0
1810,3,0.0,0.0,-0.015000000000000013,0.015000000000000013,0.055,0.0,1.0
1811,3,0.0,0.0,-0.015000000000000013,0.015000000000000013,0.06,0.0,1.0
1812,3,0.0,0.0,-0.015000000000000013,0.015000000000000013,0.065,0.0,1.0
1813,3,0.0,0.0,-0.015000000000000013,0.015000000000000013,0.07,0.0,1.0
1814,3,0.0,0.0,-0.015000000000000013,0.015000000000000013,0.075,0.0,1.0
1815,3,0.0,0.0,-0.015000000000000013,0.015000000000000013,0.08,0.0,1.0
1816,3,0.0,0.0,-0.015000000000000013,0.015000000000000013,0.085,0.0,1.0
1817,3,0.0,0.0,-0.015000000000000013,0.015000000000000013,0.09,0.0,1.0
1818,3,0.0,0.0,-0.015000000000000013,0.015000000000000013,0.095,0.0,1.0
1819,3,0.0,0.0,-0.015000000000000013,0.015000000000000013,0.1,0.0,1.0
1820,3,0.0,0.0,-0.015000000000000013,0.015000000000000013,0.105,0.0,1.0
1821,3,0.0,0.0,-0.015000000000000013,0.015000000000000013,0.11,0.0,1.0
1822,3,0.0,0.0,-0.015000000000000013,0.015000000000000013,0.115,0.0,1.0
1823,3,0.0,0.0,-0.015000000000000013,0.015000000000000013,0.12,0.0,1.0
1824,3,0.0,0.0,-0.015000000000000013,0.015000000000000013,0.125,0.0,1.0
1825,3,0.0,0.0,-0.015000000000000013,0.015000000000000013,0.13,0.0,1.0
1826,3,0.0,0.0,-0.015000000000000013,0.015000000000000013,0.135,0.0,1.0
1827,3,0.0,0.0,-0.015000000000000013,0.015000000000000013,0.14,0.0,1.0
1828,3,0.0,0.0,-0.015000000000000013,0.015000000000000013,0.145,0.0,1.0
1829,3,0.0,0.0,-0.015000000000000013,0.015000000000000013,0.15,0.0,1.0
1830,3,0.0,0.0,-0.015000000000000013,0.015000000000000013,0.155,0.0,1.0
1831,3,0.0,0.0,-0.015000000000000013,0.015000000000000013,0.16,0.0,1.0
1832,3,0.0,0.0,-0.015000000000000013,0.015000000000000013,0.165,0.0,1.0
1833,3,0.0,0.0,-0.015000000000000013,0.015000000000000013,0.17,0.0,1.0
1834,3,0.0,0.0,-0.015000000000000013,0.015000000000000013,0.175,0.0,1.0
1835,3,0.0,0.0,-0.015000000000000013,0.015000000000000013,0.18,0.0,1.0
1836,3,0.0,0.0,-0.015000000000000013,0.015000000000000013,0.185,0.0,1.0
1837,3,0.0,0.0,-0.015000000000000013,0.015000000000000013,0.19,0.0,1.0
1838,3,0.0,0.0,-0.015000000000000013,0.015000000000000013,0.195,0.0,1.0
1839,3,0.0,0.0,-0.015000000000000013,0.015000000000000013,0.2,0.0,1.0
1840,3,0.0,0.0,-0.015000000000000013,0.015000000000000013,0.205,0.0,1.0
1841,3,0.0,0.0,-0.015000000000000013,0.015000000000000013,0.21,0.0,1.0
1842,3,0.0,0.0,-0.015000000000000013,0.015000000000000013,0.215,0.0,1.0
1843,3,0.0,0.0,-0.015000000000000013,0.015000000000000013,0.22,0.0,1.0
1844,3,0.0,0.0,-0.015000000000000013,0.015000000000000013,0.225,0.0,1.0
1845,3,0.0,0.0,-0.015000000000000013,0.015000000000000013,0.23,0.0,1.0
1846,3,0.0,0.0,-0.015000000000000013,0.015000000000000013,0.235,0.0,1.0
1847,3,0.0,0.0,-0.015000000000000013,0.015000000000000013,0.24,0.0,1.0
1848,3,0.0,0.0,-0.015000000000000013,0.015000000000000013,0.245,0.0,1.0
1849,3,0.0,0.0,-0.015000000000000013,0.015000000000000013,0.25,0.0,1.0
1850,3,0.0,0.0,-0.015000000000000013,0.015000000000000013,0.255,0.0,1.0
1851,3,0.0,0.0,-0.015000000000000013,0.015000000000000013,0.26,0.0,1.0
1852,3,0.0,0.0,-0.015000000000000013,0.015000000000000013,0.265,0.0,1.0
1853,3,0.0,0.0,-0.015000000000000013,0.015000000000000013,0.27,0.0,1.0
1854,3,0.0,0.0,-0.015000000000000013,0.015000000000000013,0.275,0.0,1.0
1855,3,0.0,0.0,-0.015000000000000013,0.015000000000000013,0.28,0.0,1.0
1856,3,0.0,0.0,-0.015000000000000013,0.015000000000000013,0.285,0.0,1.0
1857,3,0.0,0.0,-0.015000000000000013,0.015000000000000013,0.29,0.0,1.0
1858,3,0.0,0.0,-0.015000000000000013,0.015000000000000013,0.295,0.0,1.0
1859,3,0.0,0.0,-0.015000000000000013,0.015000000000000013,0.3,0.0,1.0
1860,3,0.0,0.0,-0.015000000000000013,0.015000000000000013,0.305,0.0,1.0
1861,3,0.0,0.0,-0.015000000000000013,0.015000000000000013,0.31,0.0,1.0
1862,3,0.0,0.0,-0.015000000000000013,0.015000000000000013,0.315,0.0,1.0
1863,3,0.0,0.0,-0.015000000000000013,0.015000000000000013,0.32,0.0,1.0
1864,3,0.0,0.0,-0.015000000000000013,0.015000000000000013,0.325,0.0,1.0
1865,3,0.0,0.0,-0.015000000000000013,0.015000000000000013,0.33,0.0,1.0
1866,3,0.0,0.0,-0.015000000000000013,0.015000000000000013,0.335,0.0,1.0
1867,3,0.0,0.0,-0.015000000000000013,0.015000000000000013,0.34,0.0,1.0
1868,3,0.0,0.0,-0.015000000000000013,0.015000000000000013,0.345,0.0,1.0
1869,3,0.0,0.0,-0.015000000000000013,0.015000000000000013,0.35,0.0,1.0
1870,3,0.0,0.0,-0.015000000000000013,0.015000000000000013,0.355,0.0,1.0
1871,3,0.0,0.0,-0.015000000000000013,0.015000000000000013,0.36,0.0,1.0
1872,3,0.0,0.0,-0.015000000000000013,0.015000000000000013,0.365,0.0,1.0
1873,3,0.0,0.0,-0.015000000000000013,0.015000000000000013,0.37,0.0,1.0
1874,3,0.0,0.0,-0.015000000000000013,0.015000000000000013,0.375,0.0,1.0
1875,3,0.0,0.0,-0.015000000000000013,0.015000000000000013,0.38,0.0,1.0
1876,3,0.0,0.0,-0.015000000000000013,0.015000000000000013,0.385,0.0,1.0
1877,3,0.0,0.0,-0.015000000000000013,0.015000000000000013,0.39,0.0,1.0
1878,3,0.0,0.0,-0.015000000000000013,0.015000000000000013,0.395,0.0,1.0
1879,3,0.0,0.0,-0.015000000000000013,0.015000000000000013,0.4,0.0,1.0
1880,3,0.0,0.0,-0.015000000000000013,0.015000000000000013,0.405,0.0,1.0
1881,3,0.0,0.0,-0.015000000000000013,0.015000000000000013,0.41,0.0,1.0
1882,3,0.0,0.0,-0.015000000000000013,0.015000000000000013,0.415,0.0,1.0
1883,3,0.0,0.0,-0.015000000000000013,0.015000000000000013,0.42,0.0,1.0
1884,3,0.0,0.0,-0.015000000000000013,0.015000000000000013,0.425,0.0,1.0
1885,3,0.0,0.0,-0.015000000000000013,0.015000000000000013,0.43,0.0,1.0
1886,3,0.0,0.0,-0.015000000000000013,0.015000000000000013,0.435,0.0,1.0
1887,3,0.0,0.0,-0.015000000000000013,0.015000000000000013,0.44,0.0,1.0
1888,3,0.0,0.0,-0.015000000000000013,0.015000000000000013,0.445,0.0,1.0
1889,3,0.0,0.0,-0.015000000000000013,0.015000000000000013,0.45,0.0,1.0
1890,3,0.0,0.0,-0.015000000000000013,0.015000000000000013,0.455,0.0,1.0
1891,3,0.0,0.0,-0.015000000000000013,0.015000000000000013,0.46,0.0,1.0
1892,3,0.0,0.0,-0.015000000000000013,0.015000000000000013,0.465,0.0,1.0
1893,3,0.0,0.0,-0.015000000000000013,0.015000000000000013,0.47,0.0,1.0
1894,3,0.0,0.0,-0.015000000000000013,0.015000000000000013,0.475,0.0,1.0
1895,3,0.0,0.0,-0.015000000000000013,0.015000000000000013,0.48,0.0,1.0
1896,3,0.0,0.0,-0.015000000000000013,0.015000000000000013,0.485,0.0,1.0
1897,3,0.0,0.0,-0.015000000000000013,0.015000000000000013,0.49,0.0,1.0
1898,3,0.0,0.0,-0.015000000000000013,0.015000000000000013,0.495,0.0,1.0
1899,3,0.0,0.0,-0.015000000000000013,0.015000000000000013,0.5,0.0,1.0
1900,3,0.0,0.0,-0.015000000000000013,0.015000000000000013,0.505,0.0,1.0
1901,3,0.0,0.0,-0.015000000000000013,0.015000000000000013,0.51,0.0,1.0
1902,3,0.0,0.0,-0.015000000000000013,0.015000000000000013,0.515,0.0,1.0
1903,3,0.0,0.0,-0.015000000000000013,0.015000000000000013,0.52,0.0,1.0
1904,3,0.0,0.0,-0.015000000000000013,0.015000000000000013,0.525,0.0,1.0
1905,3,0.0,0.0,-0.015000000000000013,0.015000000000000013,0.53,0.0,1.0
1906,3,0.0,0.0,-0.015000000000000013,0.015000000000000013,0.535,0.0,1.0
1907,3,0.0,0.0,-0.015000000000000013,0.015000000000000013,0.54,0.0,1.0
1908,3,0.0,0.0,-0.015000000000000013,0.015000000000000013,0.545,0.0,1.0
1909,3,0.0,0.0,-0.015000000000000013,0.015000000000000013,0.55,0.0,1.0
1910,3,0.0,0.0,-0.015000000000000013,0.015000000000000013,0.555,0.0,1.0
1911,3,0.0,0.0,-0.015000000000000013,0.015000000000000013,0.56,0.0,1.0
1912,3,0.0,0.0,-0.015000000000000013,0.015000000000000013,0.565,0.0,1.0
1913,3,0.0,0.0,-0.015000000000000013,0.015000000000000013,0.57,0.0,1.0
1914,3,0.0,0.0,-0.015000000000000013,0.015000000000000013,0.575,0.0,1.0
1915,3,0.0,0.0,-0.015000000000000013,0.015000000000000013,0.58,0.0,1.0
1916,3,0.0,0.0,-0.015000000000000013,0.015000000000000013,0.585,0.0,1.0
1917,3,0.0,0.0,-0.015000000000000013,0.015000000000000013,0.59,0.0,1.0
1918,3,0.0,0.0,-0.015000000000000013,0.015000000000000013,0.595,0.0,1.0
1919,3,0.0,0.0,-0.015000000000000013,0.015000000000000013,0.6,0.0,1.0
1920,3,0.0,0.0,-0.015000000000000013,0.015000000000000013,0.605,0.0,1.0
1921,3,0.0,0.0,-0.015000000000000013,0.015000000000000013,0.61,0.0,1.0
1922,3,0.0,0.0,-0.015000000000000013,0.015000000000000013,0.615,0.0,1.0
1923,3,0.0,0.0,-0.015000000000000013,0.015000000000000013,0.62,0.0,1.0
1924,3,0.0,0.0,-0.015000000000000013,0.015000000000000013,0.625,0.0,1.0
1925,3,0.0,0.0,-0.015000000000000013,0.015000000000000013,0.63,0.0,1.0
1926,3,0.0,0.0,-0.015000000000000013,0.015000000000000013,0.635,0.0,1.0
1927,3,0.0,0.0,-0.015000000000000013,0.015000000000000013,0.64,0.0,1.0
1928,3,0.0,0.0,-0.015000000000000013,0.015000000000000013,0.645,0.0,1.0
1929,3,0.0,0.0,-0.015000000000000013,0.015000000000000013,0.65,0.0,1.0
1930,3,0.0,0.0,-0.015000000000000013,0.015000000000000013,0.655,0.0,1.0
1931,3,0.0,0.0,-0.015000000000000013,0.015000000000000013,0.66,0.0,1.0
1932,3,0.0,0.0,-0.015000000000000013,0.015000000000000013,0.665,0.0,1.0
1933,3,0.0,0.0,-0.015000000000000013,0.015000000000000013,0.67,0.0,1.0
1934,3,0.0,0.0,-0.015000000000000013,0.015000000000000013,0.675,0.0,1.0
1935,3,0.0,0.0,-0.015000000000000013,0.015000000000000013,0.68,0.0,1.0
1936,3,0.0,0.0,-0.015000000000000013,0.015000000000000013,0.685,0.0,1.0
1937,3,0.0,0.0,-0.015000000000000013,0.015000000000000013,0.69,0.0,1.0
1938,3,0.0,0.0,-0.015000000000000013,0.015000000000000013,0.695,0.0,1.0
1939,3,0.0,0.0,-0.015000000000000013,0.015000000000000013,0.7,0.0,1.0
1940,3,0.0,0.0,-0.015000000000000013,0.015000000000000013,0.705,0.0,1.0
1941,3,0.0,0.0,-0.015000000000000013,0.015000000000000013,0.71,0.0,1.0
1942,3,0.0,0.0,-0.015000000000000013,0.015000000000000013,0.715,0.0,1.0
1943,3,0.0,0.0,-0.015000000000000013,0.015000000000000013,0.72,0.0,1.0
1944,3,0.0,0.0,-0.015000000000000013,0.015000000000000013,0.725,0.0,1.0
1945,3,0.0,0.0,-0.015000000000000013,0.015000000000000013,0.73,0.0,1.0
1946,3,0.0,0.0,-0.015000000000000013,0.015000000000000013,0.735,0.0,1.0
1947,3,0.0,0.0,-0.015000000000000013,0.015000000000000013,0.74,0.0,1.0
1948,3,0.0,0.0,-0.015000000000000013,0.015000000000000013,0.745,0.0,1.0
1949,3,0.0,0.0,-0.015000000000000013,0.015000000000000013,0.75,0.0,1.0
1950,3,0.0,0.0,-0.015000000000000013,0.015000000000000013,0.755,0.0,1.0
1951,3,0.0,0.0,-0.015000000000000013,0.015000000000000013,0.76,0.0,1.0
1952,3,0.0,0.0,-0.015000000000000013,0.015000000000000013,0.765,0.0,1.0
1953,3,0.0,0.0,-0.015000000000000013,0.015000000000000013,0.77,0.0,1.0
1954,3,0.0,0.0,-0.015000000000000013,0.015000000000000013,0.775,0.0,1.0
1955,3,0.0,0.0,-0.015000000000000013,0.015000000000000013,0.78,0.0,1.0
1956,3,0.0,0.0,-0.015000000000000013,0.015000000000000013,0.785,0.0,1.0
1957,3,0.0,0.0,-0.015000000000000013,0.015000000000000013,0.79,0.0,1.0
1958,3,0.0,0.0,-0.015000000000000013,0.015000000000000013,0.795,0.0,1.0
1959,3,0.0,0.0,-0.015000000000000013,0.015000000000000013,0.8,0.0,1.0
1960,3,0.0,0.0,-0.015000000000000013,0.015000000000000013,0.805,0.0,1.0
1961,3,0.0,0.0,-0.015000000000000013,0.015000000000000013,0.81,0.0,1.0
1962,3,0.0,0.0,-0.015000000000000013,0.015000000000000013,0.815,0.0,1.0
1963,3,0.0,0.0,-0.015000000000000013,0.015000000000000013,0.82,0.0,1.0
1964,3,0.0,0.0,-0.015000000000000013,0.015000000000000013,0.825,0.0,1.0
1965,3,0.0,0.0,-0.015000000000000013,0.015000000000000013,0.83,0.0,1.0
1966,3,0.0,0.0,-0.015000000000000013,0.015000000000000013,0.835,0.0,1.0
1967,3,0.0,0.0,-0.015000000000000013,0.015000000000000013,0.84,0.0,1.0
1968,3,0.0,0.0,-0.015000000000000013,0.015000000000000013,0.845,0.0,1.0
1969,3,0.0,0.0,-0.015000000000000013,0.015000000000000013,0.85,0.0,1.0
1970,3,0.0,0.0,-0.015000000000000013,0.015000000000000013,0.855,0.0,1.0
1971,3,0.0,0.0,-0.015000000000000013,0.015000000000000013,0.86,0.0,1.0
1972,3,0.0,0.0,-0.015000000000000013,0.015000000000000013,0.865,0.0,1.0
1973,3,0.0,0.0,-0.015000000000000013,0.015000000000000013,0.87,0.0,1.0
1974,3,0.0,0.0,-0.015000000000000013,0.015000000000000013,0.875,0.0,1.0
1975,3,0.0,0.0,-0.015000000000000013,0.015000000000000013,0.88,0.0,1.0
1976,3,0.0,0.0,-0.015000000000000013,0.015000000000000013,0.885,0.0,1.0
1977,3,0.0,0.0,-0.015000000000000013,0.015000000000000013,0.89,0.0,1.0
1978,3,0.0,0.0,-0.015000000000000013,0.015000000000000013,0.895,0.0,1.0
1979,3,0.0,0.0,-0.015000000000000013,0.015000000000000013,0.9,0.0,1.0
1980,3,0.0,0.0,-0.015000000000000013,0.015000000000000013,0.905,0.0,1.0
1981,3,0.0,0.0,-0.015000000000000013,0.015000000000000013,0.91,0.0,1.0
1982,3,0.0,0.0,-0.015000000000000013,0.015000000000000013,0.915,0.0,1.0
1983,3,0.0,0.0,-0.015000000000000013,0.015000000000000013,0.92,0.0,1.0
1984,3,0.0,0.0,-0.015000000000000013,0.015000000000000013,0.925,0.0,1.0
1985,3,0.0,0.0,-0.015000000000000013,0.015000000000000013,0.93,0.0,1.0
1986,3,0.0,0.0,-0.015000000000000013,0.015000000000000013,0.935,0.0,1.0
1987,3,0.0,0.0,-0.015000000000000013,0.015000000000000013,0.94,0.0,1.0
1988,3,0.0,0.0,-0.015000000000000013,0.015000000000000013,0.945,0.0,1.0
1989,3,0.0,0.0,-0.015000000000000013,0.015000000000000013,0.95,0.0,1.0
1990,3,0.0,0.0,-0.015000000000000013,0.015000000000000013,0.955,0.0,1.0
1991,3,0.0,0.0,-0.015000000000000013,0.015000000000000013,0.96,0.0,1.0
1992,3,0.0,0.0,-0.015000000000000013,0.015000000000000013,0.965,0.0,1.0
1993,3,0.0,0.0,-0.015000000000000013,0.015000000000000013,0.97,0.0,1.0
1994,3,0.0,0.0,-0.015000000000000013,0.015000000000000013,0.975,0.0,1.0
1995,3,0.0,0.0,-0.015000000000000013,0.015000000000000013,0.98,0.0,1.0
1996,3,0.0,0.0,-0.015000000000000013,0.015000000000000013,0.985,0.0,1.0
1997,3,0.0,0.0,-0.015000000000000013,0.015000000000000013,0.99,0.0,1.0
1998,3,0.0,0.0,-0.015000000000000013,0.015000000000000013,0.995,0.0,1.0
1999,3,-0.0050000000000000044,0.0,-0.015000000000000013,0.01581138830084191,1.0,0.0,1.0
2000,3,-0.009999999999999898,0.0,-0.015000000000000013,0.0180277563773199,1.005,0.0,1.0
2001,3,-0.015000000000000013,0.0,-0.015000000000000013,0.021213203435596444,1.01,0.0,1.0
2002,3,0.015,0.0,-0.010000000000000009,0.018027756377319952,-0.01,0.0,0.995
2003,3,0.01,0.0,-0.010000000000000009,0.014142135623730958,-0.005,0.0,0.995
2004,3,0.005,0.0,-0.010000000000000009,0.011180339887498957,0.0,0.0,0.995
2005,3,0.0,0.0,-0.010000000000000009,0.010000000000000009,0.005,0.0,0.995
2006,3,0.0,0.0,-0.010000000000000009,0.010000000000000009,0.01,0.0,0.995
2007,3,0.0,0.0,-0.010000000000000009,0.010000000000000009,0.015,0.0,0.995
2008,3,0.0,0.0,-0.010000000000000009,0.010000000000000009,0.02,0.0,0.995
2009,3,0.0,0.0,-0.010000000000000009,0.010000000000000009,0.025,0.0,0.995
2010,3,0.0,0.0,-0.010000000000000009,0.010000000000000009,0.03,0.0,0.995
2011,3,0.0,0.0,-0.010000000000000009,0.010000000000000009,0.035,0.0,0.995
2012,3,0.0,0.0,-0.010000000000000009,0.010000000000000009,0.04,0.0,0.995
2013,3,0.0,0.0,-0.010000000000000009,0.010000000000000009,0.045,0.0,0.995
2014,3,0.0,0.0,-0.010000000000000009,0.010000000000000009,0.05,0.0,0.995
2015,3,0.0,0.0,-0.010000000000000009,0.010000000000000009,0.055,0.0,0.995
2016,3,0.0,0.0,-0.010000000000000009,0.010000000000000009,0.06,0.0,0.995
2017,3,0.0,0.0,-0.010000000000000009,0.010000000000000009,0.065,0.0,0.995
2018,3,0.0,0.0,-0.010000000000000009,0.010000000000000009,0.07,0.0,0.995
2019,3,0.0,0.0,-0.010000000000000009,0.010000000000000009,0.075,0.0,0.995
2020,3,0.0,0.0,-0.010000000000000009,0.010000000000000009,0.08,0.0,0.995
2021,3,0.0,0.0,-0.010000000000000009,0.010000000000000009,0.085,0.0,0.995
2022,3,0.0,0.0,-0.010000000000000009,0.010000000000000009,0.09,0.0,0.995
2023,3,0.0,0.0,-0.010000000000000009,0.010000000000000009,0.095,0.0,0.995
2024,3,0.0,0.0,-0.010000000000000009,0.010000000000000009,0.1,0.0,0.995
2025,3,0.0,0.0,-0.010000000000000009,0.010000000000000009,0.105,0.0,0.995
2026,3,0.0,0.0,-0.010000000000000009,0.010000000000000009,0.11,0.0,0.995
2027,3,0.0,0.0,-0.010000000000000009,0.010000000000000009,0.115,0.0,0.995
2028,3,0.0,0.0,-0.010000000000000009,0.010000000000000009,0.12,0.0,0.995
2029,3,0.0,0.0,-0.010000000000000009,0.010000000000000009,0.125,0.0,0.995
2030,3,0.0,0.0,-0.010000000000000009,0.010000000000000009,0.13,0.0,0.995
2031,3,0.0,0.0,-0.010000000000000009,0.010000000000000009,0.135,0.0,0.995
2032,3,0.0,0.0,-0.010000000000000009,0.010000000000000009,0.14,0.0,0.995
2033,3,0.0,0.0,-0.010000000000000009,0.010000000000000009,0.145,0.0,0.995
2034,3,0.0,0.0,-0.010000000000000009,0.010000000000000009,0.15,0.0,0.995
2035,3,0.0,0.0,-0.010000000000000009,0.010000000000000009,0.155,0.0,0.995
2036,3,0.0,0.0,-0.010000000000000009,0.010000000000000009,0.16,0.0,0.995
2037,3,0.0,0.0,-0.010000000000000009,0.010000000000000009,0.165,0.0,0.995
2038,3,0.0,0.0,-0.010000000000000009,0.010000000000000009,0.17,0.0,0.995
2039,3,0.0,0.0,-0.010000000000000009,0.010000000000000009,0.175,0.0,0.995
2040,3,0.0,0.0,-0.010000000000000009,0.010000000000000009,0.18,0.0,0.995
2041,3,0.0,0.0,-0.010000000000000009,0.010000000000000009,0.185,0.0,0.995
2042,3,0.0,0.0,-0.010000000000000009,0.010000000000000009,0.19,0.0,0.995
2043,3,0.0,0.0,-0.010000000000000009,0.010000000000000009,0.195,0.0,0.995
2044,3,0.0,0.0,-0.010000000000000009,0.010000000000000009,0.2,0.0,0.995
2045,3,0.0,0.0,-0.010000000000000009,0.010000000000000009,0.205,0.0,0.995
2046,3,0.0,0.0,-0.010000000000000009,0.010000000000000009,0.21,0.0,0.995
2047,3,0.0,0.0,-0.010000000000000009,0.010000000000000009,0.215,0.0,0.995
2048,3,0.0,0.0,-0.010000000000000009,0.010000000000000009,0.22,0.0,0.995
2049,3,0.0,0.0,-0.010000000000000009,0.010000000000000009,0.225,0.0,0.995
2050,3,0.0,0.0,-0.010000000000000009,0.010000000000000009,0.23,0.0,0.995
2051,3,0.0,0.0,-0.010000000000000009,0.010000000000000009,0.235,0.0,0.995
2052,3,0.0,0.0,-0.010000000000000009,0.010000000000000009,0.24,0.0,0.995
2053,3,0.0,0.0,-0.010000000000000009,0.010000000000000009,0.245,0.0,0.995
2054,3,0.0,0.0,-0.010000000000000009,0.010000000000000009,0.25,0.0,0.995
2055,3,0.0,0.0,-0.010000000000000009,0.010000000000000009,0.255,0.0,0.995
2056,3,0.0,0.0,-0.010000000000000009,0.010000000000000009,0.26,0.0,0.995
2057,3,0.0,0.0,-0.010000000000000009,0.010000000000000009,0.265,0.0,0.995
2058,3,0.0,0.0,-0.010000000000000009,0.010000000000000009,0.27,0.0,0.995
2059,3,0.0,0.0,-0.010000000000000009,0.010000000000000009,0.275,0.0,0.995
2060,3,0.0,0.0,-0.010000000000000009,0.010000000000000009,0.28,0.0,0.995
2061,3,0.0,0.0,-0.010000000000000009,0.010000000000000009,0.285,0.0,0.995
2062,3,0.0,0.0,-0.010000000000000009,0.010000000000000009,0.29,0.0,0.995
2063,3,0.0,0.0,-0.010000000000000009,0.010000000000000009,0.295,0.0,0.995
2064,3,0.0,0.0,-0.010000000000000009,0.010000000000000009,0.3,0.0,0.995
2065,3,0.0,0.0,-0.010000000000000009,0.010000000000000009,0.305,0.0,0.995
2066,3,0.0,0.0,-0.010000000000000009,0.010000000000000009,0.31,0.0,0.995
2067,3,0.0,0.0,-0.010000000000000009,0.010000000000000009,0.315,0.0,0.995
2068,3,0.0,0.0,-0.010000000000000009,0.010000000000000009,0.32,0.0,0.995
2069,3,0.0,0.0,-0.010000000000000009,0.010000000000000009,0.325,0.0,0.995
2070,3,0.0,0.0,-0.010000000000000009,0.010000000000000009,0.33,0.0,0.995
2071,3,0.0,0.0,-0.010000000000000009,0.010000000000000009,0.335,0.0,0.995
2072,3,0.0,0.0,-0.010000000000000009,0.010000000000000009,0.34,0.0,0.995
2073,3,0.0,0.0,-0.010000000000000009,0.010000000000000009,0.345,0.0,0.995
2074,3,0.0,0.0,-0.010000000000000009,0.010000000000000009,0.35,0.0,0.995
2075,3,0.0,0.0,-0.010000000000000009,0.010000000000000009,0.355,0.0,0.995
2076,3,0.0,0.0,-0.010000000000000009,0.010000000000000009,0.36,0.0,0.995
2077,3,0.0,0.0,-0.010000000000000009,0.010000000000000009,0.365,0.0,0.995
2078,3,0.0,0.0,-0.010000000000000009,0.010000000000000009,0.37,0.0,0.995
2079,3,0.0,0.0,-0.010000000000000009,0.010000000000000009,0.375,0.0,0.995
2080,3,0.0,0.0,-0.010000000000000009,0.010000000000000009,0.38,0.0,0.995
2081,3,0.0,0.0,-0.010000000000000009,0.010000000000000009,0.385,0.0,0.995
2082,3,0.0,0.0,-0.010000000000000009,0.010000000000000009,0.39,0.0,0.995
2083,3,0.0,0.0,-0.010000000000000009,0.010000000000000009,0.395,0.0,0.995
2084,3,0.0,0.0,-0.010000000000000009,0.010000000000000009,0.4,0.0,0.995
2085,3,0.0,0.0,-0.010000000000000009,0.010000000000000009,0.405,0.0,0.995
2086,3,0.0,0.0,-0.010000000000000009,0.010000000000000009,0.41,0.0,0.995
2087,3,0.0,0.0,-0.010000000000000009,0.010000000000000009,0.415,0.0,0.995
2088,3,0.0,0.0,-0.010000000000000009,0.010000000000000009,0.42,0.0,0.995
2089,3,0.0,0.0,-0.010000000000000009,0.010000000000000009,0.425,0.0,0.995
2090,3,0.0,0.0,-0.010000000000000009,0.010000000000000009,0.43,0.0,0.995
2091,3,0.0,0.0,-0.010000000000000009,0.010000000000000009,0.435,0.0,0.995
2092,3,0.0,0.0,-0.010000000000000009,0.010000000000000009,0.44,0.0,0.995
2093,3,0.0,0.0,-0.010000000000000009,0.010000000000000009,0.445,0.0,0.995
2094,3,0.0,0.0,-0.010000000000000009,0.010000000000000009,0.45,0.0,0.995
2095,3,0.0,0.0,-0.010000000000000009,0.010000000000000009,0.455,0.0,0.995
2096,3,0.0,0.0,-0.010000000000000009,0.010000000000000009,0.46,0.0,0.995
2097,3,0.0,0.0,-0.010000000000000009,0.010000000000000009,0.465,0.0,0.995
2098,3,0.0,0.0,-0.010000000000000009,0.010000000000000009,0.47,0.0,0.995
2099,3,0.0,0.0,-0.010000000000000009,0.010000000000000009,0.475,0.0,0.995
2100,3,0.0,0.0,-0.010000000000000009,0.010000000000000009,0.48,0.0,0.995
2101,3,0.0,0.0,-0.010000000000000009,0.010000000000000009,0.485,0.0,0.995
2102,3,0.0,0.0,-0.010000000000000009,0.010000000000000009,0.49,0.0,0.995
2103,3,0.0,0.0,-0.010000000000000009,0.010000000000000009,0.495,0.0,0.995
2104,3,0.0,0.0,-0.010000000000000009,0.010000000000000009,0.5,0.0,0.995
2105,3,0.0,0.0,-0.010000000000000009,0.010000000000000009,0.505,0.0,0.995
2106,3,0.0,0.0,-0.010000000000000009,0.010000000000000009,0.51,0.0,0.995
2107,3,0.0,0.0,-0.010000000000000009,0.010000000000000009,0.515,0.0,0.995
2108,3,0.0,0.0,-0.010000000000000009,0.010000000000000009,0.52,0.0,0.995
2109,3,0.0,0.0,-0.010000000000000009,0.010000000000000009,0.525,0.0,0.995
2110,3,0.0,0.0,-0.010000000000000009,0.010000000000000009,0.53,0.0,0.995
2111,3,0.0,0.0,-0.010000000000000009,0.010000000000000009,0.535,0.0,0.995
2112,3,0.0,0.0,-0.010000000000000009,0.010000000000000009,0.54,0.0,0.995
2113,3,0.0,0.0,-0.010000000000000009,0.010000000000000009,0.545,0.0,0.995
2114,3,0.0,0.0,-0.010000000000000009,0.010000000000000009,0.55,0.0,0.995
2115,3,0.0,0.0,-0.010000000000000009,0.010000000000000009,0.555,0.0,0.995
2116,3,0.0,0.0,-0.010000000000000009,0.010000000000000009,0.56,0.0,0.995
2117,3,0.0,0.0,-0.010000000000000009,0.010000000000000009,0.565,0.0,0.995
2118,3,0.0,0.0,-0.010000000000000009,0.010000000000000009,0.57,0.0,0.995
2119,3,0.0,0.0,-0.010000000000000009,0.010000000000000009,0.575,0.0,0.995
2120,3,0.0,0.0,-0.010000000000000009,0.010000000000000009,0.58,0.0,0.995
2121,3,0.0,0.0,-0.010000000000000009,0.010000000000000009,0.585,0.0,0.995
2122,3,0.0,0.0,-0.010000000000000009,0.010000000000000009,0.59,0.0,0.995
2123,3,0.0,0.0,-0.010000000000000009,0.010000000000000009,0.595,0.0,0.995
2124,3,0.0,0.0,-0.010000000000000009,0.010000000000000009,0.6,0.0,0.995
2125,3,0.0,0.0,-0.010000000000000009,0.010000000000000009,0.605,0.0,0.995
2126,3,0.0,0.0,-0.010000000000000009,0.010000000000000009,0.61,0.0,0.995
2127,3,0.0,0.0,-0.010000000000000009,0.010000000000000009,0.615,0.0,0.995
2128,3,0.0,0.0,-0.010000000000000009,0.010000000000000009,0.62,0.0,0.995
2129,3,0.0,0.0,-0.010000000000000009,0.010000000000000009,0.625,0.0,0.995
2130,3,0.0,0.0,-0.010000000000000009,0.010000000000000009,0.63,0.0,0.995
2131,3,0.0,0.0,-0.010000000000000009,0.010000000000000009,0.635,0.0,0.995
2132,3,0.0,0.0,-0.010000000000000009,0.010000000000000009,0.64,0.0,0.995
2133,3,0.0,0.0,-0.010000000000000009,0.010000000000000009,0.645,0.0,0.995
2134,3,0.0,0.0,-0.010000000000000009,0.010000000000000009,0.65,0.0,0.995
2135,3,0.0,0.0,-0.010000000000000009,0.010000000000000009,0.655,0.0,0.995
2136,3,0.0,0.0,-0.010000000000000009,0.010000000000000009,0.66,0.0,0.995
2137,3,0.0,0.0,-0.010000000000000009,0.010000000000000009,0.665,0.0,0.995
2138,3,0.0,0.0,-0.010000000000000009,0.010000000000000009,0.67,0.0,0.995
2139,3,0.0,0.0,-0.010000000000000009,0.010000000000000009,0.675,0.0,0.995
2140,3,0.0,0.0,-0.010000000000000009,0.010000000000000009,0.68,0.0,0.995
2141,3,0.0,0.0,-0.010000000000000009,0.010000000000000009,0.685,0.0,0.995
2142,3,0.0,0.0,-0.010000000000000009,0.010000000000000009,0.69,0.0,0.995
2143,3,0.0,0.0,-0.010000000000000009,0.010000000000000009,0.695,0.0,0.995
2144,3,0.0,0.0,-0.010000000000000009,0.010000000000000009,0.7,0.0,0.995
2145,3,0.0,0.0,-0.010000000000000009,0.010000000000000009,0.705,0.0,0.995
2146,3,0.0,0.0,-0.010000000000000009,0.010000000000000009,0.71,0.0,0.995
2147,3,0.0,0.0,-0.010000000000000009,0.010000000000000009,0.715,0.0,0.995
2148,3,0.0,0.0,-0.010000000000000009,0.010000000000000009,0.72,0.0,0.995
2149,3,0.0,0.0,-0.010000000000000009,0.010000000000000009,0.725,0.0,0.995
2150,3,0.0,0.0,-0.010000000000000009,0.010000000000000009,0.73,0.0,0.995
2151,3,0.0,0.0,-0.010000000000000009,0.010000000000000009,0.735,0.0,0.995
2152,3,0.0,0.0,-0.010000000000000009,0.010000000000000009,0.74,0.0,0.995
2153,3,0.0,0.0,-0.010000000000000009,0.010000000000000009,0.745,0.0,0.995
2154,3,0.0,0.0,-0.010000000000000009,0.010000000000000009,0.75,0.0,0.995
2155,3,0.0,0.0,-0.010000000000000009,0.010000000000000009,0.755,0.0,0.995
2156,3,0.0,0.0,-0.010000000000000009,0.010000000000000009,0.76,0.0,0.995
2157,3,0.0,0.0,-0.010000000000000009,0.010000000000000009,0.765,0.0,0.995
2158,3,0.0,0.0,-0.010000000000000009,0.010000000000000009,0.77,0.0,0.995
2159,3,0.0,0.0,-0.010000000000000009,0.010000000000000009,0.775,0.0,0.995
2160,3,0.0,0.0,-0.010000000000000009,0.010000000000000009,0.78,0.0,0.995
2161,3,0.0,0.0,-0.010000000000000009,0.010000000000000009,0.785,0.0,0.995
2162,3,0.0,0.0,-0.010000000000000009,0.010000000000000009,0.79,0.0,0.995
2163,3,0.0,0.0,-0.010000000000000009,0.010000000000000009,0.795,0.0,0.995
2164,3,0.0,0.0,-0.010000000000000009,0.010000000000000009,0.8,0.0,0.995
2165,3,0.0,0.0,-0.010000000000000009,0.010000000000000009,0.805,0.0,0.995
2166,3,0.0,0.0,-0.010000000000000009,0.010000000000000009,0.81,0.0,0.995
2167,3,0.0,0.0,-0.010000000000000009,0.010000000000000009,0.815,0.0,0.995
2168,3,0.0,0.0,-0.010000000000000009,0.010000000000000009,0.82,0.0,0.995
2169,3,0.0,0.0,-0.010000000000000009,0.010000000000000009,0.825,0.0,0.995
2170,3,0.0,0.0,-0.010000000000000009,0.010000000000000009,0.83,0.0,0.995
2171,3,0.0,0.0,-0.010000000000000009,0.010000000000000009,0.835,0.0,0.995
2172,3,0.0,0.0,-0.010000000000000009,0.010000000000000009,0.84,0.0,0.995
2173,3,0.0,0.0,-0.010000000000000009,0.010000000000000009,0.845,0.0,0.995
2174,3,0.0,0.0,-0.010000000000000009,0.010000000000000009,0.85,0.0,0.995
2175,3,0.0,0.0,-0.010000000000000009,0.010000000000000009,0.855,0.0,0.995
2176,3,0.0,0.0,-0.010000000000000009,0.010000000000000009,0.86,0.0,0.995
2177,3,0.0,0.0,-0.010000000000000009,0.010000000000000009,0.865,0.0,0.995
2178,3,0.0,0.0,-0.010000000000000009,0.010000000000000009,0.87,0.0,0.995
2179,3,0.0,0.0,-0.010000000000000009,0.010000000000000009,0.875,0.0,0.995
2180,3,0.0,0.0,-0.010000000000000009,0.010000000000000009,0.88,0.0,0.995
2181,3,0.0,0.0,-0.010000000000000009,0.010000000000000009,0.885,0.0,0.995
2182,3,0.0,0.0,-0.010000000000000009,0.010000000000000009,0.89,0.0,0.995
2183,3,0.0,0.0,-0.010000000000000009,0.010000000000000009,0.895,0.0,0.995
2184,3,0.0,0.0,-0.010000000000000009,0.010000000000000009,0.9,0.0,0.995
2185,3,0.0,0.0,-0.010000000000000009,0.010000000000000009,0.905,0.0,0.995
2186,3,0.0,0.0,-0.010000000000000009,0.010000000000000009,0.91,0.0,0.995
2187,3,0.0,0.0,-0.010000000000000009,0.010000000000000009,0.915,0.0,0.995
2188,3,0.0,0.0,-0.010000000000000009,0.010000000000000009,0.92,0.0,0.995
2189,3,0.0,0.0,-0.010000000000000009,0.010000000000000009,0.925,0.0,0.995
2190,3,0.0,0.0,-0.010000000000000009,0.010000000000000009,0.93,0.0,0.995
2191,3,0.0,0.0,-0.010000000000000009,0.010000000000000009,0.935,0.0,0.995
2192,3,0.0,0.0,-0.010000000000000009,0.010000000000000009,0.94,0.0,0.995
2193,3,0.0,0.0,-0.010000000000000009,0.010000000000000009,0.945,0.0,0.995
2194,3,0.0,0.0,-0.010000000000000009,0.010000000000000009,0.95,0.0,0.995
2195,3,0.0,0.0,-0.010000000000000009,0.010000000000000009,0.955,0.0,0.995
2196,3,0.0,0.0,-0.010000000000000009,0.010000000000000009,0.96,0.0,0.995
2197,3,0.0,0.0,-0.010000000000000009,0.010000000000000009,0.965,0.0,0.995
2198,3,0.0,0.0,-0.010000000000000009,0.010000000000000009,0.97,0.0,0.995
2199,3,0.0,0.0,-0.010000000000000009,0.010000000000000009,0.975,0.0,0.995
2200,3,0.0,0.0,-0.010000000000000009,0.010000000000000009,0.98,0.0,0.995
2201,3,0.0,0.0,-0.010000000000000009,0.010000000000000009,0.985,0.0,0.995
2202,3,0.0,0.0,-0.010000000000000009,0.010000000000000009,0.99,0.0,0.995
2203,3,0.0,0.0,-0.010000000000000009,0.010000000000000009,0.995,0.0,0.995
2204,3,-0.0050000000000000044,0.0,-0.010000000000000009,0.011180339887498959,1.0,0.0,0.995
2205,3,-0.009999999999999898,0.0,-0.010000000000000009,0.014142135623730885,1.005,0.0,0.995
2206,3,-0.015000000000000013,0.0,-0.010000000000000009,0.018027756377319962,1.01,0.0,0.995
2207,3,0.015,0.0,-0.0050000000000000044,0.0158113883008419,-0.01,0.0,0.99
2208,3,0.01,0.0,-0.0050000000000000044,0.01118033988749895,-0.005,0.0,0.99
2209,3,0.005,0.0,-0.0050000000000000044,0.007071067811865479,0.0,0.0,0.99
2210,3,0.0,0.0,-0.0050000000000000044,0.0050000000000000044,0.005,0.0,0.99
2211,3,0.0,0.0,-0.0050000000000000044,0.0050000000000000044,0.01,0.0,0.99
2212,3,0.0,0.0,-0.0050000000000000044,0.0050000000000000044,0.015,0.0,0.99
2213,3,0.0,0.0,-0.0050000000000000044,0.0050000000000000044,0.02,0.0,0.99
2214,3,0.0,0.0,-0.0050000000000000044,0.0050000000000000044,0.025,0.0,0.99
2215,3,0.0,0.0,-0.0050000000000000044,0.0050000000000000044,0.03,0.0,0.99
2216,3,0.0,0.0,-0.0050000000000000044,0.0050000000000000044,0.035,0.0,0.99
2217,3,0.0,0.0,-0.0050000000000000044,0.0050000000000000044,0.04,0.0,0.99
2218,3,0.0,0.0,-0.0050000000000000044,0.0050000000000000044,0.045,0.0,0.99
2219,3,0.0,0.0,-0.0050000000000000044,0.0050000000000000044,0.05,0.0,0.99
2220,3,0.0,0.0,-0.0050000000000000044,0.0050000000000000044,0.055,0.0,0.99
2221,3,0.0,0.0,-0.0050000000000000044,0.0050000000000000044,0.06,0.0,0.99
2222,3,0.0,0.0,-0.0050000000000000044,0.0050000000000000044,0.065,0.0,0.99
2223,3,0.0,0.0,-0.0050000000000000044,0.0050000000000000044,0.07,0.0,0.99
2224,3,0.0,0.0,-0.0050000000000000044,0.0050000000000000044,0.075,0.0,0.99
2225,3,0.0,0.0,-0.0050000000000000044,0.0050000000000000044,0.08,0.0,0.99
2226,3,0.0,0.0,-0.0050000000000000044,0.0050000000000000044,0.085,0.0,0.99
2227,3,0.0,0.0,-0.0050000000000000044,0.0050000000000000044,0.09,0.0,0.99
2228,3,0.0,0.0,-0.0050000000000000044,0.0050000000000000044,0.095,0.0,0.99
2229,3,0.0,0.0,-0.0050000000000000044,0.0050000000000000044,0.1,0.0,0.99
2230,3,0.0,0.0,-0.0050000000000000044,0.0050000000000000044,0.105,0.0,0.99
2231,3,0.0,0.0,-0.0050000000000000044,0.0050000000000000044,0.11,0.0,0.99
2232,3,0.0,0.0,-0.0050000000000000044,0.0050000000000000044,0.115,0.0,0.99
2233,3,0.0,0.0,-0.0050000000000000044,0.0050000000000000044,0.12,0.0,0.99
2234,3,0.0,0.0,-0.0050000000000000044,0.0050000000000000044,0.125,0.0,0.99
2235,3,0.0,0.0,-0.0050000000000000044,0.0050000000000000044,0.13,0.0,0.99
2236,3,0.0,0.0,-0.0050000000000000044,0.0050000000000000044,0.135,0.0,0.99
2237,3,0.0,0.0,-0.0050000000000000044,0.0050000000000000044,0.14,0.0,0.99
2238,3,0.0,0.0,-0.0050000000000000044,0.0050000000000000044,0.145,0.0,0.99
2239,3,0.0,0.0,-0.0050000000000000044,0.0050000000000000044,0.15,0.0,0.99
2240,3,0.0,0.0,-0.0050000000000000044,0.0050000000000000044,0.155,0.0,0.99
2241,3,0.0,0.0,-0.0050000000000000044,0.0050000000000000044,0.16,0.0,0.99
2242,3,0.0,0.0,-0.0050000000000000044,0.0050000000000000044,0.165,0.0,0.99
2243,3,0.0,0.0,-0.0050000000000000044,0.0050000000000000044,0.17,0.0,0.99
2244,3,0.0,0.0,-0.0050000000000000044,0.0050000000000000044,0.175,0.0,0.99
2245,3,0.0,0.0,-0.0050000000000000044,0.0050000000000000044,0.18,0.0,0.99
2246,3,0.0,0.0,-0.0050000000000000044,0.0050000000000000044,0.185,0.0,0.99
2247,3,0.0,0.0,-0.0050000000000000044,0.0050000000000000044,0.19,0.0,0.99
2248,3,0.0,0.0,-0.0050000000000000044,0.0050000000000000044,0.195,0.0,0.99
2249,3,0.0,0.0,-0.0050000000000000044,0.0050000000000000044,0.2,0.0,0.99
2250,3,0.0,0.0,-0.0050000000000000044,0.0050000000000000044,0.205,0.0,0.99
2251,3,0.0,0.0,-0.0050000000000000044,0.0050000000000000044,0.21,0.0,0.99
2252,3,0.0,0.0,-0.0050000000000000044,0.0050000000000000044,0.215,0.0,0.99
2253,3,0.0,0.0,-0.0050000000000000044,0.0050000000000000044,0.22,0.0,0.99
2254,3,0.0,0.0,-0.0050000000000000044,0.0050000000000000044,0.225,0.0,0.99
2255,3,0.0,0.0,-0.0050000000000000044,0.0050000000000000044,0.23,0.0,0.99
2256,3,0.0,0.0,-0.0050000000000000044,0.0050000000000000044,0.235,0.0,0.99
2257,3,0.0,0.0,-0.0050000000000000044,0.0050000000000000044,0.24,0.0,0.99
2258,3,0.0,0.0,-0.0050000000000000044,0.0050000000000000044,0.245,0.0,0.99
2259,3,0.0,0.0,-0.0050000000000000044,0.0050000000000000044,0.25,0.0,0.99
2260,3,0.0,0.0,-0.0050000000000000044,0.0050000000000000044,0.255,0.0,0.99
2261,3,0.0,0.0,-0.0050000000000000044,0.0050000000000000044,0.26,0.0,0.99
2262,3,0.0,0.0,-0.0050000000000000044,0.0050000000000000044,0.265,0.0,0.99
2263,3,0.0,0.0,-0.0050000000000000044,0.0050000000000000044,0.27,0.0,0.99
2264,3,0.0,0.0,-0.0050000000000000044,0.0050000000000000044,0.275,0.0,0.99
2265,3,0.0,0.0,-0.0050000000000000044,0.0050000000000000044,0.28,0.0,0.99
2266,3,0.0,0.0,-0.0050000000000000044,0.0050000000000000044,0.285,0.0,0.99
2267,3,0.0,0.0,-0.0050000000000000044,0.0050000000000000044,0.29,0.0,0.99
2268,3,0.0,0.0,-0.0050000000000000044,0.0050000000000000044,0.295,0.0,0.99
2269,3,0.0,0.0,-0.0050000000000000044,0.0050000000000000044,0.3,0.0,0.99
2270,3,0.0,0.0,-0.0050000000000000044,0.0050000000000000044,0.305,0.0,0.99
2271,3,0.0,0.0,-0.0050000000000000044,0.0050000000000000044,0.31,0.0,0.99
2272,3,0.0,0.0,-0.0050000000000000044,0.0050000000000000044,0.315,0.0,0.99
2273,3,0.0,0.0,-0.0050000000000000044,0.0050000000000000044,0.32,0.0,0.99
2274,3,0.0,0.0,-0.0050000000000000044,0.0050000000000000044,0.325,0.0,0.99
2275,3,0.0,0.0,-0.0050000000000000044,0.0050000000000000044,0.33,0.0,0.99
2276,3,0.0,0.0,-0.0050000000000000044,0.0050000000000000044,0.335,0.0,0.99
2277,3,0.0,0.0,-0.0050000000000000044,0.0050000000000000044,0.34,0.0,0.99
2278,3,0.0,0.0,-0.0050000000000000044,0.0050000000000000044,0.345,0.0,0.99
2279,3,0.0,0.0,-0.0050000000000000044,0.0050000000000000044,0.35,0.0,0.99
2280,3,0.0,0.0,-0.0050000000000000044,0.0050000000000000044,0.355,0.0,0.99
2281,3,0.0,0.0,-0.0050000000000000044,0.0050000000000000044,0.36,0.0,0.99
2282,3,0.0,0.0,-0.0050000000000000044,0.0050000000000000044,0.365,0.0,0.99
2283,3,0.0,0.0,-0.0050000000000000044,0.0050000000000000044,0.37,0.0,0.99
2284,3,0.0,0.0,-0.0050000000000000044,0.0050000000000000044,0.375,0.0,0.99
2285,3,0.0,0.0,-0.0050000000000000044,0.0050000000000000044,0.38,0.0,0.99
2286,3,0.0,0.0,-0.0050000000000000044,0.0050000000000000044,0.385,0.0,0.99
2287,3,0.0,0.0,-0.0050000000000000044,0.0050000000000000044,0.39,0.0,0.99
2288,3,0.0,0.0,-0.0050000000000000044,0.0050000000000000044,0.395,0.0,0.99
2289,3,0.0,0.0,-0.0050000000000000044,0.0050000000000000044,0.4,0.0,0.99
2290,3,0.0,0.0,-0.0050000000000000044,0.0050000000000000044,0.405,0.0,0.99
2291,3,0.0,0.0,-0.0050000000000000044,0.0050000000000000044,0.41,0.0,0.99
2292,3,0.0,0.0,-0.0050000000000000044,0.0050000000000000044,0.415,0.0,0.99
2293,3,0.0,0.0,-0.0050000000000000044,0.0050000000000000044,0.42,0.0,0.99
2294,3,0.0,0.0,-0.0050000000000000044,0.0050000000000000044,0.425,0.0,0.99
2295,3,0.0,0.0,-0.0050000000000000044,0.0050000000000000044,0.43,0.0,0.99
2296,3,0.0,0.0,-0.0050000000000000044,0.0050000000000000044,0.435,0.0,0.99
2297,3,0.0,0.0,-0.0050000000000000044,0.0050000000000000044,0.44,0.0,0.99
2298,3,0.0,0.0,-0.0050000000000000044,0.0050000000000000044,0.445,0.0,0.99
2299,3,0.0,0.0,-0.0050000000000000044,0.0050000000000000044,0.45,0.0,0.99
2300,3,0.0,0.0,-0.0050000000000000044,0.0050000000000000044,0.455,0.0,0.99
2301,3,0.0,0.0,-0.0050000000000000044,0.0050000000000000044,0.46,0.0,0.99
2302,3,0.0,0.0,-0.0050000000000000044,0.0050000000000000044,0.465,0.0,0.99
2303,3,0.0,0.0,-0.0050000000000000044,0.0050000000000000044,0.47,0.0,0.99
2304,3,0.0,0.0,-0.0050000000000000044,0.0050000000000000044,0.475,0.0,0.99
2305,3,0.0,0.0,-0.0050000000000000044,0.0050000000000000044,0.48,0.0,0.99
2306,3,0.0,0.0,-0.0050000000000000044,0.0050000000000000044,0.485,0.0,0.99
2307,3,0.0,0.0,-0.0050000000000000044,0.0050000000000000044,0.49,0.0,0.99
2308,3,0.0,0.0,-0.0050000000000000044,0.0050000000000000044,0.495,0.0,0.99
2309,3,0.0,0.0,-0.0050000000000000044,0.0050000000000000044,0.5,0.0,0.99
2310,3,0.0,0.0,-0.0050000000000000044,0.0050000000000000044,0.505,0.0,0.99
2311,3,0.0,0.0,-0.0050000000000000044,0.0050000000000000044,0.51,0.0,0.99
2312,3,0.0,0.0,-0.0050000000000000044,0.0050000000000000044,0.515,0.0,0.99
2313,3,0.0,0.0,-0.0050000000000000044,0.0050000000000000044,0.52,0.0,0.99
2314,3,0.0,0.0,-0.0050000000000000044,0.0050000000000000044,0.525,0.0,0.99
2315,3,0.0,0.0,-0.0050000000000000044,0.0050000000000000044,0.53,0.0,0.99
2316,3,0.0,0.0,-0.0050000000000000044,0.0050000000000000044,0.535,0.0,0.99
2317,3,0.0,0.0,-0.0050000000000000044,0.0050000000000000044,0.54,0.0,0.99
2318,3,0.0,0.0,-0.0050000000000000044,0.0050000000000000044,0.545,0.0,0.99
2319,3,0.0,0.0,-0.0050000000000000044,0.0050000000000000044,0.55,0.0,0.99
2320,3,0.0,0.0,-0.0050000000000000044,0.0050000000000000044,0.555,0.0,0.99
2321,3,0.0,0.0,-0.0050000000000000044,0.0050000000000000044,0.56,0.0,0.99
2322,3,0.0,0.0,-0.0050000000000000044,0.0050000000000000044,0.565,0.0,0.99
2323,3,0.0,0.0,-0.0050000000000000044,0.0050000000000000044,0.57,0.0,0.99
2324,3,0.0,0.0,-0.0050000000000000044,0.0050000000000000044,0.575,0.0,0.99
2325,3,0.0,0.0,-0.0050000000000000044,0.0050000000000000044,0.58,0.0,0.99
2326,3,0.0,0.0,-0.0050000000000000044,0.0050000000000000044,0.585,0.0,0.99
2327,3,0.0,0.0,-0.0050000000000000044,0.0050000000000000044,0.59,0.0,0.99
2328,3,0.0,0.0,-0.0050000000000000044,0.0050000000000000044,0.595,0.0,0.99
2329,3,0.0,0.0,-0.0050000000000000044,0.0050000000000000044,0.6,0.0,0.99
2330,3,0.0,0.0,-0.0050000000000000044,0.0050000000000000044,0.605,0.0,0.99
2331,3,0.0,0.0,-0.0050000000000000044,0.0050000000000000044,0.61,0.0,0.99
2332,3,0.0,0.0,-0.0050000000000000044,0.0050000000000000044,0.615,0.0,0.99
2333,3,0.0,0.0,-0.0050000000000000044,0.0050000000000000044,0.62,0.0,0.99
2334,3,0.0,0.0,-0.0050000000000000044,0.0050000000000000044,0.625,0.0,0.99
2335,3,0.0,0.0,-0.0050000000000000044,0.0050000000000000044,0.63,0.0,0.99
2336,3,0.0,0.0,-0.0050000000000000044,0.0050000000000000044,0.635,0.0,0.99
2337,3,0.0,0.0,-0.0050000000000000044,0.0050000000000000044,0.64,0.0,0.99
2338,3,0.0,0.0,-0.0050000000000000044,0.0050000000000000044,0.645,0.0,0.99
2339,3,0.0,0.0,-0.0050000000000000044,0.0050000000000000044,0.65,0.0,0.99
2340,3,0.0,0.0,-0.0050000000000000044,0.0050000000000000044,0.655,0.0,0.99
2341,3,0.0,0.0,-0.0050000000000000044,0.0050000000000000044,0.66,0.0,0.99
2342,3,0.0,0.0,-0.0050000000000000044,0.0050000000000000044,0.665,0.0,0.99
2343,3,0.0,0.0,-0.0050000000000000044,0.0050000000000000044,0.67,0.0,0.99
2344,3,0.0,0.0,-0.0050000000000000044,0.0050000000000000044,0.675,0.0,0.99
2345,3,0.0,0.0,-0.0050000000000000044,0.0050000000000000044,0.68,0.0,0.99
2346,3,0.0,0.0,-0.0050000000000000044,0.0050000000000000044,0.685,0.0,0.99
2347,3,0.0,0.0,-0.0050000000000000044,0.0050000000000000044,0.69,0.0,0.99
2348,3,0.0,0.0,-0.0050000000000000044,0.0050000000000000044,0.695,0.0,0.99
2349,3,0.0,0.0,-0.0050000000000000044,0.0050000000000000044,0.7,0.0,0.99
2350,3,0.0,0.0,-0.0050000000000000044,0.0050000000000000044,0.705,0.0,0.99
2351,3,0.0,0.0,-0.0050000000000000044,0.0050000000000000044,0.71,0.0,0.99
2352,3,0.0,0.0,-0.0050000000000000044,0.0050000000000000044,0.715,0.0,0.99
2353,3,0.0,0.0,-0.0050000000000000044,0.0050000000000000044,0.72,0.0,0.99
2354,3,0.0,0.0,-0.0050000000000000044,0.0050000000000000044,0.725,0.0,0.99
2355,3,0.0,0.0,-0.0050000000000000044,0.0050000000000000044,0.73,0.0,0.99
2356,3,0.0,0.0,-0.0050000000000000044,0.0050000000000000044,0.735,0.0,0.99
2357,3,0.0,0.0,-0.0050000000000000044,0.0050000000000000044,0.74,0.0,0.99
2358,3,0.0,0.0,-0.0050000000000000044,0.0050000000000000044,0.745,0.0,0.99
2359,3,0.0,0.0,-0.0050000000000000044,0.0050000000000000044,0.75,0.0,0.99
2360,3,0.0,0.0,-0.0050000000000000044,0.0050000000000000044,0.755,0.0,0.99
2361,3,0.0,0.0,-0.0050000000000000044,0.0050000000000000044,0.76,0.0,0.99
2362,3,0.0,0.0,-0.0050000000000000044,0.0050000000000000044,0.765,0.0,0.99
2363,3,0.0,0.0,-0.0050000000000000044,0.0050000000000000044,0.77,0.0,0.99
2364,3,0.0,0.0,-0.0050000000000000044,0.0050000000000000044,0.775,0.0,0.99
2365,3,0.0,0.0,-0.0050000000000000044,0.0050000000000000044,0.78,0.0,0.99
2366,3,0.0,0.0,-0.0050000000000000044,0.0050000000000000044,0.785,0.0,0.99
2367,3,0.0,0.0,-0.0050000000000000044,0.0050000000000000044,0.79,0.0,0.99
2368,3,0.0,0.0,-0.0050000000000000044,0.0050000000000000044,0.795,0.0,0.99
2369,3,0.0,0.0,-0.0050000000000000044,0.0050000000000000044,0.8,0.0,0.99
2370,3,0.0,0.0,-0.0050000000000000044,0.0050000000000000044,0.805,0.0,0.99
2371,3,0.0,0.0,-0.0050000000000000044,0.0050000000000000044,0.81,0.0,0.99
2372,3,0.0,0.0,-0.0050000000000000044,0.0050000000000000044,0.815,0.0,0.99
2373,3,0.0,0.0,-0.0050000000000000044,0.0050000000000000044,0.82,0.0,0.99
2374,3,0.0,0.0,-0.0050000000000000044,0.0050000000000000044,0.825,0.0,0.99
2375,3,0.0,0.0,-0.0050000000000000044,0.0050000000000000044,0.83,0.0,0.99
2376,3,0.0,0.0,-0.0050000000000000044,0.0050000000000000044,0.835,0.0,0.99
2377,3,0.0,0.0,-0.0050000000000000044,0.0050000000000000044,0.84,0.0,0.99
2378,3,0.0,0.0,-0.0050000000000000044,0.0050000000000000044,0.845,0.0,0.99
2379,3,0.0,0.0,-0.0050000000000000044,0.0050000000000000044,0.85,0.0,0.99
2380,3,0.0,0.0,-0.0050000000000000044,0.0050000000000000044,0.855,0.0,0.99
2381,3,0.0,0.0,-0.0050000000000000044,0.0050000000000000044,0.86,0.0,0.99
2382,3,0.0,0.0,-0.0050000000000000044,0.0050000000000000044,0.865,0.0,0.99
2383,3,0.0,0.0,-0.0050000000000000044,0.0050000000000000044,0.87,0.0,0.99
2384,3,0.0,0.0,-0.0050000000000000044,0.0050000000000000044,0.875,0.0,0.99
2385,3,0.0,0.0,-0.0050000000000000044,0.0050000000000000044,0.88,0.0,0.99
2386,3,0.0,0.0,-0.0050000000000000044,0.0050000000000000044,0.885,0.0,0.99
2387,3,0.0,0.0,-0.0050000000000000044,0.0050000000000000044,0.89,0.0,0.99
2388,3,0.0,0.0,-0.0050000000000000044,0.0050000000000000044,0.895,0.0,0.99
2389,3,0.0,0.0,-0.0050000000000000044,0.0050000000000000044,0.9,0.0,0.99
2390,3,0.0,0.0,-0.0050000000000000044,0.0050000000000000044,0.905,0.0,0.99
2391,3,0.0,0.0,-0.0050000000000000044,0.0050000000000000044,0.91,0.0,0.99
2392,3,0.0,0.0,-0.0050000000000000044,0.0050000000000000044,0.915,0.0,0.99
2393,3,0.0,0.0,-0.0050000000000000044,0.0050000000000000044,0.92,0.0,0.99
2394,3,0.0,0.0,-0.0050000000000000044,0.0050000000000000044,0.925,0.0,0.99
2395,3,0.0,0.0,-0.0050000000000000044,0.0050000000000000044,0.93,0.0,0.99
2396,3,0.0,0.0,-0.0050000000000000044,0.0050000000000000044,0.935,0.0,0.99
2397,3,0.0,0.0,-0.0050000000000000044,0.0050000000000000044,0.94,0.0,0.99
2398,3,0.0,0.0,-0.0050000000000000044,0.0050000000000000044,0.945,0.0,0.99
2399,3,0.0,0.0,-0.0050000000000000044,0.0050000000000000044,0.95,0.0,0.99
2400,3,0.0,0.0,-0.0050000000000000044,0.0050000000000000044,0.955,0.0,0.99
2401,3,0.0,0.0,-0.0050000000000000044,0.0050000000000000044,0.96,0.0,0.99
2402,3,0.0,0.0,-0.0050000000000000044,0.0050000000000000044,0.965,0.0,0.99
2403,3,0.0,0.0,-0.0050000000000000044,0.0050000000000000044,0.97,0.0,0.99
2404,3,0.0,0.0,-0.0050000000000000044,0.0050000000000000044,0.975,0.0,0.99
2405,3,0.0,0.0,-0.0050000000000000044,0.0050000000000000044,0.98,0.0,0.99
2406,3,0.0,0.0,-0.0050000000000000044,0.0050000000000000044,0.985,0.0,0.99
2407,3,0.0,0.0,-0.0050000000000000044,0.0050000000000000044,0.99,0.0,0.99
2408,3,0.0,0.0,-0.0050000000000000044,0.0050000000000000044,0.995,0.0,0.99
2409,3,-0.0050000000000000044,0.0,-0.0050000000000000044,0.007071067811865481,1.0,0.0,0.99
2410,3,-0.009999999999999898,0.0,-0.0050000000000000044,0.011180339887498858,1.005,0.0,0.99
2411,3,-0.015000000000000013,0.0,-0.0050000000000000044,0.01581138830084191,1.01,0.0,0.99
