"Idp","Vel:0","Vel:1","Vel:2","Rhop","Points:0","Points:1","Points:2"
0,0,0,0,1000.0,-0.06,0.0,-0.06
1,0,0,0,1000.0,-0.05,0.0,-0.06
2,0,0,0,1000.0,-0.04,0.0,-0.06
3,0,0,0,1000.0,-0.03,0.0,-0.06
4,0,0,0,1000.0,-0.02,0.0,-0.06
5,0,0,0,1000.0,-0.01,0.0,-0.06
6,0,0,0,1000.0,0.0,0.0,-0.06
7,0,0,0,1000.0,0.01,0.0,-0.06
8,0,0,0,1000.0,0.02,0.0,-0.06
9,0,0,0,1000.0,0.03,0.0,-0.06
10,0,0,0,1000.0,0.04,0.0,-0.06
11,0,0,0,1000.0,0.05,0.0,-0.06
12,0,0,0,1000.0,0.06,0.0,-0.06
13,0,0,0,1000.0,0.07,0.0,-0.06
14,0,0,0,1000.0,0.08,0.0,-0.06
15,0,0,0,1000.0,0.09,0.0,-0.06
16,0,0,0,1000.0,0.1,0.0,-0.06
17,0,0,0,1000.0,0.11,0.0,-0.06
18,0,0,0,1000.0,0.12,0.0,-0.06
19,0,0,0,1000.0,0.13,0.0,-0.06
20,0,0,0,1000.0,0.14,0.0,-0.06
21,0,0,0,1000.0,0.15,0.0,-0.06
22,0,0,0,1000.0,0.16,0.0,-0.06
23,0,0,0,1000.0,0.17,0.0,-0.06
24,0,0,0,1000.0,0.18,0.0,-0.06
25,0,0,0,1000.0,0.19,0.0,-0.06
26,0,0,0,1000.0,0.2,0.0,-0.06
27,0,0,0,1000.0,0.21,0.0,-0.06
28,0,0,0,1000.0,0.22,0.0,-0.06
29,0,0,0,1000.0,0.23,0.0,-0.06
30,0,0,0,1000.0,0.24,0.0,-0.06
31,0,0,0,1000.0,0.25,0.0,-0.06
32,0,0,0,1000.0,0.26,0.0,-0.06
33,0,0,0,1000.0,0.27,0.0,-0.06
34,0,0,0,1000.0,0.28,0.0,-0.06
35,0,0,0,1000.0,0.29,0.0,-0.06
36,0,0,0,1000.0,0.3,0.0,-0.06
37,0,0,0,1000.0,0.31,0.0,-0.06
38,0,0,0,1000.0,0.32,0.0,-0.06
39,0,0,0,1000.0,0.33,0.0,-0.06
40,0,0,0,1000.0,0.34,0.0,-0.06
41,0,0,0,1000.0,0.35,0.0,-0.06
42,0,0,0,1000.0,0.36,0.0,-0.06
43,0,0,0,1000.0,0.37,0.0,-0.06
44,0,0,0,1000.0,0.38,0.0,-0.06
45,0,0,0,1000.0,0.39,0.0,-0.06
46,0,0,0,1000.0,0.4,0.0,-0.06
47,0,0,0,1000.0,0.41,0.0,-0.06
48,0,0,0,1000.0,0.42,0.0,-0.06
49,0,0,0,1000.0,0.43,0.0,-0.06
50,0,0,0,1000.0,0.44,0.0,-0.06
51,0,0,0,1000.0,0.45,0.0,-0.06
52,0,0,0,1000.0,0.46,0.0,-0.06
53,0,0,0,1000.0,0.47,0.0,-0.06
54,0,0,0,1000.0,0.48,0.0,-0.06
55,0,0,0,1000.0,0.49,0.0,-0.06
56,0,0,0,1000.0,0.5,0.0,-0.06
57,0,0,0,1000.0,0.51,0.0,-0.06
58,0,0,0,1000.0,0.52,0.0,-0.06
59,0,0,0,1000.0,0.53,0.0,-0.06
60,0,0,0,1000.0,0.54,0.0,-0.06
61,0,0,0,1000.0,0.55,0.0,-0.06
62,0,0,0,1000.0,0.56,0.0,-0.06
63,0,0,0,1000.0,0.57,0.0,-0.06
64,0,0,0,1000.0,0.58,0.0,-0.06
65,0,0,0,1000.0,0.59,0.0,-0.06
66,0,0,0,1000.0,0.6,0.0,-0.06
67,0,0,0,1000.0,0.61,0.0,-0.06
68,0,0,0,1000.0,0.62,0.0,-0.06
69,0,0,0,1000.0,0.63,0.0,-0.06
70,0,0,0,1000.0,0.64,0.0,-0.06
71,0,0,0,1000.0,0.65,0.0,-0.06
72,0,0,0,1000.0,0.66,0.0,-0.06
73,0,0,0,1000.0,0.67,0.0,-0.06
74,0,0,0,1000.0,0.68,0.0,-0.06
75,0,0,0,1000.0,0.69,0.0,-0.06
76,0,0,0,1000.0,0.7,0.0,-0.06
77,0,0,0,1000.0,0.71,0.0,-0.06
78,0,0,0,1000.0,0.72,0.0,-0.06
79,0,0,0,1000.0,0.73,0.0,-0.06
80,0,0,0,1000.0,0.74,0.0,-0.06
81,0,0,0,1000.0,0.75,0.0,-0.06
82,0,0,0,1000.0,0.76,0.0,-0.06
83,0,0,0,1000.0,0.77,0.0,-0.06
84,0,0,0,1000.0,0.78,0.0,-0.06
85,0,0,0,1000.0,0.79,0.0,-0.06
86,0,0,0,1000.0,0.8,0.0,-0.06
87,0,0,0,1000.0,0.81,0.0,-0.06
88,0,0,0,1000.0,0.82,0.0,-0.06
89,0,0,0,1000.0,0.83,0.0,-0.06
90,0,0,0,1000.0,0.84,0.0,-0.06
91,0,0,0,1000.0,0.85,0.0,-0.06
92,0,0,0,1000.0,0.86,0.0,-0.06
93,0,0,0,1000.0,0.87,0.0,-0.06
94,0,0,0,1000.0,0.88,0.0,-0.06
95,0,0,0,1000.0,0.89,0.0,-0.06
96,0,0,0,1000.0,0.9,0.0,-0.06
97,0,0,0,1000.0,0.91,0.0,-0.06
98,0,0,0,1000.0,0.92,0.0,-0.06
99,0,0,0,1000.0,0.93,0.0,-0.06
100,0,0,0,1000.0,0.94,0.0,-0.06
101,0,0,0,1000.0,0.95,0.0,-0.06
102,0,0,0,1000.0,0.96,0.0,-0.06
103,0,0,0,1000.0,0.97,0.0,-0.06
104,0,0,0,1000.0,0.98,0.0,-0.06
105,0,0,0,1000.0,0.99,0.0,-0.06
106,0,0,0,1000.0,1.0,0.0,-0.06
107,0,0,0,1000.0,1.01,0.0,-0.06
108,0,0,0,1000.0,1.02,0.0,-0.06
109,0,0,0,1000.0,1.03,0.0,-0.06
110,0,0,0,1000.0,1.04,0.0,-0.06
111,0,0,0,1000.0,1.05,0.0,-0.06
112,0,0,0,1000.0,1.06,0.0,-0.06
113,0,0,0,1000.0,1.07,0.0,-0.06
114,0,0,0,1000.0,1.08,0.0,-0.06
115,0,0,0,1000.0,1.09,0.0,-0.06
116,0,0,0,1000.0,1.1,0.0,-0.06
117,0,0,0,1000.0,1.11,0.0,-0.06
118,0,0,0,1000.0,1.12,0.0,-0.06
119,0,0,0,1000.0,1.13,0.0,-0.06
120,0,0,0,1000.0,1.14,0.0,-0.06
121,0,0,0,1000.0,1.15,0.0,-0.06
122,0,0,0,1000.0,1.16,0.0,-0.06
123,0,0,0,1000.0,1.17,0.0,-0.06
124,0,0,0,1000.0,1.18,0.0,-0.06
125,0,0,0,1000.0,1.19,0.0,-0.06
126,0,0,0,1000.0,1.2,0.0,-0.06
127,0,0,0,1000.0,1.21,0.0,-0.06
128,0,0,0,1000.0,1.22,0.0,-0.06
129,0,0,0,1000.0,1.23,0.0,-0.06
130,0,0,0,1000.0,1.24,0.0,-0.06
131,0,0,0,1000.0,1.25,0.0,-0.06
132,0,0,0,1000.0,1.26,0.0,-0.06
133,0,0,0,1000.0,1.27,0.0,-0.06
134,0,0,0,1000.0,1.28,0.0,-0.06
135,0,0,0,1000.0,1.29,0.0,-0.06
136,0,0,0,1000.0,1.3,0.0,-0.06
137,0,0,0,1000.0,1.31,0.0,-0.06
138,0,0,0,1000.0,1.32,0.0,-0.06
139,0,0,0,1000.0,1.33,0.0,-0.06
140,0,0,0,1000.0,1.34,0.0,-0.06
141,0,0,0,1000.0,1.35,0.0,-0.06
142,0,0,0,1000.0,1.36,0.0,-0.06
143,0,0,0,1000.0,1.37,0.0,-0.06
144,0,0,0,1000.0,1.38,0.0,-0.06
145,0,0,0,1000.0,1.39,0.0,-0.06
146,0,0,0,1000.0,1.4,0.0,-0.06
147,0,0,0,1000.0,1.41,0.0,-0.06
148,0,0,0,1000.0,1.42,0.0,-0.06
149,0,0,0,1000.0,1.43,0.0,-0.06
150,0,0,0,1000.0,1.44,0.0,-0.06
151,0,0,0,1000.0,1.45,0.0,-0.06
152,0,0,0,1000.0,1.46,0.0,-0.06
153,0,0,0,1000.0,1.47,0.0,-0.06
154,0,0,0,1000.0,1.48,0.0,-0.06
155,0,0,0,1000.0,1.49,0.0,-0.06
156,0,0,0,1000.0,1.5,0.0,-0.06
157,0,0,0,1000.0,1.51,0.0,-0.06
158,0,0,0,1000.0,1.52,0.0,-0.06
159,0,0,0,1000.0,1.53,0.0,-0.06
160,0,0,0,1000.0,1.54,0.0,-0.06
161,0,0,0,1000.0,1.55,0.0,-0.06
162,0,0,0,1000.0,1.56,0.0,-0.06
163,0,0,0,1000.0,1.57,0.0,-0.06
164,0,0,0,1000.0,1.58,0.0,-0.06
165,0,0,0,1000.0,1.59,0.0,-0.06
166,0,0,0,1000.0,1.6,0.0,-0.06
167,0,0,0,1000.0,1.61,0.0,-0.06
168,0,0,0,1000.0,1.62,0.0,-0.06
169,0,0,0,1000.0,1.63,0.0,-0.06
170,0,0,0,1000.0,1.64,0.0,-0.06
171,0,0,0,1000.0,1.65,0.0,-0.06
172,0,0,0,1000.0,1.66,0.0,-0.06
173,0,0,0,1000.0,1.67,0.0,-0.06
174,0,0,0,1000.0,1.68,0.0,-0.06
175,0,0,0,1000.0,1.69,0.0,-0.06
176,0,0,0,1000.0,1.7,0.0,-0.06
177,0,0,0,1000.0,1.71,0.0,-0.06
178,0,0,0,1000.0,1.72,0.0,-0.06
179,0,0,0,1000.0,1.73,0.0,-0.06
180,0,0,0,1000.0,1.74,0.0,-0.06
181,0,0,0,1000.0,1.75,0.0,-0.06
182,0,0,0,1000.0,1.76,0.0,-0.06
183,0,0,0,1000.0,1.77,0.0,-0.06
184,0,0,0,1000.0,1.78,0.0,-0.06
185,0,0,0,1000.0,1.79,0.0,-0.06
186,0,0,0,1000.0,1.8,0.0,-0.06
187,0,0,0,1000.0,1.81,0.0,-0.06
188,0,0,0,1000.0,1.82,0.0,-0.06
189,0,0,0,1000.0,1.83,0.0,-0.06
190,0,0,0,1000.0,1.84,0.0,-0.06
191,0,0,0,1000.0,1.85,0.0,-0.06
192,0,0,0,1000.0,1.86,0.0,-0.06
193,0,0,0,1000.0,1.87,0.0,-0.06
194,0,0,0,1000.0,1.88,0.0,-0.06
195,0,0,0,1000.0,1.89,0.0,-0.06
196,0,0,0,1000.0,1.9,0.0,-0.06
197,0,0,0,1000.0,1.91,0.0,-0.06
198,0,0,0,1000.0,1.92,0.0,-0.06
199,0,0,0,1000.0,1.93,0.0,-0.06
200,0,0,0,1000.0,1.94,0.0,-0.06
201,0,0,0,1000.0,1.95,0.0,-0.06
202,0,0,0,1000.0,1.96,0.0,-0.06
203,0,0,0,1000.0,1.97,0.0,-0.06
204,0,0,0,1000.0,1.98,0.0,-0.06
205,0,0,0,1000.0,1.99,0.0,-0.06
206,0,0,0,1000.0,2.0,0.0,-0.06
207,0,0,0,1000.0,2.01,0.0,-0.06
208,0,0,0,1000.0,2.02,0.0,-0.06
209,0,0,0,1000.0,2.03,0.0,-0.06
210,0,0,0,1000.0,2.04,0.0,-0.06
211,0,0,0,1000.0,2.05,0.0,-0.06
212,0,0,0,1000.0,2.06,0.0,-0.06
213,0,0,0,1000.0,2.07,0.0,-0.06
214,0,0,0,1000.0,2.08,0.0,-0.06
215,0,0,0,1000.0,2.09,0.0,-0.06
216,0,0,0,1000.0,2.1,0.0,-0.06
217,0,0,0,1000.0,2.11,0.0,-0.06
218,0,0,0,1000.0,2.12,0.0,-0.06
219,0,0,0,1000.0,2.13,0.0,-0.06
220,0,0,0,1000.0,2.14,0.0,-0.06
221,0,0,0,1000.0,2.15,0.0,-0.06
222,0,0,0,1000.0,2.16,0.0,-0.06
223,0,0,0,1000.0,2.17,0.0,-0.06
224,0,0,0,1000.0,2.18,0.0,-0.06
225,0,0,0,1000.0,2.19,0.0,-0.06
226,0,0,0,1000.0,2.2,0.0,-0.06
227,0,0,0,1000.0,2.21,0.0,-0.06
228,0,0,0,1000.0,2.22,0.0,-0.06
229,0,0,0,1000.0,2.23,0.0,-0.06
230,0,0,0,1000.0,2.24,0.0,-0.06
231,0,0,0,1000.0,2.25,0.0,-0.06
232,0,0,0,1000.0,2.26,0.0,-0.06
233,0,0,0,1000.0,2.27,0.0,-0.06
234,0,0,0,1000.0,2.28,0.0,-0.06
235,0,0,0,1000.0,2.29,0.0,-0.06
236,0,0,0,1000.0,2.3,0.0,-0.06
237,0,0,0,1000.0,2.31,0.0,-0.06
238,0,0,0,1000.0,2.32,0.0,-0.06
239,0,0,0,1000.0,2.33,0.0,-0.06
240,0,0,0,1000.0,2.34,0.0,-0.06
241,0,0,0,1000.0,2.35,0.0,-0.06
242,0,0,0,1000.0,2.36,0.0,-0.06
243,0,0,0,1000.0,2.37,0.0,-0.06
244,0,0,0,1000.0,2.38,0.0,-0.06
245,0,0,0,1000.0,2.39,0.0,-0.06
246,0,0,0,1000.0,2.4,0.0,-0.06
247,0,0,0,1000.0,2.41,0.0,-0.06
248,0,0,0,1000.0,2.42,0.0,-0.06
249,0,0,0,1000.0,2.43,0.0,-0.06
250,0,0,0,1000.0,2.44,0.0,-0.06
251,0,0,0,1000.0,2.45,0.0,-0.06
252,0,0,0,1000.0,2.46,0.0,-0.06
253,0,0,0,1000.0,2.47,0.0,-0.06
254,0,0,0,1000.0,2.48,0.0,-0.06
255,0,0,0,1000.0,2.49,0.0,-0.06
256,0,0,0,1000.0,2.5,0.0,-0.06
257,0,0,0,1000.0,2.51,0.0,-0.06
258,0,0,0,1000.0,2.52,0.0,-0.06
259,0,0,0,1000.0,2.53,0.0,-0.06
260,0,0,0,1000.0,2.54,0.0,-0.06
261,0,0,0,1000.0,2.55,0.0,-0.06
262,0,0,0,1000.0,2.56,0.0,-0.06
263,0,0,0,1000.0,2.57,0.0,-0.06
264,0,0,0,1000.0,2.58,0.0,-0.06
265,0,0,0,1000.0,2.59,0.0,-0.06
266,0,0,0,1000.0,2.6,0.0,-0.06
267,0,0,0,1000.0,2.61,0.0,-0.06
268,0,0,0,1000.0,2.62,0.0,-0.06
269,0,0,0,1000.0,2.63,0.0,-0.06
270,0,0,0,1000.0,2.64,0.0,-0.06
271,0,0,0,1000.0,2.65,0.0,-0.06
272,0,0,0,1000.0,2.66,0.0,-0.06
273,0,0,0,1000.0,2.67,0.0,-0.06
274,0,0,0,1000.0,2.68,0.0,-0.06
275,0,0,0,1000.0,2.69,0.0,-0.06
276,0,0,0,1000.0,2.7,0.0,-0.06
277,0,0,0,1000.0,2.71,0.0,-0.06
278,0,0,0,1000.0,2.72,0.0,-0.06
279,0,0,0,1000.0,2.73,0.0,-0.06
280,0,0,0,1000.0,2.74,0.0,-0.06
281,0,0,0,1000.0,2.75,0.0,-0.06
282,0,0,0,1000.0,2.76,0.0,-0.06
283,0,0,0,1000.0,2.77,0.0,-0.06
284,0,0,0,1000.0,2.78,0.0,-0.06
285,0,0,0,1000.0,2.79,0.0,-0.06
286,0,0,0,1000.0,2.8,0.0,-0.06
287,0,0,0,1000.0,2.81,0.0,-0.06
288,0,0,0,1000.0,2.82,0.0,-0.06
289,0,0,0,1000.0,2.83,0.0,-0.06
290,0,0,0,1000.0,2.84,0.0,-0.06
291,0,0,0,1000.0,2.85,0.0,-0.06
292,0,0,0,1000.0,2.86,0.0,-0.06
293,0,0,0,1000.0,2.87,0.0,-0.06
294,0,0,0,1000.0,2.88,0.0,-0.06
295,0,0,0,1000.0,2.89,0.0,-0.06
296,0,0,0,1000.0,2.9,0.0,-0.06
297,0,0,0,1000.0,2.91,0.0,-0.06
298,0,0,0,1000.0,2.92,0.0,-0.06
299,0,0,0,1000.0,2.93,0.0,-0.06
300,0,0,0,1000.0,2.94,0.0,-0.06
301,0,0,0,1000.0,2.95,0.0,-0.06
302,0,0,0,1000.0,2.96,0.0,-0.06
303,0,0,0,1000.0,2.97,0.0,-0.06
304,0,0,0,1000.0,2.98,0.0,-0.06
305,0,0,0,1000.0,2.99,0.0,-0.06
306,0,0,0,1000.0,3.0,0.0,-0.06
307,0,0,0,1000.0,3.01,0.0,-0.06
308,0,0,0,1000.0,3.02,0.0,-0.06
309,0,0,0,1000.0,3.03,0.0,-0.06
310,0,0,0,1000.0,3.04,0.0,-0.06
311,0,0,0,1000.0,3.05,0.0,-0.06
312,0,0,0,1000.0,3.06,0.0,-0.06
313,0,0,0,1000.0,3.07,0.0,-0.06
314,0,0,0,1000.0,3.08,0.0,-0.06
315,0,0,0,1000.0,3.09,0.0,-0.06
316,0,0,0,1000.0,3.1,0.0,-0.06
317,0,0,0,1000.0,3.11,0.0,-0.06
318,0,0,0,1000.0,3.12,0.0,-0.06
319,0,0,0,1000.0,3.13,0.0,-0.06
320,0,0,0,1000.0,3.14,0.0,-0.06
321,0,0,0,1000.0,3.15,0.0,-0.06
322,0,0,0,1000.0,3.16,0.0,-0.06
323,0,0,0,1000.0,3.17,0.0,-0.06
324,0,0,0,1000.0,3.18,0.0,-0.06
325,0,0,0,1000.0,3.19,0.0,-0.06
326,0,0,0,1000.0,3.2,0.0,-0.06
327,0,0,0,1000.0,3.21,0.0,-0.06
328,0,0,0,1000.0,3.22,0.0,-0.06
329,0,0,0,1000.0,3.23,0.0,-0.06
330,0,0,0,1000.0,3.24,0.0,-0.06
331,0,0,0,1000.0,3.25,0.0,-0.06
332,0,0,0,1000.0,3.26,0.0,-0.06
333,0,0,0,1000.0,3.27,0.0,-0.06
334,0,0,0,1000.0,3.28,0.0,-0.06
335,0,0,0,1000.0,3.29,0.0,-0.06
336,0,0,0,1000.0,3.3,0.0,-0.06
337,0,0,0,1000.0,3.31,0.0,-0.06
338,0,0,0,1000.0,3.32,0.0,-0.06
339,0,0,0,1000.0,3.33,0.0,-0.06
340,0,0,0,1000.0,3.34,0.0,-0.06
341,0,0,0,1000.0,3.35,0.0,-0.06
342,0,0,0,1000.0,3.36,0.0,-0.06
343,0,0,0,1000.0,3.37,0.0,-0.06
344,0,0,0,1000.0,3.38,0.0,-0.06
345,0,0,0,1000.0,3.39,0.0,-0.06
346,0,0,0,1000.0,3.4,0.0,-0.06
347,0,0,0,1000.0,3.41,0.0,-0.06
348,0,0,0,1000.0,3.42,0.0,-0.06
349,0,0,0,1000.0,3.43,0.0,-0.06
350,0,0,0,1000.0,3.44,0.0,-0.06
351,0,0,0,1000.0,3.45,0.0,-0.06
352,0,0,0,1000.0,3.46,0.0,-0.06
353,0,0,0,1000.0,3.47,0.0,-0.06
354,0,0,0,1000.0,3.48,0.0,-0.06
355,0,0,0,1000.0,3.49,0.0,-0.06
356,0,0,0,1000.0,3.5,0.0,-0.06
357,0,0,0,1000.0,3.51,0.0,-0.06
358,0,0,0,1000.0,3.52,0.0,-0.06
359,0,0,0,1000.0,3.53,0.0,-0.06
360,0,0,0,1000.0,3.54,0.0,-0.06
361,0,0,0,1000.0,3.55,0.0,-0.06
362,0,0,0,1000.0,3.56,0.0,-0.06
363,0,0,0,1000.0,3.57,0.0,-0.06
364,0,0,0,1000.0,3.58,0.0,-0.06
365,0,0,0,1000.0,3.59,0.0,-0.06
366,0,0,0,1000.0,3.6,0.0,-0.06
367,0,0,0,1000.0,3.61,0.0,-0.06
368,0,0,0,1000.0,3.62,0.0,-0.06
369,0,0,0,1000.0,3.63,0.0,-0.06
370,0,0,0,1000.0,3.64,0.0,-0.06
371,0,0,0,1000.0,3.65,0.0,-0.06
372,0,0,0,1000.0,3.66,0.0,-0.06
373,0,0,0,1000.0,3.67,0.0,-0.06
374,0,0,0,1000.0,3.68,0.0,-0.06
375,0,0,0,1000.0,3.69,0.0,-0.06
376,0,0,0,1000.0,3.7,0.0,-0.06
377,0,0,0,1000.0,3.71,0.0,-0.06
378,0,0,0,1000.0,3.72,0.0,-0.06
379,0,0,0,1000.0,3.73,0.0,-0.06
380,0,0,0,1000.0,3.74,0.0,-0.06
381,0,0,0,1000.0,3.75,0.0,-0.06
382,0,0,0,1000.0,3.76,0.0,-0.06
383,0,0,0,1000.0,3.77,0.0,-0.06
384,0,0,0,1000.0,3.78,0.0,-0.06
385,0,0,0,1000.0,3.79,0.0,-0.06
386,0,0,0,1000.0,3.8,0.0,-0.06
387,0,0,0,1000.0,3.81,0.0,-0.06
388,0,0,0,1000.0,3.82,0.0,-0.06
389,0,0,0,1000.0,3.83,0.0,-0.06
390,0,0,0,1000.0,3.84,0.0,-0.06
391,0,0,0,1000.0,3.85,0.0,-0.06
392,0,0,0,1000.0,3.86,0.0,-0.06
393,0,0,0,1000.0,3.87,0.0,-0.06
394,0,0,0,1000.0,3.88,0.0,-0.06
395,0,0,0,1000.0,3.89,0.0,-0.06
396,0,0,0,1000.0,3.9,0.0,-0.06
397,0,0,0,1000.0,3.91,0.0,-0.06
398,0,0,0,1000.0,3.92,0.0,-0.06
399,0,0,0,1000.0,3.93,0.0,-0.06
400,0,0,0,1000.0,3.94,0.0,-0.06
401,0,0,0,1000.0,3.95,0.0,-0.06
402,0,0,0,1000.0,3.96,0.0,-0.06
403,0,0,0,1000.0,3.97,0.0,-0.06
404,0,0,0,1000.0,3.98,0.0,-0.06
405,0,0,0,1000.0,3.99,0.0,-0.06
406,0,0,0,1000.0,4.0,0.0,-0.06
407,0,0,0,1000.0,4.01,0.0,-0.06
408,0,0,0,1000.0,4.02,0.0,-0.06
409,0,0,0,1000.0,4.03,0.0,-0.06
410,0,0,0,1000.0,4.04,0.0,-0.06
411,0,0,0,1000.0,4.05,0.0,-0.06
412,0,0,0,1000.0,4.06,0.0,-0.06
413,0,0,0,1000.0,-0.06,0.0,-0.05
414,0,0,0,1000.0,-0.05,0.0,-0.05
415,0,0,0,1000.0,-0.04,0.0,-0.05
416,0,0,0,1000.0,-0.03,0.0,-0.05
417,0,0,0,1000.0,-0.02,0.0,-0.05
418,0,0,0,1000.0,-0.01,0.0,-0.05
419,0,0,0,1000.0,0.0,0.0,-0.05
420,0,0,0,1000.0,0.01,0.0,-0.05
421,0,0,0,1000.0,0.02,0.0,-0.05
422,0,0,0,1000.0,0.03,0.0,-0.05
423,0,0,0,1000.0,0.04,0.0,-0.05
424,0,0,0,1000.0,0.05,0.0,-0.05
425,0,0,0,1000.0,0.06,0.0,-0.05
426,0,0,0,1000.0,0.07,0.0,-0.05
427,0,0,0,1000.0,0.08,0.0,-0.05
428,0,0,0,1000.0,0.09,0.0,-0.05
429,0,0,0,1000.0,0.1,0.0,-0.05
430,0,0,0,1000.0,0.11,0.0,-0.05
431,0,0,0,1000.0,0.12,0.0,-0.05
432,0,0,0,1000.0,0.13,0.0,-0.05
433,0,0,0,1000.0,0.14,0.0,-0.05
434,0,0,0,1000.0,0.15,0.0,-0.05
435,0,0,0,1000.0,0.16,0.0,-0.05
436,0,0,0,1000.0,0.17,0.0,-0.05
437,0,0,0,1000.0,0.18,0.0,-0.05
438,0,0,0,1000.0,0.19,0.0,-0.05
439,0,0,0,1000.0,0.2,0.0,-0.05
440,0,0,0,1000.0,0.21,0.0,-0.05
441,0,0,0,1000.0,0.22,0.0,-0.05
442,0,0,0,1000.0,0.23,0.0,-0.05
443,0,0,0,1000.0,0.24,0.0,-0.05
444,0,0,0,1000.0,0.25,0.0,-0.05
445,0,0,0,1000.0,0.26,0.0,-0.05
446,0,0,0,1000.0,0.27,0.0,-0.05
447,0,0,0,1000.0,0.28,0.0,-0.05
448,0,0,0,1000.0,0.29,0.0,-0.05
449,0,0,0,1000.0,0.3,0.0,-0.05
450,0,0,0,1000.0,0.31,0.0,-0.05
451,0,0,0,1000.0,0.32,0.0,-0.05
452,0,0,0,1000.0,0.33,0.0,-0.05
453,0,0,0,1000.0,0.34,0.0,-0.05
454,0,0,0,1000.0,0.35,0.0,-0.05
455,0,0,0,1000.0,0.36,0.0,-0.05
456,0,0,0,1000.0,0.37,0.0,-0.05
457,0,0,0,1000.0,0.38,0.0,-0.05
458,0,0,0,1000.0,0.39,0.0,-0.05
459,0,0,0,1000.0,0.4,0.0,-0.05
460,0,0,0,1000.0,0.41,0.0,-0.05
461,0,0,0,1000.0,0.42,0.0,-0.05
462,0,0,0,1000.0,0.43,0.0,-0.05
463,0,0,0,1000.0,0.44,0.0,-0.05
464,0,0,0,1000.0,0.45,0.0,-0.05
465,0,0,0,1000.0,0.46,0.0,-0.05
466,0,0,0,1000.0,0.47,0.0,-0.05
467,0,0,0,1000.0,0.48,0.0,-0.05
468,0,0,0,1000.0,0.49,0.0,-0.05
469,0,0,0,1000.0,0.5,0.0,-0.05
470,0,0,0,1000.0,0.51,0.0,-0.05
471,0,0,0,1000.0,0.52,0.0,-0.05
472,0,0,0,1000.0,0.53,0.0,-0.05
473,0,0,0,1000.0,0.54,0.0,-0.05
474,0,0,0,1000.0,0.55,0.0,-0.05
475,0,0,0,1000.0,0.56,0.0,-0.05
476,0,0,0,1000.0,0.57,0.0,-0.05
477,0,0,0,1000.0,0.58,0.0,-0.05
478,0,0,0,1000.0,0.59,0.0,-0.05
479,0,0,0,1000.0,0.6,0.0,-0.05
480,0,0,0,1000.0,0.61,0.0,-0.05
481,0,0,0,1000.0,0.62,0.0,-0.05
482,0,0,0,1000.0,0.63,0.0,-0.05
483,0,0,0,1000.0,0.64,0.0,-0.05
484,0,0,0,1000.0,0.65,0.0,-0.05
485,0,0,0,1000.0,0.66,0.0,-0.05
486,0,0,0,1000.0,0.67,0.0,-0.05
487,0,0,0,1000.0,0.68,0.0,-0.05
488,0,0,0,1000.0,0.69,0.0,-0.05
489,0,0,0,1000.0,0.7,0.0,-0.05
490,0,0,0,1000.0,0.71,0.0,-0.05
491,0,0,0,1000.0,0.72,0.0,-0.05
492,0,0,0,1000.0,0.73,0.0,-0.05
493,0,0,0,1000.0,0.74,0.0,-0.05
494,0,0,0,1000.0,0.75,0.0,-0.05
495,0,0,0,1000.0,0.76,0.0,-0.05
496,0,0,0,1000.0,0.77,0.0,-0.05
497,0,0,0,1000.0,0.78,0.0,-0.05
498,0,0,0,1000.0,0.79,0.0,-0.05
499,0,0,0,1000.0,0.8,0.0,-0.05
500,0,0,0,1000.0,0.81,0.0,-0.05
501,0,0,0,1000.0,0.82,0.0,-0.05
502,0,0,0,1000.0,0.83,0.0,-0.05
503,0,0,0,1000.0,0.84,0.0,-0.05
504,0,0,0,1000.0,0.85,0.0,-0.05
505,0,0,0,1000.0,0.86,0.0,-0.05
506,0,0,0,1000.0,0.87,0.0,-0.05
507,0,0,0,1000.0,0.88,0.0,-0.05
508,0,0,0,1000.0,0.89,0.0,-0.05
509,0,0,0,1000.0,0.9,0.0,-0.05
510,0,0,0,1000.0,0.91,0.0,-0.05
511,0,0,0,1000.0,0.92,0.0,-0.05
512,0,0,0,1000.0,0.93,0.0,-0.05
513,0,0,0,1000.0,0.94,0.0,-0.05
514,0,0,0,1000.0,0.95,0.0,-0.05
515,0,0,0,1000.0,0.96,0.0,-0.05
516,0,0,0,1000.0,0.97,0.0,-0.05
517,0,0,0,1000.0,0.98,0.0,-0.05
518,0,0,0,1000.0,0.99,0.0,-0.05
519,0,0,0,1000.0,1.0,0.0,-0.05
520,0,0,0,1000.0,1.01,0.0,-0.05
521,0,0,0,1000.0,1.02,0.0,-0.05
522,0,0,0,1000.0,1.03,0.0,-0.05
523,0,0,0,1000.0,1.04,0.0,-0.05
524,0,0,0,1000.0,1.05,0.0,-0.05
525,0,0,0,1000.0,1.06,0.0,-0.05
526,0,0,0,1000.0,1.07,0.0,-0.05
527,0,0,0,1000.0,1.08,0.0,-0.05
528,0,0,0,1000.0,1.09,0.0,-0.05
529,0,0,0,1000.0,1.1,0.0,-0.05
530,0,0,0,1000.0,1.11,0.0,-0.05
531,0,0,0,1000.0,1.12,0.0,-0.05
532,0,0,0,1000.0,1.13,0.0,-0.05
533,0,0,0,1000.0,1.14,0.0,-0.05
534,0,0,0,1000.0,1.15,0.0,-0.05
535,0,0,0,1000.0,1.16,0.0,-0.05
536,0,0,0,1000.0,1.17,0.0,-0.05
537,0,0,0,1000.0,1.18,0.0,-0.05
538,0,0,0,1000.0,1.19,0.0,-0.05
539,0,0,0,1000.0,1.2,0.0,-0.05
540,0,0,0,1000.0,1.21,0.0,-0.05
541,0,0,0,1000.0,1.22,0.0,-0.05
542,0,0,0,1000.0,1.23,0.0,-0.05
543,0,0,0,1000.0,1.24,0.0,-0.05
544,0,0,0,1000.0,1.25,0.0,-0.05
545,0,0,0,1000.0,1.26,0.0,-0.05
546,0,0,0,1000.0,1.27,0.0,-0.05
547,0,0,0,1000.0,1.28,0.0,-0.05
548,0,0,0,1000.0,1.29,0.0,-0.05
549,0,0,0,1000.0,1.3,0.0,-0.05
550,0,0,0,1000.0,1.31,0.0,-0.05
551,0,0,0,1000.0,1.32,0.0,-0.05
552,0,0,0,1000.0,1.33,0.0,-0.05
553,0,0,0,1000.0,1.34,0.0,-0.05
554,0,0,0,1000.0,1.35,0.0,-0.05
555,0,0,0,1000.0,1.36,0.0,-0.05
556,0,0,0,1000.0,1.37,0.0,-0.05
557,0,0,0,1000.0,1.38,0.0,-0.05
558,0,0,0,1000.0,1.39,0.0,-0.05
559,0,0,0,1000.0,1.4,0.0,-0.05
560,0,0,0,1000.0,1.41,0.0,-0.05
561,0,0,0,1000.0,1.42,0.0,-0.05
562,0,0,0,1000.0,1.43,0.0,-0.05
563,0,0,0,1000.0,1.44,0.0,-0.05
564,0,0,0,1000.0,1.45,0.0,-0.05
565,0,0,0,1000.0,1.46,0.0,-0.05
566,0,0,0,1000.0,1.47,0.0,-0.05
567,0,0,0,1000.0,1.48,0.0,-0.05
568,0,0,0,1000.0,1.49,0.0,-0.05
569,0,0,0,1000.0,1.5,0.0,-0.05
570,0,0,0,1000.0,1.51,0.0,-0.05
571,0,0,0,1000.0,1.52,0.0,-0.05
572,0,0,0,1000.0,1.53,0.0,-0.05
573,0,0,0,1000.0,1.54,0.0,-0.05
574,0,0,0,1000.0,1.55,0.0,-0.05
575,0,0,0,1000.0,1.56,0.0,-0.05
576,0,0,0,1000.0,1.57,0.0,-0.05
577,0,0,0,1000.0,1.58,0.0,-0.05
578,0,0,0,1000.0,1.59,0.0,-0.05
579,0,0,0,1000.0,1.6,0.0,-0.05
580,0,0,0,1000.0,1.61,0.0,-0.05
581,0,0,0,1000.0,1.62,0.0,-0.05
582,0,0,0,1000.0,1.63,0.0,-0.05
583,0,0,0,1000.0,1.64,0.0,-0.05
584,0,0,0,1000.0,1.65,0.0,-0.05
585,0,0,0,1000.0,1.66,0.0,-0.05
586,0,0,0,1000.0,1.67,0.0,-0.05
587,0,0,0,1000.0,1.68,0.0,-0.05
588,0,0,0,1000.0,1.69,0.0,-0.05
589,0,0,0,1000.0,1.7,0.0,-0.05
590,0,0,0,1000.0,1.71,0.0,-0.05
591,0,0,0,1000.0,1.72,0.0,-0.05
592,0,0,0,1000.0,1.73,0.0,-0.05
593,0,0,0,1000.0,1.74,0.0,-0.05
594,0,0,0,1000.0,1.75,0.0,-0.05
595,0,0,0,1000.0,1.76,0.0,-0.05
596,0,0,0,1000.0,1.77,0.0,-0.05
597,0,0,0,1000.0,1.78,0.0,-0.05
598,0,0,0,1000.0,1.79,0.0,-0.05
599,0,0,0,1000.0,1.8,0.0,-0.05
600,0,0,0,1000.0,1.81,0.0,-0.05
601,0,0,0,1000.0,1.82,0.0,-0.05
602,0,0,0,1000.0,1.83,0.0,-0.05
603,0,0,0,1000.0,1.84,0.0,-0.05
604,0,0,0,1000.0,1.85,0.0,-0.05
605,0,0,0,1000.0,1.86,0.0,-0.05
606,0,0,0,1000.0,1.87,0.0,-0.05
607,0,0,0,1000.0,1.88,0.0,-0.05
608,0,0,0,1000.0,1.89,0.0,-0.05
609,0,0,0,1000.0,1.9,0.0,-0.05
610,0,0,0,1000.0,1.91,0.0,-0.05
611,0,0,0,1000.0,1.92,0.0,-0.05
612,0,0,0,1000.0,1.93,0.0,-0.05
613,0,0,0,1000.0,1.94,0.0,-0.05
614,0,0,0,1000.0,1.95,0.0,-0.05
615,0,0,0,1000.0,1.96,0.0,-0.05
616,0,0,0,1000.0,1.97,0.0,-0.05
617,0,0,0,1000.0,1.98,0.0,-0.05
618,0,0,0,1000.0,1.99,0.0,-0.05
619,0,0,0,1000.0,2.0,0.0,-0.05
620,0,0,0,1000.0,2.01,0.0,-0.05
621,0,0,0,1000.0,2.02,0.0,-0.05
622,0,0,0,1000.0,2.03,0.0,-0.05
623,0,0,0,1000.0,2.04,0.0,-0.05
624,0,0,0,1000.0,2.05,0.0,-0.05
625,0,0,0,1000.0,2.06,0.0,-0.05
626,0,0,0,1000.0,2.07,0.0,-0.05
627,0,0,0,1000.0,2.08,0.0,-0.05
628,0,0,0,1000.0,2.09,0.0,-0.05
629,0,0,0,1000.0,2.1,0.0,-0.05
630,0,0,0,1000.0,2.11,0.0,-0.05
631,0,0,0,1000.0,2.12,0.0,-0.05
632,0,0,0,1000.0,2.13,0.0,-0.05
633,0,0,0,1000.0,2.14,0.0,-0.05
634,0,0,0,1000.0,2.15,0.0,-0.05
635,0,0,0,1000.0,2.16,0.0,-0.05
636,0,0,0,1000.0,2.17,0.0,-0.05
637,0,0,0,1000.0,2.18,0.0,-0.05
638,0,0,0,1000.0,2.19,0.0,-0.05
639,0,0,0,1000.0,2.2,0.0,-0.05
640,0,0,0,1000.0,2.21,0.0,-0.05
641,0,0,0,1000.0,2.22,0.0,-0.05
642,0,0,0,1000.0,2.23,0.0,-0.05
643,0,0,0,1000.0,2.24,0.0,-0.05
644,0,0,0,1000.0,2.25,0.0,-0.05
645,0,0,0,1000.0,2.26,0.0,-0.05
646,0,0,0,1000.0,2.27,0.0,-0.05
647,0,0,0,1000.0,2.28,0.0,-0.05
648,0,0,0,1000.0,2.29,0.0,-0.05
649,0,0,0,1000.0,2.3,0.0,-0.05
650,0,0,0,1000.0,2.31,0.0,-0.05
651,0,0,0,1000.0,2.32,0.0,-0.05
652,0,0,0,1000.0,2.33,0.0,-0.05
653,0,0,0,1000.0,2.34,0.0,-0.05
654,0,0,0,1000.0,2.35,0.0,-0.05
655,0,0,0,1000.0,2.36,0.0,-0.05
656,0,0,0,1000.0,2.37,0.0,-0.05
657,0,0,0,1000.0,2.38,0.0,-0.05
658,0,0,0,1000.0,2.39,0.0,-0.05
659,0,0,0,1000.0,2.4,0.0,-0.05
660,0,0,0,1000.0,2.41,0.0,-0.05
661,0,0,0,1000.0,2.42,0.0,-0.05
662,0,0,0,1000.0,2.43,0.0,-0.05
663,0,0,0,1000.0,2.44,0.0,-0.05
664,0,0,0,1000.0,2.45,0.0,-0.05
665,0,0,0,1000.0,2.46,0.0,-0.05
666,0,0,0,1000.0,2.47,0.0,-0.05
667,0,0,0,1000.0,2.48,0.0,-0.05
668,0,0,0,1000.0,2.49,0.0,-0.05
669,0,0,0,1000.0,2.5,0.0,-0.05
670,0,0,0,1000.0,2.51,0.0,-0.05
671,0,0,0,1000.0,2.52,0.0,-0.05
672,0,0,0,1000.0,2.53,0.0,-0.05
673,0,0,0,1000.0,2.54,0.0,-0.05
674,0,0,0,1000.0,2.55,0.0,-0.05
675,0,0,0,1000.0,2.56,0.0,-0.05
676,0,0,0,1000.0,2.57,0.0,-0.05
677,0,0,0,1000.0,2.58,0.0,-0.05
678,0,0,0,1000.0,2.59,0.0,-0.05
679,0,0,0,1000.0,2.6,0.0,-0.05
680,0,0,0,1000.0,2.61,0.0,-0.05
681,0,0,0,1000.0,2.62,0.0,-0.05
682,0,0,0,1000.0,2.63,0.0,-0.05
683,0,0,0,1000.0,2.64,0.0,-0.05
684,0,0,0,1000.0,2.65,0.0,-0.05
685,0,0,0,1000.0,2.66,0.0,-0.05
686,0,0,0,1000.0,2.67,0.0,-0.05
687,0,0,0,1000.0,2.68,0.0,-0.05
688,0,0,0,1000.0,2.69,0.0,-0.05
689,0,0,0,1000.0,2.7,0.0,-0.05
690,0,0,0,1000.0,2.71,0.0,-0.05
691,0,0,0,1000.0,2.72,0.0,-0.05
692,0,0,0,1000.0,2.73,0.0,-0.05
693,0,0,0,1000.0,2.74,0.0,-0.05
694,0,0,0,1000.0,2.75,0.0,-0.05
695,0,0,0,1000.0,2.76,0.0,-0.05
696,0,0,0,1000.0,2.77,0.0,-0.05
697,0,0,0,1000.0,2.78,0.0,-0.05
698,0,0,0,1000.0,2.79,0.0,-0.05
699,0,0,0,1000.0,2.8,0.0,-0.05
700,0,0,0,1000.0,2.81,0.0,-0.05
701,0,0,0,1000.0,2.82,0.0,-0.05
702,0,0,0,1000.0,2.83,0.0,-0.05
703,0,0,0,1000.0,2.84,0.0,-0.05
704,0,0,0,1000.0,2.85,0.0,-0.05
705,0,0,0,1000.0,2.86,0.0,-0.05
706,0,0,0,1000.0,2.87,0.0,-0.05
707,0,0,0,1000.0,2.88,0.0,-0.05
708,0,0,0,1000.0,2.89,0.0,-0.05
709,0,0,0,1000.0,2.9,0.0,-0.05
710,0,0,0,1000.0,2.91,0.0,-0.05
711,0,0,0,1000.0,2.92,0.0,-0.05
712,0,0,0,1000.0,2.93,0.0,-0.05
713,0,0,0,1000.0,2.94,0.0,-0.05
714,0,0,0,1000.0,2.95,0.0,-0.05
715,0,0,0,1000.0,2.96,0.0,-0.05
716,0,0,0,1000.0,2.97,0.0,-0.05
717,0,0,0,1000.0,2.98,0.0,-0.05
718,0,0,0,1000.0,2.99,0.0,-0.05
719,0,0,0,1000.0,3.0,0.0,-0.05
720,0,0,0,1000.0,3.01,0.0,-0.05
721,0,0,0,1000.0,3.02,0.0,-0.05
722,0,0,0,1000.0,3.03,0.0,-0.05
723,0,0,0,1000.0,3.04,0.0,-0.05
724,0,0,0,1000.0,3.05,0.0,-0.05
725,0,0,0,1000.0,3.06,0.0,-0.05
726,0,0,0,1000.0,3.07,0.0,-0.05
727,0,0,0,1000.0,3.08,0.0,-0.05
728,0,0,0,1000.0,3.09,0.0,-0.05
729,0,0,0,1000.0,3.1,0.0,-0.05
730,0,0,0,1000.0,3.11,0.0,-0.05
731,0,0,0,1000.0,3.12,0.0,-0.05
732,0,0,0,1000.0,3.13,0.0,-0.05
733,0,0,0,1000.0,3.14,0.0,-0.05
734,0,0,0,1000.0,3.15,0.0,-0.05
735,0,0,0,1000.0,3.16,0.0,-0.05
736,0,0,0,1000.0,3.17,0.0,-0.05
737,0,0,0,1000.0,3.18,0.0,-0.05
738,0,0,0,1000.0,3.19,0.0,-0.05
739,0,0,0,1000.0,3.2,0.0,-0.05
740,0,0,0,1000.0,3.21,0.0,-0.05
741,0,0,0,1000.0,3.22,0.0,-0.05
742,0,0,0,1000.0,3.23,0.0,-0.05
743,0,0,0,1000.0,3.24,0.0,-0.05
744,0,0,0,1000.0,3.25,0.0,-0.05
745,0,0,0,1000.0,3.26,0.0,-0.05
746,0,0,0,1000.0,3.27,0.0,-0.05
747,0,0,0,1000.0,3.28,0.0,-0.05
748,0,0,0,1000.0,3.29,0.0,-0.05
749,0,0,0,1000.0,3.3,0.0,-0.05
750,0,0,0,1000.0,3.31,0.0,-0.05
751,0,0,0,1000.0,3.32,0.0,-0.05
752,0,0,0,1000.0,3.33,0.0,-0.05
753,0,0,0,1000.0,3.34,0.0,-0.05
754,0,0,0,1000.0,3.35,0.0,-0.05
755,0,0,0,1000.0,3.36,0.0,-0.05
756,0,0,0,1000.0,3.37,0.0,-0.05
757,0,0,0,1000.0,3.38,0.0,-0.05
758,0,0,0,1000.0,3.39,0.0,-0.05
759,0,0,0,1000.0,3.4,0.0,-0.05
760,0,0,0,1000.0,3.41,0.0,-0.05
761,0,0,0,1000.0,3.42,0.0,-0.05
762,0,0,0,1000.0,3.43,0.0,-0.05
763,0,0,0,1000.0,3.44,0.0,-0.05
764,0,0,0,1000.0,3.45,0.0,-0.05
765,0,0,0,1000.0,3.46,0.0,-0.05
766,0,0,0,1000.0,3.47,0.0,-0.05
767,0,0,0,1000.0,3.48,0.0,-0.05
768,0,0,0,1000.0,3.49,0.0,-0.05
769,0,0,0,1000.0,3.5,0.0,-0.05
770,0,0,0,1000.0,3.51,0.0,-0.05
771,0,0,0,1000.0,3.52,0.0,-0.05
772,0,0,0,1000.0,3.53,0.0,-0.05
773,0,0,0,1000.0,3.54,0.0,-0.05
774,0,0,0,1000.0,3.55,0.0,-0.05
775,0,0,0,1000.0,3.56,0.0,-0.05
776,0,0,0,1000.0,3.57,0.0,-0.05
777,0,0,0,1000.0,3.58,0.0,-0.05
778,0,0,0,1000.0,3.59,0.0,-0.05
779,0,0,0,1000.0,3.6,0.0,-0.05
780,0,0,0,1000.0,3.61,0.0,-0.05
781,0,0,0,1000.0,3.62,0.0,-0.05
782,0,0,0,1000.0,3.63,0.0,-0.05
783,0,0,0,1000.0,3.64,0.0,-0.05
784,0,0,0,1000.0,3.65,0.0,-0.05
785,0,0,0,1000.0,3.66,0.0,-0.05
786,0,0,0,1000.0,3.67,0.0,-0.05
787,0,0,0,1000.0,3.68,0.0,-0.05
788,0,0,0,1000.0,3.69,0.0,-0.05
789,0,0,0,1000.0,3.7,0.0,-0.05
790,0,0,0,1000.0,3.71,0.0,-0.05
791,0,0,0,1000.0,3.72,0.0,-0.05
792,0,0,0,1000.0,3.73,0.0,-0.05
793,0,0,0,1000.0,3.74,0.0,-0.05
794,0,0,0,1000.0,3.75,0.0,-0.05
795,0,0,0,1000.0,3.76,0.0,-0.05
796,0,0,0,1000.0,3.77,0.0,-0.05
797,0,0,0,1000.0,3.78,0.0,-0.05
798,0,0,0,1000.0,3.79,0.0,-0.05
799,0,0,0,1000.0,3.8,0.0,-0.05
800,0,0,0,1000.0,3.81,0.0,-0.05
801,0,0,0,1000.0,3.82,0.0,-0.05
802,0,0,0,1000.0,3.83,0.0,-0.05
803,0,0,0,1000.0,3.84,0.0,-0.05
804,0,0,0,1000.0,3.85,0.0,-0.05
805,0,0,0,1000.0,3.86,0.0,-0.05
806,0,0,0,1000.0,3.87,0.0,-0.05
807,0,0,0,1000.0,3.88,0.0,-0.05
808,0,0,0,1000.0,3.89,0.0,-0.05
809,0,0,0,1000.0,3.9,0.0,-0.05
810,0,0,0,1000.0,3.91,0.0,-0.05
811,0,0,0,1000.0,3.92,0.0,-0.05
812,0,0,0,1000.0,3.93,0.0,-0.05
813,0,0,0,1000.0,3.94,0.0,-0.05
814,0,0,0,1000.0,3.95,0.0,-0.05
815,0,0,0,1000.0,3.96,0.0,-0.05
816,0,0,0,1000.0,3.97,0.0,-0.05
817,0,0,0,1000.0,3.98,0.0,-0.05
818,0,0,0,1000.0,3.99,0.0,-0.05
819,0,0,0,1000.0,4.0,0.0,-0.05
820,0,0,0,1000.0,4.01,0.0,-0.05
821,0,0,0,1000.0,4.02,0.0,-0.05
822,0,0,0,1000.0,4.03,0.0,-0.05
823,0,0,0,1000.0,4.04,0.0,-0.05
824,0,0,0,1000.0,4.05,0.0,-0.05
825,0,0,0,1000.0,4.06,0.0,-0.05
826,0,0,0,1000.0,-0.06,0.0,-0.04
827,0,0,0,1000.0,-0.05,0.0,-0.04
828,0,0,0,1000.0,-0.04,0.0,-0.04
829,0,0,0,1000.0,-0.03,0.0,-0.04
830,0,0,0,1000.0,-0.02,0.0,-0.04
831,0,0,0,1000.0,-0.01,0.0,-0.04
832,0,0,0,1000.0,0.0,0.0,-0.04
833,0,0,0,1000.0,0.01,0.0,-0.04
834,0,0,0,1000.0,0.02,0.0,-0.04
835,0,0,0,1000.0,0.03,0.0,-0.04
836,0,0,0,1000.0,0.04,0.0,-0.04
837,0,0,0,1000.0,0.05,0.0,-0.04
838,0,0,0,1000.0,0.06,0.0,-0.04
839,0,0,0,1000.0,0.07,0.0,-0.04
840,0,0,0,1000.0,0.08,0.0,-0.04
841,0,0,0,1000.0,0.09,0.0,-0.04
842,0,0,0,1000.0,0.1,0.0,-0.04
843,0,0,0,1000.0,0.11,0.0,-0.04
844,0,0,0,1000.0,0.12,0.0,-0.04
845,0,0,0,1000.0,0.13,0.0,-0.04
846,0,0,0,1000.0,0.14,0.0,-0.04
847,0,0,0,1000.0,0.15,0.0,-0.04
848,0,0,0,1000.0,0.16,0.0,-0.04
849,0,0,0,1000.0,0.17,0.0,-0.04
850,0,0,0,1000.0,0.18,0.0,-0.04
851,0,0,0,1000.0,0.19,0.0,-0.04
852,0,0,0,1000.0,0.2,0.0,-0.04
853,0,0,0,1000.0,0.21,0.0,-0.04
854,0,0,0,1000.0,0.22,0.0,-0.04
855,0,0,0,1000.0,0.23,0.0,-0.04
856,0,0,0,1000.0,0.24,0.0,-0.04
857,0,0,0,1000.0,0.25,0.0,-0.04
858,0,0,0,1000.0,0.26,0.0,-0.04
859,0,0,0,1000.0,0.27,0.0,-0.04
860,0,0,0,1000.0,0.28,0.0,-0.04
861,0,0,0,1000.0,0.29,0.0,-0.04
862,0,0,0,1000.0,0.3,0.0,-0.04
863,0,0,0,1000.0,0.31,0.0,-0.04
864,0,0,0,1000.0,0.32,0.0,-0.04
865,0,0,0,1000.0,0.33,0.0,-0.04
866,0,0,0,1000.0,0.34,0.0,-0.04
867,0,0,0,1000.0,0.35,0.0,-0.04
868,0,0,0,1000.0,0.36,0.0,-0.04
869,0,0,0,1000.0,0.37,0.0,-0.04
870,0,0,0,1000.0,0.38,0.0,-0.04
871,0,0,0,1000.0,0.39,0.0,-0.04
872,0,0,0,1000.0,0.4,0.0,-0.04
873,0,0,0,1000.0,0.41,0.0,-0.04
874,0,0,0,1000.0,0.42,0.0,-0.04
875,0,0,0,1000.0,0.43,0.0,-0.04
876,0,0,0,1000.0,0.44,0.0,-0.04
877,0,0,0,1000.0,0.45,0.0,-0.04
878,0,0,0,1000.0,0.46,0.0,-0.04
879,0,0,0,1000.0,0.47,0.0,-0.04
880,0,0,0,1000.0,0.48,0.0,-0.04
881,0,0,0,1000.0,0.49,0.0,-0.04
882,0,0,0,1000.0,0.5,0.0,-0.04
883,0,0,0,1000.0,0.51,0.0,-0.04
884,0,0,0,1000.0,0.52,0.0,-0.04
885,0,0,0,1000.0,0.53,0.0,-0.04
886,0,0,0,1000.0,0.54,0.0,-0.04
887,0,0,0,1000.0,0.55,0.0,-0.04
888,0,0,0,1000.0,0.56,0.0,-0.04
889,0,0,0,1000.0,0.57,0.0,-0.04
890,0,0,0,1000.0,0.58,0.0,-0.04
891,0,0,0,1000.0,0.59,0.0,-0.04
892,0,0,0,1000.0,0.6,0.0,-0.04
893,0,0,0,1000.0,0.61,0.0,-0.04
894,0,0,0,1000.0,0.62,0.0,-0.04
895,0,0,0,1000.0,0.63,0.0,-0.04
896,0,0,0,1000.0,0.64,0.0,-0.04
897,0,0,0,1000.0,0.65,0.0,-0.04
898,0,0,0,1000.0,0.66,0.0,-0.04
899,0,0,0,1000.0,0.67,0.0,-0.04
900,0,0,0,1000.0,0.68,0.0,-0.04
901,0,0,0,1000.0,0.69,0.0,-0.04
902,0,0,0,1000.0,0.7,0.0,-0.04
903,0,0,0,1000.0,0.71,0.0,-0.04
904,0,0,0,1000.0,0.72,0.0,-0.04
905,0,0,0,1000.0,0.73,0.0,-0.04
906,0,0,0,1000.0,0.74,0.0,-0.04
907,0,0,0,1000.0,0.75,0.0,-0.04
908,0,0,0,1000.0,0.76,0.0,-0.04
909,0,0,0,1000.0,0.77,0.0,-0.04
910,0,0,0,1000.0,0.78,0.0,-0.04
911,0,0,0,1000.0,0.79,0.0,-0.04
912,0,0,0,1000.0,0.8,0.0,-0.04
913,0,0,0,1000.0,0.81,0.0,-0.04
914,0,0,0,1000.0,0.82,0.0,-0.04
915,0,0,0,1000.0,0.83,0.0,-0.04
916,0,0,0,1000.0,0.84,0.0,-0.04
917,0,0,0,1000.0,0.85,0.0,-0.04
918,0,0,0,1000.0,0.86,0.0,-0.04
919,0,0,0,1000.0,0.87,0.0,-0.04
920,0,0,0,1000.0,0.88,0.0,-0.04
921,0,0,0,1000.0,0.89,0.0,-0.04
922,0,0,0,1000.0,0.9,0.0,-0.04
923,0,0,0,1000.0,0.91,0.0,-0.04
924,0,0,0,1000.0,0.92,0.0,-0.04
925,0,0,0,1000.0,0.93,0.0,-0.04
926,0,0,0,1000.0,0.94,0.0,-0.04
927,0,0,0,1000.0,0.95,0.0,-0.04
928,0,0,0,1000.0,0.96,0.0,-0.04
929,0,0,0,1000.0,0.97,0.0,-0.04
930,0,0,0,1000.0,0.98,0.0,-0.04
931,0,0,0,1000.0,0.99,0.0,-0.04
932,0,0,0,1000.0,1.0,0.0,-0.04
933,0,0,0,1000.0,1.01,0.0,-0.04
934,0,0,0,1000.0,1.02,0.0,-0.04
935,0,0,0,1000.0,1.03,0.0,-0.04
936,0,0,0,1000.0,1.04,0.0,-0.04
937,0,0,0,1000.0,1.05,0.0,-0.04
938,0,0,0,1000.0,1.06,0.0,-0.04
939,0,0,0,1000.0,1.07,0.0,-0.04
940,0,0,0,1000.0,1.08,0.0,-0.04
941,0,0,0,1000.0,1.09,0.0,-0.04
942,0,0,0,1000.0,1.1,0.0,-0.04
943,0,0,0,1000.0,1.11,0.0,-0.04
944,0,0,0,1000.0,1.12,0.0,-0.04
945,0,0,0,1000.0,1.13,0.0,-0.04
946,0,0,0,1000.0,1.14,0.0,-0.04
947,0,0,0,1000.0,1.15,0.0,-0.04
948,0,0,0,1000.0,1.16,0.0,-0.04
949,0,0,0,1000.0,1.17,0.0,-0.04
950,0,0,0,1000.0,1.18,0.0,-0.04
951,0,0,0,1000.0,1.19,0.0,-0.04
952,0,0,0,1000.0,1.2,0.0,-0.04
953,0,0,0,1000.0,1.21,0.0,-0.04
954,0,0,0,1000.0,1.22,0.0,-0.04
955,0,0,0,1000.0,1.23,0.0,-0.04
956,0,0,0,1000.0,1.24,0.0,-0.04
957,0,0,0,1000.0,1.25,0.0,-0.04
958,0,0,0,1000.0,1.26,0.0,-0.04
959,0,0,0,1000.0,1.27,0.0,-0.04
960,0,0,0,1000.0,1.28,0.0,-0.04
961,0,0,0,1000.0,1.29,0.0,-0.04
962,0,0,0,1000.0,1.3,0.0,-0.04
963,0,0,0,1000.0,1.31,0.0,-0.04
964,0,0,0,1000.0,1.32,0.0,-0.04
965,0,0,0,1000.0,1.33,0.0,-0.04
966,0,0,0,1000.0,1.34,0.0,-0.04
967,0,0,0,1000.0,1.35,0.0,-0.04
968,0,0,0,1000.0,1.36,0.0,-0.04
969,0,0,0,1000.0,1.37,0.0,-0.04
970,0,0,0,1000.0,1.38,0.0,-0.04
971,0,0,0,1000.0,1.39,0.0,-0.04
972,0,0,0,1000.0,1.4,0.0,-0.04
973,0,0,0,1000.0,1.41,0.0,-0.04
974,0,0,0,1000.0,1.42,0.0,-0.04
975,0,0,0,1000.0,1.43,0.0,-0.04
976,0,0,0,1000.0,1.44,0.0,-0.04
977,0,0,0,1000.0,1.45,0.0,-0.04
978,0,0,0,1000.0,1.46,0.0,-0.04
979,0,0,0,1000.0,1.47,0.0,-0.04
980,0,0,0,1000.0,1.48,0.0,-0.04
981,0,0,0,1000.0,1.49,0.0,-0.04
982,0,0,0,1000.0,1.5,0.0,-0.04
983,0,0,0,1000.0,1.51,0.0,-0.04
984,0,0,0,1000.0,1.52,0.0,-0.04
985,0,0,0,1000.0,1.53,0.0,-0.04
986,0,0,0,1000.0,1.54,0.0,-0.04
987,0,0,0,1000.0,1.55,0.0,-0.04
988,0,0,0,1000.0,1.56,0.0,-0.04
989,0,0,0,1000.0,1.57,0.0,-0.04
990,0,0,0,1000.0,1.58,0.0,-0.04
991,0,0,0,1000.0,1.59,0.0,-0.04
992,0,0,0,1000.0,1.6,0.0,-0.04
993,0,0,0,1000.0,1.61,0.0,-0.04
994,0,0,0,1000.0,1.62,0.0,-0.04
995,0,0,0,1000.0,1.63,0.0,-0.04
996,0,0,0,1000.0,1.64,0.0,-0.04
997,0,0,0,1000.0,1.65,0.0,-0.04
998,0,0,0,1000.0,1.66,0.0,-0.04
999,0,0,0,1000.0,1.67,0.0,-0.04
1000,0,0,0,1000.0,1.68,0.0,-0.04
1001,0,0,0,1000.0,1.69,0.0,-0.04
1002,0,0,0,1000.0,1.7,0.0,-0.04
1003,0,0,0,1000.0,1.71,0.0,-0.04
1004,0,0,0,1000.0,1.72,0.0,-0.04
1005,0,0,0,1000.0,1.73,0.0,-0.04
1006,0,0,0,1000.0,1.74,0.0,-0.04
1007,0,0,0,1000.0,1.75,0.0,-0.04
1008,0,0,0,1000.0,1.76,0.0,-0.04
1009,0,0,0,1000.0,1.77,0.0,-0.04
1010,0,0,0,1000.0,1.78,0.0,-0.04
1011,0,0,0,1000.0,1.79,0.0,-0.04
1012,0,0,0,1000.0,1.8,0.0,-0.04
1013,0,0,0,1000.0,1.81,0.0,-0.04
1014,0,0,0,1000.0,1.82,0.0,-0.04
1015,0,0,0,1000.0,1.83,0.0,-0.04
1016,0,0,0,1000.0,1.84,0.0,-0.04
1017,0,0,0,1000.0,1.85,0.0,-0.04
1018,0,0,0,1000.0,1.86,0.0,-0.04
1019,0,0,0,1000.0,1.87,0.0,-0.04
1020,0,0,0,1000.0,1.88,0.0,-0.04
1021,0,0,0,1000.0,1.89,0.0,-0.04
1022,0,0,0,1000.0,1.9,0.0,-0.04
1023,0,0,0,1000.0,1.91,0.0,-0.04
1024,0,0,0,1000.0,1.92,0.0,-0.04
1025,0,0,0,1000.0,1.93,0.0,-0.04
1026,0,0,0,1000.0,1.94,0.0,-0.04
1027,0,0,0,1000.0,1.95,0.0,-0.04
1028,0,0,0,1000.0,1.96,0.0,-0.04
1029,0,0,0,1000.0,1.97,0.0,-0.04
1030,0,0,0,1000.0,1.98,0.0,-0.04
1031,0,0,0,1000.0,1.99,0.0,-0.04
1032,0,0,0,1000.0,2.0,0.0,-0.04
1033,0,0,0,1000.0,2.01,0.0,-0.04
1034,0,0,0,1000.0,2.02,0.0,-0.04
1035,0,0,0,1000.0,2.03,0.0,-0.04
1036,0,0,0,1000.0,2.04,0.0,-0.04
1037,0,0,0,1000.0,2.05,0.0,-0.04
1038,0,0,0,1000.0,2.06,0.0,-0.04
1039,0,0,0,1000.0,2.07,0.0,-0.04
1040,0,0,0,1000.0,2.08,0.0,-0.04
1041,0,0,0,1000.0,2.09,0.0,-0.04
1042,0,0,0,1000.0,2.1,0.0,-0.04
1043,0,0,0,1000.0,2.11,0.0,-0.04
1044,0,0,0,1000.0,2.12,0.0,-0.04
1045,0,0,0,1000.0,2.13,0.0,-0.04
1046,0,0,0,1000.0,2.14,0.0,-0.04
1047,0,0,0,1000.0,2.15,0.0,-0.04
1048,0,0,0,1000.0,2.16,0.0,-0.04
1049,0,0,0,1000.0,2.17,0.0,-0.04
1050,0,0,0,1000.0,2.18,0.0,-0.04
1051,0,0,0,1000.0,2.19,0.0,-0.04
1052,0,0,0,1000.0,2.2,0.0,-0.04
1053,0,0,0,1000.0,2.21,0.0,-0.04
1054,0,0,0,1000.0,2.22,0.0,-0.04
1055,0,0,0,1000.0,2.23,0.0,-0.04
1056,0,0,0,1000.0,2.24,0.0,-0.04
1057,0,0,0,1000.0,2.25,0.0,-0.04
1058,0,0,0,1000.0,2.26,0.0,-0.04
1059,0,0,0,1000.0,2.27,0.0,-0.04
1060,0,0,0,1000.0,2.28,0.0,-0.04
1061,0,0,0,1000.0,2.29,0.0,-0.04
1062,0,0,0,1000.0,2.3,0.0,-0.04
1063,0,0,0,1000.0,2.31,0.0,-0.04
1064,0,0,0,1000.0,2.32,0.0,-0.04
1065,0,0,0,1000.0,2.33,0.0,-0.04
1066,0,0,0,1000.0,2.34,0.0,-0.04
1067,0,0,0,1000.0,2.35,0.0,-0.04
1068,0,0,0,1000.0,2.36,0.0,-0.04
1069,0,0,0,1000.0,2.37,0.0,-0.04
1070,0,0,0,1000.0,2.38,0.0,-0.04
1071,0,0,0,1000.0,2.39,0.0,-0.04
1072,0,0,0,1000.0,2.4,0.0,-0.04
1073,0,0,0,1000.0,2.41,0.0,-0.04
1074,0,0,0,1000.0,2.42,0.0,-0.04
1075,0,0,0,1000.0,2.43,0.0,-0.04
1076,0,0,0,1000.0,2.44,0.0,-0.04
1077,0,0,0,1000.0,2.45,0.0,-0.04
1078,0,0,0,1000.0,2.46,0.0,-0.04
1079,0,0,0,1000.0,2.47,0.0,-0.04
1080,0,0,0,1000.0,2.48,0.0,-0.04
1081,0,0,0,1000.0,2.49,0.0,-0.04
1082,0,0,0,1000.0,2.5,0.0,-0.04
1083,0,0,0,1000.0,2.51,0.0,-0.04
1084,0,0,0,1000.0,2.52,0.0,-0.04
1085,0,0,0,1000.0,2.53,0.0,-0.04
1086,0,0,0,1000.0,2.54,0.0,-0.04
1087,0,0,0,1000.0,2.55,0.0,-0.04
1088,0,0,0,1000.0,2.56,0.0,-0.04
1089,0,0,0,1000.0,2.57,0.0,-0.04
1090,0,0,0,1000.0,2.58,0.0,-0.04
1091,0,0,0,1000.0,2.59,0.0,-0.04
1092,0,0,0,1000.0,2.6,0.0,-0.04
1093,0,0,0,1000.0,2.61,0.0,-0.04
1094,0,0,0,1000.0,2.62,0.0,-0.04
1095,0,0,0,1000.0,2.63,0.0,-0.04
1096,0,0,0,1000.0,2.64,0.0,-0.04
1097,0,0,0,1000.0,2.65,0.0,-0.04
1098,0,0,0,1000.0,2.66,0.0,-0.04
1099,0,0,0,1000.0,2.67,0.0,-0.04
1100,0,0,0,1000.0,2.68,0.0,-0.04
1101,0,0,0,1000.0,2.69,0.0,-0.04
1102,0,0,0,1000.0,2.7,0.0,-0.04
1103,0,0,0,1000.0,2.71,0.0,-0.04
1104,0,0,0,1000.0,2.72,0.0,-0.04
1105,0,0,0,1000.0,2.73,0.0,-0.04
1106,0,0,0,1000.0,2.74,0.0,-0.04
1107,0,0,0,1000.0,2.75,0.0,-0.04
1108,0,0,0,1000.0,2.76,0.0,-0.04
1109,0,0,0,1000.0,2.77,0.0,-0.04
1110,0,0,0,1000.0,2.78,0.0,-0.04
1111,0,0,0,1000.0,2.79,0.0,-0.04
1112,0,0,0,1000.0,2.8,0.0,-0.04
1113,0,0,0,1000.0,2.81,0.0,-0.04
1114,0,0,0,1000.0,2.82,0.0,-0.04
1115,0,0,0,1000.0,2.83,0.0,-0.04
1116,0,0,0,1000.0,2.84,0.0,-0.04
1117,0,0,0,1000.0,2.85,0.0,-0.04
1118,0,0,0,1000.0,2.86,0.0,-0.04
1119,0,0,0,1000.0,2.87,0.0,-0.04
1120,0,0,0,1000.0,2.88,0.0,-0.04
1121,0,0,0,1000.0,2.89,0.0,-0.04
1122,0,0,0,1000.0,2.9,0.0,-0.04
1123,0,0,0,1000.0,2.91,0.0,-0.04
1124,0,0,0,1000.0,2.92,0.0,-0.04
1125,0,0,0,1000.0,2.93,0.0,-0.04
1126,0,0,0,1000.0,2.94,0.0,-0.04
1127,0,0,0,1000.0,2.95,0.0,-0.04
1128,0,0,0,1000.0,2.96,0.0,-0.04
1129,0,0,0,1000.0,2.97,0.0,-0.04
1130,0,0,0,1000.0,2.98,0.0,-0.04
1131,0,0,0,1000.0,2.99,0.0,-0.04
1132,0,0,0,1000.0,3.0,0.0,-0.04
1133,0,0,0,1000.0,3.01,0.0,-0.04
1134,0,0,0,1000.0,3.02,0.0,-0.04
1135,0,0,0,1000.0,3.03,0.0,-0.04
1136,0,0,0,1000.0,3.04,0.0,-0.04
1137,0,0,0,1000.0,3.05,0.0,-0.04
1138,0,0,0,1000.0,3.06,0.0,-0.04
1139,0,0,0,1000.0,3.07,0.0,-0.04
1140,0,0,0,1000.0,3.08,0.0,-0.04
1141,0,0,0,1000.0,3.09,0.0,-0.04
1142,0,0,0,1000.0,3.1,0.0,-0.04
1143,0,0,0,1000.0,3.11,0.0,-0.04
1144,0,0,0,1000.0,3.12,0.0,-0.04
1145,0,0,0,1000.0,3.13,0.0,-0.04
1146,0,0,0,1000.0,3.14,0.0,-0.04
1147,0,0,0,1000.0,3.15,0.0,-0.04
1148,0,0,0,1000.0,3.16,0.0,-0.04
1149,0,0,0,1000.0,3.17,0.0,-0.04
1150,0,0,0,1000.0,3.18,0.0,-0.04
1151,0,0,0,1000.0,3.19,0.0,-0.04
1152,0,0,0,1000.0,3.2,0.0,-0.04
1153,0,0,0,1000.0,3.21,0.0,-0.04
1154,0,0,0,1000.0,3.22,0.0,-0.04
1155,0,0,0,1000.0,3.23,0.0,-0.04
1156,0,0,0,1000.0,3.24,0.0,-0.04
1157,0,0,0,1000.0,3.25,0.0,-0.04
1158,0,0,0,1000.0,3.26,0.0,-0.04
1159,0,0,0,1000.0,3.27,0.0,-0.04
1160,0,0,0,1000.0,3.28,0.0,-0.04
1161,0,0,0,1000.0,3.29,0.0,-0.04
1162,0,0,0,1000.0,3.3,0.0,-0.04
1163,0,0,0,1000.0,3.31,0.0,-0.04
1164,0,0,0,1000.0,3.32,0.0,-0.04
1165,0,0,0,1000.0,3.33,0.0,-0.04
1166,0,0,0,1000.0,3.34,0.0,-0.04
1167,0,0,0,1000.0,3.35,0.0,-0.04
1168,0,0,0,1000.0,3.36,0.0,-0.04
1169,0,0,0,1000.0,3.37,0.0,-0.04
1170,0,0,0,1000.0,3.38,0.0,-0.04
1171,0,0,0,1000.0,3.39,0.0,-0.04
1172,0,0,0,1000.0,3.4,0.0,-0.04
1173,0,0,0,1000.0,3.41,0.0,-0.04
1174,0,0,0,1000.0,3.42,0.0,-0.04
1175,0,0,0,1000.0,3.43,0.0,-0.04
1176,0,0,0,1000.0,3.44,0.0,-0.04
1177,0,0,0,1000.0,3.45,0.0,-0.04
1178,0,0,0,1000.0,3.46,0.0,-0.04
1179,0,0,0,1000.0,3.47,0.0,-0.04
1180,0,0,0,1000.0,3.48,0.0,-0.04
1181,0,0,0,1000.0,3.49,0.0,-0.04
1182,0,0,0,1000.0,3.5,0.0,-0.04
1183,0,0,0,1000.0,3.51,0.0,-0.04
1184,0,0,0,1000.0,3.52,0.0,-0.04
1185,0,0,0,1000.0,3.53,0.0,-0.04
1186,0,0,0,1000.0,3.54,0.0,-0.04
1187,0,0,0,1000.0,3.55,0.0,-0.04
1188,0,0,0,1000.0,3.56,0.0,-0.04
1189,0,0,0,1000.0,3.57,0.0,-0.04
1190,0,0,0,1000.0,3.58,0.0,-0.04
1191,0,0,0,1000.0,3.59,0.0,-0.04
1192,0,0,0,1000.0,3.6,0.0,-0.04
1193,0,0,0,1000.0,3.61,0.0,-0.04
1194,0,0,0,1000.0,3.62,0.0,-0.04
1195,0,0,0,1000.0,3.63,0.0,-0.04
1196,0,0,0,1000.0,3.64,0.0,-0.04
1197,0,0,0,1000.0,3.65,0.0,-0.04
1198,0,0,0,1000.0,3.66,0.0,-0.04
1199,0,0,0,1000.0,3.67,0.0,-0.04
1200,0,0,0,1000.0,3.68,0.0,-0.04
1201,0,0,0,1000.0,3.69,0.0,-0.04
1202,0,0,0,1000.0,3.7,0.0,-0.04
1203,0,0,0,1000.0,3.71,0.0,-0.04
1204,0,0,0,1000.0,3.72,0.0,-0.04
1205,0,0,0,1000.0,3.73,0.0,-0.04
1206,0,0,0,1000.0,3.74,0.0,-0.04
1207,0,0,0,1000.0,3.75,0.0,-0.04
1208,0,0,0,1000.0,3.76,0.0,-0.04
1209,0,0,0,1000.0,3.77,0.0,-0.04
1210,0,0,0,1000.0,3.78,0.0,-0.04
1211,0,0,0,1000.0,3.79,0.0,-0.04
1212,0,0,0,1000.0,3.8,0.0,-0.04
1213,0,0,0,1000.0,3.81,0.0,-0.04
1214,0,0,0,1000.0,3.82,0.0,-0.04
1215,0,0,0,1000.0,3.83,0.0,-0.04
1216,0,0,0,1000.0,3.84,0.0,-0.04
1217,0,0,0,1000.0,3.85,0.0,-0.04
1218,0,0,0,1000.0,3.86,0.0,-0.04
1219,0,0,0,1000.0,3.87,0.0,-0.04
1220,0,0,0,1000.0,3.88,0.0,-0.04
1221,0,0,0,1000.0,3.89,0.0,-0.04
1222,0,0,0,1000.0,3.9,0.0,-0.04
1223,0,0,0,1000.0,3.91,0.0,-0.04
1224,0,0,0,1000.0,3.92,0.0,-0.04
1225,0,0,0,1000.0,3.93,0.0,-0.04
1226,0,0,0,1000.0,3.94,0.0,-0.04
1227,0,0,0,1000.0,3.95,0.0,-0.04
1228,0,0,0,1000.0,3.96,0.0,-0.04
1229,0,0,0,1000.0,3.97,0.0,-0.04
1230,0,0,0,1000.0,3.98,0.0,-0.04
1231,0,0,0,1000.0,3.99,0.0,-0.04
1232,0,0,0,1000.0,4.0,0.0,-0.04
1233,0,0,0,1000.0,4.01,0.0,-0.04
1234,0,0,0,1000.0,4.02,0.0,-0.04
1235,0,0,0,1000.0,4.03,0.0,-0.04
1236,0,0,0,1000.0,4.04,0.0,-0.04
1237,0,0,0,1000.0,4.05,0.0,-0.04
1238,0,0,0,1000.0,4.06,0.0,-0.04
1239,0,0,0,1000.0,-0.06,0.0,-0.03
1240,0,0,0,1000.0,-0.05,0.0,-0.03
1241,0,0,0,1000.0,-0.04,0.0,-0.03
1242,0,0,0,1000.0,-0.03,0.0,-0.03
1243,0,0,0,1000.0,-0.02,0.0,-0.03
1244,0,0,0,1000.0,-0.01,0.0,-0.03
1245,0,0,0,1000.0,0.0,0.0,-0.03
1246,0,0,0,1000.0,0.01,0.0,-0.03
1247,0,0,0,1000.0,0.02,0.0,-0.03
1248,0,0,0,1000.0,0.03,0.0,-0.03
1249,0,0,0,1000.0,0.04,0.0,-0.03
1250,0,0,0,1000.0,0.05,0.0,-0.03
1251,0,0,0,1000.0,0.06,0.0,-0.03
1252,0,0,0,1000.0,0.07,0.0,-0.03
1253,0,0,0,1000.0,0.08,0.0,-0.03
1254,0,0,0,1000.0,0.09,0.0,-0.03
1255,0,0,0,1000.0,0.1,0.0,-0.03
1256,0,0,0,1000.0,0.11,0.0,-0.03
1257,0,0,0,1000.0,0.12,0.0,-0.03
1258,0,0,0,1000.0,0.13,0.0,-0.03
1259,0,0,0,1000.0,0.14,0.0,-0.03
1260,0,0,0,1000.0,0.15,0.0,-0.03
1261,0,0,0,1000.0,0.16,0.0,-0.03
1262,0,0,0,1000.0,0.17,0.0,-0.03
1263,0,0,0,1000.0,0.18,0.0,-0.03
1264,0,0,0,1000.0,0.19,0.0,-0.03
1265,0,0,0,1000.0,0.2,0.0,-0.03
1266,0,0,0,1000.0,0.21,0.0,-0.03
1267,0,0,0,1000.0,0.22,0.0,-0.03
1268,0,0,0,1000.0,0.23,0.0,-0.03
1269,0,0,0,1000.0,0.24,0.0,-0.03
1270,0,0,0,1000.0,0.25,0.0,-0.03
1271,0,0,0,1000.0,0.26,0.0,-0.03
1272,0,0,0,1000.0,0.27,0.0,-0.03
1273,0,0,0,1000.0,0.28,0.0,-0.03
1274,0,0,0,1000.0,0.29,0.0,-0.03
1275,0,0,0,1000.0,0.3,0.0,-0.03
1276,0,0,0,1000.0,0.31,0.0,-0.03
1277,0,0,0,1000.0,0.32,0.0,-0.03
1278,0,0,0,1000.0,0.33,0.0,-0.03
1279,0,0,0,1000.0,0.34,0.0,-0.03
1280,0,0,0,1000.0,0.35,0.0,-0.03
1281,0,0,0,1000.0,0.36,0.0,-0.03
1282,0,0,0,1000.0,0.37,0.0,-0.03
1283,0,0,0,1000.0,0.38,0.0,-0.03
1284,0,0,0,1000.0,0.39,0.0,-0.03
1285,0,0,0,1000.0,0.4,0.0,-0.03
1286,0,0,0,1000.0,0.41,0.0,-0.03
1287,0,0,0,1000.0,0.42,0.0,-0.03
1288,0,0,0,1000.0,0.43,0.0,-0.03
1289,0,0,0,1000.0,0.44,0.0,-0.03
1290,0,0,0,1000.0,0.45,0.0,-0.03
1291,0,0,0,1000.0,0.46,0.0,-0.03
1292,0,0,0,1000.0,0.47,0.0,-0.03
1293,0,0,0,1000.0,0.48,0.0,-0.03
1294,0,0,0,1000.0,0.49,0.0,-0.03
1295,0,0,0,1000.0,0.5,0.0,-0.03
1296,0,0,0,1000.0,0.51,0.0,-0.03
1297,0,0,0,1000.0,0.52,0.0,-0.03
1298,0,0,0,1000.0,0.53,0.0,-0.03
1299,0,0,0,1000.0,0.54,0.0,-0.03
1300,0,0,0,1000.0,0.55,0.0,-0.03
1301,0,0,0,1000.0,0.56,0.0,-0.03
1302,0,0,0,1000.0,0.57,0.0,-0.03
1303,0,0,0,1000.0,0.58,0.0,-0.03
1304,0,0,0,1000.0,0.59,0.0,-0.03
1305,0,0,0,1000.0,0.6,0.0,-0.03
1306,0,0,0,1000.0,0.61,0.0,-0.03
1307,0,0,0,1000.0,0.62,0.0,-0.03
1308,0,0,0,1000.0,0.63,0.0,-0.03
1309,0,0,0,1000.0,0.64,0.0,-0.03
1310,0,0,0,1000.0,0.65,0.0,-0.03
1311,0,0,0,1000.0,0.66,0.0,-0.03
1312,0,0,0,1000.0,0.67,0.0,-0.03
1313,0,0,0,1000.0,0.68,0.0,-0.03
1314,0,0,0,1000.0,0.69,0.0,-0.03
1315,0,0,0,1000.0,0.7,0.0,-0.03
1316,0,0,0,1000.0,0.71,0.0,-0.03
1317,0,0,0,1000.0,0.72,0.0,-0.03
1318,0,0,0,1000.0,0.73,0.0,-0.03
1319,0,0,0,1000.0,0.74,0.0,-0.03
1320,0,0,0,1000.0,0.75,0.0,-0.03
1321,0,0,0,1000.0,0.76,0.0,-0.03
1322,0,0,0,1000.0,0.77,0.0,-0.03
1323,0,0,0,1000.0,0.78,0.0,-0.03
1324,0,0,0,1000.0,0.79,0.0,-0.03
1325,0,0,0,1000.0,0.8,0.0,-0.03
1326,0,0,0,1000.0,0.81,0.0,-0.03
1327,0,0,0,1000.0,0.82,0.0,-0.03
1328,0,0,0,1000.0,0.83,0.0,-0.03
1329,0,0,0,1000.0,0.84,0.0,-0.03
1330,0,0,0,1000.0,0.85,0.0,-0.03
1331,0,0,0,1000.0,0.86,0.0,-0.03
1332,0,0,0,1000.0,0.87,0.0,-0.03
1333,0,0,0,1000.0,0.88,0.0,-0.03
1334,0,0,0,1000.0,0.89,0.0,-0.03
1335,0,0,0,1000.0,0.9,0.0,-0.03
1336,0,0,0,1000.0,0.91,0.0,-0.03
1337,0,0,0,1000.0,0.92,0.0,-0.03
1338,0,0,0,1000.0,0.93,0.0,-0.03
1339,0,0,0,1000.0,0.94,0.0,-0.03
1340,0,0,0,1000.0,0.95,0.0,-0.03
1341,0,0,0,1000.0,0.96,0.0,-0.03
1342,0,0,0,1000.0,0.97,0.0,-0.03
1343,0,0,0,1000.0,0.98,0.0,-0.03
1344,0,0,0,1000.0,0.99,0.0,-0.03
1345,0,0,0,1000.0,1.0,0.0,-0.03
1346,0,0,0,1000.0,1.01,0.0,-0.03
1347,0,0,0,1000.0,1.02,0.0,-0.03
1348,0,0,0,1000.0,1.03,0.0,-0.03
1349,0,0,0,1000.0,1.04,0.0,-0.03
1350,0,0,0,1000.0,1.05,0.0,-0.03
1351,0,0,0,1000.0,1.06,0.0,-0.03
1352,0,0,0,1000.0,1.07,0.0,-0.03
1353,0,0,0,1000.0,1.08,0.0,-0.03
1354,0,0,0,1000.0,1.09,0.0,-0.03
1355,0,0,0,1000.0,1.1,0.0,-0.03
1356,0,0,0,1000.0,1.11,0.0,-0.03
1357,0,0,0,1000.0,1.12,0.0,-0.03
1358,0,0,0,1000.0,1.13,0.0,-0.03
1359,0,0,0,1000.0,1.14,0.0,-0.03
1360,0,0,0,1000.0,1.15,0.0,-0.03
1361,0,0,0,1000.0,1.16,0.0,-0.03
1362,0,0,0,1000.0,1.17,0.0,-0.03
1363,0,0,0,1000.0,1.18,0.0,-0.03
1364,0,0,0,1000.0,1.19,0.0,-0.03
1365,0,0,0,1000.0,1.2,0.0,-0.03
1366,0,0,0,1000.0,1.21,0.0,-0.03
1367,0,0,0,1000.0,1.22,0.0,-0.03
1368,0,0,0,1000.0,1.23,0.0,-0.03
1369,0,0,0,1000.0,1.24,0.0,-0.03
1370,0,0,0,1000.0,1.25,0.0,-0.03
1371,0,0,0,1000.0,1.26,0.0,-0.03
1372,0,0,0,1000.0,1.27,0.0,-0.03
1373,0,0,0,1000.0,1.28,0.0,-0.03
1374,0,0,0,1000.0,1.29,0.0,-0.03
1375,0,0,0,1000.0,1.3,0.0,-0.03
1376,0,0,0,1000.0,1.31,0.0,-0.03
1377,0,0,0,1000.0,1.32,0.0,-0.03
1378,0,0,0,1000.0,1.33,0.0,-0.03
1379,0,0,0,1000.0,1.34,0.0,-0.03
1380,0,0,0,1000.0,1.35,0.0,-0.03
1381,0,0,0,1000.0,1.36,0.0,-0.03
1382,0,0,0,1000.0,1.37,0.0,-0.03
1383,0,0,0,1000.0,1.38,0.0,-0.03
1384,0,0,0,1000.0,1.39,0.0,-0.03
1385,0,0,0,1000.0,1.4,0.0,-0.03
1386,0,0,0,1000.0,1.41,0.0,-0.03
1387,0,0,0,1000.0,1.42,0.0,-0.03
1388,0,0,0,1000.0,1.43,0.0,-0.03
1389,0,0,0,1000.0,1.44,0.0,-0.03
1390,0,0,0,1000.0,1.45,0.0,-0.03
1391,0,0,0,1000.0,1.46,0.0,-0.03
1392,0,0,0,1000.0,1.47,0.0,-0.03
1393,0,0,0,1000.0,1.48,0.0,-0.03
1394,0,0,0,1000.0,1.49,0.0,-0.03
1395,0,0,0,1000.0,1.5,0.0,-0.03
1396,0,0,0,1000.0,1.51,0.0,-0.03
1397,0,0,0,1000.0,1.52,0.0,-0.03
1398,0,0,0,1000.0,1.53,0.0,-0.03
1399,0,0,0,1000.0,1.54,0.0,-0.03
1400,0,0,0,1000.0,1.55,0.0,-0.03
1401,0,0,0,1000.0,1.56,0.0,-0.03
1402,0,0,0,1000.0,1.57,0.0,-0.03
1403,0,0,0,1000.0,1.58,0.0,-0.03
1404,0,0,0,1000.0,1.59,0.0,-0.03
1405,0,0,0,1000.0,1.6,0.0,-0.03
1406,0,0,0,1000.0,1.61,0.0,-0.03
1407,0,0,0,1000.0,1.62,0.0,-0.03
1408,0,0,0,1000.0,1.63,0.0,-0.03
1409,0,0,0,1000.0,1.64,0.0,-0.03
1410,0,0,0,1000.0,1.65,0.0,-0.03
1411,0,0,0,1000.0,1.66,0.0,-0.03
1412,0,0,0,1000.0,1.67,0.0,-0.03
1413,0,0,0,1000.0,1.68,0.0,-0.03
1414,0,0,0,1000.0,1.69,0.0,-0.03
1415,0,0,0,1000.0,1.7,0.0,-0.03
1416,0,0,0,1000.0,1.71,0.0,-0.03
1417,0,0,0,1000.0,1.72,0.0,-0.03
1418,0,0,0,1000.0,1.73,0.0,-0.03
1419,0,0,0,1000.0,1.74,0.0,-0.03
1420,0,0,0,1000.0,1.75,0.0,-0.03
1421,0,0,0,1000.0,1.76,0.0,-0.03
1422,0,0,0,1000.0,1.77,0.0,-0.03
1423,0,0,0,1000.0,1.78,0.0,-0.03
1424,0,0,0,1000.0,1.79,0.0,-0.03
1425,0,0,0,1000.0,1.8,0.0,-0.03
1426,0,0,0,1000.0,1.81,0.0,-0.03
1427,0,0,0,1000.0,1.82,0.0,-0.03
1428,0,0,0,1000.0,1.83,0.0,-0.03
1429,0,0,0,1000.0,1.84,0.0,-0.03
1430,0,0,0,1000.0,1.85,0.0,-0.03
1431,0,0,0,1000.0,1.86,0.0,-0.03
1432,0,0,0,1000.0,1.87,0.0,-0.03
1433,0,0,0,1000.0,1.88,0.0,-0.03
1434,0,0,0,1000.0,1.89,0.0,-0.03
1435,0,0,0,1000.0,1.9,0.0,-0.03
1436,0,0,0,1000.0,1.91,0.0,-0.03
1437,0,0,0,1000.0,1.92,0.0,-0.03
1438,0,0,0,1000.0,1.93,0.0,-0.03
1439,0,0,0,1000.0,1.94,0.0,-0.03
1440,0,0,0,1000.0,1.95,0.0,-0.03
1441,0,0,0,1000.0,1.96,0.0,-0.03
1442,0,0,0,1000.0,1.97,0.0,-0.03
1443,0,0,0,1000.0,1.98,0.0,-0.03
1444,0,0,0,1000.0,1.99,0.0,-0.03
1445,0,0,0,1000.0,2.0,0.0,-0.03
1446,0,0,0,1000.0,2.01,0.0,-0.03
1447,0,0,0,1000.0,2.02,0.0,-0.03
1448,0,0,0,1000.0,2.03,0.0,-0.03
1449,0,0,0,1000.0,2.04,0.0,-0.03
1450,0,0,0,1000.0,2.05,0.0,-0.03
1451,0,0,0,1000.0,2.06,0.0,-0.03
1452,0,0,0,1000.0,2.07,0.0,-0.03
1453,0,0,0,1000.0,2.08,0.0,-0.03
1454,0,0,0,1000.0,2.09,0.0,-0.03
1455,0,0,0,1000.0,2.1,0.0,-0.03
1456,0,0,0,1000.0,2.11,0.0,-0.03
1457,0,0,0,1000.0,2.12,0.0,-0.03
1458,0,0,0,1000.0,2.13,0.0,-0.03
1459,0,0,0,1000.0,2.14,0.0,-0.03
1460,0,0,0,1000.0,2.15,0.0,-0.03
1461,0,0,0,1000.0,2.16,0.0,-0.03
1462,0,0,0,1000.0,2.17,0.0,-0.03
1463,0,0,0,1000.0,2.18,0.0,-0.03
1464,0,0,0,1000.0,2.19,0.0,-0.03
1465,0,0,0,1000.0,2.2,0.0,-0.03
1466,0,0,0,1000.0,2.21,0.0,-0.03
1467,0,0,0,1000.0,2.22,0.0,-0.03
1468,0,0,0,1000.0,2.23,0.0,-0.03
1469,0,0,0,1000.0,2.24,0.0,-0.03
1470,0,0,0,1000.0,2.25,0.0,-0.03
1471,0,0,0,1000.0,2.26,0.0,-0.03
1472,0,0,0,1000.0,2.27,0.0,-0.03
1473,0,0,0,1000.0,2.28,0.0,-0.03
1474,0,0,0,1000.0,2.29,0.0,-0.03
1475,0,0,0,1000.0,2.3,0.0,-0.03
1476,0,0,0,1000.0,2.31,0.0,-0.03
1477,0,0,0,1000.0,2.32,0.0,-0.03
1478,0,0,0,1000.0,2.33,0.0,-0.03
1479,0,0,0,1000.0,2.34,0.0,-0.03
1480,0,0,0,1000.0,2.35,0.0,-0.03
1481,0,0,0,1000.0,2.36,0.0,-0.03
1482,0,0,0,1000.0,2.37,0.0,-0.03
1483,0,0,0,1000.0,2.38,0.0,-0.03
1484,0,0,0,1000.0,2.39,0.0,-0.03
1485,0,0,0,1000.0,2.4,0.0,-0.03
1486,0,0,0,1000.0,2.41,0.0,-0.03
1487,0,0,0,1000.0,2.42,0.0,-0.03
1488,0,0,0,1000.0,2.43,0.0,-0.03
1489,0,0,0,1000.0,2.44,0.0,-0.03
1490,0,0,0,1000.0,2.45,0.0,-0.03
1491,0,0,0,1000.0,2.46,0.0,-0.03
1492,0,0,0,1000.0,2.47,0.0,-0.03
1493,0,0,0,1000.0,2.48,0.0,-0.03
1494,0,0,0,1000.0,2.49,0.0,-0.03
1495,0,0,0,1000.0,2.5,0.0,-0.03
1496,0,0,0,1000.0,2.51,0.0,-0.03
1497,0,0,0,1000.0,2.52,0.0,-0.03
1498,0,0,0,1000.0,2.53,0.0,-0.03
1499,0,0,0,1000.0,2.54,0.0,-0.03
1500,0,0,0,1000.0,2.55,0.0,-0.03
1501,0,0,0,1000.0,2.56,0.0,-0.03
1502,0,0,0,1000.0,2.57,0.0,-0.03
1503,0,0,0,1000.0,2.58,0.0,-0.03
1504,0,0,0,1000.0,2.59,0.0,-0.03
1505,0,0,0,1000.0,2.6,0.0,-0.03
1506,0,0,0,1000.0,2.61,0.0,-0.03
1507,0,0,0,1000.0,2.62,0.0,-0.03
1508,0,0,0,1000.0,2.63,0.0,-0.03
1509,0,0,0,1000.0,2.64,0.0,-0.03
1510,0,0,0,1000.0,2.65,0.0,-0.03
1511,0,0,0,1000.0,2.66,0.0,-0.03
1512,0,0,0,1000.0,2.67,0.0,-0.03
1513,0,0,0,1000.0,2.68,0.0,-0.03
1514,0,0,0,1000.0,2.69,0.0,-0.03
1515,0,0,0,1000.0,2.7,0.0,-0.03
1516,0,0,0,1000.0,2.71,0.0,-0.03
1517,0,0,0,1000.0,2.72,0.0,-0.03
1518,0,0,0,1000.0,2.73,0.0,-0.03
1519,0,0,0,1000.0,2.74,0.0,-0.03
1520,0,0,0,1000.0,2.75,0.0,-0.03
1521,0,0,0,1000.0,2.76,0.0,-0.03
1522,0,0,0,1000.0,2.77,0.0,-0.03
1523,0,0,0,1000.0,2.78,0.0,-0.03
1524,0,0,0,1000.0,2.79,0.0,-0.03
1525,0,0,0,1000.0,2.8,0.0,-0.03
1526,0,0,0,1000.0,2.81,0.0,-0.03
1527,0,0,0,1000.0,2.82,0.0,-0.03
1528,0,0,0,1000.0,2.83,0.0,-0.03
1529,0,0,0,1000.0,2.84,0.0,-0.03
1530,0,0,0,1000.0,2.85,0.0,-0.03
1531,0,0,0,1000.0,2.86,0.0,-0.03
1532,0,0,0,1000.0,2.87,0.0,-0.03
1533,0,0,0,1000.0,2.88,0.0,-0.03
1534,0,0,0,1000.0,2.89,0.0,-0.03
1535,0,0,0,1000.0,2.9,0.0,-0.03
1536,0,0,0,1000.0,2.91,0.0,-0.03
1537,0,0,0,1000.0,2.92,0.0,-0.03
1538,0,0,0,1000.0,2.93,0.0,-0.03
1539,0,0,0,1000.0,2.94,0.0,-0.03
1540,0,0,0,1000.0,2.95,0.0,-0.03
1541,0,0,0,1000.0,2.96,0.0,-0.03
1542,0,0,0,1000.0,2.97,0.0,-0.03
1543,0,0,0,1000.0,2.98,0.0,-0.03
1544,0,0,0,1000.0,2.99,0.0,-0.03
1545,0,0,0,1000.0,3.0,0.0,-0.03
1546,0,0,0,1000.0,3.01,0.0,-0.03
1547,0,0,0,1000.0,3.02,0.0,-0.03
1548,0,0,0,1000.0,3.03,0.0,-0.03
1549,0,0,0,1000.0,3.04,0.0,-0.03
1550,0,0,0,1000.0,3.05,0.0,-0.03
1551,0,0,0,1000.0,3.06,0.0,-0.03
1552,0,0,0,1000.0,3.07,0.0,-0.03
1553,0,0,0,1000.0,3.08,0.0,-0.03
1554,0,0,0,1000.0,3.09,0.0,-0.03
1555,0,0,0,1000.0,3.1,0.0,-0.03
1556,0,0,0,1000.0,3.11,0.0,-0.03
1557,0,0,0,1000.0,3.12,0.0,-0.03
1558,0,0,0,1000.0,3.13,0.0,-0.03
1559,0,0,0,1000.0,3.14,0.0,-0.03
1560,0,0,0,1000.0,3.15,0.0,-0.03
1561,0,0,0,1000.0,3.16,0.0,-0.03
1562,0,0,0,1000.0,3.17,0.0,-0.03
1563,0,0,0,1000.0,3.18,0.0,-0.03
1564,0,0,0,1000.0,3.19,0.0,-0.03
1565,0,0,0,1000.0,3.2,0.0,-0.03
1566,0,0,0,1000.0,3.21,0.0,-0.03
1567,0,0,0,1000.0,3.22,0.0,-0.03
1568,0,0,0,1000.0,3.23,0.0,-0.03
1569,0,0,0,1000.0,3.24,0.0,-0.03
1570,0,0,0,1000.0,3.25,0.0,-0.03
1571,0,0,0,1000.0,3.26,0.0,-0.03
1572,0,0,0,1000.0,3.27,0.0,-0.03
1573,0,0,0,1000.0,3.28,0.0,-0.03
1574,0,0,0,1000.0,3.29,0.0,-0.03
1575,0,0,0,1000.0,3.3,0.0,-0.03
1576,0,0,0,1000.0,3.31,0.0,-0.03
1577,0,0,0,1000.0,3.32,0.0,-0.03
1578,0,0,0,1000.0,3.33,0.0,-0.03
1579,0,0,0,1000.0,3.34,0.0,-0.03
1580,0,0,0,1000.0,3.35,0.0,-0.03
1581,0,0,0,1000.0,3.36,0.0,-0.03
1582,0,0,0,1000.0,3.37,0.0,-0.03
1583,0,0,0,1000.0,3.38,0.0,-0.03
1584,0,0,0,1000.0,3.39,0.0,-0.03
1585,0,0,0,1000.0,3.4,0.0,-0.03
1586,0,0,0,1000.0,3.41,0.0,-0.03
1587,0,0,0,1000.0,3.42,0.0,-0.03
1588,0,0,0,1000.0,3.43,0.0,-0.03
1589,0,0,0,1000.0,3.44,0.0,-0.03
1590,0,0,0,1000.0,3.45,0.0,-0.03
1591,0,0,0,1000.0,3.46,0.0,-0.03
1592,0,0,0,1000.0,3.47,0.0,-0.03
1593,0,0,0,1000.0,3.48,0.0,-0.03
1594,0,0,0,1000.0,3.49,0.0,-0.03
1595,0,0,0,1000.0,3.5,0.0,-0.03
1596,0,0,0,1000.0,3.51,0.0,-0.03
1597,0,0,0,1000.0,3.52,0.0,-0.03
1598,0,0,0,1000.0,3.53,0.0,-0.03
1599,0,0,0,1000.0,3.54,0.0,-0.03
1600,0,0,0,1000.0,3.55,0.0,-0.03
1601,0,0,0,1000.0,3.56,0.0,-0.03
1602,0,0,0,1000.0,3.57,0.0,-0.03
1603,0,0,0,1000.0,3.58,0.0,-0.03
1604,0,0,0,1000.0,3.59,0.0,-0.03
1605,0,0,0,1000.0,3.6,0.0,-0.03
1606,0,0,0,1000.0,3.61,0.0,-0.03
1607,0,0,0,1000.0,3.62,0.0,-0.03
1608,0,0,0,1000.0,3.63,0.0,-0.03
1609,0,0,0,1000.0,3.64,0.0,-0.03
1610,0,0,0,1000.0,3.65,0.0,-0.03
1611,0,0,0,1000.0,3.66,0.0,-0.03
1612,0,0,0,1000.0,3.67,0.0,-0.03
1613,0,0,0,1000.0,3.68,0.0,-0.03
1614,0,0,0,1000.0,3.69,0.0,-0.03
1615,0,0,0,1000.0,3.7,0.0,-0.03
1616,0,0,0,1000.0,3.71,0.0,-0.03
1617,0,0,0,1000.0,3.72,0.0,-0.03
1618,0,0,0,1000.0,3.73,0.0,-0.03
1619,0,0,0,1000.0,3.74,0.0,-0.03
1620,0,0,0,1000.0,3.75,0.0,-0.03
1621,0,0,0,1000.0,3.76,0.0,-0.03
1622,0,0,0,1000.0,3.77,0.0,-0.03
1623,0,0,0,1000.0,3.78,0.0,-0.03
1624,0,0,0,1000.0,3.79,0.0,-0.03
1625,0,0,0,1000.0,3.8,0.0,-0.03
1626,0,0,0,1000.0,3.81,0.0,-0.03
1627,0,0,0,1000.0,3.82,0.0,-0.03
1628,0,0,0,1000.0,3.83,0.0,-0.03
1629,0,0,0,1000.0,3.84,0.0,-0.03
1630,0,0,0,1000.0,3.85,0.0,-0.03
1631,0,0,0,1000.0,3.86,0.0,-0.03
1632,0,0,0,1000.0,3.87,0.0,-0.03
1633,0,0,0,1000.0,3.88,0.0,-0.03
1634,0,0,0,1000.0,3.89,0.0,-0.03
1635,0,0,0,1000.0,3.9,0.0,-0.03
1636,0,0,0,1000.0,3.91,0.0,-0.03
1637,0,0,0,1000.0,3.92,0.0,-0.03
1638,0,0,0,1000.0,3.93,0.0,-0.03
1639,0,0,0,1000.0,3.94,0.0,-0.03
1640,0,0,0,1000.0,3.95,0.0,-0.03
1641,0,0,0,1000.0,3.96,0.0,-0.03
1642,0,0,0,1000.0,3.97,0.0,-0.03
1643,0,0,0,1000.0,3.98,0.0,-0.03
1644,0,0,0,1000.0,3.99,0.0,-0.03
1645,0,0,0,1000.0,4.0,0.0,-0.03
1646,0,0,0,1000.0,4.01,0.0,-0.03
1647,0,0,0,1000.0,4.02,0.0,-0.03
1648,0,0,0,1000.0,4.03,0.0,-0.03
1649,0,0,0,1000.0,4.04,0.0,-0.03
1650,0,0,0,1000.0,4.05,0.0,-0.03
1651,0,0,0,1000.0,4.06,0.0,-0.03
1652,0,0,0,1000.0,-0.06,0.0,-0.02
1653,0,0,0,1000.0,-0.05,0.0,-0.02
1654,0,0,0,1000.0,-0.04,0.0,-0.02
1655,0,0,0,1000.0,-0.03,0.0,-0.02
1656,0,0,0,1000.0,-0.02,0.0,-0.02
1657,0,0,0,1000.0,-0.01,0.0,-0.02
1658,0,0,0,1000.0,0.0,0.0,-0.02
1659,0,0,0,1000.0,0.01,0.0,-0.02
1660,0,0,0,1000.0,0.02,0.0,-0.02
1661,0,0,0,1000.0,0.03,0.0,-0.02
1662,0,0,0,1000.0,0.04,0.0,-0.02
1663,0,0,0,1000.0,0.05,0.0,-0.02
1664,0,0,0,1000.0,0.06,0.0,-0.02
1665,0,0,0,1000.0,0.07,0.0,-0.02
1666,0,0,0,1000.0,0.08,0.0,-0.02
1667,0,0,0,1000.0,0.09,0.0,-0.02
1668,0,0,0,1000.0,0.1,0.0,-0.02
1669,0,0,0,1000.0,0.11,0.0,-0.02
1670,0,0,0,1000.0,0.12,0.0,-0.02
1671,0,0,0,1000.0,0.13,0.0,-0.02
1672,0,0,0,1000.0,0.14,0.0,-0.02
1673,0,0,0,1000.0,0.15,0.0,-0.02
1674,0,0,0,1000.0,0.16,0.0,-0.02
1675,0,0,0,1000.0,0.17,0.0,-0.02
1676,0,0,0,1000.0,0.18,0.0,-0.02
1677,0,0,0,1000.0,0.19,0.0,-0.02
1678,0,0,0,1000.0,0.2,0.0,-0.02
1679,0,0,0,1000.0,0.21,0.0,-0.02
1680,0,0,0,1000.0,0.22,0.0,-0.02
1681,0,0,0,1000.0,0.23,0.0,-0.02
1682,0,0,0,1000.0,0.24,0.0,-0.02
1683,0,0,0,1000.0,0.25,0.0,-0.02
1684,0,0,0,1000.0,0.26,0.0,-0.02
1685,0,0,0,1000.0,0.27,0.0,-0.02
1686,0,0,0,1000.0,0.28,0.0,-0.02
1687,0,0,0,1000.0,0.29,0.0,-0.02
1688,0,0,0,1000.0,0.3,0.0,-0.02
1689,0,0,0,1000.0,0.31,0.0,-0.02
1690,0,0,0,1000.0,0.32,0.0,-0.02
1691,0,0,0,1000.0,0.33,0.0,-0.02
1692,0,0,0,1000.0,0.34,0.0,-0.02
1693,0,0,0,1000.0,0.35,0.0,-0.02
1694,0,0,0,1000.0,0.36,0.0,-0.02
1695,0,0,0,1000.0,0.37,0.0,-0.02
1696,0,0,0,1000.0,0.38,0.0,-0.02
1697,0,0,0,1000.0,0.39,0.0,-0.02
1698,0,0,0,1000.0,0.4,0.0,-0.02
1699,0,0,0,1000.0,0.41,0.0,-0.02
1700,0,0,0,1000.0,0.42,0.0,-0.02
1701,0,0,0,1000.0,0.43,0.0,-0.02
1702,0,0,0,1000.0,0.44,0.0,-0.02
1703,0,0,0,1000.0,0.45,0.0,-0.02
1704,0,0,0,1000.0,0.46,0.0,-0.02
1705,0,0,0,1000.0,0.47,0.0,-0.02
1706,0,0,0,1000.0,0.48,0.0,-0.02
1707,0,0,0,1000.0,0.49,0.0,-0.02
1708,0,0,0,1000.0,0.5,0.0,-0.02
1709,0,0,0,1000.0,0.51,0.0,-0.02
1710,0,0,0,1000.0,0.52,0.0,-0.02
1711,0,0,0,1000.0,0.53,0.0,-0.02
1712,0,0,0,1000.0,0.54,0.0,-0.02
1713,0,0,0,1000.0,0.55,0.0,-0.02
1714,0,0,0,1000.0,0.56,0.0,-0.02
1715,0,0,0,1000.0,0.57,0.0,-0.02
1716,0,0,0,1000.0,0.58,0.0,-0.02
1717,0,0,0,1000.0,0.59,0.0,-0.02
1718,0,0,0,1000.0,0.6,0.0,-0.02
1719,0,0,0,1000.0,0.61,0.0,-0.02
1720,0,0,0,1000.0,0.62,0.0,-0.02
1721,0,0,0,1000.0,0.63,0.0,-0.02
1722,0,0,0,1000.0,0.64,0.0,-0.02
1723,0,0,0,1000.0,0.65,0.0,-0.02
1724,0,0,0,1000.0,0.66,0.0,-0.02
1725,0,0,0,1000.0,0.67,0.0,-0.02
1726,0,0,0,1000.0,0.68,0.0,-0.02
1727,0,0,0,1000.0,0.69,0.0,-0.02
1728,0,0,0,1000.0,0.7,0.0,-0.02
1729,0,0,0,1000.0,0.71,0.0,-0.02
1730,0,0,0,1000.0,0.72,0.0,-0.02
1731,0,0,0,1000.0,0.73,0.0,-0.02
1732,0,0,0,1000.0,0.74,0.0,-0.02
1733,0,0,0,1000.0,0.75,0.0,-0.02
1734,0,0,0,1000.0,0.76,0.0,-0.02
1735,0,0,0,1000.0,0.77,0.0,-0.02
1736,0,0,0,1000.0,0.78,0.0,-0.02
1737,0,0,0,1000.0,0.79,0.0,-0.02
1738,0,0,0,1000.0,0.8,0.0,-0.02
1739,0,0,0,1000.0,0.81,0.0,-0.02
1740,0,0,0,1000.0,0.82,0.0,-0.02
1741,0,0,0,1000.0,0.83,0.0,-0.02
1742,0,0,0,1000.0,0.84,0.0,-0.02
1743,0,0,0,1000.0,0.85,0.0,-0.02
1744,0,0,0,1000.0,0.86,0.0,-0.02
1745,0,0,0,1000.0,0.87,0.0,-0.02
1746,0,0,0,1000.0,0.88,0.0,-0.02
1747,0,0,0,1000.0,0.89,0.0,-0.02
1748,0,0,0,1000.0,0.9,0.0,-0.02
1749,0,0,0,1000.0,0.91,0.0,-0.02
1750,0,0,0,1000.0,0.92,0.0,-0.02
1751,0,0,0,1000.0,0.93,0.0,-0.02
1752,0,0,0,1000.0,0.94,0.0,-0.02
1753,0,0,0,1000.0,0.95,0.0,-0.02
1754,0,0,0,1000.0,0.96,0.0,-0.02
1755,0,0,0,1000.0,0.97,0.0,-0.02
1756,0,0,0,1000.0,0.98,0.0,-0.02
1757,0,0,0,1000.0,0.99,0.0,-0.02
1758,0,0,0,1000.0,1.0,0.0,-0.02
1759,0,0,0,1000.0,1.01,0.0,-0.02
1760,0,0,0,1000.0,1.02,0.0,-0.02
1761,0,0,0,1000.0,1.03,0.0,-0.02
1762,0,0,0,1000.0,1.04,0.0,-0.02
1763,0,0,0,1000.0,1.05,0.0,-0.02
1764,0,0,0,1000.0,1.06,0.0,-0.02
1765,0,0,0,1000.0,1.07,0.0,-0.02
1766,0,0,0,1000.0,1.08,0.0,-0.02
1767,0,0,0,1000.0,1.09,0.0,-0.02
1768,0,0,0,1000.0,1.1,0.0,-0.02
1769,0,0,0,1000.0,1.11,0.0,-0.02
1770,0,0,0,1000.0,1.12,0.0,-0.02
1771,0,0,0,1000.0,1.13,0.0,-0.02
1772,0,0,0,1000.0,1.14,0.0,-0.02
1773,0,0,0,1000.0,1.15,0.0,-0.02
1774,0,0,0,1000.0,1.16,0.0,-0.02
1775,0,0,0,1000.0,1.17,0.0,-0.02
1776,0,0,0,1000.0,1.18,0.0,-0.02
1777,0,0,0,1000.0,1.19,0.0,-0.02
1778,0,0,0,1000.0,1.2,0.0,-0.02
1779,0,0,0,1000.0,1.21,0.0,-0.02
1780,0,0,0,1000.0,1.22,0.0,-0.02
1781,0,0,0,1000.0,1.23,0.0,-0.02
1782,0,0,0,1000.0,1.24,0.0,-0.02
1783,0,0,0,1000.0,1.25,0.0,-0.02
1784,0,0,0,1000.0,1.26,0.0,-0.02
1785,0,0,0,1000.0,1.27,0.0,-0.02
1786,0,0,0,1000.0,1.28,0.0,-0.02
1787,0,0,0,1000.0,1.29,0.0,-0.02
1788,0,0,0,1000.0,1.3,0.0,-0.02
1789,0,0,0,1000.0,1.31,0.0,-0.02
1790,0,0,0,1000.0,1.32,0.0,-0.02
1791,0,0,0,1000.0,1.33,0.0,-0.02
1792,0,0,0,1000.0,1.34,0.0,-0.02
1793,0,0,0,1000.0,1.35,0.0,-0.02
1794,0,0,0,1000.0,1.36,0.0,-0.02
1795,0,0,0,1000.0,1.37,0.0,-0.02
1796,0,0,0,1000.0,1.38,0.0,-0.02
1797,0,0,0,1000.0,1.39,0.0,-0.02
1798,0,0,0,1000.0,1.4,0.0,-0.02
1799,0,0,0,1000.0,1.41,0.0,-0.02
1800,0,0,0,1000.0,1.42,0.0,-0.02
1801,0,0,0,1000.0,1.43,0.0,-0.02
1802,0,0,0,1000.0,1.44,0.0,-0.02
1803,0,0,0,1000.0,1.45,0.0,-0.02
1804,0,0,0,1000.0,1.46,0.0,-0.02
1805,0,0,0,1000.0,1.47,0.0,-0.02
1806,0,0,0,1000.0,1.48,0.0,-0.02
1807,0,0,0,1000.0,1.49,0.0,-0.02
1808,0,0,0,1000.0,1.5,0.0,-0.02
1809,0,0,0,1000.0,1.51,0.0,-0.02
1810,0,0,0,1000.0,1.52,0.0,-0.02
1811,0,0,0,1000.0,1.53,0.0,-0.02
1812,0,0,0,1000.0,1.54,0.0,-0.02
1813,0,0,0,1000.0,1.55,0.0,-0.02
1814,0,0,0,1000.0,1.56,0.0,-0.02
1815,0,0,0,1000.0,1.57,0.0,-0.02
1816,0,0,0,1000.0,1.58,0.0,-0.02
1817,0,0,0,1000.0,1.59,0.0,-0.02
1818,0,0,0,1000.0,1.6,0.0,-0.02
1819,0,0,0,1000.0,1.61,0.0,-0.02
1820,0,0,0,1000.0,1.62,0.0,-0.02
1821,0,0,0,1000.0,1.63,0.0,-0.02
1822,0,0,0,1000.0,1.64,0.0,-0.02
1823,0,0,0,1000.0,1.65,0.0,-0.02
1824,0,0,0,1000.0,1.66,0.0,-0.02
1825,0,0,0,1000.0,1.67,0.0,-0.02
1826,0,0,0,1000.0,1.68,0.0,-0.02
1827,0,0,0,1000.0,1.69,0.0,-0.02
1828,0,0,0,1000.0,1.7,0.0,-0.02
1829,0,0,0,1000.0,1.71,0.0,-0.02
1830,0,0,0,1000.0,1.72,0.0,-0.02
1831,0,0,0,1000.0,1.73,0.0,-0.02
1832,0,0,0,1000.0,1.74,0.0,-0.02
1833,0,0,0,1000.0,1.75,0.0,-0.02
1834,0,0,0,1000.0,1.76,0.0,-0.02
1835,0,0,0,1000.0,1.77,0.0,-0.02
1836,0,0,0,1000.0,1.78,0.0,-0.02
1837,0,0,0,1000.0,1.79,0.0,-0.02
1838,0,0,0,1000.0,1.8,0.0,-0.02
1839,0,0,0,1000.0,1.81,0.0,-0.02
1840,0,0,0,1000.0,1.82,0.0,-0.02
1841,0,0,0,1000.0,1.83,0.0,-0.02
1842,0,0,0,1000.0,1.84,0.0,-0.02
1843,0,0,0,1000.0,1.85,0.0,-0.02
1844,0,0,0,1000.0,1.86,0.0,-0.02
1845,0,0,0,1000.0,1.87,0.0,-0.02
1846,0,0,0,1000.0,1.88,0.0,-0.02
1847,0,0,0,1000.0,1.89,0.0,-0.02
1848,0,0,0,1000.0,1.9,0.0,-0.02
1849,0,0,0,1000.0,1.91,0.0,-0.02
1850,0,0,0,1000.0,1.92,0.0,-0.02
1851,0,0,0,1000.0,1.93,0.0,-0.02
1852,0,0,0,1000.0,1.94,0.0,-0.02
1853,0,0,0,1000.0,1.95,0.0,-0.02
1854,0,0,0,1000.0,1.96,0.0,-0.02
1855,0,0,0,1000.0,1.97,0.0,-0.02
1856,0,0,0,1000.0,1.98,0.0,-0.02
1857,0,0,0,1000.0,1.99,0.0,-0.02
1858,0,0,0,1000.0,2.0,0.0,-0.02
1859,0,0,0,1000.0,2.01,0.0,-0.02
1860,0,0,0,1000.0,2.02,0.0,-0.02
1861,0,0,0,1000.0,2.03,0.0,-0.02
1862,0,0,0,1000.0,2.04,0.0,-0.02
1863,0,0,0,1000.0,2.05,0.0,-0.02
1864,0,0,0,1000.0,2.06,0.0,-0.02
1865,0,0,0,1000.0,2.07,0.0,-0.02
1866,0,0,0,1000.0,2.08,0.0,-0.02
1867,0,0,0,1000.0,2.09,0.0,-0.02
1868,0,0,0,1000.0,2.1,0.0,-0.02
1869,0,0,0,1000.0,2.11,0.0,-0.02
1870,0,0,0,1000.0,2.12,0.0,-0.02
1871,0,0,0,1000.0,2.13,0.0,-0.02
1872,0,0,0,1000.0,2.14,0.0,-0.02
1873,0,0,0,1000.0,2.15,0.0,-0.02
1874,0,0,0,1000.0,2.16,0.0,-0.02
1875,0,0,0,1000.0,2.17,0.0,-0.02
1876,0,0,0,1000.0,2.18,0.0,-0.02
1877,0,0,0,1000.0,2.19,0.0,-0.02
1878,0,0,0,1000.0,2.2,0.0,-0.02
1879,0,0,0,1000.0,2.21,0.0,-0.02
1880,0,0,0,1000.0,2.22,0.0,-0.02
1881,0,0,0,1000.0,2.23,0.0,-0.02
1882,0,0,0,1000.0,2.24,0.0,-0.02
1883,0,0,0,1000.0,2.25,0.0,-0.02
1884,0,0,0,1000.0,2.26,0.0,-0.02
1885,0,0,0,1000.0,2.27,0.0,-0.02
1886,0,0,0,1000.0,2.28,0.0,-0.02
1887,0,0,0,1000.0,2.29,0.0,-0.02
1888,0,0,0,1000.0,2.3,0.0,-0.02
1889,0,0,0,1000.0,2.31,0.0,-0.02
1890,0,0,0,1000.0,2.32,0.0,-0.02
1891,0,0,0,1000.0,2.33,0.0,-0.02
1892,0,0,0,1000.0,2.34,0.0,-0.02
1893,0,0,0,1000.0,2.35,0.0,-0.02
1894,0,0,0,1000.0,2.36,0.0,-0.02
1895,0,0,0,1000.0,2.37,0.0,-0.02
1896,0,0,0,1000.0,2.38,0.0,-0.02
1897,0,0,0,1000.0,2.39,0.0,-0.02
1898,0,0,0,1000.0,2.4,0.0,-0.02
1899,0,0,0,1000.0,2.41,0.0,-0.02
1900,0,0,0,1000.0,2.42,0.0,-0.02
1901,0,0,0,1000.0,2.43,0.0,-0.02
1902,0,0,0,1000.0,2.44,0.0,-0.02
1903,0,0,0,1000.0,2.45,0.0,-0.02
1904,0,0,0,1000.0,2.46,0.0,-0.02
1905,0,0,0,1000.0,2.47,0.0,-0.02
1906,0,0,0,1000.0,2.48,0.0,-0.02
1907,0,0,0,1000.0,2.49,0.0,-0.02
1908,0,0,0,1000.0,2.5,0.0,-0.02
1909,0,0,0,1000.0,2.51,0.0,-0.02
1910,0,0,0,1000.0,2.52,0.0,-0.02
1911,0,0,0,1000.0,2.53,0.0,-0.02
1912,0,0,0,1000.0,2.54,0.0,-0.02
1913,0,0,0,1000.0,2.55,0.0,-0.02
1914,0,0,0,1000.0,2.56,0.0,-0.02
1915,0,0,0,1000.0,2.57,0.0,-0.02
1916,0,0,0,1000.0,2.58,0.0,-0.02
1917,0,0,0,1000.0,2.59,0.0,-0.02
1918,0,0,0,1000.0,2.6,0.0,-0.02
1919,0,0,0,1000.0,2.61,0.0,-0.02
1920,0,0,0,1000.0,2.62,0.0,-0.02
1921,0,0,0,1000.0,2.63,0.0,-0.02
1922,0,0,0,1000.0,2.64,0.0,-0.02
1923,0,0,0,1000.0,2.65,0.0,-0.02
1924,0,0,0,1000.0,2.66,0.0,-0.02
1925,0,0,0,1000.0,2.67,0.0,-0.02
1926,0,0,0,1000.0,2.68,0.0,-0.02
1927,0,0,0,1000.0,2.69,0.0,-0.02
1928,0,0,0,1000.0,2.7,0.0,-0.02
1929,0,0,0,1000.0,2.71,0.0,-0.02
1930,0,0,0,1000.0,2.72,0.0,-0.02
1931,0,0,0,1000.0,2.73,0.0,-0.02
1932,0,0,0,1000.0,2.74,0.0,-0.02
1933,0,0,0,1000.0,2.75,0.0,-0.02
1934,0,0,0,1000.0,2.76,0.0,-0.02
1935,0,0,0,1000.0,2.77,0.0,-0.02
1936,0,0,0,1000.0,2.78,0.0,-0.02
1937,0,0,0,1000.0,2.79,0.0,-0.02
1938,0,0,0,1000.0,2.8,0.0,-0.02
1939,0,0,0,1000.0,2.81,0.0,-0.02
1940,0,0,0,1000.0,2.82,0.0,-0.02
1941,0,0,0,1000.0,2.83,0.0,-0.02
1942,0,0,0,1000.0,2.84,0.0,-0.02
1943,0,0,0,1000.0,2.85,0.0,-0.02
1944,0,0,0,1000.0,2.86,0.0,-0.02
1945,0,0,0,1000.0,2.87,0.0,-0.02
1946,0,0,0,1000.0,2.88,0.0,-0.02
1947,0,0,0,1000.0,2.89,0.0,-0.02
1948,0,0,0,1000.0,2.9,0.0,-0.02
1949,0,0,0,1000.0,2.91,0.0,-0.02
1950,0,0,0,1000.0,2.92,0.0,-0.02
1951,0,0,0,1000.0,2.93,0.0,-0.02
1952,0,0,0,1000.0,2.94,0.0,-0.02
1953,0,0,0,1000.0,2.95,0.0,-0.02
1954,0,0,0,1000.0,2.96,0.0,-0.02
1955,0,0,0,1000.0,2.97,0.0,-0.02
1956,0,0,0,1000.0,2.98,0.0,-0.02
1957,0,0,0,1000.0,2.99,0.0,-0.02
1958,0,0,0,1000.0,3.0,0.0,-0.02
1959,0,0,0,1000.0,3.01,0.0,-0.02
1960,0,0,0,1000.0,3.02,0.0,-0.02
1961,0,0,0,1000.0,3.03,0.0,-0.02
1962,0,0,0,1000.0,3.04,0.0,-0.02
1963,0,0,0,1000.0,3.05,0.0,-0.02
1964,0,0,0,1000.0,3.06,0.0,-0.02
1965,0,0,0,1000.0,3.07,0.0,-0.02
1966,0,0,0,1000.0,3.08,0.0,-0.02
1967,0,0,0,1000.0,3.09,0.0,-0.02
1968,0,0,0,1000.0,3.1,0.0,-0.02
1969,0,0,0,1000.0,3.11,0.0,-0.02
1970,0,0,0,1000.0,3.12,0.0,-0.02
1971,0,0,0,1000.0,3.13,0.0,-0.02
1972,0,0,0,1000.0,3.14,0.0,-0.02
1973,0,0,0,1000.0,3.15,0.0,-0.02
1974,0,0,0,1000.0,3.16,0.0,-0.02
1975,0,0,0,1000.0,3.17,0.0,-0.02
1976,0,0,0,1000.0,3.18,0.0,-0.02
1977,0,0,0,1000.0,3.19,0.0,-0.02
1978,0,0,0,1000.0,3.2,0.0,-0.02
1979,0,0,0,1000.0,3.21,0.0,-0.02
1980,0,0,0,1000.0,3.22,0.0,-0.02
1981,0,0,0,1000.0,3.23,0.0,-0.02
1982,0,0,0,1000.0,3.24,0.0,-0.02
1983,0,0,0,1000.0,3.25,0.0,-0.02
1984,0,0,0,1000.0,3.26,0.0,-0.02
1985,0,0,0,1000.0,3.27,0.0,-0.02
1986,0,0,0,1000.0,3.28,0.0,-0.02
1987,0,0,0,1000.0,3.29,0.0,-0.02
1988,0,0,0,1000.0,3.3,0.0,-0.02
1989,0,0,0,1000.0,3.31,0.0,-0.02
1990,0,0,0,1000.0,3.32,0.0,-0.02
1991,0,0,0,1000.0,3.33,0.0,-0.02
1992,0,0,0,1000.0,3.34,0.0,-0.02
1993,0,0,0,1000.0,3.35,0.0,-0.02
1994,0,0,0,1000.0,3.36,0.0,-0.02
1995,0,0,0,1000.0,3.37,0.0,-0.02
1996,0,0,0,1000.0,3.38,0.0,-0.02
1997,0,0,0,1000.0,3.39,0.0,-0.02
1998,0,0,0,1000.0,3.4,0.0,-0.02
1999,0,0,0,1000.0,3.41,0.0,-0.02
2000,0,0,0,1000.0,3.42,0.0,-0.02
2001,0,0,0,1000.0,3.43,0.0,-0.02
2002,0,0,0,1000.0,3.44,0.0,-0.02
2003,0,0,0,1000.0,3.45,0.0,-0.02
2004,0,0,0,1000.0,3.46,0.0,-0.02
2005,0,0,0,1000.0,3.47,0.0,-0.02
2006,0,0,0,1000.0,3.48,0.0,-0.02
2007,0,0,0,1000.0,3.49,0.0,-0.02
2008,0,0,0,1000.0,3.5,0.0,-0.02
2009,0,0,0,1000.0,3.51,0.0,-0.02
2010,0,0,0,1000.0,3.52,0.0,-0.02
2011,0,0,0,1000.0,3.53,0.0,-0.02
2012,0,0,0,1000.0,3.54,0.0,-0.02
2013,0,0,0,1000.0,3.55,0.0,-0.02
2014,0,0,0,1000.0,3.56,0.0,-0.02
2015,0,0,0,1000.0,3.57,0.0,-0.02
2016,0,0,0,1000.0,3.58,0.0,-0.02
2017,0,0,0,1000.0,3.59,0.0,-0.02
2018,0,0,0,1000.0,3.6,0.0,-0.02
2019,0,0,0,1000.0,3.61,0.0,-0.02
2020,0,0,0,1000.0,3.62,0.0,-0.02
2021,0,0,0,1000.0,3.63,0.0,-0.02
2022,0,0,0,1000.0,3.64,0.0,-0.02
2023,0,0,0,1000.0,3.65,0.0,-0.02
2024,0,0,0,1000.0,3.66,0.0,-0.02
2025,0,0,0,1000.0,3.67,0.0,-0.02
2026,0,0,0,1000.0,3.68,0.0,-0.02
2027,0,0,0,1000.0,3.69,0.0,-0.02
2028,0,0,0,1000.0,3.7,0.0,-0.02
2029,0,0,0,1000.0,3.71,0.0,-0.02
2030,0,0,0,1000.0,3.72,0.0,-0.02
2031,0,0,0,1000.0,3.73,0.0,-0.02
2032,0,0,0,1000.0,3.74,0.0,-0.02
2033,0,0,0,1000.0,3.75,0.0,-0.02
2034,0,0,0,1000.0,3.76,0.0,-0.02
2035,0,0,0,1000.0,3.77,0.0,-0.02
2036,0,0,0,1000.0,3.78,0.0,-0.02
2037,0,0,0,1000.0,3.79,0.0,-0.02
2038,0,0,0,1000.0,3.8,0.0,-0.02
2039,0,0,0,1000.0,3.81,0.0,-0.02
2040,0,0,0,1000.0,3.82,0.0,-0.02
2041,0,0,0,1000.0,3.83,0.0,-0.02
2042,0,0,0,1000.0,3.84,0.0,-0.02
2043,0,0,0,1000.0,3.85,0.0,-0.02
2044,0,0,0,1000.0,3.86,0.0,-0.02
2045,0,0,0,1000.0,3.87,0.0,-0.02
2046,0,0,0,1000.0,3.88,0.0,-0.02
2047,0,0,0,1000.0,3.89,0.0,-0.02
2048,0,0,0,1000.0,3.9,0.0,-0.02
2049,0,0,0,1000.0,3.91,0.0,-0.02
2050,0,0,0,1000.0,3.92,0.0,-0.02
2051,0,0,0,1000.0,3.93,0.0,-0.02
2052,0,0,0,1000.0,3.94,0.0,-0.02
2053,0,0,0,1000.0,3.95,0.0,-0.02
2054,0,0,0,1000.0,3.96,0.0,-0.02
2055,0,0,0,1000.0,3.97,0.0,-0.02
2056,0,0,0,1000.0,3.98,0.0,-0.02
2057,0,0,0,1000.0,3.99,0.0,-0.02
2058,0,0,0,1000.0,4.0,0.0,-0.02
2059,0,0,0,1000.0,4.01,0.0,-0.02
2060,0,0,0,1000.0,4.02,0.0,-0.02
2061,0,0,0,1000.0,4.03,0.0,-0.02
2062,0,0,0,1000.0,4.04,0.0,-0.02
2063,0,0,0,1000.0,4.05,0.0,-0.02
2064,0,0,0,1000.0,4.06,0.0,-0.02
2065,0,0,0,1000.0,-0.06,0.0,-0.01
2066,0,0,0,1000.0,-0.05,0.0,-0.01
2067,0,0,0,1000.0,-0.04,0.0,-0.01
2068,0,0,0,1000.0,-0.03,0.0,-0.01
2069,0,0,0,1000.0,-0.02,0.0,-0.01
2070,0,0,0,1000.0,-0.01,0.0,-0.01
2071,0,0,0,1000.0,0.0,0.0,-0.01
2072,0,0,0,1000.0,0.01,0.0,-0.01
2073,0,0,0,1000.0,0.02,0.0,-0.01
2074,0,0,0,1000.0,0.03,0.0,-0.01
2075,0,0,0,1000.0,0.04,0.0,-0.01
2076,0,0,0,1000.0,0.05,0.0,-0.01
2077,0,0,0,1000.0,0.06,0.0,-0.01
2078,0,0,0,1000.0,0.07,0.0,-0.01
2079,0,0,0,1000.0,0.08,0.0,-0.01
2080,0,0,0,1000.0,0.09,0.0,-0.01
2081,0,0,0,1000.0,0.1,0.0,-0.01
2082,0,0,0,1000.0,0.11,0.0,-0.01
2083,0,0,0,1000.0,0.12,0.0,-0.01
2084,0,0,0,1000.0,0.13,0.0,-0.01
2085,0,0,0,1000.0,0.14,0.0,-0.01
2086,0,0,0,1000.0,0.15,0.0,-0.01
2087,0,0,0,1000.0,0.16,0.0,-0.01
2088,0,0,0,1000.0,0.17,0.0,-0.01
2089,0,0,0,1000.0,0.18,0.0,-0.01
2090,0,0,0,1000.0,0.19,0.0,-0.01
2091,0,0,0,1000.0,0.2,0.0,-0.01
2092,0,0,0,1000.0,0.21,0.0,-0.01
2093,0,0,0,1000.0,0.22,0.0,-0.01
2094,0,0,0,1000.0,0.23,0.0,-0.01
2095,0,0,0,1000.0,0.24,0.0,-0.01
2096,0,0,0,1000.0,0.25,0.0,-0.01
2097,0,0,0,1000.0,0.26,0.0,-0.01
2098,0,0,0,1000.0,0.27,0.0,-0.01
2099,0,0,0,1000.0,0.28,0.0,-0.01
2100,0,0,0,1000.0,0.29,0.0,-0.01
2101,0,0,0,1000.0,0.3,0.0,-0.01
2102,0,0,0,1000.0,0.31,0.0,-0.01
2103,0,0,0,1000.0,0.32,0.0,-0.01
2104,0,0,0,1000.0,0.33,0.0,-0.01
2105,0,0,0,1000.0,0.34,0.0,-0.01
2106,0,0,0,1000.0,0.35,0.0,-0.01
2107,0,0,0,1000.0,0.36,0.0,-0.01
2108,0,0,0,1000.0,0.37,0.0,-0.01
2109,0,0,0,1000.0,0.38,0.0,-0.01
2110,0,0,0,1000.0,0.39,0.0,-0.01
2111,0,0,0,1000.0,0.4,0.0,-0.01
2112,0,0,0,1000.0,0.41,0.0,-0.01
2113,0,0,0,1000.0,0.42,0.0,-0.01
2114,0,0,0,1000.0,0.43,0.0,-0.01
2115,0,0,0,1000.0,0.44,0.0,-0.01
2116,0,0,0,1000.0,0.45,0.0,-0.01
2117,0,0,0,1000.0,0.46,0.0,-0.01
2118,0,0,0,1000.0,0.47,0.0,-0.01
2119,0,0,0,1000.0,0.48,0.0,-0.01
2120,0,0,0,1000.0,0.49,0.0,-0.01
2121,0,0,0,1000.0,0.5,0.0,-0.01
2122,0,0,0,1000.0,0.51,0.0,-0.01
2123,0,0,0,1000.0,0.52,0.0,-0.01
2124,0,0,0,1000.0,0.53,0.0,-0.01
2125,0,0,0,1000.0,0.54,0.0,-0.01
2126,0,0,0,1000.0,0.55,0.0,-0.01
2127,0,0,0,1000.0,0.56,0.0,-0.01
2128,0,0,0,1000.0,0.57,0.0,-0.01
2129,0,0,0,1000.0,0.58,0.0,-0.01
2130,0,0,0,1000.0,0.59,0.0,-0.01
2131,0,0,0,1000.0,0.6,0.0,-0.01
2132,0,0,0,1000.0,0.61,0.0,-0.01
2133,0,0,0,1000.0,0.62,0.0,-0.01
2134,0,0,0,1000.0,0.63,0.0,-0.01
2135,0,0,0,1000.0,0.64,0.0,-0.01
2136,0,0,0,1000.0,0.65,0.0,-0.01
2137,0,0,0,1000.0,0.66,0.0,-0.01
2138,0,0,0,1000.0,0.67,0.0,-0.01
2139,0,0,0,1000.0,0.68,0.0,-0.01
2140,0,0,0,1000.0,0.69,0.0,-0.01
2141,0,0,0,1000.0,0.7,0.0,-0.01
2142,0,0,0,1000.0,0.71,0.0,-0.01
2143,0,0,0,1000.0,0.72,0.0,-0.01
2144,0,0,0,1000.0,0.73,0.0,-0.01
2145,0,0,0,1000.0,0.74,0.0,-0.01
2146,0,0,0,1000.0,0.75,0.0,-0.01
2147,0,0,0,1000.0,0.76,0.0,-0.01
2148,0,0,0,1000.0,0.77,0.0,-0.01
2149,0,0,0,1000.0,0.78,0.0,-0.01
2150,0,0,0,1000.0,0.79,0.0,-0.01
2151,0,0,0,1000.0,0.8,0.0,-0.01
2152,0,0,0,1000.0,0.81,0.0,-0.01
2153,0,0,0,1000.0,0.82,0.0,-0.01
2154,0,0,0,1000.0,0.83,0.0,-0.01
2155,0,0,0,1000.0,0.84,0.0,-0.01
2156,0,0,0,1000.0,0.85,0.0,-0.01
2157,0,0,0,1000.0,0.86,0.0,-0.01
2158,0,0,0,1000.0,0.87,0.0,-0.01
2159,0,0,0,1000.0,0.88,0.0,-0.01
2160,0,0,0,1000.0,0.89,0.0,-0.01
2161,0,0,0,1000.0,0.9,0.0,-0.01
2162,0,0,0,1000.0,0.91,0.0,-0.01
2163,0,0,0,1000.0,0.92,0.0,-0.01
2164,0,0,0,1000.0,0.93,0.0,-0.01
2165,0,0,0,1000.0,0.94,0.0,-0.01
2166,0,0,0,1000.0,0.95,0.0,-0.01
2167,0,0,0,1000.0,0.96,0.0,-0.01
2168,0,0,0,1000.0,0.97,0.0,-0.01
2169,0,0,0,1000.0,0.98,0.0,-0.01
2170,0,0,0,1000.0,0.99,0.0,-0.01
2171,0,0,0,1000.0,1.0,0.0,-0.01
2172,0,0,0,1000.0,1.01,0.0,-0.01
2173,0,0,0,1000.0,1.02,0.0,-0.01
2174,0,0,0,1000.0,1.03,0.0,-0.01
2175,0,0,0,1000.0,1.04,0.0,-0.01
2176,0,0,0,1000.0,1.05,0.0,-0.01
2177,0,0,0,1000.0,1.06,0.0,-0.01
2178,0,0,0,1000.0,1.07,0.0,-0.01
2179,0,0,0,1000.0,1.08,0.0,-0.01
2180,0,0,0,1000.0,1.09,0.0,-0.01
2181,0,0,0,1000.0,1.1,0.0,-0.01
2182,0,0,0,1000.0,1.11,0.0,-0.01
2183,0,0,0,1000.0,1.12,0.0,-0.01
2184,0,0,0,1000.0,1.13,0.0,-0.01
2185,0,0,0,1000.0,1.14,0.0,-0.01
2186,0,0,0,1000.0,1.15,0.0,-0.01
2187,0,0,0,1000.0,1.16,0.0,-0.01
2188,0,0,0,1000.0,1.17,0.0,-0.01
2189,0,0,0,1000.0,1.18,0.0,-0.01
2190,0,0,0,1000.0,1.19,0.0,-0.01
2191,0,0,0,1000.0,1.2,0.0,-0.01
2192,0,0,0,1000.0,1.21,0.0,-0.01
2193,0,0,0,1000.0,1.22,0.0,-0.01
2194,0,0,0,1000.0,1.23,0.0,-0.01
2195,0,0,0,1000.0,1.24,0.0,-0.01
2196,0,0,0,1000.0,1.25,0.0,-0.01
2197,0,0,0,1000.0,1.26,0.0,-0.01
2198,0,0,0,1000.0,1.27,0.0,-0.01
2199,0,0,0,1000.0,1.28,0.0,-0.01
2200,0,0,0,1000.0,1.29,0.0,-0.01
2201,0,0,0,1000.0,1.3,0.0,-0.01
2202,0,0,0,1000.0,1.31,0.0,-0.01
2203,0,0,0,1000.0,1.32,0.0,-0.01
2204,0,0,0,1000.0,1.33,0.0,-0.01
2205,0,0,0,1000.0,1.34,0.0,-0.01
2206,0,0,0,1000.0,1.35,0.0,-0.01
2207,0,0,0,1000.0,1.36,0.0,-0.01
2208,0,0,0,1000.0,1.37,0.0,-0.01
2209,0,0,0,1000.0,1.38,0.0,-0.01
2210,0,0,0,1000.0,1.39,0.0,-0.01
2211,0,0,0,1000.0,1.4,0.0,-0.01
2212,0,0,0,1000.0,1.41,0.0,-0.01
2213,0,0,0,1000.0,1.42,0.0,-0.01
2214,0,0,0,1000.0,1.43,0.0,-0.01
2215,0,0,0,1000.0,1.44,0.0,-0.01
2216,0,0,0,1000.0,1.45,0.0,-0.01
2217,0,0,0,1000.0,1.46,0.0,-0.01
2218,0,0,0,1000.0,1.47,0.0,-0.01
2219,0,0,0,1000.0,1.48,0.0,-0.01
2220,0,0,0,1000.0,1.49,0.0,-0.01
2221,0,0,0,1000.0,1.5,0.0,-0.01
2222,0,0,0,1000.0,1.51,0.0,-0.01
2223,0,0,0,1000.0,1.52,0.0,-0.01
2224,0,0,0,1000.0,1.53,0.0,-0.01
2225,0,0,0,1000.0,1.54,0.0,-0.01
2226,0,0,0,1000.0,1.55,0.0,-0.01
2227,0,0,0,1000.0,1.56,0.0,-0.01
2228,0,0,0,1000.0,1.57,0.0,-0.01
2229,0,0,0,1000.0,1.58,0.0,-0.01
2230,0,0,0,1000.0,1.59,0.0,-0.01
2231,0,0,0,1000.0,1.6,0.0,-0.01
2232,0,0,0,1000.0,1.61,0.0,-0.01
2233,0,0,0,1000.0,1.62,0.0,-0.01
2234,0,0,0,1000.0,1.63,0.0,-0.01
2235,0,0,0,1000.0,1.64,0.0,-0.01
2236,0,0,0,1000.0,1.65,0.0,-0.01
2237,0,0,0,1000.0,1.66,0.0,-0.01
2238,0,0,0,1000.0,1.67,0.0,-0.01
2239,0,0,0,1000.0,1.68,0.0,-0.01
2240,0,0,0,1000.0,1.69,0.0,-0.01
2241,0,0,0,1000.0,1.7,0.0,-0.01
2242,0,0,0,1000.0,1.71,0.0,-0.01
2243,0,0,0,1000.0,1.72,0.0,-0.01
2244,0,0,0,1000.0,1.73,0.0,-0.01
2245,0,0,0,1000.0,1.74,0.0,-0.01
2246,0,0,0,1000.0,1.75,0.0,-0.01
2247,0,0,0,1000.0,1.76,0.0,-0.01
2248,0,0,0,1000.0,1.77,0.0,-0.01
2249,0,0,0,1000.0,1.78,0.0,-0.01
2250,0,0,0,1000.0,1.79,0.0,-0.01
2251,0,0,0,1000.0,1.8,0.0,-0.01
2252,0,0,0,1000.0,1.81,0.0,-0.01
2253,0,0,0,1000.0,1.82,0.0,-0.01
2254,0,0,0,1000.0,1.83,0.0,-0.01
2255,0,0,0,1000.0,1.84,0.0,-0.01
2256,0,0,0,1000.0,1.85,0.0,-0.01
2257,0,0,0,1000.0,1.86,0.0,-0.01
2258,0,0,0,1000.0,1.87,0.0,-0.01
2259,0,0,0,1000.0,1.88,0.0,-0.01
2260,0,0,0,1000.0,1.89,0.0,-0.01
2261,0,0,0,1000.0,1.9,0.0,-0.01
2262,0,0,0,1000.0,1.91,0.0,-0.01
2263,0,0,0,1000.0,1.92,0.0,-0.01
2264,0,0,0,1000.0,1.93,0.0,-0.01
2265,0,0,0,1000.0,1.94,0.0,-0.01
2266,0,0,0,1000.0,1.95,0.0,-0.01
2267,0,0,0,1000.0,1.96,0.0,-0.01
2268,0,0,0,1000.0,1.97,0.0,-0.01
2269,0,0,0,1000.0,1.98,0.0,-0.01
2270,0,0,0,1000.0,1.99,0.0,-0.01
2271,0,0,0,1000.0,2.0,0.0,-0.01
2272,0,0,0,1000.0,2.01,0.0,-0.01
2273,0,0,0,1000.0,2.02,0.0,-0.01
2274,0,0,0,1000.0,2.03,0.0,-0.01
2275,0,0,0,1000.0,2.04,0.0,-0.01
2276,0,0,0,1000.0,2.05,0.0,-0.01
2277,0,0,0,1000.0,2.06,0.0,-0.01
2278,0,0,0,1000.0,2.07,0.0,-0.01
2279,0,0,0,1000.0,2.08,0.0,-0.01
2280,0,0,0,1000.0,2.09,0.0,-0.01
2281,0,0,0,1000.0,2.1,0.0,-0.01
2282,0,0,0,1000.0,2.11,0.0,-0.01
2283,0,0,0,1000.0,2.12,0.0,-0.01
2284,0,0,0,1000.0,2.13,0.0,-0.01
2285,0,0,0,1000.0,2.14,0.0,-0.01
2286,0,0,0,1000.0,2.15,0.0,-0.01
2287,0,0,0,1000.0,2.16,0.0,-0.01
2288,0,0,0,1000.0,2.17,0.0,-0.01
2289,0,0,0,1000.0,2.18,0.0,-0.01
2290,0,0,0,1000.0,2.19,0.0,-0.01
2291,0,0,0,1000.0,2.2,0.0,-0.01
2292,0,0,0,1000.0,2.21,0.0,-0.01
2293,0,0,0,1000.0,2.22,0.0,-0.01
2294,0,0,0,1000.0,2.23,0.0,-0.01
2295,0,0,0,1000.0,2.24,0.0,-0.01
2296,0,0,0,1000.0,2.25,0.0,-0.01
2297,0,0,0,1000.0,2.26,0.0,-0.01
2298,0,0,0,1000.0,2.27,0.0,-0.01
2299,0,0,0,1000.0,2.28,0.0,-0.01
2300,0,0,0,1000.0,2.29,0.0,-0.01
2301,0,0,0,1000.0,2.3,0.0,-0.01
2302,0,0,0,1000.0,2.31,0.0,-0.01
2303,0,0,0,1000.0,2.32,0.0,-0.01
2304,0,0,0,1000.0,2.33,0.0,-0.01
2305,0,0,0,1000.0,2.34,0.0,-0.01
2306,0,0,0,1000.0,2.35,0.0,-0.01
2307,0,0,0,1000.0,2.36,0.0,-0.01
2308,0,0,0,1000.0,2.37,0.0,-0.01
2309,0,0,0,1000.0,2.38,0.0,-0.01
2310,0,0,0,1000.0,2.39,0.0,-0.01
2311,0,0,0,1000.0,2.4,0.0,-0.01
2312,0,0,0,1000.0,2.41,0.0,-0.01
2313,0,0,0,1000.0,2.42,0.0,-0.01
2314,0,0,0,1000.0,2.43,0.0,-0.01
2315,0,0,0,1000.0,2.44,0.0,-0.01
2316,0,0,0,1000.0,2.45,0.0,-0.01
2317,0,0,0,1000.0,2.46,0.0,-0.01
2318,0,0,0,1000.0,2.47,0.0,-0.01
2319,0,0,0,1000.0,2.48,0.0,-0.01
2320,0,0,0,1000.0,2.49,0.0,-0.01
2321,0,0,0,1000.0,2.5,0.0,-0.01
2322,0,0,0,1000.0,2.51,0.0,-0.01
2323,0,0,0,1000.0,2.52,0.0,-0.01
2324,0,0,0,1000.0,2.53,0.0,-0.01
2325,0,0,0,1000.0,2.54,0.0,-0.01
2326,0,0,0,1000.0,2.55,0.0,-0.01
2327,0,0,0,1000.0,2.56,0.0,-0.01
2328,0,0,0,1000.0,2.57,0.0,-0.01
2329,0,0,0,1000.0,2.58,0.0,-0.01
2330,0,0,0,1000.0,2.59,0.0,-0.01
2331,0,0,0,1000.0,2.6,0.0,-0.01
2332,0,0,0,1000.0,2.61,0.0,-0.01
2333,0,0,0,1000.0,2.62,0.0,-0.01
2334,0,0,0,1000.0,2.63,0.0,-0.01
2335,0,0,0,1000.0,2.64,0.0,-0.01
2336,0,0,0,1000.0,2.65,0.0,-0.01
2337,0,0,0,1000.0,2.66,0.0,-0.01
2338,0,0,0,1000.0,2.67,0.0,-0.01
2339,0,0,0,1000.0,2.68,0.0,-0.01
2340,0,0,0,1000.0,2.69,0.0,-0.01
2341,0,0,0,1000.0,2.7,0.0,-0.01
2342,0,0,0,1000.0,2.71,0.0,-0.01
2343,0,0,0,1000.0,2.72,0.0,-0.01
2344,0,0,0,1000.0,2.73,0.0,-0.01
2345,0,0,0,1000.0,2.74,0.0,-0.01
2346,0,0,0,1000.0,2.75,0.0,-0.01
2347,0,0,0,1000.0,2.76,0.0,-0.01
2348,0,0,0,1000.0,2.77,0.0,-0.01
2349,0,0,0,1000.0,2.78,0.0,-0.01
2350,0,0,0,1000.0,2.79,0.0,-0.01
2351,0,0,0,1000.0,2.8,0.0,-0.01
2352,0,0,0,1000.0,2.81,0.0,-0.01
2353,0,0,0,1000.0,2.82,0.0,-0.01
2354,0,0,0,1000.0,2.83,0.0,-0.01
2355,0,0,0,1000.0,2.84,0.0,-0.01
2356,0,0,0,1000.0,2.85,0.0,-0.01
2357,0,0,0,1000.0,2.86,0.0,-0.01
2358,0,0,0,1000.0,2.87,0.0,-0.01
2359,0,0,0,1000.0,2.88,0.0,-0.01
2360,0,0,0,1000.0,2.89,0.0,-0.01
2361,0,0,0,1000.0,2.9,0.0,-0.01
2362,0,0,0,1000.0,2.91,0.0,-0.01
2363,0,0,0,1000.0,2.92,0.0,-0.01
2364,0,0,0,1000.0,2.93,0.0,-0.01
2365,0,0,0,1000.0,2.94,0.0,-0.01
2366,0,0,0,1000.0,2.95,0.0,-0.01
2367,0,0,0,1000.0,2.96,0.0,-0.01
2368,0,0,0,1000.0,2.97,0.0,-0.01
2369,0,0,0,1000.0,2.98,0.0,-0.01
2370,0,0,0,1000.0,2.99,0.0,-0.01
2371,0,0,0,1000.0,3.0,0.0,-0.01
2372,0,0,0,1000.0,3.01,0.0,-0.01
2373,0,0,0,1000.0,3.02,0.0,-0.01
2374,0,0,0,1000.0,3.03,0.0,-0.01
2375,0,0,0,1000.0,3.04,0.0,-0.01
2376,0,0,0,1000.0,3.05,0.0,-0.01
2377,0,0,0,1000.0,3.06,0.0,-0.01
2378,0,0,0,1000.0,3.07,0.0,-0.01
2379,0,0,0,1000.0,3.08,0.0,-0.01
2380,0,0,0,1000.0,3.09,0.0,-0.01
2381,0,0,0,1000.0,3.1,0.0,-0.01
2382,0,0,0,1000.0,3.11,0.0,-0.01
2383,0,0,0,1000.0,3.12,0.0,-0.01
2384,0,0,0,1000.0,3.13,0.0,-0.01
2385,0,0,0,1000.0,3.14,0.0,-0.01
2386,0,0,0,1000.0,3.15,0.0,-0.01
2387,0,0,0,1000.0,3.16,0.0,-0.01
2388,0,0,0,1000.0,3.17,0.0,-0.01
2389,0,0,0,1000.0,3.18,0.0,-0.01
2390,0,0,0,1000.0,3.19,0.0,-0.01
2391,0,0,0,1000.0,3.2,0.0,-0.01
2392,0,0,0,1000.0,3.21,0.0,-0.01
2393,0,0,0,1000.0,3.22,0.0,-0.01
2394,0,0,0,1000.0,3.23,0.0,-0.01
2395,0,0,0,1000.0,3.24,0.0,-0.01
2396,0,0,0,1000.0,3.25,0.0,-0.01
2397,0,0,0,1000.0,3.26,0.0,-0.01
2398,0,0,0,1000.0,3.27,0.0,-0.01
2399,0,0,0,1000.0,3.28,0.0,-0.01
2400,0,0,0,1000.0,3.29,0.0,-0.01
2401,0,0,0,1000.0,3.3,0.0,-0.01
2402,0,0,0,1000.0,3.31,0.0,-0.01
2403,0,0,0,1000.0,3.32,0.0,-0.01
2404,0,0,0,1000.0,3.33,0.0,-0.01
2405,0,0,0,1000.0,3.34,0.0,-0.01
2406,0,0,0,1000.0,3.35,0.0,-0.01
2407,0,0,0,1000.0,3.36,0.0,-0.01
2408,0,0,0,1000.0,3.37,0.0,-0.01
2409,0,0,0,1000.0,3.38,0.0,-0.01
2410,0,0,0,1000.0,3.39,0.0,-0.01
2411,0,0,0,1000.0,3.4,0.0,-0.01
2412,0,0,0,1000.0,3.41,0.0,-0.01
2413,0,0,0,1000.0,3.42,0.0,-0.01
2414,0,0,0,1000.0,3.43,0.0,-0.01
2415,0,0,0,1000.0,3.44,0.0,-0.01
2416,0,0,0,1000.0,3.45,0.0,-0.01
2417,0,0,0,1000.0,3.46,0.0,-0.01
2418,0,0,0,1000.0,3.47,0.0,-0.01
2419,0,0,0,1000.0,3.48,0.0,-0.01
2420,0,0,0,1000.0,3.49,0.0,-0.01
2421,0,0,0,1000.0,3.5,0.0,-0.01
2422,0,0,0,1000.0,3.51,0.0,-0.01
2423,0,0,0,1000.0,3.52,0.0,-0.01
2424,0,0,0,1000.0,3.53,0.0,-0.01
2425,0,0,0,1000.0,3.54,0.0,-0.01
2426,0,0,0,1000.0,3.55,0.0,-0.01
2427,0,0,0,1000.0,3.56,0.0,-0.01
2428,0,0,0,1000.0,3.57,0.0,-0.01
2429,0,0,0,1000.0,3.58,0.0,-0.01
2430,0,0,0,1000.0,3.59,0.0,-0.01
2431,0,0,0,1000.0,3.6,0.0,-0.01
2432,0,0,0,1000.0,3.61,0.0,-0.01
2433,0,0,0,1000.0,3.62,0.0,-0.01
2434,0,0,0,1000.0,3.63,0.0,-0.01
2435,0,0,0,1000.0,3.64,0.0,-0.01
2436,0,0,0,1000.0,3.65,0.0,-0.01
2437,0,0,0,1000.0,3.66,0.0,-0.01
2438,0,0,0,1000.0,3.67,0.0,-0.01
2439,0,0,0,1000.0,3.68,0.0,-0.01
2440,0,0,0,1000.0,3.69,0.0,-0.01
2441,0,0,0,1000.0,3.7,0.0,-0.01
2442,0,0,0,1000.0,3.71,0.0,-0.01
2443,0,0,0,1000.0,3.72,0.0,-0.01
2444,0,0,0,1000.0,3.73,0.0,-0.01
2445,0,0,0,1000.0,3.74,0.0,-0.01
2446,0,0,0,1000.0,3.75,0.0,-0.01
2447,0,0,0,1000.0,3.76,0.0,-0.01
2448,0,0,0,1000.0,3.77,0.0,-0.01
2449,0,0,0,1000.0,3.78,0.0,-0.01
2450,0,0,0,1000.0,3.79,0.0,-0.01
2451,0,0,0,1000.0,3.8,0.0,-0.01
2452,0,0,0,1000.0,3.81,0.0,-0.01
2453,0,0,0,1000.0,3.82,0.0,-0.01
2454,0,0,0,1000.0,3.83,0.0,-0.01
2455,0,0,0,1000.0,3.84,0.0,-0.01
2456,0,0,0,1000.0,3.85,0.0,-0.01
2457,0,0,0,1000.0,3.86,0.0,-0.01
2458,0,0,0,1000.0,3.87,0.0,-0.01
2459,0,0,0,1000.0,3.88,0.0,-0.01
2460,0,0,0,1000.0,3.89,0.0,-0.01
2461,0,0,0,1000.0,3.9,0.0,-0.01
2462,0,0,0,1000.0,3.91,0.0,-0.01
2463,0,0,0,1000.0,3.92,0.0,-0.01
2464,0,0,0,1000.0,3.93,0.0,-0.01
2465,0,0,0,1000.0,3.94,0.0,-0.01
2466,0,0,0,1000.0,3.95,0.0,-0.01
2467,0,0,0,1000.0,3.96,0.0,-0.01
2468,0,0,0,1000.0,3.97,0.0,-0.01
2469,0,0,0,1000.0,3.98,0.0,-0.01
2470,0,0,0,1000.0,3.99,0.0,-0.01
2471,0,0,0,1000.0,4.0,0.0,-0.01
2472,0,0,0,1000.0,4.01,0.0,-0.01
2473,0,0,0,1000.0,4.02,0.0,-0.01
2474,0,0,0,1000.0,4.03,0.0,-0.01
2475,0,0,0,1000.0,4.04,0.0,-0.01
2476,0,0,0,1000.0,4.05,0.0,-0.01
2477,0,0,0,1000.0,4.06,0.0,-0.01
2478,0,0,0,1000.0,-0.06,0.0,0.0
2479,0,0,0,1000.0,-0.05,0.0,0.0
2480,0,0,0,1000.0,-0.04,0.0,0.0
2481,0,0,0,1000.0,-0.03,0.0,0.0
2482,0,0,0,1000.0,-0.02,0.0,0.0
2483,0,0,0,1000.0,-0.01,0.0,0.0
2484,0,0,0,1000.0,0.0,0.0,0.0
2485,0,0,0,1000.0,0.01,0.0,0.0
2486,0,0,0,1000.0,0.02,0.0,0.0
2487,0,0,0,1000.0,0.03,0.0,0.0
2488,0,0,0,1000.0,0.04,0.0,0.0
2489,0,0,0,1000.0,0.05,0.0,0.0
2490,0,0,0,1000.0,0.06,0.0,0.0
2491,0,0,0,1000.0,0.07,0.0,0.0
2492,0,0,0,1000.0,0.08,0.0,0.0
2493,0,0,0,1000.0,0.09,0.0,0.0
2494,0,0,0,1000.0,0.1,0.0,0.0
2495,0,0,0,1000.0,0.11,0.0,0.0
2496,0,0,0,1000.0,0.12,0.0,0.0
2497,0,0,0,1000.0,0.13,0.0,0.0
2498,0,0,0,1000.0,0.14,0.0,0.0
2499,0,0,0,1000.0,0.15,0.0,0.0
2500,0,0,0,1000.0,0.16,0.0,0.0
2501,0,0,0,1000.0,0.17,0.0,0.0
2502,0,0,0,1000.0,0.18,0.0,0.0
2503,0,0,0,1000.0,0.19,0.0,0.0
2504,0,0,0,1000.0,0.2,0.0,0.0
2505,0,0,0,1000.0,0.21,0.0,0.0
2506,0,0,0,1000.0,0.22,0.0,0.0
2507,0,0,0,1000.0,0.23,0.0,0.0
2508,0,0,0,1000.0,0.24,0.0,0.0
2509,0,0,0,1000.0,0.25,0.0,0.0
2510,0,0,0,1000.0,0.26,0.0,0.0
2511,0,0,0,1000.0,0.27,0.0,0.0
2512,0,0,0,1000.0,0.28,0.0,0.0
2513,0,0,0,1000.0,0.29,0.0,0.0
2514,0,0,0,1000.0,0.3,0.0,0.0
2515,0,0,0,1000.0,0.31,0.0,0.0
2516,0,0,0,1000.0,0.32,0.0,0.0
2517,0,0,0,1000.0,0.33,0.0,0.0
2518,0,0,0,1000.0,0.34,0.0,0.0
2519,0,0,0,1000.0,0.35,0.0,0.0
2520,0,0,0,1000.0,0.36,0.0,0.0
2521,0,0,0,1000.0,0.37,0.0,0.0
2522,0,0,0,1000.0,0.38,0.0,0.0
2523,0,0,0,1000.0,0.39,0.0,0.0
2524,0,0,0,1000.0,0.4,0.0,0.0
2525,0,0,0,1000.0,0.41,0.0,0.0
2526,0,0,0,1000.0,0.42,0.0,0.0
2527,0,0,0,1000.0,0.43,0.0,0.0
2528,0,0,0,1000.0,0.44,0.0,0.0
2529,0,0,0,1000.0,0.45,0.0,0.0
2530,0,0,0,1000.0,0.46,0.0,0.0
2531,0,0,0,1000.0,0.47,0.0,0.0
2532,0,0,0,1000.0,0.48,0.0,0.0
2533,0,0,0,1000.0,0.49,0.0,0.0
2534,0,0,0,1000.0,0.5,0.0,0.0
2535,0,0,0,1000.0,0.51,0.0,0.0
2536,0,0,0,1000.0,0.52,0.0,0.0
2537,0,0,0,1000.0,0.53,0.0,0.0
2538,0,0,0,1000.0,0.54,0.0,0.0
2539,0,0,0,1000.0,0.55,0.0,0.0
2540,0,0,0,1000.0,0.56,0.0,0.0
2541,0,0,0,1000.0,0.57,0.0,0.0
2542,0,0,0,1000.0,0.58,0.0,0.0
2543,0,0,0,1000.0,0.59,0.0,0.0
2544,0,0,0,1000.0,0.6,0.0,0.0
2545,0,0,0,1000.0,0.61,0.0,0.0
2546,0,0,0,1000.0,0.62,0.0,0.0
2547,0,0,0,1000.0,0.63,0.0,0.0
2548,0,0,0,1000.0,0.64,0.0,0.0
2549,0,0,0,1000.0,0.65,0.0,0.0
2550,0,0,0,1000.0,0.66,0.0,0.0
2551,0,0,0,1000.0,0.67,0.0,0.0
2552,0,0,0,1000.0,0.68,0.0,0.0
2553,0,0,0,1000.0,0.69,0.0,0.0
2554,0,0,0,1000.0,0.7,0.0,0.0
2555,0,0,0,1000.0,0.71,0.0,0.0
2556,0,0,0,1000.0,0.72,0.0,0.0
2557,0,0,0,1000.0,0.73,0.0,0.0
2558,0,0,0,1000.0,0.74,0.0,0.0
2559,0,0,0,1000.0,0.75,0.0,0.0
2560,0,0,0,1000.0,0.76,0.0,0.0
2561,0,0,0,1000.0,0.77,0.0,0.0
2562,0,0,0,1000.0,0.78,0.0,0.0
2563,0,0,0,1000.0,0.79,0.0,0.0
2564,0,0,0,1000.0,0.8,0.0,0.0
2565,0,0,0,1000.0,0.81,0.0,0.0
2566,0,0,0,1000.0,0.82,0.0,0.0
2567,0,0,0,1000.0,0.83,0.0,0.0
2568,0,0,0,1000.0,0.84,0.0,0.0
2569,0,0,0,1000.0,0.85,0.0,0.0
2570,0,0,0,1000.0,0.86,0.0,0.0
2571,0,0,0,1000.0,0.87,0.0,0.0
2572,0,0,0,1000.0,0.88,0.0,0.0
2573,0,0,0,1000.0,0.89,0.0,0.0
2574,0,0,0,1000.0,0.9,0.0,0.0
2575,0,0,0,1000.0,0.91,0.0,0.0
2576,0,0,0,1000.0,0.92,0.0,0.0
2577,0,0,0,1000.0,0.93,0.0,0.0
2578,0,0,0,1000.0,0.94,0.0,0.0
2579,0,0,0,1000.0,0.95,0.0,0.0
2580,0,0,0,1000.0,0.96,0.0,0.0
2581,0,0,0,1000.0,0.97,0.0,0.0
2582,0,0,0,1000.0,0.98,0.0,0.0
2583,0,0,0,1000.0,0.99,0.0,0.0
2584,0,0,0,1000.0,1.0,0.0,0.0
2585,0,0,0,1000.0,1.01,0.0,0.0
2586,0,0,0,1000.0,1.02,0.0,0.0
2587,0,0,0,1000.0,1.03,0.0,0.0
2588,0,0,0,1000.0,1.04,0.0,0.0
2589,0,0,0,1000.0,1.05,0.0,0.0
2590,0,0,0,1000.0,1.06,0.0,0.0
2591,0,0,0,1000.0,1.07,0.0,0.0
2592,0,0,0,1000.0,1.08,0.0,0.0
2593,0,0,0,1000.0,1.09,0.0,0.0
2594,0,0,0,1000.0,1.1,0.0,0.0
2595,0,0,0,1000.0,1.11,0.0,0.0
2596,0,0,0,1000.0,1.12,0.0,0.0
2597,0,0,0,1000.0,1.13,0.0,0.0
2598,0,0,0,1000.0,1.14,0.0,0.0
2599,0,0,0,1000.0,1.15,0.0,0.0
2600,0,0,0,1000.0,1.16,0.0,0.0
2601,0,0,0,1000.0,1.17,0.0,0.0
2602,0,0,0,1000.0,1.18,0.0,0.0
2603,0,0,0,1000.0,1.19,0.0,0.0
2604,0,0,0,1000.0,1.2,0.0,0.0
2605,0,0,0,1000.0,1.21,0.0,0.0
2606,0,0,0,1000.0,1.22,0.0,0.0
2607,0,0,0,1000.0,1.23,0.0,0.0
2608,0,0,0,1000.0,1.24,0.0,0.0
2609,0,0,0,1000.0,1.25,0.0,0.0
2610,0,0,0,1000.0,1.26,0.0,0.0
2611,0,0,0,1000.0,1.27,0.0,0.0
2612,0,0,0,1000.0,1.28,0.0,0.0
2613,0,0,0,1000.0,1.29,0.0,0.0
2614,0,0,0,1000.0,1.3,0.0,0.0
2615,0,0,0,1000.0,1.31,0.0,0.0
2616,0,0,0,1000.0,1.32,0.0,0.0
2617,0,0,0,1000.0,1.33,0.0,0.0
2618,0,0,0,1000.0,1.34,0.0,0.0
2619,0,0,0,1000.0,1.35,0.0,0.0
2620,0,0,0,1000.0,1.36,0.0,0.0
2621,0,0,0,1000.0,1.37,0.0,0.0
2622,0,0,0,1000.0,1.38,0.0,0.0
2623,0,0,0,1000.0,1.39,0.0,0.0
2624,0,0,0,1000.0,1.4,0.0,0.0
2625,0,0,0,1000.0,1.41,0.0,0.0
2626,0,0,0,1000.0,1.42,0.0,0.0
2627,0,0,0,1000.0,1.43,0.0,0.0
2628,0,0,0,1000.0,1.44,0.0,0.0
2629,0,0,0,1000.0,1.45,0.0,0.0
2630,0,0,0,1000.0,1.46,0.0,0.0
2631,0,0,0,1000.0,1.47,0.0,0.0
2632,0,0,0,1000.0,1.48,0.0,0.0
2633,0,0,0,1000.0,1.49,0.0,0.0
2634,0,0,0,1000.0,1.5,0.0,0.0
2635,0,0,0,1000.0,1.51,0.0,0.0
2636,0,0,0,1000.0,1.52,0.0,0.0
2637,0,0,0,1000.0,1.53,0.0,0.0
2638,0,0,0,1000.0,1.54,0.0,0.0
2639,0,0,0,1000.0,1.55,0.0,0.0
2640,0,0,0,1000.0,1.56,0.0,0.0
2641,0,0,0,1000.0,1.57,0.0,0.0
2642,0,0,0,1000.0,1.58,0.0,0.0
2643,0,0,0,1000.0,1.59,0.0,0.0
2644,0,0,0,1000.0,1.6,0.0,0.0
2645,0,0,0,1000.0,1.61,0.0,0.0
2646,0,0,0,1000.0,1.62,0.0,0.0
2647,0,0,0,1000.0,1.63,0.0,0.0
2648,0,0,0,1000.0,1.64,0.0,0.0
2649,0,0,0,1000.0,1.65,0.0,0.0
2650,0,0,0,1000.0,1.66,0.0,0.0
2651,0,0,0,1000.0,1.67,0.0,0.0
2652,0,0,0,1000.0,1.68,0.0,0.0
2653,0,0,0,1000.0,1.69,0.0,0.0
2654,0,0,0,1000.0,1.7,0.0,0.0
2655,0,0,0,1000.0,1.71,0.0,0.0
2656,0,0,0,1000.0,1.72,0.0,0.0
2657,0,0,0,1000.0,1.73,0.0,0.0
2658,0,0,0,1000.0,1.74,0.0,0.0
2659,0,0,0,1000.0,1.75,0.0,0.0
2660,0,0,0,1000.0,1.76,0.0,0.0
2661,0,0,0,1000.0,1.77,0.0,0.0
2662,0,0,0,1000.0,1.78,0.0,0.0
2663,0,0,0,1000.0,1.79,0.0,0.0
2664,0,0,0,1000.0,1.8,0.0,0.0
2665,0,0,0,1000.0,1.81,0.0,0.0
2666,0,0,0,1000.0,1.82,0.0,0.0
2667,0,0,0,1000.0,1.83,0.0,0.0
2668,0,0,0,1000.0,1.84,0.0,0.0
2669,0,0,0,1000.0,1.85,0.0,0.0
2670,0,0,0,1000.0,1.86,0.0,0.0
2671,0,0,0,1000.0,1.87,0.0,0.0
2672,0,0,0,1000.0,1.88,0.0,0.0
2673,0,0,0,1000.0,1.89,0.0,0.0
2674,0,0,0,1000.0,1.9,0.0,0.0
2675,0,0,0,1000.0,1.91,0.0,0.0
2676,0,0,0,1000.0,1.92,0.0,0.0
2677,0,0,0,1000.0,1.93,0.0,0.0
2678,0,0,0,1000.0,1.94,0.0,0.0
2679,0,0,0,1000.0,1.95,0.0,0.0
2680,0,0,0,1000.0,1.96,0.0,0.0
2681,0,0,0,1000.0,1.97,0.0,0.0
2682,0,0,0,1000.0,1.98,0.0,0.0
2683,0,0,0,1000.0,1.99,0.0,0.0
2684,0,0,0,1000.0,2.0,0.0,0.0
2685,0,0,0,1000.0,2.01,0.0,0.0
2686,0,0,0,1000.0,2.02,0.0,0.0
2687,0,0,0,1000.0,2.03,0.0,0.0
2688,0,0,0,1000.0,2.04,0.0,0.0
2689,0,0,0,1000.0,2.05,0.0,0.0
2690,0,0,0,1000.0,2.06,0.0,0.0
2691,0,0,0,1000.0,2.07,0.0,0.0
2692,0,0,0,1000.0,2.08,0.0,0.0
2693,0,0,0,1000.0,2.09,0.0,0.0
2694,0,0,0,1000.0,2.1,0.0,0.0
2695,0,0,0,1000.0,2.11,0.0,0.0
2696,0,0,0,1000.0,2.12,0.0,0.0
2697,0,0,0,1000.0,2.13,0.0,0.0
2698,0,0,0,1000.0,2.14,0.0,0.0
2699,0,0,0,1000.0,2.15,0.0,0.0
2700,0,0,0,1000.0,2.16,0.0,0.0
2701,0,0,0,1000.0,2.17,0.0,0.0
2702,0,0,0,1000.0,2.18,0.0,0.0
2703,0,0,0,1000.0,2.19,0.0,0.0
2704,0,0,0,1000.0,2.2,0.0,0.0
2705,0,0,0,1000.0,2.21,0.0,0.0
2706,0,0,0,1000.0,2.22,0.0,0.0
2707,0,0,0,1000.0,2.23,0.0,0.0
2708,0,0,0,1000.0,2.24,0.0,0.0
2709,0,0,0,1000.0,2.25,0.0,0.0
2710,0,0,0,1000.0,2.26,0.0,0.0
2711,0,0,0,1000.0,2.27,0.0,0.0
2712,0,0,0,1000.0,2.28,0.0,0.0
2713,0,0,0,1000.0,2.29,0.0,0.0
2714,0,0,0,1000.0,2.3,0.0,0.0
2715,0,0,0,1000.0,2.31,0.0,0.0
2716,0,0,0,1000.0,2.32,0.0,0.0
2717,0,0,0,1000.0,2.33,0.0,0.0
2718,0,0,0,1000.0,2.34,0.0,0.0
2719,0,0,0,1000.0,2.35,0.0,0.0
2720,0,0,0,1000.0,2.36,0.0,0.0
2721,0,0,0,1000.0,2.37,0.0,0.0
2722,0,0,0,1000.0,2.38,0.0,0.0
2723,0,0,0,1000.0,2.39,0.0,0.0
2724,0,0,0,1000.0,2.4,0.0,0.0
2725,0,0,0,1000.0,2.41,0.0,0.0
2726,0,0,0,1000.0,2.42,0.0,0.0
2727,0,0,0,1000.0,2.43,0.0,0.0
2728,0,0,0,1000.0,2.44,0.0,0.0
2729,0,0,0,1000.0,2.45,0.0,0.0
2730,0,0,0,1000.0,2.46,0.0,0.0
2731,0,0,0,1000.0,2.47,0.0,0.0
2732,0,0,0,1000.0,2.48,0.0,0.0
2733,0,0,0,1000.0,2.49,0.0,0.0
2734,0,0,0,1000.0,2.5,0.0,0.0
2735,0,0,0,1000.0,2.51,0.0,0.0
2736,0,0,0,1000.0,2.52,0.0,0.0
2737,0,0,0,1000.0,2.53,0.0,0.0
2738,0,0,0,1000.0,2.54,0.0,0.0
2739,0,0,0,1000.0,2.55,0.0,0.0
2740,0,0,0,1000.0,2.56,0.0,0.0
2741,0,0,0,1000.0,2.57,0.0,0.0
2742,0,0,0,1000.0,2.58,0.0,0.0
2743,0,0,0,1000.0,2.59,0.0,0.0
2744,0,0,0,1000.0,2.6,0.0,0.0
2745,0,0,0,1000.0,2.61,0.0,0.0
2746,0,0,0,1000.0,2.62,0.0,0.0
2747,0,0,0,1000.0,2.63,0.0,0.0
2748,0,0,0,1000.0,2.64,0.0,0.0
2749,0,0,0,1000.0,2.65,0.0,0.0
2750,0,0,0,1000.0,2.66,0.0,0.0
2751,0,0,0,1000.0,2.67,0.0,0.0
2752,0,0,0,1000.0,2.68,0.0,0.0
2753,0,0,0,1000.0,2.69,0.0,0.0
2754,0,0,0,1000.0,2.7,0.0,0.0
2755,0,0,0,1000.0,2.71,0.0,0.0
2756,0,0,0,1000.0,2.72,0.0,0.0
2757,0,0,0,1000.0,2.73,0.0,0.0
2758,0,0,0,1000.0,2.74,0.0,0.0
2759,0,0,0,1000.0,2.75,0.0,0.0
2760,0,0,0,1000.0,2.76,0.0,0.0
2761,0,0,0,1000.0,2.77,0.0,0.0
2762,0,0,0,1000.0,2.78,0.0,0.0
2763,0,0,0,1000.0,2.79,0.0,0.0
2764,0,0,0,1000.0,2.8,0.0,0.0
2765,0,0,0,1000.0,2.81,0.0,0.0
2766,0,0,0,1000.0,2.82,0.0,0.0
2767,0,0,0,1000.0,2.83,0.0,0.0
2768,0,0,0,1000.0,2.84,0.0,0.0
2769,0,0,0,1000.0,2.85,0.0,0.0
2770,0,0,0,1000.0,2.86,0.0,0.0
2771,0,0,0,1000.0,2.87,0.0,0.0
2772,0,0,0,1000.0,2.88,0.0,0.0
2773,0,0,0,1000.0,2.89,0.0,0.0
2774,0,0,0,1000.0,2.9,0.0,0.0
2775,0,0,0,1000.0,2.91,0.0,0.0
2776,0,0,0,1000.0,2.92,0.0,0.0
2777,0,0,0,1000.0,2.93,0.0,0.0
2778,0,0,0,1000.0,2.94,0.0,0.0
2779,0,0,0,1000.0,2.95,0.0,0.0
2780,0,0,0,1000.0,2.96,0.0,0.0
2781,0,0,0,1000.0,2.97,0.0,0.0
2782,0,0,0,1000.0,2.98,0.0,0.0
2783,0,0,0,1000.0,2.99,0.0,0.0
2784,0,0,0,1000.0,3.0,0.0,0.0
2785,0,0,0,1000.0,3.01,0.0,0.0
2786,0,0,0,1000.0,3.02,0.0,0.0
2787,0,0,0,1000.0,3.03,0.0,0.0
2788,0,0,0,1000.0,3.04,0.0,0.0
2789,0,0,0,1000.0,3.05,0.0,0.0
2790,0,0,0,1000.0,3.06,0.0,0.0
2791,0,0,0,1000.0,3.07,0.0,0.0
2792,0,0,0,1000.0,3.08,0.0,0.0
2793,0,0,0,1000.0,3.09,0.0,0.0
2794,0,0,0,1000.0,3.1,0.0,0.0
2795,0,0,0,1000.0,3.11,0.0,0.0
2796,0,0,0,1000.0,3.12,0.0,0.0
2797,0,0,0,1000.0,3.13,0.0,0.0
2798,0,0,0,1000.0,3.14,0.0,0.0
2799,0,0,0,1000.0,3.15,0.0,0.0
2800,0,0,0,1000.0,3.16,0.0,0.0
2801,0,0,0,1000.0,3.17,0.0,0.0
2802,0,0,0,1000.0,3.18,0.0,0.0
2803,0,0,0,1000.0,3.19,0.0,0.0
2804,0,0,0,1000.0,3.2,0.0,0.0
2805,0,0,0,1000.0,3.21,0.0,0.0
2806,0,0,0,1000.0,3.22,0.0,0.0
2807,0,0,0,1000.0,3.23,0.0,0.0
2808,0,0,0,1000.0,3.24,0.0,0.0
2809,0,0,0,1000.0,3.25,0.0,0.0
2810,0,0,0,1000.0,3.26,0.0,0.0
2811,0,0,0,1000.0,3.27,0.0,0.0
2812,0,0,0,1000.0,3.28,0.0,0.0
2813,0,0,0,1000.0,3.29,0.0,0.0
2814,0,0,0,1000.0,3.3,0.0,0.0
2815,0,0,0,1000.0,3.31,0.0,0.0
2816,0,0,0,1000.0,3.32,0.0,0.0
2817,0,0,0,1000.0,3.33,0.0,0.0
2818,0,0,0,1000.0,3.34,0.0,0.0
2819,0,0,0,1000.0,3.35,0.0,0.0
2820,0,0,0,1000.0,3.36,0.0,0.0
2821,0,0,0,1000.0,3.37,0.0,0.0
2822,0,0,0,1000.0,3.38,0.0,0.0
2823,0,0,0,1000.0,3.39,0.0,0.0
2824,0,0,0,1000.0,3.4,0.0,0.0
2825,0,0,0,1000.0,3.41,0.0,0.0
2826,0,0,0,1000.0,3.42,0.0,0.0
2827,0,0,0,1000.0,3.43,0.0,0.0
2828,0,0,0,1000.0,3.44,0.0,0.0
2829,0,0,0,1000.0,3.45,0.0,0.0
2830,0,0,0,1000.0,3.46,0.0,0.0
2831,0,0,0,1000.0,3.47,0.0,0.0
2832,0,0,0,1000.0,3.48,0.0,0.0
2833,0,0,0,1000.0,3.49,0.0,0.0
2834,0,0,0,1000.0,3.5,0.0,0.0
2835,0,0,0,1000.0,3.51,0.0,0.0
2836,0,0,0,1000.0,3.52,0.0,0.0
2837,0,0,0,1000.0,3.53,0.0,0.0
2838,0,0,0,1000.0,3.54,0.0,0.0
2839,0,0,0,1000.0,3.55,0.0,0.0
2840,0,0,0,1000.0,3.56,0.0,0.0
2841,0,0,0,1000.0,3.57,0.0,0.0
2842,0,0,0,1000.0,3.58,0.0,0.0
2843,0,0,0,1000.0,3.59,0.0,0.0
2844,0,0,0,1000.0,3.6,0.0,0.0
2845,0,0,0,1000.0,3.61,0.0,0.0
2846,0,0,0,1000.0,3.62,0.0,0.0
2847,0,0,0,1000.0,3.63,0.0,0.0
2848,0,0,0,1000.0,3.64,0.0,0.0
2849,0,0,0,1000.0,3.65,0.0,0.0
2850,0,0,0,1000.0,3.66,0.0,0.0
2851,0,0,0,1000.0,3.67,0.0,0.0
2852,0,0,0,1000.0,3.68,0.0,0.0
2853,0,0,0,1000.0,3.69,0.0,0.0
2854,0,0,0,1000.0,3.7,0.0,0.0
2855,0,0,0,1000.0,3.71,0.0,0.0
2856,0,0,0,1000.0,3.72,0.0,0.0
2857,0,0,0,1000.0,3.73,0.0,0.0
2858,0,0,0,1000.0,3.74,0.0,0.0
2859,0,0,0,1000.0,3.75,0.0,0.0
2860,0,0,0,1000.0,3.76,0.0,0.0
2861,0,0,0,1000.0,3.77,0.0,0.0
2862,0,0,0,1000.0,3.78,0.0,0.0
2863,0,0,0,1000.0,3.79,0.0,0.0
2864,0,0,0,1000.0,3.8,0.0,0.0
2865,0,0,0,1000.0,3.81,0.0,0.0
2866,0,0,0,1000.0,3.82,0.0,0.0
2867,0,0,0,1000.0,3.83,0.0,0.0
2868,0,0,0,1000.0,3.84,0.0,0.0
2869,0,0,0,1000.0,3.85,0.0,0.0
2870,0,0,0,1000.0,3.86,0.0,0.0
2871,0,0,0,1000.0,3.87,0.0,0.0
2872,0,0,0,1000.0,3.88,0.0,0.0
2873,0,0,0,1000.0,3.89,0.0,0.0
2874,0,0,0,1000.0,3.9,0.0,0.0
2875,0,0,0,1000.0,3.91,0.0,0.0
2876,0,0,0,1000.0,3.92,0.0,0.0
2877,0,0,0,1000.0,3.93,0.0,0.0
2878,0,0,0,1000.0,3.94,0.0,0.0
2879,0,0,0,1000.0,3.95,0.0,0.0
2880,0,0,0,1000.0,3.96,0.0,0.0
2881,0,0,0,1000.0,3.97,0.0,0.0
2882,0,0,0,1000.0,3.98,0.0,0.0
2883,0,0,0,1000.0,3.99,0.0,0.0
2884,0,0,0,1000.0,4.0,0.0,0.0
2885,0,0,0,1000.0,4.01,0.0,0.0
2886,0,0,0,1000.0,4.02,0.0,0.0
2887,0,0,0,1000.0,4.03,0.0,0.0
2888,0,0,0,1000.0,4.04,0.0,0.0
2889,0,0,0,1000.0,4.05,0.0,0.0
2890,0,0,0,1000.0,4.06,0.0,0.0
2891,0,0,0,1000.0,-0.06,0.0,0.01
2892,0,0,0,1000.0,-0.05,0.0,0.01
2893,0,0,0,1000.0,-0.04,0.0,0.01
2894,0,0,0,1000.0,-0.03,0.0,0.01
2895,0,0,0,1000.0,-0.02,0.0,0.01
2896,0,0,0,1000.0,-0.01,0.0,0.01
2897,0,0,0,1000.0,0.0,0.0,0.01
2898,0,0,0,1000.0,4.0,0.0,0.01
2899,0,0,0,1000.0,4.01,0.0,0.01
2900,0,0,0,1000.0,4.02,0.0,0.01
2901,0,0,0,1000.0,4.03,0.0,0.01
2902,0,0,0,1000.0,4.04,0.0,0.01
2903,0,0,0,1000.0,4.05,0.0,0.01
2904,0,0,0,1000.0,4.06,0.0,0.01
2905,0,0,0,1000.0,-0.06,0.0,0.02
2906,0,0,0,1000.0,-0.05,0.0,0.02
2907,0,0,0,1000.0,-0.04,0.0,0.02
2908,0,0,0,1000.0,-0.03,0.0,0.02
2909,0,0,0,1000.0,-0.02,0.0,0.02
2910,0,0,0,1000.0,-0.01,0.0,0.02
2911,0,0,0,1000.0,0.0,0.0,0.02
2912,0,0,0,1000.0,4.0,0.0,0.02
2913,0,0,0,1000.0,4.01,0.0,0.02
2914,0,0,0,1000.0,4.02,0.0,0.02
2915,0,0,0,1000.0,4.03,0.0,0.02
2916,0,0,0,1000.0,4.04,0.0,0.02
2917,0,0,0,1000.0,4.05,0.0,0.02
2918,0,0,0,1000.0,4.06,0.0,0.02
2919,0,0,0,1000.0,-0.06,0.0,0.03
2920,0,0,0,1000.0,-0.05,0.0,0.03
2921,0,0,0,1000.0,-0.04,0.0,0.03
2922,0,0,0,1000.0,-0.03,0.0,0.03
2923,0,0,0,1000.0,-0.02,0.0,0.03
2924,0,0,0,1000.0,-0.01,0.0,0.03
2925,0,0,0,1000.0,0.0,0.0,0.03
2926,0,0,0,1000.0,4.0,0.0,0.03
2927,0,0,0,1000.0,4.01,0.0,0.03
2928,0,0,0,1000.0,4.02,0.0,0.03
2929,0,0,0,1000.0,4.03,0.0,0.03
2930,0,0,0,1000.0,4.04,0.0,0.03
2931,0,0,0,1000.0,4.05,0.0,0.03
2932,0,0,0,1000.0,4.06,0.0,0.03
2933,0,0,0,1000.0,-0.06,0.0,0.04
2934,0,0,0,1000.0,-0.05,0.0,0.04
2935,0,0,0,1000.0,-0.04,0.0,0.04
2936,0,0,0,1000.0,-0.03,0.0,0.04
2937,0,0,0,1000.0,-0.02,0.0,0.04
2938,0,0,0,1000.0,-0.01,0.0,0.04
2939,0,0,0,1000.0,0.0,0.0,0.04
2940,0,0,0,1000.0,4.0,0.0,0.04
2941,0,0,0,1000.0,4.01,0.0,0.04
2942,0,0,0,1000.0,4.02,0.0,0.04
2943,0,0,0,1000.0,4.03,0.0,0.04
2944,0,0,0,1000.0,4.04,0.0,0.04
2945,0,0,0,1000.0,4.05,0.0,0.04
2946,0,0,0,1000.0,4.06,0.0,0.04
2947,0,0,0,1000.0,-0.06,0.0,0.05
2948,0,0,0,1000.0,-0.05,0.0,0.05
2949,0,0,0,1000.0,-0.04,0.0,0.05
2950,0,0,0,1000.0,-0.03,0.0,0.05
2951,0,0,0,1000.0,-0.02,0.0,0.05
2952,0,0,0,1000.0,-0.01,0.0,0.05
2953,0,0,0,1000.0,0.0,0.0,0.05
2954,0,0,0,1000.0,4.0,0.0,0.05
2955,0,0,0,1000.0,4.01,0.0,0.05
2956,0,0,0,1000.0,4.02,0.0,0.05
2957,0,0,0,1000.0,4.03,0.0,0.05
2958,0,0,0,1000.0,4.04,0.0,0.05
2959,0,0,0,1000.0,4.05,0.0,0.05
2960,0,0,0,1000.0,4.06,0.0,0.05
2961,0,0,0,1000.0,-0.06,0.0,0.06
2962,0,0,0,1000.0,-0.05,0.0,0.06
2963,0,0,0,1000.0,-0.04,0.0,0.06
2964,0,0,0,1000.0,-0.03,0.0,0.06
2965,0,0,0,1000.0,-0.02,0.0,0.06
2966,0,0,0,1000.0,-0.01,0.0,0.06
2967,0,0,0,1000.0,0.0,0.0,0.06
2968,0,0,0,1000.0,4.0,0.0,0.06
2969,0,0,0,1000.0,4.01,0.0,0.06
2970,0,0,0,1000.0,4.02,0.0,0.06
2971,0,0,0,1000.0,4.03,0.0,0.06
2972,0,0,0,1000.0,4.04,0.0,0.06
2973,0,0,0,1000.0,4.05,0.0,0.06
2974,0,0,0,1000.0,4.06,0.0,0.06
2975,0,0,0,1000.0,-0.06,0.0,0.07
2976,0,0,0,1000.0,-0.05,0.0,0.07
2977,0,0,0,1000.0,-0.04,0.0,0.07
2978,0,0,0,1000.0,-0.03,0.0,0.07
2979,0,0,0,1000.0,-0.02,0.0,0.07
2980,0,0,0,1000.0,-0.01,0.0,0.07
2981,0,0,0,1000.0,0.0,0.0,0.07
2982,0,0,0,1000.0,4.0,0.0,0.07
2983,0,0,0,1000.0,4.01,0.0,0.07
2984,0,0,0,1000.0,4.02,0.0,0.07
2985,0,0,0,1000.0,4.03,0.0,0.07
2986,0,0,0,1000.0,4.04,0.0,0.07
2987,0,0,0,1000.0,4.05,0.0,0.07
2988,0,0,0,1000.0,4.06,0.0,0.07
2989,0,0,0,1000.0,-0.06,0.0,0.08
2990,0,0,0,1000.0,-0.05,0.0,0.08
2991,0,0,0,1000.0,-0.04,0.0,0.08
2992,0,0,0,1000.0,-0.03,0.0,0.08
2993,0,0,0,1000.0,-0.02,0.0,0.08
2994,0,0,0,1000.0,-0.01,0.0,0.08
2995,0,0,0,1000.0,0.0,0.0,0.08
2996,0,0,0,1000.0,4.0,0.0,0.08
2997,0,0,0,1000.0,4.01,0.0,0.08
2998,0,0,0,1000.0,4.02,0.0,0.08
2999,0,0,0,1000.0,4.03,0.0,0.08
3000,0,0,0,1000.0,4.04,0.0,0.08
3001,0,0,0,1000.0,4.05,0.0,0.08
3002,0,0,0,1000.0,4.06,0.0,0.08
3003,0,0,0,1000.0,-0.06,0.0,0.09
3004,0,0,0,1000.0,-0.05,0.0,0.09
3005,0,0,0,1000.0,-0.04,0.0,0.09
3006,0,0,0,1000.0,-0.03,0.0,0.09
3007,0,0,0,1000.0,-0.02,0.0,0.09
3008,0,0,0,1000.0,-0.01,0.0,0.09
3009,0,0,0,1000.0,0.0,0.0,0.09
3010,0,0,0,1000.0,4.0,0.0,0.09
3011,0,0,0,1000.0,4.01,0.0,0.09
3012,0,0,0,1000.0,4.02,0.0,0.09
3013,0,0,0,1000.0,4.03,0.0,0.09
3014,0,0,0,1000.0,4.04,0.0,0.09
3015,0,0,0,1000.0,4.05,0.0,0.09
3016,0,0,0,1000.0,4.06,0.0,0.09
3017,0,0,0,1000.0,-0.06,0.0,0.1
3018,0,0,0,1000.0,-0.05,0.0,0.1
3019,0,0,0,1000.0,-0.04,0.0,0.1
3020,0,0,0,1000.0,-0.03,0.0,0.1
3021,0,0,0,1000.0,-0.02,0.0,0.1
3022,0,0,0,1000.0,-0.01,0.0,0.1
3023,0,0,0,1000.0,0.0,0.0,0.1
3024,0,0,0,1000.0,4.0,0.0,0.1
3025,0,0,0,1000.0,4.01,0.0,0.1
3026,0,0,0,1000.0,4.02,0.0,0.1
3027,0,0,0,1000.0,4.03,0.0,0.1
3028,0,0,0,1000.0,4.04,0.0,0.1
3029,0,0,0,1000.0,4.05,0.0,0.1
3030,0,0,0,1000.0,4.06,0.0,0.1
3031,0,0,0,1000.0,-0.06,0.0,0.11
3032,0,0,0,1000.0,-0.05,0.0,0.11
3033,0,0,0,1000.0,-0.04,0.0,0.11
3034,0,0,0,1000.0,-0.03,0.0,0.11
3035,0,0,0,1000.0,-0.02,0.0,0.11
3036,0,0,0,1000.0,-0.01,0.0,0.11
3037,0,0,0,1000.0,0.0,0.0,0.11
3038,0,0,0,1000.0,4.0,0.0,0.11
3039,0,0,0,1000.0,4.01,0.0,0.11
3040,0,0,0,1000.0,4.02,0.0,0.11
3041,0,0,0,1000.0,4.03,0.0,0.11
3042,0,0,0,1000.0,4.04,0.0,0.11
3043,0,0,0,1000.0,4.05,0.0,0.11
3044,0,0,0,1000.0,4.06,0.0,0.11
3045,0,0,0,1000.0,-0.06,0.0,0.12
3046,0,0,0,1000.0,-0.05,0.0,0.12
3047,0,0,0,1000.0,-0.04,0.0,0.12
3048,0,0,0,1000.0,-0.03,0.0,0.12
3049,0,0,0,1000.0,-0.02,0.0,0.12
3050,0,0,0,1000.0,-0.01,0.0,0.12
3051,0,0,0,1000.0,0.0,0.0,0.12
3052,0,0,0,1000.0,4.0,0.0,0.12
3053,0,0,0,1000.0,4.01,0.0,0.12
3054,0,0,0,1000.0,4.02,0.0,0.12
3055,0,0,0,1000.0,4.03,0.0,0.12
3056,0,0,0,1000.0,4.04,0.0,0.12
3057,0,0,0,1000.0,4.05,0.0,0.12
3058,0,0,0,1000.0,4.06,0.0,0.12
3059,0,0,0,1000.0,-0.06,0.0,0.13
3060,0,0,0,1000.0,-0.05,0.0,0.13
3061,0,0,0,1000.0,-0.04,0.0,0.13
3062,0,0,0,1000.0,-0.03,0.0,0.13
3063,0,0,0,1000.0,-0.02,0.0,0.13
3064,0,0,0,1000.0,-0.01,0.0,0.13
3065,0,0,0,1000.0,0.0,0.0,0.13
3066,0,0,0,1000.0,4.0,0.0,0.13
3067,0,0,0,1000.0,4.01,0.0,0.13
3068,0,0,0,1000.0,4.02,0.0,0.13
3069,0,0,0,1000.0,4.03,0.0,0.13
3070,0,0,0,1000.0,4.04,0.0,0.13
3071,0,0,0,1000.0,4.05,0.0,0.13
3072,0,0,0,1000.0,4.06,0.0,0.13
3073,0,0,0,1000.0,-0.06,0.0,0.14
3074,0,0,0,1000.0,-0.05,0.0,0.14
3075,0,0,0,1000.0,-0.04,0.0,0.14
3076,0,0,0,1000.0,-0.03,0.0,0.14
3077,0,0,0,1000.0,-0.02,0.0,0.14
3078,0,0,0,1000.0,-0.01,0.0,0.14
3079,0,0,0,1000.0,0.0,0.0,0.14
3080,0,0,0,1000.0,4.0,0.0,0.14
3081,0,0,0,1000.0,4.01,0.0,0.14
3082,0,0,0,1000.0,4.02,0.0,0.14
3083,0,0,0,1000.0,4.03,0.0,0.14
3084,0,0,0,1000.0,4.04,0.0,0.14
3085,0,0,0,1000.0,4.05,0.0,0.14
3086,0,0,0,1000.0,4.06,0.0,0.14
3087,0,0,0,1000.0,-0.06,0.0,0.15
3088,0,0,0,1000.0,-0.05,0.0,0.15
3089,0,0,0,1000.0,-0.04,0.0,0.15
3090,0,0,0,1000.0,-0.03,0.0,0.15
3091,0,0,0,1000.0,-0.02,0.0,0.15
3092,0,0,0,1000.0,-0.01,0.0,0.15
3093,0,0,0,1000.0,0.0,0.0,0.15
3094,0,0,0,1000.0,4.0,0.0,0.15
3095,0,0,0,1000.0,4.01,0.0,0.15
3096,0,0,0,1000.0,4.02,0.0,0.15
3097,0,0,0,1000.0,4.03,0.0,0.15
3098,0,0,0,1000.0,4.04,0.0,0.15
3099,0,0,0,1000.0,4.05,0.0,0.15
3100,0,0,0,1000.0,4.06,0.0,0.15
3101,0,0,0,1000.0,-0.06,0.0,0.16
3102,0,0,0,1000.0,-0.05,0.0,0.16
3103,0,0,0,1000.0,-0.04,0.0,0.16
3104,0,0,0,1000.0,-0.03,0.0,0.16
3105,0,0,0,1000.0,-0.02,0.0,0.16
3106,0,0,0,1000.0,-0.01,0.0,0.16
3107,0,0,0,1000.0,0.0,0.0,0.16
3108,0,0,0,1000.0,4.0,0.0,0.16
3109,0,0,0,1000.0,4.01,0.0,0.16
3110,0,0,0,1000.0,4.02,0.0,0.16
3111,0,0,0,1000.0,4.03,0.0,0.16
3112,0,0,0,1000.0,4.04,0.0,0.16
3113,0,0,0,1000.0,4.05,0.0,0.16
3114,0,0,0,1000.0,4.06,0.0,0.16
3115,0,0,0,1000.0,-0.06,0.0,0.17
3116,0,0,0,1000.0,-0.05,0.0,0.17
3117,0,0,0,1000.0,-0.04,0.0,0.17
3118,0,0,0,1000.0,-0.03,0.0,0.17
3119,0,0,0,1000.0,-0.02,0.0,0.17
3120,0,0,0,1000.0,-0.01,0.0,0.17
3121,0,0,0,1000.0,0.0,0.0,0.17
3122,0,0,0,1000.0,4.0,0.0,0.17
3123,0,0,0,1000.0,4.01,0.0,0.17
3124,0,0,0,1000.0,4.02,0.0,0.17
3125,0,0,0,1000.0,4.03,0.0,0.17
3126,0,0,0,1000.0,4.04,0.0,0.17
3127,0,0,0,1000.0,4.05,0.0,0.17
3128,0,0,0,1000.0,4.06,0.0,0.17
3129,0,0,0,1000.0,-0.06,0.0,0.18
3130,0,0,0,1000.0,-0.05,0.0,0.18
3131,0,0,0,1000.0,-0.04,0.0,0.18
3132,0,0,0,1000.0,-0.03,0.0,0.18
3133,0,0,0,1000.0,-0.02,0.0,0.18
3134,0,0,0,1000.0,-0.01,0.0,0.18
3135,0,0,0,1000.0,0.0,0.0,0.18
3136,0,0,0,1000.0,4.0,0.0,0.18
3137,0,0,0,1000.0,4.01,0.0,0.18
3138,0,0,0,1000.0,4.02,0.0,0.18
3139,0,0,0,1000.0,4.03,0.0,0.18
3140,0,0,0,1000.0,4.04,0.0,0.18
3141,0,0,0,1000.0,4.05,0.0,0.18
3142,0,0,0,1000.0,4.06,0.0,0.18
3143,0,0,0,1000.0,-0.06,0.0,0.19
3144,0,0,0,1000.0,-0.05,0.0,0.19
3145,0,0,0,1000.0,-0.04,0.0,0.19
3146,0,0,0,1000.0,-0.03,0.0,0.19
3147,0,0,0,1000.0,-0.02,0.0,0.19
3148,0,0,0,1000.0,-0.01,0.0,0.19
3149,0,0,0,1000.0,0.0,0.0,0.19
3150,0,0,0,1000.0,4.0,0.0,0.19
3151,0,0,0,1000.0,4.01,0.0,0.19
3152,0,0,0,1000.0,4.02,0.0,0.19
3153,0,0,0,1000.0,4.03,0.0,0.19
3154,0,0,0,1000.0,4.04,0.0,0.19
3155,0,0,0,1000.0,4.05,0.0,0.19
3156,0,0,0,1000.0,4.06,0.0,0.19
3157,0,0,0,1000.0,-0.06,0.0,0.2
3158,0,0,0,1000.0,-0.05,0.0,0.2
3159,0,0,0,1000.0,-0.04,0.0,0.2
3160,0,0,0,1000.0,-0.03,0.0,0.2
3161,0,0,0,1000.0,-0.02,0.0,0.2
3162,0,0,0,1000.0,-0.01,0.0,0.2
3163,0,0,0,1000.0,0.0,0.0,0.2
3164,0,0,0,1000.0,4.0,0.0,0.2
3165,0,0,0,1000.0,4.01,0.0,0.2
3166,0,0,0,1000.0,4.02,0.0,0.2
3167,0,0,0,1000.0,4.03,0.0,0.2
3168,0,0,0,1000.0,4.04,0.0,0.2
3169,0,0,0,1000.0,4.05,0.0,0.2
3170,0,0,0,1000.0,4.06,0.0,0.2
3171,0,0,0,1000.0,-0.06,0.0,0.21
3172,0,0,0,1000.0,-0.05,0.0,0.21
3173,0,0,0,1000.0,-0.04,0.0,0.21
3174,0,0,0,1000.0,-0.03,0.0,0.21
3175,0,0,0,1000.0,-0.02,0.0,0.21
3176,0,0,0,1000.0,-0.01,0.0,0.21
3177,0,0,0,1000.0,0.0,0.0,0.21
3178,0,0,0,1000.0,4.0,0.0,0.21
3179,0,0,0,1000.0,4.01,0.0,0.21
3180,0,0,0,1000.0,4.02,0.0,0.21
3181,0,0,0,1000.0,4.03,0.0,0.21
3182,0,0,0,1000.0,4.04,0.0,0.21
3183,0,0,0,1000.0,4.05,0.0,0.21
3184,0,0,0,1000.0,4.06,0.0,0.21
3185,0,0,0,1000.0,-0.06,0.0,0.22
3186,0,0,0,1000.0,-0.05,0.0,0.22
3187,0,0,0,1000.0,-0.04,0.0,0.22
3188,0,0,0,1000.0,-0.03,0.0,0.22
3189,0,0,0,1000.0,-0.02,0.0,0.22
3190,0,0,0,1000.0,-0.01,0.0,0.22
3191,0,0,0,1000.0,0.0,0.0,0.22
3192,0,0,0,1000.0,4.0,0.0,0.22
3193,0,0,0,1000.0,4.01,0.0,0.22
3194,0,0,0,1000.0,4.02,0.0,0.22
3195,0,0,0,1000.0,4.03,0.0,0.22
3196,0,0,0,1000.0,4.04,0.0,0.22
3197,0,0,0,1000.0,4.05,0.0,0.22
3198,0,0,0,1000.0,4.06,0.0,0.22
3199,0,0,0,1000.0,-0.06,0.0,0.23
3200,0,0,0,1000.0,-0.05,0.0,0.23
3201,0,0,0,1000.0,-0.04,0.0,0.23
3202,0,0,0,1000.0,-0.03,0.0,0.23
3203,0,0,0,1000.0,-0.02,0.0,0.23
3204,0,0,0,1000.0,-0.01,0.0,0.23
3205,0,0,0,1000.0,0.0,0.0,0.23
3206,0,0,0,1000.0,4.0,0.0,0.23
3207,0,0,0,1000.0,4.01,0.0,0.23
3208,0,0,0,1000.0,4.02,0.0,0.23
3209,0,0,0,1000.0,4.03,0.0,0.23
3210,0,0,0,1000.0,4.04,0.0,0.23
3211,0,0,0,1000.0,4.05,0.0,0.23
3212,0,0,0,1000.0,4.06,0.0,0.23
3213,0,0,0,1000.0,-0.06,0.0,0.24
3214,0,0,0,1000.0,-0.05,0.0,0.24
3215,0,0,0,1000.0,-0.04,0.0,0.24
3216,0,0,0,1000.0,-0.03,0.0,0.24
3217,0,0,0,1000.0,-0.02,0.0,0.24
3218,0,0,0,1000.0,-0.01,0.0,0.24
3219,0,0,0,1000.0,0.0,0.0,0.24
3220,0,0,0,1000.0,4.0,0.0,0.24
3221,0,0,0,1000.0,4.01,0.0,0.24
3222,0,0,0,1000.0,4.02,0.0,0.24
3223,0,0,0,1000.0,4.03,0.0,0.24
3224,0,0,0,1000.0,4.04,0.0,0.24
3225,0,0,0,1000.0,4.05,0.0,0.24
3226,0,0,0,1000.0,4.06,0.0,0.24
3227,0,0,0,1000.0,-0.06,0.0,0.25
3228,0,0,0,1000.0,-0.05,0.0,0.25
3229,0,0,0,1000.0,-0.04,0.0,0.25
3230,0,0,0,1000.0,-0.03,0.0,0.25
3231,0,0,0,1000.0,-0.02,0.0,0.25
3232,0,0,0,1000.0,-0.01,0.0,0.25
3233,0,0,0,1000.0,0.0,0.0,0.25
3234,0,0,0,1000.0,4.0,0.0,0.25
3235,0,0,0,1000.0,4.01,0.0,0.25
3236,0,0,0,1000.0,4.02,0.0,0.25
3237,0,0,0,1000.0,4.03,0.0,0.25
3238,0,0,0,1000.0,4.04,0.0,0.25
3239,0,0,0,1000.0,4.05,0.0,0.25
3240,0,0,0,1000.0,4.06,0.0,0.25
3241,0,0,0,1000.0,-0.06,0.0,0.26
3242,0,0,0,1000.0,-0.05,0.0,0.26
3243,0,0,0,1000.0,-0.04,0.0,0.26
3244,0,0,0,1000.0,-0.03,0.0,0.26
3245,0,0,0,1000.0,-0.02,0.0,0.26
3246,0,0,0,1000.0,-0.01,0.0,0.26
3247,0,0,0,1000.0,0.0,0.0,0.26
3248,0,0,0,1000.0,4.0,0.0,0.26
3249,0,0,0,1000.0,4.01,0.0,0.26
3250,0,0,0,1000.0,4.02,0.0,0.26
3251,0,0,0,1000.0,4.03,0.0,0.26
3252,0,0,0,1000.0,4.04,0.0,0.26
3253,0,0,0,1000.0,4.05,0.0,0.26
3254,0,0,0,1000.0,4.06,0.0,0.26
3255,0,0,0,1000.0,-0.06,0.0,0.27
3256,0,0,0,1000.0,-0.05,0.0,0.27
3257,0,0,0,1000.0,-0.04,0.0,0.27
3258,0,0,0,1000.0,-0.03,0.0,0.27
3259,0,0,0,1000.0,-0.02,0.0,0.27
3260,0,0,0,1000.0,-0.01,0.0,0.27
3261,0,0,0,1000.0,0.0,0.0,0.27
3262,0,0,0,1000.0,4.0,0.0,0.27
3263,0,0,0,1000.0,4.01,0.0,0.27
3264,0,0,0,1000.0,4.02,0.0,0.27
3265,0,0,0,1000.0,4.03,0.0,0.27
3266,0,0,0,1000.0,4.04,0.0,0.27
3267,0,0,0,1000.0,4.05,0.0,0.27
3268,0,0,0,1000.0,4.06,0.0,0.27
3269,0,0,0,1000.0,-0.06,0.0,0.28
3270,0,0,0,1000.0,-0.05,0.0,0.28
3271,0,0,0,1000.0,-0.04,0.0,0.28
3272,0,0,0,1000.0,-0.03,0.0,0.28
3273,0,0,0,1000.0,-0.02,0.0,0.28
3274,0,0,0,1000.0,-0.01,0.0,0.28
3275,0,0,0,1000.0,0.0,0.0,0.28
3276,0,0,0,1000.0,4.0,0.0,0.28
3277,0,0,0,1000.0,4.01,0.0,0.28
3278,0,0,0,1000.0,4.02,0.0,0.28
3279,0,0,0,1000.0,4.03,0.0,0.28
3280,0,0,0,1000.0,4.04,0.0,0.28
3281,0,0,0,1000.0,4.05,0.0,0.28
3282,0,0,0,1000.0,4.06,0.0,0.28
3283,0,0,0,1000.0,-0.06,0.0,0.29
3284,0,0,0,1000.0,-0.05,0.0,0.29
3285,0,0,0,1000.0,-0.04,0.0,0.29
3286,0,0,0,1000.0,-0.03,0.0,0.29
3287,0,0,0,1000.0,-0.02,0.0,0.29
3288,0,0,0,1000.0,-0.01,0.0,0.29
3289,0,0,0,1000.0,0.0,0.0,0.29
3290,0,0,0,1000.0,4.0,0.0,0.29
3291,0,0,0,1000.0,4.01,0.0,0.29
3292,0,0,0,1000.0,4.02,0.0,0.29
3293,0,0,0,1000.0,4.03,0.0,0.29
3294,0,0,0,1000.0,4.04,0.0,0.29
3295,0,0,0,1000.0,4.05,0.0,0.29
3296,0,0,0,1000.0,4.06,0.0,0.29
3297,0,0,0,1000.0,-0.06,0.0,0.3
3298,0,0,0,1000.0,-0.05,0.0,0.3
3299,0,0,0,1000.0,-0.04,0.0,0.3
3300,0,0,0,1000.0,-0.03,0.0,0.3
3301,0,0,0,1000.0,-0.02,0.0,0.3
3302,0,0,0,1000.0,-0.01,0.0,0.3
3303,0,0,0,1000.0,0.0,0.0,0.3
3304,0,0,0,1000.0,4.0,0.0,0.3
3305,0,0,0,1000.0,4.01,0.0,0.3
3306,0,0,0,1000.0,4.02,0.0,0.3
3307,0,0,0,1000.0,4.03,0.0,0.3
3308,0,0,0,1000.0,4.04,0.0,0.3
3309,0,0,0,1000.0,4.05,0.0,0.3
3310,0,0,0,1000.0,4.06,0.0,0.3
3311,0,0,0,1000.0,-0.06,0.0,0.31
3312,0,0,0,1000.0,-0.05,0.0,0.31
3313,0,0,0,1000.0,-0.04,0.0,0.31
3314,0,0,0,1000.0,-0.03,0.0,0.31
3315,0,0,0,1000.0,-0.02,0.0,0.31
3316,0,0,0,1000.0,-0.01,0.0,0.31
3317,0,0,0,1000.0,0.0,0.0,0.31
3318,0,0,0,1000.0,4.0,0.0,0.31
3319,0,0,0,1000.0,4.01,0.0,0.31
3320,0,0,0,1000.0,4.02,0.0,0.31
3321,0,0,0,1000.0,4.03,0.0,0.31
3322,0,0,0,1000.0,4.04,0.0,0.31
3323,0,0,0,1000.0,4.05,0.0,0.31
3324,0,0,0,1000.0,4.06,0.0,0.31
3325,0,0,0,1000.0,-0.06,0.0,0.32
3326,0,0,0,1000.0,-0.05,0.0,0.32
3327,0,0,0,1000.0,-0.04,0.0,0.32
3328,0,0,0,1000.0,-0.03,0.0,0.32
3329,0,0,0,1000.0,-0.02,0.0,0.32
3330,0,0,0,1000.0,-0.01,0.0,0.32
3331,0,0,0,1000.0,0.0,0.0,0.32
3332,0,0,0,1000.0,4.0,0.0,0.32
3333,0,0,0,1000.0,4.01,0.0,0.32
3334,0,0,0,1000.0,4.02,0.0,0.32
3335,0,0,0,1000.0,4.03,0.0,0.32
3336,0,0,0,1000.0,4.04,0.0,0.32
3337,0,0,0,1000.0,4.05,0.0,0.32
3338,0,0,0,1000.0,4.06,0.0,0.32
3339,0,0,0,1000.0,-0.06,0.0,0.33
3340,0,0,0,1000.0,-0.05,0.0,0.33
3341,0,0,0,1000.0,-0.04,0.0,0.33
3342,0,0,0,1000.0,-0.03,0.0,0.33
3343,0,0,0,1000.0,-0.02,0.0,0.33
3344,0,0,0,1000.0,-0.01,0.0,0.33
3345,0,0,0,1000.0,0.0,0.0,0.33
3346,0,0,0,1000.0,4.0,0.0,0.33
3347,0,0,0,1000.0,4.01,0.0,0.33
3348,0,0,0,1000.0,4.02,0.0,0.33
3349,0,0,0,1000.0,4.03,0.0,0.33
3350,0,0,0,1000.0,4.04,0.0,0.33
3351,0,0,0,1000.0,4.05,0.0,0.33
3352,0,0,0,1000.0,4.06,0.0,0.33
3353,0,0,0,1000.0,-0.06,0.0,0.34
3354,0,0,0,1000.0,-0.05,0.0,0.34
3355,0,0,0,1000.0,-0.04,0.0,0.34
3356,0,0,0,1000.0,-0.03,0.0,0.34
3357,0,0,0,1000.0,-0.02,0.0,0.34
3358,0,0,0,1000.0,-0.01,0.0,0.34
3359,0,0,0,1000.0,0.0,0.0,0.34
3360,0,0,0,1000.0,4.0,0.0,0.34
3361,0,0,0,1000.0,4.01,0.0,0.34
3362,0,0,0,1000.0,4.02,0.0,0.34
3363,0,0,0,1000.0,4.03,0.0,0.34
3364,0,0,0,1000.0,4.04,0.0,0.34
3365,0,0,0,1000.0,4.05,0.0,0.34
3366,0,0,0,1000.0,4.06,0.0,0.34
3367,0,0,0,1000.0,-0.06,0.0,0.35
3368,0,0,0,1000.0,-0.05,0.0,0.35
3369,0,0,0,1000.0,-0.04,0.0,0.35
3370,0,0,0,1000.0,-0.03,0.0,0.35
3371,0,0,0,1000.0,-0.02,0.0,0.35
3372,0,0,0,1000.0,-0.01,0.0,0.35
3373,0,0,0,1000.0,0.0,0.0,0.35
3374,0,0,0,1000.0,4.0,0.0,0.35
3375,0,0,0,1000.0,4.01,0.0,0.35
3376,0,0,0,1000.0,4.02,0.0,0.35
3377,0,0,0,1000.0,4.03,0.0,0.35
3378,0,0,0,1000.0,4.04,0.0,0.35
3379,0,0,0,1000.0,4.05,0.0,0.35
3380,0,0,0,1000.0,4.06,0.0,0.35
3381,0,0,0,1000.0,-0.06,0.0,0.36
3382,0,0,0,1000.0,-0.05,0.0,0.36
3383,0,0,0,1000.0,-0.04,0.0,0.36
3384,0,0,0,1000.0,-0.03,0.0,0.36
3385,0,0,0,1000.0,-0.02,0.0,0.36
3386,0,0,0,1000.0,-0.01,0.0,0.36
3387,0,0,0,1000.0,0.0,0.0,0.36
3388,0,0,0,1000.0,4.0,0.0,0.36
3389,0,0,0,1000.0,4.01,0.0,0.36
3390,0,0,0,1000.0,4.02,0.0,0.36
3391,0,0,0,1000.0,4.03,0.0,0.36
3392,0,0,0,1000.0,4.04,0.0,0.36
3393,0,0,0,1000.0,4.05,0.0,0.36
3394,0,0,0,1000.0,4.06,0.0,0.36
3395,0,0,0,1000.0,-0.06,0.0,0.37
3396,0,0,0,1000.0,-0.05,0.0,0.37
3397,0,0,0,1000.0,-0.04,0.0,0.37
3398,0,0,0,1000.0,-0.03,0.0,0.37
3399,0,0,0,1000.0,-0.02,0.0,0.37
3400,0,0,0,1000.0,-0.01,0.0,0.37
3401,0,0,0,1000.0,0.0,0.0,0.37
3402,0,0,0,1000.0,4.0,0.0,0.37
3403,0,0,0,1000.0,4.01,0.0,0.37
3404,0,0,0,1000.0,4.02,0.0,0.37
3405,0,0,0,1000.0,4.03,0.0,0.37
3406,0,0,0,1000.0,4.04,0.0,0.37
3407,0,0,0,1000.0,4.05,0.0,0.37
3408,0,0,0,1000.0,4.06,0.0,0.37
3409,0,0,0,1000.0,-0.06,0.0,0.38
3410,0,0,0,1000.0,-0.05,0.0,0.38
3411,0,0,0,1000.0,-0.04,0.0,0.38
3412,0,0,0,1000.0,-0.03,0.0,0.38
3413,0,0,0,1000.0,-0.02,0.0,0.38
3414,0,0,0,1000.0,-0.01,0.0,0.38
3415,0,0,0,1000.0,0.0,0.0,0.38
3416,0,0,0,1000.0,4.0,0.0,0.38
3417,0,0,0,1000.0,4.01,0.0,0.38
3418,0,0,0,1000.0,4.02,0.0,0.38
3419,0,0,0,1000.0,4.03,0.0,0.38
3420,0,0,0,1000.0,4.04,0.0,0.38
3421,0,0,0,1000.0,4.05,0.0,0.38
3422,0,0,0,1000.0,4.06,0.0,0.38
3423,0,0,0,1000.0,-0.06,0.0,0.39
3424,0,0,0,1000.0,-0.05,0.0,0.39
3425,0,0,0,1000.0,-0.04,0.0,0.39
3426,0,0,0,1000.0,-0.03,0.0,0.39
3427,0,0,0,1000.0,-0.02,0.0,0.39
3428,0,0,0,1000.0,-0.01,0.0,0.39
3429,0,0,0,1000.0,0.0,0.0,0.39
3430,0,0,0,1000.0,4.0,0.0,0.39
3431,0,0,0,1000.0,4.01,0.0,0.39
3432,0,0,0,1000.0,4.02,0.0,0.39
3433,0,0,0,1000.0,4.03,0.0,0.39
3434,0,0,0,1000.0,4.04,0.0,0.39
3435,0,0,0,1000.0,4.05,0.0,0.39
3436,0,0,0,1000.0,4.06,0.0,0.39
3437,0,0,0,1000.0,-0.06,0.0,0.4
3438,0,0,0,1000.0,-0.05,0.0,0.4
3439,0,0,0,1000.0,-0.04,0.0,0.4
3440,0,0,0,1000.0,-0.03,0.0,0.4
3441,0,0,0,1000.0,-0.02,0.0,0.4
3442,0,0,0,1000.0,-0.01,0.0,0.4
3443,0,0,0,1000.0,0.0,0.0,0.4
3444,0,0,0,1000.0,4.0,0.0,0.4
3445,0,0,0,1000.0,4.01,0.0,0.4
3446,0,0,0,1000.0,4.02,0.0,0.4
3447,0,0,0,1000.0,4.03,0.0,0.4
3448,0,0,0,1000.0,4.04,0.0,0.4
3449,0,0,0,1000.0,4.05,0.0,0.4
3450,0,0,0,1000.0,4.06,0.0,0.4
3451,0,0,0,1000.0,-0.06,0.0,0.41
3452,0,0,0,1000.0,-0.05,0.0,0.41
3453,0,0,0,1000.0,-0.04,0.0,0.41
3454,0,0,0,1000.0,-0.03,0.0,0.41
3455,0,0,0,1000.0,-0.02,0.0,0.41
3456,0,0,0,1000.0,-0.01,0.0,0.41
3457,0,0,0,1000.0,0.0,0.0,0.41
3458,0,0,0,1000.0,4.0,0.0,0.41
3459,0,0,0,1000.0,4.01,0.0,0.41
3460,0,0,0,1000.0,4.02,0.0,0.41
3461,0,0,0,1000.0,4.03,0.0,0.41
3462,0,0,0,1000.0,4.04,0.0,0.41
3463,0,0,0,1000.0,4.05,0.0,0.41
3464,0,0,0,1000.0,4.06,0.0,0.41
3465,0,0,0,1000.0,-0.06,0.0,0.42
3466,0,0,0,1000.0,-0.05,0.0,0.42
3467,0,0,0,1000.0,-0.04,0.0,0.42
3468,0,0,0,1000.0,-0.03,0.0,0.42
3469,0,0,0,1000.0,-0.02,0.0,0.42
3470,0,0,0,1000.0,-0.01,0.0,0.42
3471,0,0,0,1000.0,0.0,0.0,0.42
3472,0,0,0,1000.0,4.0,0.0,0.42
3473,0,0,0,1000.0,4.01,0.0,0.42
3474,0,0,0,1000.0,4.02,0.0,0.42
3475,0,0,0,1000.0,4.03,0.0,0.42
3476,0,0,0,1000.0,4.04,0.0,0.42
3477,0,0,0,1000.0,4.05,0.0,0.42
3478,0,0,0,1000.0,4.06,0.0,0.42
3479,0,0,0,1000.0,-0.06,0.0,0.43
3480,0,0,0,1000.0,-0.05,0.0,0.43
3481,0,0,0,1000.0,-0.04,0.0,0.43
3482,0,0,0,1000.0,-0.03,0.0,0.43
3483,0,0,0,1000.0,-0.02,0.0,0.43
3484,0,0,0,1000.0,-0.01,0.0,0.43
3485,0,0,0,1000.0,0.0,0.0,0.43
3486,0,0,0,1000.0,4.0,0.0,0.43
3487,0,0,0,1000.0,4.01,0.0,0.43
3488,0,0,0,1000.0,4.02,0.0,0.43
3489,0,0,0,1000.0,4.03,0.0,0.43
3490,0,0,0,1000.0,4.04,0.0,0.43
3491,0,0,0,1000.0,4.05,0.0,0.43
3492,0,0,0,1000.0,4.06,0.0,0.43
3493,0,0,0,1000.0,-0.06,0.0,0.44
3494,0,0,0,1000.0,-0.05,0.0,0.44
3495,0,0,0,1000.0,-0.04,0.0,0.44
3496,0,0,0,1000.0,-0.03,0.0,0.44
3497,0,0,0,1000.0,-0.02,0.0,0.44
3498,0,0,0,1000.0,-0.01,0.0,0.44
3499,0,0,0,1000.0,0.0,0.0,0.44
3500,0,0,0,1000.0,4.0,0.0,0.44
3501,0,0,0,1000.0,4.01,0.0,0.44
3502,0,0,0,1000.0,4.02,0.0,0.44
3503,0,0,0,1000.0,4.03,0.0,0.44
3504,0,0,0,1000.0,4.04,0.0,0.44
3505,0,0,0,1000.0,4.05,0.0,0.44
3506,0,0,0,1000.0,4.06,0.0,0.44
3507,0,0,0,1000.0,-0.06,0.0,0.45
3508,0,0,0,1000.0,-0.05,0.0,0.45
3509,0,0,0,1000.0,-0.04,0.0,0.45
3510,0,0,0,1000.0,-0.03,0.0,0.45
3511,0,0,0,1000.0,-0.02,0.0,0.45
3512,0,0,0,1000.0,-0.01,0.0,0.45
3513,0,0,0,1000.0,0.0,0.0,0.45
3514,0,0,0,1000.0,4.0,0.0,0.45
3515,0,0,0,1000.0,4.01,0.0,0.45
3516,0,0,0,1000.0,4.02,0.0,0.45
3517,0,0,0,1000.0,4.03,0.0,0.45
3518,0,0,0,1000.0,4.04,0.0,0.45
3519,0,0,0,1000.0,4.05,0.0,0.45
3520,0,0,0,1000.0,4.06,0.0,0.45
3521,0,0,0,1000.0,-0.06,0.0,0.46
3522,0,0,0,1000.0,-0.05,0.0,0.46
3523,0,0,0,1000.0,-0.04,0.0,0.46
3524,0,0,0,1000.0,-0.03,0.0,0.46
3525,0,0,0,1000.0,-0.02,0.0,0.46
3526,0,0,0,1000.0,-0.01,0.0,0.46
3527,0,0,0,1000.0,0.0,0.0,0.46
3528,0,0,0,1000.0,4.0,0.0,0.46
3529,0,0,0,1000.0,4.01,0.0,0.46
3530,0,0,0,1000.0,4.02,0.0,0.46
3531,0,0,0,1000.0,4.03,0.0,0.46
3532,0,0,0,1000.0,4.04,0.0,0.46
3533,0,0,0,1000.0,4.05,0.0,0.46
3534,0,0,0,1000.0,4.06,0.0,0.46
3535,0,0,0,1000.0,-0.06,0.0,0.47
3536,0,0,0,1000.0,-0.05,0.0,0.47
3537,0,0,0,1000.0,-0.04,0.0,0.47
3538,0,0,0,1000.0,-0.03,0.0,0.47
3539,0,0,0,1000.0,-0.02,0.0,0.47
3540,0,0,0,1000.0,-0.01,0.0,0.47
3541,0,0,0,1000.0,0.0,0.0,0.47
3542,0,0,0,1000.0,4.0,0.0,0.47
3543,0,0,0,1000.0,4.01,0.0,0.47
3544,0,0,0,1000.0,4.02,0.0,0.47
3545,0,0,0,1000.0,4.03,0.0,0.47
3546,0,0,0,1000.0,4.04,0.0,0.47
3547,0,0,0,1000.0,4.05,0.0,0.47
3548,0,0,0,1000.0,4.06,0.0,0.47
3549,0,0,0,1000.0,-0.06,0.0,0.48
3550,0,0,0,1000.0,-0.05,0.0,0.48
3551,0,0,0,1000.0,-0.04,0.0,0.48
3552,0,0,0,1000.0,-0.03,0.0,0.48
3553,0,0,0,1000.0,-0.02,0.0,0.48
3554,0,0,0,1000.0,-0.01,0.0,0.48
3555,0,0,0,1000.0,0.0,0.0,0.48
3556,0,0,0,1000.0,4.0,0.0,0.48
3557,0,0,0,1000.0,4.01,0.0,0.48
3558,0,0,0,1000.0,4.02,0.0,0.48
3559,0,0,0,1000.0,4.03,0.0,0.48
3560,0,0,0,1000.0,4.04,0.0,0.48
3561,0,0,0,1000.0,4.05,0.0,0.48
3562,0,0,0,1000.0,4.06,0.0,0.48
3563,0,0,0,1000.0,-0.06,0.0,0.49
3564,0,0,0,1000.0,-0.05,0.0,0.49
3565,0,0,0,1000.0,-0.04,0.0,0.49
3566,0,0,0,1000.0,-0.03,0.0,0.49
3567,0,0,0,1000.0,-0.02,0.0,0.49
3568,0,0,0,1000.0,-0.01,0.0,0.49
3569,0,0,0,1000.0,0.0,0.0,0.49
3570,0,0,0,1000.0,4.0,0.0,0.49
3571,0,0,0,1000.0,4.01,0.0,0.49
3572,0,0,0,1000.0,4.02,0.0,0.49
3573,0,0,0,1000.0,4.03,0.0,0.49
3574,0,0,0,1000.0,4.04,0.0,0.49
3575,0,0,0,1000.0,4.05,0.0,0.49
3576,0,0,0,1000.0,4.06,0.0,0.49
3577,0,0,0,1000.0,-0.06,0.0,0.5
3578,0,0,0,1000.0,-0.05,0.0,0.5
3579,0,0,0,1000.0,-0.04,0.0,0.5
3580,0,0,0,1000.0,-0.03,0.0,0.5
3581,0,0,0,1000.0,-0.02,0.0,0.5
3582,0,0,0,1000.0,-0.01,0.0,0.5
3583,0,0,0,1000.0,0.0,0.0,0.5
3584,0,0,0,1000.0,4.0,0.0,0.5
3585,0,0,0,1000.0,4.01,0.0,0.5
3586,0,0,0,1000.0,4.02,0.0,0.5
3587,0,0,0,1000.0,4.03,0.0,0.5
3588,0,0,0,1000.0,4.04,0.0,0.5
3589,0,0,0,1000.0,4.05,0.0,0.5
3590,0,0,0,1000.0,4.06,0.0,0.5
3591,0,0,0,1000.0,-0.06,0.0,0.51
3592,0,0,0,1000.0,-0.05,0.0,0.51
3593,0,0,0,1000.0,-0.04,0.0,0.51
3594,0,0,0,1000.0,-0.03,0.0,0.51
3595,0,0,0,1000.0,-0.02,0.0,0.51
3596,0,0,0,1000.0,-0.01,0.0,0.51
3597,0,0,0,1000.0,0.0,0.0,0.51
3598,0,0,0,1000.0,4.0,0.0,0.51
3599,0,0,0,1000.0,4.01,0.0,0.51
3600,0,0,0,1000.0,4.02,0.0,0.51
3601,0,0,0,1000.0,4.03,0.0,0.51
3602,0,0,0,1000.0,4.04,0.0,0.51
3603,0,0,0,1000.0,4.05,0.0,0.51
3604,0,0,0,1000.0,4.06,0.0,0.51
3605,0,0,0,1000.0,-0.06,0.0,0.52
3606,0,0,0,1000.0,-0.05,0.0,0.52
3607,0,0,0,1000.0,-0.04,0.0,0.52
3608,0,0,0,1000.0,-0.03,0.0,0.52
3609,0,0,0,1000.0,-0.02,0.0,0.52
3610,0,0,0,1000.0,-0.01,0.0,0.52
3611,0,0,0,1000.0,0.0,0.0,0.52
3612,0,0,0,1000.0,4.0,0.0,0.52
3613,0,0,0,1000.0,4.01,0.0,0.52
3614,0,0,0,1000.0,4.02,0.0,0.52
3615,0,0,0,1000.0,4.03,0.0,0.52
3616,0,0,0,1000.0,4.04,0.0,0.52
3617,0,0,0,1000.0,4.05,0.0,0.52
3618,0,0,0,1000.0,4.06,0.0,0.52
3619,0,0,0,1000.0,-0.06,0.0,0.53
3620,0,0,0,1000.0,-0.05,0.0,0.53
3621,0,0,0,1000.0,-0.04,0.0,0.53
3622,0,0,0,1000.0,-0.03,0.0,0.53
3623,0,0,0,1000.0,-0.02,0.0,0.53
3624,0,0,0,1000.0,-0.01,0.0,0.53
3625,0,0,0,1000.0,0.0,0.0,0.53
3626,0,0,0,1000.0,4.0,0.0,0.53
3627,0,0,0,1000.0,4.01,0.0,0.53
3628,0,0,0,1000.0,4.02,0.0,0.53
3629,0,0,0,1000.0,4.03,0.0,0.53
3630,0,0,0,1000.0,4.04,0.0,0.53
3631,0,0,0,1000.0,4.05,0.0,0.53
3632,0,0,0,1000.0,4.06,0.0,0.53
3633,0,0,0,1000.0,-0.06,0.0,0.54
3634,0,0,0,1000.0,-0.05,0.0,0.54
3635,0,0,0,1000.0,-0.04,0.0,0.54
3636,0,0,0,1000.0,-0.03,0.0,0.54
3637,0,0,0,1000.0,-0.02,0.0,0.54
3638,0,0,0,1000.0,-0.01,0.0,0.54
3639,0,0,0,1000.0,0.0,0.0,0.54
3640,0,0,0,1000.0,4.0,0.0,0.54
3641,0,0,0,1000.0,4.01,0.0,0.54
3642,0,0,0,1000.0,4.02,0.0,0.54
3643,0,0,0,1000.0,4.03,0.0,0.54
3644,0,0,0,1000.0,4.04,0.0,0.54
3645,0,0,0,1000.0,4.05,0.0,0.54
3646,0,0,0,1000.0,4.06,0.0,0.54
3647,0,0,0,1000.0,-0.06,0.0,0.55
3648,0,0,0,1000.0,-0.05,0.0,0.55
3649,0,0,0,1000.0,-0.04,0.0,0.55
3650,0,0,0,1000.0,-0.03,0.0,0.55
3651,0,0,0,1000.0,-0.02,0.0,0.55
3652,0,0,0,1000.0,-0.01,0.0,0.55
3653,0,0,0,1000.0,0.0,0.0,0.55
3654,0,0,0,1000.0,4.0,0.0,0.55
3655,0,0,0,1000.0,4.01,0.0,0.55
3656,0,0,0,1000.0,4.02,0.0,0.55
3657,0,0,0,1000.0,4.03,0.0,0.55
3658,0,0,0,1000.0,4.04,0.0,0.55
3659,0,0,0,1000.0,4.05,0.0,0.55
3660,0,0,0,1000.0,4.06,0.0,0.55
3661,0,0,0,1000.0,-0.06,0.0,0.56
3662,0,0,0,1000.0,-0.05,0.0,0.56
3663,0,0,0,1000.0,-0.04,0.0,0.56
3664,0,0,0,1000.0,-0.03,0.0,0.56
3665,0,0,0,1000.0,-0.02,0.0,0.56
3666,0,0,0,1000.0,-0.01,0.0,0.56
3667,0,0,0,1000.0,0.0,0.0,0.56
3668,0,0,0,1000.0,4.0,0.0,0.56
3669,0,0,0,1000.0,4.01,0.0,0.56
3670,0,0,0,1000.0,4.02,0.0,0.56
3671,0,0,0,1000.0,4.03,0.0,0.56
3672,0,0,0,1000.0,4.04,0.0,0.56
3673,0,0,0,1000.0,4.05,0.0,0.56
3674,0,0,0,1000.0,4.06,0.0,0.56
3675,0,0,0,1000.0,-0.06,0.0,0.57
3676,0,0,0,1000.0,-0.05,0.0,0.57
3677,0,0,0,1000.0,-0.04,0.0,0.57
3678,0,0,0,1000.0,-0.03,0.0,0.57
3679,0,0,0,1000.0,-0.02,0.0,0.57
3680,0,0,0,1000.0,-0.01,0.0,0.57
3681,0,0,0,1000.0,0.0,0.0,0.57
3682,0,0,0,1000.0,4.0,0.0,0.57
3683,0,0,0,1000.0,4.01,0.0,0.57
3684,0,0,0,1000.0,4.02,0.0,0.57
3685,0,0,0,1000.0,4.03,0.0,0.57
3686,0,0,0,1000.0,4.04,0.0,0.57
3687,0,0,0,1000.0,4.05,0.0,0.57
3688,0,0,0,1000.0,4.06,0.0,0.57
3689,0,0,0,1000.0,-0.06,0.0,0.58
3690,0,0,0,1000.0,-0.05,0.0,0.58
3691,0,0,0,1000.0,-0.04,0.0,0.58
3692,0,0,0,1000.0,-0.03,0.0,0.58
3693,0,0,0,1000.0,-0.02,0.0,0.58
3694,0,0,0,1000.0,-0.01,0.0,0.58
3695,0,0,0,1000.0,0.0,0.0,0.58
3696,0,0,0,1000.0,4.0,0.0,0.58
3697,0,0,0,1000.0,4.01,0.0,0.58
3698,0,0,0,1000.0,4.02,0.0,0.58
3699,0,0,0,1000.0,4.03,0.0,0.58
3700,0,0,0,1000.0,4.04,0.0,0.58
3701,0,0,0,1000.0,4.05,0.0,0.58
3702,0,0,0,1000.0,4.06,0.0,0.58
3703,0,0,0,1000.0,-0.06,0.0,0.59
3704,0,0,0,1000.0,-0.05,0.0,0.59
3705,0,0,0,1000.0,-0.04,0.0,0.59
3706,0,0,0,1000.0,-0.03,0.0,0.59
3707,0,0,0,1000.0,-0.02,0.0,0.59
3708,0,0,0,1000.0,-0.01,0.0,0.59
3709,0,0,0,1000.0,0.0,0.0,0.59
3710,0,0,0,1000.0,4.0,0.0,0.59
3711,0,0,0,1000.0,4.01,0.0,0.59
3712,0,0,0,1000.0,4.02,0.0,0.59
3713,0,0,0,1000.0,4.03,0.0,0.59
3714,0,0,0,1000.0,4.04,0.0,0.59
3715,0,0,0,1000.0,4.05,0.0,0.59
3716,0,0,0,1000.0,4.06,0.0,0.59
3717,0,0,0,1000.0,-0.06,0.0,0.6
3718,0,0,0,1000.0,-0.05,0.0,0.6
3719,0,0,0,1000.0,-0.04,0.0,0.6
3720,0,0,0,1000.0,-0.03,0.0,0.6
3721,0,0,0,1000.0,-0.02,0.0,0.6
3722,0,0,0,1000.0,-0.01,0.0,0.6
3723,0,0,0,1000.0,0.0,0.0,0.6
3724,0,0,0,1000.0,4.0,0.0,0.6
3725,0,0,0,1000.0,4.01,0.0,0.6
3726,0,0,0,1000.0,4.02,0.0,0.6
3727,0,0,0,1000.0,4.03,0.0,0.6
3728,0,0,0,1000.0,4.04,0.0,0.6
3729,0,0,0,1000.0,4.05,0.0,0.6
3730,0,0,0,1000.0,4.06,0.0,0.6
3731,0,0,0,1000.0,-0.06,0.0,0.61
3732,0,0,0,1000.0,-0.05,0.0,0.61
3733,0,0,0,1000.0,-0.04,0.0,0.61
3734,0,0,0,1000.0,-0.03,0.0,0.61
3735,0,0,0,1000.0,-0.02,0.0,0.61
3736,0,0,0,1000.0,-0.01,0.0,0.61
3737,0,0,0,1000.0,0.0,0.0,0.61
3738,0,0,0,1000.0,4.0,0.0,0.61
3739,0,0,0,1000.0,4.01,0.0,0.61
3740,0,0,0,1000.0,4.02,0.0,0.61
3741,0,0,0,1000.0,4.03,0.0,0.61
3742,0,0,0,1000.0,4.04,0.0,0.61
3743,0,0,0,1000.0,4.05,0.0,0.61
3744,0,0,0,1000.0,4.06,0.0,0.61
3745,0,0,0,1000.0,-0.06,0.0,0.62
3746,0,0,0,1000.0,-0.05,0.0,0.62
3747,0,0,0,1000.0,-0.04,0.0,0.62
3748,0,0,0,1000.0,-0.03,0.0,0.62
3749,0,0,0,1000.0,-0.02,0.0,0.62
3750,0,0,0,1000.0,-0.01,0.0,0.62
3751,0,0,0,1000.0,0.0,0.0,0.62
3752,0,0,0,1000.0,4.0,0.0,0.62
3753,0,0,0,1000.0,4.01,0.0,0.62
3754,0,0,0,1000.0,4.02,0.0,0.62
3755,0,0,0,1000.0,4.03,0.0,0.62
3756,0,0,0,1000.0,4.04,0.0,0.62
3757,0,0,0,1000.0,4.05,0.0,0.62
3758,0,0,0,1000.0,4.06,0.0,0.62
3759,0,0,0,1000.0,-0.06,0.0,0.63
3760,0,0,0,1000.0,-0.05,0.0,0.63
3761,0,0,0,1000.0,-0.04,0.0,0.63
3762,0,0,0,1000.0,-0.03,0.0,0.63
3763,0,0,0,1000.0,-0.02,0.0,0.63
3764,0,0,0,1000.0,-0.01,0.0,0.63
3765,0,0,0,1000.0,0.0,0.0,0.63
3766,0,0,0,1000.0,4.0,0.0,0.63
3767,0,0,0,1000.0,4.01,0.0,0.63
3768,0,0,0,1000.0,4.02,0.0,0.63
3769,0,0,0,1000.0,4.03,0.0,0.63
3770,0,0,0,1000.0,4.04,0.0,0.63
3771,0,0,0,1000.0,4.05,0.0,0.63
3772,0,0,0,1000.0,4.06,0.0,0.63
3773,0,0,0,1000.0,-0.06,0.0,0.64
3774,0,0,0,1000.0,-0.05,0.0,0.64
3775,0,0,0,1000.0,-0.04,0.0,0.64
3776,0,0,0,1000.0,-0.03,0.0,0.64
3777,0,0,0,1000.0,-0.02,0.0,0.64
3778,0,0,0,1000.0,-0.01,0.0,0.64
3779,0,0,0,1000.0,0.0,0.0,0.64
3780,0,0,0,1000.0,4.0,0.0,0.64
3781,0,0,0,1000.0,4.01,0.0,0.64
3782,0,0,0,1000.0,4.02,0.0,0.64
3783,0,0,0,1000.0,4.03,0.0,0.64
3784,0,0,0,1000.0,4.04,0.0,0.64
3785,0,0,0,1000.0,4.05,0.0,0.64
3786,0,0,0,1000.0,4.06,0.0,0.64
3787,0,0,0,1000.0,-0.06,0.0,0.65
3788,0,0,0,1000.0,-0.05,0.0,0.65
3789,0,0,0,1000.0,-0.04,0.0,0.65
3790,0,0,0,1000.0,-0.03,0.0,0.65
3791,0,0,0,1000.0,-0.02,0.0,0.65
3792,0,0,0,1000.0,-0.01,0.0,0.65
3793,0,0,0,1000.0,0.0,0.0,0.65
3794,0,0,0,1000.0,4.0,0.0,0.65
3795,0,0,0,1000.0,4.01,0.0,0.65
3796,0,0,0,1000.0,4.02,0.0,0.65
3797,0,0,0,1000.0,4.03,0.0,0.65
3798,0,0,0,1000.0,4.04,0.0,0.65
3799,0,0,0,1000.0,4.05,0.0,0.65
3800,0,0,0,1000.0,4.06,0.0,0.65
3801,0,0,0,1000.0,-0.06,0.0,0.66
3802,0,0,0,1000.0,-0.05,0.0,0.66
3803,0,0,0,1000.0,-0.04,0.0,0.66
3804,0,0,0,1000.0,-0.03,0.0,0.66
3805,0,0,0,1000.0,-0.02,0.0,0.66
3806,0,0,0,1000.0,-0.01,0.0,0.66
3807,0,0,0,1000.0,0.0,0.0,0.66
3808,0,0,0,1000.0,4.0,0.0,0.66
3809,0,0,0,1000.0,4.01,0.0,0.66
3810,0,0,0,1000.0,4.02,0.0,0.66
3811,0,0,0,1000.0,4.03,0.0,0.66
3812,0,0,0,1000.0,4.04,0.0,0.66
3813,0,0,0,1000.0,4.05,0.0,0.66
3814,0,0,0,1000.0,4.06,0.0,0.66
3815,0,0,0,1000.0,-0.06,0.0,0.67
3816,0,0,0,1000.0,-0.05,0.0,0.67
3817,0,0,0,1000.0,-0.04,0.0,0.67
3818,0,0,0,1000.0,-0.03,0.0,0.67
3819,0,0,0,1000.0,-0.02,0.0,0.67
3820,0,0,0,1000.0,-0.01,0.0,0.67
3821,0,0,0,1000.0,0.0,0.0,0.67
3822,0,0,0,1000.0,4.0,0.0,0.67
3823,0,0,0,1000.0,4.01,0.0,0.67
3824,0,0,0,1000.0,4.02,0.0,0.67
3825,0,0,0,1000.0,4.03,0.0,0.67
3826,0,0,0,1000.0,4.04,0.0,0.67
3827,0,0,0,1000.0,4.05,0.0,0.67
3828,0,0,0,1000.0,4.06,0.0,0.67
3829,0,0,0,1000.0,-0.06,0.0,0.68
3830,0,0,0,1000.0,-0.05,0.0,0.68
3831,0,0,0,1000.0,-0.04,0.0,0.68
3832,0,0,0,1000.0,-0.03,0.0,0.68
3833,0,0,0,1000.0,-0.02,0.0,0.68
3834,0,0,0,1000.0,-0.01,0.0,0.68
3835,0,0,0,1000.0,0.0,0.0,0.68
3836,0,0,0,1000.0,4.0,0.0,0.68
3837,0,0,0,1000.0,4.01,0.0,0.68
3838,0,0,0,1000.0,4.02,0.0,0.68
3839,0,0,0,1000.0,4.03,0.0,0.68
3840,0,0,0,1000.0,4.04,0.0,0.68
3841,0,0,0,1000.0,4.05,0.0,0.68
3842,0,0,0,1000.0,4.06,0.0,0.68
3843,0,0,0,1000.0,-0.06,0.0,0.69
3844,0,0,0,1000.0,-0.05,0.0,0.69
3845,0,0,0,1000.0,-0.04,0.0,0.69
3846,0,0,0,1000.0,-0.03,0.0,0.69
3847,0,0,0,1000.0,-0.02,0.0,0.69
3848,0,0,0,1000.0,-0.01,0.0,0.69
3849,0,0,0,1000.0,0.0,0.0,0.69
3850,0,0,0,1000.0,4.0,0.0,0.69
3851,0,0,0,1000.0,4.01,0.0,0.69
3852,0,0,0,1000.0,4.02,0.0,0.69
3853,0,0,0,1000.0,4.03,0.0,0.69
3854,0,0,0,1000.0,4.04,0.0,0.69
3855,0,0,0,1000.0,4.05,0.0,0.69
3856,0,0,0,1000.0,4.06,0.0,0.69
3857,0,0,0,1000.0,-0.06,0.0,0.7
3858,0,0,0,1000.0,-0.05,0.0,0.7
3859,0,0,0,1000.0,-0.04,0.0,0.7
3860,0,0,0,1000.0,-0.03,0.0,0.7
3861,0,0,0,1000.0,-0.02,0.0,0.7
3862,0,0,0,1000.0,-0.01,0.0,0.7
3863,0,0,0,1000.0,0.0,0.0,0.7
3864,0,0,0,1000.0,4.0,0.0,0.7
3865,0,0,0,1000.0,4.01,0.0,0.7
3866,0,0,0,1000.0,4.02,0.0,0.7
3867,0,0,0,1000.0,4.03,0.0,0.7
3868,0,0,0,1000.0,4.04,0.0,0.7
3869,0,0,0,1000.0,4.05,0.0,0.7
3870,0,0,0,1000.0,4.06,0.0,0.7
3871,0,0,0,1000.0,-0.06,0.0,0.71
3872,0,0,0,1000.0,-0.05,0.0,0.71
3873,0,0,0,1000.0,-0.04,0.0,0.71
3874,0,0,0,1000.0,-0.03,0.0,0.71
3875,0,0,0,1000.0,-0.02,0.0,0.71
3876,0,0,0,1000.0,-0.01,0.0,0.71
3877,0,0,0,1000.0,0.0,0.0,0.71
3878,0,0,0,1000.0,4.0,0.0,0.71
3879,0,0,0,1000.0,4.01,0.0,0.71
3880,0,0,0,1000.0,4.02,0.0,0.71
3881,0,0,0,1000.0,4.03,0.0,0.71
3882,0,0,0,1000.0,4.04,0.0,0.71
3883,0,0,0,1000.0,4.05,0.0,0.71
3884,0,0,0,1000.0,4.06,0.0,0.71
3885,0,0,0,1000.0,-0.06,0.0,0.72
3886,0,0,0,1000.0,-0.05,0.0,0.72
3887,0,0,0,1000.0,-0.04,0.0,0.72
3888,0,0,0,1000.0,-0.03,0.0,0.72
3889,0,0,0,1000.0,-0.02,0.0,0.72
3890,0,0,0,1000.0,-0.01,0.0,0.72
3891,0,0,0,1000.0,0.0,0.0,0.72
3892,0,0,0,1000.0,4.0,0.0,0.72
3893,0,0,0,1000.0,4.01,0.0,0.72
3894,0,0,0,1000.0,4.02,0.0,0.72
3895,0,0,0,1000.0,4.03,0.0,0.72
3896,0,0,0,1000.0,4.04,0.0,0.72
3897,0,0,0,1000.0,4.05,0.0,0.72
3898,0,0,0,1000.0,4.06,0.0,0.72
3899,0,0,0,1000.0,-0.06,0.0,0.73
3900,0,0,0,1000.0,-0.05,0.0,0.73
3901,0,0,0,1000.0,-0.04,0.0,0.73
3902,0,0,0,1000.0,-0.03,0.0,0.73
3903,0,0,0,1000.0,-0.02,0.0,0.73
3904,0,0,0,1000.0,-0.01,0.0,0.73
3905,0,0,0,1000.0,0.0,0.0,0.73
3906,0,0,0,1000.0,4.0,0.0,0.73
3907,0,0,0,1000.0,4.01,0.0,0.73
3908,0,0,0,1000.0,4.02,0.0,0.73
3909,0,0,0,1000.0,4.03,0.0,0.73
3910,0,0,0,1000.0,4.04,0.0,0.73
3911,0,0,0,1000.0,4.05,0.0,0.73
3912,0,0,0,1000.0,4.06,0.0,0.73
3913,0,0,0,1000.0,-0.06,0.0,0.74
3914,0,0,0,1000.0,-0.05,0.0,0.74
3915,0,0,0,1000.0,-0.04,0.0,0.74
3916,0,0,0,1000.0,-0.03,0.0,0.74
3917,0,0,0,1000.0,-0.02,0.0,0.74
3918,0,0,0,1000.0,-0.01,0.0,0.74
3919,0,0,0,1000.0,0.0,0.0,0.74
3920,0,0,0,1000.0,4.0,0.0,0.74
3921,0,0,0,1000.0,4.01,0.0,0.74
3922,0,0,0,1000.0,4.02,0.0,0.74
3923,0,0,0,1000.0,4.03,0.0,0.74
3924,0,0,0,1000.0,4.04,0.0,0.74
3925,0,0,0,1000.0,4.05,0.0,0.74
3926,0,0,0,1000.0,4.06,0.0,0.74
3927,0,0,0,1000.0,-0.06,0.0,0.75
3928,0,0,0,1000.0,-0.05,0.0,0.75
3929,0,0,0,1000.0,-0.04,0.0,0.75
3930,0,0,0,1000.0,-0.03,0.0,0.75
3931,0,0,0,1000.0,-0.02,0.0,0.75
3932,0,0,0,1000.0,-0.01,0.0,0.75
3933,0,0,0,1000.0,0.0,0.0,0.75
3934,0,0,0,1000.0,4.0,0.0,0.75
3935,0,0,0,1000.0,4.01,0.0,0.75
3936,0,0,0,1000.0,4.02,0.0,0.75
3937,0,0,0,1000.0,4.03,0.0,0.75
3938,0,0,0,1000.0,4.04,0.0,0.75
3939,0,0,0,1000.0,4.05,0.0,0.75
3940,0,0,0,1000.0,4.06,0.0,0.75
3941,0,0,0,1000.0,-0.06,0.0,0.76
3942,0,0,0,1000.0,-0.05,0.0,0.76
3943,0,0,0,1000.0,-0.04,0.0,0.76
3944,0,0,0,1000.0,-0.03,0.0,0.76
3945,0,0,0,1000.0,-0.02,0.0,0.76
3946,0,0,0,1000.0,-0.01,0.0,0.76
3947,0,0,0,1000.0,0.0,0.0,0.76
3948,0,0,0,1000.0,4.0,0.0,0.76
3949,0,0,0,1000.0,4.01,0.0,0.76
3950,0,0,0,1000.0,4.02,0.0,0.76
3951,0,0,0,1000.0,4.03,0.0,0.76
3952,0,0,0,1000.0,4.04,0.0,0.76
3953,0,0,0,1000.0,4.05,0.0,0.76
3954,0,0,0,1000.0,4.06,0.0,0.76
3955,0,0,0,1000.0,-0.06,0.0,0.77
3956,0,0,0,1000.0,-0.05,0.0,0.77
3957,0,0,0,1000.0,-0.04,0.0,0.77
3958,0,0,0,1000.0,-0.03,0.0,0.77
3959,0,0,0,1000.0,-0.02,0.0,0.77
3960,0,0,0,1000.0,-0.01,0.0,0.77
3961,0,0,0,1000.0,0.0,0.0,0.77
3962,0,0,0,1000.0,4.0,0.0,0.77
3963,0,0,0,1000.0,4.01,0.0,0.77
3964,0,0,0,1000.0,4.02,0.0,0.77
3965,0,0,0,1000.0,4.03,0.0,0.77
3966,0,0,0,1000.0,4.04,0.0,0.77
3967,0,0,0,1000.0,4.05,0.0,0.77
3968,0,0,0,1000.0,4.06,0.0,0.77
3969,0,0,0,1000.0,-0.06,0.0,0.78
3970,0,0,0,1000.0,-0.05,0.0,0.78
3971,0,0,0,1000.0,-0.04,0.0,0.78
3972,0,0,0,1000.0,-0.03,0.0,0.78
3973,0,0,0,1000.0,-0.02,0.0,0.78
3974,0,0,0,1000.0,-0.01,0.0,0.78
3975,0,0,0,1000.0,0.0,0.0,0.78
3976,0,0,0,1000.0,4.0,0.0,0.78
3977,0,0,0,1000.0,4.01,0.0,0.78
3978,0,0,0,1000.0,4.02,0.0,0.78
3979,0,0,0,1000.0,4.03,0.0,0.78
3980,0,0,0,1000.0,4.04,0.0,0.78
3981,0,0,0,1000.0,4.05,0.0,0.78
3982,0,0,0,1000.0,4.06,0.0,0.78
3983,0,0,0,1000.0,-0.06,0.0,0.79
3984,0,0,0,1000.0,-0.05,0.0,0.79
3985,0,0,0,1000.0,-0.04,0.0,0.79
3986,0,0,0,1000.0,-0.03,0.0,0.79
3987,0,0,0,1000.0,-0.02,0.0,0.79
3988,0,0,0,1000.0,-0.01,0.0,0.79
3989,0,0,0,1000.0,0.0,0.0,0.79
3990,0,0,0,1000.0,4.0,0.0,0.79
3991,0,0,0,1000.0,4.01,0.0,0.79
3992,0,0,0,1000.0,4.02,0.0,0.79
3993,0,0,0,1000.0,4.03,0.0,0.79
3994,0,0,0,1000.0,4.04,0.0,0.79
3995,0,0,0,1000.0,4.05,0.0,0.79
3996,0,0,0,1000.0,4.06,0.0,0.79
3997,0,0,0,1000.0,-0.06,0.0,0.8
3998,0,0,0,1000.0,-0.05,0.0,0.8
3999,0,0,0,1000.0,-0.04,0.0,0.8
4000,0,0,0,1000.0,-0.03,0.0,0.8
4001,0,0,0,1000.0,-0.02,0.0,0.8
4002,0,0,0,1000.0,-0.01,0.0,0.8
4003,0,0,0,1000.0,0.0,0.0,0.8
4004,0,0,0,1000.0,4.0,0.0,0.8
4005,0,0,0,1000.0,4.01,0.0,0.8
4006,0,0,0,1000.0,4.02,0.0,0.8
4007,0,0,0,1000.0,4.03,0.0,0.8
4008,0,0,0,1000.0,4.04,0.0,0.8
4009,0,0,0,1000.0,4.05,0.0,0.8
4010,0,0,0,1000.0,4.06,0.0,0.8
4011,0,0,0,1000.0,-0.06,0.0,0.81
4012,0,0,0,1000.0,-0.05,0.0,0.81
4013,0,0,0,1000.0,-0.04,0.0,0.81
4014,0,0,0,1000.0,-0.03,0.0,0.81
4015,0,0,0,1000.0,-0.02,0.0,0.81
4016,0,0,0,1000.0,-0.01,0.0,0.81
4017,0,0,0,1000.0,0.0,0.0,0.81
4018,0,0,0,1000.0,4.0,0.0,0.81
4019,0,0,0,1000.0,4.01,0.0,0.81
4020,0,0,0,1000.0,4.02,0.0,0.81
4021,0,0,0,1000.0,4.03,0.0,0.81
4022,0,0,0,1000.0,4.04,0.0,0.81
4023,0,0,0,1000.0,4.05,0.0,0.81
4024,0,0,0,1000.0,4.06,0.0,0.81
4025,0,0,0,1000.0,-0.06,0.0,0.82
4026,0,0,0,1000.0,-0.05,0.0,0.82
4027,0,0,0,1000.0,-0.04,0.0,0.82
4028,0,0,0,1000.0,-0.03,0.0,0.82
4029,0,0,0,1000.0,-0.02,0.0,0.82
4030,0,0,0,1000.0,-0.01,0.0,0.82
4031,0,0,0,1000.0,0.0,0.0,0.82
4032,0,0,0,1000.0,4.0,0.0,0.82
4033,0,0,0,1000.0,4.01,0.0,0.82
4034,0,0,0,1000.0,4.02,0.0,0.82
4035,0,0,0,1000.0,4.03,0.0,0.82
4036,0,0,0,1000.0,4.04,0.0,0.82
4037,0,0,0,1000.0,4.05,0.0,0.82
4038,0,0,0,1000.0,4.06,0.0,0.82
4039,0,0,0,1000.0,-0.06,0.0,0.83
4040,0,0,0,1000.0,-0.05,0.0,0.83
4041,0,0,0,1000.0,-0.04,0.0,0.83
4042,0,0,0,1000.0,-0.03,0.0,0.83
4043,0,0,0,1000.0,-0.02,0.0,0.83
4044,0,0,0,1000.0,-0.01,0.0,0.83
4045,0,0,0,1000.0,0.0,0.0,0.83
4046,0,0,0,1000.0,4.0,0.0,0.83
4047,0,0,0,1000.0,4.01,0.0,0.83
4048,0,0,0,1000.0,4.02,0.0,0.83
4049,0,0,0,1000.0,4.03,0.0,0.83
4050,0,0,0,1000.0,4.04,0.0,0.83
4051,0,0,0,1000.0,4.05,0.0,0.83
4052,0,0,0,1000.0,4.06,0.0,0.83
4053,0,0,0,1000.0,-0.06,0.0,0.84
4054,0,0,0,1000.0,-0.05,0.0,0.84
4055,0,0,0,1000.0,-0.04,0.0,0.84
4056,0,0,0,1000.0,-0.03,0.0,0.84
4057,0,0,0,1000.0,-0.02,0.0,0.84
4058,0,0,0,1000.0,-0.01,0.0,0.84
4059,0,0,0,1000.0,0.0,0.0,0.84
4060,0,0,0,1000.0,4.0,0.0,0.84
4061,0,0,0,1000.0,4.01,0.0,0.84
4062,0,0,0,1000.0,4.02,0.0,0.84
4063,0,0,0,1000.0,4.03,0.0,0.84
4064,0,0,0,1000.0,4.04,0.0,0.84
4065,0,0,0,1000.0,4.05,0.0,0.84
4066,0,0,0,1000.0,4.06,0.0,0.84
4067,0,0,0,1000.0,-0.06,0.0,0.85
4068,0,0,0,1000.0,-0.05,0.0,0.85
4069,0,0,0,1000.0,-0.04,0.0,0.85
4070,0,0,0,1000.0,-0.03,0.0,0.85
4071,0,0,0,1000.0,-0.02,0.0,0.85
4072,0,0,0,1000.0,-0.01,0.0,0.85
4073,0,0,0,1000.0,0.0,0.0,0.85
4074,0,0,0,1000.0,4.0,0.0,0.85
4075,0,0,0,1000.0,4.01,0.0,0.85
4076,0,0,0,1000.0,4.02,0.0,0.85
4077,0,0,0,1000.0,4.03,0.0,0.85
4078,0,0,0,1000.0,4.04,0.0,0.85
4079,0,0,0,1000.0,4.05,0.0,0.85
4080,0,0,0,1000.0,4.06,0.0,0.85
4081,0,0,0,1000.0,-0.06,0.0,0.86
4082,0,0,0,1000.0,-0.05,0.0,0.86
4083,0,0,0,1000.0,-0.04,0.0,0.86
4084,0,0,0,1000.0,-0.03,0.0,0.86
4085,0,0,0,1000.0,-0.02,0.0,0.86
4086,0,0,0,1000.0,-0.01,0.0,0.86
4087,0,0,0,1000.0,0.0,0.0,0.86
4088,0,0,0,1000.0,4.0,0.0,0.86
4089,0,0,0,1000.0,4.01,0.0,0.86
4090,0,0,0,1000.0,4.02,0.0,0.86
4091,0,0,0,1000.0,4.03,0.0,0.86
4092,0,0,0,1000.0,4.04,0.0,0.86
4093,0,0,0,1000.0,4.05,0.0,0.86
4094,0,0,0,1000.0,4.06,0.0,0.86
4095,0,0,0,1000.0,-0.06,0.0,0.87
4096,0,0,0,1000.0,-0.05,0.0,0.87
4097,0,0,0,1000.0,-0.04,0.0,0.87
4098,0,0,0,1000.0,-0.03,0.0,0.87
4099,0,0,0,1000.0,-0.02,0.0,0.87
4100,0,0,0,1000.0,-0.01,0.0,0.87
4101,0,0,0,1000.0,0.0,0.0,0.87
4102,0,0,0,1000.0,4.0,0.0,0.87
4103,0,0,0,1000.0,4.01,0.0,0.87
4104,0,0,0,1000.0,4.02,0.0,0.87
4105,0,0,0,1000.0,4.03,0.0,0.87
4106,0,0,0,1000.0,4.04,0.0,0.87
4107,0,0,0,1000.0,4.05,0.0,0.87
4108,0,0,0,1000.0,4.06,0.0,0.87
4109,0,0,0,1000.0,-0.06,0.0,0.88
4110,0,0,0,1000.0,-0.05,0.0,0.88
4111,0,0,0,1000.0,-0.04,0.0,0.88
4112,0,0,0,1000.0,-0.03,0.0,0.88
4113,0,0,0,1000.0,-0.02,0.0,0.88
4114,0,0,0,1000.0,-0.01,0.0,0.88
4115,0,0,0,1000.0,0.0,0.0,0.88
4116,0,0,0,1000.0,4.0,0.0,0.88
4117,0,0,0,1000.0,4.01,0.0,0.88
4118,0,0,0,1000.0,4.02,0.0,0.88
4119,0,0,0,1000.0,4.03,0.0,0.88
4120,0,0,0,1000.0,4.04,0.0,0.88
4121,0,0,0,1000.0,4.05,0.0,0.88
4122,0,0,0,1000.0,4.06,0.0,0.88
4123,0,0,0,1000.0,-0.06,0.0,0.89
4124,0,0,0,1000.0,-0.05,0.0,0.89
4125,0,0,0,1000.0,-0.04,0.0,0.89
4126,0,0,0,1000.0,-0.03,0.0,0.89
4127,0,0,0,1000.0,-0.02,0.0,0.89
4128,0,0,0,1000.0,-0.01,0.0,0.89
4129,0,0,0,1000.0,0.0,0.0,0.89
4130,0,0,0,1000.0,4.0,0.0,0.89
4131,0,0,0,1000.0,4.01,0.0,0.89
4132,0,0,0,1000.0,4.02,0.0,0.89
4133,0,0,0,1000.0,4.03,0.0,0.89
4134,0,0,0,1000.0,4.04,0.0,0.89
4135,0,0,0,1000.0,4.05,0.0,0.89
4136,0,0,0,1000.0,4.06,0.0,0.89
4137,0,0,0,1000.0,-0.06,0.0,0.9
4138,0,0,0,1000.0,-0.05,0.0,0.9
4139,0,0,0,1000.0,-0.04,0.0,0.9
4140,0,0,0,1000.0,-0.03,0.0,0.9
4141,0,0,0,1000.0,-0.02,0.0,0.9
4142,0,0,0,1000.0,-0.01,0.0,0.9
4143,0,0,0,1000.0,0.0,0.0,0.9
4144,0,0,0,1000.0,4.0,0.0,0.9
4145,0,0,0,1000.0,4.01,0.0,0.9
4146,0,0,0,1000.0,4.02,0.0,0.9
4147,0,0,0,1000.0,4.03,0.0,0.9
4148,0,0,0,1000.0,4.04,0.0,0.9
4149,0,0,0,1000.0,4.05,0.0,0.9
4150,0,0,0,1000.0,4.06,0.0,0.9
4151,0,0,0,1000.0,-0.06,0.0,0.91
4152,0,0,0,1000.0,-0.05,0.0,0.91
4153,0,0,0,1000.0,-0.04,0.0,0.91
4154,0,0,0,1000.0,-0.03,0.0,0.91
4155,0,0,0,1000.0,-0.02,0.0,0.91
4156,0,0,0,1000.0,-0.01,0.0,0.91
4157,0,0,0,1000.0,0.0,0.0,0.91
4158,0,0,0,1000.0,4.0,0.0,0.91
4159,0,0,0,1000.0,4.01,0.0,0.91
4160,0,0,0,1000.0,4.02,0.0,0.91
4161,0,0,0,1000.0,4.03,0.0,0.91
4162,0,0,0,1000.0,4.04,0.0,0.91
4163,0,0,0,1000.0,4.05,0.0,0.91
4164,0,0,0,1000.0,4.06,0.0,0.91
4165,0,0,0,1000.0,-0.06,0.0,0.92
4166,0,0,0,1000.0,-0.05,0.0,0.92
4167,0,0,0,1000.0,-0.04,0.0,0.92
4168,0,0,0,1000.0,-0.03,0.0,0.92
4169,0,0,0,1000.0,-0.02,0.0,0.92
4170,0,0,0,1000.0,-0.01,0.0,0.92
4171,0,0,0,1000.0,0.0,0.0,0.92
4172,0,0,0,1000.0,4.0,0.0,0.92
4173,0,0,0,1000.0,4.01,0.0,0.92
4174,0,0,0,1000.0,4.02,0.0,0.92
4175,0,0,0,1000.0,4.03,0.0,0.92
4176,0,0,0,1000.0,4.04,0.0,0.92
4177,0,0,0,1000.0,4.05,0.0,0.92
4178,0,0,0,1000.0,4.06,0.0,0.92
4179,0,0,0,1000.0,-0.06,0.0,0.93
4180,0,0,0,1000.0,-0.05,0.0,0.93
4181,0,0,0,1000.0,-0.04,0.0,0.93
4182,0,0,0,1000.0,-0.03,0.0,0.93
4183,0,0,0,1000.0,-0.02,0.0,0.93
4184,0,0,0,1000.0,-0.01,0.0,0.93
4185,0,0,0,1000.0,0.0,0.0,0.93
4186,0,0,0,1000.0,4.0,0.0,0.93
4187,0,0,0,1000.0,4.01,0.0,0.93
4188,0,0,0,1000.0,4.02,0.0,0.93
4189,0,0,0,1000.0,4.03,0.0,0.93
4190,0,0,0,1000.0,4.04,0.0,0.93
4191,0,0,0,1000.0,4.05,0.0,0.93
4192,0,0,0,1000.0,4.06,0.0,0.93
4193,0,0,0,1000.0,-0.06,0.0,0.94
4194,0,0,0,1000.0,-0.05,0.0,0.94
4195,0,0,0,1000.0,-0.04,0.0,0.94
4196,0,0,0,1000.0,-0.03,0.0,0.94
4197,0,0,0,1000.0,-0.02,0.0,0.94
4198,0,0,0,1000.0,-0.01,0.0,0.94
4199,0,0,0,1000.0,0.0,0.0,0.94
4200,0,0,0,1000.0,4.0,0.0,0.94
4201,0,0,0,1000.0,4.01,0.0,0.94
4202,0,0,0,1000.0,4.02,0.0,0.94
4203,0,0,0,1000.0,4.03,0.0,0.94
4204,0,0,0,1000.0,4.04,0.0,0.94
4205,0,0,0,1000.0,4.05,0.0,0.94
4206,0,0,0,1000.0,4.06,0.0,0.94
4207,0,0,0,1000.0,-0.06,0.0,0.95
4208,0,0,0,1000.0,-0.05,0.0,0.95
4209,0,0,0,1000.0,-0.04,0.0,0.95
4210,0,0,0,1000.0,-0.03,0.0,0.95
4211,0,0,0,1000.0,-0.02,0.0,0.95
4212,0,0,0,1000.0,-0.01,0.0,0.95
4213,0,0,0,1000.0,0.0,0.0,0.95
4214,0,0,0,1000.0,4.0,0.0,0.95
4215,0,0,0,1000.0,4.01,0.0,0.95
4216,0,0,0,1000.0,4.02,0.0,0.95
4217,0,0,0,1000.0,4.03,0.0,0.95
4218,0,0,0,1000.0,4.04,0.0,0.95
4219,0,0,0,1000.0,4.05,0.0,0.95
4220,0,0,0,1000.0,4.06,0.0,0.95
4221,0,0,0,1000.0,-0.06,0.0,0.96
4222,0,0,0,1000.0,-0.05,0.0,0.96
4223,0,0,0,1000.0,-0.04,0.0,0.96
4224,0,0,0,1000.0,-0.03,0.0,0.96
4225,0,0,0,1000.0,-0.02,0.0,0.96
4226,0,0,0,1000.0,-0.01,0.0,0.96
4227,0,0,0,1000.0,0.0,0.0,0.96
4228,0,0,0,1000.0,4.0,0.0,0.96
4229,0,0,0,1000.0,4.01,0.0,0.96
4230,0,0,0,1000.0,4.02,0.0,0.96
4231,0,0,0,1000.0,4.03,0.0,0.96
4232,0,0,0,1000.0,4.04,0.0,0.96
4233,0,0,0,1000.0,4.05,0.0,0.96
4234,0,0,0,1000.0,4.06,0.0,0.96
4235,0,0,0,1000.0,-0.06,0.0,0.97
4236,0,0,0,1000.0,-0.05,0.0,0.97
4237,0,0,0,1000.0,-0.04,0.0,0.97
4238,0,0,0,1000.0,-0.03,0.0,0.97
4239,0,0,0,1000.0,-0.02,0.0,0.97
4240,0,0,0,1000.0,-0.01,0.0,0.97
4241,0,0,0,1000.0,0.0,0.0,0.97
4242,0,0,0,1000.0,4.0,0.0,0.97
4243,0,0,0,1000.0,4.01,0.0,0.97
4244,0,0,0,1000.0,4.02,0.0,0.97
4245,0,0,0,1000.0,4.03,0.0,0.97
4246,0,0,0,1000.0,4.04,0.0,0.97
4247,0,0,0,1000.0,4.05,0.0,0.97
4248,0,0,0,1000.0,4.06,0.0,0.97
4249,0,0,0,1000.0,-0.06,0.0,0.98
4250,0,0,0,1000.0,-0.05,0.0,0.98
4251,0,0,0,1000.0,-0.04,0.0,0.98
4252,0,0,0,1000.0,-0.03,0.0,0.98
4253,0,0,0,1000.0,-0.02,0.0,0.98
4254,0,0,0,1000.0,-0.01,0.0,0.98
4255,0,0,0,1000.0,0.0,0.0,0.98
4256,0,0,0,1000.0,4.0,0.0,0.98
4257,0,0,0,1000.0,4.01,0.0,0.98
4258,0,0,0,1000.0,4.02,0.0,0.98
4259,0,0,0,1000.0,4.03,0.0,0.98
4260,0,0,0,1000.0,4.04,0.0,0.98
4261,0,0,0,1000.0,4.05,0.0,0.98
4262,0,0,0,1000.0,4.06,0.0,0.98
4263,0,0,0,1000.0,-0.06,0.0,0.99
4264,0,0,0,1000.0,-0.05,0.0,0.99
4265,0,0,0,1000.0,-0.04,0.0,0.99
4266,0,0,0,1000.0,-0.03,0.0,0.99
4267,0,0,0,1000.0,-0.02,0.0,0.99
4268,0,0,0,1000.0,-0.01,0.0,0.99
4269,0,0,0,1000.0,0.0,0.0,0.99
4270,0,0,0,1000.0,4.0,0.0,0.99
4271,0,0,0,1000.0,4.01,0.0,0.99
4272,0,0,0,1000.0,4.02,0.0,0.99
4273,0,0,0,1000.0,4.03,0.0,0.99
4274,0,0,0,1000.0,4.04,0.0,0.99
4275,0,0,0,1000.0,4.05,0.0,0.99
4276,0,0,0,1000.0,4.06,0.0,0.99
4277,0,0,0,1000.0,-0.06,0.0,1.0
4278,0,0,0,1000.0,-0.05,0.0,1.0
4279,0,0,0,1000.0,-0.04,0.0,1.0
4280,0,0,0,1000.0,-0.03,0.0,1.0
4281,0,0,0,1000.0,-0.02,0.0,1.0
4282,0,0,0,1000.0,-0.01,0.0,1.0
4283,0,0,0,1000.0,0.0,0.0,1.0
4284,0,0,0,1000.0,4.0,0.0,1.0
4285,0,0,0,1000.0,4.01,0.0,1.0
4286,0,0,0,1000.0,4.02,0.0,1.0
4287,0,0,0,1000.0,4.03,0.0,1.0
4288,0,0,0,1000.0,4.04,0.0,1.0
4289,0,0,0,1000.0,4.05,0.0,1.0
4290,0,0,0,1000.0,4.06,0.0,1.0
4291,0,0,0,1000.0,-0.06,0.0,1.01
4292,0,0,0,1000.0,-0.05,0.0,1.01
4293,0,0,0,1000.0,-0.04,0.0,1.01
4294,0,0,0,1000.0,-0.03,0.0,1.01
4295,0,0,0,1000.0,-0.02,0.0,1.01
4296,0,0,0,1000.0,-0.01,0.0,1.01
4297,0,0,0,1000.0,0.0,0.0,1.01
4298,0,0,0,1000.0,4.0,0.0,1.01
4299,0,0,0,1000.0,4.01,0.0,1.01
4300,0,0,0,1000.0,4.02,0.0,1.01
4301,0,0,0,1000.0,4.03,0.0,1.01
4302,0,0,0,1000.0,4.04,0.0,1.01
4303,0,0,0,1000.0,4.05,0.0,1.01
4304,0,0,0,1000.0,4.06,0.0,1.01
4305,0,0,0,1000.0,-0.06,0.0,1.02
4306,0,0,0,1000.0,-0.05,0.0,1.02
4307,0,0,0,1000.0,-0.04,0.0,1.02
4308,0,0,0,1000.0,-0.03,0.0,1.02
4309,0,0,0,1000.0,-0.02,0.0,1.02
4310,0,0,0,1000.0,-0.01,0.0,1.02
4311,0,0,0,1000.0,0.0,0.0,1.02
4312,0,0,0,1000.0,4.0,0.0,1.02
4313,0,0,0,1000.0,4.01,0.0,1.02
4314,0,0,0,1000.0,4.02,0.0,1.02
4315,0,0,0,1000.0,4.03,0.0,1.02
4316,0,0,0,1000.0,4.04,0.0,1.02
4317,0,0,0,1000.0,4.05,0.0,1.02
4318,0,0,0,1000.0,4.06,0.0,1.02
4319,0,0,0,1000.0,-0.06,0.0,1.03
4320,0,0,0,1000.0,-0.05,0.0,1.03
4321,0,0,0,1000.0,-0.04,0.0,1.03
4322,0,0,0,1000.0,-0.03,0.0,1.03
4323,0,0,0,1000.0,-0.02,0.0,1.03
4324,0,0,0,1000.0,-0.01,0.0,1.03
4325,0,0,0,1000.0,0.0,0.0,1.03
4326,0,0,0,1000.0,4.0,0.0,1.03
4327,0,0,0,1000.0,4.01,0.0,1.03
4328,0,0,0,1000.0,4.02,0.0,1.03
4329,0,0,0,1000.0,4.03,0.0,1.03
4330,0,0,0,1000.0,4.04,0.0,1.03
4331,0,0,0,1000.0,4.05,0.0,1.03
4332,0,0,0,1000.0,4.06,0.0,1.03
4333,0,0,0,1000.0,-0.06,0.0,1.04
4334,0,0,0,1000.0,-0.05,0.0,1.04
4335,0,0,0,1000.0,-0.04,0.0,1.04
4336,0,0,0,1000.0,-0.03,0.0,1.04
4337,0,0,0,1000.0,-0.02,0.0,1.04
4338,0,0,0,1000.0,-0.01,0.0,1.04
4339,0,0,0,1000.0,0.0,0.0,1.04
4340,0,0,0,1000.0,4.0,0.0,1.04
4341,0,0,0,1000.0,4.01,0.0,1.04
4342,0,0,0,1000.0,4.02,0.0,1.04
4343,0,0,0,1000.0,4.03,0.0,1.04
4344,0,0,0,1000.0,4.04,0.0,1.04
4345,0,0,0,1000.0,4.05,0.0,1.04
4346,0,0,0,1000.0,4.06,0.0,1.04
4347,0,0,0,1000.0,-0.06,0.0,1.05
4348,0,0,0,1000.0,-0.05,0.0,1.05
4349,0,0,0,1000.0,-0.04,0.0,1.05
4350,0,0,0,1000.0,-0.03,0.0,1.05
4351,0,0,0,1000.0,-0.02,0.0,1.05
4352,0,0,0,1000.0,-0.01,0.0,1.05
4353,0,0,0,1000.0,0.0,0.0,1.05
4354,0,0,0,1000.0,4.0,0.0,1.05
4355,0,0,0,1000.0,4.01,0.0,1.05
4356,0,0,0,1000.0,4.02,0.0,1.05
4357,0,0,0,1000.0,4.03,0.0,1.05
4358,0,0,0,1000.0,4.04,0.0,1.05
4359,0,0,0,1000.0,4.05,0.0,1.05
4360,0,0,0,1000.0,4.06,0.0,1.05
4361,0,0,0,1000.0,-0.06,0.0,1.06
4362,0,0,0,1000.0,-0.05,0.0,1.06
4363,0,0,0,1000.0,-0.04,0.0,1.06
4364,0,0,0,1000.0,-0.03,0.0,1.06
4365,0,0,0,1000.0,-0.02,0.0,1.06
4366,0,0,0,1000.0,-0.01,0.0,1.06
4367,0,0,0,1000.0,0.0,0.0,1.06
4368,0,0,0,1000.0,4.0,0.0,1.06
4369,0,0,0,1000.0,4.01,0.0,1.06
4370,0,0,0,1000.0,4.02,0.0,1.06
4371,0,0,0,1000.0,4.03,0.0,1.06
4372,0,0,0,1000.0,4.04,0.0,1.06
4373,0,0,0,1000.0,4.05,0.0,1.06
4374,0,0,0,1000.0,4.06,0.0,1.06
4375,0,0,0,1000.0,-0.06,0.0,1.07
4376,0,0,0,1000.0,-0.05,0.0,1.07
4377,0,0,0,1000.0,-0.04,0.0,1.07
4378,0,0,0,1000.0,-0.03,0.0,1.07
4379,0,0,0,1000.0,-0.02,0.0,1.07
4380,0,0,0,1000.0,-0.01,0.0,1.07
4381,0,0,0,1000.0,0.0,0.0,1.07
4382,0,0,0,1000.0,4.0,0.0,1.07
4383,0,0,0,1000.0,4.01,0.0,1.07
4384,0,0,0,1000.0,4.02,0.0,1.07
4385,0,0,0,1000.0,4.03,0.0,1.07
4386,0,0,0,1000.0,4.04,0.0,1.07
4387,0,0,0,1000.0,4.05,0.0,1.07
4388,0,0,0,1000.0,4.06,0.0,1.07
4389,0,0,0,1000.0,-0.06,0.0,1.08
4390,0,0,0,1000.0,-0.05,0.0,1.08
4391,0,0,0,1000.0,-0.04,0.0,1.08
4392,0,0,0,1000.0,-0.03,0.0,1.08
4393,0,0,0,1000.0,-0.02,0.0,1.08
4394,0,0,0,1000.0,-0.01,0.0,1.08
4395,0,0,0,1000.0,0.0,0.0,1.08
4396,0,0,0,1000.0,4.0,0.0,1.08
4397,0,0,0,1000.0,4.01,0.0,1.08
4398,0,0,0,1000.0,4.02,0.0,1.08
4399,0,0,0,1000.0,4.03,0.0,1.08
4400,0,0,0,1000.0,4.04,0.0,1.08
4401,0,0,0,1000.0,4.05,0.0,1.08
4402,0,0,0,1000.0,4.06,0.0,1.08
4403,0,0,0,1000.0,-0.06,0.0,1.09
4404,0,0,0,1000.0,-0.05,0.0,1.09
4405,0,0,0,1000.0,-0.04,0.0,1.09
4406,0,0,0,1000.0,-0.03,0.0,1.09
4407,0,0,0,1000.0,-0.02,0.0,1.09
4408,0,0,0,1000.0,-0.01,0.0,1.09
4409,0,0,0,1000.0,0.0,0.0,1.09
4410,0,0,0,1000.0,4.0,0.0,1.09
4411,0,0,0,1000.0,4.01,0.0,1.09
4412,0,0,0,1000.0,4.02,0.0,1.09
4413,0,0,0,1000.0,4.03,0.0,1.09
4414,0,0,0,1000.0,4.04,0.0,1.09
4415,0,0,0,1000.0,4.05,0.0,1.09
4416,0,0,0,1000.0,4.06,0.0,1.09
4417,0,0,0,1000.0,-0.06,0.0,1.1
4418,0,0,0,1000.0,-0.05,0.0,1.1
4419,0,0,0,1000.0,-0.04,0.0,1.1
4420,0,0,0,1000.0,-0.03,0.0,1.1
4421,0,0,0,1000.0,-0.02,0.0,1.1
4422,0,0,0,1000.0,-0.01,0.0,1.1
4423,0,0,0,1000.0,0.0,0.0,1.1
4424,0,0,0,1000.0,4.0,0.0,1.1
4425,0,0,0,1000.0,4.01,0.0,1.1
4426,0,0,0,1000.0,4.02,0.0,1.1
4427,0,0,0,1000.0,4.03,0.0,1.1
4428,0,0,0,1000.0,4.04,0.0,1.1
4429,0,0,0,1000.0,4.05,0.0,1.1
4430,0,0,0,1000.0,4.06,0.0,1.1
4431,0,0,0,1000.0,-0.06,0.0,1.11
4432,0,0,0,1000.0,-0.05,0.0,1.11
4433,0,0,0,1000.0,-0.04,0.0,1.11
4434,0,0,0,1000.0,-0.03,0.0,1.11
4435,0,0,0,1000.0,-0.02,0.0,1.11
4436,0,0,0,1000.0,-0.01,0.0,1.11
4437,0,0,0,1000.0,0.0,0.0,1.11
4438,0,0,0,1000.0,4.0,0.0,1.11
4439,0,0,0,1000.0,4.01,0.0,1.11
4440,0,0,0,1000.0,4.02,0.0,1.11
4441,0,0,0,1000.0,4.03,0.0,1.11
4442,0,0,0,1000.0,4.04,0.0,1.11
4443,0,0,0,1000.0,4.05,0.0,1.11
4444,0,0,0,1000.0,4.06,0.0,1.11
4445,0,0,0,1000.0,-0.06,0.0,1.12
4446,0,0,0,1000.0,-0.05,0.0,1.12
4447,0,0,0,1000.0,-0.04,0.0,1.12
4448,0,0,0,1000.0,-0.03,0.0,1.12
4449,0,0,0,1000.0,-0.02,0.0,1.12
4450,0,0,0,1000.0,-0.01,0.0,1.12
4451,0,0,0,1000.0,0.0,0.0,1.12
4452,0,0,0,1000.0,4.0,0.0,1.12
4453,0,0,0,1000.0,4.01,0.0,1.12
4454,0,0,0,1000.0,4.02,0.0,1.12
4455,0,0,0,1000.0,4.03,0.0,1.12
4456,0,0,0,1000.0,4.04,0.0,1.12
4457,0,0,0,1000.0,4.05,0.0,1.12
4458,0,0,0,1000.0,4.06,0.0,1.12
4459,0,0,0,1000.0,-0.06,0.0,1.13
4460,0,0,0,1000.0,-0.05,0.0,1.13
4461,0,0,0,1000.0,-0.04,0.0,1.13
4462,0,0,0,1000.0,-0.03,0.0,1.13
4463,0,0,0,1000.0,-0.02,0.0,1.13
4464,0,0,0,1000.0,-0.01,0.0,1.13
4465,0,0,0,1000.0,0.0,0.0,1.13
4466,0,0,0,1000.0,4.0,0.0,1.13
4467,0,0,0,1000.0,4.01,0.0,1.13
4468,0,0,0,1000.0,4.02,0.0,1.13
4469,0,0,0,1000.0,4.03,0.0,1.13
4470,0,0,0,1000.0,4.04,0.0,1.13
4471,0,0,0,1000.0,4.05,0.0,1.13
4472,0,0,0,1000.0,4.06,0.0,1.13
4473,0,0,0,1000.0,-0.06,0.0,1.14
4474,0,0,0,1000.0,-0.05,0.0,1.14
4475,0,0,0,1000.0,-0.04,0.0,1.14
4476,0,0,0,1000.0,-0.03,0.0,1.14
4477,0,0,0,1000.0,-0.02,0.0,1.14
4478,0,0,0,1000.0,-0.01,0.0,1.14
4479,0,0,0,1000.0,0.0,0.0,1.14
4480,0,0,0,1000.0,4.0,0.0,1.14
4481,0,0,0,1000.0,4.01,0.0,1.14
4482,0,0,0,1000.0,4.02,0.0,1.14
4483,0,0,0,1000.0,4.03,0.0,1.14
4484,0,0,0,1000.0,4.04,0.0,1.14
4485,0,0,0,1000.0,4.05,0.0,1.14
4486,0,0,0,1000.0,4.06,0.0,1.14
4487,0,0,0,1000.0,-0.06,0.0,1.15
4488,0,0,0,1000.0,-0.05,0.0,1.15
4489,0,0,0,1000.0,-0.04,0.0,1.15
4490,0,0,0,1000.0,-0.03,0.0,1.15
4491,0,0,0,1000.0,-0.02,0.0,1.15
4492,0,0,0,1000.0,-0.01,0.0,1.15
4493,0,0,0,1000.0,0.0,0.0,1.15
4494,0,0,0,1000.0,4.0,0.0,1.15
4495,0,0,0,1000.0,4.01,0.0,1.15
4496,0,0,0,1000.0,4.02,0.0,1.15
4497,0,0,0,1000.0,4.03,0.0,1.15
4498,0,0,0,1000.0,4.04,0.0,1.15
4499,0,0,0,1000.0,4.05,0.0,1.15
4500,0,0,0,1000.0,4.06,0.0,1.15
4501,0,0,0,1000.0,-0.06,0.0,1.16
4502,0,0,0,1000.0,-0.05,0.0,1.16
4503,0,0,0,1000.0,-0.04,0.0,1.16
4504,0,0,0,1000.0,-0.03,0.0,1.16
4505,0,0,0,1000.0,-0.02,0.0,1.16
4506,0,0,0,1000.0,-0.01,0.0,1.16
4507,0,0,0,1000.0,0.0,0.0,1.16
4508,0,0,0,1000.0,4.0,0.0,1.16
4509,0,0,0,1000.0,4.01,0.0,1.16
4510,0,0,0,1000.0,4.02,0.0,1.16
4511,0,0,0,1000.0,4.03,0.0,1.16
4512,0,0,0,1000.0,4.04,0.0,1.16
4513,0,0,0,1000.0,4.05,0.0,1.16
4514,0,0,0,1000.0,4.06,0.0,1.16
4515,0,0,0,1000.0,-0.06,0.0,1.17
4516,0,0,0,1000.0,-0.05,0.0,1.17
4517,0,0,0,1000.0,-0.04,0.0,1.17
4518,0,0,0,1000.0,-0.03,0.0,1.17
4519,0,0,0,1000.0,-0.02,0.0,1.17
4520,0,0,0,1000.0,-0.01,0.0,1.17
4521,0,0,0,1000.0,0.0,0.0,1.17
4522,0,0,0,1000.0,4.0,0.0,1.17
4523,0,0,0,1000.0,4.01,0.0,1.17
4524,0,0,0,1000.0,4.02,0.0,1.17
4525,0,0,0,1000.0,4.03,0.0,1.17
4526,0,0,0,1000.0,4.04,0.0,1.17
4527,0,0,0,1000.0,4.05,0.0,1.17
4528,0,0,0,1000.0,4.06,0.0,1.17
4529,0,0,0,1000.0,-0.06,0.0,1.18
4530,0,0,0,1000.0,-0.05,0.0,1.18
4531,0,0,0,1000.0,-0.04,0.0,1.18
4532,0,0,0,1000.0,-0.03,0.0,1.18
4533,0,0,0,1000.0,-0.02,0.0,1.18
4534,0,0,0,1000.0,-0.01,0.0,1.18
4535,0,0,0,1000.0,0.0,0.0,1.18
4536,0,0,0,1000.0,4.0,0.0,1.18
4537,0,0,0,1000.0,4.01,0.0,1.18
4538,0,0,0,1000.0,4.02,0.0,1.18
4539,0,0,0,1000.0,4.03,0.0,1.18
4540,0,0,0,1000.0,4.04,0.0,1.18
4541,0,0,0,1000.0,4.05,0.0,1.18
4542,0,0,0,1000.0,4.06,0.0,1.18
4543,0,0,0,1000.0,-0.06,0.0,1.19
4544,0,0,0,1000.0,-0.05,0.0,1.19
4545,0,0,0,1000.0,-0.04,0.0,1.19
4546,0,0,0,1000.0,-0.03,0.0,1.19
4547,0,0,0,1000.0,-0.02,0.0,1.19
4548,0,0,0,1000.0,-0.01,0.0,1.19
4549,0,0,0,1000.0,0.0,0.0,1.19
4550,0,0,0,1000.0,4.0,0.0,1.19
4551,0,0,0,1000.0,4.01,0.0,1.19
4552,0,0,0,1000.0,4.02,0.0,1.19
4553,0,0,0,1000.0,4.03,0.0,1.19
4554,0,0,0,1000.0,4.04,0.0,1.19
4555,0,0,0,1000.0,4.05,0.0,1.19
4556,0,0,0,1000.0,4.06,0.0,1.19
4557,0,0,0,1000.0,-0.06,0.0,1.2
4558,0,0,0,1000.0,-0.05,0.0,1.2
4559,0,0,0,1000.0,-0.04,0.0,1.2
4560,0,0,0,1000.0,-0.03,0.0,1.2
4561,0,0,0,1000.0,-0.02,0.0,1.2
4562,0,0,0,1000.0,-0.01,0.0,1.2
4563,0,0,0,1000.0,0.0,0.0,1.2
4564,0,0,0,1000.0,4.0,0.0,1.2
4565,0,0,0,1000.0,4.01,0.0,1.2
4566,0,0,0,1000.0,4.02,0.0,1.2
4567,0,0,0,1000.0,4.03,0.0,1.2
4568,0,0,0,1000.0,4.04,0.0,1.2
4569,0,0,0,1000.0,4.05,0.0,1.2
4570,0,0,0,1000.0,4.06,0.0,1.2
4571,0,0,0,1000.0,-0.06,0.0,1.21
4572,0,0,0,1000.0,-0.05,0.0,1.21
4573,0,0,0,1000.0,-0.04,0.0,1.21
4574,0,0,0,1000.0,-0.03,0.0,1.21
4575,0,0,0,1000.0,-0.02,0.0,1.21
4576,0,0,0,1000.0,-0.01,0.0,1.21
4577,0,0,0,1000.0,0.0,0.0,1.21
4578,0,0,0,1000.0,4.0,0.0,1.21
4579,0,0,0,1000.0,4.01,0.0,1.21
4580,0,0,0,1000.0,4.02,0.0,1.21
4581,0,0,0,1000.0,4.03,0.0,1.21
4582,0,0,0,1000.0,4.04,0.0,1.21
4583,0,0,0,1000.0,4.05,0.0,1.21
4584,0,0,0,1000.0,4.06,0.0,1.21
4585,0,0,0,1000.0,-0.06,0.0,1.22
4586,0,0,0,1000.0,-0.05,0.0,1.22
4587,0,0,0,1000.0,-0.04,0.0,1.22
4588,0,0,0,1000.0,-0.03,0.0,1.22
4589,0,0,0,1000.0,-0.02,0.0,1.22
4590,0,0,0,1000.0,-0.01,0.0,1.22
4591,0,0,0,1000.0,0.0,0.0,1.22
4592,0,0,0,1000.0,4.0,0.0,1.22
4593,0,0,0,1000.0,4.01,0.0,1.22
4594,0,0,0,1000.0,4.02,0.0,1.22
4595,0,0,0,1000.0,4.03,0.0,1.22
4596,0,0,0,1000.0,4.04,0.0,1.22
4597,0,0,0,1000.0,4.05,0.0,1.22
4598,0,0,0,1000.0,4.06,0.0,1.22
4599,0,0,0,1000.0,-0.06,0.0,1.23
4600,0,0,0,1000.0,-0.05,0.0,1.23
4601,0,0,0,1000.0,-0.04,0.0,1.23
4602,0,0,0,1000.0,-0.03,0.0,1.23
4603,0,0,0,1000.0,-0.02,0.0,1.23
4604,0,0,0,1000.0,-0.01,0.0,1.23
4605,0,0,0,1000.0,0.0,0.0,1.23
4606,0,0,0,1000.0,4.0,0.0,1.23
4607,0,0,0,1000.0,4.01,0.0,1.23
4608,0,0,0,1000.0,4.02,0.0,1.23
4609,0,0,0,1000.0,4.03,0.0,1.23
4610,0,0,0,1000.0,4.04,0.0,1.23
4611,0,0,0,1000.0,4.05,0.0,1.23
4612,0,0,0,1000.0,4.06,0.0,1.23
4613,0,0,0,1000.0,-0.06,0.0,1.24
4614,0,0,0,1000.0,-0.05,0.0,1.24
4615,0,0,0,1000.0,-0.04,0.0,1.24
4616,0,0,0,1000.0,-0.03,0.0,1.24
4617,0,0,0,1000.0,-0.02,0.0,1.24
4618,0,0,0,1000.0,-0.01,0.0,1.24
4619,0,0,0,1000.0,0.0,0.0,1.24
4620,0,0,0,1000.0,4.0,0.0,1.24
4621,0,0,0,1000.0,4.01,0.0,1.24
4622,0,0,0,1000.0,4.02,0.0,1.24
4623,0,0,0,1000.0,4.03,0.0,1.24
4624,0,0,0,1000.0,4.04,0.0,1.24
4625,0,0,0,1000.0,4.05,0.0,1.24
4626,0,0,0,1000.0,4.06,0.0,1.24
4627,0,0,0,1000.0,-0.06,0.0,1.25
4628,0,0,0,1000.0,-0.05,0.0,1.25
4629,0,0,0,1000.0,-0.04,0.0,1.25
4630,0,0,0,1000.0,-0.03,0.0,1.25
4631,0,0,0,1000.0,-0.02,0.0,1.25
4632,0,0,0,1000.0,-0.01,0.0,1.25
4633,0,0,0,1000.0,0.0,0.0,1.25
4634,0,0,0,1000.0,4.0,0.0,1.25
4635,0,0,0,1000.0,4.01,0.0,1.25
4636,0,0,0,1000.0,4.02,0.0,1.25
4637,0,0,0,1000.0,4.03,0.0,1.25
4638,0,0,0,1000.0,4.04,0.0,1.25
4639,0,0,0,1000.0,4.05,0.0,1.25
4640,0,0,0,1000.0,4.06,0.0,1.25
4641,0,0,0,1000.0,-0.06,0.0,1.26
4642,0,0,0,1000.0,-0.05,0.0,1.26
4643,0,0,0,1000.0,-0.04,0.0,1.26
4644,0,0,0,1000.0,-0.03,0.0,1.26
4645,0,0,0,1000.0,-0.02,0.0,1.26
4646,0,0,0,1000.0,-0.01,0.0,1.26
4647,0,0,0,1000.0,0.0,0.0,1.26
4648,0,0,0,1000.0,4.0,0.0,1.26
4649,0,0,0,1000.0,4.01,0.0,1.26
4650,0,0,0,1000.0,4.02,0.0,1.26
4651,0,0,0,1000.0,4.03,0.0,1.26
4652,0,0,0,1000.0,4.04,0.0,1.26
4653,0,0,0,1000.0,4.05,0.0,1.26
4654,0,0,0,1000.0,4.06,0.0,1.26
4655,0,0,0,1000.0,-0.06,0.0,1.27
4656,0,0,0,1000.0,-0.05,0.0,1.27
4657,0,0,0,1000.0,-0.04,0.0,1.27
4658,0,0,0,1000.0,-0.03,0.0,1.27
4659,0,0,0,1000.0,-0.02,0.0,1.27
4660,0,0,0,1000.0,-0.01,0.0,1.27
4661,0,0,0,1000.0,0.0,0.0,1.27
4662,0,0,0,1000.0,4.0,0.0,1.27
4663,0,0,0,1000.0,4.01,0.0,1.27
4664,0,0,0,1000.0,4.02,0.0,1.27
4665,0,0,0,1000.0,4.03,0.0,1.27
4666,0,0,0,1000.0,4.04,0.0,1.27
4667,0,0,0,1000.0,4.05,0.0,1.27
4668,0,0,0,1000.0,4.06,0.0,1.27
4669,0,0,0,1000.0,-0.06,0.0,1.28
4670,0,0,0,1000.0,-0.05,0.0,1.28
4671,0,0,0,1000.0,-0.04,0.0,1.28
4672,0,0,0,1000.0,-0.03,0.0,1.28
4673,0,0,0,1000.0,-0.02,0.0,1.28
4674,0,0,0,1000.0,-0.01,0.0,1.28
4675,0,0,0,1000.0,0.0,0.0,1.28
4676,0,0,0,1000.0,4.0,0.0,1.28
4677,0,0,0,1000.0,4.01,0.0,1.28
4678,0,0,0,1000.0,4.02,0.0,1.28
4679,0,0,0,1000.0,4.03,0.0,1.28
4680,0,0,0,1000.0,4.04,0.0,1.28
4681,0,0,0,1000.0,4.05,0.0,1.28
4682,0,0,0,1000.0,4.06,0.0,1.28
4683,0,0,0,1000.0,-0.06,0.0,1.29
4684,0,0,0,1000.0,-0.05,0.0,1.29
4685,0,0,0,1000.0,-0.04,0.0,1.29
4686,0,0,0,1000.0,-0.03,0.0,1.29
4687,0,0,0,1000.0,-0.02,0.0,1.29
4688,0,0,0,1000.0,-0.01,0.0,1.29
4689,0,0,0,1000.0,0.0,0.0,1.29
4690,0,0,0,1000.0,4.0,0.0,1.29
4691,0,0,0,1000.0,4.01,0.0,1.29
4692,0,0,0,1000.0,4.02,0.0,1.29
4693,0,0,0,1000.0,4.03,0.0,1.29
4694,0,0,0,1000.0,4.04,0.0,1.29
4695,0,0,0,1000.0,4.05,0.0,1.29
4696,0,0,0,1000.0,4.06,0.0,1.29
4697,0,0,0,1000.0,-0.06,0.0,1.3
4698,0,0,0,1000.0,-0.05,0.0,1.3
4699,0,0,0,1000.0,-0.04,0.0,1.3
4700,0,0,0,1000.0,-0.03,0.0,1.3
4701,0,0,0,1000.0,-0.02,0.0,1.3
4702,0,0,0,1000.0,-0.01,0.0,1.3
4703,0,0,0,1000.0,0.0,0.0,1.3
4704,0,0,0,1000.0,4.0,0.0,1.3
4705,0,0,0,1000.0,4.01,0.0,1.3
4706,0,0,0,1000.0,4.02,0.0,1.3
4707,0,0,0,1000.0,4.03,0.0,1.3
4708,0,0,0,1000.0,4.04,0.0,1.3
4709,0,0,0,1000.0,4.05,0.0,1.3
4710,0,0,0,1000.0,4.06,0.0,1.3
4711,0,0,0,1000.0,-0.06,0.0,1.31
4712,0,0,0,1000.0,-0.05,0.0,1.31
4713,0,0,0,1000.0,-0.04,0.0,1.31
4714,0,0,0,1000.0,-0.03,0.0,1.31
4715,0,0,0,1000.0,-0.02,0.0,1.31
4716,0,0,0,1000.0,-0.01,0.0,1.31
4717,0,0,0,1000.0,0.0,0.0,1.31
4718,0,0,0,1000.0,4.0,0.0,1.31
4719,0,0,0,1000.0,4.01,0.0,1.31
4720,0,0,0,1000.0,4.02,0.0,1.31
4721,0,0,0,1000.0,4.03,0.0,1.31
4722,0,0,0,1000.0,4.04,0.0,1.31
4723,0,0,0,1000.0,4.05,0.0,1.31
4724,0,0,0,1000.0,4.06,0.0,1.31
4725,0,0,0,1000.0,-0.06,0.0,1.32
4726,0,0,0,1000.0,-0.05,0.0,1.32
4727,0,0,0,1000.0,-0.04,0.0,1.32
4728,0,0,0,1000.0,-0.03,0.0,1.32
4729,0,0,0,1000.0,-0.02,0.0,1.32
4730,0,0,0,1000.0,-0.01,0.0,1.32
4731,0,0,0,1000.0,0.0,0.0,1.32
4732,0,0,0,1000.0,4.0,0.0,1.32
4733,0,0,0,1000.0,4.01,0.0,1.32
4734,0,0,0,1000.0,4.02,0.0,1.32
4735,0,0,0,1000.0,4.03,0.0,1.32
4736,0,0,0,1000.0,4.04,0.0,1.32
4737,0,0,0,1000.0,4.05,0.0,1.32
4738,0,0,0,1000.0,4.06,0.0,1.32
4739,0,0,0,1000.0,-0.06,0.0,1.33
4740,0,0,0,1000.0,-0.05,0.0,1.33
4741,0,0,0,1000.0,-0.04,0.0,1.33
4742,0,0,0,1000.0,-0.03,0.0,1.33
4743,0,0,0,1000.0,-0.02,0.0,1.33
4744,0,0,0,1000.0,-0.01,0.0,1.33
4745,0,0,0,1000.0,0.0,0.0,1.33
4746,0,0,0,1000.0,4.0,0.0,1.33
4747,0,0,0,1000.0,4.01,0.0,1.33
4748,0,0,0,1000.0,4.02,0.0,1.33
4749,0,0,0,1000.0,4.03,0.0,1.33
4750,0,0,0,1000.0,4.04,0.0,1.33
4751,0,0,0,1000.0,4.05,0.0,1.33
4752,0,0,0,1000.0,4.06,0.0,1.33
4753,0,0,0,1000.0,-0.06,0.0,1.34
4754,0,0,0,1000.0,-0.05,0.0,1.34
4755,0,0,0,1000.0,-0.04,0.0,1.34
4756,0,0,0,1000.0,-0.03,0.0,1.34
4757,0,0,0,1000.0,-0.02,0.0,1.34
4758,0,0,0,1000.0,-0.01,0.0,1.34
4759,0,0,0,1000.0,0.0,0.0,1.34
4760,0,0,0,1000.0,4.0,0.0,1.34
4761,0,0,0,1000.0,4.01,0.0,1.34
4762,0,0,0,1000.0,4.02,0.0,1.34
4763,0,0,0,1000.0,4.03,0.0,1.34
4764,0,0,0,1000.0,4.04,0.0,1.34
4765,0,0,0,1000.0,4.05,0.0,1.34
4766,0,0,0,1000.0,4.06,0.0,1.34
4767,0,0,0,1000.0,-0.06,0.0,1.35
4768,0,0,0,1000.0,-0.05,0.0,1.35
4769,0,0,0,1000.0,-0.04,0.0,1.35
4770,0,0,0,1000.0,-0.03,0.0,1.35
4771,0,0,0,1000.0,-0.02,0.0,1.35
4772,0,0,0,1000.0,-0.01,0.0,1.35
4773,0,0,0,1000.0,0.0,0.0,1.35
4774,0,0,0,1000.0,4.0,0.0,1.35
4775,0,0,0,1000.0,4.01,0.0,1.35
4776,0,0,0,1000.0,4.02,0.0,1.35
4777,0,0,0,1000.0,4.03,0.0,1.35
4778,0,0,0,1000.0,4.04,0.0,1.35
4779,0,0,0,1000.0,4.05,0.0,1.35
4780,0,0,0,1000.0,4.06,0.0,1.35
4781,0,0,0,1000.0,-0.06,0.0,1.36
4782,0,0,0,1000.0,-0.05,0.0,1.36
4783,0,0,0,1000.0,-0.04,0.0,1.36
4784,0,0,0,1000.0,-0.03,0.0,1.36
4785,0,0,0,1000.0,-0.02,0.0,1.36
4786,0,0,0,1000.0,-0.01,0.0,1.36
4787,0,0,0,1000.0,0.0,0.0,1.36
4788,0,0,0,1000.0,4.0,0.0,1.36
4789,0,0,0,1000.0,4.01,0.0,1.36
4790,0,0,0,1000.0,4.02,0.0,1.36
4791,0,0,0,1000.0,4.03,0.0,1.36
4792,0,0,0,1000.0,4.04,0.0,1.36
4793,0,0,0,1000.0,4.05,0.0,1.36
4794,0,0,0,1000.0,4.06,0.0,1.36
4795,0,0,0,1000.0,-0.06,0.0,1.37
4796,0,0,0,1000.0,-0.05,0.0,1.37
4797,0,0,0,1000.0,-0.04,0.0,1.37
4798,0,0,0,1000.0,-0.03,0.0,1.37
4799,0,0,0,1000.0,-0.02,0.0,1.37
4800,0,0,0,1000.0,-0.01,0.0,1.37
4801,0,0,0,1000.0,0.0,0.0,1.37
4802,0,0,0,1000.0,4.0,0.0,1.37
4803,0,0,0,1000.0,4.01,0.0,1.37
4804,0,0,0,1000.0,4.02,0.0,1.37
4805,0,0,0,1000.0,4.03,0.0,1.37
4806,0,0,0,1000.0,4.04,0.0,1.37
4807,0,0,0,1000.0,4.05,0.0,1.37
4808,0,0,0,1000.0,4.06,0.0,1.37
4809,0,0,0,1000.0,-0.06,0.0,1.38
4810,0,0,0,1000.0,-0.05,0.0,1.38
4811,0,0,0,1000.0,-0.04,0.0,1.38
4812,0,0,0,1000.0,-0.03,0.0,1.38
4813,0,0,0,1000.0,-0.02,0.0,1.38
4814,0,0,0,1000.0,-0.01,0.0,1.38
4815,0,0,0,1000.0,0.0,0.0,1.38
4816,0,0,0,1000.0,4.0,0.0,1.38
4817,0,0,0,1000.0,4.01,0.0,1.38
4818,0,0,0,1000.0,4.02,0.0,1.38
4819,0,0,0,1000.0,4.03,0.0,1.38
4820,0,0,0,1000.0,4.04,0.0,1.38
4821,0,0,0,1000.0,4.05,0.0,1.38
4822,0,0,0,1000.0,4.06,0.0,1.38
4823,0,0,0,1000.0,-0.06,0.0,1.39
4824,0,0,0,1000.0,-0.05,0.0,1.39
4825,0,0,0,1000.0,-0.04,0.0,1.39
4826,0,0,0,1000.0,-0.03,0.0,1.39
4827,0,0,0,1000.0,-0.02,0.0,1.39
4828,0,0,0,1000.0,-0.01,0.0,1.39
4829,0,0,0,1000.0,0.0,0.0,1.39
4830,0,0,0,1000.0,4.0,0.0,1.39
4831,0,0,0,1000.0,4.01,0.0,1.39
4832,0,0,0,1000.0,4.02,0.0,1.39
4833,0,0,0,1000.0,4.03,0.0,1.39
4834,0,0,0,1000.0,4.04,0.0,1.39
4835,0,0,0,1000.0,4.05,0.0,1.39
4836,0,0,0,1000.0,4.06,0.0,1.39
4837,0,0,0,1000.0,-0.06,0.0,1.4
4838,0,0,0,1000.0,-0.05,0.0,1.4
4839,0,0,0,1000.0,-0.04,0.0,1.4
4840,0,0,0,1000.0,-0.03,0.0,1.4
4841,0,0,0,1000.0,-0.02,0.0,1.4
4842,0,0,0,1000.0,-0.01,0.0,1.4
4843,0,0,0,1000.0,0.0,0.0,1.4
4844,0,0,0,1000.0,4.0,0.0,1.4
4845,0,0,0,1000.0,4.01,0.0,1.4
4846,0,0,0,1000.0,4.02,0.0,1.4
4847,0,0,0,1000.0,4.03,0.0,1.4
4848,0,0,0,1000.0,4.04,0.0,1.4
4849,0,0,0,1000.0,4.05,0.0,1.4
4850,0,0,0,1000.0,4.06,0.0,1.4
4851,0,0,0,1000.0,-0.06,0.0,1.41
4852,0,0,0,1000.0,-0.05,0.0,1.41
4853,0,0,0,1000.0,-0.04,0.0,1.41
4854,0,0,0,1000.0,-0.03,0.0,1.41
4855,0,0,0,1000.0,-0.02,0.0,1.41
4856,0,0,0,1000.0,-0.01,0.0,1.41
4857,0,0,0,1000.0,0.0,0.0,1.41
4858,0,0,0,1000.0,4.0,0.0,1.41
4859,0,0,0,1000.0,4.01,0.0,1.41
4860,0,0,0,1000.0,4.02,0.0,1.41
4861,0,0,0,1000.0,4.03,0.0,1.41
4862,0,0,0,1000.0,4.04,0.0,1.41
4863,0,0,0,1000.0,4.05,0.0,1.41
4864,0,0,0,1000.0,4.06,0.0,1.41
4865,0,0,0,1000.0,-0.06,0.0,1.42
4866,0,0,0,1000.0,-0.05,0.0,1.42
4867,0,0,0,1000.0,-0.04,0.0,1.42
4868,0,0,0,1000.0,-0.03,0.0,1.42
4869,0,0,0,1000.0,-0.02,0.0,1.42
4870,0,0,0,1000.0,-0.01,0.0,1.42
4871,0,0,0,1000.0,0.0,0.0,1.42
4872,0,0,0,1000.0,4.0,0.0,1.42
4873,0,0,0,1000.0,4.01,0.0,1.42
4874,0,0,0,1000.0,4.02,0.0,1.42
4875,0,0,0,1000.0,4.03,0.0,1.42
4876,0,0,0,1000.0,4.04,0.0,1.42
4877,0,0,0,1000.0,4.05,0.0,1.42
4878,0,0,0,1000.0,4.06,0.0,1.42
4879,0,0,0,1000.0,-0.06,0.0,1.43
4880,0,0,0,1000.0,-0.05,0.0,1.43
4881,0,0,0,1000.0,-0.04,0.0,1.43
4882,0,0,0,1000.0,-0.03,0.0,1.43
4883,0,0,0,1000.0,-0.02,0.0,1.43
4884,0,0,0,1000.0,-0.01,0.0,1.43
4885,0,0,0,1000.0,0.0,0.0,1.43
4886,0,0,0,1000.0,4.0,0.0,1.43
4887,0,0,0,1000.0,4.01,0.0,1.43
4888,0,0,0,1000.0,4.02,0.0,1.43
4889,0,0,0,1000.0,4.03,0.0,1.43
4890,0,0,0,1000.0,4.04,0.0,1.43
4891,0,0,0,1000.0,4.05,0.0,1.43
4892,0,0,0,1000.0,4.06,0.0,1.43
4893,0,0,0,1000.0,-0.06,0.0,1.44
4894,0,0,0,1000.0,-0.05,0.0,1.44
4895,0,0,0,1000.0,-0.04,0.0,1.44
4896,0,0,0,1000.0,-0.03,0.0,1.44
4897,0,0,0,1000.0,-0.02,0.0,1.44
4898,0,0,0,1000.0,-0.01,0.0,1.44
4899,0,0,0,1000.0,0.0,0.0,1.44
4900,0,0,0,1000.0,4.0,0.0,1.44
4901,0,0,0,1000.0,4.01,0.0,1.44
4902,0,0,0,1000.0,4.02,0.0,1.44
4903,0,0,0,1000.0,4.03,0.0,1.44
4904,0,0,0,1000.0,4.04,0.0,1.44
4905,0,0,0,1000.0,4.05,0.0,1.44
4906,0,0,0,1000.0,4.06,0.0,1.44
4907,0,0,0,1000.0,-0.06,0.0,1.45
4908,0,0,0,1000.0,-0.05,0.0,1.45
4909,0,0,0,1000.0,-0.04,0.0,1.45
4910,0,0,0,1000.0,-0.03,0.0,1.45
4911,0,0,0,1000.0,-0.02,0.0,1.45
4912,0,0,0,1000.0,-0.01,0.0,1.45
4913,0,0,0,1000.0,0.0,0.0,1.45
4914,0,0,0,1000.0,4.0,0.0,1.45
4915,0,0,0,1000.0,4.01,0.0,1.45
4916,0,0,0,1000.0,4.02,0.0,1.45
4917,0,0,0,1000.0,4.03,0.0,1.45
4918,0,0,0,1000.0,4.04,0.0,1.45
4919,0,0,0,1000.0,4.05,0.0,1.45
4920,0,0,0,1000.0,4.06,0.0,1.45
4921,0,0,0,1000.0,-0.06,0.0,1.46
4922,0,0,0,1000.0,-0.05,0.0,1.46
4923,0,0,0,1000.0,-0.04,0.0,1.46
4924,0,0,0,1000.0,-0.03,0.0,1.46
4925,0,0,0,1000.0,-0.02,0.0,1.46
4926,0,0,0,1000.0,-0.01,0.0,1.46
4927,0,0,0,1000.0,0.0,0.0,1.46
4928,0,0,0,1000.0,4.0,0.0,1.46
4929,0,0,0,1000.0,4.01,0.0,1.46
4930,0,0,0,1000.0,4.02,0.0,1.46
4931,0,0,0,1000.0,4.03,0.0,1.46
4932,0,0,0,1000.0,4.04,0.0,1.46
4933,0,0,0,1000.0,4.05,0.0,1.46
4934,0,0,0,1000.0,4.06,0.0,1.46
4935,0,0,0,1000.0,-0.06,0.0,1.47
4936,0,0,0,1000.0,-0.05,0.0,1.47
4937,0,0,0,1000.0,-0.04,0.0,1.47
4938,0,0,0,1000.0,-0.03,0.0,1.47
4939,0,0,0,1000.0,-0.02,0.0,1.47
4940,0,0,0,1000.0,-0.01,0.0,1.47
4941,0,0,0,1000.0,0.0,0.0,1.47
4942,0,0,0,1000.0,4.0,0.0,1.47
4943,0,0,0,1000.0,4.01,0.0,1.47
4944,0,0,0,1000.0,4.02,0.0,1.47
4945,0,0,0,1000.0,4.03,0.0,1.47
4946,0,0,0,1000.0,4.04,0.0,1.47
4947,0,0,0,1000.0,4.05,0.0,1.47
4948,0,0,0,1000.0,4.06,0.0,1.47
4949,0,0,0,1000.0,-0.06,0.0,1.48
4950,0,0,0,1000.0,-0.05,0.0,1.48
4951,0,0,0,1000.0,-0.04,0.0,1.48
4952,0,0,0,1000.0,-0.03,0.0,1.48
4953,0,0,0,1000.0,-0.02,0.0,1.48
4954,0,0,0,1000.0,-0.01,0.0,1.48
4955,0,0,0,1000.0,0.0,0.0,1.48
4956,0,0,0,1000.0,4.0,0.0,1.48
4957,0,0,0,1000.0,4.01,0.0,1.48
4958,0,0,0,1000.0,4.02,0.0,1.48
4959,0,0,0,1000.0,4.03,0.0,1.48
4960,0,0,0,1000.0,4.04,0.0,1.48
4961,0,0,0,1000.0,4.05,0.0,1.48
4962,0,0,0,1000.0,4.06,0.0,1.48
4963,0,0,0,1000.0,-0.06,0.0,1.49
4964,0,0,0,1000.0,-0.05,0.0,1.49
4965,0,0,0,1000.0,-0.04,0.0,1.49
4966,0,0,0,1000.0,-0.03,0.0,1.49
4967,0,0,0,1000.0,-0.02,0.0,1.49
4968,0,0,0,1000.0,-0.01,0.0,1.49
4969,0,0,0,1000.0,0.0,0.0,1.49
4970,0,0,0,1000.0,4.0,0.0,1.49
4971,0,0,0,1000.0,4.01,0.0,1.49
4972,0,0,0,1000.0,4.02,0.0,1.49
4973,0,0,0,1000.0,4.03,0.0,1.49
4974,0,0,0,1000.0,4.04,0.0,1.49
4975,0,0,0,1000.0,4.05,0.0,1.49
4976,0,0,0,1000.0,4.06,0.0,1.49
4977,0,0,0,1000.0,-0.06,0.0,1.5
4978,0,0,0,1000.0,-0.05,0.0,1.5
4979,0,0,0,1000.0,-0.04,0.0,1.5
4980,0,0,0,1000.0,-0.03,0.0,1.5
4981,0,0,0,1000.0,-0.02,0.0,1.5
4982,0,0,0,1000.0,-0.01,0.0,1.5
4983,0,0,0,1000.0,0.0,0.0,1.5
4984,0,0,0,1000.0,4.0,0.0,1.5
4985,0,0,0,1000.0,4.01,0.0,1.5
4986,0,0,0,1000.0,4.02,0.0,1.5
4987,0,0,0,1000.0,4.03,0.0,1.5
4988,0,0,0,1000.0,4.04,0.0,1.5
4989,0,0,0,1000.0,4.05,0.0,1.5
4990,0,0,0,1000.0,4.06,0.0,1.5
4991,0,0,0,1000.0,-0.06,0.0,1.51
4992,0,0,0,1000.0,-0.05,0.0,1.51
4993,0,0,0,1000.0,-0.04,0.0,1.51
4994,0,0,0,1000.0,-0.03,0.0,1.51
4995,0,0,0,1000.0,-0.02,0.0,1.51
4996,0,0,0,1000.0,-0.01,0.0,1.51
4997,0,0,0,1000.0,0.0,0.0,1.51
4998,0,0,0,1000.0,4.0,0.0,1.51
4999,0,0,0,1000.0,4.01,0.0,1.51
5000,0,0,0,1000.0,4.02,0.0,1.51
5001,0,0,0,1000.0,4.03,0.0,1.51
5002,0,0,0,1000.0,4.04,0.0,1.51
5003,0,0,0,1000.0,4.05,0.0,1.51
5004,0,0,0,1000.0,4.06,0.0,1.51
5005,0,0,0,1000.0,-0.06,0.0,1.52
5006,0,0,0,1000.0,-0.05,0.0,1.52
5007,0,0,0,1000.0,-0.04,0.0,1.52
5008,0,0,0,1000.0,-0.03,0.0,1.52
5009,0,0,0,1000.0,-0.02,0.0,1.52
5010,0,0,0,1000.0,-0.01,0.0,1.52
5011,0,0,0,1000.0,0.0,0.0,1.52
5012,0,0,0,1000.0,4.0,0.0,1.52
5013,0,0,0,1000.0,4.01,0.0,1.52
5014,0,0,0,1000.0,4.02,0.0,1.52
5015,0,0,0,1000.0,4.03,0.0,1.52
5016,0,0,0,1000.0,4.04,0.0,1.52
5017,0,0,0,1000.0,4.05,0.0,1.52
5018,0,0,0,1000.0,4.06,0.0,1.52
5019,0,0,0,1000.0,-0.06,0.0,1.53
5020,0,0,0,1000.0,-0.05,0.0,1.53
5021,0,0,0,1000.0,-0.04,0.0,1.53
5022,0,0,0,1000.0,-0.03,0.0,1.53
5023,0,0,0,1000.0,-0.02,0.0,1.53
5024,0,0,0,1000.0,-0.01,0.0,1.53
5025,0,0,0,1000.0,0.0,0.0,1.53
5026,0,0,0,1000.0,4.0,0.0,1.53
5027,0,0,0,1000.0,4.01,0.0,1.53
5028,0,0,0,1000.0,4.02,0.0,1.53
5029,0,0,0,1000.0,4.03,0.0,1.53
5030,0,0,0,1000.0,4.04,0.0,1.53
5031,0,0,0,1000.0,4.05,0.0,1.53
5032,0,0,0,1000.0,4.06,0.0,1.53
5033,0,0,0,1000.0,-0.06,0.0,1.54
5034,0,0,0,1000.0,-0.05,0.0,1.54
5035,0,0,0,1000.0,-0.04,0.0,1.54
5036,0,0,0,1000.0,-0.03,0.0,1.54
5037,0,0,0,1000.0,-0.02,0.0,1.54
5038,0,0,0,1000.0,-0.01,0.0,1.54
5039,0,0,0,1000.0,0.0,0.0,1.54
5040,0,0,0,1000.0,4.0,0.0,1.54
5041,0,0,0,1000.0,4.01,0.0,1.54
5042,0,0,0,1000.0,4.02,0.0,1.54
5043,0,0,0,1000.0,4.03,0.0,1.54
5044,0,0,0,1000.0,4.04,0.0,1.54
5045,0,0,0,1000.0,4.05,0.0,1.54
5046,0,0,0,1000.0,4.06,0.0,1.54
5047,0,0,0,1000.0,-0.06,0.0,1.55
5048,0,0,0,1000.0,-0.05,0.0,1.55
5049,0,0,0,1000.0,-0.04,0.0,1.55
5050,0,0,0,1000.0,-0.03,0.0,1.55
5051,0,0,0,1000.0,-0.02,0.0,1.55
5052,0,0,0,1000.0,-0.01,0.0,1.55
5053,0,0,0,1000.0,0.0,0.0,1.55
5054,0,0,0,1000.0,4.0,0.0,1.55
5055,0,0,0,1000.0,4.01,0.0,1.55
5056,0,0,0,1000.0,4.02,0.0,1.55
5057,0,0,0,1000.0,4.03,0.0,1.55
5058,0,0,0,1000.0,4.04,0.0,1.55
5059,0,0,0,1000.0,4.05,0.0,1.55
5060,0,0,0,1000.0,4.06,0.0,1.55
5061,0,0,0,1000.0,-0.06,0.0,1.56
5062,0,0,0,1000.0,-0.05,0.0,1.56
5063,0,0,0,1000.0,-0.04,0.0,1.56
5064,0,0,0,1000.0,-0.03,0.0,1.56
5065,0,0,0,1000.0,-0.02,0.0,1.56
5066,0,0,0,1000.0,-0.01,0.0,1.56
5067,0,0,0,1000.0,0.0,0.0,1.56
5068,0,0,0,1000.0,4.0,0.0,1.56
5069,0,0,0,1000.0,4.01,0.0,1.56
5070,0,0,0,1000.0,4.02,0.0,1.56
5071,0,0,0,1000.0,4.03,0.0,1.56
5072,0,0,0,1000.0,4.04,0.0,1.56
5073,0,0,0,1000.0,4.05,0.0,1.56
5074,0,0,0,1000.0,4.06,0.0,1.56
5075,0,0,0,1000.0,-0.06,0.0,1.57
5076,0,0,0,1000.0,-0.05,0.0,1.57
5077,0,0,0,1000.0,-0.04,0.0,1.57
5078,0,0,0,1000.0,-0.03,0.0,1.57
5079,0,0,0,1000.0,-0.02,0.0,1.57
5080,0,0,0,1000.0,-0.01,0.0,1.57
5081,0,0,0,1000.0,0.0,0.0,1.57
5082,0,0,0,1000.0,4.0,0.0,1.57
5083,0,0,0,1000.0,4.01,0.0,1.57
5084,0,0,0,1000.0,4.02,0.0,1.57
5085,0,0,0,1000.0,4.03,0.0,1.57
5086,0,0,0,1000.0,4.04,0.0,1.57
5087,0,0,0,1000.0,4.05,0.0,1.57
5088,0,0,0,1000.0,4.06,0.0,1.57
5089,0,0,0,1000.0,-0.06,0.0,1.58
5090,0,0,0,1000.0,-0.05,0.0,1.58
5091,0,0,0,1000.0,-0.04,0.0,1.58
5092,0,0,0,1000.0,-0.03,0.0,1.58
5093,0,0,0,1000.0,-0.02,0.0,1.58
5094,0,0,0,1000.0,-0.01,0.0,1.58
5095,0,0,0,1000.0,0.0,0.0,1.58
5096,0,0,0,1000.0,4.0,0.0,1.58
5097,0,0,0,1000.0,4.01,0.0,1.58
5098,0,0,0,1000.0,4.02,0.0,1.58
5099,0,0,0,1000.0,4.03,0.0,1.58
5100,0,0,0,1000.0,4.04,0.0,1.58
5101,0,0,0,1000.0,4.05,0.0,1.58
5102,0,0,0,1000.0,4.06,0.0,1.58
5103,0,0,0,1000.0,-0.06,0.0,1.59
5104,0,0,0,1000.0,-0.05,0.0,1.59
5105,0,0,0,1000.0,-0.04,0.0,1.59
5106,0,0,0,1000.0,-0.03,0.0,1.59
5107,0,0,0,1000.0,-0.02,0.0,1.59
5108,0,0,0,1000.0,-0.01,0.0,1.59
5109,0,0,0,1000.0,0.0,0.0,1.59
5110,0,0,0,1000.0,4.0,0.0,1.59
5111,0,0,0,1000.0,4.01,0.0,1.59
5112,0,0,0,1000.0,4.02,0.0,1.59
5113,0,0,0,1000.0,4.03,0.0,1.59
5114,0,0,0,1000.0,4.04,0.0,1.59
5115,0,0,0,1000.0,4.05,0.0,1.59
5116,0,0,0,1000.0,4.06,0.0,1.59
5117,0,0,0,1000.0,-0.06,0.0,1.6
5118,0,0,0,1000.0,-0.05,0.0,1.6
5119,0,0,0,1000.0,-0.04,0.0,1.6
5120,0,0,0,1000.0,-0.03,0.0,1.6
5121,0,0,0,1000.0,-0.02,0.0,1.6
5122,0,0,0,1000.0,-0.01,0.0,1.6
5123,0,0,0,1000.0,0.0,0.0,1.6
5124,0,0,0,1000.0,4.0,0.0,1.6
5125,0,0,0,1000.0,4.01,0.0,1.6
5126,0,0,0,1000.0,4.02,0.0,1.6
5127,0,0,0,1000.0,4.03,0.0,1.6
5128,0,0,0,1000.0,4.04,0.0,1.6
5129,0,0,0,1000.0,4.05,0.0,1.6
5130,0,0,0,1000.0,4.06,0.0,1.6
5131,0,0,0,1000.0,-0.06,0.0,1.61
5132,0,0,0,1000.0,-0.05,0.0,1.61
5133,0,0,0,1000.0,-0.04,0.0,1.61
5134,0,0,0,1000.0,-0.03,0.0,1.61
5135,0,0,0,1000.0,-0.02,0.0,1.61
5136,0,0,0,1000.0,-0.01,0.0,1.61
5137,0,0,0,1000.0,0.0,0.0,1.61
5138,0,0,0,1000.0,4.0,0.0,1.61
5139,0,0,0,1000.0,4.01,0.0,1.61
5140,0,0,0,1000.0,4.02,0.0,1.61
5141,0,0,0,1000.0,4.03,0.0,1.61
5142,0,0,0,1000.0,4.04,0.0,1.61
5143,0,0,0,1000.0,4.05,0.0,1.61
5144,0,0,0,1000.0,4.06,0.0,1.61
5145,0,0,0,1000.0,-0.06,0.0,1.62
5146,0,0,0,1000.0,-0.05,0.0,1.62
5147,0,0,0,1000.0,-0.04,0.0,1.62
5148,0,0,0,1000.0,-0.03,0.0,1.62
5149,0,0,0,1000.0,-0.02,0.0,1.62
5150,0,0,0,1000.0,-0.01,0.0,1.62
5151,0,0,0,1000.0,0.0,0.0,1.62
5152,0,0,0,1000.0,4.0,0.0,1.62
5153,0,0,0,1000.0,4.01,0.0,1.62
5154,0,0,0,1000.0,4.02,0.0,1.62
5155,0,0,0,1000.0,4.03,0.0,1.62
5156,0,0,0,1000.0,4.04,0.0,1.62
5157,0,0,0,1000.0,4.05,0.0,1.62
5158,0,0,0,1000.0,4.06,0.0,1.62
5159,0,0,0,1000.0,-0.06,0.0,1.63
5160,0,0,0,1000.0,-0.05,0.0,1.63
5161,0,0,0,1000.0,-0.04,0.0,1.63
5162,0,0,0,1000.0,-0.03,0.0,1.63
5163,0,0,0,1000.0,-0.02,0.0,1.63
5164,0,0,0,1000.0,-0.01,0.0,1.63
5165,0,0,0,1000.0,0.0,0.0,1.63
5166,0,0,0,1000.0,4.0,0.0,1.63
5167,0,0,0,1000.0,4.01,0.0,1.63
5168,0,0,0,1000.0,4.02,0.0,1.63
5169,0,0,0,1000.0,4.03,0.0,1.63
5170,0,0,0,1000.0,4.04,0.0,1.63
5171,0,0,0,1000.0,4.05,0.0,1.63
5172,0,0,0,1000.0,4.06,0.0,1.63
5173,0,0,0,1000.0,-0.06,0.0,1.64
5174,0,0,0,1000.0,-0.05,0.0,1.64
5175,0,0,0,1000.0,-0.04,0.0,1.64
5176,0,0,0,1000.0,-0.03,0.0,1.64
5177,0,0,0,1000.0,-0.02,0.0,1.64
5178,0,0,0,1000.0,-0.01,0.0,1.64
5179,0,0,0,1000.0,0.0,0.0,1.64
5180,0,0,0,1000.0,4.0,0.0,1.64
5181,0,0,0,1000.0,4.01,0.0,1.64
5182,0,0,0,1000.0,4.02,0.0,1.64
5183,0,0,0,1000.0,4.03,0.0,1.64
5184,0,0,0,1000.0,4.04,0.0,1.64
5185,0,0,0,1000.0,4.05,0.0,1.64
5186,0,0,0,1000.0,4.06,0.0,1.64
5187,0,0,0,1000.0,-0.06,0.0,1.65
5188,0,0,0,1000.0,-0.05,0.0,1.65
5189,0,0,0,1000.0,-0.04,0.0,1.65
5190,0,0,0,1000.0,-0.03,0.0,1.65
5191,0,0,0,1000.0,-0.02,0.0,1.65
5192,0,0,0,1000.0,-0.01,0.0,1.65
5193,0,0,0,1000.0,0.0,0.0,1.65
5194,0,0,0,1000.0,4.0,0.0,1.65
5195,0,0,0,1000.0,4.01,0.0,1.65
5196,0,0,0,1000.0,4.02,0.0,1.65
5197,0,0,0,1000.0,4.03,0.0,1.65
5198,0,0,0,1000.0,4.04,0.0,1.65
5199,0,0,0,1000.0,4.05,0.0,1.65
5200,0,0,0,1000.0,4.06,0.0,1.65
5201,0,0,0,1000.0,-0.06,0.0,1.66
5202,0,0,0,1000.0,-0.05,0.0,1.66
5203,0,0,0,1000.0,-0.04,0.0,1.66
5204,0,0,0,1000.0,-0.03,0.0,1.66
5205,0,0,0,1000.0,-0.02,0.0,1.66
5206,0,0,0,1000.0,-0.01,0.0,1.66
5207,0,0,0,1000.0,0.0,0.0,1.66
5208,0,0,0,1000.0,4.0,0.0,1.66
5209,0,0,0,1000.0,4.01,0.0,1.66
5210,0,0,0,1000.0,4.02,0.0,1.66
5211,0,0,0,1000.0,4.03,0.0,1.66
5212,0,0,0,1000.0,4.04,0.0,1.66
5213,0,0,0,1000.0,4.05,0.0,1.66
5214,0,0,0,1000.0,4.06,0.0,1.66
5215,0,0,0,1000.0,-0.06,0.0,1.67
5216,0,0,0,1000.0,-0.05,0.0,1.67
5217,0,0,0,1000.0,-0.04,0.0,1.67
5218,0,0,0,1000.0,-0.03,0.0,1.67
5219,0,0,0,1000.0,-0.02,0.0,1.67
5220,0,0,0,1000.0,-0.01,0.0,1.67
5221,0,0,0,1000.0,0.0,0.0,1.67
5222,0,0,0,1000.0,4.0,0.0,1.67
5223,0,0,0,1000.0,4.01,0.0,1.67
5224,0,0,0,1000.0,4.02,0.0,1.67
5225,0,0,0,1000.0,4.03,0.0,1.67
5226,0,0,0,1000.0,4.04,0.0,1.67
5227,0,0,0,1000.0,4.05,0.0,1.67
5228,0,0,0,1000.0,4.06,0.0,1.67
5229,0,0,0,1000.0,-0.06,0.0,1.68
5230,0,0,0,1000.0,-0.05,0.0,1.68
5231,0,0,0,1000.0,-0.04,0.0,1.68
5232,0,0,0,1000.0,-0.03,0.0,1.68
5233,0,0,0,1000.0,-0.02,0.0,1.68
5234,0,0,0,1000.0,-0.01,0.0,1.68
5235,0,0,0,1000.0,0.0,0.0,1.68
5236,0,0,0,1000.0,4.0,0.0,1.68
5237,0,0,0,1000.0,4.01,0.0,1.68
5238,0,0,0,1000.0,4.02,0.0,1.68
5239,0,0,0,1000.0,4.03,0.0,1.68
5240,0,0,0,1000.0,4.04,0.0,1.68
5241,0,0,0,1000.0,4.05,0.0,1.68
5242,0,0,0,1000.0,4.06,0.0,1.68
5243,0,0,0,1000.0,-0.06,0.0,1.69
5244,0,0,0,1000.0,-0.05,0.0,1.69
5245,0,0,0,1000.0,-0.04,0.0,1.69
5246,0,0,0,1000.0,-0.03,0.0,1.69
5247,0,0,0,1000.0,-0.02,0.0,1.69
5248,0,0,0,1000.0,-0.01,0.0,1.69
5249,0,0,0,1000.0,0.0,0.0,1.69
5250,0,0,0,1000.0,4.0,0.0,1.69
5251,0,0,0,1000.0,4.01,0.0,1.69
5252,0,0,0,1000.0,4.02,0.0,1.69
5253,0,0,0,1000.0,4.03,0.0,1.69
5254,0,0,0,1000.0,4.04,0.0,1.69
5255,0,0,0,1000.0,4.05,0.0,1.69
5256,0,0,0,1000.0,4.06,0.0,1.69
5257,0,0,0,1000.0,-0.06,0.0,1.7
5258,0,0,0,1000.0,-0.05,0.0,1.7
5259,0,0,0,1000.0,-0.04,0.0,1.7
5260,0,0,0,1000.0,-0.03,0.0,1.7
5261,0,0,0,1000.0,-0.02,0.0,1.7
5262,0,0,0,1000.0,-0.01,0.0,1.7
5263,0,0,0,1000.0,0.0,0.0,1.7
5264,0,0,0,1000.0,4.0,0.0,1.7
5265,0,0,0,1000.0,4.01,0.0,1.7
5266,0,0,0,1000.0,4.02,0.0,1.7
5267,0,0,0,1000.0,4.03,0.0,1.7
5268,0,0,0,1000.0,4.04,0.0,1.7
5269,0,0,0,1000.0,4.05,0.0,1.7
5270,0,0,0,1000.0,4.06,0.0,1.7
5271,0,0,0,1000.0,-0.06,0.0,1.71
5272,0,0,0,1000.0,-0.05,0.0,1.71
5273,0,0,0,1000.0,-0.04,0.0,1.71
5274,0,0,0,1000.0,-0.03,0.0,1.71
5275,0,0,0,1000.0,-0.02,0.0,1.71
5276,0,0,0,1000.0,-0.01,0.0,1.71
5277,0,0,0,1000.0,0.0,0.0,1.71
5278,0,0,0,1000.0,4.0,0.0,1.71
5279,0,0,0,1000.0,4.01,0.0,1.71
5280,0,0,0,1000.0,4.02,0.0,1.71
5281,0,0,0,1000.0,4.03,0.0,1.71
5282,0,0,0,1000.0,4.04,0.0,1.71
5283,0,0,0,1000.0,4.05,0.0,1.71
5284,0,0,0,1000.0,4.06,0.0,1.71
5285,0,0,0,1000.0,-0.06,0.0,1.72
5286,0,0,0,1000.0,-0.05,0.0,1.72
5287,0,0,0,1000.0,-0.04,0.0,1.72
5288,0,0,0,1000.0,-0.03,0.0,1.72
5289,0,0,0,1000.0,-0.02,0.0,1.72
5290,0,0,0,1000.0,-0.01,0.0,1.72
5291,0,0,0,1000.0,0.0,0.0,1.72
5292,0,0,0,1000.0,4.0,0.0,1.72
5293,0,0,0,1000.0,4.01,0.0,1.72
5294,0,0,0,1000.0,4.02,0.0,1.72
5295,0,0,0,1000.0,4.03,0.0,1.72
5296,0,0,0,1000.0,4.04,0.0,1.72
5297,0,0,0,1000.0,4.05,0.0,1.72
5298,0,0,0,1000.0,4.06,0.0,1.72
5299,0,0,0,1000.0,-0.06,0.0,1.73
5300,0,0,0,1000.0,-0.05,0.0,1.73
5301,0,0,0,1000.0,-0.04,0.0,1.73
5302,0,0,0,1000.0,-0.03,0.0,1.73
5303,0,0,0,1000.0,-0.02,0.0,1.73
5304,0,0,0,1000.0,-0.01,0.0,1.73
5305,0,0,0,1000.0,0.0,0.0,1.73
5306,0,0,0,1000.0,4.0,0.0,1.73
5307,0,0,0,1000.0,4.01,0.0,1.73
5308,0,0,0,1000.0,4.02,0.0,1.73
5309,0,0,0,1000.0,4.03,0.0,1.73
5310,0,0,0,1000.0,4.04,0.0,1.73
5311,0,0,0,1000.0,4.05,0.0,1.73
5312,0,0,0,1000.0,4.06,0.0,1.73
5313,0,0,0,1000.0,-0.06,0.0,1.74
5314,0,0,0,1000.0,-0.05,0.0,1.74
5315,0,0,0,1000.0,-0.04,0.0,1.74
5316,0,0,0,1000.0,-0.03,0.0,1.74
5317,0,0,0,1000.0,-0.02,0.0,1.74
5318,0,0,0,1000.0,-0.01,0.0,1.74
5319,0,0,0,1000.0,0.0,0.0,1.74
5320,0,0,0,1000.0,4.0,0.0,1.74
5321,0,0,0,1000.0,4.01,0.0,1.74
5322,0,0,0,1000.0,4.02,0.0,1.74
5323,0,0,0,1000.0,4.03,0.0,1.74
5324,0,0,0,1000.0,4.04,0.0,1.74
5325,0,0,0,1000.0,4.05,0.0,1.74
5326,0,0,0,1000.0,4.06,0.0,1.74
5327,0,0,0,1000.0,-0.06,0.0,1.75
5328,0,0,0,1000.0,-0.05,0.0,1.75
5329,0,0,0,1000.0,-0.04,0.0,1.75
5330,0,0,0,1000.0,-0.03,0.0,1.75
5331,0,0,0,1000.0,-0.02,0.0,1.75
5332,0,0,0,1000.0,-0.01,0.0,1.75
5333,0,0,0,1000.0,0.0,0.0,1.75
5334,0,0,0,1000.0,4.0,0.0,1.75
5335,0,0,0,1000.0,4.01,0.0,1.75
5336,0,0,0,1000.0,4.02,0.0,1.75
5337,0,0,0,1000.0,4.03,0.0,1.75
5338,0,0,0,1000.0,4.04,0.0,1.75
5339,0,0,0,1000.0,4.05,0.0,1.75
5340,0,0,0,1000.0,4.06,0.0,1.75
5341,0,0,0,1000.0,-0.06,0.0,1.76
5342,0,0,0,1000.0,-0.05,0.0,1.76
5343,0,0,0,1000.0,-0.04,0.0,1.76
5344,0,0,0,1000.0,-0.03,0.0,1.76
5345,0,0,0,1000.0,-0.02,0.0,1.76
5346,0,0,0,1000.0,-0.01,0.0,1.76
5347,0,0,0,1000.0,0.0,0.0,1.76
5348,0,0,0,1000.0,4.0,0.0,1.76
5349,0,0,0,1000.0,4.01,0.0,1.76
5350,0,0,0,1000.0,4.02,0.0,1.76
5351,0,0,0,1000.0,4.03,0.0,1.76
5352,0,0,0,1000.0,4.04,0.0,1.76
5353,0,0,0,1000.0,4.05,0.0,1.76
5354,0,0,0,1000.0,4.06,0.0,1.76
5355,0,0,0,1000.0,-0.06,0.0,1.77
5356,0,0,0,1000.0,-0.05,0.0,1.77
5357,0,0,0,1000.0,-0.04,0.0,1.77
5358,0,0,0,1000.0,-0.03,0.0,1.77
5359,0,0,0,1000.0,-0.02,0.0,1.77
5360,0,0,0,1000.0,-0.01,0.0,1.77
5361,0,0,0,1000.0,0.0,0.0,1.77
5362,0,0,0,1000.0,4.0,0.0,1.77
5363,0,0,0,1000.0,4.01,0.0,1.77
5364,0,0,0,1000.0,4.02,0.0,1.77
5365,0,0,0,1000.0,4.03,0.0,1.77
5366,0,0,0,1000.0,4.04,0.0,1.77
5367,0,0,0,1000.0,4.05,0.0,1.77
5368,0,0,0,1000.0,4.06,0.0,1.77
5369,0,0,0,1000.0,-0.06,0.0,1.78
5370,0,0,0,1000.0,-0.05,0.0,1.78
5371,0,0,0,1000.0,-0.04,0.0,1.78
5372,0,0,0,1000.0,-0.03,0.0,1.78
5373,0,0,0,1000.0,-0.02,0.0,1.78
5374,0,0,0,1000.0,-0.01,0.0,1.78
5375,0,0,0,1000.0,0.0,0.0,1.78
5376,0,0,0,1000.0,4.0,0.0,1.78
5377,0,0,0,1000.0,4.01,0.0,1.78
5378,0,0,0,1000.0,4.02,0.0,1.78
5379,0,0,0,1000.0,4.03,0.0,1.78
5380,0,0,0,1000.0,4.04,0.0,1.78
5381,0,0,0,1000.0,4.05,0.0,1.78
5382,0,0,0,1000.0,4.06,0.0,1.78
5383,0,0,0,1000.0,-0.06,0.0,1.79
5384,0,0,0,1000.0,-0.05,0.0,1.79
5385,0,0,0,1000.0,-0.04,0.0,1.79
5386,0,0,0,1000.0,-0.03,0.0,1.79
5387,0,0,0,1000.0,-0.02,0.0,1.79
5388,0,0,0,1000.0,-0.01,0.0,1.79
5389,0,0,0,1000.0,0.0,0.0,1.79
5390,0,0,0,1000.0,4.0,0.0,1.79
5391,0,0,0,1000.0,4.01,0.0,1.79
5392,0,0,0,1000.0,4.02,0.0,1.79
5393,0,0,0,1000.0,4.03,0.0,1.79
5394,0,0,0,1000.0,4.04,0.0,1.79
5395,0,0,0,1000.0,4.05,0.0,1.79
5396,0,0,0,1000.0,4.06,0.0,1.79
5397,0,0,0,1000.0,-0.06,0.0,1.8
5398,0,0,0,1000.0,-0.05,0.0,1.8
5399,0,0,0,1000.0,-0.04,0.0,1.8
5400,0,0,0,1000.0,-0.03,0.0,1.8
5401,0,0,0,1000.0,-0.02,0.0,1.8
5402,0,0,0,1000.0,-0.01,0.0,1.8
5403,0,0,0,1000.0,0.0,0.0,1.8
5404,0,0,0,1000.0,4.0,0.0,1.8
5405,0,0,0,1000.0,4.01,0.0,1.8
5406,0,0,0,1000.0,4.02,0.0,1.8
5407,0,0,0,1000.0,4.03,0.0,1.8
5408,0,0,0,1000.0,4.04,0.0,1.8
5409,0,0,0,1000.0,4.05,0.0,1.8
5410,0,0,0,1000.0,4.06,0.0,1.8
5411,0,0,0,1000.0,-0.06,0.0,1.81
5412,0,0,0,1000.0,-0.05,0.0,1.81
5413,0,0,0,1000.0,-0.04,0.0,1.81
5414,0,0,0,1000.0,-0.03,0.0,1.81
5415,0,0,0,1000.0,-0.02,0.0,1.81
5416,0,0,0,1000.0,-0.01,0.0,1.81
5417,0,0,0,1000.0,0.0,0.0,1.81
5418,0,0,0,1000.0,4.0,0.0,1.81
5419,0,0,0,1000.0,4.01,0.0,1.81
5420,0,0,0,1000.0,4.02,0.0,1.81
5421,0,0,0,1000.0,4.03,0.0,1.81
5422,0,0,0,1000.0,4.04,0.0,1.81
5423,0,0,0,1000.0,4.05,0.0,1.81
5424,0,0,0,1000.0,4.06,0.0,1.81
5425,0,0,0,1000.0,-0.06,0.0,1.82
5426,0,0,0,1000.0,-0.05,0.0,1.82
5427,0,0,0,1000.0,-0.04,0.0,1.82
5428,0,0,0,1000.0,-0.03,0.0,1.82
5429,0,0,0,1000.0,-0.02,0.0,1.82
5430,0,0,0,1000.0,-0.01,0.0,1.82
5431,0,0,0,1000.0,0.0,0.0,1.82
5432,0,0,0,1000.0,4.0,0.0,1.82
5433,0,0,0,1000.0,4.01,0.0,1.82
5434,0,0,0,1000.0,4.02,0.0,1.82
5435,0,0,0,1000.0,4.03,0.0,1.82
5436,0,0,0,1000.0,4.04,0.0,1.82
5437,0,0,0,1000.0,4.05,0.0,1.82
5438,0,0,0,1000.0,4.06,0.0,1.82
5439,0,0,0,1000.0,-0.06,0.0,1.83
5440,0,0,0,1000.0,-0.05,0.0,1.83
5441,0,0,0,1000.0,-0.04,0.0,1.83
5442,0,0,0,1000.0,-0.03,0.0,1.83
5443,0,0,0,1000.0,-0.02,0.0,1.83
5444,0,0,0,1000.0,-0.01,0.0,1.83
5445,0,0,0,1000.0,0.0,0.0,1.83
5446,0,0,0,1000.0,4.0,0.0,1.83
5447,0,0,0,1000.0,4.01,0.0,1.83
5448,0,0,0,1000.0,4.02,0.0,1.83
5449,0,0,0,1000.0,4.03,0.0,1.83
5450,0,0,0,1000.0,4.04,0.0,1.83
5451,0,0,0,1000.0,4.05,0.0,1.83
5452,0,0,0,1000.0,4.06,0.0,1.83
5453,0,0,0,1000.0,-0.06,0.0,1.84
5454,0,0,0,1000.0,-0.05,0.0,1.84
5455,0,0,0,1000.0,-0.04,0.0,1.84
5456,0,0,0,1000.0,-0.03,0.0,1.84
5457,0,0,0,1000.0,-0.02,0.0,1.84
5458,0,0,0,1000.0,-0.01,0.0,1.84
5459,0,0,0,1000.0,0.0,0.0,1.84
5460,0,0,0,1000.0,4.0,0.0,1.84
5461,0,0,0,1000.0,4.01,0.0,1.84
5462,0,0,0,1000.0,4.02,0.0,1.84
5463,0,0,0,1000.0,4.03,0.0,1.84
5464,0,0,0,1000.0,4.04,0.0,1.84
5465,0,0,0,1000.0,4.05,0.0,1.84
5466,0,0,0,1000.0,4.06,0.0,1.84
5467,0,0,0,1000.0,-0.06,0.0,1.85
5468,0,0,0,1000.0,-0.05,0.0,1.85
5469,0,0,0,1000.0,-0.04,0.0,1.85
5470,0,0,0,1000.0,-0.03,0.0,1.85
5471,0,0,0,1000.0,-0.02,0.0,1.85
5472,0,0,0,1000.0,-0.01,0.0,1.85
5473,0,0,0,1000.0,0.0,0.0,1.85
5474,0,0,0,1000.0,4.0,0.0,1.85
5475,0,0,0,1000.0,4.01,0.0,1.85
5476,0,0,0,1000.0,4.02,0.0,1.85
5477,0,0,0,1000.0,4.03,0.0,1.85
5478,0,0,0,1000.0,4.04,0.0,1.85
5479,0,0,0,1000.0,4.05,0.0,1.85
5480,0,0,0,1000.0,4.06,0.0,1.85
5481,0,0,0,1000.0,-0.06,0.0,1.86
5482,0,0,0,1000.0,-0.05,0.0,1.86
5483,0,0,0,1000.0,-0.04,0.0,1.86
5484,0,0,0,1000.0,-0.03,0.0,1.86
5485,0,0,0,1000.0,-0.02,0.0,1.86
5486,0,0,0,1000.0,-0.01,0.0,1.86
5487,0,0,0,1000.0,0.0,0.0,1.86
5488,0,0,0,1000.0,4.0,0.0,1.86
5489,0,0,0,1000.0,4.01,0.0,1.86
5490,0,0,0,1000.0,4.02,0.0,1.86
5491,0,0,0,1000.0,4.03,0.0,1.86
5492,0,0,0,1000.0,4.04,0.0,1.86
5493,0,0,0,1000.0,4.05,0.0,1.86
5494,0,0,0,1000.0,4.06,0.0,1.86
5495,0,0,0,1000.0,-0.06,0.0,1.87
5496,0,0,0,1000.0,-0.05,0.0,1.87
5497,0,0,0,1000.0,-0.04,0.0,1.87
5498,0,0,0,1000.0,-0.03,0.0,1.87
5499,0,0,0,1000.0,-0.02,0.0,1.87
5500,0,0,0,1000.0,-0.01,0.0,1.87
5501,0,0,0,1000.0,0.0,0.0,1.87
5502,0,0,0,1000.0,4.0,0.0,1.87
5503,0,0,0,1000.0,4.01,0.0,1.87
5504,0,0,0,1000.0,4.02,0.0,1.87
5505,0,0,0,1000.0,4.03,0.0,1.87
5506,0,0,0,1000.0,4.04,0.0,1.87
5507,0,0,0,1000.0,4.05,0.0,1.87
5508,0,0,0,1000.0,4.06,0.0,1.87
5509,0,0,0,1000.0,-0.06,0.0,1.88
5510,0,0,0,1000.0,-0.05,0.0,1.88
5511,0,0,0,1000.0,-0.04,0.0,1.88
5512,0,0,0,1000.0,-0.03,0.0,1.88
5513,0,0,0,1000.0,-0.02,0.0,1.88
5514,0,0,0,1000.0,-0.01,0.0,1.88
5515,0,0,0,1000.0,0.0,0.0,1.88
5516,0,0,0,1000.0,4.0,0.0,1.88
5517,0,0,0,1000.0,4.01,0.0,1.88
5518,0,0,0,1000.0,4.02,0.0,1.88
5519,0,0,0,1000.0,4.03,0.0,1.88
5520,0,0,0,1000.0,4.04,0.0,1.88
5521,0,0,0,1000.0,4.05,0.0,1.88
5522,0,0,0,1000.0,4.06,0.0,1.88
5523,0,0,0,1000.0,-0.06,0.0,1.89
5524,0,0,0,1000.0,-0.05,0.0,1.89
5525,0,0,0,1000.0,-0.04,0.0,1.89
5526,0,0,0,1000.0,-0.03,0.0,1.89
5527,0,0,0,1000.0,-0.02,0.0,1.89
5528,0,0,0,1000.0,-0.01,0.0,1.89
5529,0,0,0,1000.0,0.0,0.0,1.89
5530,0,0,0,1000.0,4.0,0.0,1.89
5531,0,0,0,1000.0,4.01,0.0,1.89
5532,0,0,0,1000.0,4.02,0.0,1.89
5533,0,0,0,1000.0,4.03,0.0,1.89
5534,0,0,0,1000.0,4.04,0.0,1.89
5535,0,0,0,1000.0,4.05,0.0,1.89
5536,0,0,0,1000.0,4.06,0.0,1.89
5537,0,0,0,1000.0,-0.06,0.0,1.9
5538,0,0,0,1000.0,-0.05,0.0,1.9
5539,0,0,0,1000.0,-0.04,0.0,1.9
5540,0,0,0,1000.0,-0.03,0.0,1.9
5541,0,0,0,1000.0,-0.02,0.0,1.9
5542,0,0,0,1000.0,-0.01,0.0,1.9
5543,0,0,0,1000.0,0.0,0.0,1.9
5544,0,0,0,1000.0,4.0,0.0,1.9
5545,0,0,0,1000.0,4.01,0.0,1.9
5546,0,0,0,1000.0,4.02,0.0,1.9
5547,0,0,0,1000.0,4.03,0.0,1.9
5548,0,0,0,1000.0,4.04,0.0,1.9
5549,0,0,0,1000.0,4.05,0.0,1.9
5550,0,0,0,1000.0,4.06,0.0,1.9
5551,0,0,0,1000.0,-0.06,0.0,1.91
5552,0,0,0,1000.0,-0.05,0.0,1.91
5553,0,0,0,1000.0,-0.04,0.0,1.91
5554,0,0,0,1000.0,-0.03,0.0,1.91
5555,0,0,0,1000.0,-0.02,0.0,1.91
5556,0,0,0,1000.0,-0.01,0.0,1.91
5557,0,0,0,1000.0,0.0,0.0,1.91
5558,0,0,0,1000.0,4.0,0.0,1.91
5559,0,0,0,1000.0,4.01,0.0,1.91
5560,0,0,0,1000.0,4.02,0.0,1.91
5561,0,0,0,1000.0,4.03,0.0,1.91
5562,0,0,0,1000.0,4.04,0.0,1.91
5563,0,0,0,1000.0,4.05,0.0,1.91
5564,0,0,0,1000.0,4.06,0.0,1.91
5565,0,0,0,1000.0,-0.06,0.0,1.92
5566,0,0,0,1000.0,-0.05,0.0,1.92
5567,0,0,0,1000.0,-0.04,0.0,1.92
5568,0,0,0,1000.0,-0.03,0.0,1.92
5569,0,0,0,1000.0,-0.02,0.0,1.92
5570,0,0,0,1000.0,-0.01,0.0,1.92
5571,0,0,0,1000.0,0.0,0.0,1.92
5572,0,0,0,1000.0,4.0,0.0,1.92
5573,0,0,0,1000.0,4.01,0.0,1.92
5574,0,0,0,1000.0,4.02,0.0,1.92
5575,0,0,0,1000.0,4.03,0.0,1.92
5576,0,0,0,1000.0,4.04,0.0,1.92
5577,0,0,0,1000.0,4.05,0.0,1.92
5578,0,0,0,1000.0,4.06,0.0,1.92
5579,0,0,0,1000.0,-0.06,0.0,1.93
5580,0,0,0,1000.0,-0.05,0.0,1.93
5581,0,0,0,1000.0,-0.04,0.0,1.93
5582,0,0,0,1000.0,-0.03,0.0,1.93
5583,0,0,0,1000.0,-0.02,0.0,1.93
5584,0,0,0,1000.0,-0.01,0.0,1.93
5585,0,0,0,1000.0,0.0,0.0,1.93
5586,0,0,0,1000.0,4.0,0.0,1.93
5587,0,0,0,1000.0,4.01,0.0,1.93
5588,0,0,0,1000.0,4.02,0.0,1.93
5589,0,0,0,1000.0,4.03,0.0,1.93
5590,0,0,0,1000.0,4.04,0.0,1.93
5591,0,0,0,1000.0,4.05,0.0,1.93
5592,0,0,0,1000.0,4.06,0.0,1.93
5593,0,0,0,1000.0,-0.06,0.0,1.94
5594,0,0,0,1000.0,-0.05,0.0,1.94
5595,0,0,0,1000.0,-0.04,0.0,1.94
5596,0,0,0,1000.0,-0.03,0.0,1.94
5597,0,0,0,1000.0,-0.02,0.0,1.94
5598,0,0,0,1000.0,-0.01,0.0,1.94
5599,0,0,0,1000.0,0.0,0.0,1.94
5600,0,0,0,1000.0,4.0,0.0,1.94
5601,0,0,0,1000.0,4.01,0.0,1.94
5602,0,0,0,1000.0,4.02,0.0,1.94
5603,0,0,0,1000.0,4.03,0.0,1.94
5604,0,0,0,1000.0,4.04,0.0,1.94
5605,0,0,0,1000.0,4.05,0.0,1.94
5606,0,0,0,1000.0,4.06,0.0,1.94
5607,0,0,0,1000.0,-0.06,0.0,1.95
5608,0,0,0,1000.0,-0.05,0.0,1.95
5609,0,0,0,1000.0,-0.04,0.0,1.95
5610,0,0,0,1000.0,-0.03,0.0,1.95
5611,0,0,0,1000.0,-0.02,0.0,1.95
5612,0,0,0,1000.0,-0.01,0.0,1.95
5613,0,0,0,1000.0,0.0,0.0,1.95
5614,0,0,0,1000.0,4.0,0.0,1.95
5615,0,0,0,1000.0,4.01,0.0,1.95
5616,0,0,0,1000.0,4.02,0.0,1.95
5617,0,0,0,1000.0,4.03,0.0,1.95
5618,0,0,0,1000.0,4.04,0.0,1.95
5619,0,0,0,1000.0,4.05,0.0,1.95
5620,0,0,0,1000.0,4.06,0.0,1.95
5621,0,0,0,1000.0,-0.06,0.0,1.96
5622,0,0,0,1000.0,-0.05,0.0,1.96
5623,0,0,0,1000.0,-0.04,0.0,1.96
5624,0,0,0,1000.0,-0.03,0.0,1.96
5625,0,0,0,1000.0,-0.02,0.0,1.96
5626,0,0,0,1000.0,-0.01,0.0,1.96
5627,0,0,0,1000.0,0.0,0.0,1.96
5628,0,0,0,1000.0,4.0,0.0,1.96
5629,0,0,0,1000.0,4.01,0.0,1.96
5630,0,0,0,1000.0,4.02,0.0,1.96
5631,0,0,0,1000.0,4.03,0.0,1.96
5632,0,0,0,1000.0,4.04,0.0,1.96
5633,0,0,0,1000.0,4.05,0.0,1.96
5634,0,0,0,1000.0,4.06,0.0,1.96
5635,0,0,0,1000.0,-0.06,0.0,1.97
5636,0,0,0,1000.0,-0.05,0.0,1.97
5637,0,0,0,1000.0,-0.04,0.0,1.97
5638,0,0,0,1000.0,-0.03,0.0,1.97
5639,0,0,0,1000.0,-0.02,0.0,1.97
5640,0,0,0,1000.0,-0.01,0.0,1.97
5641,0,0,0,1000.0,0.0,0.0,1.97
5642,0,0,0,1000.0,4.0,0.0,1.97
5643,0,0,0,1000.0,4.01,0.0,1.97
5644,0,0,0,1000.0,4.02,0.0,1.97
5645,0,0,0,1000.0,4.03,0.0,1.97
5646,0,0,0,1000.0,4.04,0.0,1.97
5647,0,0,0,1000.0,4.05,0.0,1.97
5648,0,0,0,1000.0,4.06,0.0,1.97
5649,0,0,0,1000.0,-0.06,0.0,1.98
5650,0,0,0,1000.0,-0.05,0.0,1.98
5651,0,0,0,1000.0,-0.04,0.0,1.98
5652,0,0,0,1000.0,-0.03,0.0,1.98
5653,0,0,0,1000.0,-0.02,0.0,1.98
5654,0,0,0,1000.0,-0.01,0.0,1.98
5655,0,0,0,1000.0,0.0,0.0,1.98
5656,0,0,0,1000.0,4.0,0.0,1.98
5657,0,0,0,1000.0,4.01,0.0,1.98
5658,0,0,0,1000.0,4.02,0.0,1.98
5659,0,0,0,1000.0,4.03,0.0,1.98
5660,0,0,0,1000.0,4.04,0.0,1.98
5661,0,0,0,1000.0,4.05,0.0,1.98
5662,0,0,0,1000.0,4.06,0.0,1.98
5663,0,0,0,1000.0,-0.06,0.0,1.99
5664,0,0,0,1000.0,-0.05,0.0,1.99
5665,0,0,0,1000.0,-0.04,0.0,1.99
5666,0,0,0,1000.0,-0.03,0.0,1.99
5667,0,0,0,1000.0,-0.02,0.0,1.99
5668,0,0,0,1000.0,-0.01,0.0,1.99
5669,0,0,0,1000.0,0.0,0.0,1.99
5670,0,0,0,1000.0,4.0,0.0,1.99
5671,0,0,0,1000.0,4.01,0.0,1.99
5672,0,0,0,1000.0,4.02,0.0,1.99
5673,0,0,0,1000.0,4.03,0.0,1.99
5674,0,0,0,1000.0,4.04,0.0,1.99
5675,0,0,0,1000.0,4.05,0.0,1.99
5676,0,0,0,1000.0,4.06,0.0,1.99
5677,0,0,0,1000.0,-0.06,0.0,2.0
5678,0,0,0,1000.0,-0.05,0.0,2.0
5679,0,0,0,1000.0,-0.04,0.0,2.0
5680,0,0,0,1000.0,-0.03,0.0,2.0
5681,0,0,0,1000.0,-0.02,0.0,2.0
5682,0,0,0,1000.0,-0.01,0.0,2.0
5683,0,0,0,1000.0,0.0,0.0,2.0
5684,0,0,0,1000.0,4.0,0.0,2.0
5685,0,0,0,1000.0,4.01,0.0,2.0
5686,0,0,0,1000.0,4.02,0.0,2.0
5687,0,0,0,1000.0,4.03,0.0,2.0
5688,0,0,0,1000.0,4.04,0.0,2.0
5689,0,0,0,1000.0,4.05,0.0,2.0
5690,0,0,0,1000.0,4.06,0.0,2.0
5691,0,0,0,1000.0,-0.06,0.0,2.01
5692,0,0,0,1000.0,-0.05,0.0,2.01
5693,0,0,0,1000.0,-0.04,0.0,2.01
5694,0,0,0,1000.0,-0.03,0.0,2.01
5695,0,0,0,1000.0,-0.02,0.0,2.01
5696,0,0,0,1000.0,-0.01,0.0,2.01
5697,0,0,0,1000.0,0.0,0.0,2.01
5698,0,0,0,1000.0,4.0,0.0,2.01
5699,0,0,0,1000.0,4.01,0.0,2.01
5700,0,0,0,1000.0,4.02,0.0,2.01
5701,0,0,0,1000.0,4.03,0.0,2.01
5702,0,0,0,1000.0,4.04,0.0,2.01
5703,0,0,0,1000.0,4.05,0.0,2.01
5704,0,0,0,1000.0,4.06,0.0,2.01
5705,0,0,0,1000.0,-0.06,0.0,2.02
5706,0,0,0,1000.0,-0.05,0.0,2.02
5707,0,0,0,1000.0,-0.04,0.0,2.02
5708,0,0,0,1000.0,-0.03,0.0,2.02
5709,0,0,0,1000.0,-0.02,0.0,2.02
5710,0,0,0,1000.0,-0.01,0.0,2.02
5711,0,0,0,1000.0,0.0,0.0,2.02
5712,0,0,0,1000.0,4.0,0.0,2.02
5713,0,0,0,1000.0,4.01,0.0,2.02
5714,0,0,0,1000.0,4.02,0.0,2.02
5715,0,0,0,1000.0,4.03,0.0,2.02
5716,0,0,0,1000.0,4.04,0.0,2.02
5717,0,0,0,1000.0,4.05,0.0,2.02
5718,0,0,0,1000.0,4.06,0.0,2.02
5719,0,0,0,1000.0,-0.06,0.0,2.03
5720,0,0,0,1000.0,-0.05,0.0,2.03
5721,0,0,0,1000.0,-0.04,0.0,2.03
5722,0,0,0,1000.0,-0.03,0.0,2.03
5723,0,0,0,1000.0,-0.02,0.0,2.03
5724,0,0,0,1000.0,-0.01,0.0,2.03
5725,0,0,0,1000.0,0.0,0.0,2.03
5726,0,0,0,1000.0,4.0,0.0,2.03
5727,0,0,0,1000.0,4.01,0.0,2.03
5728,0,0,0,1000.0,4.02,0.0,2.03
5729,0,0,0,1000.0,4.03,0.0,2.03
5730,0,0,0,1000.0,4.04,0.0,2.03
5731,0,0,0,1000.0,4.05,0.0,2.03
5732,0,0,0,1000.0,4.06,0.0,2.03
5733,0,0,0,1000.0,-0.06,0.0,2.04
5734,0,0,0,1000.0,-0.05,0.0,2.04
5735,0,0,0,1000.0,-0.04,0.0,2.04
5736,0,0,0,1000.0,-0.03,0.0,2.04
5737,0,0,0,1000.0,-0.02,0.0,2.04
5738,0,0,0,1000.0,-0.01,0.0,2.04
5739,0,0,0,1000.0,0.0,0.0,2.04
5740,0,0,0,1000.0,4.0,0.0,2.04
5741,0,0,0,1000.0,4.01,0.0,2.04
5742,0,0,0,1000.0,4.02,0.0,2.04
5743,0,0,0,1000.0,4.03,0.0,2.04
5744,0,0,0,1000.0,4.04,0.0,2.04
5745,0,0,0,1000.0,4.05,0.0,2.04
5746,0,0,0,1000.0,4.06,0.0,2.04
5747,0,0,0,1000.0,-0.06,0.0,2.05
5748,0,0,0,1000.0,-0.05,0.0,2.05
5749,0,0,0,1000.0,-0.04,0.0,2.05
5750,0,0,0,1000.0,-0.03,0.0,2.05
5751,0,0,0,1000.0,-0.02,0.0,2.05
5752,0,0,0,1000.0,-0.01,0.0,2.05
5753,0,0,0,1000.0,0.0,0.0,2.05
5754,0,0,0,1000.0,4.0,0.0,2.05
5755,0,0,0,1000.0,4.01,0.0,2.05
5756,0,0,0,1000.0,4.02,0.0,2.05
5757,0,0,0,1000.0,4.03,0.0,2.05
5758,0,0,0,1000.0,4.04,0.0,2.05
5759,0,0,0,1000.0,4.05,0.0,2.05
5760,0,0,0,1000.0,4.06,0.0,2.05
5761,0,0,0,1000.0,-0.06,0.0,2.06
5762,0,0,0,1000.0,-0.05,0.0,2.06
5763,0,0,0,1000.0,-0.04,0.0,2.06
5764,0,0,0,1000.0,-0.03,0.0,2.06
5765,0,0,0,1000.0,-0.02,0.0,2.06
5766,0,0,0,1000.0,-0.01,0.0,2.06
5767,0,0,0,1000.0,0.0,0.0,2.06
5768,0,0,0,1000.0,4.0,0.0,2.06
5769,0,0,0,1000.0,4.01,0.0,2.06
5770,0,0,0,1000.0,4.02,0.0,2.06
5771,0,0,0,1000.0,4.03,0.0,2.06
5772,0,0,0,1000.0,4.04,0.0,2.06
5773,0,0,0,1000.0,4.05,0.0,2.06
5774,0,0,0,1000.0,4.06,0.0,2.06
5775,0,0,0,1000.0,-0.06,0.0,2.07
5776,0,0,0,1000.0,-0.05,0.0,2.07
5777,0,0,0,1000.0,-0.04,0.0,2.07
5778,0,0,0,1000.0,-0.03,0.0,2.07
5779,0,0,0,1000.0,-0.02,0.0,2.07
5780,0,0,0,1000.0,-0.01,0.0,2.07
5781,0,0,0,1000.0,0.0,0.0,2.07
5782,0,0,0,1000.0,4.0,0.0,2.07
5783,0,0,0,1000.0,4.01,0.0,2.07
5784,0,0,0,1000.0,4.02,0.0,2.07
5785,0,0,0,1000.0,4.03,0.0,2.07
5786,0,0,0,1000.0,4.04,0.0,2.07
5787,0,0,0,1000.0,4.05,0.0,2.07
5788,0,0,0,1000.0,4.06,0.0,2.07
5789,0,0,0,1000.0,-0.06,0.0,2.08
5790,0,0,0,1000.0,-0.05,0.0,2.08
5791,0,0,0,1000.0,-0.04,0.0,2.08
5792,0,0,0,1000.0,-0.03,0.0,2.08
5793,0,0,0,1000.0,-0.02,0.0,2.08
5794,0,0,0,1000.0,-0.01,0.0,2.08
5795,0,0,0,1000.0,0.0,0.0,2.08
5796,0,0,0,1000.0,4.0,0.0,2.08
5797,0,0,0,1000.0,4.01,0.0,2.08
5798,0,0,0,1000.0,4.02,0.0,2.08
5799,0,0,0,1000.0,4.03,0.0,2.08
5800,0,0,0,1000.0,4.04,0.0,2.08
5801,0,0,0,1000.0,4.05,0.0,2.08
5802,0,0,0,1000.0,4.06,0.0,2.08
5803,0,0,0,1000.0,-0.06,0.0,2.09
5804,0,0,0,1000.0,-0.05,0.0,2.09
5805,0,0,0,1000.0,-0.04,0.0,2.09
5806,0,0,0,1000.0,-0.03,0.0,2.09
5807,0,0,0,1000.0,-0.02,0.0,2.09
5808,0,0,0,1000.0,-0.01,0.0,2.09
5809,0,0,0,1000.0,0.0,0.0,2.09
5810,0,0,0,1000.0,4.0,0.0,2.09
5811,0,0,0,1000.0,4.01,0.0,2.09
5812,0,0,0,1000.0,4.02,0.0,2.09
5813,0,0,0,1000.0,4.03,0.0,2.09
5814,0,0,0,1000.0,4.04,0.0,2.09
5815,0,0,0,1000.0,4.05,0.0,2.09
5816,0,0,0,1000.0,4.06,0.0,2.09
5817,0,0,0,1000.0,-0.06,0.0,2.1
5818,0,0,0,1000.0,-0.05,0.0,2.1
5819,0,0,0,1000.0,-0.04,0.0,2.1
5820,0,0,0,1000.0,-0.03,0.0,2.1
5821,0,0,0,1000.0,-0.02,0.0,2.1
5822,0,0,0,1000.0,-0.01,0.0,2.1
5823,0,0,0,1000.0,0.0,0.0,2.1
5824,0,0,0,1000.0,4.0,0.0,2.1
5825,0,0,0,1000.0,4.01,0.0,2.1
5826,0,0,0,1000.0,4.02,0.0,2.1
5827,0,0,0,1000.0,4.03,0.0,2.1
5828,0,0,0,1000.0,4.04,0.0,2.1
5829,0,0,0,1000.0,4.05,0.0,2.1
5830,0,0,0,1000.0,4.06,0.0,2.1
5831,0,0,0,1000.0,-0.06,0.0,2.11
5832,0,0,0,1000.0,-0.05,0.0,2.11
5833,0,0,0,1000.0,-0.04,0.0,2.11
5834,0,0,0,1000.0,-0.03,0.0,2.11
5835,0,0,0,1000.0,-0.02,0.0,2.11
5836,0,0,0,1000.0,-0.01,0.0,2.11
5837,0,0,0,1000.0,0.0,0.0,2.11
5838,0,0,0,1000.0,4.0,0.0,2.11
5839,0,0,0,1000.0,4.01,0.0,2.11
5840,0,0,0,1000.0,4.02,0.0,2.11
5841,0,0,0,1000.0,4.03,0.0,2.11
5842,0,0,0,1000.0,4.04,0.0,2.11
5843,0,0,0,1000.0,4.05,0.0,2.11
5844,0,0,0,1000.0,4.06,0.0,2.11
5845,0,0,0,1000.0,-0.06,0.0,2.12
5846,0,0,0,1000.0,-0.05,0.0,2.12
5847,0,0,0,1000.0,-0.04,0.0,2.12
5848,0,0,0,1000.0,-0.03,0.0,2.12
5849,0,0,0,1000.0,-0.02,0.0,2.12
5850,0,0,0,1000.0,-0.01,0.0,2.12
5851,0,0,0,1000.0,0.0,0.0,2.12
5852,0,0,0,1000.0,4.0,0.0,2.12
5853,0,0,0,1000.0,4.01,0.0,2.12
5854,0,0,0,1000.0,4.02,0.0,2.12
5855,0,0,0,1000.0,4.03,0.0,2.12
5856,0,0,0,1000.0,4.04,0.0,2.12
5857,0,0,0,1000.0,4.05,0.0,2.12
5858,0,0,0,1000.0,4.06,0.0,2.12
5859,0,0,0,1000.0,-0.06,0.0,2.13
5860,0,0,0,1000.0,-0.05,0.0,2.13
5861,0,0,0,1000.0,-0.04,0.0,2.13
5862,0,0,0,1000.0,-0.03,0.0,2.13
5863,0,0,0,1000.0,-0.02,0.0,2.13
5864,0,0,0,1000.0,-0.01,0.0,2.13
5865,0,0,0,1000.0,0.0,0.0,2.13
5866,0,0,0,1000.0,4.0,0.0,2.13
5867,0,0,0,1000.0,4.01,0.0,2.13
5868,0,0,0,1000.0,4.02,0.0,2.13
5869,0,0,0,1000.0,4.03,0.0,2.13
5870,0,0,0,1000.0,4.04,0.0,2.13
5871,0,0,0,1000.0,4.05,0.0,2.13
5872,0,0,0,1000.0,4.06,0.0,2.13
5873,0,0,0,1000.0,-0.06,0.0,2.14
5874,0,0,0,1000.0,-0.05,0.0,2.14
5875,0,0,0,1000.0,-0.04,0.0,2.14
5876,0,0,0,1000.0,-0.03,0.0,2.14
5877,0,0,0,1000.0,-0.02,0.0,2.14
5878,0,0,0,1000.0,-0.01,0.0,2.14
5879,0,0,0,1000.0,0.0,0.0,2.14
5880,0,0,0,1000.0,4.0,0.0,2.14
5881,0,0,0,1000.0,4.01,0.0,2.14
5882,0,0,0,1000.0,4.02,0.0,2.14
5883,0,0,0,1000.0,4.03,0.0,2.14
5884,0,0,0,1000.0,4.04,0.0,2.14
5885,0,0,0,1000.0,4.05,0.0,2.14
5886,0,0,0,1000.0,4.06,0.0,2.14
5887,0,0,0,1000.0,-0.06,0.0,2.15
5888,0,0,0,1000.0,-0.05,0.0,2.15
5889,0,0,0,1000.0,-0.04,0.0,2.15
5890,0,0,0,1000.0,-0.03,0.0,2.15
5891,0,0,0,1000.0,-0.02,0.0,2.15
5892,0,0,0,1000.0,-0.01,0.0,2.15
5893,0,0,0,1000.0,0.0,0.0,2.15
5894,0,0,0,1000.0,4.0,0.0,2.15
5895,0,0,0,1000.0,4.01,0.0,2.15
5896,0,0,0,1000.0,4.02,0.0,2.15
5897,0,0,0,1000.0,4.03,0.0,2.15
5898,0,0,0,1000.0,4.04,0.0,2.15
5899,0,0,0,1000.0,4.05,0.0,2.15
5900,0,0,0,1000.0,4.06,0.0,2.15
5901,0,0,0,1000.0,-0.06,0.0,2.16
5902,0,0,0,1000.0,-0.05,0.0,2.16
5903,0,0,0,1000.0,-0.04,0.0,2.16
5904,0,0,0,1000.0,-0.03,0.0,2.16
5905,0,0,0,1000.0,-0.02,0.0,2.16
5906,0,0,0,1000.0,-0.01,0.0,2.16
5907,0,0,0,1000.0,0.0,0.0,2.16
5908,0,0,0,1000.0,4.0,0.0,2.16
5909,0,0,0,1000.0,4.01,0.0,2.16
5910,0,0,0,1000.0,4.02,0.0,2.16
5911,0,0,0,1000.0,4.03,0.0,2.16
5912,0,0,0,1000.0,4.04,0.0,2.16
5913,0,0,0,1000.0,4.05,0.0,2.16
5914,0,0,0,1000.0,4.06,0.0,2.16
5915,0,0,0,1000.0,-0.06,0.0,2.17
5916,0,0,0,1000.0,-0.05,0.0,2.17
5917,0,0,0,1000.0,-0.04,0.0,2.17
5918,0,0,0,1000.0,-0.03,0.0,2.17
5919,0,0,0,1000.0,-0.02,0.0,2.17
5920,0,0,0,1000.0,-0.01,0.0,2.17
5921,0,0,0,1000.0,0.0,0.0,2.17
5922,0,0,0,1000.0,4.0,0.0,2.17
5923,0,0,0,1000.0,4.01,0.0,2.17
5924,0,0,0,1000.0,4.02,0.0,2.17
5925,0,0,0,1000.0,4.03,0.0,2.17
5926,0,0,0,1000.0,4.04,0.0,2.17
5927,0,0,0,1000.0,4.05,0.0,2.17
5928,0,0,0,1000.0,4.06,0.0,2.17
5929,0,0,0,1000.0,-0.06,0.0,2.18
5930,0,0,0,1000.0,-0.05,0.0,2.18
5931,0,0,0,1000.0,-0.04,0.0,2.18
5932,0,0,0,1000.0,-0.03,0.0,2.18
5933,0,0,0,1000.0,-0.02,0.0,2.18
5934,0,0,0,1000.0,-0.01,0.0,2.18
5935,0,0,0,1000.0,0.0,0.0,2.18
5936,0,0,0,1000.0,4.0,0.0,2.18
5937,0,0,0,1000.0,4.01,0.0,2.18
5938,0,0,0,1000.0,4.02,0.0,2.18
5939,0,0,0,1000.0,4.03,0.0,2.18
5940,0,0,0,1000.0,4.04,0.0,2.18
5941,0,0,0,1000.0,4.05,0.0,2.18
5942,0,0,0,1000.0,4.06,0.0,2.18
5943,0,0,0,1000.0,-0.06,0.0,2.19
5944,0,0,0,1000.0,-0.05,0.0,2.19
5945,0,0,0,1000.0,-0.04,0.0,2.19
5946,0,0,0,1000.0,-0.03,0.0,2.19
5947,0,0,0,1000.0,-0.02,0.0,2.19
5948,0,0,0,1000.0,-0.01,0.0,2.19
5949,0,0,0,1000.0,0.0,0.0,2.19
5950,0,0,0,1000.0,4.0,0.0,2.19
5951,0,0,0,1000.0,4.01,0.0,2.19
5952,0,0,0,1000.0,4.02,0.0,2.19
5953,0,0,0,1000.0,4.03,0.0,2.19
5954,0,0,0,1000.0,4.04,0.0,2.19
5955,0,0,0,1000.0,4.05,0.0,2.19
5956,0,0,0,1000.0,4.06,0.0,2.19
5957,0,0,0,1000.0,-0.06,0.0,2.2
5958,0,0,0,1000.0,-0.05,0.0,2.2
5959,0,0,0,1000.0,-0.04,0.0,2.2
5960,0,0,0,1000.0,-0.03,0.0,2.2
5961,0,0,0,1000.0,-0.02,0.0,2.2
5962,0,0,0,1000.0,-0.01,0.0,2.2
5963,0,0,0,1000.0,0.0,0.0,2.2
5964,0,0,0,1000.0,4.0,0.0,2.2
5965,0,0,0,1000.0,4.01,0.0,2.2
5966,0,0,0,1000.0,4.02,0.0,2.2
5967,0,0,0,1000.0,4.03,0.0,2.2
5968,0,0,0,1000.0,4.04,0.0,2.2
5969,0,0,0,1000.0,4.05,0.0,2.2
5970,0,0,0,1000.0,4.06,0.0,2.2
5971,0,0,0,1000.0,-0.06,0.0,2.21
5972,0,0,0,1000.0,-0.05,0.0,2.21
5973,0,0,0,1000.0,-0.04,0.0,2.21
5974,0,0,0,1000.0,-0.03,0.0,2.21
5975,0,0,0,1000.0,-0.02,0.0,2.21
5976,0,0,0,1000.0,-0.01,0.0,2.21
5977,0,0,0,1000.0,0.0,0.0,2.21
5978,0,0,0,1000.0,4.0,0.0,2.21
5979,0,0,0,1000.0,4.01,0.0,2.21
5980,0,0,0,1000.0,4.02,0.0,2.21
5981,0,0,0,1000.0,4.03,0.0,2.21
5982,0,0,0,1000.0,4.04,0.0,2.21
5983,0,0,0,1000.0,4.05,0.0,2.21
5984,0,0,0,1000.0,4.06,0.0,2.21
5985,0,0,0,1000.0,-0.06,0.0,2.22
5986,0,0,0,1000.0,-0.05,0.0,2.22
5987,0,0,0,1000.0,-0.04,0.0,2.22
5988,0,0,0,1000.0,-0.03,0.0,2.22
5989,0,0,0,1000.0,-0.02,0.0,2.22
5990,0,0,0,1000.0,-0.01,0.0,2.22
5991,0,0,0,1000.0,0.0,0.0,2.22
5992,0,0,0,1000.0,4.0,0.0,2.22
5993,0,0,0,1000.0,4.01,0.0,2.22
5994,0,0,0,1000.0,4.02,0.0,2.22
5995,0,0,0,1000.0,4.03,0.0,2.22
5996,0,0,0,1000.0,4.04,0.0,2.22
5997,0,0,0,1000.0,4.05,0.0,2.22
5998,0,0,0,1000.0,4.06,0.0,2.22
5999,0,0,0,1000.0,-0.06,0.0,2.23
6000,0,0,0,1000.0,-0.05,0.0,2.23
6001,0,0,0,1000.0,-0.04,0.0,2.23
6002,0,0,0,1000.0,-0.03,0.0,2.23
6003,0,0,0,1000.0,-0.02,0.0,2.23
6004,0,0,0,1000.0,-0.01,0.0,2.23
6005,0,0,0,1000.0,0.0,0.0,2.23
6006,0,0,0,1000.0,4.0,0.0,2.23
6007,0,0,0,1000.0,4.01,0.0,2.23
6008,0,0,0,1000.0,4.02,0.0,2.23
6009,0,0,0,1000.0,4.03,0.0,2.23
6010,0,0,0,1000.0,4.04,0.0,2.23
6011,0,0,0,1000.0,4.05,0.0,2.23
6012,0,0,0,1000.0,4.06,0.0,2.23
6013,0,0,0,1000.0,-0.06,0.0,2.24
6014,0,0,0,1000.0,-0.05,0.0,2.24
6015,0,0,0,1000.0,-0.04,0.0,2.24
6016,0,0,0,1000.0,-0.03,0.0,2.24
6017,0,0,0,1000.0,-0.02,0.0,2.24
6018,0,0,0,1000.0,-0.01,0.0,2.24
6019,0,0,0,1000.0,0.0,0.0,2.24
6020,0,0,0,1000.0,4.0,0.0,2.24
6021,0,0,0,1000.0,4.01,0.0,2.24
6022,0,0,0,1000.0,4.02,0.0,2.24
6023,0,0,0,1000.0,4.03,0.0,2.24
6024,0,0,0,1000.0,4.04,0.0,2.24
6025,0,0,0,1000.0,4.05,0.0,2.24
6026,0,0,0,1000.0,4.06,0.0,2.24
6027,0,0,0,1000.0,-0.06,0.0,2.25
6028,0,0,0,1000.0,-0.05,0.0,2.25
6029,0,0,0,1000.0,-0.04,0.0,2.25
6030,0,0,0,1000.0,-0.03,0.0,2.25
6031,0,0,0,1000.0,-0.02,0.0,2.25
6032,0,0,0,1000.0,-0.01,0.0,2.25
6033,0,0,0,1000.0,0.0,0.0,2.25
6034,0,0,0,1000.0,4.0,0.0,2.25
6035,0,0,0,1000.0,4.01,0.0,2.25
6036,0,0,0,1000.0,4.02,0.0,2.25
6037,0,0,0,1000.0,4.03,0.0,2.25
6038,0,0,0,1000.0,4.04,0.0,2.25
6039,0,0,0,1000.0,4.05,0.0,2.25
6040,0,0,0,1000.0,4.06,0.0,2.25
6041,0,0,0,1000.0,-0.06,0.0,2.26
6042,0,0,0,1000.0,-0.05,0.0,2.26
6043,0,0,0,1000.0,-0.04,0.0,2.26
6044,0,0,0,1000.0,-0.03,0.0,2.26
6045,0,0,0,1000.0,-0.02,0.0,2.26
6046,0,0,0,1000.0,-0.01,0.0,2.26
6047,0,0,0,1000.0,0.0,0.0,2.26
6048,0,0,0,1000.0,4.0,0.0,2.26
6049,0,0,0,1000.0,4.01,0.0,2.26
6050,0,0,0,1000.0,4.02,0.0,2.26
6051,0,0,0,1000.0,4.03,0.0,2.26
6052,0,0,0,1000.0,4.04,0.0,2.26
6053,0,0,0,1000.0,4.05,0.0,2.26
6054,0,0,0,1000.0,4.06,0.0,2.26
6055,0,0,0,1000.0,-0.06,0.0,2.27
6056,0,0,0,1000.0,-0.05,0.0,2.27
6057,0,0,0,1000.0,-0.04,0.0,2.27
6058,0,0,0,1000.0,-0.03,0.0,2.27
6059,0,0,0,1000.0,-0.02,0.0,2.27
6060,0,0,0,1000.0,-0.01,0.0,2.27
6061,0,0,0,1000.0,0.0,0.0,2.27
6062,0,0,0,1000.0,4.0,0.0,2.27
6063,0,0,0,1000.0,4.01,0.0,2.27
6064,0,0,0,1000.0,4.02,0.0,2.27
6065,0,0,0,1000.0,4.03,0.0,2.27
6066,0,0,0,1000.0,4.04,0.0,2.27
6067,0,0,0,1000.0,4.05,0.0,2.27
6068,0,0,0,1000.0,4.06,0.0,2.27
6069,0,0,0,1000.0,-0.06,0.0,2.28
6070,0,0,0,1000.0,-0.05,0.0,2.28
6071,0,0,0,1000.0,-0.04,0.0,2.28
6072,0,0,0,1000.0,-0.03,0.0,2.28
6073,0,0,0,1000.0,-0.02,0.0,2.28
6074,0,0,0,1000.0,-0.01,0.0,2.28
6075,0,0,0,1000.0,0.0,0.0,2.28
6076,0,0,0,1000.0,4.0,0.0,2.28
6077,0,0,0,1000.0,4.01,0.0,2.28
6078,0,0,0,1000.0,4.02,0.0,2.28
6079,0,0,0,1000.0,4.03,0.0,2.28
6080,0,0,0,1000.0,4.04,0.0,2.28
6081,0,0,0,1000.0,4.05,0.0,2.28
6082,0,0,0,1000.0,4.06,0.0,2.28
6083,0,0,0,1000.0,-0.06,0.0,2.29
6084,0,0,0,1000.0,-0.05,0.0,2.29
6085,0,0,0,1000.0,-0.04,0.0,2.29
6086,0,0,0,1000.0,-0.03,0.0,2.29
6087,0,0,0,1000.0,-0.02,0.0,2.29
6088,0,0,0,1000.0,-0.01,0.0,2.29
6089,0,0,0,1000.0,0.0,0.0,2.29
6090,0,0,0,1000.0,4.0,0.0,2.29
6091,0,0,0,1000.0,4.01,0.0,2.29
6092,0,0,0,1000.0,4.02,0.0,2.29
6093,0,0,0,1000.0,4.03,0.0,2.29
6094,0,0,0,1000.0,4.04,0.0,2.29
6095,0,0,0,1000.0,4.05,0.0,2.29
6096,0,0,0,1000.0,4.06,0.0,2.29
6097,0,0,0,1000.0,-0.06,0.0,2.3
6098,0,0,0,1000.0,-0.05,0.0,2.3
6099,0,0,0,1000.0,-0.04,0.0,2.3
6100,0,0,0,1000.0,-0.03,0.0,2.3
6101,0,0,0,1000.0,-0.02,0.0,2.3
6102,0,0,0,1000.0,-0.01,0.0,2.3
6103,0,0,0,1000.0,0.0,0.0,2.3
6104,0,0,0,1000.0,4.0,0.0,2.3
6105,0,0,0,1000.0,4.01,0.0,2.3
6106,0,0,0,1000.0,4.02,0.0,2.3
6107,0,0,0,1000.0,4.03,0.0,2.3
6108,0,0,0,1000.0,4.04,0.0,2.3
6109,0,0,0,1000.0,4.05,0.0,2.3
6110,0,0,0,1000.0,4.06,0.0,2.3
6111,0,0,0,1000.0,-0.06,0.0,2.31
6112,0,0,0,1000.0,-0.05,0.0,2.31
6113,0,0,0,1000.0,-0.04,0.0,2.31
6114,0,0,0,1000.0,-0.03,0.0,2.31
6115,0,0,0,1000.0,-0.02,0.0,2.31
6116,0,0,0,1000.0,-0.01,0.0,2.31
6117,0,0,0,1000.0,0.0,0.0,2.31
6118,0,0,0,1000.0,4.0,0.0,2.31
6119,0,0,0,1000.0,4.01,0.0,2.31
6120,0,0,0,1000.0,4.02,0.0,2.31
6121,0,0,0,1000.0,4.03,0.0,2.31
6122,0,0,0,1000.0,4.04,0.0,2.31
6123,0,0,0,1000.0,4.05,0.0,2.31
6124,0,0,0,1000.0,4.06,0.0,2.31
6125,0,0,0,1000.0,-0.06,0.0,2.32
6126,0,0,0,1000.0,-0.05,0.0,2.32
6127,0,0,0,1000.0,-0.04,0.0,2.32
6128,0,0,0,1000.0,-0.03,0.0,2.32
6129,0,0,0,1000.0,-0.02,0.0,2.32
6130,0,0,0,1000.0,-0.01,0.0,2.32
6131,0,0,0,1000.0,0.0,0.0,2.32
6132,0,0,0,1000.0,4.0,0.0,2.32
6133,0,0,0,1000.0,4.01,0.0,2.32
6134,0,0,0,1000.0,4.02,0.0,2.32
6135,0,0,0,1000.0,4.03,0.0,2.32
6136,0,0,0,1000.0,4.04,0.0,2.32
6137,0,0,0,1000.0,4.05,0.0,2.32
6138,0,0,0,1000.0,4.06,0.0,2.32
6139,0,0,0,1000.0,-0.06,0.0,2.33
6140,0,0,0,1000.0,-0.05,0.0,2.33
6141,0,0,0,1000.0,-0.04,0.0,2.33
6142,0,0,0,1000.0,-0.03,0.0,2.33
6143,0,0,0,1000.0,-0.02,0.0,2.33
6144,0,0,0,1000.0,-0.01,0.0,2.33
6145,0,0,0,1000.0,0.0,0.0,2.33
6146,0,0,0,1000.0,4.0,0.0,2.33
6147,0,0,0,1000.0,4.01,0.0,2.33
6148,0,0,0,1000.0,4.02,0.0,2.33
6149,0,0,0,1000.0,4.03,0.0,2.33
6150,0,0,0,1000.0,4.04,0.0,2.33
6151,0,0,0,1000.0,4.05,0.0,2.33
6152,0,0,0,1000.0,4.06,0.0,2.33
6153,0,0,0,1000.0,-0.06,0.0,2.34
6154,0,0,0,1000.0,-0.05,0.0,2.34
6155,0,0,0,1000.0,-0.04,0.0,2.34
6156,0,0,0,1000.0,-0.03,0.0,2.34
6157,0,0,0,1000.0,-0.02,0.0,2.34
6158,0,0,0,1000.0,-0.01,0.0,2.34
6159,0,0,0,1000.0,0.0,0.0,2.34
6160,0,0,0,1000.0,4.0,0.0,2.34
6161,0,0,0,1000.0,4.01,0.0,2.34
6162,0,0,0,1000.0,4.02,0.0,2.34
6163,0,0,0,1000.0,4.03,0.0,2.34
6164,0,0,0,1000.0,4.04,0.0,2.34
6165,0,0,0,1000.0,4.05,0.0,2.34
6166,0,0,0,1000.0,4.06,0.0,2.34
6167,0,0,0,1000.0,-0.06,0.0,2.35
6168,0,0,0,1000.0,-0.05,0.0,2.35
6169,0,0,0,1000.0,-0.04,0.0,2.35
6170,0,0,0,1000.0,-0.03,0.0,2.35
6171,0,0,0,1000.0,-0.02,0.0,2.35
6172,0,0,0,1000.0,-0.01,0.0,2.35
6173,0,0,0,1000.0,0.0,0.0,2.35
6174,0,0,0,1000.0,4.0,0.0,2.35
6175,0,0,0,1000.0,4.01,0.0,2.35
6176,0,0,0,1000.0,4.02,0.0,2.35
6177,0,0,0,1000.0,4.03,0.0,2.35
6178,0,0,0,1000.0,4.04,0.0,2.35
6179,0,0,0,1000.0,4.05,0.0,2.35
6180,0,0,0,1000.0,4.06,0.0,2.35
6181,0,0,0,1000.0,-0.06,0.0,2.36
6182,0,0,0,1000.0,-0.05,0.0,2.36
6183,0,0,0,1000.0,-0.04,0.0,2.36
6184,0,0,0,1000.0,-0.03,0.0,2.36
6185,0,0,0,1000.0,-0.02,0.0,2.36
6186,0,0,0,1000.0,-0.01,0.0,2.36
6187,0,0,0,1000.0,0.0,0.0,2.36
6188,0,0,0,1000.0,4.0,0.0,2.36
6189,0,0,0,1000.0,4.01,0.0,2.36
6190,0,0,0,1000.0,4.02,0.0,2.36
6191,0,0,0,1000.0,4.03,0.0,2.36
6192,0,0,0,1000.0,4.04,0.0,2.36
6193,0,0,0,1000.0,4.05,0.0,2.36
6194,0,0,0,1000.0,4.06,0.0,2.36
6195,0,0,0,1000.0,-0.06,0.0,2.37
6196,0,0,0,1000.0,-0.05,0.0,2.37
6197,0,0,0,1000.0,-0.04,0.0,2.37
6198,0,0,0,1000.0,-0.03,0.0,2.37
6199,0,0,0,1000.0,-0.02,0.0,2.37
6200,0,0,0,1000.0,-0.01,0.0,2.37
6201,0,0,0,1000.0,0.0,0.0,2.37
6202,0,0,0,1000.0,4.0,0.0,2.37
6203,0,0,0,1000.0,4.01,0.0,2.37
6204,0,0,0,1000.0,4.02,0.0,2.37
6205,0,0,0,1000.0,4.03,0.0,2.37
6206,0,0,0,1000.0,4.04,0.0,2.37
6207,0,0,0,1000.0,4.05,0.0,2.37
6208,0,0,0,1000.0,4.06,0.0,2.37
6209,0,0,0,1000.0,-0.06,0.0,2.38
6210,0,0,0,1000.0,-0.05,0.0,2.38
6211,0,0,0,1000.0,-0.04,0.0,2.38
6212,0,0,0,1000.0,-0.03,0.0,2.38
6213,0,0,0,1000.0,-0.02,0.0,2.38
6214,0,0,0,1000.0,-0.01,0.0,2.38
6215,0,0,0,1000.0,0.0,0.0,2.38
6216,0,0,0,1000.0,4.0,0.0,2.38
6217,0,0,0,1000.0,4.01,0.0,2.38
6218,0,0,0,1000.0,4.02,0.0,2.38
6219,0,0,0,1000.0,4.03,0.0,2.38
6220,0,0,0,1000.0,4.04,0.0,2.38
6221,0,0,0,1000.0,4.05,0.0,2.38
6222,0,0,0,1000.0,4.06,0.0,2.38
6223,0,0,0,1000.0,-0.06,0.0,2.39
6224,0,0,0,1000.0,-0.05,0.0,2.39
6225,0,0,0,1000.0,-0.04,0.0,2.39
6226,0,0,0,1000.0,-0.03,0.0,2.39
6227,0,0,0,1000.0,-0.02,0.0,2.39
6228,0,0,0,1000.0,-0.01,0.0,2.39
6229,0,0,0,1000.0,0.0,0.0,2.39
6230,0,0,0,1000.0,4.0,0.0,2.39
6231,0,0,0,1000.0,4.01,0.0,2.39
6232,0,0,0,1000.0,4.02,0.0,2.39
6233,0,0,0,1000.0,4.03,0.0,2.39
6234,0,0,0,1000.0,4.04,0.0,2.39
6235,0,0,0,1000.0,4.05,0.0,2.39
6236,0,0,0,1000.0,4.06,0.0,2.39
6237,0,0,0,1000.0,-0.06,0.0,2.4
6238,0,0,0,1000.0,-0.05,0.0,2.4
6239,0,0,0,1000.0,-0.04,0.0,2.4
6240,0,0,0,1000.0,-0.03,0.0,2.4
6241,0,0,0,1000.0,-0.02,0.0,2.4
6242,0,0,0,1000.0,-0.01,0.0,2.4
6243,0,0,0,1000.0,0.0,0.0,2.4
6244,0,0,0,1000.0,4.0,0.0,2.4
6245,0,0,0,1000.0,4.01,0.0,2.4
6246,0,0,0,1000.0,4.02,0.0,2.4
6247,0,0,0,1000.0,4.03,0.0,2.4
6248,0,0,0,1000.0,4.04,0.0,2.4
6249,0,0,0,1000.0,4.05,0.0,2.4
6250,0,0,0,1000.0,4.06,0.0,2.4
6251,0,0,0,1000.0,-0.06,0.0,2.41
6252,0,0,0,1000.0,-0.05,0.0,2.41
6253,0,0,0,1000.0,-0.04,0.0,2.41
6254,0,0,0,1000.0,-0.03,0.0,2.41
6255,0,0,0,1000.0,-0.02,0.0,2.41
6256,0,0,0,1000.0,-0.01,0.0,2.41
6257,0,0,0,1000.0,0.0,0.0,2.41
6258,0,0,0,1000.0,4.0,0.0,2.41
6259,0,0,0,1000.0,4.01,0.0,2.41
6260,0,0,0,1000.0,4.02,0.0,2.41
6261,0,0,0,1000.0,4.03,0.0,2.41
6262,0,0,0,1000.0,4.04,0.0,2.41
6263,0,0,0,1000.0,4.05,0.0,2.41
6264,0,0,0,1000.0,4.06,0.0,2.41
6265,0,0,0,1000.0,-0.06,0.0,2.42
6266,0,0,0,1000.0,-0.05,0.0,2.42
6267,0,0,0,1000.0,-0.04,0.0,2.42
6268,0,0,0,1000.0,-0.03,0.0,2.42
6269,0,0,0,1000.0,-0.02,0.0,2.42
6270,0,0,0,1000.0,-0.01,0.0,2.42
6271,0,0,0,1000.0,0.0,0.0,2.42
6272,0,0,0,1000.0,4.0,0.0,2.42
6273,0,0,0,1000.0,4.01,0.0,2.42
6274,0,0,0,1000.0,4.02,0.0,2.42
6275,0,0,0,1000.0,4.03,0.0,2.42
6276,0,0,0,1000.0,4.04,0.0,2.42
6277,0,0,0,1000.0,4.05,0.0,2.42
6278,0,0,0,1000.0,4.06,0.0,2.42
6279,0,0,0,1000.0,-0.06,0.0,2.43
6280,0,0,0,1000.0,-0.05,0.0,2.43
6281,0,0,0,1000.0,-0.04,0.0,2.43
6282,0,0,0,1000.0,-0.03,0.0,2.43
6283,0,0,0,1000.0,-0.02,0.0,2.43
6284,0,0,0,1000.0,-0.01,0.0,2.43
6285,0,0,0,1000.0,0.0,0.0,2.43
6286,0,0,0,1000.0,4.0,0.0,2.43
6287,0,0,0,1000.0,4.01,0.0,2.43
6288,0,0,0,1000.0,4.02,0.0,2.43
6289,0,0,0,1000.0,4.03,0.0,2.43
6290,0,0,0,1000.0,4.04,0.0,2.43
6291,0,0,0,1000.0,4.05,0.0,2.43
6292,0,0,0,1000.0,4.06,0.0,2.43
6293,0,0,0,1000.0,-0.06,0.0,2.44
6294,0,0,0,1000.0,-0.05,0.0,2.44
6295,0,0,0,1000.0,-0.04,0.0,2.44
6296,0,0,0,1000.0,-0.03,0.0,2.44
6297,0,0,0,1000.0,-0.02,0.0,2.44
6298,0,0,0,1000.0,-0.01,0.0,2.44
6299,0,0,0,1000.0,0.0,0.0,2.44
6300,0,0,0,1000.0,4.0,0.0,2.44
6301,0,0,0,1000.0,4.01,0.0,2.44
6302,0,0,0,1000.0,4.02,0.0,2.44
6303,0,0,0,1000.0,4.03,0.0,2.44
6304,0,0,0,1000.0,4.04,0.0,2.44
6305,0,0,0,1000.0,4.05,0.0,2.44
6306,0,0,0,1000.0,4.06,0.0,2.44
6307,0,0,0,1000.0,-0.06,0.0,2.45
6308,0,0,0,1000.0,-0.05,0.0,2.45
6309,0,0,0,1000.0,-0.04,0.0,2.45
6310,0,0,0,1000.0,-0.03,0.0,2.45
6311,0,0,0,1000.0,-0.02,0.0,2.45
6312,0,0,0,1000.0,-0.01,0.0,2.45
6313,0,0,0,1000.0,0.0,0.0,2.45
6314,0,0,0,1000.0,4.0,0.0,2.45
6315,0,0,0,1000.0,4.01,0.0,2.45
6316,0,0,0,1000.0,4.02,0.0,2.45
6317,0,0,0,1000.0,4.03,0.0,2.45
6318,0,0,0,1000.0,4.04,0.0,2.45
6319,0,0,0,1000.0,4.05,0.0,2.45
6320,0,0,0,1000.0,4.06,0.0,2.45
6321,0,0,0,1000.0,-0.06,0.0,2.46
6322,0,0,0,1000.0,-0.05,0.0,2.46
6323,0,0,0,1000.0,-0.04,0.0,2.46
6324,0,0,0,1000.0,-0.03,0.0,2.46
6325,0,0,0,1000.0,-0.02,0.0,2.46
6326,0,0,0,1000.0,-0.01,0.0,2.46
6327,0,0,0,1000.0,0.0,0.0,2.46
6328,0,0,0,1000.0,4.0,0.0,2.46
6329,0,0,0,1000.0,4.01,0.0,2.46
6330,0,0,0,1000.0,4.02,0.0,2.46
6331,0,0,0,1000.0,4.03,0.0,2.46
6332,0,0,0,1000.0,4.04,0.0,2.46
6333,0,0,0,1000.0,4.05,0.0,2.46
6334,0,0,0,1000.0,4.06,0.0,2.46
6335,0,0,0,1000.0,-0.06,0.0,2.47
6336,0,0,0,1000.0,-0.05,0.0,2.47
6337,0,0,0,1000.0,-0.04,0.0,2.47
6338,0,0,0,1000.0,-0.03,0.0,2.47
6339,0,0,0,1000.0,-0.02,0.0,2.47
6340,0,0,0,1000.0,-0.01,0.0,2.47
6341,0,0,0,1000.0,0.0,0.0,2.47
6342,0,0,0,1000.0,4.0,0.0,2.47
6343,0,0,0,1000.0,4.01,0.0,2.47
6344,0,0,0,1000.0,4.02,0.0,2.47
6345,0,0,0,1000.0,4.03,0.0,2.47
6346,0,0,0,1000.0,4.04,0.0,2.47
6347,0,0,0,1000.0,4.05,0.0,2.47
6348,0,0,0,1000.0,4.06,0.0,2.47
6349,0,0,0,1000.0,-0.06,0.0,2.48
6350,0,0,0,1000.0,-0.05,0.0,2.48
6351,0,0,0,1000.0,-0.04,0.0,2.48
6352,0,0,0,1000.0,-0.03,0.0,2.48
6353,0,0,0,1000.0,-0.02,0.0,2.48
6354,0,0,0,1000.0,-0.01,0.0,2.48
6355,0,0,0,1000.0,0.0,0.0,2.48
6356,0,0,0,1000.0,4.0,0.0,2.48
6357,0,0,0,1000.0,4.01,0.0,2.48
6358,0,0,0,1000.0,4.02,0.0,2.48
6359,0,0,0,1000.0,4.03,0.0,2.48
6360,0,0,0,1000.0,4.04,0.0,2.48
6361,0,0,0,1000.0,4.05,0.0,2.48
6362,0,0,0,1000.0,4.06,0.0,2.48
6363,0,0,0,1000.0,-0.06,0.0,2.49
6364,0,0,0,1000.0,-0.05,0.0,2.49
6365,0,0,0,1000.0,-0.04,0.0,2.49
6366,0,0,0,1000.0,-0.03,0.0,2.49
6367,0,0,0,1000.0,-0.02,0.0,2.49
6368,0,0,0,1000.0,-0.01,0.0,2.49
6369,0,0,0,1000.0,0.0,0.0,2.49
6370,0,0,0,1000.0,4.0,0.0,2.49
6371,0,0,0,1000.0,4.01,0.0,2.49
6372,0,0,0,1000.0,4.02,0.0,2.49
6373,0,0,0,1000.0,4.03,0.0,2.49
6374,0,0,0,1000.0,4.04,0.0,2.49
6375,0,0,0,1000.0,4.05,0.0,2.49
6376,0,0,0,1000.0,4.06,0.0,2.49
6377,0,0,0,1000.0,-0.06,0.0,2.5
6378,0,0,0,1000.0,-0.05,0.0,2.5
6379,0,0,0,1000.0,-0.04,0.0,2.5
6380,0,0,0,1000.0,-0.03,0.0,2.5
6381,0,0,0,1000.0,-0.02,0.0,2.5
6382,0,0,0,1000.0,-0.01,0.0,2.5
6383,0,0,0,1000.0,0.0,0.0,2.5
6384,0,0,0,1000.0,4.0,0.0,2.5
6385,0,0,0,1000.0,4.01,0.0,2.5
6386,0,0,0,1000.0,4.02,0.0,2.5
6387,0,0,0,1000.0,4.03,0.0,2.5
6388,0,0,0,1000.0,4.04,0.0,2.5
6389,0,0,0,1000.0,4.05,0.0,2.5
6390,0,0,0,1000.0,4.06,0.0,2.5
6391,0,0,0,1000.0,-0.06,0.0,2.51
6392,0,0,0,1000.0,-0.05,0.0,2.51
6393,0,0,0,1000.0,-0.04,0.0,2.51
6394,0,0,0,1000.0,-0.03,0.0,2.51
6395,0,0,0,1000.0,-0.02,0.0,2.51
6396,0,0,0,1000.0,-0.01,0.0,2.51
6397,0,0,0,1000.0,0.0,0.0,2.51
6398,0,0,0,1000.0,4.0,0.0,2.51
6399,0,0,0,1000.0,4.01,0.0,2.51
6400,0,0,0,1000.0,4.02,0.0,2.51
6401,0,0,0,1000.0,4.03,0.0,2.51
6402,0,0,0,1000.0,4.04,0.0,2.51
6403,0,0,0,1000.0,4.05,0.0,2.51
6404,0,0,0,1000.0,4.06,0.0,2.51
6405,0,0,0,1000.0,-0.06,0.0,2.52
6406,0,0,0,1000.0,-0.05,0.0,2.52
6407,0,0,0,1000.0,-0.04,0.0,2.52
6408,0,0,0,1000.0,-0.03,0.0,2.52
6409,0,0,0,1000.0,-0.02,0.0,2.52
6410,0,0,0,1000.0,-0.01,0.0,2.52
6411,0,0,0,1000.0,0.0,0.0,2.52
6412,0,0,0,1000.0,4.0,0.0,2.52
6413,0,0,0,1000.0,4.01,0.0,2.52
6414,0,0,0,1000.0,4.02,0.0,2.52
6415,0,0,0,1000.0,4.03,0.0,2.52
6416,0,0,0,1000.0,4.04,0.0,2.52
6417,0,0,0,1000.0,4.05,0.0,2.52
6418,0,0,0,1000.0,4.06,0.0,2.52
6419,0,0,0,1000.0,-0.06,0.0,2.53
6420,0,0,0,1000.0,-0.05,0.0,2.53
6421,0,0,0,1000.0,-0.04,0.0,2.53
6422,0,0,0,1000.0,-0.03,0.0,2.53
6423,0,0,0,1000.0,-0.02,0.0,2.53
6424,0,0,0,1000.0,-0.01,0.0,2.53
6425,0,0,0,1000.0,0.0,0.0,2.53
6426,0,0,0,1000.0,4.0,0.0,2.53
6427,0,0,0,1000.0,4.01,0.0,2.53
6428,0,0,0,1000.0,4.02,0.0,2.53
6429,0,0,0,1000.0,4.03,0.0,2.53
6430,0,0,0,1000.0,4.04,0.0,2.53
6431,0,0,0,1000.0,4.05,0.0,2.53
6432,0,0,0,1000.0,4.06,0.0,2.53
6433,0,0,0,1000.0,-0.06,0.0,2.54
6434,0,0,0,1000.0,-0.05,0.0,2.54
6435,0,0,0,1000.0,-0.04,0.0,2.54
6436,0,0,0,1000.0,-0.03,0.0,2.54
6437,0,0,0,1000.0,-0.02,0.0,2.54
6438,0,0,0,1000.0,-0.01,0.0,2.54
6439,0,0,0,1000.0,0.0,0.0,2.54
6440,0,0,0,1000.0,4.0,0.0,2.54
6441,0,0,0,1000.0,4.01,0.0,2.54
6442,0,0,0,1000.0,4.02,0.0,2.54
6443,0,0,0,1000.0,4.03,0.0,2.54
6444,0,0,0,1000.0,4.04,0.0,2.54
6445,0,0,0,1000.0,4.05,0.0,2.54
6446,0,0,0,1000.0,4.06,0.0,2.54
6447,0,0,0,1000.0,-0.06,0.0,2.55
6448,0,0,0,1000.0,-0.05,0.0,2.55
6449,0,0,0,1000.0,-0.04,0.0,2.55
6450,0,0,0,1000.0,-0.03,0.0,2.55
6451,0,0,0,1000.0,-0.02,0.0,2.55
6452,0,0,0,1000.0,-0.01,0.0,2.55
6453,0,0,0,1000.0,0.0,0.0,2.55
6454,0,0,0,1000.0,4.0,0.0,2.55
6455,0,0,0,1000.0,4.01,0.0,2.55
6456,0,0,0,1000.0,4.02,0.0,2.55
6457,0,0,0,1000.0,4.03,0.0,2.55
6458,0,0,0,1000.0,4.04,0.0,2.55
6459,0,0,0,1000.0,4.05,0.0,2.55
6460,0,0,0,1000.0,4.06,0.0,2.55
6461,0,0,0,1000.0,-0.06,0.0,2.56
6462,0,0,0,1000.0,-0.05,0.0,2.56
6463,0,0,0,1000.0,-0.04,0.0,2.56
6464,0,0,0,1000.0,-0.03,0.0,2.56
6465,0,0,0,1000.0,-0.02,0.0,2.56
6466,0,0,0,1000.0,-0.01,0.0,2.56
6467,0,0,0,1000.0,0.0,0.0,2.56
6468,0,0,0,1000.0,4.0,0.0,2.56
6469,0,0,0,1000.0,4.01,0.0,2.56
6470,0,0,0,1000.0,4.02,0.0,2.56
6471,0,0,0,1000.0,4.03,0.0,2.56
6472,0,0,0,1000.0,4.04,0.0,2.56
6473,0,0,0,1000.0,4.05,0.0,2.56
6474,0,0,0,1000.0,4.06,0.0,2.56
6475,0,0,0,1000.0,-0.06,0.0,2.57
6476,0,0,0,1000.0,-0.05,0.0,2.57
6477,0,0,0,1000.0,-0.04,0.0,2.57
6478,0,0,0,1000.0,-0.03,0.0,2.57
6479,0,0,0,1000.0,-0.02,0.0,2.57
6480,0,0,0,1000.0,-0.01,0.0,2.57
6481,0,0,0,1000.0,0.0,0.0,2.57
6482,0,0,0,1000.0,4.0,0.0,2.57
6483,0,0,0,1000.0,4.01,0.0,2.57
6484,0,0,0,1000.0,4.02,0.0,2.57
6485,0,0,0,1000.0,4.03,0.0,2.57
6486,0,0,0,1000.0,4.04,0.0,2.57
6487,0,0,0,1000.0,4.05,0.0,2.57
6488,0,0,0,1000.0,4.06,0.0,2.57
6489,0,0,0,1000.0,-0.06,0.0,2.58
6490,0,0,0,1000.0,-0.05,0.0,2.58
6491,0,0,0,1000.0,-0.04,0.0,2.58
6492,0,0,0,1000.0,-0.03,0.0,2.58
6493,0,0,0,1000.0,-0.02,0.0,2.58
6494,0,0,0,1000.0,-0.01,0.0,2.58
6495,0,0,0,1000.0,0.0,0.0,2.58
6496,0,0,0,1000.0,4.0,0.0,2.58
6497,0,0,0,1000.0,4.01,0.0,2.58
6498,0,0,0,1000.0,4.02,0.0,2.58
6499,0,0,0,1000.0,4.03,0.0,2.58
6500,0,0,0,1000.0,4.04,0.0,2.58
6501,0,0,0,1000.0,4.05,0.0,2.58
6502,0,0,0,1000.0,4.06,0.0,2.58
6503,0,0,0,1000.0,-0.06,0.0,2.59
6504,0,0,0,1000.0,-0.05,0.0,2.59
6505,0,0,0,1000.0,-0.04,0.0,2.59
6506,0,0,0,1000.0,-0.03,0.0,2.59
6507,0,0,0,1000.0,-0.02,0.0,2.59
6508,0,0,0,1000.0,-0.01,0.0,2.59
6509,0,0,0,1000.0,0.0,0.0,2.59
6510,0,0,0,1000.0,4.0,0.0,2.59
6511,0,0,0,1000.0,4.01,0.0,2.59
6512,0,0,0,1000.0,4.02,0.0,2.59
6513,0,0,0,1000.0,4.03,0.0,2.59
6514,0,0,0,1000.0,4.04,0.0,2.59
6515,0,0,0,1000.0,4.05,0.0,2.59
6516,0,0,0,1000.0,4.06,0.0,2.59
6517,0,0,0,1000.0,-0.06,0.0,2.6
6518,0,0,0,1000.0,-0.05,0.0,2.6
6519,0,0,0,1000.0,-0.04,0.0,2.6
6520,0,0,0,1000.0,-0.03,0.0,2.6
6521,0,0,0,1000.0,-0.02,0.0,2.6
6522,0,0,0,1000.0,-0.01,0.0,2.6
6523,0,0,0,1000.0,0.0,0.0,2.6
6524,0,0,0,1000.0,4.0,0.0,2.6
6525,0,0,0,1000.0,4.01,0.0,2.6
6526,0,0,0,1000.0,4.02,0.0,2.6
6527,0,0,0,1000.0,4.03,0.0,2.6
6528,0,0,0,1000.0,4.04,0.0,2.6
6529,0,0,0,1000.0,4.05,0.0,2.6
6530,0,0,0,1000.0,4.06,0.0,2.6
6531,0,0,0,1000.0,-0.06,0.0,2.61
6532,0,0,0,1000.0,-0.05,0.0,2.61
6533,0,0,0,1000.0,-0.04,0.0,2.61
6534,0,0,0,1000.0,-0.03,0.0,2.61
6535,0,0,0,1000.0,-0.02,0.0,2.61
6536,0,0,0,1000.0,-0.01,0.0,2.61
6537,0,0,0,1000.0,0.0,0.0,2.61
6538,0,0,0,1000.0,4.0,0.0,2.61
6539,0,0,0,1000.0,4.01,0.0,2.61
6540,0,0,0,1000.0,4.02,0.0,2.61
6541,0,0,0,1000.0,4.03,0.0,2.61
6542,0,0,0,1000.0,4.04,0.0,2.61
6543,0,0,0,1000.0,4.05,0.0,2.61
6544,0,0,0,1000.0,4.06,0.0,2.61
6545,0,0,0,1000.0,-0.06,0.0,2.62
6546,0,0,0,1000.0,-0.05,0.0,2.62
6547,0,0,0,1000.0,-0.04,0.0,2.62
6548,0,0,0,1000.0,-0.03,0.0,2.62
6549,0,0,0,1000.0,-0.02,0.0,2.62
6550,0,0,0,1000.0,-0.01,0.0,2.62
6551,0,0,0,1000.0,0.0,0.0,2.62
6552,0,0,0,1000.0,4.0,0.0,2.62
6553,0,0,0,1000.0,4.01,0.0,2.62
6554,0,0,0,1000.0,4.02,0.0,2.62
6555,0,0,0,1000.0,4.03,0.0,2.62
6556,0,0,0,1000.0,4.04,0.0,2.62
6557,0,0,0,1000.0,4.05,0.0,2.62
6558,0,0,0,1000.0,4.06,0.0,2.62
6559,0,0,0,1000.0,-0.06,0.0,2.63
6560,0,0,0,1000.0,-0.05,0.0,2.63
6561,0,0,0,1000.0,-0.04,0.0,2.63
6562,0,0,0,1000.0,-0.03,0.0,2.63
6563,0,0,0,1000.0,-0.02,0.0,2.63
6564,0,0,0,1000.0,-0.01,0.0,2.63
6565,0,0,0,1000.0,0.0,0.0,2.63
6566,0,0,0,1000.0,4.0,0.0,2.63
6567,0,0,0,1000.0,4.01,0.0,2.63
6568,0,0,0,1000.0,4.02,0.0,2.63
6569,0,0,0,1000.0,4.03,0.0,2.63
6570,0,0,0,1000.0,4.04,0.0,2.63
6571,0,0,0,1000.0,4.05,0.0,2.63
6572,0,0,0,1000.0,4.06,0.0,2.63
6573,0,0,0,1000.0,-0.06,0.0,2.64
6574,0,0,0,1000.0,-0.05,0.0,2.64
6575,0,0,0,1000.0,-0.04,0.0,2.64
6576,0,0,0,1000.0,-0.03,0.0,2.64
6577,0,0,0,1000.0,-0.02,0.0,2.64
6578,0,0,0,1000.0,-0.01,0.0,2.64
6579,0,0,0,1000.0,0.0,0.0,2.64
6580,0,0,0,1000.0,4.0,0.0,2.64
6581,0,0,0,1000.0,4.01,0.0,2.64
6582,0,0,0,1000.0,4.02,0.0,2.64
6583,0,0,0,1000.0,4.03,0.0,2.64
6584,0,0,0,1000.0,4.04,0.0,2.64
6585,0,0,0,1000.0,4.05,0.0,2.64
6586,0,0,0,1000.0,4.06,0.0,2.64
6587,0,0,0,1000.0,-0.06,0.0,2.65
6588,0,0,0,1000.0,-0.05,0.0,2.65
6589,0,0,0,1000.0,-0.04,0.0,2.65
6590,0,0,0,1000.0,-0.03,0.0,2.65
6591,0,0,0,1000.0,-0.02,0.0,2.65
6592,0,0,0,1000.0,-0.01,0.0,2.65
6593,0,0,0,1000.0,0.0,0.0,2.65
6594,0,0,0,1000.0,4.0,0.0,2.65
6595,0,0,0,1000.0,4.01,0.0,2.65
6596,0,0,0,1000.0,4.02,0.0,2.65
6597,0,0,0,1000.0,4.03,0.0,2.65
6598,0,0,0,1000.0,4.04,0.0,2.65
6599,0,0,0,1000.0,4.05,0.0,2.65
6600,0,0,0,1000.0,4.06,0.0,2.65
6601,0,0,0,1000.0,-0.06,0.0,2.66
6602,0,0,0,1000.0,-0.05,0.0,2.66
6603,0,0,0,1000.0,-0.04,0.0,2.66
6604,0,0,0,1000.0,-0.03,0.0,2.66
6605,0,0,0,1000.0,-0.02,0.0,2.66
6606,0,0,0,1000.0,-0.01,0.0,2.66
6607,0,0,0,1000.0,0.0,0.0,2.66
6608,0,0,0,1000.0,4.0,0.0,2.66
6609,0,0,0,1000.0,4.01,0.0,2.66
6610,0,0,0,1000.0,4.02,0.0,2.66
6611,0,0,0,1000.0,4.03,0.0,2.66
6612,0,0,0,1000.0,4.04,0.0,2.66
6613,0,0,0,1000.0,4.05,0.0,2.66
6614,0,0,0,1000.0,4.06,0.0,2.66
6615,0,0,0,1000.0,-0.06,0.0,2.67
6616,0,0,0,1000.0,-0.05,0.0,2.67
6617,0,0,0,1000.0,-0.04,0.0,2.67
6618,0,0,0,1000.0,-0.03,0.0,2.67
6619,0,0,0,1000.0,-0.02,0.0,2.67
6620,0,0,0,1000.0,-0.01,0.0,2.67
6621,0,0,0,1000.0,0.0,0.0,2.67
6622,0,0,0,1000.0,4.0,0.0,2.67
6623,0,0,0,1000.0,4.01,0.0,2.67
6624,0,0,0,1000.0,4.02,0.0,2.67
6625,0,0,0,1000.0,4.03,0.0,2.67
6626,0,0,0,1000.0,4.04,0.0,2.67
6627,0,0,0,1000.0,4.05,0.0,2.67
6628,0,0,0,1000.0,4.06,0.0,2.67
6629,0,0,0,1000.0,-0.06,0.0,2.68
6630,0,0,0,1000.0,-0.05,0.0,2.68
6631,0,0,0,1000.0,-0.04,0.0,2.68
6632,0,0,0,1000.0,-0.03,0.0,2.68
6633,0,0,0,1000.0,-0.02,0.0,2.68
6634,0,0,0,1000.0,-0.01,0.0,2.68
6635,0,0,0,1000.0,0.0,0.0,2.68
6636,0,0,0,1000.0,4.0,0.0,2.68
6637,0,0,0,1000.0,4.01,0.0,2.68
6638,0,0,0,1000.0,4.02,0.0,2.68
6639,0,0,0,1000.0,4.03,0.0,2.68
6640,0,0,0,1000.0,4.04,0.0,2.68
6641,0,0,0,1000.0,4.05,0.0,2.68
6642,0,0,0,1000.0,4.06,0.0,2.68
6643,0,0,0,1000.0,-0.06,0.0,2.69
6644,0,0,0,1000.0,-0.05,0.0,2.69
6645,0,0,0,1000.0,-0.04,0.0,2.69
6646,0,0,0,1000.0,-0.03,0.0,2.69
6647,0,0,0,1000.0,-0.02,0.0,2.69
6648,0,0,0,1000.0,-0.01,0.0,2.69
6649,0,0,0,1000.0,0.0,0.0,2.69
6650,0,0,0,1000.0,4.0,0.0,2.69
6651,0,0,0,1000.0,4.01,0.0,2.69
6652,0,0,0,1000.0,4.02,0.0,2.69
6653,0,0,0,1000.0,4.03,0.0,2.69
6654,0,0,0,1000.0,4.04,0.0,2.69
6655,0,0,0,1000.0,4.05,0.0,2.69
6656,0,0,0,1000.0,4.06,0.0,2.69
6657,0,0,0,1000.0,-0.06,0.0,2.7
6658,0,0,0,1000.0,-0.05,0.0,2.7
6659,0,0,0,1000.0,-0.04,0.0,2.7
6660,0,0,0,1000.0,-0.03,0.0,2.7
6661,0,0,0,1000.0,-0.02,0.0,2.7
6662,0,0,0,1000.0,-0.01,0.0,2.7
6663,0,0,0,1000.0,0.0,0.0,2.7
6664,0,0,0,1000.0,4.0,0.0,2.7
6665,0,0,0,1000.0,4.01,0.0,2.7
6666,0,0,0,1000.0,4.02,0.0,2.7
6667,0,0,0,1000.0,4.03,0.0,2.7
6668,0,0,0,1000.0,4.04,0.0,2.7
6669,0,0,0,1000.0,4.05,0.0,2.7
6670,0,0,0,1000.0,4.06,0.0,2.7
6671,0,0,0,1000.0,-0.06,0.0,2.71
6672,0,0,0,1000.0,-0.05,0.0,2.71
6673,0,0,0,1000.0,-0.04,0.0,2.71
6674,0,0,0,1000.0,-0.03,0.0,2.71
6675,0,0,0,1000.0,-0.02,0.0,2.71
6676,0,0,0,1000.0,-0.01,0.0,2.71
6677,0,0,0,1000.0,0.0,0.0,2.71
6678,0,0,0,1000.0,4.0,0.0,2.71
6679,0,0,0,1000.0,4.01,0.0,2.71
6680,0,0,0,1000.0,4.02,0.0,2.71
6681,0,0,0,1000.0,4.03,0.0,2.71
6682,0,0,0,1000.0,4.04,0.0,2.71
6683,0,0,0,1000.0,4.05,0.0,2.71
6684,0,0,0,1000.0,4.06,0.0,2.71
6685,0,0,0,1000.0,-0.06,0.0,2.72
6686,0,0,0,1000.0,-0.05,0.0,2.72
6687,0,0,0,1000.0,-0.04,0.0,2.72
6688,0,0,0,1000.0,-0.03,0.0,2.72
6689,0,0,0,1000.0,-0.02,0.0,2.72
6690,0,0,0,1000.0,-0.01,0.0,2.72
6691,0,0,0,1000.0,0.0,0.0,2.72
6692,0,0,0,1000.0,4.0,0.0,2.72
6693,0,0,0,1000.0,4.01,0.0,2.72
6694,0,0,0,1000.0,4.02,0.0,2.72
6695,0,0,0,1000.0,4.03,0.0,2.72
6696,0,0,0,1000.0,4.04,0.0,2.72
6697,0,0,0,1000.0,4.05,0.0,2.72
6698,0,0,0,1000.0,4.06,0.0,2.72
6699,0,0,0,1000.0,-0.06,0.0,2.73
6700,0,0,0,1000.0,-0.05,0.0,2.73
6701,0,0,0,1000.0,-0.04,0.0,2.73
6702,0,0,0,1000.0,-0.03,0.0,2.73
6703,0,0,0,1000.0,-0.02,0.0,2.73
6704,0,0,0,1000.0,-0.01,0.0,2.73
6705,0,0,0,1000.0,0.0,0.0,2.73
6706,0,0,0,1000.0,4.0,0.0,2.73
6707,0,0,0,1000.0,4.01,0.0,2.73
6708,0,0,0,1000.0,4.02,0.0,2.73
6709,0,0,0,1000.0,4.03,0.0,2.73
6710,0,0,0,1000.0,4.04,0.0,2.73
6711,0,0,0,1000.0,4.05,0.0,2.73
6712,0,0,0,1000.0,4.06,0.0,2.73
6713,0,0,0,1000.0,-0.06,0.0,2.74
6714,0,0,0,1000.0,-0.05,0.0,2.74
6715,0,0,0,1000.0,-0.04,0.0,2.74
6716,0,0,0,1000.0,-0.03,0.0,2.74
6717,0,0,0,1000.0,-0.02,0.0,2.74
6718,0,0,0,1000.0,-0.01,0.0,2.74
6719,0,0,0,1000.0,0.0,0.0,2.74
6720,0,0,0,1000.0,4.0,0.0,2.74
6721,0,0,0,1000.0,4.01,0.0,2.74
6722,0,0,0,1000.0,4.02,0.0,2.74
6723,0,0,0,1000.0,4.03,0.0,2.74
6724,0,0,0,1000.0,4.04,0.0,2.74
6725,0,0,0,1000.0,4.05,0.0,2.74
6726,0,0,0,1000.0,4.06,0.0,2.74
6727,0,0,0,1000.0,-0.06,0.0,2.75
6728,0,0,0,1000.0,-0.05,0.0,2.75
6729,0,0,0,1000.0,-0.04,0.0,2.75
6730,0,0,0,1000.0,-0.03,0.0,2.75
6731,0,0,0,1000.0,-0.02,0.0,2.75
6732,0,0,0,1000.0,-0.01,0.0,2.75
6733,0,0,0,1000.0,0.0,0.0,2.75
6734,0,0,0,1000.0,4.0,0.0,2.75
6735,0,0,0,1000.0,4.01,0.0,2.75
6736,0,0,0,1000.0,4.02,0.0,2.75
6737,0,0,0,1000.0,4.03,0.0,2.75
6738,0,0,0,1000.0,4.04,0.0,2.75
6739,0,0,0,1000.0,4.05,0.0,2.75
6740,0,0,0,1000.0,4.06,0.0,2.75
6741,0,0,0,1000.0,-0.06,0.0,2.76
6742,0,0,0,1000.0,-0.05,0.0,2.76
6743,0,0,0,1000.0,-0.04,0.0,2.76
6744,0,0,0,1000.0,-0.03,0.0,2.76
6745,0,0,0,1000.0,-0.02,0.0,2.76
6746,0,0,0,1000.0,-0.01,0.0,2.76
6747,0,0,0,1000.0,0.0,0.0,2.76
6748,0,0,0,1000.0,4.0,0.0,2.76
6749,0,0,0,1000.0,4.01,0.0,2.76
6750,0,0,0,1000.0,4.02,0.0,2.76
6751,0,0,0,1000.0,4.03,0.0,2.76
6752,0,0,0,1000.0,4.04,0.0,2.76
6753,0,0,0,1000.0,4.05,0.0,2.76
6754,0,0,0,1000.0,4.06,0.0,2.76
6755,0,0,0,1000.0,-0.06,0.0,2.77
6756,0,0,0,1000.0,-0.05,0.0,2.77
6757,0,0,0,1000.0,-0.04,0.0,2.77
6758,0,0,0,1000.0,-0.03,0.0,2.77
6759,0,0,0,1000.0,-0.02,0.0,2.77
6760,0,0,0,1000.0,-0.01,0.0,2.77
6761,0,0,0,1000.0,0.0,0.0,2.77
6762,0,0,0,1000.0,4.0,0.0,2.77
6763,0,0,0,1000.0,4.01,0.0,2.77
6764,0,0,0,1000.0,4.02,0.0,2.77
6765,0,0,0,1000.0,4.03,0.0,2.77
6766,0,0,0,1000.0,4.04,0.0,2.77
6767,0,0,0,1000.0,4.05,0.0,2.77
6768,0,0,0,1000.0,4.06,0.0,2.77
6769,0,0,0,1000.0,-0.06,0.0,2.78
6770,0,0,0,1000.0,-0.05,0.0,2.78
6771,0,0,0,1000.0,-0.04,0.0,2.78
6772,0,0,0,1000.0,-0.03,0.0,2.78
6773,0,0,0,1000.0,-0.02,0.0,2.78
6774,0,0,0,1000.0,-0.01,0.0,2.78
6775,0,0,0,1000.0,0.0,0.0,2.78
6776,0,0,0,1000.0,4.0,0.0,2.78
6777,0,0,0,1000.0,4.01,0.0,2.78
6778,0,0,0,1000.0,4.02,0.0,2.78
6779,0,0,0,1000.0,4.03,0.0,2.78
6780,0,0,0,1000.0,4.04,0.0,2.78
6781,0,0,0,1000.0,4.05,0.0,2.78
6782,0,0,0,1000.0,4.06,0.0,2.78
6783,0,0,0,1000.0,-0.06,0.0,2.79
6784,0,0,0,1000.0,-0.05,0.0,2.79
6785,0,0,0,1000.0,-0.04,0.0,2.79
6786,0,0,0,1000.0,-0.03,0.0,2.79
6787,0,0,0,1000.0,-0.02,0.0,2.79
6788,0,0,0,1000.0,-0.01,0.0,2.79
6789,0,0,0,1000.0,0.0,0.0,2.79
6790,0,0,0,1000.0,4.0,0.0,2.79
6791,0,0,0,1000.0,4.01,0.0,2.79
6792,0,0,0,1000.0,4.02,0.0,2.79
6793,0,0,0,1000.0,4.03,0.0,2.79
6794,0,0,0,1000.0,4.04,0.0,2.79
6795,0,0,0,1000.0,4.05,0.0,2.79
6796,0,0,0,1000.0,4.06,0.0,2.79
6797,0,0,0,1000.0,-0.06,0.0,2.8
6798,0,0,0,1000.0,-0.05,0.0,2.8
6799,0,0,0,1000.0,-0.04,0.0,2.8
6800,0,0,0,1000.0,-0.03,0.0,2.8
6801,0,0,0,1000.0,-0.02,0.0,2.8
6802,0,0,0,1000.0,-0.01,0.0,2.8
6803,0,0,0,1000.0,0.0,0.0,2.8
6804,0,0,0,1000.0,4.0,0.0,2.8
6805,0,0,0,1000.0,4.01,0.0,2.8
6806,0,0,0,1000.0,4.02,0.0,2.8
6807,0,0,0,1000.0,4.03,0.0,2.8
6808,0,0,0,1000.0,4.04,0.0,2.8
6809,0,0,0,1000.0,4.05,0.0,2.8
6810,0,0,0,1000.0,4.06,0.0,2.8
6811,0,0,0,1000.0,-0.06,0.0,2.81
6812,0,0,0,1000.0,-0.05,0.0,2.81
6813,0,0,0,1000.0,-0.04,0.0,2.81
6814,0,0,0,1000.0,-0.03,0.0,2.81
6815,0,0,0,1000.0,-0.02,0.0,2.81
6816,0,0,0,1000.0,-0.01,0.0,2.81
6817,0,0,0,1000.0,0.0,0.0,2.81
6818,0,0,0,1000.0,4.0,0.0,2.81
6819,0,0,0,1000.0,4.01,0.0,2.81
6820,0,0,0,1000.0,4.02,0.0,2.81
6821,0,0,0,1000.0,4.03,0.0,2.81
6822,0,0,0,1000.0,4.04,0.0,2.81
6823,0,0,0,1000.0,4.05,0.0,2.81
6824,0,0,0,1000.0,4.06,0.0,2.81
6825,0,0,0,1000.0,-0.06,0.0,2.82
6826,0,0,0,1000.0,-0.05,0.0,2.82
6827,0,0,0,1000.0,-0.04,0.0,2.82
6828,0,0,0,1000.0,-0.03,0.0,2.82
6829,0,0,0,1000.0,-0.02,0.0,2.82
6830,0,0,0,1000.0,-0.01,0.0,2.82
6831,0,0,0,1000.0,0.0,0.0,2.82
6832,0,0,0,1000.0,4.0,0.0,2.82
6833,0,0,0,1000.0,4.01,0.0,2.82
6834,0,0,0,1000.0,4.02,0.0,2.82
6835,0,0,0,1000.0,4.03,0.0,2.82
6836,0,0,0,1000.0,4.04,0.0,2.82
6837,0,0,0,1000.0,4.05,0.0,2.82
6838,0,0,0,1000.0,4.06,0.0,2.82
6839,0,0,0,1000.0,-0.06,0.0,2.83
6840,0,0,0,1000.0,-0.05,0.0,2.83
6841,0,0,0,1000.0,-0.04,0.0,2.83
6842,0,0,0,1000.0,-0.03,0.0,2.83
6843,0,0,0,1000.0,-0.02,0.0,2.83
6844,0,0,0,1000.0,-0.01,0.0,2.83
6845,0,0,0,1000.0,0.0,0.0,2.83
6846,0,0,0,1000.0,4.0,0.0,2.83
6847,0,0,0,1000.0,4.01,0.0,2.83
6848,0,0,0,1000.0,4.02,0.0,2.83
6849,0,0,0,1000.0,4.03,0.0,2.83
6850,0,0,0,1000.0,4.04,0.0,2.83
6851,0,0,0,1000.0,4.05,0.0,2.83
6852,0,0,0,1000.0,4.06,0.0,2.83
6853,0,0,0,1000.0,-0.06,0.0,2.84
6854,0,0,0,1000.0,-0.05,0.0,2.84
6855,0,0,0,1000.0,-0.04,0.0,2.84
6856,0,0,0,1000.0,-0.03,0.0,2.84
6857,0,0,0,1000.0,-0.02,0.0,2.84
6858,0,0,0,1000.0,-0.01,0.0,2.84
6859,0,0,0,1000.0,0.0,0.0,2.84
6860,0,0,0,1000.0,4.0,0.0,2.84
6861,0,0,0,1000.0,4.01,0.0,2.84
6862,0,0,0,1000.0,4.02,0.0,2.84
6863,0,0,0,1000.0,4.03,0.0,2.84
6864,0,0,0,1000.0,4.04,0.0,2.84
6865,0,0,0,1000.0,4.05,0.0,2.84
6866,0,0,0,1000.0,4.06,0.0,2.84
6867,0,0,0,1000.0,-0.06,0.0,2.85
6868,0,0,0,1000.0,-0.05,0.0,2.85
6869,0,0,0,1000.0,-0.04,0.0,2.85
6870,0,0,0,1000.0,-0.03,0.0,2.85
6871,0,0,0,1000.0,-0.02,0.0,2.85
6872,0,0,0,1000.0,-0.01,0.0,2.85
6873,0,0,0,1000.0,0.0,0.0,2.85
6874,0,0,0,1000.0,4.0,0.0,2.85
6875,0,0,0,1000.0,4.01,0.0,2.85
6876,0,0,0,1000.0,4.02,0.0,2.85
6877,0,0,0,1000.0,4.03,0.0,2.85
6878,0,0,0,1000.0,4.04,0.0,2.85
6879,0,0,0,1000.0,4.05,0.0,2.85
6880,0,0,0,1000.0,4.06,0.0,2.85
6881,0,0,0,1000.0,-0.06,0.0,2.86
6882,0,0,0,1000.0,-0.05,0.0,2.86
6883,0,0,0,1000.0,-0.04,0.0,2.86
6884,0,0,0,1000.0,-0.03,0.0,2.86
6885,0,0,0,1000.0,-0.02,0.0,2.86
6886,0,0,0,1000.0,-0.01,0.0,2.86
6887,0,0,0,1000.0,0.0,0.0,2.86
6888,0,0,0,1000.0,4.0,0.0,2.86
6889,0,0,0,1000.0,4.01,0.0,2.86
6890,0,0,0,1000.0,4.02,0.0,2.86
6891,0,0,0,1000.0,4.03,0.0,2.86
6892,0,0,0,1000.0,4.04,0.0,2.86
6893,0,0,0,1000.0,4.05,0.0,2.86
6894,0,0,0,1000.0,4.06,0.0,2.86
6895,0,0,0,1000.0,-0.06,0.0,2.87
6896,0,0,0,1000.0,-0.05,0.0,2.87
6897,0,0,0,1000.0,-0.04,0.0,2.87
6898,0,0,0,1000.0,-0.03,0.0,2.87
6899,0,0,0,1000.0,-0.02,0.0,2.87
6900,0,0,0,1000.0,-0.01,0.0,2.87
6901,0,0,0,1000.0,0.0,0.0,2.87
6902,0,0,0,1000.0,4.0,0.0,2.87
6903,0,0,0,1000.0,4.01,0.0,2.87
6904,0,0,0,1000.0,4.02,0.0,2.87
6905,0,0,0,1000.0,4.03,0.0,2.87
6906,0,0,0,1000.0,4.04,0.0,2.87
6907,0,0,0,1000.0,4.05,0.0,2.87
6908,0,0,0,1000.0,4.06,0.0,2.87
6909,0,0,0,1000.0,-0.06,0.0,2.88
6910,0,0,0,1000.0,-0.05,0.0,2.88
6911,0,0,0,1000.0,-0.04,0.0,2.88
6912,0,0,0,1000.0,-0.03,0.0,2.88
6913,0,0,0,1000.0,-0.02,0.0,2.88
6914,0,0,0,1000.0,-0.01,0.0,2.88
6915,0,0,0,1000.0,0.0,0.0,2.88
6916,0,0,0,1000.0,4.0,0.0,2.88
6917,0,0,0,1000.0,4.01,0.0,2.88
6918,0,0,0,1000.0,4.02,0.0,2.88
6919,0,0,0,1000.0,4.03,0.0,2.88
6920,0,0,0,1000.0,4.04,0.0,2.88
6921,0,0,0,1000.0,4.05,0.0,2.88
6922,0,0,0,1000.0,4.06,0.0,2.88
6923,0,0,0,1000.0,-0.06,0.0,2.89
6924,0,0,0,1000.0,-0.05,0.0,2.89
6925,0,0,0,1000.0,-0.04,0.0,2.89
6926,0,0,0,1000.0,-0.03,0.0,2.89
6927,0,0,0,1000.0,-0.02,0.0,2.89
6928,0,0,0,1000.0,-0.01,0.0,2.89
6929,0,0,0,1000.0,0.0,0.0,2.89
6930,0,0,0,1000.0,4.0,0.0,2.89
6931,0,0,0,1000.0,4.01,0.0,2.89
6932,0,0,0,1000.0,4.02,0.0,2.89
6933,0,0,0,1000.0,4.03,0.0,2.89
6934,0,0,0,1000.0,4.04,0.0,2.89
6935,0,0,0,1000.0,4.05,0.0,2.89
6936,0,0,0,1000.0,4.06,0.0,2.89
6937,0,0,0,1000.0,-0.06,0.0,2.9
6938,0,0,0,1000.0,-0.05,0.0,2.9
6939,0,0,0,1000.0,-0.04,0.0,2.9
6940,0,0,0,1000.0,-0.03,0.0,2.9
6941,0,0,0,1000.0,-0.02,0.0,2.9
6942,0,0,0,1000.0,-0.01,0.0,2.9
6943,0,0,0,1000.0,0.0,0.0,2.9
6944,0,0,0,1000.0,4.0,0.0,2.9
6945,0,0,0,1000.0,4.01,0.0,2.9
6946,0,0,0,1000.0,4.02,0.0,2.9
6947,0,0,0,1000.0,4.03,0.0,2.9
6948,0,0,0,1000.0,4.04,0.0,2.9
6949,0,0,0,1000.0,4.05,0.0,2.9
6950,0,0,0,1000.0,4.06,0.0,2.9
6951,0,0,0,1000.0,-0.06,0.0,2.91
6952,0,0,0,1000.0,-0.05,0.0,2.91
6953,0,0,0,1000.0,-0.04,0.0,2.91
6954,0,0,0,1000.0,-0.03,0.0,2.91
6955,0,0,0,1000.0,-0.02,0.0,2.91
6956,0,0,0,1000.0,-0.01,0.0,2.91
6957,0,0,0,1000.0,0.0,0.0,2.91
6958,0,0,0,1000.0,4.0,0.0,2.91
6959,0,0,0,1000.0,4.01,0.0,2.91
6960,0,0,0,1000.0,4.02,0.0,2.91
6961,0,0,0,1000.0,4.03,0.0,2.91
6962,0,0,0,1000.0,4.04,0.0,2.91
6963,0,0,0,1000.0,4.05,0.0,2.91
6964,0,0,0,1000.0,4.06,0.0,2.91
6965,0,0,0,1000.0,-0.06,0.0,2.92
6966,0,0,0,1000.0,-0.05,0.0,2.92
6967,0,0,0,1000.0,-0.04,0.0,2.92
6968,0,0,0,1000.0,-0.03,0.0,2.92
6969,0,0,0,1000.0,-0.02,0.0,2.92
6970,0,0,0,1000.0,-0.01,0.0,2.92
6971,0,0,0,1000.0,0.0,0.0,2.92
6972,0,0,0,1000.0,4.0,0.0,2.92
6973,0,0,0,1000.0,4.01,0.0,2.92
6974,0,0,0,1000.0,4.02,0.0,2.92
6975,0,0,0,1000.0,4.03,0.0,2.92
6976,0,0,0,1000.0,4.04,0.0,2.92
6977,0,0,0,1000.0,4.05,0.0,2.92
6978,0,0,0,1000.0,4.06,0.0,2.92
6979,0,0,0,1000.0,-0.06,0.0,2.93
6980,0,0,0,1000.0,-0.05,0.0,2.93
6981,0,0,0,1000.0,-0.04,0.0,2.93
6982,0,0,0,1000.0,-0.03,0.0,2.93
6983,0,0,0,1000.0,-0.02,0.0,2.93
6984,0,0,0,1000.0,-0.01,0.0,2.93
6985,0,0,0,1000.0,0.0,0.0,2.93
6986,0,0,0,1000.0,4.0,0.0,2.93
6987,0,0,0,1000.0,4.01,0.0,2.93
6988,0,0,0,1000.0,4.02,0.0,2.93
6989,0,0,0,1000.0,4.03,0.0,2.93
6990,0,0,0,1000.0,4.04,0.0,2.93
6991,0,0,0,1000.0,4.05,0.0,2.93
6992,0,0,0,1000.0,4.06,0.0,2.93
6993,0,0,0,1000.0,-0.06,0.0,2.94
6994,0,0,0,1000.0,-0.05,0.0,2.94
6995,0,0,0,1000.0,-0.04,0.0,2.94
6996,0,0,0,1000.0,-0.03,0.0,2.94
6997,0,0,0,1000.0,-0.02,0.0,2.94
6998,0,0,0,1000.0,-0.01,0.0,2.94
6999,0,0,0,1000.0,0.0,0.0,2.94
7000,0,0,0,1000.0,4.0,0.0,2.94
7001,0,0,0,1000.0,4.01,0.0,2.94
7002,0,0,0,1000.0,4.02,0.0,2.94
7003,0,0,0,1000.0,4.03,0.0,2.94
7004,0,0,0,1000.0,4.04,0.0,2.94
7005,0,0,0,1000.0,4.05,0.0,2.94
7006,0,0,0,1000.0,4.06,0.0,2.94
7007,0,0,0,1000.0,-0.06,0.0,2.95
7008,0,0,0,1000.0,-0.05,0.0,2.95
7009,0,0,0,1000.0,-0.04,0.0,2.95
7010,0,0,0,1000.0,-0.03,0.0,2.95
7011,0,0,0,1000.0,-0.02,0.0,2.95
7012,0,0,0,1000.0,-0.01,0.0,2.95
7013,0,0,0,1000.0,0.0,0.0,2.95
7014,0,0,0,1000.0,4.0,0.0,2.95
7015,0,0,0,1000.0,4.01,0.0,2.95
7016,0,0,0,1000.0,4.02,0.0,2.95
7017,0,0,0,1000.0,4.03,0.0,2.95
7018,0,0,0,1000.0,4.04,0.0,2.95
7019,0,0,0,1000.0,4.05,0.0,2.95
7020,0,0,0,1000.0,4.06,0.0,2.95
7021,0,0,0,1000.0,-0.06,0.0,2.96
7022,0,0,0,1000.0,-0.05,0.0,2.96
7023,0,0,0,1000.0,-0.04,0.0,2.96
7024,0,0,0,1000.0,-0.03,0.0,2.96
7025,0,0,0,1000.0,-0.02,0.0,2.96
7026,0,0,0,1000.0,-0.01,0.0,2.96
7027,0,0,0,1000.0,0.0,0.0,2.96
7028,0,0,0,1000.0,4.0,0.0,2.96
7029,0,0,0,1000.0,4.01,0.0,2.96
7030,0,0,0,1000.0,4.02,0.0,2.96
7031,0,0,0,1000.0,4.03,0.0,2.96
7032,0,0,0,1000.0,4.04,0.0,2.96
7033,0,0,0,1000.0,4.05,0.0,2.96
7034,0,0,0,1000.0,4.06,0.0,2.96
7035,0,0,0,1000.0,-0.06,0.0,2.97
7036,0,0,0,1000.0,-0.05,0.0,2.97
7037,0,0,0,1000.0,-0.04,0.0,2.97
7038,0,0,0,1000.0,-0.03,0.0,2.97
7039,0,0,0,1000.0,-0.02,0.0,2.97
7040,0,0,0,1000.0,-0.01,0.0,2.97
7041,0,0,0,1000.0,0.0,0.0,2.97
7042,0,0,0,1000.0,4.0,0.0,2.97
7043,0,0,0,1000.0,4.01,0.0,2.97
7044,0,0,0,1000.0,4.02,0.0,2.97
7045,0,0,0,1000.0,4.03,0.0,2.97
7046,0,0,0,1000.0,4.04,0.0,2.97
7047,0,0,0,1000.0,4.05,0.0,2.97
7048,0,0,0,1000.0,4.06,0.0,2.97
7049,0,0,0,1000.0,-0.06,0.0,2.98
7050,0,0,0,1000.0,-0.05,0.0,2.98
7051,0,0,0,1000.0,-0.04,0.0,2.98
7052,0,0,0,1000.0,-0.03,0.0,2.98
7053,0,0,0,1000.0,-0.02,0.0,2.98
7054,0,0,0,1000.0,-0.01,0.0,2.98
7055,0,0,0,1000.0,0.0,0.0,2.98
7056,0,0,0,1000.0,4.0,0.0,2.98
7057,0,0,0,1000.0,4.01,0.0,2.98
7058,0,0,0,1000.0,4.02,0.0,2.98
7059,0,0,0,1000.0,4.03,0.0,2.98
7060,0,0,0,1000.0,4.04,0.0,2.98
7061,0,0,0,1000.0,4.05,0.0,2.98
7062,0,0,0,1000.0,4.06,0.0,2.98
7063,0,0,0,1000.0,-0.06,0.0,2.99
7064,0,0,0,1000.0,-0.05,0.0,2.99
7065,0,0,0,1000.0,-0.04,0.0,2.99
7066,0,0,0,1000.0,-0.03,0.0,2.99
7067,0,0,0,1000.0,-0.02,0.0,2.99
7068,0,0,0,1000.0,-0.01,0.0,2.99
7069,0,0,0,1000.0,0.0,0.0,2.99
7070,0,0,0,1000.0,4.0,0.0,2.99
7071,0,0,0,1000.0,4.01,0.0,2.99
7072,0,0,0,1000.0,4.02,0.0,2.99
7073,0,0,0,1000.0,4.03,0.0,2.99
7074,0,0,0,1000.0,4.04,0.0,2.99
7075,0,0,0,1000.0,4.05,0.0,2.99
7076,0,0,0,1000.0,4.06,0.0,2.99
7077,0,0,0,1000.0,-0.06,0.0,3.0
7078,0,0,0,1000.0,-0.05,0.0,3.0
7079,0,0,0,1000.0,-0.04,0.0,3.0
7080,0,0,0,1000.0,-0.03,0.0,3.0
7081,0,0,0,1000.0,-0.02,0.0,3.0
7082,0,0,0,1000.0,-0.01,0.0,3.0
7083,0,0,0,1000.0,0.0,0.0,3.0
7084,0,0,0,1000.0,4.0,0.0,3.0
7085,0,0,0,1000.0,4.01,0.0,3.0
7086,0,0,0,1000.0,4.02,0.0,3.0
7087,0,0,0,1000.0,4.03,0.0,3.0
7088,0,0,0,1000.0,4.04,0.0,3.0
7089,0,0,0,1000.0,4.05,0.0,3.0
7090,0,0,0,1000.0,4.06,0.0,3.0
