"Idp","Vel:0","Vel:1","Vel:2","Rhop","Type","Mk","Points:0","Points:1","Points:2"
15376,0.0,0.0,0.0,1000.0,0,0,-0.482,-0.482,-0.482
15377,0.0,0.0,0.0,1000.0,0,0,-0.46199999999999997,-0.482,-0.482
15378,0.0,0.0,0.0,1000.0,0,0,-0.442,-0.482,-0.482
15379,0.0,0.0,0.0,1000.0,0,0,-0.422,-0.482,-0.482
15380,0.0,0.0,0.0,1000.0,0,0,-0.40199999999999997,-0.482,-0.482
15381,0.0,0.0,0.0,1000.0,0,0,-0.382,-0.482,-0.482
15382,0.0,0.0,0.0,1000.0,0,0,-0.362,-0.482,-0.482
15383,0.0,0.0,0.0,1000.0,0,0,-0.34199999999999997,-0.482,-0.482
15384,0.0,0.0,0.0,1000.0,0,0,-0.32199999999999995,-0.482,-0.482
15385,0.0,0.0,0.0,1000.0,0,0,-0.302,-0.482,-0.482
15386,0.0,0.0,0.0,1000.0,0,0,-0.282,-0.482,-0.482
15387,0.0,0.0,0.0,1000.0,0,0,-0.262,-0.482,-0.482
15388,0.0,0.0,0.0,1000.0,0,0,-0.242,-0.482,-0.482
15389,0.0,0.0,0.0,1000.0,0,0,-0.22199999999999998,-0.482,-0.482
15390,0.0,0.0,0.0,1000.0,0,0,-0.20199999999999996,-0.482,-0.482
15391,0.0,0.0,0.0,1000.0,0,0,-0.182,-0.482,-0.482
15392,0.0,0.0,0.0,1000.0,0,0,-0.16199999999999998,-0.482,-0.482
15393,0.0,0.0,0.0,1000.0,0,0,-0.482,-0.46199999999999997,-0.482
15394,0.0,0.0,0.0,1000.0,0,0,-0.46199999999999997,-0.46199999999999997,-0.482
15395,0.0,0.0,0.0,1000.0,0,0,-0.442,-0.46199999999999997,-0.482
15396,0.0,0.0,0.0,1000.0,0,0,-0.422,-0.46199999999999997,-0.482
15397,0.0,0.0,0.0,1000.0,0,0,-0.40199999999999997,-0.46199999999999997,-0.482
15398,0.0,0.0,0.0,1000.0,0,0,-0.382,-0.46199999999999997,-0.482
15399,0.0,0.0,0.0,1000.0,0,0,-0.362,-0.46199999999999997,-0.482
15400,0.0,0.0,0.0,1000.0,0,0,-0.34199999999999997,-0.46199999999999997,-0.482
15401,0.0,0.0,0.0,1000.0,0,0,-0.32199999999999995,-0.46199999999999997,-0.482
15402,0.0,0.0,0.0,1000.0,0,0,-0.302,-0.46199999999999997,-0.482
15403,0.0,0.0,0.0,1000.0,0,0,-0.282,-0.46199999999999997,-0.482
15404,0.0,0.0,0.0,1000.0,0,0,-0.262,-0.46199999999999997,-0.482
15405,0.0,0.0,0.0,1000.0,0,0,-0.242,-0.46199999999999997,-0.482
15406,0.0,0.0,0.0,1000.0,0,0,-0.22199999999999998,-0.46199999999999997,-0.482
15407,0.0,0.0,0.0,1000.0,0,0,-0.20199999999999996,-0.46199999999999997,-0.482
15408,0.0,0.0,0.0,1000.0,0,0,-0.182,-0.46199999999999997,-0.482
15409,0.0,0.0,0.0,1000.0,0,0,-0.16199999999999998,-0.46199999999999997,-0.482
15410,0.0,0.0,0.0,1000.0,0,0,-0.482,-0.442,-0.482
15411,0.0,0.0,0.0,1000.0,0,0,-0.46199999999999997,-0.442,-0.482
15412,0.0,0.0,0.0,1000.0,0,0,-0.442,-0.442,-0.482
15413,0.0,0.0,0.0,1000.0,0,0,-0.422,-0.442,-0.482
15414,0.0,0.0,0.0,1000.0,0,0,-0.40199999999999997,-0.442,-0.482
15415,0.0,0.0,0.0,1000.0,0,0,-0.382,-0.442,-0.482
15416,0.0,0.0,0.0,1000.0,0,0,-0.362,-0.442,-0.482
15417,0.0,0.0,0.0,1000.0,0,0,-0.34199999999999997,-0.442,-0.482
15418,0.0,0.0,0.0,1000.0,0,0,-0.32199999999999995,-0.442,-0.482
15419,0.0,0.0,0.0,1000.0,0,0,-0.302,-0.442,-0.482
15420,0.0,0.0,0.0,1000.0,0,0,-0.282,-0.442,-0.482
15421,0.0,0.0,0.0,1000.0,0,0,-0.262,-0.442,-0.482
15422,0.0,0.0,0.0,1000.0,0,0,-0.242,-0.442,-0.482
15423,0.0,0.0,0.0,1000.0,0,0,-0.22199999999999998,-0.442,-0.482
15424,0.0,0.0,0.0,1000.0,0,0,-0.20199999999999996,-0.442,-0.482
15425,0.0,0.0,0.0,1000.0,0,0,-0.182,-0.442,-0.482
15426,0.0,0.0,0.0,1000.0,0,0,-0.16199999999999998,-0.442,-0.482
15427,0.0,0.0,0.0,1000.0,0,0,-0.482,-0.422,-0.482
15428,0.0,0.0,0.0,1000.0,0,0,-0.46199999999999997,-0.422,-0.482
15429,0.0,0.0,0.0,1000.0,0,0,-0.442,-0.422,-0.482
15430,0.0,0.0,0.0,1000.0,0,0,-0.422,-0.422,-0.482
15431,0.0,0.0,0.0,1000.0,0,0,-0.40199999999999997,-0.422,-0.482
15432,0.0,0.0,0.0,1000.0,0,0,-0.382,-0.422,-0.482
15433,0.0,0.0,0.0,1000.0,0,0,-0.362,-0.422,-0.482
15434,0.0,0.0,0.0,1000.0,0,0,-0.34199999999999997,-0.422,-0.482
15435,0.0,0.0,0.0,1000.0,0,0,-0.32199999999999995,-0.422,-0.482
15436,0.0,0.0,0.0,1000.0,0,0,-0.302,-0.422,-0.482
15437,0.0,0.0,0.0,1000.0,0,0,-0.282,-0.422,-0.482
15438,0.0,0.0,0.0,1000.0,0,0,-0.262,-0.422,-0.482
15439,0.0,0.0,0.0,1000.0,0,0,-0.242,-0.422,-0.482
15440,0.0,0.0,0.0,1000.0,0,0,-0.22199999999999998,-0.422,-0.482
15441,0.0,0.0,0.0,1000.0,0,0,-0.20199999999999996,-0.422,-0.482
15442,0.0,0.0,0.0,1000.0,0,0,-0.182,-0.422,-0.482
15443,0.0,0.0,0.0,1000.0,0,0,-0.16199999999999998,-0.422,-0.482
15444,0.0,0.0,0.0,1000.0,0,0,-0.482,-0.40199999999999997,-0.482
15445,0.0,0.0,0.0,1000.0,0,0,-0.46199999999999997,-0.40199999999999997,-0.482
15446,0.0,0.0,0.0,1000.0,0,0,-0.442,-0.40199999999999997,-0.482
15447,0.0,0.0,0.0,1000.0,0,0,-0.422,-0.40199999999999997,-0.482
15448,0.0,0.0,0.0,1000.0,0,0,-0.40199999999999997,-0.40199999999999997,-0.482
15449,0.0,0.0,0.0,1000.0,0,0,-0.382,-0.40199999999999997,-0.482
15450,0.0,0.0,0.0,1000.0,0,0,-0.362,-0.40199999999999997,-0.482
15451,0.0,0.0,0.0,1000.0,0,0,-0.34199999999999997,-0.40199999999999997,-0.482
15452,0.0,0.0,0.0,1000.0,0,0,-0.32199999999999995,-0.40199999999999997,-0.482
15453,0.0,0.0,0.0,1000.0,0,0,-0.302,-0.40199999999999997,-0.482
15454,0.0,0.0,0.0,1000.0,0,0,-0.282,-0.40199999999999997,-0.482
15455,0.0,0.0,0.0,1000.0,0,0,-0.262,-0.40199999999999997,-0.482
15456,0.0,0.0,0.0,1000.0,0,0,-0.242,-0.40199999999999997,-0.482
15457,0.0,0.0,0.0,1000.0,0,0,-0.22199999999999998,-0.40199999999999997,-0.482
15458,0.0,0.0,0.0,1000.0,0,0,-0.20199999999999996,-0.40199999999999997,-0.482
15459,0.0,0.0,0.0,1000.0,0,0,-0.182,-0.40199999999999997,-0.482
15460,0.0,0.0,0.0,1000.0,0,0,-0.16199999999999998,-0.40199999999999997,-0.482
15461,0.0,0.0,0.0,1000.0,0,0,-0.482,-0.382,-0.482
15462,0.0,0.0,0.0,1000.0,0,0,-0.46199999999999997,-0.382,-0.482
15463,0.0,0.0,0.0,1000.0,0,0,-0.442,-0.382,-0.482
15464,0.0,0.0,0.0,1000.0,0,0,-0.422,-0.382,-0.482
15465,0.0,0.0,0.0,1000.0,0,0,-0.40199999999999997,-0.382,-0.482
15466,0.0,0.0,0.0,1000.0,0,0,-0.382,-0.382,-0.482
15467,0.0,0.0,0.0,1000.0,0,0,-0.362,-0.382,-0.482
15468,0.0,0.0,0.0,1000.0,0,0,-0.34199999999999997,-0.382,-0.482
15469,0.0,0.0,0.0,1000.0,0,0,-0.32199999999999995,-0.382,-0.482
15470,0.0,0.0,0.0,1000.0,0,0,-0.302,-0.382,-0.482
15471,0.0,0.0,0.0,1000.0,0,0,-0.282,-0.382,-0.482
15472,0.0,0.0,0.0,1000.0,0,0,-0.262,-0.382,-0.482
15473,0.0,0.0,0.0,1000.0,0,0,-0.242,-0.382,-0.482
15474,0.0,0.0,0.0,1000.0,0,0,-0.22199999999999998,-0.382,-0.482
15475,0.0,0.0,0.0,1000.0,0,0,-0.20199999999999996,-0.382,-0.482
15476,0.0,0.0,0.0,1000.0,0,0,-0.182,-0.382,-0.482
15477,0.0,0.0,0.0,1000.0,0,0,-0.16199999999999998,-0.382,-0.482
15478,0.0,0.0,0.0,1000.0,0,0,-0.482,-0.362,-0.482
15479,0.0,0.0,0.0,1000.0,0,0,-0.46199999999999997,-0.362,-0.482
15480,0.0,0.0,0.0,1000.0,0,0,-0.442,-0.362,-0.482
15481,0.0,0.0,0.0,1000.0,0,0,-0.422,-0.362,-0.482
15482,0.0,0.0,0.0,1000.0,0,0,-0.40199999999999997,-0.362,-0.482
15483,0.0,0.0,0.0,1000.0,0,0,-0.382,-0.362,-0.482
15484,0.0,0.0,0.0,1000.0,0,0,-0.362,-0.362,-0.482
15485,0.0,0.0,0.0,1000.0,0,0,-0.34199999999999997,-0.362,-0.482
15486,0.0,0.0,0.0,1000.0,0,0,-0.32199999999999995,-0.362,-0.482
15487,0.0,0.0,0.0,1000.0,0,0,-0.302,-0.362,-0.482
15488,0.0,0.0,0.0,1000.0,0,0,-0.282,-0.362,-0.482
15489,0.0,0.0,0.0,1000.0,0,0,-0.262,-0.362,-0.482
15490,0.0,0.0,0.0,1000.0,0,0,-0.242,-0.362,-0.482
15491,0.0,0.0,0.0,1000.0,0,0,-0.22199999999999998,-0.362,-0.482
15492,0.0,0.0,0.0,1000.0,0,0,-0.20199999999999996,-0.362,-0.482
15493,0.0,0.0,0.0,1000.0,0,0,-0.182,-0.362,-0.482
15494,0.0,0.0,0.0,1000.0,0,0,-0.16199999999999998,-0.362,-0.482
15495,0.0,0.0,0.0,1000.0,0,0,-0.482,-0.34199999999999997,-0.482
15496,0.0,0.0,0.0,1000.0,0,0,-0.46199999999999997,-0.34199999999999997,-0.482
15497,0.0,0.0,0.0,1000.0,0,0,-0.442,-0.34199999999999997,-0.482
15498,0.0,0.0,0.0,1000.0,0,0,-0.422,-0.34199999999999997,-0.482
15499,0.0,0.0,0.0,1000.0,0,0,-0.40199999999999997,-0.34199999999999997,-0.482
15500,0.0,0.0,0.0,1000.0,0,0,-0.382,-0.34199999999999997,-0.482
15501,0.0,0.0,0.0,1000.0,0,0,-0.362,-0.34199999999999997,-0.482
15502,0.0,0.0,0.0,1000.0,0,0,-0.34199999999999997,-0.34199999999999997,-0.482
15503,0.0,0.0,0.0,1000.0,0,0,-0.32199999999999995,-0.34199999999999997,-0.482
15504,0.0,0.0,0.0,1000.0,0,0,-0.302,-0.34199999999999997,-0.482
15505,0.0,0.0,0.0,1000.0,0,0,-0.282,-0.34199999999999997,-0.482
15506,0.0,0.0,0.0,1000.0,0,0,-0.262,-0.34199999999999997,-0.482
15507,0.0,0.0,0.0,1000.0,0,0,-0.242,-0.34199999999999997,-0.482
15508,0.0,0.0,0.0,1000.0,0,0,-0.22199999999999998,-0.34199999999999997,-0.482
15509,0.0,0.0,0.0,1000.0,0,0,-0.20199999999999996,-0.34199999999999997,-0.482
15510,0.0,0.0,0.0,1000.0,0,0,-0.182,-0.34199999999999997,-0.482
15511,0.0,0.0,0.0,1000.0,0,0,-0.16199999999999998,-0.34199999999999997,-0.482
15512,0.0,0.0,0.0,1000.0,0,0,-0.482,-0.32199999999999995,-0.482
15513,0.0,0.0,0.0,1000.0,0,0,-0.46199999999999997,-0.32199999999999995,-0.482
15514,0.0,0.0,0.0,1000.0,0,0,-0.442,-0.32199999999999995,-0.482
15515,0.0,0.0,0.0,1000.0,0,0,-0.422,-0.32199999999999995,-0.482
15516,0.0,0.0,0.0,1000.0,0,0,-0.40199999999999997,-0.32199999999999995,-0.482
15517,0.0,0.0,0.0,1000.0,0,0,-0.382,-0.32199999999999995,-0.482
15518,0.0,0.0,0.0,1000.0,0,0,-0.362,-0.32199999999999995,-0.482
15519,0.0,0.0,0.0,1000.0,0,0,-0.34199999999999997,-0.32199999999999995,-0.482
15520,0.0,0.0,0.0,1000.0,0,0,-0.32199999999999995,-0.32199999999999995,-0.482
15521,0.0,0.0,0.0,1000.0,0,0,-0.302,-0.32199999999999995,-0.482
15522,0.0,0.0,0.0,1000.0,0,0,-0.282,-0.32199999999999995,-0.482
15523,0.0,0.0,0.0,1000.0,0,0,-0.262,-0.32199999999999995,-0.482
15524,0.0,0.0,0.0,1000.0,0,0,-0.242,-0.32199999999999995,-0.482
15525,0.0,0.0,0.0,1000.0,0,0,-0.22199999999999998,-0.32199999999999995,-0.482
15526,0.0,0.0,0.0,1000.0,0,0,-0.20199999999999996,-0.32199999999999995,-0.482
15527,0.0,0.0,0.0,1000.0,0,0,-0.182,-0.32199999999999995,-0.482
15528,0.0,0.0,0.0,1000.0,0,0,-0.16199999999999998,-0.32199999999999995,-0.482
15529,0.0,0.0,0.0,1000.0,0,0,-0.482,-0.302,-0.482
15530,0.0,0.0,0.0,1000.0,0,0,-0.46199999999999997,-0.302,-0.482
15531,0.0,0.0,0.0,1000.0,0,0,-0.442,-0.302,-0.482
15532,0.0,0.0,0.0,1000.0,0,0,-0.422,-0.302,-0.482
15533,0.0,0.0,0.0,1000.0,0,0,-0.40199999999999997,-0.302,-0.482
15534,0.0,0.0,0.0,1000.0,0,0,-0.382,-0.302,-0.482
15535,0.0,0.0,0.0,1000.0,0,0,-0.362,-0.302,-0.482
15536,0.0,0.0,0.0,1000.0,0,0,-0.34199999999999997,-0.302,-0.482
15537,0.0,0.0,0.0,1000.0,0,0,-0.32199999999999995,-0.302,-0.482
15538,0.0,0.0,0.0,1000.0,0,0,-0.302,-0.302,-0.482
15539,0.0,0.0,0.0,1000.0,0,0,-0.282,-0.302,-0.482
15540,0.0,0.0,0.0,1000.0,0,0,-0.262,-0.302,-0.482
15541,0.0,0.0,0.0,1000.0,0,0,-0.242,-0.302,-0.482
15542,0.0,0.0,0.0,1000.0,0,0,-0.22199999999999998,-0.302,-0.482
15543,0.0,0.0,0.0,1000.0,0,0,-0.20199999999999996,-0.302,-0.482
15544,0.0,0.0,0.0,1000.0,0,0,-0.182,-0.302,-0.482
15545,0.0,0.0,0.0,1000.0,0,0,-0.16199999999999998,-0.302,-0.482
15546,0.0,0.0,0.0,1000.0,0,0,-0.482,-0.282,-0.482
15547,0.0,0.0,0.0,1000.0,0,0,-0.46199999999999997,-0.282,-0.482
15548,0.0,0.0,0.0,1000.0,0,0,-0.442,-0.282,-0.482
15549,0.0,0.0,0.0,1000.0,0,0,-0.422,-0.282,-0.482
15550,0.0,0.0,0.0,1000.0,0,0,-0.40199999999999997,-0.282,-0.482
15551,0.0,0.0,0.0,1000.0,0,0,-0.382,-0.282,-0.482
15552,0.0,0.0,0.0,1000.0,0,0,-0.362,-0.282,-0.482
15553,0.0,0.0,0.0,1000.0,0,0,-0.34199999999999997,-0.282,-0.482
15554,0.0,0.0,0.0,1000.0,0,0,-0.32199999999999995,-0.282,-0.482
15555,0.0,0.0,0.0,1000.0,0,0,-0.302,-0.282,-0.482
15556,0.0,0.0,0.0,1000.0,0,0,-0.282,-0.282,-0.482
15557,0.0,0.0,0.0,1000.0,0,0,-0.262,-0.282,-0.482
15558,0.0,0.0,0.0,1000.0,0,0,-0.242,-0.282,-0.482
15559,0.0,0.0,0.0,1000.0,0,0,-0.22199999999999998,-0.282,-0.482
15560,0.0,0.0,0.0,1000.0,0,0,-0.20199999999999996,-0.282,-0.482
15561,0.0,0.0,0.0,1000.0,0,0,-0.182,-0.282,-0.482
15562,0.0,0.0,0.0,1000.0,0,0,-0.16199999999999998,-0.282,-0.482
15563,0.0,0.0,0.0,1000.0,0,0,-0.482,-0.262,-0.482
15564,0.0,0.0,0.0,1000.0,0,0,-0.46199999999999997,-0.262,-0.482
15565,0.0,0.0,0.0,1000.0,0,0,-0.442,-0.262,-0.482
15566,0.0,0.0,0.0,1000.0,0,0,-0.422,-0.262,-0.482
15567,0.0,0.0,0.0,1000.0,0,0,-0.40199999999999997,-0.262,-0.482
15568,0.0,0.0,0.0,1000.0,0,0,-0.382,-0.262,-0.482
15569,0.0,0.0,0.0,1000.0,0,0,-0.362,-0.262,-0.482
15570,0.0,0.0,0.0,1000.0,0,0,-0.34199999999999997,-0.262,-0.482
15571,0.0,0.0,0.0,1000.0,0,0,-0.32199999999999995,-0.262,-0.482
15572,0.0,0.0,0.0,1000.0,0,0,-0.302,-0.262,-0.482
15573,0.0,0.0,0.0,1000.0,0,0,-0.282,-0.262,-0.482
15574,0.0,0.0,0.0,1000.0,0,0,-0.262,-0.262,-0.482
15575,0.0,0.0,0.0,1000.0,0,0,-0.242,-0.262,-0.482
15576,0.0,0.0,0.0,1000.0,0,0,-0.22199999999999998,-0.262,-0.482
15577,0.0,0.0,0.0,1000.0,0,0,-0.20199999999999996,-0.262,-0.482
15578,0.0,0.0,0.0,1000.0,0,0,-0.182,-0.262,-0.482
15579,0.0,0.0,0.0,1000.0,0,0,-0.16199999999999998,-0.262,-0.482
15580,0.0,0.0,0.0,1000.0,0,0,-0.482,-0.242,-0.482
15581,0.0,0.0,0.0,1000.0,0,0,-0.46199999999999997,-0.242,-0.482
15582,0.0,0.0,0.0,1000.0,0,0,-0.442,-0.242,-0.482
15583,0.0,0.0,0.0,1000.0,0,0,-0.422,-0.242,-0.482
15584,0.0,0.0,0.0,1000.0,0,0,-0.40199999999999997,-0.242,-0.482
15585,0.0,0.0,0.0,1000.0,0,0,-0.382,-0.242,-0.482
15586,0.0,0.0,0.0,1000.0,0,0,-0.362,-0.242,-0.482
15587,0.0,0.0,0.0,1000.0,0,0,-0.34199999999999997,-0.242,-0.482
15588,0.0,0.0,0.0,1000.0,0,0,-0.32199999999999995,-0.242,-0.482
15589,0.0,0.0,0.0,1000.0,0,0,-0.302,-0.242,-0.482
15590,0.0,0.0,0.0,1000.0,0,0,-0.282,-0.242,-0.482
15591,0.0,0.0,0.0,1000.0,0,0,-0.262,-0.242,-0.482
15592,0.0,0.0,0.0,1000.0,0,0,-0.242,-0.242,-0.482
15593,0.0,0.0,0.0,1000.0,0,0,-0.22199999999999998,-0.242,-0.482
15594,0.0,0.0,0.0,1000.0,0,0,-0.20199999999999996,-0.242,-0.482
15595,0.0,0.0,0.0,1000.0,0,0,-0.182,-0.242,-0.482
15596,0.0,0.0,0.0,1000.0,0,0,-0.16199999999999998,-0.242,-0.482
15597,0.0,0.0,0.0,1000.0,0,0,-0.482,-0.22199999999999998,-0.482
15598,0.0,0.0,0.0,1000.0,0,0,-0.46199999999999997,-0.22199999999999998,-0.482
15599,0.0,0.0,0.0,1000.0,0,0,-0.442,-0.22199999999999998,-0.482
15600,0.0,0.0,0.0,1000.0,0,0,-0.422,-0.22199999999999998,-0.482
15601,0.0,0.0,0.0,1000.0,0,0,-0.40199999999999997,-0.22199999999999998,-0.482
15602,0.0,0.0,0.0,1000.0,0,0,-0.382,-0.22199999999999998,-0.482
15603,0.0,0.0,0.0,1000.0,0,0,-0.362,-0.22199999999999998,-0.482
15604,0.0,0.0,0.0,1000.0,0,0,-0.34199999999999997,-0.22199999999999998,-0.482
15605,0.0,0.0,0.0,1000.0,0,0,-0.32199999999999995,-0.22199999999999998,-0.482
15606,0.0,0.0,0.0,1000.0,0,0,-0.302,-0.22199999999999998,-0.482
15607,0.0,0.0,0.0,1000.0,0,0,-0.282,-0.22199999999999998,-0.482
15608,0.0,0.0,0.0,1000.0,0,0,-0.262,-0.22199999999999998,-0.482
15609,0.0,0.0,0.0,1000.0,0,0,-0.242,-0.22199999999999998,-0.482
15610,0.0,0.0,0.0,1000.0,0,0,-0.22199999999999998,-0.22199999999999998,-0.482
15611,0.0,0.0,0.0,1000.0,0,0,-0.20199999999999996,-0.22199999999999998,-0.482
15612,0.0,0.0,0.0,1000.0,0,0,-0.182,-0.22199999999999998,-0.482
15613,0.0,0.0,0.0,1000.0,0,0,-0.16199999999999998,-0.22199999999999998,-0.482
15614,0.0,0.0,0.0,1000.0,0,0,-0.482,-0.20199999999999996,-0.482
15615,0.0,0.0,0.0,1000.0,0,0,-0.46199999999999997,-0.20199999999999996,-0.482
15616,0.0,0.0,0.0,1000.0,0,0,-0.442,-0.20199999999999996,-0.482
15617,0.0,0.0,0.0,1000.0,0,0,-0.422,-0.20199999999999996,-0.482
15618,0.0,0.0,0.0,1000.0,0,0,-0.40199999999999997,-0.20199999999999996,-0.482
15619,0.0,0.0,0.0,1000.0,0,0,-0.382,-0.20199999999999996,-0.482
15620,0.0,0.0,0.0,1000.0,0,0,-0.362,-0.20199999999999996,-0.482
15621,0.0,0.0,0.0,1000.0,0,0,-0.34199999999999997,-0.20199999999999996,-0.482
15622,0.0,0.0,0.0,1000.0,0,0,-0.32199999999999995,-0.20199999999999996,-0.482
15623,0.0,0.0,0.0,1000.0,0,0,-0.302,-0.20199999999999996,-0.482
15624,0.0,0.0,0.0,1000.0,0,0,-0.282,-0.20199999999999996,-0.482
15625,0.0,0.0,0.0,1000.0,0,0,-0.262,-0.20199999999999996,-0.482
15626,0.0,0.0,0.0,1000.0,0,0,-0.242,-0.20199999999999996,-0.482
15627,0.0,0.0,0.0,1000.0,0,0,-0.22199999999999998,-0.20199999999999996,-0.482
15628,0.0,0.0,0.0,1000.0,0,0,-0.20199999999999996,-0.20199999999999996,-0.482
15629,0.0,0.0,0.0,1000.0,0,0,-0.182,-0.20199999999999996,-0.482
15630,0.0,0.0,0.0,1000.0,0,0,-0.16199999999999998,-0.20199999999999996,-0.482
15631,0.0,0.0,0.0,1000.0,0,0,-0.482,-0.182,-0.482
15632,0.0,0.0,0.0,1000.0,0,0,-0.46199999999999997,-0.182,-0.482
15633,0.0,0.0,0.0,1000.0,0,0,-0.442,-0.182,-0.482
15634,0.0,0.0,0.0,1000.0,0,0,-0.422,-0.182,-0.482
15635,0.0,0.0,0.0,1000.0,0,0,-0.40199999999999997,-0.182,-0.482
15636,0.0,0.0,0.0,1000.0,0,0,-0.382,-0.182,-0.482
15637,0.0,0.0,0.0,1000.0,0,0,-0.362,-0.182,-0.482
15638,0.0,0.0,0.0,1000.0,0,0,-0.34199999999999997,-0.182,-0.482
15639,0.0,0.0,0.0,1000.0,0,0,-0.32199999999999995,-0.182,-0.482
15640,0.0,0.0,0.0,1000.0,0,0,-0.302,-0.182,-0.482
15641,0.0,0.0,0.0,1000.0,0,0,-0.282,-0.182,-0.482
15642,0.0,0.0,0.0,1000.0,0,0,-0.262,-0.182,-0.482
15643,0.0,0.0,0.0,1000.0,0,0,-0.242,-0.182,-0.482
15644,0.0,0.0,0.0,1000.0,0,0,-0.22199999999999998,-0.182,-0.482
15645,0.0,0.0,0.0,1000.0,0,0,-0.20199999999999996,-0.182,-0.482
15646,0.0,0.0,0.0,1000.0,0,0,-0.182,-0.182,-0.482
15647,0.0,0.0,0.0,1000.0,0,0,-0.16199999999999998,-0.182,-0.482
15648,0.0,0.0,0.0,1000.0,0,0,-0.482,-0.16199999999999998,-0.482
15649,0.0,0.0,0.0,1000.0,0,0,-0.46199999999999997,-0.16199999999999998,-0.482
15650,0.0,0.0,0.0,1000.0,0,0,-0.442,-0.16199999999999998,-0.482
15651,0.0,0.0,0.0,1000.0,0,0,-0.422,-0.16199999999999998,-0.482
15652,0.0,0.0,0.0,1000.0,0,0,-0.40199999999999997,-0.16199999999999998,-0.482
15653,0.0,0.0,0.0,1000.0,0,0,-0.382,-0.16199999999999998,-0.482
15654,0.0,0.0,0.0,1000.0,0,0,-0.362,-0.16199999999999998,-0.482
15655,0.0,0.0,0.0,1000.0,0,0,-0.34199999999999997,-0.16199999999999998,-0.482
15656,0.0,0.0,0.0,1000.0,0,0,-0.32199999999999995,-0.16199999999999998,-0.482
15657,0.0,0.0,0.0,1000.0,0,0,-0.302,-0.16199999999999998,-0.482
15658,0.0,0.0,0.0,1000.0,0,0,-0.282,-0.16199999999999998,-0.482
15659,0.0,0.0,0.0,1000.0,0,0,-0.262,-0.16199999999999998,-0.482
15660,0.0,0.0,0.0,1000.0,0,0,-0.242,-0.16199999999999998,-0.482
15661,0.0,0.0,0.0,1000.0,0,0,-0.22199999999999998,-0.16199999999999998,-0.482
15662,0.0,0.0,0.0,1000.0,0,0,-0.20199999999999996,-0.16199999999999998,-0.482
15663,0.0,0.0,0.0,1000.0,0,0,-0.182,-0.16199999999999998,-0.482
15664,0.0,0.0,0.0,1000.0,0,0,-0.16199999999999998,-0.16199999999999998,-0.482
15665,0.0,0.0,0.0,1000.0,0,0,-0.482,-0.14199999999999996,-0.482
15666,0.0,0.0,0.0,1000.0,0,0,-0.46199999999999997,-0.14199999999999996,-0.482
15667,0.0,0.0,0.0,1000.0,0,0,-0.442,-0.14199999999999996,-0.482
15668,0.0,0.0,0.0,1000.0,0,0,-0.422,-0.14199999999999996,-0.482
15669,0.0,0.0,0.0,1000.0,0,0,-0.40199999999999997,-0.14199999999999996,-0.482
15670,0.0,0.0,0.0,1000.0,0,0,-0.382,-0.14199999999999996,-0.482
15671,0.0,0.0,0.0,1000.0,0,0,-0.362,-0.14199999999999996,-0.482
15672,0.0,0.0,0.0,1000.0,0,0,-0.34199999999999997,-0.14199999999999996,-0.482
15673,0.0,0.0,0.0,1000.0,0,0,-0.32199999999999995,-0.14199999999999996,-0.482
15674,0.0,0.0,0.0,1000.0,0,0,-0.302,-0.14199999999999996,-0.482
15675,0.0,0.0,0.0,1000.0,0,0,-0.282,-0.14199999999999996,-0.482
15676,0.0,0.0,0.0,1000.0,0,0,-0.262,-0.14199999999999996,-0.482
15677,0.0,0.0,0.0,1000.0,0,0,-0.242,-0.14199999999999996,-0.482
15678,0.0,0.0,0.0,1000.0,0,0,-0.22199999999999998,-0.14199999999999996,-0.482
15679,0.0,0.0,0.0,1000.0,0,0,-0.20199999999999996,-0.14199999999999996,-0.482
15680,0.0,0.0,0.0,1000.0,0,0,-0.182,-0.14199999999999996,-0.482
15681,0.0,0.0,0.0,1000.0,0,0,-0.16199999999999998,-0.14199999999999996,-0.482
15682,0.0,0.0,0.0,1000.0,0,0,-0.482,-0.122,-0.482
15683,0.0,0.0,0.0,1000.0,0,0,-0.46199999999999997,-0.122,-0.482
15684,0.0,0.0,0.0,1000.0,0,0,-0.442,-0.122,-0.482
15685,0.0,0.0,0.0,1000.0,0,0,-0.422,-0.122,-0.482
15686,0.0,0.0,0.0,1000.0,0,0,-0.40199999999999997,-0.122,-0.482
15687,0.0,0.0,0.0,1000.0,0,0,-0.382,-0.122,-0.482
15688,0.0,0.0,0.0,1000.0,0,0,-0.362,-0.122,-0.482
15689,0.0,0.0,0.0,1000.0,0,0,-0.34199999999999997,-0.122,-0.482
15690,0.0,0.0,0.0,1000.0,0,0,-0.32199999999999995,-0.122,-0.482
15691,0.0,0.0,0.0,1000.0,0,0,-0.302,-0.122,-0.482
15692,0.0,0.0,0.0,1000.0,0,0,-0.282,-0.122,-0.482
15693,0.0,0.0,0.0,1000.0,0,0,-0.262,-0.122,-0.482
15694,0.0,0.0,0.0,1000.0,0,0,-0.242,-0.122,-0.482
15695,0.0,0.0,0.0,1000.0,0,0,-0.22199999999999998,-0.122,-0.482
15696,0.0,0.0,0.0,1000.0,0,0,-0.20199999999999996,-0.122,-0.482
15697,0.0,0.0,0.0,1000.0,0,0,-0.182,-0.122,-0.482
15698,0.0,0.0,0.0,1000.0,0,0,-0.16199999999999998,-0.122,-0.482
15699,0.0,0.0,0.0,1000.0,0,0,-0.482,-0.10199999999999998,-0.482
15700,0.0,0.0,0.0,1000.0,0,0,-0.46199999999999997,-0.10199999999999998,-0.482
15701,0.0,0.0,0.0,1000.0,0,0,-0.442,-0.10199999999999998,-0.482
15702,0.0,0.0,0.0,1000.0,0,0,-0.422,-0.10199999999999998,-0.482
15703,0.0,0.0,0.0,1000.0,0,0,-0.40199999999999997,-0.10199999999999998,-0.482
15704,0.0,0.0,0.0,1000.0,0,0,-0.382,-0.10199999999999998,-0.482
15705,0.0,0.0,0.0,1000.0,0,0,-0.362,-0.10199999999999998,-0.482
15706,0.0,0.0,0.0,1000.0,0,0,-0.34199999999999997,-0.10199999999999998,-0.482
15707,0.0,0.0,0.0,1000.0,0,0,-0.32199999999999995,-0.10199999999999998,-0.482
15708,0.0,0.0,0.0,1000.0,0,0,-0.302,-0.10199999999999998,-0.482
15709,0.0,0.0,0.0,1000.0,0,0,-0.282,-0.10199999999999998,-0.482
15710,0.0,0.0,0.0,1000.0,0,0,-0.262,-0.10199999999999998,-0.482
15711,0.0,0.0,0.0,1000.0,0,0,-0.242,-0.10199999999999998,-0.482
15712,0.0,0.0,0.0,1000.0,0,0,-0.22199999999999998,-0.10199999999999998,-0.482
15713,0.0,0.0,0.0,1000.0,0,0,-0.20199999999999996,-0.10199999999999998,-0.482
15714,0.0,0.0,0.0,1000.0,0,0,-0.182,-0.10199999999999998,-0.482
15715,0.0,0.0,0.0,1000.0,0,0,-0.16199999999999998,-0.10199999999999998,-0.482
15716,0.0,0.0,0.0,1000.0,0,0,-0.482,-0.08199999999999996,-0.482
15717,0.0,0.0,0.0,1000.0,0,0,-0.46199999999999997,-0.08199999999999996,-0.482
15718,0.0,0.0,0.0,1000.0,0,0,-0.442,-0.08199999999999996,-0.482
15719,0.0,0.0,0.0,1000.0,0,0,-0.422,-0.08199999999999996,-0.482
15720,0.0,0.0,0.0,1000.0,0,0,-0.40199999999999997,-0.08199999999999996,-0.482
15721,0.0,0.0,0.0,1000.0,0,0,-0.382,-0.08199999999999996,-0.482
15722,0.0,0.0,0.0,1000.0,0,0,-0.362,-0.08199999999999996,-0.482
15723,0.0,0.0,0.0,1000.0,0,0,-0.34199999999999997,-0.08199999999999996,-0.482
15724,0.0,0.0,0.0,1000.0,0,0,-0.32199999999999995,-0.08199999999999996,-0.482
15725,0.0,0.0,0.0,1000.0,0,0,-0.302,-0.08199999999999996,-0.482
15726,0.0,0.0,0.0,1000.0,0,0,-0.282,-0.08199999999999996,-0.482
15727,0.0,0.0,0.0,1000.0,0,0,-0.262,-0.08199999999999996,-0.482
15728,0.0,0.0,0.0,1000.0,0,0,-0.242,-0.08199999999999996,-0.482
15729,0.0,0.0,0.0,1000.0,0,0,-0.22199999999999998,-0.08199999999999996,-0.482
15730,0.0,0.0,0.0,1000.0,0,0,-0.20199999999999996,-0.08199999999999996,-0.482
15731,0.0,0.0,0.0,1000.0,0,0,-0.182,-0.08199999999999996,-0.482
15732,0.0,0.0,0.0,1000.0,0,0,-0.16199999999999998,-0.08199999999999996,-0.482
15733,0.0,0.0,0.0,1000.0,0,0,-0.482,-0.062,-0.482
15734,0.0,0.0,0.0,1000.0,0,0,-0.46199999999999997,-0.062,-0.482
15735,0.0,0.0,0.0,1000.0,0,0,-0.442,-0.062,-0.482
15736,0.0,0.0,0.0,1000.0,0,0,-0.422,-0.062,-0.482
15737,0.0,0.0,0.0,1000.0,0,0,-0.40199999999999997,-0.062,-0.482
15738,0.0,0.0,0.0,1000.0,0,0,-0.382,-0.062,-0.482
15739,0.0,0.0,0.0,1000.0,0,0,-0.362,-0.062,-0.482
15740,0.0,0.0,0.0,1000.0,0,0,-0.34199999999999997,-0.062,-0.482
15741,0.0,0.0,0.0,1000.0,0,0,-0.32199999999999995,-0.062,-0.482
15742,0.0,0.0,0.0,1000.0,0,0,-0.302,-0.062,-0.482
15743,0.0,0.0,0.0,1000.0,0,0,-0.282,-0.062,-0.482
15744,0.0,0.0,0.0,1000.0,0,0,-0.262,-0.062,-0.482
15745,0.0,0.0,0.0,1000.0,0,0,-0.242,-0.062,-0.482
15746,0.0,0.0,0.0,1000.0,0,0,-0.22199999999999998,-0.062,-0.482
15747,0.0,0.0,0.0,1000.0,0,0,-0.20199999999999996,-0.062,-0.482
15748,0.0,0.0,0.0,1000.0,0,0,-0.182,-0.062,-0.482
15749,0.0,0.0,0.0,1000.0,0,0,-0.16199999999999998,-0.062,-0.482
15750,0.0,0.0,0.0,1000.0,0,0,-0.482,-0.04199999999999998,-0.482
15751,0.0,0.0,0.0,1000.0,0,0,-0.46199999999999997,-0.04199999999999998,-0.482
15752,0.0,0.0,0.0,1000.0,0,0,-0.442,-0.04199999999999998,-0.482
15753,0.0,0.0,0.0,1000.0,0,0,-0.422,-0.04199999999999998,-0.482
15754,0.0,0.0,0.0,1000.0,0,0,-0.40199999999999997,-0.04199999999999998,-0.482
15755,0.0,0.0,0.0,1000.0,0,0,-0.382,-0.04199999999999998,-0.482
15756,0.0,0.0,0.0,1000.0,0,0,-0.362,-0.04199999999999998,-0.482
15757,0.0,0.0,0.0,1000.0,0,0,-0.34199999999999997,-0.04199999999999998,-0.482
15758,0.0,0.0,0.0,1000.0,0,0,-0.32199999999999995,-0.04199999999999998,-0.482
15759,0.0,0.0,0.0,1000.0,0,0,-0.302,-0.04199999999999998,-0.482
15760,0.0,0.0,0.0,1000.0,0,0,-0.282,-0.04199999999999998,-0.482
15761,0.0,0.0,0.0,1000.0,0,0,-0.262,-0.04199999999999998,-0.482
15762,0.0,0.0,0.0,1000.0,0,0,-0.242,-0.04199999999999998,-0.482
15763,0.0,0.0,0.0,1000.0,0,0,-0.22199999999999998,-0.04199999999999998,-0.482
15764,0.0,0.0,0.0,1000.0,0,0,-0.20199999999999996,-0.04199999999999998,-0.482
15765,0.0,0.0,0.0,1000.0,0,0,-0.182,-0.04199999999999998,-0.482
15766,0.0,0.0,0.0,1000.0,0,0,-0.16199999999999998,-0.04199999999999998,-0.482
15767,0.0,0.0,0.0,1000.0,0,0,-0.482,-0.021999999999999964,-0.482
15768,0.0,0.0,0.0,1000.0,0,0,-0.46199999999999997,-0.021999999999999964,-0.482
15769,0.0,0.0,0.0,1000.0,0,0,-0.442,-0.021999999999999964,-0.482
15770,0.0,0.0,0.0,1000.0,0,0,-0.422,-0.021999999999999964,-0.482
15771,0.0,0.0,0.0,1000.0,0,0,-0.40199999999999997,-0.021999999999999964,-0.482
15772,0.0,0.0,0.0,1000.0,0,0,-0.382,-0.021999999999999964,-0.482
15773,0.0,0.0,0.0,1000.0,0,0,-0.362,-0.021999999999999964,-0.482
15774,0.0,0.0,0.0,1000.0,0,0,-0.34199999999999997,-0.021999999999999964,-0.482
15775,0.0,0.0,0.0,1000.0,0,0,-0.32199999999999995,-0.021999999999999964,-0.482
15776,0.0,0.0,0.0,1000.0,0,0,-0.302,-0.021999999999999964,-0.482
15777,0.0,0.0,0.0,1000.0,0,0,-0.282,-0.021999999999999964,-0.482
15778,0.0,0.0,0.0,1000.0,0,0,-0.262,-0.021999999999999964,-0.482
15779,0.0,0.0,0.0,1000.0,0,0,-0.242,-0.021999999999999964,-0.482
15780,0.0,0.0,0.0,1000.0,0,0,-0.22199999999999998,-0.021999999999999964,-0.482
15781,0.0,0.0,0.0,1000.0,0,0,-0.20199999999999996,-0.021999999999999964,-0.482
15782,0.0,0.0,0.0,1000.0,0,0,-0.182,-0.021999999999999964,-0.482
15783,0.0,0.0,0.0,1000.0,0,0,-0.16199999999999998,-0.021999999999999964,-0.482
15784,0.0,0.0,0.0,1000.0,0,0,-0.482,-0.0020000000000000018,-0.482
15785,0.0,0.0,0.0,1000.0,0,0,-0.46199999999999997,-0.0020000000000000018,-0.482
15786,0.0,0.0,0.0,1000.0,0,0,-0.442,-0.0020000000000000018,-0.482
15787,0.0,0.0,0.0,1000.0,0,0,-0.422,-0.0020000000000000018,-0.482
15788,0.0,0.0,0.0,1000.0,0,0,-0.40199999999999997,-0.0020000000000000018,-0.482
15789,0.0,0.0,0.0,1000.0,0,0,-0.382,-0.0020000000000000018,-0.482
15790,0.0,0.0,0.0,1000.0,0,0,-0.362,-0.0020000000000000018,-0.482
15791,0.0,0.0,0.0,1000.0,0,0,-0.34199999999999997,-0.0020000000000000018,-0.482
15792,0.0,0.0,0.0,1000.0,0,0,-0.32199999999999995,-0.0020000000000000018,-0.482
15793,0.0,0.0,0.0,1000.0,0,0,-0.302,-0.0020000000000000018,-0.482
15794,0.0,0.0,0.0,1000.0,0,0,-0.282,-0.0020000000000000018,-0.482
15795,0.0,0.0,0.0,1000.0,0,0,-0.262,-0.0020000000000000018,-0.482
15796,0.0,0.0,0.0,1000.0,0,0,-0.242,-0.0020000000000000018,-0.482
15797,0.0,0.0,0.0,1000.0,0,0,-0.22199999999999998,-0.0020000000000000018,-0.482
15798,0.0,0.0,0.0,1000.0,0,0,-0.20199999999999996,-0.0020000000000000018,-0.482
15799,0.0,0.0,0.0,1000.0,0,0,-0.182,-0.0020000000000000018,-0.482
15800,0.0,0.0,0.0,1000.0,0,0,-0.16199999999999998,-0.0020000000000000018,-0.482
15801,0.0,0.0,0.0,1000.0,0,0,-0.482,0.018000000000000016,-0.482
15802,0.0,0.0,0.0,1000.0,0,0,-0.46199999999999997,0.018000000000000016,-0.482
15803,0.0,0.0,0.0,1000.0,0,0,-0.442,0.018000000000000016,-0.482
15804,0.0,0.0,0.0,1000.0,0,0,-0.422,0.018000000000000016,-0.482
15805,0.0,0.0,0.0,1000.0,0,0,-0.40199999999999997,0.018000000000000016,-0.482
15806,0.0,0.0,0.0,1000.0,0,0,-0.382,0.018000000000000016,-0.482
15807,0.0,0.0,0.0,1000.0,0,0,-0.362,0.018000000000000016,-0.482
15808,0.0,0.0,0.0,1000.0,0,0,-0.34199999999999997,0.018000000000000016,-0.482
15809,0.0,0.0,0.0,1000.0,0,0,-0.32199999999999995,0.018000000000000016,-0.482
15810,0.0,0.0,0.0,1000.0,0,0,-0.302,0.018000000000000016,-0.482
15811,0.0,0.0,0.0,1000.0,0,0,-0.282,0.018000000000000016,-0.482
15812,0.0,0.0,0.0,1000.0,0,0,-0.262,0.018000000000000016,-0.482
15813,0.0,0.0,0.0,1000.0,0,0,-0.242,0.018000000000000016,-0.482
15814,0.0,0.0,0.0,1000.0,0,0,-0.22199999999999998,0.018000000000000016,-0.482
15815,0.0,0.0,0.0,1000.0,0,0,-0.20199999999999996,0.018000000000000016,-0.482
15816,0.0,0.0,0.0,1000.0,0,0,-0.182,0.018000000000000016,-0.482
15817,0.0,0.0,0.0,1000.0,0,0,-0.16199999999999998,0.018000000000000016,-0.482
15818,0.0,0.0,0.0,1000.0,0,0,-0.482,0.038000000000000034,-0.482
15819,0.0,0.0,0.0,1000.0,0,0,-0.46199999999999997,0.038000000000000034,-0.482
15820,0.0,0.0,0.0,1000.0,0,0,-0.442,0.038000000000000034,-0.482
15821,0.0,0.0,0.0,1000.0,0,0,-0.422,0.038000000000000034,-0.482
15822,0.0,0.0,0.0,1000.0,0,0,-0.40199999999999997,0.038000000000000034,-0.482
15823,0.0,0.0,0.0,1000.0,0,0,-0.382,0.038000000000000034,-0.482
15824,0.0,0.0,0.0,1000.0,0,0,-0.362,0.038000000000000034,-0.482
15825,0.0,0.0,0.0,1000.0,0,0,-0.34199999999999997,0.038000000000000034,-0.482
15826,0.0,0.0,0.0,1000.0,0,0,-0.32199999999999995,0.038000000000000034,-0.482
15827,0.0,0.0,0.0,1000.0,0,0,-0.302,0.038000000000000034,-0.482
15828,0.0,0.0,0.0,1000.0,0,0,-0.282,0.038000000000000034,-0.482
15829,0.0,0.0,0.0,1000.0,0,0,-0.262,0.038000000000000034,-0.482
15830,0.0,0.0,0.0,1000.0,0,0,-0.242,0.038000000000000034,-0.482
15831,0.0,0.0,0.0,1000.0,0,0,-0.22199999999999998,0.038000000000000034,-0.482
15832,0.0,0.0,0.0,1000.0,0,0,-0.20199999999999996,0.038000000000000034,-0.482
15833,0.0,0.0,0.0,1000.0,0,0,-0.182,0.038000000000000034,-0.482
15834,0.0,0.0,0.0,1000.0,0,0,-0.16199999999999998,0.038000000000000034,-0.482
15835,0.0,0.0,0.0,1000.0,0,0,-0.482,0.05800000000000005,-0.482
15836,0.0,0.0,0.0,1000.0,0,0,-0.46199999999999997,0.05800000000000005,-0.482
15837,0.0,0.0,0.0,1000.0,0,0,-0.442,0.05800000000000005,-0.482
15838,0.0,0.0,0.0,1000.0,0,0,-0.422,0.05800000000000005,-0.482
15839,0.0,0.0,0.0,1000.0,0,0,-0.40199999999999997,0.05800000000000005,-0.482
15840,0.0,0.0,0.0,1000.0,0,0,-0.382,0.05800000000000005,-0.482
15841,0.0,0.0,0.0,1000.0,0,0,-0.362,0.05800000000000005,-0.482
15842,0.0,0.0,0.0,1000.0,0,0,-0.34199999999999997,0.05800000000000005,-0.482
15843,0.0,0.0,0.0,1000.0,0,0,-0.32199999999999995,0.05800000000000005,-0.482
15844,0.0,0.0,0.0,1000.0,0,0,-0.302,0.05800000000000005,-0.482
15845,0.0,0.0,0.0,1000.0,0,0,-0.282,0.05800000000000005,-0.482
15846,0.0,0.0,0.0,1000.0,0,0,-0.262,0.05800000000000005,-0.482
15847,0.0,0.0,0.0,1000.0,0,0,-0.242,0.05800000000000005,-0.482
15848,0.0,0.0,0.0,1000.0,0,0,-0.22199999999999998,0.05800000000000005,-0.482
15849,0.0,0.0,0.0,1000.0,0,0,-0.20199999999999996,0.05800000000000005,-0.482
15850,0.0,0.0,0.0,1000.0,0,0,-0.182,0.05800000000000005,-0.482
15851,0.0,0.0,0.0,1000.0,0,0,-0.16199999999999998,0.05800000000000005,-0.482
15852,0.0,0.0,0.0,1000.0,0,0,-0.482,0.07800000000000007,-0.482
15853,0.0,0.0,0.0,1000.0,0,0,-0.46199999999999997,0.07800000000000007,-0.482
15854,0.0,0.0,0.0,1000.0,0,0,-0.442,0.07800000000000007,-0.482
15855,0.0,0.0,0.0,1000.0,0,0,-0.422,0.07800000000000007,-0.482
15856,0.0,0.0,0.0,1000.0,0,0,-0.40199999999999997,0.07800000000000007,-0.482
15857,0.0,0.0,0.0,1000.0,0,0,-0.382,0.07800000000000007,-0.482
15858,0.0,0.0,0.0,1000.0,0,0,-0.362,0.07800000000000007,-0.482
15859,0.0,0.0,0.0,1000.0,0,0,-0.34199999999999997,0.07800000000000007,-0.482
15860,0.0,0.0,0.0,1000.0,0,0,-0.32199999999999995,0.07800000000000007,-0.482
15861,0.0,0.0,0.0,1000.0,0,0,-0.302,0.07800000000000007,-0.482
15862,0.0,0.0,0.0,1000.0,0,0,-0.282,0.07800000000000007,-0.482
15863,0.0,0.0,0.0,1000.0,0,0,-0.262,0.07800000000000007,-0.482
15864,0.0,0.0,0.0,1000.0,0,0,-0.242,0.07800000000000007,-0.482
15865,0.0,0.0,0.0,1000.0,0,0,-0.22199999999999998,0.07800000000000007,-0.482
15866,0.0,0.0,0.0,1000.0,0,0,-0.20199999999999996,0.07800000000000007,-0.482
15867,0.0,0.0,0.0,1000.0,0,0,-0.182,0.07800000000000007,-0.482
15868,0.0,0.0,0.0,1000.0,0,0,-0.16199999999999998,0.07800000000000007,-0.482
15869,0.0,0.0,0.0,1000.0,0,0,-0.482,0.09799999999999998,-0.482
15870,0.0,0.0,0.0,1000.0,0,0,-0.46199999999999997,0.09799999999999998,-0.482
15871,0.0,0.0,0.0,1000.0,0,0,-0.442,0.09799999999999998,-0.482
15872,0.0,0.0,0.0,1000.0,0,0,-0.422,0.09799999999999998,-0.482
15873,0.0,0.0,0.0,1000.0,0,0,-0.40199999999999997,0.09799999999999998,-0.482
15874,0.0,0.0,0.0,1000.0,0,0,-0.382,0.09799999999999998,-0.482
15875,0.0,0.0,0.0,1000.0,0,0,-0.362,0.09799999999999998,-0.482
15876,0.0,0.0,0.0,1000.0,0,0,-0.34199999999999997,0.09799999999999998,-0.482
15877,0.0,0.0,0.0,1000.0,0,0,-0.32199999999999995,0.09799999999999998,-0.482
15878,0.0,0.0,0.0,1000.0,0,0,-0.302,0.09799999999999998,-0.482
15879,0.0,0.0,0.0,1000.0,0,0,-0.282,0.09799999999999998,-0.482
15880,0.0,0.0,0.0,1000.0,0,0,-0.262,0.09799999999999998,-0.482
15881,0.0,0.0,0.0,1000.0,0,0,-0.242,0.09799999999999998,-0.482
15882,0.0,0.0,0.0,1000.0,0,0,-0.22199999999999998,0.09799999999999998,-0.482
15883,0.0,0.0,0.0,1000.0,0,0,-0.20199999999999996,0.09799999999999998,-0.482
15884,0.0,0.0,0.0,1000.0,0,0,-0.182,0.09799999999999998,-0.482
15885,0.0,0.0,0.0,1000.0,0,0,-0.16199999999999998,0.09799999999999998,-0.482
15886,0.0,0.0,0.0,1000.0,0,0,-0.482,0.118,-0.482
15887,0.0,0.0,0.0,1000.0,0,0,-0.46199999999999997,0.118,-0.482
15888,0.0,0.0,0.0,1000.0,0,0,-0.442,0.118,-0.482
15889,0.0,0.0,0.0,1000.0,0,0,-0.422,0.118,-0.482
15890,0.0,0.0,0.0,1000.0,0,0,-0.40199999999999997,0.118,-0.482
15891,0.0,0.0,0.0,1000.0,0,0,-0.382,0.118,-0.482
15892,0.0,0.0,0.0,1000.0,0,0,-0.362,0.118,-0.482
15893,0.0,0.0,0.0,1000.0,0,0,-0.34199999999999997,0.118,-0.482
15894,0.0,0.0,0.0,1000.0,0,0,-0.32199999999999995,0.118,-0.482
15895,0.0,0.0,0.0,1000.0,0,0,-0.302,0.118,-0.482
15896,0.0,0.0,0.0,1000.0,0,0,-0.282,0.118,-0.482
15897,0.0,0.0,0.0,1000.0,0,0,-0.262,0.118,-0.482
15898,0.0,0.0,0.0,1000.0,0,0,-0.242,0.118,-0.482
15899,0.0,0.0,0.0,1000.0,0,0,-0.22199999999999998,0.118,-0.482
15900,0.0,0.0,0.0,1000.0,0,0,-0.20199999999999996,0.118,-0.482
15901,0.0,0.0,0.0,1000.0,0,0,-0.182,0.118,-0.482
15902,0.0,0.0,0.0,1000.0,0,0,-0.16199999999999998,0.118,-0.482
15903,0.0,0.0,0.0,1000.0,0,0,-0.482,0.138,-0.482
15904,0.0,0.0,0.0,1000.0,0,0,-0.46199999999999997,0.138,-0.482
15905,0.0,0.0,0.0,1000.0,0,0,-0.442,0.138,-0.482
15906,0.0,0.0,0.0,1000.0,0,0,-0.422,0.138,-0.482
15907,0.0,0.0,0.0,1000.0,0,0,-0.40199999999999997,0.138,-0.482
15908,0.0,0.0,0.0,1000.0,0,0,-0.382,0.138,-0.482
15909,0.0,0.0,0.0,1000.0,0,0,-0.362,0.138,-0.482
15910,0.0,0.0,0.0,1000.0,0,0,-0.34199999999999997,0.138,-0.482
15911,0.0,0.0,0.0,1000.0,0,0,-0.32199999999999995,0.138,-0.482
15912,0.0,0.0,0.0,1000.0,0,0,-0.302,0.138,-0.482
15913,0.0,0.0,0.0,1000.0,0,0,-0.282,0.138,-0.482
15914,0.0,0.0,0.0,1000.0,0,0,-0.262,0.138,-0.482
15915,0.0,0.0,0.0,1000.0,0,0,-0.242,0.138,-0.482
15916,0.0,0.0,0.0,1000.0,0,0,-0.22199999999999998,0.138,-0.482
15917,0.0,0.0,0.0,1000.0,0,0,-0.20199999999999996,0.138,-0.482
15918,0.0,0.0,0.0,1000.0,0,0,-0.182,0.138,-0.482
15919,0.0,0.0,0.0,1000.0,0,0,-0.16199999999999998,0.138,-0.482
15920,0.0,0.0,0.0,1000.0,0,0,-0.482,0.15800000000000003,-0.482
15921,0.0,0.0,0.0,1000.0,0,0,-0.46199999999999997,0.15800000000000003,-0.482
15922,0.0,0.0,0.0,1000.0,0,0,-0.442,0.15800000000000003,-0.482
15923,0.0,0.0,0.0,1000.0,0,0,-0.422,0.15800000000000003,-0.482
15924,0.0,0.0,0.0,1000.0,0,0,-0.40199999999999997,0.15800000000000003,-0.482
15925,0.0,0.0,0.0,1000.0,0,0,-0.382,0.15800000000000003,-0.482
15926,0.0,0.0,0.0,1000.0,0,0,-0.362,0.15800000000000003,-0.482
15927,0.0,0.0,0.0,1000.0,0,0,-0.34199999999999997,0.15800000000000003,-0.482
15928,0.0,0.0,0.0,1000.0,0,0,-0.32199999999999995,0.15800000000000003,-0.482
15929,0.0,0.0,0.0,1000.0,0,0,-0.302,0.15800000000000003,-0.482
15930,0.0,0.0,0.0,1000.0,0,0,-0.282,0.15800000000000003,-0.482
15931,0.0,0.0,0.0,1000.0,0,0,-0.262,0.15800000000000003,-0.482
15932,0.0,0.0,0.0,1000.0,0,0,-0.242,0.15800000000000003,-0.482
15933,0.0,0.0,0.0,1000.0,0,0,-0.22199999999999998,0.15800000000000003,-0.482
15934,0.0,0.0,0.0,1000.0,0,0,-0.20199999999999996,0.15800000000000003,-0.482
15935,0.0,0.0,0.0,1000.0,0,0,-0.182,0.15800000000000003,-0.482
15936,0.0,0.0,0.0,1000.0,0,0,-0.16199999999999998,0.15800000000000003,-0.482
15937,0.0,0.0,0.0,1000.0,0,0,-0.482,0.17800000000000005,-0.482
15938,0.0,0.0,0.0,1000.0,0,0,-0.46199999999999997,0.17800000000000005,-0.482
15939,0.0,0.0,0.0,1000.0,0,0,-0.442,0.17800000000000005,-0.482
15940,0.0,0.0,0.0,1000.0,0,0,-0.422,0.17800000000000005,-0.482
15941,0.0,0.0,0.0,1000.0,0,0,-0.40199999999999997,0.17800000000000005,-0.482
15942,0.0,0.0,0.0,1000.0,0,0,-0.382,0.17800000000000005,-0.482
15943,0.0,0.0,0.0,1000.0,0,0,-0.362,0.17800000000000005,-0.482
15944,0.0,0.0,0.0,1000.0,0,0,-0.34199999999999997,0.17800000000000005,-0.482
15945,0.0,0.0,0.0,1000.0,0,0,-0.32199999999999995,0.17800000000000005,-0.482
15946,0.0,0.0,0.0,1000.0,0,0,-0.302,0.17800000000000005,-0.482
15947,0.0,0.0,0.0,1000.0,0,0,-0.282,0.17800000000000005,-0.482
15948,0.0,0.0,0.0,1000.0,0,0,-0.262,0.17800000000000005,-0.482
15949,0.0,0.0,0.0,1000.0,0,0,-0.242,0.17800000000000005,-0.482
15950,0.0,0.0,0.0,1000.0,0,0,-0.22199999999999998,0.17800000000000005,-0.482
15951,0.0,0.0,0.0,1000.0,0,0,-0.20199999999999996,0.17800000000000005,-0.482
15952,0.0,0.0,0.0,1000.0,0,0,-0.182,0.17800000000000005,-0.482
15953,0.0,0.0,0.0,1000.0,0,0,-0.16199999999999998,0.17800000000000005,-0.482
15954,0.0,0.0,0.0,1000.0,0,0,-0.482,0.19800000000000006,-0.482
15955,0.0,0.0,0.0,1000.0,0,0,-0.46199999999999997,0.19800000000000006,-0.482
15956,0.0,0.0,0.0,1000.0,0,0,-0.442,0.19800000000000006,-0.482
15957,0.0,0.0,0.0,1000.0,0,0,-0.422,0.19800000000000006,-0.482
15958,0.0,0.0,0.0,1000.0,0,0,-0.40199999999999997,0.19800000000000006,-0.482
15959,0.0,0.0,0.0,1000.0,0,0,-0.382,0.19800000000000006,-0.482
15960,0.0,0.0,0.0,1000.0,0,0,-0.362,0.19800000000000006,-0.482
15961,0.0,0.0,0.0,1000.0,0,0,-0.34199999999999997,0.19800000000000006,-0.482
15962,0.0,0.0,0.0,1000.0,0,0,-0.32199999999999995,0.19800000000000006,-0.482
15963,0.0,0.0,0.0,1000.0,0,0,-0.302,0.19800000000000006,-0.482
15964,0.0,0.0,0.0,1000.0,0,0,-0.282,0.19800000000000006,-0.482
15965,0.0,0.0,0.0,1000.0,0,0,-0.262,0.19800000000000006,-0.482
15966,0.0,0.0,0.0,1000.0,0,0,-0.242,0.19800000000000006,-0.482
15967,0.0,0.0,0.0,1000.0,0,0,-0.22199999999999998,0.19800000000000006,-0.482
15968,0.0,0.0,0.0,1000.0,0,0,-0.20199999999999996,0.19800000000000006,-0.482
15969,0.0,0.0,0.0,1000.0,0,0,-0.182,0.19800000000000006,-0.482
15970,0.0,0.0,0.0,1000.0,0,0,-0.16199999999999998,0.19800000000000006,-0.482
15971,0.0,0.0,0.0,1000.0,0,0,-0.482,0.21800000000000008,-0.482
15972,0.0,0.0,0.0,1000.0,0,0,-0.46199999999999997,0.21800000000000008,-0.482
15973,0.0,0.0,0.0,1000.0,0,0,-0.442,0.21800000000000008,-0.482
15974,0.0,0.0,0.0,1000.0,0,0,-0.422,0.21800000000000008,-0.482
15975,0.0,0.0,0.0,1000.0,0,0,-0.40199999999999997,0.21800000000000008,-0.482
15976,0.0,0.0,0.0,1000.0,0,0,-0.382,0.21800000000000008,-0.482
15977,0.0,0.0,0.0,1000.0,0,0,-0.362,0.21800000000000008,-0.482
15978,0.0,0.0,0.0,1000.0,0,0,-0.34199999999999997,0.21800000000000008,-0.482
15979,0.0,0.0,0.0,1000.0,0,0,-0.32199999999999995,0.21800000000000008,-0.482
15980,0.0,0.0,0.0,1000.0,0,0,-0.302,0.21800000000000008,-0.482
15981,0.0,0.0,0.0,1000.0,0,0,-0.282,0.21800000000000008,-0.482
15982,0.0,0.0,0.0,1000.0,0,0,-0.262,0.21800000000000008,-0.482
15983,0.0,0.0,0.0,1000.0,0,0,-0.242,0.21800000000000008,-0.482
15984,0.0,0.0,0.0,1000.0,0,0,-0.22199999999999998,0.21800000000000008,-0.482
15985,0.0,0.0,0.0,1000.0,0,0,-0.20199999999999996,0.21800000000000008,-0.482
15986,0.0,0.0,0.0,1000.0,0,0,-0.182,0.21800000000000008,-0.482
15987,0.0,0.0,0.0,1000.0,0,0,-0.16199999999999998,0.21800000000000008,-0.482
15988,0.0,0.0,0.0,1000.0,0,0,-0.482,0.238,-0.482
15989,0.0,0.0,0.0,1000.0,0,0,-0.46199999999999997,0.238,-0.482
15990,0.0,0.0,0.0,1000.0,0,0,-0.442,0.238,-0.482
15991,0.0,0.0,0.0,1000.0,0,0,-0.422,0.238,-0.482
15992,0.0,0.0,0.0,1000.0,0,0,-0.40199999999999997,0.238,-0.482
15993,0.0,0.0,0.0,1000.0,0,0,-0.382,0.238,-0.482
15994,0.0,0.0,0.0,1000.0,0,0,-0.362,0.238,-0.482
15995,0.0,0.0,0.0,1000.0,0,0,-0.34199999999999997,0.238,-0.482
15996,0.0,0.0,0.0,1000.0,0,0,-0.32199999999999995,0.238,-0.482
15997,0.0,0.0,0.0,1000.0,0,0,-0.302,0.238,-0.482
15998,0.0,0.0,0.0,1000.0,0,0,-0.282,0.238,-0.482
15999,0.0,0.0,0.0,1000.0,0,0,-0.262,0.238,-0.482
16000,0.0,0.0,0.0,1000.0,0,0,-0.242,0.238,-0.482
16001,0.0,0.0,0.0,1000.0,0,0,-0.22199999999999998,0.238,-0.482
16002,0.0,0.0,0.0,1000.0,0,0,-0.20199999999999996,0.238,-0.482
16003,0.0,0.0,0.0,1000.0,0,0,-0.182,0.238,-0.482
16004,0.0,0.0,0.0,1000.0,0,0,-0.16199999999999998,0.238,-0.482
16005,0.0,0.0,0.0,1000.0,0,0,-0.482,0.258,-0.482
16006,0.0,0.0,0.0,1000.0,0,0,-0.46199999999999997,0.258,-0.482
16007,0.0,0.0,0.0,1000.0,0,0,-0.442,0.258,-0.482
16008,0.0,0.0,0.0,1000.0,0,0,-0.422,0.258,-0.482
16009,0.0,0.0,0.0,1000.0,0,0,-0.40199999999999997,0.258,-0.482
16010,0.0,0.0,0.0,1000.0,0,0,-0.382,0.258,-0.482
16011,0.0,0.0,0.0,1000.0,0,0,-0.362,0.258,-0.482
16012,0.0,0.0,0.0,1000.0,0,0,-0.34199999999999997,0.258,-0.482
16013,0.0,0.0,0.0,1000.0,0,0,-0.32199999999999995,0.258,-0.482
16014,0.0,0.0,0.0,1000.0,0,0,-0.302,0.258,-0.482
16015,0.0,0.0,0.0,1000.0,0,0,-0.282,0.258,-0.482
16016,0.0,0.0,0.0,1000.0,0,0,-0.262,0.258,-0.482
16017,0.0,0.0,0.0,1000.0,0,0,-0.242,0.258,-0.482
16018,0.0,0.0,0.0,1000.0,0,0,-0.22199999999999998,0.258,-0.482
16019,0.0,0.0,0.0,1000.0,0,0,-0.20199999999999996,0.258,-0.482
16020,0.0,0.0,0.0,1000.0,0,0,-0.182,0.258,-0.482
16021,0.0,0.0,0.0,1000.0,0,0,-0.16199999999999998,0.258,-0.482
16022,0.0,0.0,0.0,1000.0,0,0,-0.482,0.278,-0.482
16023,0.0,0.0,0.0,1000.0,0,0,-0.46199999999999997,0.278,-0.482
16024,0.0,0.0,0.0,1000.0,0,0,-0.442,0.278,-0.482
16025,0.0,0.0,0.0,1000.0,0,0,-0.422,0.278,-0.482
16026,0.0,0.0,0.0,1000.0,0,0,-0.40199999999999997,0.278,-0.482
16027,0.0,0.0,0.0,1000.0,0,0,-0.382,0.278,-0.482
16028,0.0,0.0,0.0,1000.0,0,0,-0.362,0.278,-0.482
16029,0.0,0.0,0.0,1000.0,0,0,-0.34199999999999997,0.278,-0.482
16030,0.0,0.0,0.0,1000.0,0,0,-0.32199999999999995,0.278,-0.482
16031,0.0,0.0,0.0,1000.0,0,0,-0.302,0.278,-0.482
16032,0.0,0.0,0.0,1000.0,0,0,-0.282,0.278,-0.482
16033,0.0,0.0,0.0,1000.0,0,0,-0.262,0.278,-0.482
16034,0.0,0.0,0.0,1000.0,0,0,-0.242,0.278,-0.482
16035,0.0,0.0,0.0,1000.0,0,0,-0.22199999999999998,0.278,-0.482
16036,0.0,0.0,0.0,1000.0,0,0,-0.20199999999999996,0.278,-0.482
16037,0.0,0.0,0.0,1000.0,0,0,-0.182,0.278,-0.482
16038,0.0,0.0,0.0,1000.0,0,0,-0.16199999999999998,0.278,-0.482
16039,0.0,0.0,0.0,1000.0,0,0,-0.482,0.29800000000000004,-0.482
16040,0.0,0.0,0.0,1000.0,0,0,-0.46199999999999997,0.29800000000000004,-0.482
16041,0.0,0.0,0.0,1000.0,0,0,-0.442,0.29800000000000004,-0.482
16042,0.0,0.0,0.0,1000.0,0,0,-0.422,0.29800000000000004,-0.482
16043,0.0,0.0,0.0,1000.0,0,0,-0.40199999999999997,0.29800000000000004,-0.482
16044,0.0,0.0,0.0,1000.0,0,0,-0.382,0.29800000000000004,-0.482
16045,0.0,0.0,0.0,1000.0,0,0,-0.362,0.29800000000000004,-0.482
16046,0.0,0.0,0.0,1000.0,0,0,-0.34199999999999997,0.29800000000000004,-0.482
16047,0.0,0.0,0.0,1000.0,0,0,-0.32199999999999995,0.29800000000000004,-0.482
16048,0.0,0.0,0.0,1000.0,0,0,-0.302,0.29800000000000004,-0.482
16049,0.0,0.0,0.0,1000.0,0,0,-0.282,0.29800000000000004,-0.482
16050,0.0,0.0,0.0,1000.0,0,0,-0.262,0.29800000000000004,-0.482
16051,0.0,0.0,0.0,1000.0,0,0,-0.242,0.29800000000000004,-0.482
16052,0.0,0.0,0.0,1000.0,0,0,-0.22199999999999998,0.29800000000000004,-0.482
16053,0.0,0.0,0.0,1000.0,0,0,-0.20199999999999996,0.29800000000000004,-0.482
16054,0.0,0.0,0.0,1000.0,0,0,-0.182,0.29800000000000004,-0.482
16055,0.0,0.0,0.0,1000.0,0,0,-0.16199999999999998,0.29800000000000004,-0.482
16056,0.0,0.0,0.0,1000.0,0,0,-0.482,0.31800000000000006,-0.482
16057,0.0,0.0,0.0,1000.0,0,0,-0.46199999999999997,0.31800000000000006,-0.482
16058,0.0,0.0,0.0,1000.0,0,0,-0.442,0.31800000000000006,-0.482
16059,0.0,0.0,0.0,1000.0,0,0,-0.422,0.31800000000000006,-0.482
16060,0.0,0.0,0.0,1000.0,0,0,-0.40199999999999997,0.31800000000000006,-0.482
16061,0.0,0.0,0.0,1000.0,0,0,-0.382,0.31800000000000006,-0.482
16062,0.0,0.0,0.0,1000.0,0,0,-0.362,0.31800000000000006,-0.482
16063,0.0,0.0,0.0,1000.0,0,0,-0.34199999999999997,0.31800000000000006,-0.482
16064,0.0,0.0,0.0,1000.0,0,0,-0.32199999999999995,0.31800000000000006,-0.482
16065,0.0,0.0,0.0,1000.0,0,0,-0.302,0.31800000000000006,-0.482
16066,0.0,0.0,0.0,1000.0,0,0,-0.282,0.31800000000000006,-0.482
16067,0.0,0.0,0.0,1000.0,0,0,-0.262,0.31800000000000006,-0.482
16068,0.0,0.0,0.0,1000.0,0,0,-0.242,0.31800000000000006,-0.482
16069,0.0,0.0,0.0,1000.0,0,0,-0.22199999999999998,0.31800000000000006,-0.482
16070,0.0,0.0,0.0,1000.0,0,0,-0.20199999999999996,0.31800000000000006,-0.482
16071,0.0,0.0,0.0,1000.0,0,0,-0.182,0.31800000000000006,-0.482
16072,0.0,0.0,0.0,1000.0,0,0,-0.16199999999999998,0.31800000000000006,-0.482
16073,0.0,0.0,0.0,1000.0,0,0,-0.482,0.3380000000000001,-0.482
16074,0.0,0.0,0.0,1000.0,0,0,-0.46199999999999997,0.3380000000000001,-0.482
16075,0.0,0.0,0.0,1000.0,0,0,-0.442,0.3380000000000001,-0.482
16076,0.0,0.0,0.0,1000.0,0,0,-0.422,0.3380000000000001,-0.482
16077,0.0,0.0,0.0,1000.0,0,0,-0.40199999999999997,0.3380000000000001,-0.482
16078,0.0,0.0,0.0,1000.0,0,0,-0.382,0.3380000000000001,-0.482
16079,0.0,0.0,0.0,1000.0,0,0,-0.362,0.3380000000000001,-0.482
16080,0.0,0.0,0.0,1000.0,0,0,-0.34199999999999997,0.3380000000000001,-0.482
16081,0.0,0.0,0.0,1000.0,0,0,-0.32199999999999995,0.3380000000000001,-0.482
16082,0.0,0.0,0.0,1000.0,0,0,-0.302,0.3380000000000001,-0.482
16083,0.0,0.0,0.0,1000.0,0,0,-0.282,0.3380000000000001,-0.482
16084,0.0,0.0,0.0,1000.0,0,0,-0.262,0.3380000000000001,-0.482
16085,0.0,0.0,0.0,1000.0,0,0,-0.242,0.3380000000000001,-0.482
16086,0.0,0.0,0.0,1000.0,0,0,-0.22199999999999998,0.3380000000000001,-0.482
16087,0.0,0.0,0.0,1000.0,0,0,-0.20199999999999996,0.3380000000000001,-0.482
16088,0.0,0.0,0.0,1000.0,0,0,-0.182,0.3380000000000001,-0.482
16089,0.0,0.0,0.0,1000.0,0,0,-0.16199999999999998,0.3380000000000001,-0.482
16090,0.0,0.0,0.0,1000.0,0,0,-0.482,0.358,-0.482
16091,0.0,0.0,0.0,1000.0,0,0,-0.46199999999999997,0.358,-0.482
16092,0.0,0.0,0.0,1000.0,0,0,-0.442,0.358,-0.482
16093,0.0,0.0,0.0,1000.0,0,0,-0.422,0.358,-0.482
16094,0.0,0.0,0.0,1000.0,0,0,-0.40199999999999997,0.358,-0.482
16095,0.0,0.0,0.0,1000.0,0,0,-0.382,0.358,-0.482
16096,0.0,0.0,0.0,1000.0,0,0,-0.362,0.358,-0.482
16097,0.0,0.0,0.0,1000.0,0,0,-0.34199999999999997,0.358,-0.482
16098,0.0,0.0,0.0,1000.0,0,0,-0.32199999999999995,0.358,-0.482
16099,0.0,0.0,0.0,1000.0,0,0,-0.302,0.358,-0.482
16100,0.0,0.0,0.0,1000.0,0,0,-0.282,0.358,-0.482
16101,0.0,0.0,0.0,1000.0,0,0,-0.262,0.358,-0.482
16102,0.0,0.0,0.0,1000.0,0,0,-0.242,0.358,-0.482
16103,0.0,0.0,0.0,1000.0,0,0,-0.22199999999999998,0.358,-0.482
16104,0.0,0.0,0.0,1000.0,0,0,-0.20199999999999996,0.358,-0.482
16105,0.0,0.0,0.0,1000.0,0,0,-0.182,0.358,-0.482
16106,0.0,0.0,0.0,1000.0,0,0,-0.16199999999999998,0.358,-0.482
16107,0.0,0.0,0.0,1000.0,0,0,-0.482,0.378,-0.482
16108,0.0,0.0,0.0,1000.0,0,0,-0.46199999999999997,0.378,-0.482
16109,0.0,0.0,0.0,1000.0,0,0,-0.442,0.378,-0.482
16110,0.0,0.0,0.0,1000.0,0,0,-0.422,0.378,-0.482
16111,0.0,0.0,0.0,1000.0,0,0,-0.40199999999999997,0.378,-0.482
16112,0.0,0.0,0.0,1000.0,0,0,-0.382,0.378,-0.482
16113,0.0,0.0,0.0,1000.0,0,0,-0.362,0.378,-0.482
16114,0.0,0.0,0.0,1000.0,0,0,-0.34199999999999997,0.378,-0.482
16115,0.0,0.0,0.0,1000.0,0,0,-0.32199999999999995,0.378,-0.482
16116,0.0,0.0,0.0,1000.0,0,0,-0.302,0.378,-0.482
16117,0.0,0.0,0.0,1000.0,0,0,-0.282,0.378,-0.482
16118,0.0,0.0,0.0,1000.0,0,0,-0.262,0.378,-0.482
16119,0.0,0.0,0.0,1000.0,0,0,-0.242,0.378,-0.482
16120,0.0,0.0,0.0,1000.0,0,0,-0.22199999999999998,0.378,-0.482
16121,0.0,0.0,0.0,1000.0,0,0,-0.20199999999999996,0.378,-0.482
16122,0.0,0.0,0.0,1000.0,0,0,-0.182,0.378,-0.482
16123,0.0,0.0,0.0,1000.0,0,0,-0.16199999999999998,0.378,-0.482
16124,0.0,0.0,0.0,1000.0,0,0,-0.482,0.398,-0.482
16125,0.0,0.0,0.0,1000.0,0,0,-0.46199999999999997,0.398,-0.482
16126,0.0,0.0,0.0,1000.0,0,0,-0.442,0.398,-0.482
16127,0.0,0.0,0.0,1000.0,0,0,-0.422,0.398,-0.482
16128,0.0,0.0,0.0,1000.0,0,0,-0.40199999999999997,0.398,-0.482
16129,0.0,0.0,0.0,1000.0,0,0,-0.382,0.398,-0.482
16130,0.0,0.0,0.0,1000.0,0,0,-0.362,0.398,-0.482
16131,0.0,0.0,0.0,1000.0,0,0,-0.34199999999999997,0.398,-0.482
16132,0.0,0.0,0.0,1000.0,0,0,-0.32199999999999995,0.398,-0.482
16133,0.0,0.0,0.0,1000.0,0,0,-0.302,0.398,-0.482
16134,0.0,0.0,0.0,1000.0,0,0,-0.282,0.398,-0.482
16135,0.0,0.0,0.0,1000.0,0,0,-0.262,0.398,-0.482
16136,0.0,0.0,0.0,1000.0,0,0,-0.242,0.398,-0.482
16137,0.0,0.0,0.0,1000.0,0,0,-0.22199999999999998,0.398,-0.482
16138,0.0,0.0,0.0,1000.0,0,0,-0.20199999999999996,0.398,-0.482
16139,0.0,0.0,0.0,1000.0,0,0,-0.182,0.398,-0.482
16140,0.0,0.0,0.0,1000.0,0,0,-0.16199999999999998,0.398,-0.482
16141,0.0,0.0,0.0,1000.0,0,0,-0.482,0.41800000000000004,-0.482
16142,0.0,0.0,0.0,1000.0,0,0,-0.46199999999999997,0.41800000000000004,-0.482
16143,0.0,0.0,0.0,1000.0,0,0,-0.442,0.41800000000000004,-0.482
16144,0.0,0.0,0.0,1000.0,0,0,-0.422,0.41800000000000004,-0.482
16145,0.0,0.0,0.0,1000.0,0,0,-0.40199999999999997,0.41800000000000004,-0.482
16146,0.0,0.0,0.0,1000.0,0,0,-0.382,0.41800000000000004,-0.482
16147,0.0,0.0,0.0,1000.0,0,0,-0.362,0.41800000000000004,-0.482
16148,0.0,0.0,0.0,1000.0,0,0,-0.34199999999999997,0.41800000000000004,-0.482
16149,0.0,0.0,0.0,1000.0,0,0,-0.32199999999999995,0.41800000000000004,-0.482
16150,0.0,0.0,0.0,1000.0,0,0,-0.302,0.41800000000000004,-0.482
16151,0.0,0.0,0.0,1000.0,0,0,-0.282,0.41800000000000004,-0.482
16152,0.0,0.0,0.0,1000.0,0,0,-0.262,0.41800000000000004,-0.482
16153,0.0,0.0,0.0,1000.0,0,0,-0.242,0.41800000000000004,-0.482
16154,0.0,0.0,0.0,1000.0,0,0,-0.22199999999999998,0.41800000000000004,-0.482
16155,0.0,0.0,0.0,1000.0,0,0,-0.20199999999999996,0.41800000000000004,-0.482
16156,0.0,0.0,0.0,1000.0,0,0,-0.182,0.41800000000000004,-0.482
16157,0.0,0.0,0.0,1000.0,0,0,-0.16199999999999998,0.41800000000000004,-0.482
16158,0.0,0.0,0.0,1000.0,0,0,-0.482,0.43800000000000006,-0.482
16159,0.0,0.0,0.0,1000.0,0,0,-0.46199999999999997,0.43800000000000006,-0.482
16160,0.0,0.0,0.0,1000.0,0,0,-0.442,0.43800000000000006,-0.482
16161,0.0,0.0,0.0,1000.0,0,0,-0.422,0.43800000000000006,-0.482
16162,0.0,0.0,0.0,1000.0,0,0,-0.40199999999999997,0.43800000000000006,-0.482
16163,0.0,0.0,0.0,1000.0,0,0,-0.382,0.43800000000000006,-0.482
16164,0.0,0.0,0.0,1000.0,0,0,-0.362,0.43800000000000006,-0.482
16165,0.0,0.0,0.0,1000.0,0,0,-0.34199999999999997,0.43800000000000006,-0.482
16166,0.0,0.0,0.0,1000.0,0,0,-0.32199999999999995,0.43800000000000006,-0.482
16167,0.0,0.0,0.0,1000.0,0,0,-0.302,0.43800000000000006,-0.482
16168,0.0,0.0,0.0,1000.0,0,0,-0.282,0.43800000000000006,-0.482
16169,0.0,0.0,0.0,1000.0,0,0,-0.262,0.43800000000000006,-0.482
16170,0.0,0.0,0.0,1000.0,0,0,-0.242,0.43800000000000006,-0.482
16171,0.0,0.0,0.0,1000.0,0,0,-0.22199999999999998,0.43800000000000006,-0.482
16172,0.0,0.0,0.0,1000.0,0,0,-0.20199999999999996,0.43800000000000006,-0.482
16173,0.0,0.0,0.0,1000.0,0,0,-0.182,0.43800000000000006,-0.482
16174,0.0,0.0,0.0,1000.0,0,0,-0.16199999999999998,0.43800000000000006,-0.482
16175,0.0,0.0,0.0,1000.0,0,0,-0.482,0.4580000000000001,-0.482
16176,0.0,0.0,0.0,1000.0,0,0,-0.46199999999999997,0.4580000000000001,-0.482
16177,0.0,0.0,0.0,1000.0,0,0,-0.442,0.4580000000000001,-0.482
16178,0.0,0.0,0.0,1000.0,0,0,-0.422,0.4580000000000001,-0.482
16179,0.0,0.0,0.0,1000.0,0,0,-0.40199999999999997,0.4580000000000001,-0.482
16180,0.0,0.0,0.0,1000.0,0,0,-0.382,0.4580000000000001,-0.482
16181,0.0,0.0,0.0,1000.0,0,0,-0.362,0.4580000000000001,-0.482
16182,0.0,0.0,0.0,1000.0,0,0,-0.34199999999999997,0.4580000000000001,-0.482
16183,0.0,0.0,0.0,1000.0,0,0,-0.32199999999999995,0.4580000000000001,-0.482
16184,0.0,0.0,0.0,1000.0,0,0,-0.302,0.4580000000000001,-0.482
16185,0.0,0.0,0.0,1000.0,0,0,-0.282,0.4580000000000001,-0.482
16186,0.0,0.0,0.0,1000.0,0,0,-0.262,0.4580000000000001,-0.482
16187,0.0,0.0,0.0,1000.0,0,0,-0.242,0.4580000000000001,-0.482
16188,0.0,0.0,0.0,1000.0,0,0,-0.22199999999999998,0.4580000000000001,-0.482
16189,0.0,0.0,0.0,1000.0,0,0,-0.20199999999999996,0.4580000000000001,-0.482
16190,0.0,0.0,0.0,1000.0,0,0,-0.182,0.4580000000000001,-0.482
16191,0.0,0.0,0.0,1000.0,0,0,-0.16199999999999998,0.4580000000000001,-0.482
16192,0.0,0.0,0.0,1000.0,0,0,-0.482,0.478,-0.482
16193,0.0,0.0,0.0,1000.0,0,0,-0.46199999999999997,0.478,-0.482
16194,0.0,0.0,0.0,1000.0,0,0,-0.442,0.478,-0.482
16195,0.0,0.0,0.0,1000.0,0,0,-0.422,0.478,-0.482
16196,0.0,0.0,0.0,1000.0,0,0,-0.40199999999999997,0.478,-0.482
16197,0.0,0.0,0.0,1000.0,0,0,-0.382,0.478,-0.482
16198,0.0,0.0,0.0,1000.0,0,0,-0.362,0.478,-0.482
16199,0.0,0.0,0.0,1000.0,0,0,-0.34199999999999997,0.478,-0.482
16200,0.0,0.0,0.0,1000.0,0,0,-0.32199999999999995,0.478,-0.482
16201,0.0,0.0,0.0,1000.0,0,0,-0.302,0.478,-0.482
16202,0.0,0.0,0.0,1000.0,0,0,-0.282,0.478,-0.482
16203,0.0,0.0,0.0,1000.0,0,0,-0.262,0.478,-0.482
16204,0.0,0.0,0.0,1000.0,0,0,-0.242,0.478,-0.482
16205,0.0,0.0,0.0,1000.0,0,0,-0.22199999999999998,0.478,-0.482
16206,0.0,0.0,0.0,1000.0,0,0,-0.20199999999999996,0.478,-0.482
16207,0.0,0.0,0.0,1000.0,0,0,-0.182,0.478,-0.482
16208,0.0,0.0,0.0,1000.0,0,0,-0.16199999999999998,0.478,-0.482
16209,0.0,0.0,0.0,1000.0,0,0,-0.482,-0.482,-0.46199999999999997
16210,0.0,0.0,0.0,1000.0,0,0,-0.46199999999999997,-0.482,-0.46199999999999997
16211,0.0,0.0,0.0,1000.0,0,0,-0.442,-0.482,-0.46199999999999997
16212,0.0,0.0,0.0,1000.0,0,0,-0.422,-0.482,-0.46199999999999997
16213,0.0,0.0,0.0,1000.0,0,0,-0.40199999999999997,-0.482,-0.46199999999999997
16214,0.0,0.0,0.0,1000.0,0,0,-0.382,-0.482,-0.46199999999999997
16215,0.0,0.0,0.0,1000.0,0,0,-0.362,-0.482,-0.46199999999999997
16216,0.0,0.0,0.0,1000.0,0,0,-0.34199999999999997,-0.482,-0.46199999999999997
16217,0.0,0.0,0.0,1000.0,0,0,-0.32199999999999995,-0.482,-0.46199999999999997
16218,0.0,0.0,0.0,1000.0,0,0,-0.302,-0.482,-0.46199999999999997
16219,0.0,0.0,0.0,1000.0,0,0,-0.282,-0.482,-0.46199999999999997
16220,0.0,0.0,0.0,1000.0,0,0,-0.262,-0.482,-0.46199999999999997
16221,0.0,0.0,0.0,1000.0,0,0,-0.242,-0.482,-0.46199999999999997
16222,0.0,0.0,0.0,1000.0,0,0,-0.22199999999999998,-0.482,-0.46199999999999997
16223,0.0,0.0,0.0,1000.0,0,0,-0.20199999999999996,-0.482,-0.46199999999999997
16224,0.0,0.0,0.0,1000.0,0,0,-0.182,-0.482,-0.46199999999999997
16225,0.0,0.0,0.0,1000.0,0,0,-0.16199999999999998,-0.482,-0.46199999999999997
16226,0.0,0.0,0.0,1000.0,0,0,-0.482,-0.46199999999999997,-0.46199999999999997
16227,0.0,0.0,0.0,1000.0,0,0,-0.46199999999999997,-0.46199999999999997,-0.46199999999999997
16228,0.0,0.0,0.0,1000.0,0,0,-0.442,-0.46199999999999997,-0.46199999999999997
16229,0.0,0.0,0.0,1000.0,0,0,-0.422,-0.46199999999999997,-0.46199999999999997
16230,0.0,0.0,0.0,1000.0,0,0,-0.40199999999999997,-0.46199999999999997,-0.46199999999999997
16231,0.0,0.0,0.0,1000.0,0,0,-0.382,-0.46199999999999997,-0.46199999999999997
16232,0.0,0.0,0.0,1000.0,0,0,-0.362,-0.46199999999999997,-0.46199999999999997
16233,0.0,0.0,0.0,1000.0,0,0,-0.34199999999999997,-0.46199999999999997,-0.46199999999999997
16234,0.0,0.0,0.0,1000.0,0,0,-0.32199999999999995,-0.46199999999999997,-0.46199999999999997
16235,0.0,0.0,0.0,1000.0,0,0,-0.302,-0.46199999999999997,-0.46199999999999997
16236,0.0,0.0,0.0,1000.0,0,0,-0.282,-0.46199999999999997,-0.46199999999999997
16237,0.0,0.0,0.0,1000.0,0,0,-0.262,-0.46199999999999997,-0.46199999999999997
16238,0.0,0.0,0.0,1000.0,0,0,-0.242,-0.46199999999999997,-0.46199999999999997
16239,0.0,0.0,0.0,1000.0,0,0,-0.22199999999999998,-0.46199999999999997,-0.46199999999999997
16240,0.0,0.0,0.0,1000.0,0,0,-0.20199999999999996,-0.46199999999999997,-0.46199999999999997
16241,0.0,0.0,0.0,1000.0,0,0,-0.182,-0.46199999999999997,-0.46199999999999997
16242,0.0,0.0,0.0,1000.0,0,0,-0.16199999999999998,-0.46199999999999997,-0.46199999999999997
16243,0.0,0.0,0.0,1000.0,0,0,-0.482,-0.442,-0.46199999999999997
16244,0.0,0.0,0.0,1000.0,0,0,-0.46199999999999997,-0.442,-0.46199999999999997
16245,0.0,0.0,0.0,1000.0,0,0,-0.442,-0.442,-0.46199999999999997
16246,0.0,0.0,0.0,1000.0,0,0,-0.422,-0.442,-0.46199999999999997
16247,0.0,0.0,0.0,1000.0,0,0,-0.40199999999999997,-0.442,-0.46199999999999997
16248,0.0,0.0,0.0,1000.0,0,0,-0.382,-0.442,-0.46199999999999997
16249,0.0,0.0,0.0,1000.0,0,0,-0.362,-0.442,-0.46199999999999997
16250,0.0,0.0,0.0,1000.0,0,0,-0.34199999999999997,-0.442,-0.46199999999999997
16251,0.0,0.0,0.0,1000.0,0,0,-0.32199999999999995,-0.442,-0.46199999999999997
16252,0.0,0.0,0.0,1000.0,0,0,-0.302,-0.442,-0.46199999999999997
16253,0.0,0.0,0.0,1000.0,0,0,-0.282,-0.442,-0.46199999999999997
16254,0.0,0.0,0.0,1000.0,0,0,-0.262,-0.442,-0.46199999999999997
16255,0.0,0.0,0.0,1000.0,0,0,-0.242,-0.442,-0.46199999999999997
16256,0.0,0.0,0.0,1000.0,0,0,-0.22199999999999998,-0.442,-0.46199999999999997
16257,0.0,0.0,0.0,1000.0,0,0,-0.20199999999999996,-0.442,-0.46199999999999997
16258,0.0,0.0,0.0,1000.0,0,0,-0.182,-0.442,-0.46199999999999997
16259,0.0,0.0,0.0,1000.0,0,0,-0.16199999999999998,-0.442,-0.46199999999999997
16260,0.0,0.0,0.0,1000.0,0,0,-0.482,-0.422,-0.46199999999999997
16261,0.0,0.0,0.0,1000.0,0,0,-0.46199999999999997,-0.422,-0.46199999999999997
16262,0.0,0.0,0.0,1000.0,0,0,-0.442,-0.422,-0.46199999999999997
16263,0.0,0.0,0.0,1000.0,0,0,-0.422,-0.422,-0.46199999999999997
16264,0.0,0.0,0.0,1000.0,0,0,-0.40199999999999997,-0.422,-0.46199999999999997
16265,0.0,0.0,0.0,1000.0,0,0,-0.382,-0.422,-0.46199999999999997
16266,0.0,0.0,0.0,1000.0,0,0,-0.362,-0.422,-0.46199999999999997
16267,0.0,0.0,0.0,1000.0,0,0,-0.34199999999999997,-0.422,-0.46199999999999997
16268,0.0,0.0,0.0,1000.0,0,0,-0.32199999999999995,-0.422,-0.46199999999999997
16269,0.0,0.0,0.0,1000.0,0,0,-0.302,-0.422,-0.46199999999999997
16270,0.0,0.0,0.0,1000.0,0,0,-0.282,-0.422,-0.46199999999999997
16271,0.0,0.0,0.0,1000.0,0,0,-0.262,-0.422,-0.46199999999999997
16272,0.0,0.0,0.0,1000.0,0,0,-0.242,-0.422,-0.46199999999999997
16273,0.0,0.0,0.0,1000.0,0,0,-0.22199999999999998,-0.422,-0.46199999999999997
16274,0.0,0.0,0.0,1000.0,0,0,-0.20199999999999996,-0.422,-0.46199999999999997
16275,0.0,0.0,0.0,1000.0,0,0,-0.182,-0.422,-0.46199999999999997
16276,0.0,0.0,0.0,1000.0,0,0,-0.16199999999999998,-0.422,-0.46199999999999997
16277,0.0,0.0,0.0,1000.0,0,0,-0.482,-0.40199999999999997,-0.46199999999999997
16278,0.0,0.0,0.0,1000.0,0,0,-0.46199999999999997,-0.40199999999999997,-0.46199999999999997
16279,0.0,0.0,0.0,1000.0,0,0,-0.442,-0.40199999999999997,-0.46199999999999997
16280,0.0,0.0,0.0,1000.0,0,0,-0.422,-0.40199999999999997,-0.46199999999999997
16281,0.0,0.0,0.0,1000.0,0,0,-0.40199999999999997,-0.40199999999999997,-0.46199999999999997
16282,0.0,0.0,0.0,1000.0,0,0,-0.382,-0.40199999999999997,-0.46199999999999997
16283,0.0,0.0,0.0,1000.0,0,0,-0.362,-0.40199999999999997,-0.46199999999999997
16284,0.0,0.0,0.0,1000.0,0,0,-0.34199999999999997,-0.40199999999999997,-0.46199999999999997
16285,0.0,0.0,0.0,1000.0,0,0,-0.32199999999999995,-0.40199999999999997,-0.46199999999999997
16286,0.0,0.0,0.0,1000.0,0,0,-0.302,-0.40199999999999997,-0.46199999999999997
16287,0.0,0.0,0.0,1000.0,0,0,-0.282,-0.40199999999999997,-0.46199999999999997
16288,0.0,0.0,0.0,1000.0,0,0,-0.262,-0.40199999999999997,-0.46199999999999997
16289,0.0,0.0,0.0,1000.0,0,0,-0.242,-0.40199999999999997,-0.46199999999999997
16290,0.0,0.0,0.0,1000.0,0,0,-0.22199999999999998,-0.40199999999999997,-0.46199999999999997
16291,0.0,0.0,0.0,1000.0,0,0,-0.20199999999999996,-0.40199999999999997,-0.46199999999999997
16292,0.0,0.0,0.0,1000.0,0,0,-0.182,-0.40199999999999997,-0.46199999999999997
16293,0.0,0.0,0.0,1000.0,0,0,-0.16199999999999998,-0.40199999999999997,-0.46199999999999997
16294,0.0,0.0,0.0,1000.0,0,0,-0.482,-0.382,-0.46199999999999997
16295,0.0,0.0,0.0,1000.0,0,0,-0.46199999999999997,-0.382,-0.46199999999999997
16296,0.0,0.0,0.0,1000.0,0,0,-0.442,-0.382,-0.46199999999999997
16297,0.0,0.0,0.0,1000.0,0,0,-0.422,-0.382,-0.46199999999999997
16298,0.0,0.0,0.0,1000.0,0,0,-0.40199999999999997,-0.382,-0.46199999999999997
16299,0.0,0.0,0.0,1000.0,0,0,-0.382,-0.382,-0.46199999999999997
16300,0.0,0.0,0.0,1000.0,0,0,-0.362,-0.382,-0.46199999999999997
16301,0.0,0.0,0.0,1000.0,0,0,-0.34199999999999997,-0.382,-0.46199999999999997
16302,0.0,0.0,0.0,1000.0,0,0,-0.32199999999999995,-0.382,-0.46199999999999997
16303,0.0,0.0,0.0,1000.0,0,0,-0.302,-0.382,-0.46199999999999997
16304,0.0,0.0,0.0,1000.0,0,0,-0.282,-0.382,-0.46199999999999997
16305,0.0,0.0,0.0,1000.0,0,0,-0.262,-0.382,-0.46199999999999997
16306,0.0,0.0,0.0,1000.0,0,0,-0.242,-0.382,-0.46199999999999997
16307,0.0,0.0,0.0,1000.0,0,0,-0.22199999999999998,-0.382,-0.46199999999999997
16308,0.0,0.0,0.0,1000.0,0,0,-0.20199999999999996,-0.382,-0.46199999999999997
16309,0.0,0.0,0.0,1000.0,0,0,-0.182,-0.382,-0.46199999999999997
16310,0.0,0.0,0.0,1000.0,0,0,-0.16199999999999998,-0.382,-0.46199999999999997
16311,0.0,0.0,0.0,1000.0,0,0,-0.482,-0.362,-0.46199999999999997
16312,0.0,0.0,0.0,1000.0,0,0,-0.46199999999999997,-0.362,-0.46199999999999997
16313,0.0,0.0,0.0,1000.0,0,0,-0.442,-0.362,-0.46199999999999997
16314,0.0,0.0,0.0,1000.0,0,0,-0.422,-0.362,-0.46199999999999997
16315,0.0,0.0,0.0,1000.0,0,0,-0.40199999999999997,-0.362,-0.46199999999999997
16316,0.0,0.0,0.0,1000.0,0,0,-0.382,-0.362,-0.46199999999999997
16317,0.0,0.0,0.0,1000.0,0,0,-0.362,-0.362,-0.46199999999999997
16318,0.0,0.0,0.0,1000.0,0,0,-0.34199999999999997,-0.362,-0.46199999999999997
16319,0.0,0.0,0.0,1000.0,0,0,-0.32199999999999995,-0.362,-0.46199999999999997
16320,0.0,0.0,0.0,1000.0,0,0,-0.302,-0.362,-0.46199999999999997
16321,0.0,0.0,0.0,1000.0,0,0,-0.282,-0.362,-0.46199999999999997
16322,0.0,0.0,0.0,1000.0,0,0,-0.262,-0.362,-0.46199999999999997
16323,0.0,0.0,0.0,1000.0,0,0,-0.242,-0.362,-0.46199999999999997
16324,0.0,0.0,0.0,1000.0,0,0,-0.22199999999999998,-0.362,-0.46199999999999997
16325,0.0,0.0,0.0,1000.0,0,0,-0.20199999999999996,-0.362,-0.46199999999999997
16326,0.0,0.0,0.0,1000.0,0,0,-0.182,-0.362,-0.46199999999999997
16327,0.0,0.0,0.0,1000.0,0,0,-0.16199999999999998,-0.362,-0.46199999999999997
16328,0.0,0.0,0.0,1000.0,0,0,-0.482,-0.34199999999999997,-0.46199999999999997
16329,0.0,0.0,0.0,1000.0,0,0,-0.46199999999999997,-0.34199999999999997,-0.46199999999999997
16330,0.0,0.0,0.0,1000.0,0,0,-0.442,-0.34199999999999997,-0.46199999999999997
16331,0.0,0.0,0.0,1000.0,0,0,-0.422,-0.34199999999999997,-0.46199999999999997
16332,0.0,0.0,0.0,1000.0,0,0,-0.40199999999999997,-0.34199999999999997,-0.46199999999999997
16333,0.0,0.0,0.0,1000.0,0,0,-0.382,-0.34199999999999997,-0.46199999999999997
16334,0.0,0.0,0.0,1000.0,0,0,-0.362,-0.34199999999999997,-0.46199999999999997
16335,0.0,0.0,0.0,1000.0,0,0,-0.34199999999999997,-0.34199999999999997,-0.46199999999999997
16336,0.0,0.0,0.0,1000.0,0,0,-0.32199999999999995,-0.34199999999999997,-0.46199999999999997
16337,0.0,0.0,0.0,1000.0,0,0,-0.302,-0.34199999999999997,-0.46199999999999997
16338,0.0,0.0,0.0,1000.0,0,0,-0.282,-0.34199999999999997,-0.46199999999999997
16339,0.0,0.0,0.0,1000.0,0,0,-0.262,-0.34199999999999997,-0.46199999999999997
16340,0.0,0.0,0.0,1000.0,0,0,-0.242,-0.34199999999999997,-0.46199999999999997
16341,0.0,0.0,0.0,1000.0,0,0,-0.22199999999999998,-0.34199999999999997,-0.46199999999999997
16342,0.0,0.0,0.0,1000.0,0,0,-0.20199999999999996,-0.34199999999999997,-0.46199999999999997
16343,0.0,0.0,0.0,1000.0,0,0,-0.182,-0.34199999999999997,-0.46199999999999997
16344,0.0,0.0,0.0,1000.0,0,0,-0.16199999999999998,-0.34199999999999997,-0.46199999999999997
16345,0.0,0.0,0.0,1000.0,0,0,-0.482,-0.32199999999999995,-0.46199999999999997
16346,0.0,0.0,0.0,1000.0,0,0,-0.46199999999999997,-0.32199999999999995,-0.46199999999999997
16347,0.0,0.0,0.0,1000.0,0,0,-0.442,-0.32199999999999995,-0.46199999999999997
16348,0.0,0.0,0.0,1000.0,0,0,-0.422,-0.32199999999999995,-0.46199999999999997
16349,0.0,0.0,0.0,1000.0,0,0,-0.40199999999999997,-0.32199999999999995,-0.46199999999999997
16350,0.0,0.0,0.0,1000.0,0,0,-0.382,-0.32199999999999995,-0.46199999999999997
16351,0.0,0.0,0.0,1000.0,0,0,-0.362,-0.32199999999999995,-0.46199999999999997
16352,0.0,0.0,0.0,1000.0,0,0,-0.34199999999999997,-0.32199999999999995,-0.46199999999999997
16353,0.0,0.0,0.0,1000.0,0,0,-0.32199999999999995,-0.32199999999999995,-0.46199999999999997
16354,0.0,0.0,0.0,1000.0,0,0,-0.302,-0.32199999999999995,-0.46199999999999997
16355,0.0,0.0,0.0,1000.0,0,0,-0.282,-0.32199999999999995,-0.46199999999999997
16356,0.0,0.0,0.0,1000.0,0,0,-0.262,-0.32199999999999995,-0.46199999999999997
16357,0.0,0.0,0.0,1000.0,0,0,-0.242,-0.32199999999999995,-0.46199999999999997
16358,0.0,0.0,0.0,1000.0,0,0,-0.22199999999999998,-0.32199999999999995,-0.46199999999999997
16359,0.0,0.0,0.0,1000.0,0,0,-0.20199999999999996,-0.32199999999999995,-0.46199999999999997
16360,0.0,0.0,0.0,1000.0,0,0,-0.182,-0.32199999999999995,-0.46199999999999997
16361,0.0,0.0,0.0,1000.0,0,0,-0.16199999999999998,-0.32199999999999995,-0.46199999999999997
16362,0.0,0.0,0.0,1000.0,0,0,-0.482,-0.302,-0.46199999999999997
16363,0.0,0.0,0.0,1000.0,0,0,-0.46199999999999997,-0.302,-0.46199999999999997
16364,0.0,0.0,0.0,1000.0,0,0,-0.442,-0.302,-0.46199999999999997
16365,0.0,0.0,0.0,1000.0,0,0,-0.422,-0.302,-0.46199999999999997
16366,0.0,0.0,0.0,1000.0,0,0,-0.40199999999999997,-0.302,-0.46199999999999997
16367,0.0,0.0,0.0,1000.0,0,0,-0.382,-0.302,-0.46199999999999997
16368,0.0,0.0,0.0,1000.0,0,0,-0.362,-0.302,-0.46199999999999997
16369,0.0,0.0,0.0,1000.0,0,0,-0.34199999999999997,-0.302,-0.46199999999999997
16370,0.0,0.0,0.0,1000.0,0,0,-0.32199999999999995,-0.302,-0.46199999999999997
16371,0.0,0.0,0.0,1000.0,0,0,-0.302,-0.302,-0.46199999999999997
16372,0.0,0.0,0.0,1000.0,0,0,-0.282,-0.302,-0.46199999999999997
16373,0.0,0.0,0.0,1000.0,0,0,-0.262,-0.302,-0.46199999999999997
16374,0.0,0.0,0.0,1000.0,0,0,-0.242,-0.302,-0.46199999999999997
16375,0.0,0.0,0.0,1000.0,0,0,-0.22199999999999998,-0.302,-0.46199999999999997
16376,0.0,0.0,0.0,1000.0,0,0,-0.20199999999999996,-0.302,-0.46199999999999997
16377,0.0,0.0,0.0,1000.0,0,0,-0.182,-0.302,-0.46199999999999997
16378,0.0,0.0,0.0,1000.0,0,0,-0.16199999999999998,-0.302,-0.46199999999999997
16379,0.0,0.0,0.0,1000.0,0,0,-0.482,-0.282,-0.46199999999999997
16380,0.0,0.0,0.0,1000.0,0,0,-0.46199999999999997,-0.282,-0.46199999999999997
16381,0.0,0.0,0.0,1000.0,0,0,-0.442,-0.282,-0.46199999999999997
16382,0.0,0.0,0.0,1000.0,0,0,-0.422,-0.282,-0.46199999999999997
16383,0.0,0.0,0.0,1000.0,0,0,-0.40199999999999997,-0.282,-0.46199999999999997
16384,0.0,0.0,0.0,1000.0,0,0,-0.382,-0.282,-0.46199999999999997
16385,0.0,0.0,0.0,1000.0,0,0,-0.362,-0.282,-0.46199999999999997
16386,0.0,0.0,0.0,1000.0,0,0,-0.34199999999999997,-0.282,-0.46199999999999997
16387,0.0,0.0,0.0,1000.0,0,0,-0.32199999999999995,-0.282,-0.46199999999999997
16388,0.0,0.0,0.0,1000.0,0,0,-0.302,-0.282,-0.46199999999999997
16389,0.0,0.0,0.0,1000.0,0,0,-0.282,-0.282,-0.46199999999999997
16390,0.0,0.0,0.0,1000.0,0,0,-0.262,-0.282,-0.46199999999999997
16391,0.0,0.0,0.0,1000.0,0,0,-0.242,-0.282,-0.46199999999999997
16392,0.0,0.0,0.0,1000.0,0,0,-0.22199999999999998,-0.282,-0.46199999999999997
16393,0.0,0.0,0.0,1000.0,0,0,-0.20199999999999996,-0.282,-0.46199999999999997
16394,0.0,0.0,0.0,1000.0,0,0,-0.182,-0.282,-0.46199999999999997
16395,0.0,0.0,0.0,1000.0,0,0,-0.16199999999999998,-0.282,-0.46199999999999997
16396,0.0,0.0,0.0,1000.0,0,0,-0.482,-0.262,-0.46199999999999997
16397,0.0,0.0,0.0,1000.0,0,0,-0.46199999999999997,-0.262,-0.46199999999999997
16398,0.0,0.0,0.0,1000.0,0,0,-0.442,-0.262,-0.46199999999999997
16399,0.0,0.0,0.0,1000.0,0,0,-0.422,-0.262,-0.46199999999999997
16400,0.0,0.0,0.0,1000.0,0,0,-0.40199999999999997,-0.262,-0.46199999999999997
16401,0.0,0.0,0.0,1000.0,0,0,-0.382,-0.262,-0.46199999999999997
16402,0.0,0.0,0.0,1000.0,0,0,-0.362,-0.262,-0.46199999999999997
16403,0.0,0.0,0.0,1000.0,0,0,-0.34199999999999997,-0.262,-0.46199999999999997
16404,0.0,0.0,0.0,1000.0,0,0,-0.32199999999999995,-0.262,-0.46199999999999997
16405,0.0,0.0,0.0,1000.0,0,0,-0.302,-0.262,-0.46199999999999997
16406,0.0,0.0,0.0,1000.0,0,0,-0.282,-0.262,-0.46199999999999997
16407,0.0,0.0,0.0,1000.0,0,0,-0.262,-0.262,-0.46199999999999997
16408,0.0,0.0,0.0,1000.0,0,0,-0.242,-0.262,-0.46199999999999997
16409,0.0,0.0,0.0,1000.0,0,0,-0.22199999999999998,-0.262,-0.46199999999999997
16410,0.0,0.0,0.0,1000.0,0,0,-0.20199999999999996,-0.262,-0.46199999999999997
16411,0.0,0.0,0.0,1000.0,0,0,-0.182,-0.262,-0.46199999999999997
16412,0.0,0.0,0.0,1000.0,0,0,-0.16199999999999998,-0.262,-0.46199999999999997
16413,0.0,0.0,0.0,1000.0,0,0,-0.482,-0.242,-0.46199999999999997
16414,0.0,0.0,0.0,1000.0,0,0,-0.46199999999999997,-0.242,-0.46199999999999997
16415,0.0,0.0,0.0,1000.0,0,0,-0.442,-0.242,-0.46199999999999997
16416,0.0,0.0,0.0,1000.0,0,0,-0.422,-0.242,-0.46199999999999997
16417,0.0,0.0,0.0,1000.0,0,0,-0.40199999999999997,-0.242,-0.46199999999999997
16418,0.0,0.0,0.0,1000.0,0,0,-0.382,-0.242,-0.46199999999999997
16419,0.0,0.0,0.0,1000.0,0,0,-0.362,-0.242,-0.46199999999999997
16420,0.0,0.0,0.0,1000.0,0,0,-0.34199999999999997,-0.242,-0.46199999999999997
16421,0.0,0.0,0.0,1000.0,0,0,-0.32199999999999995,-0.242,-0.46199999999999997
16422,0.0,0.0,0.0,1000.0,0,0,-0.302,-0.242,-0.46199999999999997
16423,0.0,0.0,0.0,1000.0,0,0,-0.282,-0.242,-0.46199999999999997
16424,0.0,0.0,0.0,1000.0,0,0,-0.262,-0.242,-0.46199999999999997
16425,0.0,0.0,0.0,1000.0,0,0,-0.242,-0.242,-0.46199999999999997
16426,0.0,0.0,0.0,1000.0,0,0,-0.22199999999999998,-0.242,-0.46199999999999997
16427,0.0,0.0,0.0,1000.0,0,0,-0.20199999999999996,-0.242,-0.46199999999999997
16428,0.0,0.0,0.0,1000.0,0,0,-0.182,-0.242,-0.46199999999999997
16429,0.0,0.0,0.0,1000.0,0,0,-0.16199999999999998,-0.242,-0.46199999999999997
16430,0.0,0.0,0.0,1000.0,0,0,-0.482,-0.22199999999999998,-0.46199999999999997
16431,0.0,0.0,0.0,1000.0,0,0,-0.46199999999999997,-0.22199999999999998,-0.46199999999999997
16432,0.0,0.0,0.0,1000.0,0,0,-0.442,-0.22199999999999998,-0.46199999999999997
16433,0.0,0.0,0.0,1000.0,0,0,-0.422,-0.22199999999999998,-0.46199999999999997
16434,0.0,0.0,0.0,1000.0,0,0,-0.40199999999999997,-0.22199999999999998,-0.46199999999999997
16435,0.0,0.0,0.0,1000.0,0,0,-0.382,-0.22199999999999998,-0.46199999999999997
16436,0.0,0.0,0.0,1000.0,0,0,-0.362,-0.22199999999999998,-0.46199999999999997
16437,0.0,0.0,0.0,1000.0,0,0,-0.34199999999999997,-0.22199999999999998,-0.46199999999999997
16438,0.0,0.0,0.0,1000.0,0,0,-0.32199999999999995,-0.22199999999999998,-0.46199999999999997
16439,0.0,0.0,0.0,1000.0,0,0,-0.302,-0.22199999999999998,-0.46199999999999997
16440,0.0,0.0,0.0,1000.0,0,0,-0.282,-0.22199999999999998,-0.46199999999999997
16441,0.0,0.0,0.0,1000.0,0,0,-0.262,-0.22199999999999998,-0.46199999999999997
16442,0.0,0.0,0.0,1000.0,0,0,-0.242,-0.22199999999999998,-0.46199999999999997
16443,0.0,0.0,0.0,1000.0,0,0,-0.22199999999999998,-0.22199999999999998,-0.46199999999999997
16444,0.0,0.0,0.0,1000.0,0,0,-0.20199999999999996,-0.22199999999999998,-0.46199999999999997
16445,0.0,0.0,0.0,1000.0,0,0,-0.182,-0.22199999999999998,-0.46199999999999997
16446,0.0,0.0,0.0,1000.0,0,0,-0.16199999999999998,-0.22199999999999998,-0.46199999999999997
16447,0.0,0.0,0.0,1000.0,0,0,-0.482,-0.20199999999999996,-0.46199999999999997
16448,0.0,0.0,0.0,1000.0,0,0,-0.46199999999999997,-0.20199999999999996,-0.46199999999999997
16449,0.0,0.0,0.0,1000.0,0,0,-0.442,-0.20199999999999996,-0.46199999999999997
16450,0.0,0.0,0.0,1000.0,0,0,-0.422,-0.20199999999999996,-0.46199999999999997
16451,0.0,0.0,0.0,1000.0,0,0,-0.40199999999999997,-0.20199999999999996,-0.46199999999999997
16452,0.0,0.0,0.0,1000.0,0,0,-0.382,-0.20199999999999996,-0.46199999999999997
16453,0.0,0.0,0.0,1000.0,0,0,-0.362,-0.20199999999999996,-0.46199999999999997
16454,0.0,0.0,0.0,1000.0,0,0,-0.34199999999999997,-0.20199999999999996,-0.46199999999999997
16455,0.0,0.0,0.0,1000.0,0,0,-0.32199999999999995,-0.20199999999999996,-0.46199999999999997
16456,0.0,0.0,0.0,1000.0,0,0,-0.302,-0.20199999999999996,-0.46199999999999997
16457,0.0,0.0,0.0,1000.0,0,0,-0.282,-0.20199999999999996,-0.46199999999999997
16458,0.0,0.0,0.0,1000.0,0,0,-0.262,-0.20199999999999996,-0.46199999999999997
16459,0.0,0.0,0.0,1000.0,0,0,-0.242,-0.20199999999999996,-0.46199999999999997
16460,0.0,0.0,0.0,1000.0,0,0,-0.22199999999999998,-0.20199999999999996,-0.46199999999999997
16461,0.0,0.0,0.0,1000.0,0,0,-0.20199999999999996,-0.20199999999999996,-0.46199999999999997
16462,0.0,0.0,0.0,1000.0,0,0,-0.182,-0.20199999999999996,-0.46199999999999997
16463,0.0,0.0,0.0,1000.0,0,0,-0.16199999999999998,-0.20199999999999996,-0.46199999999999997
16464,0.0,0.0,0.0,1000.0,0,0,-0.482,-0.182,-0.46199999999999997
16465,0.0,0.0,0.0,1000.0,0,0,-0.46199999999999997,-0.182,-0.46199999999999997
16466,0.0,0.0,0.0,1000.0,0,0,-0.442,-0.182,-0.46199999999999997
16467,0.0,0.0,0.0,1000.0,0,0,-0.422,-0.182,-0.46199999999999997
16468,0.0,0.0,0.0,1000.0,0,0,-0.40199999999999997,-0.182,-0.46199999999999997
16469,0.0,0.0,0.0,1000.0,0,0,-0.382,-0.182,-0.46199999999999997
16470,0.0,0.0,0.0,1000.0,0,0,-0.362,-0.182,-0.46199999999999997
16471,0.0,0.0,0.0,1000.0,0,0,-0.34199999999999997,-0.182,-0.46199999999999997
16472,0.0,0.0,0.0,1000.0,0,0,-0.32199999999999995,-0.182,-0.46199999999999997
16473,0.0,0.0,0.0,1000.0,0,0,-0.302,-0.182,-0.46199999999999997
16474,0.0,0.0,0.0,1000.0,0,0,-0.282,-0.182,-0.46199999999999997
16475,0.0,0.0,0.0,1000.0,0,0,-0.262,-0.182,-0.46199999999999997
16476,0.0,0.0,0.0,1000.0,0,0,-0.242,-0.182,-0.46199999999999997
16477,0.0,0.0,0.0,1000.0,0,0,-0.22199999999999998,-0.182,-0.46199999999999997
16478,0.0,0.0,0.0,1000.0,0,0,-0.20199999999999996,-0.182,-0.46199999999999997
16479,0.0,0.0,0.0,1000.0,0,0,-0.182,-0.182,-0.46199999999999997
16480,0.0,0.0,0.0,1000.0,0,0,-0.16199999999999998,-0.182,-0.46199999999999997
16481,0.0,0.0,0.0,1000.0,0,0,-0.482,-0.16199999999999998,-0.46199999999999997
16482,0.0,0.0,0.0,1000.0,0,0,-0.46199999999999997,-0.16199999999999998,-0.46199999999999997
16483,0.0,0.0,0.0,1000.0,0,0,-0.442,-0.16199999999999998,-0.46199999999999997
16484,0.0,0.0,0.0,1000.0,0,0,-0.422,-0.16199999999999998,-0.46199999999999997
16485,0.0,0.0,0.0,1000.0,0,0,-0.40199999999999997,-0.16199999999999998,-0.46199999999999997
16486,0.0,0.0,0.0,1000.0,0,0,-0.382,-0.16199999999999998,-0.46199999999999997
16487,0.0,0.0,0.0,1000.0,0,0,-0.362,-0.16199999999999998,-0.46199999999999997
16488,0.0,0.0,0.0,1000.0,0,0,-0.34199999999999997,-0.16199999999999998,-0.46199999999999997
16489,0.0,0.0,0.0,1000.0,0,0,-0.32199999999999995,-0.16199999999999998,-0.46199999999999997
16490,0.0,0.0,0.0,1000.0,0,0,-0.302,-0.16199999999999998,-0.46199999999999997
16491,0.0,0.0,0.0,1000.0,0,0,-0.282,-0.16199999999999998,-0.46199999999999997
16492,0.0,0.0,0.0,1000.0,0,0,-0.262,-0.16199999999999998,-0.46199999999999997
16493,0.0,0.0,0.0,1000.0,0,0,-0.242,-0.16199999999999998,-0.46199999999999997
16494,0.0,0.0,0.0,1000.0,0,0,-0.22199999999999998,-0.16199999999999998,-0.46199999999999997
16495,0.0,0.0,0.0,1000.0,0,0,-0.20199999999999996,-0.16199999999999998,-0.46199999999999997
16496,0.0,0.0,0.0,1000.0,0,0,-0.182,-0.16199999999999998,-0.46199999999999997
16497,0.0,0.0,0.0,1000.0,0,0,-0.16199999999999998,-0.16199999999999998,-0.46199999999999997
16498,0.0,0.0,0.0,1000.0,0,0,-0.482,-0.14199999999999996,-0.46199999999999997
16499,0.0,0.0,0.0,1000.0,0,0,-0.46199999999999997,-0.14199999999999996,-0.46199999999999997
16500,0.0,0.0,0.0,1000.0,0,0,-0.442,-0.14199999999999996,-0.46199999999999997
16501,0.0,0.0,0.0,1000.0,0,0,-0.422,-0.14199999999999996,-0.46199999999999997
16502,0.0,0.0,0.0,1000.0,0,0,-0.40199999999999997,-0.14199999999999996,-0.46199999999999997
16503,0.0,0.0,0.0,1000.0,0,0,-0.382,-0.14199999999999996,-0.46199999999999997
16504,0.0,0.0,0.0,1000.0,0,0,-0.362,-0.14199999999999996,-0.46199999999999997
16505,0.0,0.0,0.0,1000.0,0,0,-0.34199999999999997,-0.14199999999999996,-0.46199999999999997
16506,0.0,0.0,0.0,1000.0,0,0,-0.32199999999999995,-0.14199999999999996,-0.46199999999999997
16507,0.0,0.0,0.0,1000.0,0,0,-0.302,-0.14199999999999996,-0.46199999999999997
16508,0.0,0.0,0.0,1000.0,0,0,-0.282,-0.14199999999999996,-0.46199999999999997
16509,0.0,0.0,0.0,1000.0,0,0,-0.262,-0.14199999999999996,-0.46199999999999997
16510,0.0,0.0,0.0,1000.0,0,0,-0.242,-0.14199999999999996,-0.46199999999999997
16511,0.0,0.0,0.0,1000.0,0,0,-0.22199999999999998,-0.14199999999999996,-0.46199999999999997
16512,0.0,0.0,0.0,1000.0,0,0,-0.20199999999999996,-0.14199999999999996,-0.46199999999999997
16513,0.0,0.0,0.0,1000.0,0,0,-0.182,-0.14199999999999996,-0.46199999999999997
16514,0.0,0.0,0.0,1000.0,0,0,-0.16199999999999998,-0.14199999999999996,-0.46199999999999997
16515,0.0,0.0,0.0,1000.0,0,0,-0.482,-0.122,-0.46199999999999997
16516,0.0,0.0,0.0,1000.0,0,0,-0.46199999999999997,-0.122,-0.46199999999999997
16517,0.0,0.0,0.0,1000.0,0,0,-0.442,-0.122,-0.46199999999999997
16518,0.0,0.0,0.0,1000.0,0,0,-0.422,-0.122,-0.46199999999999997
16519,0.0,0.0,0.0,1000.0,0,0,-0.40199999999999997,-0.122,-0.46199999999999997
16520,0.0,0.0,0.0,1000.0,0,0,-0.382,-0.122,-0.46199999999999997
16521,0.0,0.0,0.0,1000.0,0,0,-0.362,-0.122,-0.46199999999999997
16522,0.0,0.0,0.0,1000.0,0,0,-0.34199999999999997,-0.122,-0.46199999999999997
16523,0.0,0.0,0.0,1000.0,0,0,-0.32199999999999995,-0.122,-0.46199999999999997
16524,0.0,0.0,0.0,1000.0,0,0,-0.302,-0.122,-0.46199999999999997
16525,0.0,0.0,0.0,1000.0,0,0,-0.282,-0.122,-0.46199999999999997
16526,0.0,0.0,0.0,1000.0,0,0,-0.262,-0.122,-0.46199999999999997
16527,0.0,0.0,0.0,1000.0,0,0,-0.242,-0.122,-0.46199999999999997
16528,0.0,0.0,0.0,1000.0,0,0,-0.22199999999999998,-0.122,-0.46199999999999997
16529,0.0,0.0,0.0,1000.0,0,0,-0.20199999999999996,-0.122,-0.46199999999999997
16530,0.0,0.0,0.0,1000.0,0,0,-0.182,-0.122,-0.46199999999999997
16531,0.0,0.0,0.0,1000.0,0,0,-0.16199999999999998,-0.122,-0.46199999999999997
16532,0.0,0.0,0.0,1000.0,0,0,-0.482,-0.10199999999999998,-0.46199999999999997
16533,0.0,0.0,0.0,1000.0,0,0,-0.46199999999999997,-0.10199999999999998,-0.46199999999999997
16534,0.0,0.0,0.0,1000.0,0,0,-0.442,-0.10199999999999998,-0.46199999999999997
16535,0.0,0.0,0.0,1000.0,0,0,-0.422,-0.10199999999999998,-0.46199999999999997
16536,0.0,0.0,0.0,1000.0,0,0,-0.40199999999999997,-0.10199999999999998,-0.46199999999999997
16537,0.0,0.0,0.0,1000.0,0,0,-0.382,-0.10199999999999998,-0.46199999999999997
16538,0.0,0.0,0.0,1000.0,0,0,-0.362,-0.10199999999999998,-0.46199999999999997
16539,0.0,0.0,0.0,1000.0,0,0,-0.34199999999999997,-0.10199999999999998,-0.46199999999999997
16540,0.0,0.0,0.0,1000.0,0,0,-0.32199999999999995,-0.10199999999999998,-0.46199999999999997
16541,0.0,0.0,0.0,1000.0,0,0,-0.302,-0.10199999999999998,-0.46199999999999997
16542,0.0,0.0,0.0,1000.0,0,0,-0.282,-0.10199999999999998,-0.46199999999999997
16543,0.0,0.0,0.0,1000.0,0,0,-0.262,-0.10199999999999998,-0.46199999999999997
16544,0.0,0.0,0.0,1000.0,0,0,-0.242,-0.10199999999999998,-0.46199999999999997
16545,0.0,0.0,0.0,1000.0,0,0,-0.22199999999999998,-0.10199999999999998,-0.46199999999999997
16546,0.0,0.0,0.0,1000.0,0,0,-0.20199999999999996,-0.10199999999999998,-0.46199999999999997
16547,0.0,0.0,0.0,1000.0,0,0,-0.182,-0.10199999999999998,-0.46199999999999997
16548,0.0,0.0,0.0,1000.0,0,0,-0.16199999999999998,-0.10199999999999998,-0.46199999999999997
16549,0.0,0.0,0.0,1000.0,0,0,-0.482,-0.08199999999999996,-0.46199999999999997
16550,0.0,0.0,0.0,1000.0,0,0,-0.46199999999999997,-0.08199999999999996,-0.46199999999999997
16551,0.0,0.0,0.0,1000.0,0,0,-0.442,-0.08199999999999996,-0.46199999999999997
16552,0.0,0.0,0.0,1000.0,0,0,-0.422,-0.08199999999999996,-0.46199999999999997
16553,0.0,0.0,0.0,1000.0,0,0,-0.40199999999999997,-0.08199999999999996,-0.46199999999999997
16554,0.0,0.0,0.0,1000.0,0,0,-0.382,-0.08199999999999996,-0.46199999999999997
16555,0.0,0.0,0.0,1000.0,0,0,-0.362,-0.08199999999999996,-0.46199999999999997
16556,0.0,0.0,0.0,1000.0,0,0,-0.34199999999999997,-0.08199999999999996,-0.46199999999999997
16557,0.0,0.0,0.0,1000.0,0,0,-0.32199999999999995,-0.08199999999999996,-0.46199999999999997
16558,0.0,0.0,0.0,1000.0,0,0,-0.302,-0.08199999999999996,-0.46199999999999997
16559,0.0,0.0,0.0,1000.0,0,0,-0.282,-0.08199999999999996,-0.46199999999999997
16560,0.0,0.0,0.0,1000.0,0,0,-0.262,-0.08199999999999996,-0.46199999999999997
16561,0.0,0.0,0.0,1000.0,0,0,-0.242,-0.08199999999999996,-0.46199999999999997
16562,0.0,0.0,0.0,1000.0,0,0,-0.22199999999999998,-0.08199999999999996,-0.46199999999999997
16563,0.0,0.0,0.0,1000.0,0,0,-0.20199999999999996,-0.08199999999999996,-0.46199999999999997
16564,0.0,0.0,0.0,1000.0,0,0,-0.182,-0.08199999999999996,-0.46199999999999997
16565,0.0,0.0,0.0,1000.0,0,0,-0.16199999999999998,-0.08199999999999996,-0.46199999999999997
16566,0.0,0.0,0.0,1000.0,0,0,-0.482,-0.062,-0.46199999999999997
16567,0.0,0.0,0.0,1000.0,0,0,-0.46199999999999997,-0.062,-0.46199999999999997
16568,0.0,0.0,0.0,1000.0,0,0,-0.442,-0.062,-0.46199999999999997
16569,0.0,0.0,0.0,1000.0,0,0,-0.422,-0.062,-0.46199999999999997
16570,0.0,0.0,0.0,1000.0,0,0,-0.40199999999999997,-0.062,-0.46199999999999997
16571,0.0,0.0,0.0,1000.0,0,0,-0.382,-0.062,-0.46199999999999997
16572,0.0,0.0,0.0,1000.0,0,0,-0.362,-0.062,-0.46199999999999997
16573,0.0,0.0,0.0,1000.0,0,0,-0.34199999999999997,-0.062,-0.46199999999999997
16574,0.0,0.0,0.0,1000.0,0,0,-0.32199999999999995,-0.062,-0.46199999999999997
16575,0.0,0.0,0.0,1000.0,0,0,-0.302,-0.062,-0.46199999999999997
16576,0.0,0.0,0.0,1000.0,0,0,-0.282,-0.062,-0.46199999999999997
16577,0.0,0.0,0.0,1000.0,0,0,-0.262,-0.062,-0.46199999999999997
16578,0.0,0.0,0.0,1000.0,0,0,-0.242,-0.062,-0.46199999999999997
16579,0.0,0.0,0.0,1000.0,0,0,-0.22199999999999998,-0.062,-0.46199999999999997
16580,0.0,0.0,0.0,1000.0,0,0,-0.20199999999999996,-0.062,-0.46199999999999997
16581,0.0,0.0,0.0,1000.0,0,0,-0.182,-0.062,-0.46199999999999997
16582,0.0,0.0,0.0,1000.0,0,0,-0.16199999999999998,-0.062,-0.46199999999999997
16583,0.0,0.0,0.0,1000.0,0,0,-0.482,-0.04199999999999998,-0.46199999999999997
16584,0.0,0.0,0.0,1000.0,0,0,-0.46199999999999997,-0.04199999999999998,-0.46199999999999997
16585,0.0,0.0,0.0,1000.0,0,0,-0.442,-0.04199999999999998,-0.46199999999999997
16586,0.0,0.0,0.0,1000.0,0,0,-0.422,-0.04199999999999998,-0.46199999999999997
16587,0.0,0.0,0.0,1000.0,0,0,-0.40199999999999997,-0.04199999999999998,-0.46199999999999997
16588,0.0,0.0,0.0,1000.0,0,0,-0.382,-0.04199999999999998,-0.46199999999999997
16589,0.0,0.0,0.0,1000.0,0,0,-0.362,-0.04199999999999998,-0.46199999999999997
16590,0.0,0.0,0.0,1000.0,0,0,-0.34199999999999997,-0.04199999999999998,-0.46199999999999997
16591,0.0,0.0,0.0,1000.0,0,0,-0.32199999999999995,-0.04199999999999998,-0.46199999999999997
16592,0.0,0.0,0.0,1000.0,0,0,-0.302,-0.04199999999999998,-0.46199999999999997
16593,0.0,0.0,0.0,1000.0,0,0,-0.282,-0.04199999999999998,-0.46199999999999997
16594,0.0,0.0,0.0,1000.0,0,0,-0.262,-0.04199999999999998,-0.46199999999999997
16595,0.0,0.0,0.0,1000.0,0,0,-0.242,-0.04199999999999998,-0.46199999999999997
16596,0.0,0.0,0.0,1000.0,0,0,-0.22199999999999998,-0.04199999999999998,-0.46199999999999997
16597,0.0,0.0,0.0,1000.0,0,0,-0.20199999999999996,-0.04199999999999998,-0.46199999999999997
16598,0.0,0.0,0.0,1000.0,0,0,-0.182,-0.04199999999999998,-0.46199999999999997
16599,0.0,0.0,0.0,1000.0,0,0,-0.16199999999999998,-0.04199999999999998,-0.46199999999999997
16600,0.0,0.0,0.0,1000.0,0,0,-0.482,-0.021999999999999964,-0.46199999999999997
16601,0.0,0.0,0.0,1000.0,0,0,-0.46199999999999997,-0.021999999999999964,-0.46199999999999997
16602,0.0,0.0,0.0,1000.0,0,0,-0.442,-0.021999999999999964,-0.46199999999999997
16603,0.0,0.0,0.0,1000.0,0,0,-0.422,-0.021999999999999964,-0.46199999999999997
16604,0.0,0.0,0.0,1000.0,0,0,-0.40199999999999997,-0.021999999999999964,-0.46199999999999997
16605,0.0,0.0,0.0,1000.0,0,0,-0.382,-0.021999999999999964,-0.46199999999999997
16606,0.0,0.0,0.0,1000.0,0,0,-0.362,-0.021999999999999964,-0.46199999999999997
16607,0.0,0.0,0.0,1000.0,0,0,-0.34199999999999997,-0.021999999999999964,-0.46199999999999997
16608,0.0,0.0,0.0,1000.0,0,0,-0.32199999999999995,-0.021999999999999964,-0.46199999999999997
16609,0.0,0.0,0.0,1000.0,0,0,-0.302,-0.021999999999999964,-0.46199999999999997
16610,0.0,0.0,0.0,1000.0,0,0,-0.282,-0.021999999999999964,-0.46199999999999997
16611,0.0,0.0,0.0,1000.0,0,0,-0.262,-0.021999999999999964,-0.46199999999999997
16612,0.0,0.0,0.0,1000.0,0,0,-0.242,-0.021999999999999964,-0.46199999999999997
16613,0.0,0.0,0.0,1000.0,0,0,-0.22199999999999998,-0.021999999999999964,-0.46199999999999997
16614,0.0,0.0,0.0,1000.0,0,0,-0.20199999999999996,-0.021999999999999964,-0.46199999999999997
16615,0.0,0.0,0.0,1000.0,0,0,-0.182,-0.021999999999999964,-0.46199999999999997
16616,0.0,0.0,0.0,1000.0,0,0,-0.16199999999999998,-0.021999999999999964,-0.46199999999999997
16617,0.0,0.0,0.0,1000.0,0,0,-0.482,-0.0020000000000000018,-0.46199999999999997
16618,0.0,0.0,0.0,1000.0,0,0,-0.46199999999999997,-0.0020000000000000018,-0.46199999999999997
16619,0.0,0.0,0.0,1000.0,0,0,-0.442,-0.0020000000000000018,-0.46199999999999997
16620,0.0,0.0,0.0,1000.0,0,0,-0.422,-0.0020000000000000018,-0.46199999999999997
16621,0.0,0.0,0.0,1000.0,0,0,-0.40199999999999997,-0.0020000000000000018,-0.46199999999999997
16622,0.0,0.0,0.0,1000.0,0,0,-0.382,-0.0020000000000000018,-0.46199999999999997
16623,0.0,0.0,0.0,1000.0,0,0,-0.362,-0.0020000000000000018,-0.46199999999999997
16624,0.0,0.0,0.0,1000.0,0,0,-0.34199999999999997,-0.0020000000000000018,-0.46199999999999997
16625,0.0,0.0,0.0,1000.0,0,0,-0.32199999999999995,-0.0020000000000000018,-0.46199999999999997
16626,0.0,0.0,0.0,1000.0,0,0,-0.302,-0.0020000000000000018,-0.46199999999999997
16627,0.0,0.0,0.0,1000.0,0,0,-0.282,-0.0020000000000000018,-0.46199999999999997
16628,0.0,0.0,0.0,1000.0,0,0,-0.262,-0.0020000000000000018,-0.46199999999999997
16629,0.0,0.0,0.0,1000.0,0,0,-0.242,-0.0020000000000000018,-0.46199999999999997
16630,0.0,0.0,0.0,1000.0,0,0,-0.22199999999999998,-0.0020000000000000018,-0.46199999999999997
16631,0.0,0.0,0.0,1000.0,0,0,-0.20199999999999996,-0.0020000000000000018,-0.46199999999999997
16632,0.0,0.0,0.0,1000.0,0,0,-0.182,-0.0020000000000000018,-0.46199999999999997
16633,0.0,0.0,0.0,1000.0,0,0,-0.16199999999999998,-0.0020000000000000018,-0.46199999999999997
16634,0.0,0.0,0.0,1000.0,0,0,-0.482,0.018000000000000016,-0.46199999999999997
16635,0.0,0.0,0.0,1000.0,0,0,-0.46199999999999997,0.018000000000000016,-0.46199999999999997
16636,0.0,0.0,0.0,1000.0,0,0,-0.442,0.018000000000000016,-0.46199999999999997
16637,0.0,0.0,0.0,1000.0,0,0,-0.422,0.018000000000000016,-0.46199999999999997
16638,0.0,0.0,0.0,1000.0,0,0,-0.40199999999999997,0.018000000000000016,-0.46199999999999997
16639,0.0,0.0,0.0,1000.0,0,0,-0.382,0.018000000000000016,-0.46199999999999997
16640,0.0,0.0,0.0,1000.0,0,0,-0.362,0.018000000000000016,-0.46199999999999997
16641,0.0,0.0,0.0,1000.0,0,0,-0.34199999999999997,0.018000000000000016,-0.46199999999999997
16642,0.0,0.0,0.0,1000.0,0,0,-0.32199999999999995,0.018000000000000016,-0.46199999999999997
16643,0.0,0.0,0.0,1000.0,0,0,-0.302,0.018000000000000016,-0.46199999999999997
16644,0.0,0.0,0.0,1000.0,0,0,-0.282,0.018000000000000016,-0.46199999999999997
16645,0.0,0.0,0.0,1000.0,0,0,-0.262,0.018000000000000016,-0.46199999999999997
16646,0.0,0.0,0.0,1000.0,0,0,-0.242,0.018000000000000016,-0.46199999999999997
16647,0.0,0.0,0.0,1000.0,0,0,-0.22199999999999998,0.018000000000000016,-0.46199999999999997
16648,0.0,0.0,0.0,1000.0,0,0,-0.20199999999999996,0.018000000000000016,-0.46199999999999997
16649,0.0,0.0,0.0,1000.0,0,0,-0.182,0.018000000000000016,-0.46199999999999997
16650,0.0,0.0,0.0,1000.0,0,0,-0.16199999999999998,0.018000000000000016,-0.46199999999999997
16651,0.0,0.0,0.0,1000.0,0,0,-0.482,0.038000000000000034,-0.46199999999999997
16652,0.0,0.0,0.0,1000.0,0,0,-0.46199999999999997,0.038000000000000034,-0.46199999999999997
16653,0.0,0.0,0.0,1000.0,0,0,-0.442,0.038000000000000034,-0.46199999999999997
16654,0.0,0.0,0.0,1000.0,0,0,-0.422,0.038000000000000034,-0.46199999999999997
16655,0.0,0.0,0.0,1000.0,0,0,-0.40199999999999997,0.038000000000000034,-0.46199999999999997
16656,0.0,0.0,0.0,1000.0,0,0,-0.382,0.038000000000000034,-0.46199999999999997
16657,0.0,0.0,0.0,1000.0,0,0,-0.362,0.038000000000000034,-0.46199999999999997
16658,0.0,0.0,0.0,1000.0,0,0,-0.34199999999999997,0.038000000000000034,-0.46199999999999997
16659,0.0,0.0,0.0,1000.0,0,0,-0.32199999999999995,0.038000000000000034,-0.46199999999999997
16660,0.0,0.0,0.0,1000.0,0,0,-0.302,0.038000000000000034,-0.46199999999999997
16661,0.0,0.0,0.0,1000.0,0,0,-0.282,0.038000000000000034,-0.46199999999999997
16662,0.0,0.0,0.0,1000.0,0,0,-0.262,0.038000000000000034,-0.46199999999999997
16663,0.0,0.0,0.0,1000.0,0,0,-0.242,0.038000000000000034,-0.46199999999999997
16664,0.0,0.0,0.0,1000.0,0,0,-0.22199999999999998,0.038000000000000034,-0.46199999999999997
16665,0.0,0.0,0.0,1000.0,0,0,-0.20199999999999996,0.038000000000000034,-0.46199999999999997
16666,0.0,0.0,0.0,1000.0,0,0,-0.182,0.038000000000000034,-0.46199999999999997
16667,0.0,0.0,0.0,1000.0,0,0,-0.16199999999999998,0.038000000000000034,-0.46199999999999997
16668,0.0,0.0,0.0,1000.0,0,0,-0.482,0.05800000000000005,-0.46199999999999997
16669,0.0,0.0,0.0,1000.0,0,0,-0.46199999999999997,0.05800000000000005,-0.46199999999999997
16670,0.0,0.0,0.0,1000.0,0,0,-0.442,0.05800000000000005,-0.46199999999999997
16671,0.0,0.0,0.0,1000.0,0,0,-0.422,0.05800000000000005,-0.46199999999999997
16672,0.0,0.0,0.0,1000.0,0,0,-0.40199999999999997,0.05800000000000005,-0.46199999999999997
16673,0.0,0.0,0.0,1000.0,0,0,-0.382,0.05800000000000005,-0.46199999999999997
16674,0.0,0.0,0.0,1000.0,0,0,-0.362,0.05800000000000005,-0.46199999999999997
16675,0.0,0.0,0.0,1000.0,0,0,-0.34199999999999997,0.05800000000000005,-0.46199999999999997
16676,0.0,0.0,0.0,1000.0,0,0,-0.32199999999999995,0.05800000000000005,-0.46199999999999997
16677,0.0,0.0,0.0,1000.0,0,0,-0.302,0.05800000000000005,-0.46199999999999997
16678,0.0,0.0,0.0,1000.0,0,0,-0.282,0.05800000000000005,-0.46199999999999997
16679,0.0,0.0,0.0,1000.0,0,0,-0.262,0.05800000000000005,-0.46199999999999997
16680,0.0,0.0,0.0,1000.0,0,0,-0.242,0.05800000000000005,-0.46199999999999997
16681,0.0,0.0,0.0,1000.0,0,0,-0.22199999999999998,0.05800000000000005,-0.46199999999999997
16682,0.0,0.0,0.0,1000.0,0,0,-0.20199999999999996,0.05800000000000005,-0.46199999999999997
16683,0.0,0.0,0.0,1000.0,0,0,-0.182,0.05800000000000005,-0.46199999999999997
16684,0.0,0.0,0.0,1000.0,0,0,-0.16199999999999998,0.05800000000000005,-0.46199999999999997
16685,0.0,0.0,0.0,1000.0,0,0,-0.482,0.07800000000000007,-0.46199999999999997
16686,0.0,0.0,0.0,1000.0,0,0,-0.46199999999999997,0.07800000000000007,-0.46199999999999997
16687,0.0,0.0,0.0,1000.0,0,0,-0.442,0.07800000000000007,-0.46199999999999997
16688,0.0,0.0,0.0,1000.0,0,0,-0.422,0.07800000000000007,-0.46199999999999997
16689,0.0,0.0,0.0,1000.0,0,0,-0.40199999999999997,0.07800000000000007,-0.46199999999999997
16690,0.0,0.0,0.0,1000.0,0,0,-0.382,0.07800000000000007,-0.46199999999999997
16691,0.0,0.0,0.0,1000.0,0,0,-0.362,0.07800000000000007,-0.46199999999999997
16692,0.0,0.0,0.0,1000.0,0,0,-0.34199999999999997,0.07800000000000007,-0.46199999999999997
16693,0.0,0.0,0.0,1000.0,0,0,-0.32199999999999995,0.07800000000000007,-0.46199999999999997
16694,0.0,0.0,0.0,1000.0,0,0,-0.302,0.07800000000000007,-0.46199999999999997
16695,0.0,0.0,0.0,1000.0,0,0,-0.282,0.07800000000000007,-0.46199999999999997
16696,0.0,0.0,0.0,1000.0,0,0,-0.262,0.07800000000000007,-0.46199999999999997
16697,0.0,0.0,0.0,1000.0,0,0,-0.242,0.07800000000000007,-0.46199999999999997
16698,0.0,0.0,0.0,1000.0,0,0,-0.22199999999999998,0.07800000000000007,-0.46199999999999997
16699,0.0,0.0,0.0,1000.0,0,0,-0.20199999999999996,0.07800000000000007,-0.46199999999999997
16700,0.0,0.0,0.0,1000.0,0,0,-0.182,0.07800000000000007,-0.46199999999999997
16701,0.0,0.0,0.0,1000.0,0,0,-0.16199999999999998,0.07800000000000007,-0.46199999999999997
16702,0.0,0.0,0.0,1000.0,0,0,-0.482,0.09799999999999998,-0.46199999999999997
16703,0.0,0.0,0.0,1000.0,0,0,-0.46199999999999997,0.09799999999999998,-0.46199999999999997
16704,0.0,0.0,0.0,1000.0,0,0,-0.442,0.09799999999999998,-0.46199999999999997
16705,0.0,0.0,0.0,1000.0,0,0,-0.422,0.09799999999999998,-0.46199999999999997
16706,0.0,0.0,0.0,1000.0,0,0,-0.40199999999999997,0.09799999999999998,-0.46199999999999997
16707,0.0,0.0,0.0,1000.0,0,0,-0.382,0.09799999999999998,-0.46199999999999997
16708,0.0,0.0,0.0,1000.0,0,0,-0.362,0.09799999999999998,-0.46199999999999997
16709,0.0,0.0,0.0,1000.0,0,0,-0.34199999999999997,0.09799999999999998,-0.46199999999999997
16710,0.0,0.0,0.0,1000.0,0,0,-0.32199999999999995,0.09799999999999998,-0.46199999999999997
16711,0.0,0.0,0.0,1000.0,0,0,-0.302,0.09799999999999998,-0.46199999999999997
16712,0.0,0.0,0.0,1000.0,0,0,-0.282,0.09799999999999998,-0.46199999999999997
16713,0.0,0.0,0.0,1000.0,0,0,-0.262,0.09799999999999998,-0.46199999999999997
16714,0.0,0.0,0.0,1000.0,0,0,-0.242,0.09799999999999998,-0.46199999999999997
16715,0.0,0.0,0.0,1000.0,0,0,-0.22199999999999998,0.09799999999999998,-0.46199999999999997
16716,0.0,0.0,0.0,1000.0,0,0,-0.20199999999999996,0.09799999999999998,-0.46199999999999997
16717,0.0,0.0,0.0,1000.0,0,0,-0.182,0.09799999999999998,-0.46199999999999997
16718,0.0,0.0,0.0,1000.0,0,0,-0.16199999999999998,0.09799999999999998,-0.46199999999999997
16719,0.0,0.0,0.0,1000.0,0,0,-0.482,0.118,-0.46199999999999997
16720,0.0,0.0,0.0,1000.0,0,0,-0.46199999999999997,0.118,-0.46199999999999997
16721,0.0,0.0,0.0,1000.0,0,0,-0.442,0.118,-0.46199999999999997
16722,0.0,0.0,0.0,1000.0,0,0,-0.422,0.118,-0.46199999999999997
16723,0.0,0.0,0.0,1000.0,0,0,-0.40199999999999997,0.118,-0.46199999999999997
16724,0.0,0.0,0.0,1000.0,0,0,-0.382,0.118,-0.46199999999999997
16725,0.0,0.0,0.0,1000.0,0,0,-0.362,0.118,-0.46199999999999997
16726,0.0,0.0,0.0,1000.0,0,0,-0.34199999999999997,0.118,-0.46199999999999997
16727,0.0,0.0,0.0,1000.0,0,0,-0.32199999999999995,0.118,-0.46199999999999997
16728,0.0,0.0,0.0,1000.0,0,0,-0.302,0.118,-0.46199999999999997
16729,0.0,0.0,0.0,1000.0,0,0,-0.282,0.118,-0.46199999999999997
16730,0.0,0.0,0.0,1000.0,0,0,-0.262,0.118,-0.46199999999999997
16731,0.0,0.0,0.0,1000.0,0,0,-0.242,0.118,-0.46199999999999997
16732,0.0,0.0,0.0,1000.0,0,0,-0.22199999999999998,0.118,-0.46199999999999997
16733,0.0,0.0,0.0,1000.0,0,0,-0.20199999999999996,0.118,-0.46199999999999997
16734,0.0,0.0,0.0,1000.0,0,0,-0.182,0.118,-0.46199999999999997
16735,0.0,0.0,0.0,1000.0,0,0,-0.16199999999999998,0.118,-0.46199999999999997
16736,0.0,0.0,0.0,1000.0,0,0,-0.482,0.138,-0.46199999999999997
16737,0.0,0.0,0.0,1000.0,0,0,-0.46199999999999997,0.138,-0.46199999999999997
16738,0.0,0.0,0.0,1000.0,0,0,-0.442,0.138,-0.46199999999999997
16739,0.0,0.0,0.0,1000.0,0,0,-0.422,0.138,-0.46199999999999997
16740,0.0,0.0,0.0,1000.0,0,0,-0.40199999999999997,0.138,-0.46199999999999997
16741,0.0,0.0,0.0,1000.0,0,0,-0.382,0.138,-0.46199999999999997
16742,0.0,0.0,0.0,1000.0,0,0,-0.362,0.138,-0.46199999999999997
16743,0.0,0.0,0.0,1000.0,0,0,-0.34199999999999997,0.138,-0.46199999999999997
16744,0.0,0.0,0.0,1000.0,0,0,-0.32199999999999995,0.138,-0.46199999999999997
16745,0.0,0.0,0.0,1000.0,0,0,-0.302,0.138,-0.46199999999999997
16746,0.0,0.0,0.0,1000.0,0,0,-0.282,0.138,-0.46199999999999997
16747,0.0,0.0,0.0,1000.0,0,0,-0.262,0.138,-0.46199999999999997
16748,0.0,0.0,0.0,1000.0,0,0,-0.242,0.138,-0.46199999999999997
16749,0.0,0.0,0.0,1000.0,0,0,-0.22199999999999998,0.138,-0.46199999999999997
16750,0.0,0.0,0.0,1000.0,0,0,-0.20199999999999996,0.138,-0.46199999999999997
16751,0.0,0.0,0.0,1000.0,0,0,-0.182,0.138,-0.46199999999999997
16752,0.0,0.0,0.0,1000.0,0,0,-0.16199999999999998,0.138,-0.46199999999999997
16753,0.0,0.0,0.0,1000.0,0,0,-0.482,0.15800000000000003,-0.46199999999999997
16754,0.0,0.0,0.0,1000.0,0,0,-0.46199999999999997,0.15800000000000003,-0.46199999999999997
16755,0.0,0.0,0.0,1000.0,0,0,-0.442,0.15800000000000003,-0.46199999999999997
16756,0.0,0.0,0.0,1000.0,0,0,-0.422,0.15800000000000003,-0.46199999999999997
16757,0.0,0.0,0.0,1000.0,0,0,-0.40199999999999997,0.15800000000000003,-0.46199999999999997
16758,0.0,0.0,0.0,1000.0,0,0,-0.382,0.15800000000000003,-0.46199999999999997
16759,0.0,0.0,0.0,1000.0,0,0,-0.362,0.15800000000000003,-0.46199999999999997
16760,0.0,0.0,0.0,1000.0,0,0,-0.34199999999999997,0.15800000000000003,-0.46199999999999997
16761,0.0,0.0,0.0,1000.0,0,0,-0.32199999999999995,0.15800000000000003,-0.46199999999999997
16762,0.0,0.0,0.0,1000.0,0,0,-0.302,0.15800000000000003,-0.46199999999999997
16763,0.0,0.0,0.0,1000.0,0,0,-0.282,0.15800000000000003,-0.46199999999999997
16764,0.0,0.0,0.0,1000.0,0,0,-0.262,0.15800000000000003,-0.46199999999999997
16765,0.0,0.0,0.0,1000.0,0,0,-0.242,0.15800000000000003,-0.46199999999999997
16766,0.0,0.0,0.0,1000.0,0,0,-0.22199999999999998,0.15800000000000003,-0.46199999999999997
16767,0.0,0.0,0.0,1000.0,0,0,-0.20199999999999996,0.15800000000000003,-0.46199999999999997
16768,0.0,0.0,0.0,1000.0,0,0,-0.182,0.15800000000000003,-0.46199999999999997
16769,0.0,0.0,0.0,1000.0,0,0,-0.16199999999999998,0.15800000000000003,-0.46199999999999997
16770,0.0,0.0,0.0,1000.0,0,0,-0.482,0.17800000000000005,-0.46199999999999997
16771,0.0,0.0,0.0,1000.0,0,0,-0.46199999999999997,0.17800000000000005,-0.46199999999999997
16772,0.0,0.0,0.0,1000.0,0,0,-0.442,0.17800000000000005,-0.46199999999999997
16773,0.0,0.0,0.0,1000.0,0,0,-0.422,0.17800000000000005,-0.46199999999999997
16774,0.0,0.0,0.0,1000.0,0,0,-0.40199999999999997,0.17800000000000005,-0.46199999999999997
16775,0.0,0.0,0.0,1000.0,0,0,-0.382,0.17800000000000005,-0.46199999999999997
16776,0.0,0.0,0.0,1000.0,0,0,-0.362,0.17800000000000005,-0.46199999999999997
16777,0.0,0.0,0.0,1000.0,0,0,-0.34199999999999997,0.17800000000000005,-0.46199999999999997
16778,0.0,0.0,0.0,1000.0,0,0,-0.32199999999999995,0.17800000000000005,-0.46199999999999997
16779,0.0,0.0,0.0,1000.0,0,0,-0.302,0.17800000000000005,-0.46199999999999997
16780,0.0,0.0,0.0,1000.0,0,0,-0.282,0.17800000000000005,-0.46199999999999997
16781,0.0,0.0,0.0,1000.0,0,0,-0.262,0.17800000000000005,-0.46199999999999997
16782,0.0,0.0,0.0,1000.0,0,0,-0.242,0.17800000000000005,-0.46199999999999997
16783,0.0,0.0,0.0,1000.0,0,0,-0.22199999999999998,0.17800000000000005,-0.46199999999999997
16784,0.0,0.0,0.0,1000.0,0,0,-0.20199999999999996,0.17800000000000005,-0.46199999999999997
16785,0.0,0.0,0.0,1000.0,0,0,-0.182,0.17800000000000005,-0.46199999999999997
16786,0.0,0.0,0.0,1000.0,0,0,-0.16199999999999998,0.17800000000000005,-0.46199999999999997
16787,0.0,0.0,0.0,1000.0,0,0,-0.482,0.19800000000000006,-0.46199999999999997
16788,0.0,0.0,0.0,1000.0,0,0,-0.46199999999999997,0.19800000000000006,-0.46199999999999997
16789,0.0,0.0,0.0,1000.0,0,0,-0.442,0.19800000000000006,-0.46199999999999997
16790,0.0,0.0,0.0,1000.0,0,0,-0.422,0.19800000000000006,-0.46199999999999997
16791,0.0,0.0,0.0,1000.0,0,0,-0.40199999999999997,0.19800000000000006,-0.46199999999999997
16792,0.0,0.0,0.0,1000.0,0,0,-0.382,0.19800000000000006,-0.46199999999999997
16793,0.0,0.0,0.0,1000.0,0,0,-0.362,0.19800000000000006,-0.46199999999999997
16794,0.0,0.0,0.0,1000.0,0,0,-0.34199999999999997,0.19800000000000006,-0.46199999999999997
16795,0.0,0.0,0.0,1000.0,0,0,-0.32199999999999995,0.19800000000000006,-0.46199999999999997
16796,0.0,0.0,0.0,1000.0,0,0,-0.302,0.19800000000000006,-0.46199999999999997
16797,0.0,0.0,0.0,1000.0,0,0,-0.282,0.19800000000000006,-0.46199999999999997
16798,0.0,0.0,0.0,1000.0,0,0,-0.262,0.19800000000000006,-0.46199999999999997
16799,0.0,0.0,0.0,1000.0,0,0,-0.242,0.19800000000000006,-0.46199999999999997
16800,0.0,0.0,0.0,1000.0,0,0,-0.22199999999999998,0.19800000000000006,-0.46199999999999997
16801,0.0,0.0,0.0,1000.0,0,0,-0.20199999999999996,0.19800000000000006,-0.46199999999999997
16802,0.0,0.0,0.0,1000.0,0,0,-0.182,0.19800000000000006,-0.46199999999999997
16803,0.0,0.0,0.0,1000.0,0,0,-0.16199999999999998,0.19800000000000006,-0.46199999999999997
16804,0.0,0.0,0.0,1000.0,0,0,-0.482,0.21800000000000008,-0.46199999999999997
16805,0.0,0.0,0.0,1000.0,0,0,-0.46199999999999997,0.21800000000000008,-0.46199999999999997
16806,0.0,0.0,0.0,1000.0,0,0,-0.442,0.21800000000000008,-0.46199999999999997
16807,0.0,0.0,0.0,1000.0,0,0,-0.422,0.21800000000000008,-0.46199999999999997
16808,0.0,0.0,0.0,1000.0,0,0,-0.40199999999999997,0.21800000000000008,-0.46199999999999997
16809,0.0,0.0,0.0,1000.0,0,0,-0.382,0.21800000000000008,-0.46199999999999997
16810,0.0,0.0,0.0,1000.0,0,0,-0.362,0.21800000000000008,-0.46199999999999997
16811,0.0,0.0,0.0,1000.0,0,0,-0.34199999999999997,0.21800000000000008,-0.46199999999999997
16812,0.0,0.0,0.0,1000.0,0,0,-0.32199999999999995,0.21800000000000008,-0.46199999999999997
16813,0.0,0.0,0.0,1000.0,0,0,-0.302,0.21800000000000008,-0.46199999999999997
16814,0.0,0.0,0.0,1000.0,0,0,-0.282,0.21800000000000008,-0.46199999999999997
16815,0.0,0.0,0.0,1000.0,0,0,-0.262,0.21800000000000008,-0.46199999999999997
16816,0.0,0.0,0.0,1000.0,0,0,-0.242,0.21800000000000008,-0.46199999999999997
16817,0.0,0.0,0.0,1000.0,0,0,-0.22199999999999998,0.21800000000000008,-0.46199999999999997
16818,0.0,0.0,0.0,1000.0,0,0,-0.20199999999999996,0.21800000000000008,-0.46199999999999997
16819,0.0,0.0,0.0,1000.0,0,0,-0.182,0.21800000000000008,-0.46199999999999997
16820,0.0,0.0,0.0,1000.0,0,0,-0.16199999999999998,0.21800000000000008,-0.46199999999999997
16821,0.0,0.0,0.0,1000.0,0,0,-0.482,0.238,-0.46199999999999997
16822,0.0,0.0,0.0,1000.0,0,0,-0.46199999999999997,0.238,-0.46199999999999997
16823,0.0,0.0,0.0,1000.0,0,0,-0.442,0.238,-0.46199999999999997
16824,0.0,0.0,0.0,1000.0,0,0,-0.422,0.238,-0.46199999999999997
16825,0.0,0.0,0.0,1000.0,0,0,-0.40199999999999997,0.238,-0.46199999999999997
16826,0.0,0.0,0.0,1000.0,0,0,-0.382,0.238,-0.46199999999999997
16827,0.0,0.0,0.0,1000.0,0,0,-0.362,0.238,-0.46199999999999997
16828,0.0,0.0,0.0,1000.0,0,0,-0.34199999999999997,0.238,-0.46199999999999997
16829,0.0,0.0,0.0,1000.0,0,0,-0.32199999999999995,0.238,-0.46199999999999997
16830,0.0,0.0,0.0,1000.0,0,0,-0.302,0.238,-0.46199999999999997
16831,0.0,0.0,0.0,1000.0,0,0,-0.282,0.238,-0.46199999999999997
16832,0.0,0.0,0.0,1000.0,0,0,-0.262,0.238,-0.46199999999999997
16833,0.0,0.0,0.0,1000.0,0,0,-0.242,0.238,-0.46199999999999997
16834,0.0,0.0,0.0,1000.0,0,0,-0.22199999999999998,0.238,-0.46199999999999997
16835,0.0,0.0,0.0,1000.0,0,0,-0.20199999999999996,0.238,-0.46199999999999997
16836,0.0,0.0,0.0,1000.0,0,0,-0.182,0.238,-0.46199999999999997
16837,0.0,0.0,0.0,1000.0,0,0,-0.16199999999999998,0.238,-0.46199999999999997
16838,0.0,0.0,0.0,1000.0,0,0,-0.482,0.258,-0.46199999999999997
16839,0.0,0.0,0.0,1000.0,0,0,-0.46199999999999997,0.258,-0.46199999999999997
16840,0.0,0.0,0.0,1000.0,0,0,-0.442,0.258,-0.46199999999999997
16841,0.0,0.0,0.0,1000.0,0,0,-0.422,0.258,-0.46199999999999997
16842,0.0,0.0,0.0,1000.0,0,0,-0.40199999999999997,0.258,-0.46199999999999997
16843,0.0,0.0,0.0,1000.0,0,0,-0.382,0.258,-0.46199999999999997
16844,0.0,0.0,0.0,1000.0,0,0,-0.362,0.258,-0.46199999999999997
16845,0.0,0.0,0.0,1000.0,0,0,-0.34199999999999997,0.258,-0.46199999999999997
16846,0.0,0.0,0.0,1000.0,0,0,-0.32199999999999995,0.258,-0.46199999999999997
16847,0.0,0.0,0.0,1000.0,0,0,-0.302,0.258,-0.46199999999999997
16848,0.0,0.0,0.0,1000.0,0,0,-0.282,0.258,-0.46199999999999997
16849,0.0,0.0,0.0,1000.0,0,0,-0.262,0.258,-0.46199999999999997
16850,0.0,0.0,0.0,1000.0,0,0,-0.242,0.258,-0.46199999999999997
16851,0.0,0.0,0.0,1000.0,0,0,-0.22199999999999998,0.258,-0.46199999999999997
16852,0.0,0.0,0.0,1000.0,0,0,-0.20199999999999996,0.258,-0.46199999999999997
16853,0.0,0.0,0.0,1000.0,0,0,-0.182,0.258,-0.46199999999999997
16854,0.0,0.0,0.0,1000.0,0,0,-0.16199999999999998,0.258,-0.46199999999999997
16855,0.0,0.0,0.0,1000.0,0,0,-0.482,0.278,-0.46199999999999997
16856,0.0,0.0,0.0,1000.0,0,0,-0.46199999999999997,0.278,-0.46199999999999997
16857,0.0,0.0,0.0,1000.0,0,0,-0.442,0.278,-0.46199999999999997
16858,0.0,0.0,0.0,1000.0,0,0,-0.422,0.278,-0.46199999999999997
16859,0.0,0.0,0.0,1000.0,0,0,-0.40199999999999997,0.278,-0.46199999999999997
16860,0.0,0.0,0.0,1000.0,0,0,-0.382,0.278,-0.46199999999999997
16861,0.0,0.0,0.0,1000.0,0,0,-0.362,0.278,-0.46199999999999997
16862,0.0,0.0,0.0,1000.0,0,0,-0.34199999999999997,0.278,-0.46199999999999997
16863,0.0,0.0,0.0,1000.0,0,0,-0.32199999999999995,0.278,-0.46199999999999997
16864,0.0,0.0,0.0,1000.0,0,0,-0.302,0.278,-0.46199999999999997
16865,0.0,0.0,0.0,1000.0,0,0,-0.282,0.278,-0.46199999999999997
16866,0.0,0.0,0.0,1000.0,0,0,-0.262,0.278,-0.46199999999999997
16867,0.0,0.0,0.0,1000.0,0,0,-0.242,0.278,-0.46199999999999997
16868,0.0,0.0,0.0,1000.0,0,0,-0.22199999999999998,0.278,-0.46199999999999997
16869,0.0,0.0,0.0,1000.0,0,0,-0.20199999999999996,0.278,-0.46199999999999997
16870,0.0,0.0,0.0,1000.0,0,0,-0.182,0.278,-0.46199999999999997
16871,0.0,0.0,0.0,1000.0,0,0,-0.16199999999999998,0.278,-0.46199999999999997
16872,0.0,0.0,0.0,1000.0,0,0,-0.482,0.29800000000000004,-0.46199999999999997
16873,0.0,0.0,0.0,1000.0,0,0,-0.46199999999999997,0.29800000000000004,-0.46199999999999997
16874,0.0,0.0,0.0,1000.0,0,0,-0.442,0.29800000000000004,-0.46199999999999997
16875,0.0,0.0,0.0,1000.0,0,0,-0.422,0.29800000000000004,-0.46199999999999997
16876,0.0,0.0,0.0,1000.0,0,0,-0.40199999999999997,0.29800000000000004,-0.46199999999999997
16877,0.0,0.0,0.0,1000.0,0,0,-0.382,0.29800000000000004,-0.46199999999999997
16878,0.0,0.0,0.0,1000.0,0,0,-0.362,0.29800000000000004,-0.46199999999999997
16879,0.0,0.0,0.0,1000.0,0,0,-0.34199999999999997,0.29800000000000004,-0.46199999999999997
16880,0.0,0.0,0.0,1000.0,0,0,-0.32199999999999995,0.29800000000000004,-0.46199999999999997
16881,0.0,0.0,0.0,1000.0,0,0,-0.302,0.29800000000000004,-0.46199999999999997
16882,0.0,0.0,0.0,1000.0,0,0,-0.282,0.29800000000000004,-0.46199999999999997
16883,0.0,0.0,0.0,1000.0,0,0,-0.262,0.29800000000000004,-0.46199999999999997
16884,0.0,0.0,0.0,1000.0,0,0,-0.242,0.29800000000000004,-0.46199999999999997
16885,0.0,0.0,0.0,1000.0,0,0,-0.22199999999999998,0.29800000000000004,-0.46199999999999997
16886,0.0,0.0,0.0,1000.0,0,0,-0.20199999999999996,0.29800000000000004,-0.46199999999999997
16887,0.0,0.0,0.0,1000.0,0,0,-0.182,0.29800000000000004,-0.46199999999999997
16888,0.0,0.0,0.0,1000.0,0,0,-0.16199999999999998,0.29800000000000004,-0.46199999999999997
16889,0.0,0.0,0.0,1000.0,0,0,-0.482,0.31800000000000006,-0.46199999999999997
16890,0.0,0.0,0.0,1000.0,0,0,-0.46199999999999997,0.31800000000000006,-0.46199999999999997
16891,0.0,0.0,0.0,1000.0,0,0,-0.442,0.31800000000000006,-0.46199999999999997
16892,0.0,0.0,0.0,1000.0,0,0,-0.422,0.31800000000000006,-0.46199999999999997
16893,0.0,0.0,0.0,1000.0,0,0,-0.40199999999999997,0.31800000000000006,-0.46199999999999997
16894,0.0,0.0,0.0,1000.0,0,0,-0.382,0.31800000000000006,-0.46199999999999997
16895,0.0,0.0,0.0,1000.0,0,0,-0.362,0.31800000000000006,-0.46199999999999997
16896,0.0,0.0,0.0,1000.0,0,0,-0.34199999999999997,0.31800000000000006,-0.46199999999999997
16897,0.0,0.0,0.0,1000.0,0,0,-0.32199999999999995,0.31800000000000006,-0.46199999999999997
16898,0.0,0.0,0.0,1000.0,0,0,-0.302,0.31800000000000006,-0.46199999999999997
16899,0.0,0.0,0.0,1000.0,0,0,-0.282,0.31800000000000006,-0.46199999999999997
16900,0.0,0.0,0.0,1000.0,0,0,-0.262,0.31800000000000006,-0.46199999999999997
16901,0.0,0.0,0.0,1000.0,0,0,-0.242,0.31800000000000006,-0.46199999999999997
16902,0.0,0.0,0.0,1000.0,0,0,-0.22199999999999998,0.31800000000000006,-0.46199999999999997
16903,0.0,0.0,0.0,1000.0,0,0,-0.20199999999999996,0.31800000000000006,-0.46199999999999997
16904,0.0,0.0,0.0,1000.0,0,0,-0.182,0.31800000000000006,-0.46199999999999997
16905,0.0,0.0,0.0,1000.0,0,0,-0.16199999999999998,0.31800000000000006,-0.46199999999999997
16906,0.0,0.0,0.0,1000.0,0,0,-0.482,0.3380000000000001,-0.46199999999999997
16907,0.0,0.0,0.0,1000.0,0,0,-0.46199999999999997,0.3380000000000001,-0.46199999999999997
16908,0.0,0.0,0.0,1000.0,0,0,-0.442,0.3380000000000001,-0.46199999999999997
16909,0.0,0.0,0.0,1000.0,0,0,-0.422,0.3380000000000001,-0.46199999999999997
16910,0.0,0.0,0.0,1000.0,0,0,-0.40199999999999997,0.3380000000000001,-0.46199999999999997
16911,0.0,0.0,0.0,1000.0,0,0,-0.382,0.3380000000000001,-0.46199999999999997
16912,0.0,0.0,0.0,1000.0,0,0,-0.362,0.3380000000000001,-0.46199999999999997
16913,0.0,0.0,0.0,1000.0,0,0,-0.34199999999999997,0.3380000000000001,-0.46199999999999997
16914,0.0,0.0,0.0,1000.0,0,0,-0.32199999999999995,0.3380000000000001,-0.46199999999999997
16915,0.0,0.0,0.0,1000.0,0,0,-0.302,0.3380000000000001,-0.46199999999999997
16916,0.0,0.0,0.0,1000.0,0,0,-0.282,0.3380000000000001,-0.46199999999999997
16917,0.0,0.0,0.0,1000.0,0,0,-0.262,0.3380000000000001,-0.46199999999999997
16918,0.0,0.0,0.0,1000.0,0,0,-0.242,0.3380000000000001,-0.46199999999999997
16919,0.0,0.0,0.0,1000.0,0,0,-0.22199999999999998,0.3380000000000001,-0.46199999999999997
16920,0.0,0.0,0.0,1000.0,0,0,-0.20199999999999996,0.3380000000000001,-0.46199999999999997
16921,0.0,0.0,0.0,1000.0,0,0,-0.182,0.3380000000000001,-0.46199999999999997
16922,0.0,0.0,0.0,1000.0,0,0,-0.16199999999999998,0.3380000000000001,-0.46199999999999997
16923,0.0,0.0,0.0,1000.0,0,0,-0.482,0.358,-0.46199999999999997
16924,0.0,0.0,0.0,1000.0,0,0,-0.46199999999999997,0.358,-0.46199999999999997
16925,0.0,0.0,0.0,1000.0,0,0,-0.442,0.358,-0.46199999999999997
16926,0.0,0.0,0.0,1000.0,0,0,-0.422,0.358,-0.46199999999999997
16927,0.0,0.0,0.0,1000.0,0,0,-0.40199999999999997,0.358,-0.46199999999999997
16928,0.0,0.0,0.0,1000.0,0,0,-0.382,0.358,-0.46199999999999997
16929,0.0,0.0,0.0,1000.0,0,0,-0.362,0.358,-0.46199999999999997
16930,0.0,0.0,0.0,1000.0,0,0,-0.34199999999999997,0.358,-0.46199999999999997
16931,0.0,0.0,0.0,1000.0,0,0,-0.32199999999999995,0.358,-0.46199999999999997
16932,0.0,0.0,0.0,1000.0,0,0,-0.302,0.358,-0.46199999999999997
16933,0.0,0.0,0.0,1000.0,0,0,-0.282,0.358,-0.46199999999999997
16934,0.0,0.0,0.0,1000.0,0,0,-0.262,0.358,-0.46199999999999997
16935,0.0,0.0,0.0,1000.0,0,0,-0.242,0.358,-0.46199999999999997
16936,0.0,0.0,0.0,1000.0,0,0,-0.22199999999999998,0.358,-0.46199999999999997
16937,0.0,0.0,0.0,1000.0,0,0,-0.20199999999999996,0.358,-0.46199999999999997
16938,0.0,0.0,0.0,1000.0,0,0,-0.182,0.358,-0.46199999999999997
16939,0.0,0.0,0.0,1000.0,0,0,-0.16199999999999998,0.358,-0.46199999999999997
16940,0.0,0.0,0.0,1000.0,0,0,-0.482,0.378,-0.46199999999999997
16941,0.0,0.0,0.0,1000.0,0,0,-0.46199999999999997,0.378,-0.46199999999999997
16942,0.0,0.0,0.0,1000.0,0,0,-0.442,0.378,-0.46199999999999997
16943,0.0,0.0,0.0,1000.0,0,0,-0.422,0.378,-0.46199999999999997
16944,0.0,0.0,0.0,1000.0,0,0,-0.40199999999999997,0.378,-0.46199999999999997
16945,0.0,0.0,0.0,1000.0,0,0,-0.382,0.378,-0.46199999999999997
16946,0.0,0.0,0.0,1000.0,0,0,-0.362,0.378,-0.46199999999999997
16947,0.0,0.0,0.0,1000.0,0,0,-0.34199999999999997,0.378,-0.46199999999999997
16948,0.0,0.0,0.0,1000.0,0,0,-0.32199999999999995,0.378,-0.46199999999999997
16949,0.0,0.0,0.0,1000.0,0,0,-0.302,0.378,-0.46199999999999997
16950,0.0,0.0,0.0,1000.0,0,0,-0.282,0.378,-0.46199999999999997
16951,0.0,0.0,0.0,1000.0,0,0,-0.262,0.378,-0.46199999999999997
16952,0.0,0.0,0.0,1000.0,0,0,-0.242,0.378,-0.46199999999999997
16953,0.0,0.0,0.0,1000.0,0,0,-0.22199999999999998,0.378,-0.46199999999999997
16954,0.0,0.0,0.0,1000.0,0,0,-0.20199999999999996,0.378,-0.46199999999999997
16955,0.0,0.0,0.0,1000.0,0,0,-0.182,0.378,-0.46199999999999997
16956,0.0,0.0,0.0,1000.0,0,0,-0.16199999999999998,0.378,-0.46199999999999997
16957,0.0,0.0,0.0,1000.0,0,0,-0.482,0.398,-0.46199999999999997
16958,0.0,0.0,0.0,1000.0,0,0,-0.46199999999999997,0.398,-0.46199999999999997
16959,0.0,0.0,0.0,1000.0,0,0,-0.442,0.398,-0.46199999999999997
16960,0.0,0.0,0.0,1000.0,0,0,-0.422,0.398,-0.46199999999999997
16961,0.0,0.0,0.0,1000.0,0,0,-0.40199999999999997,0.398,-0.46199999999999997
16962,0.0,0.0,0.0,1000.0,0,0,-0.382,0.398,-0.46199999999999997
16963,0.0,0.0,0.0,1000.0,0,0,-0.362,0.398,-0.46199999999999997
16964,0.0,0.0,0.0,1000.0,0,0,-0.34199999999999997,0.398,-0.46199999999999997
16965,0.0,0.0,0.0,1000.0,0,0,-0.32199999999999995,0.398,-0.46199999999999997
16966,0.0,0.0,0.0,1000.0,0,0,-0.302,0.398,-0.46199999999999997
16967,0.0,0.0,0.0,1000.0,0,0,-0.282,0.398,-0.46199999999999997
16968,0.0,0.0,0.0,1000.0,0,0,-0.262,0.398,-0.46199999999999997
16969,0.0,0.0,0.0,1000.0,0,0,-0.242,0.398,-0.46199999999999997
16970,0.0,0.0,0.0,1000.0,0,0,-0.22199999999999998,0.398,-0.46199999999999997
16971,0.0,0.0,0.0,1000.0,0,0,-0.20199999999999996,0.398,-0.46199999999999997
16972,0.0,0.0,0.0,1000.0,0,0,-0.182,0.398,-0.46199999999999997
16973,0.0,0.0,0.0,1000.0,0,0,-0.16199999999999998,0.398,-0.46199999999999997
16974,0.0,0.0,0.0,1000.0,0,0,-0.482,0.41800000000000004,-0.46199999999999997
16975,0.0,0.0,0.0,1000.0,0,0,-0.46199999999999997,0.41800000000000004,-0.46199999999999997
16976,0.0,0.0,0.0,1000.0,0,0,-0.442,0.41800000000000004,-0.46199999999999997
16977,0.0,0.0,0.0,1000.0,0,0,-0.422,0.41800000000000004,-0.46199999999999997
16978,0.0,0.0,0.0,1000.0,0,0,-0.40199999999999997,0.41800000000000004,-0.46199999999999997
16979,0.0,0.0,0.0,1000.0,0,0,-0.382,0.41800000000000004,-0.46199999999999997
16980,0.0,0.0,0.0,1000.0,0,0,-0.362,0.41800000000000004,-0.46199999999999997
16981,0.0,0.0,0.0,1000.0,0,0,-0.34199999999999997,0.41800000000000004,-0.46199999999999997
16982,0.0,0.0,0.0,1000.0,0,0,-0.32199999999999995,0.41800000000000004,-0.46199999999999997
16983,0.0,0.0,0.0,1000.0,0,0,-0.302,0.41800000000000004,-0.46199999999999997
16984,0.0,0.0,0.0,1000.0,0,0,-0.282,0.41800000000000004,-0.46199999999999997
16985,0.0,0.0,0.0,1000.0,0,0,-0.262,0.41800000000000004,-0.46199999999999997
16986,0.0,0.0,0.0,1000.0,0,0,-0.242,0.41800000000000004,-0.46199999999999997
16987,0.0,0.0,0.0,1000.0,0,0,-0.22199999999999998,0.41800000000000004,-0.46199999999999997
16988,0.0,0.0,0.0,1000.0,0,0,-0.20199999999999996,0.41800000000000004,-0.46199999999999997
16989,0.0,0.0,0.0,1000.0,0,0,-0.182,0.41800000000000004,-0.46199999999999997
16990,0.0,0.0,0.0,1000.0,0,0,-0.16199999999999998,0.41800000000000004,-0.46199999999999997
16991,0.0,0.0,0.0,1000.0,0,0,-0.482,0.43800000000000006,-0.46199999999999997
16992,0.0,0.0,0.0,1000.0,0,0,-0.46199999999999997,0.43800000000000006,-0.46199999999999997
16993,0.0,0.0,0.0,1000.0,0,0,-0.442,0.43800000000000006,-0.46199999999999997
16994,0.0,0.0,0.0,1000.0,0,0,-0.422,0.43800000000000006,-0.46199999999999997
16995,0.0,0.0,0.0,1000.0,0,0,-0.40199999999999997,0.43800000000000006,-0.46199999999999997
16996,0.0,0.0,0.0,1000.0,0,0,-0.382,0.43800000000000006,-0.46199999999999997
16997,0.0,0.0,0.0,1000.0,0,0,-0.362,0.43800000000000006,-0.46199999999999997
16998,0.0,0.0,0.0,1000.0,0,0,-0.34199999999999997,0.43800000000000006,-0.46199999999999997
16999,0.0,0.0,0.0,1000.0,0,0,-0.32199999999999995,0.43800000000000006,-0.46199999999999997
17000,0.0,0.0,0.0,1000.0,0,0,-0.302,0.43800000000000006,-0.46199999999999997
17001,0.0,0.0,0.0,1000.0,0,0,-0.282,0.43800000000000006,-0.46199999999999997
17002,0.0,0.0,0.0,1000.0,0,0,-0.262,0.43800000000000006,-0.46199999999999997
17003,0.0,0.0,0.0,1000.0,0,0,-0.242,0.43800000000000006,-0.46199999999999997
17004,0.0,0.0,0.0,1000.0,0,0,-0.22199999999999998,0.43800000000000006,-0.46199999999999997
17005,0.0,0.0,0.0,1000.0,0,0,-0.20199999999999996,0.43800000000000006,-0.46199999999999997
17006,0.0,0.0,0.0,1000.0,0,0,-0.182,0.43800000000000006,-0.46199999999999997
17007,0.0,0.0,0.0,1000.0,0,0,-0.16199999999999998,0.43800000000000006,-0.46199999999999997
17008,0.0,0.0,0.0,1000.0,0,0,-0.482,0.4580000000000001,-0.46199999999999997
17009,0.0,0.0,0.0,1000.0,0,0,-0.46199999999999997,0.4580000000000001,-0.46199999999999997
17010,0.0,0.0,0.0,1000.0,0,0,-0.442,0.4580000000000001,-0.46199999999999997
17011,0.0,0.0,0.0,1000.0,0,0,-0.422,0.4580000000000001,-0.46199999999999997
17012,0.0,0.0,0.0,1000.0,0,0,-0.40199999999999997,0.4580000000000001,-0.46199999999999997
17013,0.0,0.0,0.0,1000.0,0,0,-0.382,0.4580000000000001,-0.46199999999999997
17014,0.0,0.0,0.0,1000.0,0,0,-0.362,0.4580000000000001,-0.46199999999999997
17015,0.0,0.0,0.0,1000.0,0,0,-0.34199999999999997,0.4580000000000001,-0.46199999999999997
17016,0.0,0.0,0.0,1000.0,0,0,-0.32199999999999995,0.4580000000000001,-0.46199999999999997
17017,0.0,0.0,0.0,1000.0,0,0,-0.302,0.4580000000000001,-0.46199999999999997
17018,0.0,0.0,0.0,1000.0,0,0,-0.282,0.4580000000000001,-0.46199999999999997
17019,0.0,0.0,0.0,1000.0,0,0,-0.262,0.4580000000000001,-0.46199999999999997
17020,0.0,0.0,0.0,1000.0,0,0,-0.242,0.4580000000000001,-0.46199999999999997
17021,0.0,0.0,0.0,1000.0,0,0,-0.22199999999999998,0.4580000000000001,-0.46199999999999997
17022,0.0,0.0,0.0,1000.0,0,0,-0.20199999999999996,0.4580000000000001,-0.46199999999999997
17023,0.0,0.0,0.0,1000.0,0,0,-0.182,0.4580000000000001,-0.46199999999999997
17024,0.0,0.0,0.0,1000.0,0,0,-0.16199999999999998,0.4580000000000001,-0.46199999999999997
17025,0.0,0.0,0.0,1000.0,0,0,-0.482,0.478,-0.46199999999999997
17026,0.0,0.0,0.0,1000.0,0,0,-0.46199999999999997,0.478,-0.46199999999999997
17027,0.0,0.0,0.0,1000.0,0,0,-0.442,0.478,-0.46199999999999997
17028,0.0,0.0,0.0,1000.0,0,0,-0.422,0.478,-0.46199999999999997
17029,0.0,0.0,0.0,1000.0,0,0,-0.40199999999999997,0.478,-0.46199999999999997
17030,0.0,0.0,0.0,1000.0,0,0,-0.382,0.478,-0.46199999999999997
17031,0.0,0.0,0.0,1000.0,0,0,-0.362,0.478,-0.46199999999999997
17032,0.0,0.0,0.0,1000.0,0,0,-0.34199999999999997,0.478,-0.46199999999999997
17033,0.0,0.0,0.0,1000.0,0,0,-0.32199999999999995,0.478,-0.46199999999999997
17034,0.0,0.0,0.0,1000.0,0,0,-0.302,0.478,-0.46199999999999997
17035,0.0,0.0,0.0,1000.0,0,0,-0.282,0.478,-0.46199999999999997
17036,0.0,0.0,0.0,1000.0,0,0,-0.262,0.478,-0.46199999999999997
17037,0.0,0.0,0.0,1000.0,0,0,-0.242,0.478,-0.46199999999999997
17038,0.0,0.0,0.0,1000.0,0,0,-0.22199999999999998,0.478,-0.46199999999999997
17039,0.0,0.0,0.0,1000.0,0,0,-0.20199999999999996,0.478,-0.46199999999999997
17040,0.0,0.0,0.0,1000.0,0,0,-0.182,0.478,-0.46199999999999997
17041,0.0,0.0,0.0,1000.0,0,0,-0.16199999999999998,0.478,-0.46199999999999997
17042,0.0,0.0,0.0,1000.0,0,0,-0.482,-0.482,-0.442
17043,0.0,0.0,0.0,1000.0,0,0,-0.46199999999999997,-0.482,-0.442
17044,0.0,0.0,0.0,1000.0,0,0,-0.442,-0.482,-0.442
17045,0.0,0.0,0.0,1000.0,0,0,-0.422,-0.482,-0.442
17046,0.0,0.0,0.0,1000.0,0,0,-0.40199999999999997,-0.482,-0.442
17047,0.0,0.0,0.0,1000.0,0,0,-0.382,-0.482,-0.442
17048,0.0,0.0,0.0,1000.0,0,0,-0.362,-0.482,-0.442
17049,0.0,0.0,0.0,1000.0,0,0,-0.34199999999999997,-0.482,-0.442
17050,0.0,0.0,0.0,1000.0,0,0,-0.32199999999999995,-0.482,-0.442
17051,0.0,0.0,0.0,1000.0,0,0,-0.302,-0.482,-0.442
17052,0.0,0.0,0.0,1000.0,0,0,-0.282,-0.482,-0.442
17053,0.0,0.0,0.0,1000.0,0,0,-0.262,-0.482,-0.442
17054,0.0,0.0,0.0,1000.0,0,0,-0.242,-0.482,-0.442
17055,0.0,0.0,0.0,1000.0,0,0,-0.22199999999999998,-0.482,-0.442
17056,0.0,0.0,0.0,1000.0,0,0,-0.20199999999999996,-0.482,-0.442
17057,0.0,0.0,0.0,1000.0,0,0,-0.182,-0.482,-0.442
17058,0.0,0.0,0.0,1000.0,0,0,-0.16199999999999998,-0.482,-0.442
17059,0.0,0.0,0.0,1000.0,0,0,-0.482,-0.46199999999999997,-0.442
17060,0.0,0.0,0.0,1000.0,0,0,-0.46199999999999997,-0.46199999999999997,-0.442
17061,0.0,0.0,0.0,1000.0,0,0,-0.442,-0.46199999999999997,-0.442
17062,0.0,0.0,0.0,1000.0,0,0,-0.422,-0.46199999999999997,-0.442
17063,0.0,0.0,0.0,1000.0,0,0,-0.40199999999999997,-0.46199999999999997,-0.442
17064,0.0,0.0,0.0,1000.0,0,0,-0.382,-0.46199999999999997,-0.442
17065,0.0,0.0,0.0,1000.0,0,0,-0.362,-0.46199999999999997,-0.442
17066,0.0,0.0,0.0,1000.0,0,0,-0.34199999999999997,-0.46199999999999997,-0.442
17067,0.0,0.0,0.0,1000.0,0,0,-0.32199999999999995,-0.46199999999999997,-0.442
17068,0.0,0.0,0.0,1000.0,0,0,-0.302,-0.46199999999999997,-0.442
17069,0.0,0.0,0.0,1000.0,0,0,-0.282,-0.46199999999999997,-0.442
17070,0.0,0.0,0.0,1000.0,0,0,-0.262,-0.46199999999999997,-0.442
17071,0.0,0.0,0.0,1000.0,0,0,-0.242,-0.46199999999999997,-0.442
17072,0.0,0.0,0.0,1000.0,0,0,-0.22199999999999998,-0.46199999999999997,-0.442
17073,0.0,0.0,0.0,1000.0,0,0,-0.20199999999999996,-0.46199999999999997,-0.442
17074,0.0,0.0,0.0,1000.0,0,0,-0.182,-0.46199999999999997,-0.442
17075,0.0,0.0,0.0,1000.0,0,0,-0.16199999999999998,-0.46199999999999997,-0.442
17076,0.0,0.0,0.0,1000.0,0,0,-0.482,-0.442,-0.442
17077,0.0,0.0,0.0,1000.0,0,0,-0.46199999999999997,-0.442,-0.442
17078,0.0,0.0,0.0,1000.0,0,0,-0.442,-0.442,-0.442
17079,0.0,0.0,0.0,1000.0,0,0,-0.422,-0.442,-0.442
17080,0.0,0.0,0.0,1000.0,0,0,-0.40199999999999997,-0.442,-0.442
17081,0.0,0.0,0.0,1000.0,0,0,-0.382,-0.442,-0.442
17082,0.0,0.0,0.0,1000.0,0,0,-0.362,-0.442,-0.442
17083,0.0,0.0,0.0,1000.0,0,0,-0.34199999999999997,-0.442,-0.442
17084,0.0,0.0,0.0,1000.0,0,0,-0.32199999999999995,-0.442,-0.442
17085,0.0,0.0,0.0,1000.0,0,0,-0.302,-0.442,-0.442
17086,0.0,0.0,0.0,1000.0,0,0,-0.282,-0.442,-0.442
17087,0.0,0.0,0.0,1000.0,0,0,-0.262,-0.442,-0.442
17088,0.0,0.0,0.0,1000.0,0,0,-0.242,-0.442,-0.442
17089,0.0,0.0,0.0,1000.0,0,0,-0.22199999999999998,-0.442,-0.442
17090,0.0,0.0,0.0,1000.0,0,0,-0.20199999999999996,-0.442,-0.442
17091,0.0,0.0,0.0,1000.0,0,0,-0.182,-0.442,-0.442
17092,0.0,0.0,0.0,1000.0,0,0,-0.16199999999999998,-0.442,-0.442
17093,0.0,0.0,0.0,1000.0,0,0,-0.482,-0.422,-0.442
17094,0.0,0.0,0.0,1000.0,0,0,-0.46199999999999997,-0.422,-0.442
17095,0.0,0.0,0.0,1000.0,0,0,-0.442,-0.422,-0.442
17096,0.0,0.0,0.0,1000.0,0,0,-0.422,-0.422,-0.442
17097,0.0,0.0,0.0,1000.0,0,0,-0.40199999999999997,-0.422,-0.442
17098,0.0,0.0,0.0,1000.0,0,0,-0.382,-0.422,-0.442
17099,0.0,0.0,0.0,1000.0,0,0,-0.362,-0.422,-0.442
17100,0.0,0.0,0.0,1000.0,0,0,-0.34199999999999997,-0.422,-0.442
17101,0.0,0.0,0.0,1000.0,0,0,-0.32199999999999995,-0.422,-0.442
17102,0.0,0.0,0.0,1000.0,0,0,-0.302,-0.422,-0.442
17103,0.0,0.0,0.0,1000.0,0,0,-0.282,-0.422,-0.442
17104,0.0,0.0,0.0,1000.0,0,0,-0.262,-0.422,-0.442
17105,0.0,0.0,0.0,1000.0,0,0,-0.242,-0.422,-0.442
17106,0.0,0.0,0.0,1000.0,0,0,-0.22199999999999998,-0.422,-0.442
17107,0.0,0.0,0.0,1000.0,0,0,-0.20199999999999996,-0.422,-0.442
17108,0.0,0.0,0.0,1000.0,0,0,-0.182,-0.422,-0.442
17109,0.0,0.0,0.0,1000.0,0,0,-0.16199999999999998,-0.422,-0.442
17110,0.0,0.0,0.0,1000.0,0,0,-0.482,-0.40199999999999997,-0.442
17111,0.0,0.0,0.0,1000.0,0,0,-0.46199999999999997,-0.40199999999999997,-0.442
17112,0.0,0.0,0.0,1000.0,0,0,-0.442,-0.40199999999999997,-0.442
17113,0.0,0.0,0.0,1000.0,0,0,-0.422,-0.40199999999999997,-0.442
17114,0.0,0.0,0.0,1000.0,0,0,-0.40199999999999997,-0.40199999999999997,-0.442
17115,0.0,0.0,0.0,1000.0,0,0,-0.382,-0.40199999999999997,-0.442
17116,0.0,0.0,0.0,1000.0,0,0,-0.362,-0.40199999999999997,-0.442
17117,0.0,0.0,0.0,1000.0,0,0,-0.34199999999999997,-0.40199999999999997,-0.442
17118,0.0,0.0,0.0,1000.0,0,0,-0.32199999999999995,-0.40199999999999997,-0.442
17119,0.0,0.0,0.0,1000.0,0,0,-0.302,-0.40199999999999997,-0.442
17120,0.0,0.0,0.0,1000.0,0,0,-0.282,-0.40199999999999997,-0.442
17121,0.0,0.0,0.0,1000.0,0,0,-0.262,-0.40199999999999997,-0.442
17122,0.0,0.0,0.0,1000.0,0,0,-0.242,-0.40199999999999997,-0.442
17123,0.0,0.0,0.0,1000.0,0,0,-0.22199999999999998,-0.40199999999999997,-0.442
17124,0.0,0.0,0.0,1000.0,0,0,-0.20199999999999996,-0.40199999999999997,-0.442
17125,0.0,0.0,0.0,1000.0,0,0,-0.182,-0.40199999999999997,-0.442
17126,0.0,0.0,0.0,1000.0,0,0,-0.16199999999999998,-0.40199999999999997,-0.442
17127,0.0,0.0,0.0,1000.0,0,0,-0.482,-0.382,-0.442
17128,0.0,0.0,0.0,1000.0,0,0,-0.46199999999999997,-0.382,-0.442
17129,0.0,0.0,0.0,1000.0,0,0,-0.442,-0.382,-0.442
17130,0.0,0.0,0.0,1000.0,0,0,-0.422,-0.382,-0.442
17131,0.0,0.0,0.0,1000.0,0,0,-0.40199999999999997,-0.382,-0.442
17132,0.0,0.0,0.0,1000.0,0,0,-0.382,-0.382,-0.442
17133,0.0,0.0,0.0,1000.0,0,0,-0.362,-0.382,-0.442
17134,0.0,0.0,0.0,1000.0,0,0,-0.34199999999999997,-0.382,-0.442
17135,0.0,0.0,0.0,1000.0,0,0,-0.32199999999999995,-0.382,-0.442
17136,0.0,0.0,0.0,1000.0,0,0,-0.302,-0.382,-0.442
17137,0.0,0.0,0.0,1000.0,0,0,-0.282,-0.382,-0.442
17138,0.0,0.0,0.0,1000.0,0,0,-0.262,-0.382,-0.442
17139,0.0,0.0,0.0,1000.0,0,0,-0.242,-0.382,-0.442
17140,0.0,0.0,0.0,1000.0,0,0,-0.22199999999999998,-0.382,-0.442
17141,0.0,0.0,0.0,1000.0,0,0,-0.20199999999999996,-0.382,-0.442
17142,0.0,0.0,0.0,1000.0,0,0,-0.182,-0.382,-0.442
17143,0.0,0.0,0.0,1000.0,0,0,-0.16199999999999998,-0.382,-0.442
17144,0.0,0.0,0.0,1000.0,0,0,-0.482,-0.362,-0.442
17145,0.0,0.0,0.0,1000.0,0,0,-0.46199999999999997,-0.362,-0.442
17146,0.0,0.0,0.0,1000.0,0,0,-0.442,-0.362,-0.442
17147,0.0,0.0,0.0,1000.0,0,0,-0.422,-0.362,-0.442
17148,0.0,0.0,0.0,1000.0,0,0,-0.40199999999999997,-0.362,-0.442
17149,0.0,0.0,0.0,1000.0,0,0,-0.382,-0.362,-0.442
17150,0.0,0.0,0.0,1000.0,0,0,-0.362,-0.362,-0.442
17151,0.0,0.0,0.0,1000.0,0,0,-0.34199999999999997,-0.362,-0.442
17152,0.0,0.0,0.0,1000.0,0,0,-0.32199999999999995,-0.362,-0.442
17153,0.0,0.0,0.0,1000.0,0,0,-0.302,-0.362,-0.442
17154,0.0,0.0,0.0,1000.0,0,0,-0.282,-0.362,-0.442
17155,0.0,0.0,0.0,1000.0,0,0,-0.262,-0.362,-0.442
17156,0.0,0.0,0.0,1000.0,0,0,-0.242,-0.362,-0.442
17157,0.0,0.0,0.0,1000.0,0,0,-0.22199999999999998,-0.362,-0.442
17158,0.0,0.0,0.0,1000.0,0,0,-0.20199999999999996,-0.362,-0.442
17159,0.0,0.0,0.0,1000.0,0,0,-0.182,-0.362,-0.442
17160,0.0,0.0,0.0,1000.0,0,0,-0.16199999999999998,-0.362,-0.442
17161,0.0,0.0,0.0,1000.0,0,0,-0.482,-0.34199999999999997,-0.442
17162,0.0,0.0,0.0,1000.0,0,0,-0.46199999999999997,-0.34199999999999997,-0.442
17163,0.0,0.0,0.0,1000.0,0,0,-0.442,-0.34199999999999997,-0.442
17164,0.0,0.0,0.0,1000.0,0,0,-0.422,-0.34199999999999997,-0.442
17165,0.0,0.0,0.0,1000.0,0,0,-0.40199999999999997,-0.34199999999999997,-0.442
17166,0.0,0.0,0.0,1000.0,0,0,-0.382,-0.34199999999999997,-0.442
17167,0.0,0.0,0.0,1000.0,0,0,-0.362,-0.34199999999999997,-0.442
17168,0.0,0.0,0.0,1000.0,0,0,-0.34199999999999997,-0.34199999999999997,-0.442
17169,0.0,0.0,0.0,1000.0,0,0,-0.32199999999999995,-0.34199999999999997,-0.442
17170,0.0,0.0,0.0,1000.0,0,0,-0.302,-0.34199999999999997,-0.442
17171,0.0,0.0,0.0,1000.0,0,0,-0.282,-0.34199999999999997,-0.442
17172,0.0,0.0,0.0,1000.0,0,0,-0.262,-0.34199999999999997,-0.442
17173,0.0,0.0,0.0,1000.0,0,0,-0.242,-0.34199999999999997,-0.442
17174,0.0,0.0,0.0,1000.0,0,0,-0.22199999999999998,-0.34199999999999997,-0.442
17175,0.0,0.0,0.0,1000.0,0,0,-0.20199999999999996,-0.34199999999999997,-0.442
17176,0.0,0.0,0.0,1000.0,0,0,-0.182,-0.34199999999999997,-0.442
17177,0.0,0.0,0.0,1000.0,0,0,-0.16199999999999998,-0.34199999999999997,-0.442
17178,0.0,0.0,0.0,1000.0,0,0,-0.482,-0.32199999999999995,-0.442
17179,0.0,0.0,0.0,1000.0,0,0,-0.46199999999999997,-0.32199999999999995,-0.442
17180,0.0,0.0,0.0,1000.0,0,0,-0.442,-0.32199999999999995,-0.442
17181,0.0,0.0,0.0,1000.0,0,0,-0.422,-0.32199999999999995,-0.442
17182,0.0,0.0,0.0,1000.0,0,0,-0.40199999999999997,-0.32199999999999995,-0.442
17183,0.0,0.0,0.0,1000.0,0,0,-0.382,-0.32199999999999995,-0.442
17184,0.0,0.0,0.0,1000.0,0,0,-0.362,-0.32199999999999995,-0.442
17185,0.0,0.0,0.0,1000.0,0,0,-0.34199999999999997,-0.32199999999999995,-0.442
17186,0.0,0.0,0.0,1000.0,0,0,-0.32199999999999995,-0.32199999999999995,-0.442
17187,0.0,0.0,0.0,1000.0,0,0,-0.302,-0.32199999999999995,-0.442
17188,0.0,0.0,0.0,1000.0,0,0,-0.282,-0.32199999999999995,-0.442
17189,0.0,0.0,0.0,1000.0,0,0,-0.262,-0.32199999999999995,-0.442
17190,0.0,0.0,0.0,1000.0,0,0,-0.242,-0.32199999999999995,-0.442
17191,0.0,0.0,0.0,1000.0,0,0,-0.22199999999999998,-0.32199999999999995,-0.442
17192,0.0,0.0,0.0,1000.0,0,0,-0.20199999999999996,-0.32199999999999995,-0.442
17193,0.0,0.0,0.0,1000.0,0,0,-0.182,-0.32199999999999995,-0.442
17194,0.0,0.0,0.0,1000.0,0,0,-0.16199999999999998,-0.32199999999999995,-0.442
17195,0.0,0.0,0.0,1000.0,0,0,-0.482,-0.302,-0.442
17196,0.0,0.0,0.0,1000.0,0,0,-0.46199999999999997,-0.302,-0.442
17197,0.0,0.0,0.0,1000.0,0,0,-0.442,-0.302,-0.442
17198,0.0,0.0,0.0,1000.0,0,0,-0.422,-0.302,-0.442
17199,0.0,0.0,0.0,1000.0,0,0,-0.40199999999999997,-0.302,-0.442
17200,0.0,0.0,0.0,1000.0,0,0,-0.382,-0.302,-0.442
17201,0.0,0.0,0.0,1000.0,0,0,-0.362,-0.302,-0.442
17202,0.0,0.0,0.0,1000.0,0,0,-0.34199999999999997,-0.302,-0.442
17203,0.0,0.0,0.0,1000.0,0,0,-0.32199999999999995,-0.302,-0.442
17204,0.0,0.0,0.0,1000.0,0,0,-0.302,-0.302,-0.442
17205,0.0,0.0,0.0,1000.0,0,0,-0.282,-0.302,-0.442
17206,0.0,0.0,0.0,1000.0,0,0,-0.262,-0.302,-0.442
17207,0.0,0.0,0.0,1000.0,0,0,-0.242,-0.302,-0.442
17208,0.0,0.0,0.0,1000.0,0,0,-0.22199999999999998,-0.302,-0.442
17209,0.0,0.0,0.0,1000.0,0,0,-0.20199999999999996,-0.302,-0.442
17210,0.0,0.0,0.0,1000.0,0,0,-0.182,-0.302,-0.442
17211,0.0,0.0,0.0,1000.0,0,0,-0.16199999999999998,-0.302,-0.442
17212,0.0,0.0,0.0,1000.0,0,0,-0.482,-0.282,-0.442
17213,0.0,0.0,0.0,1000.0,0,0,-0.46199999999999997,-0.282,-0.442
17214,0.0,0.0,0.0,1000.0,0,0,-0.442,-0.282,-0.442
17215,0.0,0.0,0.0,1000.0,0,0,-0.422,-0.282,-0.442
17216,0.0,0.0,0.0,1000.0,0,0,-0.40199999999999997,-0.282,-0.442
17217,0.0,0.0,0.0,1000.0,0,0,-0.382,-0.282,-0.442
17218,0.0,0.0,0.0,1000.0,0,0,-0.362,-0.282,-0.442
17219,0.0,0.0,0.0,1000.0,0,0,-0.34199999999999997,-0.282,-0.442
17220,0.0,0.0,0.0,1000.0,0,0,-0.32199999999999995,-0.282,-0.442
17221,0.0,0.0,0.0,1000.0,0,0,-0.302,-0.282,-0.442
17222,0.0,0.0,0.0,1000.0,0,0,-0.282,-0.282,-0.442
17223,0.0,0.0,0.0,1000.0,0,0,-0.262,-0.282,-0.442
17224,0.0,0.0,0.0,1000.0,0,0,-0.242,-0.282,-0.442
17225,0.0,0.0,0.0,1000.0,0,0,-0.22199999999999998,-0.282,-0.442
17226,0.0,0.0,0.0,1000.0,0,0,-0.20199999999999996,-0.282,-0.442
17227,0.0,0.0,0.0,1000.0,0,0,-0.182,-0.282,-0.442
17228,0.0,0.0,0.0,1000.0,0,0,-0.16199999999999998,-0.282,-0.442
17229,0.0,0.0,0.0,1000.0,0,0,-0.482,-0.262,-0.442
17230,0.0,0.0,0.0,1000.0,0,0,-0.46199999999999997,-0.262,-0.442
17231,0.0,0.0,0.0,1000.0,0,0,-0.442,-0.262,-0.442
17232,0.0,0.0,0.0,1000.0,0,0,-0.422,-0.262,-0.442
17233,0.0,0.0,0.0,1000.0,0,0,-0.40199999999999997,-0.262,-0.442
17234,0.0,0.0,0.0,1000.0,0,0,-0.382,-0.262,-0.442
17235,0.0,0.0,0.0,1000.0,0,0,-0.362,-0.262,-0.442
17236,0.0,0.0,0.0,1000.0,0,0,-0.34199999999999997,-0.262,-0.442
17237,0.0,0.0,0.0,1000.0,0,0,-0.32199999999999995,-0.262,-0.442
17238,0.0,0.0,0.0,1000.0,0,0,-0.302,-0.262,-0.442
17239,0.0,0.0,0.0,1000.0,0,0,-0.282,-0.262,-0.442
17240,0.0,0.0,0.0,1000.0,0,0,-0.262,-0.262,-0.442
17241,0.0,0.0,0.0,1000.0,0,0,-0.242,-0.262,-0.442
17242,0.0,0.0,0.0,1000.0,0,0,-0.22199999999999998,-0.262,-0.442
17243,0.0,0.0,0.0,1000.0,0,0,-0.20199999999999996,-0.262,-0.442
17244,0.0,0.0,0.0,1000.0,0,0,-0.182,-0.262,-0.442
17245,0.0,0.0,0.0,1000.0,0,0,-0.16199999999999998,-0.262,-0.442
17246,0.0,0.0,0.0,1000.0,0,0,-0.482,-0.242,-0.442
17247,0.0,0.0,0.0,1000.0,0,0,-0.46199999999999997,-0.242,-0.442
17248,0.0,0.0,0.0,1000.0,0,0,-0.442,-0.242,-0.442
17249,0.0,0.0,0.0,1000.0,0,0,-0.422,-0.242,-0.442
17250,0.0,0.0,0.0,1000.0,0,0,-0.40199999999999997,-0.242,-0.442
17251,0.0,0.0,0.0,1000.0,0,0,-0.382,-0.242,-0.442
17252,0.0,0.0,0.0,1000.0,0,0,-0.362,-0.242,-0.442
17253,0.0,0.0,0.0,1000.0,0,0,-0.34199999999999997,-0.242,-0.442
17254,0.0,0.0,0.0,1000.0,0,0,-0.32199999999999995,-0.242,-0.442
17255,0.0,0.0,0.0,1000.0,0,0,-0.302,-0.242,-0.442
17256,0.0,0.0,0.0,1000.0,0,0,-0.282,-0.242,-0.442
17257,0.0,0.0,0.0,1000.0,0,0,-0.262,-0.242,-0.442
17258,0.0,0.0,0.0,1000.0,0,0,-0.242,-0.242,-0.442
17259,0.0,0.0,0.0,1000.0,0,0,-0.22199999999999998,-0.242,-0.442
17260,0.0,0.0,0.0,1000.0,0,0,-0.20199999999999996,-0.242,-0.442
17261,0.0,0.0,0.0,1000.0,0,0,-0.182,-0.242,-0.442
17262,0.0,0.0,0.0,1000.0,0,0,-0.16199999999999998,-0.242,-0.442
17263,0.0,0.0,0.0,1000.0,0,0,-0.482,-0.22199999999999998,-0.442
17264,0.0,0.0,0.0,1000.0,0,0,-0.46199999999999997,-0.22199999999999998,-0.442
17265,0.0,0.0,0.0,1000.0,0,0,-0.442,-0.22199999999999998,-0.442
17266,0.0,0.0,0.0,1000.0,0,0,-0.422,-0.22199999999999998,-0.442
17267,0.0,0.0,0.0,1000.0,0,0,-0.40199999999999997,-0.22199999999999998,-0.442
17268,0.0,0.0,0.0,1000.0,0,0,-0.382,-0.22199999999999998,-0.442
17269,0.0,0.0,0.0,1000.0,0,0,-0.362,-0.22199999999999998,-0.442
17270,0.0,0.0,0.0,1000.0,0,0,-0.34199999999999997,-0.22199999999999998,-0.442
17271,0.0,0.0,0.0,1000.0,0,0,-0.32199999999999995,-0.22199999999999998,-0.442
17272,0.0,0.0,0.0,1000.0,0,0,-0.302,-0.22199999999999998,-0.442
17273,0.0,0.0,0.0,1000.0,0,0,-0.282,-0.22199999999999998,-0.442
17274,0.0,0.0,0.0,1000.0,0,0,-0.262,-0.22199999999999998,-0.442
17275,0.0,0.0,0.0,1000.0,0,0,-0.242,-0.22199999999999998,-0.442
17276,0.0,0.0,0.0,1000.0,0,0,-0.22199999999999998,-0.22199999999999998,-0.442
17277,0.0,0.0,0.0,1000.0,0,0,-0.20199999999999996,-0.22199999999999998,-0.442
17278,0.0,0.0,0.0,1000.0,0,0,-0.182,-0.22199999999999998,-0.442
17279,0.0,0.0,0.0,1000.0,0,0,-0.16199999999999998,-0.22199999999999998,-0.442
17280,0.0,0.0,0.0,1000.0,0,0,-0.482,-0.20199999999999996,-0.442
17281,0.0,0.0,0.0,1000.0,0,0,-0.46199999999999997,-0.20199999999999996,-0.442
17282,0.0,0.0,0.0,1000.0,0,0,-0.442,-0.20199999999999996,-0.442
17283,0.0,0.0,0.0,1000.0,0,0,-0.422,-0.20199999999999996,-0.442
17284,0.0,0.0,0.0,1000.0,0,0,-0.40199999999999997,-0.20199999999999996,-0.442
17285,0.0,0.0,0.0,1000.0,0,0,-0.382,-0.20199999999999996,-0.442
17286,0.0,0.0,0.0,1000.0,0,0,-0.362,-0.20199999999999996,-0.442
17287,0.0,0.0,0.0,1000.0,0,0,-0.34199999999999997,-0.20199999999999996,-0.442
17288,0.0,0.0,0.0,1000.0,0,0,-0.32199999999999995,-0.20199999999999996,-0.442
17289,0.0,0.0,0.0,1000.0,0,0,-0.302,-0.20199999999999996,-0.442
17290,0.0,0.0,0.0,1000.0,0,0,-0.282,-0.20199999999999996,-0.442
17291,0.0,0.0,0.0,1000.0,0,0,-0.262,-0.20199999999999996,-0.442
17292,0.0,0.0,0.0,1000.0,0,0,-0.242,-0.20199999999999996,-0.442
17293,0.0,0.0,0.0,1000.0,0,0,-0.22199999999999998,-0.20199999999999996,-0.442
17294,0.0,0.0,0.0,1000.0,0,0,-0.20199999999999996,-0.20199999999999996,-0.442
17295,0.0,0.0,0.0,1000.0,0,0,-0.182,-0.20199999999999996,-0.442
17296,0.0,0.0,0.0,1000.0,0,0,-0.16199999999999998,-0.20199999999999996,-0.442
17297,0.0,0.0,0.0,1000.0,0,0,-0.482,-0.182,-0.442
17298,0.0,0.0,0.0,1000.0,0,0,-0.46199999999999997,-0.182,-0.442
17299,0.0,0.0,0.0,1000.0,0,0,-0.442,-0.182,-0.442
17300,0.0,0.0,0.0,1000.0,0,0,-0.422,-0.182,-0.442
17301,0.0,0.0,0.0,1000.0,0,0,-0.40199999999999997,-0.182,-0.442
17302,0.0,0.0,0.0,1000.0,0,0,-0.382,-0.182,-0.442
17303,0.0,0.0,0.0,1000.0,0,0,-0.362,-0.182,-0.442
17304,0.0,0.0,0.0,1000.0,0,0,-0.34199999999999997,-0.182,-0.442
17305,0.0,0.0,0.0,1000.0,0,0,-0.32199999999999995,-0.182,-0.442
17306,0.0,0.0,0.0,1000.0,0,0,-0.302,-0.182,-0.442
17307,0.0,0.0,0.0,1000.0,0,0,-0.282,-0.182,-0.442
17308,0.0,0.0,0.0,1000.0,0,0,-0.262,-0.182,-0.442
17309,0.0,0.0,0.0,1000.0,0,0,-0.242,-0.182,-0.442
17310,0.0,0.0,0.0,1000.0,0,0,-0.22199999999999998,-0.182,-0.442
17311,0.0,0.0,0.0,1000.0,0,0,-0.20199999999999996,-0.182,-0.442
17312,0.0,0.0,0.0,1000.0,0,0,-0.182,-0.182,-0.442
17313,0.0,0.0,0.0,1000.0,0,0,-0.16199999999999998,-0.182,-0.442
17314,0.0,0.0,0.0,1000.0,0,0,-0.482,-0.16199999999999998,-0.442
17315,0.0,0.0,0.0,1000.0,0,0,-0.46199999999999997,-0.16199999999999998,-0.442
17316,0.0,0.0,0.0,1000.0,0,0,-0.442,-0.16199999999999998,-0.442
17317,0.0,0.0,0.0,1000.0,0,0,-0.422,-0.16199999999999998,-0.442
17318,0.0,0.0,0.0,1000.0,0,0,-0.40199999999999997,-0.16199999999999998,-0.442
17319,0.0,0.0,0.0,1000.0,0,0,-0.382,-0.16199999999999998,-0.442
17320,0.0,0.0,0.0,1000.0,0,0,-0.362,-0.16199999999999998,-0.442
17321,0.0,0.0,0.0,1000.0,0,0,-0.34199999999999997,-0.16199999999999998,-0.442
17322,0.0,0.0,0.0,1000.0,0,0,-0.32199999999999995,-0.16199999999999998,-0.442
17323,0.0,0.0,0.0,1000.0,0,0,-0.302,-0.16199999999999998,-0.442
17324,0.0,0.0,0.0,1000.0,0,0,-0.282,-0.16199999999999998,-0.442
17325,0.0,0.0,0.0,1000.0,0,0,-0.262,-0.16199999999999998,-0.442
17326,0.0,0.0,0.0,1000.0,0,0,-0.242,-0.16199999999999998,-0.442
17327,0.0,0.0,0.0,1000.0,0,0,-0.22199999999999998,-0.16199999999999998,-0.442
17328,0.0,0.0,0.0,1000.0,0,0,-0.20199999999999996,-0.16199999999999998,-0.442
17329,0.0,0.0,0.0,1000.0,0,0,-0.182,-0.16199999999999998,-0.442
17330,0.0,0.0,0.0,1000.0,0,0,-0.16199999999999998,-0.16199999999999998,-0.442
17331,0.0,0.0,0.0,1000.0,0,0,-0.482,-0.14199999999999996,-0.442
17332,0.0,0.0,0.0,1000.0,0,0,-0.46199999999999997,-0.14199999999999996,-0.442
17333,0.0,0.0,0.0,1000.0,0,0,-0.442,-0.14199999999999996,-0.442
17334,0.0,0.0,0.0,1000.0,0,0,-0.422,-0.14199999999999996,-0.442
17335,0.0,0.0,0.0,1000.0,0,0,-0.40199999999999997,-0.14199999999999996,-0.442
17336,0.0,0.0,0.0,1000.0,0,0,-0.382,-0.14199999999999996,-0.442
17337,0.0,0.0,0.0,1000.0,0,0,-0.362,-0.14199999999999996,-0.442
17338,0.0,0.0,0.0,1000.0,0,0,-0.34199999999999997,-0.14199999999999996,-0.442
17339,0.0,0.0,0.0,1000.0,0,0,-0.32199999999999995,-0.14199999999999996,-0.442
17340,0.0,0.0,0.0,1000.0,0,0,-0.302,-0.14199999999999996,-0.442
17341,0.0,0.0,0.0,1000.0,0,0,-0.282,-0.14199999999999996,-0.442
17342,0.0,0.0,0.0,1000.0,0,0,-0.262,-0.14199999999999996,-0.442
17343,0.0,0.0,0.0,1000.0,0,0,-0.242,-0.14199999999999996,-0.442
17344,0.0,0.0,0.0,1000.0,0,0,-0.22199999999999998,-0.14199999999999996,-0.442
17345,0.0,0.0,0.0,1000.0,0,0,-0.20199999999999996,-0.14199999999999996,-0.442
17346,0.0,0.0,0.0,1000.0,0,0,-0.182,-0.14199999999999996,-0.442
17347,0.0,0.0,0.0,1000.0,0,0,-0.16199999999999998,-0.14199999999999996,-0.442
17348,0.0,0.0,0.0,1000.0,0,0,-0.482,-0.122,-0.442
17349,0.0,0.0,0.0,1000.0,0,0,-0.46199999999999997,-0.122,-0.442
17350,0.0,0.0,0.0,1000.0,0,0,-0.442,-0.122,-0.442
17351,0.0,0.0,0.0,1000.0,0,0,-0.422,-0.122,-0.442
17352,0.0,0.0,0.0,1000.0,0,0,-0.40199999999999997,-0.122,-0.442
17353,0.0,0.0,0.0,1000.0,0,0,-0.382,-0.122,-0.442
17354,0.0,0.0,0.0,1000.0,0,0,-0.362,-0.122,-0.442
17355,0.0,0.0,0.0,1000.0,0,0,-0.34199999999999997,-0.122,-0.442
17356,0.0,0.0,0.0,1000.0,0,0,-0.32199999999999995,-0.122,-0.442
17357,0.0,0.0,0.0,1000.0,0,0,-0.302,-0.122,-0.442
17358,0.0,0.0,0.0,1000.0,0,0,-0.282,-0.122,-0.442
17359,0.0,0.0,0.0,1000.0,0,0,-0.262,-0.122,-0.442
17360,0.0,0.0,0.0,1000.0,0,0,-0.242,-0.122,-0.442
17361,0.0,0.0,0.0,1000.0,0,0,-0.22199999999999998,-0.122,-0.442
17362,0.0,0.0,0.0,1000.0,0,0,-0.20199999999999996,-0.122,-0.442
17363,0.0,0.0,0.0,1000.0,0,0,-0.182,-0.122,-0.442
17364,0.0,0.0,0.0,1000.0,0,0,-0.16199999999999998,-0.122,-0.442
17365,0.0,0.0,0.0,1000.0,0,0,-0.482,-0.10199999999999998,-0.442
17366,0.0,0.0,0.0,1000.0,0,0,-0.46199999999999997,-0.10199999999999998,-0.442
17367,0.0,0.0,0.0,1000.0,0,0,-0.442,-0.10199999999999998,-0.442
17368,0.0,0.0,0.0,1000.0,0,0,-0.422,-0.10199999999999998,-0.442
17369,0.0,0.0,0.0,1000.0,0,0,-0.40199999999999997,-0.10199999999999998,-0.442
17370,0.0,0.0,0.0,1000.0,0,0,-0.382,-0.10199999999999998,-0.442
17371,0.0,0.0,0.0,1000.0,0,0,-0.362,-0.10199999999999998,-0.442
17372,0.0,0.0,0.0,1000.0,0,0,-0.34199999999999997,-0.10199999999999998,-0.442
17373,0.0,0.0,0.0,1000.0,0,0,-0.32199999999999995,-0.10199999999999998,-0.442
17374,0.0,0.0,0.0,1000.0,0,0,-0.302,-0.10199999999999998,-0.442
17375,0.0,0.0,0.0,1000.0,0,0,-0.282,-0.10199999999999998,-0.442
17376,0.0,0.0,0.0,1000.0,0,0,-0.262,-0.10199999999999998,-0.442
17377,0.0,0.0,0.0,1000.0,0,0,-0.242,-0.10199999999999998,-0.442
17378,0.0,0.0,0.0,1000.0,0,0,-0.22199999999999998,-0.10199999999999998,-0.442
17379,0.0,0.0,0.0,1000.0,0,0,-0.20199999999999996,-0.10199999999999998,-0.442
17380,0.0,0.0,0.0,1000.0,0,0,-0.182,-0.10199999999999998,-0.442
17381,0.0,0.0,0.0,1000.0,0,0,-0.16199999999999998,-0.10199999999999998,-0.442
17382,0.0,0.0,0.0,1000.0,0,0,-0.482,-0.08199999999999996,-0.442
17383,0.0,0.0,0.0,1000.0,0,0,-0.46199999999999997,-0.08199999999999996,-0.442
17384,0.0,0.0,0.0,1000.0,0,0,-0.442,-0.08199999999999996,-0.442
17385,0.0,0.0,0.0,1000.0,0,0,-0.422,-0.08199999999999996,-0.442
17386,0.0,0.0,0.0,1000.0,0,0,-0.40199999999999997,-0.08199999999999996,-0.442
17387,0.0,0.0,0.0,1000.0,0,0,-0.382,-0.08199999999999996,-0.442
17388,0.0,0.0,0.0,1000.0,0,0,-0.362,-0.08199999999999996,-0.442
17389,0.0,0.0,0.0,1000.0,0,0,-0.34199999999999997,-0.08199999999999996,-0.442
17390,0.0,0.0,0.0,1000.0,0,0,-0.32199999999999995,-0.08199999999999996,-0.442
17391,0.0,0.0,0.0,1000.0,0,0,-0.302,-0.08199999999999996,-0.442
17392,0.0,0.0,0.0,1000.0,0,0,-0.282,-0.08199999999999996,-0.442
17393,0.0,0.0,0.0,1000.0,0,0,-0.262,-0.08199999999999996,-0.442
17394,0.0,0.0,0.0,1000.0,0,0,-0.242,-0.08199999999999996,-0.442
17395,0.0,0.0,0.0,1000.0,0,0,-0.22199999999999998,-0.08199999999999996,-0.442
17396,0.0,0.0,0.0,1000.0,0,0,-0.20199999999999996,-0.08199999999999996,-0.442
17397,0.0,0.0,0.0,1000.0,0,0,-0.182,-0.08199999999999996,-0.442
17398,0.0,0.0,0.0,1000.0,0,0,-0.16199999999999998,-0.08199999999999996,-0.442
17399,0.0,0.0,0.0,1000.0,0,0,-0.482,-0.062,-0.442
17400,0.0,0.0,0.0,1000.0,0,0,-0.46199999999999997,-0.062,-0.442
17401,0.0,0.0,0.0,1000.0,0,0,-0.442,-0.062,-0.442
17402,0.0,0.0,0.0,1000.0,0,0,-0.422,-0.062,-0.442
17403,0.0,0.0,0.0,1000.0,0,0,-0.40199999999999997,-0.062,-0.442
17404,0.0,0.0,0.0,1000.0,0,0,-0.382,-0.062,-0.442
17405,0.0,0.0,0.0,1000.0,0,0,-0.362,-0.062,-0.442
17406,0.0,0.0,0.0,1000.0,0,0,-0.34199999999999997,-0.062,-0.442
17407,0.0,0.0,0.0,1000.0,0,0,-0.32199999999999995,-0.062,-0.442
17408,0.0,0.0,0.0,1000.0,0,0,-0.302,-0.062,-0.442
17409,0.0,0.0,0.0,1000.0,0,0,-0.282,-0.062,-0.442
17410,0.0,0.0,0.0,1000.0,0,0,-0.262,-0.062,-0.442
17411,0.0,0.0,0.0,1000.0,0,0,-0.242,-0.062,-0.442
17412,0.0,0.0,0.0,1000.0,0,0,-0.22199999999999998,-0.062,-0.442
17413,0.0,0.0,0.0,1000.0,0,0,-0.20199999999999996,-0.062,-0.442
17414,0.0,0.0,0.0,1000.0,0,0,-0.182,-0.062,-0.442
17415,0.0,0.0,0.0,1000.0,0,0,-0.16199999999999998,-0.062,-0.442
17416,0.0,0.0,0.0,1000.0,0,0,-0.482,-0.04199999999999998,-0.442
17417,0.0,0.0,0.0,1000.0,0,0,-0.46199999999999997,-0.04199999999999998,-0.442
17418,0.0,0.0,0.0,1000.0,0,0,-0.442,-0.04199999999999998,-0.442
17419,0.0,0.0,0.0,1000.0,0,0,-0.422,-0.04199999999999998,-0.442
17420,0.0,0.0,0.0,1000.0,0,0,-0.40199999999999997,-0.04199999999999998,-0.442
17421,0.0,0.0,0.0,1000.0,0,0,-0.382,-0.04199999999999998,-0.442
17422,0.0,0.0,0.0,1000.0,0,0,-0.362,-0.04199999999999998,-0.442
17423,0.0,0.0,0.0,1000.0,0,0,-0.34199999999999997,-0.04199999999999998,-0.442
17424,0.0,0.0,0.0,1000.0,0,0,-0.32199999999999995,-0.04199999999999998,-0.442
17425,0.0,0.0,0.0,1000.0,0,0,-0.302,-0.04199999999999998,-0.442
17426,0.0,0.0,0.0,1000.0,0,0,-0.282,-0.04199999999999998,-0.442
17427,0.0,0.0,0.0,1000.0,0,0,-0.262,-0.04199999999999998,-0.442
17428,0.0,0.0,0.0,1000.0,0,0,-0.242,-0.04199999999999998,-0.442
17429,0.0,0.0,0.0,1000.0,0,0,-0.22199999999999998,-0.04199999999999998,-0.442
17430,0.0,0.0,0.0,1000.0,0,0,-0.20199999999999996,-0.04199999999999998,-0.442
17431,0.0,0.0,0.0,1000.0,0,0,-0.182,-0.04199999999999998,-0.442
17432,0.0,0.0,0.0,1000.0,0,0,-0.16199999999999998,-0.04199999999999998,-0.442
17433,0.0,0.0,0.0,1000.0,0,0,-0.482,-0.021999999999999964,-0.442
17434,0.0,0.0,0.0,1000.0,0,0,-0.46199999999999997,-0.021999999999999964,-0.442
17435,0.0,0.0,0.0,1000.0,0,0,-0.442,-0.021999999999999964,-0.442
17436,0.0,0.0,0.0,1000.0,0,0,-0.422,-0.021999999999999964,-0.442
17437,0.0,0.0,0.0,1000.0,0,0,-0.40199999999999997,-0.021999999999999964,-0.442
17438,0.0,0.0,0.0,1000.0,0,0,-0.382,-0.021999999999999964,-0.442
17439,0.0,0.0,0.0,1000.0,0,0,-0.362,-0.021999999999999964,-0.442
17440,0.0,0.0,0.0,1000.0,0,0,-0.34199999999999997,-0.021999999999999964,-0.442
17441,0.0,0.0,0.0,1000.0,0,0,-0.32199999999999995,-0.021999999999999964,-0.442
17442,0.0,0.0,0.0,1000.0,0,0,-0.302,-0.021999999999999964,-0.442
17443,0.0,0.0,0.0,1000.0,0,0,-0.282,-0.021999999999999964,-0.442
17444,0.0,0.0,0.0,1000.0,0,0,-0.262,-0.021999999999999964,-0.442
17445,0.0,0.0,0.0,1000.0,0,0,-0.242,-0.021999999999999964,-0.442
17446,0.0,0.0,0.0,1000.0,0,0,-0.22199999999999998,-0.021999999999999964,-0.442
17447,0.0,0.0,0.0,1000.0,0,0,-0.20199999999999996,-0.021999999999999964,-0.442
17448,0.0,0.0,0.0,1000.0,0,0,-0.182,-0.021999999999999964,-0.442
17449,0.0,0.0,0.0,1000.0,0,0,-0.16199999999999998,-0.021999999999999964,-0.442
17450,0.0,0.0,0.0,1000.0,0,0,-0.482,-0.0020000000000000018,-0.442
17451,0.0,0.0,0.0,1000.0,0,0,-0.46199999999999997,-0.0020000000000000018,-0.442
17452,0.0,0.0,0.0,1000.0,0,0,-0.442,-0.0020000000000000018,-0.442
17453,0.0,0.0,0.0,1000.0,0,0,-0.422,-0.0020000000000000018,-0.442
17454,0.0,0.0,0.0,1000.0,0,0,-0.40199999999999997,-0.0020000000000000018,-0.442
17455,0.0,0.0,0.0,1000.0,0,0,-0.382,-0.0020000000000000018,-0.442
17456,0.0,0.0,0.0,1000.0,0,0,-0.362,-0.0020000000000000018,-0.442
17457,0.0,0.0,0.0,1000.0,0,0,-0.34199999999999997,-0.0020000000000000018,-0.442
17458,0.0,0.0,0.0,1000.0,0,0,-0.32199999999999995,-0.0020000000000000018,-0.442
17459,0.0,0.0,0.0,1000.0,0,0,-0.302,-0.0020000000000000018,-0.442
17460,0.0,0.0,0.0,1000.0,0,0,-0.282,-0.0020000000000000018,-0.442
17461,0.0,0.0,0.0,1000.0,0,0,-0.262,-0.0020000000000000018,-0.442
17462,0.0,0.0,0.0,1000.0,0,0,-0.242,-0.0020000000000000018,-0.442
17463,0.0,0.0,0.0,1000.0,0,0,-0.22199999999999998,-0.0020000000000000018,-0.442
17464,0.0,0.0,0.0,1000.0,0,0,-0.20199999999999996,-0.0020000000000000018,-0.442
17465,0.0,0.0,0.0,1000.0,0,0,-0.182,-0.0020000000000000018,-0.442
17466,0.0,0.0,0.0,1000.0,0,0,-0.16199999999999998,-0.0020000000000000018,-0.442
17467,0.0,0.0,0.0,1000.0,0,0,-0.482,0.018000000000000016,-0.442
17468,0.0,0.0,0.0,1000.0,0,0,-0.46199999999999997,0.018000000000000016,-0.442
17469,0.0,0.0,0.0,1000.0,0,0,-0.442,0.018000000000000016,-0.442
17470,0.0,0.0,0.0,1000.0,0,0,-0.422,0.018000000000000016,-0.442
17471,0.0,0.0,0.0,1000.0,0,0,-0.40199999999999997,0.018000000000000016,-0.442
17472,0.0,0.0,0.0,1000.0,0,0,-0.382,0.018000000000000016,-0.442
17473,0.0,0.0,0.0,1000.0,0,0,-0.362,0.018000000000000016,-0.442
17474,0.0,0.0,0.0,1000.0,0,0,-0.34199999999999997,0.018000000000000016,-0.442
17475,0.0,0.0,0.0,1000.0,0,0,-0.32199999999999995,0.018000000000000016,-0.442
17476,0.0,0.0,0.0,1000.0,0,0,-0.302,0.018000000000000016,-0.442
17477,0.0,0.0,0.0,1000.0,0,0,-0.282,0.018000000000000016,-0.442
17478,0.0,0.0,0.0,1000.0,0,0,-0.262,0.018000000000000016,-0.442
17479,0.0,0.0,0.0,1000.0,0,0,-0.242,0.018000000000000016,-0.442
17480,0.0,0.0,0.0,1000.0,0,0,-0.22199999999999998,0.018000000000000016,-0.442
17481,0.0,0.0,0.0,1000.0,0,0,-0.20199999999999996,0.018000000000000016,-0.442
17482,0.0,0.0,0.0,1000.0,0,0,-0.182,0.018000000000000016,-0.442
17483,0.0,0.0,0.0,1000.0,0,0,-0.16199999999999998,0.018000000000000016,-0.442
17484,0.0,0.0,0.0,1000.0,0,0,-0.482,0.038000000000000034,-0.442
17485,0.0,0.0,0.0,1000.0,0,0,-0.46199999999999997,0.038000000000000034,-0.442
17486,0.0,0.0,0.0,1000.0,0,0,-0.442,0.038000000000000034,-0.442
17487,0.0,0.0,0.0,1000.0,0,0,-0.422,0.038000000000000034,-0.442
17488,0.0,0.0,0.0,1000.0,0,0,-0.40199999999999997,0.038000000000000034,-0.442
17489,0.0,0.0,0.0,1000.0,0,0,-0.382,0.038000000000000034,-0.442
17490,0.0,0.0,0.0,1000.0,0,0,-0.362,0.038000000000000034,-0.442
17491,0.0,0.0,0.0,1000.0,0,0,-0.34199999999999997,0.038000000000000034,-0.442
17492,0.0,0.0,0.0,1000.0,0,0,-0.32199999999999995,0.038000000000000034,-0.442
17493,0.0,0.0,0.0,1000.0,0,0,-0.302,0.038000000000000034,-0.442
17494,0.0,0.0,0.0,1000.0,0,0,-0.282,0.038000000000000034,-0.442
17495,0.0,0.0,0.0,1000.0,0,0,-0.262,0.038000000000000034,-0.442
17496,0.0,0.0,0.0,1000.0,0,0,-0.242,0.038000000000000034,-0.442
17497,0.0,0.0,0.0,1000.0,0,0,-0.22199999999999998,0.038000000000000034,-0.442
17498,0.0,0.0,0.0,1000.0,0,0,-0.20199999999999996,0.038000000000000034,-0.442
17499,0.0,0.0,0.0,1000.0,0,0,-0.182,0.038000000000000034,-0.442
17500,0.0,0.0,0.0,1000.0,0,0,-0.16199999999999998,0.038000000000000034,-0.442
17501,0.0,0.0,0.0,1000.0,0,0,-0.482,0.05800000000000005,-0.442
17502,0.0,0.0,0.0,1000.0,0,0,-0.46199999999999997,0.05800000000000005,-0.442
17503,0.0,0.0,0.0,1000.0,0,0,-0.442,0.05800000000000005,-0.442
17504,0.0,0.0,0.0,1000.0,0,0,-0.422,0.05800000000000005,-0.442
17505,0.0,0.0,0.0,1000.0,0,0,-0.40199999999999997,0.05800000000000005,-0.442
17506,0.0,0.0,0.0,1000.0,0,0,-0.382,0.05800000000000005,-0.442
17507,0.0,0.0,0.0,1000.0,0,0,-0.362,0.05800000000000005,-0.442
17508,0.0,0.0,0.0,1000.0,0,0,-0.34199999999999997,0.05800000000000005,-0.442
17509,0.0,0.0,0.0,1000.0,0,0,-0.32199999999999995,0.05800000000000005,-0.442
17510,0.0,0.0,0.0,1000.0,0,0,-0.302,0.05800000000000005,-0.442
17511,0.0,0.0,0.0,1000.0,0,0,-0.282,0.05800000000000005,-0.442
17512,0.0,0.0,0.0,1000.0,0,0,-0.262,0.05800000000000005,-0.442
17513,0.0,0.0,0.0,1000.0,0,0,-0.242,0.05800000000000005,-0.442
17514,0.0,0.0,0.0,1000.0,0,0,-0.22199999999999998,0.05800000000000005,-0.442
17515,0.0,0.0,0.0,1000.0,0,0,-0.20199999999999996,0.05800000000000005,-0.442
17516,0.0,0.0,0.0,1000.0,0,0,-0.182,0.05800000000000005,-0.442
17517,0.0,0.0,0.0,1000.0,0,0,-0.16199999999999998,0.05800000000000005,-0.442
17518,0.0,0.0,0.0,1000.0,0,0,-0.482,0.07800000000000007,-0.442
17519,0.0,0.0,0.0,1000.0,0,0,-0.46199999999999997,0.07800000000000007,-0.442
17520,0.0,0.0,0.0,1000.0,0,0,-0.442,0.07800000000000007,-0.442
17521,0.0,0.0,0.0,1000.0,0,0,-0.422,0.07800000000000007,-0.442
17522,0.0,0.0,0.0,1000.0,0,0,-0.40199999999999997,0.07800000000000007,-0.442
17523,0.0,0.0,0.0,1000.0,0,0,-0.382,0.07800000000000007,-0.442
17524,0.0,0.0,0.0,1000.0,0,0,-0.362,0.07800000000000007,-0.442
17525,0.0,0.0,0.0,1000.0,0,0,-0.34199999999999997,0.07800000000000007,-0.442
17526,0.0,0.0,0.0,1000.0,0,0,-0.32199999999999995,0.07800000000000007,-0.442
17527,0.0,0.0,0.0,1000.0,0,0,-0.302,0.07800000000000007,-0.442
17528,0.0,0.0,0.0,1000.0,0,0,-0.282,0.07800000000000007,-0.442
17529,0.0,0.0,0.0,1000.0,0,0,-0.262,0.07800000000000007,-0.442
17530,0.0,0.0,0.0,1000.0,0,0,-0.242,0.07800000000000007,-0.442
17531,0.0,0.0,0.0,1000.0,0,0,-0.22199999999999998,0.07800000000000007,-0.442
17532,0.0,0.0,0.0,1000.0,0,0,-0.20199999999999996,0.07800000000000007,-0.442
17533,0.0,0.0,0.0,1000.0,0,0,-0.182,0.07800000000000007,-0.442
17534,0.0,0.0,0.0,1000.0,0,0,-0.16199999999999998,0.07800000000000007,-0.442
17535,0.0,0.0,0.0,1000.0,0,0,-0.482,0.09799999999999998,-0.442
17536,0.0,0.0,0.0,1000.0,0,0,-0.46199999999999997,0.09799999999999998,-0.442
17537,0.0,0.0,0.0,1000.0,0,0,-0.442,0.09799999999999998,-0.442
17538,0.0,0.0,0.0,1000.0,0,0,-0.422,0.09799999999999998,-0.442
17539,0.0,0.0,0.0,1000.0,0,0,-0.40199999999999997,0.09799999999999998,-0.442
17540,0.0,0.0,0.0,1000.0,0,0,-0.382,0.09799999999999998,-0.442
17541,0.0,0.0,0.0,1000.0,0,0,-0.362,0.09799999999999998,-0.442
17542,0.0,0.0,0.0,1000.0,0,0,-0.34199999999999997,0.09799999999999998,-0.442
17543,0.0,0.0,0.0,1000.0,0,0,-0.32199999999999995,0.09799999999999998,-0.442
17544,0.0,0.0,0.0,1000.0,0,0,-0.302,0.09799999999999998,-0.442
17545,0.0,0.0,0.0,1000.0,0,0,-0.282,0.09799999999999998,-0.442
17546,0.0,0.0,0.0,1000.0,0,0,-0.262,0.09799999999999998,-0.442
17547,0.0,0.0,0.0,1000.0,0,0,-0.242,0.09799999999999998,-0.442
17548,0.0,0.0,0.0,1000.0,0,0,-0.22199999999999998,0.09799999999999998,-0.442
17549,0.0,0.0,0.0,1000.0,0,0,-0.20199999999999996,0.09799999999999998,-0.442
17550,0.0,0.0,0.0,1000.0,0,0,-0.182,0.09799999999999998,-0.442
17551,0.0,0.0,0.0,1000.0,0,0,-0.16199999999999998,0.09799999999999998,-0.442
17552,0.0,0.0,0.0,1000.0,0,0,-0.482,0.118,-0.442
17553,0.0,0.0,0.0,1000.0,0,0,-0.46199999999999997,0.118,-0.442
17554,0.0,0.0,0.0,1000.0,0,0,-0.442,0.118,-0.442
17555,0.0,0.0,0.0,1000.0,0,0,-0.422,0.118,-0.442
17556,0.0,0.0,0.0,1000.0,0,0,-0.40199999999999997,0.118,-0.442
17557,0.0,0.0,0.0,1000.0,0,0,-0.382,0.118,-0.442
17558,0.0,0.0,0.0,1000.0,0,0,-0.362,0.118,-0.442
17559,0.0,0.0,0.0,1000.0,0,0,-0.34199999999999997,0.118,-0.442
17560,0.0,0.0,0.0,1000.0,0,0,-0.32199999999999995,0.118,-0.442
17561,0.0,0.0,0.0,1000.0,0,0,-0.302,0.118,-0.442
17562,0.0,0.0,0.0,1000.0,0,0,-0.282,0.118,-0.442
17563,0.0,0.0,0.0,1000.0,0,0,-0.262,0.118,-0.442
17564,0.0,0.0,0.0,1000.0,0,0,-0.242,0.118,-0.442
17565,0.0,0.0,0.0,1000.0,0,0,-0.22199999999999998,0.118,-0.442
17566,0.0,0.0,0.0,1000.0,0,0,-0.20199999999999996,0.118,-0.442
17567,0.0,0.0,0.0,1000.0,0,0,-0.182,0.118,-0.442
17568,0.0,0.0,0.0,1000.0,0,0,-0.16199999999999998,0.118,-0.442
17569,0.0,0.0,0.0,1000.0,0,0,-0.482,0.138,-0.442
17570,0.0,0.0,0.0,1000.0,0,0,-0.46199999999999997,0.138,-0.442
17571,0.0,0.0,0.0,1000.0,0,0,-0.442,0.138,-0.442
17572,0.0,0.0,0.0,1000.0,0,0,-0.422,0.138,-0.442
17573,0.0,0.0,0.0,1000.0,0,0,-0.40199999999999997,0.138,-0.442
17574,0.0,0.0,0.0,1000.0,0,0,-0.382,0.138,-0.442
17575,0.0,0.0,0.0,1000.0,0,0,-0.362,0.138,-0.442
17576,0.0,0.0,0.0,1000.0,0,0,-0.34199999999999997,0.138,-0.442
17577,0.0,0.0,0.0,1000.0,0,0,-0.32199999999999995,0.138,-0.442
17578,0.0,0.0,0.0,1000.0,0,0,-0.302,0.138,-0.442
17579,0.0,0.0,0.0,1000.0,0,0,-0.282,0.138,-0.442
17580,0.0,0.0,0.0,1000.0,0,0,-0.262,0.138,-0.442
17581,0.0,0.0,0.0,1000.0,0,0,-0.242,0.138,-0.442
17582,0.0,0.0,0.0,1000.0,0,0,-0.22199999999999998,0.138,-0.442
17583,0.0,0.0,0.0,1000.0,0,0,-0.20199999999999996,0.138,-0.442
17584,0.0,0.0,0.0,1000.0,0,0,-0.182,0.138,-0.442
17585,0.0,0.0,0.0,1000.0,0,0,-0.16199999999999998,0.138,-0.442
17586,0.0,0.0,0.0,1000.0,0,0,-0.482,0.15800000000000003,-0.442
17587,0.0,0.0,0.0,1000.0,0,0,-0.46199999999999997,0.15800000000000003,-0.442
17588,0.0,0.0,0.0,1000.0,0,0,-0.442,0.15800000000000003,-0.442
17589,0.0,0.0,0.0,1000.0,0,0,-0.422,0.15800000000000003,-0.442
17590,0.0,0.0,0.0,1000.0,0,0,-0.40199999999999997,0.15800000000000003,-0.442
17591,0.0,0.0,0.0,1000.0,0,0,-0.382,0.15800000000000003,-0.442
17592,0.0,0.0,0.0,1000.0,0,0,-0.362,0.15800000000000003,-0.442
17593,0.0,0.0,0.0,1000.0,0,0,-0.34199999999999997,0.15800000000000003,-0.442
17594,0.0,0.0,0.0,1000.0,0,0,-0.32199999999999995,0.15800000000000003,-0.442
17595,0.0,0.0,0.0,1000.0,0,0,-0.302,0.15800000000000003,-0.442
17596,0.0,0.0,0.0,1000.0,0,0,-0.282,0.15800000000000003,-0.442
17597,0.0,0.0,0.0,1000.0,0,0,-0.262,0.15800000000000003,-0.442
17598,0.0,0.0,0.0,1000.0,0,0,-0.242,0.15800000000000003,-0.442
17599,0.0,0.0,0.0,1000.0,0,0,-0.22199999999999998,0.15800000000000003,-0.442
17600,0.0,0.0,0.0,1000.0,0,0,-0.20199999999999996,0.15800000000000003,-0.442
17601,0.0,0.0,0.0,1000.0,0,0,-0.182,0.15800000000000003,-0.442
17602,0.0,0.0,0.0,1000.0,0,0,-0.16199999999999998,0.15800000000000003,-0.442
17603,0.0,0.0,0.0,1000.0,0,0,-0.482,0.17800000000000005,-0.442
17604,0.0,0.0,0.0,1000.0,0,0,-0.46199999999999997,0.17800000000000005,-0.442
17605,0.0,0.0,0.0,1000.0,0,0,-0.442,0.17800000000000005,-0.442
17606,0.0,0.0,0.0,1000.0,0,0,-0.422,0.17800000000000005,-0.442
17607,0.0,0.0,0.0,1000.0,0,0,-0.40199999999999997,0.17800000000000005,-0.442
17608,0.0,0.0,0.0,1000.0,0,0,-0.382,0.17800000000000005,-0.442
17609,0.0,0.0,0.0,1000.0,0,0,-0.362,0.17800000000000005,-0.442
17610,0.0,0.0,0.0,1000.0,0,0,-0.34199999999999997,0.17800000000000005,-0.442
17611,0.0,0.0,0.0,1000.0,0,0,-0.32199999999999995,0.17800000000000005,-0.442
17612,0.0,0.0,0.0,1000.0,0,0,-0.302,0.17800000000000005,-0.442
17613,0.0,0.0,0.0,1000.0,0,0,-0.282,0.17800000000000005,-0.442
17614,0.0,0.0,0.0,1000.0,0,0,-0.262,0.17800000000000005,-0.442
17615,0.0,0.0,0.0,1000.0,0,0,-0.242,0.17800000000000005,-0.442
17616,0.0,0.0,0.0,1000.0,0,0,-0.22199999999999998,0.17800000000000005,-0.442
17617,0.0,0.0,0.0,1000.0,0,0,-0.20199999999999996,0.17800000000000005,-0.442
17618,0.0,0.0,0.0,1000.0,0,0,-0.182,0.17800000000000005,-0.442
17619,0.0,0.0,0.0,1000.0,0,0,-0.16199999999999998,0.17800000000000005,-0.442
17620,0.0,0.0,0.0,1000.0,0,0,-0.482,0.19800000000000006,-0.442
17621,0.0,0.0,0.0,1000.0,0,0,-0.46199999999999997,0.19800000000000006,-0.442
17622,0.0,0.0,0.0,1000.0,0,0,-0.442,0.19800000000000006,-0.442
17623,0.0,0.0,0.0,1000.0,0,0,-0.422,0.19800000000000006,-0.442
17624,0.0,0.0,0.0,1000.0,0,0,-0.40199999999999997,0.19800000000000006,-0.442
17625,0.0,0.0,0.0,1000.0,0,0,-0.382,0.19800000000000006,-0.442
17626,0.0,0.0,0.0,1000.0,0,0,-0.362,0.19800000000000006,-0.442
17627,0.0,0.0,0.0,1000.0,0,0,-0.34199999999999997,0.19800000000000006,-0.442
17628,0.0,0.0,0.0,1000.0,0,0,-0.32199999999999995,0.19800000000000006,-0.442
17629,0.0,0.0,0.0,1000.0,0,0,-0.302,0.19800000000000006,-0.442
17630,0.0,0.0,0.0,1000.0,0,0,-0.282,0.19800000000000006,-0.442
17631,0.0,0.0,0.0,1000.0,0,0,-0.262,0.19800000000000006,-0.442
17632,0.0,0.0,0.0,1000.0,0,0,-0.242,0.19800000000000006,-0.442
17633,0.0,0.0,0.0,1000.0,0,0,-0.22199999999999998,0.19800000000000006,-0.442
17634,0.0,0.0,0.0,1000.0,0,0,-0.20199999999999996,0.19800000000000006,-0.442
17635,0.0,0.0,0.0,1000.0,0,0,-0.182,0.19800000000000006,-0.442
17636,0.0,0.0,0.0,1000.0,0,0,-0.16199999999999998,0.19800000000000006,-0.442
17637,0.0,0.0,0.0,1000.0,0,0,-0.482,0.21800000000000008,-0.442
17638,0.0,0.0,0.0,1000.0,0,0,-0.46199999999999997,0.21800000000000008,-0.442
17639,0.0,0.0,0.0,1000.0,0,0,-0.442,0.21800000000000008,-0.442
17640,0.0,0.0,0.0,1000.0,0,0,-0.422,0.21800000000000008,-0.442
17641,0.0,0.0,0.0,1000.0,0,0,-0.40199999999999997,0.21800000000000008,-0.442
17642,0.0,0.0,0.0,1000.0,0,0,-0.382,0.21800000000000008,-0.442
17643,0.0,0.0,0.0,1000.0,0,0,-0.362,0.21800000000000008,-0.442
17644,0.0,0.0,0.0,1000.0,0,0,-0.34199999999999997,0.21800000000000008,-0.442
17645,0.0,0.0,0.0,1000.0,0,0,-0.32199999999999995,0.21800000000000008,-0.442
17646,0.0,0.0,0.0,1000.0,0,0,-0.302,0.21800000000000008,-0.442
17647,0.0,0.0,0.0,1000.0,0,0,-0.282,0.21800000000000008,-0.442
17648,0.0,0.0,0.0,1000.0,0,0,-0.262,0.21800000000000008,-0.442
17649,0.0,0.0,0.0,1000.0,0,0,-0.242,0.21800000000000008,-0.442
17650,0.0,0.0,0.0,1000.0,0,0,-0.22199999999999998,0.21800000000000008,-0.442
17651,0.0,0.0,0.0,1000.0,0,0,-0.20199999999999996,0.21800000000000008,-0.442
17652,0.0,0.0,0.0,1000.0,0,0,-0.182,0.21800000000000008,-0.442
17653,0.0,0.0,0.0,1000.0,0,0,-0.16199999999999998,0.21800000000000008,-0.442
17654,0.0,0.0,0.0,1000.0,0,0,-0.482,0.238,-0.442
17655,0.0,0.0,0.0,1000.0,0,0,-0.46199999999999997,0.238,-0.442
17656,0.0,0.0,0.0,1000.0,0,0,-0.442,0.238,-0.442
17657,0.0,0.0,0.0,1000.0,0,0,-0.422,0.238,-0.442
17658,0.0,0.0,0.0,1000.0,0,0,-0.40199999999999997,0.238,-0.442
17659,0.0,0.0,0.0,1000.0,0,0,-0.382,0.238,-0.442
17660,0.0,0.0,0.0,1000.0,0,0,-0.362,0.238,-0.442
17661,0.0,0.0,0.0,1000.0,0,0,-0.34199999999999997,0.238,-0.442
17662,0.0,0.0,0.0,1000.0,0,0,-0.32199999999999995,0.238,-0.442
17663,0.0,0.0,0.0,1000.0,0,0,-0.302,0.238,-0.442
17664,0.0,0.0,0.0,1000.0,0,0,-0.282,0.238,-0.442
17665,0.0,0.0,0.0,1000.0,0,0,-0.262,0.238,-0.442
17666,0.0,0.0,0.0,1000.0,0,0,-0.242,0.238,-0.442
17667,0.0,0.0,0.0,1000.0,0,0,-0.22199999999999998,0.238,-0.442
17668,0.0,0.0,0.0,1000.0,0,0,-0.20199999999999996,0.238,-0.442
17669,0.0,0.0,0.0,1000.0,0,0,-0.182,0.238,-0.442
17670,0.0,0.0,0.0,1000.0,0,0,-0.16199999999999998,0.238,-0.442
17671,0.0,0.0,0.0,1000.0,0,0,-0.482,0.258,-0.442
17672,0.0,0.0,0.0,1000.0,0,0,-0.46199999999999997,0.258,-0.442
17673,0.0,0.0,0.0,1000.0,0,0,-0.442,0.258,-0.442
17674,0.0,0.0,0.0,1000.0,0,0,-0.422,0.258,-0.442
17675,0.0,0.0,0.0,1000.0,0,0,-0.40199999999999997,0.258,-0.442
17676,0.0,0.0,0.0,1000.0,0,0,-0.382,0.258,-0.442
17677,0.0,0.0,0.0,1000.0,0,0,-0.362,0.258,-0.442
17678,0.0,0.0,0.0,1000.0,0,0,-0.34199999999999997,0.258,-0.442
17679,0.0,0.0,0.0,1000.0,0,0,-0.32199999999999995,0.258,-0.442
17680,0.0,0.0,0.0,1000.0,0,0,-0.302,0.258,-0.442
17681,0.0,0.0,0.0,1000.0,0,0,-0.282,0.258,-0.442
17682,0.0,0.0,0.0,1000.0,0,0,-0.262,0.258,-0.442
17683,0.0,0.0,0.0,1000.0,0,0,-0.242,0.258,-0.442
17684,0.0,0.0,0.0,1000.0,0,0,-0.22199999999999998,0.258,-0.442
17685,0.0,0.0,0.0,1000.0,0,0,-0.20199999999999996,0.258,-0.442
17686,0.0,0.0,0.0,1000.0,0,0,-0.182,0.258,-0.442
17687,0.0,0.0,0.0,1000.0,0,0,-0.16199999999999998,0.258,-0.442
17688,0.0,0.0,0.0,1000.0,0,0,-0.482,0.278,-0.442
17689,0.0,0.0,0.0,1000.0,0,0,-0.46199999999999997,0.278,-0.442
17690,0.0,0.0,0.0,1000.0,0,0,-0.442,0.278,-0.442
17691,0.0,0.0,0.0,1000.0,0,0,-0.422,0.278,-0.442
17692,0.0,0.0,0.0,1000.0,0,0,-0.40199999999999997,0.278,-0.442
17693,0.0,0.0,0.0,1000.0,0,0,-0.382,0.278,-0.442
17694,0.0,0.0,0.0,1000.0,0,0,-0.362,0.278,-0.442
17695,0.0,0.0,0.0,1000.0,0,0,-0.34199999999999997,0.278,-0.442
17696,0.0,0.0,0.0,1000.0,0,0,-0.32199999999999995,0.278,-0.442
17697,0.0,0.0,0.0,1000.0,0,0,-0.302,0.278,-0.442
17698,0.0,0.0,0.0,1000.0,0,0,-0.282,0.278,-0.442
17699,0.0,0.0,0.0,1000.0,0,0,-0.262,0.278,-0.442
17700,0.0,0.0,0.0,1000.0,0,0,-0.242,0.278,-0.442
17701,0.0,0.0,0.0,1000.0,0,0,-0.22199999999999998,0.278,-0.442
17702,0.0,0.0,0.0,1000.0,0,0,-0.20199999999999996,0.278,-0.442
17703,0.0,0.0,0.0,1000.0,0,0,-0.182,0.278,-0.442
17704,0.0,0.0,0.0,1000.0,0,0,-0.16199999999999998,0.278,-0.442
17705,0.0,0.0,0.0,1000.0,0,0,-0.482,0.29800000000000004,-0.442
17706,0.0,0.0,0.0,1000.0,0,0,-0.46199999999999997,0.29800000000000004,-0.442
17707,0.0,0.0,0.0,1000.0,0,0,-0.442,0.29800000000000004,-0.442
17708,0.0,0.0,0.0,1000.0,0,0,-0.422,0.29800000000000004,-0.442
17709,0.0,0.0,0.0,1000.0,0,0,-0.40199999999999997,0.29800000000000004,-0.442
17710,0.0,0.0,0.0,1000.0,0,0,-0.382,0.29800000000000004,-0.442
17711,0.0,0.0,0.0,1000.0,0,0,-0.362,0.29800000000000004,-0.442
17712,0.0,0.0,0.0,1000.0,0,0,-0.34199999999999997,0.29800000000000004,-0.442
17713,0.0,0.0,0.0,1000.0,0,0,-0.32199999999999995,0.29800000000000004,-0.442
17714,0.0,0.0,0.0,1000.0,0,0,-0.302,0.29800000000000004,-0.442
17715,0.0,0.0,0.0,1000.0,0,0,-0.282,0.29800000000000004,-0.442
17716,0.0,0.0,0.0,1000.0,0,0,-0.262,0.29800000000000004,-0.442
17717,0.0,0.0,0.0,1000.0,0,0,-0.242,0.29800000000000004,-0.442
17718,0.0,0.0,0.0,1000.0,0,0,-0.22199999999999998,0.29800000000000004,-0.442
17719,0.0,0.0,0.0,1000.0,0,0,-0.20199999999999996,0.29800000000000004,-0.442
17720,0.0,0.0,0.0,1000.0,0,0,-0.182,0.29800000000000004,-0.442
17721,0.0,0.0,0.0,1000.0,0,0,-0.16199999999999998,0.29800000000000004,-0.442
17722,0.0,0.0,0.0,1000.0,0,0,-0.482,0.31800000000000006,-0.442
17723,0.0,0.0,0.0,1000.0,0,0,-0.46199999999999997,0.31800000000000006,-0.442
17724,0.0,0.0,0.0,1000.0,0,0,-0.442,0.31800000000000006,-0.442
17725,0.0,0.0,0.0,1000.0,0,0,-0.422,0.31800000000000006,-0.442
17726,0.0,0.0,0.0,1000.0,0,0,-0.40199999999999997,0.31800000000000006,-0.442
17727,0.0,0.0,0.0,1000.0,0,0,-0.382,0.31800000000000006,-0.442
17728,0.0,0.0,0.0,1000.0,0,0,-0.362,0.31800000000000006,-0.442
17729,0.0,0.0,0.0,1000.0,0,0,-0.34199999999999997,0.31800000000000006,-0.442
17730,0.0,0.0,0.0,1000.0,0,0,-0.32199999999999995,0.31800000000000006,-0.442
17731,0.0,0.0,0.0,1000.0,0,0,-0.302,0.31800000000000006,-0.442
17732,0.0,0.0,0.0,1000.0,0,0,-0.282,0.31800000000000006,-0.442
17733,0.0,0.0,0.0,1000.0,0,0,-0.262,0.31800000000000006,-0.442
17734,0.0,0.0,0.0,1000.0,0,0,-0.242,0.31800000000000006,-0.442
17735,0.0,0.0,0.0,1000.0,0,0,-0.22199999999999998,0.31800000000000006,-0.442
17736,0.0,0.0,0.0,1000.0,0,0,-0.20199999999999996,0.31800000000000006,-0.442
17737,0.0,0.0,0.0,1000.0,0,0,-0.182,0.31800000000000006,-0.442
17738,0.0,0.0,0.0,1000.0,0,0,-0.16199999999999998,0.31800000000000006,-0.442
17739,0.0,0.0,0.0,1000.0,0,0,-0.482,0.3380000000000001,-0.442
17740,0.0,0.0,0.0,1000.0,0,0,-0.46199999999999997,0.3380000000000001,-0.442
17741,0.0,0.0,0.0,1000.0,0,0,-0.442,0.3380000000000001,-0.442
17742,0.0,0.0,0.0,1000.0,0,0,-0.422,0.3380000000000001,-0.442
17743,0.0,0.0,0.0,1000.0,0,0,-0.40199999999999997,0.3380000000000001,-0.442
17744,0.0,0.0,0.0,1000.0,0,0,-0.382,0.3380000000000001,-0.442
17745,0.0,0.0,0.0,1000.0,0,0,-0.362,0.3380000000000001,-0.442
17746,0.0,0.0,0.0,1000.0,0,0,-0.34199999999999997,0.3380000000000001,-0.442
17747,0.0,0.0,0.0,1000.0,0,0,-0.32199999999999995,0.3380000000000001,-0.442
17748,0.0,0.0,0.0,1000.0,0,0,-0.302,0.3380000000000001,-0.442
17749,0.0,0.0,0.0,1000.0,0,0,-0.282,0.3380000000000001,-0.442
17750,0.0,0.0,0.0,1000.0,0,0,-0.262,0.3380000000000001,-0.442
17751,0.0,0.0,0.0,1000.0,0,0,-0.242,0.3380000000000001,-0.442
17752,0.0,0.0,0.0,1000.0,0,0,-0.22199999999999998,0.3380000000000001,-0.442
17753,0.0,0.0,0.0,1000.0,0,0,-0.20199999999999996,0.3380000000000001,-0.442
17754,0.0,0.0,0.0,1000.0,0,0,-0.182,0.3380000000000001,-0.442
17755,0.0,0.0,0.0,1000.0,0,0,-0.16199999999999998,0.3380000000000001,-0.442
17756,0.0,0.0,0.0,1000.0,0,0,-0.482,0.358,-0.442
17757,0.0,0.0,0.0,1000.0,0,0,-0.46199999999999997,0.358,-0.442
17758,0.0,0.0,0.0,1000.0,0,0,-0.442,0.358,-0.442
17759,0.0,0.0,0.0,1000.0,0,0,-0.422,0.358,-0.442
17760,0.0,0.0,0.0,1000.0,0,0,-0.40199999999999997,0.358,-0.442
17761,0.0,0.0,0.0,1000.0,0,0,-0.382,0.358,-0.442
17762,0.0,0.0,0.0,1000.0,0,0,-0.362,0.358,-0.442
17763,0.0,0.0,0.0,1000.0,0,0,-0.34199999999999997,0.358,-0.442
17764,0.0,0.0,0.0,1000.0,0,0,-0.32199999999999995,0.358,-0.442
17765,0.0,0.0,0.0,1000.0,0,0,-0.302,0.358,-0.442
17766,0.0,0.0,0.0,1000.0,0,0,-0.282,0.358,-0.442
17767,0.0,0.0,0.0,1000.0,0,0,-0.262,0.358,-0.442
17768,0.0,0.0,0.0,1000.0,0,0,-0.242,0.358,-0.442
17769,0.0,0.0,0.0,1000.0,0,0,-0.22199999999999998,0.358,-0.442
17770,0.0,0.0,0.0,1000.0,0,0,-0.20199999999999996,0.358,-0.442
17771,0.0,0.0,0.0,1000.0,0,0,-0.182,0.358,-0.442
17772,0.0,0.0,0.0,1000.0,0,0,-0.16199999999999998,0.358,-0.442
17773,0.0,0.0,0.0,1000.0,0,0,-0.482,0.378,-0.442
17774,0.0,0.0,0.0,1000.0,0,0,-0.46199999999999997,0.378,-0.442
17775,0.0,0.0,0.0,1000.0,0,0,-0.442,0.378,-0.442
17776,0.0,0.0,0.0,1000.0,0,0,-0.422,0.378,-0.442
17777,0.0,0.0,0.0,1000.0,0,0,-0.40199999999999997,0.378,-0.442
17778,0.0,0.0,0.0,1000.0,0,0,-0.382,0.378,-0.442
17779,0.0,0.0,0.0,1000.0,0,0,-0.362,0.378,-0.442
17780,0.0,0.0,0.0,1000.0,0,0,-0.34199999999999997,0.378,-0.442
17781,0.0,0.0,0.0,1000.0,0,0,-0.32199999999999995,0.378,-0.442
17782,0.0,0.0,0.0,1000.0,0,0,-0.302,0.378,-0.442
17783,0.0,0.0,0.0,1000.0,0,0,-0.282,0.378,-0.442
17784,0.0,0.0,0.0,1000.0,0,0,-0.262,0.378,-0.442
17785,0.0,0.0,0.0,1000.0,0,0,-0.242,0.378,-0.442
17786,0.0,0.0,0.0,1000.0,0,0,-0.22199999999999998,0.378,-0.442
17787,0.0,0.0,0.0,1000.0,0,0,-0.20199999999999996,0.378,-0.442
17788,0.0,0.0,0.0,1000.0,0,0,-0.182,0.378,-0.442
17789,0.0,0.0,0.0,1000.0,0,0,-0.16199999999999998,0.378,-0.442
17790,0.0,0.0,0.0,1000.0,0,0,-0.482,0.398,-0.442
17791,0.0,0.0,0.0,1000.0,0,0,-0.46199999999999997,0.398,-0.442
17792,0.0,0.0,0.0,1000.0,0,0,-0.442,0.398,-0.442
17793,0.0,0.0,0.0,1000.0,0,0,-0.422,0.398,-0.442
17794,0.0,0.0,0.0,1000.0,0,0,-0.40199999999999997,0.398,-0.442
17795,0.0,0.0,0.0,1000.0,0,0,-0.382,0.398,-0.442
17796,0.0,0.0,0.0,1000.0,0,0,-0.362,0.398,-0.442
17797,0.0,0.0,0.0,1000.0,0,0,-0.34199999999999997,0.398,-0.442
17798,0.0,0.0,0.0,1000.0,0,0,-0.32199999999999995,0.398,-0.442
17799,0.0,0.0,0.0,1000.0,0,0,-0.302,0.398,-0.442
17800,0.0,0.0,0.0,1000.0,0,0,-0.282,0.398,-0.442
17801,0.0,0.0,0.0,1000.0,0,0,-0.262,0.398,-0.442
17802,0.0,0.0,0.0,1000.0,0,0,-0.242,0.398,-0.442
17803,0.0,0.0,0.0,1000.0,0,0,-0.22199999999999998,0.398,-0.442
17804,0.0,0.0,0.0,1000.0,0,0,-0.20199999999999996,0.398,-0.442
17805,0.0,0.0,0.0,1000.0,0,0,-0.182,0.398,-0.442
17806,0.0,0.0,0.0,1000.0,0,0,-0.16199999999999998,0.398,-0.442
17807,0.0,0.0,0.0,1000.0,0,0,-0.482,0.41800000000000004,-0.442
17808,0.0,0.0,0.0,1000.0,0,0,-0.46199999999999997,0.41800000000000004,-0.442
17809,0.0,0.0,0.0,1000.0,0,0,-0.442,0.41800000000000004,-0.442
17810,0.0,0.0,0.0,1000.0,0,0,-0.422,0.41800000000000004,-0.442
17811,0.0,0.0,0.0,1000.0,0,0,-0.40199999999999997,0.41800000000000004,-0.442
17812,0.0,0.0,0.0,1000.0,0,0,-0.382,0.41800000000000004,-0.442
17813,0.0,0.0,0.0,1000.0,0,0,-0.362,0.41800000000000004,-0.442
17814,0.0,0.0,0.0,1000.0,0,0,-0.34199999999999997,0.41800000000000004,-0.442
17815,0.0,0.0,0.0,1000.0,0,0,-0.32199999999999995,0.41800000000000004,-0.442
17816,0.0,0.0,0.0,1000.0,0,0,-0.302,0.41800000000000004,-0.442
17817,0.0,0.0,0.0,1000.0,0,0,-0.282,0.41800000000000004,-0.442
17818,0.0,0.0,0.0,1000.0,0,0,-0.262,0.41800000000000004,-0.442
17819,0.0,0.0,0.0,1000.0,0,0,-0.242,0.41800000000000004,-0.442
17820,0.0,0.0,0.0,1000.0,0,0,-0.22199999999999998,0.41800000000000004,-0.442
17821,0.0,0.0,0.0,1000.0,0,0,-0.20199999999999996,0.41800000000000004,-0.442
17822,0.0,0.0,0.0,1000.0,0,0,-0.182,0.41800000000000004,-0.442
17823,0.0,0.0,0.0,1000.0,0,0,-0.16199999999999998,0.41800000000000004,-0.442
17824,0.0,0.0,0.0,1000.0,0,0,-0.482,0.43800000000000006,-0.442
17825,0.0,0.0,0.0,1000.0,0,0,-0.46199999999999997,0.43800000000000006,-0.442
17826,0.0,0.0,0.0,1000.0,0,0,-0.442,0.43800000000000006,-0.442
17827,0.0,0.0,0.0,1000.0,0,0,-0.422,0.43800000000000006,-0.442
17828,0.0,0.0,0.0,1000.0,0,0,-0.40199999999999997,0.43800000000000006,-0.442
17829,0.0,0.0,0.0,1000.0,0,0,-0.382,0.43800000000000006,-0.442
17830,0.0,0.0,0.0,1000.0,0,0,-0.362,0.43800000000000006,-0.442
17831,0.0,0.0,0.0,1000.0,0,0,-0.34199999999999997,0.43800000000000006,-0.442
17832,0.0,0.0,0.0,1000.0,0,0,-0.32199999999999995,0.43800000000000006,-0.442
17833,0.0,0.0,0.0,1000.0,0,0,-0.302,0.43800000000000006,-0.442
17834,0.0,0.0,0.0,1000.0,0,0,-0.282,0.43800000000000006,-0.442
17835,0.0,0.0,0.0,1000.0,0,0,-0.262,0.43800000000000006,-0.442
17836,0.0,0.0,0.0,1000.0,0,0,-0.242,0.43800000000000006,-0.442
17837,0.0,0.0,0.0,1000.0,0,0,-0.22199999999999998,0.43800000000000006,-0.442
17838,0.0,0.0,0.0,1000.0,0,0,-0.20199999999999996,0.43800000000000006,-0.442
17839,0.0,0.0,0.0,1000.0,0,0,-0.182,0.43800000000000006,-0.442
17840,0.0,0.0,0.0,1000.0,0,0,-0.16199999999999998,0.43800000000000006,-0.442
17841,0.0,0.0,0.0,1000.0,0,0,-0.482,0.4580000000000001,-0.442
17842,0.0,0.0,0.0,1000.0,0,0,-0.46199999999999997,0.4580000000000001,-0.442
17843,0.0,0.0,0.0,1000.0,0,0,-0.442,0.4580000000000001,-0.442
17844,0.0,0.0,0.0,1000.0,0,0,-0.422,0.4580000000000001,-0.442
17845,0.0,0.0,0.0,1000.0,0,0,-0.40199999999999997,0.4580000000000001,-0.442
17846,0.0,0.0,0.0,1000.0,0,0,-0.382,0.4580000000000001,-0.442
17847,0.0,0.0,0.0,1000.0,0,0,-0.362,0.4580000000000001,-0.442
17848,0.0,0.0,0.0,1000.0,0,0,-0.34199999999999997,0.4580000000000001,-0.442
17849,0.0,0.0,0.0,1000.0,0,0,-0.32199999999999995,0.4580000000000001,-0.442
17850,0.0,0.0,0.0,1000.0,0,0,-0.302,0.4580000000000001,-0.442
17851,0.0,0.0,0.0,1000.0,0,0,-0.282,0.4580000000000001,-0.442
17852,0.0,0.0,0.0,1000.0,0,0,-0.262,0.4580000000000001,-0.442
17853,0.0,0.0,0.0,1000.0,0,0,-0.242,0.4580000000000001,-0.442
17854,0.0,0.0,0.0,1000.0,0,0,-0.22199999999999998,0.4580000000000001,-0.442
17855,0.0,0.0,0.0,1000.0,0,0,-0.20199999999999996,0.4580000000000001,-0.442
17856,0.0,0.0,0.0,1000.0,0,0,-0.182,0.4580000000000001,-0.442
17857,0.0,0.0,0.0,1000.0,0,0,-0.16199999999999998,0.4580000000000001,-0.442
17858,0.0,0.0,0.0,1000.0,0,0,-0.482,0.478,-0.442
17859,0.0,0.0,0.0,1000.0,0,0,-0.46199999999999997,0.478,-0.442
17860,0.0,0.0,0.0,1000.0,0,0,-0.442,0.478,-0.442
17861,0.0,0.0,0.0,1000.0,0,0,-0.422,0.478,-0.442
17862,0.0,0.0,0.0,1000.0,0,0,-0.40199999999999997,0.478,-0.442
17863,0.0,0.0,0.0,1000.0,0,0,-0.382,0.478,-0.442
17864,0.0,0.0,0.0,1000.0,0,0,-0.362,0.478,-0.442
17865,0.0,0.0,0.0,1000.0,0,0,-0.34199999999999997,0.478,-0.442
17866,0.0,0.0,0.0,1000.0,0,0,-0.32199999999999995,0.478,-0.442
17867,0.0,0.0,0.0,1000.0,0,0,-0.302,0.478,-0.442
17868,0.0,0.0,0.0,1000.0,0,0,-0.282,0.478,-0.442
17869,0.0,0.0,0.0,1000.0,0,0,-0.262,0.478,-0.442
17870,0.0,0.0,0.0,1000.0,0,0,-0.242,0.478,-0.442
17871,0.0,0.0,0.0,1000.0,0,0,-0.22199999999999998,0.478,-0.442
17872,0.0,0.0,0.0,1000.0,0,0,-0.20199999999999996,0.478,-0.442
17873,0.0,0.0,0.0,1000.0,0,0,-0.182,0.478,-0.442
17874,0.0,0.0,0.0,1000.0,0,0,-0.16199999999999998,0.478,-0.442
17875,0.0,0.0,0.0,1000.0,0,0,-0.482,-0.482,-0.422
17876,0.0,0.0,0.0,1000.0,0,0,-0.46199999999999997,-0.482,-0.422
17877,0.0,0.0,0.0,1000.0,0,0,-0.442,-0.482,-0.422
17878,0.0,0.0,0.0,1000.0,0,0,-0.422,-0.482,-0.422
17879,0.0,0.0,0.0,1000.0,0,0,-0.40199999999999997,-0.482,-0.422
17880,0.0,0.0,0.0,1000.0,0,0,-0.382,-0.482,-0.422
17881,0.0,0.0,0.0,1000.0,0,0,-0.362,-0.482,-0.422
17882,0.0,0.0,0.0,1000.0,0,0,-0.34199999999999997,-0.482,-0.422
17883,0.0,0.0,0.0,1000.0,0,0,-0.32199999999999995,-0.482,-0.422
17884,0.0,0.0,0.0,1000.0,0,0,-0.302,-0.482,-0.422
17885,0.0,0.0,0.0,1000.0,0,0,-0.282,-0.482,-0.422
17886,0.0,0.0,0.0,1000.0,0,0,-0.262,-0.482,-0.422
17887,0.0,0.0,0.0,1000.0,0,0,-0.242,-0.482,-0.422
17888,0.0,0.0,0.0,1000.0,0,0,-0.22199999999999998,-0.482,-0.422
17889,0.0,0.0,0.0,1000.0,0,0,-0.20199999999999996,-0.482,-0.422
17890,0.0,0.0,0.0,1000.0,0,0,-0.182,-0.482,-0.422
17891,0.0,0.0,0.0,1000.0,0,0,-0.16199999999999998,-0.482,-0.422
17892,0.0,0.0,0.0,1000.0,0,0,-0.482,-0.46199999999999997,-0.422
17893,0.0,0.0,0.0,1000.0,0,0,-0.46199999999999997,-0.46199999999999997,-0.422
17894,0.0,0.0,0.0,1000.0,0,0,-0.442,-0.46199999999999997,-0.422
17895,0.0,0.0,0.0,1000.0,0,0,-0.422,-0.46199999999999997,-0.422
17896,0.0,0.0,0.0,1000.0,0,0,-0.40199999999999997,-0.46199999999999997,-0.422
17897,0.0,0.0,0.0,1000.0,0,0,-0.382,-0.46199999999999997,-0.422
17898,0.0,0.0,0.0,1000.0,0,0,-0.362,-0.46199999999999997,-0.422
17899,0.0,0.0,0.0,1000.0,0,0,-0.34199999999999997,-0.46199999999999997,-0.422
17900,0.0,0.0,0.0,1000.0,0,0,-0.32199999999999995,-0.46199999999999997,-0.422
17901,0.0,0.0,0.0,1000.0,0,0,-0.302,-0.46199999999999997,-0.422
17902,0.0,0.0,0.0,1000.0,0,0,-0.282,-0.46199999999999997,-0.422
17903,0.0,0.0,0.0,1000.0,0,0,-0.262,-0.46199999999999997,-0.422
17904,0.0,0.0,0.0,1000.0,0,0,-0.242,-0.46199999999999997,-0.422
17905,0.0,0.0,0.0,1000.0,0,0,-0.22199999999999998,-0.46199999999999997,-0.422
17906,0.0,0.0,0.0,1000.0,0,0,-0.20199999999999996,-0.46199999999999997,-0.422
17907,0.0,0.0,0.0,1000.0,0,0,-0.182,-0.46199999999999997,-0.422
17908,0.0,0.0,0.0,1000.0,0,0,-0.16199999999999998,-0.46199999999999997,-0.422
17909,0.0,0.0,0.0,1000.0,0,0,-0.482,-0.442,-0.422
17910,0.0,0.0,0.0,1000.0,0,0,-0.46199999999999997,-0.442,-0.422
17911,0.0,0.0,0.0,1000.0,0,0,-0.442,-0.442,-0.422
17912,0.0,0.0,0.0,1000.0,0,0,-0.422,-0.442,-0.422
17913,0.0,0.0,0.0,1000.0,0,0,-0.40199999999999997,-0.442,-0.422
17914,0.0,0.0,0.0,1000.0,0,0,-0.382,-0.442,-0.422
17915,0.0,0.0,0.0,1000.0,0,0,-0.362,-0.442,-0.422
17916,0.0,0.0,0.0,1000.0,0,0,-0.34199999999999997,-0.442,-0.422
17917,0.0,0.0,0.0,1000.0,0,0,-0.32199999999999995,-0.442,-0.422
17918,0.0,0.0,0.0,1000.0,0,0,-0.302,-0.442,-0.422
17919,0.0,0.0,0.0,1000.0,0,0,-0.282,-0.442,-0.422
17920,0.0,0.0,0.0,1000.0,0,0,-0.262,-0.442,-0.422
17921,0.0,0.0,0.0,1000.0,0,0,-0.242,-0.442,-0.422
17922,0.0,0.0,0.0,1000.0,0,0,-0.22199999999999998,-0.442,-0.422
17923,0.0,0.0,0.0,1000.0,0,0,-0.20199999999999996,-0.442,-0.422
17924,0.0,0.0,0.0,1000.0,0,0,-0.182,-0.442,-0.422
17925,0.0,0.0,0.0,1000.0,0,0,-0.16199999999999998,-0.442,-0.422
17926,0.0,0.0,0.0,1000.0,0,0,-0.482,-0.422,-0.422
17927,0.0,0.0,0.0,1000.0,0,0,-0.46199999999999997,-0.422,-0.422
17928,0.0,0.0,0.0,1000.0,0,0,-0.442,-0.422,-0.422
17929,0.0,0.0,0.0,1000.0,0,0,-0.422,-0.422,-0.422
17930,0.0,0.0,0.0,1000.0,0,0,-0.40199999999999997,-0.422,-0.422
17931,0.0,0.0,0.0,1000.0,0,0,-0.382,-0.422,-0.422
17932,0.0,0.0,0.0,1000.0,0,0,-0.362,-0.422,-0.422
17933,0.0,0.0,0.0,1000.0,0,0,-0.34199999999999997,-0.422,-0.422
17934,0.0,0.0,0.0,1000.0,0,0,-0.32199999999999995,-0.422,-0.422
17935,0.0,0.0,0.0,1000.0,0,0,-0.302,-0.422,-0.422
17936,0.0,0.0,0.0,1000.0,0,0,-0.282,-0.422,-0.422
17937,0.0,0.0,0.0,1000.0,0,0,-0.262,-0.422,-0.422
17938,0.0,0.0,0.0,1000.0,0,0,-0.242,-0.422,-0.422
17939,0.0,0.0,0.0,1000.0,0,0,-0.22199999999999998,-0.422,-0.422
17940,0.0,0.0,0.0,1000.0,0,0,-0.20199999999999996,-0.422,-0.422
17941,0.0,0.0,0.0,1000.0,0,0,-0.182,-0.422,-0.422
17942,0.0,0.0,0.0,1000.0,0,0,-0.16199999999999998,-0.422,-0.422
17943,0.0,0.0,0.0,1000.0,0,0,-0.482,-0.40199999999999997,-0.422
17944,0.0,0.0,0.0,1000.0,0,0,-0.46199999999999997,-0.40199999999999997,-0.422
17945,0.0,0.0,0.0,1000.0,0,0,-0.442,-0.40199999999999997,-0.422
17946,0.0,0.0,0.0,1000.0,0,0,-0.422,-0.40199999999999997,-0.422
17947,0.0,0.0,0.0,1000.0,0,0,-0.40199999999999997,-0.40199999999999997,-0.422
17948,0.0,0.0,0.0,1000.0,0,0,-0.382,-0.40199999999999997,-0.422
17949,0.0,0.0,0.0,1000.0,0,0,-0.362,-0.40199999999999997,-0.422
17950,0.0,0.0,0.0,1000.0,0,0,-0.34199999999999997,-0.40199999999999997,-0.422
17951,0.0,0.0,0.0,1000.0,0,0,-0.32199999999999995,-0.40199999999999997,-0.422
17952,0.0,0.0,0.0,1000.0,0,0,-0.302,-0.40199999999999997,-0.422
17953,0.0,0.0,0.0,1000.0,0,0,-0.282,-0.40199999999999997,-0.422
17954,0.0,0.0,0.0,1000.0,0,0,-0.262,-0.40199999999999997,-0.422
17955,0.0,0.0,0.0,1000.0,0,0,-0.242,-0.40199999999999997,-0.422
17956,0.0,0.0,0.0,1000.0,0,0,-0.22199999999999998,-0.40199999999999997,-0.422
17957,0.0,0.0,0.0,1000.0,0,0,-0.20199999999999996,-0.40199999999999997,-0.422
17958,0.0,0.0,0.0,1000.0,0,0,-0.182,-0.40199999999999997,-0.422
17959,0.0,0.0,0.0,1000.0,0,0,-0.16199999999999998,-0.40199999999999997,-0.422
17960,0.0,0.0,0.0,1000.0,0,0,-0.482,-0.382,-0.422
17961,0.0,0.0,0.0,1000.0,0,0,-0.46199999999999997,-0.382,-0.422
17962,0.0,0.0,0.0,1000.0,0,0,-0.442,-0.382,-0.422
17963,0.0,0.0,0.0,1000.0,0,0,-0.422,-0.382,-0.422
17964,0.0,0.0,0.0,1000.0,0,0,-0.40199999999999997,-0.382,-0.422
17965,0.0,0.0,0.0,1000.0,0,0,-0.382,-0.382,-0.422
17966,0.0,0.0,0.0,1000.0,0,0,-0.362,-0.382,-0.422
17967,0.0,0.0,0.0,1000.0,0,0,-0.34199999999999997,-0.382,-0.422
17968,0.0,0.0,0.0,1000.0,0,0,-0.32199999999999995,-0.382,-0.422
17969,0.0,0.0,0.0,1000.0,0,0,-0.302,-0.382,-0.422
17970,0.0,0.0,0.0,1000.0,0,0,-0.282,-0.382,-0.422
17971,0.0,0.0,0.0,1000.0,0,0,-0.262,-0.382,-0.422
17972,0.0,0.0,0.0,1000.0,0,0,-0.242,-0.382,-0.422
17973,0.0,0.0,0.0,1000.0,0,0,-0.22199999999999998,-0.382,-0.422
17974,0.0,0.0,0.0,1000.0,0,0,-0.20199999999999996,-0.382,-0.422
17975,0.0,0.0,0.0,1000.0,0,0,-0.182,-0.382,-0.422
17976,0.0,0.0,0.0,1000.0,0,0,-0.16199999999999998,-0.382,-0.422
17977,0.0,0.0,0.0,1000.0,0,0,-0.482,-0.362,-0.422
17978,0.0,0.0,0.0,1000.0,0,0,-0.46199999999999997,-0.362,-0.422
17979,0.0,0.0,0.0,1000.0,0,0,-0.442,-0.362,-0.422
17980,0.0,0.0,0.0,1000.0,0,0,-0.422,-0.362,-0.422
17981,0.0,0.0,0.0,1000.0,0,0,-0.40199999999999997,-0.362,-0.422
17982,0.0,0.0,0.0,1000.0,0,0,-0.382,-0.362,-0.422
17983,0.0,0.0,0.0,1000.0,0,0,-0.362,-0.362,-0.422
17984,0.0,0.0,0.0,1000.0,0,0,-0.34199999999999997,-0.362,-0.422
17985,0.0,0.0,0.0,1000.0,0,0,-0.32199999999999995,-0.362,-0.422
17986,0.0,0.0,0.0,1000.0,0,0,-0.302,-0.362,-0.422
17987,0.0,0.0,0.0,1000.0,0,0,-0.282,-0.362,-0.422
17988,0.0,0.0,0.0,1000.0,0,0,-0.262,-0.362,-0.422
17989,0.0,0.0,0.0,1000.0,0,0,-0.242,-0.362,-0.422
17990,0.0,0.0,0.0,1000.0,0,0,-0.22199999999999998,-0.362,-0.422
17991,0.0,0.0,0.0,1000.0,0,0,-0.20199999999999996,-0.362,-0.422
17992,0.0,0.0,0.0,1000.0,0,0,-0.182,-0.362,-0.422
17993,0.0,0.0,0.0,1000.0,0,0,-0.16199999999999998,-0.362,-0.422
17994,0.0,0.0,0.0,1000.0,0,0,-0.482,-0.34199999999999997,-0.422
17995,0.0,0.0,0.0,1000.0,0,0,-0.46199999999999997,-0.34199999999999997,-0.422
17996,0.0,0.0,0.0,1000.0,0,0,-0.442,-0.34199999999999997,-0.422
17997,0.0,0.0,0.0,1000.0,0,0,-0.422,-0.34199999999999997,-0.422
17998,0.0,0.0,0.0,1000.0,0,0,-0.40199999999999997,-0.34199999999999997,-0.422
17999,0.0,0.0,0.0,1000.0,0,0,-0.382,-0.34199999999999997,-0.422
18000,0.0,0.0,0.0,1000.0,0,0,-0.362,-0.34199999999999997,-0.422
18001,0.0,0.0,0.0,1000.0,0,0,-0.34199999999999997,-0.34199999999999997,-0.422
18002,0.0,0.0,0.0,1000.0,0,0,-0.32199999999999995,-0.34199999999999997,-0.422
18003,0.0,0.0,0.0,1000.0,0,0,-0.302,-0.34199999999999997,-0.422
18004,0.0,0.0,0.0,1000.0,0,0,-0.282,-0.34199999999999997,-0.422
18005,0.0,0.0,0.0,1000.0,0,0,-0.262,-0.34199999999999997,-0.422
18006,0.0,0.0,0.0,1000.0,0,0,-0.242,-0.34199999999999997,-0.422
18007,0.0,0.0,0.0,1000.0,0,0,-0.22199999999999998,-0.34199999999999997,-0.422
18008,0.0,0.0,0.0,1000.0,0,0,-0.20199999999999996,-0.34199999999999997,-0.422
18009,0.0,0.0,0.0,1000.0,0,0,-0.182,-0.34199999999999997,-0.422
18010,0.0,0.0,0.0,1000.0,0,0,-0.16199999999999998,-0.34199999999999997,-0.422
18011,0.0,0.0,0.0,1000.0,0,0,-0.482,-0.32199999999999995,-0.422
18012,0.0,0.0,0.0,1000.0,0,0,-0.46199999999999997,-0.32199999999999995,-0.422
18013,0.0,0.0,0.0,1000.0,0,0,-0.442,-0.32199999999999995,-0.422
18014,0.0,0.0,0.0,1000.0,0,0,-0.422,-0.32199999999999995,-0.422
18015,0.0,0.0,0.0,1000.0,0,0,-0.40199999999999997,-0.32199999999999995,-0.422
18016,0.0,0.0,0.0,1000.0,0,0,-0.382,-0.32199999999999995,-0.422
18017,0.0,0.0,0.0,1000.0,0,0,-0.362,-0.32199999999999995,-0.422
18018,0.0,0.0,0.0,1000.0,0,0,-0.34199999999999997,-0.32199999999999995,-0.422
18019,0.0,0.0,0.0,1000.0,0,0,-0.32199999999999995,-0.32199999999999995,-0.422
18020,0.0,0.0,0.0,1000.0,0,0,-0.302,-0.32199999999999995,-0.422
18021,0.0,0.0,0.0,1000.0,0,0,-0.282,-0.32199999999999995,-0.422
18022,0.0,0.0,0.0,1000.0,0,0,-0.262,-0.32199999999999995,-0.422
18023,0.0,0.0,0.0,1000.0,0,0,-0.242,-0.32199999999999995,-0.422
18024,0.0,0.0,0.0,1000.0,0,0,-0.22199999999999998,-0.32199999999999995,-0.422
18025,0.0,0.0,0.0,1000.0,0,0,-0.20199999999999996,-0.32199999999999995,-0.422
18026,0.0,0.0,0.0,1000.0,0,0,-0.182,-0.32199999999999995,-0.422
18027,0.0,0.0,0.0,1000.0,0,0,-0.16199999999999998,-0.32199999999999995,-0.422
18028,0.0,0.0,0.0,1000.0,0,0,-0.482,-0.302,-0.422
18029,0.0,0.0,0.0,1000.0,0,0,-0.46199999999999997,-0.302,-0.422
18030,0.0,0.0,0.0,1000.0,0,0,-0.442,-0.302,-0.422
18031,0.0,0.0,0.0,1000.0,0,0,-0.422,-0.302,-0.422
18032,0.0,0.0,0.0,1000.0,0,0,-0.40199999999999997,-0.302,-0.422
18033,0.0,0.0,0.0,1000.0,0,0,-0.382,-0.302,-0.422
18034,0.0,0.0,0.0,1000.0,0,0,-0.362,-0.302,-0.422
18035,0.0,0.0,0.0,1000.0,0,0,-0.34199999999999997,-0.302,-0.422
18036,0.0,0.0,0.0,1000.0,0,0,-0.32199999999999995,-0.302,-0.422
18037,0.0,0.0,0.0,1000.0,0,0,-0.302,-0.302,-0.422
18038,0.0,0.0,0.0,1000.0,0,0,-0.282,-0.302,-0.422
18039,0.0,0.0,0.0,1000.0,0,0,-0.262,-0.302,-0.422
18040,0.0,0.0,0.0,1000.0,0,0,-0.242,-0.302,-0.422
18041,0.0,0.0,0.0,1000.0,0,0,-0.22199999999999998,-0.302,-0.422
18042,0.0,0.0,0.0,1000.0,0,0,-0.20199999999999996,-0.302,-0.422
18043,0.0,0.0,0.0,1000.0,0,0,-0.182,-0.302,-0.422
18044,0.0,0.0,0.0,1000.0,0,0,-0.16199999999999998,-0.302,-0.422
18045,0.0,0.0,0.0,1000.0,0,0,-0.482,-0.282,-0.422
18046,0.0,0.0,0.0,1000.0,0,0,-0.46199999999999997,-0.282,-0.422
18047,0.0,0.0,0.0,1000.0,0,0,-0.442,-0.282,-0.422
18048,0.0,0.0,0.0,1000.0,0,0,-0.422,-0.282,-0.422
18049,0.0,0.0,0.0,1000.0,0,0,-0.40199999999999997,-0.282,-0.422
18050,0.0,0.0,0.0,1000.0,0,0,-0.382,-0.282,-0.422
18051,0.0,0.0,0.0,1000.0,0,0,-0.362,-0.282,-0.422
18052,0.0,0.0,0.0,1000.0,0,0,-0.34199999999999997,-0.282,-0.422
18053,0.0,0.0,0.0,1000.0,0,0,-0.32199999999999995,-0.282,-0.422
18054,0.0,0.0,0.0,1000.0,0,0,-0.302,-0.282,-0.422
18055,0.0,0.0,0.0,1000.0,0,0,-0.282,-0.282,-0.422
18056,0.0,0.0,0.0,1000.0,0,0,-0.262,-0.282,-0.422
18057,0.0,0.0,0.0,1000.0,0,0,-0.242,-0.282,-0.422
18058,0.0,0.0,0.0,1000.0,0,0,-0.22199999999999998,-0.282,-0.422
18059,0.0,0.0,0.0,1000.0,0,0,-0.20199999999999996,-0.282,-0.422
18060,0.0,0.0,0.0,1000.0,0,0,-0.182,-0.282,-0.422
18061,0.0,0.0,0.0,1000.0,0,0,-0.16199999999999998,-0.282,-0.422
18062,0.0,0.0,0.0,1000.0,0,0,-0.482,-0.262,-0.422
18063,0.0,0.0,0.0,1000.0,0,0,-0.46199999999999997,-0.262,-0.422
18064,0.0,0.0,0.0,1000.0,0,0,-0.442,-0.262,-0.422
18065,0.0,0.0,0.0,1000.0,0,0,-0.422,-0.262,-0.422
18066,0.0,0.0,0.0,1000.0,0,0,-0.40199999999999997,-0.262,-0.422
18067,0.0,0.0,0.0,1000.0,0,0,-0.382,-0.262,-0.422
18068,0.0,0.0,0.0,1000.0,0,0,-0.362,-0.262,-0.422
18069,0.0,0.0,0.0,1000.0,0,0,-0.34199999999999997,-0.262,-0.422
18070,0.0,0.0,0.0,1000.0,0,0,-0.32199999999999995,-0.262,-0.422
18071,0.0,0.0,0.0,1000.0,0,0,-0.302,-0.262,-0.422
18072,0.0,0.0,0.0,1000.0,0,0,-0.282,-0.262,-0.422
18073,0.0,0.0,0.0,1000.0,0,0,-0.262,-0.262,-0.422
18074,0.0,0.0,0.0,1000.0,0,0,-0.242,-0.262,-0.422
18075,0.0,0.0,0.0,1000.0,0,0,-0.22199999999999998,-0.262,-0.422
18076,0.0,0.0,0.0,1000.0,0,0,-0.20199999999999996,-0.262,-0.422
18077,0.0,0.0,0.0,1000.0,0,0,-0.182,-0.262,-0.422
18078,0.0,0.0,0.0,1000.0,0,0,-0.16199999999999998,-0.262,-0.422
18079,0.0,0.0,0.0,1000.0,0,0,-0.482,-0.242,-0.422
18080,0.0,0.0,0.0,1000.0,0,0,-0.46199999999999997,-0.242,-0.422
18081,0.0,0.0,0.0,1000.0,0,0,-0.442,-0.242,-0.422
18082,0.0,0.0,0.0,1000.0,0,0,-0.422,-0.242,-0.422
18083,0.0,0.0,0.0,1000.0,0,0,-0.40199999999999997,-0.242,-0.422
18084,0.0,0.0,0.0,1000.0,0,0,-0.382,-0.242,-0.422
18085,0.0,0.0,0.0,1000.0,0,0,-0.362,-0.242,-0.422
18086,0.0,0.0,0.0,1000.0,0,0,-0.34199999999999997,-0.242,-0.422
18087,0.0,0.0,0.0,1000.0,0,0,-0.32199999999999995,-0.242,-0.422
18088,0.0,0.0,0.0,1000.0,0,0,-0.302,-0.242,-0.422
18089,0.0,0.0,0.0,1000.0,0,0,-0.282,-0.242,-0.422
18090,0.0,0.0,0.0,1000.0,0,0,-0.262,-0.242,-0.422
18091,0.0,0.0,0.0,1000.0,0,0,-0.242,-0.242,-0.422
18092,0.0,0.0,0.0,1000.0,0,0,-0.22199999999999998,-0.242,-0.422
18093,0.0,0.0,0.0,1000.0,0,0,-0.20199999999999996,-0.242,-0.422
18094,0.0,0.0,0.0,1000.0,0,0,-0.182,-0.242,-0.422
18095,0.0,0.0,0.0,1000.0,0,0,-0.16199999999999998,-0.242,-0.422
18096,0.0,0.0,0.0,1000.0,0,0,-0.482,-0.22199999999999998,-0.422
18097,0.0,0.0,0.0,1000.0,0,0,-0.46199999999999997,-0.22199999999999998,-0.422
18098,0.0,0.0,0.0,1000.0,0,0,-0.442,-0.22199999999999998,-0.422
18099,0.0,0.0,0.0,1000.0,0,0,-0.422,-0.22199999999999998,-0.422
18100,0.0,0.0,0.0,1000.0,0,0,-0.40199999999999997,-0.22199999999999998,-0.422
18101,0.0,0.0,0.0,1000.0,0,0,-0.382,-0.22199999999999998,-0.422
18102,0.0,0.0,0.0,1000.0,0,0,-0.362,-0.22199999999999998,-0.422
18103,0.0,0.0,0.0,1000.0,0,0,-0.34199999999999997,-0.22199999999999998,-0.422
18104,0.0,0.0,0.0,1000.0,0,0,-0.32199999999999995,-0.22199999999999998,-0.422
18105,0.0,0.0,0.0,1000.0,0,0,-0.302,-0.22199999999999998,-0.422
18106,0.0,0.0,0.0,1000.0,0,0,-0.282,-0.22199999999999998,-0.422
18107,0.0,0.0,0.0,1000.0,0,0,-0.262,-0.22199999999999998,-0.422
18108,0.0,0.0,0.0,1000.0,0,0,-0.242,-0.22199999999999998,-0.422
18109,0.0,0.0,0.0,1000.0,0,0,-0.22199999999999998,-0.22199999999999998,-0.422
18110,0.0,0.0,0.0,1000.0,0,0,-0.20199999999999996,-0.22199999999999998,-0.422
18111,0.0,0.0,0.0,1000.0,0,0,-0.182,-0.22199999999999998,-0.422
18112,0.0,0.0,0.0,1000.0,0,0,-0.16199999999999998,-0.22199999999999998,-0.422
18113,0.0,0.0,0.0,1000.0,0,0,-0.482,-0.20199999999999996,-0.422
18114,0.0,0.0,0.0,1000.0,0,0,-0.46199999999999997,-0.20199999999999996,-0.422
18115,0.0,0.0,0.0,1000.0,0,0,-0.442,-0.20199999999999996,-0.422
18116,0.0,0.0,0.0,1000.0,0,0,-0.422,-0.20199999999999996,-0.422
18117,0.0,0.0,0.0,1000.0,0,0,-0.40199999999999997,-0.20199999999999996,-0.422
18118,0.0,0.0,0.0,1000.0,0,0,-0.382,-0.20199999999999996,-0.422
18119,0.0,0.0,0.0,1000.0,0,0,-0.362,-0.20199999999999996,-0.422
18120,0.0,0.0,0.0,1000.0,0,0,-0.34199999999999997,-0.20199999999999996,-0.422
18121,0.0,0.0,0.0,1000.0,0,0,-0.32199999999999995,-0.20199999999999996,-0.422
18122,0.0,0.0,0.0,1000.0,0,0,-0.302,-0.20199999999999996,-0.422
18123,0.0,0.0,0.0,1000.0,0,0,-0.282,-0.20199999999999996,-0.422
18124,0.0,0.0,0.0,1000.0,0,0,-0.262,-0.20199999999999996,-0.422
18125,0.0,0.0,0.0,1000.0,0,0,-0.242,-0.20199999999999996,-0.422
18126,0.0,0.0,0.0,1000.0,0,0,-0.22199999999999998,-0.20199999999999996,-0.422
18127,0.0,0.0,0.0,1000.0,0,0,-0.20199999999999996,-0.20199999999999996,-0.422
18128,0.0,0.0,0.0,1000.0,0,0,-0.182,-0.20199999999999996,-0.422
18129,0.0,0.0,0.0,1000.0,0,0,-0.16199999999999998,-0.20199999999999996,-0.422
18130,0.0,0.0,0.0,1000.0,0,0,-0.482,-0.182,-0.422
18131,0.0,0.0,0.0,1000.0,0,0,-0.46199999999999997,-0.182,-0.422
18132,0.0,0.0,0.0,1000.0,0,0,-0.442,-0.182,-0.422
18133,0.0,0.0,0.0,1000.0,0,0,-0.422,-0.182,-0.422
18134,0.0,0.0,0.0,1000.0,0,0,-0.40199999999999997,-0.182,-0.422
18135,0.0,0.0,0.0,1000.0,0,0,-0.382,-0.182,-0.422
18136,0.0,0.0,0.0,1000.0,0,0,-0.362,-0.182,-0.422
18137,0.0,0.0,0.0,1000.0,0,0,-0.34199999999999997,-0.182,-0.422
18138,0.0,0.0,0.0,1000.0,0,0,-0.32199999999999995,-0.182,-0.422
18139,0.0,0.0,0.0,1000.0,0,0,-0.302,-0.182,-0.422
18140,0.0,0.0,0.0,1000.0,0,0,-0.282,-0.182,-0.422
18141,0.0,0.0,0.0,1000.0,0,0,-0.262,-0.182,-0.422
18142,0.0,0.0,0.0,1000.0,0,0,-0.242,-0.182,-0.422
18143,0.0,0.0,0.0,1000.0,0,0,-0.22199999999999998,-0.182,-0.422
18144,0.0,0.0,0.0,1000.0,0,0,-0.20199999999999996,-0.182,-0.422
18145,0.0,0.0,0.0,1000.0,0,0,-0.182,-0.182,-0.422
18146,0.0,0.0,0.0,1000.0,0,0,-0.16199999999999998,-0.182,-0.422
18147,0.0,0.0,0.0,1000.0,0,0,-0.482,-0.16199999999999998,-0.422
18148,0.0,0.0,0.0,1000.0,0,0,-0.46199999999999997,-0.16199999999999998,-0.422
18149,0.0,0.0,0.0,1000.0,0,0,-0.442,-0.16199999999999998,-0.422
18150,0.0,0.0,0.0,1000.0,0,0,-0.422,-0.16199999999999998,-0.422
18151,0.0,0.0,0.0,1000.0,0,0,-0.40199999999999997,-0.16199999999999998,-0.422
18152,0.0,0.0,0.0,1000.0,0,0,-0.382,-0.16199999999999998,-0.422
18153,0.0,0.0,0.0,1000.0,0,0,-0.362,-0.16199999999999998,-0.422
18154,0.0,0.0,0.0,1000.0,0,0,-0.34199999999999997,-0.16199999999999998,-0.422
18155,0.0,0.0,0.0,1000.0,0,0,-0.32199999999999995,-0.16199999999999998,-0.422
18156,0.0,0.0,0.0,1000.0,0,0,-0.302,-0.16199999999999998,-0.422
18157,0.0,0.0,0.0,1000.0,0,0,-0.282,-0.16199999999999998,-0.422
18158,0.0,0.0,0.0,1000.0,0,0,-0.262,-0.16199999999999998,-0.422
18159,0.0,0.0,0.0,1000.0,0,0,-0.242,-0.16199999999999998,-0.422
18160,0.0,0.0,0.0,1000.0,0,0,-0.22199999999999998,-0.16199999999999998,-0.422
18161,0.0,0.0,0.0,1000.0,0,0,-0.20199999999999996,-0.16199999999999998,-0.422
18162,0.0,0.0,0.0,1000.0,0,0,-0.182,-0.16199999999999998,-0.422
18163,0.0,0.0,0.0,1000.0,0,0,-0.16199999999999998,-0.16199999999999998,-0.422
18164,0.0,0.0,0.0,1000.0,0,0,-0.482,-0.14199999999999996,-0.422
18165,0.0,0.0,0.0,1000.0,0,0,-0.46199999999999997,-0.14199999999999996,-0.422
18166,0.0,0.0,0.0,1000.0,0,0,-0.442,-0.14199999999999996,-0.422
18167,0.0,0.0,0.0,1000.0,0,0,-0.422,-0.14199999999999996,-0.422
18168,0.0,0.0,0.0,1000.0,0,0,-0.40199999999999997,-0.14199999999999996,-0.422
18169,0.0,0.0,0.0,1000.0,0,0,-0.382,-0.14199999999999996,-0.422
18170,0.0,0.0,0.0,1000.0,0,0,-0.362,-0.14199999999999996,-0.422
18171,0.0,0.0,0.0,1000.0,0,0,-0.34199999999999997,-0.14199999999999996,-0.422
18172,0.0,0.0,0.0,1000.0,0,0,-0.32199999999999995,-0.14199999999999996,-0.422
18173,0.0,0.0,0.0,1000.0,0,0,-0.302,-0.14199999999999996,-0.422
18174,0.0,0.0,0.0,1000.0,0,0,-0.282,-0.14199999999999996,-0.422
18175,0.0,0.0,0.0,1000.0,0,0,-0.262,-0.14199999999999996,-0.422
18176,0.0,0.0,0.0,1000.0,0,0,-0.242,-0.14199999999999996,-0.422
18177,0.0,0.0,0.0,1000.0,0,0,-0.22199999999999998,-0.14199999999999996,-0.422
18178,0.0,0.0,0.0,1000.0,0,0,-0.20199999999999996,-0.14199999999999996,-0.422
18179,0.0,0.0,0.0,1000.0,0,0,-0.182,-0.14199999999999996,-0.422
18180,0.0,0.0,0.0,1000.0,0,0,-0.16199999999999998,-0.14199999999999996,-0.422
18181,0.0,0.0,0.0,1000.0,0,0,-0.482,-0.122,-0.422
18182,0.0,0.0,0.0,1000.0,0,0,-0.46199999999999997,-0.122,-0.422
18183,0.0,0.0,0.0,1000.0,0,0,-0.442,-0.122,-0.422
18184,0.0,0.0,0.0,1000.0,0,0,-0.422,-0.122,-0.422
18185,0.0,0.0,0.0,1000.0,0,0,-0.40199999999999997,-0.122,-0.422
18186,0.0,0.0,0.0,1000.0,0,0,-0.382,-0.122,-0.422
18187,0.0,0.0,0.0,1000.0,0,0,-0.362,-0.122,-0.422
18188,0.0,0.0,0.0,1000.0,0,0,-0.34199999999999997,-0.122,-0.422
18189,0.0,0.0,0.0,1000.0,0,0,-0.32199999999999995,-0.122,-0.422
18190,0.0,0.0,0.0,1000.0,0,0,-0.302,-0.122,-0.422
18191,0.0,0.0,0.0,1000.0,0,0,-0.282,-0.122,-0.422
18192,0.0,0.0,0.0,1000.0,0,0,-0.262,-0.122,-0.422
18193,0.0,0.0,0.0,1000.0,0,0,-0.242,-0.122,-0.422
18194,0.0,0.0,0.0,1000.0,0,0,-0.22199999999999998,-0.122,-0.422
18195,0.0,0.0,0.0,1000.0,0,0,-0.20199999999999996,-0.122,-0.422
18196,0.0,0.0,0.0,1000.0,0,0,-0.182,-0.122,-0.422
18197,0.0,0.0,0.0,1000.0,0,0,-0.16199999999999998,-0.122,-0.422
18198,0.0,0.0,0.0,1000.0,0,0,-0.482,-0.10199999999999998,-0.422
18199,0.0,0.0,0.0,1000.0,0,0,-0.46199999999999997,-0.10199999999999998,-0.422
18200,0.0,0.0,0.0,1000.0,0,0,-0.442,-0.10199999999999998,-0.422
18201,0.0,0.0,0.0,1000.0,0,0,-0.422,-0.10199999999999998,-0.422
18202,0.0,0.0,0.0,1000.0,0,0,-0.40199999999999997,-0.10199999999999998,-0.422
18203,0.0,0.0,0.0,1000.0,0,0,-0.382,-0.10199999999999998,-0.422
18204,0.0,0.0,0.0,1000.0,0,0,-0.362,-0.10199999999999998,-0.422
18205,0.0,0.0,0.0,1000.0,0,0,-0.34199999999999997,-0.10199999999999998,-0.422
18206,0.0,0.0,0.0,1000.0,0,0,-0.32199999999999995,-0.10199999999999998,-0.422
18207,0.0,0.0,0.0,1000.0,0,0,-0.302,-0.10199999999999998,-0.422
18208,0.0,0.0,0.0,1000.0,0,0,-0.282,-0.10199999999999998,-0.422
18209,0.0,0.0,0.0,1000.0,0,0,-0.262,-0.10199999999999998,-0.422
18210,0.0,0.0,0.0,1000.0,0,0,-0.242,-0.10199999999999998,-0.422
18211,0.0,0.0,0.0,1000.0,0,0,-0.22199999999999998,-0.10199999999999998,-0.422
18212,0.0,0.0,0.0,1000.0,0,0,-0.20199999999999996,-0.10199999999999998,-0.422
18213,0.0,0.0,0.0,1000.0,0,0,-0.182,-0.10199999999999998,-0.422
18214,0.0,0.0,0.0,1000.0,0,0,-0.16199999999999998,-0.10199999999999998,-0.422
18215,0.0,0.0,0.0,1000.0,0,0,-0.482,-0.08199999999999996,-0.422
18216,0.0,0.0,0.0,1000.0,0,0,-0.46199999999999997,-0.08199999999999996,-0.422
18217,0.0,0.0,0.0,1000.0,0,0,-0.442,-0.08199999999999996,-0.422
18218,0.0,0.0,0.0,1000.0,0,0,-0.422,-0.08199999999999996,-0.422
18219,0.0,0.0,0.0,1000.0,0,0,-0.40199999999999997,-0.08199999999999996,-0.422
18220,0.0,0.0,0.0,1000.0,0,0,-0.382,-0.08199999999999996,-0.422
18221,0.0,0.0,0.0,1000.0,0,0,-0.362,-0.08199999999999996,-0.422
18222,0.0,0.0,0.0,1000.0,0,0,-0.34199999999999997,-0.08199999999999996,-0.422
18223,0.0,0.0,0.0,1000.0,0,0,-0.32199999999999995,-0.08199999999999996,-0.422
18224,0.0,0.0,0.0,1000.0,0,0,-0.302,-0.08199999999999996,-0.422
18225,0.0,0.0,0.0,1000.0,0,0,-0.282,-0.08199999999999996,-0.422
18226,0.0,0.0,0.0,1000.0,0,0,-0.262,-0.08199999999999996,-0.422
18227,0.0,0.0,0.0,1000.0,0,0,-0.242,-0.08199999999999996,-0.422
18228,0.0,0.0,0.0,1000.0,0,0,-0.22199999999999998,-0.08199999999999996,-0.422
18229,0.0,0.0,0.0,1000.0,0,0,-0.20199999999999996,-0.08199999999999996,-0.422
18230,0.0,0.0,0.0,1000.0,0,0,-0.182,-0.08199999999999996,-0.422
18231,0.0,0.0,0.0,1000.0,0,0,-0.16199999999999998,-0.08199999999999996,-0.422
18232,0.0,0.0,0.0,1000.0,0,0,-0.482,-0.062,-0.422
18233,0.0,0.0,0.0,1000.0,0,0,-0.46199999999999997,-0.062,-0.422
18234,0.0,0.0,0.0,1000.0,0,0,-0.442,-0.062,-0.422
18235,0.0,0.0,0.0,1000.0,0,0,-0.422,-0.062,-0.422
18236,0.0,0.0,0.0,1000.0,0,0,-0.40199999999999997,-0.062,-0.422
18237,0.0,0.0,0.0,1000.0,0,0,-0.382,-0.062,-0.422
18238,0.0,0.0,0.0,1000.0,0,0,-0.362,-0.062,-0.422
18239,0.0,0.0,0.0,1000.0,0,0,-0.34199999999999997,-0.062,-0.422
18240,0.0,0.0,0.0,1000.0,0,0,-0.32199999999999995,-0.062,-0.422
18241,0.0,0.0,0.0,1000.0,0,0,-0.302,-0.062,-0.422
18242,0.0,0.0,0.0,1000.0,0,0,-0.282,-0.062,-0.422
18243,0.0,0.0,0.0,1000.0,0,0,-0.262,-0.062,-0.422
18244,0.0,0.0,0.0,1000.0,0,0,-0.242,-0.062,-0.422
18245,0.0,0.0,0.0,1000.0,0,0,-0.22199999999999998,-0.062,-0.422
18246,0.0,0.0,0.0,1000.0,0,0,-0.20199999999999996,-0.062,-0.422
18247,0.0,0.0,0.0,1000.0,0,0,-0.182,-0.062,-0.422
18248,0.0,0.0,0.0,1000.0,0,0,-0.16199999999999998,-0.062,-0.422
18249,0.0,0.0,0.0,1000.0,0,0,-0.482,-0.04199999999999998,-0.422
18250,0.0,0.0,0.0,1000.0,0,0,-0.46199999999999997,-0.04199999999999998,-0.422
18251,0.0,0.0,0.0,1000.0,0,0,-0.442,-0.04199999999999998,-0.422
18252,0.0,0.0,0.0,1000.0,0,0,-0.422,-0.04199999999999998,-0.422
18253,0.0,0.0,0.0,1000.0,0,0,-0.40199999999999997,-0.04199999999999998,-0.422
18254,0.0,0.0,0.0,1000.0,0,0,-0.382,-0.04199999999999998,-0.422
18255,0.0,0.0,0.0,1000.0,0,0,-0.362,-0.04199999999999998,-0.422
18256,0.0,0.0,0.0,1000.0,0,0,-0.34199999999999997,-0.04199999999999998,-0.422
18257,0.0,0.0,0.0,1000.0,0,0,-0.32199999999999995,-0.04199999999999998,-0.422
18258,0.0,0.0,0.0,1000.0,0,0,-0.302,-0.04199999999999998,-0.422
18259,0.0,0.0,0.0,1000.0,0,0,-0.282,-0.04199999999999998,-0.422
18260,0.0,0.0,0.0,1000.0,0,0,-0.262,-0.04199999999999998,-0.422
18261,0.0,0.0,0.0,1000.0,0,0,-0.242,-0.04199999999999998,-0.422
18262,0.0,0.0,0.0,1000.0,0,0,-0.22199999999999998,-0.04199999999999998,-0.422
18263,0.0,0.0,0.0,1000.0,0,0,-0.20199999999999996,-0.04199999999999998,-0.422
18264,0.0,0.0,0.0,1000.0,0,0,-0.182,-0.04199999999999998,-0.422
18265,0.0,0.0,0.0,1000.0,0,0,-0.16199999999999998,-0.04199999999999998,-0.422
18266,0.0,0.0,0.0,1000.0,0,0,-0.482,-0.021999999999999964,-0.422
18267,0.0,0.0,0.0,1000.0,0,0,-0.46199999999999997,-0.021999999999999964,-0.422
18268,0.0,0.0,0.0,1000.0,0,0,-0.442,-0.021999999999999964,-0.422
18269,0.0,0.0,0.0,1000.0,0,0,-0.422,-0.021999999999999964,-0.422
18270,0.0,0.0,0.0,1000.0,0,0,-0.40199999999999997,-0.021999999999999964,-0.422
18271,0.0,0.0,0.0,1000.0,0,0,-0.382,-0.021999999999999964,-0.422
18272,0.0,0.0,0.0,1000.0,0,0,-0.362,-0.021999999999999964,-0.422
18273,0.0,0.0,0.0,1000.0,0,0,-0.34199999999999997,-0.021999999999999964,-0.422
18274,0.0,0.0,0.0,1000.0,0,0,-0.32199999999999995,-0.021999999999999964,-0.422
18275,0.0,0.0,0.0,1000.0,0,0,-0.302,-0.021999999999999964,-0.422
18276,0.0,0.0,0.0,1000.0,0,0,-0.282,-0.021999999999999964,-0.422
18277,0.0,0.0,0.0,1000.0,0,0,-0.262,-0.021999999999999964,-0.422
18278,0.0,0.0,0.0,1000.0,0,0,-0.242,-0.021999999999999964,-0.422
18279,0.0,0.0,0.0,1000.0,0,0,-0.22199999999999998,-0.021999999999999964,-0.422
18280,0.0,0.0,0.0,1000.0,0,0,-0.20199999999999996,-0.021999999999999964,-0.422
18281,0.0,0.0,0.0,1000.0,0,0,-0.182,-0.021999999999999964,-0.422
18282,0.0,0.0,0.0,1000.0,0,0,-0.16199999999999998,-0.021999999999999964,-0.422
18283,0.0,0.0,0.0,1000.0,0,0,-0.482,-0.0020000000000000018,-0.422
18284,0.0,0.0,0.0,1000.0,0,0,-0.46199999999999997,-0.0020000000000000018,-0.422
18285,0.0,0.0,0.0,1000.0,0,0,-0.442,-0.0020000000000000018,-0.422
18286,0.0,0.0,0.0,1000.0,0,0,-0.422,-0.0020000000000000018,-0.422
18287,0.0,0.0,0.0,1000.0,0,0,-0.40199999999999997,-0.0020000000000000018,-0.422
18288,0.0,0.0,0.0,1000.0,0,0,-0.382,-0.0020000000000000018,-0.422
18289,0.0,0.0,0.0,1000.0,0,0,-0.362,-0.0020000000000000018,-0.422
18290,0.0,0.0,0.0,1000.0,0,0,-0.34199999999999997,-0.0020000000000000018,-0.422
18291,0.0,0.0,0.0,1000.0,0,0,-0.32199999999999995,-0.0020000000000000018,-0.422
18292,0.0,0.0,0.0,1000.0,0,0,-0.302,-0.0020000000000000018,-0.422
18293,0.0,0.0,0.0,1000.0,0,0,-0.282,-0.0020000000000000018,-0.422
18294,0.0,0.0,0.0,1000.0,0,0,-0.262,-0.0020000000000000018,-0.422
18295,0.0,0.0,0.0,1000.0,0,0,-0.242,-0.0020000000000000018,-0.422
18296,0.0,0.0,0.0,1000.0,0,0,-0.22199999999999998,-0.0020000000000000018,-0.422
18297,0.0,0.0,0.0,1000.0,0,0,-0.20199999999999996,-0.0020000000000000018,-0.422
18298,0.0,0.0,0.0,1000.0,0,0,-0.182,-0.0020000000000000018,-0.422
18299,0.0,0.0,0.0,1000.0,0,0,-0.16199999999999998,-0.0020000000000000018,-0.422
18300,0.0,0.0,0.0,1000.0,0,0,-0.482,0.018000000000000016,-0.422
18301,0.0,0.0,0.0,1000.0,0,0,-0.46199999999999997,0.018000000000000016,-0.422
18302,0.0,0.0,0.0,1000.0,0,0,-0.442,0.018000000000000016,-0.422
18303,0.0,0.0,0.0,1000.0,0,0,-0.422,0.018000000000000016,-0.422
18304,0.0,0.0,0.0,1000.0,0,0,-0.40199999999999997,0.018000000000000016,-0.422
18305,0.0,0.0,0.0,1000.0,0,0,-0.382,0.018000000000000016,-0.422
18306,0.0,0.0,0.0,1000.0,0,0,-0.362,0.018000000000000016,-0.422
18307,0.0,0.0,0.0,1000.0,0,0,-0.34199999999999997,0.018000000000000016,-0.422
18308,0.0,0.0,0.0,1000.0,0,0,-0.32199999999999995,0.018000000000000016,-0.422
18309,0.0,0.0,0.0,1000.0,0,0,-0.302,0.018000000000000016,-0.422
18310,0.0,0.0,0.0,1000.0,0,0,-0.282,0.018000000000000016,-0.422
18311,0.0,0.0,0.0,1000.0,0,0,-0.262,0.018000000000000016,-0.422
18312,0.0,0.0,0.0,1000.0,0,0,-0.242,0.018000000000000016,-0.422
18313,0.0,0.0,0.0,1000.0,0,0,-0.22199999999999998,0.018000000000000016,-0.422
18314,0.0,0.0,0.0,1000.0,0,0,-0.20199999999999996,0.018000000000000016,-0.422
18315,0.0,0.0,0.0,1000.0,0,0,-0.182,0.018000000000000016,-0.422
18316,0.0,0.0,0.0,1000.0,0,0,-0.16199999999999998,0.018000000000000016,-0.422
18317,0.0,0.0,0.0,1000.0,0,0,-0.482,0.038000000000000034,-0.422
18318,0.0,0.0,0.0,1000.0,0,0,-0.46199999999999997,0.038000000000000034,-0.422
18319,0.0,0.0,0.0,1000.0,0,0,-0.442,0.038000000000000034,-0.422
18320,0.0,0.0,0.0,1000.0,0,0,-0.422,0.038000000000000034,-0.422
18321,0.0,0.0,0.0,1000.0,0,0,-0.40199999999999997,0.038000000000000034,-0.422
18322,0.0,0.0,0.0,1000.0,0,0,-0.382,0.038000000000000034,-0.422
18323,0.0,0.0,0.0,1000.0,0,0,-0.362,0.038000000000000034,-0.422
18324,0.0,0.0,0.0,1000.0,0,0,-0.34199999999999997,0.038000000000000034,-0.422
18325,0.0,0.0,0.0,1000.0,0,0,-0.32199999999999995,0.038000000000000034,-0.422
18326,0.0,0.0,0.0,1000.0,0,0,-0.302,0.038000000000000034,-0.422
18327,0.0,0.0,0.0,1000.0,0,0,-0.282,0.038000000000000034,-0.422
18328,0.0,0.0,0.0,1000.0,0,0,-0.262,0.038000000000000034,-0.422
18329,0.0,0.0,0.0,1000.0,0,0,-0.242,0.038000000000000034,-0.422
18330,0.0,0.0,0.0,1000.0,0,0,-0.22199999999999998,0.038000000000000034,-0.422
18331,0.0,0.0,0.0,1000.0,0,0,-0.20199999999999996,0.038000000000000034,-0.422
18332,0.0,0.0,0.0,1000.0,0,0,-0.182,0.038000000000000034,-0.422
18333,0.0,0.0,0.0,1000.0,0,0,-0.16199999999999998,0.038000000000000034,-0.422
18334,0.0,0.0,0.0,1000.0,0,0,-0.482,0.05800000000000005,-0.422
18335,0.0,0.0,0.0,1000.0,0,0,-0.46199999999999997,0.05800000000000005,-0.422
18336,0.0,0.0,0.0,1000.0,0,0,-0.442,0.05800000000000005,-0.422
18337,0.0,0.0,0.0,1000.0,0,0,-0.422,0.05800000000000005,-0.422
18338,0.0,0.0,0.0,1000.0,0,0,-0.40199999999999997,0.05800000000000005,-0.422
18339,0.0,0.0,0.0,1000.0,0,0,-0.382,0.05800000000000005,-0.422
18340,0.0,0.0,0.0,1000.0,0,0,-0.362,0.05800000000000005,-0.422
18341,0.0,0.0,0.0,1000.0,0,0,-0.34199999999999997,0.05800000000000005,-0.422
18342,0.0,0.0,0.0,1000.0,0,0,-0.32199999999999995,0.05800000000000005,-0.422
18343,0.0,0.0,0.0,1000.0,0,0,-0.302,0.05800000000000005,-0.422
18344,0.0,0.0,0.0,1000.0,0,0,-0.282,0.05800000000000005,-0.422
18345,0.0,0.0,0.0,1000.0,0,0,-0.262,0.05800000000000005,-0.422
18346,0.0,0.0,0.0,1000.0,0,0,-0.242,0.05800000000000005,-0.422
18347,0.0,0.0,0.0,1000.0,0,0,-0.22199999999999998,0.05800000000000005,-0.422
18348,0.0,0.0,0.0,1000.0,0,0,-0.20199999999999996,0.05800000000000005,-0.422
18349,0.0,0.0,0.0,1000.0,0,0,-0.182,0.05800000000000005,-0.422
18350,0.0,0.0,0.0,1000.0,0,0,-0.16199999999999998,0.05800000000000005,-0.422
18351,0.0,0.0,0.0,1000.0,0,0,-0.482,0.07800000000000007,-0.422
18352,0.0,0.0,0.0,1000.0,0,0,-0.46199999999999997,0.07800000000000007,-0.422
18353,0.0,0.0,0.0,1000.0,0,0,-0.442,0.07800000000000007,-0.422
18354,0.0,0.0,0.0,1000.0,0,0,-0.422,0.07800000000000007,-0.422
18355,0.0,0.0,0.0,1000.0,0,0,-0.40199999999999997,0.07800000000000007,-0.422
18356,0.0,0.0,0.0,1000.0,0,0,-0.382,0.07800000000000007,-0.422
18357,0.0,0.0,0.0,1000.0,0,0,-0.362,0.07800000000000007,-0.422
18358,0.0,0.0,0.0,1000.0,0,0,-0.34199999999999997,0.07800000000000007,-0.422
18359,0.0,0.0,0.0,1000.0,0,0,-0.32199999999999995,0.07800000000000007,-0.422
18360,0.0,0.0,0.0,1000.0,0,0,-0.302,0.07800000000000007,-0.422
18361,0.0,0.0,0.0,1000.0,0,0,-0.282,0.07800000000000007,-0.422
18362,0.0,0.0,0.0,1000.0,0,0,-0.262,0.07800000000000007,-0.422
18363,0.0,0.0,0.0,1000.0,0,0,-0.242,0.07800000000000007,-0.422
18364,0.0,0.0,0.0,1000.0,0,0,-0.22199999999999998,0.07800000000000007,-0.422
18365,0.0,0.0,0.0,1000.0,0,0,-0.20199999999999996,0.07800000000000007,-0.422
18366,0.0,0.0,0.0,1000.0,0,0,-0.182,0.07800000000000007,-0.422
18367,0.0,0.0,0.0,1000.0,0,0,-0.16199999999999998,0.07800000000000007,-0.422
18368,0.0,0.0,0.0,1000.0,0,0,-0.482,0.09799999999999998,-0.422
18369,0.0,0.0,0.0,1000.0,0,0,-0.46199999999999997,0.09799999999999998,-0.422
18370,0.0,0.0,0.0,1000.0,0,0,-0.442,0.09799999999999998,-0.422
18371,0.0,0.0,0.0,1000.0,0,0,-0.422,0.09799999999999998,-0.422
18372,0.0,0.0,0.0,1000.0,0,0,-0.40199999999999997,0.09799999999999998,-0.422
18373,0.0,0.0,0.0,1000.0,0,0,-0.382,0.09799999999999998,-0.422
18374,0.0,0.0,0.0,1000.0,0,0,-0.362,0.09799999999999998,-0.422
18375,0.0,0.0,0.0,1000.0,0,0,-0.34199999999999997,0.09799999999999998,-0.422
18376,0.0,0.0,0.0,1000.0,0,0,-0.32199999999999995,0.09799999999999998,-0.422
18377,0.0,0.0,0.0,1000.0,0,0,-0.302,0.09799999999999998,-0.422
18378,0.0,0.0,0.0,1000.0,0,0,-0.282,0.09799999999999998,-0.422
18379,0.0,0.0,0.0,1000.0,0,0,-0.262,0.09799999999999998,-0.422
18380,0.0,0.0,0.0,1000.0,0,0,-0.242,0.09799999999999998,-0.422
18381,0.0,0.0,0.0,1000.0,0,0,-0.22199999999999998,0.09799999999999998,-0.422
18382,0.0,0.0,0.0,1000.0,0,0,-0.20199999999999996,0.09799999999999998,-0.422
18383,0.0,0.0,0.0,1000.0,0,0,-0.182,0.09799999999999998,-0.422
18384,0.0,0.0,0.0,1000.0,0,0,-0.16199999999999998,0.09799999999999998,-0.422
18385,0.0,0.0,0.0,1000.0,0,0,-0.482,0.118,-0.422
18386,0.0,0.0,0.0,1000.0,0,0,-0.46199999999999997,0.118,-0.422
18387,0.0,0.0,0.0,1000.0,0,0,-0.442,0.118,-0.422
18388,0.0,0.0,0.0,1000.0,0,0,-0.422,0.118,-0.422
18389,0.0,0.0,0.0,1000.0,0,0,-0.40199999999999997,0.118,-0.422
18390,0.0,0.0,0.0,1000.0,0,0,-0.382,0.118,-0.422
18391,0.0,0.0,0.0,1000.0,0,0,-0.362,0.118,-0.422
18392,0.0,0.0,0.0,1000.0,0,0,-0.34199999999999997,0.118,-0.422
18393,0.0,0.0,0.0,1000.0,0,0,-0.32199999999999995,0.118,-0.422
18394,0.0,0.0,0.0,1000.0,0,0,-0.302,0.118,-0.422
18395,0.0,0.0,0.0,1000.0,0,0,-0.282,0.118,-0.422
18396,0.0,0.0,0.0,1000.0,0,0,-0.262,0.118,-0.422
18397,0.0,0.0,0.0,1000.0,0,0,-0.242,0.118,-0.422
18398,0.0,0.0,0.0,1000.0,0,0,-0.22199999999999998,0.118,-0.422
18399,0.0,0.0,0.0,1000.0,0,0,-0.20199999999999996,0.118,-0.422
18400,0.0,0.0,0.0,1000.0,0,0,-0.182,0.118,-0.422
18401,0.0,0.0,0.0,1000.0,0,0,-0.16199999999999998,0.118,-0.422
18402,0.0,0.0,0.0,1000.0,0,0,-0.482,0.138,-0.422
18403,0.0,0.0,0.0,1000.0,0,0,-0.46199999999999997,0.138,-0.422
18404,0.0,0.0,0.0,1000.0,0,0,-0.442,0.138,-0.422
18405,0.0,0.0,0.0,1000.0,0,0,-0.422,0.138,-0.422
18406,0.0,0.0,0.0,1000.0,0,0,-0.40199999999999997,0.138,-0.422
18407,0.0,0.0,0.0,1000.0,0,0,-0.382,0.138,-0.422
18408,0.0,0.0,0.0,1000.0,0,0,-0.362,0.138,-0.422
18409,0.0,0.0,0.0,1000.0,0,0,-0.34199999999999997,0.138,-0.422
18410,0.0,0.0,0.0,1000.0,0,0,-0.32199999999999995,0.138,-0.422
18411,0.0,0.0,0.0,1000.0,0,0,-0.302,0.138,-0.422
18412,0.0,0.0,0.0,1000.0,0,0,-0.282,0.138,-0.422
18413,0.0,0.0,0.0,1000.0,0,0,-0.262,0.138,-0.422
18414,0.0,0.0,0.0,1000.0,0,0,-0.242,0.138,-0.422
18415,0.0,0.0,0.0,1000.0,0,0,-0.22199999999999998,0.138,-0.422
18416,0.0,0.0,0.0,1000.0,0,0,-0.20199999999999996,0.138,-0.422
18417,0.0,0.0,0.0,1000.0,0,0,-0.182,0.138,-0.422
18418,0.0,0.0,0.0,1000.0,0,0,-0.16199999999999998,0.138,-0.422
18419,0.0,0.0,0.0,1000.0,0,0,-0.482,0.15800000000000003,-0.422
18420,0.0,0.0,0.0,1000.0,0,0,-0.46199999999999997,0.15800000000000003,-0.422
18421,0.0,0.0,0.0,1000.0,0,0,-0.442,0.15800000000000003,-0.422
18422,0.0,0.0,0.0,1000.0,0,0,-0.422,0.15800000000000003,-0.422
18423,0.0,0.0,0.0,1000.0,0,0,-0.40199999999999997,0.15800000000000003,-0.422
18424,0.0,0.0,0.0,1000.0,0,0,-0.382,0.15800000000000003,-0.422
18425,0.0,0.0,0.0,1000.0,0,0,-0.362,0.15800000000000003,-0.422
18426,0.0,0.0,0.0,1000.0,0,0,-0.34199999999999997,0.15800000000000003,-0.422
18427,0.0,0.0,0.0,1000.0,0,0,-0.32199999999999995,0.15800000000000003,-0.422
18428,0.0,0.0,0.0,1000.0,0,0,-0.302,0.15800000000000003,-0.422
18429,0.0,0.0,0.0,1000.0,0,0,-0.282,0.15800000000000003,-0.422
18430,0.0,0.0,0.0,1000.0,0,0,-0.262,0.15800000000000003,-0.422
18431,0.0,0.0,0.0,1000.0,0,0,-0.242,0.15800000000000003,-0.422
18432,0.0,0.0,0.0,1000.0,0,0,-0.22199999999999998,0.15800000000000003,-0.422
18433,0.0,0.0,0.0,1000.0,0,0,-0.20199999999999996,0.15800000000000003,-0.422
18434,0.0,0.0,0.0,1000.0,0,0,-0.182,0.15800000000000003,-0.422
18435,0.0,0.0,0.0,1000.0,0,0,-0.16199999999999998,0.15800000000000003,-0.422
18436,0.0,0.0,0.0,1000.0,0,0,-0.482,0.17800000000000005,-0.422
18437,0.0,0.0,0.0,1000.0,0,0,-0.46199999999999997,0.17800000000000005,-0.422
18438,0.0,0.0,0.0,1000.0,0,0,-0.442,0.17800000000000005,-0.422
18439,0.0,0.0,0.0,1000.0,0,0,-0.422,0.17800000000000005,-0.422
18440,0.0,0.0,0.0,1000.0,0,0,-0.40199999999999997,0.17800000000000005,-0.422
18441,0.0,0.0,0.0,1000.0,0,0,-0.382,0.17800000000000005,-0.422
18442,0.0,0.0,0.0,1000.0,0,0,-0.362,0.17800000000000005,-0.422
18443,0.0,0.0,0.0,1000.0,0,0,-0.34199999999999997,0.17800000000000005,-0.422
18444,0.0,0.0,0.0,1000.0,0,0,-0.32199999999999995,0.17800000000000005,-0.422
18445,0.0,0.0,0.0,1000.0,0,0,-0.302,0.17800000000000005,-0.422
18446,0.0,0.0,0.0,1000.0,0,0,-0.282,0.17800000000000005,-0.422
18447,0.0,0.0,0.0,1000.0,0,0,-0.262,0.17800000000000005,-0.422
18448,0.0,0.0,0.0,1000.0,0,0,-0.242,0.17800000000000005,-0.422
18449,0.0,0.0,0.0,1000.0,0,0,-0.22199999999999998,0.17800000000000005,-0.422
18450,0.0,0.0,0.0,1000.0,0,0,-0.20199999999999996,0.17800000000000005,-0.422
18451,0.0,0.0,0.0,1000.0,0,0,-0.182,0.17800000000000005,-0.422
18452,0.0,0.0,0.0,1000.0,0,0,-0.16199999999999998,0.17800000000000005,-0.422
18453,0.0,0.0,0.0,1000.0,0,0,-0.482,0.19800000000000006,-0.422
18454,0.0,0.0,0.0,1000.0,0,0,-0.46199999999999997,0.19800000000000006,-0.422
18455,0.0,0.0,0.0,1000.0,0,0,-0.442,0.19800000000000006,-0.422
18456,0.0,0.0,0.0,1000.0,0,0,-0.422,0.19800000000000006,-0.422
18457,0.0,0.0,0.0,1000.0,0,0,-0.40199999999999997,0.19800000000000006,-0.422
18458,0.0,0.0,0.0,1000.0,0,0,-0.382,0.19800000000000006,-0.422
18459,0.0,0.0,0.0,1000.0,0,0,-0.362,0.19800000000000006,-0.422
18460,0.0,0.0,0.0,1000.0,0,0,-0.34199999999999997,0.19800000000000006,-0.422
18461,0.0,0.0,0.0,1000.0,0,0,-0.32199999999999995,0.19800000000000006,-0.422
18462,0.0,0.0,0.0,1000.0,0,0,-0.302,0.19800000000000006,-0.422
18463,0.0,0.0,0.0,1000.0,0,0,-0.282,0.19800000000000006,-0.422
18464,0.0,0.0,0.0,1000.0,0,0,-0.262,0.19800000000000006,-0.422
18465,0.0,0.0,0.0,1000.0,0,0,-0.242,0.19800000000000006,-0.422
18466,0.0,0.0,0.0,1000.0,0,0,-0.22199999999999998,0.19800000000000006,-0.422
18467,0.0,0.0,0.0,1000.0,0,0,-0.20199999999999996,0.19800000000000006,-0.422
18468,0.0,0.0,0.0,1000.0,0,0,-0.182,0.19800000000000006,-0.422
18469,0.0,0.0,0.0,1000.0,0,0,-0.16199999999999998,0.19800000000000006,-0.422
18470,0.0,0.0,0.0,1000.0,0,0,-0.482,0.21800000000000008,-0.422
18471,0.0,0.0,0.0,1000.0,0,0,-0.46199999999999997,0.21800000000000008,-0.422
18472,0.0,0.0,0.0,1000.0,0,0,-0.442,0.21800000000000008,-0.422
18473,0.0,0.0,0.0,1000.0,0,0,-0.422,0.21800000000000008,-0.422
18474,0.0,0.0,0.0,1000.0,0,0,-0.40199999999999997,0.21800000000000008,-0.422
18475,0.0,0.0,0.0,1000.0,0,0,-0.382,0.21800000000000008,-0.422
18476,0.0,0.0,0.0,1000.0,0,0,-0.362,0.21800000000000008,-0.422
18477,0.0,0.0,0.0,1000.0,0,0,-0.34199999999999997,0.21800000000000008,-0.422
18478,0.0,0.0,0.0,1000.0,0,0,-0.32199999999999995,0.21800000000000008,-0.422
18479,0.0,0.0,0.0,1000.0,0,0,-0.302,0.21800000000000008,-0.422
18480,0.0,0.0,0.0,1000.0,0,0,-0.282,0.21800000000000008,-0.422
18481,0.0,0.0,0.0,1000.0,0,0,-0.262,0.21800000000000008,-0.422
18482,0.0,0.0,0.0,1000.0,0,0,-0.242,0.21800000000000008,-0.422
18483,0.0,0.0,0.0,1000.0,0,0,-0.22199999999999998,0.21800000000000008,-0.422
18484,0.0,0.0,0.0,1000.0,0,0,-0.20199999999999996,0.21800000000000008,-0.422
18485,0.0,0.0,0.0,1000.0,0,0,-0.182,0.21800000000000008,-0.422
18486,0.0,0.0,0.0,1000.0,0,0,-0.16199999999999998,0.21800000000000008,-0.422
18487,0.0,0.0,0.0,1000.0,0,0,-0.482,0.238,-0.422
18488,0.0,0.0,0.0,1000.0,0,0,-0.46199999999999997,0.238,-0.422
18489,0.0,0.0,0.0,1000.0,0,0,-0.442,0.238,-0.422
18490,0.0,0.0,0.0,1000.0,0,0,-0.422,0.238,-0.422
18491,0.0,0.0,0.0,1000.0,0,0,-0.40199999999999997,0.238,-0.422
18492,0.0,0.0,0.0,1000.0,0,0,-0.382,0.238,-0.422
18493,0.0,0.0,0.0,1000.0,0,0,-0.362,0.238,-0.422
18494,0.0,0.0,0.0,1000.0,0,0,-0.34199999999999997,0.238,-0.422
18495,0.0,0.0,0.0,1000.0,0,0,-0.32199999999999995,0.238,-0.422
18496,0.0,0.0,0.0,1000.0,0,0,-0.302,0.238,-0.422
18497,0.0,0.0,0.0,1000.0,0,0,-0.282,0.238,-0.422
18498,0.0,0.0,0.0,1000.0,0,0,-0.262,0.238,-0.422
18499,0.0,0.0,0.0,1000.0,0,0,-0.242,0.238,-0.422
18500,0.0,0.0,0.0,1000.0,0,0,-0.22199999999999998,0.238,-0.422
18501,0.0,0.0,0.0,1000.0,0,0,-0.20199999999999996,0.238,-0.422
18502,0.0,0.0,0.0,1000.0,0,0,-0.182,0.238,-0.422
18503,0.0,0.0,0.0,1000.0,0,0,-0.16199999999999998,0.238,-0.422
18504,0.0,0.0,0.0,1000.0,0,0,-0.482,0.258,-0.422
18505,0.0,0.0,0.0,1000.0,0,0,-0.46199999999999997,0.258,-0.422
18506,0.0,0.0,0.0,1000.0,0,0,-0.442,0.258,-0.422
18507,0.0,0.0,0.0,1000.0,0,0,-0.422,0.258,-0.422
18508,0.0,0.0,0.0,1000.0,0,0,-0.40199999999999997,0.258,-0.422
18509,0.0,0.0,0.0,1000.0,0,0,-0.382,0.258,-0.422
18510,0.0,0.0,0.0,1000.0,0,0,-0.362,0.258,-0.422
18511,0.0,0.0,0.0,1000.0,0,0,-0.34199999999999997,0.258,-0.422
18512,0.0,0.0,0.0,1000.0,0,0,-0.32199999999999995,0.258,-0.422
18513,0.0,0.0,0.0,1000.0,0,0,-0.302,0.258,-0.422
18514,0.0,0.0,0.0,1000.0,0,0,-0.282,0.258,-0.422
18515,0.0,0.0,0.0,1000.0,0,0,-0.262,0.258,-0.422
18516,0.0,0.0,0.0,1000.0,0,0,-0.242,0.258,-0.422
18517,0.0,0.0,0.0,1000.0,0,0,-0.22199999999999998,0.258,-0.422
18518,0.0,0.0,0.0,1000.0,0,0,-0.20199999999999996,0.258,-0.422
18519,0.0,0.0,0.0,1000.0,0,0,-0.182,0.258,-0.422
18520,0.0,0.0,0.0,1000.0,0,0,-0.16199999999999998,0.258,-0.422
18521,0.0,0.0,0.0,1000.0,0,0,-0.482,0.278,-0.422
18522,0.0,0.0,0.0,1000.0,0,0,-0.46199999999999997,0.278,-0.422
18523,0.0,0.0,0.0,1000.0,0,0,-0.442,0.278,-0.422
18524,0.0,0.0,0.0,1000.0,0,0,-0.422,0.278,-0.422
18525,0.0,0.0,0.0,1000.0,0,0,-0.40199999999999997,0.278,-0.422
18526,0.0,0.0,0.0,1000.0,0,0,-0.382,0.278,-0.422
18527,0.0,0.0,0.0,1000.0,0,0,-0.362,0.278,-0.422
18528,0.0,0.0,0.0,1000.0,0,0,-0.34199999999999997,0.278,-0.422
18529,0.0,0.0,0.0,1000.0,0,0,-0.32199999999999995,0.278,-0.422
18530,0.0,0.0,0.0,1000.0,0,0,-0.302,0.278,-0.422
18531,0.0,0.0,0.0,1000.0,0,0,-0.282,0.278,-0.422
18532,0.0,0.0,0.0,1000.0,0,0,-0.262,0.278,-0.422
18533,0.0,0.0,0.0,1000.0,0,0,-0.242,0.278,-0.422
18534,0.0,0.0,0.0,1000.0,0,0,-0.22199999999999998,0.278,-0.422
18535,0.0,0.0,0.0,1000.0,0,0,-0.20199999999999996,0.278,-0.422
18536,0.0,0.0,0.0,1000.0,0,0,-0.182,0.278,-0.422
18537,0.0,0.0,0.0,1000.0,0,0,-0.16199999999999998,0.278,-0.422
18538,0.0,0.0,0.0,1000.0,0,0,-0.482,0.29800000000000004,-0.422
18539,0.0,0.0,0.0,1000.0,0,0,-0.46199999999999997,0.29800000000000004,-0.422
18540,0.0,0.0,0.0,1000.0,0,0,-0.442,0.29800000000000004,-0.422
18541,0.0,0.0,0.0,1000.0,0,0,-0.422,0.29800000000000004,-0.422
18542,0.0,0.0,0.0,1000.0,0,0,-0.40199999999999997,0.29800000000000004,-0.422
18543,0.0,0.0,0.0,1000.0,0,0,-0.382,0.29800000000000004,-0.422
18544,0.0,0.0,0.0,1000.0,0,0,-0.362,0.29800000000000004,-0.422
18545,0.0,0.0,0.0,1000.0,0,0,-0.34199999999999997,0.29800000000000004,-0.422
18546,0.0,0.0,0.0,1000.0,0,0,-0.32199999999999995,0.29800000000000004,-0.422
18547,0.0,0.0,0.0,1000.0,0,0,-0.302,0.29800000000000004,-0.422
18548,0.0,0.0,0.0,1000.0,0,0,-0.282,0.29800000000000004,-0.422
18549,0.0,0.0,0.0,1000.0,0,0,-0.262,0.29800000000000004,-0.422
18550,0.0,0.0,0.0,1000.0,0,0,-0.242,0.29800000000000004,-0.422
18551,0.0,0.0,0.0,1000.0,0,0,-0.22199999999999998,0.29800000000000004,-0.422
18552,0.0,0.0,0.0,1000.0,0,0,-0.20199999999999996,0.29800000000000004,-0.422
18553,0.0,0.0,0.0,1000.0,0,0,-0.182,0.29800000000000004,-0.422
18554,0.0,0.0,0.0,1000.0,0,0,-0.16199999999999998,0.29800000000000004,-0.422
18555,0.0,0.0,0.0,1000.0,0,0,-0.482,0.31800000000000006,-0.422
18556,0.0,0.0,0.0,1000.0,0,0,-0.46199999999999997,0.31800000000000006,-0.422
18557,0.0,0.0,0.0,1000.0,0,0,-0.442,0.31800000000000006,-0.422
18558,0.0,0.0,0.0,1000.0,0,0,-0.422,0.31800000000000006,-0.422
18559,0.0,0.0,0.0,1000.0,0,0,-0.40199999999999997,0.31800000000000006,-0.422
18560,0.0,0.0,0.0,1000.0,0,0,-0.382,0.31800000000000006,-0.422
18561,0.0,0.0,0.0,1000.0,0,0,-0.362,0.31800000000000006,-0.422
18562,0.0,0.0,0.0,1000.0,0,0,-0.34199999999999997,0.31800000000000006,-0.422
18563,0.0,0.0,0.0,1000.0,0,0,-0.32199999999999995,0.31800000000000006,-0.422
18564,0.0,0.0,0.0,1000.0,0,0,-0.302,0.31800000000000006,-0.422
18565,0.0,0.0,0.0,1000.0,0,0,-0.282,0.31800000000000006,-0.422
18566,0.0,0.0,0.0,1000.0,0,0,-0.262,0.31800000000000006,-0.422
18567,0.0,0.0,0.0,1000.0,0,0,-0.242,0.31800000000000006,-0.422
18568,0.0,0.0,0.0,1000.0,0,0,-0.22199999999999998,0.31800000000000006,-0.422
18569,0.0,0.0,0.0,1000.0,0,0,-0.20199999999999996,0.31800000000000006,-0.422
18570,0.0,0.0,0.0,1000.0,0,0,-0.182,0.31800000000000006,-0.422
18571,0.0,0.0,0.0,1000.0,0,0,-0.16199999999999998,0.31800000000000006,-0.422
18572,0.0,0.0,0.0,1000.0,0,0,-0.482,0.3380000000000001,-0.422
18573,0.0,0.0,0.0,1000.0,0,0,-0.46199999999999997,0.3380000000000001,-0.422
18574,0.0,0.0,0.0,1000.0,0,0,-0.442,0.3380000000000001,-0.422
18575,0.0,0.0,0.0,1000.0,0,0,-0.422,0.3380000000000001,-0.422
18576,0.0,0.0,0.0,1000.0,0,0,-0.40199999999999997,0.3380000000000001,-0.422
18577,0.0,0.0,0.0,1000.0,0,0,-0.382,0.3380000000000001,-0.422
18578,0.0,0.0,0.0,1000.0,0,0,-0.362,0.3380000000000001,-0.422
18579,0.0,0.0,0.0,1000.0,0,0,-0.34199999999999997,0.3380000000000001,-0.422
18580,0.0,0.0,0.0,1000.0,0,0,-0.32199999999999995,0.3380000000000001,-0.422
18581,0.0,0.0,0.0,1000.0,0,0,-0.302,0.3380000000000001,-0.422
18582,0.0,0.0,0.0,1000.0,0,0,-0.282,0.3380000000000001,-0.422
18583,0.0,0.0,0.0,1000.0,0,0,-0.262,0.3380000000000001,-0.422
18584,0.0,0.0,0.0,1000.0,0,0,-0.242,0.3380000000000001,-0.422
18585,0.0,0.0,0.0,1000.0,0,0,-0.22199999999999998,0.3380000000000001,-0.422
18586,0.0,0.0,0.0,1000.0,0,0,-0.20199999999999996,0.3380000000000001,-0.422
18587,0.0,0.0,0.0,1000.0,0,0,-0.182,0.3380000000000001,-0.422
18588,0.0,0.0,0.0,1000.0,0,0,-0.16199999999999998,0.3380000000000001,-0.422
18589,0.0,0.0,0.0,1000.0,0,0,-0.482,0.358,-0.422
18590,0.0,0.0,0.0,1000.0,0,0,-0.46199999999999997,0.358,-0.422
18591,0.0,0.0,0.0,1000.0,0,0,-0.442,0.358,-0.422
18592,0.0,0.0,0.0,1000.0,0,0,-0.422,0.358,-0.422
18593,0.0,0.0,0.0,1000.0,0,0,-0.40199999999999997,0.358,-0.422
18594,0.0,0.0,0.0,1000.0,0,0,-0.382,0.358,-0.422
18595,0.0,0.0,0.0,1000.0,0,0,-0.362,0.358,-0.422
18596,0.0,0.0,0.0,1000.0,0,0,-0.34199999999999997,0.358,-0.422
18597,0.0,0.0,0.0,1000.0,0,0,-0.32199999999999995,0.358,-0.422
18598,0.0,0.0,0.0,1000.0,0,0,-0.302,0.358,-0.422
18599,0.0,0.0,0.0,1000.0,0,0,-0.282,0.358,-0.422
18600,0.0,0.0,0.0,1000.0,0,0,-0.262,0.358,-0.422
18601,0.0,0.0,0.0,1000.0,0,0,-0.242,0.358,-0.422
18602,0.0,0.0,0.0,1000.0,0,0,-0.22199999999999998,0.358,-0.422
18603,0.0,0.0,0.0,1000.0,0,0,-0.20199999999999996,0.358,-0.422
18604,0.0,0.0,0.0,1000.0,0,0,-0.182,0.358,-0.422
18605,0.0,0.0,0.0,1000.0,0,0,-0.16199999999999998,0.358,-0.422
18606,0.0,0.0,0.0,1000.0,0,0,-0.482,0.378,-0.422
18607,0.0,0.0,0.0,1000.0,0,0,-0.46199999999999997,0.378,-0.422
18608,0.0,0.0,0.0,1000.0,0,0,-0.442,0.378,-0.422
18609,0.0,0.0,0.0,1000.0,0,0,-0.422,0.378,-0.422
18610,0.0,0.0,0.0,1000.0,0,0,-0.40199999999999997,0.378,-0.422
18611,0.0,0.0,0.0,1000.0,0,0,-0.382,0.378,-0.422
18612,0.0,0.0,0.0,1000.0,0,0,-0.362,0.378,-0.422
18613,0.0,0.0,0.0,1000.0,0,0,-0.34199999999999997,0.378,-0.422
18614,0.0,0.0,0.0,1000.0,0,0,-0.32199999999999995,0.378,-0.422
18615,0.0,0.0,0.0,1000.0,0,0,-0.302,0.378,-0.422
18616,0.0,0.0,0.0,1000.0,0,0,-0.282,0.378,-0.422
18617,0.0,0.0,0.0,1000.0,0,0,-0.262,0.378,-0.422
18618,0.0,0.0,0.0,1000.0,0,0,-0.242,0.378,-0.422
18619,0.0,0.0,0.0,1000.0,0,0,-0.22199999999999998,0.378,-0.422
18620,0.0,0.0,0.0,1000.0,0,0,-0.20199999999999996,0.378,-0.422
18621,0.0,0.0,0.0,1000.0,0,0,-0.182,0.378,-0.422
18622,0.0,0.0,0.0,1000.0,0,0,-0.16199999999999998,0.378,-0.422
18623,0.0,0.0,0.0,1000.0,0,0,-0.482,0.398,-0.422
18624,0.0,0.0,0.0,1000.0,0,0,-0.46199999999999997,0.398,-0.422
18625,0.0,0.0,0.0,1000.0,0,0,-0.442,0.398,-0.422
18626,0.0,0.0,0.0,1000.0,0,0,-0.422,0.398,-0.422
18627,0.0,0.0,0.0,1000.0,0,0,-0.40199999999999997,0.398,-0.422
18628,0.0,0.0,0.0,1000.0,0,0,-0.382,0.398,-0.422
18629,0.0,0.0,0.0,1000.0,0,0,-0.362,0.398,-0.422
18630,0.0,0.0,0.0,1000.0,0,0,-0.34199999999999997,0.398,-0.422
18631,0.0,0.0,0.0,1000.0,0,0,-0.32199999999999995,0.398,-0.422
18632,0.0,0.0,0.0,1000.0,0,0,-0.302,0.398,-0.422
18633,0.0,0.0,0.0,1000.0,0,0,-0.282,0.398,-0.422
18634,0.0,0.0,0.0,1000.0,0,0,-0.262,0.398,-0.422
18635,0.0,0.0,0.0,1000.0,0,0,-0.242,0.398,-0.422
18636,0.0,0.0,0.0,1000.0,0,0,-0.22199999999999998,0.398,-0.422
18637,0.0,0.0,0.0,1000.0,0,0,-0.20199999999999996,0.398,-0.422
18638,0.0,0.0,0.0,1000.0,0,0,-0.182,0.398,-0.422
18639,0.0,0.0,0.0,1000.0,0,0,-0.16199999999999998,0.398,-0.422
18640,0.0,0.0,0.0,1000.0,0,0,-0.482,0.41800000000000004,-0.422
18641,0.0,0.0,0.0,1000.0,0,0,-0.46199999999999997,0.41800000000000004,-0.422
18642,0.0,0.0,0.0,1000.0,0,0,-0.442,0.41800000000000004,-0.422
18643,0.0,0.0,0.0,1000.0,0,0,-0.422,0.41800000000000004,-0.422
18644,0.0,0.0,0.0,1000.0,0,0,-0.40199999999999997,0.41800000000000004,-0.422
18645,0.0,0.0,0.0,1000.0,0,0,-0.382,0.41800000000000004,-0.422
18646,0.0,0.0,0.0,1000.0,0,0,-0.362,0.41800000000000004,-0.422
18647,0.0,0.0,0.0,1000.0,0,0,-0.34199999999999997,0.41800000000000004,-0.422
18648,0.0,0.0,0.0,1000.0,0,0,-0.32199999999999995,0.41800000000000004,-0.422
18649,0.0,0.0,0.0,1000.0,0,0,-0.302,0.41800000000000004,-0.422
18650,0.0,0.0,0.0,1000.0,0,0,-0.282,0.41800000000000004,-0.422
18651,0.0,0.0,0.0,1000.0,0,0,-0.262,0.41800000000000004,-0.422
18652,0.0,0.0,0.0,1000.0,0,0,-0.242,0.41800000000000004,-0.422
18653,0.0,0.0,0.0,1000.0,0,0,-0.22199999999999998,0.41800000000000004,-0.422
18654,0.0,0.0,0.0,1000.0,0,0,-0.20199999999999996,0.41800000000000004,-0.422
18655,0.0,0.0,0.0,1000.0,0,0,-0.182,0.41800000000000004,-0.422
18656,0.0,0.0,0.0,1000.0,0,0,-0.16199999999999998,0.41800000000000004,-0.422
18657,0.0,0.0,0.0,1000.0,0,0,-0.482,0.43800000000000006,-0.422
18658,0.0,0.0,0.0,1000.0,0,0,-0.46199999999999997,0.43800000000000006,-0.422
18659,0.0,0.0,0.0,1000.0,0,0,-0.442,0.43800000000000006,-0.422
18660,0.0,0.0,0.0,1000.0,0,0,-0.422,0.43800000000000006,-0.422
18661,0.0,0.0,0.0,1000.0,0,0,-0.40199999999999997,0.43800000000000006,-0.422
18662,0.0,0.0,0.0,1000.0,0,0,-0.382,0.43800000000000006,-0.422
18663,0.0,0.0,0.0,1000.0,0,0,-0.362,0.43800000000000006,-0.422
18664,0.0,0.0,0.0,1000.0,0,0,-0.34199999999999997,0.43800000000000006,-0.422
18665,0.0,0.0,0.0,1000.0,0,0,-0.32199999999999995,0.43800000000000006,-0.422
18666,0.0,0.0,0.0,1000.0,0,0,-0.302,0.43800000000000006,-0.422
18667,0.0,0.0,0.0,1000.0,0,0,-0.282,0.43800000000000006,-0.422
18668,0.0,0.0,0.0,1000.0,0,0,-0.262,0.43800000000000006,-0.422
18669,0.0,0.0,0.0,1000.0,0,0,-0.242,0.43800000000000006,-0.422
18670,0.0,0.0,0.0,1000.0,0,0,-0.22199999999999998,0.43800000000000006,-0.422
18671,0.0,0.0,0.0,1000.0,0,0,-0.20199999999999996,0.43800000000000006,-0.422
18672,0.0,0.0,0.0,1000.0,0,0,-0.182,0.43800000000000006,-0.422
18673,0.0,0.0,0.0,1000.0,0,0,-0.16199999999999998,0.43800000000000006,-0.422
18674,0.0,0.0,0.0,1000.0,0,0,-0.482,0.4580000000000001,-0.422
18675,0.0,0.0,0.0,1000.0,0,0,-0.46199999999999997,0.4580000000000001,-0.422
18676,0.0,0.0,0.0,1000.0,0,0,-0.442,0.4580000000000001,-0.422
18677,0.0,0.0,0.0,1000.0,0,0,-0.422,0.4580000000000001,-0.422
18678,0.0,0.0,0.0,1000.0,0,0,-0.40199999999999997,0.4580000000000001,-0.422
18679,0.0,0.0,0.0,1000.0,0,0,-0.382,0.4580000000000001,-0.422
18680,0.0,0.0,0.0,1000.0,0,0,-0.362,0.4580000000000001,-0.422
18681,0.0,0.0,0.0,1000.0,0,0,-0.34199999999999997,0.4580000000000001,-0.422
18682,0.0,0.0,0.0,1000.0,0,0,-0.32199999999999995,0.4580000000000001,-0.422
18683,0.0,0.0,0.0,1000.0,0,0,-0.302,0.4580000000000001,-0.422
18684,0.0,0.0,0.0,1000.0,0,0,-0.282,0.4580000000000001,-0.422
18685,0.0,0.0,0.0,1000.0,0,0,-0.262,0.4580000000000001,-0.422
18686,0.0,0.0,0.0,1000.0,0,0,-0.242,0.4580000000000001,-0.422
18687,0.0,0.0,0.0,1000.0,0,0,-0.22199999999999998,0.4580000000000001,-0.422
18688,0.0,0.0,0.0,1000.0,0,0,-0.20199999999999996,0.4580000000000001,-0.422
18689,0.0,0.0,0.0,1000.0,0,0,-0.182,0.4580000000000001,-0.422
18690,0.0,0.0,0.0,1000.0,0,0,-0.16199999999999998,0.4580000000000001,-0.422
18691,0.0,0.0,0.0,1000.0,0,0,-0.482,0.478,-0.422
18692,0.0,0.0,0.0,1000.0,0,0,-0.46199999999999997,0.478,-0.422
18693,0.0,0.0,0.0,1000.0,0,0,-0.442,0.478,-0.422
18694,0.0,0.0,0.0,1000.0,0,0,-0.422,0.478,-0.422
18695,0.0,0.0,0.0,1000.0,0,0,-0.40199999999999997,0.478,-0.422
18696,0.0,0.0,0.0,1000.0,0,0,-0.382,0.478,-0.422
18697,0.0,0.0,0.0,1000.0,0,0,-0.362,0.478,-0.422
18698,0.0,0.0,0.0,1000.0,0,0,-0.34199999999999997,0.478,-0.422
18699,0.0,0.0,0.0,1000.0,0,0,-0.32199999999999995,0.478,-0.422
18700,0.0,0.0,0.0,1000.0,0,0,-0.302,0.478,-0.422
18701,0.0,0.0,0.0,1000.0,0,0,-0.282,0.478,-0.422
18702,0.0,0.0,0.0,1000.0,0,0,-0.262,0.478,-0.422
18703,0.0,0.0,0.0,1000.0,0,0,-0.242,0.478,-0.422
18704,0.0,0.0,0.0,1000.0,0,0,-0.22199999999999998,0.478,-0.422
18705,0.0,0.0,0.0,1000.0,0,0,-0.20199999999999996,0.478,-0.422
18706,0.0,0.0,0.0,1000.0,0,0,-0.182,0.478,-0.422
18707,0.0,0.0,0.0,1000.0,0,0,-0.16199999999999998,0.478,-0.422
18708,0.0,0.0,0.0,1000.0,0,0,-0.482,-0.482,-0.40199999999999997
18709,0.0,0.0,0.0,1000.0,0,0,-0.46199999999999997,-0.482,-0.40199999999999997
18710,0.0,0.0,0.0,1000.0,0,0,-0.442,-0.482,-0.40199999999999997
18711,0.0,0.0,0.0,1000.0,0,0,-0.422,-0.482,-0.40199999999999997
18712,0.0,0.0,0.0,1000.0,0,0,-0.40199999999999997,-0.482,-0.40199999999999997
18713,0.0,0.0,0.0,1000.0,0,0,-0.382,-0.482,-0.40199999999999997
18714,0.0,0.0,0.0,1000.0,0,0,-0.362,-0.482,-0.40199999999999997
18715,0.0,0.0,0.0,1000.0,0,0,-0.34199999999999997,-0.482,-0.40199999999999997
18716,0.0,0.0,0.0,1000.0,0,0,-0.32199999999999995,-0.482,-0.40199999999999997
18717,0.0,0.0,0.0,1000.0,0,0,-0.302,-0.482,-0.40199999999999997
18718,0.0,0.0,0.0,1000.0,0,0,-0.282,-0.482,-0.40199999999999997
18719,0.0,0.0,0.0,1000.0,0,0,-0.262,-0.482,-0.40199999999999997
18720,0.0,0.0,0.0,1000.0,0,0,-0.242,-0.482,-0.40199999999999997
18721,0.0,0.0,0.0,1000.0,0,0,-0.22199999999999998,-0.482,-0.40199999999999997
18722,0.0,0.0,0.0,1000.0,0,0,-0.20199999999999996,-0.482,-0.40199999999999997
18723,0.0,0.0,0.0,1000.0,0,0,-0.182,-0.482,-0.40199999999999997
18724,0.0,0.0,0.0,1000.0,0,0,-0.16199999999999998,-0.482,-0.40199999999999997
18725,0.0,0.0,0.0,1000.0,0,0,-0.482,-0.46199999999999997,-0.40199999999999997
18726,0.0,0.0,0.0,1000.0,0,0,-0.46199999999999997,-0.46199999999999997,-0.40199999999999997
18727,0.0,0.0,0.0,1000.0,0,0,-0.442,-0.46199999999999997,-0.40199999999999997
18728,0.0,0.0,0.0,1000.0,0,0,-0.422,-0.46199999999999997,-0.40199999999999997
18729,0.0,0.0,0.0,1000.0,0,0,-0.40199999999999997,-0.46199999999999997,-0.40199999999999997
18730,0.0,0.0,0.0,1000.0,0,0,-0.382,-0.46199999999999997,-0.40199999999999997
18731,0.0,0.0,0.0,1000.0,0,0,-0.362,-0.46199999999999997,-0.40199999999999997
18732,0.0,0.0,0.0,1000.0,0,0,-0.34199999999999997,-0.46199999999999997,-0.40199999999999997
18733,0.0,0.0,0.0,1000.0,0,0,-0.32199999999999995,-0.46199999999999997,-0.40199999999999997
18734,0.0,0.0,0.0,1000.0,0,0,-0.302,-0.46199999999999997,-0.40199999999999997
18735,0.0,0.0,0.0,1000.0,0,0,-0.282,-0.46199999999999997,-0.40199999999999997
18736,0.0,0.0,0.0,1000.0,0,0,-0.262,-0.46199999999999997,-0.40199999999999997
18737,0.0,0.0,0.0,1000.0,0,0,-0.242,-0.46199999999999997,-0.40199999999999997
18738,0.0,0.0,0.0,1000.0,0,0,-0.22199999999999998,-0.46199999999999997,-0.40199999999999997
18739,0.0,0.0,0.0,1000.0,0,0,-0.20199999999999996,-0.46199999999999997,-0.40199999999999997
18740,0.0,0.0,0.0,1000.0,0,0,-0.182,-0.46199999999999997,-0.40199999999999997
18741,0.0,0.0,0.0,1000.0,0,0,-0.16199999999999998,-0.46199999999999997,-0.40199999999999997
18742,0.0,0.0,0.0,1000.0,0,0,-0.482,-0.442,-0.40199999999999997
18743,0.0,0.0,0.0,1000.0,0,0,-0.46199999999999997,-0.442,-0.40199999999999997
18744,0.0,0.0,0.0,1000.0,0,0,-0.442,-0.442,-0.40199999999999997
18745,0.0,0.0,0.0,1000.0,0,0,-0.422,-0.442,-0.40199999999999997
18746,0.0,0.0,0.0,1000.0,0,0,-0.40199999999999997,-0.442,-0.40199999999999997
18747,0.0,0.0,0.0,1000.0,0,0,-0.382,-0.442,-0.40199999999999997
18748,0.0,0.0,0.0,1000.0,0,0,-0.362,-0.442,-0.40199999999999997
18749,0.0,0.0,0.0,1000.0,0,0,-0.34199999999999997,-0.442,-0.40199999999999997
18750,0.0,0.0,0.0,1000.0,0,0,-0.32199999999999995,-0.442,-0.40199999999999997
18751,0.0,0.0,0.0,1000.0,0,0,-0.302,-0.442,-0.40199999999999997
18752,0.0,0.0,0.0,1000.0,0,0,-0.282,-0.442,-0.40199999999999997
18753,0.0,0.0,0.0,1000.0,0,0,-0.262,-0.442,-0.40199999999999997
18754,0.0,0.0,0.0,1000.0,0,0,-0.242,-0.442,-0.40199999999999997
18755,0.0,0.0,0.0,1000.0,0,0,-0.22199999999999998,-0.442,-0.40199999999999997
18756,0.0,0.0,0.0,1000.0,0,0,-0.20199999999999996,-0.442,-0.40199999999999997
18757,0.0,0.0,0.0,1000.0,0,0,-0.182,-0.442,-0.40199999999999997
18758,0.0,0.0,0.0,1000.0,0,0,-0.16199999999999998,-0.442,-0.40199999999999997
18759,0.0,0.0,0.0,1000.0,0,0,-0.482,-0.422,-0.40199999999999997
18760,0.0,0.0,0.0,1000.0,0,0,-0.46199999999999997,-0.422,-0.40199999999999997
18761,0.0,0.0,0.0,1000.0,0,0,-0.442,-0.422,-0.40199999999999997
18762,0.0,0.0,0.0,1000.0,0,0,-0.422,-0.422,-0.40199999999999997
18763,0.0,0.0,0.0,1000.0,0,0,-0.40199999999999997,-0.422,-0.40199999999999997
18764,0.0,0.0,0.0,1000.0,0,0,-0.382,-0.422,-0.40199999999999997
18765,0.0,0.0,0.0,1000.0,0,0,-0.362,-0.422,-0.40199999999999997
18766,0.0,0.0,0.0,1000.0,0,0,-0.34199999999999997,-0.422,-0.40199999999999997
18767,0.0,0.0,0.0,1000.0,0,0,-0.32199999999999995,-0.422,-0.40199999999999997
18768,0.0,0.0,0.0,1000.0,0,0,-0.302,-0.422,-0.40199999999999997
18769,0.0,0.0,0.0,1000.0,0,0,-0.282,-0.422,-0.40199999999999997
18770,0.0,0.0,0.0,1000.0,0,0,-0.262,-0.422,-0.40199999999999997
18771,0.0,0.0,0.0,1000.0,0,0,-0.242,-0.422,-0.40199999999999997
18772,0.0,0.0,0.0,1000.0,0,0,-0.22199999999999998,-0.422,-0.40199999999999997
18773,0.0,0.0,0.0,1000.0,0,0,-0.20199999999999996,-0.422,-0.40199999999999997
18774,0.0,0.0,0.0,1000.0,0,0,-0.182,-0.422,-0.40199999999999997
18775,0.0,0.0,0.0,1000.0,0,0,-0.16199999999999998,-0.422,-0.40199999999999997
18776,0.0,0.0,0.0,1000.0,0,0,-0.482,-0.40199999999999997,-0.40199999999999997
18777,0.0,0.0,0.0,1000.0,0,0,-0.46199999999999997,-0.40199999999999997,-0.40199999999999997
18778,0.0,0.0,0.0,1000.0,0,0,-0.442,-0.40199999999999997,-0.40199999999999997
18779,0.0,0.0,0.0,1000.0,0,0,-0.422,-0.40199999999999997,-0.40199999999999997
18780,0.0,0.0,0.0,1000.0,0,0,-0.40199999999999997,-0.40199999999999997,-0.40199999999999997
18781,0.0,0.0,0.0,1000.0,0,0,-0.382,-0.40199999999999997,-0.40199999999999997
18782,0.0,0.0,0.0,1000.0,0,0,-0.362,-0.40199999999999997,-0.40199999999999997
18783,0.0,0.0,0.0,1000.0,0,0,-0.34199999999999997,-0.40199999999999997,-0.40199999999999997
18784,0.0,0.0,0.0,1000.0,0,0,-0.32199999999999995,-0.40199999999999997,-0.40199999999999997
18785,0.0,0.0,0.0,1000.0,0,0,-0.302,-0.40199999999999997,-0.40199999999999997
18786,0.0,0.0,0.0,1000.0,0,0,-0.282,-0.40199999999999997,-0.40199999999999997
18787,0.0,0.0,0.0,1000.0,0,0,-0.262,-0.40199999999999997,-0.40199999999999997
18788,0.0,0.0,0.0,1000.0,0,0,-0.242,-0.40199999999999997,-0.40199999999999997
18789,0.0,0.0,0.0,1000.0,0,0,-0.22199999999999998,-0.40199999999999997,-0.40199999999999997
18790,0.0,0.0,0.0,1000.0,0,0,-0.20199999999999996,-0.40199999999999997,-0.40199999999999997
18791,0.0,0.0,0.0,1000.0,0,0,-0.182,-0.40199999999999997,-0.40199999999999997
18792,0.0,0.0,0.0,1000.0,0,0,-0.16199999999999998,-0.40199999999999997,-0.40199999999999997
18793,0.0,0.0,0.0,1000.0,0,0,-0.482,-0.382,-0.40199999999999997
18794,0.0,0.0,0.0,1000.0,0,0,-0.46199999999999997,-0.382,-0.40199999999999997
18795,0.0,0.0,0.0,1000.0,0,0,-0.442,-0.382,-0.40199999999999997
18796,0.0,0.0,0.0,1000.0,0,0,-0.422,-0.382,-0.40199999999999997
18797,0.0,0.0,0.0,1000.0,0,0,-0.40199999999999997,-0.382,-0.40199999999999997
18798,0.0,0.0,0.0,1000.0,0,0,-0.382,-0.382,-0.40199999999999997
18799,0.0,0.0,0.0,1000.0,0,0,-0.362,-0.382,-0.40199999999999997
18800,0.0,0.0,0.0,1000.0,0,0,-0.34199999999999997,-0.382,-0.40199999999999997
18801,0.0,0.0,0.0,1000.0,0,0,-0.32199999999999995,-0.382,-0.40199999999999997
18802,0.0,0.0,0.0,1000.0,0,0,-0.302,-0.382,-0.40199999999999997
18803,0.0,0.0,0.0,1000.0,0,0,-0.282,-0.382,-0.40199999999999997
18804,0.0,0.0,0.0,1000.0,0,0,-0.262,-0.382,-0.40199999999999997
18805,0.0,0.0,0.0,1000.0,0,0,-0.242,-0.382,-0.40199999999999997
18806,0.0,0.0,0.0,1000.0,0,0,-0.22199999999999998,-0.382,-0.40199999999999997
18807,0.0,0.0,0.0,1000.0,0,0,-0.20199999999999996,-0.382,-0.40199999999999997
18808,0.0,0.0,0.0,1000.0,0,0,-0.182,-0.382,-0.40199999999999997
18809,0.0,0.0,0.0,1000.0,0,0,-0.16199999999999998,-0.382,-0.40199999999999997
18810,0.0,0.0,0.0,1000.0,0,0,-0.482,-0.362,-0.40199999999999997
18811,0.0,0.0,0.0,1000.0,0,0,-0.46199999999999997,-0.362,-0.40199999999999997
18812,0.0,0.0,0.0,1000.0,0,0,-0.442,-0.362,-0.40199999999999997
18813,0.0,0.0,0.0,1000.0,0,0,-0.422,-0.362,-0.40199999999999997
18814,0.0,0.0,0.0,1000.0,0,0,-0.40199999999999997,-0.362,-0.40199999999999997
18815,0.0,0.0,0.0,1000.0,0,0,-0.382,-0.362,-0.40199999999999997
18816,0.0,0.0,0.0,1000.0,0,0,-0.362,-0.362,-0.40199999999999997
18817,0.0,0.0,0.0,1000.0,0,0,-0.34199999999999997,-0.362,-0.40199999999999997
18818,0.0,0.0,0.0,1000.0,0,0,-0.32199999999999995,-0.362,-0.40199999999999997
18819,0.0,0.0,0.0,1000.0,0,0,-0.302,-0.362,-0.40199999999999997
18820,0.0,0.0,0.0,1000.0,0,0,-0.282,-0.362,-0.40199999999999997
18821,0.0,0.0,0.0,1000.0,0,0,-0.262,-0.362,-0.40199999999999997
18822,0.0,0.0,0.0,1000.0,0,0,-0.242,-0.362,-0.40199999999999997
18823,0.0,0.0,0.0,1000.0,0,0,-0.22199999999999998,-0.362,-0.40199999999999997
18824,0.0,0.0,0.0,1000.0,0,0,-0.20199999999999996,-0.362,-0.40199999999999997
18825,0.0,0.0,0.0,1000.0,0,0,-0.182,-0.362,-0.40199999999999997
18826,0.0,0.0,0.0,1000.0,0,0,-0.16199999999999998,-0.362,-0.40199999999999997
18827,0.0,0.0,0.0,1000.0,0,0,-0.482,-0.34199999999999997,-0.40199999999999997
18828,0.0,0.0,0.0,1000.0,0,0,-0.46199999999999997,-0.34199999999999997,-0.40199999999999997
18829,0.0,0.0,0.0,1000.0,0,0,-0.442,-0.34199999999999997,-0.40199999999999997
18830,0.0,0.0,0.0,1000.0,0,0,-0.422,-0.34199999999999997,-0.40199999999999997
18831,0.0,0.0,0.0,1000.0,0,0,-0.40199999999999997,-0.34199999999999997,-0.40199999999999997
18832,0.0,0.0,0.0,1000.0,0,0,-0.382,-0.34199999999999997,-0.40199999999999997
18833,0.0,0.0,0.0,1000.0,0,0,-0.362,-0.34199999999999997,-0.40199999999999997
18834,0.0,0.0,0.0,1000.0,0,0,-0.34199999999999997,-0.34199999999999997,-0.40199999999999997
18835,0.0,0.0,0.0,1000.0,0,0,-0.32199999999999995,-0.34199999999999997,-0.40199999999999997
18836,0.0,0.0,0.0,1000.0,0,0,-0.302,-0.34199999999999997,-0.40199999999999997
18837,0.0,0.0,0.0,1000.0,0,0,-0.282,-0.34199999999999997,-0.40199999999999997
18838,0.0,0.0,0.0,1000.0,0,0,-0.262,-0.34199999999999997,-0.40199999999999997
18839,0.0,0.0,0.0,1000.0,0,0,-0.242,-0.34199999999999997,-0.40199999999999997
18840,0.0,0.0,0.0,1000.0,0,0,-0.22199999999999998,-0.34199999999999997,-0.40199999999999997
18841,0.0,0.0,0.0,1000.0,0,0,-0.20199999999999996,-0.34199999999999997,-0.40199999999999997
18842,0.0,0.0,0.0,1000.0,0,0,-0.182,-0.34199999999999997,-0.40199999999999997
18843,0.0,0.0,0.0,1000.0,0,0,-0.16199999999999998,-0.34199999999999997,-0.40199999999999997
18844,0.0,0.0,0.0,1000.0,0,0,-0.482,-0.32199999999999995,-0.40199999999999997
18845,0.0,0.0,0.0,1000.0,0,0,-0.46199999999999997,-0.32199999999999995,-0.40199999999999997
18846,0.0,0.0,0.0,1000.0,0,0,-0.442,-0.32199999999999995,-0.40199999999999997
18847,0.0,0.0,0.0,1000.0,0,0,-0.422,-0.32199999999999995,-0.40199999999999997
18848,0.0,0.0,0.0,1000.0,0,0,-0.40199999999999997,-0.32199999999999995,-0.40199999999999997
18849,0.0,0.0,0.0,1000.0,0,0,-0.382,-0.32199999999999995,-0.40199999999999997
18850,0.0,0.0,0.0,1000.0,0,0,-0.362,-0.32199999999999995,-0.40199999999999997
18851,0.0,0.0,0.0,1000.0,0,0,-0.34199999999999997,-0.32199999999999995,-0.40199999999999997
18852,0.0,0.0,0.0,1000.0,0,0,-0.32199999999999995,-0.32199999999999995,-0.40199999999999997
18853,0.0,0.0,0.0,1000.0,0,0,-0.302,-0.32199999999999995,-0.40199999999999997
18854,0.0,0.0,0.0,1000.0,0,0,-0.282,-0.32199999999999995,-0.40199999999999997
18855,0.0,0.0,0.0,1000.0,0,0,-0.262,-0.32199999999999995,-0.40199999999999997
18856,0.0,0.0,0.0,1000.0,0,0,-0.242,-0.32199999999999995,-0.40199999999999997
18857,0.0,0.0,0.0,1000.0,0,0,-0.22199999999999998,-0.32199999999999995,-0.40199999999999997
18858,0.0,0.0,0.0,1000.0,0,0,-0.20199999999999996,-0.32199999999999995,-0.40199999999999997
18859,0.0,0.0,0.0,1000.0,0,0,-0.182,-0.32199999999999995,-0.40199999999999997
18860,0.0,0.0,0.0,1000.0,0,0,-0.16199999999999998,-0.32199999999999995,-0.40199999999999997
18861,0.0,0.0,0.0,1000.0,0,0,-0.482,-0.302,-0.40199999999999997
18862,0.0,0.0,0.0,1000.0,0,0,-0.46199999999999997,-0.302,-0.40199999999999997
18863,0.0,0.0,0.0,1000.0,0,0,-0.442,-0.302,-0.40199999999999997
18864,0.0,0.0,0.0,1000.0,0,0,-0.422,-0.302,-0.40199999999999997
18865,0.0,0.0,0.0,1000.0,0,0,-0.40199999999999997,-0.302,-0.40199999999999997
18866,0.0,0.0,0.0,1000.0,0,0,-0.382,-0.302,-0.40199999999999997
18867,0.0,0.0,0.0,1000.0,0,0,-0.362,-0.302,-0.40199999999999997
18868,0.0,0.0,0.0,1000.0,0,0,-0.34199999999999997,-0.302,-0.40199999999999997
18869,0.0,0.0,0.0,1000.0,0,0,-0.32199999999999995,-0.302,-0.40199999999999997
18870,0.0,0.0,0.0,1000.0,0,0,-0.302,-0.302,-0.40199999999999997
18871,0.0,0.0,0.0,1000.0,0,0,-0.282,-0.302,-0.40199999999999997
18872,0.0,0.0,0.0,1000.0,0,0,-0.262,-0.302,-0.40199999999999997
18873,0.0,0.0,0.0,1000.0,0,0,-0.242,-0.302,-0.40199999999999997
18874,0.0,0.0,0.0,1000.0,0,0,-0.22199999999999998,-0.302,-0.40199999999999997
18875,0.0,0.0,0.0,1000.0,0,0,-0.20199999999999996,-0.302,-0.40199999999999997
18876,0.0,0.0,0.0,1000.0,0,0,-0.182,-0.302,-0.40199999999999997
18877,0.0,0.0,0.0,1000.0,0,0,-0.16199999999999998,-0.302,-0.40199999999999997
18878,0.0,0.0,0.0,1000.0,0,0,-0.482,-0.282,-0.40199999999999997
18879,0.0,0.0,0.0,1000.0,0,0,-0.46199999999999997,-0.282,-0.40199999999999997
18880,0.0,0.0,0.0,1000.0,0,0,-0.442,-0.282,-0.40199999999999997
18881,0.0,0.0,0.0,1000.0,0,0,-0.422,-0.282,-0.40199999999999997
18882,0.0,0.0,0.0,1000.0,0,0,-0.40199999999999997,-0.282,-0.40199999999999997
18883,0.0,0.0,0.0,1000.0,0,0,-0.382,-0.282,-0.40199999999999997
18884,0.0,0.0,0.0,1000.0,0,0,-0.362,-0.282,-0.40199999999999997
18885,0.0,0.0,0.0,1000.0,0,0,-0.34199999999999997,-0.282,-0.40199999999999997
18886,0.0,0.0,0.0,1000.0,0,0,-0.32199999999999995,-0.282,-0.40199999999999997
18887,0.0,0.0,0.0,1000.0,0,0,-0.302,-0.282,-0.40199999999999997
18888,0.0,0.0,0.0,1000.0,0,0,-0.282,-0.282,-0.40199999999999997
18889,0.0,0.0,0.0,1000.0,0,0,-0.262,-0.282,-0.40199999999999997
18890,0.0,0.0,0.0,1000.0,0,0,-0.242,-0.282,-0.40199999999999997
18891,0.0,0.0,0.0,1000.0,0,0,-0.22199999999999998,-0.282,-0.40199999999999997
18892,0.0,0.0,0.0,1000.0,0,0,-0.20199999999999996,-0.282,-0.40199999999999997
18893,0.0,0.0,0.0,1000.0,0,0,-0.182,-0.282,-0.40199999999999997
18894,0.0,0.0,0.0,1000.0,0,0,-0.16199999999999998,-0.282,-0.40199999999999997
18895,0.0,0.0,0.0,1000.0,0,0,-0.482,-0.262,-0.40199999999999997
18896,0.0,0.0,0.0,1000.0,0,0,-0.46199999999999997,-0.262,-0.40199999999999997
18897,0.0,0.0,0.0,1000.0,0,0,-0.442,-0.262,-0.40199999999999997
18898,0.0,0.0,0.0,1000.0,0,0,-0.422,-0.262,-0.40199999999999997
18899,0.0,0.0,0.0,1000.0,0,0,-0.40199999999999997,-0.262,-0.40199999999999997
18900,0.0,0.0,0.0,1000.0,0,0,-0.382,-0.262,-0.40199999999999997
18901,0.0,0.0,0.0,1000.0,0,0,-0.362,-0.262,-0.40199999999999997
18902,0.0,0.0,0.0,1000.0,0,0,-0.34199999999999997,-0.262,-0.40199999999999997
18903,0.0,0.0,0.0,1000.0,0,0,-0.32199999999999995,-0.262,-0.40199999999999997
18904,0.0,0.0,0.0,1000.0,0,0,-0.302,-0.262,-0.40199999999999997
18905,0.0,0.0,0.0,1000.0,0,0,-0.282,-0.262,-0.40199999999999997
18906,0.0,0.0,0.0,1000.0,0,0,-0.262,-0.262,-0.40199999999999997
18907,0.0,0.0,0.0,1000.0,0,0,-0.242,-0.262,-0.40199999999999997
18908,0.0,0.0,0.0,1000.0,0,0,-0.22199999999999998,-0.262,-0.40199999999999997
18909,0.0,0.0,0.0,1000.0,0,0,-0.20199999999999996,-0.262,-0.40199999999999997
18910,0.0,0.0,0.0,1000.0,0,0,-0.182,-0.262,-0.40199999999999997
18911,0.0,0.0,0.0,1000.0,0,0,-0.16199999999999998,-0.262,-0.40199999999999997
18912,0.0,0.0,0.0,1000.0,0,0,-0.482,-0.242,-0.40199999999999997
18913,0.0,0.0,0.0,1000.0,0,0,-0.46199999999999997,-0.242,-0.40199999999999997
18914,0.0,0.0,0.0,1000.0,0,0,-0.442,-0.242,-0.40199999999999997
18915,0.0,0.0,0.0,1000.0,0,0,-0.422,-0.242,-0.40199999999999997
18916,0.0,0.0,0.0,1000.0,0,0,-0.40199999999999997,-0.242,-0.40199999999999997
18917,0.0,0.0,0.0,1000.0,0,0,-0.382,-0.242,-0.40199999999999997
18918,0.0,0.0,0.0,1000.0,0,0,-0.362,-0.242,-0.40199999999999997
18919,0.0,0.0,0.0,1000.0,0,0,-0.34199999999999997,-0.242,-0.40199999999999997
18920,0.0,0.0,0.0,1000.0,0,0,-0.32199999999999995,-0.242,-0.40199999999999997
18921,0.0,0.0,0.0,1000.0,0,0,-0.302,-0.242,-0.40199999999999997
18922,0.0,0.0,0.0,1000.0,0,0,-0.282,-0.242,-0.40199999999999997
18923,0.0,0.0,0.0,1000.0,0,0,-0.262,-0.242,-0.40199999999999997
18924,0.0,0.0,0.0,1000.0,0,0,-0.242,-0.242,-0.40199999999999997
18925,0.0,0.0,0.0,1000.0,0,0,-0.22199999999999998,-0.242,-0.40199999999999997
18926,0.0,0.0,0.0,1000.0,0,0,-0.20199999999999996,-0.242,-0.40199999999999997
18927,0.0,0.0,0.0,1000.0,0,0,-0.182,-0.242,-0.40199999999999997
18928,0.0,0.0,0.0,1000.0,0,0,-0.16199999999999998,-0.242,-0.40199999999999997
18929,0.0,0.0,0.0,1000.0,0,0,-0.482,-0.22199999999999998,-0.40199999999999997
18930,0.0,0.0,0.0,1000.0,0,0,-0.46199999999999997,-0.22199999999999998,-0.40199999999999997
18931,0.0,0.0,0.0,1000.0,0,0,-0.442,-0.22199999999999998,-0.40199999999999997
18932,0.0,0.0,0.0,1000.0,0,0,-0.422,-0.22199999999999998,-0.40199999999999997
18933,0.0,0.0,0.0,1000.0,0,0,-0.40199999999999997,-0.22199999999999998,-0.40199999999999997
18934,0.0,0.0,0.0,1000.0,0,0,-0.382,-0.22199999999999998,-0.40199999999999997
18935,0.0,0.0,0.0,1000.0,0,0,-0.362,-0.22199999999999998,-0.40199999999999997
18936,0.0,0.0,0.0,1000.0,0,0,-0.34199999999999997,-0.22199999999999998,-0.40199999999999997
18937,0.0,0.0,0.0,1000.0,0,0,-0.32199999999999995,-0.22199999999999998,-0.40199999999999997
18938,0.0,0.0,0.0,1000.0,0,0,-0.302,-0.22199999999999998,-0.40199999999999997
18939,0.0,0.0,0.0,1000.0,0,0,-0.282,-0.22199999999999998,-0.40199999999999997
18940,0.0,0.0,0.0,1000.0,0,0,-0.262,-0.22199999999999998,-0.40199999999999997
18941,0.0,0.0,0.0,1000.0,0,0,-0.242,-0.22199999999999998,-0.40199999999999997
18942,0.0,0.0,0.0,1000.0,0,0,-0.22199999999999998,-0.22199999999999998,-0.40199999999999997
18943,0.0,0.0,0.0,1000.0,0,0,-0.20199999999999996,-0.22199999999999998,-0.40199999999999997
18944,0.0,0.0,0.0,1000.0,0,0,-0.182,-0.22199999999999998,-0.40199999999999997
18945,0.0,0.0,0.0,1000.0,0,0,-0.16199999999999998,-0.22199999999999998,-0.40199999999999997
18946,0.0,0.0,0.0,1000.0,0,0,-0.482,-0.20199999999999996,-0.40199999999999997
18947,0.0,0.0,0.0,1000.0,0,0,-0.46199999999999997,-0.20199999999999996,-0.40199999999999997
18948,0.0,0.0,0.0,1000.0,0,0,-0.442,-0.20199999999999996,-0.40199999999999997
18949,0.0,0.0,0.0,1000.0,0,0,-0.422,-0.20199999999999996,-0.40199999999999997
18950,0.0,0.0,0.0,1000.0,0,0,-0.40199999999999997,-0.20199999999999996,-0.40199999999999997
18951,0.0,0.0,0.0,1000.0,0,0,-0.382,-0.20199999999999996,-0.40199999999999997
18952,0.0,0.0,0.0,1000.0,0,0,-0.362,-0.20199999999999996,-0.40199999999999997
18953,0.0,0.0,0.0,1000.0,0,0,-0.34199999999999997,-0.20199999999999996,-0.40199999999999997
18954,0.0,0.0,0.0,1000.0,0,0,-0.32199999999999995,-0.20199999999999996,-0.40199999999999997
18955,0.0,0.0,0.0,1000.0,0,0,-0.302,-0.20199999999999996,-0.40199999999999997
18956,0.0,0.0,0.0,1000.0,0,0,-0.282,-0.20199999999999996,-0.40199999999999997
18957,0.0,0.0,0.0,1000.0,0,0,-0.262,-0.20199999999999996,-0.40199999999999997
18958,0.0,0.0,0.0,1000.0,0,0,-0.242,-0.20199999999999996,-0.40199999999999997
18959,0.0,0.0,0.0,1000.0,0,0,-0.22199999999999998,-0.20199999999999996,-0.40199999999999997
18960,0.0,0.0,0.0,1000.0,0,0,-0.20199999999999996,-0.20199999999999996,-0.40199999999999997
18961,0.0,0.0,0.0,1000.0,0,0,-0.182,-0.20199999999999996,-0.40199999999999997
18962,0.0,0.0,0.0,1000.0,0,0,-0.16199999999999998,-0.20199999999999996,-0.40199999999999997
18963,0.0,0.0,0.0,1000.0,0,0,-0.482,-0.182,-0.40199999999999997
18964,0.0,0.0,0.0,1000.0,0,0,-0.46199999999999997,-0.182,-0.40199999999999997
18965,0.0,0.0,0.0,1000.0,0,0,-0.442,-0.182,-0.40199999999999997
18966,0.0,0.0,0.0,1000.0,0,0,-0.422,-0.182,-0.40199999999999997
18967,0.0,0.0,0.0,1000.0,0,0,-0.40199999999999997,-0.182,-0.40199999999999997
18968,0.0,0.0,0.0,1000.0,0,0,-0.382,-0.182,-0.40199999999999997
18969,0.0,0.0,0.0,1000.0,0,0,-0.362,-0.182,-0.40199999999999997
18970,0.0,0.0,0.0,1000.0,0,0,-0.34199999999999997,-0.182,-0.40199999999999997
18971,0.0,0.0,0.0,1000.0,0,0,-0.32199999999999995,-0.182,-0.40199999999999997
18972,0.0,0.0,0.0,1000.0,0,0,-0.302,-0.182,-0.40199999999999997
18973,0.0,0.0,0.0,1000.0,0,0,-0.282,-0.182,-0.40199999999999997
18974,0.0,0.0,0.0,1000.0,0,0,-0.262,-0.182,-0.40199999999999997
18975,0.0,0.0,0.0,1000.0,0,0,-0.242,-0.182,-0.40199999999999997
18976,0.0,0.0,0.0,1000.0,0,0,-0.22199999999999998,-0.182,-0.40199999999999997
18977,0.0,0.0,0.0,1000.0,0,0,-0.20199999999999996,-0.182,-0.40199999999999997
18978,0.0,0.0,0.0,1000.0,0,0,-0.182,-0.182,-0.40199999999999997
18979,0.0,0.0,0.0,1000.0,0,0,-0.16199999999999998,-0.182,-0.40199999999999997
18980,0.0,0.0,0.0,1000.0,0,0,-0.482,-0.16199999999999998,-0.40199999999999997
18981,0.0,0.0,0.0,1000.0,0,0,-0.46199999999999997,-0.16199999999999998,-0.40199999999999997
18982,0.0,0.0,0.0,1000.0,0,0,-0.442,-0.16199999999999998,-0.40199999999999997
18983,0.0,0.0,0.0,1000.0,0,0,-0.422,-0.16199999999999998,-0.40199999999999997
18984,0.0,0.0,0.0,1000.0,0,0,-0.40199999999999997,-0.16199999999999998,-0.40199999999999997
18985,0.0,0.0,0.0,1000.0,0,0,-0.382,-0.16199999999999998,-0.40199999999999997
18986,0.0,0.0,0.0,1000.0,0,0,-0.362,-0.16199999999999998,-0.40199999999999997
18987,0.0,0.0,0.0,1000.0,0,0,-0.34199999999999997,-0.16199999999999998,-0.40199999999999997
18988,0.0,0.0,0.0,1000.0,0,0,-0.32199999999999995,-0.16199999999999998,-0.40199999999999997
18989,0.0,0.0,0.0,1000.0,0,0,-0.302,-0.16199999999999998,-0.40199999999999997
18990,0.0,0.0,0.0,1000.0,0,0,-0.282,-0.16199999999999998,-0.40199999999999997
18991,0.0,0.0,0.0,1000.0,0,0,-0.262,-0.16199999999999998,-0.40199999999999997
18992,0.0,0.0,0.0,1000.0,0,0,-0.242,-0.16199999999999998,-0.40199999999999997
18993,0.0,0.0,0.0,1000.0,0,0,-0.22199999999999998,-0.16199999999999998,-0.40199999999999997
18994,0.0,0.0,0.0,1000.0,0,0,-0.20199999999999996,-0.16199999999999998,-0.40199999999999997
18995,0.0,0.0,0.0,1000.0,0,0,-0.182,-0.16199999999999998,-0.40199999999999997
18996,0.0,0.0,0.0,1000.0,0,0,-0.16199999999999998,-0.16199999999999998,-0.40199999999999997
18997,0.0,0.0,0.0,1000.0,0,0,-0.482,-0.14199999999999996,-0.40199999999999997
18998,0.0,0.0,0.0,1000.0,0,0,-0.46199999999999997,-0.14199999999999996,-0.40199999999999997
18999,0.0,0.0,0.0,1000.0,0,0,-0.442,-0.14199999999999996,-0.40199999999999997
19000,0.0,0.0,0.0,1000.0,0,0,-0.422,-0.14199999999999996,-0.40199999999999997
19001,0.0,0.0,0.0,1000.0,0,0,-0.40199999999999997,-0.14199999999999996,-0.40199999999999997
19002,0.0,0.0,0.0,1000.0,0,0,-0.382,-0.14199999999999996,-0.40199999999999997
19003,0.0,0.0,0.0,1000.0,0,0,-0.362,-0.14199999999999996,-0.40199999999999997
19004,0.0,0.0,0.0,1000.0,0,0,-0.34199999999999997,-0.14199999999999996,-0.40199999999999997
19005,0.0,0.0,0.0,1000.0,0,0,-0.32199999999999995,-0.14199999999999996,-0.40199999999999997
19006,0.0,0.0,0.0,1000.0,0,0,-0.302,-0.14199999999999996,-0.40199999999999997
19007,0.0,0.0,0.0,1000.0,0,0,-0.282,-0.14199999999999996,-0.40199999999999997
19008,0.0,0.0,0.0,1000.0,0,0,-0.262,-0.14199999999999996,-0.40199999999999997
19009,0.0,0.0,0.0,1000.0,0,0,-0.242,-0.14199999999999996,-0.40199999999999997
19010,0.0,0.0,0.0,1000.0,0,0,-0.22199999999999998,-0.14199999999999996,-0.40199999999999997
19011,0.0,0.0,0.0,1000.0,0,0,-0.20199999999999996,-0.14199999999999996,-0.40199999999999997
19012,0.0,0.0,0.0,1000.0,0,0,-0.182,-0.14199999999999996,-0.40199999999999997
19013,0.0,0.0,0.0,1000.0,0,0,-0.16199999999999998,-0.14199999999999996,-0.40199999999999997
19014,0.0,0.0,0.0,1000.0,0,0,-0.482,-0.122,-0.40199999999999997
19015,0.0,0.0,0.0,1000.0,0,0,-0.46199999999999997,-0.122,-0.40199999999999997
19016,0.0,0.0,0.0,1000.0,0,0,-0.442,-0.122,-0.40199999999999997
19017,0.0,0.0,0.0,1000.0,0,0,-0.422,-0.122,-0.40199999999999997
19018,0.0,0.0,0.0,1000.0,0,0,-0.40199999999999997,-0.122,-0.40199999999999997
19019,0.0,0.0,0.0,1000.0,0,0,-0.382,-0.122,-0.40199999999999997
19020,0.0,0.0,0.0,1000.0,0,0,-0.362,-0.122,-0.40199999999999997
19021,0.0,0.0,0.0,1000.0,0,0,-0.34199999999999997,-0.122,-0.40199999999999997
19022,0.0,0.0,0.0,1000.0,0,0,-0.32199999999999995,-0.122,-0.40199999999999997
19023,0.0,0.0,0.0,1000.0,0,0,-0.302,-0.122,-0.40199999999999997
19024,0.0,0.0,0.0,1000.0,0,0,-0.282,-0.122,-0.40199999999999997
19025,0.0,0.0,0.0,1000.0,0,0,-0.262,-0.122,-0.40199999999999997
19026,0.0,0.0,0.0,1000.0,0,0,-0.242,-0.122,-0.40199999999999997
19027,0.0,0.0,0.0,1000.0,0,0,-0.22199999999999998,-0.122,-0.40199999999999997
19028,0.0,0.0,0.0,1000.0,0,0,-0.20199999999999996,-0.122,-0.40199999999999997
19029,0.0,0.0,0.0,1000.0,0,0,-0.182,-0.122,-0.40199999999999997
19030,0.0,0.0,0.0,1000.0,0,0,-0.16199999999999998,-0.122,-0.40199999999999997
19031,0.0,0.0,0.0,1000.0,0,0,-0.482,-0.10199999999999998,-0.40199999999999997
19032,0.0,0.0,0.0,1000.0,0,0,-0.46199999999999997,-0.10199999999999998,-0.40199999999999997
19033,0.0,0.0,0.0,1000.0,0,0,-0.442,-0.10199999999999998,-0.40199999999999997
19034,0.0,0.0,0.0,1000.0,0,0,-0.422,-0.10199999999999998,-0.40199999999999997
19035,0.0,0.0,0.0,1000.0,0,0,-0.40199999999999997,-0.10199999999999998,-0.40199999999999997
19036,0.0,0.0,0.0,1000.0,0,0,-0.382,-0.10199999999999998,-0.40199999999999997
19037,0.0,0.0,0.0,1000.0,0,0,-0.362,-0.10199999999999998,-0.40199999999999997
19038,0.0,0.0,0.0,1000.0,0,0,-0.34199999999999997,-0.10199999999999998,-0.40199999999999997
19039,0.0,0.0,0.0,1000.0,0,0,-0.32199999999999995,-0.10199999999999998,-0.40199999999999997
19040,0.0,0.0,0.0,1000.0,0,0,-0.302,-0.10199999999999998,-0.40199999999999997
19041,0.0,0.0,0.0,1000.0,0,0,-0.282,-0.10199999999999998,-0.40199999999999997
19042,0.0,0.0,0.0,1000.0,0,0,-0.262,-0.10199999999999998,-0.40199999999999997
19043,0.0,0.0,0.0,1000.0,0,0,-0.242,-0.10199999999999998,-0.40199999999999997
19044,0.0,0.0,0.0,1000.0,0,0,-0.22199999999999998,-0.10199999999999998,-0.40199999999999997
19045,0.0,0.0,0.0,1000.0,0,0,-0.20199999999999996,-0.10199999999999998,-0.40199999999999997
19046,0.0,0.0,0.0,1000.0,0,0,-0.182,-0.10199999999999998,-0.40199999999999997
19047,0.0,0.0,0.0,1000.0,0,0,-0.16199999999999998,-0.10199999999999998,-0.40199999999999997
19048,0.0,0.0,0.0,1000.0,0,0,-0.482,-0.08199999999999996,-0.40199999999999997
19049,0.0,0.0,0.0,1000.0,0,0,-0.46199999999999997,-0.08199999999999996,-0.40199999999999997
19050,0.0,0.0,0.0,1000.0,0,0,-0.442,-0.08199999999999996,-0.40199999999999997
19051,0.0,0.0,0.0,1000.0,0,0,-0.422,-0.08199999999999996,-0.40199999999999997
19052,0.0,0.0,0.0,1000.0,0,0,-0.40199999999999997,-0.08199999999999996,-0.40199999999999997
19053,0.0,0.0,0.0,1000.0,0,0,-0.382,-0.08199999999999996,-0.40199999999999997
19054,0.0,0.0,0.0,1000.0,0,0,-0.362,-0.08199999999999996,-0.40199999999999997
19055,0.0,0.0,0.0,1000.0,0,0,-0.34199999999999997,-0.08199999999999996,-0.40199999999999997
19056,0.0,0.0,0.0,1000.0,0,0,-0.32199999999999995,-0.08199999999999996,-0.40199999999999997
19057,0.0,0.0,0.0,1000.0,0,0,-0.302,-0.08199999999999996,-0.40199999999999997
19058,0.0,0.0,0.0,1000.0,0,0,-0.282,-0.08199999999999996,-0.40199999999999997
19059,0.0,0.0,0.0,1000.0,0,0,-0.262,-0.08199999999999996,-0.40199999999999997
19060,0.0,0.0,0.0,1000.0,0,0,-0.242,-0.08199999999999996,-0.40199999999999997
19061,0.0,0.0,0.0,1000.0,0,0,-0.22199999999999998,-0.08199999999999996,-0.40199999999999997
19062,0.0,0.0,0.0,1000.0,0,0,-0.20199999999999996,-0.08199999999999996,-0.40199999999999997
19063,0.0,0.0,0.0,1000.0,0,0,-0.182,-0.08199999999999996,-0.40199999999999997
19064,0.0,0.0,0.0,1000.0,0,0,-0.16199999999999998,-0.08199999999999996,-0.40199999999999997
19065,0.0,0.0,0.0,1000.0,0,0,-0.482,-0.062,-0.40199999999999997
19066,0.0,0.0,0.0,1000.0,0,0,-0.46199999999999997,-0.062,-0.40199999999999997
19067,0.0,0.0,0.0,1000.0,0,0,-0.442,-0.062,-0.40199999999999997
19068,0.0,0.0,0.0,1000.0,0,0,-0.422,-0.062,-0.40199999999999997
19069,0.0,0.0,0.0,1000.0,0,0,-0.40199999999999997,-0.062,-0.40199999999999997
19070,0.0,0.0,0.0,1000.0,0,0,-0.382,-0.062,-0.40199999999999997
19071,0.0,0.0,0.0,1000.0,0,0,-0.362,-0.062,-0.40199999999999997
19072,0.0,0.0,0.0,1000.0,0,0,-0.34199999999999997,-0.062,-0.40199999999999997
19073,0.0,0.0,0.0,1000.0,0,0,-0.32199999999999995,-0.062,-0.40199999999999997
19074,0.0,0.0,0.0,1000.0,0,0,-0.302,-0.062,-0.40199999999999997
19075,0.0,0.0,0.0,1000.0,0,0,-0.282,-0.062,-0.40199999999999997
19076,0.0,0.0,0.0,1000.0,0,0,-0.262,-0.062,-0.40199999999999997
19077,0.0,0.0,0.0,1000.0,0,0,-0.242,-0.062,-0.40199999999999997
19078,0.0,0.0,0.0,1000.0,0,0,-0.22199999999999998,-0.062,-0.40199999999999997
19079,0.0,0.0,0.0,1000.0,0,0,-0.20199999999999996,-0.062,-0.40199999999999997
19080,0.0,0.0,0.0,1000.0,0,0,-0.182,-0.062,-0.40199999999999997
19081,0.0,0.0,0.0,1000.0,0,0,-0.16199999999999998,-0.062,-0.40199999999999997
19082,0.0,0.0,0.0,1000.0,0,0,-0.482,-0.04199999999999998,-0.40199999999999997
19083,0.0,0.0,0.0,1000.0,0,0,-0.46199999999999997,-0.04199999999999998,-0.40199999999999997
19084,0.0,0.0,0.0,1000.0,0,0,-0.442,-0.04199999999999998,-0.40199999999999997
19085,0.0,0.0,0.0,1000.0,0,0,-0.422,-0.04199999999999998,-0.40199999999999997
19086,0.0,0.0,0.0,1000.0,0,0,-0.40199999999999997,-0.04199999999999998,-0.40199999999999997
19087,0.0,0.0,0.0,1000.0,0,0,-0.382,-0.04199999999999998,-0.40199999999999997
19088,0.0,0.0,0.0,1000.0,0,0,-0.362,-0.04199999999999998,-0.40199999999999997
19089,0.0,0.0,0.0,1000.0,0,0,-0.34199999999999997,-0.04199999999999998,-0.40199999999999997
19090,0.0,0.0,0.0,1000.0,0,0,-0.32199999999999995,-0.04199999999999998,-0.40199999999999997
19091,0.0,0.0,0.0,1000.0,0,0,-0.302,-0.04199999999999998,-0.40199999999999997
19092,0.0,0.0,0.0,1000.0,0,0,-0.282,-0.04199999999999998,-0.40199999999999997
19093,0.0,0.0,0.0,1000.0,0,0,-0.262,-0.04199999999999998,-0.40199999999999997
19094,0.0,0.0,0.0,1000.0,0,0,-0.242,-0.04199999999999998,-0.40199999999999997
19095,0.0,0.0,0.0,1000.0,0,0,-0.22199999999999998,-0.04199999999999998,-0.40199999999999997
19096,0.0,0.0,0.0,1000.0,0,0,-0.20199999999999996,-0.04199999999999998,-0.40199999999999997
19097,0.0,0.0,0.0,1000.0,0,0,-0.182,-0.04199999999999998,-0.40199999999999997
19098,0.0,0.0,0.0,1000.0,0,0,-0.16199999999999998,-0.04199999999999998,-0.40199999999999997
19099,0.0,0.0,0.0,1000.0,0,0,-0.482,-0.021999999999999964,-0.40199999999999997
19100,0.0,0.0,0.0,1000.0,0,0,-0.46199999999999997,-0.021999999999999964,-0.40199999999999997
19101,0.0,0.0,0.0,1000.0,0,0,-0.442,-0.021999999999999964,-0.40199999999999997
19102,0.0,0.0,0.0,1000.0,0,0,-0.422,-0.021999999999999964,-0.40199999999999997
19103,0.0,0.0,0.0,1000.0,0,0,-0.40199999999999997,-0.021999999999999964,-0.40199999999999997
19104,0.0,0.0,0.0,1000.0,0,0,-0.382,-0.021999999999999964,-0.40199999999999997
19105,0.0,0.0,0.0,1000.0,0,0,-0.362,-0.021999999999999964,-0.40199999999999997
19106,0.0,0.0,0.0,1000.0,0,0,-0.34199999999999997,-0.021999999999999964,-0.40199999999999997
19107,0.0,0.0,0.0,1000.0,0,0,-0.32199999999999995,-0.021999999999999964,-0.40199999999999997
19108,0.0,0.0,0.0,1000.0,0,0,-0.302,-0.021999999999999964,-0.40199999999999997
19109,0.0,0.0,0.0,1000.0,0,0,-0.282,-0.021999999999999964,-0.40199999999999997
19110,0.0,0.0,0.0,1000.0,0,0,-0.262,-0.021999999999999964,-0.40199999999999997
19111,0.0,0.0,0.0,1000.0,0,0,-0.242,-0.021999999999999964,-0.40199999999999997
19112,0.0,0.0,0.0,1000.0,0,0,-0.22199999999999998,-0.021999999999999964,-0.40199999999999997
19113,0.0,0.0,0.0,1000.0,0,0,-0.20199999999999996,-0.021999999999999964,-0.40199999999999997
19114,0.0,0.0,0.0,1000.0,0,0,-0.182,-0.021999999999999964,-0.40199999999999997
19115,0.0,0.0,0.0,1000.0,0,0,-0.16199999999999998,-0.021999999999999964,-0.40199999999999997
19116,0.0,0.0,0.0,1000.0,0,0,-0.482,-0.0020000000000000018,-0.40199999999999997
19117,0.0,0.0,0.0,1000.0,0,0,-0.46199999999999997,-0.0020000000000000018,-0.40199999999999997
19118,0.0,0.0,0.0,1000.0,0,0,-0.442,-0.0020000000000000018,-0.40199999999999997
19119,0.0,0.0,0.0,1000.0,0,0,-0.422,-0.0020000000000000018,-0.40199999999999997
19120,0.0,0.0,0.0,1000.0,0,0,-0.40199999999999997,-0.0020000000000000018,-0.40199999999999997
19121,0.0,0.0,0.0,1000.0,0,0,-0.382,-0.0020000000000000018,-0.40199999999999997
19122,0.0,0.0,0.0,1000.0,0,0,-0.362,-0.0020000000000000018,-0.40199999999999997
19123,0.0,0.0,0.0,1000.0,0,0,-0.34199999999999997,-0.0020000000000000018,-0.40199999999999997
19124,0.0,0.0,0.0,1000.0,0,0,-0.32199999999999995,-0.0020000000000000018,-0.40199999999999997
19125,0.0,0.0,0.0,1000.0,0,0,-0.302,-0.0020000000000000018,-0.40199999999999997
19126,0.0,0.0,0.0,1000.0,0,0,-0.282,-0.0020000000000000018,-0.40199999999999997
19127,0.0,0.0,0.0,1000.0,0,0,-0.262,-0.0020000000000000018,-0.40199999999999997
19128,0.0,0.0,0.0,1000.0,0,0,-0.242,-0.0020000000000000018,-0.40199999999999997
19129,0.0,0.0,0.0,1000.0,0,0,-0.22199999999999998,-0.0020000000000000018,-0.40199999999999997
19130,0.0,0.0,0.0,1000.0,0,0,-0.20199999999999996,-0.0020000000000000018,-0.40199999999999997
19131,0.0,0.0,0.0,1000.0,0,0,-0.182,-0.0020000000000000018,-0.40199999999999997
19132,0.0,0.0,0.0,1000.0,0,0,-0.16199999999999998,-0.0020000000000000018,-0.40199999999999997
19133,0.0,0.0,0.0,1000.0,0,0,-0.482,0.018000000000000016,-0.40199999999999997
19134,0.0,0.0,0.0,1000.0,0,0,-0.46199999999999997,0.018000000000000016,-0.40199999999999997
19135,0.0,0.0,0.0,1000.0,0,0,-0.442,0.018000000000000016,-0.40199999999999997
19136,0.0,0.0,0.0,1000.0,0,0,-0.422,0.018000000000000016,-0.40199999999999997
19137,0.0,0.0,0.0,1000.0,0,0,-0.40199999999999997,0.018000000000000016,-0.40199999999999997
19138,0.0,0.0,0.0,1000.0,0,0,-0.382,0.018000000000000016,-0.40199999999999997
19139,0.0,0.0,0.0,1000.0,0,0,-0.362,0.018000000000000016,-0.40199999999999997
19140,0.0,0.0,0.0,1000.0,0,0,-0.34199999999999997,0.018000000000000016,-0.40199999999999997
19141,0.0,0.0,0.0,1000.0,0,0,-0.32199999999999995,0.018000000000000016,-0.40199999999999997
19142,0.0,0.0,0.0,1000.0,0,0,-0.302,0.018000000000000016,-0.40199999999999997
19143,0.0,0.0,0.0,1000.0,0,0,-0.282,0.018000000000000016,-0.40199999999999997
19144,0.0,0.0,0.0,1000.0,0,0,-0.262,0.018000000000000016,-0.40199999999999997
19145,0.0,0.0,0.0,1000.0,0,0,-0.242,0.018000000000000016,-0.40199999999999997
19146,0.0,0.0,0.0,1000.0,0,0,-0.22199999999999998,0.018000000000000016,-0.40199999999999997
19147,0.0,0.0,0.0,1000.0,0,0,-0.20199999999999996,0.018000000000000016,-0.40199999999999997
19148,0.0,0.0,0.0,1000.0,0,0,-0.182,0.018000000000000016,-0.40199999999999997
19149,0.0,0.0,0.0,1000.0,0,0,-0.16199999999999998,0.018000000000000016,-0.40199999999999997
19150,0.0,0.0,0.0,1000.0,0,0,-0.482,0.038000000000000034,-0.40199999999999997
19151,0.0,0.0,0.0,1000.0,0,0,-0.46199999999999997,0.038000000000000034,-0.40199999999999997
19152,0.0,0.0,0.0,1000.0,0,0,-0.442,0.038000000000000034,-0.40199999999999997
19153,0.0,0.0,0.0,1000.0,0,0,-0.422,0.038000000000000034,-0.40199999999999997
19154,0.0,0.0,0.0,1000.0,0,0,-0.40199999999999997,0.038000000000000034,-0.40199999999999997
19155,0.0,0.0,0.0,1000.0,0,0,-0.382,0.038000000000000034,-0.40199999999999997
19156,0.0,0.0,0.0,1000.0,0,0,-0.362,0.038000000000000034,-0.40199999999999997
19157,0.0,0.0,0.0,1000.0,0,0,-0.34199999999999997,0.038000000000000034,-0.40199999999999997
19158,0.0,0.0,0.0,1000.0,0,0,-0.32199999999999995,0.038000000000000034,-0.40199999999999997
19159,0.0,0.0,0.0,1000.0,0,0,-0.302,0.038000000000000034,-0.40199999999999997
19160,0.0,0.0,0.0,1000.0,0,0,-0.282,0.038000000000000034,-0.40199999999999997
19161,0.0,0.0,0.0,1000.0,0,0,-0.262,0.038000000000000034,-0.40199999999999997
19162,0.0,0.0,0.0,1000.0,0,0,-0.242,0.038000000000000034,-0.40199999999999997
19163,0.0,0.0,0.0,1000.0,0,0,-0.22199999999999998,0.038000000000000034,-0.40199999999999997
19164,0.0,0.0,0.0,1000.0,0,0,-0.20199999999999996,0.038000000000000034,-0.40199999999999997
19165,0.0,0.0,0.0,1000.0,0,0,-0.182,0.038000000000000034,-0.40199999999999997
19166,0.0,0.0,0.0,1000.0,0,0,-0.16199999999999998,0.038000000000000034,-0.40199999999999997
19167,0.0,0.0,0.0,1000.0,0,0,-0.482,0.05800000000000005,-0.40199999999999997
19168,0.0,0.0,0.0,1000.0,0,0,-0.46199999999999997,0.05800000000000005,-0.40199999999999997
19169,0.0,0.0,0.0,1000.0,0,0,-0.442,0.05800000000000005,-0.40199999999999997
19170,0.0,0.0,0.0,1000.0,0,0,-0.422,0.05800000000000005,-0.40199999999999997
19171,0.0,0.0,0.0,1000.0,0,0,-0.40199999999999997,0.05800000000000005,-0.40199999999999997
19172,0.0,0.0,0.0,1000.0,0,0,-0.382,0.05800000000000005,-0.40199999999999997
19173,0.0,0.0,0.0,1000.0,0,0,-0.362,0.05800000000000005,-0.40199999999999997
19174,0.0,0.0,0.0,1000.0,0,0,-0.34199999999999997,0.05800000000000005,-0.40199999999999997
19175,0.0,0.0,0.0,1000.0,0,0,-0.32199999999999995,0.05800000000000005,-0.40199999999999997
19176,0.0,0.0,0.0,1000.0,0,0,-0.302,0.05800000000000005,-0.40199999999999997
19177,0.0,0.0,0.0,1000.0,0,0,-0.282,0.05800000000000005,-0.40199999999999997
19178,0.0,0.0,0.0,1000.0,0,0,-0.262,0.05800000000000005,-0.40199999999999997
19179,0.0,0.0,0.0,1000.0,0,0,-0.242,0.05800000000000005,-0.40199999999999997
19180,0.0,0.0,0.0,1000.0,0,0,-0.22199999999999998,0.05800000000000005,-0.40199999999999997
19181,0.0,0.0,0.0,1000.0,0,0,-0.20199999999999996,0.05800000000000005,-0.40199999999999997
19182,0.0,0.0,0.0,1000.0,0,0,-0.182,0.05800000000000005,-0.40199999999999997
19183,0.0,0.0,0.0,1000.0,0,0,-0.16199999999999998,0.05800000000000005,-0.40199999999999997
19184,0.0,0.0,0.0,1000.0,0,0,-0.482,0.07800000000000007,-0.40199999999999997
19185,0.0,0.0,0.0,1000.0,0,0,-0.46199999999999997,0.07800000000000007,-0.40199999999999997
19186,0.0,0.0,0.0,1000.0,0,0,-0.442,0.07800000000000007,-0.40199999999999997
19187,0.0,0.0,0.0,1000.0,0,0,-0.422,0.07800000000000007,-0.40199999999999997
19188,0.0,0.0,0.0,1000.0,0,0,-0.40199999999999997,0.07800000000000007,-0.40199999999999997
19189,0.0,0.0,0.0,1000.0,0,0,-0.382,0.07800000000000007,-0.40199999999999997
19190,0.0,0.0,0.0,1000.0,0,0,-0.362,0.07800000000000007,-0.40199999999999997
19191,0.0,0.0,0.0,1000.0,0,0,-0.34199999999999997,0.07800000000000007,-0.40199999999999997
19192,0.0,0.0,0.0,1000.0,0,0,-0.32199999999999995,0.07800000000000007,-0.40199999999999997
19193,0.0,0.0,0.0,1000.0,0,0,-0.302,0.07800000000000007,-0.40199999999999997
19194,0.0,0.0,0.0,1000.0,0,0,-0.282,0.07800000000000007,-0.40199999999999997
19195,0.0,0.0,0.0,1000.0,0,0,-0.262,0.07800000000000007,-0.40199999999999997
19196,0.0,0.0,0.0,1000.0,0,0,-0.242,0.07800000000000007,-0.40199999999999997
19197,0.0,0.0,0.0,1000.0,0,0,-0.22199999999999998,0.07800000000000007,-0.40199999999999997
19198,0.0,0.0,0.0,1000.0,0,0,-0.20199999999999996,0.07800000000000007,-0.40199999999999997
19199,0.0,0.0,0.0,1000.0,0,0,-0.182,0.07800000000000007,-0.40199999999999997
19200,0.0,0.0,0.0,1000.0,0,0,-0.16199999999999998,0.07800000000000007,-0.40199999999999997
19201,0.0,0.0,0.0,1000.0,0,0,-0.482,0.09799999999999998,-0.40199999999999997
19202,0.0,0.0,0.0,1000.0,0,0,-0.46199999999999997,0.09799999999999998,-0.40199999999999997
19203,0.0,0.0,0.0,1000.0,0,0,-0.442,0.09799999999999998,-0.40199999999999997
19204,0.0,0.0,0.0,1000.0,0,0,-0.422,0.09799999999999998,-0.40199999999999997
19205,0.0,0.0,0.0,1000.0,0,0,-0.40199999999999997,0.09799999999999998,-0.40199999999999997
19206,0.0,0.0,0.0,1000.0,0,0,-0.382,0.09799999999999998,-0.40199999999999997
19207,0.0,0.0,0.0,1000.0,0,0,-0.362,0.09799999999999998,-0.40199999999999997
19208,0.0,0.0,0.0,1000.0,0,0,-0.34199999999999997,0.09799999999999998,-0.40199999999999997
19209,0.0,0.0,0.0,1000.0,0,0,-0.32199999999999995,0.09799999999999998,-0.40199999999999997
19210,0.0,0.0,0.0,1000.0,0,0,-0.302,0.09799999999999998,-0.40199999999999997
19211,0.0,0.0,0.0,1000.0,0,0,-0.282,0.09799999999999998,-0.40199999999999997
19212,0.0,0.0,0.0,1000.0,0,0,-0.262,0.09799999999999998,-0.40199999999999997
19213,0.0,0.0,0.0,1000.0,0,0,-0.242,0.09799999999999998,-0.40199999999999997
19214,0.0,0.0,0.0,1000.0,0,0,-0.22199999999999998,0.09799999999999998,-0.40199999999999997
19215,0.0,0.0,0.0,1000.0,0,0,-0.20199999999999996,0.09799999999999998,-0.40199999999999997
19216,0.0,0.0,0.0,1000.0,0,0,-0.182,0.09799999999999998,-0.40199999999999997
19217,0.0,0.0,0.0,1000.0,0,0,-0.16199999999999998,0.09799999999999998,-0.40199999999999997
19218,0.0,0.0,0.0,1000.0,0,0,-0.482,0.118,-0.40199999999999997
19219,0.0,0.0,0.0,1000.0,0,0,-0.46199999999999997,0.118,-0.40199999999999997
19220,0.0,0.0,0.0,1000.0,0,0,-0.442,0.118,-0.40199999999999997
19221,0.0,0.0,0.0,1000.0,0,0,-0.422,0.118,-0.40199999999999997
19222,0.0,0.0,0.0,1000.0,0,0,-0.40199999999999997,0.118,-0.40199999999999997
19223,0.0,0.0,0.0,1000.0,0,0,-0.382,0.118,-0.40199999999999997
19224,0.0,0.0,0.0,1000.0,0,0,-0.362,0.118,-0.40199999999999997
19225,0.0,0.0,0.0,1000.0,0,0,-0.34199999999999997,0.118,-0.40199999999999997
19226,0.0,0.0,0.0,1000.0,0,0,-0.32199999999999995,0.118,-0.40199999999999997
19227,0.0,0.0,0.0,1000.0,0,0,-0.302,0.118,-0.40199999999999997
19228,0.0,0.0,0.0,1000.0,0,0,-0.282,0.118,-0.40199999999999997
19229,0.0,0.0,0.0,1000.0,0,0,-0.262,0.118,-0.40199999999999997
19230,0.0,0.0,0.0,1000.0,0,0,-0.242,0.118,-0.40199999999999997
19231,0.0,0.0,0.0,1000.0,0,0,-0.22199999999999998,0.118,-0.40199999999999997
19232,0.0,0.0,0.0,1000.0,0,0,-0.20199999999999996,0.118,-0.40199999999999997
19233,0.0,0.0,0.0,1000.0,0,0,-0.182,0.118,-0.40199999999999997
19234,0.0,0.0,0.0,1000.0,0,0,-0.16199999999999998,0.118,-0.40199999999999997
19235,0.0,0.0,0.0,1000.0,0,0,-0.482,0.138,-0.40199999999999997
19236,0.0,0.0,0.0,1000.0,0,0,-0.46199999999999997,0.138,-0.40199999999999997
19237,0.0,0.0,0.0,1000.0,0,0,-0.442,0.138,-0.40199999999999997
19238,0.0,0.0,0.0,1000.0,0,0,-0.422,0.138,-0.40199999999999997
19239,0.0,0.0,0.0,1000.0,0,0,-0.40199999999999997,0.138,-0.40199999999999997
19240,0.0,0.0,0.0,1000.0,0,0,-0.382,0.138,-0.40199999999999997
19241,0.0,0.0,0.0,1000.0,0,0,-0.362,0.138,-0.40199999999999997
19242,0.0,0.0,0.0,1000.0,0,0,-0.34199999999999997,0.138,-0.40199999999999997
19243,0.0,0.0,0.0,1000.0,0,0,-0.32199999999999995,0.138,-0.40199999999999997
19244,0.0,0.0,0.0,1000.0,0,0,-0.302,0.138,-0.40199999999999997
19245,0.0,0.0,0.0,1000.0,0,0,-0.282,0.138,-0.40199999999999997
19246,0.0,0.0,0.0,1000.0,0,0,-0.262,0.138,-0.40199999999999997
19247,0.0,0.0,0.0,1000.0,0,0,-0.242,0.138,-0.40199999999999997
19248,0.0,0.0,0.0,1000.0,0,0,-0.22199999999999998,0.138,-0.40199999999999997
19249,0.0,0.0,0.0,1000.0,0,0,-0.20199999999999996,0.138,-0.40199999999999997
19250,0.0,0.0,0.0,1000.0,0,0,-0.182,0.138,-0.40199999999999997
19251,0.0,0.0,0.0,1000.0,0,0,-0.16199999999999998,0.138,-0.40199999999999997
19252,0.0,0.0,0.0,1000.0,0,0,-0.482,0.15800000000000003,-0.40199999999999997
19253,0.0,0.0,0.0,1000.0,0,0,-0.46199999999999997,0.15800000000000003,-0.40199999999999997
19254,0.0,0.0,0.0,1000.0,0,0,-0.442,0.15800000000000003,-0.40199999999999997
19255,0.0,0.0,0.0,1000.0,0,0,-0.422,0.15800000000000003,-0.40199999999999997
19256,0.0,0.0,0.0,1000.0,0,0,-0.40199999999999997,0.15800000000000003,-0.40199999999999997
19257,0.0,0.0,0.0,1000.0,0,0,-0.382,0.15800000000000003,-0.40199999999999997
19258,0.0,0.0,0.0,1000.0,0,0,-0.362,0.15800000000000003,-0.40199999999999997
19259,0.0,0.0,0.0,1000.0,0,0,-0.34199999999999997,0.15800000000000003,-0.40199999999999997
19260,0.0,0.0,0.0,1000.0,0,0,-0.32199999999999995,0.15800000000000003,-0.40199999999999997
19261,0.0,0.0,0.0,1000.0,0,0,-0.302,0.15800000000000003,-0.40199999999999997
19262,0.0,0.0,0.0,1000.0,0,0,-0.282,0.15800000000000003,-0.40199999999999997
19263,0.0,0.0,0.0,1000.0,0,0,-0.262,0.15800000000000003,-0.40199999999999997
19264,0.0,0.0,0.0,1000.0,0,0,-0.242,0.15800000000000003,-0.40199999999999997
19265,0.0,0.0,0.0,1000.0,0,0,-0.22199999999999998,0.15800000000000003,-0.40199999999999997
19266,0.0,0.0,0.0,1000.0,0,0,-0.20199999999999996,0.15800000000000003,-0.40199999999999997
19267,0.0,0.0,0.0,1000.0,0,0,-0.182,0.15800000000000003,-0.40199999999999997
19268,0.0,0.0,0.0,1000.0,0,0,-0.16199999999999998,0.15800000000000003,-0.40199999999999997
19269,0.0,0.0,0.0,1000.0,0,0,-0.482,0.17800000000000005,-0.40199999999999997
19270,0.0,0.0,0.0,1000.0,0,0,-0.46199999999999997,0.17800000000000005,-0.40199999999999997
19271,0.0,0.0,0.0,1000.0,0,0,-0.442,0.17800000000000005,-0.40199999999999997
19272,0.0,0.0,0.0,1000.0,0,0,-0.422,0.17800000000000005,-0.40199999999999997
19273,0.0,0.0,0.0,1000.0,0,0,-0.40199999999999997,0.17800000000000005,-0.40199999999999997
19274,0.0,0.0,0.0,1000.0,0,0,-0.382,0.17800000000000005,-0.40199999999999997
19275,0.0,0.0,0.0,1000.0,0,0,-0.362,0.17800000000000005,-0.40199999999999997
19276,0.0,0.0,0.0,1000.0,0,0,-0.34199999999999997,0.17800000000000005,-0.40199999999999997
19277,0.0,0.0,0.0,1000.0,0,0,-0.32199999999999995,0.17800000000000005,-0.40199999999999997
19278,0.0,0.0,0.0,1000.0,0,0,-0.302,0.17800000000000005,-0.40199999999999997
19279,0.0,0.0,0.0,1000.0,0,0,-0.282,0.17800000000000005,-0.40199999999999997
19280,0.0,0.0,0.0,1000.0,0,0,-0.262,0.17800000000000005,-0.40199999999999997
19281,0.0,0.0,0.0,1000.0,0,0,-0.242,0.17800000000000005,-0.40199999999999997
19282,0.0,0.0,0.0,1000.0,0,0,-0.22199999999999998,0.17800000000000005,-0.40199999999999997
19283,0.0,0.0,0.0,1000.0,0,0,-0.20199999999999996,0.17800000000000005,-0.40199999999999997
19284,0.0,0.0,0.0,1000.0,0,0,-0.182,0.17800000000000005,-0.40199999999999997
19285,0.0,0.0,0.0,1000.0,0,0,-0.16199999999999998,0.17800000000000005,-0.40199999999999997
19286,0.0,0.0,0.0,1000.0,0,0,-0.482,0.19800000000000006,-0.40199999999999997
19287,0.0,0.0,0.0,1000.0,0,0,-0.46199999999999997,0.19800000000000006,-0.40199999999999997
19288,0.0,0.0,0.0,1000.0,0,0,-0.442,0.19800000000000006,-0.40199999999999997
19289,0.0,0.0,0.0,1000.0,0,0,-0.422,0.19800000000000006,-0.40199999999999997
19290,0.0,0.0,0.0,1000.0,0,0,-0.40199999999999997,0.19800000000000006,-0.40199999999999997
19291,0.0,0.0,0.0,1000.0,0,0,-0.382,0.19800000000000006,-0.40199999999999997
19292,0.0,0.0,0.0,1000.0,0,0,-0.362,0.19800000000000006,-0.40199999999999997
19293,0.0,0.0,0.0,1000.0,0,0,-0.34199999999999997,0.19800000000000006,-0.40199999999999997
19294,0.0,0.0,0.0,1000.0,0,0,-0.32199999999999995,0.19800000000000006,-0.40199999999999997
19295,0.0,0.0,0.0,1000.0,0,0,-0.302,0.19800000000000006,-0.40199999999999997
19296,0.0,0.0,0.0,1000.0,0,0,-0.282,0.19800000000000006,-0.40199999999999997
19297,0.0,0.0,0.0,1000.0,0,0,-0.262,0.19800000000000006,-0.40199999999999997
19298,0.0,0.0,0.0,1000.0,0,0,-0.242,0.19800000000000006,-0.40199999999999997
19299,0.0,0.0,0.0,1000.0,0,0,-0.22199999999999998,0.19800000000000006,-0.40199999999999997
19300,0.0,0.0,0.0,1000.0,0,0,-0.20199999999999996,0.19800000000000006,-0.40199999999999997
19301,0.0,0.0,0.0,1000.0,0,0,-0.182,0.19800000000000006,-0.40199999999999997
19302,0.0,0.0,0.0,1000.0,0,0,-0.16199999999999998,0.19800000000000006,-0.40199999999999997
19303,0.0,0.0,0.0,1000.0,0,0,-0.482,0.21800000000000008,-0.40199999999999997
19304,0.0,0.0,0.0,1000.0,0,0,-0.46199999999999997,0.21800000000000008,-0.40199999999999997
19305,0.0,0.0,0.0,1000.0,0,0,-0.442,0.21800000000000008,-0.40199999999999997
19306,0.0,0.0,0.0,1000.0,0,0,-0.422,0.21800000000000008,-0.40199999999999997
19307,0.0,0.0,0.0,1000.0,0,0,-0.40199999999999997,0.21800000000000008,-0.40199999999999997
19308,0.0,0.0,0.0,1000.0,0,0,-0.382,0.21800000000000008,-0.40199999999999997
19309,0.0,0.0,0.0,1000.0,0,0,-0.362,0.21800000000000008,-0.40199999999999997
19310,0.0,0.0,0.0,1000.0,0,0,-0.34199999999999997,0.21800000000000008,-0.40199999999999997
19311,0.0,0.0,0.0,1000.0,0,0,-0.32199999999999995,0.21800000000000008,-0.40199999999999997
19312,0.0,0.0,0.0,1000.0,0,0,-0.302,0.21800000000000008,-0.40199999999999997
19313,0.0,0.0,0.0,1000.0,0,0,-0.282,0.21800000000000008,-0.40199999999999997
19314,0.0,0.0,0.0,1000.0,0,0,-0.262,0.21800000000000008,-0.40199999999999997
19315,0.0,0.0,0.0,1000.0,0,0,-0.242,0.21800000000000008,-0.40199999999999997
19316,0.0,0.0,0.0,1000.0,0,0,-0.22199999999999998,0.21800000000000008,-0.40199999999999997
19317,0.0,0.0,0.0,1000.0,0,0,-0.20199999999999996,0.21800000000000008,-0.40199999999999997
19318,0.0,0.0,0.0,1000.0,0,0,-0.182,0.21800000000000008,-0.40199999999999997
19319,0.0,0.0,0.0,1000.0,0,0,-0.16199999999999998,0.21800000000000008,-0.40199999999999997
19320,0.0,0.0,0.0,1000.0,0,0,-0.482,0.238,-0.40199999999999997
19321,0.0,0.0,0.0,1000.0,0,0,-0.46199999999999997,0.238,-0.40199999999999997
19322,0.0,0.0,0.0,1000.0,0,0,-0.442,0.238,-0.40199999999999997
19323,0.0,0.0,0.0,1000.0,0,0,-0.422,0.238,-0.40199999999999997
19324,0.0,0.0,0.0,1000.0,0,0,-0.40199999999999997,0.238,-0.40199999999999997
19325,0.0,0.0,0.0,1000.0,0,0,-0.382,0.238,-0.40199999999999997
19326,0.0,0.0,0.0,1000.0,0,0,-0.362,0.238,-0.40199999999999997
19327,0.0,0.0,0.0,1000.0,0,0,-0.34199999999999997,0.238,-0.40199999999999997
19328,0.0,0.0,0.0,1000.0,0,0,-0.32199999999999995,0.238,-0.40199999999999997
19329,0.0,0.0,0.0,1000.0,0,0,-0.302,0.238,-0.40199999999999997
19330,0.0,0.0,0.0,1000.0,0,0,-0.282,0.238,-0.40199999999999997
19331,0.0,0.0,0.0,1000.0,0,0,-0.262,0.238,-0.40199999999999997
19332,0.0,0.0,0.0,1000.0,0,0,-0.242,0.238,-0.40199999999999997
19333,0.0,0.0,0.0,1000.0,0,0,-0.22199999999999998,0.238,-0.40199999999999997
19334,0.0,0.0,0.0,1000.0,0,0,-0.20199999999999996,0.238,-0.40199999999999997
19335,0.0,0.0,0.0,1000.0,0,0,-0.182,0.238,-0.40199999999999997
19336,0.0,0.0,0.0,1000.0,0,0,-0.16199999999999998,0.238,-0.40199999999999997
19337,0.0,0.0,0.0,1000.0,0,0,-0.482,0.258,-0.40199999999999997
19338,0.0,0.0,0.0,1000.0,0,0,-0.46199999999999997,0.258,-0.40199999999999997
19339,0.0,0.0,0.0,1000.0,0,0,-0.442,0.258,-0.40199999999999997
19340,0.0,0.0,0.0,1000.0,0,0,-0.422,0.258,-0.40199999999999997
19341,0.0,0.0,0.0,1000.0,0,0,-0.40199999999999997,0.258,-0.40199999999999997
19342,0.0,0.0,0.0,1000.0,0,0,-0.382,0.258,-0.40199999999999997
19343,0.0,0.0,0.0,1000.0,0,0,-0.362,0.258,-0.40199999999999997
19344,0.0,0.0,0.0,1000.0,0,0,-0.34199999999999997,0.258,-0.40199999999999997
19345,0.0,0.0,0.0,1000.0,0,0,-0.32199999999999995,0.258,-0.40199999999999997
19346,0.0,0.0,0.0,1000.0,0,0,-0.302,0.258,-0.40199999999999997
19347,0.0,0.0,0.0,1000.0,0,0,-0.282,0.258,-0.40199999999999997
19348,0.0,0.0,0.0,1000.0,0,0,-0.262,0.258,-0.40199999999999997
19349,0.0,0.0,0.0,1000.0,0,0,-0.242,0.258,-0.40199999999999997
19350,0.0,0.0,0.0,1000.0,0,0,-0.22199999999999998,0.258,-0.40199999999999997
19351,0.0,0.0,0.0,1000.0,0,0,-0.20199999999999996,0.258,-0.40199999999999997
19352,0.0,0.0,0.0,1000.0,0,0,-0.182,0.258,-0.40199999999999997
19353,0.0,0.0,0.0,1000.0,0,0,-0.16199999999999998,0.258,-0.40199999999999997
19354,0.0,0.0,0.0,1000.0,0,0,-0.482,0.278,-0.40199999999999997
19355,0.0,0.0,0.0,1000.0,0,0,-0.46199999999999997,0.278,-0.40199999999999997
19356,0.0,0.0,0.0,1000.0,0,0,-0.442,0.278,-0.40199999999999997
19357,0.0,0.0,0.0,1000.0,0,0,-0.422,0.278,-0.40199999999999997
19358,0.0,0.0,0.0,1000.0,0,0,-0.40199999999999997,0.278,-0.40199999999999997
19359,0.0,0.0,0.0,1000.0,0,0,-0.382,0.278,-0.40199999999999997
19360,0.0,0.0,0.0,1000.0,0,0,-0.362,0.278,-0.40199999999999997
19361,0.0,0.0,0.0,1000.0,0,0,-0.34199999999999997,0.278,-0.40199999999999997
19362,0.0,0.0,0.0,1000.0,0,0,-0.32199999999999995,0.278,-0.40199999999999997
19363,0.0,0.0,0.0,1000.0,0,0,-0.302,0.278,-0.40199999999999997
19364,0.0,0.0,0.0,1000.0,0,0,-0.282,0.278,-0.40199999999999997
19365,0.0,0.0,0.0,1000.0,0,0,-0.262,0.278,-0.40199999999999997
19366,0.0,0.0,0.0,1000.0,0,0,-0.242,0.278,-0.40199999999999997
19367,0.0,0.0,0.0,1000.0,0,0,-0.22199999999999998,0.278,-0.40199999999999997
19368,0.0,0.0,0.0,1000.0,0,0,-0.20199999999999996,0.278,-0.40199999999999997
19369,0.0,0.0,0.0,1000.0,0,0,-0.182,0.278,-0.40199999999999997
19370,0.0,0.0,0.0,1000.0,0,0,-0.16199999999999998,0.278,-0.40199999999999997
19371,0.0,0.0,0.0,1000.0,0,0,-0.482,0.29800000000000004,-0.40199999999999997
19372,0.0,0.0,0.0,1000.0,0,0,-0.46199999999999997,0.29800000000000004,-0.40199999999999997
19373,0.0,0.0,0.0,1000.0,0,0,-0.442,0.29800000000000004,-0.40199999999999997
19374,0.0,0.0,0.0,1000.0,0,0,-0.422,0.29800000000000004,-0.40199999999999997
19375,0.0,0.0,0.0,1000.0,0,0,-0.40199999999999997,0.29800000000000004,-0.40199999999999997
19376,0.0,0.0,0.0,1000.0,0,0,-0.382,0.29800000000000004,-0.40199999999999997
19377,0.0,0.0,0.0,1000.0,0,0,-0.362,0.29800000000000004,-0.40199999999999997
19378,0.0,0.0,0.0,1000.0,0,0,-0.34199999999999997,0.29800000000000004,-0.40199999999999997
19379,0.0,0.0,0.0,1000.0,0,0,-0.32199999999999995,0.29800000000000004,-0.40199999999999997
19380,0.0,0.0,0.0,1000.0,0,0,-0.302,0.29800000000000004,-0.40199999999999997
19381,0.0,0.0,0.0,1000.0,0,0,-0.282,0.29800000000000004,-0.40199999999999997
19382,0.0,0.0,0.0,1000.0,0,0,-0.262,0.29800000000000004,-0.40199999999999997
19383,0.0,0.0,0.0,1000.0,0,0,-0.242,0.29800000000000004,-0.40199999999999997
19384,0.0,0.0,0.0,1000.0,0,0,-0.22199999999999998,0.29800000000000004,-0.40199999999999997
19385,0.0,0.0,0.0,1000.0,0,0,-0.20199999999999996,0.29800000000000004,-0.40199999999999997
19386,0.0,0.0,0.0,1000.0,0,0,-0.182,0.29800000000000004,-0.40199999999999997
19387,0.0,0.0,0.0,1000.0,0,0,-0.16199999999999998,0.29800000000000004,-0.40199999999999997
19388,0.0,0.0,0.0,1000.0,0,0,-0.482,0.31800000000000006,-0.40199999999999997
19389,0.0,0.0,0.0,1000.0,0,0,-0.46199999999999997,0.31800000000000006,-0.40199999999999997
19390,0.0,0.0,0.0,1000.0,0,0,-0.442,0.31800000000000006,-0.40199999999999997
19391,0.0,0.0,0.0,1000.0,0,0,-0.422,0.31800000000000006,-0.40199999999999997
19392,0.0,0.0,0.0,1000.0,0,0,-0.40199999999999997,0.31800000000000006,-0.40199999999999997
19393,0.0,0.0,0.0,1000.0,0,0,-0.382,0.31800000000000006,-0.40199999999999997
19394,0.0,0.0,0.0,1000.0,0,0,-0.362,0.31800000000000006,-0.40199999999999997
19395,0.0,0.0,0.0,1000.0,0,0,-0.34199999999999997,0.31800000000000006,-0.40199999999999997
19396,0.0,0.0,0.0,1000.0,0,0,-0.32199999999999995,0.31800000000000006,-0.40199999999999997
19397,0.0,0.0,0.0,1000.0,0,0,-0.302,0.31800000000000006,-0.40199999999999997
19398,0.0,0.0,0.0,1000.0,0,0,-0.282,0.31800000000000006,-0.40199999999999997
19399,0.0,0.0,0.0,1000.0,0,0,-0.262,0.31800000000000006,-0.40199999999999997
19400,0.0,0.0,0.0,1000.0,0,0,-0.242,0.31800000000000006,-0.40199999999999997
19401,0.0,0.0,0.0,1000.0,0,0,-0.22199999999999998,0.31800000000000006,-0.40199999999999997
19402,0.0,0.0,0.0,1000.0,0,0,-0.20199999999999996,0.31800000000000006,-0.40199999999999997
19403,0.0,0.0,0.0,1000.0,0,0,-0.182,0.31800000000000006,-0.40199999999999997
19404,0.0,0.0,0.0,1000.0,0,0,-0.16199999999999998,0.31800000000000006,-0.40199999999999997
19405,0.0,0.0,0.0,1000.0,0,0,-0.482,0.3380000000000001,-0.40199999999999997
19406,0.0,0.0,0.0,1000.0,0,0,-0.46199999999999997,0.3380000000000001,-0.40199999999999997
19407,0.0,0.0,0.0,1000.0,0,0,-0.442,0.3380000000000001,-0.40199999999999997
19408,0.0,0.0,0.0,1000.0,0,0,-0.422,0.3380000000000001,-0.40199999999999997
19409,0.0,0.0,0.0,1000.0,0,0,-0.40199999999999997,0.3380000000000001,-0.40199999999999997
19410,0.0,0.0,0.0,1000.0,0,0,-0.382,0.3380000000000001,-0.40199999999999997
19411,0.0,0.0,0.0,1000.0,0,0,-0.362,0.3380000000000001,-0.40199999999999997
19412,0.0,0.0,0.0,1000.0,0,0,-0.34199999999999997,0.3380000000000001,-0.40199999999999997
19413,0.0,0.0,0.0,1000.0,0,0,-0.32199999999999995,0.3380000000000001,-0.40199999999999997
19414,0.0,0.0,0.0,1000.0,0,0,-0.302,0.3380000000000001,-0.40199999999999997
19415,0.0,0.0,0.0,1000.0,0,0,-0.282,0.3380000000000001,-0.40199999999999997
19416,0.0,0.0,0.0,1000.0,0,0,-0.262,0.3380000000000001,-0.40199999999999997
19417,0.0,0.0,0.0,1000.0,0,0,-0.242,0.3380000000000001,-0.40199999999999997
19418,0.0,0.0,0.0,1000.0,0,0,-0.22199999999999998,0.3380000000000001,-0.40199999999999997
19419,0.0,0.0,0.0,1000.0,0,0,-0.20199999999999996,0.3380000000000001,-0.40199999999999997
19420,0.0,0.0,0.0,1000.0,0,0,-0.182,0.3380000000000001,-0.40199999999999997
19421,0.0,0.0,0.0,1000.0,0,0,-0.16199999999999998,0.3380000000000001,-0.40199999999999997
19422,0.0,0.0,0.0,1000.0,0,0,-0.482,0.358,-0.40199999999999997
19423,0.0,0.0,0.0,1000.0,0,0,-0.46199999999999997,0.358,-0.40199999999999997
19424,0.0,0.0,0.0,1000.0,0,0,-0.442,0.358,-0.40199999999999997
19425,0.0,0.0,0.0,1000.0,0,0,-0.422,0.358,-0.40199999999999997
19426,0.0,0.0,0.0,1000.0,0,0,-0.40199999999999997,0.358,-0.40199999999999997
19427,0.0,0.0,0.0,1000.0,0,0,-0.382,0.358,-0.40199999999999997
19428,0.0,0.0,0.0,1000.0,0,0,-0.362,0.358,-0.40199999999999997
19429,0.0,0.0,0.0,1000.0,0,0,-0.34199999999999997,0.358,-0.40199999999999997
19430,0.0,0.0,0.0,1000.0,0,0,-0.32199999999999995,0.358,-0.40199999999999997
19431,0.0,0.0,0.0,1000.0,0,0,-0.302,0.358,-0.40199999999999997
19432,0.0,0.0,0.0,1000.0,0,0,-0.282,0.358,-0.40199999999999997
19433,0.0,0.0,0.0,1000.0,0,0,-0.262,0.358,-0.40199999999999997
19434,0.0,0.0,0.0,1000.0,0,0,-0.242,0.358,-0.40199999999999997
19435,0.0,0.0,0.0,1000.0,0,0,-0.22199999999999998,0.358,-0.40199999999999997
19436,0.0,0.0,0.0,1000.0,0,0,-0.20199999999999996,0.358,-0.40199999999999997
19437,0.0,0.0,0.0,1000.0,0,0,-0.182,0.358,-0.40199999999999997
19438,0.0,0.0,0.0,1000.0,0,0,-0.16199999999999998,0.358,-0.40199999999999997
19439,0.0,0.0,0.0,1000.0,0,0,-0.482,0.378,-0.40199999999999997
19440,0.0,0.0,0.0,1000.0,0,0,-0.46199999999999997,0.378,-0.40199999999999997
19441,0.0,0.0,0.0,1000.0,0,0,-0.442,0.378,-0.40199999999999997
19442,0.0,0.0,0.0,1000.0,0,0,-0.422,0.378,-0.40199999999999997
19443,0.0,0.0,0.0,1000.0,0,0,-0.40199999999999997,0.378,-0.40199999999999997
19444,0.0,0.0,0.0,1000.0,0,0,-0.382,0.378,-0.40199999999999997
19445,0.0,0.0,0.0,1000.0,0,0,-0.362,0.378,-0.40199999999999997
19446,0.0,0.0,0.0,1000.0,0,0,-0.34199999999999997,0.378,-0.40199999999999997
19447,0.0,0.0,0.0,1000.0,0,0,-0.32199999999999995,0.378,-0.40199999999999997
19448,0.0,0.0,0.0,1000.0,0,0,-0.302,0.378,-0.40199999999999997
19449,0.0,0.0,0.0,1000.0,0,0,-0.282,0.378,-0.40199999999999997
19450,0.0,0.0,0.0,1000.0,0,0,-0.262,0.378,-0.40199999999999997
19451,0.0,0.0,0.0,1000.0,0,0,-0.242,0.378,-0.40199999999999997
19452,0.0,0.0,0.0,1000.0,0,0,-0.22199999999999998,0.378,-0.40199999999999997
19453,0.0,0.0,0.0,1000.0,0,0,-0.20199999999999996,0.378,-0.40199999999999997
19454,0.0,0.0,0.0,1000.0,0,0,-0.182,0.378,-0.40199999999999997
19455,0.0,0.0,0.0,1000.0,0,0,-0.16199999999999998,0.378,-0.40199999999999997
19456,0.0,0.0,0.0,1000.0,0,0,-0.482,0.398,-0.40199999999999997
19457,0.0,0.0,0.0,1000.0,0,0,-0.46199999999999997,0.398,-0.40199999999999997
19458,0.0,0.0,0.0,1000.0,0,0,-0.442,0.398,-0.40199999999999997
19459,0.0,0.0,0.0,1000.0,0,0,-0.422,0.398,-0.40199999999999997
19460,0.0,0.0,0.0,1000.0,0,0,-0.40199999999999997,0.398,-0.40199999999999997
19461,0.0,0.0,0.0,1000.0,0,0,-0.382,0.398,-0.40199999999999997
19462,0.0,0.0,0.0,1000.0,0,0,-0.362,0.398,-0.40199999999999997
19463,0.0,0.0,0.0,1000.0,0,0,-0.34199999999999997,0.398,-0.40199999999999997
19464,0.0,0.0,0.0,1000.0,0,0,-0.32199999999999995,0.398,-0.40199999999999997
19465,0.0,0.0,0.0,1000.0,0,0,-0.302,0.398,-0.40199999999999997
19466,0.0,0.0,0.0,1000.0,0,0,-0.282,0.398,-0.40199999999999997
19467,0.0,0.0,0.0,1000.0,0,0,-0.262,0.398,-0.40199999999999997
19468,0.0,0.0,0.0,1000.0,0,0,-0.242,0.398,-0.40199999999999997
19469,0.0,0.0,0.0,1000.0,0,0,-0.22199999999999998,0.398,-0.40199999999999997
19470,0.0,0.0,0.0,1000.0,0,0,-0.20199999999999996,0.398,-0.40199999999999997
19471,0.0,0.0,0.0,1000.0,0,0,-0.182,0.398,-0.40199999999999997
19472,0.0,0.0,0.0,1000.0,0,0,-0.16199999999999998,0.398,-0.40199999999999997
19473,0.0,0.0,0.0,1000.0,0,0,-0.482,0.41800000000000004,-0.40199999999999997
19474,0.0,0.0,0.0,1000.0,0,0,-0.46199999999999997,0.41800000000000004,-0.40199999999999997
19475,0.0,0.0,0.0,1000.0,0,0,-0.442,0.41800000000000004,-0.40199999999999997
19476,0.0,0.0,0.0,1000.0,0,0,-0.422,0.41800000000000004,-0.40199999999999997
19477,0.0,0.0,0.0,1000.0,0,0,-0.40199999999999997,0.41800000000000004,-0.40199999999999997
19478,0.0,0.0,0.0,1000.0,0,0,-0.382,0.41800000000000004,-0.40199999999999997
19479,0.0,0.0,0.0,1000.0,0,0,-0.362,0.41800000000000004,-0.40199999999999997
19480,0.0,0.0,0.0,1000.0,0,0,-0.34199999999999997,0.41800000000000004,-0.40199999999999997
19481,0.0,0.0,0.0,1000.0,0,0,-0.32199999999999995,0.41800000000000004,-0.40199999999999997
19482,0.0,0.0,0.0,1000.0,0,0,-0.302,0.41800000000000004,-0.40199999999999997
19483,0.0,0.0,0.0,1000.0,0,0,-0.282,0.41800000000000004,-0.40199999999999997
19484,0.0,0.0,0.0,1000.0,0,0,-0.262,0.41800000000000004,-0.40199999999999997
19485,0.0,0.0,0.0,1000.0,0,0,-0.242,0.41800000000000004,-0.40199999999999997
19486,0.0,0.0,0.0,1000.0,0,0,-0.22199999999999998,0.41800000000000004,-0.40199999999999997
19487,0.0,0.0,0.0,1000.0,0,0,-0.20199999999999996,0.41800000000000004,-0.40199999999999997
19488,0.0,0.0,0.0,1000.0,0,0,-0.182,0.41800000000000004,-0.40199999999999997
19489,0.0,0.0,0.0,1000.0,0,0,-0.16199999999999998,0.41800000000000004,-0.40199999999999997
19490,0.0,0.0,0.0,1000.0,0,0,-0.482,0.43800000000000006,-0.40199999999999997
19491,0.0,0.0,0.0,1000.0,0,0,-0.46199999999999997,0.43800000000000006,-0.40199999999999997
19492,0.0,0.0,0.0,1000.0,0,0,-0.442,0.43800000000000006,-0.40199999999999997
19493,0.0,0.0,0.0,1000.0,0,0,-0.422,0.43800000000000006,-0.40199999999999997
19494,0.0,0.0,0.0,1000.0,0,0,-0.40199999999999997,0.43800000000000006,-0.40199999999999997
19495,0.0,0.0,0.0,1000.0,0,0,-0.382,0.43800000000000006,-0.40199999999999997
19496,0.0,0.0,0.0,1000.0,0,0,-0.362,0.43800000000000006,-0.40199999999999997
19497,0.0,0.0,0.0,1000.0,0,0,-0.34199999999999997,0.43800000000000006,-0.40199999999999997
19498,0.0,0.0,0.0,1000.0,0,0,-0.32199999999999995,0.43800000000000006,-0.40199999999999997
19499,0.0,0.0,0.0,1000.0,0,0,-0.302,0.43800000000000006,-0.40199999999999997
19500,0.0,0.0,0.0,1000.0,0,0,-0.282,0.43800000000000006,-0.40199999999999997
19501,0.0,0.0,0.0,1000.0,0,0,-0.262,0.43800000000000006,-0.40199999999999997
19502,0.0,0.0,0.0,1000.0,0,0,-0.242,0.43800000000000006,-0.40199999999999997
19503,0.0,0.0,0.0,1000.0,0,0,-0.22199999999999998,0.43800000000000006,-0.40199999999999997
19504,0.0,0.0,0.0,1000.0,0,0,-0.20199999999999996,0.43800000000000006,-0.40199999999999997
19505,0.0,0.0,0.0,1000.0,0,0,-0.182,0.43800000000000006,-0.40199999999999997
19506,0.0,0.0,0.0,1000.0,0,0,-0.16199999999999998,0.43800000000000006,-0.40199999999999997
19507,0.0,0.0,0.0,1000.0,0,0,-0.482,0.4580000000000001,-0.40199999999999997
19508,0.0,0.0,0.0,1000.0,0,0,-0.46199999999999997,0.4580000000000001,-0.40199999999999997
19509,0.0,0.0,0.0,1000.0,0,0,-0.442,0.4580000000000001,-0.40199999999999997
19510,0.0,0.0,0.0,1000.0,0,0,-0.422,0.4580000000000001,-0.40199999999999997
19511,0.0,0.0,0.0,1000.0,0,0,-0.40199999999999997,0.4580000000000001,-0.40199999999999997
19512,0.0,0.0,0.0,1000.0,0,0,-0.382,0.4580000000000001,-0.40199999999999997
19513,0.0,0.0,0.0,1000.0,0,0,-0.362,0.4580000000000001,-0.40199999999999997
19514,0.0,0.0,0.0,1000.0,0,0,-0.34199999999999997,0.4580000000000001,-0.40199999999999997
19515,0.0,0.0,0.0,1000.0,0,0,-0.32199999999999995,0.4580000000000001,-0.40199999999999997
19516,0.0,0.0,0.0,1000.0,0,0,-0.302,0.4580000000000001,-0.40199999999999997
19517,0.0,0.0,0.0,1000.0,0,0,-0.282,0.4580000000000001,-0.40199999999999997
19518,0.0,0.0,0.0,1000.0,0,0,-0.262,0.4580000000000001,-0.40199999999999997
19519,0.0,0.0,0.0,1000.0,0,0,-0.242,0.4580000000000001,-0.40199999999999997
19520,0.0,0.0,0.0,1000.0,0,0,-0.22199999999999998,0.4580000000000001,-0.40199999999999997
19521,0.0,0.0,0.0,1000.0,0,0,-0.20199999999999996,0.4580000000000001,-0.40199999999999997
19522,0.0,0.0,0.0,1000.0,0,0,-0.182,0.4580000000000001,-0.40199999999999997
19523,0.0,0.0,0.0,1000.0,0,0,-0.16199999999999998,0.4580000000000001,-0.40199999999999997
19524,0.0,0.0,0.0,1000.0,0,0,-0.482,0.478,-0.40199999999999997
19525,0.0,0.0,0.0,1000.0,0,0,-0.46199999999999997,0.478,-0.40199999999999997
19526,0.0,0.0,0.0,1000.0,0,0,-0.442,0.478,-0.40199999999999997
19527,0.0,0.0,0.0,1000.0,0,0,-0.422,0.478,-0.40199999999999997
19528,0.0,0.0,0.0,1000.0,0,0,-0.40199999999999997,0.478,-0.40199999999999997
19529,0.0,0.0,0.0,1000.0,0,0,-0.382,0.478,-0.40199999999999997
19530,0.0,0.0,0.0,1000.0,0,0,-0.362,0.478,-0.40199999999999997
19531,0.0,0.0,0.0,1000.0,0,0,-0.34199999999999997,0.478,-0.40199999999999997
19532,0.0,0.0,0.0,1000.0,0,0,-0.32199999999999995,0.478,-0.40199999999999997
19533,0.0,0.0,0.0,1000.0,0,0,-0.302,0.478,-0.40199999999999997
19534,0.0,0.0,0.0,1000.0,0,0,-0.282,0.478,-0.40199999999999997
19535,0.0,0.0,0.0,1000.0,0,0,-0.262,0.478,-0.40199999999999997
19536,0.0,0.0,0.0,1000.0,0,0,-0.242,0.478,-0.40199999999999997
19537,0.0,0.0,0.0,1000.0,0,0,-0.22199999999999998,0.478,-0.40199999999999997
19538,0.0,0.0,0.0,1000.0,0,0,-0.20199999999999996,0.478,-0.40199999999999997
19539,0.0,0.0,0.0,1000.0,0,0,-0.182,0.478,-0.40199999999999997
19540,0.0,0.0,0.0,1000.0,0,0,-0.16199999999999998,0.478,-0.40199999999999997
19541,0.0,0.0,0.0,1000.0,0,0,-0.482,-0.482,-0.382
19542,0.0,0.0,0.0,1000.0,0,0,-0.46199999999999997,-0.482,-0.382
19543,0.0,0.0,0.0,1000.0,0,0,-0.442,-0.482,-0.382
19544,0.0,0.0,0.0,1000.0,0,0,-0.422,-0.482,-0.382
19545,0.0,0.0,0.0,1000.0,0,0,-0.40199999999999997,-0.482,-0.382
19546,0.0,0.0,0.0,1000.0,0,0,-0.382,-0.482,-0.382
19547,0.0,0.0,0.0,1000.0,0,0,-0.362,-0.482,-0.382
19548,0.0,0.0,0.0,1000.0,0,0,-0.34199999999999997,-0.482,-0.382
19549,0.0,0.0,0.0,1000.0,0,0,-0.32199999999999995,-0.482,-0.382
19550,0.0,0.0,0.0,1000.0,0,0,-0.302,-0.482,-0.382
19551,0.0,0.0,0.0,1000.0,0,0,-0.282,-0.482,-0.382
19552,0.0,0.0,0.0,1000.0,0,0,-0.262,-0.482,-0.382
19553,0.0,0.0,0.0,1000.0,0,0,-0.242,-0.482,-0.382
19554,0.0,0.0,0.0,1000.0,0,0,-0.22199999999999998,-0.482,-0.382
19555,0.0,0.0,0.0,1000.0,0,0,-0.20199999999999996,-0.482,-0.382
19556,0.0,0.0,0.0,1000.0,0,0,-0.182,-0.482,-0.382
19557,0.0,0.0,0.0,1000.0,0,0,-0.16199999999999998,-0.482,-0.382
19558,0.0,0.0,0.0,1000.0,0,0,-0.482,-0.46199999999999997,-0.382
19559,0.0,0.0,0.0,1000.0,0,0,-0.46199999999999997,-0.46199999999999997,-0.382
19560,0.0,0.0,0.0,1000.0,0,0,-0.442,-0.46199999999999997,-0.382
19561,0.0,0.0,0.0,1000.0,0,0,-0.422,-0.46199999999999997,-0.382
19562,0.0,0.0,0.0,1000.0,0,0,-0.40199999999999997,-0.46199999999999997,-0.382
19563,0.0,0.0,0.0,1000.0,0,0,-0.382,-0.46199999999999997,-0.382
19564,0.0,0.0,0.0,1000.0,0,0,-0.362,-0.46199999999999997,-0.382
19565,0.0,0.0,0.0,1000.0,0,0,-0.34199999999999997,-0.46199999999999997,-0.382
19566,0.0,0.0,0.0,1000.0,0,0,-0.32199999999999995,-0.46199999999999997,-0.382
19567,0.0,0.0,0.0,1000.0,0,0,-0.302,-0.46199999999999997,-0.382
19568,0.0,0.0,0.0,1000.0,0,0,-0.282,-0.46199999999999997,-0.382
19569,0.0,0.0,0.0,1000.0,0,0,-0.262,-0.46199999999999997,-0.382
19570,0.0,0.0,0.0,1000.0,0,0,-0.242,-0.46199999999999997,-0.382
19571,0.0,0.0,0.0,1000.0,0,0,-0.22199999999999998,-0.46199999999999997,-0.382
19572,0.0,0.0,0.0,1000.0,0,0,-0.20199999999999996,-0.46199999999999997,-0.382
19573,0.0,0.0,0.0,1000.0,0,0,-0.182,-0.46199999999999997,-0.382
19574,0.0,0.0,0.0,1000.0,0,0,-0.16199999999999998,-0.46199999999999997,-0.382
19575,0.0,0.0,0.0,1000.0,0,0,-0.482,-0.442,-0.382
19576,0.0,0.0,0.0,1000.0,0,0,-0.46199999999999997,-0.442,-0.382
19577,0.0,0.0,0.0,1000.0,0,0,-0.442,-0.442,-0.382
19578,0.0,0.0,0.0,1000.0,0,0,-0.422,-0.442,-0.382
19579,0.0,0.0,0.0,1000.0,0,0,-0.40199999999999997,-0.442,-0.382
19580,0.0,0.0,0.0,1000.0,0,0,-0.382,-0.442,-0.382
19581,0.0,0.0,0.0,1000.0,0,0,-0.362,-0.442,-0.382
19582,0.0,0.0,0.0,1000.0,0,0,-0.34199999999999997,-0.442,-0.382
19583,0.0,0.0,0.0,1000.0,0,0,-0.32199999999999995,-0.442,-0.382
19584,0.0,0.0,0.0,1000.0,0,0,-0.302,-0.442,-0.382
19585,0.0,0.0,0.0,1000.0,0,0,-0.282,-0.442,-0.382
19586,0.0,0.0,0.0,1000.0,0,0,-0.262,-0.442,-0.382
19587,0.0,0.0,0.0,1000.0,0,0,-0.242,-0.442,-0.382
19588,0.0,0.0,0.0,1000.0,0,0,-0.22199999999999998,-0.442,-0.382
19589,0.0,0.0,0.0,1000.0,0,0,-0.20199999999999996,-0.442,-0.382
19590,0.0,0.0,0.0,1000.0,0,0,-0.182,-0.442,-0.382
19591,0.0,0.0,0.0,1000.0,0,0,-0.16199999999999998,-0.442,-0.382
19592,0.0,0.0,0.0,1000.0,0,0,-0.482,-0.422,-0.382
19593,0.0,0.0,0.0,1000.0,0,0,-0.46199999999999997,-0.422,-0.382
19594,0.0,0.0,0.0,1000.0,0,0,-0.442,-0.422,-0.382
19595,0.0,0.0,0.0,1000.0,0,0,-0.422,-0.422,-0.382
19596,0.0,0.0,0.0,1000.0,0,0,-0.40199999999999997,-0.422,-0.382
19597,0.0,0.0,0.0,1000.0,0,0,-0.382,-0.422,-0.382
19598,0.0,0.0,0.0,1000.0,0,0,-0.362,-0.422,-0.382
19599,0.0,0.0,0.0,1000.0,0,0,-0.34199999999999997,-0.422,-0.382
19600,0.0,0.0,0.0,1000.0,0,0,-0.32199999999999995,-0.422,-0.382
19601,0.0,0.0,0.0,1000.0,0,0,-0.302,-0.422,-0.382
19602,0.0,0.0,0.0,1000.0,0,0,-0.282,-0.422,-0.382
19603,0.0,0.0,0.0,1000.0,0,0,-0.262,-0.422,-0.382
19604,0.0,0.0,0.0,1000.0,0,0,-0.242,-0.422,-0.382
19605,0.0,0.0,0.0,1000.0,0,0,-0.22199999999999998,-0.422,-0.382
19606,0.0,0.0,0.0,1000.0,0,0,-0.20199999999999996,-0.422,-0.382
19607,0.0,0.0,0.0,1000.0,0,0,-0.182,-0.422,-0.382
19608,0.0,0.0,0.0,1000.0,0,0,-0.16199999999999998,-0.422,-0.382
19609,0.0,0.0,0.0,1000.0,0,0,-0.482,-0.40199999999999997,-0.382
19610,0.0,0.0,0.0,1000.0,0,0,-0.46199999999999997,-0.40199999999999997,-0.382
19611,0.0,0.0,0.0,1000.0,0,0,-0.442,-0.40199999999999997,-0.382
19612,0.0,0.0,0.0,1000.0,0,0,-0.422,-0.40199999999999997,-0.382
19613,0.0,0.0,0.0,1000.0,0,0,-0.40199999999999997,-0.40199999999999997,-0.382
19614,0.0,0.0,0.0,1000.0,0,0,-0.382,-0.40199999999999997,-0.382
19615,0.0,0.0,0.0,1000.0,0,0,-0.362,-0.40199999999999997,-0.382
19616,0.0,0.0,0.0,1000.0,0,0,-0.34199999999999997,-0.40199999999999997,-0.382
19617,0.0,0.0,0.0,1000.0,0,0,-0.32199999999999995,-0.40199999999999997,-0.382
19618,0.0,0.0,0.0,1000.0,0,0,-0.302,-0.40199999999999997,-0.382
19619,0.0,0.0,0.0,1000.0,0,0,-0.282,-0.40199999999999997,-0.382
19620,0.0,0.0,0.0,1000.0,0,0,-0.262,-0.40199999999999997,-0.382
19621,0.0,0.0,0.0,1000.0,0,0,-0.242,-0.40199999999999997,-0.382
19622,0.0,0.0,0.0,1000.0,0,0,-0.22199999999999998,-0.40199999999999997,-0.382
19623,0.0,0.0,0.0,1000.0,0,0,-0.20199999999999996,-0.40199999999999997,-0.382
19624,0.0,0.0,0.0,1000.0,0,0,-0.182,-0.40199999999999997,-0.382
19625,0.0,0.0,0.0,1000.0,0,0,-0.16199999999999998,-0.40199999999999997,-0.382
19626,0.0,0.0,0.0,1000.0,0,0,-0.482,-0.382,-0.382
19627,0.0,0.0,0.0,1000.0,0,0,-0.46199999999999997,-0.382,-0.382
19628,0.0,0.0,0.0,1000.0,0,0,-0.442,-0.382,-0.382
19629,0.0,0.0,0.0,1000.0,0,0,-0.422,-0.382,-0.382
19630,0.0,0.0,0.0,1000.0,0,0,-0.40199999999999997,-0.382,-0.382
19631,0.0,0.0,0.0,1000.0,0,0,-0.382,-0.382,-0.382
19632,0.0,0.0,0.0,1000.0,0,0,-0.362,-0.382,-0.382
19633,0.0,0.0,0.0,1000.0,0,0,-0.34199999999999997,-0.382,-0.382
19634,0.0,0.0,0.0,1000.0,0,0,-0.32199999999999995,-0.382,-0.382
19635,0.0,0.0,0.0,1000.0,0,0,-0.302,-0.382,-0.382
19636,0.0,0.0,0.0,1000.0,0,0,-0.282,-0.382,-0.382
19637,0.0,0.0,0.0,1000.0,0,0,-0.262,-0.382,-0.382
19638,0.0,0.0,0.0,1000.0,0,0,-0.242,-0.382,-0.382
19639,0.0,0.0,0.0,1000.0,0,0,-0.22199999999999998,-0.382,-0.382
19640,0.0,0.0,0.0,1000.0,0,0,-0.20199999999999996,-0.382,-0.382
19641,0.0,0.0,0.0,1000.0,0,0,-0.182,-0.382,-0.382
19642,0.0,0.0,0.0,1000.0,0,0,-0.16199999999999998,-0.382,-0.382
19643,0.0,0.0,0.0,1000.0,0,0,-0.482,-0.362,-0.382
19644,0.0,0.0,0.0,1000.0,0,0,-0.46199999999999997,-0.362,-0.382
19645,0.0,0.0,0.0,1000.0,0,0,-0.442,-0.362,-0.382
19646,0.0,0.0,0.0,1000.0,0,0,-0.422,-0.362,-0.382
19647,0.0,0.0,0.0,1000.0,0,0,-0.40199999999999997,-0.362,-0.382
19648,0.0,0.0,0.0,1000.0,0,0,-0.382,-0.362,-0.382
19649,0.0,0.0,0.0,1000.0,0,0,-0.362,-0.362,-0.382
19650,0.0,0.0,0.0,1000.0,0,0,-0.34199999999999997,-0.362,-0.382
19651,0.0,0.0,0.0,1000.0,0,0,-0.32199999999999995,-0.362,-0.382
19652,0.0,0.0,0.0,1000.0,0,0,-0.302,-0.362,-0.382
19653,0.0,0.0,0.0,1000.0,0,0,-0.282,-0.362,-0.382
19654,0.0,0.0,0.0,1000.0,0,0,-0.262,-0.362,-0.382
19655,0.0,0.0,0.0,1000.0,0,0,-0.242,-0.362,-0.382
19656,0.0,0.0,0.0,1000.0,0,0,-0.22199999999999998,-0.362,-0.382
19657,0.0,0.0,0.0,1000.0,0,0,-0.20199999999999996,-0.362,-0.382
19658,0.0,0.0,0.0,1000.0,0,0,-0.182,-0.362,-0.382
19659,0.0,0.0,0.0,1000.0,0,0,-0.16199999999999998,-0.362,-0.382
19660,0.0,0.0,0.0,1000.0,0,0,-0.482,-0.34199999999999997,-0.382
19661,0.0,0.0,0.0,1000.0,0,0,-0.46199999999999997,-0.34199999999999997,-0.382
19662,0.0,0.0,0.0,1000.0,0,0,-0.442,-0.34199999999999997,-0.382
19663,0.0,0.0,0.0,1000.0,0,0,-0.422,-0.34199999999999997,-0.382
19664,0.0,0.0,0.0,1000.0,0,0,-0.40199999999999997,-0.34199999999999997,-0.382
19665,0.0,0.0,0.0,1000.0,0,0,-0.382,-0.34199999999999997,-0.382
19666,0.0,0.0,0.0,1000.0,0,0,-0.362,-0.34199999999999997,-0.382
19667,0.0,0.0,0.0,1000.0,0,0,-0.34199999999999997,-0.34199999999999997,-0.382
19668,0.0,0.0,0.0,1000.0,0,0,-0.32199999999999995,-0.34199999999999997,-0.382
19669,0.0,0.0,0.0,1000.0,0,0,-0.302,-0.34199999999999997,-0.382
19670,0.0,0.0,0.0,1000.0,0,0,-0.282,-0.34199999999999997,-0.382
19671,0.0,0.0,0.0,1000.0,0,0,-0.262,-0.34199999999999997,-0.382
19672,0.0,0.0,0.0,1000.0,0,0,-0.242,-0.34199999999999997,-0.382
19673,0.0,0.0,0.0,1000.0,0,0,-0.22199999999999998,-0.34199999999999997,-0.382
19674,0.0,0.0,0.0,1000.0,0,0,-0.20199999999999996,-0.34199999999999997,-0.382
19675,0.0,0.0,0.0,1000.0,0,0,-0.182,-0.34199999999999997,-0.382
19676,0.0,0.0,0.0,1000.0,0,0,-0.16199999999999998,-0.34199999999999997,-0.382
19677,0.0,0.0,0.0,1000.0,0,0,-0.482,-0.32199999999999995,-0.382
19678,0.0,0.0,0.0,1000.0,0,0,-0.46199999999999997,-0.32199999999999995,-0.382
19679,0.0,0.0,0.0,1000.0,0,0,-0.442,-0.32199999999999995,-0.382
19680,0.0,0.0,0.0,1000.0,0,0,-0.422,-0.32199999999999995,-0.382
19681,0.0,0.0,0.0,1000.0,0,0,-0.40199999999999997,-0.32199999999999995,-0.382
19682,0.0,0.0,0.0,1000.0,0,0,-0.382,-0.32199999999999995,-0.382
19683,0.0,0.0,0.0,1000.0,0,0,-0.362,-0.32199999999999995,-0.382
19684,0.0,0.0,0.0,1000.0,0,0,-0.34199999999999997,-0.32199999999999995,-0.382
19685,0.0,0.0,0.0,1000.0,0,0,-0.32199999999999995,-0.32199999999999995,-0.382
19686,0.0,0.0,0.0,1000.0,0,0,-0.302,-0.32199999999999995,-0.382
19687,0.0,0.0,0.0,1000.0,0,0,-0.282,-0.32199999999999995,-0.382
19688,0.0,0.0,0.0,1000.0,0,0,-0.262,-0.32199999999999995,-0.382
19689,0.0,0.0,0.0,1000.0,0,0,-0.242,-0.32199999999999995,-0.382
19690,0.0,0.0,0.0,1000.0,0,0,-0.22199999999999998,-0.32199999999999995,-0.382
19691,0.0,0.0,0.0,1000.0,0,0,-0.20199999999999996,-0.32199999999999995,-0.382
19692,0.0,0.0,0.0,1000.0,0,0,-0.182,-0.32199999999999995,-0.382
19693,0.0,0.0,0.0,1000.0,0,0,-0.16199999999999998,-0.32199999999999995,-0.382
19694,0.0,0.0,0.0,1000.0,0,0,-0.482,-0.302,-0.382
19695,0.0,0.0,0.0,1000.0,0,0,-0.46199999999999997,-0.302,-0.382
19696,0.0,0.0,0.0,1000.0,0,0,-0.442,-0.302,-0.382
19697,0.0,0.0,0.0,1000.0,0,0,-0.422,-0.302,-0.382
19698,0.0,0.0,0.0,1000.0,0,0,-0.40199999999999997,-0.302,-0.382
19699,0.0,0.0,0.0,1000.0,0,0,-0.382,-0.302,-0.382
19700,0.0,0.0,0.0,1000.0,0,0,-0.362,-0.302,-0.382
19701,0.0,0.0,0.0,1000.0,0,0,-0.34199999999999997,-0.302,-0.382
19702,0.0,0.0,0.0,1000.0,0,0,-0.32199999999999995,-0.302,-0.382
19703,0.0,0.0,0.0,1000.0,0,0,-0.302,-0.302,-0.382
19704,0.0,0.0,0.0,1000.0,0,0,-0.282,-0.302,-0.382
19705,0.0,0.0,0.0,1000.0,0,0,-0.262,-0.302,-0.382
19706,0.0,0.0,0.0,1000.0,0,0,-0.242,-0.302,-0.382
19707,0.0,0.0,0.0,1000.0,0,0,-0.22199999999999998,-0.302,-0.382
19708,0.0,0.0,0.0,1000.0,0,0,-0.20199999999999996,-0.302,-0.382
19709,0.0,0.0,0.0,1000.0,0,0,-0.182,-0.302,-0.382
19710,0.0,0.0,0.0,1000.0,0,0,-0.16199999999999998,-0.302,-0.382
19711,0.0,0.0,0.0,1000.0,0,0,-0.482,-0.282,-0.382
19712,0.0,0.0,0.0,1000.0,0,0,-0.46199999999999997,-0.282,-0.382
19713,0.0,0.0,0.0,1000.0,0,0,-0.442,-0.282,-0.382
19714,0.0,0.0,0.0,1000.0,0,0,-0.422,-0.282,-0.382
19715,0.0,0.0,0.0,1000.0,0,0,-0.40199999999999997,-0.282,-0.382
19716,0.0,0.0,0.0,1000.0,0,0,-0.382,-0.282,-0.382
19717,0.0,0.0,0.0,1000.0,0,0,-0.362,-0.282,-0.382
19718,0.0,0.0,0.0,1000.0,0,0,-0.34199999999999997,-0.282,-0.382
19719,0.0,0.0,0.0,1000.0,0,0,-0.32199999999999995,-0.282,-0.382
19720,0.0,0.0,0.0,1000.0,0,0,-0.302,-0.282,-0.382
19721,0.0,0.0,0.0,1000.0,0,0,-0.282,-0.282,-0.382
19722,0.0,0.0,0.0,1000.0,0,0,-0.262,-0.282,-0.382
19723,0.0,0.0,0.0,1000.0,0,0,-0.242,-0.282,-0.382
19724,0.0,0.0,0.0,1000.0,0,0,-0.22199999999999998,-0.282,-0.382
19725,0.0,0.0,0.0,1000.0,0,0,-0.20199999999999996,-0.282,-0.382
19726,0.0,0.0,0.0,1000.0,0,0,-0.182,-0.282,-0.382
19727,0.0,0.0,0.0,1000.0,0,0,-0.16199999999999998,-0.282,-0.382
19728,0.0,0.0,0.0,1000.0,0,0,-0.482,-0.262,-0.382
19729,0.0,0.0,0.0,1000.0,0,0,-0.46199999999999997,-0.262,-0.382
19730,0.0,0.0,0.0,1000.0,0,0,-0.442,-0.262,-0.382
19731,0.0,0.0,0.0,1000.0,0,0,-0.422,-0.262,-0.382
19732,0.0,0.0,0.0,1000.0,0,0,-0.40199999999999997,-0.262,-0.382
19733,0.0,0.0,0.0,1000.0,0,0,-0.382,-0.262,-0.382
19734,0.0,0.0,0.0,1000.0,0,0,-0.362,-0.262,-0.382
19735,0.0,0.0,0.0,1000.0,0,0,-0.34199999999999997,-0.262,-0.382
19736,0.0,0.0,0.0,1000.0,0,0,-0.32199999999999995,-0.262,-0.382
19737,0.0,0.0,0.0,1000.0,0,0,-0.302,-0.262,-0.382
19738,0.0,0.0,0.0,1000.0,0,0,-0.282,-0.262,-0.382
19739,0.0,0.0,0.0,1000.0,0,0,-0.262,-0.262,-0.382
19740,0.0,0.0,0.0,1000.0,0,0,-0.242,-0.262,-0.382
19741,0.0,0.0,0.0,1000.0,0,0,-0.22199999999999998,-0.262,-0.382
19742,0.0,0.0,0.0,1000.0,0,0,-0.20199999999999996,-0.262,-0.382
19743,0.0,0.0,0.0,1000.0,0,0,-0.182,-0.262,-0.382
19744,0.0,0.0,0.0,1000.0,0,0,-0.16199999999999998,-0.262,-0.382
19745,0.0,0.0,0.0,1000.0,0,0,-0.482,-0.242,-0.382
19746,0.0,0.0,0.0,1000.0,0,0,-0.46199999999999997,-0.242,-0.382
19747,0.0,0.0,0.0,1000.0,0,0,-0.442,-0.242,-0.382
19748,0.0,0.0,0.0,1000.0,0,0,-0.422,-0.242,-0.382
19749,0.0,0.0,0.0,1000.0,0,0,-0.40199999999999997,-0.242,-0.382
19750,0.0,0.0,0.0,1000.0,0,0,-0.382,-0.242,-0.382
19751,0.0,0.0,0.0,1000.0,0,0,-0.362,-0.242,-0.382
19752,0.0,0.0,0.0,1000.0,0,0,-0.34199999999999997,-0.242,-0.382
19753,0.0,0.0,0.0,1000.0,0,0,-0.32199999999999995,-0.242,-0.382
19754,0.0,0.0,0.0,1000.0,0,0,-0.302,-0.242,-0.382
19755,0.0,0.0,0.0,1000.0,0,0,-0.282,-0.242,-0.382
19756,0.0,0.0,0.0,1000.0,0,0,-0.262,-0.242,-0.382
19757,0.0,0.0,0.0,1000.0,0,0,-0.242,-0.242,-0.382
19758,0.0,0.0,0.0,1000.0,0,0,-0.22199999999999998,-0.242,-0.382
19759,0.0,0.0,0.0,1000.0,0,0,-0.20199999999999996,-0.242,-0.382
19760,0.0,0.0,0.0,1000.0,0,0,-0.182,-0.242,-0.382
19761,0.0,0.0,0.0,1000.0,0,0,-0.16199999999999998,-0.242,-0.382
19762,0.0,0.0,0.0,1000.0,0,0,-0.482,-0.22199999999999998,-0.382
19763,0.0,0.0,0.0,1000.0,0,0,-0.46199999999999997,-0.22199999999999998,-0.382
19764,0.0,0.0,0.0,1000.0,0,0,-0.442,-0.22199999999999998,-0.382
19765,0.0,0.0,0.0,1000.0,0,0,-0.422,-0.22199999999999998,-0.382
19766,0.0,0.0,0.0,1000.0,0,0,-0.40199999999999997,-0.22199999999999998,-0.382
19767,0.0,0.0,0.0,1000.0,0,0,-0.382,-0.22199999999999998,-0.382
19768,0.0,0.0,0.0,1000.0,0,0,-0.362,-0.22199999999999998,-0.382
19769,0.0,0.0,0.0,1000.0,0,0,-0.34199999999999997,-0.22199999999999998,-0.382
19770,0.0,0.0,0.0,1000.0,0,0,-0.32199999999999995,-0.22199999999999998,-0.382
19771,0.0,0.0,0.0,1000.0,0,0,-0.302,-0.22199999999999998,-0.382
19772,0.0,0.0,0.0,1000.0,0,0,-0.282,-0.22199999999999998,-0.382
19773,0.0,0.0,0.0,1000.0,0,0,-0.262,-0.22199999999999998,-0.382
19774,0.0,0.0,0.0,1000.0,0,0,-0.242,-0.22199999999999998,-0.382
19775,0.0,0.0,0.0,1000.0,0,0,-0.22199999999999998,-0.22199999999999998,-0.382
19776,0.0,0.0,0.0,1000.0,0,0,-0.20199999999999996,-0.22199999999999998,-0.382
19777,0.0,0.0,0.0,1000.0,0,0,-0.182,-0.22199999999999998,-0.382
19778,0.0,0.0,0.0,1000.0,0,0,-0.16199999999999998,-0.22199999999999998,-0.382
19779,0.0,0.0,0.0,1000.0,0,0,-0.482,-0.20199999999999996,-0.382
19780,0.0,0.0,0.0,1000.0,0,0,-0.46199999999999997,-0.20199999999999996,-0.382
19781,0.0,0.0,0.0,1000.0,0,0,-0.442,-0.20199999999999996,-0.382
19782,0.0,0.0,0.0,1000.0,0,0,-0.422,-0.20199999999999996,-0.382
19783,0.0,0.0,0.0,1000.0,0,0,-0.40199999999999997,-0.20199999999999996,-0.382
19784,0.0,0.0,0.0,1000.0,0,0,-0.382,-0.20199999999999996,-0.382
19785,0.0,0.0,0.0,1000.0,0,0,-0.362,-0.20199999999999996,-0.382
19786,0.0,0.0,0.0,1000.0,0,0,-0.34199999999999997,-0.20199999999999996,-0.382
19787,0.0,0.0,0.0,1000.0,0,0,-0.32199999999999995,-0.20199999999999996,-0.382
19788,0.0,0.0,0.0,1000.0,0,0,-0.302,-0.20199999999999996,-0.382
19789,0.0,0.0,0.0,1000.0,0,0,-0.282,-0.20199999999999996,-0.382
19790,0.0,0.0,0.0,1000.0,0,0,-0.262,-0.20199999999999996,-0.382
19791,0.0,0.0,0.0,1000.0,0,0,-0.242,-0.20199999999999996,-0.382
19792,0.0,0.0,0.0,1000.0,0,0,-0.22199999999999998,-0.20199999999999996,-0.382
19793,0.0,0.0,0.0,1000.0,0,0,-0.20199999999999996,-0.20199999999999996,-0.382
19794,0.0,0.0,0.0,1000.0,0,0,-0.182,-0.20199999999999996,-0.382
19795,0.0,0.0,0.0,1000.0,0,0,-0.16199999999999998,-0.20199999999999996,-0.382
19796,0.0,0.0,0.0,1000.0,0,0,-0.482,-0.182,-0.382
19797,0.0,0.0,0.0,1000.0,0,0,-0.46199999999999997,-0.182,-0.382
19798,0.0,0.0,0.0,1000.0,0,0,-0.442,-0.182,-0.382
19799,0.0,0.0,0.0,1000.0,0,0,-0.422,-0.182,-0.382
19800,0.0,0.0,0.0,1000.0,0,0,-0.40199999999999997,-0.182,-0.382
19801,0.0,0.0,0.0,1000.0,0,0,-0.382,-0.182,-0.382
19802,0.0,0.0,0.0,1000.0,0,0,-0.362,-0.182,-0.382
19803,0.0,0.0,0.0,1000.0,0,0,-0.34199999999999997,-0.182,-0.382
19804,0.0,0.0,0.0,1000.0,0,0,-0.32199999999999995,-0.182,-0.382
19805,0.0,0.0,0.0,1000.0,0,0,-0.302,-0.182,-0.382
19806,0.0,0.0,0.0,1000.0,0,0,-0.282,-0.182,-0.382
19807,0.0,0.0,0.0,1000.0,0,0,-0.262,-0.182,-0.382
19808,0.0,0.0,0.0,1000.0,0,0,-0.242,-0.182,-0.382
19809,0.0,0.0,0.0,1000.0,0,0,-0.22199999999999998,-0.182,-0.382
19810,0.0,0.0,0.0,1000.0,0,0,-0.20199999999999996,-0.182,-0.382
19811,0.0,0.0,0.0,1000.0,0,0,-0.182,-0.182,-0.382
19812,0.0,0.0,0.0,1000.0,0,0,-0.16199999999999998,-0.182,-0.382
19813,0.0,0.0,0.0,1000.0,0,0,-0.482,-0.16199999999999998,-0.382
19814,0.0,0.0,0.0,1000.0,0,0,-0.46199999999999997,-0.16199999999999998,-0.382
19815,0.0,0.0,0.0,1000.0,0,0,-0.442,-0.16199999999999998,-0.382
19816,0.0,0.0,0.0,1000.0,0,0,-0.422,-0.16199999999999998,-0.382
19817,0.0,0.0,0.0,1000.0,0,0,-0.40199999999999997,-0.16199999999999998,-0.382
19818,0.0,0.0,0.0,1000.0,0,0,-0.382,-0.16199999999999998,-0.382
19819,0.0,0.0,0.0,1000.0,0,0,-0.362,-0.16199999999999998,-0.382
19820,0.0,0.0,0.0,1000.0,0,0,-0.34199999999999997,-0.16199999999999998,-0.382
19821,0.0,0.0,0.0,1000.0,0,0,-0.32199999999999995,-0.16199999999999998,-0.382
19822,0.0,0.0,0.0,1000.0,0,0,-0.302,-0.16199999999999998,-0.382
19823,0.0,0.0,0.0,1000.0,0,0,-0.282,-0.16199999999999998,-0.382
19824,0.0,0.0,0.0,1000.0,0,0,-0.262,-0.16199999999999998,-0.382
19825,0.0,0.0,0.0,1000.0,0,0,-0.242,-0.16199999999999998,-0.382
19826,0.0,0.0,0.0,1000.0,0,0,-0.22199999999999998,-0.16199999999999998,-0.382
19827,0.0,0.0,0.0,1000.0,0,0,-0.20199999999999996,-0.16199999999999998,-0.382
19828,0.0,0.0,0.0,1000.0,0,0,-0.182,-0.16199999999999998,-0.382
19829,0.0,0.0,0.0,1000.0,0,0,-0.16199999999999998,-0.16199999999999998,-0.382
19830,0.0,0.0,0.0,1000.0,0,0,-0.482,-0.14199999999999996,-0.382
19831,0.0,0.0,0.0,1000.0,0,0,-0.46199999999999997,-0.14199999999999996,-0.382
19832,0.0,0.0,0.0,1000.0,0,0,-0.442,-0.14199999999999996,-0.382
19833,0.0,0.0,0.0,1000.0,0,0,-0.422,-0.14199999999999996,-0.382
19834,0.0,0.0,0.0,1000.0,0,0,-0.40199999999999997,-0.14199999999999996,-0.382
19835,0.0,0.0,0.0,1000.0,0,0,-0.382,-0.14199999999999996,-0.382
19836,0.0,0.0,0.0,1000.0,0,0,-0.362,-0.14199999999999996,-0.382
19837,0.0,0.0,0.0,1000.0,0,0,-0.34199999999999997,-0.14199999999999996,-0.382
19838,0.0,0.0,0.0,1000.0,0,0,-0.32199999999999995,-0.14199999999999996,-0.382
19839,0.0,0.0,0.0,1000.0,0,0,-0.302,-0.14199999999999996,-0.382
19840,0.0,0.0,0.0,1000.0,0,0,-0.282,-0.14199999999999996,-0.382
19841,0.0,0.0,0.0,1000.0,0,0,-0.262,-0.14199999999999996,-0.382
19842,0.0,0.0,0.0,1000.0,0,0,-0.242,-0.14199999999999996,-0.382
19843,0.0,0.0,0.0,1000.0,0,0,-0.22199999999999998,-0.14199999999999996,-0.382
19844,0.0,0.0,0.0,1000.0,0,0,-0.20199999999999996,-0.14199999999999996,-0.382
19845,0.0,0.0,0.0,1000.0,0,0,-0.182,-0.14199999999999996,-0.382
19846,0.0,0.0,0.0,1000.0,0,0,-0.16199999999999998,-0.14199999999999996,-0.382
19847,0.0,0.0,0.0,1000.0,0,0,-0.482,-0.122,-0.382
19848,0.0,0.0,0.0,1000.0,0,0,-0.46199999999999997,-0.122,-0.382
19849,0.0,0.0,0.0,1000.0,0,0,-0.442,-0.122,-0.382
19850,0.0,0.0,0.0,1000.0,0,0,-0.422,-0.122,-0.382
19851,0.0,0.0,0.0,1000.0,0,0,-0.40199999999999997,-0.122,-0.382
19852,0.0,0.0,0.0,1000.0,0,0,-0.382,-0.122,-0.382
19853,0.0,0.0,0.0,1000.0,0,0,-0.362,-0.122,-0.382
19854,0.0,0.0,0.0,1000.0,0,0,-0.34199999999999997,-0.122,-0.382
19855,0.0,0.0,0.0,1000.0,0,0,-0.32199999999999995,-0.122,-0.382
19856,0.0,0.0,0.0,1000.0,0,0,-0.302,-0.122,-0.382
19857,0.0,0.0,0.0,1000.0,0,0,-0.282,-0.122,-0.382
19858,0.0,0.0,0.0,1000.0,0,0,-0.262,-0.122,-0.382
19859,0.0,0.0,0.0,1000.0,0,0,-0.242,-0.122,-0.382
19860,0.0,0.0,0.0,1000.0,0,0,-0.22199999999999998,-0.122,-0.382
19861,0.0,0.0,0.0,1000.0,0,0,-0.20199999999999996,-0.122,-0.382
19862,0.0,0.0,0.0,1000.0,0,0,-0.182,-0.122,-0.382
19863,0.0,0.0,0.0,1000.0,0,0,-0.16199999999999998,-0.122,-0.382
19864,0.0,0.0,0.0,1000.0,0,0,-0.482,-0.10199999999999998,-0.382
19865,0.0,0.0,0.0,1000.0,0,0,-0.46199999999999997,-0.10199999999999998,-0.382
19866,0.0,0.0,0.0,1000.0,0,0,-0.442,-0.10199999999999998,-0.382
19867,0.0,0.0,0.0,1000.0,0,0,-0.422,-0.10199999999999998,-0.382
19868,0.0,0.0,0.0,1000.0,0,0,-0.40199999999999997,-0.10199999999999998,-0.382
19869,0.0,0.0,0.0,1000.0,0,0,-0.382,-0.10199999999999998,-0.382
19870,0.0,0.0,0.0,1000.0,0,0,-0.362,-0.10199999999999998,-0.382
19871,0.0,0.0,0.0,1000.0,0,0,-0.34199999999999997,-0.10199999999999998,-0.382
19872,0.0,0.0,0.0,1000.0,0,0,-0.32199999999999995,-0.10199999999999998,-0.382
19873,0.0,0.0,0.0,1000.0,0,0,-0.302,-0.10199999999999998,-0.382
19874,0.0,0.0,0.0,1000.0,0,0,-0.282,-0.10199999999999998,-0.382
19875,0.0,0.0,0.0,1000.0,0,0,-0.262,-0.10199999999999998,-0.382
19876,0.0,0.0,0.0,1000.0,0,0,-0.242,-0.10199999999999998,-0.382
19877,0.0,0.0,0.0,1000.0,0,0,-0.22199999999999998,-0.10199999999999998,-0.382
19878,0.0,0.0,0.0,1000.0,0,0,-0.20199999999999996,-0.10199999999999998,-0.382
19879,0.0,0.0,0.0,1000.0,0,0,-0.182,-0.10199999999999998,-0.382
19880,0.0,0.0,0.0,1000.0,0,0,-0.16199999999999998,-0.10199999999999998,-0.382
19881,0.0,0.0,0.0,1000.0,0,0,-0.482,-0.08199999999999996,-0.382
19882,0.0,0.0,0.0,1000.0,0,0,-0.46199999999999997,-0.08199999999999996,-0.382
19883,0.0,0.0,0.0,1000.0,0,0,-0.442,-0.08199999999999996,-0.382
19884,0.0,0.0,0.0,1000.0,0,0,-0.422,-0.08199999999999996,-0.382
19885,0.0,0.0,0.0,1000.0,0,0,-0.40199999999999997,-0.08199999999999996,-0.382
19886,0.0,0.0,0.0,1000.0,0,0,-0.382,-0.08199999999999996,-0.382
19887,0.0,0.0,0.0,1000.0,0,0,-0.362,-0.08199999999999996,-0.382
19888,0.0,0.0,0.0,1000.0,0,0,-0.34199999999999997,-0.08199999999999996,-0.382
19889,0.0,0.0,0.0,1000.0,0,0,-0.32199999999999995,-0.08199999999999996,-0.382
19890,0.0,0.0,0.0,1000.0,0,0,-0.302,-0.08199999999999996,-0.382
19891,0.0,0.0,0.0,1000.0,0,0,-0.282,-0.08199999999999996,-0.382
19892,0.0,0.0,0.0,1000.0,0,0,-0.262,-0.08199999999999996,-0.382
19893,0.0,0.0,0.0,1000.0,0,0,-0.242,-0.08199999999999996,-0.382
19894,0.0,0.0,0.0,1000.0,0,0,-0.22199999999999998,-0.08199999999999996,-0.382
19895,0.0,0.0,0.0,1000.0,0,0,-0.20199999999999996,-0.08199999999999996,-0.382
19896,0.0,0.0,0.0,1000.0,0,0,-0.182,-0.08199999999999996,-0.382
19897,0.0,0.0,0.0,1000.0,0,0,-0.16199999999999998,-0.08199999999999996,-0.382
19898,0.0,0.0,0.0,1000.0,0,0,-0.482,-0.062,-0.382
19899,0.0,0.0,0.0,1000.0,0,0,-0.46199999999999997,-0.062,-0.382
19900,0.0,0.0,0.0,1000.0,0,0,-0.442,-0.062,-0.382
19901,0.0,0.0,0.0,1000.0,0,0,-0.422,-0.062,-0.382
19902,0.0,0.0,0.0,1000.0,0,0,-0.40199999999999997,-0.062,-0.382
19903,0.0,0.0,0.0,1000.0,0,0,-0.382,-0.062,-0.382
19904,0.0,0.0,0.0,1000.0,0,0,-0.362,-0.062,-0.382
19905,0.0,0.0,0.0,1000.0,0,0,-0.34199999999999997,-0.062,-0.382
19906,0.0,0.0,0.0,1000.0,0,0,-0.32199999999999995,-0.062,-0.382
19907,0.0,0.0,0.0,1000.0,0,0,-0.302,-0.062,-0.382
19908,0.0,0.0,0.0,1000.0,0,0,-0.282,-0.062,-0.382
19909,0.0,0.0,0.0,1000.0,0,0,-0.262,-0.062,-0.382
19910,0.0,0.0,0.0,1000.0,0,0,-0.242,-0.062,-0.382
19911,0.0,0.0,0.0,1000.0,0,0,-0.22199999999999998,-0.062,-0.382
19912,0.0,0.0,0.0,1000.0,0,0,-0.20199999999999996,-0.062,-0.382
19913,0.0,0.0,0.0,1000.0,0,0,-0.182,-0.062,-0.382
19914,0.0,0.0,0.0,1000.0,0,0,-0.16199999999999998,-0.062,-0.382
19915,0.0,0.0,0.0,1000.0,0,0,-0.482,-0.04199999999999998,-0.382
19916,0.0,0.0,0.0,1000.0,0,0,-0.46199999999999997,-0.04199999999999998,-0.382
19917,0.0,0.0,0.0,1000.0,0,0,-0.442,-0.04199999999999998,-0.382
19918,0.0,0.0,0.0,1000.0,0,0,-0.422,-0.04199999999999998,-0.382
19919,0.0,0.0,0.0,1000.0,0,0,-0.40199999999999997,-0.04199999999999998,-0.382
19920,0.0,0.0,0.0,1000.0,0,0,-0.382,-0.04199999999999998,-0.382
19921,0.0,0.0,0.0,1000.0,0,0,-0.362,-0.04199999999999998,-0.382
19922,0.0,0.0,0.0,1000.0,0,0,-0.34199999999999997,-0.04199999999999998,-0.382
19923,0.0,0.0,0.0,1000.0,0,0,-0.32199999999999995,-0.04199999999999998,-0.382
19924,0.0,0.0,0.0,1000.0,0,0,-0.302,-0.04199999999999998,-0.382
19925,0.0,0.0,0.0,1000.0,0,0,-0.282,-0.04199999999999998,-0.382
19926,0.0,0.0,0.0,1000.0,0,0,-0.262,-0.04199999999999998,-0.382
19927,0.0,0.0,0.0,1000.0,0,0,-0.242,-0.04199999999999998,-0.382
19928,0.0,0.0,0.0,1000.0,0,0,-0.22199999999999998,-0.04199999999999998,-0.382
19929,0.0,0.0,0.0,1000.0,0,0,-0.20199999999999996,-0.04199999999999998,-0.382
19930,0.0,0.0,0.0,1000.0,0,0,-0.182,-0.04199999999999998,-0.382
19931,0.0,0.0,0.0,1000.0,0,0,-0.16199999999999998,-0.04199999999999998,-0.382
19932,0.0,0.0,0.0,1000.0,0,0,-0.482,-0.021999999999999964,-0.382
19933,0.0,0.0,0.0,1000.0,0,0,-0.46199999999999997,-0.021999999999999964,-0.382
19934,0.0,0.0,0.0,1000.0,0,0,-0.442,-0.021999999999999964,-0.382
19935,0.0,0.0,0.0,1000.0,0,0,-0.422,-0.021999999999999964,-0.382
19936,0.0,0.0,0.0,1000.0,0,0,-0.40199999999999997,-0.021999999999999964,-0.382
19937,0.0,0.0,0.0,1000.0,0,0,-0.382,-0.021999999999999964,-0.382
19938,0.0,0.0,0.0,1000.0,0,0,-0.362,-0.021999999999999964,-0.382
19939,0.0,0.0,0.0,1000.0,0,0,-0.34199999999999997,-0.021999999999999964,-0.382
19940,0.0,0.0,0.0,1000.0,0,0,-0.32199999999999995,-0.021999999999999964,-0.382
19941,0.0,0.0,0.0,1000.0,0,0,-0.302,-0.021999999999999964,-0.382
19942,0.0,0.0,0.0,1000.0,0,0,-0.282,-0.021999999999999964,-0.382
19943,0.0,0.0,0.0,1000.0,0,0,-0.262,-0.021999999999999964,-0.382
19944,0.0,0.0,0.0,1000.0,0,0,-0.242,-0.021999999999999964,-0.382
19945,0.0,0.0,0.0,1000.0,0,0,-0.22199999999999998,-0.021999999999999964,-0.382
19946,0.0,0.0,0.0,1000.0,0,0,-0.20199999999999996,-0.021999999999999964,-0.382
19947,0.0,0.0,0.0,1000.0,0,0,-0.182,-0.021999999999999964,-0.382
19948,0.0,0.0,0.0,1000.0,0,0,-0.16199999999999998,-0.021999999999999964,-0.382
19949,0.0,0.0,0.0,1000.0,0,0,-0.482,-0.0020000000000000018,-0.382
19950,0.0,0.0,0.0,1000.0,0,0,-0.46199999999999997,-0.0020000000000000018,-0.382
19951,0.0,0.0,0.0,1000.0,0,0,-0.442,-0.0020000000000000018,-0.382
19952,0.0,0.0,0.0,1000.0,0,0,-0.422,-0.0020000000000000018,-0.382
19953,0.0,0.0,0.0,1000.0,0,0,-0.40199999999999997,-0.0020000000000000018,-0.382
19954,0.0,0.0,0.0,1000.0,0,0,-0.382,-0.0020000000000000018,-0.382
19955,0.0,0.0,0.0,1000.0,0,0,-0.362,-0.0020000000000000018,-0.382
19956,0.0,0.0,0.0,1000.0,0,0,-0.34199999999999997,-0.0020000000000000018,-0.382
19957,0.0,0.0,0.0,1000.0,0,0,-0.32199999999999995,-0.0020000000000000018,-0.382
19958,0.0,0.0,0.0,1000.0,0,0,-0.302,-0.0020000000000000018,-0.382
19959,0.0,0.0,0.0,1000.0,0,0,-0.282,-0.0020000000000000018,-0.382
19960,0.0,0.0,0.0,1000.0,0,0,-0.262,-0.0020000000000000018,-0.382
19961,0.0,0.0,0.0,1000.0,0,0,-0.242,-0.0020000000000000018,-0.382
19962,0.0,0.0,0.0,1000.0,0,0,-0.22199999999999998,-0.0020000000000000018,-0.382
19963,0.0,0.0,0.0,1000.0,0,0,-0.20199999999999996,-0.0020000000000000018,-0.382
19964,0.0,0.0,0.0,1000.0,0,0,-0.182,-0.0020000000000000018,-0.382
19965,0.0,0.0,0.0,1000.0,0,0,-0.16199999999999998,-0.0020000000000000018,-0.382
19966,0.0,0.0,0.0,1000.0,0,0,-0.482,0.018000000000000016,-0.382
19967,0.0,0.0,0.0,1000.0,0,0,-0.46199999999999997,0.018000000000000016,-0.382
19968,0.0,0.0,0.0,1000.0,0,0,-0.442,0.018000000000000016,-0.382
19969,0.0,0.0,0.0,1000.0,0,0,-0.422,0.018000000000000016,-0.382
19970,0.0,0.0,0.0,1000.0,0,0,-0.40199999999999997,0.018000000000000016,-0.382
19971,0.0,0.0,0.0,1000.0,0,0,-0.382,0.018000000000000016,-0.382
19972,0.0,0.0,0.0,1000.0,0,0,-0.362,0.018000000000000016,-0.382
19973,0.0,0.0,0.0,1000.0,0,0,-0.34199999999999997,0.018000000000000016,-0.382
19974,0.0,0.0,0.0,1000.0,0,0,-0.32199999999999995,0.018000000000000016,-0.382
19975,0.0,0.0,0.0,1000.0,0,0,-0.302,0.018000000000000016,-0.382
19976,0.0,0.0,0.0,1000.0,0,0,-0.282,0.018000000000000016,-0.382
19977,0.0,0.0,0.0,1000.0,0,0,-0.262,0.018000000000000016,-0.382
19978,0.0,0.0,0.0,1000.0,0,0,-0.242,0.018000000000000016,-0.382
19979,0.0,0.0,0.0,1000.0,0,0,-0.22199999999999998,0.018000000000000016,-0.382
19980,0.0,0.0,0.0,1000.0,0,0,-0.20199999999999996,0.018000000000000016,-0.382
19981,0.0,0.0,0.0,1000.0,0,0,-0.182,0.018000000000000016,-0.382
19982,0.0,0.0,0.0,1000.0,0,0,-0.16199999999999998,0.018000000000000016,-0.382
19983,0.0,0.0,0.0,1000.0,0,0,-0.482,0.038000000000000034,-0.382
19984,0.0,0.0,0.0,1000.0,0,0,-0.46199999999999997,0.038000000000000034,-0.382
19985,0.0,0.0,0.0,1000.0,0,0,-0.442,0.038000000000000034,-0.382
19986,0.0,0.0,0.0,1000.0,0,0,-0.422,0.038000000000000034,-0.382
19987,0.0,0.0,0.0,1000.0,0,0,-0.40199999999999997,0.038000000000000034,-0.382
19988,0.0,0.0,0.0,1000.0,0,0,-0.382,0.038000000000000034,-0.382
19989,0.0,0.0,0.0,1000.0,0,0,-0.362,0.038000000000000034,-0.382
19990,0.0,0.0,0.0,1000.0,0,0,-0.34199999999999997,0.038000000000000034,-0.382
19991,0.0,0.0,0.0,1000.0,0,0,-0.32199999999999995,0.038000000000000034,-0.382
19992,0.0,0.0,0.0,1000.0,0,0,-0.302,0.038000000000000034,-0.382
19993,0.0,0.0,0.0,1000.0,0,0,-0.282,0.038000000000000034,-0.382
19994,0.0,0.0,0.0,1000.0,0,0,-0.262,0.038000000000000034,-0.382
19995,0.0,0.0,0.0,1000.0,0,0,-0.242,0.038000000000000034,-0.382
19996,0.0,0.0,0.0,1000.0,0,0,-0.22199999999999998,0.038000000000000034,-0.382
19997,0.0,0.0,0.0,1000.0,0,0,-0.20199999999999996,0.038000000000000034,-0.382
19998,0.0,0.0,0.0,1000.0,0,0,-0.182,0.038000000000000034,-0.382
19999,0.0,0.0,0.0,1000.0,0,0,-0.16199999999999998,0.038000000000000034,-0.382
20000,0.0,0.0,0.0,1000.0,0,0,-0.482,0.05800000000000005,-0.382
20001,0.0,0.0,0.0,1000.0,0,0,-0.46199999999999997,0.05800000000000005,-0.382
20002,0.0,0.0,0.0,1000.0,0,0,-0.442,0.05800000000000005,-0.382
20003,0.0,0.0,0.0,1000.0,0,0,-0.422,0.05800000000000005,-0.382
20004,0.0,0.0,0.0,1000.0,0,0,-0.40199999999999997,0.05800000000000005,-0.382
20005,0.0,0.0,0.0,1000.0,0,0,-0.382,0.05800000000000005,-0.382
20006,0.0,0.0,0.0,1000.0,0,0,-0.362,0.05800000000000005,-0.382
20007,0.0,0.0,0.0,1000.0,0,0,-0.34199999999999997,0.05800000000000005,-0.382
20008,0.0,0.0,0.0,1000.0,0,0,-0.32199999999999995,0.05800000000000005,-0.382
20009,0.0,0.0,0.0,1000.0,0,0,-0.302,0.05800000000000005,-0.382
20010,0.0,0.0,0.0,1000.0,0,0,-0.282,0.05800000000000005,-0.382
20011,0.0,0.0,0.0,1000.0,0,0,-0.262,0.05800000000000005,-0.382
20012,0.0,0.0,0.0,1000.0,0,0,-0.242,0.05800000000000005,-0.382
20013,0.0,0.0,0.0,1000.0,0,0,-0.22199999999999998,0.05800000000000005,-0.382
20014,0.0,0.0,0.0,1000.0,0,0,-0.20199999999999996,0.05800000000000005,-0.382
20015,0.0,0.0,0.0,1000.0,0,0,-0.182,0.05800000000000005,-0.382
20016,0.0,0.0,0.0,1000.0,0,0,-0.16199999999999998,0.05800000000000005,-0.382
20017,0.0,0.0,0.0,1000.0,0,0,-0.482,0.07800000000000007,-0.382
20018,0.0,0.0,0.0,1000.0,0,0,-0.46199999999999997,0.07800000000000007,-0.382
20019,0.0,0.0,0.0,1000.0,0,0,-0.442,0.07800000000000007,-0.382
20020,0.0,0.0,0.0,1000.0,0,0,-0.422,0.07800000000000007,-0.382
20021,0.0,0.0,0.0,1000.0,0,0,-0.40199999999999997,0.07800000000000007,-0.382
20022,0.0,0.0,0.0,1000.0,0,0,-0.382,0.07800000000000007,-0.382
20023,0.0,0.0,0.0,1000.0,0,0,-0.362,0.07800000000000007,-0.382
20024,0.0,0.0,0.0,1000.0,0,0,-0.34199999999999997,0.07800000000000007,-0.382
20025,0.0,0.0,0.0,1000.0,0,0,-0.32199999999999995,0.07800000000000007,-0.382
20026,0.0,0.0,0.0,1000.0,0,0,-0.302,0.07800000000000007,-0.382
20027,0.0,0.0,0.0,1000.0,0,0,-0.282,0.07800000000000007,-0.382
20028,0.0,0.0,0.0,1000.0,0,0,-0.262,0.07800000000000007,-0.382
20029,0.0,0.0,0.0,1000.0,0,0,-0.242,0.07800000000000007,-0.382
20030,0.0,0.0,0.0,1000.0,0,0,-0.22199999999999998,0.07800000000000007,-0.382
20031,0.0,0.0,0.0,1000.0,0,0,-0.20199999999999996,0.07800000000000007,-0.382
20032,0.0,0.0,0.0,1000.0,0,0,-0.182,0.07800000000000007,-0.382
20033,0.0,0.0,0.0,1000.0,0,0,-0.16199999999999998,0.07800000000000007,-0.382
20034,0.0,0.0,0.0,1000.0,0,0,-0.482,0.09799999999999998,-0.382
20035,0.0,0.0,0.0,1000.0,0,0,-0.46199999999999997,0.09799999999999998,-0.382
20036,0.0,0.0,0.0,1000.0,0,0,-0.442,0.09799999999999998,-0.382
20037,0.0,0.0,0.0,1000.0,0,0,-0.422,0.09799999999999998,-0.382
20038,0.0,0.0,0.0,1000.0,0,0,-0.40199999999999997,0.09799999999999998,-0.382
20039,0.0,0.0,0.0,1000.0,0,0,-0.382,0.09799999999999998,-0.382
20040,0.0,0.0,0.0,1000.0,0,0,-0.362,0.09799999999999998,-0.382
20041,0.0,0.0,0.0,1000.0,0,0,-0.34199999999999997,0.09799999999999998,-0.382
20042,0.0,0.0,0.0,1000.0,0,0,-0.32199999999999995,0.09799999999999998,-0.382
20043,0.0,0.0,0.0,1000.0,0,0,-0.302,0.09799999999999998,-0.382
20044,0.0,0.0,0.0,1000.0,0,0,-0.282,0.09799999999999998,-0.382
20045,0.0,0.0,0.0,1000.0,0,0,-0.262,0.09799999999999998,-0.382
20046,0.0,0.0,0.0,1000.0,0,0,-0.242,0.09799999999999998,-0.382
20047,0.0,0.0,0.0,1000.0,0,0,-0.22199999999999998,0.09799999999999998,-0.382
20048,0.0,0.0,0.0,1000.0,0,0,-0.20199999999999996,0.09799999999999998,-0.382
20049,0.0,0.0,0.0,1000.0,0,0,-0.182,0.09799999999999998,-0.382
20050,0.0,0.0,0.0,1000.0,0,0,-0.16199999999999998,0.09799999999999998,-0.382
20051,0.0,0.0,0.0,1000.0,0,0,-0.482,0.118,-0.382
20052,0.0,0.0,0.0,1000.0,0,0,-0.46199999999999997,0.118,-0.382
20053,0.0,0.0,0.0,1000.0,0,0,-0.442,0.118,-0.382
20054,0.0,0.0,0.0,1000.0,0,0,-0.422,0.118,-0.382
20055,0.0,0.0,0.0,1000.0,0,0,-0.40199999999999997,0.118,-0.382
20056,0.0,0.0,0.0,1000.0,0,0,-0.382,0.118,-0.382
20057,0.0,0.0,0.0,1000.0,0,0,-0.362,0.118,-0.382
20058,0.0,0.0,0.0,1000.0,0,0,-0.34199999999999997,0.118,-0.382
20059,0.0,0.0,0.0,1000.0,0,0,-0.32199999999999995,0.118,-0.382
20060,0.0,0.0,0.0,1000.0,0,0,-0.302,0.118,-0.382
20061,0.0,0.0,0.0,1000.0,0,0,-0.282,0.118,-0.382
20062,0.0,0.0,0.0,1000.0,0,0,-0.262,0.118,-0.382
20063,0.0,0.0,0.0,1000.0,0,0,-0.242,0.118,-0.382
20064,0.0,0.0,0.0,1000.0,0,0,-0.22199999999999998,0.118,-0.382
20065,0.0,0.0,0.0,1000.0,0,0,-0.20199999999999996,0.118,-0.382
20066,0.0,0.0,0.0,1000.0,0,0,-0.182,0.118,-0.382
20067,0.0,0.0,0.0,1000.0,0,0,-0.16199999999999998,0.118,-0.382
20068,0.0,0.0,0.0,1000.0,0,0,-0.482,0.138,-0.382
20069,0.0,0.0,0.0,1000.0,0,0,-0.46199999999999997,0.138,-0.382
20070,0.0,0.0,0.0,1000.0,0,0,-0.442,0.138,-0.382
20071,0.0,0.0,0.0,1000.0,0,0,-0.422,0.138,-0.382
20072,0.0,0.0,0.0,1000.0,0,0,-0.40199999999999997,0.138,-0.382
20073,0.0,0.0,0.0,1000.0,0,0,-0.382,0.138,-0.382
20074,0.0,0.0,0.0,1000.0,0,0,-0.362,0.138,-0.382
20075,0.0,0.0,0.0,1000.0,0,0,-0.34199999999999997,0.138,-0.382
20076,0.0,0.0,0.0,1000.0,0,0,-0.32199999999999995,0.138,-0.382
20077,0.0,0.0,0.0,1000.0,0,0,-0.302,0.138,-0.382
20078,0.0,0.0,0.0,1000.0,0,0,-0.282,0.138,-0.382
20079,0.0,0.0,0.0,1000.0,0,0,-0.262,0.138,-0.382
20080,0.0,0.0,0.0,1000.0,0,0,-0.242,0.138,-0.382
20081,0.0,0.0,0.0,1000.0,0,0,-0.22199999999999998,0.138,-0.382
20082,0.0,0.0,0.0,1000.0,0,0,-0.20199999999999996,0.138,-0.382
20083,0.0,0.0,0.0,1000.0,0,0,-0.182,0.138,-0.382
20084,0.0,0.0,0.0,1000.0,0,0,-0.16199999999999998,0.138,-0.382
20085,0.0,0.0,0.0,1000.0,0,0,-0.482,0.15800000000000003,-0.382
20086,0.0,0.0,0.0,1000.0,0,0,-0.46199999999999997,0.15800000000000003,-0.382
20087,0.0,0.0,0.0,1000.0,0,0,-0.442,0.15800000000000003,-0.382
20088,0.0,0.0,0.0,1000.0,0,0,-0.422,0.15800000000000003,-0.382
20089,0.0,0.0,0.0,1000.0,0,0,-0.40199999999999997,0.15800000000000003,-0.382
20090,0.0,0.0,0.0,1000.0,0,0,-0.382,0.15800000000000003,-0.382
20091,0.0,0.0,0.0,1000.0,0,0,-0.362,0.15800000000000003,-0.382
20092,0.0,0.0,0.0,1000.0,0,0,-0.34199999999999997,0.15800000000000003,-0.382
20093,0.0,0.0,0.0,1000.0,0,0,-0.32199999999999995,0.15800000000000003,-0.382
20094,0.0,0.0,0.0,1000.0,0,0,-0.302,0.15800000000000003,-0.382
20095,0.0,0.0,0.0,1000.0,0,0,-0.282,0.15800000000000003,-0.382
20096,0.0,0.0,0.0,1000.0,0,0,-0.262,0.15800000000000003,-0.382
20097,0.0,0.0,0.0,1000.0,0,0,-0.242,0.15800000000000003,-0.382
20098,0.0,0.0,0.0,1000.0,0,0,-0.22199999999999998,0.15800000000000003,-0.382
20099,0.0,0.0,0.0,1000.0,0,0,-0.20199999999999996,0.15800000000000003,-0.382
20100,0.0,0.0,0.0,1000.0,0,0,-0.182,0.15800000000000003,-0.382
20101,0.0,0.0,0.0,1000.0,0,0,-0.16199999999999998,0.15800000000000003,-0.382
20102,0.0,0.0,0.0,1000.0,0,0,-0.482,0.17800000000000005,-0.382
20103,0.0,0.0,0.0,1000.0,0,0,-0.46199999999999997,0.17800000000000005,-0.382
20104,0.0,0.0,0.0,1000.0,0,0,-0.442,0.17800000000000005,-0.382
20105,0.0,0.0,0.0,1000.0,0,0,-0.422,0.17800000000000005,-0.382
20106,0.0,0.0,0.0,1000.0,0,0,-0.40199999999999997,0.17800000000000005,-0.382
20107,0.0,0.0,0.0,1000.0,0,0,-0.382,0.17800000000000005,-0.382
20108,0.0,0.0,0.0,1000.0,0,0,-0.362,0.17800000000000005,-0.382
20109,0.0,0.0,0.0,1000.0,0,0,-0.34199999999999997,0.17800000000000005,-0.382
20110,0.0,0.0,0.0,1000.0,0,0,-0.32199999999999995,0.17800000000000005,-0.382
20111,0.0,0.0,0.0,1000.0,0,0,-0.302,0.17800000000000005,-0.382
20112,0.0,0.0,0.0,1000.0,0,0,-0.282,0.17800000000000005,-0.382
20113,0.0,0.0,0.0,1000.0,0,0,-0.262,0.17800000000000005,-0.382
20114,0.0,0.0,0.0,1000.0,0,0,-0.242,0.17800000000000005,-0.382
20115,0.0,0.0,0.0,1000.0,0,0,-0.22199999999999998,0.17800000000000005,-0.382
20116,0.0,0.0,0.0,1000.0,0,0,-0.20199999999999996,0.17800000000000005,-0.382
20117,0.0,0.0,0.0,1000.0,0,0,-0.182,0.17800000000000005,-0.382
20118,0.0,0.0,0.0,1000.0,0,0,-0.16199999999999998,0.17800000000000005,-0.382
20119,0.0,0.0,0.0,1000.0,0,0,-0.482,0.19800000000000006,-0.382
20120,0.0,0.0,0.0,1000.0,0,0,-0.46199999999999997,0.19800000000000006,-0.382
20121,0.0,0.0,0.0,1000.0,0,0,-0.442,0.19800000000000006,-0.382
20122,0.0,0.0,0.0,1000.0,0,0,-0.422,0.19800000000000006,-0.382
20123,0.0,0.0,0.0,1000.0,0,0,-0.40199999999999997,0.19800000000000006,-0.382
20124,0.0,0.0,0.0,1000.0,0,0,-0.382,0.19800000000000006,-0.382
20125,0.0,0.0,0.0,1000.0,0,0,-0.362,0.19800000000000006,-0.382
20126,0.0,0.0,0.0,1000.0,0,0,-0.34199999999999997,0.19800000000000006,-0.382
20127,0.0,0.0,0.0,1000.0,0,0,-0.32199999999999995,0.19800000000000006,-0.382
20128,0.0,0.0,0.0,1000.0,0,0,-0.302,0.19800000000000006,-0.382
20129,0.0,0.0,0.0,1000.0,0,0,-0.282,0.19800000000000006,-0.382
20130,0.0,0.0,0.0,1000.0,0,0,-0.262,0.19800000000000006,-0.382
20131,0.0,0.0,0.0,1000.0,0,0,-0.242,0.19800000000000006,-0.382
20132,0.0,0.0,0.0,1000.0,0,0,-0.22199999999999998,0.19800000000000006,-0.382
20133,0.0,0.0,0.0,1000.0,0,0,-0.20199999999999996,0.19800000000000006,-0.382
20134,0.0,0.0,0.0,1000.0,0,0,-0.182,0.19800000000000006,-0.382
20135,0.0,0.0,0.0,1000.0,0,0,-0.16199999999999998,0.19800000000000006,-0.382
20136,0.0,0.0,0.0,1000.0,0,0,-0.482,0.21800000000000008,-0.382
20137,0.0,0.0,0.0,1000.0,0,0,-0.46199999999999997,0.21800000000000008,-0.382
20138,0.0,0.0,0.0,1000.0,0,0,-0.442,0.21800000000000008,-0.382
20139,0.0,0.0,0.0,1000.0,0,0,-0.422,0.21800000000000008,-0.382
20140,0.0,0.0,0.0,1000.0,0,0,-0.40199999999999997,0.21800000000000008,-0.382
20141,0.0,0.0,0.0,1000.0,0,0,-0.382,0.21800000000000008,-0.382
20142,0.0,0.0,0.0,1000.0,0,0,-0.362,0.21800000000000008,-0.382
20143,0.0,0.0,0.0,1000.0,0,0,-0.34199999999999997,0.21800000000000008,-0.382
20144,0.0,0.0,0.0,1000.0,0,0,-0.32199999999999995,0.21800000000000008,-0.382
20145,0.0,0.0,0.0,1000.0,0,0,-0.302,0.21800000000000008,-0.382
20146,0.0,0.0,0.0,1000.0,0,0,-0.282,0.21800000000000008,-0.382
20147,0.0,0.0,0.0,1000.0,0,0,-0.262,0.21800000000000008,-0.382
20148,0.0,0.0,0.0,1000.0,0,0,-0.242,0.21800000000000008,-0.382
20149,0.0,0.0,0.0,1000.0,0,0,-0.22199999999999998,0.21800000000000008,-0.382
20150,0.0,0.0,0.0,1000.0,0,0,-0.20199999999999996,0.21800000000000008,-0.382
20151,0.0,0.0,0.0,1000.0,0,0,-0.182,0.21800000000000008,-0.382
20152,0.0,0.0,0.0,1000.0,0,0,-0.16199999999999998,0.21800000000000008,-0.382
20153,0.0,0.0,0.0,1000.0,0,0,-0.482,0.238,-0.382
20154,0.0,0.0,0.0,1000.0,0,0,-0.46199999999999997,0.238,-0.382
20155,0.0,0.0,0.0,1000.0,0,0,-0.442,0.238,-0.382
20156,0.0,0.0,0.0,1000.0,0,0,-0.422,0.238,-0.382
20157,0.0,0.0,0.0,1000.0,0,0,-0.40199999999999997,0.238,-0.382
20158,0.0,0.0,0.0,1000.0,0,0,-0.382,0.238,-0.382
20159,0.0,0.0,0.0,1000.0,0,0,-0.362,0.238,-0.382
20160,0.0,0.0,0.0,1000.0,0,0,-0.34199999999999997,0.238,-0.382
20161,0.0,0.0,0.0,1000.0,0,0,-0.32199999999999995,0.238,-0.382
20162,0.0,0.0,0.0,1000.0,0,0,-0.302,0.238,-0.382
20163,0.0,0.0,0.0,1000.0,0,0,-0.282,0.238,-0.382
20164,0.0,0.0,0.0,1000.0,0,0,-0.262,0.238,-0.382
20165,0.0,0.0,0.0,1000.0,0,0,-0.242,0.238,-0.382
20166,0.0,0.0,0.0,1000.0,0,0,-0.22199999999999998,0.238,-0.382
20167,0.0,0.0,0.0,1000.0,0,0,-0.20199999999999996,0.238,-0.382
20168,0.0,0.0,0.0,1000.0,0,0,-0.182,0.238,-0.382
20169,0.0,0.0,0.0,1000.0,0,0,-0.16199999999999998,0.238,-0.382
20170,0.0,0.0,0.0,1000.0,0,0,-0.482,0.258,-0.382
20171,0.0,0.0,0.0,1000.0,0,0,-0.46199999999999997,0.258,-0.382
20172,0.0,0.0,0.0,1000.0,0,0,-0.442,0.258,-0.382
20173,0.0,0.0,0.0,1000.0,0,0,-0.422,0.258,-0.382
20174,0.0,0.0,0.0,1000.0,0,0,-0.40199999999999997,0.258,-0.382
20175,0.0,0.0,0.0,1000.0,0,0,-0.382,0.258,-0.382
20176,0.0,0.0,0.0,1000.0,0,0,-0.362,0.258,-0.382
20177,0.0,0.0,0.0,1000.0,0,0,-0.34199999999999997,0.258,-0.382
20178,0.0,0.0,0.0,1000.0,0,0,-0.32199999999999995,0.258,-0.382
20179,0.0,0.0,0.0,1000.0,0,0,-0.302,0.258,-0.382
20180,0.0,0.0,0.0,1000.0,0,0,-0.282,0.258,-0.382
20181,0.0,0.0,0.0,1000.0,0,0,-0.262,0.258,-0.382
20182,0.0,0.0,0.0,1000.0,0,0,-0.242,0.258,-0.382
20183,0.0,0.0,0.0,1000.0,0,0,-0.22199999999999998,0.258,-0.382
20184,0.0,0.0,0.0,1000.0,0,0,-0.20199999999999996,0.258,-0.382
20185,0.0,0.0,0.0,1000.0,0,0,-0.182,0.258,-0.382
20186,0.0,0.0,0.0,1000.0,0,0,-0.16199999999999998,0.258,-0.382
20187,0.0,0.0,0.0,1000.0,0,0,-0.482,0.278,-0.382
20188,0.0,0.0,0.0,1000.0,0,0,-0.46199999999999997,0.278,-0.382
20189,0.0,0.0,0.0,1000.0,0,0,-0.442,0.278,-0.382
20190,0.0,0.0,0.0,1000.0,0,0,-0.422,0.278,-0.382
20191,0.0,0.0,0.0,1000.0,0,0,-0.40199999999999997,0.278,-0.382
20192,0.0,0.0,0.0,1000.0,0,0,-0.382,0.278,-0.382
20193,0.0,0.0,0.0,1000.0,0,0,-0.362,0.278,-0.382
20194,0.0,0.0,0.0,1000.0,0,0,-0.34199999999999997,0.278,-0.382
20195,0.0,0.0,0.0,1000.0,0,0,-0.32199999999999995,0.278,-0.382
20196,0.0,0.0,0.0,1000.0,0,0,-0.302,0.278,-0.382
20197,0.0,0.0,0.0,1000.0,0,0,-0.282,0.278,-0.382
20198,0.0,0.0,0.0,1000.0,0,0,-0.262,0.278,-0.382
20199,0.0,0.0,0.0,1000.0,0,0,-0.242,0.278,-0.382
20200,0.0,0.0,0.0,1000.0,0,0,-0.22199999999999998,0.278,-0.382
20201,0.0,0.0,0.0,1000.0,0,0,-0.20199999999999996,0.278,-0.382
20202,0.0,0.0,0.0,1000.0,0,0,-0.182,0.278,-0.382
20203,0.0,0.0,0.0,1000.0,0,0,-0.16199999999999998,0.278,-0.382
20204,0.0,0.0,0.0,1000.0,0,0,-0.482,0.29800000000000004,-0.382
20205,0.0,0.0,0.0,1000.0,0,0,-0.46199999999999997,0.29800000000000004,-0.382
20206,0.0,0.0,0.0,1000.0,0,0,-0.442,0.29800000000000004,-0.382
20207,0.0,0.0,0.0,1000.0,0,0,-0.422,0.29800000000000004,-0.382
20208,0.0,0.0,0.0,1000.0,0,0,-0.40199999999999997,0.29800000000000004,-0.382
20209,0.0,0.0,0.0,1000.0,0,0,-0.382,0.29800000000000004,-0.382
20210,0.0,0.0,0.0,1000.0,0,0,-0.362,0.29800000000000004,-0.382
20211,0.0,0.0,0.0,1000.0,0,0,-0.34199999999999997,0.29800000000000004,-0.382
20212,0.0,0.0,0.0,1000.0,0,0,-0.32199999999999995,0.29800000000000004,-0.382
20213,0.0,0.0,0.0,1000.0,0,0,-0.302,0.29800000000000004,-0.382
20214,0.0,0.0,0.0,1000.0,0,0,-0.282,0.29800000000000004,-0.382
20215,0.0,0.0,0.0,1000.0,0,0,-0.262,0.29800000000000004,-0.382
20216,0.0,0.0,0.0,1000.0,0,0,-0.242,0.29800000000000004,-0.382
20217,0.0,0.0,0.0,1000.0,0,0,-0.22199999999999998,0.29800000000000004,-0.382
20218,0.0,0.0,0.0,1000.0,0,0,-0.20199999999999996,0.29800000000000004,-0.382
20219,0.0,0.0,0.0,1000.0,0,0,-0.182,0.29800000000000004,-0.382
20220,0.0,0.0,0.0,1000.0,0,0,-0.16199999999999998,0.29800000000000004,-0.382
20221,0.0,0.0,0.0,1000.0,0,0,-0.482,0.31800000000000006,-0.382
20222,0.0,0.0,0.0,1000.0,0,0,-0.46199999999999997,0.31800000000000006,-0.382
20223,0.0,0.0,0.0,1000.0,0,0,-0.442,0.31800000000000006,-0.382
20224,0.0,0.0,0.0,1000.0,0,0,-0.422,0.31800000000000006,-0.382
20225,0.0,0.0,0.0,1000.0,0,0,-0.40199999999999997,0.31800000000000006,-0.382
20226,0.0,0.0,0.0,1000.0,0,0,-0.382,0.31800000000000006,-0.382
20227,0.0,0.0,0.0,1000.0,0,0,-0.362,0.31800000000000006,-0.382
20228,0.0,0.0,0.0,1000.0,0,0,-0.34199999999999997,0.31800000000000006,-0.382
20229,0.0,0.0,0.0,1000.0,0,0,-0.32199999999999995,0.31800000000000006,-0.382
20230,0.0,0.0,0.0,1000.0,0,0,-0.302,0.31800000000000006,-0.382
20231,0.0,0.0,0.0,1000.0,0,0,-0.282,0.31800000000000006,-0.382
20232,0.0,0.0,0.0,1000.0,0,0,-0.262,0.31800000000000006,-0.382
20233,0.0,0.0,0.0,1000.0,0,0,-0.242,0.31800000000000006,-0.382
20234,0.0,0.0,0.0,1000.0,0,0,-0.22199999999999998,0.31800000000000006,-0.382
20235,0.0,0.0,0.0,1000.0,0,0,-0.20199999999999996,0.31800000000000006,-0.382
20236,0.0,0.0,0.0,1000.0,0,0,-0.182,0.31800000000000006,-0.382
20237,0.0,0.0,0.0,1000.0,0,0,-0.16199999999999998,0.31800000000000006,-0.382
20238,0.0,0.0,0.0,1000.0,0,0,-0.482,0.3380000000000001,-0.382
20239,0.0,0.0,0.0,1000.0,0,0,-0.46199999999999997,0.3380000000000001,-0.382
20240,0.0,0.0,0.0,1000.0,0,0,-0.442,0.3380000000000001,-0.382
20241,0.0,0.0,0.0,1000.0,0,0,-0.422,0.3380000000000001,-0.382
20242,0.0,0.0,0.0,1000.0,0,0,-0.40199999999999997,0.3380000000000001,-0.382
20243,0.0,0.0,0.0,1000.0,0,0,-0.382,0.3380000000000001,-0.382
20244,0.0,0.0,0.0,1000.0,0,0,-0.362,0.3380000000000001,-0.382
20245,0.0,0.0,0.0,1000.0,0,0,-0.34199999999999997,0.3380000000000001,-0.382
20246,0.0,0.0,0.0,1000.0,0,0,-0.32199999999999995,0.3380000000000001,-0.382
20247,0.0,0.0,0.0,1000.0,0,0,-0.302,0.3380000000000001,-0.382
20248,0.0,0.0,0.0,1000.0,0,0,-0.282,0.3380000000000001,-0.382
20249,0.0,0.0,0.0,1000.0,0,0,-0.262,0.3380000000000001,-0.382
20250,0.0,0.0,0.0,1000.0,0,0,-0.242,0.3380000000000001,-0.382
20251,0.0,0.0,0.0,1000.0,0,0,-0.22199999999999998,0.3380000000000001,-0.382
20252,0.0,0.0,0.0,1000.0,0,0,-0.20199999999999996,0.3380000000000001,-0.382
20253,0.0,0.0,0.0,1000.0,0,0,-0.182,0.3380000000000001,-0.382
20254,0.0,0.0,0.0,1000.0,0,0,-0.16199999999999998,0.3380000000000001,-0.382
20255,0.0,0.0,0.0,1000.0,0,0,-0.482,0.358,-0.382
20256,0.0,0.0,0.0,1000.0,0,0,-0.46199999999999997,0.358,-0.382
20257,0.0,0.0,0.0,1000.0,0,0,-0.442,0.358,-0.382
20258,0.0,0.0,0.0,1000.0,0,0,-0.422,0.358,-0.382
20259,0.0,0.0,0.0,1000.0,0,0,-0.40199999999999997,0.358,-0.382
20260,0.0,0.0,0.0,1000.0,0,0,-0.382,0.358,-0.382
20261,0.0,0.0,0.0,1000.0,0,0,-0.362,0.358,-0.382
20262,0.0,0.0,0.0,1000.0,0,0,-0.34199999999999997,0.358,-0.382
20263,0.0,0.0,0.0,1000.0,0,0,-0.32199999999999995,0.358,-0.382
20264,0.0,0.0,0.0,1000.0,0,0,-0.302,0.358,-0.382
20265,0.0,0.0,0.0,1000.0,0,0,-0.282,0.358,-0.382
20266,0.0,0.0,0.0,1000.0,0,0,-0.262,0.358,-0.382
20267,0.0,0.0,0.0,1000.0,0,0,-0.242,0.358,-0.382
20268,0.0,0.0,0.0,1000.0,0,0,-0.22199999999999998,0.358,-0.382
20269,0.0,0.0,0.0,1000.0,0,0,-0.20199999999999996,0.358,-0.382
20270,0.0,0.0,0.0,1000.0,0,0,-0.182,0.358,-0.382
20271,0.0,0.0,0.0,1000.0,0,0,-0.16199999999999998,0.358,-0.382
20272,0.0,0.0,0.0,1000.0,0,0,-0.482,0.378,-0.382
20273,0.0,0.0,0.0,1000.0,0,0,-0.46199999999999997,0.378,-0.382
20274,0.0,0.0,0.0,1000.0,0,0,-0.442,0.378,-0.382
20275,0.0,0.0,0.0,1000.0,0,0,-0.422,0.378,-0.382
20276,0.0,0.0,0.0,1000.0,0,0,-0.40199999999999997,0.378,-0.382
20277,0.0,0.0,0.0,1000.0,0,0,-0.382,0.378,-0.382
20278,0.0,0.0,0.0,1000.0,0,0,-0.362,0.378,-0.382
20279,0.0,0.0,0.0,1000.0,0,0,-0.34199999999999997,0.378,-0.382
20280,0.0,0.0,0.0,1000.0,0,0,-0.32199999999999995,0.378,-0.382
20281,0.0,0.0,0.0,1000.0,0,0,-0.302,0.378,-0.382
20282,0.0,0.0,0.0,1000.0,0,0,-0.282,0.378,-0.382
20283,0.0,0.0,0.0,1000.0,0,0,-0.262,0.378,-0.382
20284,0.0,0.0,0.0,1000.0,0,0,-0.242,0.378,-0.382
20285,0.0,0.0,0.0,1000.0,0,0,-0.22199999999999998,0.378,-0.382
20286,0.0,0.0,0.0,1000.0,0,0,-0.20199999999999996,0.378,-0.382
20287,0.0,0.0,0.0,1000.0,0,0,-0.182,0.378,-0.382
20288,0.0,0.0,0.0,1000.0,0,0,-0.16199999999999998,0.378,-0.382
20289,0.0,0.0,0.0,1000.0,0,0,-0.482,0.398,-0.382
20290,0.0,0.0,0.0,1000.0,0,0,-0.46199999999999997,0.398,-0.382
20291,0.0,0.0,0.0,1000.0,0,0,-0.442,0.398,-0.382
20292,0.0,0.0,0.0,1000.0,0,0,-0.422,0.398,-0.382
20293,0.0,0.0,0.0,1000.0,0,0,-0.40199999999999997,0.398,-0.382
20294,0.0,0.0,0.0,1000.0,0,0,-0.382,0.398,-0.382
20295,0.0,0.0,0.0,1000.0,0,0,-0.362,0.398,-0.382
20296,0.0,0.0,0.0,1000.0,0,0,-0.34199999999999997,0.398,-0.382
20297,0.0,0.0,0.0,1000.0,0,0,-0.32199999999999995,0.398,-0.382
20298,0.0,0.0,0.0,1000.0,0,0,-0.302,0.398,-0.382
20299,0.0,0.0,0.0,1000.0,0,0,-0.282,0.398,-0.382
20300,0.0,0.0,0.0,1000.0,0,0,-0.262,0.398,-0.382
20301,0.0,0.0,0.0,1000.0,0,0,-0.242,0.398,-0.382
20302,0.0,0.0,0.0,1000.0,0,0,-0.22199999999999998,0.398,-0.382
20303,0.0,0.0,0.0,1000.0,0,0,-0.20199999999999996,0.398,-0.382
20304,0.0,0.0,0.0,1000.0,0,0,-0.182,0.398,-0.382
20305,0.0,0.0,0.0,1000.0,0,0,-0.16199999999999998,0.398,-0.382
20306,0.0,0.0,0.0,1000.0,0,0,-0.482,0.41800000000000004,-0.382
20307,0.0,0.0,0.0,1000.0,0,0,-0.46199999999999997,0.41800000000000004,-0.382
20308,0.0,0.0,0.0,1000.0,0,0,-0.442,0.41800000000000004,-0.382
20309,0.0,0.0,0.0,1000.0,0,0,-0.422,0.41800000000000004,-0.382
20310,0.0,0.0,0.0,1000.0,0,0,-0.40199999999999997,0.41800000000000004,-0.382
20311,0.0,0.0,0.0,1000.0,0,0,-0.382,0.41800000000000004,-0.382
20312,0.0,0.0,0.0,1000.0,0,0,-0.362,0.41800000000000004,-0.382
20313,0.0,0.0,0.0,1000.0,0,0,-0.34199999999999997,0.41800000000000004,-0.382
20314,0.0,0.0,0.0,1000.0,0,0,-0.32199999999999995,0.41800000000000004,-0.382
20315,0.0,0.0,0.0,1000.0,0,0,-0.302,0.41800000000000004,-0.382
20316,0.0,0.0,0.0,1000.0,0,0,-0.282,0.41800000000000004,-0.382
20317,0.0,0.0,0.0,1000.0,0,0,-0.262,0.41800000000000004,-0.382
20318,0.0,0.0,0.0,1000.0,0,0,-0.242,0.41800000000000004,-0.382
20319,0.0,0.0,0.0,1000.0,0,0,-0.22199999999999998,0.41800000000000004,-0.382
20320,0.0,0.0,0.0,1000.0,0,0,-0.20199999999999996,0.41800000000000004,-0.382
20321,0.0,0.0,0.0,1000.0,0,0,-0.182,0.41800000000000004,-0.382
20322,0.0,0.0,0.0,1000.0,0,0,-0.16199999999999998,0.41800000000000004,-0.382
20323,0.0,0.0,0.0,1000.0,0,0,-0.482,0.43800000000000006,-0.382
20324,0.0,0.0,0.0,1000.0,0,0,-0.46199999999999997,0.43800000000000006,-0.382
20325,0.0,0.0,0.0,1000.0,0,0,-0.442,0.43800000000000006,-0.382
20326,0.0,0.0,0.0,1000.0,0,0,-0.422,0.43800000000000006,-0.382
20327,0.0,0.0,0.0,1000.0,0,0,-0.40199999999999997,0.43800000000000006,-0.382
20328,0.0,0.0,0.0,1000.0,0,0,-0.382,0.43800000000000006,-0.382
20329,0.0,0.0,0.0,1000.0,0,0,-0.362,0.43800000000000006,-0.382
20330,0.0,0.0,0.0,1000.0,0,0,-0.34199999999999997,0.43800000000000006,-0.382
20331,0.0,0.0,0.0,1000.0,0,0,-0.32199999999999995,0.43800000000000006,-0.382
20332,0.0,0.0,0.0,1000.0,0,0,-0.302,0.43800000000000006,-0.382
20333,0.0,0.0,0.0,1000.0,0,0,-0.282,0.43800000000000006,-0.382
20334,0.0,0.0,0.0,1000.0,0,0,-0.262,0.43800000000000006,-0.382
20335,0.0,0.0,0.0,1000.0,0,0,-0.242,0.43800000000000006,-0.382
20336,0.0,0.0,0.0,1000.0,0,0,-0.22199999999999998,0.43800000000000006,-0.382
20337,0.0,0.0,0.0,1000.0,0,0,-0.20199999999999996,0.43800000000000006,-0.382
20338,0.0,0.0,0.0,1000.0,0,0,-0.182,0.43800000000000006,-0.382
20339,0.0,0.0,0.0,1000.0,0,0,-0.16199999999999998,0.43800000000000006,-0.382
20340,0.0,0.0,0.0,1000.0,0,0,-0.482,0.4580000000000001,-0.382
20341,0.0,0.0,0.0,1000.0,0,0,-0.46199999999999997,0.4580000000000001,-0.382
20342,0.0,0.0,0.0,1000.0,0,0,-0.442,0.4580000000000001,-0.382
20343,0.0,0.0,0.0,1000.0,0,0,-0.422,0.4580000000000001,-0.382
20344,0.0,0.0,0.0,1000.0,0,0,-0.40199999999999997,0.4580000000000001,-0.382
20345,0.0,0.0,0.0,1000.0,0,0,-0.382,0.4580000000000001,-0.382
20346,0.0,0.0,0.0,1000.0,0,0,-0.362,0.4580000000000001,-0.382
20347,0.0,0.0,0.0,1000.0,0,0,-0.34199999999999997,0.4580000000000001,-0.382
20348,0.0,0.0,0.0,1000.0,0,0,-0.32199999999999995,0.4580000000000001,-0.382
20349,0.0,0.0,0.0,1000.0,0,0,-0.302,0.4580000000000001,-0.382
20350,0.0,0.0,0.0,1000.0,0,0,-0.282,0.4580000000000001,-0.382
20351,0.0,0.0,0.0,1000.0,0,0,-0.262,0.4580000000000001,-0.382
20352,0.0,0.0,0.0,1000.0,0,0,-0.242,0.4580000000000001,-0.382
20353,0.0,0.0,0.0,1000.0,0,0,-0.22199999999999998,0.4580000000000001,-0.382
20354,0.0,0.0,0.0,1000.0,0,0,-0.20199999999999996,0.4580000000000001,-0.382
20355,0.0,0.0,0.0,1000.0,0,0,-0.182,0.4580000000000001,-0.382
20356,0.0,0.0,0.0,1000.0,0,0,-0.16199999999999998,0.4580000000000001,-0.382
20357,0.0,0.0,0.0,1000.0,0,0,-0.482,0.478,-0.382
20358,0.0,0.0,0.0,1000.0,0,0,-0.46199999999999997,0.478,-0.382
20359,0.0,0.0,0.0,1000.0,0,0,-0.442,0.478,-0.382
20360,0.0,0.0,0.0,1000.0,0,0,-0.422,0.478,-0.382
20361,0.0,0.0,0.0,1000.0,0,0,-0.40199999999999997,0.478,-0.382
20362,0.0,0.0,0.0,1000.0,0,0,-0.382,0.478,-0.382
20363,0.0,0.0,0.0,1000.0,0,0,-0.362,0.478,-0.382
20364,0.0,0.0,0.0,1000.0,0,0,-0.34199999999999997,0.478,-0.382
20365,0.0,0.0,0.0,1000.0,0,0,-0.32199999999999995,0.478,-0.382
20366,0.0,0.0,0.0,1000.0,0,0,-0.302,0.478,-0.382
20367,0.0,0.0,0.0,1000.0,0,0,-0.282,0.478,-0.382
20368,0.0,0.0,0.0,1000.0,0,0,-0.262,0.478,-0.382
20369,0.0,0.0,0.0,1000.0,0,0,-0.242,0.478,-0.382
20370,0.0,0.0,0.0,1000.0,0,0,-0.22199999999999998,0.478,-0.382
20371,0.0,0.0,0.0,1000.0,0,0,-0.20199999999999996,0.478,-0.382
20372,0.0,0.0,0.0,1000.0,0,0,-0.182,0.478,-0.382
20373,0.0,0.0,0.0,1000.0,0,0,-0.16199999999999998,0.478,-0.382
20374,0.0,0.0,0.0,1000.0,0,0,-0.482,-0.482,-0.362
20375,0.0,0.0,0.0,1000.0,0,0,-0.46199999999999997,-0.482,-0.362
20376,0.0,0.0,0.0,1000.0,0,0,-0.442,-0.482,-0.362
20377,0.0,0.0,0.0,1000.0,0,0,-0.422,-0.482,-0.362
20378,0.0,0.0,0.0,1000.0,0,0,-0.40199999999999997,-0.482,-0.362
20379,0.0,0.0,0.0,1000.0,0,0,-0.382,-0.482,-0.362
20380,0.0,0.0,0.0,1000.0,0,0,-0.362,-0.482,-0.362
20381,0.0,0.0,0.0,1000.0,0,0,-0.34199999999999997,-0.482,-0.362
20382,0.0,0.0,0.0,1000.0,0,0,-0.32199999999999995,-0.482,-0.362
20383,0.0,0.0,0.0,1000.0,0,0,-0.302,-0.482,-0.362
20384,0.0,0.0,0.0,1000.0,0,0,-0.282,-0.482,-0.362
20385,0.0,0.0,0.0,1000.0,0,0,-0.262,-0.482,-0.362
20386,0.0,0.0,0.0,1000.0,0,0,-0.242,-0.482,-0.362
20387,0.0,0.0,0.0,1000.0,0,0,-0.22199999999999998,-0.482,-0.362
20388,0.0,0.0,0.0,1000.0,0,0,-0.20199999999999996,-0.482,-0.362
20389,0.0,0.0,0.0,1000.0,0,0,-0.182,-0.482,-0.362
20390,0.0,0.0,0.0,1000.0,0,0,-0.16199999999999998,-0.482,-0.362
20391,0.0,0.0,0.0,1000.0,0,0,-0.482,-0.46199999999999997,-0.362
20392,0.0,0.0,0.0,1000.0,0,0,-0.46199999999999997,-0.46199999999999997,-0.362
20393,0.0,0.0,0.0,1000.0,0,0,-0.442,-0.46199999999999997,-0.362
20394,0.0,0.0,0.0,1000.0,0,0,-0.422,-0.46199999999999997,-0.362
20395,0.0,0.0,0.0,1000.0,0,0,-0.40199999999999997,-0.46199999999999997,-0.362
20396,0.0,0.0,0.0,1000.0,0,0,-0.382,-0.46199999999999997,-0.362
20397,0.0,0.0,0.0,1000.0,0,0,-0.362,-0.46199999999999997,-0.362
20398,0.0,0.0,0.0,1000.0,0,0,-0.34199999999999997,-0.46199999999999997,-0.362
20399,0.0,0.0,0.0,1000.0,0,0,-0.32199999999999995,-0.46199999999999997,-0.362
20400,0.0,0.0,0.0,1000.0,0,0,-0.302,-0.46199999999999997,-0.362
20401,0.0,0.0,0.0,1000.0,0,0,-0.282,-0.46199999999999997,-0.362
20402,0.0,0.0,0.0,1000.0,0,0,-0.262,-0.46199999999999997,-0.362
20403,0.0,0.0,0.0,1000.0,0,0,-0.242,-0.46199999999999997,-0.362
20404,0.0,0.0,0.0,1000.0,0,0,-0.22199999999999998,-0.46199999999999997,-0.362
20405,0.0,0.0,0.0,1000.0,0,0,-0.20199999999999996,-0.46199999999999997,-0.362
20406,0.0,0.0,0.0,1000.0,0,0,-0.182,-0.46199999999999997,-0.362
20407,0.0,0.0,0.0,1000.0,0,0,-0.16199999999999998,-0.46199999999999997,-0.362
20408,0.0,0.0,0.0,1000.0,0,0,-0.482,-0.442,-0.362
20409,0.0,0.0,0.0,1000.0,0,0,-0.46199999999999997,-0.442,-0.362
20410,0.0,0.0,0.0,1000.0,0,0,-0.442,-0.442,-0.362
20411,0.0,0.0,0.0,1000.0,0,0,-0.422,-0.442,-0.362
20412,0.0,0.0,0.0,1000.0,0,0,-0.40199999999999997,-0.442,-0.362
20413,0.0,0.0,0.0,1000.0,0,0,-0.382,-0.442,-0.362
20414,0.0,0.0,0.0,1000.0,0,0,-0.362,-0.442,-0.362
20415,0.0,0.0,0.0,1000.0,0,0,-0.34199999999999997,-0.442,-0.362
20416,0.0,0.0,0.0,1000.0,0,0,-0.32199999999999995,-0.442,-0.362
20417,0.0,0.0,0.0,1000.0,0,0,-0.302,-0.442,-0.362
20418,0.0,0.0,0.0,1000.0,0,0,-0.282,-0.442,-0.362
20419,0.0,0.0,0.0,1000.0,0,0,-0.262,-0.442,-0.362
20420,0.0,0.0,0.0,1000.0,0,0,-0.242,-0.442,-0.362
20421,0.0,0.0,0.0,1000.0,0,0,-0.22199999999999998,-0.442,-0.362
20422,0.0,0.0,0.0,1000.0,0,0,-0.20199999999999996,-0.442,-0.362
20423,0.0,0.0,0.0,1000.0,0,0,-0.182,-0.442,-0.362
20424,0.0,0.0,0.0,1000.0,0,0,-0.16199999999999998,-0.442,-0.362
20425,0.0,0.0,0.0,1000.0,0,0,-0.482,-0.422,-0.362
20426,0.0,0.0,0.0,1000.0,0,0,-0.46199999999999997,-0.422,-0.362
20427,0.0,0.0,0.0,1000.0,0,0,-0.442,-0.422,-0.362
20428,0.0,0.0,0.0,1000.0,0,0,-0.422,-0.422,-0.362
20429,0.0,0.0,0.0,1000.0,0,0,-0.40199999999999997,-0.422,-0.362
20430,0.0,0.0,0.0,1000.0,0,0,-0.382,-0.422,-0.362
20431,0.0,0.0,0.0,1000.0,0,0,-0.362,-0.422,-0.362
20432,0.0,0.0,0.0,1000.0,0,0,-0.34199999999999997,-0.422,-0.362
20433,0.0,0.0,0.0,1000.0,0,0,-0.32199999999999995,-0.422,-0.362
20434,0.0,0.0,0.0,1000.0,0,0,-0.302,-0.422,-0.362
20435,0.0,0.0,0.0,1000.0,0,0,-0.282,-0.422,-0.362
20436,0.0,0.0,0.0,1000.0,0,0,-0.262,-0.422,-0.362
20437,0.0,0.0,0.0,1000.0,0,0,-0.242,-0.422,-0.362
20438,0.0,0.0,0.0,1000.0,0,0,-0.22199999999999998,-0.422,-0.362
20439,0.0,0.0,0.0,1000.0,0,0,-0.20199999999999996,-0.422,-0.362
20440,0.0,0.0,0.0,1000.0,0,0,-0.182,-0.422,-0.362
20441,0.0,0.0,0.0,1000.0,0,0,-0.16199999999999998,-0.422,-0.362
20442,0.0,0.0,0.0,1000.0,0,0,-0.482,-0.40199999999999997,-0.362
20443,0.0,0.0,0.0,1000.0,0,0,-0.46199999999999997,-0.40199999999999997,-0.362
20444,0.0,0.0,0.0,1000.0,0,0,-0.442,-0.40199999999999997,-0.362
20445,0.0,0.0,0.0,1000.0,0,0,-0.422,-0.40199999999999997,-0.362
20446,0.0,0.0,0.0,1000.0,0,0,-0.40199999999999997,-0.40199999999999997,-0.362
20447,0.0,0.0,0.0,1000.0,0,0,-0.382,-0.40199999999999997,-0.362
20448,0.0,0.0,0.0,1000.0,0,0,-0.362,-0.40199999999999997,-0.362
20449,0.0,0.0,0.0,1000.0,0,0,-0.34199999999999997,-0.40199999999999997,-0.362
20450,0.0,0.0,0.0,1000.0,0,0,-0.32199999999999995,-0.40199999999999997,-0.362
20451,0.0,0.0,0.0,1000.0,0,0,-0.302,-0.40199999999999997,-0.362
20452,0.0,0.0,0.0,1000.0,0,0,-0.282,-0.40199999999999997,-0.362
20453,0.0,0.0,0.0,1000.0,0,0,-0.262,-0.40199999999999997,-0.362
20454,0.0,0.0,0.0,1000.0,0,0,-0.242,-0.40199999999999997,-0.362
20455,0.0,0.0,0.0,1000.0,0,0,-0.22199999999999998,-0.40199999999999997,-0.362
20456,0.0,0.0,0.0,1000.0,0,0,-0.20199999999999996,-0.40199999999999997,-0.362
20457,0.0,0.0,0.0,1000.0,0,0,-0.182,-0.40199999999999997,-0.362
20458,0.0,0.0,0.0,1000.0,0,0,-0.16199999999999998,-0.40199999999999997,-0.362
20459,0.0,0.0,0.0,1000.0,0,0,-0.482,-0.382,-0.362
20460,0.0,0.0,0.0,1000.0,0,0,-0.46199999999999997,-0.382,-0.362
20461,0.0,0.0,0.0,1000.0,0,0,-0.442,-0.382,-0.362
20462,0.0,0.0,0.0,1000.0,0,0,-0.422,-0.382,-0.362
20463,0.0,0.0,0.0,1000.0,0,0,-0.40199999999999997,-0.382,-0.362
20464,0.0,0.0,0.0,1000.0,0,0,-0.382,-0.382,-0.362
20465,0.0,0.0,0.0,1000.0,0,0,-0.362,-0.382,-0.362
20466,0.0,0.0,0.0,1000.0,0,0,-0.34199999999999997,-0.382,-0.362
20467,0.0,0.0,0.0,1000.0,0,0,-0.32199999999999995,-0.382,-0.362
20468,0.0,0.0,0.0,1000.0,0,0,-0.302,-0.382,-0.362
20469,0.0,0.0,0.0,1000.0,0,0,-0.282,-0.382,-0.362
20470,0.0,0.0,0.0,1000.0,0,0,-0.262,-0.382,-0.362
20471,0.0,0.0,0.0,1000.0,0,0,-0.242,-0.382,-0.362
20472,0.0,0.0,0.0,1000.0,0,0,-0.22199999999999998,-0.382,-0.362
20473,0.0,0.0,0.0,1000.0,0,0,-0.20199999999999996,-0.382,-0.362
20474,0.0,0.0,0.0,1000.0,0,0,-0.182,-0.382,-0.362
20475,0.0,0.0,0.0,1000.0,0,0,-0.16199999999999998,-0.382,-0.362
20476,0.0,0.0,0.0,1000.0,0,0,-0.482,-0.362,-0.362
20477,0.0,0.0,0.0,1000.0,0,0,-0.46199999999999997,-0.362,-0.362
20478,0.0,0.0,0.0,1000.0,0,0,-0.442,-0.362,-0.362
20479,0.0,0.0,0.0,1000.0,0,0,-0.422,-0.362,-0.362
20480,0.0,0.0,0.0,1000.0,0,0,-0.40199999999999997,-0.362,-0.362
20481,0.0,0.0,0.0,1000.0,0,0,-0.382,-0.362,-0.362
20482,0.0,0.0,0.0,1000.0,0,0,-0.362,-0.362,-0.362
20483,0.0,0.0,0.0,1000.0,0,0,-0.34199999999999997,-0.362,-0.362
20484,0.0,0.0,0.0,1000.0,0,0,-0.32199999999999995,-0.362,-0.362
20485,0.0,0.0,0.0,1000.0,0,0,-0.302,-0.362,-0.362
20486,0.0,0.0,0.0,1000.0,0,0,-0.282,-0.362,-0.362
20487,0.0,0.0,0.0,1000.0,0,0,-0.262,-0.362,-0.362
20488,0.0,0.0,0.0,1000.0,0,0,-0.242,-0.362,-0.362
20489,0.0,0.0,0.0,1000.0,0,0,-0.22199999999999998,-0.362,-0.362
20490,0.0,0.0,0.0,1000.0,0,0,-0.20199999999999996,-0.362,-0.362
20491,0.0,0.0,0.0,1000.0,0,0,-0.182,-0.362,-0.362
20492,0.0,0.0,0.0,1000.0,0,0,-0.16199999999999998,-0.362,-0.362
20493,0.0,0.0,0.0,1000.0,0,0,-0.482,-0.34199999999999997,-0.362
20494,0.0,0.0,0.0,1000.0,0,0,-0.46199999999999997,-0.34199999999999997,-0.362
20495,0.0,0.0,0.0,1000.0,0,0,-0.442,-0.34199999999999997,-0.362
20496,0.0,0.0,0.0,1000.0,0,0,-0.422,-0.34199999999999997,-0.362
20497,0.0,0.0,0.0,1000.0,0,0,-0.40199999999999997,-0.34199999999999997,-0.362
20498,0.0,0.0,0.0,1000.0,0,0,-0.382,-0.34199999999999997,-0.362
20499,0.0,0.0,0.0,1000.0,0,0,-0.362,-0.34199999999999997,-0.362
20500,0.0,0.0,0.0,1000.0,0,0,-0.34199999999999997,-0.34199999999999997,-0.362
20501,0.0,0.0,0.0,1000.0,0,0,-0.32199999999999995,-0.34199999999999997,-0.362
20502,0.0,0.0,0.0,1000.0,0,0,-0.302,-0.34199999999999997,-0.362
20503,0.0,0.0,0.0,1000.0,0,0,-0.282,-0.34199999999999997,-0.362
20504,0.0,0.0,0.0,1000.0,0,0,-0.262,-0.34199999999999997,-0.362
20505,0.0,0.0,0.0,1000.0,0,0,-0.242,-0.34199999999999997,-0.362
20506,0.0,0.0,0.0,1000.0,0,0,-0.22199999999999998,-0.34199999999999997,-0.362
20507,0.0,0.0,0.0,1000.0,0,0,-0.20199999999999996,-0.34199999999999997,-0.362
20508,0.0,0.0,0.0,1000.0,0,0,-0.182,-0.34199999999999997,-0.362
20509,0.0,0.0,0.0,1000.0,0,0,-0.16199999999999998,-0.34199999999999997,-0.362
20510,0.0,0.0,0.0,1000.0,0,0,-0.482,-0.32199999999999995,-0.362
20511,0.0,0.0,0.0,1000.0,0,0,-0.46199999999999997,-0.32199999999999995,-0.362
20512,0.0,0.0,0.0,1000.0,0,0,-0.442,-0.32199999999999995,-0.362
20513,0.0,0.0,0.0,1000.0,0,0,-0.422,-0.32199999999999995,-0.362
20514,0.0,0.0,0.0,1000.0,0,0,-0.40199999999999997,-0.32199999999999995,-0.362
20515,0.0,0.0,0.0,1000.0,0,0,-0.382,-0.32199999999999995,-0.362
20516,0.0,0.0,0.0,1000.0,0,0,-0.362,-0.32199999999999995,-0.362
20517,0.0,0.0,0.0,1000.0,0,0,-0.34199999999999997,-0.32199999999999995,-0.362
20518,0.0,0.0,0.0,1000.0,0,0,-0.32199999999999995,-0.32199999999999995,-0.362
20519,0.0,0.0,0.0,1000.0,0,0,-0.302,-0.32199999999999995,-0.362
20520,0.0,0.0,0.0,1000.0,0,0,-0.282,-0.32199999999999995,-0.362
20521,0.0,0.0,0.0,1000.0,0,0,-0.262,-0.32199999999999995,-0.362
20522,0.0,0.0,0.0,1000.0,0,0,-0.242,-0.32199999999999995,-0.362
20523,0.0,0.0,0.0,1000.0,0,0,-0.22199999999999998,-0.32199999999999995,-0.362
20524,0.0,0.0,0.0,1000.0,0,0,-0.20199999999999996,-0.32199999999999995,-0.362
20525,0.0,0.0,0.0,1000.0,0,0,-0.182,-0.32199999999999995,-0.362
20526,0.0,0.0,0.0,1000.0,0,0,-0.16199999999999998,-0.32199999999999995,-0.362
20527,0.0,0.0,0.0,1000.0,0,0,-0.482,-0.302,-0.362
20528,0.0,0.0,0.0,1000.0,0,0,-0.46199999999999997,-0.302,-0.362
20529,0.0,0.0,0.0,1000.0,0,0,-0.442,-0.302,-0.362
20530,0.0,0.0,0.0,1000.0,0,0,-0.422,-0.302,-0.362
20531,0.0,0.0,0.0,1000.0,0,0,-0.40199999999999997,-0.302,-0.362
20532,0.0,0.0,0.0,1000.0,0,0,-0.382,-0.302,-0.362
20533,0.0,0.0,0.0,1000.0,0,0,-0.362,-0.302,-0.362
20534,0.0,0.0,0.0,1000.0,0,0,-0.34199999999999997,-0.302,-0.362
20535,0.0,0.0,0.0,1000.0,0,0,-0.32199999999999995,-0.302,-0.362
20536,0.0,0.0,0.0,1000.0,0,0,-0.302,-0.302,-0.362
20537,0.0,0.0,0.0,1000.0,0,0,-0.282,-0.302,-0.362
20538,0.0,0.0,0.0,1000.0,0,0,-0.262,-0.302,-0.362
20539,0.0,0.0,0.0,1000.0,0,0,-0.242,-0.302,-0.362
20540,0.0,0.0,0.0,1000.0,0,0,-0.22199999999999998,-0.302,-0.362
20541,0.0,0.0,0.0,1000.0,0,0,-0.20199999999999996,-0.302,-0.362
20542,0.0,0.0,0.0,1000.0,0,0,-0.182,-0.302,-0.362
20543,0.0,0.0,0.0,1000.0,0,0,-0.16199999999999998,-0.302,-0.362
20544,0.0,0.0,0.0,1000.0,0,0,-0.482,-0.282,-0.362
20545,0.0,0.0,0.0,1000.0,0,0,-0.46199999999999997,-0.282,-0.362
20546,0.0,0.0,0.0,1000.0,0,0,-0.442,-0.282,-0.362
20547,0.0,0.0,0.0,1000.0,0,0,-0.422,-0.282,-0.362
20548,0.0,0.0,0.0,1000.0,0,0,-0.40199999999999997,-0.282,-0.362
20549,0.0,0.0,0.0,1000.0,0,0,-0.382,-0.282,-0.362
20550,0.0,0.0,0.0,1000.0,0,0,-0.362,-0.282,-0.362
20551,0.0,0.0,0.0,1000.0,0,0,-0.34199999999999997,-0.282,-0.362
20552,0.0,0.0,0.0,1000.0,0,0,-0.32199999999999995,-0.282,-0.362
20553,0.0,0.0,0.0,1000.0,0,0,-0.302,-0.282,-0.362
20554,0.0,0.0,0.0,1000.0,0,0,-0.282,-0.282,-0.362
20555,0.0,0.0,0.0,1000.0,0,0,-0.262,-0.282,-0.362
20556,0.0,0.0,0.0,1000.0,0,0,-0.242,-0.282,-0.362
20557,0.0,0.0,0.0,1000.0,0,0,-0.22199999999999998,-0.282,-0.362
20558,0.0,0.0,0.0,1000.0,0,0,-0.20199999999999996,-0.282,-0.362
20559,0.0,0.0,0.0,1000.0,0,0,-0.182,-0.282,-0.362
20560,0.0,0.0,0.0,1000.0,0,0,-0.16199999999999998,-0.282,-0.362
20561,0.0,0.0,0.0,1000.0,0,0,-0.482,-0.262,-0.362
20562,0.0,0.0,0.0,1000.0,0,0,-0.46199999999999997,-0.262,-0.362
20563,0.0,0.0,0.0,1000.0,0,0,-0.442,-0.262,-0.362
20564,0.0,0.0,0.0,1000.0,0,0,-0.422,-0.262,-0.362
20565,0.0,0.0,0.0,1000.0,0,0,-0.40199999999999997,-0.262,-0.362
20566,0.0,0.0,0.0,1000.0,0,0,-0.382,-0.262,-0.362
20567,0.0,0.0,0.0,1000.0,0,0,-0.362,-0.262,-0.362
20568,0.0,0.0,0.0,1000.0,0,0,-0.34199999999999997,-0.262,-0.362
20569,0.0,0.0,0.0,1000.0,0,0,-0.32199999999999995,-0.262,-0.362
20570,0.0,0.0,0.0,1000.0,0,0,-0.302,-0.262,-0.362
20571,0.0,0.0,0.0,1000.0,0,0,-0.282,-0.262,-0.362
20572,0.0,0.0,0.0,1000.0,0,0,-0.262,-0.262,-0.362
20573,0.0,0.0,0.0,1000.0,0,0,-0.242,-0.262,-0.362
20574,0.0,0.0,0.0,1000.0,0,0,-0.22199999999999998,-0.262,-0.362
20575,0.0,0.0,0.0,1000.0,0,0,-0.20199999999999996,-0.262,-0.362
20576,0.0,0.0,0.0,1000.0,0,0,-0.182,-0.262,-0.362
20577,0.0,0.0,0.0,1000.0,0,0,-0.16199999999999998,-0.262,-0.362
20578,0.0,0.0,0.0,1000.0,0,0,-0.482,-0.242,-0.362
20579,0.0,0.0,0.0,1000.0,0,0,-0.46199999999999997,-0.242,-0.362
20580,0.0,0.0,0.0,1000.0,0,0,-0.442,-0.242,-0.362
20581,0.0,0.0,0.0,1000.0,0,0,-0.422,-0.242,-0.362
20582,0.0,0.0,0.0,1000.0,0,0,-0.40199999999999997,-0.242,-0.362
20583,0.0,0.0,0.0,1000.0,0,0,-0.382,-0.242,-0.362
20584,0.0,0.0,0.0,1000.0,0,0,-0.362,-0.242,-0.362
20585,0.0,0.0,0.0,1000.0,0,0,-0.34199999999999997,-0.242,-0.362
20586,0.0,0.0,0.0,1000.0,0,0,-0.32199999999999995,-0.242,-0.362
20587,0.0,0.0,0.0,1000.0,0,0,-0.302,-0.242,-0.362
20588,0.0,0.0,0.0,1000.0,0,0,-0.282,-0.242,-0.362
20589,0.0,0.0,0.0,1000.0,0,0,-0.262,-0.242,-0.362
20590,0.0,0.0,0.0,1000.0,0,0,-0.242,-0.242,-0.362
20591,0.0,0.0,0.0,1000.0,0,0,-0.22199999999999998,-0.242,-0.362
20592,0.0,0.0,0.0,1000.0,0,0,-0.20199999999999996,-0.242,-0.362
20593,0.0,0.0,0.0,1000.0,0,0,-0.182,-0.242,-0.362
20594,0.0,0.0,0.0,1000.0,0,0,-0.16199999999999998,-0.242,-0.362
20595,0.0,0.0,0.0,1000.0,0,0,-0.482,-0.22199999999999998,-0.362
20596,0.0,0.0,0.0,1000.0,0,0,-0.46199999999999997,-0.22199999999999998,-0.362
20597,0.0,0.0,0.0,1000.0,0,0,-0.442,-0.22199999999999998,-0.362
20598,0.0,0.0,0.0,1000.0,0,0,-0.422,-0.22199999999999998,-0.362
20599,0.0,0.0,0.0,1000.0,0,0,-0.40199999999999997,-0.22199999999999998,-0.362
20600,0.0,0.0,0.0,1000.0,0,0,-0.382,-0.22199999999999998,-0.362
20601,0.0,0.0,0.0,1000.0,0,0,-0.362,-0.22199999999999998,-0.362
20602,0.0,0.0,0.0,1000.0,0,0,-0.34199999999999997,-0.22199999999999998,-0.362
20603,0.0,0.0,0.0,1000.0,0,0,-0.32199999999999995,-0.22199999999999998,-0.362
20604,0.0,0.0,0.0,1000.0,0,0,-0.302,-0.22199999999999998,-0.362
20605,0.0,0.0,0.0,1000.0,0,0,-0.282,-0.22199999999999998,-0.362
20606,0.0,0.0,0.0,1000.0,0,0,-0.262,-0.22199999999999998,-0.362
20607,0.0,0.0,0.0,1000.0,0,0,-0.242,-0.22199999999999998,-0.362
20608,0.0,0.0,0.0,1000.0,0,0,-0.22199999999999998,-0.22199999999999998,-0.362
20609,0.0,0.0,0.0,1000.0,0,0,-0.20199999999999996,-0.22199999999999998,-0.362
20610,0.0,0.0,0.0,1000.0,0,0,-0.182,-0.22199999999999998,-0.362
20611,0.0,0.0,0.0,1000.0,0,0,-0.16199999999999998,-0.22199999999999998,-0.362
20612,0.0,0.0,0.0,1000.0,0,0,-0.482,-0.20199999999999996,-0.362
20613,0.0,0.0,0.0,1000.0,0,0,-0.46199999999999997,-0.20199999999999996,-0.362
20614,0.0,0.0,0.0,1000.0,0,0,-0.442,-0.20199999999999996,-0.362
20615,0.0,0.0,0.0,1000.0,0,0,-0.422,-0.20199999999999996,-0.362
20616,0.0,0.0,0.0,1000.0,0,0,-0.40199999999999997,-0.20199999999999996,-0.362
20617,0.0,0.0,0.0,1000.0,0,0,-0.382,-0.20199999999999996,-0.362
20618,0.0,0.0,0.0,1000.0,0,0,-0.362,-0.20199999999999996,-0.362
20619,0.0,0.0,0.0,1000.0,0,0,-0.34199999999999997,-0.20199999999999996,-0.362
20620,0.0,0.0,0.0,1000.0,0,0,-0.32199999999999995,-0.20199999999999996,-0.362
20621,0.0,0.0,0.0,1000.0,0,0,-0.302,-0.20199999999999996,-0.362
20622,0.0,0.0,0.0,1000.0,0,0,-0.282,-0.20199999999999996,-0.362
20623,0.0,0.0,0.0,1000.0,0,0,-0.262,-0.20199999999999996,-0.362
20624,0.0,0.0,0.0,1000.0,0,0,-0.242,-0.20199999999999996,-0.362
20625,0.0,0.0,0.0,1000.0,0,0,-0.22199999999999998,-0.20199999999999996,-0.362
20626,0.0,0.0,0.0,1000.0,0,0,-0.20199999999999996,-0.20199999999999996,-0.362
20627,0.0,0.0,0.0,1000.0,0,0,-0.182,-0.20199999999999996,-0.362
20628,0.0,0.0,0.0,1000.0,0,0,-0.16199999999999998,-0.20199999999999996,-0.362
20629,0.0,0.0,0.0,1000.0,0,0,-0.482,-0.182,-0.362
20630,0.0,0.0,0.0,1000.0,0,0,-0.46199999999999997,-0.182,-0.362
20631,0.0,0.0,0.0,1000.0,0,0,-0.442,-0.182,-0.362
20632,0.0,0.0,0.0,1000.0,0,0,-0.422,-0.182,-0.362
20633,0.0,0.0,0.0,1000.0,0,0,-0.40199999999999997,-0.182,-0.362
20634,0.0,0.0,0.0,1000.0,0,0,-0.382,-0.182,-0.362
20635,0.0,0.0,0.0,1000.0,0,0,-0.362,-0.182,-0.362
20636,0.0,0.0,0.0,1000.0,0,0,-0.34199999999999997,-0.182,-0.362
20637,0.0,0.0,0.0,1000.0,0,0,-0.32199999999999995,-0.182,-0.362
20638,0.0,0.0,0.0,1000.0,0,0,-0.302,-0.182,-0.362
20639,0.0,0.0,0.0,1000.0,0,0,-0.282,-0.182,-0.362
20640,0.0,0.0,0.0,1000.0,0,0,-0.262,-0.182,-0.362
20641,0.0,0.0,0.0,1000.0,0,0,-0.242,-0.182,-0.362
20642,0.0,0.0,0.0,1000.0,0,0,-0.22199999999999998,-0.182,-0.362
20643,0.0,0.0,0.0,1000.0,0,0,-0.20199999999999996,-0.182,-0.362
20644,0.0,0.0,0.0,1000.0,0,0,-0.182,-0.182,-0.362
20645,0.0,0.0,0.0,1000.0,0,0,-0.16199999999999998,-0.182,-0.362
20646,0.0,0.0,0.0,1000.0,0,0,-0.482,-0.16199999999999998,-0.362
20647,0.0,0.0,0.0,1000.0,0,0,-0.46199999999999997,-0.16199999999999998,-0.362
20648,0.0,0.0,0.0,1000.0,0,0,-0.442,-0.16199999999999998,-0.362
20649,0.0,0.0,0.0,1000.0,0,0,-0.422,-0.16199999999999998,-0.362
20650,0.0,0.0,0.0,1000.0,0,0,-0.40199999999999997,-0.16199999999999998,-0.362
20651,0.0,0.0,0.0,1000.0,0,0,-0.382,-0.16199999999999998,-0.362
20652,0.0,0.0,0.0,1000.0,0,0,-0.362,-0.16199999999999998,-0.362
20653,0.0,0.0,0.0,1000.0,0,0,-0.34199999999999997,-0.16199999999999998,-0.362
20654,0.0,0.0,0.0,1000.0,0,0,-0.32199999999999995,-0.16199999999999998,-0.362
20655,0.0,0.0,0.0,1000.0,0,0,-0.302,-0.16199999999999998,-0.362
20656,0.0,0.0,0.0,1000.0,0,0,-0.282,-0.16199999999999998,-0.362
20657,0.0,0.0,0.0,1000.0,0,0,-0.262,-0.16199999999999998,-0.362
20658,0.0,0.0,0.0,1000.0,0,0,-0.242,-0.16199999999999998,-0.362
20659,0.0,0.0,0.0,1000.0,0,0,-0.22199999999999998,-0.16199999999999998,-0.362
20660,0.0,0.0,0.0,1000.0,0,0,-0.20199999999999996,-0.16199999999999998,-0.362
20661,0.0,0.0,0.0,1000.0,0,0,-0.182,-0.16199999999999998,-0.362
20662,0.0,0.0,0.0,1000.0,0,0,-0.16199999999999998,-0.16199999999999998,-0.362
20663,0.0,0.0,0.0,1000.0,0,0,-0.482,-0.14199999999999996,-0.362
20664,0.0,0.0,0.0,1000.0,0,0,-0.46199999999999997,-0.14199999999999996,-0.362
20665,0.0,0.0,0.0,1000.0,0,0,-0.442,-0.14199999999999996,-0.362
20666,0.0,0.0,0.0,1000.0,0,0,-0.422,-0.14199999999999996,-0.362
20667,0.0,0.0,0.0,1000.0,0,0,-0.40199999999999997,-0.14199999999999996,-0.362
20668,0.0,0.0,0.0,1000.0,0,0,-0.382,-0.14199999999999996,-0.362
20669,0.0,0.0,0.0,1000.0,0,0,-0.362,-0.14199999999999996,-0.362
20670,0.0,0.0,0.0,1000.0,0,0,-0.34199999999999997,-0.14199999999999996,-0.362
20671,0.0,0.0,0.0,1000.0,0,0,-0.32199999999999995,-0.14199999999999996,-0.362
20672,0.0,0.0,0.0,1000.0,0,0,-0.302,-0.14199999999999996,-0.362
20673,0.0,0.0,0.0,1000.0,0,0,-0.282,-0.14199999999999996,-0.362
20674,0.0,0.0,0.0,1000.0,0,0,-0.262,-0.14199999999999996,-0.362
20675,0.0,0.0,0.0,1000.0,0,0,-0.242,-0.14199999999999996,-0.362
20676,0.0,0.0,0.0,1000.0,0,0,-0.22199999999999998,-0.14199999999999996,-0.362
20677,0.0,0.0,0.0,1000.0,0,0,-0.20199999999999996,-0.14199999999999996,-0.362
20678,0.0,0.0,0.0,1000.0,0,0,-0.182,-0.14199999999999996,-0.362
20679,0.0,0.0,0.0,1000.0,0,0,-0.16199999999999998,-0.14199999999999996,-0.362
20680,0.0,0.0,0.0,1000.0,0,0,-0.482,-0.122,-0.362
20681,0.0,0.0,0.0,1000.0,0,0,-0.46199999999999997,-0.122,-0.362
20682,0.0,0.0,0.0,1000.0,0,0,-0.442,-0.122,-0.362
20683,0.0,0.0,0.0,1000.0,0,0,-0.422,-0.122,-0.362
20684,0.0,0.0,0.0,1000.0,0,0,-0.40199999999999997,-0.122,-0.362
20685,0.0,0.0,0.0,1000.0,0,0,-0.382,-0.122,-0.362
20686,0.0,0.0,0.0,1000.0,0,0,-0.362,-0.122,-0.362
20687,0.0,0.0,0.0,1000.0,0,0,-0.34199999999999997,-0.122,-0.362
20688,0.0,0.0,0.0,1000.0,0,0,-0.32199999999999995,-0.122,-0.362
20689,0.0,0.0,0.0,1000.0,0,0,-0.302,-0.122,-0.362
20690,0.0,0.0,0.0,1000.0,0,0,-0.282,-0.122,-0.362
20691,0.0,0.0,0.0,1000.0,0,0,-0.262,-0.122,-0.362
20692,0.0,0.0,0.0,1000.0,0,0,-0.242,-0.122,-0.362
20693,0.0,0.0,0.0,1000.0,0,0,-0.22199999999999998,-0.122,-0.362
20694,0.0,0.0,0.0,1000.0,0,0,-0.20199999999999996,-0.122,-0.362
20695,0.0,0.0,0.0,1000.0,0,0,-0.182,-0.122,-0.362
20696,0.0,0.0,0.0,1000.0,0,0,-0.16199999999999998,-0.122,-0.362
20697,0.0,0.0,0.0,1000.0,0,0,-0.482,-0.10199999999999998,-0.362
20698,0.0,0.0,0.0,1000.0,0,0,-0.46199999999999997,-0.10199999999999998,-0.362
20699,0.0,0.0,0.0,1000.0,0,0,-0.442,-0.10199999999999998,-0.362
20700,0.0,0.0,0.0,1000.0,0,0,-0.422,-0.10199999999999998,-0.362
20701,0.0,0.0,0.0,1000.0,0,0,-0.40199999999999997,-0.10199999999999998,-0.362
20702,0.0,0.0,0.0,1000.0,0,0,-0.382,-0.10199999999999998,-0.362
20703,0.0,0.0,0.0,1000.0,0,0,-0.362,-0.10199999999999998,-0.362
20704,0.0,0.0,0.0,1000.0,0,0,-0.34199999999999997,-0.10199999999999998,-0.362
20705,0.0,0.0,0.0,1000.0,0,0,-0.32199999999999995,-0.10199999999999998,-0.362
20706,0.0,0.0,0.0,1000.0,0,0,-0.302,-0.10199999999999998,-0.362
20707,0.0,0.0,0.0,1000.0,0,0,-0.282,-0.10199999999999998,-0.362
20708,0.0,0.0,0.0,1000.0,0,0,-0.262,-0.10199999999999998,-0.362
20709,0.0,0.0,0.0,1000.0,0,0,-0.242,-0.10199999999999998,-0.362
20710,0.0,0.0,0.0,1000.0,0,0,-0.22199999999999998,-0.10199999999999998,-0.362
20711,0.0,0.0,0.0,1000.0,0,0,-0.20199999999999996,-0.10199999999999998,-0.362
20712,0.0,0.0,0.0,1000.0,0,0,-0.182,-0.10199999999999998,-0.362
20713,0.0,0.0,0.0,1000.0,0,0,-0.16199999999999998,-0.10199999999999998,-0.362
20714,0.0,0.0,0.0,1000.0,0,0,-0.482,-0.08199999999999996,-0.362
20715,0.0,0.0,0.0,1000.0,0,0,-0.46199999999999997,-0.08199999999999996,-0.362
20716,0.0,0.0,0.0,1000.0,0,0,-0.442,-0.08199999999999996,-0.362
20717,0.0,0.0,0.0,1000.0,0,0,-0.422,-0.08199999999999996,-0.362
20718,0.0,0.0,0.0,1000.0,0,0,-0.40199999999999997,-0.08199999999999996,-0.362
20719,0.0,0.0,0.0,1000.0,0,0,-0.382,-0.08199999999999996,-0.362
20720,0.0,0.0,0.0,1000.0,0,0,-0.362,-0.08199999999999996,-0.362
20721,0.0,0.0,0.0,1000.0,0,0,-0.34199999999999997,-0.08199999999999996,-0.362
20722,0.0,0.0,0.0,1000.0,0,0,-0.32199999999999995,-0.08199999999999996,-0.362
20723,0.0,0.0,0.0,1000.0,0,0,-0.302,-0.08199999999999996,-0.362
20724,0.0,0.0,0.0,1000.0,0,0,-0.282,-0.08199999999999996,-0.362
20725,0.0,0.0,0.0,1000.0,0,0,-0.262,-0.08199999999999996,-0.362
20726,0.0,0.0,0.0,1000.0,0,0,-0.242,-0.08199999999999996,-0.362
20727,0.0,0.0,0.0,1000.0,0,0,-0.22199999999999998,-0.08199999999999996,-0.362
20728,0.0,0.0,0.0,1000.0,0,0,-0.20199999999999996,-0.08199999999999996,-0.362
20729,0.0,0.0,0.0,1000.0,0,0,-0.182,-0.08199999999999996,-0.362
20730,0.0,0.0,0.0,1000.0,0,0,-0.16199999999999998,-0.08199999999999996,-0.362
20731,0.0,0.0,0.0,1000.0,0,0,-0.482,-0.062,-0.362
20732,0.0,0.0,0.0,1000.0,0,0,-0.46199999999999997,-0.062,-0.362
20733,0.0,0.0,0.0,1000.0,0,0,-0.442,-0.062,-0.362
20734,0.0,0.0,0.0,1000.0,0,0,-0.422,-0.062,-0.362
20735,0.0,0.0,0.0,1000.0,0,0,-0.40199999999999997,-0.062,-0.362
20736,0.0,0.0,0.0,1000.0,0,0,-0.382,-0.062,-0.362
20737,0.0,0.0,0.0,1000.0,0,0,-0.362,-0.062,-0.362
20738,0.0,0.0,0.0,1000.0,0,0,-0.34199999999999997,-0.062,-0.362
20739,0.0,0.0,0.0,1000.0,0,0,-0.32199999999999995,-0.062,-0.362
20740,0.0,0.0,0.0,1000.0,0,0,-0.302,-0.062,-0.362
20741,0.0,0.0,0.0,1000.0,0,0,-0.282,-0.062,-0.362
20742,0.0,0.0,0.0,1000.0,0,0,-0.262,-0.062,-0.362
20743,0.0,0.0,0.0,1000.0,0,0,-0.242,-0.062,-0.362
20744,0.0,0.0,0.0,1000.0,0,0,-0.22199999999999998,-0.062,-0.362
20745,0.0,0.0,0.0,1000.0,0,0,-0.20199999999999996,-0.062,-0.362
20746,0.0,0.0,0.0,1000.0,0,0,-0.182,-0.062,-0.362
20747,0.0,0.0,0.0,1000.0,0,0,-0.16199999999999998,-0.062,-0.362
20748,0.0,0.0,0.0,1000.0,0,0,-0.482,-0.04199999999999998,-0.362
20749,0.0,0.0,0.0,1000.0,0,0,-0.46199999999999997,-0.04199999999999998,-0.362
20750,0.0,0.0,0.0,1000.0,0,0,-0.442,-0.04199999999999998,-0.362
20751,0.0,0.0,0.0,1000.0,0,0,-0.422,-0.04199999999999998,-0.362
20752,0.0,0.0,0.0,1000.0,0,0,-0.40199999999999997,-0.04199999999999998,-0.362
20753,0.0,0.0,0.0,1000.0,0,0,-0.382,-0.04199999999999998,-0.362
20754,0.0,0.0,0.0,1000.0,0,0,-0.362,-0.04199999999999998,-0.362
20755,0.0,0.0,0.0,1000.0,0,0,-0.34199999999999997,-0.04199999999999998,-0.362
20756,0.0,0.0,0.0,1000.0,0,0,-0.32199999999999995,-0.04199999999999998,-0.362
20757,0.0,0.0,0.0,1000.0,0,0,-0.302,-0.04199999999999998,-0.362
20758,0.0,0.0,0.0,1000.0,0,0,-0.282,-0.04199999999999998,-0.362
20759,0.0,0.0,0.0,1000.0,0,0,-0.262,-0.04199999999999998,-0.362
20760,0.0,0.0,0.0,1000.0,0,0,-0.242,-0.04199999999999998,-0.362
20761,0.0,0.0,0.0,1000.0,0,0,-0.22199999999999998,-0.04199999999999998,-0.362
20762,0.0,0.0,0.0,1000.0,0,0,-0.20199999999999996,-0.04199999999999998,-0.362
20763,0.0,0.0,0.0,1000.0,0,0,-0.182,-0.04199999999999998,-0.362
20764,0.0,0.0,0.0,1000.0,0,0,-0.16199999999999998,-0.04199999999999998,-0.362
20765,0.0,0.0,0.0,1000.0,0,0,-0.482,-0.021999999999999964,-0.362
20766,0.0,0.0,0.0,1000.0,0,0,-0.46199999999999997,-0.021999999999999964,-0.362
20767,0.0,0.0,0.0,1000.0,0,0,-0.442,-0.021999999999999964,-0.362
20768,0.0,0.0,0.0,1000.0,0,0,-0.422,-0.021999999999999964,-0.362
20769,0.0,0.0,0.0,1000.0,0,0,-0.40199999999999997,-0.021999999999999964,-0.362
20770,0.0,0.0,0.0,1000.0,0,0,-0.382,-0.021999999999999964,-0.362
20771,0.0,0.0,0.0,1000.0,0,0,-0.362,-0.021999999999999964,-0.362
20772,0.0,0.0,0.0,1000.0,0,0,-0.34199999999999997,-0.021999999999999964,-0.362
20773,0.0,0.0,0.0,1000.0,0,0,-0.32199999999999995,-0.021999999999999964,-0.362
20774,0.0,0.0,0.0,1000.0,0,0,-0.302,-0.021999999999999964,-0.362
20775,0.0,0.0,0.0,1000.0,0,0,-0.282,-0.021999999999999964,-0.362
20776,0.0,0.0,0.0,1000.0,0,0,-0.262,-0.021999999999999964,-0.362
20777,0.0,0.0,0.0,1000.0,0,0,-0.242,-0.021999999999999964,-0.362
20778,0.0,0.0,0.0,1000.0,0,0,-0.22199999999999998,-0.021999999999999964,-0.362
20779,0.0,0.0,0.0,1000.0,0,0,-0.20199999999999996,-0.021999999999999964,-0.362
20780,0.0,0.0,0.0,1000.0,0,0,-0.182,-0.021999999999999964,-0.362
20781,0.0,0.0,0.0,1000.0,0,0,-0.16199999999999998,-0.021999999999999964,-0.362
20782,0.0,0.0,0.0,1000.0,0,0,-0.482,-0.0020000000000000018,-0.362
20783,0.0,0.0,0.0,1000.0,0,0,-0.46199999999999997,-0.0020000000000000018,-0.362
20784,0.0,0.0,0.0,1000.0,0,0,-0.442,-0.0020000000000000018,-0.362
20785,0.0,0.0,0.0,1000.0,0,0,-0.422,-0.0020000000000000018,-0.362
20786,0.0,0.0,0.0,1000.0,0,0,-0.40199999999999997,-0.0020000000000000018,-0.362
20787,0.0,0.0,0.0,1000.0,0,0,-0.382,-0.0020000000000000018,-0.362
20788,0.0,0.0,0.0,1000.0,0,0,-0.362,-0.0020000000000000018,-0.362
20789,0.0,0.0,0.0,1000.0,0,0,-0.34199999999999997,-0.0020000000000000018,-0.362
20790,0.0,0.0,0.0,1000.0,0,0,-0.32199999999999995,-0.0020000000000000018,-0.362
20791,0.0,0.0,0.0,1000.0,0,0,-0.302,-0.0020000000000000018,-0.362
20792,0.0,0.0,0.0,1000.0,0,0,-0.282,-0.0020000000000000018,-0.362
20793,0.0,0.0,0.0,1000.0,0,0,-0.262,-0.0020000000000000018,-0.362
20794,0.0,0.0,0.0,1000.0,0,0,-0.242,-0.0020000000000000018,-0.362
20795,0.0,0.0,0.0,1000.0,0,0,-0.22199999999999998,-0.0020000000000000018,-0.362
20796,0.0,0.0,0.0,1000.0,0,0,-0.20199999999999996,-0.0020000000000000018,-0.362
20797,0.0,0.0,0.0,1000.0,0,0,-0.182,-0.0020000000000000018,-0.362
20798,0.0,0.0,0.0,1000.0,0,0,-0.16199999999999998,-0.0020000000000000018,-0.362
20799,0.0,0.0,0.0,1000.0,0,0,-0.482,0.018000000000000016,-0.362
20800,0.0,0.0,0.0,1000.0,0,0,-0.46199999999999997,0.018000000000000016,-0.362
20801,0.0,0.0,0.0,1000.0,0,0,-0.442,0.018000000000000016,-0.362
20802,0.0,0.0,0.0,1000.0,0,0,-0.422,0.018000000000000016,-0.362
20803,0.0,0.0,0.0,1000.0,0,0,-0.40199999999999997,0.018000000000000016,-0.362
20804,0.0,0.0,0.0,1000.0,0,0,-0.382,0.018000000000000016,-0.362
20805,0.0,0.0,0.0,1000.0,0,0,-0.362,0.018000000000000016,-0.362
20806,0.0,0.0,0.0,1000.0,0,0,-0.34199999999999997,0.018000000000000016,-0.362
20807,0.0,0.0,0.0,1000.0,0,0,-0.32199999999999995,0.018000000000000016,-0.362
20808,0.0,0.0,0.0,1000.0,0,0,-0.302,0.018000000000000016,-0.362
20809,0.0,0.0,0.0,1000.0,0,0,-0.282,0.018000000000000016,-0.362
20810,0.0,0.0,0.0,1000.0,0,0,-0.262,0.018000000000000016,-0.362
20811,0.0,0.0,0.0,1000.0,0,0,-0.242,0.018000000000000016,-0.362
20812,0.0,0.0,0.0,1000.0,0,0,-0.22199999999999998,0.018000000000000016,-0.362
20813,0.0,0.0,0.0,1000.0,0,0,-0.20199999999999996,0.018000000000000016,-0.362
20814,0.0,0.0,0.0,1000.0,0,0,-0.182,0.018000000000000016,-0.362
20815,0.0,0.0,0.0,1000.0,0,0,-0.16199999999999998,0.018000000000000016,-0.362
20816,0.0,0.0,0.0,1000.0,0,0,-0.482,0.038000000000000034,-0.362
20817,0.0,0.0,0.0,1000.0,0,0,-0.46199999999999997,0.038000000000000034,-0.362
20818,0.0,0.0,0.0,1000.0,0,0,-0.442,0.038000000000000034,-0.362
20819,0.0,0.0,0.0,1000.0,0,0,-0.422,0.038000000000000034,-0.362
20820,0.0,0.0,0.0,1000.0,0,0,-0.40199999999999997,0.038000000000000034,-0.362
20821,0.0,0.0,0.0,1000.0,0,0,-0.382,0.038000000000000034,-0.362
20822,0.0,0.0,0.0,1000.0,0,0,-0.362,0.038000000000000034,-0.362
20823,0.0,0.0,0.0,1000.0,0,0,-0.34199999999999997,0.038000000000000034,-0.362
20824,0.0,0.0,0.0,1000.0,0,0,-0.32199999999999995,0.038000000000000034,-0.362
20825,0.0,0.0,0.0,1000.0,0,0,-0.302,0.038000000000000034,-0.362
20826,0.0,0.0,0.0,1000.0,0,0,-0.282,0.038000000000000034,-0.362
20827,0.0,0.0,0.0,1000.0,0,0,-0.262,0.038000000000000034,-0.362
20828,0.0,0.0,0.0,1000.0,0,0,-0.242,0.038000000000000034,-0.362
20829,0.0,0.0,0.0,1000.0,0,0,-0.22199999999999998,0.038000000000000034,-0.362
20830,0.0,0.0,0.0,1000.0,0,0,-0.20199999999999996,0.038000000000000034,-0.362
20831,0.0,0.0,0.0,1000.0,0,0,-0.182,0.038000000000000034,-0.362
20832,0.0,0.0,0.0,1000.0,0,0,-0.16199999999999998,0.038000000000000034,-0.362
20833,0.0,0.0,0.0,1000.0,0,0,-0.482,0.05800000000000005,-0.362
20834,0.0,0.0,0.0,1000.0,0,0,-0.46199999999999997,0.05800000000000005,-0.362
20835,0.0,0.0,0.0,1000.0,0,0,-0.442,0.05800000000000005,-0.362
20836,0.0,0.0,0.0,1000.0,0,0,-0.422,0.05800000000000005,-0.362
20837,0.0,0.0,0.0,1000.0,0,0,-0.40199999999999997,0.05800000000000005,-0.362
20838,0.0,0.0,0.0,1000.0,0,0,-0.382,0.05800000000000005,-0.362
20839,0.0,0.0,0.0,1000.0,0,0,-0.362,0.05800000000000005,-0.362
20840,0.0,0.0,0.0,1000.0,0,0,-0.34199999999999997,0.05800000000000005,-0.362
20841,0.0,0.0,0.0,1000.0,0,0,-0.32199999999999995,0.05800000000000005,-0.362
20842,0.0,0.0,0.0,1000.0,0,0,-0.302,0.05800000000000005,-0.362
20843,0.0,0.0,0.0,1000.0,0,0,-0.282,0.05800000000000005,-0.362
20844,0.0,0.0,0.0,1000.0,0,0,-0.262,0.05800000000000005,-0.362
20845,0.0,0.0,0.0,1000.0,0,0,-0.242,0.05800000000000005,-0.362
20846,0.0,0.0,0.0,1000.0,0,0,-0.22199999999999998,0.05800000000000005,-0.362
20847,0.0,0.0,0.0,1000.0,0,0,-0.20199999999999996,0.05800000000000005,-0.362
20848,0.0,0.0,0.0,1000.0,0,0,-0.182,0.05800000000000005,-0.362
20849,0.0,0.0,0.0,1000.0,0,0,-0.16199999999999998,0.05800000000000005,-0.362
20850,0.0,0.0,0.0,1000.0,0,0,-0.482,0.07800000000000007,-0.362
20851,0.0,0.0,0.0,1000.0,0,0,-0.46199999999999997,0.07800000000000007,-0.362
20852,0.0,0.0,0.0,1000.0,0,0,-0.442,0.07800000000000007,-0.362
20853,0.0,0.0,0.0,1000.0,0,0,-0.422,0.07800000000000007,-0.362
20854,0.0,0.0,0.0,1000.0,0,0,-0.40199999999999997,0.07800000000000007,-0.362
20855,0.0,0.0,0.0,1000.0,0,0,-0.382,0.07800000000000007,-0.362
20856,0.0,0.0,0.0,1000.0,0,0,-0.362,0.07800000000000007,-0.362
20857,0.0,0.0,0.0,1000.0,0,0,-0.34199999999999997,0.07800000000000007,-0.362
20858,0.0,0.0,0.0,1000.0,0,0,-0.32199999999999995,0.07800000000000007,-0.362
20859,0.0,0.0,0.0,1000.0,0,0,-0.302,0.07800000000000007,-0.362
20860,0.0,0.0,0.0,1000.0,0,0,-0.282,0.07800000000000007,-0.362
20861,0.0,0.0,0.0,1000.0,0,0,-0.262,0.07800000000000007,-0.362
20862,0.0,0.0,0.0,1000.0,0,0,-0.242,0.07800000000000007,-0.362
20863,0.0,0.0,0.0,1000.0,0,0,-0.22199999999999998,0.07800000000000007,-0.362
20864,0.0,0.0,0.0,1000.0,0,0,-0.20199999999999996,0.07800000000000007,-0.362
20865,0.0,0.0,0.0,1000.0,0,0,-0.182,0.07800000000000007,-0.362
20866,0.0,0.0,0.0,1000.0,0,0,-0.16199999999999998,0.07800000000000007,-0.362
20867,0.0,0.0,0.0,1000.0,0,0,-0.482,0.09799999999999998,-0.362
20868,0.0,0.0,0.0,1000.0,0,0,-0.46199999999999997,0.09799999999999998,-0.362
20869,0.0,0.0,0.0,1000.0,0,0,-0.442,0.09799999999999998,-0.362
20870,0.0,0.0,0.0,1000.0,0,0,-0.422,0.09799999999999998,-0.362
20871,0.0,0.0,0.0,1000.0,0,0,-0.40199999999999997,0.09799999999999998,-0.362
20872,0.0,0.0,0.0,1000.0,0,0,-0.382,0.09799999999999998,-0.362
20873,0.0,0.0,0.0,1000.0,0,0,-0.362,0.09799999999999998,-0.362
20874,0.0,0.0,0.0,1000.0,0,0,-0.34199999999999997,0.09799999999999998,-0.362
20875,0.0,0.0,0.0,1000.0,0,0,-0.32199999999999995,0.09799999999999998,-0.362
20876,0.0,0.0,0.0,1000.0,0,0,-0.302,0.09799999999999998,-0.362
20877,0.0,0.0,0.0,1000.0,0,0,-0.282,0.09799999999999998,-0.362
20878,0.0,0.0,0.0,1000.0,0,0,-0.262,0.09799999999999998,-0.362
20879,0.0,0.0,0.0,1000.0,0,0,-0.242,0.09799999999999998,-0.362
20880,0.0,0.0,0.0,1000.0,0,0,-0.22199999999999998,0.09799999999999998,-0.362
20881,0.0,0.0,0.0,1000.0,0,0,-0.20199999999999996,0.09799999999999998,-0.362
20882,0.0,0.0,0.0,1000.0,0,0,-0.182,0.09799999999999998,-0.362
20883,0.0,0.0,0.0,1000.0,0,0,-0.16199999999999998,0.09799999999999998,-0.362
20884,0.0,0.0,0.0,1000.0,0,0,-0.482,0.118,-0.362
20885,0.0,0.0,0.0,1000.0,0,0,-0.46199999999999997,0.118,-0.362
20886,0.0,0.0,0.0,1000.0,0,0,-0.442,0.118,-0.362
20887,0.0,0.0,0.0,1000.0,0,0,-0.422,0.118,-0.362
20888,0.0,0.0,0.0,1000.0,0,0,-0.40199999999999997,0.118,-0.362
20889,0.0,0.0,0.0,1000.0,0,0,-0.382,0.118,-0.362
20890,0.0,0.0,0.0,1000.0,0,0,-0.362,0.118,-0.362
20891,0.0,0.0,0.0,1000.0,0,0,-0.34199999999999997,0.118,-0.362
20892,0.0,0.0,0.0,1000.0,0,0,-0.32199999999999995,0.118,-0.362
20893,0.0,0.0,0.0,1000.0,0,0,-0.302,0.118,-0.362
20894,0.0,0.0,0.0,1000.0,0,0,-0.282,0.118,-0.362
20895,0.0,0.0,0.0,1000.0,0,0,-0.262,0.118,-0.362
20896,0.0,0.0,0.0,1000.0,0,0,-0.242,0.118,-0.362
20897,0.0,0.0,0.0,1000.0,0,0,-0.22199999999999998,0.118,-0.362
20898,0.0,0.0,0.0,1000.0,0,0,-0.20199999999999996,0.118,-0.362
20899,0.0,0.0,0.0,1000.0,0,0,-0.182,0.118,-0.362
20900,0.0,0.0,0.0,1000.0,0,0,-0.16199999999999998,0.118,-0.362
20901,0.0,0.0,0.0,1000.0,0,0,-0.482,0.138,-0.362
20902,0.0,0.0,0.0,1000.0,0,0,-0.46199999999999997,0.138,-0.362
20903,0.0,0.0,0.0,1000.0,0,0,-0.442,0.138,-0.362
20904,0.0,0.0,0.0,1000.0,0,0,-0.422,0.138,-0.362
20905,0.0,0.0,0.0,1000.0,0,0,-0.40199999999999997,0.138,-0.362
20906,0.0,0.0,0.0,1000.0,0,0,-0.382,0.138,-0.362
20907,0.0,0.0,0.0,1000.0,0,0,-0.362,0.138,-0.362
20908,0.0,0.0,0.0,1000.0,0,0,-0.34199999999999997,0.138,-0.362
20909,0.0,0.0,0.0,1000.0,0,0,-0.32199999999999995,0.138,-0.362
20910,0.0,0.0,0.0,1000.0,0,0,-0.302,0.138,-0.362
20911,0.0,0.0,0.0,1000.0,0,0,-0.282,0.138,-0.362
20912,0.0,0.0,0.0,1000.0,0,0,-0.262,0.138,-0.362
20913,0.0,0.0,0.0,1000.0,0,0,-0.242,0.138,-0.362
20914,0.0,0.0,0.0,1000.0,0,0,-0.22199999999999998,0.138,-0.362
20915,0.0,0.0,0.0,1000.0,0,0,-0.20199999999999996,0.138,-0.362
20916,0.0,0.0,0.0,1000.0,0,0,-0.182,0.138,-0.362
20917,0.0,0.0,0.0,1000.0,0,0,-0.16199999999999998,0.138,-0.362
20918,0.0,0.0,0.0,1000.0,0,0,-0.482,0.15800000000000003,-0.362
20919,0.0,0.0,0.0,1000.0,0,0,-0.46199999999999997,0.15800000000000003,-0.362
20920,0.0,0.0,0.0,1000.0,0,0,-0.442,0.15800000000000003,-0.362
20921,0.0,0.0,0.0,1000.0,0,0,-0.422,0.15800000000000003,-0.362
20922,0.0,0.0,0.0,1000.0,0,0,-0.40199999999999997,0.15800000000000003,-0.362
20923,0.0,0.0,0.0,1000.0,0,0,-0.382,0.15800000000000003,-0.362
20924,0.0,0.0,0.0,1000.0,0,0,-0.362,0.15800000000000003,-0.362
20925,0.0,0.0,0.0,1000.0,0,0,-0.34199999999999997,0.15800000000000003,-0.362
20926,0.0,0.0,0.0,1000.0,0,0,-0.32199999999999995,0.15800000000000003,-0.362
20927,0.0,0.0,0.0,1000.0,0,0,-0.302,0.15800000000000003,-0.362
20928,0.0,0.0,0.0,1000.0,0,0,-0.282,0.15800000000000003,-0.362
20929,0.0,0.0,0.0,1000.0,0,0,-0.262,0.15800000000000003,-0.362
20930,0.0,0.0,0.0,1000.0,0,0,-0.242,0.15800000000000003,-0.362
20931,0.0,0.0,0.0,1000.0,0,0,-0.22199999999999998,0.15800000000000003,-0.362
20932,0.0,0.0,0.0,1000.0,0,0,-0.20199999999999996,0.15800000000000003,-0.362
20933,0.0,0.0,0.0,1000.0,0,0,-0.182,0.15800000000000003,-0.362
20934,0.0,0.0,0.0,1000.0,0,0,-0.16199999999999998,0.15800000000000003,-0.362
20935,0.0,0.0,0.0,1000.0,0,0,-0.482,0.17800000000000005,-0.362
20936,0.0,0.0,0.0,1000.0,0,0,-0.46199999999999997,0.17800000000000005,-0.362
20937,0.0,0.0,0.0,1000.0,0,0,-0.442,0.17800000000000005,-0.362
20938,0.0,0.0,0.0,1000.0,0,0,-0.422,0.17800000000000005,-0.362
20939,0.0,0.0,0.0,1000.0,0,0,-0.40199999999999997,0.17800000000000005,-0.362
20940,0.0,0.0,0.0,1000.0,0,0,-0.382,0.17800000000000005,-0.362
20941,0.0,0.0,0.0,1000.0,0,0,-0.362,0.17800000000000005,-0.362
20942,0.0,0.0,0.0,1000.0,0,0,-0.34199999999999997,0.17800000000000005,-0.362
20943,0.0,0.0,0.0,1000.0,0,0,-0.32199999999999995,0.17800000000000005,-0.362
20944,0.0,0.0,0.0,1000.0,0,0,-0.302,0.17800000000000005,-0.362
20945,0.0,0.0,0.0,1000.0,0,0,-0.282,0.17800000000000005,-0.362
20946,0.0,0.0,0.0,1000.0,0,0,-0.262,0.17800000000000005,-0.362
20947,0.0,0.0,0.0,1000.0,0,0,-0.242,0.17800000000000005,-0.362
20948,0.0,0.0,0.0,1000.0,0,0,-0.22199999999999998,0.17800000000000005,-0.362
20949,0.0,0.0,0.0,1000.0,0,0,-0.20199999999999996,0.17800000000000005,-0.362
20950,0.0,0.0,0.0,1000.0,0,0,-0.182,0.17800000000000005,-0.362
20951,0.0,0.0,0.0,1000.0,0,0,-0.16199999999999998,0.17800000000000005,-0.362
20952,0.0,0.0,0.0,1000.0,0,0,-0.482,0.19800000000000006,-0.362
20953,0.0,0.0,0.0,1000.0,0,0,-0.46199999999999997,0.19800000000000006,-0.362
20954,0.0,0.0,0.0,1000.0,0,0,-0.442,0.19800000000000006,-0.362
20955,0.0,0.0,0.0,1000.0,0,0,-0.422,0.19800000000000006,-0.362
20956,0.0,0.0,0.0,1000.0,0,0,-0.40199999999999997,0.19800000000000006,-0.362
20957,0.0,0.0,0.0,1000.0,0,0,-0.382,0.19800000000000006,-0.362
20958,0.0,0.0,0.0,1000.0,0,0,-0.362,0.19800000000000006,-0.362
20959,0.0,0.0,0.0,1000.0,0,0,-0.34199999999999997,0.19800000000000006,-0.362
20960,0.0,0.0,0.0,1000.0,0,0,-0.32199999999999995,0.19800000000000006,-0.362
20961,0.0,0.0,0.0,1000.0,0,0,-0.302,0.19800000000000006,-0.362
20962,0.0,0.0,0.0,1000.0,0,0,-0.282,0.19800000000000006,-0.362
20963,0.0,0.0,0.0,1000.0,0,0,-0.262,0.19800000000000006,-0.362
20964,0.0,0.0,0.0,1000.0,0,0,-0.242,0.19800000000000006,-0.362
20965,0.0,0.0,0.0,1000.0,0,0,-0.22199999999999998,0.19800000000000006,-0.362
20966,0.0,0.0,0.0,1000.0,0,0,-0.20199999999999996,0.19800000000000006,-0.362
20967,0.0,0.0,0.0,1000.0,0,0,-0.182,0.19800000000000006,-0.362
20968,0.0,0.0,0.0,1000.0,0,0,-0.16199999999999998,0.19800000000000006,-0.362
20969,0.0,0.0,0.0,1000.0,0,0,-0.482,0.21800000000000008,-0.362
20970,0.0,0.0,0.0,1000.0,0,0,-0.46199999999999997,0.21800000000000008,-0.362
20971,0.0,0.0,0.0,1000.0,0,0,-0.442,0.21800000000000008,-0.362
20972,0.0,0.0,0.0,1000.0,0,0,-0.422,0.21800000000000008,-0.362
20973,0.0,0.0,0.0,1000.0,0,0,-0.40199999999999997,0.21800000000000008,-0.362
20974,0.0,0.0,0.0,1000.0,0,0,-0.382,0.21800000000000008,-0.362
20975,0.0,0.0,0.0,1000.0,0,0,-0.362,0.21800000000000008,-0.362
20976,0.0,0.0,0.0,1000.0,0,0,-0.34199999999999997,0.21800000000000008,-0.362
20977,0.0,0.0,0.0,1000.0,0,0,-0.32199999999999995,0.21800000000000008,-0.362
20978,0.0,0.0,0.0,1000.0,0,0,-0.302,0.21800000000000008,-0.362
20979,0.0,0.0,0.0,1000.0,0,0,-0.282,0.21800000000000008,-0.362
20980,0.0,0.0,0.0,1000.0,0,0,-0.262,0.21800000000000008,-0.362
20981,0.0,0.0,0.0,1000.0,0,0,-0.242,0.21800000000000008,-0.362
20982,0.0,0.0,0.0,1000.0,0,0,-0.22199999999999998,0.21800000000000008,-0.362
20983,0.0,0.0,0.0,1000.0,0,0,-0.20199999999999996,0.21800000000000008,-0.362
20984,0.0,0.0,0.0,1000.0,0,0,-0.182,0.21800000000000008,-0.362
20985,0.0,0.0,0.0,1000.0,0,0,-0.16199999999999998,0.21800000000000008,-0.362
20986,0.0,0.0,0.0,1000.0,0,0,-0.482,0.238,-0.362
20987,0.0,0.0,0.0,1000.0,0,0,-0.46199999999999997,0.238,-0.362
20988,0.0,0.0,0.0,1000.0,0,0,-0.442,0.238,-0.362
20989,0.0,0.0,0.0,1000.0,0,0,-0.422,0.238,-0.362
20990,0.0,0.0,0.0,1000.0,0,0,-0.40199999999999997,0.238,-0.362
20991,0.0,0.0,0.0,1000.0,0,0,-0.382,0.238,-0.362
20992,0.0,0.0,0.0,1000.0,0,0,-0.362,0.238,-0.362
20993,0.0,0.0,0.0,1000.0,0,0,-0.34199999999999997,0.238,-0.362
20994,0.0,0.0,0.0,1000.0,0,0,-0.32199999999999995,0.238,-0.362
20995,0.0,0.0,0.0,1000.0,0,0,-0.302,0.238,-0.362
20996,0.0,0.0,0.0,1000.0,0,0,-0.282,0.238,-0.362
20997,0.0,0.0,0.0,1000.0,0,0,-0.262,0.238,-0.362
20998,0.0,0.0,0.0,1000.0,0,0,-0.242,0.238,-0.362
20999,0.0,0.0,0.0,1000.0,0,0,-0.22199999999999998,0.238,-0.362
21000,0.0,0.0,0.0,1000.0,0,0,-0.20199999999999996,0.238,-0.362
21001,0.0,0.0,0.0,1000.0,0,0,-0.182,0.238,-0.362
21002,0.0,0.0,0.0,1000.0,0,0,-0.16199999999999998,0.238,-0.362
21003,0.0,0.0,0.0,1000.0,0,0,-0.482,0.258,-0.362
21004,0.0,0.0,0.0,1000.0,0,0,-0.46199999999999997,0.258,-0.362
21005,0.0,0.0,0.0,1000.0,0,0,-0.442,0.258,-0.362
21006,0.0,0.0,0.0,1000.0,0,0,-0.422,0.258,-0.362
21007,0.0,0.0,0.0,1000.0,0,0,-0.40199999999999997,0.258,-0.362
21008,0.0,0.0,0.0,1000.0,0,0,-0.382,0.258,-0.362
21009,0.0,0.0,0.0,1000.0,0,0,-0.362,0.258,-0.362
21010,0.0,0.0,0.0,1000.0,0,0,-0.34199999999999997,0.258,-0.362
21011,0.0,0.0,0.0,1000.0,0,0,-0.32199999999999995,0.258,-0.362
21012,0.0,0.0,0.0,1000.0,0,0,-0.302,0.258,-0.362
21013,0.0,0.0,0.0,1000.0,0,0,-0.282,0.258,-0.362
21014,0.0,0.0,0.0,1000.0,0,0,-0.262,0.258,-0.362
21015,0.0,0.0,0.0,1000.0,0,0,-0.242,0.258,-0.362
21016,0.0,0.0,0.0,1000.0,0,0,-0.22199999999999998,0.258,-0.362
21017,0.0,0.0,0.0,1000.0,0,0,-0.20199999999999996,0.258,-0.362
21018,0.0,0.0,0.0,1000.0,0,0,-0.182,0.258,-0.362
21019,0.0,0.0,0.0,1000.0,0,0,-0.16199999999999998,0.258,-0.362
21020,0.0,0.0,0.0,1000.0,0,0,-0.482,0.278,-0.362
21021,0.0,0.0,0.0,1000.0,0,0,-0.46199999999999997,0.278,-0.362
21022,0.0,0.0,0.0,1000.0,0,0,-0.442,0.278,-0.362
21023,0.0,0.0,0.0,1000.0,0,0,-0.422,0.278,-0.362
21024,0.0,0.0,0.0,1000.0,0,0,-0.40199999999999997,0.278,-0.362
21025,0.0,0.0,0.0,1000.0,0,0,-0.382,0.278,-0.362
21026,0.0,0.0,0.0,1000.0,0,0,-0.362,0.278,-0.362
21027,0.0,0.0,0.0,1000.0,0,0,-0.34199999999999997,0.278,-0.362
21028,0.0,0.0,0.0,1000.0,0,0,-0.32199999999999995,0.278,-0.362
21029,0.0,0.0,0.0,1000.0,0,0,-0.302,0.278,-0.362
21030,0.0,0.0,0.0,1000.0,0,0,-0.282,0.278,-0.362
21031,0.0,0.0,0.0,1000.0,0,0,-0.262,0.278,-0.362
21032,0.0,0.0,0.0,1000.0,0,0,-0.242,0.278,-0.362
21033,0.0,0.0,0.0,1000.0,0,0,-0.22199999999999998,0.278,-0.362
21034,0.0,0.0,0.0,1000.0,0,0,-0.20199999999999996,0.278,-0.362
21035,0.0,0.0,0.0,1000.0,0,0,-0.182,0.278,-0.362
21036,0.0,0.0,0.0,1000.0,0,0,-0.16199999999999998,0.278,-0.362
21037,0.0,0.0,0.0,1000.0,0,0,-0.482,0.29800000000000004,-0.362
21038,0.0,0.0,0.0,1000.0,0,0,-0.46199999999999997,0.29800000000000004,-0.362
21039,0.0,0.0,0.0,1000.0,0,0,-0.442,0.29800000000000004,-0.362
21040,0.0,0.0,0.0,1000.0,0,0,-0.422,0.29800000000000004,-0.362
21041,0.0,0.0,0.0,1000.0,0,0,-0.40199999999999997,0.29800000000000004,-0.362
21042,0.0,0.0,0.0,1000.0,0,0,-0.382,0.29800000000000004,-0.362
21043,0.0,0.0,0.0,1000.0,0,0,-0.362,0.29800000000000004,-0.362
21044,0.0,0.0,0.0,1000.0,0,0,-0.34199999999999997,0.29800000000000004,-0.362
21045,0.0,0.0,0.0,1000.0,0,0,-0.32199999999999995,0.29800000000000004,-0.362
21046,0.0,0.0,0.0,1000.0,0,0,-0.302,0.29800000000000004,-0.362
21047,0.0,0.0,0.0,1000.0,0,0,-0.282,0.29800000000000004,-0.362
21048,0.0,0.0,0.0,1000.0,0,0,-0.262,0.29800000000000004,-0.362
21049,0.0,0.0,0.0,1000.0,0,0,-0.242,0.29800000000000004,-0.362
21050,0.0,0.0,0.0,1000.0,0,0,-0.22199999999999998,0.29800000000000004,-0.362
21051,0.0,0.0,0.0,1000.0,0,0,-0.20199999999999996,0.29800000000000004,-0.362
21052,0.0,0.0,0.0,1000.0,0,0,-0.182,0.29800000000000004,-0.362
21053,0.0,0.0,0.0,1000.0,0,0,-0.16199999999999998,0.29800000000000004,-0.362
21054,0.0,0.0,0.0,1000.0,0,0,-0.482,0.31800000000000006,-0.362
21055,0.0,0.0,0.0,1000.0,0,0,-0.46199999999999997,0.31800000000000006,-0.362
21056,0.0,0.0,0.0,1000.0,0,0,-0.442,0.31800000000000006,-0.362
21057,0.0,0.0,0.0,1000.0,0,0,-0.422,0.31800000000000006,-0.362
21058,0.0,0.0,0.0,1000.0,0,0,-0.40199999999999997,0.31800000000000006,-0.362
21059,0.0,0.0,0.0,1000.0,0,0,-0.382,0.31800000000000006,-0.362
21060,0.0,0.0,0.0,1000.0,0,0,-0.362,0.31800000000000006,-0.362
21061,0.0,0.0,0.0,1000.0,0,0,-0.34199999999999997,0.31800000000000006,-0.362
21062,0.0,0.0,0.0,1000.0,0,0,-0.32199999999999995,0.31800000000000006,-0.362
21063,0.0,0.0,0.0,1000.0,0,0,-0.302,0.31800000000000006,-0.362
21064,0.0,0.0,0.0,1000.0,0,0,-0.282,0.31800000000000006,-0.362
21065,0.0,0.0,0.0,1000.0,0,0,-0.262,0.31800000000000006,-0.362
21066,0.0,0.0,0.0,1000.0,0,0,-0.242,0.31800000000000006,-0.362
21067,0.0,0.0,0.0,1000.0,0,0,-0.22199999999999998,0.31800000000000006,-0.362
21068,0.0,0.0,0.0,1000.0,0,0,-0.20199999999999996,0.31800000000000006,-0.362
21069,0.0,0.0,0.0,1000.0,0,0,-0.182,0.31800000000000006,-0.362
21070,0.0,0.0,0.0,1000.0,0,0,-0.16199999999999998,0.31800000000000006,-0.362
21071,0.0,0.0,0.0,1000.0,0,0,-0.482,0.3380000000000001,-0.362
21072,0.0,0.0,0.0,1000.0,0,0,-0.46199999999999997,0.3380000000000001,-0.362
21073,0.0,0.0,0.0,1000.0,0,0,-0.442,0.3380000000000001,-0.362
21074,0.0,0.0,0.0,1000.0,0,0,-0.422,0.3380000000000001,-0.362
21075,0.0,0.0,0.0,1000.0,0,0,-0.40199999999999997,0.3380000000000001,-0.362
21076,0.0,0.0,0.0,1000.0,0,0,-0.382,0.3380000000000001,-0.362
21077,0.0,0.0,0.0,1000.0,0,0,-0.362,0.3380000000000001,-0.362
21078,0.0,0.0,0.0,1000.0,0,0,-0.34199999999999997,0.3380000000000001,-0.362
21079,0.0,0.0,0.0,1000.0,0,0,-0.32199999999999995,0.3380000000000001,-0.362
21080,0.0,0.0,0.0,1000.0,0,0,-0.302,0.3380000000000001,-0.362
21081,0.0,0.0,0.0,1000.0,0,0,-0.282,0.3380000000000001,-0.362
21082,0.0,0.0,0.0,1000.0,0,0,-0.262,0.3380000000000001,-0.362
21083,0.0,0.0,0.0,1000.0,0,0,-0.242,0.3380000000000001,-0.362
21084,0.0,0.0,0.0,1000.0,0,0,-0.22199999999999998,0.3380000000000001,-0.362
21085,0.0,0.0,0.0,1000.0,0,0,-0.20199999999999996,0.3380000000000001,-0.362
21086,0.0,0.0,0.0,1000.0,0,0,-0.182,0.3380000000000001,-0.362
21087,0.0,0.0,0.0,1000.0,0,0,-0.16199999999999998,0.3380000000000001,-0.362
21088,0.0,0.0,0.0,1000.0,0,0,-0.482,0.358,-0.362
21089,0.0,0.0,0.0,1000.0,0,0,-0.46199999999999997,0.358,-0.362
21090,0.0,0.0,0.0,1000.0,0,0,-0.442,0.358,-0.362
21091,0.0,0.0,0.0,1000.0,0,0,-0.422,0.358,-0.362
21092,0.0,0.0,0.0,1000.0,0,0,-0.40199999999999997,0.358,-0.362
21093,0.0,0.0,0.0,1000.0,0,0,-0.382,0.358,-0.362
21094,0.0,0.0,0.0,1000.0,0,0,-0.362,0.358,-0.362
21095,0.0,0.0,0.0,1000.0,0,0,-0.34199999999999997,0.358,-0.362
21096,0.0,0.0,0.0,1000.0,0,0,-0.32199999999999995,0.358,-0.362
21097,0.0,0.0,0.0,1000.0,0,0,-0.302,0.358,-0.362
21098,0.0,0.0,0.0,1000.0,0,0,-0.282,0.358,-0.362
21099,0.0,0.0,0.0,1000.0,0,0,-0.262,0.358,-0.362
21100,0.0,0.0,0.0,1000.0,0,0,-0.242,0.358,-0.362
21101,0.0,0.0,0.0,1000.0,0,0,-0.22199999999999998,0.358,-0.362
21102,0.0,0.0,0.0,1000.0,0,0,-0.20199999999999996,0.358,-0.362
21103,0.0,0.0,0.0,1000.0,0,0,-0.182,0.358,-0.362
21104,0.0,0.0,0.0,1000.0,0,0,-0.16199999999999998,0.358,-0.362
21105,0.0,0.0,0.0,1000.0,0,0,-0.482,0.378,-0.362
21106,0.0,0.0,0.0,1000.0,0,0,-0.46199999999999997,0.378,-0.362
21107,0.0,0.0,0.0,1000.0,0,0,-0.442,0.378,-0.362
21108,0.0,0.0,0.0,1000.0,0,0,-0.422,0.378,-0.362
21109,0.0,0.0,0.0,1000.0,0,0,-0.40199999999999997,0.378,-0.362
21110,0.0,0.0,0.0,1000.0,0,0,-0.382,0.378,-0.362
21111,0.0,0.0,0.0,1000.0,0,0,-0.362,0.378,-0.362
21112,0.0,0.0,0.0,1000.0,0,0,-0.34199999999999997,0.378,-0.362
21113,0.0,0.0,0.0,1000.0,0,0,-0.32199999999999995,0.378,-0.362
21114,0.0,0.0,0.0,1000.0,0,0,-0.302,0.378,-0.362
21115,0.0,0.0,0.0,1000.0,0,0,-0.282,0.378,-0.362
21116,0.0,0.0,0.0,1000.0,0,0,-0.262,0.378,-0.362
21117,0.0,0.0,0.0,1000.0,0,0,-0.242,0.378,-0.362
21118,0.0,0.0,0.0,1000.0,0,0,-0.22199999999999998,0.378,-0.362
21119,0.0,0.0,0.0,1000.0,0,0,-0.20199999999999996,0.378,-0.362
21120,0.0,0.0,0.0,1000.0,0,0,-0.182,0.378,-0.362
21121,0.0,0.0,0.0,1000.0,0,0,-0.16199999999999998,0.378,-0.362
21122,0.0,0.0,0.0,1000.0,0,0,-0.482,0.398,-0.362
21123,0.0,0.0,0.0,1000.0,0,0,-0.46199999999999997,0.398,-0.362
21124,0.0,0.0,0.0,1000.0,0,0,-0.442,0.398,-0.362
21125,0.0,0.0,0.0,1000.0,0,0,-0.422,0.398,-0.362
21126,0.0,0.0,0.0,1000.0,0,0,-0.40199999999999997,0.398,-0.362
21127,0.0,0.0,0.0,1000.0,0,0,-0.382,0.398,-0.362
21128,0.0,0.0,0.0,1000.0,0,0,-0.362,0.398,-0.362
21129,0.0,0.0,0.0,1000.0,0,0,-0.34199999999999997,0.398,-0.362
21130,0.0,0.0,0.0,1000.0,0,0,-0.32199999999999995,0.398,-0.362
21131,0.0,0.0,0.0,1000.0,0,0,-0.302,0.398,-0.362
21132,0.0,0.0,0.0,1000.0,0,0,-0.282,0.398,-0.362
21133,0.0,0.0,0.0,1000.0,0,0,-0.262,0.398,-0.362
21134,0.0,0.0,0.0,1000.0,0,0,-0.242,0.398,-0.362
21135,0.0,0.0,0.0,1000.0,0,0,-0.22199999999999998,0.398,-0.362
21136,0.0,0.0,0.0,1000.0,0,0,-0.20199999999999996,0.398,-0.362
21137,0.0,0.0,0.0,1000.0,0,0,-0.182,0.398,-0.362
21138,0.0,0.0,0.0,1000.0,0,0,-0.16199999999999998,0.398,-0.362
21139,0.0,0.0,0.0,1000.0,0,0,-0.482,0.41800000000000004,-0.362
21140,0.0,0.0,0.0,1000.0,0,0,-0.46199999999999997,0.41800000000000004,-0.362
21141,0.0,0.0,0.0,1000.0,0,0,-0.442,0.41800000000000004,-0.362
21142,0.0,0.0,0.0,1000.0,0,0,-0.422,0.41800000000000004,-0.362
21143,0.0,0.0,0.0,1000.0,0,0,-0.40199999999999997,0.41800000000000004,-0.362
21144,0.0,0.0,0.0,1000.0,0,0,-0.382,0.41800000000000004,-0.362
21145,0.0,0.0,0.0,1000.0,0,0,-0.362,0.41800000000000004,-0.362
21146,0.0,0.0,0.0,1000.0,0,0,-0.34199999999999997,0.41800000000000004,-0.362
21147,0.0,0.0,0.0,1000.0,0,0,-0.32199999999999995,0.41800000000000004,-0.362
21148,0.0,0.0,0.0,1000.0,0,0,-0.302,0.41800000000000004,-0.362
21149,0.0,0.0,0.0,1000.0,0,0,-0.282,0.41800000000000004,-0.362
21150,0.0,0.0,0.0,1000.0,0,0,-0.262,0.41800000000000004,-0.362
21151,0.0,0.0,0.0,1000.0,0,0,-0.242,0.41800000000000004,-0.362
21152,0.0,0.0,0.0,1000.0,0,0,-0.22199999999999998,0.41800000000000004,-0.362
21153,0.0,0.0,0.0,1000.0,0,0,-0.20199999999999996,0.41800000000000004,-0.362
21154,0.0,0.0,0.0,1000.0,0,0,-0.182,0.41800000000000004,-0.362
21155,0.0,0.0,0.0,1000.0,0,0,-0.16199999999999998,0.41800000000000004,-0.362
21156,0.0,0.0,0.0,1000.0,0,0,-0.482,0.43800000000000006,-0.362
21157,0.0,0.0,0.0,1000.0,0,0,-0.46199999999999997,0.43800000000000006,-0.362
21158,0.0,0.0,0.0,1000.0,0,0,-0.442,0.43800000000000006,-0.362
21159,0.0,0.0,0.0,1000.0,0,0,-0.422,0.43800000000000006,-0.362
21160,0.0,0.0,0.0,1000.0,0,0,-0.40199999999999997,0.43800000000000006,-0.362
21161,0.0,0.0,0.0,1000.0,0,0,-0.382,0.43800000000000006,-0.362
21162,0.0,0.0,0.0,1000.0,0,0,-0.362,0.43800000000000006,-0.362
21163,0.0,0.0,0.0,1000.0,0,0,-0.34199999999999997,0.43800000000000006,-0.362
21164,0.0,0.0,0.0,1000.0,0,0,-0.32199999999999995,0.43800000000000006,-0.362
21165,0.0,0.0,0.0,1000.0,0,0,-0.302,0.43800000000000006,-0.362
21166,0.0,0.0,0.0,1000.0,0,0,-0.282,0.43800000000000006,-0.362
21167,0.0,0.0,0.0,1000.0,0,0,-0.262,0.43800000000000006,-0.362
21168,0.0,0.0,0.0,1000.0,0,0,-0.242,0.43800000000000006,-0.362
21169,0.0,0.0,0.0,1000.0,0,0,-0.22199999999999998,0.43800000000000006,-0.362
21170,0.0,0.0,0.0,1000.0,0,0,-0.20199999999999996,0.43800000000000006,-0.362
21171,0.0,0.0,0.0,1000.0,0,0,-0.182,0.43800000000000006,-0.362
21172,0.0,0.0,0.0,1000.0,0,0,-0.16199999999999998,0.43800000000000006,-0.362
21173,0.0,0.0,0.0,1000.0,0,0,-0.482,0.4580000000000001,-0.362
21174,0.0,0.0,0.0,1000.0,0,0,-0.46199999999999997,0.4580000000000001,-0.362
21175,0.0,0.0,0.0,1000.0,0,0,-0.442,0.4580000000000001,-0.362
21176,0.0,0.0,0.0,1000.0,0,0,-0.422,0.4580000000000001,-0.362
21177,0.0,0.0,0.0,1000.0,0,0,-0.40199999999999997,0.4580000000000001,-0.362
21178,0.0,0.0,0.0,1000.0,0,0,-0.382,0.4580000000000001,-0.362
21179,0.0,0.0,0.0,1000.0,0,0,-0.362,0.4580000000000001,-0.362
21180,0.0,0.0,0.0,1000.0,0,0,-0.34199999999999997,0.4580000000000001,-0.362
21181,0.0,0.0,0.0,1000.0,0,0,-0.32199999999999995,0.4580000000000001,-0.362
21182,0.0,0.0,0.0,1000.0,0,0,-0.302,0.4580000000000001,-0.362
21183,0.0,0.0,0.0,1000.0,0,0,-0.282,0.4580000000000001,-0.362
21184,0.0,0.0,0.0,1000.0,0,0,-0.262,0.4580000000000001,-0.362
21185,0.0,0.0,0.0,1000.0,0,0,-0.242,0.4580000000000001,-0.362
21186,0.0,0.0,0.0,1000.0,0,0,-0.22199999999999998,0.4580000000000001,-0.362
21187,0.0,0.0,0.0,1000.0,0,0,-0.20199999999999996,0.4580000000000001,-0.362
21188,0.0,0.0,0.0,1000.0,0,0,-0.182,0.4580000000000001,-0.362
21189,0.0,0.0,0.0,1000.0,0,0,-0.16199999999999998,0.4580000000000001,-0.362
21190,0.0,0.0,0.0,1000.0,0,0,-0.482,0.478,-0.362
21191,0.0,0.0,0.0,1000.0,0,0,-0.46199999999999997,0.478,-0.362
21192,0.0,0.0,0.0,1000.0,0,0,-0.442,0.478,-0.362
21193,0.0,0.0,0.0,1000.0,0,0,-0.422,0.478,-0.362
21194,0.0,0.0,0.0,1000.0,0,0,-0.40199999999999997,0.478,-0.362
21195,0.0,0.0,0.0,1000.0,0,0,-0.382,0.478,-0.362
21196,0.0,0.0,0.0,1000.0,0,0,-0.362,0.478,-0.362
21197,0.0,0.0,0.0,1000.0,0,0,-0.34199999999999997,0.478,-0.362
21198,0.0,0.0,0.0,1000.0,0,0,-0.32199999999999995,0.478,-0.362
21199,0.0,0.0,0.0,1000.0,0,0,-0.302,0.478,-0.362
21200,0.0,0.0,0.0,1000.0,0,0,-0.282,0.478,-0.362
21201,0.0,0.0,0.0,1000.0,0,0,-0.262,0.478,-0.362
21202,0.0,0.0,0.0,1000.0,0,0,-0.242,0.478,-0.362
21203,0.0,0.0,0.0,1000.0,0,0,-0.22199999999999998,0.478,-0.362
21204,0.0,0.0,0.0,1000.0,0,0,-0.20199999999999996,0.478,-0.362
21205,0.0,0.0,0.0,1000.0,0,0,-0.182,0.478,-0.362
21206,0.0,0.0,0.0,1000.0,0,0,-0.16199999999999998,0.478,-0.362
21207,0.0,0.0,0.0,1000.0,0,0,-0.482,-0.482,-0.34199999999999997
21208,0.0,0.0,0.0,1000.0,0,0,-0.46199999999999997,-0.482,-0.34199999999999997
21209,0.0,0.0,0.0,1000.0,0,0,-0.442,-0.482,-0.34199999999999997
21210,0.0,0.0,0.0,1000.0,0,0,-0.422,-0.482,-0.34199999999999997
21211,0.0,0.0,0.0,1000.0,0,0,-0.40199999999999997,-0.482,-0.34199999999999997
21212,0.0,0.0,0.0,1000.0,0,0,-0.382,-0.482,-0.34199999999999997
21213,0.0,0.0,0.0,1000.0,0,0,-0.362,-0.482,-0.34199999999999997
21214,0.0,0.0,0.0,1000.0,0,0,-0.34199999999999997,-0.482,-0.34199999999999997
21215,0.0,0.0,0.0,1000.0,0,0,-0.32199999999999995,-0.482,-0.34199999999999997
21216,0.0,0.0,0.0,1000.0,0,0,-0.302,-0.482,-0.34199999999999997
21217,0.0,0.0,0.0,1000.0,0,0,-0.282,-0.482,-0.34199999999999997
21218,0.0,0.0,0.0,1000.0,0,0,-0.262,-0.482,-0.34199999999999997
21219,0.0,0.0,0.0,1000.0,0,0,-0.242,-0.482,-0.34199999999999997
21220,0.0,0.0,0.0,1000.0,0,0,-0.22199999999999998,-0.482,-0.34199999999999997
21221,0.0,0.0,0.0,1000.0,0,0,-0.20199999999999996,-0.482,-0.34199999999999997
21222,0.0,0.0,0.0,1000.0,0,0,-0.182,-0.482,-0.34199999999999997
21223,0.0,0.0,0.0,1000.0,0,0,-0.16199999999999998,-0.482,-0.34199999999999997
21224,0.0,0.0,0.0,1000.0,0,0,-0.482,-0.46199999999999997,-0.34199999999999997
21225,0.0,0.0,0.0,1000.0,0,0,-0.46199999999999997,-0.46199999999999997,-0.34199999999999997
21226,0.0,0.0,0.0,1000.0,0,0,-0.442,-0.46199999999999997,-0.34199999999999997
21227,0.0,0.0,0.0,1000.0,0,0,-0.422,-0.46199999999999997,-0.34199999999999997
21228,0.0,0.0,0.0,1000.0,0,0,-0.40199999999999997,-0.46199999999999997,-0.34199999999999997
21229,0.0,0.0,0.0,1000.0,0,0,-0.382,-0.46199999999999997,-0.34199999999999997
21230,0.0,0.0,0.0,1000.0,0,0,-0.362,-0.46199999999999997,-0.34199999999999997
21231,0.0,0.0,0.0,1000.0,0,0,-0.34199999999999997,-0.46199999999999997,-0.34199999999999997
21232,0.0,0.0,0.0,1000.0,0,0,-0.32199999999999995,-0.46199999999999997,-0.34199999999999997
21233,0.0,0.0,0.0,1000.0,0,0,-0.302,-0.46199999999999997,-0.34199999999999997
21234,0.0,0.0,0.0,1000.0,0,0,-0.282,-0.46199999999999997,-0.34199999999999997
21235,0.0,0.0,0.0,1000.0,0,0,-0.262,-0.46199999999999997,-0.34199999999999997
21236,0.0,0.0,0.0,1000.0,0,0,-0.242,-0.46199999999999997,-0.34199999999999997
21237,0.0,0.0,0.0,1000.0,0,0,-0.22199999999999998,-0.46199999999999997,-0.34199999999999997
21238,0.0,0.0,0.0,1000.0,0,0,-0.20199999999999996,-0.46199999999999997,-0.34199999999999997
21239,0.0,0.0,0.0,1000.0,0,0,-0.182,-0.46199999999999997,-0.34199999999999997
21240,0.0,0.0,0.0,1000.0,0,0,-0.16199999999999998,-0.46199999999999997,-0.34199999999999997
21241,0.0,0.0,0.0,1000.0,0,0,-0.482,-0.442,-0.34199999999999997
21242,0.0,0.0,0.0,1000.0,0,0,-0.46199999999999997,-0.442,-0.34199999999999997
21243,0.0,0.0,0.0,1000.0,0,0,-0.442,-0.442,-0.34199999999999997
21244,0.0,0.0,0.0,1000.0,0,0,-0.422,-0.442,-0.34199999999999997
21245,0.0,0.0,0.0,1000.0,0,0,-0.40199999999999997,-0.442,-0.34199999999999997
21246,0.0,0.0,0.0,1000.0,0,0,-0.382,-0.442,-0.34199999999999997
21247,0.0,0.0,0.0,1000.0,0,0,-0.362,-0.442,-0.34199999999999997
21248,0.0,0.0,0.0,1000.0,0,0,-0.34199999999999997,-0.442,-0.34199999999999997
21249,0.0,0.0,0.0,1000.0,0,0,-0.32199999999999995,-0.442,-0.34199999999999997
21250,0.0,0.0,0.0,1000.0,0,0,-0.302,-0.442,-0.34199999999999997
21251,0.0,0.0,0.0,1000.0,0,0,-0.282,-0.442,-0.34199999999999997
21252,0.0,0.0,0.0,1000.0,0,0,-0.262,-0.442,-0.34199999999999997
21253,0.0,0.0,0.0,1000.0,0,0,-0.242,-0.442,-0.34199999999999997
21254,0.0,0.0,0.0,1000.0,0,0,-0.22199999999999998,-0.442,-0.34199999999999997
21255,0.0,0.0,0.0,1000.0,0,0,-0.20199999999999996,-0.442,-0.34199999999999997
21256,0.0,0.0,0.0,1000.0,0,0,-0.182,-0.442,-0.34199999999999997
21257,0.0,0.0,0.0,1000.0,0,0,-0.16199999999999998,-0.442,-0.34199999999999997
21258,0.0,0.0,0.0,1000.0,0,0,-0.482,-0.422,-0.34199999999999997
21259,0.0,0.0,0.0,1000.0,0,0,-0.46199999999999997,-0.422,-0.34199999999999997
21260,0.0,0.0,0.0,1000.0,0,0,-0.442,-0.422,-0.34199999999999997
21261,0.0,0.0,0.0,1000.0,0,0,-0.422,-0.422,-0.34199999999999997
21262,0.0,0.0,0.0,1000.0,0,0,-0.40199999999999997,-0.422,-0.34199999999999997
21263,0.0,0.0,0.0,1000.0,0,0,-0.382,-0.422,-0.34199999999999997
21264,0.0,0.0,0.0,1000.0,0,0,-0.362,-0.422,-0.34199999999999997
21265,0.0,0.0,0.0,1000.0,0,0,-0.34199999999999997,-0.422,-0.34199999999999997
21266,0.0,0.0,0.0,1000.0,0,0,-0.32199999999999995,-0.422,-0.34199999999999997
21267,0.0,0.0,0.0,1000.0,0,0,-0.302,-0.422,-0.34199999999999997
21268,0.0,0.0,0.0,1000.0,0,0,-0.282,-0.422,-0.34199999999999997
21269,0.0,0.0,0.0,1000.0,0,0,-0.262,-0.422,-0.34199999999999997
21270,0.0,0.0,0.0,1000.0,0,0,-0.242,-0.422,-0.34199999999999997
21271,0.0,0.0,0.0,1000.0,0,0,-0.22199999999999998,-0.422,-0.34199999999999997
21272,0.0,0.0,0.0,1000.0,0,0,-0.20199999999999996,-0.422,-0.34199999999999997
21273,0.0,0.0,0.0,1000.0,0,0,-0.182,-0.422,-0.34199999999999997
21274,0.0,0.0,0.0,1000.0,0,0,-0.16199999999999998,-0.422,-0.34199999999999997
21275,0.0,0.0,0.0,1000.0,0,0,-0.482,-0.40199999999999997,-0.34199999999999997
21276,0.0,0.0,0.0,1000.0,0,0,-0.46199999999999997,-0.40199999999999997,-0.34199999999999997
21277,0.0,0.0,0.0,1000.0,0,0,-0.442,-0.40199999999999997,-0.34199999999999997
21278,0.0,0.0,0.0,1000.0,0,0,-0.422,-0.40199999999999997,-0.34199999999999997
21279,0.0,0.0,0.0,1000.0,0,0,-0.40199999999999997,-0.40199999999999997,-0.34199999999999997
21280,0.0,0.0,0.0,1000.0,0,0,-0.382,-0.40199999999999997,-0.34199999999999997
21281,0.0,0.0,0.0,1000.0,0,0,-0.362,-0.40199999999999997,-0.34199999999999997
21282,0.0,0.0,0.0,1000.0,0,0,-0.34199999999999997,-0.40199999999999997,-0.34199999999999997
21283,0.0,0.0,0.0,1000.0,0,0,-0.32199999999999995,-0.40199999999999997,-0.34199999999999997
21284,0.0,0.0,0.0,1000.0,0,0,-0.302,-0.40199999999999997,-0.34199999999999997
21285,0.0,0.0,0.0,1000.0,0,0,-0.282,-0.40199999999999997,-0.34199999999999997
21286,0.0,0.0,0.0,1000.0,0,0,-0.262,-0.40199999999999997,-0.34199999999999997
21287,0.0,0.0,0.0,1000.0,0,0,-0.242,-0.40199999999999997,-0.34199999999999997
21288,0.0,0.0,0.0,1000.0,0,0,-0.22199999999999998,-0.40199999999999997,-0.34199999999999997
21289,0.0,0.0,0.0,1000.0,0,0,-0.20199999999999996,-0.40199999999999997,-0.34199999999999997
21290,0.0,0.0,0.0,1000.0,0,0,-0.182,-0.40199999999999997,-0.34199999999999997
21291,0.0,0.0,0.0,1000.0,0,0,-0.16199999999999998,-0.40199999999999997,-0.34199999999999997
21292,0.0,0.0,0.0,1000.0,0,0,-0.482,-0.382,-0.34199999999999997
21293,0.0,0.0,0.0,1000.0,0,0,-0.46199999999999997,-0.382,-0.34199999999999997
21294,0.0,0.0,0.0,1000.0,0,0,-0.442,-0.382,-0.34199999999999997
21295,0.0,0.0,0.0,1000.0,0,0,-0.422,-0.382,-0.34199999999999997
21296,0.0,0.0,0.0,1000.0,0,0,-0.40199999999999997,-0.382,-0.34199999999999997
21297,0.0,0.0,0.0,1000.0,0,0,-0.382,-0.382,-0.34199999999999997
21298,0.0,0.0,0.0,1000.0,0,0,-0.362,-0.382,-0.34199999999999997
21299,0.0,0.0,0.0,1000.0,0,0,-0.34199999999999997,-0.382,-0.34199999999999997
21300,0.0,0.0,0.0,1000.0,0,0,-0.32199999999999995,-0.382,-0.34199999999999997
21301,0.0,0.0,0.0,1000.0,0,0,-0.302,-0.382,-0.34199999999999997
21302,0.0,0.0,0.0,1000.0,0,0,-0.282,-0.382,-0.34199999999999997
21303,0.0,0.0,0.0,1000.0,0,0,-0.262,-0.382,-0.34199999999999997
21304,0.0,0.0,0.0,1000.0,0,0,-0.242,-0.382,-0.34199999999999997
21305,0.0,0.0,0.0,1000.0,0,0,-0.22199999999999998,-0.382,-0.34199999999999997
21306,0.0,0.0,0.0,1000.0,0,0,-0.20199999999999996,-0.382,-0.34199999999999997
21307,0.0,0.0,0.0,1000.0,0,0,-0.182,-0.382,-0.34199999999999997
21308,0.0,0.0,0.0,1000.0,0,0,-0.16199999999999998,-0.382,-0.34199999999999997
21309,0.0,0.0,0.0,1000.0,0,0,-0.482,-0.362,-0.34199999999999997
21310,0.0,0.0,0.0,1000.0,0,0,-0.46199999999999997,-0.362,-0.34199999999999997
21311,0.0,0.0,0.0,1000.0,0,0,-0.442,-0.362,-0.34199999999999997
21312,0.0,0.0,0.0,1000.0,0,0,-0.422,-0.362,-0.34199999999999997
21313,0.0,0.0,0.0,1000.0,0,0,-0.40199999999999997,-0.362,-0.34199999999999997
21314,0.0,0.0,0.0,1000.0,0,0,-0.382,-0.362,-0.34199999999999997
21315,0.0,0.0,0.0,1000.0,0,0,-0.362,-0.362,-0.34199999999999997
21316,0.0,0.0,0.0,1000.0,0,0,-0.34199999999999997,-0.362,-0.34199999999999997
21317,0.0,0.0,0.0,1000.0,0,0,-0.32199999999999995,-0.362,-0.34199999999999997
21318,0.0,0.0,0.0,1000.0,0,0,-0.302,-0.362,-0.34199999999999997
21319,0.0,0.0,0.0,1000.0,0,0,-0.282,-0.362,-0.34199999999999997
21320,0.0,0.0,0.0,1000.0,0,0,-0.262,-0.362,-0.34199999999999997
21321,0.0,0.0,0.0,1000.0,0,0,-0.242,-0.362,-0.34199999999999997
21322,0.0,0.0,0.0,1000.0,0,0,-0.22199999999999998,-0.362,-0.34199999999999997
21323,0.0,0.0,0.0,1000.0,0,0,-0.20199999999999996,-0.362,-0.34199999999999997
21324,0.0,0.0,0.0,1000.0,0,0,-0.182,-0.362,-0.34199999999999997
21325,0.0,0.0,0.0,1000.0,0,0,-0.16199999999999998,-0.362,-0.34199999999999997
21326,0.0,0.0,0.0,1000.0,0,0,-0.482,-0.34199999999999997,-0.34199999999999997
21327,0.0,0.0,0.0,1000.0,0,0,-0.46199999999999997,-0.34199999999999997,-0.34199999999999997
21328,0.0,0.0,0.0,1000.0,0,0,-0.442,-0.34199999999999997,-0.34199999999999997
21329,0.0,0.0,0.0,1000.0,0,0,-0.422,-0.34199999999999997,-0.34199999999999997
21330,0.0,0.0,0.0,1000.0,0,0,-0.40199999999999997,-0.34199999999999997,-0.34199999999999997
21331,0.0,0.0,0.0,1000.0,0,0,-0.382,-0.34199999999999997,-0.34199999999999997
21332,0.0,0.0,0.0,1000.0,0,0,-0.362,-0.34199999999999997,-0.34199999999999997
21333,0.0,0.0,0.0,1000.0,0,0,-0.34199999999999997,-0.34199999999999997,-0.34199999999999997
21334,0.0,0.0,0.0,1000.0,0,0,-0.32199999999999995,-0.34199999999999997,-0.34199999999999997
21335,0.0,0.0,0.0,1000.0,0,0,-0.302,-0.34199999999999997,-0.34199999999999997
21336,0.0,0.0,0.0,1000.0,0,0,-0.282,-0.34199999999999997,-0.34199999999999997
21337,0.0,0.0,0.0,1000.0,0,0,-0.262,-0.34199999999999997,-0.34199999999999997
21338,0.0,0.0,0.0,1000.0,0,0,-0.242,-0.34199999999999997,-0.34199999999999997
21339,0.0,0.0,0.0,1000.0,0,0,-0.22199999999999998,-0.34199999999999997,-0.34199999999999997
21340,0.0,0.0,0.0,1000.0,0,0,-0.20199999999999996,-0.34199999999999997,-0.34199999999999997
21341,0.0,0.0,0.0,1000.0,0,0,-0.182,-0.34199999999999997,-0.34199999999999997
21342,0.0,0.0,0.0,1000.0,0,0,-0.16199999999999998,-0.34199999999999997,-0.34199999999999997
21343,0.0,0.0,0.0,1000.0,0,0,-0.482,-0.32199999999999995,-0.34199999999999997
21344,0.0,0.0,0.0,1000.0,0,0,-0.46199999999999997,-0.32199999999999995,-0.34199999999999997
21345,0.0,0.0,0.0,1000.0,0,0,-0.442,-0.32199999999999995,-0.34199999999999997
21346,0.0,0.0,0.0,1000.0,0,0,-0.422,-0.32199999999999995,-0.34199999999999997
21347,0.0,0.0,0.0,1000.0,0,0,-0.40199999999999997,-0.32199999999999995,-0.34199999999999997
21348,0.0,0.0,0.0,1000.0,0,0,-0.382,-0.32199999999999995,-0.34199999999999997
21349,0.0,0.0,0.0,1000.0,0,0,-0.362,-0.32199999999999995,-0.34199999999999997
21350,0.0,0.0,0.0,1000.0,0,0,-0.34199999999999997,-0.32199999999999995,-0.34199999999999997
21351,0.0,0.0,0.0,1000.0,0,0,-0.32199999999999995,-0.32199999999999995,-0.34199999999999997
21352,0.0,0.0,0.0,1000.0,0,0,-0.302,-0.32199999999999995,-0.34199999999999997
21353,0.0,0.0,0.0,1000.0,0,0,-0.282,-0.32199999999999995,-0.34199999999999997
21354,0.0,0.0,0.0,1000.0,0,0,-0.262,-0.32199999999999995,-0.34199999999999997
21355,0.0,0.0,0.0,1000.0,0,0,-0.242,-0.32199999999999995,-0.34199999999999997
21356,0.0,0.0,0.0,1000.0,0,0,-0.22199999999999998,-0.32199999999999995,-0.34199999999999997
21357,0.0,0.0,0.0,1000.0,0,0,-0.20199999999999996,-0.32199999999999995,-0.34199999999999997
21358,0.0,0.0,0.0,1000.0,0,0,-0.182,-0.32199999999999995,-0.34199999999999997
21359,0.0,0.0,0.0,1000.0,0,0,-0.16199999999999998,-0.32199999999999995,-0.34199999999999997
21360,0.0,0.0,0.0,1000.0,0,0,-0.482,-0.302,-0.34199999999999997
21361,0.0,0.0,0.0,1000.0,0,0,-0.46199999999999997,-0.302,-0.34199999999999997
21362,0.0,0.0,0.0,1000.0,0,0,-0.442,-0.302,-0.34199999999999997
21363,0.0,0.0,0.0,1000.0,0,0,-0.422,-0.302,-0.34199999999999997
21364,0.0,0.0,0.0,1000.0,0,0,-0.40199999999999997,-0.302,-0.34199999999999997
21365,0.0,0.0,0.0,1000.0,0,0,-0.382,-0.302,-0.34199999999999997
21366,0.0,0.0,0.0,1000.0,0,0,-0.362,-0.302,-0.34199999999999997
21367,0.0,0.0,0.0,1000.0,0,0,-0.34199999999999997,-0.302,-0.34199999999999997
21368,0.0,0.0,0.0,1000.0,0,0,-0.32199999999999995,-0.302,-0.34199999999999997
21369,0.0,0.0,0.0,1000.0,0,0,-0.302,-0.302,-0.34199999999999997
21370,0.0,0.0,0.0,1000.0,0,0,-0.282,-0.302,-0.34199999999999997
21371,0.0,0.0,0.0,1000.0,0,0,-0.262,-0.302,-0.34199999999999997
21372,0.0,0.0,0.0,1000.0,0,0,-0.242,-0.302,-0.34199999999999997
21373,0.0,0.0,0.0,1000.0,0,0,-0.22199999999999998,-0.302,-0.34199999999999997
21374,0.0,0.0,0.0,1000.0,0,0,-0.20199999999999996,-0.302,-0.34199999999999997
21375,0.0,0.0,0.0,1000.0,0,0,-0.182,-0.302,-0.34199999999999997
21376,0.0,0.0,0.0,1000.0,0,0,-0.16199999999999998,-0.302,-0.34199999999999997
21377,0.0,0.0,0.0,1000.0,0,0,-0.482,-0.282,-0.34199999999999997
21378,0.0,0.0,0.0,1000.0,0,0,-0.46199999999999997,-0.282,-0.34199999999999997
21379,0.0,0.0,0.0,1000.0,0,0,-0.442,-0.282,-0.34199999999999997
21380,0.0,0.0,0.0,1000.0,0,0,-0.422,-0.282,-0.34199999999999997
21381,0.0,0.0,0.0,1000.0,0,0,-0.40199999999999997,-0.282,-0.34199999999999997
21382,0.0,0.0,0.0,1000.0,0,0,-0.382,-0.282,-0.34199999999999997
21383,0.0,0.0,0.0,1000.0,0,0,-0.362,-0.282,-0.34199999999999997
21384,0.0,0.0,0.0,1000.0,0,0,-0.34199999999999997,-0.282,-0.34199999999999997
21385,0.0,0.0,0.0,1000.0,0,0,-0.32199999999999995,-0.282,-0.34199999999999997
21386,0.0,0.0,0.0,1000.0,0,0,-0.302,-0.282,-0.34199999999999997
21387,0.0,0.0,0.0,1000.0,0,0,-0.282,-0.282,-0.34199999999999997
21388,0.0,0.0,0.0,1000.0,0,0,-0.262,-0.282,-0.34199999999999997
21389,0.0,0.0,0.0,1000.0,0,0,-0.242,-0.282,-0.34199999999999997
21390,0.0,0.0,0.0,1000.0,0,0,-0.22199999999999998,-0.282,-0.34199999999999997
21391,0.0,0.0,0.0,1000.0,0,0,-0.20199999999999996,-0.282,-0.34199999999999997
21392,0.0,0.0,0.0,1000.0,0,0,-0.182,-0.282,-0.34199999999999997
21393,0.0,0.0,0.0,1000.0,0,0,-0.16199999999999998,-0.282,-0.34199999999999997
21394,0.0,0.0,0.0,1000.0,0,0,-0.482,-0.262,-0.34199999999999997
21395,0.0,0.0,0.0,1000.0,0,0,-0.46199999999999997,-0.262,-0.34199999999999997
21396,0.0,0.0,0.0,1000.0,0,0,-0.442,-0.262,-0.34199999999999997
21397,0.0,0.0,0.0,1000.0,0,0,-0.422,-0.262,-0.34199999999999997
21398,0.0,0.0,0.0,1000.0,0,0,-0.40199999999999997,-0.262,-0.34199999999999997
21399,0.0,0.0,0.0,1000.0,0,0,-0.382,-0.262,-0.34199999999999997
21400,0.0,0.0,0.0,1000.0,0,0,-0.362,-0.262,-0.34199999999999997
21401,0.0,0.0,0.0,1000.0,0,0,-0.34199999999999997,-0.262,-0.34199999999999997
21402,0.0,0.0,0.0,1000.0,0,0,-0.32199999999999995,-0.262,-0.34199999999999997
21403,0.0,0.0,0.0,1000.0,0,0,-0.302,-0.262,-0.34199999999999997
21404,0.0,0.0,0.0,1000.0,0,0,-0.282,-0.262,-0.34199999999999997
21405,0.0,0.0,0.0,1000.0,0,0,-0.262,-0.262,-0.34199999999999997
21406,0.0,0.0,0.0,1000.0,0,0,-0.242,-0.262,-0.34199999999999997
21407,0.0,0.0,0.0,1000.0,0,0,-0.22199999999999998,-0.262,-0.34199999999999997
21408,0.0,0.0,0.0,1000.0,0,0,-0.20199999999999996,-0.262,-0.34199999999999997
21409,0.0,0.0,0.0,1000.0,0,0,-0.182,-0.262,-0.34199999999999997
21410,0.0,0.0,0.0,1000.0,0,0,-0.16199999999999998,-0.262,-0.34199999999999997
21411,0.0,0.0,0.0,1000.0,0,0,-0.482,-0.242,-0.34199999999999997
21412,0.0,0.0,0.0,1000.0,0,0,-0.46199999999999997,-0.242,-0.34199999999999997
21413,0.0,0.0,0.0,1000.0,0,0,-0.442,-0.242,-0.34199999999999997
21414,0.0,0.0,0.0,1000.0,0,0,-0.422,-0.242,-0.34199999999999997
21415,0.0,0.0,0.0,1000.0,0,0,-0.40199999999999997,-0.242,-0.34199999999999997
21416,0.0,0.0,0.0,1000.0,0,0,-0.382,-0.242,-0.34199999999999997
21417,0.0,0.0,0.0,1000.0,0,0,-0.362,-0.242,-0.34199999999999997
21418,0.0,0.0,0.0,1000.0,0,0,-0.34199999999999997,-0.242,-0.34199999999999997
21419,0.0,0.0,0.0,1000.0,0,0,-0.32199999999999995,-0.242,-0.34199999999999997
21420,0.0,0.0,0.0,1000.0,0,0,-0.302,-0.242,-0.34199999999999997
21421,0.0,0.0,0.0,1000.0,0,0,-0.282,-0.242,-0.34199999999999997
21422,0.0,0.0,0.0,1000.0,0,0,-0.262,-0.242,-0.34199999999999997
21423,0.0,0.0,0.0,1000.0,0,0,-0.242,-0.242,-0.34199999999999997
21424,0.0,0.0,0.0,1000.0,0,0,-0.22199999999999998,-0.242,-0.34199999999999997
21425,0.0,0.0,0.0,1000.0,0,0,-0.20199999999999996,-0.242,-0.34199999999999997
21426,0.0,0.0,0.0,1000.0,0,0,-0.182,-0.242,-0.34199999999999997
21427,0.0,0.0,0.0,1000.0,0,0,-0.16199999999999998,-0.242,-0.34199999999999997
21428,0.0,0.0,0.0,1000.0,0,0,-0.482,-0.22199999999999998,-0.34199999999999997
21429,0.0,0.0,0.0,1000.0,0,0,-0.46199999999999997,-0.22199999999999998,-0.34199999999999997
21430,0.0,0.0,0.0,1000.0,0,0,-0.442,-0.22199999999999998,-0.34199999999999997
21431,0.0,0.0,0.0,1000.0,0,0,-0.422,-0.22199999999999998,-0.34199999999999997
21432,0.0,0.0,0.0,1000.0,0,0,-0.40199999999999997,-0.22199999999999998,-0.34199999999999997
21433,0.0,0.0,0.0,1000.0,0,0,-0.382,-0.22199999999999998,-0.34199999999999997
21434,0.0,0.0,0.0,1000.0,0,0,-0.362,-0.22199999999999998,-0.34199999999999997
21435,0.0,0.0,0.0,1000.0,0,0,-0.34199999999999997,-0.22199999999999998,-0.34199999999999997
21436,0.0,0.0,0.0,1000.0,0,0,-0.32199999999999995,-0.22199999999999998,-0.34199999999999997
21437,0.0,0.0,0.0,1000.0,0,0,-0.302,-0.22199999999999998,-0.34199999999999997
21438,0.0,0.0,0.0,1000.0,0,0,-0.282,-0.22199999999999998,-0.34199999999999997
21439,0.0,0.0,0.0,1000.0,0,0,-0.262,-0.22199999999999998,-0.34199999999999997
21440,0.0,0.0,0.0,1000.0,0,0,-0.242,-0.22199999999999998,-0.34199999999999997
21441,0.0,0.0,0.0,1000.0,0,0,-0.22199999999999998,-0.22199999999999998,-0.34199999999999997
21442,0.0,0.0,0.0,1000.0,0,0,-0.20199999999999996,-0.22199999999999998,-0.34199999999999997
21443,0.0,0.0,0.0,1000.0,0,0,-0.182,-0.22199999999999998,-0.34199999999999997
21444,0.0,0.0,0.0,1000.0,0,0,-0.16199999999999998,-0.22199999999999998,-0.34199999999999997
21445,0.0,0.0,0.0,1000.0,0,0,-0.482,-0.20199999999999996,-0.34199999999999997
21446,0.0,0.0,0.0,1000.0,0,0,-0.46199999999999997,-0.20199999999999996,-0.34199999999999997
21447,0.0,0.0,0.0,1000.0,0,0,-0.442,-0.20199999999999996,-0.34199999999999997
21448,0.0,0.0,0.0,1000.0,0,0,-0.422,-0.20199999999999996,-0.34199999999999997
21449,0.0,0.0,0.0,1000.0,0,0,-0.40199999999999997,-0.20199999999999996,-0.34199999999999997
21450,0.0,0.0,0.0,1000.0,0,0,-0.382,-0.20199999999999996,-0.34199999999999997
21451,0.0,0.0,0.0,1000.0,0,0,-0.362,-0.20199999999999996,-0.34199999999999997
21452,0.0,0.0,0.0,1000.0,0,0,-0.34199999999999997,-0.20199999999999996,-0.34199999999999997
21453,0.0,0.0,0.0,1000.0,0,0,-0.32199999999999995,-0.20199999999999996,-0.34199999999999997
21454,0.0,0.0,0.0,1000.0,0,0,-0.302,-0.20199999999999996,-0.34199999999999997
21455,0.0,0.0,0.0,1000.0,0,0,-0.282,-0.20199999999999996,-0.34199999999999997
21456,0.0,0.0,0.0,1000.0,0,0,-0.262,-0.20199999999999996,-0.34199999999999997
21457,0.0,0.0,0.0,1000.0,0,0,-0.242,-0.20199999999999996,-0.34199999999999997
21458,0.0,0.0,0.0,1000.0,0,0,-0.22199999999999998,-0.20199999999999996,-0.34199999999999997
21459,0.0,0.0,0.0,1000.0,0,0,-0.20199999999999996,-0.20199999999999996,-0.34199999999999997
21460,0.0,0.0,0.0,1000.0,0,0,-0.182,-0.20199999999999996,-0.34199999999999997
21461,0.0,0.0,0.0,1000.0,0,0,-0.16199999999999998,-0.20199999999999996,-0.34199999999999997
21462,0.0,0.0,0.0,1000.0,0,0,-0.482,-0.182,-0.34199999999999997
21463,0.0,0.0,0.0,1000.0,0,0,-0.46199999999999997,-0.182,-0.34199999999999997
21464,0.0,0.0,0.0,1000.0,0,0,-0.442,-0.182,-0.34199999999999997
21465,0.0,0.0,0.0,1000.0,0,0,-0.422,-0.182,-0.34199999999999997
21466,0.0,0.0,0.0,1000.0,0,0,-0.40199999999999997,-0.182,-0.34199999999999997
21467,0.0,0.0,0.0,1000.0,0,0,-0.382,-0.182,-0.34199999999999997
21468,0.0,0.0,0.0,1000.0,0,0,-0.362,-0.182,-0.34199999999999997
21469,0.0,0.0,0.0,1000.0,0,0,-0.34199999999999997,-0.182,-0.34199999999999997
21470,0.0,0.0,0.0,1000.0,0,0,-0.32199999999999995,-0.182,-0.34199999999999997
21471,0.0,0.0,0.0,1000.0,0,0,-0.302,-0.182,-0.34199999999999997
21472,0.0,0.0,0.0,1000.0,0,0,-0.282,-0.182,-0.34199999999999997
21473,0.0,0.0,0.0,1000.0,0,0,-0.262,-0.182,-0.34199999999999997
21474,0.0,0.0,0.0,1000.0,0,0,-0.242,-0.182,-0.34199999999999997
21475,0.0,0.0,0.0,1000.0,0,0,-0.22199999999999998,-0.182,-0.34199999999999997
21476,0.0,0.0,0.0,1000.0,0,0,-0.20199999999999996,-0.182,-0.34199999999999997
21477,0.0,0.0,0.0,1000.0,0,0,-0.182,-0.182,-0.34199999999999997
21478,0.0,0.0,0.0,1000.0,0,0,-0.16199999999999998,-0.182,-0.34199999999999997
21479,0.0,0.0,0.0,1000.0,0,0,-0.482,-0.16199999999999998,-0.34199999999999997
21480,0.0,0.0,0.0,1000.0,0,0,-0.46199999999999997,-0.16199999999999998,-0.34199999999999997
21481,0.0,0.0,0.0,1000.0,0,0,-0.442,-0.16199999999999998,-0.34199999999999997
21482,0.0,0.0,0.0,1000.0,0,0,-0.422,-0.16199999999999998,-0.34199999999999997
21483,0.0,0.0,0.0,1000.0,0,0,-0.40199999999999997,-0.16199999999999998,-0.34199999999999997
21484,0.0,0.0,0.0,1000.0,0,0,-0.382,-0.16199999999999998,-0.34199999999999997
21485,0.0,0.0,0.0,1000.0,0,0,-0.362,-0.16199999999999998,-0.34199999999999997
21486,0.0,0.0,0.0,1000.0,0,0,-0.34199999999999997,-0.16199999999999998,-0.34199999999999997
21487,0.0,0.0,0.0,1000.0,0,0,-0.32199999999999995,-0.16199999999999998,-0.34199999999999997
21488,0.0,0.0,0.0,1000.0,0,0,-0.302,-0.16199999999999998,-0.34199999999999997
21489,0.0,0.0,0.0,1000.0,0,0,-0.282,-0.16199999999999998,-0.34199999999999997
21490,0.0,0.0,0.0,1000.0,0,0,-0.262,-0.16199999999999998,-0.34199999999999997
21491,0.0,0.0,0.0,1000.0,0,0,-0.242,-0.16199999999999998,-0.34199999999999997
21492,0.0,0.0,0.0,1000.0,0,0,-0.22199999999999998,-0.16199999999999998,-0.34199999999999997
21493,0.0,0.0,0.0,1000.0,0,0,-0.20199999999999996,-0.16199999999999998,-0.34199999999999997
21494,0.0,0.0,0.0,1000.0,0,0,-0.182,-0.16199999999999998,-0.34199999999999997
21495,0.0,0.0,0.0,1000.0,0,0,-0.16199999999999998,-0.16199999999999998,-0.34199999999999997
21496,0.0,0.0,0.0,1000.0,0,0,-0.482,-0.14199999999999996,-0.34199999999999997
21497,0.0,0.0,0.0,1000.0,0,0,-0.46199999999999997,-0.14199999999999996,-0.34199999999999997
21498,0.0,0.0,0.0,1000.0,0,0,-0.442,-0.14199999999999996,-0.34199999999999997
21499,0.0,0.0,0.0,1000.0,0,0,-0.422,-0.14199999999999996,-0.34199999999999997
21500,0.0,0.0,0.0,1000.0,0,0,-0.40199999999999997,-0.14199999999999996,-0.34199999999999997
21501,0.0,0.0,0.0,1000.0,0,0,-0.382,-0.14199999999999996,-0.34199999999999997
21502,0.0,0.0,0.0,1000.0,0,0,-0.362,-0.14199999999999996,-0.34199999999999997
21503,0.0,0.0,0.0,1000.0,0,0,-0.34199999999999997,-0.14199999999999996,-0.34199999999999997
21504,0.0,0.0,0.0,1000.0,0,0,-0.32199999999999995,-0.14199999999999996,-0.34199999999999997
21505,0.0,0.0,0.0,1000.0,0,0,-0.302,-0.14199999999999996,-0.34199999999999997
21506,0.0,0.0,0.0,1000.0,0,0,-0.282,-0.14199999999999996,-0.34199999999999997
21507,0.0,0.0,0.0,1000.0,0,0,-0.262,-0.14199999999999996,-0.34199999999999997
21508,0.0,0.0,0.0,1000.0,0,0,-0.242,-0.14199999999999996,-0.34199999999999997
21509,0.0,0.0,0.0,1000.0,0,0,-0.22199999999999998,-0.14199999999999996,-0.34199999999999997
21510,0.0,0.0,0.0,1000.0,0,0,-0.20199999999999996,-0.14199999999999996,-0.34199999999999997
21511,0.0,0.0,0.0,1000.0,0,0,-0.182,-0.14199999999999996,-0.34199999999999997
21512,0.0,0.0,0.0,1000.0,0,0,-0.16199999999999998,-0.14199999999999996,-0.34199999999999997
21513,0.0,0.0,0.0,1000.0,0,0,-0.482,-0.122,-0.34199999999999997
21514,0.0,0.0,0.0,1000.0,0,0,-0.46199999999999997,-0.122,-0.34199999999999997
21515,0.0,0.0,0.0,1000.0,0,0,-0.442,-0.122,-0.34199999999999997
21516,0.0,0.0,0.0,1000.0,0,0,-0.422,-0.122,-0.34199999999999997
21517,0.0,0.0,0.0,1000.0,0,0,-0.40199999999999997,-0.122,-0.34199999999999997
21518,0.0,0.0,0.0,1000.0,0,0,-0.382,-0.122,-0.34199999999999997
21519,0.0,0.0,0.0,1000.0,0,0,-0.362,-0.122,-0.34199999999999997
21520,0.0,0.0,0.0,1000.0,0,0,-0.34199999999999997,-0.122,-0.34199999999999997
21521,0.0,0.0,0.0,1000.0,0,0,-0.32199999999999995,-0.122,-0.34199999999999997
21522,0.0,0.0,0.0,1000.0,0,0,-0.302,-0.122,-0.34199999999999997
21523,0.0,0.0,0.0,1000.0,0,0,-0.282,-0.122,-0.34199999999999997
21524,0.0,0.0,0.0,1000.0,0,0,-0.262,-0.122,-0.34199999999999997
21525,0.0,0.0,0.0,1000.0,0,0,-0.242,-0.122,-0.34199999999999997
21526,0.0,0.0,0.0,1000.0,0,0,-0.22199999999999998,-0.122,-0.34199999999999997
21527,0.0,0.0,0.0,1000.0,0,0,-0.20199999999999996,-0.122,-0.34199999999999997
21528,0.0,0.0,0.0,1000.0,0,0,-0.182,-0.122,-0.34199999999999997
21529,0.0,0.0,0.0,1000.0,0,0,-0.16199999999999998,-0.122,-0.34199999999999997
21530,0.0,0.0,0.0,1000.0,0,0,-0.482,-0.10199999999999998,-0.34199999999999997
21531,0.0,0.0,0.0,1000.0,0,0,-0.46199999999999997,-0.10199999999999998,-0.34199999999999997
21532,0.0,0.0,0.0,1000.0,0,0,-0.442,-0.10199999999999998,-0.34199999999999997
21533,0.0,0.0,0.0,1000.0,0,0,-0.422,-0.10199999999999998,-0.34199999999999997
21534,0.0,0.0,0.0,1000.0,0,0,-0.40199999999999997,-0.10199999999999998,-0.34199999999999997
21535,0.0,0.0,0.0,1000.0,0,0,-0.382,-0.10199999999999998,-0.34199999999999997
21536,0.0,0.0,0.0,1000.0,0,0,-0.362,-0.10199999999999998,-0.34199999999999997
21537,0.0,0.0,0.0,1000.0,0,0,-0.34199999999999997,-0.10199999999999998,-0.34199999999999997
21538,0.0,0.0,0.0,1000.0,0,0,-0.32199999999999995,-0.10199999999999998,-0.34199999999999997
21539,0.0,0.0,0.0,1000.0,0,0,-0.302,-0.10199999999999998,-0.34199999999999997
21540,0.0,0.0,0.0,1000.0,0,0,-0.282,-0.10199999999999998,-0.34199999999999997
21541,0.0,0.0,0.0,1000.0,0,0,-0.262,-0.10199999999999998,-0.34199999999999997
21542,0.0,0.0,0.0,1000.0,0,0,-0.242,-0.10199999999999998,-0.34199999999999997
21543,0.0,0.0,0.0,1000.0,0,0,-0.22199999999999998,-0.10199999999999998,-0.34199999999999997
21544,0.0,0.0,0.0,1000.0,0,0,-0.20199999999999996,-0.10199999999999998,-0.34199999999999997
21545,0.0,0.0,0.0,1000.0,0,0,-0.182,-0.10199999999999998,-0.34199999999999997
21546,0.0,0.0,0.0,1000.0,0,0,-0.16199999999999998,-0.10199999999999998,-0.34199999999999997
21547,0.0,0.0,0.0,1000.0,0,0,-0.482,-0.08199999999999996,-0.34199999999999997
21548,0.0,0.0,0.0,1000.0,0,0,-0.46199999999999997,-0.08199999999999996,-0.34199999999999997
21549,0.0,0.0,0.0,1000.0,0,0,-0.442,-0.08199999999999996,-0.34199999999999997
21550,0.0,0.0,0.0,1000.0,0,0,-0.422,-0.08199999999999996,-0.34199999999999997
21551,0.0,0.0,0.0,1000.0,0,0,-0.40199999999999997,-0.08199999999999996,-0.34199999999999997
21552,0.0,0.0,0.0,1000.0,0,0,-0.382,-0.08199999999999996,-0.34199999999999997
21553,0.0,0.0,0.0,1000.0,0,0,-0.362,-0.08199999999999996,-0.34199999999999997
21554,0.0,0.0,0.0,1000.0,0,0,-0.34199999999999997,-0.08199999999999996,-0.34199999999999997
21555,0.0,0.0,0.0,1000.0,0,0,-0.32199999999999995,-0.08199999999999996,-0.34199999999999997
21556,0.0,0.0,0.0,1000.0,0,0,-0.302,-0.08199999999999996,-0.34199999999999997
21557,0.0,0.0,0.0,1000.0,0,0,-0.282,-0.08199999999999996,-0.34199999999999997
21558,0.0,0.0,0.0,1000.0,0,0,-0.262,-0.08199999999999996,-0.34199999999999997
21559,0.0,0.0,0.0,1000.0,0,0,-0.242,-0.08199999999999996,-0.34199999999999997
21560,0.0,0.0,0.0,1000.0,0,0,-0.22199999999999998,-0.08199999999999996,-0.34199999999999997
21561,0.0,0.0,0.0,1000.0,0,0,-0.20199999999999996,-0.08199999999999996,-0.34199999999999997
21562,0.0,0.0,0.0,1000.0,0,0,-0.182,-0.08199999999999996,-0.34199999999999997
21563,0.0,0.0,0.0,1000.0,0,0,-0.16199999999999998,-0.08199999999999996,-0.34199999999999997
21564,0.0,0.0,0.0,1000.0,0,0,-0.482,-0.062,-0.34199999999999997
21565,0.0,0.0,0.0,1000.0,0,0,-0.46199999999999997,-0.062,-0.34199999999999997
21566,0.0,0.0,0.0,1000.0,0,0,-0.442,-0.062,-0.34199999999999997
21567,0.0,0.0,0.0,1000.0,0,0,-0.422,-0.062,-0.34199999999999997
21568,0.0,0.0,0.0,1000.0,0,0,-0.40199999999999997,-0.062,-0.34199999999999997
21569,0.0,0.0,0.0,1000.0,0,0,-0.382,-0.062,-0.34199999999999997
21570,0.0,0.0,0.0,1000.0,0,0,-0.362,-0.062,-0.34199999999999997
21571,0.0,0.0,0.0,1000.0,0,0,-0.34199999999999997,-0.062,-0.34199999999999997
21572,0.0,0.0,0.0,1000.0,0,0,-0.32199999999999995,-0.062,-0.34199999999999997
21573,0.0,0.0,0.0,1000.0,0,0,-0.302,-0.062,-0.34199999999999997
21574,0.0,0.0,0.0,1000.0,0,0,-0.282,-0.062,-0.34199999999999997
21575,0.0,0.0,0.0,1000.0,0,0,-0.262,-0.062,-0.34199999999999997
21576,0.0,0.0,0.0,1000.0,0,0,-0.242,-0.062,-0.34199999999999997
21577,0.0,0.0,0.0,1000.0,0,0,-0.22199999999999998,-0.062,-0.34199999999999997
21578,0.0,0.0,0.0,1000.0,0,0,-0.20199999999999996,-0.062,-0.34199999999999997
21579,0.0,0.0,0.0,1000.0,0,0,-0.182,-0.062,-0.34199999999999997
21580,0.0,0.0,0.0,1000.0,0,0,-0.16199999999999998,-0.062,-0.34199999999999997
21581,0.0,0.0,0.0,1000.0,0,0,-0.482,-0.04199999999999998,-0.34199999999999997
21582,0.0,0.0,0.0,1000.0,0,0,-0.46199999999999997,-0.04199999999999998,-0.34199999999999997
21583,0.0,0.0,0.0,1000.0,0,0,-0.442,-0.04199999999999998,-0.34199999999999997
21584,0.0,0.0,0.0,1000.0,0,0,-0.422,-0.04199999999999998,-0.34199999999999997
21585,0.0,0.0,0.0,1000.0,0,0,-0.40199999999999997,-0.04199999999999998,-0.34199999999999997
21586,0.0,0.0,0.0,1000.0,0,0,-0.382,-0.04199999999999998,-0.34199999999999997
21587,0.0,0.0,0.0,1000.0,0,0,-0.362,-0.04199999999999998,-0.34199999999999997
21588,0.0,0.0,0.0,1000.0,0,0,-0.34199999999999997,-0.04199999999999998,-0.34199999999999997
21589,0.0,0.0,0.0,1000.0,0,0,-0.32199999999999995,-0.04199999999999998,-0.34199999999999997
21590,0.0,0.0,0.0,1000.0,0,0,-0.302,-0.04199999999999998,-0.34199999999999997
21591,0.0,0.0,0.0,1000.0,0,0,-0.282,-0.04199999999999998,-0.34199999999999997
21592,0.0,0.0,0.0,1000.0,0,0,-0.262,-0.04199999999999998,-0.34199999999999997
21593,0.0,0.0,0.0,1000.0,0,0,-0.242,-0.04199999999999998,-0.34199999999999997
21594,0.0,0.0,0.0,1000.0,0,0,-0.22199999999999998,-0.04199999999999998,-0.34199999999999997
21595,0.0,0.0,0.0,1000.0,0,0,-0.20199999999999996,-0.04199999999999998,-0.34199999999999997
21596,0.0,0.0,0.0,1000.0,0,0,-0.182,-0.04199999999999998,-0.34199999999999997
21597,0.0,0.0,0.0,1000.0,0,0,-0.16199999999999998,-0.04199999999999998,-0.34199999999999997
21598,0.0,0.0,0.0,1000.0,0,0,-0.482,-0.021999999999999964,-0.34199999999999997
21599,0.0,0.0,0.0,1000.0,0,0,-0.46199999999999997,-0.021999999999999964,-0.34199999999999997
21600,0.0,0.0,0.0,1000.0,0,0,-0.442,-0.021999999999999964,-0.34199999999999997
21601,0.0,0.0,0.0,1000.0,0,0,-0.422,-0.021999999999999964,-0.34199999999999997
21602,0.0,0.0,0.0,1000.0,0,0,-0.40199999999999997,-0.021999999999999964,-0.34199999999999997
21603,0.0,0.0,0.0,1000.0,0,0,-0.382,-0.021999999999999964,-0.34199999999999997
21604,0.0,0.0,0.0,1000.0,0,0,-0.362,-0.021999999999999964,-0.34199999999999997
21605,0.0,0.0,0.0,1000.0,0,0,-0.34199999999999997,-0.021999999999999964,-0.34199999999999997
21606,0.0,0.0,0.0,1000.0,0,0,-0.32199999999999995,-0.021999999999999964,-0.34199999999999997
21607,0.0,0.0,0.0,1000.0,0,0,-0.302,-0.021999999999999964,-0.34199999999999997
21608,0.0,0.0,0.0,1000.0,0,0,-0.282,-0.021999999999999964,-0.34199999999999997
21609,0.0,0.0,0.0,1000.0,0,0,-0.262,-0.021999999999999964,-0.34199999999999997
21610,0.0,0.0,0.0,1000.0,0,0,-0.242,-0.021999999999999964,-0.34199999999999997
21611,0.0,0.0,0.0,1000.0,0,0,-0.22199999999999998,-0.021999999999999964,-0.34199999999999997
21612,0.0,0.0,0.0,1000.0,0,0,-0.20199999999999996,-0.021999999999999964,-0.34199999999999997
21613,0.0,0.0,0.0,1000.0,0,0,-0.182,-0.021999999999999964,-0.34199999999999997
21614,0.0,0.0,0.0,1000.0,0,0,-0.16199999999999998,-0.021999999999999964,-0.34199999999999997
21615,0.0,0.0,0.0,1000.0,0,0,-0.482,-0.0020000000000000018,-0.34199999999999997
21616,0.0,0.0,0.0,1000.0,0,0,-0.46199999999999997,-0.0020000000000000018,-0.34199999999999997
21617,0.0,0.0,0.0,1000.0,0,0,-0.442,-0.0020000000000000018,-0.34199999999999997
21618,0.0,0.0,0.0,1000.0,0,0,-0.422,-0.0020000000000000018,-0.34199999999999997
21619,0.0,0.0,0.0,1000.0,0,0,-0.40199999999999997,-0.0020000000000000018,-0.34199999999999997
21620,0.0,0.0,0.0,1000.0,0,0,-0.382,-0.0020000000000000018,-0.34199999999999997
21621,0.0,0.0,0.0,1000.0,0,0,-0.362,-0.0020000000000000018,-0.34199999999999997
21622,0.0,0.0,0.0,1000.0,0,0,-0.34199999999999997,-0.0020000000000000018,-0.34199999999999997
21623,0.0,0.0,0.0,1000.0,0,0,-0.32199999999999995,-0.0020000000000000018,-0.34199999999999997
21624,0.0,0.0,0.0,1000.0,0,0,-0.302,-0.0020000000000000018,-0.34199999999999997
21625,0.0,0.0,0.0,1000.0,0,0,-0.282,-0.0020000000000000018,-0.34199999999999997
21626,0.0,0.0,0.0,1000.0,0,0,-0.262,-0.0020000000000000018,-0.34199999999999997
21627,0.0,0.0,0.0,1000.0,0,0,-0.242,-0.0020000000000000018,-0.34199999999999997
21628,0.0,0.0,0.0,1000.0,0,0,-0.22199999999999998,-0.0020000000000000018,-0.34199999999999997
21629,0.0,0.0,0.0,1000.0,0,0,-0.20199999999999996,-0.0020000000000000018,-0.34199999999999997
21630,0.0,0.0,0.0,1000.0,0,0,-0.182,-0.0020000000000000018,-0.34199999999999997
21631,0.0,0.0,0.0,1000.0,0,0,-0.16199999999999998,-0.0020000000000000018,-0.34199999999999997
21632,0.0,0.0,0.0,1000.0,0,0,-0.482,0.018000000000000016,-0.34199999999999997
21633,0.0,0.0,0.0,1000.0,0,0,-0.46199999999999997,0.018000000000000016,-0.34199999999999997
21634,0.0,0.0,0.0,1000.0,0,0,-0.442,0.018000000000000016,-0.34199999999999997
21635,0.0,0.0,0.0,1000.0,0,0,-0.422,0.018000000000000016,-0.34199999999999997
21636,0.0,0.0,0.0,1000.0,0,0,-0.40199999999999997,0.018000000000000016,-0.34199999999999997
21637,0.0,0.0,0.0,1000.0,0,0,-0.382,0.018000000000000016,-0.34199999999999997
21638,0.0,0.0,0.0,1000.0,0,0,-0.362,0.018000000000000016,-0.34199999999999997
21639,0.0,0.0,0.0,1000.0,0,0,-0.34199999999999997,0.018000000000000016,-0.34199999999999997
21640,0.0,0.0,0.0,1000.0,0,0,-0.32199999999999995,0.018000000000000016,-0.34199999999999997
21641,0.0,0.0,0.0,1000.0,0,0,-0.302,0.018000000000000016,-0.34199999999999997
21642,0.0,0.0,0.0,1000.0,0,0,-0.282,0.018000000000000016,-0.34199999999999997
21643,0.0,0.0,0.0,1000.0,0,0,-0.262,0.018000000000000016,-0.34199999999999997
21644,0.0,0.0,0.0,1000.0,0,0,-0.242,0.018000000000000016,-0.34199999999999997
21645,0.0,0.0,0.0,1000.0,0,0,-0.22199999999999998,0.018000000000000016,-0.34199999999999997
21646,0.0,0.0,0.0,1000.0,0,0,-0.20199999999999996,0.018000000000000016,-0.34199999999999997
21647,0.0,0.0,0.0,1000.0,0,0,-0.182,0.018000000000000016,-0.34199999999999997
21648,0.0,0.0,0.0,1000.0,0,0,-0.16199999999999998,0.018000000000000016,-0.34199999999999997
21649,0.0,0.0,0.0,1000.0,0,0,-0.482,0.038000000000000034,-0.34199999999999997
21650,0.0,0.0,0.0,1000.0,0,0,-0.46199999999999997,0.038000000000000034,-0.34199999999999997
21651,0.0,0.0,0.0,1000.0,0,0,-0.442,0.038000000000000034,-0.34199999999999997
21652,0.0,0.0,0.0,1000.0,0,0,-0.422,0.038000000000000034,-0.34199999999999997
21653,0.0,0.0,0.0,1000.0,0,0,-0.40199999999999997,0.038000000000000034,-0.34199999999999997
21654,0.0,0.0,0.0,1000.0,0,0,-0.382,0.038000000000000034,-0.34199999999999997
21655,0.0,0.0,0.0,1000.0,0,0,-0.362,0.038000000000000034,-0.34199999999999997
21656,0.0,0.0,0.0,1000.0,0,0,-0.34199999999999997,0.038000000000000034,-0.34199999999999997
21657,0.0,0.0,0.0,1000.0,0,0,-0.32199999999999995,0.038000000000000034,-0.34199999999999997
21658,0.0,0.0,0.0,1000.0,0,0,-0.302,0.038000000000000034,-0.34199999999999997
21659,0.0,0.0,0.0,1000.0,0,0,-0.282,0.038000000000000034,-0.34199999999999997
21660,0.0,0.0,0.0,1000.0,0,0,-0.262,0.038000000000000034,-0.34199999999999997
21661,0.0,0.0,0.0,1000.0,0,0,-0.242,0.038000000000000034,-0.34199999999999997
21662,0.0,0.0,0.0,1000.0,0,0,-0.22199999999999998,0.038000000000000034,-0.34199999999999997
21663,0.0,0.0,0.0,1000.0,0,0,-0.20199999999999996,0.038000000000000034,-0.34199999999999997
21664,0.0,0.0,0.0,1000.0,0,0,-0.182,0.038000000000000034,-0.34199999999999997
21665,0.0,0.0,0.0,1000.0,0,0,-0.16199999999999998,0.038000000000000034,-0.34199999999999997
21666,0.0,0.0,0.0,1000.0,0,0,-0.482,0.05800000000000005,-0.34199999999999997
21667,0.0,0.0,0.0,1000.0,0,0,-0.46199999999999997,0.05800000000000005,-0.34199999999999997
21668,0.0,0.0,0.0,1000.0,0,0,-0.442,0.05800000000000005,-0.34199999999999997
21669,0.0,0.0,0.0,1000.0,0,0,-0.422,0.05800000000000005,-0.34199999999999997
21670,0.0,0.0,0.0,1000.0,0,0,-0.40199999999999997,0.05800000000000005,-0.34199999999999997
21671,0.0,0.0,0.0,1000.0,0,0,-0.382,0.05800000000000005,-0.34199999999999997
21672,0.0,0.0,0.0,1000.0,0,0,-0.362,0.05800000000000005,-0.34199999999999997
21673,0.0,0.0,0.0,1000.0,0,0,-0.34199999999999997,0.05800000000000005,-0.34199999999999997
21674,0.0,0.0,0.0,1000.0,0,0,-0.32199999999999995,0.05800000000000005,-0.34199999999999997
21675,0.0,0.0,0.0,1000.0,0,0,-0.302,0.05800000000000005,-0.34199999999999997
21676,0.0,0.0,0.0,1000.0,0,0,-0.282,0.05800000000000005,-0.34199999999999997
21677,0.0,0.0,0.0,1000.0,0,0,-0.262,0.05800000000000005,-0.34199999999999997
21678,0.0,0.0,0.0,1000.0,0,0,-0.242,0.05800000000000005,-0.34199999999999997
21679,0.0,0.0,0.0,1000.0,0,0,-0.22199999999999998,0.05800000000000005,-0.34199999999999997
21680,0.0,0.0,0.0,1000.0,0,0,-0.20199999999999996,0.05800000000000005,-0.34199999999999997
21681,0.0,0.0,0.0,1000.0,0,0,-0.182,0.05800000000000005,-0.34199999999999997
21682,0.0,0.0,0.0,1000.0,0,0,-0.16199999999999998,0.05800000000000005,-0.34199999999999997
21683,0.0,0.0,0.0,1000.0,0,0,-0.482,0.07800000000000007,-0.34199999999999997
21684,0.0,0.0,0.0,1000.0,0,0,-0.46199999999999997,0.07800000000000007,-0.34199999999999997
21685,0.0,0.0,0.0,1000.0,0,0,-0.442,0.07800000000000007,-0.34199999999999997
21686,0.0,0.0,0.0,1000.0,0,0,-0.422,0.07800000000000007,-0.34199999999999997
21687,0.0,0.0,0.0,1000.0,0,0,-0.40199999999999997,0.07800000000000007,-0.34199999999999997
21688,0.0,0.0,0.0,1000.0,0,0,-0.382,0.07800000000000007,-0.34199999999999997
21689,0.0,0.0,0.0,1000.0,0,0,-0.362,0.07800000000000007,-0.34199999999999997
21690,0.0,0.0,0.0,1000.0,0,0,-0.34199999999999997,0.07800000000000007,-0.34199999999999997
21691,0.0,0.0,0.0,1000.0,0,0,-0.32199999999999995,0.07800000000000007,-0.34199999999999997
21692,0.0,0.0,0.0,1000.0,0,0,-0.302,0.07800000000000007,-0.34199999999999997
21693,0.0,0.0,0.0,1000.0,0,0,-0.282,0.07800000000000007,-0.34199999999999997
21694,0.0,0.0,0.0,1000.0,0,0,-0.262,0.07800000000000007,-0.34199999999999997
21695,0.0,0.0,0.0,1000.0,0,0,-0.242,0.07800000000000007,-0.34199999999999997
21696,0.0,0.0,0.0,1000.0,0,0,-0.22199999999999998,0.07800000000000007,-0.34199999999999997
21697,0.0,0.0,0.0,1000.0,0,0,-0.20199999999999996,0.07800000000000007,-0.34199999999999997
21698,0.0,0.0,0.0,1000.0,0,0,-0.182,0.07800000000000007,-0.34199999999999997
21699,0.0,0.0,0.0,1000.0,0,0,-0.16199999999999998,0.07800000000000007,-0.34199999999999997
21700,0.0,0.0,0.0,1000.0,0,0,-0.482,0.09799999999999998,-0.34199999999999997
21701,0.0,0.0,0.0,1000.0,0,0,-0.46199999999999997,0.09799999999999998,-0.34199999999999997
21702,0.0,0.0,0.0,1000.0,0,0,-0.442,0.09799999999999998,-0.34199999999999997
21703,0.0,0.0,0.0,1000.0,0,0,-0.422,0.09799999999999998,-0.34199999999999997
21704,0.0,0.0,0.0,1000.0,0,0,-0.40199999999999997,0.09799999999999998,-0.34199999999999997
21705,0.0,0.0,0.0,1000.0,0,0,-0.382,0.09799999999999998,-0.34199999999999997
21706,0.0,0.0,0.0,1000.0,0,0,-0.362,0.09799999999999998,-0.34199999999999997
21707,0.0,0.0,0.0,1000.0,0,0,-0.34199999999999997,0.09799999999999998,-0.34199999999999997
21708,0.0,0.0,0.0,1000.0,0,0,-0.32199999999999995,0.09799999999999998,-0.34199999999999997
21709,0.0,0.0,0.0,1000.0,0,0,-0.302,0.09799999999999998,-0.34199999999999997
21710,0.0,0.0,0.0,1000.0,0,0,-0.282,0.09799999999999998,-0.34199999999999997
21711,0.0,0.0,0.0,1000.0,0,0,-0.262,0.09799999999999998,-0.34199999999999997
21712,0.0,0.0,0.0,1000.0,0,0,-0.242,0.09799999999999998,-0.34199999999999997
21713,0.0,0.0,0.0,1000.0,0,0,-0.22199999999999998,0.09799999999999998,-0.34199999999999997
21714,0.0,0.0,0.0,1000.0,0,0,-0.20199999999999996,0.09799999999999998,-0.34199999999999997
21715,0.0,0.0,0.0,1000.0,0,0,-0.182,0.09799999999999998,-0.34199999999999997
21716,0.0,0.0,0.0,1000.0,0,0,-0.16199999999999998,0.09799999999999998,-0.34199999999999997
21717,0.0,0.0,0.0,1000.0,0,0,-0.482,0.118,-0.34199999999999997
21718,0.0,0.0,0.0,1000.0,0,0,-0.46199999999999997,0.118,-0.34199999999999997
21719,0.0,0.0,0.0,1000.0,0,0,-0.442,0.118,-0.34199999999999997
21720,0.0,0.0,0.0,1000.0,0,0,-0.422,0.118,-0.34199999999999997
21721,0.0,0.0,0.0,1000.0,0,0,-0.40199999999999997,0.118,-0.34199999999999997
21722,0.0,0.0,0.0,1000.0,0,0,-0.382,0.118,-0.34199999999999997
21723,0.0,0.0,0.0,1000.0,0,0,-0.362,0.118,-0.34199999999999997
21724,0.0,0.0,0.0,1000.0,0,0,-0.34199999999999997,0.118,-0.34199999999999997
21725,0.0,0.0,0.0,1000.0,0,0,-0.32199999999999995,0.118,-0.34199999999999997
21726,0.0,0.0,0.0,1000.0,0,0,-0.302,0.118,-0.34199999999999997
21727,0.0,0.0,0.0,1000.0,0,0,-0.282,0.118,-0.34199999999999997
21728,0.0,0.0,0.0,1000.0,0,0,-0.262,0.118,-0.34199999999999997
21729,0.0,0.0,0.0,1000.0,0,0,-0.242,0.118,-0.34199999999999997
21730,0.0,0.0,0.0,1000.0,0,0,-0.22199999999999998,0.118,-0.34199999999999997
21731,0.0,0.0,0.0,1000.0,0,0,-0.20199999999999996,0.118,-0.34199999999999997
21732,0.0,0.0,0.0,1000.0,0,0,-0.182,0.118,-0.34199999999999997
21733,0.0,0.0,0.0,1000.0,0,0,-0.16199999999999998,0.118,-0.34199999999999997
21734,0.0,0.0,0.0,1000.0,0,0,-0.482,0.138,-0.34199999999999997
21735,0.0,0.0,0.0,1000.0,0,0,-0.46199999999999997,0.138,-0.34199999999999997
21736,0.0,0.0,0.0,1000.0,0,0,-0.442,0.138,-0.34199999999999997
21737,0.0,0.0,0.0,1000.0,0,0,-0.422,0.138,-0.34199999999999997
21738,0.0,0.0,0.0,1000.0,0,0,-0.40199999999999997,0.138,-0.34199999999999997
21739,0.0,0.0,0.0,1000.0,0,0,-0.382,0.138,-0.34199999999999997
21740,0.0,0.0,0.0,1000.0,0,0,-0.362,0.138,-0.34199999999999997
21741,0.0,0.0,0.0,1000.0,0,0,-0.34199999999999997,0.138,-0.34199999999999997
21742,0.0,0.0,0.0,1000.0,0,0,-0.32199999999999995,0.138,-0.34199999999999997
21743,0.0,0.0,0.0,1000.0,0,0,-0.302,0.138,-0.34199999999999997
21744,0.0,0.0,0.0,1000.0,0,0,-0.282,0.138,-0.34199999999999997
21745,0.0,0.0,0.0,1000.0,0,0,-0.262,0.138,-0.34199999999999997
21746,0.0,0.0,0.0,1000.0,0,0,-0.242,0.138,-0.34199999999999997
21747,0.0,0.0,0.0,1000.0,0,0,-0.22199999999999998,0.138,-0.34199999999999997
21748,0.0,0.0,0.0,1000.0,0,0,-0.20199999999999996,0.138,-0.34199999999999997
21749,0.0,0.0,0.0,1000.0,0,0,-0.182,0.138,-0.34199999999999997
21750,0.0,0.0,0.0,1000.0,0,0,-0.16199999999999998,0.138,-0.34199999999999997
21751,0.0,0.0,0.0,1000.0,0,0,-0.482,0.15800000000000003,-0.34199999999999997
21752,0.0,0.0,0.0,1000.0,0,0,-0.46199999999999997,0.15800000000000003,-0.34199999999999997
21753,0.0,0.0,0.0,1000.0,0,0,-0.442,0.15800000000000003,-0.34199999999999997
21754,0.0,0.0,0.0,1000.0,0,0,-0.422,0.15800000000000003,-0.34199999999999997
21755,0.0,0.0,0.0,1000.0,0,0,-0.40199999999999997,0.15800000000000003,-0.34199999999999997
21756,0.0,0.0,0.0,1000.0,0,0,-0.382,0.15800000000000003,-0.34199999999999997
21757,0.0,0.0,0.0,1000.0,0,0,-0.362,0.15800000000000003,-0.34199999999999997
21758,0.0,0.0,0.0,1000.0,0,0,-0.34199999999999997,0.15800000000000003,-0.34199999999999997
21759,0.0,0.0,0.0,1000.0,0,0,-0.32199999999999995,0.15800000000000003,-0.34199999999999997
21760,0.0,0.0,0.0,1000.0,0,0,-0.302,0.15800000000000003,-0.34199999999999997
21761,0.0,0.0,0.0,1000.0,0,0,-0.282,0.15800000000000003,-0.34199999999999997
21762,0.0,0.0,0.0,1000.0,0,0,-0.262,0.15800000000000003,-0.34199999999999997
21763,0.0,0.0,0.0,1000.0,0,0,-0.242,0.15800000000000003,-0.34199999999999997
21764,0.0,0.0,0.0,1000.0,0,0,-0.22199999999999998,0.15800000000000003,-0.34199999999999997
21765,0.0,0.0,0.0,1000.0,0,0,-0.20199999999999996,0.15800000000000003,-0.34199999999999997
21766,0.0,0.0,0.0,1000.0,0,0,-0.182,0.15800000000000003,-0.34199999999999997
21767,0.0,0.0,0.0,1000.0,0,0,-0.16199999999999998,0.15800000000000003,-0.34199999999999997
21768,0.0,0.0,0.0,1000.0,0,0,-0.482,0.17800000000000005,-0.34199999999999997
21769,0.0,0.0,0.0,1000.0,0,0,-0.46199999999999997,0.17800000000000005,-0.34199999999999997
21770,0.0,0.0,0.0,1000.0,0,0,-0.442,0.17800000000000005,-0.34199999999999997
21771,0.0,0.0,0.0,1000.0,0,0,-0.422,0.17800000000000005,-0.34199999999999997
21772,0.0,0.0,0.0,1000.0,0,0,-0.40199999999999997,0.17800000000000005,-0.34199999999999997
21773,0.0,0.0,0.0,1000.0,0,0,-0.382,0.17800000000000005,-0.34199999999999997
21774,0.0,0.0,0.0,1000.0,0,0,-0.362,0.17800000000000005,-0.34199999999999997
21775,0.0,0.0,0.0,1000.0,0,0,-0.34199999999999997,0.17800000000000005,-0.34199999999999997
21776,0.0,0.0,0.0,1000.0,0,0,-0.32199999999999995,0.17800000000000005,-0.34199999999999997
21777,0.0,0.0,0.0,1000.0,0,0,-0.302,0.17800000000000005,-0.34199999999999997
21778,0.0,0.0,0.0,1000.0,0,0,-0.282,0.17800000000000005,-0.34199999999999997
21779,0.0,0.0,0.0,1000.0,0,0,-0.262,0.17800000000000005,-0.34199999999999997
21780,0.0,0.0,0.0,1000.0,0,0,-0.242,0.17800000000000005,-0.34199999999999997
21781,0.0,0.0,0.0,1000.0,0,0,-0.22199999999999998,0.17800000000000005,-0.34199999999999997
21782,0.0,0.0,0.0,1000.0,0,0,-0.20199999999999996,0.17800000000000005,-0.34199999999999997
21783,0.0,0.0,0.0,1000.0,0,0,-0.182,0.17800000000000005,-0.34199999999999997
21784,0.0,0.0,0.0,1000.0,0,0,-0.16199999999999998,0.17800000000000005,-0.34199999999999997
21785,0.0,0.0,0.0,1000.0,0,0,-0.482,0.19800000000000006,-0.34199999999999997
21786,0.0,0.0,0.0,1000.0,0,0,-0.46199999999999997,0.19800000000000006,-0.34199999999999997
21787,0.0,0.0,0.0,1000.0,0,0,-0.442,0.19800000000000006,-0.34199999999999997
21788,0.0,0.0,0.0,1000.0,0,0,-0.422,0.19800000000000006,-0.34199999999999997
21789,0.0,0.0,0.0,1000.0,0,0,-0.40199999999999997,0.19800000000000006,-0.34199999999999997
21790,0.0,0.0,0.0,1000.0,0,0,-0.382,0.19800000000000006,-0.34199999999999997
21791,0.0,0.0,0.0,1000.0,0,0,-0.362,0.19800000000000006,-0.34199999999999997
21792,0.0,0.0,0.0,1000.0,0,0,-0.34199999999999997,0.19800000000000006,-0.34199999999999997
21793,0.0,0.0,0.0,1000.0,0,0,-0.32199999999999995,0.19800000000000006,-0.34199999999999997
21794,0.0,0.0,0.0,1000.0,0,0,-0.302,0.19800000000000006,-0.34199999999999997
21795,0.0,0.0,0.0,1000.0,0,0,-0.282,0.19800000000000006,-0.34199999999999997
21796,0.0,0.0,0.0,1000.0,0,0,-0.262,0.19800000000000006,-0.34199999999999997
21797,0.0,0.0,0.0,1000.0,0,0,-0.242,0.19800000000000006,-0.34199999999999997
21798,0.0,0.0,0.0,1000.0,0,0,-0.22199999999999998,0.19800000000000006,-0.34199999999999997
21799,0.0,0.0,0.0,1000.0,0,0,-0.20199999999999996,0.19800000000000006,-0.34199999999999997
21800,0.0,0.0,0.0,1000.0,0,0,-0.182,0.19800000000000006,-0.34199999999999997
21801,0.0,0.0,0.0,1000.0,0,0,-0.16199999999999998,0.19800000000000006,-0.34199999999999997
21802,0.0,0.0,0.0,1000.0,0,0,-0.482,0.21800000000000008,-0.34199999999999997
21803,0.0,0.0,0.0,1000.0,0,0,-0.46199999999999997,0.21800000000000008,-0.34199999999999997
21804,0.0,0.0,0.0,1000.0,0,0,-0.442,0.21800000000000008,-0.34199999999999997
21805,0.0,0.0,0.0,1000.0,0,0,-0.422,0.21800000000000008,-0.34199999999999997
21806,0.0,0.0,0.0,1000.0,0,0,-0.40199999999999997,0.21800000000000008,-0.34199999999999997
21807,0.0,0.0,0.0,1000.0,0,0,-0.382,0.21800000000000008,-0.34199999999999997
21808,0.0,0.0,0.0,1000.0,0,0,-0.362,0.21800000000000008,-0.34199999999999997
21809,0.0,0.0,0.0,1000.0,0,0,-0.34199999999999997,0.21800000000000008,-0.34199999999999997
21810,0.0,0.0,0.0,1000.0,0,0,-0.32199999999999995,0.21800000000000008,-0.34199999999999997
21811,0.0,0.0,0.0,1000.0,0,0,-0.302,0.21800000000000008,-0.34199999999999997
21812,0.0,0.0,0.0,1000.0,0,0,-0.282,0.21800000000000008,-0.34199999999999997
21813,0.0,0.0,0.0,1000.0,0,0,-0.262,0.21800000000000008,-0.34199999999999997
21814,0.0,0.0,0.0,1000.0,0,0,-0.242,0.21800000000000008,-0.34199999999999997
21815,0.0,0.0,0.0,1000.0,0,0,-0.22199999999999998,0.21800000000000008,-0.34199999999999997
21816,0.0,0.0,0.0,1000.0,0,0,-0.20199999999999996,0.21800000000000008,-0.34199999999999997
21817,0.0,0.0,0.0,1000.0,0,0,-0.182,0.21800000000000008,-0.34199999999999997
21818,0.0,0.0,0.0,1000.0,0,0,-0.16199999999999998,0.21800000000000008,-0.34199999999999997
21819,0.0,0.0,0.0,1000.0,0,0,-0.482,0.238,-0.34199999999999997
21820,0.0,0.0,0.0,1000.0,0,0,-0.46199999999999997,0.238,-0.34199999999999997
21821,0.0,0.0,0.0,1000.0,0,0,-0.442,0.238,-0.34199999999999997
21822,0.0,0.0,0.0,1000.0,0,0,-0.422,0.238,-0.34199999999999997
21823,0.0,0.0,0.0,1000.0,0,0,-0.40199999999999997,0.238,-0.34199999999999997
21824,0.0,0.0,0.0,1000.0,0,0,-0.382,0.238,-0.34199999999999997
21825,0.0,0.0,0.0,1000.0,0,0,-0.362,0.238,-0.34199999999999997
21826,0.0,0.0,0.0,1000.0,0,0,-0.34199999999999997,0.238,-0.34199999999999997
21827,0.0,0.0,0.0,1000.0,0,0,-0.32199999999999995,0.238,-0.34199999999999997
21828,0.0,0.0,0.0,1000.0,0,0,-0.302,0.238,-0.34199999999999997
21829,0.0,0.0,0.0,1000.0,0,0,-0.282,0.238,-0.34199999999999997
21830,0.0,0.0,0.0,1000.0,0,0,-0.262,0.238,-0.34199999999999997
21831,0.0,0.0,0.0,1000.0,0,0,-0.242,0.238,-0.34199999999999997
21832,0.0,0.0,0.0,1000.0,0,0,-0.22199999999999998,0.238,-0.34199999999999997
21833,0.0,0.0,0.0,1000.0,0,0,-0.20199999999999996,0.238,-0.34199999999999997
21834,0.0,0.0,0.0,1000.0,0,0,-0.182,0.238,-0.34199999999999997
21835,0.0,0.0,0.0,1000.0,0,0,-0.16199999999999998,0.238,-0.34199999999999997
21836,0.0,0.0,0.0,1000.0,0,0,-0.482,0.258,-0.34199999999999997
21837,0.0,0.0,0.0,1000.0,0,0,-0.46199999999999997,0.258,-0.34199999999999997
21838,0.0,0.0,0.0,1000.0,0,0,-0.442,0.258,-0.34199999999999997
21839,0.0,0.0,0.0,1000.0,0,0,-0.422,0.258,-0.34199999999999997
21840,0.0,0.0,0.0,1000.0,0,0,-0.40199999999999997,0.258,-0.34199999999999997
21841,0.0,0.0,0.0,1000.0,0,0,-0.382,0.258,-0.34199999999999997
21842,0.0,0.0,0.0,1000.0,0,0,-0.362,0.258,-0.34199999999999997
21843,0.0,0.0,0.0,1000.0,0,0,-0.34199999999999997,0.258,-0.34199999999999997
21844,0.0,0.0,0.0,1000.0,0,0,-0.32199999999999995,0.258,-0.34199999999999997
21845,0.0,0.0,0.0,1000.0,0,0,-0.302,0.258,-0.34199999999999997
21846,0.0,0.0,0.0,1000.0,0,0,-0.282,0.258,-0.34199999999999997
21847,0.0,0.0,0.0,1000.0,0,0,-0.262,0.258,-0.34199999999999997
21848,0.0,0.0,0.0,1000.0,0,0,-0.242,0.258,-0.34199999999999997
21849,0.0,0.0,0.0,1000.0,0,0,-0.22199999999999998,0.258,-0.34199999999999997
21850,0.0,0.0,0.0,1000.0,0,0,-0.20199999999999996,0.258,-0.34199999999999997
21851,0.0,0.0,0.0,1000.0,0,0,-0.182,0.258,-0.34199999999999997
21852,0.0,0.0,0.0,1000.0,0,0,-0.16199999999999998,0.258,-0.34199999999999997
21853,0.0,0.0,0.0,1000.0,0,0,-0.482,0.278,-0.34199999999999997
21854,0.0,0.0,0.0,1000.0,0,0,-0.46199999999999997,0.278,-0.34199999999999997
21855,0.0,0.0,0.0,1000.0,0,0,-0.442,0.278,-0.34199999999999997
21856,0.0,0.0,0.0,1000.0,0,0,-0.422,0.278,-0.34199999999999997
21857,0.0,0.0,0.0,1000.0,0,0,-0.40199999999999997,0.278,-0.34199999999999997
21858,0.0,0.0,0.0,1000.0,0,0,-0.382,0.278,-0.34199999999999997
21859,0.0,0.0,0.0,1000.0,0,0,-0.362,0.278,-0.34199999999999997
21860,0.0,0.0,0.0,1000.0,0,0,-0.34199999999999997,0.278,-0.34199999999999997
21861,0.0,0.0,0.0,1000.0,0,0,-0.32199999999999995,0.278,-0.34199999999999997
21862,0.0,0.0,0.0,1000.0,0,0,-0.302,0.278,-0.34199999999999997
21863,0.0,0.0,0.0,1000.0,0,0,-0.282,0.278,-0.34199999999999997
21864,0.0,0.0,0.0,1000.0,0,0,-0.262,0.278,-0.34199999999999997
21865,0.0,0.0,0.0,1000.0,0,0,-0.242,0.278,-0.34199999999999997
21866,0.0,0.0,0.0,1000.0,0,0,-0.22199999999999998,0.278,-0.34199999999999997
21867,0.0,0.0,0.0,1000.0,0,0,-0.20199999999999996,0.278,-0.34199999999999997
21868,0.0,0.0,0.0,1000.0,0,0,-0.182,0.278,-0.34199999999999997
21869,0.0,0.0,0.0,1000.0,0,0,-0.16199999999999998,0.278,-0.34199999999999997
21870,0.0,0.0,0.0,1000.0,0,0,-0.482,0.29800000000000004,-0.34199999999999997
21871,0.0,0.0,0.0,1000.0,0,0,-0.46199999999999997,0.29800000000000004,-0.34199999999999997
21872,0.0,0.0,0.0,1000.0,0,0,-0.442,0.29800000000000004,-0.34199999999999997
21873,0.0,0.0,0.0,1000.0,0,0,-0.422,0.29800000000000004,-0.34199999999999997
21874,0.0,0.0,0.0,1000.0,0,0,-0.40199999999999997,0.29800000000000004,-0.34199999999999997
21875,0.0,0.0,0.0,1000.0,0,0,-0.382,0.29800000000000004,-0.34199999999999997
21876,0.0,0.0,0.0,1000.0,0,0,-0.362,0.29800000000000004,-0.34199999999999997
21877,0.0,0.0,0.0,1000.0,0,0,-0.34199999999999997,0.29800000000000004,-0.34199999999999997
21878,0.0,0.0,0.0,1000.0,0,0,-0.32199999999999995,0.29800000000000004,-0.34199999999999997
21879,0.0,0.0,0.0,1000.0,0,0,-0.302,0.29800000000000004,-0.34199999999999997
21880,0.0,0.0,0.0,1000.0,0,0,-0.282,0.29800000000000004,-0.34199999999999997
21881,0.0,0.0,0.0,1000.0,0,0,-0.262,0.29800000000000004,-0.34199999999999997
21882,0.0,0.0,0.0,1000.0,0,0,-0.242,0.29800000000000004,-0.34199999999999997
21883,0.0,0.0,0.0,1000.0,0,0,-0.22199999999999998,0.29800000000000004,-0.34199999999999997
21884,0.0,0.0,0.0,1000.0,0,0,-0.20199999999999996,0.29800000000000004,-0.34199999999999997
21885,0.0,0.0,0.0,1000.0,0,0,-0.182,0.29800000000000004,-0.34199999999999997
21886,0.0,0.0,0.0,1000.0,0,0,-0.16199999999999998,0.29800000000000004,-0.34199999999999997
21887,0.0,0.0,0.0,1000.0,0,0,-0.482,0.31800000000000006,-0.34199999999999997
21888,0.0,0.0,0.0,1000.0,0,0,-0.46199999999999997,0.31800000000000006,-0.34199999999999997
21889,0.0,0.0,0.0,1000.0,0,0,-0.442,0.31800000000000006,-0.34199999999999997
21890,0.0,0.0,0.0,1000.0,0,0,-0.422,0.31800000000000006,-0.34199999999999997
21891,0.0,0.0,0.0,1000.0,0,0,-0.40199999999999997,0.31800000000000006,-0.34199999999999997
21892,0.0,0.0,0.0,1000.0,0,0,-0.382,0.31800000000000006,-0.34199999999999997
21893,0.0,0.0,0.0,1000.0,0,0,-0.362,0.31800000000000006,-0.34199999999999997
21894,0.0,0.0,0.0,1000.0,0,0,-0.34199999999999997,0.31800000000000006,-0.34199999999999997
21895,0.0,0.0,0.0,1000.0,0,0,-0.32199999999999995,0.31800000000000006,-0.34199999999999997
21896,0.0,0.0,0.0,1000.0,0,0,-0.302,0.31800000000000006,-0.34199999999999997
21897,0.0,0.0,0.0,1000.0,0,0,-0.282,0.31800000000000006,-0.34199999999999997
21898,0.0,0.0,0.0,1000.0,0,0,-0.262,0.31800000000000006,-0.34199999999999997
21899,0.0,0.0,0.0,1000.0,0,0,-0.242,0.31800000000000006,-0.34199999999999997
21900,0.0,0.0,0.0,1000.0,0,0,-0.22199999999999998,0.31800000000000006,-0.34199999999999997
21901,0.0,0.0,0.0,1000.0,0,0,-0.20199999999999996,0.31800000000000006,-0.34199999999999997
21902,0.0,0.0,0.0,1000.0,0,0,-0.182,0.31800000000000006,-0.34199999999999997
21903,0.0,0.0,0.0,1000.0,0,0,-0.16199999999999998,0.31800000000000006,-0.34199999999999997
21904,0.0,0.0,0.0,1000.0,0,0,-0.482,0.3380000000000001,-0.34199999999999997
21905,0.0,0.0,0.0,1000.0,0,0,-0.46199999999999997,0.3380000000000001,-0.34199999999999997
21906,0.0,0.0,0.0,1000.0,0,0,-0.442,0.3380000000000001,-0.34199999999999997
21907,0.0,0.0,0.0,1000.0,0,0,-0.422,0.3380000000000001,-0.34199999999999997
21908,0.0,0.0,0.0,1000.0,0,0,-0.40199999999999997,0.3380000000000001,-0.34199999999999997
21909,0.0,0.0,0.0,1000.0,0,0,-0.382,0.3380000000000001,-0.34199999999999997
21910,0.0,0.0,0.0,1000.0,0,0,-0.362,0.3380000000000001,-0.34199999999999997
21911,0.0,0.0,0.0,1000.0,0,0,-0.34199999999999997,0.3380000000000001,-0.34199999999999997
21912,0.0,0.0,0.0,1000.0,0,0,-0.32199999999999995,0.3380000000000001,-0.34199999999999997
21913,0.0,0.0,0.0,1000.0,0,0,-0.302,0.3380000000000001,-0.34199999999999997
21914,0.0,0.0,0.0,1000.0,0,0,-0.282,0.3380000000000001,-0.34199999999999997
21915,0.0,0.0,0.0,1000.0,0,0,-0.262,0.3380000000000001,-0.34199999999999997
21916,0.0,0.0,0.0,1000.0,0,0,-0.242,0.3380000000000001,-0.34199999999999997
21917,0.0,0.0,0.0,1000.0,0,0,-0.22199999999999998,0.3380000000000001,-0.34199999999999997
21918,0.0,0.0,0.0,1000.0,0,0,-0.20199999999999996,0.3380000000000001,-0.34199999999999997
21919,0.0,0.0,0.0,1000.0,0,0,-0.182,0.3380000000000001,-0.34199999999999997
21920,0.0,0.0,0.0,1000.0,0,0,-0.16199999999999998,0.3380000000000001,-0.34199999999999997
21921,0.0,0.0,0.0,1000.0,0,0,-0.482,0.358,-0.34199999999999997
21922,0.0,0.0,0.0,1000.0,0,0,-0.46199999999999997,0.358,-0.34199999999999997
21923,0.0,0.0,0.0,1000.0,0,0,-0.442,0.358,-0.34199999999999997
21924,0.0,0.0,0.0,1000.0,0,0,-0.422,0.358,-0.34199999999999997
21925,0.0,0.0,0.0,1000.0,0,0,-0.40199999999999997,0.358,-0.34199999999999997
21926,0.0,0.0,0.0,1000.0,0,0,-0.382,0.358,-0.34199999999999997
21927,0.0,0.0,0.0,1000.0,0,0,-0.362,0.358,-0.34199999999999997
21928,0.0,0.0,0.0,1000.0,0,0,-0.34199999999999997,0.358,-0.34199999999999997
21929,0.0,0.0,0.0,1000.0,0,0,-0.32199999999999995,0.358,-0.34199999999999997
21930,0.0,0.0,0.0,1000.0,0,0,-0.302,0.358,-0.34199999999999997
21931,0.0,0.0,0.0,1000.0,0,0,-0.282,0.358,-0.34199999999999997
21932,0.0,0.0,0.0,1000.0,0,0,-0.262,0.358,-0.34199999999999997
21933,0.0,0.0,0.0,1000.0,0,0,-0.242,0.358,-0.34199999999999997
21934,0.0,0.0,0.0,1000.0,0,0,-0.22199999999999998,0.358,-0.34199999999999997
21935,0.0,0.0,0.0,1000.0,0,0,-0.20199999999999996,0.358,-0.34199999999999997
21936,0.0,0.0,0.0,1000.0,0,0,-0.182,0.358,-0.34199999999999997
21937,0.0,0.0,0.0,1000.0,0,0,-0.16199999999999998,0.358,-0.34199999999999997
21938,0.0,0.0,0.0,1000.0,0,0,-0.482,0.378,-0.34199999999999997
21939,0.0,0.0,0.0,1000.0,0,0,-0.46199999999999997,0.378,-0.34199999999999997
21940,0.0,0.0,0.0,1000.0,0,0,-0.442,0.378,-0.34199999999999997
21941,0.0,0.0,0.0,1000.0,0,0,-0.422,0.378,-0.34199999999999997
21942,0.0,0.0,0.0,1000.0,0,0,-0.40199999999999997,0.378,-0.34199999999999997
21943,0.0,0.0,0.0,1000.0,0,0,-0.382,0.378,-0.34199999999999997
21944,0.0,0.0,0.0,1000.0,0,0,-0.362,0.378,-0.34199999999999997
21945,0.0,0.0,0.0,1000.0,0,0,-0.34199999999999997,0.378,-0.34199999999999997
21946,0.0,0.0,0.0,1000.0,0,0,-0.32199999999999995,0.378,-0.34199999999999997
21947,0.0,0.0,0.0,1000.0,0,0,-0.302,0.378,-0.34199999999999997
21948,0.0,0.0,0.0,1000.0,0,0,-0.282,0.378,-0.34199999999999997
21949,0.0,0.0,0.0,1000.0,0,0,-0.262,0.378,-0.34199999999999997
21950,0.0,0.0,0.0,1000.0,0,0,-0.242,0.378,-0.34199999999999997
21951,0.0,0.0,0.0,1000.0,0,0,-0.22199999999999998,0.378,-0.34199999999999997
21952,0.0,0.0,0.0,1000.0,0,0,-0.20199999999999996,0.378,-0.34199999999999997
21953,0.0,0.0,0.0,1000.0,0,0,-0.182,0.378,-0.34199999999999997
21954,0.0,0.0,0.0,1000.0,0,0,-0.16199999999999998,0.378,-0.34199999999999997
21955,0.0,0.0,0.0,1000.0,0,0,-0.482,0.398,-0.34199999999999997
21956,0.0,0.0,0.0,1000.0,0,0,-0.46199999999999997,0.398,-0.34199999999999997
21957,0.0,0.0,0.0,1000.0,0,0,-0.442,0.398,-0.34199999999999997
21958,0.0,0.0,0.0,1000.0,0,0,-0.422,0.398,-0.34199999999999997
21959,0.0,0.0,0.0,1000.0,0,0,-0.40199999999999997,0.398,-0.34199999999999997
21960,0.0,0.0,0.0,1000.0,0,0,-0.382,0.398,-0.34199999999999997
21961,0.0,0.0,0.0,1000.0,0,0,-0.362,0.398,-0.34199999999999997
21962,0.0,0.0,0.0,1000.0,0,0,-0.34199999999999997,0.398,-0.34199999999999997
21963,0.0,0.0,0.0,1000.0,0,0,-0.32199999999999995,0.398,-0.34199999999999997
21964,0.0,0.0,0.0,1000.0,0,0,-0.302,0.398,-0.34199999999999997
21965,0.0,0.0,0.0,1000.0,0,0,-0.282,0.398,-0.34199999999999997
21966,0.0,0.0,0.0,1000.0,0,0,-0.262,0.398,-0.34199999999999997
21967,0.0,0.0,0.0,1000.0,0,0,-0.242,0.398,-0.34199999999999997
21968,0.0,0.0,0.0,1000.0,0,0,-0.22199999999999998,0.398,-0.34199999999999997
21969,0.0,0.0,0.0,1000.0,0,0,-0.20199999999999996,0.398,-0.34199999999999997
21970,0.0,0.0,0.0,1000.0,0,0,-0.182,0.398,-0.34199999999999997
21971,0.0,0.0,0.0,1000.0,0,0,-0.16199999999999998,0.398,-0.34199999999999997
21972,0.0,0.0,0.0,1000.0,0,0,-0.482,0.41800000000000004,-0.34199999999999997
21973,0.0,0.0,0.0,1000.0,0,0,-0.46199999999999997,0.41800000000000004,-0.34199999999999997
21974,0.0,0.0,0.0,1000.0,0,0,-0.442,0.41800000000000004,-0.34199999999999997
21975,0.0,0.0,0.0,1000.0,0,0,-0.422,0.41800000000000004,-0.34199999999999997
21976,0.0,0.0,0.0,1000.0,0,0,-0.40199999999999997,0.41800000000000004,-0.34199999999999997
21977,0.0,0.0,0.0,1000.0,0,0,-0.382,0.41800000000000004,-0.34199999999999997
21978,0.0,0.0,0.0,1000.0,0,0,-0.362,0.41800000000000004,-0.34199999999999997
21979,0.0,0.0,0.0,1000.0,0,0,-0.34199999999999997,0.41800000000000004,-0.34199999999999997
21980,0.0,0.0,0.0,1000.0,0,0,-0.32199999999999995,0.41800000000000004,-0.34199999999999997
21981,0.0,0.0,0.0,1000.0,0,0,-0.302,0.41800000000000004,-0.34199999999999997
21982,0.0,0.0,0.0,1000.0,0,0,-0.282,0.41800000000000004,-0.34199999999999997
21983,0.0,0.0,0.0,1000.0,0,0,-0.262,0.41800000000000004,-0.34199999999999997
21984,0.0,0.0,0.0,1000.0,0,0,-0.242,0.41800000000000004,-0.34199999999999997
21985,0.0,0.0,0.0,1000.0,0,0,-0.22199999999999998,0.41800000000000004,-0.34199999999999997
21986,0.0,0.0,0.0,1000.0,0,0,-0.20199999999999996,0.41800000000000004,-0.34199999999999997
21987,0.0,0.0,0.0,1000.0,0,0,-0.182,0.41800000000000004,-0.34199999999999997
21988,0.0,0.0,0.0,1000.0,0,0,-0.16199999999999998,0.41800000000000004,-0.34199999999999997
21989,0.0,0.0,0.0,1000.0,0,0,-0.482,0.43800000000000006,-0.34199999999999997
21990,0.0,0.0,0.0,1000.0,0,0,-0.46199999999999997,0.43800000000000006,-0.34199999999999997
21991,0.0,0.0,0.0,1000.0,0,0,-0.442,0.43800000000000006,-0.34199999999999997
21992,0.0,0.0,0.0,1000.0,0,0,-0.422,0.43800000000000006,-0.34199999999999997
21993,0.0,0.0,0.0,1000.0,0,0,-0.40199999999999997,0.43800000000000006,-0.34199999999999997
21994,0.0,0.0,0.0,1000.0,0,0,-0.382,0.43800000000000006,-0.34199999999999997
21995,0.0,0.0,0.0,1000.0,0,0,-0.362,0.43800000000000006,-0.34199999999999997
21996,0.0,0.0,0.0,1000.0,0,0,-0.34199999999999997,0.43800000000000006,-0.34199999999999997
21997,0.0,0.0,0.0,1000.0,0,0,-0.32199999999999995,0.43800000000000006,-0.34199999999999997
21998,0.0,0.0,0.0,1000.0,0,0,-0.302,0.43800000000000006,-0.34199999999999997
21999,0.0,0.0,0.0,1000.0,0,0,-0.282,0.43800000000000006,-0.34199999999999997
22000,0.0,0.0,0.0,1000.0,0,0,-0.262,0.43800000000000006,-0.34199999999999997
22001,0.0,0.0,0.0,1000.0,0,0,-0.242,0.43800000000000006,-0.34199999999999997
22002,0.0,0.0,0.0,1000.0,0,0,-0.22199999999999998,0.43800000000000006,-0.34199999999999997
22003,0.0,0.0,0.0,1000.0,0,0,-0.20199999999999996,0.43800000000000006,-0.34199999999999997
22004,0.0,0.0,0.0,1000.0,0,0,-0.182,0.43800000000000006,-0.34199999999999997
22005,0.0,0.0,0.0,1000.0,0,0,-0.16199999999999998,0.43800000000000006,-0.34199999999999997
22006,0.0,0.0,0.0,1000.0,0,0,-0.482,0.4580000000000001,-0.34199999999999997
22007,0.0,0.0,0.0,1000.0,0,0,-0.46199999999999997,0.4580000000000001,-0.34199999999999997
22008,0.0,0.0,0.0,1000.0,0,0,-0.442,0.4580000000000001,-0.34199999999999997
22009,0.0,0.0,0.0,1000.0,0,0,-0.422,0.4580000000000001,-0.34199999999999997
22010,0.0,0.0,0.0,1000.0,0,0,-0.40199999999999997,0.4580000000000001,-0.34199999999999997
22011,0.0,0.0,0.0,1000.0,0,0,-0.382,0.4580000000000001,-0.34199999999999997
22012,0.0,0.0,0.0,1000.0,0,0,-0.362,0.4580000000000001,-0.34199999999999997
22013,0.0,0.0,0.0,1000.0,0,0,-0.34199999999999997,0.4580000000000001,-0.34199999999999997
22014,0.0,0.0,0.0,1000.0,0,0,-0.32199999999999995,0.4580000000000001,-0.34199999999999997
22015,0.0,0.0,0.0,1000.0,0,0,-0.302,0.4580000000000001,-0.34199999999999997
22016,0.0,0.0,0.0,1000.0,0,0,-0.282,0.4580000000000001,-0.34199999999999997
22017,0.0,0.0,0.0,1000.0,0,0,-0.262,0.4580000000000001,-0.34199999999999997
22018,0.0,0.0,0.0,1000.0,0,0,-0.242,0.4580000000000001,-0.34199999999999997
22019,0.0,0.0,0.0,1000.0,0,0,-0.22199999999999998,0.4580000000000001,-0.34199999999999997
22020,0.0,0.0,0.0,1000.0,0,0,-0.20199999999999996,0.4580000000000001,-0.34199999999999997
22021,0.0,0.0,0.0,1000.0,0,0,-0.182,0.4580000000000001,-0.34199999999999997
22022,0.0,0.0,0.0,1000.0,0,0,-0.16199999999999998,0.4580000000000001,-0.34199999999999997
22023,0.0,0.0,0.0,1000.0,0,0,-0.482,0.478,-0.34199999999999997
22024,0.0,0.0,0.0,1000.0,0,0,-0.46199999999999997,0.478,-0.34199999999999997
22025,0.0,0.0,0.0,1000.0,0,0,-0.442,0.478,-0.34199999999999997
22026,0.0,0.0,0.0,1000.0,0,0,-0.422,0.478,-0.34199999999999997
22027,0.0,0.0,0.0,1000.0,0,0,-0.40199999999999997,0.478,-0.34199999999999997
22028,0.0,0.0,0.0,1000.0,0,0,-0.382,0.478,-0.34199999999999997
22029,0.0,0.0,0.0,1000.0,0,0,-0.362,0.478,-0.34199999999999997
22030,0.0,0.0,0.0,1000.0,0,0,-0.34199999999999997,0.478,-0.34199999999999997
22031,0.0,0.0,0.0,1000.0,0,0,-0.32199999999999995,0.478,-0.34199999999999997
22032,0.0,0.0,0.0,1000.0,0,0,-0.302,0.478,-0.34199999999999997
22033,0.0,0.0,0.0,1000.0,0,0,-0.282,0.478,-0.34199999999999997
22034,0.0,0.0,0.0,1000.0,0,0,-0.262,0.478,-0.34199999999999997
22035,0.0,0.0,0.0,1000.0,0,0,-0.242,0.478,-0.34199999999999997
22036,0.0,0.0,0.0,1000.0,0,0,-0.22199999999999998,0.478,-0.34199999999999997
22037,0.0,0.0,0.0,1000.0,0,0,-0.20199999999999996,0.478,-0.34199999999999997
22038,0.0,0.0,0.0,1000.0,0,0,-0.182,0.478,-0.34199999999999997
22039,0.0,0.0,0.0,1000.0,0,0,-0.16199999999999998,0.478,-0.34199999999999997
22040,0.0,0.0,0.0,1000.0,0,0,-0.482,-0.482,-0.32199999999999995
22041,0.0,0.0,0.0,1000.0,0,0,-0.46199999999999997,-0.482,-0.32199999999999995
22042,0.0,0.0,0.0,1000.0,0,0,-0.442,-0.482,-0.32199999999999995
22043,0.0,0.0,0.0,1000.0,0,0,-0.422,-0.482,-0.32199999999999995
22044,0.0,0.0,0.0,1000.0,0,0,-0.40199999999999997,-0.482,-0.32199999999999995
22045,0.0,0.0,0.0,1000.0,0,0,-0.382,-0.482,-0.32199999999999995
22046,0.0,0.0,0.0,1000.0,0,0,-0.362,-0.482,-0.32199999999999995
22047,0.0,0.0,0.0,1000.0,0,0,-0.34199999999999997,-0.482,-0.32199999999999995
22048,0.0,0.0,0.0,1000.0,0,0,-0.32199999999999995,-0.482,-0.32199999999999995
22049,0.0,0.0,0.0,1000.0,0,0,-0.302,-0.482,-0.32199999999999995
22050,0.0,0.0,0.0,1000.0,0,0,-0.282,-0.482,-0.32199999999999995
22051,0.0,0.0,0.0,1000.0,0,0,-0.262,-0.482,-0.32199999999999995
22052,0.0,0.0,0.0,1000.0,0,0,-0.242,-0.482,-0.32199999999999995
22053,0.0,0.0,0.0,1000.0,0,0,-0.22199999999999998,-0.482,-0.32199999999999995
22054,0.0,0.0,0.0,1000.0,0,0,-0.20199999999999996,-0.482,-0.32199999999999995
22055,0.0,0.0,0.0,1000.0,0,0,-0.182,-0.482,-0.32199999999999995
22056,0.0,0.0,0.0,1000.0,0,0,-0.16199999999999998,-0.482,-0.32199999999999995
22057,0.0,0.0,0.0,1000.0,0,0,-0.482,-0.46199999999999997,-0.32199999999999995
22058,0.0,0.0,0.0,1000.0,0,0,-0.46199999999999997,-0.46199999999999997,-0.32199999999999995
22059,0.0,0.0,0.0,1000.0,0,0,-0.442,-0.46199999999999997,-0.32199999999999995
22060,0.0,0.0,0.0,1000.0,0,0,-0.422,-0.46199999999999997,-0.32199999999999995
22061,0.0,0.0,0.0,1000.0,0,0,-0.40199999999999997,-0.46199999999999997,-0.32199999999999995
22062,0.0,0.0,0.0,1000.0,0,0,-0.382,-0.46199999999999997,-0.32199999999999995
22063,0.0,0.0,0.0,1000.0,0,0,-0.362,-0.46199999999999997,-0.32199999999999995
22064,0.0,0.0,0.0,1000.0,0,0,-0.34199999999999997,-0.46199999999999997,-0.32199999999999995
22065,0.0,0.0,0.0,1000.0,0,0,-0.32199999999999995,-0.46199999999999997,-0.32199999999999995
22066,0.0,0.0,0.0,1000.0,0,0,-0.302,-0.46199999999999997,-0.32199999999999995
22067,0.0,0.0,0.0,1000.0,0,0,-0.282,-0.46199999999999997,-0.32199999999999995
22068,0.0,0.0,0.0,1000.0,0,0,-0.262,-0.46199999999999997,-0.32199999999999995
22069,0.0,0.0,0.0,1000.0,0,0,-0.242,-0.46199999999999997,-0.32199999999999995
22070,0.0,0.0,0.0,1000.0,0,0,-0.22199999999999998,-0.46199999999999997,-0.32199999999999995
22071,0.0,0.0,0.0,1000.0,0,0,-0.20199999999999996,-0.46199999999999997,-0.32199999999999995
22072,0.0,0.0,0.0,1000.0,0,0,-0.182,-0.46199999999999997,-0.32199999999999995
22073,0.0,0.0,0.0,1000.0,0,0,-0.16199999999999998,-0.46199999999999997,-0.32199999999999995
22074,0.0,0.0,0.0,1000.0,0,0,-0.482,-0.442,-0.32199999999999995
22075,0.0,0.0,0.0,1000.0,0,0,-0.46199999999999997,-0.442,-0.32199999999999995
22076,0.0,0.0,0.0,1000.0,0,0,-0.442,-0.442,-0.32199999999999995
22077,0.0,0.0,0.0,1000.0,0,0,-0.422,-0.442,-0.32199999999999995
22078,0.0,0.0,0.0,1000.0,0,0,-0.40199999999999997,-0.442,-0.32199999999999995
22079,0.0,0.0,0.0,1000.0,0,0,-0.382,-0.442,-0.32199999999999995
22080,0.0,0.0,0.0,1000.0,0,0,-0.362,-0.442,-0.32199999999999995
22081,0.0,0.0,0.0,1000.0,0,0,-0.34199999999999997,-0.442,-0.32199999999999995
22082,0.0,0.0,0.0,1000.0,0,0,-0.32199999999999995,-0.442,-0.32199999999999995
22083,0.0,0.0,0.0,1000.0,0,0,-0.302,-0.442,-0.32199999999999995
22084,0.0,0.0,0.0,1000.0,0,0,-0.282,-0.442,-0.32199999999999995
22085,0.0,0.0,0.0,1000.0,0,0,-0.262,-0.442,-0.32199999999999995
22086,0.0,0.0,0.0,1000.0,0,0,-0.242,-0.442,-0.32199999999999995
22087,0.0,0.0,0.0,1000.0,0,0,-0.22199999999999998,-0.442,-0.32199999999999995
22088,0.0,0.0,0.0,1000.0,0,0,-0.20199999999999996,-0.442,-0.32199999999999995
22089,0.0,0.0,0.0,1000.0,0,0,-0.182,-0.442,-0.32199999999999995
22090,0.0,0.0,0.0,1000.0,0,0,-0.16199999999999998,-0.442,-0.32199999999999995
22091,0.0,0.0,0.0,1000.0,0,0,-0.482,-0.422,-0.32199999999999995
22092,0.0,0.0,0.0,1000.0,0,0,-0.46199999999999997,-0.422,-0.32199999999999995
22093,0.0,0.0,0.0,1000.0,0,0,-0.442,-0.422,-0.32199999999999995
22094,0.0,0.0,0.0,1000.0,0,0,-0.422,-0.422,-0.32199999999999995
22095,0.0,0.0,0.0,1000.0,0,0,-0.40199999999999997,-0.422,-0.32199999999999995
22096,0.0,0.0,0.0,1000.0,0,0,-0.382,-0.422,-0.32199999999999995
22097,0.0,0.0,0.0,1000.0,0,0,-0.362,-0.422,-0.32199999999999995
22098,0.0,0.0,0.0,1000.0,0,0,-0.34199999999999997,-0.422,-0.32199999999999995
22099,0.0,0.0,0.0,1000.0,0,0,-0.32199999999999995,-0.422,-0.32199999999999995
22100,0.0,0.0,0.0,1000.0,0,0,-0.302,-0.422,-0.32199999999999995
22101,0.0,0.0,0.0,1000.0,0,0,-0.282,-0.422,-0.32199999999999995
22102,0.0,0.0,0.0,1000.0,0,0,-0.262,-0.422,-0.32199999999999995
22103,0.0,0.0,0.0,1000.0,0,0,-0.242,-0.422,-0.32199999999999995
22104,0.0,0.0,0.0,1000.0,0,0,-0.22199999999999998,-0.422,-0.32199999999999995
22105,0.0,0.0,0.0,1000.0,0,0,-0.20199999999999996,-0.422,-0.32199999999999995
22106,0.0,0.0,0.0,1000.0,0,0,-0.182,-0.422,-0.32199999999999995
22107,0.0,0.0,0.0,1000.0,0,0,-0.16199999999999998,-0.422,-0.32199999999999995
22108,0.0,0.0,0.0,1000.0,0,0,-0.482,-0.40199999999999997,-0.32199999999999995
22109,0.0,0.0,0.0,1000.0,0,0,-0.46199999999999997,-0.40199999999999997,-0.32199999999999995
22110,0.0,0.0,0.0,1000.0,0,0,-0.442,-0.40199999999999997,-0.32199999999999995
22111,0.0,0.0,0.0,1000.0,0,0,-0.422,-0.40199999999999997,-0.32199999999999995
22112,0.0,0.0,0.0,1000.0,0,0,-0.40199999999999997,-0.40199999999999997,-0.32199999999999995
22113,0.0,0.0,0.0,1000.0,0,0,-0.382,-0.40199999999999997,-0.32199999999999995
22114,0.0,0.0,0.0,1000.0,0,0,-0.362,-0.40199999999999997,-0.32199999999999995
22115,0.0,0.0,0.0,1000.0,0,0,-0.34199999999999997,-0.40199999999999997,-0.32199999999999995
22116,0.0,0.0,0.0,1000.0,0,0,-0.32199999999999995,-0.40199999999999997,-0.32199999999999995
22117,0.0,0.0,0.0,1000.0,0,0,-0.302,-0.40199999999999997,-0.32199999999999995
22118,0.0,0.0,0.0,1000.0,0,0,-0.282,-0.40199999999999997,-0.32199999999999995
22119,0.0,0.0,0.0,1000.0,0,0,-0.262,-0.40199999999999997,-0.32199999999999995
22120,0.0,0.0,0.0,1000.0,0,0,-0.242,-0.40199999999999997,-0.32199999999999995
22121,0.0,0.0,0.0,1000.0,0,0,-0.22199999999999998,-0.40199999999999997,-0.32199999999999995
22122,0.0,0.0,0.0,1000.0,0,0,-0.20199999999999996,-0.40199999999999997,-0.32199999999999995
22123,0.0,0.0,0.0,1000.0,0,0,-0.182,-0.40199999999999997,-0.32199999999999995
22124,0.0,0.0,0.0,1000.0,0,0,-0.16199999999999998,-0.40199999999999997,-0.32199999999999995
22125,0.0,0.0,0.0,1000.0,0,0,-0.482,-0.382,-0.32199999999999995
22126,0.0,0.0,0.0,1000.0,0,0,-0.46199999999999997,-0.382,-0.32199999999999995
22127,0.0,0.0,0.0,1000.0,0,0,-0.442,-0.382,-0.32199999999999995
22128,0.0,0.0,0.0,1000.0,0,0,-0.422,-0.382,-0.32199999999999995
22129,0.0,0.0,0.0,1000.0,0,0,-0.40199999999999997,-0.382,-0.32199999999999995
22130,0.0,0.0,0.0,1000.0,0,0,-0.382,-0.382,-0.32199999999999995
22131,0.0,0.0,0.0,1000.0,0,0,-0.362,-0.382,-0.32199999999999995
22132,0.0,0.0,0.0,1000.0,0,0,-0.34199999999999997,-0.382,-0.32199999999999995
22133,0.0,0.0,0.0,1000.0,0,0,-0.32199999999999995,-0.382,-0.32199999999999995
22134,0.0,0.0,0.0,1000.0,0,0,-0.302,-0.382,-0.32199999999999995
22135,0.0,0.0,0.0,1000.0,0,0,-0.282,-0.382,-0.32199999999999995
22136,0.0,0.0,0.0,1000.0,0,0,-0.262,-0.382,-0.32199999999999995
22137,0.0,0.0,0.0,1000.0,0,0,-0.242,-0.382,-0.32199999999999995
22138,0.0,0.0,0.0,1000.0,0,0,-0.22199999999999998,-0.382,-0.32199999999999995
22139,0.0,0.0,0.0,1000.0,0,0,-0.20199999999999996,-0.382,-0.32199999999999995
22140,0.0,0.0,0.0,1000.0,0,0,-0.182,-0.382,-0.32199999999999995
22141,0.0,0.0,0.0,1000.0,0,0,-0.16199999999999998,-0.382,-0.32199999999999995
22142,0.0,0.0,0.0,1000.0,0,0,-0.482,-0.362,-0.32199999999999995
22143,0.0,0.0,0.0,1000.0,0,0,-0.46199999999999997,-0.362,-0.32199999999999995
22144,0.0,0.0,0.0,1000.0,0,0,-0.442,-0.362,-0.32199999999999995
22145,0.0,0.0,0.0,1000.0,0,0,-0.422,-0.362,-0.32199999999999995
22146,0.0,0.0,0.0,1000.0,0,0,-0.40199999999999997,-0.362,-0.32199999999999995
22147,0.0,0.0,0.0,1000.0,0,0,-0.382,-0.362,-0.32199999999999995
22148,0.0,0.0,0.0,1000.0,0,0,-0.362,-0.362,-0.32199999999999995
22149,0.0,0.0,0.0,1000.0,0,0,-0.34199999999999997,-0.362,-0.32199999999999995
22150,0.0,0.0,0.0,1000.0,0,0,-0.32199999999999995,-0.362,-0.32199999999999995
22151,0.0,0.0,0.0,1000.0,0,0,-0.302,-0.362,-0.32199999999999995
22152,0.0,0.0,0.0,1000.0,0,0,-0.282,-0.362,-0.32199999999999995
22153,0.0,0.0,0.0,1000.0,0,0,-0.262,-0.362,-0.32199999999999995
22154,0.0,0.0,0.0,1000.0,0,0,-0.242,-0.362,-0.32199999999999995
22155,0.0,0.0,0.0,1000.0,0,0,-0.22199999999999998,-0.362,-0.32199999999999995
22156,0.0,0.0,0.0,1000.0,0,0,-0.20199999999999996,-0.362,-0.32199999999999995
22157,0.0,0.0,0.0,1000.0,0,0,-0.182,-0.362,-0.32199999999999995
22158,0.0,0.0,0.0,1000.0,0,0,-0.16199999999999998,-0.362,-0.32199999999999995
22159,0.0,0.0,0.0,1000.0,0,0,-0.482,-0.34199999999999997,-0.32199999999999995
22160,0.0,0.0,0.0,1000.0,0,0,-0.46199999999999997,-0.34199999999999997,-0.32199999999999995
22161,0.0,0.0,0.0,1000.0,0,0,-0.442,-0.34199999999999997,-0.32199999999999995
22162,0.0,0.0,0.0,1000.0,0,0,-0.422,-0.34199999999999997,-0.32199999999999995
22163,0.0,0.0,0.0,1000.0,0,0,-0.40199999999999997,-0.34199999999999997,-0.32199999999999995
22164,0.0,0.0,0.0,1000.0,0,0,-0.382,-0.34199999999999997,-0.32199999999999995
22165,0.0,0.0,0.0,1000.0,0,0,-0.362,-0.34199999999999997,-0.32199999999999995
22166,0.0,0.0,0.0,1000.0,0,0,-0.34199999999999997,-0.34199999999999997,-0.32199999999999995
22167,0.0,0.0,0.0,1000.0,0,0,-0.32199999999999995,-0.34199999999999997,-0.32199999999999995
22168,0.0,0.0,0.0,1000.0,0,0,-0.302,-0.34199999999999997,-0.32199999999999995
22169,0.0,0.0,0.0,1000.0,0,0,-0.282,-0.34199999999999997,-0.32199999999999995
22170,0.0,0.0,0.0,1000.0,0,0,-0.262,-0.34199999999999997,-0.32199999999999995
22171,0.0,0.0,0.0,1000.0,0,0,-0.242,-0.34199999999999997,-0.32199999999999995
22172,0.0,0.0,0.0,1000.0,0,0,-0.22199999999999998,-0.34199999999999997,-0.32199999999999995
22173,0.0,0.0,0.0,1000.0,0,0,-0.20199999999999996,-0.34199999999999997,-0.32199999999999995
22174,0.0,0.0,0.0,1000.0,0,0,-0.182,-0.34199999999999997,-0.32199999999999995
22175,0.0,0.0,0.0,1000.0,0,0,-0.16199999999999998,-0.34199999999999997,-0.32199999999999995
22176,0.0,0.0,0.0,1000.0,0,0,-0.482,-0.32199999999999995,-0.32199999999999995
22177,0.0,0.0,0.0,1000.0,0,0,-0.46199999999999997,-0.32199999999999995,-0.32199999999999995
22178,0.0,0.0,0.0,1000.0,0,0,-0.442,-0.32199999999999995,-0.32199999999999995
22179,0.0,0.0,0.0,1000.0,0,0,-0.422,-0.32199999999999995,-0.32199999999999995
22180,0.0,0.0,0.0,1000.0,0,0,-0.40199999999999997,-0.32199999999999995,-0.32199999999999995
22181,0.0,0.0,0.0,1000.0,0,0,-0.382,-0.32199999999999995,-0.32199999999999995
22182,0.0,0.0,0.0,1000.0,0,0,-0.362,-0.32199999999999995,-0.32199999999999995
22183,0.0,0.0,0.0,1000.0,0,0,-0.34199999999999997,-0.32199999999999995,-0.32199999999999995
22184,0.0,0.0,0.0,1000.0,0,0,-0.32199999999999995,-0.32199999999999995,-0.32199999999999995
22185,0.0,0.0,0.0,1000.0,0,0,-0.302,-0.32199999999999995,-0.32199999999999995
22186,0.0,0.0,0.0,1000.0,0,0,-0.282,-0.32199999999999995,-0.32199999999999995
22187,0.0,0.0,0.0,1000.0,0,0,-0.262,-0.32199999999999995,-0.32199999999999995
22188,0.0,0.0,0.0,1000.0,0,0,-0.242,-0.32199999999999995,-0.32199999999999995
22189,0.0,0.0,0.0,1000.0,0,0,-0.22199999999999998,-0.32199999999999995,-0.32199999999999995
22190,0.0,0.0,0.0,1000.0,0,0,-0.20199999999999996,-0.32199999999999995,-0.32199999999999995
22191,0.0,0.0,0.0,1000.0,0,0,-0.182,-0.32199999999999995,-0.32199999999999995
22192,0.0,0.0,0.0,1000.0,0,0,-0.16199999999999998,-0.32199999999999995,-0.32199999999999995
22193,0.0,0.0,0.0,1000.0,0,0,-0.482,-0.302,-0.32199999999999995
22194,0.0,0.0,0.0,1000.0,0,0,-0.46199999999999997,-0.302,-0.32199999999999995
22195,0.0,0.0,0.0,1000.0,0,0,-0.442,-0.302,-0.32199999999999995
22196,0.0,0.0,0.0,1000.0,0,0,-0.422,-0.302,-0.32199999999999995
22197,0.0,0.0,0.0,1000.0,0,0,-0.40199999999999997,-0.302,-0.32199999999999995
22198,0.0,0.0,0.0,1000.0,0,0,-0.382,-0.302,-0.32199999999999995
22199,0.0,0.0,0.0,1000.0,0,0,-0.362,-0.302,-0.32199999999999995
22200,0.0,0.0,0.0,1000.0,0,0,-0.34199999999999997,-0.302,-0.32199999999999995
22201,0.0,0.0,0.0,1000.0,0,0,-0.32199999999999995,-0.302,-0.32199999999999995
22202,0.0,0.0,0.0,1000.0,0,0,-0.302,-0.302,-0.32199999999999995
22203,0.0,0.0,0.0,1000.0,0,0,-0.282,-0.302,-0.32199999999999995
22204,0.0,0.0,0.0,1000.0,0,0,-0.262,-0.302,-0.32199999999999995
22205,0.0,0.0,0.0,1000.0,0,0,-0.242,-0.302,-0.32199999999999995
22206,0.0,0.0,0.0,1000.0,0,0,-0.22199999999999998,-0.302,-0.32199999999999995
22207,0.0,0.0,0.0,1000.0,0,0,-0.20199999999999996,-0.302,-0.32199999999999995
22208,0.0,0.0,0.0,1000.0,0,0,-0.182,-0.302,-0.32199999999999995
22209,0.0,0.0,0.0,1000.0,0,0,-0.16199999999999998,-0.302,-0.32199999999999995
22210,0.0,0.0,0.0,1000.0,0,0,-0.482,-0.282,-0.32199999999999995
22211,0.0,0.0,0.0,1000.0,0,0,-0.46199999999999997,-0.282,-0.32199999999999995
22212,0.0,0.0,0.0,1000.0,0,0,-0.442,-0.282,-0.32199999999999995
22213,0.0,0.0,0.0,1000.0,0,0,-0.422,-0.282,-0.32199999999999995
22214,0.0,0.0,0.0,1000.0,0,0,-0.40199999999999997,-0.282,-0.32199999999999995
22215,0.0,0.0,0.0,1000.0,0,0,-0.382,-0.282,-0.32199999999999995
22216,0.0,0.0,0.0,1000.0,0,0,-0.362,-0.282,-0.32199999999999995
22217,0.0,0.0,0.0,1000.0,0,0,-0.34199999999999997,-0.282,-0.32199999999999995
22218,0.0,0.0,0.0,1000.0,0,0,-0.32199999999999995,-0.282,-0.32199999999999995
22219,0.0,0.0,0.0,1000.0,0,0,-0.302,-0.282,-0.32199999999999995
22220,0.0,0.0,0.0,1000.0,0,0,-0.282,-0.282,-0.32199999999999995
22221,0.0,0.0,0.0,1000.0,0,0,-0.262,-0.282,-0.32199999999999995
22222,0.0,0.0,0.0,1000.0,0,0,-0.242,-0.282,-0.32199999999999995
22223,0.0,0.0,0.0,1000.0,0,0,-0.22199999999999998,-0.282,-0.32199999999999995
22224,0.0,0.0,0.0,1000.0,0,0,-0.20199999999999996,-0.282,-0.32199999999999995
22225,0.0,0.0,0.0,1000.0,0,0,-0.182,-0.282,-0.32199999999999995
22226,0.0,0.0,0.0,1000.0,0,0,-0.16199999999999998,-0.282,-0.32199999999999995
22227,0.0,0.0,0.0,1000.0,0,0,-0.482,-0.262,-0.32199999999999995
22228,0.0,0.0,0.0,1000.0,0,0,-0.46199999999999997,-0.262,-0.32199999999999995
22229,0.0,0.0,0.0,1000.0,0,0,-0.442,-0.262,-0.32199999999999995
22230,0.0,0.0,0.0,1000.0,0,0,-0.422,-0.262,-0.32199999999999995
22231,0.0,0.0,0.0,1000.0,0,0,-0.40199999999999997,-0.262,-0.32199999999999995
22232,0.0,0.0,0.0,1000.0,0,0,-0.382,-0.262,-0.32199999999999995
22233,0.0,0.0,0.0,1000.0,0,0,-0.362,-0.262,-0.32199999999999995
22234,0.0,0.0,0.0,1000.0,0,0,-0.34199999999999997,-0.262,-0.32199999999999995
22235,0.0,0.0,0.0,1000.0,0,0,-0.32199999999999995,-0.262,-0.32199999999999995
22236,0.0,0.0,0.0,1000.0,0,0,-0.302,-0.262,-0.32199999999999995
22237,0.0,0.0,0.0,1000.0,0,0,-0.282,-0.262,-0.32199999999999995
22238,0.0,0.0,0.0,1000.0,0,0,-0.262,-0.262,-0.32199999999999995
22239,0.0,0.0,0.0,1000.0,0,0,-0.242,-0.262,-0.32199999999999995
22240,0.0,0.0,0.0,1000.0,0,0,-0.22199999999999998,-0.262,-0.32199999999999995
22241,0.0,0.0,0.0,1000.0,0,0,-0.20199999999999996,-0.262,-0.32199999999999995
22242,0.0,0.0,0.0,1000.0,0,0,-0.182,-0.262,-0.32199999999999995
22243,0.0,0.0,0.0,1000.0,0,0,-0.16199999999999998,-0.262,-0.32199999999999995
22244,0.0,0.0,0.0,1000.0,0,0,-0.482,-0.242,-0.32199999999999995
22245,0.0,0.0,0.0,1000.0,0,0,-0.46199999999999997,-0.242,-0.32199999999999995
22246,0.0,0.0,0.0,1000.0,0,0,-0.442,-0.242,-0.32199999999999995
22247,0.0,0.0,0.0,1000.0,0,0,-0.422,-0.242,-0.32199999999999995
22248,0.0,0.0,0.0,1000.0,0,0,-0.40199999999999997,-0.242,-0.32199999999999995
22249,0.0,0.0,0.0,1000.0,0,0,-0.382,-0.242,-0.32199999999999995
22250,0.0,0.0,0.0,1000.0,0,0,-0.362,-0.242,-0.32199999999999995
22251,0.0,0.0,0.0,1000.0,0,0,-0.34199999999999997,-0.242,-0.32199999999999995
22252,0.0,0.0,0.0,1000.0,0,0,-0.32199999999999995,-0.242,-0.32199999999999995
22253,0.0,0.0,0.0,1000.0,0,0,-0.302,-0.242,-0.32199999999999995
22254,0.0,0.0,0.0,1000.0,0,0,-0.282,-0.242,-0.32199999999999995
22255,0.0,0.0,0.0,1000.0,0,0,-0.262,-0.242,-0.32199999999999995
22256,0.0,0.0,0.0,1000.0,0,0,-0.242,-0.242,-0.32199999999999995
22257,0.0,0.0,0.0,1000.0,0,0,-0.22199999999999998,-0.242,-0.32199999999999995
22258,0.0,0.0,0.0,1000.0,0,0,-0.20199999999999996,-0.242,-0.32199999999999995
22259,0.0,0.0,0.0,1000.0,0,0,-0.182,-0.242,-0.32199999999999995
22260,0.0,0.0,0.0,1000.0,0,0,-0.16199999999999998,-0.242,-0.32199999999999995
22261,0.0,0.0,0.0,1000.0,0,0,-0.482,-0.22199999999999998,-0.32199999999999995
22262,0.0,0.0,0.0,1000.0,0,0,-0.46199999999999997,-0.22199999999999998,-0.32199999999999995
22263,0.0,0.0,0.0,1000.0,0,0,-0.442,-0.22199999999999998,-0.32199999999999995
22264,0.0,0.0,0.0,1000.0,0,0,-0.422,-0.22199999999999998,-0.32199999999999995
22265,0.0,0.0,0.0,1000.0,0,0,-0.40199999999999997,-0.22199999999999998,-0.32199999999999995
22266,0.0,0.0,0.0,1000.0,0,0,-0.382,-0.22199999999999998,-0.32199999999999995
22267,0.0,0.0,0.0,1000.0,0,0,-0.362,-0.22199999999999998,-0.32199999999999995
22268,0.0,0.0,0.0,1000.0,0,0,-0.34199999999999997,-0.22199999999999998,-0.32199999999999995
22269,0.0,0.0,0.0,1000.0,0,0,-0.32199999999999995,-0.22199999999999998,-0.32199999999999995
22270,0.0,0.0,0.0,1000.0,0,0,-0.302,-0.22199999999999998,-0.32199999999999995
22271,0.0,0.0,0.0,1000.0,0,0,-0.282,-0.22199999999999998,-0.32199999999999995
22272,0.0,0.0,0.0,1000.0,0,0,-0.262,-0.22199999999999998,-0.32199999999999995
22273,0.0,0.0,0.0,1000.0,0,0,-0.242,-0.22199999999999998,-0.32199999999999995
22274,0.0,0.0,0.0,1000.0,0,0,-0.22199999999999998,-0.22199999999999998,-0.32199999999999995
22275,0.0,0.0,0.0,1000.0,0,0,-0.20199999999999996,-0.22199999999999998,-0.32199999999999995
22276,0.0,0.0,0.0,1000.0,0,0,-0.182,-0.22199999999999998,-0.32199999999999995
22277,0.0,0.0,0.0,1000.0,0,0,-0.16199999999999998,-0.22199999999999998,-0.32199999999999995
22278,0.0,0.0,0.0,1000.0,0,0,-0.482,-0.20199999999999996,-0.32199999999999995
22279,0.0,0.0,0.0,1000.0,0,0,-0.46199999999999997,-0.20199999999999996,-0.32199999999999995
22280,0.0,0.0,0.0,1000.0,0,0,-0.442,-0.20199999999999996,-0.32199999999999995
22281,0.0,0.0,0.0,1000.0,0,0,-0.422,-0.20199999999999996,-0.32199999999999995
22282,0.0,0.0,0.0,1000.0,0,0,-0.40199999999999997,-0.20199999999999996,-0.32199999999999995
22283,0.0,0.0,0.0,1000.0,0,0,-0.382,-0.20199999999999996,-0.32199999999999995
22284,0.0,0.0,0.0,1000.0,0,0,-0.362,-0.20199999999999996,-0.32199999999999995
22285,0.0,0.0,0.0,1000.0,0,0,-0.34199999999999997,-0.20199999999999996,-0.32199999999999995
22286,0.0,0.0,0.0,1000.0,0,0,-0.32199999999999995,-0.20199999999999996,-0.32199999999999995
22287,0.0,0.0,0.0,1000.0,0,0,-0.302,-0.20199999999999996,-0.32199999999999995
22288,0.0,0.0,0.0,1000.0,0,0,-0.282,-0.20199999999999996,-0.32199999999999995
22289,0.0,0.0,0.0,1000.0,0,0,-0.262,-0.20199999999999996,-0.32199999999999995
22290,0.0,0.0,0.0,1000.0,0,0,-0.242,-0.20199999999999996,-0.32199999999999995
22291,0.0,0.0,0.0,1000.0,0,0,-0.22199999999999998,-0.20199999999999996,-0.32199999999999995
22292,0.0,0.0,0.0,1000.0,0,0,-0.20199999999999996,-0.20199999999999996,-0.32199999999999995
22293,0.0,0.0,0.0,1000.0,0,0,-0.182,-0.20199999999999996,-0.32199999999999995
22294,0.0,0.0,0.0,1000.0,0,0,-0.16199999999999998,-0.20199999999999996,-0.32199999999999995
22295,0.0,0.0,0.0,1000.0,0,0,-0.482,-0.182,-0.32199999999999995
22296,0.0,0.0,0.0,1000.0,0,0,-0.46199999999999997,-0.182,-0.32199999999999995
22297,0.0,0.0,0.0,1000.0,0,0,-0.442,-0.182,-0.32199999999999995
22298,0.0,0.0,0.0,1000.0,0,0,-0.422,-0.182,-0.32199999999999995
22299,0.0,0.0,0.0,1000.0,0,0,-0.40199999999999997,-0.182,-0.32199999999999995
22300,0.0,0.0,0.0,1000.0,0,0,-0.382,-0.182,-0.32199999999999995
22301,0.0,0.0,0.0,1000.0,0,0,-0.362,-0.182,-0.32199999999999995
22302,0.0,0.0,0.0,1000.0,0,0,-0.34199999999999997,-0.182,-0.32199999999999995
22303,0.0,0.0,0.0,1000.0,0,0,-0.32199999999999995,-0.182,-0.32199999999999995
22304,0.0,0.0,0.0,1000.0,0,0,-0.302,-0.182,-0.32199999999999995
22305,0.0,0.0,0.0,1000.0,0,0,-0.282,-0.182,-0.32199999999999995
22306,0.0,0.0,0.0,1000.0,0,0,-0.262,-0.182,-0.32199999999999995
22307,0.0,0.0,0.0,1000.0,0,0,-0.242,-0.182,-0.32199999999999995
22308,0.0,0.0,0.0,1000.0,0,0,-0.22199999999999998,-0.182,-0.32199999999999995
22309,0.0,0.0,0.0,1000.0,0,0,-0.20199999999999996,-0.182,-0.32199999999999995
22310,0.0,0.0,0.0,1000.0,0,0,-0.182,-0.182,-0.32199999999999995
22311,0.0,0.0,0.0,1000.0,0,0,-0.16199999999999998,-0.182,-0.32199999999999995
22312,0.0,0.0,0.0,1000.0,0,0,-0.482,-0.16199999999999998,-0.32199999999999995
22313,0.0,0.0,0.0,1000.0,0,0,-0.46199999999999997,-0.16199999999999998,-0.32199999999999995
22314,0.0,0.0,0.0,1000.0,0,0,-0.442,-0.16199999999999998,-0.32199999999999995
22315,0.0,0.0,0.0,1000.0,0,0,-0.422,-0.16199999999999998,-0.32199999999999995
22316,0.0,0.0,0.0,1000.0,0,0,-0.40199999999999997,-0.16199999999999998,-0.32199999999999995
22317,0.0,0.0,0.0,1000.0,0,0,-0.382,-0.16199999999999998,-0.32199999999999995
22318,0.0,0.0,0.0,1000.0,0,0,-0.362,-0.16199999999999998,-0.32199999999999995
22319,0.0,0.0,0.0,1000.0,0,0,-0.34199999999999997,-0.16199999999999998,-0.32199999999999995
22320,0.0,0.0,0.0,1000.0,0,0,-0.32199999999999995,-0.16199999999999998,-0.32199999999999995
22321,0.0,0.0,0.0,1000.0,0,0,-0.302,-0.16199999999999998,-0.32199999999999995
22322,0.0,0.0,0.0,1000.0,0,0,-0.282,-0.16199999999999998,-0.32199999999999995
22323,0.0,0.0,0.0,1000.0,0,0,-0.262,-0.16199999999999998,-0.32199999999999995
22324,0.0,0.0,0.0,1000.0,0,0,-0.242,-0.16199999999999998,-0.32199999999999995
22325,0.0,0.0,0.0,1000.0,0,0,-0.22199999999999998,-0.16199999999999998,-0.32199999999999995
22326,0.0,0.0,0.0,1000.0,0,0,-0.20199999999999996,-0.16199999999999998,-0.32199999999999995
22327,0.0,0.0,0.0,1000.0,0,0,-0.182,-0.16199999999999998,-0.32199999999999995
22328,0.0,0.0,0.0,1000.0,0,0,-0.16199999999999998,-0.16199999999999998,-0.32199999999999995
22329,0.0,0.0,0.0,1000.0,0,0,-0.482,-0.14199999999999996,-0.32199999999999995
22330,0.0,0.0,0.0,1000.0,0,0,-0.46199999999999997,-0.14199999999999996,-0.32199999999999995
22331,0.0,0.0,0.0,1000.0,0,0,-0.442,-0.14199999999999996,-0.32199999999999995
22332,0.0,0.0,0.0,1000.0,0,0,-0.422,-0.14199999999999996,-0.32199999999999995
22333,0.0,0.0,0.0,1000.0,0,0,-0.40199999999999997,-0.14199999999999996,-0.32199999999999995
22334,0.0,0.0,0.0,1000.0,0,0,-0.382,-0.14199999999999996,-0.32199999999999995
22335,0.0,0.0,0.0,1000.0,0,0,-0.362,-0.14199999999999996,-0.32199999999999995
22336,0.0,0.0,0.0,1000.0,0,0,-0.34199999999999997,-0.14199999999999996,-0.32199999999999995
22337,0.0,0.0,0.0,1000.0,0,0,-0.32199999999999995,-0.14199999999999996,-0.32199999999999995
22338,0.0,0.0,0.0,1000.0,0,0,-0.302,-0.14199999999999996,-0.32199999999999995
22339,0.0,0.0,0.0,1000.0,0,0,-0.282,-0.14199999999999996,-0.32199999999999995
22340,0.0,0.0,0.0,1000.0,0,0,-0.262,-0.14199999999999996,-0.32199999999999995
22341,0.0,0.0,0.0,1000.0,0,0,-0.242,-0.14199999999999996,-0.32199999999999995
22342,0.0,0.0,0.0,1000.0,0,0,-0.22199999999999998,-0.14199999999999996,-0.32199999999999995
22343,0.0,0.0,0.0,1000.0,0,0,-0.20199999999999996,-0.14199999999999996,-0.32199999999999995
22344,0.0,0.0,0.0,1000.0,0,0,-0.182,-0.14199999999999996,-0.32199999999999995
22345,0.0,0.0,0.0,1000.0,0,0,-0.16199999999999998,-0.14199999999999996,-0.32199999999999995
22346,0.0,0.0,0.0,1000.0,0,0,-0.482,-0.122,-0.32199999999999995
22347,0.0,0.0,0.0,1000.0,0,0,-0.46199999999999997,-0.122,-0.32199999999999995
22348,0.0,0.0,0.0,1000.0,0,0,-0.442,-0.122,-0.32199999999999995
22349,0.0,0.0,0.0,1000.0,0,0,-0.422,-0.122,-0.32199999999999995
22350,0.0,0.0,0.0,1000.0,0,0,-0.40199999999999997,-0.122,-0.32199999999999995
22351,0.0,0.0,0.0,1000.0,0,0,-0.382,-0.122,-0.32199999999999995
22352,0.0,0.0,0.0,1000.0,0,0,-0.362,-0.122,-0.32199999999999995
22353,0.0,0.0,0.0,1000.0,0,0,-0.34199999999999997,-0.122,-0.32199999999999995
22354,0.0,0.0,0.0,1000.0,0,0,-0.32199999999999995,-0.122,-0.32199999999999995
22355,0.0,0.0,0.0,1000.0,0,0,-0.302,-0.122,-0.32199999999999995
22356,0.0,0.0,0.0,1000.0,0,0,-0.282,-0.122,-0.32199999999999995
22357,0.0,0.0,0.0,1000.0,0,0,-0.262,-0.122,-0.32199999999999995
22358,0.0,0.0,0.0,1000.0,0,0,-0.242,-0.122,-0.32199999999999995
22359,0.0,0.0,0.0,1000.0,0,0,-0.22199999999999998,-0.122,-0.32199999999999995
22360,0.0,0.0,0.0,1000.0,0,0,-0.20199999999999996,-0.122,-0.32199999999999995
22361,0.0,0.0,0.0,1000.0,0,0,-0.182,-0.122,-0.32199999999999995
22362,0.0,0.0,0.0,1000.0,0,0,-0.16199999999999998,-0.122,-0.32199999999999995
22363,0.0,0.0,0.0,1000.0,0,0,-0.482,-0.10199999999999998,-0.32199999999999995
22364,0.0,0.0,0.0,1000.0,0,0,-0.46199999999999997,-0.10199999999999998,-0.32199999999999995
22365,0.0,0.0,0.0,1000.0,0,0,-0.442,-0.10199999999999998,-0.32199999999999995
22366,0.0,0.0,0.0,1000.0,0,0,-0.422,-0.10199999999999998,-0.32199999999999995
22367,0.0,0.0,0.0,1000.0,0,0,-0.40199999999999997,-0.10199999999999998,-0.32199999999999995
22368,0.0,0.0,0.0,1000.0,0,0,-0.382,-0.10199999999999998,-0.32199999999999995
22369,0.0,0.0,0.0,1000.0,0,0,-0.362,-0.10199999999999998,-0.32199999999999995
22370,0.0,0.0,0.0,1000.0,0,0,-0.34199999999999997,-0.10199999999999998,-0.32199999999999995
22371,0.0,0.0,0.0,1000.0,0,0,-0.32199999999999995,-0.10199999999999998,-0.32199999999999995
22372,0.0,0.0,0.0,1000.0,0,0,-0.302,-0.10199999999999998,-0.32199999999999995
22373,0.0,0.0,0.0,1000.0,0,0,-0.282,-0.10199999999999998,-0.32199999999999995
22374,0.0,0.0,0.0,1000.0,0,0,-0.262,-0.10199999999999998,-0.32199999999999995
22375,0.0,0.0,0.0,1000.0,0,0,-0.242,-0.10199999999999998,-0.32199999999999995
22376,0.0,0.0,0.0,1000.0,0,0,-0.22199999999999998,-0.10199999999999998,-0.32199999999999995
22377,0.0,0.0,0.0,1000.0,0,0,-0.20199999999999996,-0.10199999999999998,-0.32199999999999995
22378,0.0,0.0,0.0,1000.0,0,0,-0.182,-0.10199999999999998,-0.32199999999999995
22379,0.0,0.0,0.0,1000.0,0,0,-0.16199999999999998,-0.10199999999999998,-0.32199999999999995
22380,0.0,0.0,0.0,1000.0,0,0,-0.482,-0.08199999999999996,-0.32199999999999995
22381,0.0,0.0,0.0,1000.0,0,0,-0.46199999999999997,-0.08199999999999996,-0.32199999999999995
22382,0.0,0.0,0.0,1000.0,0,0,-0.442,-0.08199999999999996,-0.32199999999999995
22383,0.0,0.0,0.0,1000.0,0,0,-0.422,-0.08199999999999996,-0.32199999999999995
22384,0.0,0.0,0.0,1000.0,0,0,-0.40199999999999997,-0.08199999999999996,-0.32199999999999995
22385,0.0,0.0,0.0,1000.0,0,0,-0.382,-0.08199999999999996,-0.32199999999999995
22386,0.0,0.0,0.0,1000.0,0,0,-0.362,-0.08199999999999996,-0.32199999999999995
22387,0.0,0.0,0.0,1000.0,0,0,-0.34199999999999997,-0.08199999999999996,-0.32199999999999995
22388,0.0,0.0,0.0,1000.0,0,0,-0.32199999999999995,-0.08199999999999996,-0.32199999999999995
22389,0.0,0.0,0.0,1000.0,0,0,-0.302,-0.08199999999999996,-0.32199999999999995
22390,0.0,0.0,0.0,1000.0,0,0,-0.282,-0.08199999999999996,-0.32199999999999995
22391,0.0,0.0,0.0,1000.0,0,0,-0.262,-0.08199999999999996,-0.32199999999999995
22392,0.0,0.0,0.0,1000.0,0,0,-0.242,-0.08199999999999996,-0.32199999999999995
22393,0.0,0.0,0.0,1000.0,0,0,-0.22199999999999998,-0.08199999999999996,-0.32199999999999995
22394,0.0,0.0,0.0,1000.0,0,0,-0.20199999999999996,-0.08199999999999996,-0.32199999999999995
22395,0.0,0.0,0.0,1000.0,0,0,-0.182,-0.08199999999999996,-0.32199999999999995
22396,0.0,0.0,0.0,1000.0,0,0,-0.16199999999999998,-0.08199999999999996,-0.32199999999999995
22397,0.0,0.0,0.0,1000.0,0,0,-0.482,-0.062,-0.32199999999999995
22398,0.0,0.0,0.0,1000.0,0,0,-0.46199999999999997,-0.062,-0.32199999999999995
22399,0.0,0.0,0.0,1000.0,0,0,-0.442,-0.062,-0.32199999999999995
22400,0.0,0.0,0.0,1000.0,0,0,-0.422,-0.062,-0.32199999999999995
22401,0.0,0.0,0.0,1000.0,0,0,-0.40199999999999997,-0.062,-0.32199999999999995
22402,0.0,0.0,0.0,1000.0,0,0,-0.382,-0.062,-0.32199999999999995
22403,0.0,0.0,0.0,1000.0,0,0,-0.362,-0.062,-0.32199999999999995
22404,0.0,0.0,0.0,1000.0,0,0,-0.34199999999999997,-0.062,-0.32199999999999995
22405,0.0,0.0,0.0,1000.0,0,0,-0.32199999999999995,-0.062,-0.32199999999999995
22406,0.0,0.0,0.0,1000.0,0,0,-0.302,-0.062,-0.32199999999999995
22407,0.0,0.0,0.0,1000.0,0,0,-0.282,-0.062,-0.32199999999999995
22408,0.0,0.0,0.0,1000.0,0,0,-0.262,-0.062,-0.32199999999999995
22409,0.0,0.0,0.0,1000.0,0,0,-0.242,-0.062,-0.32199999999999995
22410,0.0,0.0,0.0,1000.0,0,0,-0.22199999999999998,-0.062,-0.32199999999999995
22411,0.0,0.0,0.0,1000.0,0,0,-0.20199999999999996,-0.062,-0.32199999999999995
22412,0.0,0.0,0.0,1000.0,0,0,-0.182,-0.062,-0.32199999999999995
22413,0.0,0.0,0.0,1000.0,0,0,-0.16199999999999998,-0.062,-0.32199999999999995
22414,0.0,0.0,0.0,1000.0,0,0,-0.482,-0.04199999999999998,-0.32199999999999995
22415,0.0,0.0,0.0,1000.0,0,0,-0.46199999999999997,-0.04199999999999998,-0.32199999999999995
22416,0.0,0.0,0.0,1000.0,0,0,-0.442,-0.04199999999999998,-0.32199999999999995
22417,0.0,0.0,0.0,1000.0,0,0,-0.422,-0.04199999999999998,-0.32199999999999995
22418,0.0,0.0,0.0,1000.0,0,0,-0.40199999999999997,-0.04199999999999998,-0.32199999999999995
22419,0.0,0.0,0.0,1000.0,0,0,-0.382,-0.04199999999999998,-0.32199999999999995
22420,0.0,0.0,0.0,1000.0,0,0,-0.362,-0.04199999999999998,-0.32199999999999995
22421,0.0,0.0,0.0,1000.0,0,0,-0.34199999999999997,-0.04199999999999998,-0.32199999999999995
22422,0.0,0.0,0.0,1000.0,0,0,-0.32199999999999995,-0.04199999999999998,-0.32199999999999995
22423,0.0,0.0,0.0,1000.0,0,0,-0.302,-0.04199999999999998,-0.32199999999999995
22424,0.0,0.0,0.0,1000.0,0,0,-0.282,-0.04199999999999998,-0.32199999999999995
22425,0.0,0.0,0.0,1000.0,0,0,-0.262,-0.04199999999999998,-0.32199999999999995
22426,0.0,0.0,0.0,1000.0,0,0,-0.242,-0.04199999999999998,-0.32199999999999995
22427,0.0,0.0,0.0,1000.0,0,0,-0.22199999999999998,-0.04199999999999998,-0.32199999999999995
22428,0.0,0.0,0.0,1000.0,0,0,-0.20199999999999996,-0.04199999999999998,-0.32199999999999995
22429,0.0,0.0,0.0,1000.0,0,0,-0.182,-0.04199999999999998,-0.32199999999999995
22430,0.0,0.0,0.0,1000.0,0,0,-0.16199999999999998,-0.04199999999999998,-0.32199999999999995
22431,0.0,0.0,0.0,1000.0,0,0,-0.482,-0.021999999999999964,-0.32199999999999995
22432,0.0,0.0,0.0,1000.0,0,0,-0.46199999999999997,-0.021999999999999964,-0.32199999999999995
22433,0.0,0.0,0.0,1000.0,0,0,-0.442,-0.021999999999999964,-0.32199999999999995
22434,0.0,0.0,0.0,1000.0,0,0,-0.422,-0.021999999999999964,-0.32199999999999995
22435,0.0,0.0,0.0,1000.0,0,0,-0.40199999999999997,-0.021999999999999964,-0.32199999999999995
22436,0.0,0.0,0.0,1000.0,0,0,-0.382,-0.021999999999999964,-0.32199999999999995
22437,0.0,0.0,0.0,1000.0,0,0,-0.362,-0.021999999999999964,-0.32199999999999995
22438,0.0,0.0,0.0,1000.0,0,0,-0.34199999999999997,-0.021999999999999964,-0.32199999999999995
22439,0.0,0.0,0.0,1000.0,0,0,-0.32199999999999995,-0.021999999999999964,-0.32199999999999995
22440,0.0,0.0,0.0,1000.0,0,0,-0.302,-0.021999999999999964,-0.32199999999999995
22441,0.0,0.0,0.0,1000.0,0,0,-0.282,-0.021999999999999964,-0.32199999999999995
22442,0.0,0.0,0.0,1000.0,0,0,-0.262,-0.021999999999999964,-0.32199999999999995
22443,0.0,0.0,0.0,1000.0,0,0,-0.242,-0.021999999999999964,-0.32199999999999995
22444,0.0,0.0,0.0,1000.0,0,0,-0.22199999999999998,-0.021999999999999964,-0.32199999999999995
22445,0.0,0.0,0.0,1000.0,0,0,-0.20199999999999996,-0.021999999999999964,-0.32199999999999995
22446,0.0,0.0,0.0,1000.0,0,0,-0.182,-0.021999999999999964,-0.32199999999999995
22447,0.0,0.0,0.0,1000.0,0,0,-0.16199999999999998,-0.021999999999999964,-0.32199999999999995
22448,0.0,0.0,0.0,1000.0,0,0,-0.482,-0.0020000000000000018,-0.32199999999999995
22449,0.0,0.0,0.0,1000.0,0,0,-0.46199999999999997,-0.0020000000000000018,-0.32199999999999995
22450,0.0,0.0,0.0,1000.0,0,0,-0.442,-0.0020000000000000018,-0.32199999999999995
22451,0.0,0.0,0.0,1000.0,0,0,-0.422,-0.0020000000000000018,-0.32199999999999995
22452,0.0,0.0,0.0,1000.0,0,0,-0.40199999999999997,-0.0020000000000000018,-0.32199999999999995
22453,0.0,0.0,0.0,1000.0,0,0,-0.382,-0.0020000000000000018,-0.32199999999999995
22454,0.0,0.0,0.0,1000.0,0,0,-0.362,-0.0020000000000000018,-0.32199999999999995
22455,0.0,0.0,0.0,1000.0,0,0,-0.34199999999999997,-0.0020000000000000018,-0.32199999999999995
22456,0.0,0.0,0.0,1000.0,0,0,-0.32199999999999995,-0.0020000000000000018,-0.32199999999999995
22457,0.0,0.0,0.0,1000.0,0,0,-0.302,-0.0020000000000000018,-0.32199999999999995
22458,0.0,0.0,0.0,1000.0,0,0,-0.282,-0.0020000000000000018,-0.32199999999999995
22459,0.0,0.0,0.0,1000.0,0,0,-0.262,-0.0020000000000000018,-0.32199999999999995
22460,0.0,0.0,0.0,1000.0,0,0,-0.242,-0.0020000000000000018,-0.32199999999999995
22461,0.0,0.0,0.0,1000.0,0,0,-0.22199999999999998,-0.0020000000000000018,-0.32199999999999995
22462,0.0,0.0,0.0,1000.0,0,0,-0.20199999999999996,-0.0020000000000000018,-0.32199999999999995
22463,0.0,0.0,0.0,1000.0,0,0,-0.182,-0.0020000000000000018,-0.32199999999999995
22464,0.0,0.0,0.0,1000.0,0,0,-0.16199999999999998,-0.0020000000000000018,-0.32199999999999995
22465,0.0,0.0,0.0,1000.0,0,0,-0.482,0.018000000000000016,-0.32199999999999995
22466,0.0,0.0,0.0,1000.0,0,0,-0.46199999999999997,0.018000000000000016,-0.32199999999999995
22467,0.0,0.0,0.0,1000.0,0,0,-0.442,0.018000000000000016,-0.32199999999999995
22468,0.0,0.0,0.0,1000.0,0,0,-0.422,0.018000000000000016,-0.32199999999999995
22469,0.0,0.0,0.0,1000.0,0,0,-0.40199999999999997,0.018000000000000016,-0.32199999999999995
22470,0.0,0.0,0.0,1000.0,0,0,-0.382,0.018000000000000016,-0.32199999999999995
22471,0.0,0.0,0.0,1000.0,0,0,-0.362,0.018000000000000016,-0.32199999999999995
22472,0.0,0.0,0.0,1000.0,0,0,-0.34199999999999997,0.018000000000000016,-0.32199999999999995
22473,0.0,0.0,0.0,1000.0,0,0,-0.32199999999999995,0.018000000000000016,-0.32199999999999995
22474,0.0,0.0,0.0,1000.0,0,0,-0.302,0.018000000000000016,-0.32199999999999995
22475,0.0,0.0,0.0,1000.0,0,0,-0.282,0.018000000000000016,-0.32199999999999995
22476,0.0,0.0,0.0,1000.0,0,0,-0.262,0.018000000000000016,-0.32199999999999995
22477,0.0,0.0,0.0,1000.0,0,0,-0.242,0.018000000000000016,-0.32199999999999995
22478,0.0,0.0,0.0,1000.0,0,0,-0.22199999999999998,0.018000000000000016,-0.32199999999999995
22479,0.0,0.0,0.0,1000.0,0,0,-0.20199999999999996,0.018000000000000016,-0.32199999999999995
22480,0.0,0.0,0.0,1000.0,0,0,-0.182,0.018000000000000016,-0.32199999999999995
22481,0.0,0.0,0.0,1000.0,0,0,-0.16199999999999998,0.018000000000000016,-0.32199999999999995
22482,0.0,0.0,0.0,1000.0,0,0,-0.482,0.038000000000000034,-0.32199999999999995
22483,0.0,0.0,0.0,1000.0,0,0,-0.46199999999999997,0.038000000000000034,-0.32199999999999995
22484,0.0,0.0,0.0,1000.0,0,0,-0.442,0.038000000000000034,-0.32199999999999995
22485,0.0,0.0,0.0,1000.0,0,0,-0.422,0.038000000000000034,-0.32199999999999995
22486,0.0,0.0,0.0,1000.0,0,0,-0.40199999999999997,0.038000000000000034,-0.32199999999999995
22487,0.0,0.0,0.0,1000.0,0,0,-0.382,0.038000000000000034,-0.32199999999999995
22488,0.0,0.0,0.0,1000.0,0,0,-0.362,0.038000000000000034,-0.32199999999999995
22489,0.0,0.0,0.0,1000.0,0,0,-0.34199999999999997,0.038000000000000034,-0.32199999999999995
22490,0.0,0.0,0.0,1000.0,0,0,-0.32199999999999995,0.038000000000000034,-0.32199999999999995
22491,0.0,0.0,0.0,1000.0,0,0,-0.302,0.038000000000000034,-0.32199999999999995
22492,0.0,0.0,0.0,1000.0,0,0,-0.282,0.038000000000000034,-0.32199999999999995
22493,0.0,0.0,0.0,1000.0,0,0,-0.262,0.038000000000000034,-0.32199999999999995
22494,0.0,0.0,0.0,1000.0,0,0,-0.242,0.038000000000000034,-0.32199999999999995
22495,0.0,0.0,0.0,1000.0,0,0,-0.22199999999999998,0.038000000000000034,-0.32199999999999995
22496,0.0,0.0,0.0,1000.0,0,0,-0.20199999999999996,0.038000000000000034,-0.32199999999999995
22497,0.0,0.0,0.0,1000.0,0,0,-0.182,0.038000000000000034,-0.32199999999999995
22498,0.0,0.0,0.0,1000.0,0,0,-0.16199999999999998,0.038000000000000034,-0.32199999999999995
22499,0.0,0.0,0.0,1000.0,0,0,-0.482,0.05800000000000005,-0.32199999999999995
22500,0.0,0.0,0.0,1000.0,0,0,-0.46199999999999997,0.05800000000000005,-0.32199999999999995
22501,0.0,0.0,0.0,1000.0,0,0,-0.442,0.05800000000000005,-0.32199999999999995
22502,0.0,0.0,0.0,1000.0,0,0,-0.422,0.05800000000000005,-0.32199999999999995
22503,0.0,0.0,0.0,1000.0,0,0,-0.40199999999999997,0.05800000000000005,-0.32199999999999995
22504,0.0,0.0,0.0,1000.0,0,0,-0.382,0.05800000000000005,-0.32199999999999995
22505,0.0,0.0,0.0,1000.0,0,0,-0.362,0.05800000000000005,-0.32199999999999995
22506,0.0,0.0,0.0,1000.0,0,0,-0.34199999999999997,0.05800000000000005,-0.32199999999999995
22507,0.0,0.0,0.0,1000.0,0,0,-0.32199999999999995,0.05800000000000005,-0.32199999999999995
22508,0.0,0.0,0.0,1000.0,0,0,-0.302,0.05800000000000005,-0.32199999999999995
22509,0.0,0.0,0.0,1000.0,0,0,-0.282,0.05800000000000005,-0.32199999999999995
22510,0.0,0.0,0.0,1000.0,0,0,-0.262,0.05800000000000005,-0.32199999999999995
22511,0.0,0.0,0.0,1000.0,0,0,-0.242,0.05800000000000005,-0.32199999999999995
22512,0.0,0.0,0.0,1000.0,0,0,-0.22199999999999998,0.05800000000000005,-0.32199999999999995
22513,0.0,0.0,0.0,1000.0,0,0,-0.20199999999999996,0.05800000000000005,-0.32199999999999995
22514,0.0,0.0,0.0,1000.0,0,0,-0.182,0.05800000000000005,-0.32199999999999995
22515,0.0,0.0,0.0,1000.0,0,0,-0.16199999999999998,0.05800000000000005,-0.32199999999999995
22516,0.0,0.0,0.0,1000.0,0,0,-0.482,0.07800000000000007,-0.32199999999999995
22517,0.0,0.0,0.0,1000.0,0,0,-0.46199999999999997,0.07800000000000007,-0.32199999999999995
22518,0.0,0.0,0.0,1000.0,0,0,-0.442,0.07800000000000007,-0.32199999999999995
22519,0.0,0.0,0.0,1000.0,0,0,-0.422,0.07800000000000007,-0.32199999999999995
22520,0.0,0.0,0.0,1000.0,0,0,-0.40199999999999997,0.07800000000000007,-0.32199999999999995
22521,0.0,0.0,0.0,1000.0,0,0,-0.382,0.07800000000000007,-0.32199999999999995
22522,0.0,0.0,0.0,1000.0,0,0,-0.362,0.07800000000000007,-0.32199999999999995
22523,0.0,0.0,0.0,1000.0,0,0,-0.34199999999999997,0.07800000000000007,-0.32199999999999995
22524,0.0,0.0,0.0,1000.0,0,0,-0.32199999999999995,0.07800000000000007,-0.32199999999999995
22525,0.0,0.0,0.0,1000.0,0,0,-0.302,0.07800000000000007,-0.32199999999999995
22526,0.0,0.0,0.0,1000.0,0,0,-0.282,0.07800000000000007,-0.32199999999999995
22527,0.0,0.0,0.0,1000.0,0,0,-0.262,0.07800000000000007,-0.32199999999999995
22528,0.0,0.0,0.0,1000.0,0,0,-0.242,0.07800000000000007,-0.32199999999999995
22529,0.0,0.0,0.0,1000.0,0,0,-0.22199999999999998,0.07800000000000007,-0.32199999999999995
22530,0.0,0.0,0.0,1000.0,0,0,-0.20199999999999996,0.07800000000000007,-0.32199999999999995
22531,0.0,0.0,0.0,1000.0,0,0,-0.182,0.07800000000000007,-0.32199999999999995
22532,0.0,0.0,0.0,1000.0,0,0,-0.16199999999999998,0.07800000000000007,-0.32199999999999995
22533,0.0,0.0,0.0,1000.0,0,0,-0.482,0.09799999999999998,-0.32199999999999995
22534,0.0,0.0,0.0,1000.0,0,0,-0.46199999999999997,0.09799999999999998,-0.32199999999999995
22535,0.0,0.0,0.0,1000.0,0,0,-0.442,0.09799999999999998,-0.32199999999999995
22536,0.0,0.0,0.0,1000.0,0,0,-0.422,0.09799999999999998,-0.32199999999999995
22537,0.0,0.0,0.0,1000.0,0,0,-0.40199999999999997,0.09799999999999998,-0.32199999999999995
22538,0.0,0.0,0.0,1000.0,0,0,-0.382,0.09799999999999998,-0.32199999999999995
22539,0.0,0.0,0.0,1000.0,0,0,-0.362,0.09799999999999998,-0.32199999999999995
22540,0.0,0.0,0.0,1000.0,0,0,-0.34199999999999997,0.09799999999999998,-0.32199999999999995
22541,0.0,0.0,0.0,1000.0,0,0,-0.32199999999999995,0.09799999999999998,-0.32199999999999995
22542,0.0,0.0,0.0,1000.0,0,0,-0.302,0.09799999999999998,-0.32199999999999995
22543,0.0,0.0,0.0,1000.0,0,0,-0.282,0.09799999999999998,-0.32199999999999995
22544,0.0,0.0,0.0,1000.0,0,0,-0.262,0.09799999999999998,-0.32199999999999995
22545,0.0,0.0,0.0,1000.0,0,0,-0.242,0.09799999999999998,-0.32199999999999995
22546,0.0,0.0,0.0,1000.0,0,0,-0.22199999999999998,0.09799999999999998,-0.32199999999999995
22547,0.0,0.0,0.0,1000.0,0,0,-0.20199999999999996,0.09799999999999998,-0.32199999999999995
22548,0.0,0.0,0.0,1000.0,0,0,-0.182,0.09799999999999998,-0.32199999999999995
22549,0.0,0.0,0.0,1000.0,0,0,-0.16199999999999998,0.09799999999999998,-0.32199999999999995
22550,0.0,0.0,0.0,1000.0,0,0,-0.482,0.118,-0.32199999999999995
22551,0.0,0.0,0.0,1000.0,0,0,-0.46199999999999997,0.118,-0.32199999999999995
22552,0.0,0.0,0.0,1000.0,0,0,-0.442,0.118,-0.32199999999999995
22553,0.0,0.0,0.0,1000.0,0,0,-0.422,0.118,-0.32199999999999995
22554,0.0,0.0,0.0,1000.0,0,0,-0.40199999999999997,0.118,-0.32199999999999995
22555,0.0,0.0,0.0,1000.0,0,0,-0.382,0.118,-0.32199999999999995
22556,0.0,0.0,0.0,1000.0,0,0,-0.362,0.118,-0.32199999999999995
22557,0.0,0.0,0.0,1000.0,0,0,-0.34199999999999997,0.118,-0.32199999999999995
22558,0.0,0.0,0.0,1000.0,0,0,-0.32199999999999995,0.118,-0.32199999999999995
22559,0.0,0.0,0.0,1000.0,0,0,-0.302,0.118,-0.32199999999999995
22560,0.0,0.0,0.0,1000.0,0,0,-0.282,0.118,-0.32199999999999995
22561,0.0,0.0,0.0,1000.0,0,0,-0.262,0.118,-0.32199999999999995
22562,0.0,0.0,0.0,1000.0,0,0,-0.242,0.118,-0.32199999999999995
22563,0.0,0.0,0.0,1000.0,0,0,-0.22199999999999998,0.118,-0.32199999999999995
22564,0.0,0.0,0.0,1000.0,0,0,-0.20199999999999996,0.118,-0.32199999999999995
22565,0.0,0.0,0.0,1000.0,0,0,-0.182,0.118,-0.32199999999999995
22566,0.0,0.0,0.0,1000.0,0,0,-0.16199999999999998,0.118,-0.32199999999999995
22567,0.0,0.0,0.0,1000.0,0,0,-0.482,0.138,-0.32199999999999995
22568,0.0,0.0,0.0,1000.0,0,0,-0.46199999999999997,0.138,-0.32199999999999995
22569,0.0,0.0,0.0,1000.0,0,0,-0.442,0.138,-0.32199999999999995
22570,0.0,0.0,0.0,1000.0,0,0,-0.422,0.138,-0.32199999999999995
22571,0.0,0.0,0.0,1000.0,0,0,-0.40199999999999997,0.138,-0.32199999999999995
22572,0.0,0.0,0.0,1000.0,0,0,-0.382,0.138,-0.32199999999999995
22573,0.0,0.0,0.0,1000.0,0,0,-0.362,0.138,-0.32199999999999995
22574,0.0,0.0,0.0,1000.0,0,0,-0.34199999999999997,0.138,-0.32199999999999995
22575,0.0,0.0,0.0,1000.0,0,0,-0.32199999999999995,0.138,-0.32199999999999995
22576,0.0,0.0,0.0,1000.0,0,0,-0.302,0.138,-0.32199999999999995
22577,0.0,0.0,0.0,1000.0,0,0,-0.282,0.138,-0.32199999999999995
22578,0.0,0.0,0.0,1000.0,0,0,-0.262,0.138,-0.32199999999999995
22579,0.0,0.0,0.0,1000.0,0,0,-0.242,0.138,-0.32199999999999995
22580,0.0,0.0,0.0,1000.0,0,0,-0.22199999999999998,0.138,-0.32199999999999995
22581,0.0,0.0,0.0,1000.0,0,0,-0.20199999999999996,0.138,-0.32199999999999995
22582,0.0,0.0,0.0,1000.0,0,0,-0.182,0.138,-0.32199999999999995
22583,0.0,0.0,0.0,1000.0,0,0,-0.16199999999999998,0.138,-0.32199999999999995
22584,0.0,0.0,0.0,1000.0,0,0,-0.482,0.15800000000000003,-0.32199999999999995
22585,0.0,0.0,0.0,1000.0,0,0,-0.46199999999999997,0.15800000000000003,-0.32199999999999995
22586,0.0,0.0,0.0,1000.0,0,0,-0.442,0.15800000000000003,-0.32199999999999995
22587,0.0,0.0,0.0,1000.0,0,0,-0.422,0.15800000000000003,-0.32199999999999995
22588,0.0,0.0,0.0,1000.0,0,0,-0.40199999999999997,0.15800000000000003,-0.32199999999999995
22589,0.0,0.0,0.0,1000.0,0,0,-0.382,0.15800000000000003,-0.32199999999999995
22590,0.0,0.0,0.0,1000.0,0,0,-0.362,0.15800000000000003,-0.32199999999999995
22591,0.0,0.0,0.0,1000.0,0,0,-0.34199999999999997,0.15800000000000003,-0.32199999999999995
22592,0.0,0.0,0.0,1000.0,0,0,-0.32199999999999995,0.15800000000000003,-0.32199999999999995
22593,0.0,0.0,0.0,1000.0,0,0,-0.302,0.15800000000000003,-0.32199999999999995
22594,0.0,0.0,0.0,1000.0,0,0,-0.282,0.15800000000000003,-0.32199999999999995
22595,0.0,0.0,0.0,1000.0,0,0,-0.262,0.15800000000000003,-0.32199999999999995
22596,0.0,0.0,0.0,1000.0,0,0,-0.242,0.15800000000000003,-0.32199999999999995
22597,0.0,0.0,0.0,1000.0,0,0,-0.22199999999999998,0.15800000000000003,-0.32199999999999995
22598,0.0,0.0,0.0,1000.0,0,0,-0.20199999999999996,0.15800000000000003,-0.32199999999999995
22599,0.0,0.0,0.0,1000.0,0,0,-0.182,0.15800000000000003,-0.32199999999999995
22600,0.0,0.0,0.0,1000.0,0,0,-0.16199999999999998,0.15800000000000003,-0.32199999999999995
22601,0.0,0.0,0.0,1000.0,0,0,-0.482,0.17800000000000005,-0.32199999999999995
22602,0.0,0.0,0.0,1000.0,0,0,-0.46199999999999997,0.17800000000000005,-0.32199999999999995
22603,0.0,0.0,0.0,1000.0,0,0,-0.442,0.17800000000000005,-0.32199999999999995
22604,0.0,0.0,0.0,1000.0,0,0,-0.422,0.17800000000000005,-0.32199999999999995
22605,0.0,0.0,0.0,1000.0,0,0,-0.40199999999999997,0.17800000000000005,-0.32199999999999995
22606,0.0,0.0,0.0,1000.0,0,0,-0.382,0.17800000000000005,-0.32199999999999995
22607,0.0,0.0,0.0,1000.0,0,0,-0.362,0.17800000000000005,-0.32199999999999995
22608,0.0,0.0,0.0,1000.0,0,0,-0.34199999999999997,0.17800000000000005,-0.32199999999999995
22609,0.0,0.0,0.0,1000.0,0,0,-0.32199999999999995,0.17800000000000005,-0.32199999999999995
22610,0.0,0.0,0.0,1000.0,0,0,-0.302,0.17800000000000005,-0.32199999999999995
22611,0.0,0.0,0.0,1000.0,0,0,-0.282,0.17800000000000005,-0.32199999999999995
22612,0.0,0.0,0.0,1000.0,0,0,-0.262,0.17800000000000005,-0.32199999999999995
22613,0.0,0.0,0.0,1000.0,0,0,-0.242,0.17800000000000005,-0.32199999999999995
22614,0.0,0.0,0.0,1000.0,0,0,-0.22199999999999998,0.17800000000000005,-0.32199999999999995
22615,0.0,0.0,0.0,1000.0,0,0,-0.20199999999999996,0.17800000000000005,-0.32199999999999995
22616,0.0,0.0,0.0,1000.0,0,0,-0.182,0.17800000000000005,-0.32199999999999995
22617,0.0,0.0,0.0,1000.0,0,0,-0.16199999999999998,0.17800000000000005,-0.32199999999999995
22618,0.0,0.0,0.0,1000.0,0,0,-0.482,0.19800000000000006,-0.32199999999999995
22619,0.0,0.0,0.0,1000.0,0,0,-0.46199999999999997,0.19800000000000006,-0.32199999999999995
22620,0.0,0.0,0.0,1000.0,0,0,-0.442,0.19800000000000006,-0.32199999999999995
22621,0.0,0.0,0.0,1000.0,0,0,-0.422,0.19800000000000006,-0.32199999999999995
22622,0.0,0.0,0.0,1000.0,0,0,-0.40199999999999997,0.19800000000000006,-0.32199999999999995
22623,0.0,0.0,0.0,1000.0,0,0,-0.382,0.19800000000000006,-0.32199999999999995
22624,0.0,0.0,0.0,1000.0,0,0,-0.362,0.19800000000000006,-0.32199999999999995
22625,0.0,0.0,0.0,1000.0,0,0,-0.34199999999999997,0.19800000000000006,-0.32199999999999995
22626,0.0,0.0,0.0,1000.0,0,0,-0.32199999999999995,0.19800000000000006,-0.32199999999999995
22627,0.0,0.0,0.0,1000.0,0,0,-0.302,0.19800000000000006,-0.32199999999999995
22628,0.0,0.0,0.0,1000.0,0,0,-0.282,0.19800000000000006,-0.32199999999999995
22629,0.0,0.0,0.0,1000.0,0,0,-0.262,0.19800000000000006,-0.32199999999999995
22630,0.0,0.0,0.0,1000.0,0,0,-0.242,0.19800000000000006,-0.32199999999999995
22631,0.0,0.0,0.0,1000.0,0,0,-0.22199999999999998,0.19800000000000006,-0.32199999999999995
22632,0.0,0.0,0.0,1000.0,0,0,-0.20199999999999996,0.19800000000000006,-0.32199999999999995
22633,0.0,0.0,0.0,1000.0,0,0,-0.182,0.19800000000000006,-0.32199999999999995
22634,0.0,0.0,0.0,1000.0,0,0,-0.16199999999999998,0.19800000000000006,-0.32199999999999995
22635,0.0,0.0,0.0,1000.0,0,0,-0.482,0.21800000000000008,-0.32199999999999995
22636,0.0,0.0,0.0,1000.0,0,0,-0.46199999999999997,0.21800000000000008,-0.32199999999999995
22637,0.0,0.0,0.0,1000.0,0,0,-0.442,0.21800000000000008,-0.32199999999999995
22638,0.0,0.0,0.0,1000.0,0,0,-0.422,0.21800000000000008,-0.32199999999999995
22639,0.0,0.0,0.0,1000.0,0,0,-0.40199999999999997,0.21800000000000008,-0.32199999999999995
22640,0.0,0.0,0.0,1000.0,0,0,-0.382,0.21800000000000008,-0.32199999999999995
22641,0.0,0.0,0.0,1000.0,0,0,-0.362,0.21800000000000008,-0.32199999999999995
22642,0.0,0.0,0.0,1000.0,0,0,-0.34199999999999997,0.21800000000000008,-0.32199999999999995
22643,0.0,0.0,0.0,1000.0,0,0,-0.32199999999999995,0.21800000000000008,-0.32199999999999995
22644,0.0,0.0,0.0,1000.0,0,0,-0.302,0.21800000000000008,-0.32199999999999995
22645,0.0,0.0,0.0,1000.0,0,0,-0.282,0.21800000000000008,-0.32199999999999995
22646,0.0,0.0,0.0,1000.0,0,0,-0.262,0.21800000000000008,-0.32199999999999995
22647,0.0,0.0,0.0,1000.0,0,0,-0.242,0.21800000000000008,-0.32199999999999995
22648,0.0,0.0,0.0,1000.0,0,0,-0.22199999999999998,0.21800000000000008,-0.32199999999999995
22649,0.0,0.0,0.0,1000.0,0,0,-0.20199999999999996,0.21800000000000008,-0.32199999999999995
22650,0.0,0.0,0.0,1000.0,0,0,-0.182,0.21800000000000008,-0.32199999999999995
22651,0.0,0.0,0.0,1000.0,0,0,-0.16199999999999998,0.21800000000000008,-0.32199999999999995
22652,0.0,0.0,0.0,1000.0,0,0,-0.482,0.238,-0.32199999999999995
22653,0.0,0.0,0.0,1000.0,0,0,-0.46199999999999997,0.238,-0.32199999999999995
22654,0.0,0.0,0.0,1000.0,0,0,-0.442,0.238,-0.32199999999999995
22655,0.0,0.0,0.0,1000.0,0,0,-0.422,0.238,-0.32199999999999995
22656,0.0,0.0,0.0,1000.0,0,0,-0.40199999999999997,0.238,-0.32199999999999995
22657,0.0,0.0,0.0,1000.0,0,0,-0.382,0.238,-0.32199999999999995
22658,0.0,0.0,0.0,1000.0,0,0,-0.362,0.238,-0.32199999999999995
22659,0.0,0.0,0.0,1000.0,0,0,-0.34199999999999997,0.238,-0.32199999999999995
22660,0.0,0.0,0.0,1000.0,0,0,-0.32199999999999995,0.238,-0.32199999999999995
22661,0.0,0.0,0.0,1000.0,0,0,-0.302,0.238,-0.32199999999999995
22662,0.0,0.0,0.0,1000.0,0,0,-0.282,0.238,-0.32199999999999995
22663,0.0,0.0,0.0,1000.0,0,0,-0.262,0.238,-0.32199999999999995
22664,0.0,0.0,0.0,1000.0,0,0,-0.242,0.238,-0.32199999999999995
22665,0.0,0.0,0.0,1000.0,0,0,-0.22199999999999998,0.238,-0.32199999999999995
22666,0.0,0.0,0.0,1000.0,0,0,-0.20199999999999996,0.238,-0.32199999999999995
22667,0.0,0.0,0.0,1000.0,0,0,-0.182,0.238,-0.32199999999999995
22668,0.0,0.0,0.0,1000.0,0,0,-0.16199999999999998,0.238,-0.32199999999999995
22669,0.0,0.0,0.0,1000.0,0,0,-0.482,0.258,-0.32199999999999995
22670,0.0,0.0,0.0,1000.0,0,0,-0.46199999999999997,0.258,-0.32199999999999995
22671,0.0,0.0,0.0,1000.0,0,0,-0.442,0.258,-0.32199999999999995
22672,0.0,0.0,0.0,1000.0,0,0,-0.422,0.258,-0.32199999999999995
22673,0.0,0.0,0.0,1000.0,0,0,-0.40199999999999997,0.258,-0.32199999999999995
22674,0.0,0.0,0.0,1000.0,0,0,-0.382,0.258,-0.32199999999999995
22675,0.0,0.0,0.0,1000.0,0,0,-0.362,0.258,-0.32199999999999995
22676,0.0,0.0,0.0,1000.0,0,0,-0.34199999999999997,0.258,-0.32199999999999995
22677,0.0,0.0,0.0,1000.0,0,0,-0.32199999999999995,0.258,-0.32199999999999995
22678,0.0,0.0,0.0,1000.0,0,0,-0.302,0.258,-0.32199999999999995
22679,0.0,0.0,0.0,1000.0,0,0,-0.282,0.258,-0.32199999999999995
22680,0.0,0.0,0.0,1000.0,0,0,-0.262,0.258,-0.32199999999999995
22681,0.0,0.0,0.0,1000.0,0,0,-0.242,0.258,-0.32199999999999995
22682,0.0,0.0,0.0,1000.0,0,0,-0.22199999999999998,0.258,-0.32199999999999995
22683,0.0,0.0,0.0,1000.0,0,0,-0.20199999999999996,0.258,-0.32199999999999995
22684,0.0,0.0,0.0,1000.0,0,0,-0.182,0.258,-0.32199999999999995
22685,0.0,0.0,0.0,1000.0,0,0,-0.16199999999999998,0.258,-0.32199999999999995
22686,0.0,0.0,0.0,1000.0,0,0,-0.482,0.278,-0.32199999999999995
22687,0.0,0.0,0.0,1000.0,0,0,-0.46199999999999997,0.278,-0.32199999999999995
22688,0.0,0.0,0.0,1000.0,0,0,-0.442,0.278,-0.32199999999999995
22689,0.0,0.0,0.0,1000.0,0,0,-0.422,0.278,-0.32199999999999995
22690,0.0,0.0,0.0,1000.0,0,0,-0.40199999999999997,0.278,-0.32199999999999995
22691,0.0,0.0,0.0,1000.0,0,0,-0.382,0.278,-0.32199999999999995
22692,0.0,0.0,0.0,1000.0,0,0,-0.362,0.278,-0.32199999999999995
22693,0.0,0.0,0.0,1000.0,0,0,-0.34199999999999997,0.278,-0.32199999999999995
22694,0.0,0.0,0.0,1000.0,0,0,-0.32199999999999995,0.278,-0.32199999999999995
22695,0.0,0.0,0.0,1000.0,0,0,-0.302,0.278,-0.32199999999999995
22696,0.0,0.0,0.0,1000.0,0,0,-0.282,0.278,-0.32199999999999995
22697,0.0,0.0,0.0,1000.0,0,0,-0.262,0.278,-0.32199999999999995
22698,0.0,0.0,0.0,1000.0,0,0,-0.242,0.278,-0.32199999999999995
22699,0.0,0.0,0.0,1000.0,0,0,-0.22199999999999998,0.278,-0.32199999999999995
22700,0.0,0.0,0.0,1000.0,0,0,-0.20199999999999996,0.278,-0.32199999999999995
22701,0.0,0.0,0.0,1000.0,0,0,-0.182,0.278,-0.32199999999999995
22702,0.0,0.0,0.0,1000.0,0,0,-0.16199999999999998,0.278,-0.32199999999999995
22703,0.0,0.0,0.0,1000.0,0,0,-0.482,0.29800000000000004,-0.32199999999999995
22704,0.0,0.0,0.0,1000.0,0,0,-0.46199999999999997,0.29800000000000004,-0.32199999999999995
22705,0.0,0.0,0.0,1000.0,0,0,-0.442,0.29800000000000004,-0.32199999999999995
22706,0.0,0.0,0.0,1000.0,0,0,-0.422,0.29800000000000004,-0.32199999999999995
22707,0.0,0.0,0.0,1000.0,0,0,-0.40199999999999997,0.29800000000000004,-0.32199999999999995
22708,0.0,0.0,0.0,1000.0,0,0,-0.382,0.29800000000000004,-0.32199999999999995
22709,0.0,0.0,0.0,1000.0,0,0,-0.362,0.29800000000000004,-0.32199999999999995
22710,0.0,0.0,0.0,1000.0,0,0,-0.34199999999999997,0.29800000000000004,-0.32199999999999995
22711,0.0,0.0,0.0,1000.0,0,0,-0.32199999999999995,0.29800000000000004,-0.32199999999999995
22712,0.0,0.0,0.0,1000.0,0,0,-0.302,0.29800000000000004,-0.32199999999999995
22713,0.0,0.0,0.0,1000.0,0,0,-0.282,0.29800000000000004,-0.32199999999999995
22714,0.0,0.0,0.0,1000.0,0,0,-0.262,0.29800000000000004,-0.32199999999999995
22715,0.0,0.0,0.0,1000.0,0,0,-0.242,0.29800000000000004,-0.32199999999999995
22716,0.0,0.0,0.0,1000.0,0,0,-0.22199999999999998,0.29800000000000004,-0.32199999999999995
22717,0.0,0.0,0.0,1000.0,0,0,-0.20199999999999996,0.29800000000000004,-0.32199999999999995
22718,0.0,0.0,0.0,1000.0,0,0,-0.182,0.29800000000000004,-0.32199999999999995
22719,0.0,0.0,0.0,1000.0,0,0,-0.16199999999999998,0.29800000000000004,-0.32199999999999995
22720,0.0,0.0,0.0,1000.0,0,0,-0.482,0.31800000000000006,-0.32199999999999995
22721,0.0,0.0,0.0,1000.0,0,0,-0.46199999999999997,0.31800000000000006,-0.32199999999999995
22722,0.0,0.0,0.0,1000.0,0,0,-0.442,0.31800000000000006,-0.32199999999999995
22723,0.0,0.0,0.0,1000.0,0,0,-0.422,0.31800000000000006,-0.32199999999999995
22724,0.0,0.0,0.0,1000.0,0,0,-0.40199999999999997,0.31800000000000006,-0.32199999999999995
22725,0.0,0.0,0.0,1000.0,0,0,-0.382,0.31800000000000006,-0.32199999999999995
22726,0.0,0.0,0.0,1000.0,0,0,-0.362,0.31800000000000006,-0.32199999999999995
22727,0.0,0.0,0.0,1000.0,0,0,-0.34199999999999997,0.31800000000000006,-0.32199999999999995
22728,0.0,0.0,0.0,1000.0,0,0,-0.32199999999999995,0.31800000000000006,-0.32199999999999995
22729,0.0,0.0,0.0,1000.0,0,0,-0.302,0.31800000000000006,-0.32199999999999995
22730,0.0,0.0,0.0,1000.0,0,0,-0.282,0.31800000000000006,-0.32199999999999995
22731,0.0,0.0,0.0,1000.0,0,0,-0.262,0.31800000000000006,-0.32199999999999995
22732,0.0,0.0,0.0,1000.0,0,0,-0.242,0.31800000000000006,-0.32199999999999995
22733,0.0,0.0,0.0,1000.0,0,0,-0.22199999999999998,0.31800000000000006,-0.32199999999999995
22734,0.0,0.0,0.0,1000.0,0,0,-0.20199999999999996,0.31800000000000006,-0.32199999999999995
22735,0.0,0.0,0.0,1000.0,0,0,-0.182,0.31800000000000006,-0.32199999999999995
22736,0.0,0.0,0.0,1000.0,0,0,-0.16199999999999998,0.31800000000000006,-0.32199999999999995
22737,0.0,0.0,0.0,1000.0,0,0,-0.482,0.3380000000000001,-0.32199999999999995
22738,0.0,0.0,0.0,1000.0,0,0,-0.46199999999999997,0.3380000000000001,-0.32199999999999995
22739,0.0,0.0,0.0,1000.0,0,0,-0.442,0.3380000000000001,-0.32199999999999995
22740,0.0,0.0,0.0,1000.0,0,0,-0.422,0.3380000000000001,-0.32199999999999995
22741,0.0,0.0,0.0,1000.0,0,0,-0.40199999999999997,0.3380000000000001,-0.32199999999999995
22742,0.0,0.0,0.0,1000.0,0,0,-0.382,0.3380000000000001,-0.32199999999999995
22743,0.0,0.0,0.0,1000.0,0,0,-0.362,0.3380000000000001,-0.32199999999999995
22744,0.0,0.0,0.0,1000.0,0,0,-0.34199999999999997,0.3380000000000001,-0.32199999999999995
22745,0.0,0.0,0.0,1000.0,0,0,-0.32199999999999995,0.3380000000000001,-0.32199999999999995
22746,0.0,0.0,0.0,1000.0,0,0,-0.302,0.3380000000000001,-0.32199999999999995
22747,0.0,0.0,0.0,1000.0,0,0,-0.282,0.3380000000000001,-0.32199999999999995
22748,0.0,0.0,0.0,1000.0,0,0,-0.262,0.3380000000000001,-0.32199999999999995
22749,0.0,0.0,0.0,1000.0,0,0,-0.242,0.3380000000000001,-0.32199999999999995
22750,0.0,0.0,0.0,1000.0,0,0,-0.22199999999999998,0.3380000000000001,-0.32199999999999995
22751,0.0,0.0,0.0,1000.0,0,0,-0.20199999999999996,0.3380000000000001,-0.32199999999999995
22752,0.0,0.0,0.0,1000.0,0,0,-0.182,0.3380000000000001,-0.32199999999999995
22753,0.0,0.0,0.0,1000.0,0,0,-0.16199999999999998,0.3380000000000001,-0.32199999999999995
22754,0.0,0.0,0.0,1000.0,0,0,-0.482,0.358,-0.32199999999999995
22755,0.0,0.0,0.0,1000.0,0,0,-0.46199999999999997,0.358,-0.32199999999999995
22756,0.0,0.0,0.0,1000.0,0,0,-0.442,0.358,-0.32199999999999995
22757,0.0,0.0,0.0,1000.0,0,0,-0.422,0.358,-0.32199999999999995
22758,0.0,0.0,0.0,1000.0,0,0,-0.40199999999999997,0.358,-0.32199999999999995
22759,0.0,0.0,0.0,1000.0,0,0,-0.382,0.358,-0.32199999999999995
22760,0.0,0.0,0.0,1000.0,0,0,-0.362,0.358,-0.32199999999999995
22761,0.0,0.0,0.0,1000.0,0,0,-0.34199999999999997,0.358,-0.32199999999999995
22762,0.0,0.0,0.0,1000.0,0,0,-0.32199999999999995,0.358,-0.32199999999999995
22763,0.0,0.0,0.0,1000.0,0,0,-0.302,0.358,-0.32199999999999995
22764,0.0,0.0,0.0,1000.0,0,0,-0.282,0.358,-0.32199999999999995
22765,0.0,0.0,0.0,1000.0,0,0,-0.262,0.358,-0.32199999999999995
22766,0.0,0.0,0.0,1000.0,0,0,-0.242,0.358,-0.32199999999999995
22767,0.0,0.0,0.0,1000.0,0,0,-0.22199999999999998,0.358,-0.32199999999999995
22768,0.0,0.0,0.0,1000.0,0,0,-0.20199999999999996,0.358,-0.32199999999999995
22769,0.0,0.0,0.0,1000.0,0,0,-0.182,0.358,-0.32199999999999995
22770,0.0,0.0,0.0,1000.0,0,0,-0.16199999999999998,0.358,-0.32199999999999995
22771,0.0,0.0,0.0,1000.0,0,0,-0.482,0.378,-0.32199999999999995
22772,0.0,0.0,0.0,1000.0,0,0,-0.46199999999999997,0.378,-0.32199999999999995
22773,0.0,0.0,0.0,1000.0,0,0,-0.442,0.378,-0.32199999999999995
22774,0.0,0.0,0.0,1000.0,0,0,-0.422,0.378,-0.32199999999999995
22775,0.0,0.0,0.0,1000.0,0,0,-0.40199999999999997,0.378,-0.32199999999999995
22776,0.0,0.0,0.0,1000.0,0,0,-0.382,0.378,-0.32199999999999995
22777,0.0,0.0,0.0,1000.0,0,0,-0.362,0.378,-0.32199999999999995
22778,0.0,0.0,0.0,1000.0,0,0,-0.34199999999999997,0.378,-0.32199999999999995
22779,0.0,0.0,0.0,1000.0,0,0,-0.32199999999999995,0.378,-0.32199999999999995
22780,0.0,0.0,0.0,1000.0,0,0,-0.302,0.378,-0.32199999999999995
22781,0.0,0.0,0.0,1000.0,0,0,-0.282,0.378,-0.32199999999999995
22782,0.0,0.0,0.0,1000.0,0,0,-0.262,0.378,-0.32199999999999995
22783,0.0,0.0,0.0,1000.0,0,0,-0.242,0.378,-0.32199999999999995
22784,0.0,0.0,0.0,1000.0,0,0,-0.22199999999999998,0.378,-0.32199999999999995
22785,0.0,0.0,0.0,1000.0,0,0,-0.20199999999999996,0.378,-0.32199999999999995
22786,0.0,0.0,0.0,1000.0,0,0,-0.182,0.378,-0.32199999999999995
22787,0.0,0.0,0.0,1000.0,0,0,-0.16199999999999998,0.378,-0.32199999999999995
22788,0.0,0.0,0.0,1000.0,0,0,-0.482,0.398,-0.32199999999999995
22789,0.0,0.0,0.0,1000.0,0,0,-0.46199999999999997,0.398,-0.32199999999999995
22790,0.0,0.0,0.0,1000.0,0,0,-0.442,0.398,-0.32199999999999995
22791,0.0,0.0,0.0,1000.0,0,0,-0.422,0.398,-0.32199999999999995
22792,0.0,0.0,0.0,1000.0,0,0,-0.40199999999999997,0.398,-0.32199999999999995
22793,0.0,0.0,0.0,1000.0,0,0,-0.382,0.398,-0.32199999999999995
22794,0.0,0.0,0.0,1000.0,0,0,-0.362,0.398,-0.32199999999999995
22795,0.0,0.0,0.0,1000.0,0,0,-0.34199999999999997,0.398,-0.32199999999999995
22796,0.0,0.0,0.0,1000.0,0,0,-0.32199999999999995,0.398,-0.32199999999999995
22797,0.0,0.0,0.0,1000.0,0,0,-0.302,0.398,-0.32199999999999995
22798,0.0,0.0,0.0,1000.0,0,0,-0.282,0.398,-0.32199999999999995
22799,0.0,0.0,0.0,1000.0,0,0,-0.262,0.398,-0.32199999999999995
22800,0.0,0.0,0.0,1000.0,0,0,-0.242,0.398,-0.32199999999999995
22801,0.0,0.0,0.0,1000.0,0,0,-0.22199999999999998,0.398,-0.32199999999999995
22802,0.0,0.0,0.0,1000.0,0,0,-0.20199999999999996,0.398,-0.32199999999999995
22803,0.0,0.0,0.0,1000.0,0,0,-0.182,0.398,-0.32199999999999995
22804,0.0,0.0,0.0,1000.0,0,0,-0.16199999999999998,0.398,-0.32199999999999995
22805,0.0,0.0,0.0,1000.0,0,0,-0.482,0.41800000000000004,-0.32199999999999995
22806,0.0,0.0,0.0,1000.0,0,0,-0.46199999999999997,0.41800000000000004,-0.32199999999999995
22807,0.0,0.0,0.0,1000.0,0,0,-0.442,0.41800000000000004,-0.32199999999999995
22808,0.0,0.0,0.0,1000.0,0,0,-0.422,0.41800000000000004,-0.32199999999999995
22809,0.0,0.0,0.0,1000.0,0,0,-0.40199999999999997,0.41800000000000004,-0.32199999999999995
22810,0.0,0.0,0.0,1000.0,0,0,-0.382,0.41800000000000004,-0.32199999999999995
22811,0.0,0.0,0.0,1000.0,0,0,-0.362,0.41800000000000004,-0.32199999999999995
22812,0.0,0.0,0.0,1000.0,0,0,-0.34199999999999997,0.41800000000000004,-0.32199999999999995
22813,0.0,0.0,0.0,1000.0,0,0,-0.32199999999999995,0.41800000000000004,-0.32199999999999995
22814,0.0,0.0,0.0,1000.0,0,0,-0.302,0.41800000000000004,-0.32199999999999995
22815,0.0,0.0,0.0,1000.0,0,0,-0.282,0.41800000000000004,-0.32199999999999995
22816,0.0,0.0,0.0,1000.0,0,0,-0.262,0.41800000000000004,-0.32199999999999995
22817,0.0,0.0,0.0,1000.0,0,0,-0.242,0.41800000000000004,-0.32199999999999995
22818,0.0,0.0,0.0,1000.0,0,0,-0.22199999999999998,0.41800000000000004,-0.32199999999999995
22819,0.0,0.0,0.0,1000.0,0,0,-0.20199999999999996,0.41800000000000004,-0.32199999999999995
22820,0.0,0.0,0.0,1000.0,0,0,-0.182,0.41800000000000004,-0.32199999999999995
22821,0.0,0.0,0.0,1000.0,0,0,-0.16199999999999998,0.41800000000000004,-0.32199999999999995
22822,0.0,0.0,0.0,1000.0,0,0,-0.482,0.43800000000000006,-0.32199999999999995
22823,0.0,0.0,0.0,1000.0,0,0,-0.46199999999999997,0.43800000000000006,-0.32199999999999995
22824,0.0,0.0,0.0,1000.0,0,0,-0.442,0.43800000000000006,-0.32199999999999995
22825,0.0,0.0,0.0,1000.0,0,0,-0.422,0.43800000000000006,-0.32199999999999995
22826,0.0,0.0,0.0,1000.0,0,0,-0.40199999999999997,0.43800000000000006,-0.32199999999999995
22827,0.0,0.0,0.0,1000.0,0,0,-0.382,0.43800000000000006,-0.32199999999999995
22828,0.0,0.0,0.0,1000.0,0,0,-0.362,0.43800000000000006,-0.32199999999999995
22829,0.0,0.0,0.0,1000.0,0,0,-0.34199999999999997,0.43800000000000006,-0.32199999999999995
22830,0.0,0.0,0.0,1000.0,0,0,-0.32199999999999995,0.43800000000000006,-0.32199999999999995
22831,0.0,0.0,0.0,1000.0,0,0,-0.302,0.43800000000000006,-0.32199999999999995
22832,0.0,0.0,0.0,1000.0,0,0,-0.282,0.43800000000000006,-0.32199999999999995
22833,0.0,0.0,0.0,1000.0,0,0,-0.262,0.43800000000000006,-0.32199999999999995
22834,0.0,0.0,0.0,1000.0,0,0,-0.242,0.43800000000000006,-0.32199999999999995
22835,0.0,0.0,0.0,1000.0,0,0,-0.22199999999999998,0.43800000000000006,-0.32199999999999995
22836,0.0,0.0,0.0,1000.0,0,0,-0.20199999999999996,0.43800000000000006,-0.32199999999999995
22837,0.0,0.0,0.0,1000.0,0,0,-0.182,0.43800000000000006,-0.32199999999999995
22838,0.0,0.0,0.0,1000.0,0,0,-0.16199999999999998,0.43800000000000006,-0.32199999999999995
22839,0.0,0.0,0.0,1000.0,0,0,-0.482,0.4580000000000001,-0.32199999999999995
22840,0.0,0.0,0.0,1000.0,0,0,-0.46199999999999997,0.4580000000000001,-0.32199999999999995
22841,0.0,0.0,0.0,1000.0,0,0,-0.442,0.4580000000000001,-0.32199999999999995
22842,0.0,0.0,0.0,1000.0,0,0,-0.422,0.4580000000000001,-0.32199999999999995
22843,0.0,0.0,0.0,1000.0,0,0,-0.40199999999999997,0.4580000000000001,-0.32199999999999995
22844,0.0,0.0,0.0,1000.0,0,0,-0.382,0.4580000000000001,-0.32199999999999995
22845,0.0,0.0,0.0,1000.0,0,0,-0.362,0.4580000000000001,-0.32199999999999995
22846,0.0,0.0,0.0,1000.0,0,0,-0.34199999999999997,0.4580000000000001,-0.32199999999999995
22847,0.0,0.0,0.0,1000.0,0,0,-0.32199999999999995,0.4580000000000001,-0.32199999999999995
22848,0.0,0.0,0.0,1000.0,0,0,-0.302,0.4580000000000001,-0.32199999999999995
22849,0.0,0.0,0.0,1000.0,0,0,-0.282,0.4580000000000001,-0.32199999999999995
22850,0.0,0.0,0.0,1000.0,0,0,-0.262,0.4580000000000001,-0.32199999999999995
22851,0.0,0.0,0.0,1000.0,0,0,-0.242,0.4580000000000001,-0.32199999999999995
22852,0.0,0.0,0.0,1000.0,0,0,-0.22199999999999998,0.4580000000000001,-0.32199999999999995
22853,0.0,0.0,0.0,1000.0,0,0,-0.20199999999999996,0.4580000000000001,-0.32199999999999995
22854,0.0,0.0,0.0,1000.0,0,0,-0.182,0.4580000000000001,-0.32199999999999995
22855,0.0,0.0,0.0,1000.0,0,0,-0.16199999999999998,0.4580000000000001,-0.32199999999999995
22856,0.0,0.0,0.0,1000.0,0,0,-0.482,0.478,-0.32199999999999995
22857,0.0,0.0,0.0,1000.0,0,0,-0.46199999999999997,0.478,-0.32199999999999995
22858,0.0,0.0,0.0,1000.0,0,0,-0.442,0.478,-0.32199999999999995
22859,0.0,0.0,0.0,1000.0,0,0,-0.422,0.478,-0.32199999999999995
22860,0.0,0.0,0.0,1000.0,0,0,-0.40199999999999997,0.478,-0.32199999999999995
22861,0.0,0.0,0.0,1000.0,0,0,-0.382,0.478,-0.32199999999999995
22862,0.0,0.0,0.0,1000.0,0,0,-0.362,0.478,-0.32199999999999995
22863,0.0,0.0,0.0,1000.0,0,0,-0.34199999999999997,0.478,-0.32199999999999995
22864,0.0,0.0,0.0,1000.0,0,0,-0.32199999999999995,0.478,-0.32199999999999995
22865,0.0,0.0,0.0,1000.0,0,0,-0.302,0.478,-0.32199999999999995
22866,0.0,0.0,0.0,1000.0,0,0,-0.282,0.478,-0.32199999999999995
22867,0.0,0.0,0.0,1000.0,0,0,-0.262,0.478,-0.32199999999999995
22868,0.0,0.0,0.0,1000.0,0,0,-0.242,0.478,-0.32199999999999995
22869,0.0,0.0,0.0,1000.0,0,0,-0.22199999999999998,0.478,-0.32199999999999995
22870,0.0,0.0,0.0,1000.0,0,0,-0.20199999999999996,0.478,-0.32199999999999995
22871,0.0,0.0,0.0,1000.0,0,0,-0.182,0.478,-0.32199999999999995
22872,0.0,0.0,0.0,1000.0,0,0,-0.16199999999999998,0.478,-0.32199999999999995
22873,0.0,0.0,0.0,1000.0,0,0,-0.482,-0.482,-0.302
22874,0.0,0.0,0.0,1000.0,0,0,-0.46199999999999997,-0.482,-0.302
22875,0.0,0.0,0.0,1000.0,0,0,-0.442,-0.482,-0.302
22876,0.0,0.0,0.0,1000.0,0,0,-0.422,-0.482,-0.302
22877,0.0,0.0,0.0,1000.0,0,0,-0.40199999999999997,-0.482,-0.302
22878,0.0,0.0,0.0,1000.0,0,0,-0.382,-0.482,-0.302
22879,0.0,0.0,0.0,1000.0,0,0,-0.362,-0.482,-0.302
22880,0.0,0.0,0.0,1000.0,0,0,-0.34199999999999997,-0.482,-0.302
22881,0.0,0.0,0.0,1000.0,0,0,-0.32199999999999995,-0.482,-0.302
22882,0.0,0.0,0.0,1000.0,0,0,-0.302,-0.482,-0.302
22883,0.0,0.0,0.0,1000.0,0,0,-0.282,-0.482,-0.302
22884,0.0,0.0,0.0,1000.0,0,0,-0.262,-0.482,-0.302
22885,0.0,0.0,0.0,1000.0,0,0,-0.242,-0.482,-0.302
22886,0.0,0.0,0.0,1000.0,0,0,-0.22199999999999998,-0.482,-0.302
22887,0.0,0.0,0.0,1000.0,0,0,-0.20199999999999996,-0.482,-0.302
22888,0.0,0.0,0.0,1000.0,0,0,-0.182,-0.482,-0.302
22889,0.0,0.0,0.0,1000.0,0,0,-0.16199999999999998,-0.482,-0.302
22890,0.0,0.0,0.0,1000.0,0,0,-0.482,-0.46199999999999997,-0.302
22891,0.0,0.0,0.0,1000.0,0,0,-0.46199999999999997,-0.46199999999999997,-0.302
22892,0.0,0.0,0.0,1000.0,0,0,-0.442,-0.46199999999999997,-0.302
22893,0.0,0.0,0.0,1000.0,0,0,-0.422,-0.46199999999999997,-0.302
22894,0.0,0.0,0.0,1000.0,0,0,-0.40199999999999997,-0.46199999999999997,-0.302
22895,0.0,0.0,0.0,1000.0,0,0,-0.382,-0.46199999999999997,-0.302
22896,0.0,0.0,0.0,1000.0,0,0,-0.362,-0.46199999999999997,-0.302
22897,0.0,0.0,0.0,1000.0,0,0,-0.34199999999999997,-0.46199999999999997,-0.302
22898,0.0,0.0,0.0,1000.0,0,0,-0.32199999999999995,-0.46199999999999997,-0.302
22899,0.0,0.0,0.0,1000.0,0,0,-0.302,-0.46199999999999997,-0.302
22900,0.0,0.0,0.0,1000.0,0,0,-0.282,-0.46199999999999997,-0.302
22901,0.0,0.0,0.0,1000.0,0,0,-0.262,-0.46199999999999997,-0.302
22902,0.0,0.0,0.0,1000.0,0,0,-0.242,-0.46199999999999997,-0.302
22903,0.0,0.0,0.0,1000.0,0,0,-0.22199999999999998,-0.46199999999999997,-0.302
22904,0.0,0.0,0.0,1000.0,0,0,-0.20199999999999996,-0.46199999999999997,-0.302
22905,0.0,0.0,0.0,1000.0,0,0,-0.182,-0.46199999999999997,-0.302
22906,0.0,0.0,0.0,1000.0,0,0,-0.16199999999999998,-0.46199999999999997,-0.302
22907,0.0,0.0,0.0,1000.0,0,0,-0.482,-0.442,-0.302
22908,0.0,0.0,0.0,1000.0,0,0,-0.46199999999999997,-0.442,-0.302
22909,0.0,0.0,0.0,1000.0,0,0,-0.442,-0.442,-0.302
22910,0.0,0.0,0.0,1000.0,0,0,-0.422,-0.442,-0.302
22911,0.0,0.0,0.0,1000.0,0,0,-0.40199999999999997,-0.442,-0.302
22912,0.0,0.0,0.0,1000.0,0,0,-0.382,-0.442,-0.302
22913,0.0,0.0,0.0,1000.0,0,0,-0.362,-0.442,-0.302
22914,0.0,0.0,0.0,1000.0,0,0,-0.34199999999999997,-0.442,-0.302
22915,0.0,0.0,0.0,1000.0,0,0,-0.32199999999999995,-0.442,-0.302
22916,0.0,0.0,0.0,1000.0,0,0,-0.302,-0.442,-0.302
22917,0.0,0.0,0.0,1000.0,0,0,-0.282,-0.442,-0.302
22918,0.0,0.0,0.0,1000.0,0,0,-0.262,-0.442,-0.302
22919,0.0,0.0,0.0,1000.0,0,0,-0.242,-0.442,-0.302
22920,0.0,0.0,0.0,1000.0,0,0,-0.22199999999999998,-0.442,-0.302
22921,0.0,0.0,0.0,1000.0,0,0,-0.20199999999999996,-0.442,-0.302
22922,0.0,0.0,0.0,1000.0,0,0,-0.182,-0.442,-0.302
22923,0.0,0.0,0.0,1000.0,0,0,-0.16199999999999998,-0.442,-0.302
22924,0.0,0.0,0.0,1000.0,0,0,-0.482,-0.422,-0.302
22925,0.0,0.0,0.0,1000.0,0,0,-0.46199999999999997,-0.422,-0.302
22926,0.0,0.0,0.0,1000.0,0,0,-0.442,-0.422,-0.302
22927,0.0,0.0,0.0,1000.0,0,0,-0.422,-0.422,-0.302
22928,0.0,0.0,0.0,1000.0,0,0,-0.40199999999999997,-0.422,-0.302
22929,0.0,0.0,0.0,1000.0,0,0,-0.382,-0.422,-0.302
22930,0.0,0.0,0.0,1000.0,0,0,-0.362,-0.422,-0.302
22931,0.0,0.0,0.0,1000.0,0,0,-0.34199999999999997,-0.422,-0.302
22932,0.0,0.0,0.0,1000.0,0,0,-0.32199999999999995,-0.422,-0.302
22933,0.0,0.0,0.0,1000.0,0,0,-0.302,-0.422,-0.302
22934,0.0,0.0,0.0,1000.0,0,0,-0.282,-0.422,-0.302
22935,0.0,0.0,0.0,1000.0,0,0,-0.262,-0.422,-0.302
22936,0.0,0.0,0.0,1000.0,0,0,-0.242,-0.422,-0.302
22937,0.0,0.0,0.0,1000.0,0,0,-0.22199999999999998,-0.422,-0.302
22938,0.0,0.0,0.0,1000.0,0,0,-0.20199999999999996,-0.422,-0.302
22939,0.0,0.0,0.0,1000.0,0,0,-0.182,-0.422,-0.302
22940,0.0,0.0,0.0,1000.0,0,0,-0.16199999999999998,-0.422,-0.302
22941,0.0,0.0,0.0,1000.0,0,0,-0.482,-0.40199999999999997,-0.302
22942,0.0,0.0,0.0,1000.0,0,0,-0.46199999999999997,-0.40199999999999997,-0.302
22943,0.0,0.0,0.0,1000.0,0,0,-0.442,-0.40199999999999997,-0.302
22944,0.0,0.0,0.0,1000.0,0,0,-0.422,-0.40199999999999997,-0.302
22945,0.0,0.0,0.0,1000.0,0,0,-0.40199999999999997,-0.40199999999999997,-0.302
22946,0.0,0.0,0.0,1000.0,0,0,-0.382,-0.40199999999999997,-0.302
22947,0.0,0.0,0.0,1000.0,0,0,-0.362,-0.40199999999999997,-0.302
22948,0.0,0.0,0.0,1000.0,0,0,-0.34199999999999997,-0.40199999999999997,-0.302
22949,0.0,0.0,0.0,1000.0,0,0,-0.32199999999999995,-0.40199999999999997,-0.302
22950,0.0,0.0,0.0,1000.0,0,0,-0.302,-0.40199999999999997,-0.302
22951,0.0,0.0,0.0,1000.0,0,0,-0.282,-0.40199999999999997,-0.302
22952,0.0,0.0,0.0,1000.0,0,0,-0.262,-0.40199999999999997,-0.302
22953,0.0,0.0,0.0,1000.0,0,0,-0.242,-0.40199999999999997,-0.302
22954,0.0,0.0,0.0,1000.0,0,0,-0.22199999999999998,-0.40199999999999997,-0.302
22955,0.0,0.0,0.0,1000.0,0,0,-0.20199999999999996,-0.40199999999999997,-0.302
22956,0.0,0.0,0.0,1000.0,0,0,-0.182,-0.40199999999999997,-0.302
22957,0.0,0.0,0.0,1000.0,0,0,-0.16199999999999998,-0.40199999999999997,-0.302
22958,0.0,0.0,0.0,1000.0,0,0,-0.482,-0.382,-0.302
22959,0.0,0.0,0.0,1000.0,0,0,-0.46199999999999997,-0.382,-0.302
22960,0.0,0.0,0.0,1000.0,0,0,-0.442,-0.382,-0.302
22961,0.0,0.0,0.0,1000.0,0,0,-0.422,-0.382,-0.302
22962,0.0,0.0,0.0,1000.0,0,0,-0.40199999999999997,-0.382,-0.302
22963,0.0,0.0,0.0,1000.0,0,0,-0.382,-0.382,-0.302
22964,0.0,0.0,0.0,1000.0,0,0,-0.362,-0.382,-0.302
22965,0.0,0.0,0.0,1000.0,0,0,-0.34199999999999997,-0.382,-0.302
22966,0.0,0.0,0.0,1000.0,0,0,-0.32199999999999995,-0.382,-0.302
22967,0.0,0.0,0.0,1000.0,0,0,-0.302,-0.382,-0.302
22968,0.0,0.0,0.0,1000.0,0,0,-0.282,-0.382,-0.302
22969,0.0,0.0,0.0,1000.0,0,0,-0.262,-0.382,-0.302
22970,0.0,0.0,0.0,1000.0,0,0,-0.242,-0.382,-0.302
22971,0.0,0.0,0.0,1000.0,0,0,-0.22199999999999998,-0.382,-0.302
22972,0.0,0.0,0.0,1000.0,0,0,-0.20199999999999996,-0.382,-0.302
22973,0.0,0.0,0.0,1000.0,0,0,-0.182,-0.382,-0.302
22974,0.0,0.0,0.0,1000.0,0,0,-0.16199999999999998,-0.382,-0.302
22975,0.0,0.0,0.0,1000.0,0,0,-0.482,-0.362,-0.302
22976,0.0,0.0,0.0,1000.0,0,0,-0.46199999999999997,-0.362,-0.302
22977,0.0,0.0,0.0,1000.0,0,0,-0.442,-0.362,-0.302
22978,0.0,0.0,0.0,1000.0,0,0,-0.422,-0.362,-0.302
22979,0.0,0.0,0.0,1000.0,0,0,-0.40199999999999997,-0.362,-0.302
22980,0.0,0.0,0.0,1000.0,0,0,-0.382,-0.362,-0.302
22981,0.0,0.0,0.0,1000.0,0,0,-0.362,-0.362,-0.302
22982,0.0,0.0,0.0,1000.0,0,0,-0.34199999999999997,-0.362,-0.302
22983,0.0,0.0,0.0,1000.0,0,0,-0.32199999999999995,-0.362,-0.302
22984,0.0,0.0,0.0,1000.0,0,0,-0.302,-0.362,-0.302
22985,0.0,0.0,0.0,1000.0,0,0,-0.282,-0.362,-0.302
22986,0.0,0.0,0.0,1000.0,0,0,-0.262,-0.362,-0.302
22987,0.0,0.0,0.0,1000.0,0,0,-0.242,-0.362,-0.302
22988,0.0,0.0,0.0,1000.0,0,0,-0.22199999999999998,-0.362,-0.302
22989,0.0,0.0,0.0,1000.0,0,0,-0.20199999999999996,-0.362,-0.302
22990,0.0,0.0,0.0,1000.0,0,0,-0.182,-0.362,-0.302
22991,0.0,0.0,0.0,1000.0,0,0,-0.16199999999999998,-0.362,-0.302
22992,0.0,0.0,0.0,1000.0,0,0,-0.482,-0.34199999999999997,-0.302
22993,0.0,0.0,0.0,1000.0,0,0,-0.46199999999999997,-0.34199999999999997,-0.302
22994,0.0,0.0,0.0,1000.0,0,0,-0.442,-0.34199999999999997,-0.302
22995,0.0,0.0,0.0,1000.0,0,0,-0.422,-0.34199999999999997,-0.302
22996,0.0,0.0,0.0,1000.0,0,0,-0.40199999999999997,-0.34199999999999997,-0.302
22997,0.0,0.0,0.0,1000.0,0,0,-0.382,-0.34199999999999997,-0.302
22998,0.0,0.0,0.0,1000.0,0,0,-0.362,-0.34199999999999997,-0.302
22999,0.0,0.0,0.0,1000.0,0,0,-0.34199999999999997,-0.34199999999999997,-0.302
23000,0.0,0.0,0.0,1000.0,0,0,-0.32199999999999995,-0.34199999999999997,-0.302
23001,0.0,0.0,0.0,1000.0,0,0,-0.302,-0.34199999999999997,-0.302
23002,0.0,0.0,0.0,1000.0,0,0,-0.282,-0.34199999999999997,-0.302
23003,0.0,0.0,0.0,1000.0,0,0,-0.262,-0.34199999999999997,-0.302
23004,0.0,0.0,0.0,1000.0,0,0,-0.242,-0.34199999999999997,-0.302
23005,0.0,0.0,0.0,1000.0,0,0,-0.22199999999999998,-0.34199999999999997,-0.302
23006,0.0,0.0,0.0,1000.0,0,0,-0.20199999999999996,-0.34199999999999997,-0.302
23007,0.0,0.0,0.0,1000.0,0,0,-0.182,-0.34199999999999997,-0.302
23008,0.0,0.0,0.0,1000.0,0,0,-0.16199999999999998,-0.34199999999999997,-0.302
23009,0.0,0.0,0.0,1000.0,0,0,-0.482,-0.32199999999999995,-0.302
23010,0.0,0.0,0.0,1000.0,0,0,-0.46199999999999997,-0.32199999999999995,-0.302
23011,0.0,0.0,0.0,1000.0,0,0,-0.442,-0.32199999999999995,-0.302
23012,0.0,0.0,0.0,1000.0,0,0,-0.422,-0.32199999999999995,-0.302
23013,0.0,0.0,0.0,1000.0,0,0,-0.40199999999999997,-0.32199999999999995,-0.302
23014,0.0,0.0,0.0,1000.0,0,0,-0.382,-0.32199999999999995,-0.302
23015,0.0,0.0,0.0,1000.0,0,0,-0.362,-0.32199999999999995,-0.302
23016,0.0,0.0,0.0,1000.0,0,0,-0.34199999999999997,-0.32199999999999995,-0.302
23017,0.0,0.0,0.0,1000.0,0,0,-0.32199999999999995,-0.32199999999999995,-0.302
23018,0.0,0.0,0.0,1000.0,0,0,-0.302,-0.32199999999999995,-0.302
23019,0.0,0.0,0.0,1000.0,0,0,-0.282,-0.32199999999999995,-0.302
23020,0.0,0.0,0.0,1000.0,0,0,-0.262,-0.32199999999999995,-0.302
23021,0.0,0.0,0.0,1000.0,0,0,-0.242,-0.32199999999999995,-0.302
23022,0.0,0.0,0.0,1000.0,0,0,-0.22199999999999998,-0.32199999999999995,-0.302
23023,0.0,0.0,0.0,1000.0,0,0,-0.20199999999999996,-0.32199999999999995,-0.302
23024,0.0,0.0,0.0,1000.0,0,0,-0.182,-0.32199999999999995,-0.302
23025,0.0,0.0,0.0,1000.0,0,0,-0.16199999999999998,-0.32199999999999995,-0.302
23026,0.0,0.0,0.0,1000.0,0,0,-0.482,-0.302,-0.302
23027,0.0,0.0,0.0,1000.0,0,0,-0.46199999999999997,-0.302,-0.302
23028,0.0,0.0,0.0,1000.0,0,0,-0.442,-0.302,-0.302
23029,0.0,0.0,0.0,1000.0,0,0,-0.422,-0.302,-0.302
23030,0.0,0.0,0.0,1000.0,0,0,-0.40199999999999997,-0.302,-0.302
23031,0.0,0.0,0.0,1000.0,0,0,-0.382,-0.302,-0.302
23032,0.0,0.0,0.0,1000.0,0,0,-0.362,-0.302,-0.302
23033,0.0,0.0,0.0,1000.0,0,0,-0.34199999999999997,-0.302,-0.302
23034,0.0,0.0,0.0,1000.0,0,0,-0.32199999999999995,-0.302,-0.302
23035,0.0,0.0,0.0,1000.0,0,0,-0.302,-0.302,-0.302
23036,0.0,0.0,0.0,1000.0,0,0,-0.282,-0.302,-0.302
23037,0.0,0.0,0.0,1000.0,0,0,-0.262,-0.302,-0.302
23038,0.0,0.0,0.0,1000.0,0,0,-0.242,-0.302,-0.302
23039,0.0,0.0,0.0,1000.0,0,0,-0.22199999999999998,-0.302,-0.302
23040,0.0,0.0,0.0,1000.0,0,0,-0.20199999999999996,-0.302,-0.302
23041,0.0,0.0,0.0,1000.0,0,0,-0.182,-0.302,-0.302
23042,0.0,0.0,0.0,1000.0,0,0,-0.16199999999999998,-0.302,-0.302
23043,0.0,0.0,0.0,1000.0,0,0,-0.482,-0.282,-0.302
23044,0.0,0.0,0.0,1000.0,0,0,-0.46199999999999997,-0.282,-0.302
23045,0.0,0.0,0.0,1000.0,0,0,-0.442,-0.282,-0.302
23046,0.0,0.0,0.0,1000.0,0,0,-0.422,-0.282,-0.302
23047,0.0,0.0,0.0,1000.0,0,0,-0.40199999999999997,-0.282,-0.302
23048,0.0,0.0,0.0,1000.0,0,0,-0.382,-0.282,-0.302
23049,0.0,0.0,0.0,1000.0,0,0,-0.362,-0.282,-0.302
23050,0.0,0.0,0.0,1000.0,0,0,-0.34199999999999997,-0.282,-0.302
23051,0.0,0.0,0.0,1000.0,0,0,-0.32199999999999995,-0.282,-0.302
23052,0.0,0.0,0.0,1000.0,0,0,-0.302,-0.282,-0.302
23053,0.0,0.0,0.0,1000.0,0,0,-0.282,-0.282,-0.302
23054,0.0,0.0,0.0,1000.0,0,0,-0.262,-0.282,-0.302
23055,0.0,0.0,0.0,1000.0,0,0,-0.242,-0.282,-0.302
23056,0.0,0.0,0.0,1000.0,0,0,-0.22199999999999998,-0.282,-0.302
23057,0.0,0.0,0.0,1000.0,0,0,-0.20199999999999996,-0.282,-0.302
23058,0.0,0.0,0.0,1000.0,0,0,-0.182,-0.282,-0.302
23059,0.0,0.0,0.0,1000.0,0,0,-0.16199999999999998,-0.282,-0.302
23060,0.0,0.0,0.0,1000.0,0,0,-0.482,-0.262,-0.302
23061,0.0,0.0,0.0,1000.0,0,0,-0.46199999999999997,-0.262,-0.302
23062,0.0,0.0,0.0,1000.0,0,0,-0.442,-0.262,-0.302
23063,0.0,0.0,0.0,1000.0,0,0,-0.422,-0.262,-0.302
23064,0.0,0.0,0.0,1000.0,0,0,-0.40199999999999997,-0.262,-0.302
23065,0.0,0.0,0.0,1000.0,0,0,-0.382,-0.262,-0.302
23066,0.0,0.0,0.0,1000.0,0,0,-0.362,-0.262,-0.302
23067,0.0,0.0,0.0,1000.0,0,0,-0.34199999999999997,-0.262,-0.302
23068,0.0,0.0,0.0,1000.0,0,0,-0.32199999999999995,-0.262,-0.302
23069,0.0,0.0,0.0,1000.0,0,0,-0.302,-0.262,-0.302
23070,0.0,0.0,0.0,1000.0,0,0,-0.282,-0.262,-0.302
23071,0.0,0.0,0.0,1000.0,0,0,-0.262,-0.262,-0.302
23072,0.0,0.0,0.0,1000.0,0,0,-0.242,-0.262,-0.302
23073,0.0,0.0,0.0,1000.0,0,0,-0.22199999999999998,-0.262,-0.302
23074,0.0,0.0,0.0,1000.0,0,0,-0.20199999999999996,-0.262,-0.302
23075,0.0,0.0,0.0,1000.0,0,0,-0.182,-0.262,-0.302
23076,0.0,0.0,0.0,1000.0,0,0,-0.16199999999999998,-0.262,-0.302
23077,0.0,0.0,0.0,1000.0,0,0,-0.482,-0.242,-0.302
23078,0.0,0.0,0.0,1000.0,0,0,-0.46199999999999997,-0.242,-0.302
23079,0.0,0.0,0.0,1000.0,0,0,-0.442,-0.242,-0.302
23080,0.0,0.0,0.0,1000.0,0,0,-0.422,-0.242,-0.302
23081,0.0,0.0,0.0,1000.0,0,0,-0.40199999999999997,-0.242,-0.302
23082,0.0,0.0,0.0,1000.0,0,0,-0.382,-0.242,-0.302
23083,0.0,0.0,0.0,1000.0,0,0,-0.362,-0.242,-0.302
23084,0.0,0.0,0.0,1000.0,0,0,-0.34199999999999997,-0.242,-0.302
23085,0.0,0.0,0.0,1000.0,0,0,-0.32199999999999995,-0.242,-0.302
23086,0.0,0.0,0.0,1000.0,0,0,-0.302,-0.242,-0.302
23087,0.0,0.0,0.0,1000.0,0,0,-0.282,-0.242,-0.302
23088,0.0,0.0,0.0,1000.0,0,0,-0.262,-0.242,-0.302
23089,0.0,0.0,0.0,1000.0,0,0,-0.242,-0.242,-0.302
23090,0.0,0.0,0.0,1000.0,0,0,-0.22199999999999998,-0.242,-0.302
23091,0.0,0.0,0.0,1000.0,0,0,-0.20199999999999996,-0.242,-0.302
23092,0.0,0.0,0.0,1000.0,0,0,-0.182,-0.242,-0.302
23093,0.0,0.0,0.0,1000.0,0,0,-0.16199999999999998,-0.242,-0.302
23094,0.0,0.0,0.0,1000.0,0,0,-0.482,-0.22199999999999998,-0.302
23095,0.0,0.0,0.0,1000.0,0,0,-0.46199999999999997,-0.22199999999999998,-0.302
23096,0.0,0.0,0.0,1000.0,0,0,-0.442,-0.22199999999999998,-0.302
23097,0.0,0.0,0.0,1000.0,0,0,-0.422,-0.22199999999999998,-0.302
23098,0.0,0.0,0.0,1000.0,0,0,-0.40199999999999997,-0.22199999999999998,-0.302
23099,0.0,0.0,0.0,1000.0,0,0,-0.382,-0.22199999999999998,-0.302
23100,0.0,0.0,0.0,1000.0,0,0,-0.362,-0.22199999999999998,-0.302
23101,0.0,0.0,0.0,1000.0,0,0,-0.34199999999999997,-0.22199999999999998,-0.302
23102,0.0,0.0,0.0,1000.0,0,0,-0.32199999999999995,-0.22199999999999998,-0.302
23103,0.0,0.0,0.0,1000.0,0,0,-0.302,-0.22199999999999998,-0.302
23104,0.0,0.0,0.0,1000.0,0,0,-0.282,-0.22199999999999998,-0.302
23105,0.0,0.0,0.0,1000.0,0,0,-0.262,-0.22199999999999998,-0.302
23106,0.0,0.0,0.0,1000.0,0,0,-0.242,-0.22199999999999998,-0.302
23107,0.0,0.0,0.0,1000.0,0,0,-0.22199999999999998,-0.22199999999999998,-0.302
23108,0.0,0.0,0.0,1000.0,0,0,-0.20199999999999996,-0.22199999999999998,-0.302
23109,0.0,0.0,0.0,1000.0,0,0,-0.182,-0.22199999999999998,-0.302
23110,0.0,0.0,0.0,1000.0,0,0,-0.16199999999999998,-0.22199999999999998,-0.302
23111,0.0,0.0,0.0,1000.0,0,0,-0.482,-0.20199999999999996,-0.302
23112,0.0,0.0,0.0,1000.0,0,0,-0.46199999999999997,-0.20199999999999996,-0.302
23113,0.0,0.0,0.0,1000.0,0,0,-0.442,-0.20199999999999996,-0.302
23114,0.0,0.0,0.0,1000.0,0,0,-0.422,-0.20199999999999996,-0.302
23115,0.0,0.0,0.0,1000.0,0,0,-0.40199999999999997,-0.20199999999999996,-0.302
23116,0.0,0.0,0.0,1000.0,0,0,-0.382,-0.20199999999999996,-0.302
23117,0.0,0.0,0.0,1000.0,0,0,-0.362,-0.20199999999999996,-0.302
23118,0.0,0.0,0.0,1000.0,0,0,-0.34199999999999997,-0.20199999999999996,-0.302
23119,0.0,0.0,0.0,1000.0,0,0,-0.32199999999999995,-0.20199999999999996,-0.302
23120,0.0,0.0,0.0,1000.0,0,0,-0.302,-0.20199999999999996,-0.302
23121,0.0,0.0,0.0,1000.0,0,0,-0.282,-0.20199999999999996,-0.302
23122,0.0,0.0,0.0,1000.0,0,0,-0.262,-0.20199999999999996,-0.302
23123,0.0,0.0,0.0,1000.0,0,0,-0.242,-0.20199999999999996,-0.302
23124,0.0,0.0,0.0,1000.0,0,0,-0.22199999999999998,-0.20199999999999996,-0.302
23125,0.0,0.0,0.0,1000.0,0,0,-0.20199999999999996,-0.20199999999999996,-0.302
23126,0.0,0.0,0.0,1000.0,0,0,-0.182,-0.20199999999999996,-0.302
23127,0.0,0.0,0.0,1000.0,0,0,-0.16199999999999998,-0.20199999999999996,-0.302
23128,0.0,0.0,0.0,1000.0,0,0,-0.482,-0.182,-0.302
23129,0.0,0.0,0.0,1000.0,0,0,-0.46199999999999997,-0.182,-0.302
23130,0.0,0.0,0.0,1000.0,0,0,-0.442,-0.182,-0.302
23131,0.0,0.0,0.0,1000.0,0,0,-0.422,-0.182,-0.302
23132,0.0,0.0,0.0,1000.0,0,0,-0.40199999999999997,-0.182,-0.302
23133,0.0,0.0,0.0,1000.0,0,0,-0.382,-0.182,-0.302
23134,0.0,0.0,0.0,1000.0,0,0,-0.362,-0.182,-0.302
23135,0.0,0.0,0.0,1000.0,0,0,-0.34199999999999997,-0.182,-0.302
23136,0.0,0.0,0.0,1000.0,0,0,-0.32199999999999995,-0.182,-0.302
23137,0.0,0.0,0.0,1000.0,0,0,-0.302,-0.182,-0.302
23138,0.0,0.0,0.0,1000.0,0,0,-0.282,-0.182,-0.302
23139,0.0,0.0,0.0,1000.0,0,0,-0.262,-0.182,-0.302
23140,0.0,0.0,0.0,1000.0,0,0,-0.242,-0.182,-0.302
23141,0.0,0.0,0.0,1000.0,0,0,-0.22199999999999998,-0.182,-0.302
23142,0.0,0.0,0.0,1000.0,0,0,-0.20199999999999996,-0.182,-0.302
23143,0.0,0.0,0.0,1000.0,0,0,-0.182,-0.182,-0.302
23144,0.0,0.0,0.0,1000.0,0,0,-0.16199999999999998,-0.182,-0.302
23145,0.0,0.0,0.0,1000.0,0,0,-0.482,-0.16199999999999998,-0.302
23146,0.0,0.0,0.0,1000.0,0,0,-0.46199999999999997,-0.16199999999999998,-0.302
23147,0.0,0.0,0.0,1000.0,0,0,-0.442,-0.16199999999999998,-0.302
23148,0.0,0.0,0.0,1000.0,0,0,-0.422,-0.16199999999999998,-0.302
23149,0.0,0.0,0.0,1000.0,0,0,-0.40199999999999997,-0.16199999999999998,-0.302
23150,0.0,0.0,0.0,1000.0,0,0,-0.382,-0.16199999999999998,-0.302
23151,0.0,0.0,0.0,1000.0,0,0,-0.362,-0.16199999999999998,-0.302
23152,0.0,0.0,0.0,1000.0,0,0,-0.34199999999999997,-0.16199999999999998,-0.302
23153,0.0,0.0,0.0,1000.0,0,0,-0.32199999999999995,-0.16199999999999998,-0.302
23154,0.0,0.0,0.0,1000.0,0,0,-0.302,-0.16199999999999998,-0.302
23155,0.0,0.0,0.0,1000.0,0,0,-0.282,-0.16199999999999998,-0.302
23156,0.0,0.0,0.0,1000.0,0,0,-0.262,-0.16199999999999998,-0.302
23157,0.0,0.0,0.0,1000.0,0,0,-0.242,-0.16199999999999998,-0.302
23158,0.0,0.0,0.0,1000.0,0,0,-0.22199999999999998,-0.16199999999999998,-0.302
23159,0.0,0.0,0.0,1000.0,0,0,-0.20199999999999996,-0.16199999999999998,-0.302
23160,0.0,0.0,0.0,1000.0,0,0,-0.182,-0.16199999999999998,-0.302
23161,0.0,0.0,0.0,1000.0,0,0,-0.16199999999999998,-0.16199999999999998,-0.302
23162,0.0,0.0,0.0,1000.0,0,0,-0.482,-0.14199999999999996,-0.302
23163,0.0,0.0,0.0,1000.0,0,0,-0.46199999999999997,-0.14199999999999996,-0.302
23164,0.0,0.0,0.0,1000.0,0,0,-0.442,-0.14199999999999996,-0.302
23165,0.0,0.0,0.0,1000.0,0,0,-0.422,-0.14199999999999996,-0.302
23166,0.0,0.0,0.0,1000.0,0,0,-0.40199999999999997,-0.14199999999999996,-0.302
23167,0.0,0.0,0.0,1000.0,0,0,-0.382,-0.14199999999999996,-0.302
23168,0.0,0.0,0.0,1000.0,0,0,-0.362,-0.14199999999999996,-0.302
23169,0.0,0.0,0.0,1000.0,0,0,-0.34199999999999997,-0.14199999999999996,-0.302
23170,0.0,0.0,0.0,1000.0,0,0,-0.32199999999999995,-0.14199999999999996,-0.302
23171,0.0,0.0,0.0,1000.0,0,0,-0.302,-0.14199999999999996,-0.302
23172,0.0,0.0,0.0,1000.0,0,0,-0.282,-0.14199999999999996,-0.302
23173,0.0,0.0,0.0,1000.0,0,0,-0.262,-0.14199999999999996,-0.302
23174,0.0,0.0,0.0,1000.0,0,0,-0.242,-0.14199999999999996,-0.302
23175,0.0,0.0,0.0,1000.0,0,0,-0.22199999999999998,-0.14199999999999996,-0.302
23176,0.0,0.0,0.0,1000.0,0,0,-0.20199999999999996,-0.14199999999999996,-0.302
23177,0.0,0.0,0.0,1000.0,0,0,-0.182,-0.14199999999999996,-0.302
23178,0.0,0.0,0.0,1000.0,0,0,-0.16199999999999998,-0.14199999999999996,-0.302
23179,0.0,0.0,0.0,1000.0,0,0,-0.482,-0.122,-0.302
23180,0.0,0.0,0.0,1000.0,0,0,-0.46199999999999997,-0.122,-0.302
23181,0.0,0.0,0.0,1000.0,0,0,-0.442,-0.122,-0.302
23182,0.0,0.0,0.0,1000.0,0,0,-0.422,-0.122,-0.302
23183,0.0,0.0,0.0,1000.0,0,0,-0.40199999999999997,-0.122,-0.302
23184,0.0,0.0,0.0,1000.0,0,0,-0.382,-0.122,-0.302
23185,0.0,0.0,0.0,1000.0,0,0,-0.362,-0.122,-0.302
23186,0.0,0.0,0.0,1000.0,0,0,-0.34199999999999997,-0.122,-0.302
23187,0.0,0.0,0.0,1000.0,0,0,-0.32199999999999995,-0.122,-0.302
23188,0.0,0.0,0.0,1000.0,0,0,-0.302,-0.122,-0.302
23189,0.0,0.0,0.0,1000.0,0,0,-0.282,-0.122,-0.302
23190,0.0,0.0,0.0,1000.0,0,0,-0.262,-0.122,-0.302
23191,0.0,0.0,0.0,1000.0,0,0,-0.242,-0.122,-0.302
23192,0.0,0.0,0.0,1000.0,0,0,-0.22199999999999998,-0.122,-0.302
23193,0.0,0.0,0.0,1000.0,0,0,-0.20199999999999996,-0.122,-0.302
23194,0.0,0.0,0.0,1000.0,0,0,-0.182,-0.122,-0.302
23195,0.0,0.0,0.0,1000.0,0,0,-0.16199999999999998,-0.122,-0.302
23196,0.0,0.0,0.0,1000.0,0,0,-0.482,-0.10199999999999998,-0.302
23197,0.0,0.0,0.0,1000.0,0,0,-0.46199999999999997,-0.10199999999999998,-0.302
23198,0.0,0.0,0.0,1000.0,0,0,-0.442,-0.10199999999999998,-0.302
23199,0.0,0.0,0.0,1000.0,0,0,-0.422,-0.10199999999999998,-0.302
23200,0.0,0.0,0.0,1000.0,0,0,-0.40199999999999997,-0.10199999999999998,-0.302
23201,0.0,0.0,0.0,1000.0,0,0,-0.382,-0.10199999999999998,-0.302
23202,0.0,0.0,0.0,1000.0,0,0,-0.362,-0.10199999999999998,-0.302
23203,0.0,0.0,0.0,1000.0,0,0,-0.34199999999999997,-0.10199999999999998,-0.302
23204,0.0,0.0,0.0,1000.0,0,0,-0.32199999999999995,-0.10199999999999998,-0.302
23205,0.0,0.0,0.0,1000.0,0,0,-0.302,-0.10199999999999998,-0.302
23206,0.0,0.0,0.0,1000.0,0,0,-0.282,-0.10199999999999998,-0.302
23207,0.0,0.0,0.0,1000.0,0,0,-0.262,-0.10199999999999998,-0.302
23208,0.0,0.0,0.0,1000.0,0,0,-0.242,-0.10199999999999998,-0.302
23209,0.0,0.0,0.0,1000.0,0,0,-0.22199999999999998,-0.10199999999999998,-0.302
23210,0.0,0.0,0.0,1000.0,0,0,-0.20199999999999996,-0.10199999999999998,-0.302
23211,0.0,0.0,0.0,1000.0,0,0,-0.182,-0.10199999999999998,-0.302
23212,0.0,0.0,0.0,1000.0,0,0,-0.16199999999999998,-0.10199999999999998,-0.302
23213,0.0,0.0,0.0,1000.0,0,0,-0.482,-0.08199999999999996,-0.302
23214,0.0,0.0,0.0,1000.0,0,0,-0.46199999999999997,-0.08199999999999996,-0.302
23215,0.0,0.0,0.0,1000.0,0,0,-0.442,-0.08199999999999996,-0.302
23216,0.0,0.0,0.0,1000.0,0,0,-0.422,-0.08199999999999996,-0.302
23217,0.0,0.0,0.0,1000.0,0,0,-0.40199999999999997,-0.08199999999999996,-0.302
23218,0.0,0.0,0.0,1000.0,0,0,-0.382,-0.08199999999999996,-0.302
23219,0.0,0.0,0.0,1000.0,0,0,-0.362,-0.08199999999999996,-0.302
23220,0.0,0.0,0.0,1000.0,0,0,-0.34199999999999997,-0.08199999999999996,-0.302
23221,0.0,0.0,0.0,1000.0,0,0,-0.32199999999999995,-0.08199999999999996,-0.302
23222,0.0,0.0,0.0,1000.0,0,0,-0.302,-0.08199999999999996,-0.302
23223,0.0,0.0,0.0,1000.0,0,0,-0.282,-0.08199999999999996,-0.302
23224,0.0,0.0,0.0,1000.0,0,0,-0.262,-0.08199999999999996,-0.302
23225,0.0,0.0,0.0,1000.0,0,0,-0.242,-0.08199999999999996,-0.302
23226,0.0,0.0,0.0,1000.0,0,0,-0.22199999999999998,-0.08199999999999996,-0.302
23227,0.0,0.0,0.0,1000.0,0,0,-0.20199999999999996,-0.08199999999999996,-0.302
23228,0.0,0.0,0.0,1000.0,0,0,-0.182,-0.08199999999999996,-0.302
23229,0.0,0.0,0.0,1000.0,0,0,-0.16199999999999998,-0.08199999999999996,-0.302
23230,0.0,0.0,0.0,1000.0,0,0,-0.482,-0.062,-0.302
23231,0.0,0.0,0.0,1000.0,0,0,-0.46199999999999997,-0.062,-0.302
23232,0.0,0.0,0.0,1000.0,0,0,-0.442,-0.062,-0.302
23233,0.0,0.0,0.0,1000.0,0,0,-0.422,-0.062,-0.302
23234,0.0,0.0,0.0,1000.0,0,0,-0.40199999999999997,-0.062,-0.302
23235,0.0,0.0,0.0,1000.0,0,0,-0.382,-0.062,-0.302
23236,0.0,0.0,0.0,1000.0,0,0,-0.362,-0.062,-0.302
23237,0.0,0.0,0.0,1000.0,0,0,-0.34199999999999997,-0.062,-0.302
23238,0.0,0.0,0.0,1000.0,0,0,-0.32199999999999995,-0.062,-0.302
23239,0.0,0.0,0.0,1000.0,0,0,-0.302,-0.062,-0.302
23240,0.0,0.0,0.0,1000.0,0,0,-0.282,-0.062,-0.302
23241,0.0,0.0,0.0,1000.0,0,0,-0.262,-0.062,-0.302
23242,0.0,0.0,0.0,1000.0,0,0,-0.242,-0.062,-0.302
23243,0.0,0.0,0.0,1000.0,0,0,-0.22199999999999998,-0.062,-0.302
23244,0.0,0.0,0.0,1000.0,0,0,-0.20199999999999996,-0.062,-0.302
23245,0.0,0.0,0.0,1000.0,0,0,-0.182,-0.062,-0.302
23246,0.0,0.0,0.0,1000.0,0,0,-0.16199999999999998,-0.062,-0.302
23247,0.0,0.0,0.0,1000.0,0,0,-0.482,-0.04199999999999998,-0.302
23248,0.0,0.0,0.0,1000.0,0,0,-0.46199999999999997,-0.04199999999999998,-0.302
23249,0.0,0.0,0.0,1000.0,0,0,-0.442,-0.04199999999999998,-0.302
23250,0.0,0.0,0.0,1000.0,0,0,-0.422,-0.04199999999999998,-0.302
23251,0.0,0.0,0.0,1000.0,0,0,-0.40199999999999997,-0.04199999999999998,-0.302
23252,0.0,0.0,0.0,1000.0,0,0,-0.382,-0.04199999999999998,-0.302
23253,0.0,0.0,0.0,1000.0,0,0,-0.362,-0.04199999999999998,-0.302
23254,0.0,0.0,0.0,1000.0,0,0,-0.34199999999999997,-0.04199999999999998,-0.302
23255,0.0,0.0,0.0,1000.0,0,0,-0.32199999999999995,-0.04199999999999998,-0.302
23256,0.0,0.0,0.0,1000.0,0,0,-0.302,-0.04199999999999998,-0.302
23257,0.0,0.0,0.0,1000.0,0,0,-0.282,-0.04199999999999998,-0.302
23258,0.0,0.0,0.0,1000.0,0,0,-0.262,-0.04199999999999998,-0.302
23259,0.0,0.0,0.0,1000.0,0,0,-0.242,-0.04199999999999998,-0.302
23260,0.0,0.0,0.0,1000.0,0,0,-0.22199999999999998,-0.04199999999999998,-0.302
23261,0.0,0.0,0.0,1000.0,0,0,-0.20199999999999996,-0.04199999999999998,-0.302
23262,0.0,0.0,0.0,1000.0,0,0,-0.182,-0.04199999999999998,-0.302
23263,0.0,0.0,0.0,1000.0,0,0,-0.16199999999999998,-0.04199999999999998,-0.302
23264,0.0,0.0,0.0,1000.0,0,0,-0.482,-0.021999999999999964,-0.302
23265,0.0,0.0,0.0,1000.0,0,0,-0.46199999999999997,-0.021999999999999964,-0.302
23266,0.0,0.0,0.0,1000.0,0,0,-0.442,-0.021999999999999964,-0.302
23267,0.0,0.0,0.0,1000.0,0,0,-0.422,-0.021999999999999964,-0.302
23268,0.0,0.0,0.0,1000.0,0,0,-0.40199999999999997,-0.021999999999999964,-0.302
23269,0.0,0.0,0.0,1000.0,0,0,-0.382,-0.021999999999999964,-0.302
23270,0.0,0.0,0.0,1000.0,0,0,-0.362,-0.021999999999999964,-0.302
23271,0.0,0.0,0.0,1000.0,0,0,-0.34199999999999997,-0.021999999999999964,-0.302
23272,0.0,0.0,0.0,1000.0,0,0,-0.32199999999999995,-0.021999999999999964,-0.302
23273,0.0,0.0,0.0,1000.0,0,0,-0.302,-0.021999999999999964,-0.302
23274,0.0,0.0,0.0,1000.0,0,0,-0.282,-0.021999999999999964,-0.302
23275,0.0,0.0,0.0,1000.0,0,0,-0.262,-0.021999999999999964,-0.302
23276,0.0,0.0,0.0,1000.0,0,0,-0.242,-0.021999999999999964,-0.302
23277,0.0,0.0,0.0,1000.0,0,0,-0.22199999999999998,-0.021999999999999964,-0.302
23278,0.0,0.0,0.0,1000.0,0,0,-0.20199999999999996,-0.021999999999999964,-0.302
23279,0.0,0.0,0.0,1000.0,0,0,-0.182,-0.021999999999999964,-0.302
23280,0.0,0.0,0.0,1000.0,0,0,-0.16199999999999998,-0.021999999999999964,-0.302
23281,0.0,0.0,0.0,1000.0,0,0,-0.482,-0.0020000000000000018,-0.302
23282,0.0,0.0,0.0,1000.0,0,0,-0.46199999999999997,-0.0020000000000000018,-0.302
23283,0.0,0.0,0.0,1000.0,0,0,-0.442,-0.0020000000000000018,-0.302
23284,0.0,0.0,0.0,1000.0,0,0,-0.422,-0.0020000000000000018,-0.302
23285,0.0,0.0,0.0,1000.0,0,0,-0.40199999999999997,-0.0020000000000000018,-0.302
23286,0.0,0.0,0.0,1000.0,0,0,-0.382,-0.0020000000000000018,-0.302
23287,0.0,0.0,0.0,1000.0,0,0,-0.362,-0.0020000000000000018,-0.302
23288,0.0,0.0,0.0,1000.0,0,0,-0.34199999999999997,-0.0020000000000000018,-0.302
23289,0.0,0.0,0.0,1000.0,0,0,-0.32199999999999995,-0.0020000000000000018,-0.302
23290,0.0,0.0,0.0,1000.0,0,0,-0.302,-0.0020000000000000018,-0.302
23291,0.0,0.0,0.0,1000.0,0,0,-0.282,-0.0020000000000000018,-0.302
23292,0.0,0.0,0.0,1000.0,0,0,-0.262,-0.0020000000000000018,-0.302
23293,0.0,0.0,0.0,1000.0,0,0,-0.242,-0.0020000000000000018,-0.302
23294,0.0,0.0,0.0,1000.0,0,0,-0.22199999999999998,-0.0020000000000000018,-0.302
23295,0.0,0.0,0.0,1000.0,0,0,-0.20199999999999996,-0.0020000000000000018,-0.302
23296,0.0,0.0,0.0,1000.0,0,0,-0.182,-0.0020000000000000018,-0.302
23297,0.0,0.0,0.0,1000.0,0,0,-0.16199999999999998,-0.0020000000000000018,-0.302
23298,0.0,0.0,0.0,1000.0,0,0,-0.482,0.018000000000000016,-0.302
23299,0.0,0.0,0.0,1000.0,0,0,-0.46199999999999997,0.018000000000000016,-0.302
23300,0.0,0.0,0.0,1000.0,0,0,-0.442,0.018000000000000016,-0.302
23301,0.0,0.0,0.0,1000.0,0,0,-0.422,0.018000000000000016,-0.302
23302,0.0,0.0,0.0,1000.0,0,0,-0.40199999999999997,0.018000000000000016,-0.302
23303,0.0,0.0,0.0,1000.0,0,0,-0.382,0.018000000000000016,-0.302
23304,0.0,0.0,0.0,1000.0,0,0,-0.362,0.018000000000000016,-0.302
23305,0.0,0.0,0.0,1000.0,0,0,-0.34199999999999997,0.018000000000000016,-0.302
23306,0.0,0.0,0.0,1000.0,0,0,-0.32199999999999995,0.018000000000000016,-0.302
23307,0.0,0.0,0.0,1000.0,0,0,-0.302,0.018000000000000016,-0.302
23308,0.0,0.0,0.0,1000.0,0,0,-0.282,0.018000000000000016,-0.302
23309,0.0,0.0,0.0,1000.0,0,0,-0.262,0.018000000000000016,-0.302
23310,0.0,0.0,0.0,1000.0,0,0,-0.242,0.018000000000000016,-0.302
23311,0.0,0.0,0.0,1000.0,0,0,-0.22199999999999998,0.018000000000000016,-0.302
23312,0.0,0.0,0.0,1000.0,0,0,-0.20199999999999996,0.018000000000000016,-0.302
23313,0.0,0.0,0.0,1000.0,0,0,-0.182,0.018000000000000016,-0.302
23314,0.0,0.0,0.0,1000.0,0,0,-0.16199999999999998,0.018000000000000016,-0.302
23315,0.0,0.0,0.0,1000.0,0,0,-0.482,0.038000000000000034,-0.302
23316,0.0,0.0,0.0,1000.0,0,0,-0.46199999999999997,0.038000000000000034,-0.302
23317,0.0,0.0,0.0,1000.0,0,0,-0.442,0.038000000000000034,-0.302
23318,0.0,0.0,0.0,1000.0,0,0,-0.422,0.038000000000000034,-0.302
23319,0.0,0.0,0.0,1000.0,0,0,-0.40199999999999997,0.038000000000000034,-0.302
23320,0.0,0.0,0.0,1000.0,0,0,-0.382,0.038000000000000034,-0.302
23321,0.0,0.0,0.0,1000.0,0,0,-0.362,0.038000000000000034,-0.302
23322,0.0,0.0,0.0,1000.0,0,0,-0.34199999999999997,0.038000000000000034,-0.302
23323,0.0,0.0,0.0,1000.0,0,0,-0.32199999999999995,0.038000000000000034,-0.302
23324,0.0,0.0,0.0,1000.0,0,0,-0.302,0.038000000000000034,-0.302
23325,0.0,0.0,0.0,1000.0,0,0,-0.282,0.038000000000000034,-0.302
23326,0.0,0.0,0.0,1000.0,0,0,-0.262,0.038000000000000034,-0.302
23327,0.0,0.0,0.0,1000.0,0,0,-0.242,0.038000000000000034,-0.302
23328,0.0,0.0,0.0,1000.0,0,0,-0.22199999999999998,0.038000000000000034,-0.302
23329,0.0,0.0,0.0,1000.0,0,0,-0.20199999999999996,0.038000000000000034,-0.302
23330,0.0,0.0,0.0,1000.0,0,0,-0.182,0.038000000000000034,-0.302
23331,0.0,0.0,0.0,1000.0,0,0,-0.16199999999999998,0.038000000000000034,-0.302
23332,0.0,0.0,0.0,1000.0,0,0,-0.482,0.05800000000000005,-0.302
23333,0.0,0.0,0.0,1000.0,0,0,-0.46199999999999997,0.05800000000000005,-0.302
23334,0.0,0.0,0.0,1000.0,0,0,-0.442,0.05800000000000005,-0.302
23335,0.0,0.0,0.0,1000.0,0,0,-0.422,0.05800000000000005,-0.302
23336,0.0,0.0,0.0,1000.0,0,0,-0.40199999999999997,0.05800000000000005,-0.302
23337,0.0,0.0,0.0,1000.0,0,0,-0.382,0.05800000000000005,-0.302
23338,0.0,0.0,0.0,1000.0,0,0,-0.362,0.05800000000000005,-0.302
23339,0.0,0.0,0.0,1000.0,0,0,-0.34199999999999997,0.05800000000000005,-0.302
23340,0.0,0.0,0.0,1000.0,0,0,-0.32199999999999995,0.05800000000000005,-0.302
23341,0.0,0.0,0.0,1000.0,0,0,-0.302,0.05800000000000005,-0.302
23342,0.0,0.0,0.0,1000.0,0,0,-0.282,0.05800000000000005,-0.302
23343,0.0,0.0,0.0,1000.0,0,0,-0.262,0.05800000000000005,-0.302
23344,0.0,0.0,0.0,1000.0,0,0,-0.242,0.05800000000000005,-0.302
23345,0.0,0.0,0.0,1000.0,0,0,-0.22199999999999998,0.05800000000000005,-0.302
23346,0.0,0.0,0.0,1000.0,0,0,-0.20199999999999996,0.05800000000000005,-0.302
23347,0.0,0.0,0.0,1000.0,0,0,-0.182,0.05800000000000005,-0.302
23348,0.0,0.0,0.0,1000.0,0,0,-0.16199999999999998,0.05800000000000005,-0.302
23349,0.0,0.0,0.0,1000.0,0,0,-0.482,0.07800000000000007,-0.302
23350,0.0,0.0,0.0,1000.0,0,0,-0.46199999999999997,0.07800000000000007,-0.302
23351,0.0,0.0,0.0,1000.0,0,0,-0.442,0.07800000000000007,-0.302
23352,0.0,0.0,0.0,1000.0,0,0,-0.422,0.07800000000000007,-0.302
23353,0.0,0.0,0.0,1000.0,0,0,-0.40199999999999997,0.07800000000000007,-0.302
23354,0.0,0.0,0.0,1000.0,0,0,-0.382,0.07800000000000007,-0.302
23355,0.0,0.0,0.0,1000.0,0,0,-0.362,0.07800000000000007,-0.302
23356,0.0,0.0,0.0,1000.0,0,0,-0.34199999999999997,0.07800000000000007,-0.302
23357,0.0,0.0,0.0,1000.0,0,0,-0.32199999999999995,0.07800000000000007,-0.302
23358,0.0,0.0,0.0,1000.0,0,0,-0.302,0.07800000000000007,-0.302
23359,0.0,0.0,0.0,1000.0,0,0,-0.282,0.07800000000000007,-0.302
23360,0.0,0.0,0.0,1000.0,0,0,-0.262,0.07800000000000007,-0.302
23361,0.0,0.0,0.0,1000.0,0,0,-0.242,0.07800000000000007,-0.302
23362,0.0,0.0,0.0,1000.0,0,0,-0.22199999999999998,0.07800000000000007,-0.302
23363,0.0,0.0,0.0,1000.0,0,0,-0.20199999999999996,0.07800000000000007,-0.302
23364,0.0,0.0,0.0,1000.0,0,0,-0.182,0.07800000000000007,-0.302
23365,0.0,0.0,0.0,1000.0,0,0,-0.16199999999999998,0.07800000000000007,-0.302
23366,0.0,0.0,0.0,1000.0,0,0,-0.482,0.09799999999999998,-0.302
23367,0.0,0.0,0.0,1000.0,0,0,-0.46199999999999997,0.09799999999999998,-0.302
23368,0.0,0.0,0.0,1000.0,0,0,-0.442,0.09799999999999998,-0.302
23369,0.0,0.0,0.0,1000.0,0,0,-0.422,0.09799999999999998,-0.302
23370,0.0,0.0,0.0,1000.0,0,0,-0.40199999999999997,0.09799999999999998,-0.302
23371,0.0,0.0,0.0,1000.0,0,0,-0.382,0.09799999999999998,-0.302
23372,0.0,0.0,0.0,1000.0,0,0,-0.362,0.09799999999999998,-0.302
23373,0.0,0.0,0.0,1000.0,0,0,-0.34199999999999997,0.09799999999999998,-0.302
23374,0.0,0.0,0.0,1000.0,0,0,-0.32199999999999995,0.09799999999999998,-0.302
23375,0.0,0.0,0.0,1000.0,0,0,-0.302,0.09799999999999998,-0.302
23376,0.0,0.0,0.0,1000.0,0,0,-0.282,0.09799999999999998,-0.302
23377,0.0,0.0,0.0,1000.0,0,0,-0.262,0.09799999999999998,-0.302
23378,0.0,0.0,0.0,1000.0,0,0,-0.242,0.09799999999999998,-0.302
23379,0.0,0.0,0.0,1000.0,0,0,-0.22199999999999998,0.09799999999999998,-0.302
23380,0.0,0.0,0.0,1000.0,0,0,-0.20199999999999996,0.09799999999999998,-0.302
23381,0.0,0.0,0.0,1000.0,0,0,-0.182,0.09799999999999998,-0.302
23382,0.0,0.0,0.0,1000.0,0,0,-0.16199999999999998,0.09799999999999998,-0.302
23383,0.0,0.0,0.0,1000.0,0,0,-0.482,0.118,-0.302
23384,0.0,0.0,0.0,1000.0,0,0,-0.46199999999999997,0.118,-0.302
23385,0.0,0.0,0.0,1000.0,0,0,-0.442,0.118,-0.302
23386,0.0,0.0,0.0,1000.0,0,0,-0.422,0.118,-0.302
23387,0.0,0.0,0.0,1000.0,0,0,-0.40199999999999997,0.118,-0.302
23388,0.0,0.0,0.0,1000.0,0,0,-0.382,0.118,-0.302
23389,0.0,0.0,0.0,1000.0,0,0,-0.362,0.118,-0.302
23390,0.0,0.0,0.0,1000.0,0,0,-0.34199999999999997,0.118,-0.302
23391,0.0,0.0,0.0,1000.0,0,0,-0.32199999999999995,0.118,-0.302
23392,0.0,0.0,0.0,1000.0,0,0,-0.302,0.118,-0.302
23393,0.0,0.0,0.0,1000.0,0,0,-0.282,0.118,-0.302
23394,0.0,0.0,0.0,1000.0,0,0,-0.262,0.118,-0.302
23395,0.0,0.0,0.0,1000.0,0,0,-0.242,0.118,-0.302
23396,0.0,0.0,0.0,1000.0,0,0,-0.22199999999999998,0.118,-0.302
23397,0.0,0.0,0.0,1000.0,0,0,-0.20199999999999996,0.118,-0.302
23398,0.0,0.0,0.0,1000.0,0,0,-0.182,0.118,-0.302
23399,0.0,0.0,0.0,1000.0,0,0,-0.16199999999999998,0.118,-0.302
23400,0.0,0.0,0.0,1000.0,0,0,-0.482,0.138,-0.302
23401,0.0,0.0,0.0,1000.0,0,0,-0.46199999999999997,0.138,-0.302
23402,0.0,0.0,0.0,1000.0,0,0,-0.442,0.138,-0.302
23403,0.0,0.0,0.0,1000.0,0,0,-0.422,0.138,-0.302
23404,0.0,0.0,0.0,1000.0,0,0,-0.40199999999999997,0.138,-0.302
23405,0.0,0.0,0.0,1000.0,0,0,-0.382,0.138,-0.302
23406,0.0,0.0,0.0,1000.0,0,0,-0.362,0.138,-0.302
23407,0.0,0.0,0.0,1000.0,0,0,-0.34199999999999997,0.138,-0.302
23408,0.0,0.0,0.0,1000.0,0,0,-0.32199999999999995,0.138,-0.302
23409,0.0,0.0,0.0,1000.0,0,0,-0.302,0.138,-0.302
23410,0.0,0.0,0.0,1000.0,0,0,-0.282,0.138,-0.302
23411,0.0,0.0,0.0,1000.0,0,0,-0.262,0.138,-0.302
23412,0.0,0.0,0.0,1000.0,0,0,-0.242,0.138,-0.302
23413,0.0,0.0,0.0,1000.0,0,0,-0.22199999999999998,0.138,-0.302
23414,0.0,0.0,0.0,1000.0,0,0,-0.20199999999999996,0.138,-0.302
23415,0.0,0.0,0.0,1000.0,0,0,-0.182,0.138,-0.302
23416,0.0,0.0,0.0,1000.0,0,0,-0.16199999999999998,0.138,-0.302
23417,0.0,0.0,0.0,1000.0,0,0,-0.482,0.15800000000000003,-0.302
23418,0.0,0.0,0.0,1000.0,0,0,-0.46199999999999997,0.15800000000000003,-0.302
23419,0.0,0.0,0.0,1000.0,0,0,-0.442,0.15800000000000003,-0.302
23420,0.0,0.0,0.0,1000.0,0,0,-0.422,0.15800000000000003,-0.302
23421,0.0,0.0,0.0,1000.0,0,0,-0.40199999999999997,0.15800000000000003,-0.302
23422,0.0,0.0,0.0,1000.0,0,0,-0.382,0.15800000000000003,-0.302
23423,0.0,0.0,0.0,1000.0,0,0,-0.362,0.15800000000000003,-0.302
23424,0.0,0.0,0.0,1000.0,0,0,-0.34199999999999997,0.15800000000000003,-0.302
23425,0.0,0.0,0.0,1000.0,0,0,-0.32199999999999995,0.15800000000000003,-0.302
23426,0.0,0.0,0.0,1000.0,0,0,-0.302,0.15800000000000003,-0.302
23427,0.0,0.0,0.0,1000.0,0,0,-0.282,0.15800000000000003,-0.302
23428,0.0,0.0,0.0,1000.0,0,0,-0.262,0.15800000000000003,-0.302
23429,0.0,0.0,0.0,1000.0,0,0,-0.242,0.15800000000000003,-0.302
23430,0.0,0.0,0.0,1000.0,0,0,-0.22199999999999998,0.15800000000000003,-0.302
23431,0.0,0.0,0.0,1000.0,0,0,-0.20199999999999996,0.15800000000000003,-0.302
23432,0.0,0.0,0.0,1000.0,0,0,-0.182,0.15800000000000003,-0.302
23433,0.0,0.0,0.0,1000.0,0,0,-0.16199999999999998,0.15800000000000003,-0.302
23434,0.0,0.0,0.0,1000.0,0,0,-0.482,0.17800000000000005,-0.302
23435,0.0,0.0,0.0,1000.0,0,0,-0.46199999999999997,0.17800000000000005,-0.302
23436,0.0,0.0,0.0,1000.0,0,0,-0.442,0.17800000000000005,-0.302
23437,0.0,0.0,0.0,1000.0,0,0,-0.422,0.17800000000000005,-0.302
23438,0.0,0.0,0.0,1000.0,0,0,-0.40199999999999997,0.17800000000000005,-0.302
23439,0.0,0.0,0.0,1000.0,0,0,-0.382,0.17800000000000005,-0.302
23440,0.0,0.0,0.0,1000.0,0,0,-0.362,0.17800000000000005,-0.302
23441,0.0,0.0,0.0,1000.0,0,0,-0.34199999999999997,0.17800000000000005,-0.302
23442,0.0,0.0,0.0,1000.0,0,0,-0.32199999999999995,0.17800000000000005,-0.302
23443,0.0,0.0,0.0,1000.0,0,0,-0.302,0.17800000000000005,-0.302
23444,0.0,0.0,0.0,1000.0,0,0,-0.282,0.17800000000000005,-0.302
23445,0.0,0.0,0.0,1000.0,0,0,-0.262,0.17800000000000005,-0.302
23446,0.0,0.0,0.0,1000.0,0,0,-0.242,0.17800000000000005,-0.302
23447,0.0,0.0,0.0,1000.0,0,0,-0.22199999999999998,0.17800000000000005,-0.302
23448,0.0,0.0,0.0,1000.0,0,0,-0.20199999999999996,0.17800000000000005,-0.302
23449,0.0,0.0,0.0,1000.0,0,0,-0.182,0.17800000000000005,-0.302
23450,0.0,0.0,0.0,1000.0,0,0,-0.16199999999999998,0.17800000000000005,-0.302
23451,0.0,0.0,0.0,1000.0,0,0,-0.482,0.19800000000000006,-0.302
23452,0.0,0.0,0.0,1000.0,0,0,-0.46199999999999997,0.19800000000000006,-0.302
23453,0.0,0.0,0.0,1000.0,0,0,-0.442,0.19800000000000006,-0.302
23454,0.0,0.0,0.0,1000.0,0,0,-0.422,0.19800000000000006,-0.302
23455,0.0,0.0,0.0,1000.0,0,0,-0.40199999999999997,0.19800000000000006,-0.302
23456,0.0,0.0,0.0,1000.0,0,0,-0.382,0.19800000000000006,-0.302
23457,0.0,0.0,0.0,1000.0,0,0,-0.362,0.19800000000000006,-0.302
23458,0.0,0.0,0.0,1000.0,0,0,-0.34199999999999997,0.19800000000000006,-0.302
23459,0.0,0.0,0.0,1000.0,0,0,-0.32199999999999995,0.19800000000000006,-0.302
23460,0.0,0.0,0.0,1000.0,0,0,-0.302,0.19800000000000006,-0.302
23461,0.0,0.0,0.0,1000.0,0,0,-0.282,0.19800000000000006,-0.302
23462,0.0,0.0,0.0,1000.0,0,0,-0.262,0.19800000000000006,-0.302
23463,0.0,0.0,0.0,1000.0,0,0,-0.242,0.19800000000000006,-0.302
23464,0.0,0.0,0.0,1000.0,0,0,-0.22199999999999998,0.19800000000000006,-0.302
23465,0.0,0.0,0.0,1000.0,0,0,-0.20199999999999996,0.19800000000000006,-0.302
23466,0.0,0.0,0.0,1000.0,0,0,-0.182,0.19800000000000006,-0.302
23467,0.0,0.0,0.0,1000.0,0,0,-0.16199999999999998,0.19800000000000006,-0.302
23468,0.0,0.0,0.0,1000.0,0,0,-0.482,0.21800000000000008,-0.302
23469,0.0,0.0,0.0,1000.0,0,0,-0.46199999999999997,0.21800000000000008,-0.302
23470,0.0,0.0,0.0,1000.0,0,0,-0.442,0.21800000000000008,-0.302
23471,0.0,0.0,0.0,1000.0,0,0,-0.422,0.21800000000000008,-0.302
23472,0.0,0.0,0.0,1000.0,0,0,-0.40199999999999997,0.21800000000000008,-0.302
23473,0.0,0.0,0.0,1000.0,0,0,-0.382,0.21800000000000008,-0.302
23474,0.0,0.0,0.0,1000.0,0,0,-0.362,0.21800000000000008,-0.302
23475,0.0,0.0,0.0,1000.0,0,0,-0.34199999999999997,0.21800000000000008,-0.302
23476,0.0,0.0,0.0,1000.0,0,0,-0.32199999999999995,0.21800000000000008,-0.302
23477,0.0,0.0,0.0,1000.0,0,0,-0.302,0.21800000000000008,-0.302
23478,0.0,0.0,0.0,1000.0,0,0,-0.282,0.21800000000000008,-0.302
23479,0.0,0.0,0.0,1000.0,0,0,-0.262,0.21800000000000008,-0.302
23480,0.0,0.0,0.0,1000.0,0,0,-0.242,0.21800000000000008,-0.302
23481,0.0,0.0,0.0,1000.0,0,0,-0.22199999999999998,0.21800000000000008,-0.302
23482,0.0,0.0,0.0,1000.0,0,0,-0.20199999999999996,0.21800000000000008,-0.302
23483,0.0,0.0,0.0,1000.0,0,0,-0.182,0.21800000000000008,-0.302
23484,0.0,0.0,0.0,1000.0,0,0,-0.16199999999999998,0.21800000000000008,-0.302
23485,0.0,0.0,0.0,1000.0,0,0,-0.482,0.238,-0.302
23486,0.0,0.0,0.0,1000.0,0,0,-0.46199999999999997,0.238,-0.302
23487,0.0,0.0,0.0,1000.0,0,0,-0.442,0.238,-0.302
23488,0.0,0.0,0.0,1000.0,0,0,-0.422,0.238,-0.302
23489,0.0,0.0,0.0,1000.0,0,0,-0.40199999999999997,0.238,-0.302
23490,0.0,0.0,0.0,1000.0,0,0,-0.382,0.238,-0.302
23491,0.0,0.0,0.0,1000.0,0,0,-0.362,0.238,-0.302
23492,0.0,0.0,0.0,1000.0,0,0,-0.34199999999999997,0.238,-0.302
23493,0.0,0.0,0.0,1000.0,0,0,-0.32199999999999995,0.238,-0.302
23494,0.0,0.0,0.0,1000.0,0,0,-0.302,0.238,-0.302
23495,0.0,0.0,0.0,1000.0,0,0,-0.282,0.238,-0.302
23496,0.0,0.0,0.0,1000.0,0,0,-0.262,0.238,-0.302
23497,0.0,0.0,0.0,1000.0,0,0,-0.242,0.238,-0.302
23498,0.0,0.0,0.0,1000.0,0,0,-0.22199999999999998,0.238,-0.302
23499,0.0,0.0,0.0,1000.0,0,0,-0.20199999999999996,0.238,-0.302
23500,0.0,0.0,0.0,1000.0,0,0,-0.182,0.238,-0.302
23501,0.0,0.0,0.0,1000.0,0,0,-0.16199999999999998,0.238,-0.302
23502,0.0,0.0,0.0,1000.0,0,0,-0.482,0.258,-0.302
23503,0.0,0.0,0.0,1000.0,0,0,-0.46199999999999997,0.258,-0.302
23504,0.0,0.0,0.0,1000.0,0,0,-0.442,0.258,-0.302
23505,0.0,0.0,0.0,1000.0,0,0,-0.422,0.258,-0.302
23506,0.0,0.0,0.0,1000.0,0,0,-0.40199999999999997,0.258,-0.302
23507,0.0,0.0,0.0,1000.0,0,0,-0.382,0.258,-0.302
23508,0.0,0.0,0.0,1000.0,0,0,-0.362,0.258,-0.302
23509,0.0,0.0,0.0,1000.0,0,0,-0.34199999999999997,0.258,-0.302
23510,0.0,0.0,0.0,1000.0,0,0,-0.32199999999999995,0.258,-0.302
23511,0.0,0.0,0.0,1000.0,0,0,-0.302,0.258,-0.302
23512,0.0,0.0,0.0,1000.0,0,0,-0.282,0.258,-0.302
23513,0.0,0.0,0.0,1000.0,0,0,-0.262,0.258,-0.302
23514,0.0,0.0,0.0,1000.0,0,0,-0.242,0.258,-0.302
23515,0.0,0.0,0.0,1000.0,0,0,-0.22199999999999998,0.258,-0.302
23516,0.0,0.0,0.0,1000.0,0,0,-0.20199999999999996,0.258,-0.302
23517,0.0,0.0,0.0,1000.0,0,0,-0.182,0.258,-0.302
23518,0.0,0.0,0.0,1000.0,0,0,-0.16199999999999998,0.258,-0.302
23519,0.0,0.0,0.0,1000.0,0,0,-0.482,0.278,-0.302
23520,0.0,0.0,0.0,1000.0,0,0,-0.46199999999999997,0.278,-0.302
23521,0.0,0.0,0.0,1000.0,0,0,-0.442,0.278,-0.302
23522,0.0,0.0,0.0,1000.0,0,0,-0.422,0.278,-0.302
23523,0.0,0.0,0.0,1000.0,0,0,-0.40199999999999997,0.278,-0.302
23524,0.0,0.0,0.0,1000.0,0,0,-0.382,0.278,-0.302
23525,0.0,0.0,0.0,1000.0,0,0,-0.362,0.278,-0.302
23526,0.0,0.0,0.0,1000.0,0,0,-0.34199999999999997,0.278,-0.302
23527,0.0,0.0,0.0,1000.0,0,0,-0.32199999999999995,0.278,-0.302
23528,0.0,0.0,0.0,1000.0,0,0,-0.302,0.278,-0.302
23529,0.0,0.0,0.0,1000.0,0,0,-0.282,0.278,-0.302
23530,0.0,0.0,0.0,1000.0,0,0,-0.262,0.278,-0.302
23531,0.0,0.0,0.0,1000.0,0,0,-0.242,0.278,-0.302
23532,0.0,0.0,0.0,1000.0,0,0,-0.22199999999999998,0.278,-0.302
23533,0.0,0.0,0.0,1000.0,0,0,-0.20199999999999996,0.278,-0.302
23534,0.0,0.0,0.0,1000.0,0,0,-0.182,0.278,-0.302
23535,0.0,0.0,0.0,1000.0,0,0,-0.16199999999999998,0.278,-0.302
23536,0.0,0.0,0.0,1000.0,0,0,-0.482,0.29800000000000004,-0.302
23537,0.0,0.0,0.0,1000.0,0,0,-0.46199999999999997,0.29800000000000004,-0.302
23538,0.0,0.0,0.0,1000.0,0,0,-0.442,0.29800000000000004,-0.302
23539,0.0,0.0,0.0,1000.0,0,0,-0.422,0.29800000000000004,-0.302
23540,0.0,0.0,0.0,1000.0,0,0,-0.40199999999999997,0.29800000000000004,-0.302
23541,0.0,0.0,0.0,1000.0,0,0,-0.382,0.29800000000000004,-0.302
23542,0.0,0.0,0.0,1000.0,0,0,-0.362,0.29800000000000004,-0.302
23543,0.0,0.0,0.0,1000.0,0,0,-0.34199999999999997,0.29800000000000004,-0.302
23544,0.0,0.0,0.0,1000.0,0,0,-0.32199999999999995,0.29800000000000004,-0.302
23545,0.0,0.0,0.0,1000.0,0,0,-0.302,0.29800000000000004,-0.302
23546,0.0,0.0,0.0,1000.0,0,0,-0.282,0.29800000000000004,-0.302
23547,0.0,0.0,0.0,1000.0,0,0,-0.262,0.29800000000000004,-0.302
23548,0.0,0.0,0.0,1000.0,0,0,-0.242,0.29800000000000004,-0.302
23549,0.0,0.0,0.0,1000.0,0,0,-0.22199999999999998,0.29800000000000004,-0.302
23550,0.0,0.0,0.0,1000.0,0,0,-0.20199999999999996,0.29800000000000004,-0.302
23551,0.0,0.0,0.0,1000.0,0,0,-0.182,0.29800000000000004,-0.302
23552,0.0,0.0,0.0,1000.0,0,0,-0.16199999999999998,0.29800000000000004,-0.302
23553,0.0,0.0,0.0,1000.0,0,0,-0.482,0.31800000000000006,-0.302
23554,0.0,0.0,0.0,1000.0,0,0,-0.46199999999999997,0.31800000000000006,-0.302
23555,0.0,0.0,0.0,1000.0,0,0,-0.442,0.31800000000000006,-0.302
23556,0.0,0.0,0.0,1000.0,0,0,-0.422,0.31800000000000006,-0.302
23557,0.0,0.0,0.0,1000.0,0,0,-0.40199999999999997,0.31800000000000006,-0.302
23558,0.0,0.0,0.0,1000.0,0,0,-0.382,0.31800000000000006,-0.302
23559,0.0,0.0,0.0,1000.0,0,0,-0.362,0.31800000000000006,-0.302
23560,0.0,0.0,0.0,1000.0,0,0,-0.34199999999999997,0.31800000000000006,-0.302
23561,0.0,0.0,0.0,1000.0,0,0,-0.32199999999999995,0.31800000000000006,-0.302
23562,0.0,0.0,0.0,1000.0,0,0,-0.302,0.31800000000000006,-0.302
23563,0.0,0.0,0.0,1000.0,0,0,-0.282,0.31800000000000006,-0.302
23564,0.0,0.0,0.0,1000.0,0,0,-0.262,0.31800000000000006,-0.302
23565,0.0,0.0,0.0,1000.0,0,0,-0.242,0.31800000000000006,-0.302
23566,0.0,0.0,0.0,1000.0,0,0,-0.22199999999999998,0.31800000000000006,-0.302
23567,0.0,0.0,0.0,1000.0,0,0,-0.20199999999999996,0.31800000000000006,-0.302
23568,0.0,0.0,0.0,1000.0,0,0,-0.182,0.31800000000000006,-0.302
23569,0.0,0.0,0.0,1000.0,0,0,-0.16199999999999998,0.31800000000000006,-0.302
23570,0.0,0.0,0.0,1000.0,0,0,-0.482,0.3380000000000001,-0.302
23571,0.0,0.0,0.0,1000.0,0,0,-0.46199999999999997,0.3380000000000001,-0.302
23572,0.0,0.0,0.0,1000.0,0,0,-0.442,0.3380000000000001,-0.302
23573,0.0,0.0,0.0,1000.0,0,0,-0.422,0.3380000000000001,-0.302
23574,0.0,0.0,0.0,1000.0,0,0,-0.40199999999999997,0.3380000000000001,-0.302
23575,0.0,0.0,0.0,1000.0,0,0,-0.382,0.3380000000000001,-0.302
23576,0.0,0.0,0.0,1000.0,0,0,-0.362,0.3380000000000001,-0.302
23577,0.0,0.0,0.0,1000.0,0,0,-0.34199999999999997,0.3380000000000001,-0.302
23578,0.0,0.0,0.0,1000.0,0,0,-0.32199999999999995,0.3380000000000001,-0.302
23579,0.0,0.0,0.0,1000.0,0,0,-0.302,0.3380000000000001,-0.302
23580,0.0,0.0,0.0,1000.0,0,0,-0.282,0.3380000000000001,-0.302
23581,0.0,0.0,0.0,1000.0,0,0,-0.262,0.3380000000000001,-0.302
23582,0.0,0.0,0.0,1000.0,0,0,-0.242,0.3380000000000001,-0.302
23583,0.0,0.0,0.0,1000.0,0,0,-0.22199999999999998,0.3380000000000001,-0.302
23584,0.0,0.0,0.0,1000.0,0,0,-0.20199999999999996,0.3380000000000001,-0.302
23585,0.0,0.0,0.0,1000.0,0,0,-0.182,0.3380000000000001,-0.302
23586,0.0,0.0,0.0,1000.0,0,0,-0.16199999999999998,0.3380000000000001,-0.302
23587,0.0,0.0,0.0,1000.0,0,0,-0.482,0.358,-0.302
23588,0.0,0.0,0.0,1000.0,0,0,-0.46199999999999997,0.358,-0.302
23589,0.0,0.0,0.0,1000.0,0,0,-0.442,0.358,-0.302
23590,0.0,0.0,0.0,1000.0,0,0,-0.422,0.358,-0.302
23591,0.0,0.0,0.0,1000.0,0,0,-0.40199999999999997,0.358,-0.302
23592,0.0,0.0,0.0,1000.0,0,0,-0.382,0.358,-0.302
23593,0.0,0.0,0.0,1000.0,0,0,-0.362,0.358,-0.302
23594,0.0,0.0,0.0,1000.0,0,0,-0.34199999999999997,0.358,-0.302
23595,0.0,0.0,0.0,1000.0,0,0,-0.32199999999999995,0.358,-0.302
23596,0.0,0.0,0.0,1000.0,0,0,-0.302,0.358,-0.302
23597,0.0,0.0,0.0,1000.0,0,0,-0.282,0.358,-0.302
23598,0.0,0.0,0.0,1000.0,0,0,-0.262,0.358,-0.302
23599,0.0,0.0,0.0,1000.0,0,0,-0.242,0.358,-0.302
23600,0.0,0.0,0.0,1000.0,0,0,-0.22199999999999998,0.358,-0.302
23601,0.0,0.0,0.0,1000.0,0,0,-0.20199999999999996,0.358,-0.302
23602,0.0,0.0,0.0,1000.0,0,0,-0.182,0.358,-0.302
23603,0.0,0.0,0.0,1000.0,0,0,-0.16199999999999998,0.358,-0.302
23604,0.0,0.0,0.0,1000.0,0,0,-0.482,0.378,-0.302
23605,0.0,0.0,0.0,1000.0,0,0,-0.46199999999999997,0.378,-0.302
23606,0.0,0.0,0.0,1000.0,0,0,-0.442,0.378,-0.302
23607,0.0,0.0,0.0,1000.0,0,0,-0.422,0.378,-0.302
23608,0.0,0.0,0.0,1000.0,0,0,-0.40199999999999997,0.378,-0.302
23609,0.0,0.0,0.0,1000.0,0,0,-0.382,0.378,-0.302
23610,0.0,0.0,0.0,1000.0,0,0,-0.362,0.378,-0.302
23611,0.0,0.0,0.0,1000.0,0,0,-0.34199999999999997,0.378,-0.302
23612,0.0,0.0,0.0,1000.0,0,0,-0.32199999999999995,0.378,-0.302
23613,0.0,0.0,0.0,1000.0,0,0,-0.302,0.378,-0.302
23614,0.0,0.0,0.0,1000.0,0,0,-0.282,0.378,-0.302
23615,0.0,0.0,0.0,1000.0,0,0,-0.262,0.378,-0.302
23616,0.0,0.0,0.0,1000.0,0,0,-0.242,0.378,-0.302
23617,0.0,0.0,0.0,1000.0,0,0,-0.22199999999999998,0.378,-0.302
23618,0.0,0.0,0.0,1000.0,0,0,-0.20199999999999996,0.378,-0.302
23619,0.0,0.0,0.0,1000.0,0,0,-0.182,0.378,-0.302
23620,0.0,0.0,0.0,1000.0,0,0,-0.16199999999999998,0.378,-0.302
23621,0.0,0.0,0.0,1000.0,0,0,-0.482,0.398,-0.302
23622,0.0,0.0,0.0,1000.0,0,0,-0.46199999999999997,0.398,-0.302
23623,0.0,0.0,0.0,1000.0,0,0,-0.442,0.398,-0.302
23624,0.0,0.0,0.0,1000.0,0,0,-0.422,0.398,-0.302
23625,0.0,0.0,0.0,1000.0,0,0,-0.40199999999999997,0.398,-0.302
23626,0.0,0.0,0.0,1000.0,0,0,-0.382,0.398,-0.302
23627,0.0,0.0,0.0,1000.0,0,0,-0.362,0.398,-0.302
23628,0.0,0.0,0.0,1000.0,0,0,-0.34199999999999997,0.398,-0.302
23629,0.0,0.0,0.0,1000.0,0,0,-0.32199999999999995,0.398,-0.302
23630,0.0,0.0,0.0,1000.0,0,0,-0.302,0.398,-0.302
23631,0.0,0.0,0.0,1000.0,0,0,-0.282,0.398,-0.302
23632,0.0,0.0,0.0,1000.0,0,0,-0.262,0.398,-0.302
23633,0.0,0.0,0.0,1000.0,0,0,-0.242,0.398,-0.302
23634,0.0,0.0,0.0,1000.0,0,0,-0.22199999999999998,0.398,-0.302
23635,0.0,0.0,0.0,1000.0,0,0,-0.20199999999999996,0.398,-0.302
23636,0.0,0.0,0.0,1000.0,0,0,-0.182,0.398,-0.302
23637,0.0,0.0,0.0,1000.0,0,0,-0.16199999999999998,0.398,-0.302
23638,0.0,0.0,0.0,1000.0,0,0,-0.482,0.41800000000000004,-0.302
23639,0.0,0.0,0.0,1000.0,0,0,-0.46199999999999997,0.41800000000000004,-0.302
23640,0.0,0.0,0.0,1000.0,0,0,-0.442,0.41800000000000004,-0.302
23641,0.0,0.0,0.0,1000.0,0,0,-0.422,0.41800000000000004,-0.302
23642,0.0,0.0,0.0,1000.0,0,0,-0.40199999999999997,0.41800000000000004,-0.302
23643,0.0,0.0,0.0,1000.0,0,0,-0.382,0.41800000000000004,-0.302
23644,0.0,0.0,0.0,1000.0,0,0,-0.362,0.41800000000000004,-0.302
23645,0.0,0.0,0.0,1000.0,0,0,-0.34199999999999997,0.41800000000000004,-0.302
23646,0.0,0.0,0.0,1000.0,0,0,-0.32199999999999995,0.41800000000000004,-0.302
23647,0.0,0.0,0.0,1000.0,0,0,-0.302,0.41800000000000004,-0.302
23648,0.0,0.0,0.0,1000.0,0,0,-0.282,0.41800000000000004,-0.302
23649,0.0,0.0,0.0,1000.0,0,0,-0.262,0.41800000000000004,-0.302
23650,0.0,0.0,0.0,1000.0,0,0,-0.242,0.41800000000000004,-0.302
23651,0.0,0.0,0.0,1000.0,0,0,-0.22199999999999998,0.41800000000000004,-0.302
23652,0.0,0.0,0.0,1000.0,0,0,-0.20199999999999996,0.41800000000000004,-0.302
23653,0.0,0.0,0.0,1000.0,0,0,-0.182,0.41800000000000004,-0.302
23654,0.0,0.0,0.0,1000.0,0,0,-0.16199999999999998,0.41800000000000004,-0.302
23655,0.0,0.0,0.0,1000.0,0,0,-0.482,0.43800000000000006,-0.302
23656,0.0,0.0,0.0,1000.0,0,0,-0.46199999999999997,0.43800000000000006,-0.302
23657,0.0,0.0,0.0,1000.0,0,0,-0.442,0.43800000000000006,-0.302
23658,0.0,0.0,0.0,1000.0,0,0,-0.422,0.43800000000000006,-0.302
23659,0.0,0.0,0.0,1000.0,0,0,-0.40199999999999997,0.43800000000000006,-0.302
23660,0.0,0.0,0.0,1000.0,0,0,-0.382,0.43800000000000006,-0.302
23661,0.0,0.0,0.0,1000.0,0,0,-0.362,0.43800000000000006,-0.302
23662,0.0,0.0,0.0,1000.0,0,0,-0.34199999999999997,0.43800000000000006,-0.302
23663,0.0,0.0,0.0,1000.0,0,0,-0.32199999999999995,0.43800000000000006,-0.302
23664,0.0,0.0,0.0,1000.0,0,0,-0.302,0.43800000000000006,-0.302
23665,0.0,0.0,0.0,1000.0,0,0,-0.282,0.43800000000000006,-0.302
23666,0.0,0.0,0.0,1000.0,0,0,-0.262,0.43800000000000006,-0.302
23667,0.0,0.0,0.0,1000.0,0,0,-0.242,0.43800000000000006,-0.302
23668,0.0,0.0,0.0,1000.0,0,0,-0.22199999999999998,0.43800000000000006,-0.302
23669,0.0,0.0,0.0,1000.0,0,0,-0.20199999999999996,0.43800000000000006,-0.302
23670,0.0,0.0,0.0,1000.0,0,0,-0.182,0.43800000000000006,-0.302
23671,0.0,0.0,0.0,1000.0,0,0,-0.16199999999999998,0.43800000000000006,-0.302
23672,0.0,0.0,0.0,1000.0,0,0,-0.482,0.4580000000000001,-0.302
23673,0.0,0.0,0.0,1000.0,0,0,-0.46199999999999997,0.4580000000000001,-0.302
23674,0.0,0.0,0.0,1000.0,0,0,-0.442,0.4580000000000001,-0.302
23675,0.0,0.0,0.0,1000.0,0,0,-0.422,0.4580000000000001,-0.302
23676,0.0,0.0,0.0,1000.0,0,0,-0.40199999999999997,0.4580000000000001,-0.302
23677,0.0,0.0,0.0,1000.0,0,0,-0.382,0.4580000000000001,-0.302
23678,0.0,0.0,0.0,1000.0,0,0,-0.362,0.4580000000000001,-0.302
23679,0.0,0.0,0.0,1000.0,0,0,-0.34199999999999997,0.4580000000000001,-0.302
23680,0.0,0.0,0.0,1000.0,0,0,-0.32199999999999995,0.4580000000000001,-0.302
23681,0.0,0.0,0.0,1000.0,0,0,-0.302,0.4580000000000001,-0.302
23682,0.0,0.0,0.0,1000.0,0,0,-0.282,0.4580000000000001,-0.302
23683,0.0,0.0,0.0,1000.0,0,0,-0.262,0.4580000000000001,-0.302
23684,0.0,0.0,0.0,1000.0,0,0,-0.242,0.4580000000000001,-0.302
23685,0.0,0.0,0.0,1000.0,0,0,-0.22199999999999998,0.4580000000000001,-0.302
23686,0.0,0.0,0.0,1000.0,0,0,-0.20199999999999996,0.4580000000000001,-0.302
23687,0.0,0.0,0.0,1000.0,0,0,-0.182,0.4580000000000001,-0.302
23688,0.0,0.0,0.0,1000.0,0,0,-0.16199999999999998,0.4580000000000001,-0.302
23689,0.0,0.0,0.0,1000.0,0,0,-0.482,0.478,-0.302
23690,0.0,0.0,0.0,1000.0,0,0,-0.46199999999999997,0.478,-0.302
23691,0.0,0.0,0.0,1000.0,0,0,-0.442,0.478,-0.302
23692,0.0,0.0,0.0,1000.0,0,0,-0.422,0.478,-0.302
23693,0.0,0.0,0.0,1000.0,0,0,-0.40199999999999997,0.478,-0.302
23694,0.0,0.0,0.0,1000.0,0,0,-0.382,0.478,-0.302
23695,0.0,0.0,0.0,1000.0,0,0,-0.362,0.478,-0.302
23696,0.0,0.0,0.0,1000.0,0,0,-0.34199999999999997,0.478,-0.302
23697,0.0,0.0,0.0,1000.0,0,0,-0.32199999999999995,0.478,-0.302
23698,0.0,0.0,0.0,1000.0,0,0,-0.302,0.478,-0.302
23699,0.0,0.0,0.0,1000.0,0,0,-0.282,0.478,-0.302
23700,0.0,0.0,0.0,1000.0,0,0,-0.262,0.478,-0.302
23701,0.0,0.0,0.0,1000.0,0,0,-0.242,0.478,-0.302
23702,0.0,0.0,0.0,1000.0,0,0,-0.22199999999999998,0.478,-0.302
23703,0.0,0.0,0.0,1000.0,0,0,-0.20199999999999996,0.478,-0.302
23704,0.0,0.0,0.0,1000.0,0,0,-0.182,0.478,-0.302
23705,0.0,0.0,0.0,1000.0,0,0,-0.16199999999999998,0.478,-0.302
23706,0.0,0.0,0.0,1000.0,0,0,-0.482,-0.482,-0.282
23707,0.0,0.0,0.0,1000.0,0,0,-0.46199999999999997,-0.482,-0.282
23708,0.0,0.0,0.0,1000.0,0,0,-0.442,-0.482,-0.282
23709,0.0,0.0,0.0,1000.0,0,0,-0.422,-0.482,-0.282
23710,0.0,0.0,0.0,1000.0,0,0,-0.40199999999999997,-0.482,-0.282
23711,0.0,0.0,0.0,1000.0,0,0,-0.382,-0.482,-0.282
23712,0.0,0.0,0.0,1000.0,0,0,-0.362,-0.482,-0.282
23713,0.0,0.0,0.0,1000.0,0,0,-0.34199999999999997,-0.482,-0.282
23714,0.0,0.0,0.0,1000.0,0,0,-0.32199999999999995,-0.482,-0.282
23715,0.0,0.0,0.0,1000.0,0,0,-0.302,-0.482,-0.282
23716,0.0,0.0,0.0,1000.0,0,0,-0.282,-0.482,-0.282
23717,0.0,0.0,0.0,1000.0,0,0,-0.262,-0.482,-0.282
23718,0.0,0.0,0.0,1000.0,0,0,-0.242,-0.482,-0.282
23719,0.0,0.0,0.0,1000.0,0,0,-0.22199999999999998,-0.482,-0.282
23720,0.0,0.0,0.0,1000.0,0,0,-0.20199999999999996,-0.482,-0.282
23721,0.0,0.0,0.0,1000.0,0,0,-0.182,-0.482,-0.282
23722,0.0,0.0,0.0,1000.0,0,0,-0.16199999999999998,-0.482,-0.282
23723,0.0,0.0,0.0,1000.0,0,0,-0.482,-0.46199999999999997,-0.282
23724,0.0,0.0,0.0,1000.0,0,0,-0.46199999999999997,-0.46199999999999997,-0.282
23725,0.0,0.0,0.0,1000.0,0,0,-0.442,-0.46199999999999997,-0.282
23726,0.0,0.0,0.0,1000.0,0,0,-0.422,-0.46199999999999997,-0.282
23727,0.0,0.0,0.0,1000.0,0,0,-0.40199999999999997,-0.46199999999999997,-0.282
23728,0.0,0.0,0.0,1000.0,0,0,-0.382,-0.46199999999999997,-0.282
23729,0.0,0.0,0.0,1000.0,0,0,-0.362,-0.46199999999999997,-0.282
23730,0.0,0.0,0.0,1000.0,0,0,-0.34199999999999997,-0.46199999999999997,-0.282
23731,0.0,0.0,0.0,1000.0,0,0,-0.32199999999999995,-0.46199999999999997,-0.282
23732,0.0,0.0,0.0,1000.0,0,0,-0.302,-0.46199999999999997,-0.282
23733,0.0,0.0,0.0,1000.0,0,0,-0.282,-0.46199999999999997,-0.282
23734,0.0,0.0,0.0,1000.0,0,0,-0.262,-0.46199999999999997,-0.282
23735,0.0,0.0,0.0,1000.0,0,0,-0.242,-0.46199999999999997,-0.282
23736,0.0,0.0,0.0,1000.0,0,0,-0.22199999999999998,-0.46199999999999997,-0.282
23737,0.0,0.0,0.0,1000.0,0,0,-0.20199999999999996,-0.46199999999999997,-0.282
23738,0.0,0.0,0.0,1000.0,0,0,-0.182,-0.46199999999999997,-0.282
23739,0.0,0.0,0.0,1000.0,0,0,-0.16199999999999998,-0.46199999999999997,-0.282
23740,0.0,0.0,0.0,1000.0,0,0,-0.482,-0.442,-0.282
23741,0.0,0.0,0.0,1000.0,0,0,-0.46199999999999997,-0.442,-0.282
23742,0.0,0.0,0.0,1000.0,0,0,-0.442,-0.442,-0.282
23743,0.0,0.0,0.0,1000.0,0,0,-0.422,-0.442,-0.282
23744,0.0,0.0,0.0,1000.0,0,0,-0.40199999999999997,-0.442,-0.282
23745,0.0,0.0,0.0,1000.0,0,0,-0.382,-0.442,-0.282
23746,0.0,0.0,0.0,1000.0,0,0,-0.362,-0.442,-0.282
23747,0.0,0.0,0.0,1000.0,0,0,-0.34199999999999997,-0.442,-0.282
23748,0.0,0.0,0.0,1000.0,0,0,-0.32199999999999995,-0.442,-0.282
23749,0.0,0.0,0.0,1000.0,0,0,-0.302,-0.442,-0.282
23750,0.0,0.0,0.0,1000.0,0,0,-0.282,-0.442,-0.282
23751,0.0,0.0,0.0,1000.0,0,0,-0.262,-0.442,-0.282
23752,0.0,0.0,0.0,1000.0,0,0,-0.242,-0.442,-0.282
23753,0.0,0.0,0.0,1000.0,0,0,-0.22199999999999998,-0.442,-0.282
23754,0.0,0.0,0.0,1000.0,0,0,-0.20199999999999996,-0.442,-0.282
23755,0.0,0.0,0.0,1000.0,0,0,-0.182,-0.442,-0.282
23756,0.0,0.0,0.0,1000.0,0,0,-0.16199999999999998,-0.442,-0.282
23757,0.0,0.0,0.0,1000.0,0,0,-0.482,-0.422,-0.282
23758,0.0,0.0,0.0,1000.0,0,0,-0.46199999999999997,-0.422,-0.282
23759,0.0,0.0,0.0,1000.0,0,0,-0.442,-0.422,-0.282
23760,0.0,0.0,0.0,1000.0,0,0,-0.422,-0.422,-0.282
23761,0.0,0.0,0.0,1000.0,0,0,-0.40199999999999997,-0.422,-0.282
23762,0.0,0.0,0.0,1000.0,0,0,-0.382,-0.422,-0.282
23763,0.0,0.0,0.0,1000.0,0,0,-0.362,-0.422,-0.282
23764,0.0,0.0,0.0,1000.0,0,0,-0.34199999999999997,-0.422,-0.282
23765,0.0,0.0,0.0,1000.0,0,0,-0.32199999999999995,-0.422,-0.282
23766,0.0,0.0,0.0,1000.0,0,0,-0.302,-0.422,-0.282
23767,0.0,0.0,0.0,1000.0,0,0,-0.282,-0.422,-0.282
23768,0.0,0.0,0.0,1000.0,0,0,-0.262,-0.422,-0.282
23769,0.0,0.0,0.0,1000.0,0,0,-0.242,-0.422,-0.282
23770,0.0,0.0,0.0,1000.0,0,0,-0.22199999999999998,-0.422,-0.282
23771,0.0,0.0,0.0,1000.0,0,0,-0.20199999999999996,-0.422,-0.282
23772,0.0,0.0,0.0,1000.0,0,0,-0.182,-0.422,-0.282
23773,0.0,0.0,0.0,1000.0,0,0,-0.16199999999999998,-0.422,-0.282
23774,0.0,0.0,0.0,1000.0,0,0,-0.482,-0.40199999999999997,-0.282
23775,0.0,0.0,0.0,1000.0,0,0,-0.46199999999999997,-0.40199999999999997,-0.282
23776,0.0,0.0,0.0,1000.0,0,0,-0.442,-0.40199999999999997,-0.282
23777,0.0,0.0,0.0,1000.0,0,0,-0.422,-0.40199999999999997,-0.282
23778,0.0,0.0,0.0,1000.0,0,0,-0.40199999999999997,-0.40199999999999997,-0.282
23779,0.0,0.0,0.0,1000.0,0,0,-0.382,-0.40199999999999997,-0.282
23780,0.0,0.0,0.0,1000.0,0,0,-0.362,-0.40199999999999997,-0.282
23781,0.0,0.0,0.0,1000.0,0,0,-0.34199999999999997,-0.40199999999999997,-0.282
23782,0.0,0.0,0.0,1000.0,0,0,-0.32199999999999995,-0.40199999999999997,-0.282
23783,0.0,0.0,0.0,1000.0,0,0,-0.302,-0.40199999999999997,-0.282
23784,0.0,0.0,0.0,1000.0,0,0,-0.282,-0.40199999999999997,-0.282
23785,0.0,0.0,0.0,1000.0,0,0,-0.262,-0.40199999999999997,-0.282
23786,0.0,0.0,0.0,1000.0,0,0,-0.242,-0.40199999999999997,-0.282
23787,0.0,0.0,0.0,1000.0,0,0,-0.22199999999999998,-0.40199999999999997,-0.282
23788,0.0,0.0,0.0,1000.0,0,0,-0.20199999999999996,-0.40199999999999997,-0.282
23789,0.0,0.0,0.0,1000.0,0,0,-0.182,-0.40199999999999997,-0.282
23790,0.0,0.0,0.0,1000.0,0,0,-0.16199999999999998,-0.40199999999999997,-0.282
23791,0.0,0.0,0.0,1000.0,0,0,-0.482,-0.382,-0.282
23792,0.0,0.0,0.0,1000.0,0,0,-0.46199999999999997,-0.382,-0.282
23793,0.0,0.0,0.0,1000.0,0,0,-0.442,-0.382,-0.282
23794,0.0,0.0,0.0,1000.0,0,0,-0.422,-0.382,-0.282
23795,0.0,0.0,0.0,1000.0,0,0,-0.40199999999999997,-0.382,-0.282
23796,0.0,0.0,0.0,1000.0,0,0,-0.382,-0.382,-0.282
23797,0.0,0.0,0.0,1000.0,0,0,-0.362,-0.382,-0.282
23798,0.0,0.0,0.0,1000.0,0,0,-0.34199999999999997,-0.382,-0.282
23799,0.0,0.0,0.0,1000.0,0,0,-0.32199999999999995,-0.382,-0.282
23800,0.0,0.0,0.0,1000.0,0,0,-0.302,-0.382,-0.282
23801,0.0,0.0,0.0,1000.0,0,0,-0.282,-0.382,-0.282
23802,0.0,0.0,0.0,1000.0,0,0,-0.262,-0.382,-0.282
23803,0.0,0.0,0.0,1000.0,0,0,-0.242,-0.382,-0.282
23804,0.0,0.0,0.0,1000.0,0,0,-0.22199999999999998,-0.382,-0.282
23805,0.0,0.0,0.0,1000.0,0,0,-0.20199999999999996,-0.382,-0.282
23806,0.0,0.0,0.0,1000.0,0,0,-0.182,-0.382,-0.282
23807,0.0,0.0,0.0,1000.0,0,0,-0.16199999999999998,-0.382,-0.282
23808,0.0,0.0,0.0,1000.0,0,0,-0.482,-0.362,-0.282
23809,0.0,0.0,0.0,1000.0,0,0,-0.46199999999999997,-0.362,-0.282
23810,0.0,0.0,0.0,1000.0,0,0,-0.442,-0.362,-0.282
23811,0.0,0.0,0.0,1000.0,0,0,-0.422,-0.362,-0.282
23812,0.0,0.0,0.0,1000.0,0,0,-0.40199999999999997,-0.362,-0.282
23813,0.0,0.0,0.0,1000.0,0,0,-0.382,-0.362,-0.282
23814,0.0,0.0,0.0,1000.0,0,0,-0.362,-0.362,-0.282
23815,0.0,0.0,0.0,1000.0,0,0,-0.34199999999999997,-0.362,-0.282
23816,0.0,0.0,0.0,1000.0,0,0,-0.32199999999999995,-0.362,-0.282
23817,0.0,0.0,0.0,1000.0,0,0,-0.302,-0.362,-0.282
23818,0.0,0.0,0.0,1000.0,0,0,-0.282,-0.362,-0.282
23819,0.0,0.0,0.0,1000.0,0,0,-0.262,-0.362,-0.282
23820,0.0,0.0,0.0,1000.0,0,0,-0.242,-0.362,-0.282
23821,0.0,0.0,0.0,1000.0,0,0,-0.22199999999999998,-0.362,-0.282
23822,0.0,0.0,0.0,1000.0,0,0,-0.20199999999999996,-0.362,-0.282
23823,0.0,0.0,0.0,1000.0,0,0,-0.182,-0.362,-0.282
23824,0.0,0.0,0.0,1000.0,0,0,-0.16199999999999998,-0.362,-0.282
23825,0.0,0.0,0.0,1000.0,0,0,-0.482,-0.34199999999999997,-0.282
23826,0.0,0.0,0.0,1000.0,0,0,-0.46199999999999997,-0.34199999999999997,-0.282
23827,0.0,0.0,0.0,1000.0,0,0,-0.442,-0.34199999999999997,-0.282
23828,0.0,0.0,0.0,1000.0,0,0,-0.422,-0.34199999999999997,-0.282
23829,0.0,0.0,0.0,1000.0,0,0,-0.40199999999999997,-0.34199999999999997,-0.282
23830,0.0,0.0,0.0,1000.0,0,0,-0.382,-0.34199999999999997,-0.282
23831,0.0,0.0,0.0,1000.0,0,0,-0.362,-0.34199999999999997,-0.282
23832,0.0,0.0,0.0,1000.0,0,0,-0.34199999999999997,-0.34199999999999997,-0.282
23833,0.0,0.0,0.0,1000.0,0,0,-0.32199999999999995,-0.34199999999999997,-0.282
23834,0.0,0.0,0.0,1000.0,0,0,-0.302,-0.34199999999999997,-0.282
23835,0.0,0.0,0.0,1000.0,0,0,-0.282,-0.34199999999999997,-0.282
23836,0.0,0.0,0.0,1000.0,0,0,-0.262,-0.34199999999999997,-0.282
23837,0.0,0.0,0.0,1000.0,0,0,-0.242,-0.34199999999999997,-0.282
23838,0.0,0.0,0.0,1000.0,0,0,-0.22199999999999998,-0.34199999999999997,-0.282
23839,0.0,0.0,0.0,1000.0,0,0,-0.20199999999999996,-0.34199999999999997,-0.282
23840,0.0,0.0,0.0,1000.0,0,0,-0.182,-0.34199999999999997,-0.282
23841,0.0,0.0,0.0,1000.0,0,0,-0.16199999999999998,-0.34199999999999997,-0.282
23842,0.0,0.0,0.0,1000.0,0,0,-0.482,-0.32199999999999995,-0.282
23843,0.0,0.0,0.0,1000.0,0,0,-0.46199999999999997,-0.32199999999999995,-0.282
23844,0.0,0.0,0.0,1000.0,0,0,-0.442,-0.32199999999999995,-0.282
23845,0.0,0.0,0.0,1000.0,0,0,-0.422,-0.32199999999999995,-0.282
23846,0.0,0.0,0.0,1000.0,0,0,-0.40199999999999997,-0.32199999999999995,-0.282
23847,0.0,0.0,0.0,1000.0,0,0,-0.382,-0.32199999999999995,-0.282
23848,0.0,0.0,0.0,1000.0,0,0,-0.362,-0.32199999999999995,-0.282
23849,0.0,0.0,0.0,1000.0,0,0,-0.34199999999999997,-0.32199999999999995,-0.282
23850,0.0,0.0,0.0,1000.0,0,0,-0.32199999999999995,-0.32199999999999995,-0.282
23851,0.0,0.0,0.0,1000.0,0,0,-0.302,-0.32199999999999995,-0.282
23852,0.0,0.0,0.0,1000.0,0,0,-0.282,-0.32199999999999995,-0.282
23853,0.0,0.0,0.0,1000.0,0,0,-0.262,-0.32199999999999995,-0.282
23854,0.0,0.0,0.0,1000.0,0,0,-0.242,-0.32199999999999995,-0.282
23855,0.0,0.0,0.0,1000.0,0,0,-0.22199999999999998,-0.32199999999999995,-0.282
23856,0.0,0.0,0.0,1000.0,0,0,-0.20199999999999996,-0.32199999999999995,-0.282
23857,0.0,0.0,0.0,1000.0,0,0,-0.182,-0.32199999999999995,-0.282
23858,0.0,0.0,0.0,1000.0,0,0,-0.16199999999999998,-0.32199999999999995,-0.282
23859,0.0,0.0,0.0,1000.0,0,0,-0.482,-0.302,-0.282
23860,0.0,0.0,0.0,1000.0,0,0,-0.46199999999999997,-0.302,-0.282
23861,0.0,0.0,0.0,1000.0,0,0,-0.442,-0.302,-0.282
23862,0.0,0.0,0.0,1000.0,0,0,-0.422,-0.302,-0.282
23863,0.0,0.0,0.0,1000.0,0,0,-0.40199999999999997,-0.302,-0.282
23864,0.0,0.0,0.0,1000.0,0,0,-0.382,-0.302,-0.282
23865,0.0,0.0,0.0,1000.0,0,0,-0.362,-0.302,-0.282
23866,0.0,0.0,0.0,1000.0,0,0,-0.34199999999999997,-0.302,-0.282
23867,0.0,0.0,0.0,1000.0,0,0,-0.32199999999999995,-0.302,-0.282
23868,0.0,0.0,0.0,1000.0,0,0,-0.302,-0.302,-0.282
23869,0.0,0.0,0.0,1000.0,0,0,-0.282,-0.302,-0.282
23870,0.0,0.0,0.0,1000.0,0,0,-0.262,-0.302,-0.282
23871,0.0,0.0,0.0,1000.0,0,0,-0.242,-0.302,-0.282
23872,0.0,0.0,0.0,1000.0,0,0,-0.22199999999999998,-0.302,-0.282
23873,0.0,0.0,0.0,1000.0,0,0,-0.20199999999999996,-0.302,-0.282
23874,0.0,0.0,0.0,1000.0,0,0,-0.182,-0.302,-0.282
23875,0.0,0.0,0.0,1000.0,0,0,-0.16199999999999998,-0.302,-0.282
23876,0.0,0.0,0.0,1000.0,0,0,-0.482,-0.282,-0.282
23877,0.0,0.0,0.0,1000.0,0,0,-0.46199999999999997,-0.282,-0.282
23878,0.0,0.0,0.0,1000.0,0,0,-0.442,-0.282,-0.282
23879,0.0,0.0,0.0,1000.0,0,0,-0.422,-0.282,-0.282
23880,0.0,0.0,0.0,1000.0,0,0,-0.40199999999999997,-0.282,-0.282
23881,0.0,0.0,0.0,1000.0,0,0,-0.382,-0.282,-0.282
23882,0.0,0.0,0.0,1000.0,0,0,-0.362,-0.282,-0.282
23883,0.0,0.0,0.0,1000.0,0,0,-0.34199999999999997,-0.282,-0.282
23884,0.0,0.0,0.0,1000.0,0,0,-0.32199999999999995,-0.282,-0.282
23885,0.0,0.0,0.0,1000.0,0,0,-0.302,-0.282,-0.282
23886,0.0,0.0,0.0,1000.0,0,0,-0.282,-0.282,-0.282
23887,0.0,0.0,0.0,1000.0,0,0,-0.262,-0.282,-0.282
23888,0.0,0.0,0.0,1000.0,0,0,-0.242,-0.282,-0.282
23889,0.0,0.0,0.0,1000.0,0,0,-0.22199999999999998,-0.282,-0.282
23890,0.0,0.0,0.0,1000.0,0,0,-0.20199999999999996,-0.282,-0.282
23891,0.0,0.0,0.0,1000.0,0,0,-0.182,-0.282,-0.282
23892,0.0,0.0,0.0,1000.0,0,0,-0.16199999999999998,-0.282,-0.282
23893,0.0,0.0,0.0,1000.0,0,0,-0.482,-0.262,-0.282
23894,0.0,0.0,0.0,1000.0,0,0,-0.46199999999999997,-0.262,-0.282
23895,0.0,0.0,0.0,1000.0,0,0,-0.442,-0.262,-0.282
23896,0.0,0.0,0.0,1000.0,0,0,-0.422,-0.262,-0.282
23897,0.0,0.0,0.0,1000.0,0,0,-0.40199999999999997,-0.262,-0.282
23898,0.0,0.0,0.0,1000.0,0,0,-0.382,-0.262,-0.282
23899,0.0,0.0,0.0,1000.0,0,0,-0.362,-0.262,-0.282
23900,0.0,0.0,0.0,1000.0,0,0,-0.34199999999999997,-0.262,-0.282
23901,0.0,0.0,0.0,1000.0,0,0,-0.32199999999999995,-0.262,-0.282
23902,0.0,0.0,0.0,1000.0,0,0,-0.302,-0.262,-0.282
23903,0.0,0.0,0.0,1000.0,0,0,-0.282,-0.262,-0.282
23904,0.0,0.0,0.0,1000.0,0,0,-0.262,-0.262,-0.282
23905,0.0,0.0,0.0,1000.0,0,0,-0.242,-0.262,-0.282
23906,0.0,0.0,0.0,1000.0,0,0,-0.22199999999999998,-0.262,-0.282
23907,0.0,0.0,0.0,1000.0,0,0,-0.20199999999999996,-0.262,-0.282
23908,0.0,0.0,0.0,1000.0,0,0,-0.182,-0.262,-0.282
23909,0.0,0.0,0.0,1000.0,0,0,-0.16199999999999998,-0.262,-0.282
23910,0.0,0.0,0.0,1000.0,0,0,-0.482,-0.242,-0.282
23911,0.0,0.0,0.0,1000.0,0,0,-0.46199999999999997,-0.242,-0.282
23912,0.0,0.0,0.0,1000.0,0,0,-0.442,-0.242,-0.282
23913,0.0,0.0,0.0,1000.0,0,0,-0.422,-0.242,-0.282
23914,0.0,0.0,0.0,1000.0,0,0,-0.40199999999999997,-0.242,-0.282
23915,0.0,0.0,0.0,1000.0,0,0,-0.382,-0.242,-0.282
23916,0.0,0.0,0.0,1000.0,0,0,-0.362,-0.242,-0.282
23917,0.0,0.0,0.0,1000.0,0,0,-0.34199999999999997,-0.242,-0.282
23918,0.0,0.0,0.0,1000.0,0,0,-0.32199999999999995,-0.242,-0.282
23919,0.0,0.0,0.0,1000.0,0,0,-0.302,-0.242,-0.282
23920,0.0,0.0,0.0,1000.0,0,0,-0.282,-0.242,-0.282
23921,0.0,0.0,0.0,1000.0,0,0,-0.262,-0.242,-0.282
23922,0.0,0.0,0.0,1000.0,0,0,-0.242,-0.242,-0.282
23923,0.0,0.0,0.0,1000.0,0,0,-0.22199999999999998,-0.242,-0.282
23924,0.0,0.0,0.0,1000.0,0,0,-0.20199999999999996,-0.242,-0.282
23925,0.0,0.0,0.0,1000.0,0,0,-0.182,-0.242,-0.282
23926,0.0,0.0,0.0,1000.0,0,0,-0.16199999999999998,-0.242,-0.282
23927,0.0,0.0,0.0,1000.0,0,0,-0.482,-0.22199999999999998,-0.282
23928,0.0,0.0,0.0,1000.0,0,0,-0.46199999999999997,-0.22199999999999998,-0.282
23929,0.0,0.0,0.0,1000.0,0,0,-0.442,-0.22199999999999998,-0.282
23930,0.0,0.0,0.0,1000.0,0,0,-0.422,-0.22199999999999998,-0.282
23931,0.0,0.0,0.0,1000.0,0,0,-0.40199999999999997,-0.22199999999999998,-0.282
23932,0.0,0.0,0.0,1000.0,0,0,-0.382,-0.22199999999999998,-0.282
23933,0.0,0.0,0.0,1000.0,0,0,-0.362,-0.22199999999999998,-0.282
23934,0.0,0.0,0.0,1000.0,0,0,-0.34199999999999997,-0.22199999999999998,-0.282
23935,0.0,0.0,0.0,1000.0,0,0,-0.32199999999999995,-0.22199999999999998,-0.282
23936,0.0,0.0,0.0,1000.0,0,0,-0.302,-0.22199999999999998,-0.282
23937,0.0,0.0,0.0,1000.0,0,0,-0.282,-0.22199999999999998,-0.282
23938,0.0,0.0,0.0,1000.0,0,0,-0.262,-0.22199999999999998,-0.282
23939,0.0,0.0,0.0,1000.0,0,0,-0.242,-0.22199999999999998,-0.282
23940,0.0,0.0,0.0,1000.0,0,0,-0.22199999999999998,-0.22199999999999998,-0.282
23941,0.0,0.0,0.0,1000.0,0,0,-0.20199999999999996,-0.22199999999999998,-0.282
23942,0.0,0.0,0.0,1000.0,0,0,-0.182,-0.22199999999999998,-0.282
23943,0.0,0.0,0.0,1000.0,0,0,-0.16199999999999998,-0.22199999999999998,-0.282
23944,0.0,0.0,0.0,1000.0,0,0,-0.482,-0.20199999999999996,-0.282
23945,0.0,0.0,0.0,1000.0,0,0,-0.46199999999999997,-0.20199999999999996,-0.282
23946,0.0,0.0,0.0,1000.0,0,0,-0.442,-0.20199999999999996,-0.282
23947,0.0,0.0,0.0,1000.0,0,0,-0.422,-0.20199999999999996,-0.282
23948,0.0,0.0,0.0,1000.0,0,0,-0.40199999999999997,-0.20199999999999996,-0.282
23949,0.0,0.0,0.0,1000.0,0,0,-0.382,-0.20199999999999996,-0.282
23950,0.0,0.0,0.0,1000.0,0,0,-0.362,-0.20199999999999996,-0.282
23951,0.0,0.0,0.0,1000.0,0,0,-0.34199999999999997,-0.20199999999999996,-0.282
23952,0.0,0.0,0.0,1000.0,0,0,-0.32199999999999995,-0.20199999999999996,-0.282
23953,0.0,0.0,0.0,1000.0,0,0,-0.302,-0.20199999999999996,-0.282
23954,0.0,0.0,0.0,1000.0,0,0,-0.282,-0.20199999999999996,-0.282
23955,0.0,0.0,0.0,1000.0,0,0,-0.262,-0.20199999999999996,-0.282
23956,0.0,0.0,0.0,1000.0,0,0,-0.242,-0.20199999999999996,-0.282
23957,0.0,0.0,0.0,1000.0,0,0,-0.22199999999999998,-0.20199999999999996,-0.282
23958,0.0,0.0,0.0,1000.0,0,0,-0.20199999999999996,-0.20199999999999996,-0.282
23959,0.0,0.0,0.0,1000.0,0,0,-0.182,-0.20199999999999996,-0.282
23960,0.0,0.0,0.0,1000.0,0,0,-0.16199999999999998,-0.20199999999999996,-0.282
23961,0.0,0.0,0.0,1000.0,0,0,-0.482,-0.182,-0.282
23962,0.0,0.0,0.0,1000.0,0,0,-0.46199999999999997,-0.182,-0.282
23963,0.0,0.0,0.0,1000.0,0,0,-0.442,-0.182,-0.282
23964,0.0,0.0,0.0,1000.0,0,0,-0.422,-0.182,-0.282
23965,0.0,0.0,0.0,1000.0,0,0,-0.40199999999999997,-0.182,-0.282
23966,0.0,0.0,0.0,1000.0,0,0,-0.382,-0.182,-0.282
23967,0.0,0.0,0.0,1000.0,0,0,-0.362,-0.182,-0.282
23968,0.0,0.0,0.0,1000.0,0,0,-0.34199999999999997,-0.182,-0.282
23969,0.0,0.0,0.0,1000.0,0,0,-0.32199999999999995,-0.182,-0.282
23970,0.0,0.0,0.0,1000.0,0,0,-0.302,-0.182,-0.282
23971,0.0,0.0,0.0,1000.0,0,0,-0.282,-0.182,-0.282
23972,0.0,0.0,0.0,1000.0,0,0,-0.262,-0.182,-0.282
23973,0.0,0.0,0.0,1000.0,0,0,-0.242,-0.182,-0.282
23974,0.0,0.0,0.0,1000.0,0,0,-0.22199999999999998,-0.182,-0.282
23975,0.0,0.0,0.0,1000.0,0,0,-0.20199999999999996,-0.182,-0.282
23976,0.0,0.0,0.0,1000.0,0,0,-0.182,-0.182,-0.282
23977,0.0,0.0,0.0,1000.0,0,0,-0.16199999999999998,-0.182,-0.282
23978,0.0,0.0,0.0,1000.0,0,0,-0.482,-0.16199999999999998,-0.282
23979,0.0,0.0,0.0,1000.0,0,0,-0.46199999999999997,-0.16199999999999998,-0.282
23980,0.0,0.0,0.0,1000.0,0,0,-0.442,-0.16199999999999998,-0.282
23981,0.0,0.0,0.0,1000.0,0,0,-0.422,-0.16199999999999998,-0.282
23982,0.0,0.0,0.0,1000.0,0,0,-0.40199999999999997,-0.16199999999999998,-0.282
23983,0.0,0.0,0.0,1000.0,0,0,-0.382,-0.16199999999999998,-0.282
23984,0.0,0.0,0.0,1000.0,0,0,-0.362,-0.16199999999999998,-0.282
23985,0.0,0.0,0.0,1000.0,0,0,-0.34199999999999997,-0.16199999999999998,-0.282
23986,0.0,0.0,0.0,1000.0,0,0,-0.32199999999999995,-0.16199999999999998,-0.282
23987,0.0,0.0,0.0,1000.0,0,0,-0.302,-0.16199999999999998,-0.282
23988,0.0,0.0,0.0,1000.0,0,0,-0.282,-0.16199999999999998,-0.282
23989,0.0,0.0,0.0,1000.0,0,0,-0.262,-0.16199999999999998,-0.282
23990,0.0,0.0,0.0,1000.0,0,0,-0.242,-0.16199999999999998,-0.282
23991,0.0,0.0,0.0,1000.0,0,0,-0.22199999999999998,-0.16199999999999998,-0.282
23992,0.0,0.0,0.0,1000.0,0,0,-0.20199999999999996,-0.16199999999999998,-0.282
23993,0.0,0.0,0.0,1000.0,0,0,-0.182,-0.16199999999999998,-0.282
23994,0.0,0.0,0.0,1000.0,0,0,-0.16199999999999998,-0.16199999999999998,-0.282
23995,0.0,0.0,0.0,1000.0,0,0,-0.482,-0.14199999999999996,-0.282
23996,0.0,0.0,0.0,1000.0,0,0,-0.46199999999999997,-0.14199999999999996,-0.282
23997,0.0,0.0,0.0,1000.0,0,0,-0.442,-0.14199999999999996,-0.282
23998,0.0,0.0,0.0,1000.0,0,0,-0.422,-0.14199999999999996,-0.282
23999,0.0,0.0,0.0,1000.0,0,0,-0.40199999999999997,-0.14199999999999996,-0.282
24000,0.0,0.0,0.0,1000.0,0,0,-0.382,-0.14199999999999996,-0.282
24001,0.0,0.0,0.0,1000.0,0,0,-0.362,-0.14199999999999996,-0.282
24002,0.0,0.0,0.0,1000.0,0,0,-0.34199999999999997,-0.14199999999999996,-0.282
24003,0.0,0.0,0.0,1000.0,0,0,-0.32199999999999995,-0.14199999999999996,-0.282
24004,0.0,0.0,0.0,1000.0,0,0,-0.302,-0.14199999999999996,-0.282
24005,0.0,0.0,0.0,1000.0,0,0,-0.282,-0.14199999999999996,-0.282
24006,0.0,0.0,0.0,1000.0,0,0,-0.262,-0.14199999999999996,-0.282
24007,0.0,0.0,0.0,1000.0,0,0,-0.242,-0.14199999999999996,-0.282
24008,0.0,0.0,0.0,1000.0,0,0,-0.22199999999999998,-0.14199999999999996,-0.282
24009,0.0,0.0,0.0,1000.0,0,0,-0.20199999999999996,-0.14199999999999996,-0.282
24010,0.0,0.0,0.0,1000.0,0,0,-0.182,-0.14199999999999996,-0.282
24011,0.0,0.0,0.0,1000.0,0,0,-0.16199999999999998,-0.14199999999999996,-0.282
24012,0.0,0.0,0.0,1000.0,0,0,-0.482,-0.122,-0.282
24013,0.0,0.0,0.0,1000.0,0,0,-0.46199999999999997,-0.122,-0.282
24014,0.0,0.0,0.0,1000.0,0,0,-0.442,-0.122,-0.282
24015,0.0,0.0,0.0,1000.0,0,0,-0.422,-0.122,-0.282
24016,0.0,0.0,0.0,1000.0,0,0,-0.40199999999999997,-0.122,-0.282
24017,0.0,0.0,0.0,1000.0,0,0,-0.382,-0.122,-0.282
24018,0.0,0.0,0.0,1000.0,0,0,-0.362,-0.122,-0.282
24019,0.0,0.0,0.0,1000.0,0,0,-0.34199999999999997,-0.122,-0.282
24020,0.0,0.0,0.0,1000.0,0,0,-0.32199999999999995,-0.122,-0.282
24021,0.0,0.0,0.0,1000.0,0,0,-0.302,-0.122,-0.282
24022,0.0,0.0,0.0,1000.0,0,0,-0.282,-0.122,-0.282
24023,0.0,0.0,0.0,1000.0,0,0,-0.262,-0.122,-0.282
24024,0.0,0.0,0.0,1000.0,0,0,-0.242,-0.122,-0.282
24025,0.0,0.0,0.0,1000.0,0,0,-0.22199999999999998,-0.122,-0.282
24026,0.0,0.0,0.0,1000.0,0,0,-0.20199999999999996,-0.122,-0.282
24027,0.0,0.0,0.0,1000.0,0,0,-0.182,-0.122,-0.282
24028,0.0,0.0,0.0,1000.0,0,0,-0.16199999999999998,-0.122,-0.282
24029,0.0,0.0,0.0,1000.0,0,0,-0.482,-0.10199999999999998,-0.282
24030,0.0,0.0,0.0,1000.0,0,0,-0.46199999999999997,-0.10199999999999998,-0.282
24031,0.0,0.0,0.0,1000.0,0,0,-0.442,-0.10199999999999998,-0.282
24032,0.0,0.0,0.0,1000.0,0,0,-0.422,-0.10199999999999998,-0.282
24033,0.0,0.0,0.0,1000.0,0,0,-0.40199999999999997,-0.10199999999999998,-0.282
24034,0.0,0.0,0.0,1000.0,0,0,-0.382,-0.10199999999999998,-0.282
24035,0.0,0.0,0.0,1000.0,0,0,-0.362,-0.10199999999999998,-0.282
24036,0.0,0.0,0.0,1000.0,0,0,-0.34199999999999997,-0.10199999999999998,-0.282
24037,0.0,0.0,0.0,1000.0,0,0,-0.32199999999999995,-0.10199999999999998,-0.282
24038,0.0,0.0,0.0,1000.0,0,0,-0.302,-0.10199999999999998,-0.282
24039,0.0,0.0,0.0,1000.0,0,0,-0.282,-0.10199999999999998,-0.282
24040,0.0,0.0,0.0,1000.0,0,0,-0.262,-0.10199999999999998,-0.282
24041,0.0,0.0,0.0,1000.0,0,0,-0.242,-0.10199999999999998,-0.282
24042,0.0,0.0,0.0,1000.0,0,0,-0.22199999999999998,-0.10199999999999998,-0.282
24043,0.0,0.0,0.0,1000.0,0,0,-0.20199999999999996,-0.10199999999999998,-0.282
24044,0.0,0.0,0.0,1000.0,0,0,-0.182,-0.10199999999999998,-0.282
24045,0.0,0.0,0.0,1000.0,0,0,-0.16199999999999998,-0.10199999999999998,-0.282
24046,0.0,0.0,0.0,1000.0,0,0,-0.482,-0.08199999999999996,-0.282
24047,0.0,0.0,0.0,1000.0,0,0,-0.46199999999999997,-0.08199999999999996,-0.282
24048,0.0,0.0,0.0,1000.0,0,0,-0.442,-0.08199999999999996,-0.282
24049,0.0,0.0,0.0,1000.0,0,0,-0.422,-0.08199999999999996,-0.282
24050,0.0,0.0,0.0,1000.0,0,0,-0.40199999999999997,-0.08199999999999996,-0.282
24051,0.0,0.0,0.0,1000.0,0,0,-0.382,-0.08199999999999996,-0.282
24052,0.0,0.0,0.0,1000.0,0,0,-0.362,-0.08199999999999996,-0.282
24053,0.0,0.0,0.0,1000.0,0,0,-0.34199999999999997,-0.08199999999999996,-0.282
24054,0.0,0.0,0.0,1000.0,0,0,-0.32199999999999995,-0.08199999999999996,-0.282
24055,0.0,0.0,0.0,1000.0,0,0,-0.302,-0.08199999999999996,-0.282
24056,0.0,0.0,0.0,1000.0,0,0,-0.282,-0.08199999999999996,-0.282
24057,0.0,0.0,0.0,1000.0,0,0,-0.262,-0.08199999999999996,-0.282
24058,0.0,0.0,0.0,1000.0,0,0,-0.242,-0.08199999999999996,-0.282
24059,0.0,0.0,0.0,1000.0,0,0,-0.22199999999999998,-0.08199999999999996,-0.282
24060,0.0,0.0,0.0,1000.0,0,0,-0.20199999999999996,-0.08199999999999996,-0.282
24061,0.0,0.0,0.0,1000.0,0,0,-0.182,-0.08199999999999996,-0.282
24062,0.0,0.0,0.0,1000.0,0,0,-0.16199999999999998,-0.08199999999999996,-0.282
24063,0.0,0.0,0.0,1000.0,0,0,-0.482,-0.062,-0.282
24064,0.0,0.0,0.0,1000.0,0,0,-0.46199999999999997,-0.062,-0.282
24065,0.0,0.0,0.0,1000.0,0,0,-0.442,-0.062,-0.282
24066,0.0,0.0,0.0,1000.0,0,0,-0.422,-0.062,-0.282
24067,0.0,0.0,0.0,1000.0,0,0,-0.40199999999999997,-0.062,-0.282
24068,0.0,0.0,0.0,1000.0,0,0,-0.382,-0.062,-0.282
24069,0.0,0.0,0.0,1000.0,0,0,-0.362,-0.062,-0.282
24070,0.0,0.0,0.0,1000.0,0,0,-0.34199999999999997,-0.062,-0.282
24071,0.0,0.0,0.0,1000.0,0,0,-0.32199999999999995,-0.062,-0.282
24072,0.0,0.0,0.0,1000.0,0,0,-0.302,-0.062,-0.282
24073,0.0,0.0,0.0,1000.0,0,0,-0.282,-0.062,-0.282
24074,0.0,0.0,0.0,1000.0,0,0,-0.262,-0.062,-0.282
24075,0.0,0.0,0.0,1000.0,0,0,-0.242,-0.062,-0.282
24076,0.0,0.0,0.0,1000.0,0,0,-0.22199999999999998,-0.062,-0.282
24077,0.0,0.0,0.0,1000.0,0,0,-0.20199999999999996,-0.062,-0.282
24078,0.0,0.0,0.0,1000.0,0,0,-0.182,-0.062,-0.282
24079,0.0,0.0,0.0,1000.0,0,0,-0.16199999999999998,-0.062,-0.282
24080,0.0,0.0,0.0,1000.0,0,0,-0.482,-0.04199999999999998,-0.282
24081,0.0,0.0,0.0,1000.0,0,0,-0.46199999999999997,-0.04199999999999998,-0.282
24082,0.0,0.0,0.0,1000.0,0,0,-0.442,-0.04199999999999998,-0.282
24083,0.0,0.0,0.0,1000.0,0,0,-0.422,-0.04199999999999998,-0.282
24084,0.0,0.0,0.0,1000.0,0,0,-0.40199999999999997,-0.04199999999999998,-0.282
24085,0.0,0.0,0.0,1000.0,0,0,-0.382,-0.04199999999999998,-0.282
24086,0.0,0.0,0.0,1000.0,0,0,-0.362,-0.04199999999999998,-0.282
24087,0.0,0.0,0.0,1000.0,0,0,-0.34199999999999997,-0.04199999999999998,-0.282
24088,0.0,0.0,0.0,1000.0,0,0,-0.32199999999999995,-0.04199999999999998,-0.282
24089,0.0,0.0,0.0,1000.0,0,0,-0.302,-0.04199999999999998,-0.282
24090,0.0,0.0,0.0,1000.0,0,0,-0.282,-0.04199999999999998,-0.282
24091,0.0,0.0,0.0,1000.0,0,0,-0.262,-0.04199999999999998,-0.282
24092,0.0,0.0,0.0,1000.0,0,0,-0.242,-0.04199999999999998,-0.282
24093,0.0,0.0,0.0,1000.0,0,0,-0.22199999999999998,-0.04199999999999998,-0.282
24094,0.0,0.0,0.0,1000.0,0,0,-0.20199999999999996,-0.04199999999999998,-0.282
24095,0.0,0.0,0.0,1000.0,0,0,-0.182,-0.04199999999999998,-0.282
24096,0.0,0.0,0.0,1000.0,0,0,-0.16199999999999998,-0.04199999999999998,-0.282
24097,0.0,0.0,0.0,1000.0,0,0,-0.482,-0.021999999999999964,-0.282
24098,0.0,0.0,0.0,1000.0,0,0,-0.46199999999999997,-0.021999999999999964,-0.282
24099,0.0,0.0,0.0,1000.0,0,0,-0.442,-0.021999999999999964,-0.282
24100,0.0,0.0,0.0,1000.0,0,0,-0.422,-0.021999999999999964,-0.282
24101,0.0,0.0,0.0,1000.0,0,0,-0.40199999999999997,-0.021999999999999964,-0.282
24102,0.0,0.0,0.0,1000.0,0,0,-0.382,-0.021999999999999964,-0.282
24103,0.0,0.0,0.0,1000.0,0,0,-0.362,-0.021999999999999964,-0.282
24104,0.0,0.0,0.0,1000.0,0,0,-0.34199999999999997,-0.021999999999999964,-0.282
24105,0.0,0.0,0.0,1000.0,0,0,-0.32199999999999995,-0.021999999999999964,-0.282
24106,0.0,0.0,0.0,1000.0,0,0,-0.302,-0.021999999999999964,-0.282
24107,0.0,0.0,0.0,1000.0,0,0,-0.282,-0.021999999999999964,-0.282
24108,0.0,0.0,0.0,1000.0,0,0,-0.262,-0.021999999999999964,-0.282
24109,0.0,0.0,0.0,1000.0,0,0,-0.242,-0.021999999999999964,-0.282
24110,0.0,0.0,0.0,1000.0,0,0,-0.22199999999999998,-0.021999999999999964,-0.282
24111,0.0,0.0,0.0,1000.0,0,0,-0.20199999999999996,-0.021999999999999964,-0.282
24112,0.0,0.0,0.0,1000.0,0,0,-0.182,-0.021999999999999964,-0.282
24113,0.0,0.0,0.0,1000.0,0,0,-0.16199999999999998,-0.021999999999999964,-0.282
24114,0.0,0.0,0.0,1000.0,0,0,-0.482,-0.0020000000000000018,-0.282
24115,0.0,0.0,0.0,1000.0,0,0,-0.46199999999999997,-0.0020000000000000018,-0.282
24116,0.0,0.0,0.0,1000.0,0,0,-0.442,-0.0020000000000000018,-0.282
24117,0.0,0.0,0.0,1000.0,0,0,-0.422,-0.0020000000000000018,-0.282
24118,0.0,0.0,0.0,1000.0,0,0,-0.40199999999999997,-0.0020000000000000018,-0.282
24119,0.0,0.0,0.0,1000.0,0,0,-0.382,-0.0020000000000000018,-0.282
24120,0.0,0.0,0.0,1000.0,0,0,-0.362,-0.0020000000000000018,-0.282
24121,0.0,0.0,0.0,1000.0,0,0,-0.34199999999999997,-0.0020000000000000018,-0.282
24122,0.0,0.0,0.0,1000.0,0,0,-0.32199999999999995,-0.0020000000000000018,-0.282
24123,0.0,0.0,0.0,1000.0,0,0,-0.302,-0.0020000000000000018,-0.282
24124,0.0,0.0,0.0,1000.0,0,0,-0.282,-0.0020000000000000018,-0.282
24125,0.0,0.0,0.0,1000.0,0,0,-0.262,-0.0020000000000000018,-0.282
24126,0.0,0.0,0.0,1000.0,0,0,-0.242,-0.0020000000000000018,-0.282
24127,0.0,0.0,0.0,1000.0,0,0,-0.22199999999999998,-0.0020000000000000018,-0.282
24128,0.0,0.0,0.0,1000.0,0,0,-0.20199999999999996,-0.0020000000000000018,-0.282
24129,0.0,0.0,0.0,1000.0,0,0,-0.182,-0.0020000000000000018,-0.282
24130,0.0,0.0,0.0,1000.0,0,0,-0.16199999999999998,-0.0020000000000000018,-0.282
24131,0.0,0.0,0.0,1000.0,0,0,-0.482,0.018000000000000016,-0.282
24132,0.0,0.0,0.0,1000.0,0,0,-0.46199999999999997,0.018000000000000016,-0.282
24133,0.0,0.0,0.0,1000.0,0,0,-0.442,0.018000000000000016,-0.282
24134,0.0,0.0,0.0,1000.0,0,0,-0.422,0.018000000000000016,-0.282
24135,0.0,0.0,0.0,1000.0,0,0,-0.40199999999999997,0.018000000000000016,-0.282
24136,0.0,0.0,0.0,1000.0,0,0,-0.382,0.018000000000000016,-0.282
24137,0.0,0.0,0.0,1000.0,0,0,-0.362,0.018000000000000016,-0.282
24138,0.0,0.0,0.0,1000.0,0,0,-0.34199999999999997,0.018000000000000016,-0.282
24139,0.0,0.0,0.0,1000.0,0,0,-0.32199999999999995,0.018000000000000016,-0.282
24140,0.0,0.0,0.0,1000.0,0,0,-0.302,0.018000000000000016,-0.282
24141,0.0,0.0,0.0,1000.0,0,0,-0.282,0.018000000000000016,-0.282
24142,0.0,0.0,0.0,1000.0,0,0,-0.262,0.018000000000000016,-0.282
24143,0.0,0.0,0.0,1000.0,0,0,-0.242,0.018000000000000016,-0.282
24144,0.0,0.0,0.0,1000.0,0,0,-0.22199999999999998,0.018000000000000016,-0.282
24145,0.0,0.0,0.0,1000.0,0,0,-0.20199999999999996,0.018000000000000016,-0.282
24146,0.0,0.0,0.0,1000.0,0,0,-0.182,0.018000000000000016,-0.282
24147,0.0,0.0,0.0,1000.0,0,0,-0.16199999999999998,0.018000000000000016,-0.282
24148,0.0,0.0,0.0,1000.0,0,0,-0.482,0.038000000000000034,-0.282
24149,0.0,0.0,0.0,1000.0,0,0,-0.46199999999999997,0.038000000000000034,-0.282
24150,0.0,0.0,0.0,1000.0,0,0,-0.442,0.038000000000000034,-0.282
24151,0.0,0.0,0.0,1000.0,0,0,-0.422,0.038000000000000034,-0.282
24152,0.0,0.0,0.0,1000.0,0,0,-0.40199999999999997,0.038000000000000034,-0.282
24153,0.0,0.0,0.0,1000.0,0,0,-0.382,0.038000000000000034,-0.282
24154,0.0,0.0,0.0,1000.0,0,0,-0.362,0.038000000000000034,-0.282
24155,0.0,0.0,0.0,1000.0,0,0,-0.34199999999999997,0.038000000000000034,-0.282
24156,0.0,0.0,0.0,1000.0,0,0,-0.32199999999999995,0.038000000000000034,-0.282
24157,0.0,0.0,0.0,1000.0,0,0,-0.302,0.038000000000000034,-0.282
24158,0.0,0.0,0.0,1000.0,0,0,-0.282,0.038000000000000034,-0.282
24159,0.0,0.0,0.0,1000.0,0,0,-0.262,0.038000000000000034,-0.282
24160,0.0,0.0,0.0,1000.0,0,0,-0.242,0.038000000000000034,-0.282
24161,0.0,0.0,0.0,1000.0,0,0,-0.22199999999999998,0.038000000000000034,-0.282
24162,0.0,0.0,0.0,1000.0,0,0,-0.20199999999999996,0.038000000000000034,-0.282
24163,0.0,0.0,0.0,1000.0,0,0,-0.182,0.038000000000000034,-0.282
24164,0.0,0.0,0.0,1000.0,0,0,-0.16199999999999998,0.038000000000000034,-0.282
24165,0.0,0.0,0.0,1000.0,0,0,-0.482,0.05800000000000005,-0.282
24166,0.0,0.0,0.0,1000.0,0,0,-0.46199999999999997,0.05800000000000005,-0.282
24167,0.0,0.0,0.0,1000.0,0,0,-0.442,0.05800000000000005,-0.282
24168,0.0,0.0,0.0,1000.0,0,0,-0.422,0.05800000000000005,-0.282
24169,0.0,0.0,0.0,1000.0,0,0,-0.40199999999999997,0.05800000000000005,-0.282
24170,0.0,0.0,0.0,1000.0,0,0,-0.382,0.05800000000000005,-0.282
24171,0.0,0.0,0.0,1000.0,0,0,-0.362,0.05800000000000005,-0.282
24172,0.0,0.0,0.0,1000.0,0,0,-0.34199999999999997,0.05800000000000005,-0.282
24173,0.0,0.0,0.0,1000.0,0,0,-0.32199999999999995,0.05800000000000005,-0.282
24174,0.0,0.0,0.0,1000.0,0,0,-0.302,0.05800000000000005,-0.282
24175,0.0,0.0,0.0,1000.0,0,0,-0.282,0.05800000000000005,-0.282
24176,0.0,0.0,0.0,1000.0,0,0,-0.262,0.05800000000000005,-0.282
24177,0.0,0.0,0.0,1000.0,0,0,-0.242,0.05800000000000005,-0.282
24178,0.0,0.0,0.0,1000.0,0,0,-0.22199999999999998,0.05800000000000005,-0.282
24179,0.0,0.0,0.0,1000.0,0,0,-0.20199999999999996,0.05800000000000005,-0.282
24180,0.0,0.0,0.0,1000.0,0,0,-0.182,0.05800000000000005,-0.282
24181,0.0,0.0,0.0,1000.0,0,0,-0.16199999999999998,0.05800000000000005,-0.282
24182,0.0,0.0,0.0,1000.0,0,0,-0.482,0.07800000000000007,-0.282
24183,0.0,0.0,0.0,1000.0,0,0,-0.46199999999999997,0.07800000000000007,-0.282
24184,0.0,0.0,0.0,1000.0,0,0,-0.442,0.07800000000000007,-0.282
24185,0.0,0.0,0.0,1000.0,0,0,-0.422,0.07800000000000007,-0.282
24186,0.0,0.0,0.0,1000.0,0,0,-0.40199999999999997,0.07800000000000007,-0.282
24187,0.0,0.0,0.0,1000.0,0,0,-0.382,0.07800000000000007,-0.282
24188,0.0,0.0,0.0,1000.0,0,0,-0.362,0.07800000000000007,-0.282
24189,0.0,0.0,0.0,1000.0,0,0,-0.34199999999999997,0.07800000000000007,-0.282
24190,0.0,0.0,0.0,1000.0,0,0,-0.32199999999999995,0.07800000000000007,-0.282
24191,0.0,0.0,0.0,1000.0,0,0,-0.302,0.07800000000000007,-0.282
24192,0.0,0.0,0.0,1000.0,0,0,-0.282,0.07800000000000007,-0.282
24193,0.0,0.0,0.0,1000.0,0,0,-0.262,0.07800000000000007,-0.282
24194,0.0,0.0,0.0,1000.0,0,0,-0.242,0.07800000000000007,-0.282
24195,0.0,0.0,0.0,1000.0,0,0,-0.22199999999999998,0.07800000000000007,-0.282
24196,0.0,0.0,0.0,1000.0,0,0,-0.20199999999999996,0.07800000000000007,-0.282
24197,0.0,0.0,0.0,1000.0,0,0,-0.182,0.07800000000000007,-0.282
24198,0.0,0.0,0.0,1000.0,0,0,-0.16199999999999998,0.07800000000000007,-0.282
24199,0.0,0.0,0.0,1000.0,0,0,-0.482,0.09799999999999998,-0.282
24200,0.0,0.0,0.0,1000.0,0,0,-0.46199999999999997,0.09799999999999998,-0.282
24201,0.0,0.0,0.0,1000.0,0,0,-0.442,0.09799999999999998,-0.282
24202,0.0,0.0,0.0,1000.0,0,0,-0.422,0.09799999999999998,-0.282
24203,0.0,0.0,0.0,1000.0,0,0,-0.40199999999999997,0.09799999999999998,-0.282
24204,0.0,0.0,0.0,1000.0,0,0,-0.382,0.09799999999999998,-0.282
24205,0.0,0.0,0.0,1000.0,0,0,-0.362,0.09799999999999998,-0.282
24206,0.0,0.0,0.0,1000.0,0,0,-0.34199999999999997,0.09799999999999998,-0.282
24207,0.0,0.0,0.0,1000.0,0,0,-0.32199999999999995,0.09799999999999998,-0.282
24208,0.0,0.0,0.0,1000.0,0,0,-0.302,0.09799999999999998,-0.282
24209,0.0,0.0,0.0,1000.0,0,0,-0.282,0.09799999999999998,-0.282
24210,0.0,0.0,0.0,1000.0,0,0,-0.262,0.09799999999999998,-0.282
24211,0.0,0.0,0.0,1000.0,0,0,-0.242,0.09799999999999998,-0.282
24212,0.0,0.0,0.0,1000.0,0,0,-0.22199999999999998,0.09799999999999998,-0.282
24213,0.0,0.0,0.0,1000.0,0,0,-0.20199999999999996,0.09799999999999998,-0.282
24214,0.0,0.0,0.0,1000.0,0,0,-0.182,0.09799999999999998,-0.282
24215,0.0,0.0,0.0,1000.0,0,0,-0.16199999999999998,0.09799999999999998,-0.282
24216,0.0,0.0,0.0,1000.0,0,0,-0.482,0.118,-0.282
24217,0.0,0.0,0.0,1000.0,0,0,-0.46199999999999997,0.118,-0.282
24218,0.0,0.0,0.0,1000.0,0,0,-0.442,0.118,-0.282
24219,0.0,0.0,0.0,1000.0,0,0,-0.422,0.118,-0.282
24220,0.0,0.0,0.0,1000.0,0,0,-0.40199999999999997,0.118,-0.282
24221,0.0,0.0,0.0,1000.0,0,0,-0.382,0.118,-0.282
24222,0.0,0.0,0.0,1000.0,0,0,-0.362,0.118,-0.282
24223,0.0,0.0,0.0,1000.0,0,0,-0.34199999999999997,0.118,-0.282
24224,0.0,0.0,0.0,1000.0,0,0,-0.32199999999999995,0.118,-0.282
24225,0.0,0.0,0.0,1000.0,0,0,-0.302,0.118,-0.282
24226,0.0,0.0,0.0,1000.0,0,0,-0.282,0.118,-0.282
24227,0.0,0.0,0.0,1000.0,0,0,-0.262,0.118,-0.282
24228,0.0,0.0,0.0,1000.0,0,0,-0.242,0.118,-0.282
24229,0.0,0.0,0.0,1000.0,0,0,-0.22199999999999998,0.118,-0.282
24230,0.0,0.0,0.0,1000.0,0,0,-0.20199999999999996,0.118,-0.282
24231,0.0,0.0,0.0,1000.0,0,0,-0.182,0.118,-0.282
24232,0.0,0.0,0.0,1000.0,0,0,-0.16199999999999998,0.118,-0.282
24233,0.0,0.0,0.0,1000.0,0,0,-0.482,0.138,-0.282
24234,0.0,0.0,0.0,1000.0,0,0,-0.46199999999999997,0.138,-0.282
24235,0.0,0.0,0.0,1000.0,0,0,-0.442,0.138,-0.282
24236,0.0,0.0,0.0,1000.0,0,0,-0.422,0.138,-0.282
24237,0.0,0.0,0.0,1000.0,0,0,-0.40199999999999997,0.138,-0.282
24238,0.0,0.0,0.0,1000.0,0,0,-0.382,0.138,-0.282
24239,0.0,0.0,0.0,1000.0,0,0,-0.362,0.138,-0.282
24240,0.0,0.0,0.0,1000.0,0,0,-0.34199999999999997,0.138,-0.282
24241,0.0,0.0,0.0,1000.0,0,0,-0.32199999999999995,0.138,-0.282
24242,0.0,0.0,0.0,1000.0,0,0,-0.302,0.138,-0.282
24243,0.0,0.0,0.0,1000.0,0,0,-0.282,0.138,-0.282
24244,0.0,0.0,0.0,1000.0,0,0,-0.262,0.138,-0.282
24245,0.0,0.0,0.0,1000.0,0,0,-0.242,0.138,-0.282
24246,0.0,0.0,0.0,1000.0,0,0,-0.22199999999999998,0.138,-0.282
24247,0.0,0.0,0.0,1000.0,0,0,-0.20199999999999996,0.138,-0.282
24248,0.0,0.0,0.0,1000.0,0,0,-0.182,0.138,-0.282
24249,0.0,0.0,0.0,1000.0,0,0,-0.16199999999999998,0.138,-0.282
24250,0.0,0.0,0.0,1000.0,0,0,-0.482,0.15800000000000003,-0.282
24251,0.0,0.0,0.0,1000.0,0,0,-0.46199999999999997,0.15800000000000003,-0.282
24252,0.0,0.0,0.0,1000.0,0,0,-0.442,0.15800000000000003,-0.282
24253,0.0,0.0,0.0,1000.0,0,0,-0.422,0.15800000000000003,-0.282
24254,0.0,0.0,0.0,1000.0,0,0,-0.40199999999999997,0.15800000000000003,-0.282
24255,0.0,0.0,0.0,1000.0,0,0,-0.382,0.15800000000000003,-0.282
24256,0.0,0.0,0.0,1000.0,0,0,-0.362,0.15800000000000003,-0.282
24257,0.0,0.0,0.0,1000.0,0,0,-0.34199999999999997,0.15800000000000003,-0.282
24258,0.0,0.0,0.0,1000.0,0,0,-0.32199999999999995,0.15800000000000003,-0.282
24259,0.0,0.0,0.0,1000.0,0,0,-0.302,0.15800000000000003,-0.282
24260,0.0,0.0,0.0,1000.0,0,0,-0.282,0.15800000000000003,-0.282
24261,0.0,0.0,0.0,1000.0,0,0,-0.262,0.15800000000000003,-0.282
24262,0.0,0.0,0.0,1000.0,0,0,-0.242,0.15800000000000003,-0.282
24263,0.0,0.0,0.0,1000.0,0,0,-0.22199999999999998,0.15800000000000003,-0.282
24264,0.0,0.0,0.0,1000.0,0,0,-0.20199999999999996,0.15800000000000003,-0.282
24265,0.0,0.0,0.0,1000.0,0,0,-0.182,0.15800000000000003,-0.282
24266,0.0,0.0,0.0,1000.0,0,0,-0.16199999999999998,0.15800000000000003,-0.282
24267,0.0,0.0,0.0,1000.0,0,0,-0.482,0.17800000000000005,-0.282
24268,0.0,0.0,0.0,1000.0,0,0,-0.46199999999999997,0.17800000000000005,-0.282
24269,0.0,0.0,0.0,1000.0,0,0,-0.442,0.17800000000000005,-0.282
24270,0.0,0.0,0.0,1000.0,0,0,-0.422,0.17800000000000005,-0.282
24271,0.0,0.0,0.0,1000.0,0,0,-0.40199999999999997,0.17800000000000005,-0.282
24272,0.0,0.0,0.0,1000.0,0,0,-0.382,0.17800000000000005,-0.282
24273,0.0,0.0,0.0,1000.0,0,0,-0.362,0.17800000000000005,-0.282
24274,0.0,0.0,0.0,1000.0,0,0,-0.34199999999999997,0.17800000000000005,-0.282
24275,0.0,0.0,0.0,1000.0,0,0,-0.32199999999999995,0.17800000000000005,-0.282
24276,0.0,0.0,0.0,1000.0,0,0,-0.302,0.17800000000000005,-0.282
24277,0.0,0.0,0.0,1000.0,0,0,-0.282,0.17800000000000005,-0.282
24278,0.0,0.0,0.0,1000.0,0,0,-0.262,0.17800000000000005,-0.282
24279,0.0,0.0,0.0,1000.0,0,0,-0.242,0.17800000000000005,-0.282
24280,0.0,0.0,0.0,1000.0,0,0,-0.22199999999999998,0.17800000000000005,-0.282
24281,0.0,0.0,0.0,1000.0,0,0,-0.20199999999999996,0.17800000000000005,-0.282
24282,0.0,0.0,0.0,1000.0,0,0,-0.182,0.17800000000000005,-0.282
24283,0.0,0.0,0.0,1000.0,0,0,-0.16199999999999998,0.17800000000000005,-0.282
24284,0.0,0.0,0.0,1000.0,0,0,-0.482,0.19800000000000006,-0.282
24285,0.0,0.0,0.0,1000.0,0,0,-0.46199999999999997,0.19800000000000006,-0.282
24286,0.0,0.0,0.0,1000.0,0,0,-0.442,0.19800000000000006,-0.282
24287,0.0,0.0,0.0,1000.0,0,0,-0.422,0.19800000000000006,-0.282
24288,0.0,0.0,0.0,1000.0,0,0,-0.40199999999999997,0.19800000000000006,-0.282
24289,0.0,0.0,0.0,1000.0,0,0,-0.382,0.19800000000000006,-0.282
24290,0.0,0.0,0.0,1000.0,0,0,-0.362,0.19800000000000006,-0.282
24291,0.0,0.0,0.0,1000.0,0,0,-0.34199999999999997,0.19800000000000006,-0.282
24292,0.0,0.0,0.0,1000.0,0,0,-0.32199999999999995,0.19800000000000006,-0.282
24293,0.0,0.0,0.0,1000.0,0,0,-0.302,0.19800000000000006,-0.282
24294,0.0,0.0,0.0,1000.0,0,0,-0.282,0.19800000000000006,-0.282
24295,0.0,0.0,0.0,1000.0,0,0,-0.262,0.19800000000000006,-0.282
24296,0.0,0.0,0.0,1000.0,0,0,-0.242,0.19800000000000006,-0.282
24297,0.0,0.0,0.0,1000.0,0,0,-0.22199999999999998,0.19800000000000006,-0.282
24298,0.0,0.0,0.0,1000.0,0,0,-0.20199999999999996,0.19800000000000006,-0.282
24299,0.0,0.0,0.0,1000.0,0,0,-0.182,0.19800000000000006,-0.282
24300,0.0,0.0,0.0,1000.0,0,0,-0.16199999999999998,0.19800000000000006,-0.282
24301,0.0,0.0,0.0,1000.0,0,0,-0.482,0.21800000000000008,-0.282
24302,0.0,0.0,0.0,1000.0,0,0,-0.46199999999999997,0.21800000000000008,-0.282
24303,0.0,0.0,0.0,1000.0,0,0,-0.442,0.21800000000000008,-0.282
24304,0.0,0.0,0.0,1000.0,0,0,-0.422,0.21800000000000008,-0.282
24305,0.0,0.0,0.0,1000.0,0,0,-0.40199999999999997,0.21800000000000008,-0.282
24306,0.0,0.0,0.0,1000.0,0,0,-0.382,0.21800000000000008,-0.282
24307,0.0,0.0,0.0,1000.0,0,0,-0.362,0.21800000000000008,-0.282
24308,0.0,0.0,0.0,1000.0,0,0,-0.34199999999999997,0.21800000000000008,-0.282
24309,0.0,0.0,0.0,1000.0,0,0,-0.32199999999999995,0.21800000000000008,-0.282
24310,0.0,0.0,0.0,1000.0,0,0,-0.302,0.21800000000000008,-0.282
24311,0.0,0.0,0.0,1000.0,0,0,-0.282,0.21800000000000008,-0.282
24312,0.0,0.0,0.0,1000.0,0,0,-0.262,0.21800000000000008,-0.282
24313,0.0,0.0,0.0,1000.0,0,0,-0.242,0.21800000000000008,-0.282
24314,0.0,0.0,0.0,1000.0,0,0,-0.22199999999999998,0.21800000000000008,-0.282
24315,0.0,0.0,0.0,1000.0,0,0,-0.20199999999999996,0.21800000000000008,-0.282
24316,0.0,0.0,0.0,1000.0,0,0,-0.182,0.21800000000000008,-0.282
24317,0.0,0.0,0.0,1000.0,0,0,-0.16199999999999998,0.21800000000000008,-0.282
24318,0.0,0.0,0.0,1000.0,0,0,-0.482,0.238,-0.282
24319,0.0,0.0,0.0,1000.0,0,0,-0.46199999999999997,0.238,-0.282
24320,0.0,0.0,0.0,1000.0,0,0,-0.442,0.238,-0.282
24321,0.0,0.0,0.0,1000.0,0,0,-0.422,0.238,-0.282
24322,0.0,0.0,0.0,1000.0,0,0,-0.40199999999999997,0.238,-0.282
24323,0.0,0.0,0.0,1000.0,0,0,-0.382,0.238,-0.282
24324,0.0,0.0,0.0,1000.0,0,0,-0.362,0.238,-0.282
24325,0.0,0.0,0.0,1000.0,0,0,-0.34199999999999997,0.238,-0.282
24326,0.0,0.0,0.0,1000.0,0,0,-0.32199999999999995,0.238,-0.282
24327,0.0,0.0,0.0,1000.0,0,0,-0.302,0.238,-0.282
24328,0.0,0.0,0.0,1000.0,0,0,-0.282,0.238,-0.282
24329,0.0,0.0,0.0,1000.0,0,0,-0.262,0.238,-0.282
24330,0.0,0.0,0.0,1000.0,0,0,-0.242,0.238,-0.282
24331,0.0,0.0,0.0,1000.0,0,0,-0.22199999999999998,0.238,-0.282
24332,0.0,0.0,0.0,1000.0,0,0,-0.20199999999999996,0.238,-0.282
24333,0.0,0.0,0.0,1000.0,0,0,-0.182,0.238,-0.282
24334,0.0,0.0,0.0,1000.0,0,0,-0.16199999999999998,0.238,-0.282
24335,0.0,0.0,0.0,1000.0,0,0,-0.482,0.258,-0.282
24336,0.0,0.0,0.0,1000.0,0,0,-0.46199999999999997,0.258,-0.282
24337,0.0,0.0,0.0,1000.0,0,0,-0.442,0.258,-0.282
24338,0.0,0.0,0.0,1000.0,0,0,-0.422,0.258,-0.282
24339,0.0,0.0,0.0,1000.0,0,0,-0.40199999999999997,0.258,-0.282
24340,0.0,0.0,0.0,1000.0,0,0,-0.382,0.258,-0.282
24341,0.0,0.0,0.0,1000.0,0,0,-0.362,0.258,-0.282
24342,0.0,0.0,0.0,1000.0,0,0,-0.34199999999999997,0.258,-0.282
24343,0.0,0.0,0.0,1000.0,0,0,-0.32199999999999995,0.258,-0.282
24344,0.0,0.0,0.0,1000.0,0,0,-0.302,0.258,-0.282
24345,0.0,0.0,0.0,1000.0,0,0,-0.282,0.258,-0.282
24346,0.0,0.0,0.0,1000.0,0,0,-0.262,0.258,-0.282
24347,0.0,0.0,0.0,1000.0,0,0,-0.242,0.258,-0.282
24348,0.0,0.0,0.0,1000.0,0,0,-0.22199999999999998,0.258,-0.282
24349,0.0,0.0,0.0,1000.0,0,0,-0.20199999999999996,0.258,-0.282
24350,0.0,0.0,0.0,1000.0,0,0,-0.182,0.258,-0.282
24351,0.0,0.0,0.0,1000.0,0,0,-0.16199999999999998,0.258,-0.282
24352,0.0,0.0,0.0,1000.0,0,0,-0.482,0.278,-0.282
24353,0.0,0.0,0.0,1000.0,0,0,-0.46199999999999997,0.278,-0.282
24354,0.0,0.0,0.0,1000.0,0,0,-0.442,0.278,-0.282
24355,0.0,0.0,0.0,1000.0,0,0,-0.422,0.278,-0.282
24356,0.0,0.0,0.0,1000.0,0,0,-0.40199999999999997,0.278,-0.282
24357,0.0,0.0,0.0,1000.0,0,0,-0.382,0.278,-0.282
24358,0.0,0.0,0.0,1000.0,0,0,-0.362,0.278,-0.282
24359,0.0,0.0,0.0,1000.0,0,0,-0.34199999999999997,0.278,-0.282
24360,0.0,0.0,0.0,1000.0,0,0,-0.32199999999999995,0.278,-0.282
24361,0.0,0.0,0.0,1000.0,0,0,-0.302,0.278,-0.282
24362,0.0,0.0,0.0,1000.0,0,0,-0.282,0.278,-0.282
24363,0.0,0.0,0.0,1000.0,0,0,-0.262,0.278,-0.282
24364,0.0,0.0,0.0,1000.0,0,0,-0.242,0.278,-0.282
24365,0.0,0.0,0.0,1000.0,0,0,-0.22199999999999998,0.278,-0.282
24366,0.0,0.0,0.0,1000.0,0,0,-0.20199999999999996,0.278,-0.282
24367,0.0,0.0,0.0,1000.0,0,0,-0.182,0.278,-0.282
24368,0.0,0.0,0.0,1000.0,0,0,-0.16199999999999998,0.278,-0.282
24369,0.0,0.0,0.0,1000.0,0,0,-0.482,0.29800000000000004,-0.282
24370,0.0,0.0,0.0,1000.0,0,0,-0.46199999999999997,0.29800000000000004,-0.282
24371,0.0,0.0,0.0,1000.0,0,0,-0.442,0.29800000000000004,-0.282
24372,0.0,0.0,0.0,1000.0,0,0,-0.422,0.29800000000000004,-0.282
24373,0.0,0.0,0.0,1000.0,0,0,-0.40199999999999997,0.29800000000000004,-0.282
24374,0.0,0.0,0.0,1000.0,0,0,-0.382,0.29800000000000004,-0.282
24375,0.0,0.0,0.0,1000.0,0,0,-0.362,0.29800000000000004,-0.282
24376,0.0,0.0,0.0,1000.0,0,0,-0.34199999999999997,0.29800000000000004,-0.282
24377,0.0,0.0,0.0,1000.0,0,0,-0.32199999999999995,0.29800000000000004,-0.282
24378,0.0,0.0,0.0,1000.0,0,0,-0.302,0.29800000000000004,-0.282
24379,0.0,0.0,0.0,1000.0,0,0,-0.282,0.29800000000000004,-0.282
24380,0.0,0.0,0.0,1000.0,0,0,-0.262,0.29800000000000004,-0.282
24381,0.0,0.0,0.0,1000.0,0,0,-0.242,0.29800000000000004,-0.282
24382,0.0,0.0,0.0,1000.0,0,0,-0.22199999999999998,0.29800000000000004,-0.282
24383,0.0,0.0,0.0,1000.0,0,0,-0.20199999999999996,0.29800000000000004,-0.282
24384,0.0,0.0,0.0,1000.0,0,0,-0.182,0.29800000000000004,-0.282
24385,0.0,0.0,0.0,1000.0,0,0,-0.16199999999999998,0.29800000000000004,-0.282
24386,0.0,0.0,0.0,1000.0,0,0,-0.482,0.31800000000000006,-0.282
24387,0.0,0.0,0.0,1000.0,0,0,-0.46199999999999997,0.31800000000000006,-0.282
24388,0.0,0.0,0.0,1000.0,0,0,-0.442,0.31800000000000006,-0.282
24389,0.0,0.0,0.0,1000.0,0,0,-0.422,0.31800000000000006,-0.282
24390,0.0,0.0,0.0,1000.0,0,0,-0.40199999999999997,0.31800000000000006,-0.282
24391,0.0,0.0,0.0,1000.0,0,0,-0.382,0.31800000000000006,-0.282
24392,0.0,0.0,0.0,1000.0,0,0,-0.362,0.31800000000000006,-0.282
24393,0.0,0.0,0.0,1000.0,0,0,-0.34199999999999997,0.31800000000000006,-0.282
24394,0.0,0.0,0.0,1000.0,0,0,-0.32199999999999995,0.31800000000000006,-0.282
24395,0.0,0.0,0.0,1000.0,0,0,-0.302,0.31800000000000006,-0.282
24396,0.0,0.0,0.0,1000.0,0,0,-0.282,0.31800000000000006,-0.282
24397,0.0,0.0,0.0,1000.0,0,0,-0.262,0.31800000000000006,-0.282
24398,0.0,0.0,0.0,1000.0,0,0,-0.242,0.31800000000000006,-0.282
24399,0.0,0.0,0.0,1000.0,0,0,-0.22199999999999998,0.31800000000000006,-0.282
24400,0.0,0.0,0.0,1000.0,0,0,-0.20199999999999996,0.31800000000000006,-0.282
24401,0.0,0.0,0.0,1000.0,0,0,-0.182,0.31800000000000006,-0.282
24402,0.0,0.0,0.0,1000.0,0,0,-0.16199999999999998,0.31800000000000006,-0.282
24403,0.0,0.0,0.0,1000.0,0,0,-0.482,0.3380000000000001,-0.282
24404,0.0,0.0,0.0,1000.0,0,0,-0.46199999999999997,0.3380000000000001,-0.282
24405,0.0,0.0,0.0,1000.0,0,0,-0.442,0.3380000000000001,-0.282
24406,0.0,0.0,0.0,1000.0,0,0,-0.422,0.3380000000000001,-0.282
24407,0.0,0.0,0.0,1000.0,0,0,-0.40199999999999997,0.3380000000000001,-0.282
24408,0.0,0.0,0.0,1000.0,0,0,-0.382,0.3380000000000001,-0.282
24409,0.0,0.0,0.0,1000.0,0,0,-0.362,0.3380000000000001,-0.282
24410,0.0,0.0,0.0,1000.0,0,0,-0.34199999999999997,0.3380000000000001,-0.282
24411,0.0,0.0,0.0,1000.0,0,0,-0.32199999999999995,0.3380000000000001,-0.282
24412,0.0,0.0,0.0,1000.0,0,0,-0.302,0.3380000000000001,-0.282
24413,0.0,0.0,0.0,1000.0,0,0,-0.282,0.3380000000000001,-0.282
24414,0.0,0.0,0.0,1000.0,0,0,-0.262,0.3380000000000001,-0.282
24415,0.0,0.0,0.0,1000.0,0,0,-0.242,0.3380000000000001,-0.282
24416,0.0,0.0,0.0,1000.0,0,0,-0.22199999999999998,0.3380000000000001,-0.282
24417,0.0,0.0,0.0,1000.0,0,0,-0.20199999999999996,0.3380000000000001,-0.282
24418,0.0,0.0,0.0,1000.0,0,0,-0.182,0.3380000000000001,-0.282
24419,0.0,0.0,0.0,1000.0,0,0,-0.16199999999999998,0.3380000000000001,-0.282
24420,0.0,0.0,0.0,1000.0,0,0,-0.482,0.358,-0.282
24421,0.0,0.0,0.0,1000.0,0,0,-0.46199999999999997,0.358,-0.282
24422,0.0,0.0,0.0,1000.0,0,0,-0.442,0.358,-0.282
24423,0.0,0.0,0.0,1000.0,0,0,-0.422,0.358,-0.282
24424,0.0,0.0,0.0,1000.0,0,0,-0.40199999999999997,0.358,-0.282
24425,0.0,0.0,0.0,1000.0,0,0,-0.382,0.358,-0.282
24426,0.0,0.0,0.0,1000.0,0,0,-0.362,0.358,-0.282
24427,0.0,0.0,0.0,1000.0,0,0,-0.34199999999999997,0.358,-0.282
24428,0.0,0.0,0.0,1000.0,0,0,-0.32199999999999995,0.358,-0.282
24429,0.0,0.0,0.0,1000.0,0,0,-0.302,0.358,-0.282
24430,0.0,0.0,0.0,1000.0,0,0,-0.282,0.358,-0.282
24431,0.0,0.0,0.0,1000.0,0,0,-0.262,0.358,-0.282
24432,0.0,0.0,0.0,1000.0,0,0,-0.242,0.358,-0.282
24433,0.0,0.0,0.0,1000.0,0,0,-0.22199999999999998,0.358,-0.282
24434,0.0,0.0,0.0,1000.0,0,0,-0.20199999999999996,0.358,-0.282
24435,0.0,0.0,0.0,1000.0,0,0,-0.182,0.358,-0.282
24436,0.0,0.0,0.0,1000.0,0,0,-0.16199999999999998,0.358,-0.282
24437,0.0,0.0,0.0,1000.0,0,0,-0.482,0.378,-0.282
24438,0.0,0.0,0.0,1000.0,0,0,-0.46199999999999997,0.378,-0.282
24439,0.0,0.0,0.0,1000.0,0,0,-0.442,0.378,-0.282
24440,0.0,0.0,0.0,1000.0,0,0,-0.422,0.378,-0.282
24441,0.0,0.0,0.0,1000.0,0,0,-0.40199999999999997,0.378,-0.282
24442,0.0,0.0,0.0,1000.0,0,0,-0.382,0.378,-0.282
24443,0.0,0.0,0.0,1000.0,0,0,-0.362,0.378,-0.282
24444,0.0,0.0,0.0,1000.0,0,0,-0.34199999999999997,0.378,-0.282
24445,0.0,0.0,0.0,1000.0,0,0,-0.32199999999999995,0.378,-0.282
24446,0.0,0.0,0.0,1000.0,0,0,-0.302,0.378,-0.282
24447,0.0,0.0,0.0,1000.0,0,0,-0.282,0.378,-0.282
24448,0.0,0.0,0.0,1000.0,0,0,-0.262,0.378,-0.282
24449,0.0,0.0,0.0,1000.0,0,0,-0.242,0.378,-0.282
24450,0.0,0.0,0.0,1000.0,0,0,-0.22199999999999998,0.378,-0.282
24451,0.0,0.0,0.0,1000.0,0,0,-0.20199999999999996,0.378,-0.282
24452,0.0,0.0,0.0,1000.0,0,0,-0.182,0.378,-0.282
24453,0.0,0.0,0.0,1000.0,0,0,-0.16199999999999998,0.378,-0.282
24454,0.0,0.0,0.0,1000.0,0,0,-0.482,0.398,-0.282
24455,0.0,0.0,0.0,1000.0,0,0,-0.46199999999999997,0.398,-0.282
24456,0.0,0.0,0.0,1000.0,0,0,-0.442,0.398,-0.282
24457,0.0,0.0,0.0,1000.0,0,0,-0.422,0.398,-0.282
24458,0.0,0.0,0.0,1000.0,0,0,-0.40199999999999997,0.398,-0.282
24459,0.0,0.0,0.0,1000.0,0,0,-0.382,0.398,-0.282
24460,0.0,0.0,0.0,1000.0,0,0,-0.362,0.398,-0.282
24461,0.0,0.0,0.0,1000.0,0,0,-0.34199999999999997,0.398,-0.282
24462,0.0,0.0,0.0,1000.0,0,0,-0.32199999999999995,0.398,-0.282
24463,0.0,0.0,0.0,1000.0,0,0,-0.302,0.398,-0.282
24464,0.0,0.0,0.0,1000.0,0,0,-0.282,0.398,-0.282
24465,0.0,0.0,0.0,1000.0,0,0,-0.262,0.398,-0.282
24466,0.0,0.0,0.0,1000.0,0,0,-0.242,0.398,-0.282
24467,0.0,0.0,0.0,1000.0,0,0,-0.22199999999999998,0.398,-0.282
24468,0.0,0.0,0.0,1000.0,0,0,-0.20199999999999996,0.398,-0.282
24469,0.0,0.0,0.0,1000.0,0,0,-0.182,0.398,-0.282
24470,0.0,0.0,0.0,1000.0,0,0,-0.16199999999999998,0.398,-0.282
24471,0.0,0.0,0.0,1000.0,0,0,-0.482,0.41800000000000004,-0.282
24472,0.0,0.0,0.0,1000.0,0,0,-0.46199999999999997,0.41800000000000004,-0.282
24473,0.0,0.0,0.0,1000.0,0,0,-0.442,0.41800000000000004,-0.282
24474,0.0,0.0,0.0,1000.0,0,0,-0.422,0.41800000000000004,-0.282
24475,0.0,0.0,0.0,1000.0,0,0,-0.40199999999999997,0.41800000000000004,-0.282
24476,0.0,0.0,0.0,1000.0,0,0,-0.382,0.41800000000000004,-0.282
24477,0.0,0.0,0.0,1000.0,0,0,-0.362,0.41800000000000004,-0.282
24478,0.0,0.0,0.0,1000.0,0,0,-0.34199999999999997,0.41800000000000004,-0.282
24479,0.0,0.0,0.0,1000.0,0,0,-0.32199999999999995,0.41800000000000004,-0.282
24480,0.0,0.0,0.0,1000.0,0,0,-0.302,0.41800000000000004,-0.282
24481,0.0,0.0,0.0,1000.0,0,0,-0.282,0.41800000000000004,-0.282
24482,0.0,0.0,0.0,1000.0,0,0,-0.262,0.41800000000000004,-0.282
24483,0.0,0.0,0.0,1000.0,0,0,-0.242,0.41800000000000004,-0.282
24484,0.0,0.0,0.0,1000.0,0,0,-0.22199999999999998,0.41800000000000004,-0.282
24485,0.0,0.0,0.0,1000.0,0,0,-0.20199999999999996,0.41800000000000004,-0.282
24486,0.0,0.0,0.0,1000.0,0,0,-0.182,0.41800000000000004,-0.282
24487,0.0,0.0,0.0,1000.0,0,0,-0.16199999999999998,0.41800000000000004,-0.282
24488,0.0,0.0,0.0,1000.0,0,0,-0.482,0.43800000000000006,-0.282
24489,0.0,0.0,0.0,1000.0,0,0,-0.46199999999999997,0.43800000000000006,-0.282
24490,0.0,0.0,0.0,1000.0,0,0,-0.442,0.43800000000000006,-0.282
24491,0.0,0.0,0.0,1000.0,0,0,-0.422,0.43800000000000006,-0.282
24492,0.0,0.0,0.0,1000.0,0,0,-0.40199999999999997,0.43800000000000006,-0.282
24493,0.0,0.0,0.0,1000.0,0,0,-0.382,0.43800000000000006,-0.282
24494,0.0,0.0,0.0,1000.0,0,0,-0.362,0.43800000000000006,-0.282
24495,0.0,0.0,0.0,1000.0,0,0,-0.34199999999999997,0.43800000000000006,-0.282
24496,0.0,0.0,0.0,1000.0,0,0,-0.32199999999999995,0.43800000000000006,-0.282
24497,0.0,0.0,0.0,1000.0,0,0,-0.302,0.43800000000000006,-0.282
24498,0.0,0.0,0.0,1000.0,0,0,-0.282,0.43800000000000006,-0.282
24499,0.0,0.0,0.0,1000.0,0,0,-0.262,0.43800000000000006,-0.282
24500,0.0,0.0,0.0,1000.0,0,0,-0.242,0.43800000000000006,-0.282
24501,0.0,0.0,0.0,1000.0,0,0,-0.22199999999999998,0.43800000000000006,-0.282
24502,0.0,0.0,0.0,1000.0,0,0,-0.20199999999999996,0.43800000000000006,-0.282
24503,0.0,0.0,0.0,1000.0,0,0,-0.182,0.43800000000000006,-0.282
24504,0.0,0.0,0.0,1000.0,0,0,-0.16199999999999998,0.43800000000000006,-0.282
24505,0.0,0.0,0.0,1000.0,0,0,-0.482,0.4580000000000001,-0.282
24506,0.0,0.0,0.0,1000.0,0,0,-0.46199999999999997,0.4580000000000001,-0.282
24507,0.0,0.0,0.0,1000.0,0,0,-0.442,0.4580000000000001,-0.282
24508,0.0,0.0,0.0,1000.0,0,0,-0.422,0.4580000000000001,-0.282
24509,0.0,0.0,0.0,1000.0,0,0,-0.40199999999999997,0.4580000000000001,-0.282
24510,0.0,0.0,0.0,1000.0,0,0,-0.382,0.4580000000000001,-0.282
24511,0.0,0.0,0.0,1000.0,0,0,-0.362,0.4580000000000001,-0.282
24512,0.0,0.0,0.0,1000.0,0,0,-0.34199999999999997,0.4580000000000001,-0.282
24513,0.0,0.0,0.0,1000.0,0,0,-0.32199999999999995,0.4580000000000001,-0.282
24514,0.0,0.0,0.0,1000.0,0,0,-0.302,0.4580000000000001,-0.282
24515,0.0,0.0,0.0,1000.0,0,0,-0.282,0.4580000000000001,-0.282
24516,0.0,0.0,0.0,1000.0,0,0,-0.262,0.4580000000000001,-0.282
24517,0.0,0.0,0.0,1000.0,0,0,-0.242,0.4580000000000001,-0.282
24518,0.0,0.0,0.0,1000.0,0,0,-0.22199999999999998,0.4580000000000001,-0.282
24519,0.0,0.0,0.0,1000.0,0,0,-0.20199999999999996,0.4580000000000001,-0.282
24520,0.0,0.0,0.0,1000.0,0,0,-0.182,0.4580000000000001,-0.282
24521,0.0,0.0,0.0,1000.0,0,0,-0.16199999999999998,0.4580000000000001,-0.282
24522,0.0,0.0,0.0,1000.0,0,0,-0.482,0.478,-0.282
24523,0.0,0.0,0.0,1000.0,0,0,-0.46199999999999997,0.478,-0.282
24524,0.0,0.0,0.0,1000.0,0,0,-0.442,0.478,-0.282
24525,0.0,0.0,0.0,1000.0,0,0,-0.422,0.478,-0.282
24526,0.0,0.0,0.0,1000.0,0,0,-0.40199999999999997,0.478,-0.282
24527,0.0,0.0,0.0,1000.0,0,0,-0.382,0.478,-0.282
24528,0.0,0.0,0.0,1000.0,0,0,-0.362,0.478,-0.282
24529,0.0,0.0,0.0,1000.0,0,0,-0.34199999999999997,0.478,-0.282
24530,0.0,0.0,0.0,1000.0,0,0,-0.32199999999999995,0.478,-0.282
24531,0.0,0.0,0.0,1000.0,0,0,-0.302,0.478,-0.282
24532,0.0,0.0,0.0,1000.0,0,0,-0.282,0.478,-0.282
24533,0.0,0.0,0.0,1000.0,0,0,-0.262,0.478,-0.282
24534,0.0,0.0,0.0,1000.0,0,0,-0.242,0.478,-0.282
24535,0.0,0.0,0.0,1000.0,0,0,-0.22199999999999998,0.478,-0.282
24536,0.0,0.0,0.0,1000.0,0,0,-0.20199999999999996,0.478,-0.282
24537,0.0,0.0,0.0,1000.0,0,0,-0.182,0.478,-0.282
24538,0.0,0.0,0.0,1000.0,0,0,-0.16199999999999998,0.478,-0.282
24539,0.0,0.0,0.0,1000.0,0,0,-0.482,-0.482,-0.262
24540,0.0,0.0,0.0,1000.0,0,0,-0.46199999999999997,-0.482,-0.262
24541,0.0,0.0,0.0,1000.0,0,0,-0.442,-0.482,-0.262
24542,0.0,0.0,0.0,1000.0,0,0,-0.422,-0.482,-0.262
24543,0.0,0.0,0.0,1000.0,0,0,-0.40199999999999997,-0.482,-0.262
24544,0.0,0.0,0.0,1000.0,0,0,-0.382,-0.482,-0.262
24545,0.0,0.0,0.0,1000.0,0,0,-0.362,-0.482,-0.262
24546,0.0,0.0,0.0,1000.0,0,0,-0.34199999999999997,-0.482,-0.262
24547,0.0,0.0,0.0,1000.0,0,0,-0.32199999999999995,-0.482,-0.262
24548,0.0,0.0,0.0,1000.0,0,0,-0.302,-0.482,-0.262
24549,0.0,0.0,0.0,1000.0,0,0,-0.282,-0.482,-0.262
24550,0.0,0.0,0.0,1000.0,0,0,-0.262,-0.482,-0.262
24551,0.0,0.0,0.0,1000.0,0,0,-0.242,-0.482,-0.262
24552,0.0,0.0,0.0,1000.0,0,0,-0.22199999999999998,-0.482,-0.262
24553,0.0,0.0,0.0,1000.0,0,0,-0.20199999999999996,-0.482,-0.262
24554,0.0,0.0,0.0,1000.0,0,0,-0.182,-0.482,-0.262
24555,0.0,0.0,0.0,1000.0,0,0,-0.16199999999999998,-0.482,-0.262
24556,0.0,0.0,0.0,1000.0,0,0,-0.482,-0.46199999999999997,-0.262
24557,0.0,0.0,0.0,1000.0,0,0,-0.46199999999999997,-0.46199999999999997,-0.262
24558,0.0,0.0,0.0,1000.0,0,0,-0.442,-0.46199999999999997,-0.262
24559,0.0,0.0,0.0,1000.0,0,0,-0.422,-0.46199999999999997,-0.262
24560,0.0,0.0,0.0,1000.0,0,0,-0.40199999999999997,-0.46199999999999997,-0.262
24561,0.0,0.0,0.0,1000.0,0,0,-0.382,-0.46199999999999997,-0.262
24562,0.0,0.0,0.0,1000.0,0,0,-0.362,-0.46199999999999997,-0.262
24563,0.0,0.0,0.0,1000.0,0,0,-0.34199999999999997,-0.46199999999999997,-0.262
24564,0.0,0.0,0.0,1000.0,0,0,-0.32199999999999995,-0.46199999999999997,-0.262
24565,0.0,0.0,0.0,1000.0,0,0,-0.302,-0.46199999999999997,-0.262
24566,0.0,0.0,0.0,1000.0,0,0,-0.282,-0.46199999999999997,-0.262
24567,0.0,0.0,0.0,1000.0,0,0,-0.262,-0.46199999999999997,-0.262
24568,0.0,0.0,0.0,1000.0,0,0,-0.242,-0.46199999999999997,-0.262
24569,0.0,0.0,0.0,1000.0,0,0,-0.22199999999999998,-0.46199999999999997,-0.262
24570,0.0,0.0,0.0,1000.0,0,0,-0.20199999999999996,-0.46199999999999997,-0.262
24571,0.0,0.0,0.0,1000.0,0,0,-0.182,-0.46199999999999997,-0.262
24572,0.0,0.0,0.0,1000.0,0,0,-0.16199999999999998,-0.46199999999999997,-0.262
24573,0.0,0.0,0.0,1000.0,0,0,-0.482,-0.442,-0.262
24574,0.0,0.0,0.0,1000.0,0,0,-0.46199999999999997,-0.442,-0.262
24575,0.0,0.0,0.0,1000.0,0,0,-0.442,-0.442,-0.262
24576,0.0,0.0,0.0,1000.0,0,0,-0.422,-0.442,-0.262
24577,0.0,0.0,0.0,1000.0,0,0,-0.40199999999999997,-0.442,-0.262
24578,0.0,0.0,0.0,1000.0,0,0,-0.382,-0.442,-0.262
24579,0.0,0.0,0.0,1000.0,0,0,-0.362,-0.442,-0.262
24580,0.0,0.0,0.0,1000.0,0,0,-0.34199999999999997,-0.442,-0.262
24581,0.0,0.0,0.0,1000.0,0,0,-0.32199999999999995,-0.442,-0.262
24582,0.0,0.0,0.0,1000.0,0,0,-0.302,-0.442,-0.262
24583,0.0,0.0,0.0,1000.0,0,0,-0.282,-0.442,-0.262
24584,0.0,0.0,0.0,1000.0,0,0,-0.262,-0.442,-0.262
24585,0.0,0.0,0.0,1000.0,0,0,-0.242,-0.442,-0.262
24586,0.0,0.0,0.0,1000.0,0,0,-0.22199999999999998,-0.442,-0.262
24587,0.0,0.0,0.0,1000.0,0,0,-0.20199999999999996,-0.442,-0.262
24588,0.0,0.0,0.0,1000.0,0,0,-0.182,-0.442,-0.262
24589,0.0,0.0,0.0,1000.0,0,0,-0.16199999999999998,-0.442,-0.262
24590,0.0,0.0,0.0,1000.0,0,0,-0.482,-0.422,-0.262
24591,0.0,0.0,0.0,1000.0,0,0,-0.46199999999999997,-0.422,-0.262
24592,0.0,0.0,0.0,1000.0,0,0,-0.442,-0.422,-0.262
24593,0.0,0.0,0.0,1000.0,0,0,-0.422,-0.422,-0.262
24594,0.0,0.0,0.0,1000.0,0,0,-0.40199999999999997,-0.422,-0.262
24595,0.0,0.0,0.0,1000.0,0,0,-0.382,-0.422,-0.262
24596,0.0,0.0,0.0,1000.0,0,0,-0.362,-0.422,-0.262
24597,0.0,0.0,0.0,1000.0,0,0,-0.34199999999999997,-0.422,-0.262
24598,0.0,0.0,0.0,1000.0,0,0,-0.32199999999999995,-0.422,-0.262
24599,0.0,0.0,0.0,1000.0,0,0,-0.302,-0.422,-0.262
24600,0.0,0.0,0.0,1000.0,0,0,-0.282,-0.422,-0.262
24601,0.0,0.0,0.0,1000.0,0,0,-0.262,-0.422,-0.262
24602,0.0,0.0,0.0,1000.0,0,0,-0.242,-0.422,-0.262
24603,0.0,0.0,0.0,1000.0,0,0,-0.22199999999999998,-0.422,-0.262
24604,0.0,0.0,0.0,1000.0,0,0,-0.20199999999999996,-0.422,-0.262
24605,0.0,0.0,0.0,1000.0,0,0,-0.182,-0.422,-0.262
24606,0.0,0.0,0.0,1000.0,0,0,-0.16199999999999998,-0.422,-0.262
24607,0.0,0.0,0.0,1000.0,0,0,-0.482,-0.40199999999999997,-0.262
24608,0.0,0.0,0.0,1000.0,0,0,-0.46199999999999997,-0.40199999999999997,-0.262
24609,0.0,0.0,0.0,1000.0,0,0,-0.442,-0.40199999999999997,-0.262
24610,0.0,0.0,0.0,1000.0,0,0,-0.422,-0.40199999999999997,-0.262
24611,0.0,0.0,0.0,1000.0,0,0,-0.40199999999999997,-0.40199999999999997,-0.262
24612,0.0,0.0,0.0,1000.0,0,0,-0.382,-0.40199999999999997,-0.262
24613,0.0,0.0,0.0,1000.0,0,0,-0.362,-0.40199999999999997,-0.262
24614,0.0,0.0,0.0,1000.0,0,0,-0.34199999999999997,-0.40199999999999997,-0.262
24615,0.0,0.0,0.0,1000.0,0,0,-0.32199999999999995,-0.40199999999999997,-0.262
24616,0.0,0.0,0.0,1000.0,0,0,-0.302,-0.40199999999999997,-0.262
24617,0.0,0.0,0.0,1000.0,0,0,-0.282,-0.40199999999999997,-0.262
24618,0.0,0.0,0.0,1000.0,0,0,-0.262,-0.40199999999999997,-0.262
24619,0.0,0.0,0.0,1000.0,0,0,-0.242,-0.40199999999999997,-0.262
24620,0.0,0.0,0.0,1000.0,0,0,-0.22199999999999998,-0.40199999999999997,-0.262
24621,0.0,0.0,0.0,1000.0,0,0,-0.20199999999999996,-0.40199999999999997,-0.262
24622,0.0,0.0,0.0,1000.0,0,0,-0.182,-0.40199999999999997,-0.262
24623,0.0,0.0,0.0,1000.0,0,0,-0.16199999999999998,-0.40199999999999997,-0.262
24624,0.0,0.0,0.0,1000.0,0,0,-0.482,-0.382,-0.262
24625,0.0,0.0,0.0,1000.0,0,0,-0.46199999999999997,-0.382,-0.262
24626,0.0,0.0,0.0,1000.0,0,0,-0.442,-0.382,-0.262
24627,0.0,0.0,0.0,1000.0,0,0,-0.422,-0.382,-0.262
24628,0.0,0.0,0.0,1000.0,0,0,-0.40199999999999997,-0.382,-0.262
24629,0.0,0.0,0.0,1000.0,0,0,-0.382,-0.382,-0.262
24630,0.0,0.0,0.0,1000.0,0,0,-0.362,-0.382,-0.262
24631,0.0,0.0,0.0,1000.0,0,0,-0.34199999999999997,-0.382,-0.262
24632,0.0,0.0,0.0,1000.0,0,0,-0.32199999999999995,-0.382,-0.262
24633,0.0,0.0,0.0,1000.0,0,0,-0.302,-0.382,-0.262
24634,0.0,0.0,0.0,1000.0,0,0,-0.282,-0.382,-0.262
24635,0.0,0.0,0.0,1000.0,0,0,-0.262,-0.382,-0.262
24636,0.0,0.0,0.0,1000.0,0,0,-0.242,-0.382,-0.262
24637,0.0,0.0,0.0,1000.0,0,0,-0.22199999999999998,-0.382,-0.262
24638,0.0,0.0,0.0,1000.0,0,0,-0.20199999999999996,-0.382,-0.262
24639,0.0,0.0,0.0,1000.0,0,0,-0.182,-0.382,-0.262
24640,0.0,0.0,0.0,1000.0,0,0,-0.16199999999999998,-0.382,-0.262
24641,0.0,0.0,0.0,1000.0,0,0,-0.482,-0.362,-0.262
24642,0.0,0.0,0.0,1000.0,0,0,-0.46199999999999997,-0.362,-0.262
24643,0.0,0.0,0.0,1000.0,0,0,-0.442,-0.362,-0.262
24644,0.0,0.0,0.0,1000.0,0,0,-0.422,-0.362,-0.262
24645,0.0,0.0,0.0,1000.0,0,0,-0.40199999999999997,-0.362,-0.262
24646,0.0,0.0,0.0,1000.0,0,0,-0.382,-0.362,-0.262
24647,0.0,0.0,0.0,1000.0,0,0,-0.362,-0.362,-0.262
24648,0.0,0.0,0.0,1000.0,0,0,-0.34199999999999997,-0.362,-0.262
24649,0.0,0.0,0.0,1000.0,0,0,-0.32199999999999995,-0.362,-0.262
24650,0.0,0.0,0.0,1000.0,0,0,-0.302,-0.362,-0.262
24651,0.0,0.0,0.0,1000.0,0,0,-0.282,-0.362,-0.262
24652,0.0,0.0,0.0,1000.0,0,0,-0.262,-0.362,-0.262
24653,0.0,0.0,0.0,1000.0,0,0,-0.242,-0.362,-0.262
24654,0.0,0.0,0.0,1000.0,0,0,-0.22199999999999998,-0.362,-0.262
24655,0.0,0.0,0.0,1000.0,0,0,-0.20199999999999996,-0.362,-0.262
24656,0.0,0.0,0.0,1000.0,0,0,-0.182,-0.362,-0.262
24657,0.0,0.0,0.0,1000.0,0,0,-0.16199999999999998,-0.362,-0.262
24658,0.0,0.0,0.0,1000.0,0,0,-0.482,-0.34199999999999997,-0.262
24659,0.0,0.0,0.0,1000.0,0,0,-0.46199999999999997,-0.34199999999999997,-0.262
24660,0.0,0.0,0.0,1000.0,0,0,-0.442,-0.34199999999999997,-0.262
24661,0.0,0.0,0.0,1000.0,0,0,-0.422,-0.34199999999999997,-0.262
24662,0.0,0.0,0.0,1000.0,0,0,-0.40199999999999997,-0.34199999999999997,-0.262
24663,0.0,0.0,0.0,1000.0,0,0,-0.382,-0.34199999999999997,-0.262
24664,0.0,0.0,0.0,1000.0,0,0,-0.362,-0.34199999999999997,-0.262
24665,0.0,0.0,0.0,1000.0,0,0,-0.34199999999999997,-0.34199999999999997,-0.262
24666,0.0,0.0,0.0,1000.0,0,0,-0.32199999999999995,-0.34199999999999997,-0.262
24667,0.0,0.0,0.0,1000.0,0,0,-0.302,-0.34199999999999997,-0.262
24668,0.0,0.0,0.0,1000.0,0,0,-0.282,-0.34199999999999997,-0.262
24669,0.0,0.0,0.0,1000.0,0,0,-0.262,-0.34199999999999997,-0.262
24670,0.0,0.0,0.0,1000.0,0,0,-0.242,-0.34199999999999997,-0.262
24671,0.0,0.0,0.0,1000.0,0,0,-0.22199999999999998,-0.34199999999999997,-0.262
24672,0.0,0.0,0.0,1000.0,0,0,-0.20199999999999996,-0.34199999999999997,-0.262
24673,0.0,0.0,0.0,1000.0,0,0,-0.182,-0.34199999999999997,-0.262
24674,0.0,0.0,0.0,1000.0,0,0,-0.16199999999999998,-0.34199999999999997,-0.262
24675,0.0,0.0,0.0,1000.0,0,0,-0.482,-0.32199999999999995,-0.262
24676,0.0,0.0,0.0,1000.0,0,0,-0.46199999999999997,-0.32199999999999995,-0.262
24677,0.0,0.0,0.0,1000.0,0,0,-0.442,-0.32199999999999995,-0.262
24678,0.0,0.0,0.0,1000.0,0,0,-0.422,-0.32199999999999995,-0.262
24679,0.0,0.0,0.0,1000.0,0,0,-0.40199999999999997,-0.32199999999999995,-0.262
24680,0.0,0.0,0.0,1000.0,0,0,-0.382,-0.32199999999999995,-0.262
24681,0.0,0.0,0.0,1000.0,0,0,-0.362,-0.32199999999999995,-0.262
24682,0.0,0.0,0.0,1000.0,0,0,-0.34199999999999997,-0.32199999999999995,-0.262
24683,0.0,0.0,0.0,1000.0,0,0,-0.32199999999999995,-0.32199999999999995,-0.262
24684,0.0,0.0,0.0,1000.0,0,0,-0.302,-0.32199999999999995,-0.262
24685,0.0,0.0,0.0,1000.0,0,0,-0.282,-0.32199999999999995,-0.262
24686,0.0,0.0,0.0,1000.0,0,0,-0.262,-0.32199999999999995,-0.262
24687,0.0,0.0,0.0,1000.0,0,0,-0.242,-0.32199999999999995,-0.262
24688,0.0,0.0,0.0,1000.0,0,0,-0.22199999999999998,-0.32199999999999995,-0.262
24689,0.0,0.0,0.0,1000.0,0,0,-0.20199999999999996,-0.32199999999999995,-0.262
24690,0.0,0.0,0.0,1000.0,0,0,-0.182,-0.32199999999999995,-0.262
24691,0.0,0.0,0.0,1000.0,0,0,-0.16199999999999998,-0.32199999999999995,-0.262
24692,0.0,0.0,0.0,1000.0,0,0,-0.482,-0.302,-0.262
24693,0.0,0.0,0.0,1000.0,0,0,-0.46199999999999997,-0.302,-0.262
24694,0.0,0.0,0.0,1000.0,0,0,-0.442,-0.302,-0.262
24695,0.0,0.0,0.0,1000.0,0,0,-0.422,-0.302,-0.262
24696,0.0,0.0,0.0,1000.0,0,0,-0.40199999999999997,-0.302,-0.262
24697,0.0,0.0,0.0,1000.0,0,0,-0.382,-0.302,-0.262
24698,0.0,0.0,0.0,1000.0,0,0,-0.362,-0.302,-0.262
24699,0.0,0.0,0.0,1000.0,0,0,-0.34199999999999997,-0.302,-0.262
24700,0.0,0.0,0.0,1000.0,0,0,-0.32199999999999995,-0.302,-0.262
24701,0.0,0.0,0.0,1000.0,0,0,-0.302,-0.302,-0.262
24702,0.0,0.0,0.0,1000.0,0,0,-0.282,-0.302,-0.262
24703,0.0,0.0,0.0,1000.0,0,0,-0.262,-0.302,-0.262
24704,0.0,0.0,0.0,1000.0,0,0,-0.242,-0.302,-0.262
24705,0.0,0.0,0.0,1000.0,0,0,-0.22199999999999998,-0.302,-0.262
24706,0.0,0.0,0.0,1000.0,0,0,-0.20199999999999996,-0.302,-0.262
24707,0.0,0.0,0.0,1000.0,0,0,-0.182,-0.302,-0.262
24708,0.0,0.0,0.0,1000.0,0,0,-0.16199999999999998,-0.302,-0.262
24709,0.0,0.0,0.0,1000.0,0,0,-0.482,-0.282,-0.262
24710,0.0,0.0,0.0,1000.0,0,0,-0.46199999999999997,-0.282,-0.262
24711,0.0,0.0,0.0,1000.0,0,0,-0.442,-0.282,-0.262
24712,0.0,0.0,0.0,1000.0,0,0,-0.422,-0.282,-0.262
24713,0.0,0.0,0.0,1000.0,0,0,-0.40199999999999997,-0.282,-0.262
24714,0.0,0.0,0.0,1000.0,0,0,-0.382,-0.282,-0.262
24715,0.0,0.0,0.0,1000.0,0,0,-0.362,-0.282,-0.262
24716,0.0,0.0,0.0,1000.0,0,0,-0.34199999999999997,-0.282,-0.262
24717,0.0,0.0,0.0,1000.0,0,0,-0.32199999999999995,-0.282,-0.262
24718,0.0,0.0,0.0,1000.0,0,0,-0.302,-0.282,-0.262
24719,0.0,0.0,0.0,1000.0,0,0,-0.282,-0.282,-0.262
24720,0.0,0.0,0.0,1000.0,0,0,-0.262,-0.282,-0.262
24721,0.0,0.0,0.0,1000.0,0,0,-0.242,-0.282,-0.262
24722,0.0,0.0,0.0,1000.0,0,0,-0.22199999999999998,-0.282,-0.262
24723,0.0,0.0,0.0,1000.0,0,0,-0.20199999999999996,-0.282,-0.262
24724,0.0,0.0,0.0,1000.0,0,0,-0.182,-0.282,-0.262
24725,0.0,0.0,0.0,1000.0,0,0,-0.16199999999999998,-0.282,-0.262
24726,0.0,0.0,0.0,1000.0,0,0,-0.482,-0.262,-0.262
24727,0.0,0.0,0.0,1000.0,0,0,-0.46199999999999997,-0.262,-0.262
24728,0.0,0.0,0.0,1000.0,0,0,-0.442,-0.262,-0.262
24729,0.0,0.0,0.0,1000.0,0,0,-0.422,-0.262,-0.262
24730,0.0,0.0,0.0,1000.0,0,0,-0.40199999999999997,-0.262,-0.262
24731,0.0,0.0,0.0,1000.0,0,0,-0.382,-0.262,-0.262
24732,0.0,0.0,0.0,1000.0,0,0,-0.362,-0.262,-0.262
24733,0.0,0.0,0.0,1000.0,0,0,-0.34199999999999997,-0.262,-0.262
24734,0.0,0.0,0.0,1000.0,0,0,-0.32199999999999995,-0.262,-0.262
24735,0.0,0.0,0.0,1000.0,0,0,-0.302,-0.262,-0.262
24736,0.0,0.0,0.0,1000.0,0,0,-0.282,-0.262,-0.262
24737,0.0,0.0,0.0,1000.0,0,0,-0.262,-0.262,-0.262
24738,0.0,0.0,0.0,1000.0,0,0,-0.242,-0.262,-0.262
24739,0.0,0.0,0.0,1000.0,0,0,-0.22199999999999998,-0.262,-0.262
24740,0.0,0.0,0.0,1000.0,0,0,-0.20199999999999996,-0.262,-0.262
24741,0.0,0.0,0.0,1000.0,0,0,-0.182,-0.262,-0.262
24742,0.0,0.0,0.0,1000.0,0,0,-0.16199999999999998,-0.262,-0.262
24743,0.0,0.0,0.0,1000.0,0,0,-0.482,-0.242,-0.262
24744,0.0,0.0,0.0,1000.0,0,0,-0.46199999999999997,-0.242,-0.262
24745,0.0,0.0,0.0,1000.0,0,0,-0.442,-0.242,-0.262
24746,0.0,0.0,0.0,1000.0,0,0,-0.422,-0.242,-0.262
24747,0.0,0.0,0.0,1000.0,0,0,-0.40199999999999997,-0.242,-0.262
24748,0.0,0.0,0.0,1000.0,0,0,-0.382,-0.242,-0.262
24749,0.0,0.0,0.0,1000.0,0,0,-0.362,-0.242,-0.262
24750,0.0,0.0,0.0,1000.0,0,0,-0.34199999999999997,-0.242,-0.262
24751,0.0,0.0,0.0,1000.0,0,0,-0.32199999999999995,-0.242,-0.262
24752,0.0,0.0,0.0,1000.0,0,0,-0.302,-0.242,-0.262
24753,0.0,0.0,0.0,1000.0,0,0,-0.282,-0.242,-0.262
24754,0.0,0.0,0.0,1000.0,0,0,-0.262,-0.242,-0.262
24755,0.0,0.0,0.0,1000.0,0,0,-0.242,-0.242,-0.262
24756,0.0,0.0,0.0,1000.0,0,0,-0.22199999999999998,-0.242,-0.262
24757,0.0,0.0,0.0,1000.0,0,0,-0.20199999999999996,-0.242,-0.262
24758,0.0,0.0,0.0,1000.0,0,0,-0.182,-0.242,-0.262
24759,0.0,0.0,0.0,1000.0,0,0,-0.16199999999999998,-0.242,-0.262
24760,0.0,0.0,0.0,1000.0,0,0,-0.482,-0.22199999999999998,-0.262
24761,0.0,0.0,0.0,1000.0,0,0,-0.46199999999999997,-0.22199999999999998,-0.262
24762,0.0,0.0,0.0,1000.0,0,0,-0.442,-0.22199999999999998,-0.262
24763,0.0,0.0,0.0,1000.0,0,0,-0.422,-0.22199999999999998,-0.262
24764,0.0,0.0,0.0,1000.0,0,0,-0.40199999999999997,-0.22199999999999998,-0.262
24765,0.0,0.0,0.0,1000.0,0,0,-0.382,-0.22199999999999998,-0.262
24766,0.0,0.0,0.0,1000.0,0,0,-0.362,-0.22199999999999998,-0.262
24767,0.0,0.0,0.0,1000.0,0,0,-0.34199999999999997,-0.22199999999999998,-0.262
24768,0.0,0.0,0.0,1000.0,0,0,-0.32199999999999995,-0.22199999999999998,-0.262
24769,0.0,0.0,0.0,1000.0,0,0,-0.302,-0.22199999999999998,-0.262
24770,0.0,0.0,0.0,1000.0,0,0,-0.282,-0.22199999999999998,-0.262
24771,0.0,0.0,0.0,1000.0,0,0,-0.262,-0.22199999999999998,-0.262
24772,0.0,0.0,0.0,1000.0,0,0,-0.242,-0.22199999999999998,-0.262
24773,0.0,0.0,0.0,1000.0,0,0,-0.22199999999999998,-0.22199999999999998,-0.262
24774,0.0,0.0,0.0,1000.0,0,0,-0.20199999999999996,-0.22199999999999998,-0.262
24775,0.0,0.0,0.0,1000.0,0,0,-0.182,-0.22199999999999998,-0.262
24776,0.0,0.0,0.0,1000.0,0,0,-0.16199999999999998,-0.22199999999999998,-0.262
24777,0.0,0.0,0.0,1000.0,0,0,-0.482,-0.20199999999999996,-0.262
24778,0.0,0.0,0.0,1000.0,0,0,-0.46199999999999997,-0.20199999999999996,-0.262
24779,0.0,0.0,0.0,1000.0,0,0,-0.442,-0.20199999999999996,-0.262
24780,0.0,0.0,0.0,1000.0,0,0,-0.422,-0.20199999999999996,-0.262
24781,0.0,0.0,0.0,1000.0,0,0,-0.40199999999999997,-0.20199999999999996,-0.262
24782,0.0,0.0,0.0,1000.0,0,0,-0.382,-0.20199999999999996,-0.262
24783,0.0,0.0,0.0,1000.0,0,0,-0.362,-0.20199999999999996,-0.262
24784,0.0,0.0,0.0,1000.0,0,0,-0.34199999999999997,-0.20199999999999996,-0.262
24785,0.0,0.0,0.0,1000.0,0,0,-0.32199999999999995,-0.20199999999999996,-0.262
24786,0.0,0.0,0.0,1000.0,0,0,-0.302,-0.20199999999999996,-0.262
24787,0.0,0.0,0.0,1000.0,0,0,-0.282,-0.20199999999999996,-0.262
24788,0.0,0.0,0.0,1000.0,0,0,-0.262,-0.20199999999999996,-0.262
24789,0.0,0.0,0.0,1000.0,0,0,-0.242,-0.20199999999999996,-0.262
24790,0.0,0.0,0.0,1000.0,0,0,-0.22199999999999998,-0.20199999999999996,-0.262
24791,0.0,0.0,0.0,1000.0,0,0,-0.20199999999999996,-0.20199999999999996,-0.262
24792,0.0,0.0,0.0,1000.0,0,0,-0.182,-0.20199999999999996,-0.262
24793,0.0,0.0,0.0,1000.0,0,0,-0.16199999999999998,-0.20199999999999996,-0.262
24794,0.0,0.0,0.0,1000.0,0,0,-0.482,-0.182,-0.262
24795,0.0,0.0,0.0,1000.0,0,0,-0.46199999999999997,-0.182,-0.262
24796,0.0,0.0,0.0,1000.0,0,0,-0.442,-0.182,-0.262
24797,0.0,0.0,0.0,1000.0,0,0,-0.422,-0.182,-0.262
24798,0.0,0.0,0.0,1000.0,0,0,-0.40199999999999997,-0.182,-0.262
24799,0.0,0.0,0.0,1000.0,0,0,-0.382,-0.182,-0.262
24800,0.0,0.0,0.0,1000.0,0,0,-0.362,-0.182,-0.262
24801,0.0,0.0,0.0,1000.0,0,0,-0.34199999999999997,-0.182,-0.262
24802,0.0,0.0,0.0,1000.0,0,0,-0.32199999999999995,-0.182,-0.262
24803,0.0,0.0,0.0,1000.0,0,0,-0.302,-0.182,-0.262
24804,0.0,0.0,0.0,1000.0,0,0,-0.282,-0.182,-0.262
24805,0.0,0.0,0.0,1000.0,0,0,-0.262,-0.182,-0.262
24806,0.0,0.0,0.0,1000.0,0,0,-0.242,-0.182,-0.262
24807,0.0,0.0,0.0,1000.0,0,0,-0.22199999999999998,-0.182,-0.262
24808,0.0,0.0,0.0,1000.0,0,0,-0.20199999999999996,-0.182,-0.262
24809,0.0,0.0,0.0,1000.0,0,0,-0.182,-0.182,-0.262
24810,0.0,0.0,0.0,1000.0,0,0,-0.16199999999999998,-0.182,-0.262
24811,0.0,0.0,0.0,1000.0,0,0,-0.482,-0.16199999999999998,-0.262
24812,0.0,0.0,0.0,1000.0,0,0,-0.46199999999999997,-0.16199999999999998,-0.262
24813,0.0,0.0,0.0,1000.0,0,0,-0.442,-0.16199999999999998,-0.262
24814,0.0,0.0,0.0,1000.0,0,0,-0.422,-0.16199999999999998,-0.262
24815,0.0,0.0,0.0,1000.0,0,0,-0.40199999999999997,-0.16199999999999998,-0.262
24816,0.0,0.0,0.0,1000.0,0,0,-0.382,-0.16199999999999998,-0.262
24817,0.0,0.0,0.0,1000.0,0,0,-0.362,-0.16199999999999998,-0.262
24818,0.0,0.0,0.0,1000.0,0,0,-0.34199999999999997,-0.16199999999999998,-0.262
24819,0.0,0.0,0.0,1000.0,0,0,-0.32199999999999995,-0.16199999999999998,-0.262
24820,0.0,0.0,0.0,1000.0,0,0,-0.302,-0.16199999999999998,-0.262
24821,0.0,0.0,0.0,1000.0,0,0,-0.282,-0.16199999999999998,-0.262
24822,0.0,0.0,0.0,1000.0,0,0,-0.262,-0.16199999999999998,-0.262
24823,0.0,0.0,0.0,1000.0,0,0,-0.242,-0.16199999999999998,-0.262
24824,0.0,0.0,0.0,1000.0,0,0,-0.22199999999999998,-0.16199999999999998,-0.262
24825,0.0,0.0,0.0,1000.0,0,0,-0.20199999999999996,-0.16199999999999998,-0.262
24826,0.0,0.0,0.0,1000.0,0,0,-0.182,-0.16199999999999998,-0.262
24827,0.0,0.0,0.0,1000.0,0,0,-0.16199999999999998,-0.16199999999999998,-0.262
24828,0.0,0.0,0.0,1000.0,0,0,-0.482,-0.14199999999999996,-0.262
24829,0.0,0.0,0.0,1000.0,0,0,-0.46199999999999997,-0.14199999999999996,-0.262
24830,0.0,0.0,0.0,1000.0,0,0,-0.442,-0.14199999999999996,-0.262
24831,0.0,0.0,0.0,1000.0,0,0,-0.422,-0.14199999999999996,-0.262
24832,0.0,0.0,0.0,1000.0,0,0,-0.40199999999999997,-0.14199999999999996,-0.262
24833,0.0,0.0,0.0,1000.0,0,0,-0.382,-0.14199999999999996,-0.262
24834,0.0,0.0,0.0,1000.0,0,0,-0.362,-0.14199999999999996,-0.262
24835,0.0,0.0,0.0,1000.0,0,0,-0.34199999999999997,-0.14199999999999996,-0.262
24836,0.0,0.0,0.0,1000.0,0,0,-0.32199999999999995,-0.14199999999999996,-0.262
24837,0.0,0.0,0.0,1000.0,0,0,-0.302,-0.14199999999999996,-0.262
24838,0.0,0.0,0.0,1000.0,0,0,-0.282,-0.14199999999999996,-0.262
24839,0.0,0.0,0.0,1000.0,0,0,-0.262,-0.14199999999999996,-0.262
24840,0.0,0.0,0.0,1000.0,0,0,-0.242,-0.14199999999999996,-0.262
24841,0.0,0.0,0.0,1000.0,0,0,-0.22199999999999998,-0.14199999999999996,-0.262
24842,0.0,0.0,0.0,1000.0,0,0,-0.20199999999999996,-0.14199999999999996,-0.262
24843,0.0,0.0,0.0,1000.0,0,0,-0.182,-0.14199999999999996,-0.262
24844,0.0,0.0,0.0,1000.0,0,0,-0.16199999999999998,-0.14199999999999996,-0.262
24845,0.0,0.0,0.0,1000.0,0,0,-0.482,-0.122,-0.262
24846,0.0,0.0,0.0,1000.0,0,0,-0.46199999999999997,-0.122,-0.262
24847,0.0,0.0,0.0,1000.0,0,0,-0.442,-0.122,-0.262
24848,0.0,0.0,0.0,1000.0,0,0,-0.422,-0.122,-0.262
24849,0.0,0.0,0.0,1000.0,0,0,-0.40199999999999997,-0.122,-0.262
24850,0.0,0.0,0.0,1000.0,0,0,-0.382,-0.122,-0.262
24851,0.0,0.0,0.0,1000.0,0,0,-0.362,-0.122,-0.262
24852,0.0,0.0,0.0,1000.0,0,0,-0.34199999999999997,-0.122,-0.262
24853,0.0,0.0,0.0,1000.0,0,0,-0.32199999999999995,-0.122,-0.262
24854,0.0,0.0,0.0,1000.0,0,0,-0.302,-0.122,-0.262
24855,0.0,0.0,0.0,1000.0,0,0,-0.282,-0.122,-0.262
24856,0.0,0.0,0.0,1000.0,0,0,-0.262,-0.122,-0.262
24857,0.0,0.0,0.0,1000.0,0,0,-0.242,-0.122,-0.262
24858,0.0,0.0,0.0,1000.0,0,0,-0.22199999999999998,-0.122,-0.262
24859,0.0,0.0,0.0,1000.0,0,0,-0.20199999999999996,-0.122,-0.262
24860,0.0,0.0,0.0,1000.0,0,0,-0.182,-0.122,-0.262
24861,0.0,0.0,0.0,1000.0,0,0,-0.16199999999999998,-0.122,-0.262
24862,0.0,0.0,0.0,1000.0,0,0,-0.482,-0.10199999999999998,-0.262
24863,0.0,0.0,0.0,1000.0,0,0,-0.46199999999999997,-0.10199999999999998,-0.262
24864,0.0,0.0,0.0,1000.0,0,0,-0.442,-0.10199999999999998,-0.262
24865,0.0,0.0,0.0,1000.0,0,0,-0.422,-0.10199999999999998,-0.262
24866,0.0,0.0,0.0,1000.0,0,0,-0.40199999999999997,-0.10199999999999998,-0.262
24867,0.0,0.0,0.0,1000.0,0,0,-0.382,-0.10199999999999998,-0.262
24868,0.0,0.0,0.0,1000.0,0,0,-0.362,-0.10199999999999998,-0.262
24869,0.0,0.0,0.0,1000.0,0,0,-0.34199999999999997,-0.10199999999999998,-0.262
24870,0.0,0.0,0.0,1000.0,0,0,-0.32199999999999995,-0.10199999999999998,-0.262
24871,0.0,0.0,0.0,1000.0,0,0,-0.302,-0.10199999999999998,-0.262
24872,0.0,0.0,0.0,1000.0,0,0,-0.282,-0.10199999999999998,-0.262
24873,0.0,0.0,0.0,1000.0,0,0,-0.262,-0.10199999999999998,-0.262
24874,0.0,0.0,0.0,1000.0,0,0,-0.242,-0.10199999999999998,-0.262
24875,0.0,0.0,0.0,1000.0,0,0,-0.22199999999999998,-0.10199999999999998,-0.262
24876,0.0,0.0,0.0,1000.0,0,0,-0.20199999999999996,-0.10199999999999998,-0.262
24877,0.0,0.0,0.0,1000.0,0,0,-0.182,-0.10199999999999998,-0.262
24878,0.0,0.0,0.0,1000.0,0,0,-0.16199999999999998,-0.10199999999999998,-0.262
24879,0.0,0.0,0.0,1000.0,0,0,-0.482,-0.08199999999999996,-0.262
24880,0.0,0.0,0.0,1000.0,0,0,-0.46199999999999997,-0.08199999999999996,-0.262
24881,0.0,0.0,0.0,1000.0,0,0,-0.442,-0.08199999999999996,-0.262
24882,0.0,0.0,0.0,1000.0,0,0,-0.422,-0.08199999999999996,-0.262
24883,0.0,0.0,0.0,1000.0,0,0,-0.40199999999999997,-0.08199999999999996,-0.262
24884,0.0,0.0,0.0,1000.0,0,0,-0.382,-0.08199999999999996,-0.262
24885,0.0,0.0,0.0,1000.0,0,0,-0.362,-0.08199999999999996,-0.262
24886,0.0,0.0,0.0,1000.0,0,0,-0.34199999999999997,-0.08199999999999996,-0.262
24887,0.0,0.0,0.0,1000.0,0,0,-0.32199999999999995,-0.08199999999999996,-0.262
24888,0.0,0.0,0.0,1000.0,0,0,-0.302,-0.08199999999999996,-0.262
24889,0.0,0.0,0.0,1000.0,0,0,-0.282,-0.08199999999999996,-0.262
24890,0.0,0.0,0.0,1000.0,0,0,-0.262,-0.08199999999999996,-0.262
24891,0.0,0.0,0.0,1000.0,0,0,-0.242,-0.08199999999999996,-0.262
24892,0.0,0.0,0.0,1000.0,0,0,-0.22199999999999998,-0.08199999999999996,-0.262
24893,0.0,0.0,0.0,1000.0,0,0,-0.20199999999999996,-0.08199999999999996,-0.262
24894,0.0,0.0,0.0,1000.0,0,0,-0.182,-0.08199999999999996,-0.262
24895,0.0,0.0,0.0,1000.0,0,0,-0.16199999999999998,-0.08199999999999996,-0.262
24896,0.0,0.0,0.0,1000.0,0,0,-0.482,-0.062,-0.262
24897,0.0,0.0,0.0,1000.0,0,0,-0.46199999999999997,-0.062,-0.262
24898,0.0,0.0,0.0,1000.0,0,0,-0.442,-0.062,-0.262
24899,0.0,0.0,0.0,1000.0,0,0,-0.422,-0.062,-0.262
24900,0.0,0.0,0.0,1000.0,0,0,-0.40199999999999997,-0.062,-0.262
24901,0.0,0.0,0.0,1000.0,0,0,-0.382,-0.062,-0.262
24902,0.0,0.0,0.0,1000.0,0,0,-0.362,-0.062,-0.262
24903,0.0,0.0,0.0,1000.0,0,0,-0.34199999999999997,-0.062,-0.262
24904,0.0,0.0,0.0,1000.0,0,0,-0.32199999999999995,-0.062,-0.262
24905,0.0,0.0,0.0,1000.0,0,0,-0.302,-0.062,-0.262
24906,0.0,0.0,0.0,1000.0,0,0,-0.282,-0.062,-0.262
24907,0.0,0.0,0.0,1000.0,0,0,-0.262,-0.062,-0.262
24908,0.0,0.0,0.0,1000.0,0,0,-0.242,-0.062,-0.262
24909,0.0,0.0,0.0,1000.0,0,0,-0.22199999999999998,-0.062,-0.262
24910,0.0,0.0,0.0,1000.0,0,0,-0.20199999999999996,-0.062,-0.262
24911,0.0,0.0,0.0,1000.0,0,0,-0.182,-0.062,-0.262
24912,0.0,0.0,0.0,1000.0,0,0,-0.16199999999999998,-0.062,-0.262
24913,0.0,0.0,0.0,1000.0,0,0,-0.482,-0.04199999999999998,-0.262
24914,0.0,0.0,0.0,1000.0,0,0,-0.46199999999999997,-0.04199999999999998,-0.262
24915,0.0,0.0,0.0,1000.0,0,0,-0.442,-0.04199999999999998,-0.262
24916,0.0,0.0,0.0,1000.0,0,0,-0.422,-0.04199999999999998,-0.262
24917,0.0,0.0,0.0,1000.0,0,0,-0.40199999999999997,-0.04199999999999998,-0.262
24918,0.0,0.0,0.0,1000.0,0,0,-0.382,-0.04199999999999998,-0.262
24919,0.0,0.0,0.0,1000.0,0,0,-0.362,-0.04199999999999998,-0.262
24920,0.0,0.0,0.0,1000.0,0,0,-0.34199999999999997,-0.04199999999999998,-0.262
24921,0.0,0.0,0.0,1000.0,0,0,-0.32199999999999995,-0.04199999999999998,-0.262
24922,0.0,0.0,0.0,1000.0,0,0,-0.302,-0.04199999999999998,-0.262
24923,0.0,0.0,0.0,1000.0,0,0,-0.282,-0.04199999999999998,-0.262
24924,0.0,0.0,0.0,1000.0,0,0,-0.262,-0.04199999999999998,-0.262
24925,0.0,0.0,0.0,1000.0,0,0,-0.242,-0.04199999999999998,-0.262
24926,0.0,0.0,0.0,1000.0,0,0,-0.22199999999999998,-0.04199999999999998,-0.262
24927,0.0,0.0,0.0,1000.0,0,0,-0.20199999999999996,-0.04199999999999998,-0.262
24928,0.0,0.0,0.0,1000.0,0,0,-0.182,-0.04199999999999998,-0.262
24929,0.0,0.0,0.0,1000.0,0,0,-0.16199999999999998,-0.04199999999999998,-0.262
24930,0.0,0.0,0.0,1000.0,0,0,-0.482,-0.021999999999999964,-0.262
24931,0.0,0.0,0.0,1000.0,0,0,-0.46199999999999997,-0.021999999999999964,-0.262
24932,0.0,0.0,0.0,1000.0,0,0,-0.442,-0.021999999999999964,-0.262
24933,0.0,0.0,0.0,1000.0,0,0,-0.422,-0.021999999999999964,-0.262
24934,0.0,0.0,0.0,1000.0,0,0,-0.40199999999999997,-0.021999999999999964,-0.262
24935,0.0,0.0,0.0,1000.0,0,0,-0.382,-0.021999999999999964,-0.262
24936,0.0,0.0,0.0,1000.0,0,0,-0.362,-0.021999999999999964,-0.262
24937,0.0,0.0,0.0,1000.0,0,0,-0.34199999999999997,-0.021999999999999964,-0.262
24938,0.0,0.0,0.0,1000.0,0,0,-0.32199999999999995,-0.021999999999999964,-0.262
24939,0.0,0.0,0.0,1000.0,0,0,-0.302,-0.021999999999999964,-0.262
24940,0.0,0.0,0.0,1000.0,0,0,-0.282,-0.021999999999999964,-0.262
24941,0.0,0.0,0.0,1000.0,0,0,-0.262,-0.021999999999999964,-0.262
24942,0.0,0.0,0.0,1000.0,0,0,-0.242,-0.021999999999999964,-0.262
24943,0.0,0.0,0.0,1000.0,0,0,-0.22199999999999998,-0.021999999999999964,-0.262
24944,0.0,0.0,0.0,1000.0,0,0,-0.20199999999999996,-0.021999999999999964,-0.262
24945,0.0,0.0,0.0,1000.0,0,0,-0.182,-0.021999999999999964,-0.262
24946,0.0,0.0,0.0,1000.0,0,0,-0.16199999999999998,-0.021999999999999964,-0.262
24947,0.0,0.0,0.0,1000.0,0,0,-0.482,-0.0020000000000000018,-0.262
24948,0.0,0.0,0.0,1000.0,0,0,-0.46199999999999997,-0.0020000000000000018,-0.262
24949,0.0,0.0,0.0,1000.0,0,0,-0.442,-0.0020000000000000018,-0.262
24950,0.0,0.0,0.0,1000.0,0,0,-0.422,-0.0020000000000000018,-0.262
24951,0.0,0.0,0.0,1000.0,0,0,-0.40199999999999997,-0.0020000000000000018,-0.262
24952,0.0,0.0,0.0,1000.0,0,0,-0.382,-0.0020000000000000018,-0.262
24953,0.0,0.0,0.0,1000.0,0,0,-0.362,-0.0020000000000000018,-0.262
24954,0.0,0.0,0.0,1000.0,0,0,-0.34199999999999997,-0.0020000000000000018,-0.262
24955,0.0,0.0,0.0,1000.0,0,0,-0.32199999999999995,-0.0020000000000000018,-0.262
24956,0.0,0.0,0.0,1000.0,0,0,-0.302,-0.0020000000000000018,-0.262
24957,0.0,0.0,0.0,1000.0,0,0,-0.282,-0.0020000000000000018,-0.262
24958,0.0,0.0,0.0,1000.0,0,0,-0.262,-0.0020000000000000018,-0.262
24959,0.0,0.0,0.0,1000.0,0,0,-0.242,-0.0020000000000000018,-0.262
24960,0.0,0.0,0.0,1000.0,0,0,-0.22199999999999998,-0.0020000000000000018,-0.262
24961,0.0,0.0,0.0,1000.0,0,0,-0.20199999999999996,-0.0020000000000000018,-0.262
24962,0.0,0.0,0.0,1000.0,0,0,-0.182,-0.0020000000000000018,-0.262
24963,0.0,0.0,0.0,1000.0,0,0,-0.16199999999999998,-0.0020000000000000018,-0.262
24964,0.0,0.0,0.0,1000.0,0,0,-0.482,0.018000000000000016,-0.262
24965,0.0,0.0,0.0,1000.0,0,0,-0.46199999999999997,0.018000000000000016,-0.262
24966,0.0,0.0,0.0,1000.0,0,0,-0.442,0.018000000000000016,-0.262
24967,0.0,0.0,0.0,1000.0,0,0,-0.422,0.018000000000000016,-0.262
24968,0.0,0.0,0.0,1000.0,0,0,-0.40199999999999997,0.018000000000000016,-0.262
24969,0.0,0.0,0.0,1000.0,0,0,-0.382,0.018000000000000016,-0.262
24970,0.0,0.0,0.0,1000.0,0,0,-0.362,0.018000000000000016,-0.262
24971,0.0,0.0,0.0,1000.0,0,0,-0.34199999999999997,0.018000000000000016,-0.262
24972,0.0,0.0,0.0,1000.0,0,0,-0.32199999999999995,0.018000000000000016,-0.262
24973,0.0,0.0,0.0,1000.0,0,0,-0.302,0.018000000000000016,-0.262
24974,0.0,0.0,0.0,1000.0,0,0,-0.282,0.018000000000000016,-0.262
24975,0.0,0.0,0.0,1000.0,0,0,-0.262,0.018000000000000016,-0.262
24976,0.0,0.0,0.0,1000.0,0,0,-0.242,0.018000000000000016,-0.262
24977,0.0,0.0,0.0,1000.0,0,0,-0.22199999999999998,0.018000000000000016,-0.262
24978,0.0,0.0,0.0,1000.0,0,0,-0.20199999999999996,0.018000000000000016,-0.262
24979,0.0,0.0,0.0,1000.0,0,0,-0.182,0.018000000000000016,-0.262
24980,0.0,0.0,0.0,1000.0,0,0,-0.16199999999999998,0.018000000000000016,-0.262
24981,0.0,0.0,0.0,1000.0,0,0,-0.482,0.038000000000000034,-0.262
24982,0.0,0.0,0.0,1000.0,0,0,-0.46199999999999997,0.038000000000000034,-0.262
24983,0.0,0.0,0.0,1000.0,0,0,-0.442,0.038000000000000034,-0.262
24984,0.0,0.0,0.0,1000.0,0,0,-0.422,0.038000000000000034,-0.262
24985,0.0,0.0,0.0,1000.0,0,0,-0.40199999999999997,0.038000000000000034,-0.262
24986,0.0,0.0,0.0,1000.0,0,0,-0.382,0.038000000000000034,-0.262
24987,0.0,0.0,0.0,1000.0,0,0,-0.362,0.038000000000000034,-0.262
24988,0.0,0.0,0.0,1000.0,0,0,-0.34199999999999997,0.038000000000000034,-0.262
24989,0.0,0.0,0.0,1000.0,0,0,-0.32199999999999995,0.038000000000000034,-0.262
24990,0.0,0.0,0.0,1000.0,0,0,-0.302,0.038000000000000034,-0.262
24991,0.0,0.0,0.0,1000.0,0,0,-0.282,0.038000000000000034,-0.262
24992,0.0,0.0,0.0,1000.0,0,0,-0.262,0.038000000000000034,-0.262
24993,0.0,0.0,0.0,1000.0,0,0,-0.242,0.038000000000000034,-0.262
24994,0.0,0.0,0.0,1000.0,0,0,-0.22199999999999998,0.038000000000000034,-0.262
24995,0.0,0.0,0.0,1000.0,0,0,-0.20199999999999996,0.038000000000000034,-0.262
24996,0.0,0.0,0.0,1000.0,0,0,-0.182,0.038000000000000034,-0.262
24997,0.0,0.0,0.0,1000.0,0,0,-0.16199999999999998,0.038000000000000034,-0.262
24998,0.0,0.0,0.0,1000.0,0,0,-0.482,0.05800000000000005,-0.262
24999,0.0,0.0,0.0,1000.0,0,0,-0.46199999999999997,0.05800000000000005,-0.262
25000,0.0,0.0,0.0,1000.0,0,0,-0.442,0.05800000000000005,-0.262
25001,0.0,0.0,0.0,1000.0,0,0,-0.422,0.05800000000000005,-0.262
25002,0.0,0.0,0.0,1000.0,0,0,-0.40199999999999997,0.05800000000000005,-0.262
25003,0.0,0.0,0.0,1000.0,0,0,-0.382,0.05800000000000005,-0.262
25004,0.0,0.0,0.0,1000.0,0,0,-0.362,0.05800000000000005,-0.262
25005,0.0,0.0,0.0,1000.0,0,0,-0.34199999999999997,0.05800000000000005,-0.262
25006,0.0,0.0,0.0,1000.0,0,0,-0.32199999999999995,0.05800000000000005,-0.262
25007,0.0,0.0,0.0,1000.0,0,0,-0.302,0.05800000000000005,-0.262
25008,0.0,0.0,0.0,1000.0,0,0,-0.282,0.05800000000000005,-0.262
25009,0.0,0.0,0.0,1000.0,0,0,-0.262,0.05800000000000005,-0.262
25010,0.0,0.0,0.0,1000.0,0,0,-0.242,0.05800000000000005,-0.262
25011,0.0,0.0,0.0,1000.0,0,0,-0.22199999999999998,0.05800000000000005,-0.262
25012,0.0,0.0,0.0,1000.0,0,0,-0.20199999999999996,0.05800000000000005,-0.262
25013,0.0,0.0,0.0,1000.0,0,0,-0.182,0.05800000000000005,-0.262
25014,0.0,0.0,0.0,1000.0,0,0,-0.16199999999999998,0.05800000000000005,-0.262
25015,0.0,0.0,0.0,1000.0,0,0,-0.482,0.07800000000000007,-0.262
25016,0.0,0.0,0.0,1000.0,0,0,-0.46199999999999997,0.07800000000000007,-0.262
25017,0.0,0.0,0.0,1000.0,0,0,-0.442,0.07800000000000007,-0.262
25018,0.0,0.0,0.0,1000.0,0,0,-0.422,0.07800000000000007,-0.262
25019,0.0,0.0,0.0,1000.0,0,0,-0.40199999999999997,0.07800000000000007,-0.262
25020,0.0,0.0,0.0,1000.0,0,0,-0.382,0.07800000000000007,-0.262
25021,0.0,0.0,0.0,1000.0,0,0,-0.362,0.07800000000000007,-0.262
25022,0.0,0.0,0.0,1000.0,0,0,-0.34199999999999997,0.07800000000000007,-0.262
25023,0.0,0.0,0.0,1000.0,0,0,-0.32199999999999995,0.07800000000000007,-0.262
25024,0.0,0.0,0.0,1000.0,0,0,-0.302,0.07800000000000007,-0.262
25025,0.0,0.0,0.0,1000.0,0,0,-0.282,0.07800000000000007,-0.262
25026,0.0,0.0,0.0,1000.0,0,0,-0.262,0.07800000000000007,-0.262
25027,0.0,0.0,0.0,1000.0,0,0,-0.242,0.07800000000000007,-0.262
25028,0.0,0.0,0.0,1000.0,0,0,-0.22199999999999998,0.07800000000000007,-0.262
25029,0.0,0.0,0.0,1000.0,0,0,-0.20199999999999996,0.07800000000000007,-0.262
25030,0.0,0.0,0.0,1000.0,0,0,-0.182,0.07800000000000007,-0.262
25031,0.0,0.0,0.0,1000.0,0,0,-0.16199999999999998,0.07800000000000007,-0.262
25032,0.0,0.0,0.0,1000.0,0,0,-0.482,0.09799999999999998,-0.262
25033,0.0,0.0,0.0,1000.0,0,0,-0.46199999999999997,0.09799999999999998,-0.262
25034,0.0,0.0,0.0,1000.0,0,0,-0.442,0.09799999999999998,-0.262
25035,0.0,0.0,0.0,1000.0,0,0,-0.422,0.09799999999999998,-0.262
25036,0.0,0.0,0.0,1000.0,0,0,-0.40199999999999997,0.09799999999999998,-0.262
25037,0.0,0.0,0.0,1000.0,0,0,-0.382,0.09799999999999998,-0.262
25038,0.0,0.0,0.0,1000.0,0,0,-0.362,0.09799999999999998,-0.262
25039,0.0,0.0,0.0,1000.0,0,0,-0.34199999999999997,0.09799999999999998,-0.262
25040,0.0,0.0,0.0,1000.0,0,0,-0.32199999999999995,0.09799999999999998,-0.262
25041,0.0,0.0,0.0,1000.0,0,0,-0.302,0.09799999999999998,-0.262
25042,0.0,0.0,0.0,1000.0,0,0,-0.282,0.09799999999999998,-0.262
25043,0.0,0.0,0.0,1000.0,0,0,-0.262,0.09799999999999998,-0.262
25044,0.0,0.0,0.0,1000.0,0,0,-0.242,0.09799999999999998,-0.262
25045,0.0,0.0,0.0,1000.0,0,0,-0.22199999999999998,0.09799999999999998,-0.262
25046,0.0,0.0,0.0,1000.0,0,0,-0.20199999999999996,0.09799999999999998,-0.262
25047,0.0,0.0,0.0,1000.0,0,0,-0.182,0.09799999999999998,-0.262
25048,0.0,0.0,0.0,1000.0,0,0,-0.16199999999999998,0.09799999999999998,-0.262
25049,0.0,0.0,0.0,1000.0,0,0,-0.482,0.118,-0.262
25050,0.0,0.0,0.0,1000.0,0,0,-0.46199999999999997,0.118,-0.262
25051,0.0,0.0,0.0,1000.0,0,0,-0.442,0.118,-0.262
25052,0.0,0.0,0.0,1000.0,0,0,-0.422,0.118,-0.262
25053,0.0,0.0,0.0,1000.0,0,0,-0.40199999999999997,0.118,-0.262
25054,0.0,0.0,0.0,1000.0,0,0,-0.382,0.118,-0.262
25055,0.0,0.0,0.0,1000.0,0,0,-0.362,0.118,-0.262
25056,0.0,0.0,0.0,1000.0,0,0,-0.34199999999999997,0.118,-0.262
25057,0.0,0.0,0.0,1000.0,0,0,-0.32199999999999995,0.118,-0.262
25058,0.0,0.0,0.0,1000.0,0,0,-0.302,0.118,-0.262
25059,0.0,0.0,0.0,1000.0,0,0,-0.282,0.118,-0.262
25060,0.0,0.0,0.0,1000.0,0,0,-0.262,0.118,-0.262
25061,0.0,0.0,0.0,1000.0,0,0,-0.242,0.118,-0.262
25062,0.0,0.0,0.0,1000.0,0,0,-0.22199999999999998,0.118,-0.262
25063,0.0,0.0,0.0,1000.0,0,0,-0.20199999999999996,0.118,-0.262
25064,0.0,0.0,0.0,1000.0,0,0,-0.182,0.118,-0.262
25065,0.0,0.0,0.0,1000.0,0,0,-0.16199999999999998,0.118,-0.262
25066,0.0,0.0,0.0,1000.0,0,0,-0.482,0.138,-0.262
25067,0.0,0.0,0.0,1000.0,0,0,-0.46199999999999997,0.138,-0.262
25068,0.0,0.0,0.0,1000.0,0,0,-0.442,0.138,-0.262
25069,0.0,0.0,0.0,1000.0,0,0,-0.422,0.138,-0.262
25070,0.0,0.0,0.0,1000.0,0,0,-0.40199999999999997,0.138,-0.262
25071,0.0,0.0,0.0,1000.0,0,0,-0.382,0.138,-0.262
25072,0.0,0.0,0.0,1000.0,0,0,-0.362,0.138,-0.262
25073,0.0,0.0,0.0,1000.0,0,0,-0.34199999999999997,0.138,-0.262
25074,0.0,0.0,0.0,1000.0,0,0,-0.32199999999999995,0.138,-0.262
25075,0.0,0.0,0.0,1000.0,0,0,-0.302,0.138,-0.262
25076,0.0,0.0,0.0,1000.0,0,0,-0.282,0.138,-0.262
25077,0.0,0.0,0.0,1000.0,0,0,-0.262,0.138,-0.262
25078,0.0,0.0,0.0,1000.0,0,0,-0.242,0.138,-0.262
25079,0.0,0.0,0.0,1000.0,0,0,-0.22199999999999998,0.138,-0.262
25080,0.0,0.0,0.0,1000.0,0,0,-0.20199999999999996,0.138,-0.262
25081,0.0,0.0,0.0,1000.0,0,0,-0.182,0.138,-0.262
25082,0.0,0.0,0.0,1000.0,0,0,-0.16199999999999998,0.138,-0.262
25083,0.0,0.0,0.0,1000.0,0,0,-0.482,0.15800000000000003,-0.262
25084,0.0,0.0,0.0,1000.0,0,0,-0.46199999999999997,0.15800000000000003,-0.262
25085,0.0,0.0,0.0,1000.0,0,0,-0.442,0.15800000000000003,-0.262
25086,0.0,0.0,0.0,1000.0,0,0,-0.422,0.15800000000000003,-0.262
25087,0.0,0.0,0.0,1000.0,0,0,-0.40199999999999997,0.15800000000000003,-0.262
25088,0.0,0.0,0.0,1000.0,0,0,-0.382,0.15800000000000003,-0.262
25089,0.0,0.0,0.0,1000.0,0,0,-0.362,0.15800000000000003,-0.262
25090,0.0,0.0,0.0,1000.0,0,0,-0.34199999999999997,0.15800000000000003,-0.262
25091,0.0,0.0,0.0,1000.0,0,0,-0.32199999999999995,0.15800000000000003,-0.262
25092,0.0,0.0,0.0,1000.0,0,0,-0.302,0.15800000000000003,-0.262
25093,0.0,0.0,0.0,1000.0,0,0,-0.282,0.15800000000000003,-0.262
25094,0.0,0.0,0.0,1000.0,0,0,-0.262,0.15800000000000003,-0.262
25095,0.0,0.0,0.0,1000.0,0,0,-0.242,0.15800000000000003,-0.262
25096,0.0,0.0,0.0,1000.0,0,0,-0.22199999999999998,0.15800000000000003,-0.262
25097,0.0,0.0,0.0,1000.0,0,0,-0.20199999999999996,0.15800000000000003,-0.262
25098,0.0,0.0,0.0,1000.0,0,0,-0.182,0.15800000000000003,-0.262
25099,0.0,0.0,0.0,1000.0,0,0,-0.16199999999999998,0.15800000000000003,-0.262
25100,0.0,0.0,0.0,1000.0,0,0,-0.482,0.17800000000000005,-0.262
25101,0.0,0.0,0.0,1000.0,0,0,-0.46199999999999997,0.17800000000000005,-0.262
25102,0.0,0.0,0.0,1000.0,0,0,-0.442,0.17800000000000005,-0.262
25103,0.0,0.0,0.0,1000.0,0,0,-0.422,0.17800000000000005,-0.262
25104,0.0,0.0,0.0,1000.0,0,0,-0.40199999999999997,0.17800000000000005,-0.262
25105,0.0,0.0,0.0,1000.0,0,0,-0.382,0.17800000000000005,-0.262
25106,0.0,0.0,0.0,1000.0,0,0,-0.362,0.17800000000000005,-0.262
25107,0.0,0.0,0.0,1000.0,0,0,-0.34199999999999997,0.17800000000000005,-0.262
25108,0.0,0.0,0.0,1000.0,0,0,-0.32199999999999995,0.17800000000000005,-0.262
25109,0.0,0.0,0.0,1000.0,0,0,-0.302,0.17800000000000005,-0.262
25110,0.0,0.0,0.0,1000.0,0,0,-0.282,0.17800000000000005,-0.262
25111,0.0,0.0,0.0,1000.0,0,0,-0.262,0.17800000000000005,-0.262
25112,0.0,0.0,0.0,1000.0,0,0,-0.242,0.17800000000000005,-0.262
25113,0.0,0.0,0.0,1000.0,0,0,-0.22199999999999998,0.17800000000000005,-0.262
25114,0.0,0.0,0.0,1000.0,0,0,-0.20199999999999996,0.17800000000000005,-0.262
25115,0.0,0.0,0.0,1000.0,0,0,-0.182,0.17800000000000005,-0.262
25116,0.0,0.0,0.0,1000.0,0,0,-0.16199999999999998,0.17800000000000005,-0.262
25117,0.0,0.0,0.0,1000.0,0,0,-0.482,0.19800000000000006,-0.262
25118,0.0,0.0,0.0,1000.0,0,0,-0.46199999999999997,0.19800000000000006,-0.262
25119,0.0,0.0,0.0,1000.0,0,0,-0.442,0.19800000000000006,-0.262
25120,0.0,0.0,0.0,1000.0,0,0,-0.422,0.19800000000000006,-0.262
25121,0.0,0.0,0.0,1000.0,0,0,-0.40199999999999997,0.19800000000000006,-0.262
25122,0.0,0.0,0.0,1000.0,0,0,-0.382,0.19800000000000006,-0.262
25123,0.0,0.0,0.0,1000.0,0,0,-0.362,0.19800000000000006,-0.262
25124,0.0,0.0,0.0,1000.0,0,0,-0.34199999999999997,0.19800000000000006,-0.262
25125,0.0,0.0,0.0,1000.0,0,0,-0.32199999999999995,0.19800000000000006,-0.262
25126,0.0,0.0,0.0,1000.0,0,0,-0.302,0.19800000000000006,-0.262
25127,0.0,0.0,0.0,1000.0,0,0,-0.282,0.19800000000000006,-0.262
25128,0.0,0.0,0.0,1000.0,0,0,-0.262,0.19800000000000006,-0.262
25129,0.0,0.0,0.0,1000.0,0,0,-0.242,0.19800000000000006,-0.262
25130,0.0,0.0,0.0,1000.0,0,0,-0.22199999999999998,0.19800000000000006,-0.262
25131,0.0,0.0,0.0,1000.0,0,0,-0.20199999999999996,0.19800000000000006,-0.262
25132,0.0,0.0,0.0,1000.0,0,0,-0.182,0.19800000000000006,-0.262
25133,0.0,0.0,0.0,1000.0,0,0,-0.16199999999999998,0.19800000000000006,-0.262
25134,0.0,0.0,0.0,1000.0,0,0,-0.482,0.21800000000000008,-0.262
25135,0.0,0.0,0.0,1000.0,0,0,-0.46199999999999997,0.21800000000000008,-0.262
25136,0.0,0.0,0.0,1000.0,0,0,-0.442,0.21800000000000008,-0.262
25137,0.0,0.0,0.0,1000.0,0,0,-0.422,0.21800000000000008,-0.262
25138,0.0,0.0,0.0,1000.0,0,0,-0.40199999999999997,0.21800000000000008,-0.262
25139,0.0,0.0,0.0,1000.0,0,0,-0.382,0.21800000000000008,-0.262
25140,0.0,0.0,0.0,1000.0,0,0,-0.362,0.21800000000000008,-0.262
25141,0.0,0.0,0.0,1000.0,0,0,-0.34199999999999997,0.21800000000000008,-0.262
25142,0.0,0.0,0.0,1000.0,0,0,-0.32199999999999995,0.21800000000000008,-0.262
25143,0.0,0.0,0.0,1000.0,0,0,-0.302,0.21800000000000008,-0.262
25144,0.0,0.0,0.0,1000.0,0,0,-0.282,0.21800000000000008,-0.262
25145,0.0,0.0,0.0,1000.0,0,0,-0.262,0.21800000000000008,-0.262
25146,0.0,0.0,0.0,1000.0,0,0,-0.242,0.21800000000000008,-0.262
25147,0.0,0.0,0.0,1000.0,0,0,-0.22199999999999998,0.21800000000000008,-0.262
25148,0.0,0.0,0.0,1000.0,0,0,-0.20199999999999996,0.21800000000000008,-0.262
25149,0.0,0.0,0.0,1000.0,0,0,-0.182,0.21800000000000008,-0.262
25150,0.0,0.0,0.0,1000.0,0,0,-0.16199999999999998,0.21800000000000008,-0.262
25151,0.0,0.0,0.0,1000.0,0,0,-0.482,0.238,-0.262
25152,0.0,0.0,0.0,1000.0,0,0,-0.46199999999999997,0.238,-0.262
25153,0.0,0.0,0.0,1000.0,0,0,-0.442,0.238,-0.262
25154,0.0,0.0,0.0,1000.0,0,0,-0.422,0.238,-0.262
25155,0.0,0.0,0.0,1000.0,0,0,-0.40199999999999997,0.238,-0.262
25156,0.0,0.0,0.0,1000.0,0,0,-0.382,0.238,-0.262
25157,0.0,0.0,0.0,1000.0,0,0,-0.362,0.238,-0.262
25158,0.0,0.0,0.0,1000.0,0,0,-0.34199999999999997,0.238,-0.262
25159,0.0,0.0,0.0,1000.0,0,0,-0.32199999999999995,0.238,-0.262
25160,0.0,0.0,0.0,1000.0,0,0,-0.302,0.238,-0.262
25161,0.0,0.0,0.0,1000.0,0,0,-0.282,0.238,-0.262
25162,0.0,0.0,0.0,1000.0,0,0,-0.262,0.238,-0.262
25163,0.0,0.0,0.0,1000.0,0,0,-0.242,0.238,-0.262
25164,0.0,0.0,0.0,1000.0,0,0,-0.22199999999999998,0.238,-0.262
25165,0.0,0.0,0.0,1000.0,0,0,-0.20199999999999996,0.238,-0.262
25166,0.0,0.0,0.0,1000.0,0,0,-0.182,0.238,-0.262
25167,0.0,0.0,0.0,1000.0,0,0,-0.16199999999999998,0.238,-0.262
25168,0.0,0.0,0.0,1000.0,0,0,-0.482,0.258,-0.262
25169,0.0,0.0,0.0,1000.0,0,0,-0.46199999999999997,0.258,-0.262
25170,0.0,0.0,0.0,1000.0,0,0,-0.442,0.258,-0.262
25171,0.0,0.0,0.0,1000.0,0,0,-0.422,0.258,-0.262
25172,0.0,0.0,0.0,1000.0,0,0,-0.40199999999999997,0.258,-0.262
25173,0.0,0.0,0.0,1000.0,0,0,-0.382,0.258,-0.262
25174,0.0,0.0,0.0,1000.0,0,0,-0.362,0.258,-0.262
25175,0.0,0.0,0.0,1000.0,0,0,-0.34199999999999997,0.258,-0.262
25176,0.0,0.0,0.0,1000.0,0,0,-0.32199999999999995,0.258,-0.262
25177,0.0,0.0,0.0,1000.0,0,0,-0.302,0.258,-0.262
25178,0.0,0.0,0.0,1000.0,0,0,-0.282,0.258,-0.262
25179,0.0,0.0,0.0,1000.0,0,0,-0.262,0.258,-0.262
25180,0.0,0.0,0.0,1000.0,0,0,-0.242,0.258,-0.262
25181,0.0,0.0,0.0,1000.0,0,0,-0.22199999999999998,0.258,-0.262
25182,0.0,0.0,0.0,1000.0,0,0,-0.20199999999999996,0.258,-0.262
25183,0.0,0.0,0.0,1000.0,0,0,-0.182,0.258,-0.262
25184,0.0,0.0,0.0,1000.0,0,0,-0.16199999999999998,0.258,-0.262
25185,0.0,0.0,0.0,1000.0,0,0,-0.482,0.278,-0.262
25186,0.0,0.0,0.0,1000.0,0,0,-0.46199999999999997,0.278,-0.262
25187,0.0,0.0,0.0,1000.0,0,0,-0.442,0.278,-0.262
25188,0.0,0.0,0.0,1000.0,0,0,-0.422,0.278,-0.262
25189,0.0,0.0,0.0,1000.0,0,0,-0.40199999999999997,0.278,-0.262
25190,0.0,0.0,0.0,1000.0,0,0,-0.382,0.278,-0.262
25191,0.0,0.0,0.0,1000.0,0,0,-0.362,0.278,-0.262
25192,0.0,0.0,0.0,1000.0,0,0,-0.34199999999999997,0.278,-0.262
25193,0.0,0.0,0.0,1000.0,0,0,-0.32199999999999995,0.278,-0.262
25194,0.0,0.0,0.0,1000.0,0,0,-0.302,0.278,-0.262
25195,0.0,0.0,0.0,1000.0,0,0,-0.282,0.278,-0.262
25196,0.0,0.0,0.0,1000.0,0,0,-0.262,0.278,-0.262
25197,0.0,0.0,0.0,1000.0,0,0,-0.242,0.278,-0.262
25198,0.0,0.0,0.0,1000.0,0,0,-0.22199999999999998,0.278,-0.262
25199,0.0,0.0,0.0,1000.0,0,0,-0.20199999999999996,0.278,-0.262
25200,0.0,0.0,0.0,1000.0,0,0,-0.182,0.278,-0.262
25201,0.0,0.0,0.0,1000.0,0,0,-0.16199999999999998,0.278,-0.262
25202,0.0,0.0,0.0,1000.0,0,0,-0.482,0.29800000000000004,-0.262
25203,0.0,0.0,0.0,1000.0,0,0,-0.46199999999999997,0.29800000000000004,-0.262
25204,0.0,0.0,0.0,1000.0,0,0,-0.442,0.29800000000000004,-0.262
25205,0.0,0.0,0.0,1000.0,0,0,-0.422,0.29800000000000004,-0.262
25206,0.0,0.0,0.0,1000.0,0,0,-0.40199999999999997,0.29800000000000004,-0.262
25207,0.0,0.0,0.0,1000.0,0,0,-0.382,0.29800000000000004,-0.262
25208,0.0,0.0,0.0,1000.0,0,0,-0.362,0.29800000000000004,-0.262
25209,0.0,0.0,0.0,1000.0,0,0,-0.34199999999999997,0.29800000000000004,-0.262
25210,0.0,0.0,0.0,1000.0,0,0,-0.32199999999999995,0.29800000000000004,-0.262
25211,0.0,0.0,0.0,1000.0,0,0,-0.302,0.29800000000000004,-0.262
25212,0.0,0.0,0.0,1000.0,0,0,-0.282,0.29800000000000004,-0.262
25213,0.0,0.0,0.0,1000.0,0,0,-0.262,0.29800000000000004,-0.262
25214,0.0,0.0,0.0,1000.0,0,0,-0.242,0.29800000000000004,-0.262
25215,0.0,0.0,0.0,1000.0,0,0,-0.22199999999999998,0.29800000000000004,-0.262
25216,0.0,0.0,0.0,1000.0,0,0,-0.20199999999999996,0.29800000000000004,-0.262
25217,0.0,0.0,0.0,1000.0,0,0,-0.182,0.29800000000000004,-0.262
25218,0.0,0.0,0.0,1000.0,0,0,-0.16199999999999998,0.29800000000000004,-0.262
25219,0.0,0.0,0.0,1000.0,0,0,-0.482,0.31800000000000006,-0.262
25220,0.0,0.0,0.0,1000.0,0,0,-0.46199999999999997,0.31800000000000006,-0.262
25221,0.0,0.0,0.0,1000.0,0,0,-0.442,0.31800000000000006,-0.262
25222,0.0,0.0,0.0,1000.0,0,0,-0.422,0.31800000000000006,-0.262
25223,0.0,0.0,0.0,1000.0,0,0,-0.40199999999999997,0.31800000000000006,-0.262
25224,0.0,0.0,0.0,1000.0,0,0,-0.382,0.31800000000000006,-0.262
25225,0.0,0.0,0.0,1000.0,0,0,-0.362,0.31800000000000006,-0.262
25226,0.0,0.0,0.0,1000.0,0,0,-0.34199999999999997,0.31800000000000006,-0.262
25227,0.0,0.0,0.0,1000.0,0,0,-0.32199999999999995,0.31800000000000006,-0.262
25228,0.0,0.0,0.0,1000.0,0,0,-0.302,0.31800000000000006,-0.262
25229,0.0,0.0,0.0,1000.0,0,0,-0.282,0.31800000000000006,-0.262
25230,0.0,0.0,0.0,1000.0,0,0,-0.262,0.31800000000000006,-0.262
25231,0.0,0.0,0.0,1000.0,0,0,-0.242,0.31800000000000006,-0.262
25232,0.0,0.0,0.0,1000.0,0,0,-0.22199999999999998,0.31800000000000006,-0.262
25233,0.0,0.0,0.0,1000.0,0,0,-0.20199999999999996,0.31800000000000006,-0.262
25234,0.0,0.0,0.0,1000.0,0,0,-0.182,0.31800000000000006,-0.262
25235,0.0,0.0,0.0,1000.0,0,0,-0.16199999999999998,0.31800000000000006,-0.262
25236,0.0,0.0,0.0,1000.0,0,0,-0.482,0.3380000000000001,-0.262
25237,0.0,0.0,0.0,1000.0,0,0,-0.46199999999999997,0.3380000000000001,-0.262
25238,0.0,0.0,0.0,1000.0,0,0,-0.442,0.3380000000000001,-0.262
25239,0.0,0.0,0.0,1000.0,0,0,-0.422,0.3380000000000001,-0.262
25240,0.0,0.0,0.0,1000.0,0,0,-0.40199999999999997,0.3380000000000001,-0.262
25241,0.0,0.0,0.0,1000.0,0,0,-0.382,0.3380000000000001,-0.262
25242,0.0,0.0,0.0,1000.0,0,0,-0.362,0.3380000000000001,-0.262
25243,0.0,0.0,0.0,1000.0,0,0,-0.34199999999999997,0.3380000000000001,-0.262
25244,0.0,0.0,0.0,1000.0,0,0,-0.32199999999999995,0.3380000000000001,-0.262
25245,0.0,0.0,0.0,1000.0,0,0,-0.302,0.3380000000000001,-0.262
25246,0.0,0.0,0.0,1000.0,0,0,-0.282,0.3380000000000001,-0.262
25247,0.0,0.0,0.0,1000.0,0,0,-0.262,0.3380000000000001,-0.262
25248,0.0,0.0,0.0,1000.0,0,0,-0.242,0.3380000000000001,-0.262
25249,0.0,0.0,0.0,1000.0,0,0,-0.22199999999999998,0.3380000000000001,-0.262
25250,0.0,0.0,0.0,1000.0,0,0,-0.20199999999999996,0.3380000000000001,-0.262
25251,0.0,0.0,0.0,1000.0,0,0,-0.182,0.3380000000000001,-0.262
25252,0.0,0.0,0.0,1000.0,0,0,-0.16199999999999998,0.3380000000000001,-0.262
25253,0.0,0.0,0.0,1000.0,0,0,-0.482,0.358,-0.262
25254,0.0,0.0,0.0,1000.0,0,0,-0.46199999999999997,0.358,-0.262
25255,0.0,0.0,0.0,1000.0,0,0,-0.442,0.358,-0.262
25256,0.0,0.0,0.0,1000.0,0,0,-0.422,0.358,-0.262
25257,0.0,0.0,0.0,1000.0,0,0,-0.40199999999999997,0.358,-0.262
25258,0.0,0.0,0.0,1000.0,0,0,-0.382,0.358,-0.262
25259,0.0,0.0,0.0,1000.0,0,0,-0.362,0.358,-0.262
25260,0.0,0.0,0.0,1000.0,0,0,-0.34199999999999997,0.358,-0.262
25261,0.0,0.0,0.0,1000.0,0,0,-0.32199999999999995,0.358,-0.262
25262,0.0,0.0,0.0,1000.0,0,0,-0.302,0.358,-0.262
25263,0.0,0.0,0.0,1000.0,0,0,-0.282,0.358,-0.262
25264,0.0,0.0,0.0,1000.0,0,0,-0.262,0.358,-0.262
25265,0.0,0.0,0.0,1000.0,0,0,-0.242,0.358,-0.262
25266,0.0,0.0,0.0,1000.0,0,0,-0.22199999999999998,0.358,-0.262
25267,0.0,0.0,0.0,1000.0,0,0,-0.20199999999999996,0.358,-0.262
25268,0.0,0.0,0.0,1000.0,0,0,-0.182,0.358,-0.262
25269,0.0,0.0,0.0,1000.0,0,0,-0.16199999999999998,0.358,-0.262
25270,0.0,0.0,0.0,1000.0,0,0,-0.482,0.378,-0.262
25271,0.0,0.0,0.0,1000.0,0,0,-0.46199999999999997,0.378,-0.262
25272,0.0,0.0,0.0,1000.0,0,0,-0.442,0.378,-0.262
25273,0.0,0.0,0.0,1000.0,0,0,-0.422,0.378,-0.262
25274,0.0,0.0,0.0,1000.0,0,0,-0.40199999999999997,0.378,-0.262
25275,0.0,0.0,0.0,1000.0,0,0,-0.382,0.378,-0.262
25276,0.0,0.0,0.0,1000.0,0,0,-0.362,0.378,-0.262
25277,0.0,0.0,0.0,1000.0,0,0,-0.34199999999999997,0.378,-0.262
25278,0.0,0.0,0.0,1000.0,0,0,-0.32199999999999995,0.378,-0.262
25279,0.0,0.0,0.0,1000.0,0,0,-0.302,0.378,-0.262
25280,0.0,0.0,0.0,1000.0,0,0,-0.282,0.378,-0.262
25281,0.0,0.0,0.0,1000.0,0,0,-0.262,0.378,-0.262
25282,0.0,0.0,0.0,1000.0,0,0,-0.242,0.378,-0.262
25283,0.0,0.0,0.0,1000.0,0,0,-0.22199999999999998,0.378,-0.262
25284,0.0,0.0,0.0,1000.0,0,0,-0.20199999999999996,0.378,-0.262
25285,0.0,0.0,0.0,1000.0,0,0,-0.182,0.378,-0.262
25286,0.0,0.0,0.0,1000.0,0,0,-0.16199999999999998,0.378,-0.262
25287,0.0,0.0,0.0,1000.0,0,0,-0.482,0.398,-0.262
25288,0.0,0.0,0.0,1000.0,0,0,-0.46199999999999997,0.398,-0.262
25289,0.0,0.0,0.0,1000.0,0,0,-0.442,0.398,-0.262
25290,0.0,0.0,0.0,1000.0,0,0,-0.422,0.398,-0.262
25291,0.0,0.0,0.0,1000.0,0,0,-0.40199999999999997,0.398,-0.262
25292,0.0,0.0,0.0,1000.0,0,0,-0.382,0.398,-0.262
25293,0.0,0.0,0.0,1000.0,0,0,-0.362,0.398,-0.262
25294,0.0,0.0,0.0,1000.0,0,0,-0.34199999999999997,0.398,-0.262
25295,0.0,0.0,0.0,1000.0,0,0,-0.32199999999999995,0.398,-0.262
25296,0.0,0.0,0.0,1000.0,0,0,-0.302,0.398,-0.262
25297,0.0,0.0,0.0,1000.0,0,0,-0.282,0.398,-0.262
25298,0.0,0.0,0.0,1000.0,0,0,-0.262,0.398,-0.262
25299,0.0,0.0,0.0,1000.0,0,0,-0.242,0.398,-0.262
25300,0.0,0.0,0.0,1000.0,0,0,-0.22199999999999998,0.398,-0.262
25301,0.0,0.0,0.0,1000.0,0,0,-0.20199999999999996,0.398,-0.262
25302,0.0,0.0,0.0,1000.0,0,0,-0.182,0.398,-0.262
25303,0.0,0.0,0.0,1000.0,0,0,-0.16199999999999998,0.398,-0.262
25304,0.0,0.0,0.0,1000.0,0,0,-0.482,0.41800000000000004,-0.262
25305,0.0,0.0,0.0,1000.0,0,0,-0.46199999999999997,0.41800000000000004,-0.262
25306,0.0,0.0,0.0,1000.0,0,0,-0.442,0.41800000000000004,-0.262
25307,0.0,0.0,0.0,1000.0,0,0,-0.422,0.41800000000000004,-0.262
25308,0.0,0.0,0.0,1000.0,0,0,-0.40199999999999997,0.41800000000000004,-0.262
25309,0.0,0.0,0.0,1000.0,0,0,-0.382,0.41800000000000004,-0.262
25310,0.0,0.0,0.0,1000.0,0,0,-0.362,0.41800000000000004,-0.262
25311,0.0,0.0,0.0,1000.0,0,0,-0.34199999999999997,0.41800000000000004,-0.262
25312,0.0,0.0,0.0,1000.0,0,0,-0.32199999999999995,0.41800000000000004,-0.262
25313,0.0,0.0,0.0,1000.0,0,0,-0.302,0.41800000000000004,-0.262
25314,0.0,0.0,0.0,1000.0,0,0,-0.282,0.41800000000000004,-0.262
25315,0.0,0.0,0.0,1000.0,0,0,-0.262,0.41800000000000004,-0.262
25316,0.0,0.0,0.0,1000.0,0,0,-0.242,0.41800000000000004,-0.262
25317,0.0,0.0,0.0,1000.0,0,0,-0.22199999999999998,0.41800000000000004,-0.262
25318,0.0,0.0,0.0,1000.0,0,0,-0.20199999999999996,0.41800000000000004,-0.262
25319,0.0,0.0,0.0,1000.0,0,0,-0.182,0.41800000000000004,-0.262
25320,0.0,0.0,0.0,1000.0,0,0,-0.16199999999999998,0.41800000000000004,-0.262
25321,0.0,0.0,0.0,1000.0,0,0,-0.482,0.43800000000000006,-0.262
25322,0.0,0.0,0.0,1000.0,0,0,-0.46199999999999997,0.43800000000000006,-0.262
25323,0.0,0.0,0.0,1000.0,0,0,-0.442,0.43800000000000006,-0.262
25324,0.0,0.0,0.0,1000.0,0,0,-0.422,0.43800000000000006,-0.262
25325,0.0,0.0,0.0,1000.0,0,0,-0.40199999999999997,0.43800000000000006,-0.262
25326,0.0,0.0,0.0,1000.0,0,0,-0.382,0.43800000000000006,-0.262
25327,0.0,0.0,0.0,1000.0,0,0,-0.362,0.43800000000000006,-0.262
25328,0.0,0.0,0.0,1000.0,0,0,-0.34199999999999997,0.43800000000000006,-0.262
25329,0.0,0.0,0.0,1000.0,0,0,-0.32199999999999995,0.43800000000000006,-0.262
25330,0.0,0.0,0.0,1000.0,0,0,-0.302,0.43800000000000006,-0.262
25331,0.0,0.0,0.0,1000.0,0,0,-0.282,0.43800000000000006,-0.262
25332,0.0,0.0,0.0,1000.0,0,0,-0.262,0.43800000000000006,-0.262
25333,0.0,0.0,0.0,1000.0,0,0,-0.242,0.43800000000000006,-0.262
25334,0.0,0.0,0.0,1000.0,0,0,-0.22199999999999998,0.43800000000000006,-0.262
25335,0.0,0.0,0.0,1000.0,0,0,-0.20199999999999996,0.43800000000000006,-0.262
25336,0.0,0.0,0.0,1000.0,0,0,-0.182,0.43800000000000006,-0.262
25337,0.0,0.0,0.0,1000.0,0,0,-0.16199999999999998,0.43800000000000006,-0.262
25338,0.0,0.0,0.0,1000.0,0,0,-0.482,0.4580000000000001,-0.262
25339,0.0,0.0,0.0,1000.0,0,0,-0.46199999999999997,0.4580000000000001,-0.262
25340,0.0,0.0,0.0,1000.0,0,0,-0.442,0.4580000000000001,-0.262
25341,0.0,0.0,0.0,1000.0,0,0,-0.422,0.4580000000000001,-0.262
25342,0.0,0.0,0.0,1000.0,0,0,-0.40199999999999997,0.4580000000000001,-0.262
25343,0.0,0.0,0.0,1000.0,0,0,-0.382,0.4580000000000001,-0.262
25344,0.0,0.0,0.0,1000.0,0,0,-0.362,0.4580000000000001,-0.262
25345,0.0,0.0,0.0,1000.0,0,0,-0.34199999999999997,0.4580000000000001,-0.262
25346,0.0,0.0,0.0,1000.0,0,0,-0.32199999999999995,0.4580000000000001,-0.262
25347,0.0,0.0,0.0,1000.0,0,0,-0.302,0.4580000000000001,-0.262
25348,0.0,0.0,0.0,1000.0,0,0,-0.282,0.4580000000000001,-0.262
25349,0.0,0.0,0.0,1000.0,0,0,-0.262,0.4580000000000001,-0.262
25350,0.0,0.0,0.0,1000.0,0,0,-0.242,0.4580000000000001,-0.262
25351,0.0,0.0,0.0,1000.0,0,0,-0.22199999999999998,0.4580000000000001,-0.262
25352,0.0,0.0,0.0,1000.0,0,0,-0.20199999999999996,0.4580000000000001,-0.262
25353,0.0,0.0,0.0,1000.0,0,0,-0.182,0.4580000000000001,-0.262
25354,0.0,0.0,0.0,1000.0,0,0,-0.16199999999999998,0.4580000000000001,-0.262
25355,0.0,0.0,0.0,1000.0,0,0,-0.482,0.478,-0.262
25356,0.0,0.0,0.0,1000.0,0,0,-0.46199999999999997,0.478,-0.262
25357,0.0,0.0,0.0,1000.0,0,0,-0.442,0.478,-0.262
25358,0.0,0.0,0.0,1000.0,0,0,-0.422,0.478,-0.262
25359,0.0,0.0,0.0,1000.0,0,0,-0.40199999999999997,0.478,-0.262
25360,0.0,0.0,0.0,1000.0,0,0,-0.382,0.478,-0.262
25361,0.0,0.0,0.0,1000.0,0,0,-0.362,0.478,-0.262
25362,0.0,0.0,0.0,1000.0,0,0,-0.34199999999999997,0.478,-0.262
25363,0.0,0.0,0.0,1000.0,0,0,-0.32199999999999995,0.478,-0.262
25364,0.0,0.0,0.0,1000.0,0,0,-0.302,0.478,-0.262
25365,0.0,0.0,0.0,1000.0,0,0,-0.282,0.478,-0.262
25366,0.0,0.0,0.0,1000.0,0,0,-0.262,0.478,-0.262
25367,0.0,0.0,0.0,1000.0,0,0,-0.242,0.478,-0.262
25368,0.0,0.0,0.0,1000.0,0,0,-0.22199999999999998,0.478,-0.262
25369,0.0,0.0,0.0,1000.0,0,0,-0.20199999999999996,0.478,-0.262
25370,0.0,0.0,0.0,1000.0,0,0,-0.182,0.478,-0.262
25371,0.0,0.0,0.0,1000.0,0,0,-0.16199999999999998,0.478,-0.262
25372,0.0,0.0,0.0,1000.0,0,0,-0.482,-0.482,-0.242
25373,0.0,0.0,0.0,1000.0,0,0,-0.46199999999999997,-0.482,-0.242
25374,0.0,0.0,0.0,1000.0,0,0,-0.442,-0.482,-0.242
25375,0.0,0.0,0.0,1000.0,0,0,-0.422,-0.482,-0.242
25376,0.0,0.0,0.0,1000.0,0,0,-0.40199999999999997,-0.482,-0.242
25377,0.0,0.0,0.0,1000.0,0,0,-0.382,-0.482,-0.242
25378,0.0,0.0,0.0,1000.0,0,0,-0.362,-0.482,-0.242
25379,0.0,0.0,0.0,1000.0,0,0,-0.34199999999999997,-0.482,-0.242
25380,0.0,0.0,0.0,1000.0,0,0,-0.32199999999999995,-0.482,-0.242
25381,0.0,0.0,0.0,1000.0,0,0,-0.302,-0.482,-0.242
25382,0.0,0.0,0.0,1000.0,0,0,-0.282,-0.482,-0.242
25383,0.0,0.0,0.0,1000.0,0,0,-0.262,-0.482,-0.242
25384,0.0,0.0,0.0,1000.0,0,0,-0.242,-0.482,-0.242
25385,0.0,0.0,0.0,1000.0,0,0,-0.22199999999999998,-0.482,-0.242
25386,0.0,0.0,0.0,1000.0,0,0,-0.20199999999999996,-0.482,-0.242
25387,0.0,0.0,0.0,1000.0,0,0,-0.182,-0.482,-0.242
25388,0.0,0.0,0.0,1000.0,0,0,-0.16199999999999998,-0.482,-0.242
25389,0.0,0.0,0.0,1000.0,0,0,-0.482,-0.46199999999999997,-0.242
25390,0.0,0.0,0.0,1000.0,0,0,-0.46199999999999997,-0.46199999999999997,-0.242
25391,0.0,0.0,0.0,1000.0,0,0,-0.442,-0.46199999999999997,-0.242
25392,0.0,0.0,0.0,1000.0,0,0,-0.422,-0.46199999999999997,-0.242
25393,0.0,0.0,0.0,1000.0,0,0,-0.40199999999999997,-0.46199999999999997,-0.242
25394,0.0,0.0,0.0,1000.0,0,0,-0.382,-0.46199999999999997,-0.242
25395,0.0,0.0,0.0,1000.0,0,0,-0.362,-0.46199999999999997,-0.242
25396,0.0,0.0,0.0,1000.0,0,0,-0.34199999999999997,-0.46199999999999997,-0.242
25397,0.0,0.0,0.0,1000.0,0,0,-0.32199999999999995,-0.46199999999999997,-0.242
25398,0.0,0.0,0.0,1000.0,0,0,-0.302,-0.46199999999999997,-0.242
25399,0.0,0.0,0.0,1000.0,0,0,-0.282,-0.46199999999999997,-0.242
25400,0.0,0.0,0.0,1000.0,0,0,-0.262,-0.46199999999999997,-0.242
25401,0.0,0.0,0.0,1000.0,0,0,-0.242,-0.46199999999999997,-0.242
25402,0.0,0.0,0.0,1000.0,0,0,-0.22199999999999998,-0.46199999999999997,-0.242
25403,0.0,0.0,0.0,1000.0,0,0,-0.20199999999999996,-0.46199999999999997,-0.242
25404,0.0,0.0,0.0,1000.0,0,0,-0.182,-0.46199999999999997,-0.242
25405,0.0,0.0,0.0,1000.0,0,0,-0.16199999999999998,-0.46199999999999997,-0.242
25406,0.0,0.0,0.0,1000.0,0,0,-0.482,-0.442,-0.242
25407,0.0,0.0,0.0,1000.0,0,0,-0.46199999999999997,-0.442,-0.242
25408,0.0,0.0,0.0,1000.0,0,0,-0.442,-0.442,-0.242
25409,0.0,0.0,0.0,1000.0,0,0,-0.422,-0.442,-0.242
25410,0.0,0.0,0.0,1000.0,0,0,-0.40199999999999997,-0.442,-0.242
25411,0.0,0.0,0.0,1000.0,0,0,-0.382,-0.442,-0.242
25412,0.0,0.0,0.0,1000.0,0,0,-0.362,-0.442,-0.242
25413,0.0,0.0,0.0,1000.0,0,0,-0.34199999999999997,-0.442,-0.242
25414,0.0,0.0,0.0,1000.0,0,0,-0.32199999999999995,-0.442,-0.242
25415,0.0,0.0,0.0,1000.0,0,0,-0.302,-0.442,-0.242
25416,0.0,0.0,0.0,1000.0,0,0,-0.282,-0.442,-0.242
25417,0.0,0.0,0.0,1000.0,0,0,-0.262,-0.442,-0.242
25418,0.0,0.0,0.0,1000.0,0,0,-0.242,-0.442,-0.242
25419,0.0,0.0,0.0,1000.0,0,0,-0.22199999999999998,-0.442,-0.242
25420,0.0,0.0,0.0,1000.0,0,0,-0.20199999999999996,-0.442,-0.242
25421,0.0,0.0,0.0,1000.0,0,0,-0.182,-0.442,-0.242
25422,0.0,0.0,0.0,1000.0,0,0,-0.16199999999999998,-0.442,-0.242
25423,0.0,0.0,0.0,1000.0,0,0,-0.482,-0.422,-0.242
25424,0.0,0.0,0.0,1000.0,0,0,-0.46199999999999997,-0.422,-0.242
25425,0.0,0.0,0.0,1000.0,0,0,-0.442,-0.422,-0.242
25426,0.0,0.0,0.0,1000.0,0,0,-0.422,-0.422,-0.242
25427,0.0,0.0,0.0,1000.0,0,0,-0.40199999999999997,-0.422,-0.242
25428,0.0,0.0,0.0,1000.0,0,0,-0.382,-0.422,-0.242
25429,0.0,0.0,0.0,1000.0,0,0,-0.362,-0.422,-0.242
25430,0.0,0.0,0.0,1000.0,0,0,-0.34199999999999997,-0.422,-0.242
25431,0.0,0.0,0.0,1000.0,0,0,-0.32199999999999995,-0.422,-0.242
25432,0.0,0.0,0.0,1000.0,0,0,-0.302,-0.422,-0.242
25433,0.0,0.0,0.0,1000.0,0,0,-0.282,-0.422,-0.242
25434,0.0,0.0,0.0,1000.0,0,0,-0.262,-0.422,-0.242
25435,0.0,0.0,0.0,1000.0,0,0,-0.242,-0.422,-0.242
25436,0.0,0.0,0.0,1000.0,0,0,-0.22199999999999998,-0.422,-0.242
25437,0.0,0.0,0.0,1000.0,0,0,-0.20199999999999996,-0.422,-0.242
25438,0.0,0.0,0.0,1000.0,0,0,-0.182,-0.422,-0.242
25439,0.0,0.0,0.0,1000.0,0,0,-0.16199999999999998,-0.422,-0.242
25440,0.0,0.0,0.0,1000.0,0,0,-0.482,-0.40199999999999997,-0.242
25441,0.0,0.0,0.0,1000.0,0,0,-0.46199999999999997,-0.40199999999999997,-0.242
25442,0.0,0.0,0.0,1000.0,0,0,-0.442,-0.40199999999999997,-0.242
25443,0.0,0.0,0.0,1000.0,0,0,-0.422,-0.40199999999999997,-0.242
25444,0.0,0.0,0.0,1000.0,0,0,-0.40199999999999997,-0.40199999999999997,-0.242
25445,0.0,0.0,0.0,1000.0,0,0,-0.382,-0.40199999999999997,-0.242
25446,0.0,0.0,0.0,1000.0,0,0,-0.362,-0.40199999999999997,-0.242
25447,0.0,0.0,0.0,1000.0,0,0,-0.34199999999999997,-0.40199999999999997,-0.242
25448,0.0,0.0,0.0,1000.0,0,0,-0.32199999999999995,-0.40199999999999997,-0.242
25449,0.0,0.0,0.0,1000.0,0,0,-0.302,-0.40199999999999997,-0.242
25450,0.0,0.0,0.0,1000.0,0,0,-0.282,-0.40199999999999997,-0.242
25451,0.0,0.0,0.0,1000.0,0,0,-0.262,-0.40199999999999997,-0.242
25452,0.0,0.0,0.0,1000.0,0,0,-0.242,-0.40199999999999997,-0.242
25453,0.0,0.0,0.0,1000.0,0,0,-0.22199999999999998,-0.40199999999999997,-0.242
25454,0.0,0.0,0.0,1000.0,0,0,-0.20199999999999996,-0.40199999999999997,-0.242
25455,0.0,0.0,0.0,1000.0,0,0,-0.182,-0.40199999999999997,-0.242
25456,0.0,0.0,0.0,1000.0,0,0,-0.16199999999999998,-0.40199999999999997,-0.242
25457,0.0,0.0,0.0,1000.0,0,0,-0.482,-0.382,-0.242
25458,0.0,0.0,0.0,1000.0,0,0,-0.46199999999999997,-0.382,-0.242
25459,0.0,0.0,0.0,1000.0,0,0,-0.442,-0.382,-0.242
25460,0.0,0.0,0.0,1000.0,0,0,-0.422,-0.382,-0.242
25461,0.0,0.0,0.0,1000.0,0,0,-0.40199999999999997,-0.382,-0.242
25462,0.0,0.0,0.0,1000.0,0,0,-0.382,-0.382,-0.242
25463,0.0,0.0,0.0,1000.0,0,0,-0.362,-0.382,-0.242
25464,0.0,0.0,0.0,1000.0,0,0,-0.34199999999999997,-0.382,-0.242
25465,0.0,0.0,0.0,1000.0,0,0,-0.32199999999999995,-0.382,-0.242
25466,0.0,0.0,0.0,1000.0,0,0,-0.302,-0.382,-0.242
25467,0.0,0.0,0.0,1000.0,0,0,-0.282,-0.382,-0.242
25468,0.0,0.0,0.0,1000.0,0,0,-0.262,-0.382,-0.242
25469,0.0,0.0,0.0,1000.0,0,0,-0.242,-0.382,-0.242
25470,0.0,0.0,0.0,1000.0,0,0,-0.22199999999999998,-0.382,-0.242
25471,0.0,0.0,0.0,1000.0,0,0,-0.20199999999999996,-0.382,-0.242
25472,0.0,0.0,0.0,1000.0,0,0,-0.182,-0.382,-0.242
25473,0.0,0.0,0.0,1000.0,0,0,-0.16199999999999998,-0.382,-0.242
25474,0.0,0.0,0.0,1000.0,0,0,-0.482,-0.362,-0.242
25475,0.0,0.0,0.0,1000.0,0,0,-0.46199999999999997,-0.362,-0.242
25476,0.0,0.0,0.0,1000.0,0,0,-0.442,-0.362,-0.242
25477,0.0,0.0,0.0,1000.0,0,0,-0.422,-0.362,-0.242
25478,0.0,0.0,0.0,1000.0,0,0,-0.40199999999999997,-0.362,-0.242
25479,0.0,0.0,0.0,1000.0,0,0,-0.382,-0.362,-0.242
25480,0.0,0.0,0.0,1000.0,0,0,-0.362,-0.362,-0.242
25481,0.0,0.0,0.0,1000.0,0,0,-0.34199999999999997,-0.362,-0.242
25482,0.0,0.0,0.0,1000.0,0,0,-0.32199999999999995,-0.362,-0.242
25483,0.0,0.0,0.0,1000.0,0,0,-0.302,-0.362,-0.242
25484,0.0,0.0,0.0,1000.0,0,0,-0.282,-0.362,-0.242
25485,0.0,0.0,0.0,1000.0,0,0,-0.262,-0.362,-0.242
25486,0.0,0.0,0.0,1000.0,0,0,-0.242,-0.362,-0.242
25487,0.0,0.0,0.0,1000.0,0,0,-0.22199999999999998,-0.362,-0.242
25488,0.0,0.0,0.0,1000.0,0,0,-0.20199999999999996,-0.362,-0.242
25489,0.0,0.0,0.0,1000.0,0,0,-0.182,-0.362,-0.242
25490,0.0,0.0,0.0,1000.0,0,0,-0.16199999999999998,-0.362,-0.242
25491,0.0,0.0,0.0,1000.0,0,0,-0.482,-0.34199999999999997,-0.242
25492,0.0,0.0,0.0,1000.0,0,0,-0.46199999999999997,-0.34199999999999997,-0.242
25493,0.0,0.0,0.0,1000.0,0,0,-0.442,-0.34199999999999997,-0.242
25494,0.0,0.0,0.0,1000.0,0,0,-0.422,-0.34199999999999997,-0.242
25495,0.0,0.0,0.0,1000.0,0,0,-0.40199999999999997,-0.34199999999999997,-0.242
25496,0.0,0.0,0.0,1000.0,0,0,-0.382,-0.34199999999999997,-0.242
25497,0.0,0.0,0.0,1000.0,0,0,-0.362,-0.34199999999999997,-0.242
25498,0.0,0.0,0.0,1000.0,0,0,-0.34199999999999997,-0.34199999999999997,-0.242
25499,0.0,0.0,0.0,1000.0,0,0,-0.32199999999999995,-0.34199999999999997,-0.242
25500,0.0,0.0,0.0,1000.0,0,0,-0.302,-0.34199999999999997,-0.242
25501,0.0,0.0,0.0,1000.0,0,0,-0.282,-0.34199999999999997,-0.242
25502,0.0,0.0,0.0,1000.0,0,0,-0.262,-0.34199999999999997,-0.242
25503,0.0,0.0,0.0,1000.0,0,0,-0.242,-0.34199999999999997,-0.242
25504,0.0,0.0,0.0,1000.0,0,0,-0.22199999999999998,-0.34199999999999997,-0.242
25505,0.0,0.0,0.0,1000.0,0,0,-0.20199999999999996,-0.34199999999999997,-0.242
25506,0.0,0.0,0.0,1000.0,0,0,-0.182,-0.34199999999999997,-0.242
25507,0.0,0.0,0.0,1000.0,0,0,-0.16199999999999998,-0.34199999999999997,-0.242
25508,0.0,0.0,0.0,1000.0,0,0,-0.482,-0.32199999999999995,-0.242
25509,0.0,0.0,0.0,1000.0,0,0,-0.46199999999999997,-0.32199999999999995,-0.242
25510,0.0,0.0,0.0,1000.0,0,0,-0.442,-0.32199999999999995,-0.242
25511,0.0,0.0,0.0,1000.0,0,0,-0.422,-0.32199999999999995,-0.242
25512,0.0,0.0,0.0,1000.0,0,0,-0.40199999999999997,-0.32199999999999995,-0.242
25513,0.0,0.0,0.0,1000.0,0,0,-0.382,-0.32199999999999995,-0.242
25514,0.0,0.0,0.0,1000.0,0,0,-0.362,-0.32199999999999995,-0.242
25515,0.0,0.0,0.0,1000.0,0,0,-0.34199999999999997,-0.32199999999999995,-0.242
25516,0.0,0.0,0.0,1000.0,0,0,-0.32199999999999995,-0.32199999999999995,-0.242
25517,0.0,0.0,0.0,1000.0,0,0,-0.302,-0.32199999999999995,-0.242
25518,0.0,0.0,0.0,1000.0,0,0,-0.282,-0.32199999999999995,-0.242
25519,0.0,0.0,0.0,1000.0,0,0,-0.262,-0.32199999999999995,-0.242
25520,0.0,0.0,0.0,1000.0,0,0,-0.242,-0.32199999999999995,-0.242
25521,0.0,0.0,0.0,1000.0,0,0,-0.22199999999999998,-0.32199999999999995,-0.242
25522,0.0,0.0,0.0,1000.0,0,0,-0.20199999999999996,-0.32199999999999995,-0.242
25523,0.0,0.0,0.0,1000.0,0,0,-0.182,-0.32199999999999995,-0.242
25524,0.0,0.0,0.0,1000.0,0,0,-0.16199999999999998,-0.32199999999999995,-0.242
25525,0.0,0.0,0.0,1000.0,0,0,-0.482,-0.302,-0.242
25526,0.0,0.0,0.0,1000.0,0,0,-0.46199999999999997,-0.302,-0.242
25527,0.0,0.0,0.0,1000.0,0,0,-0.442,-0.302,-0.242
25528,0.0,0.0,0.0,1000.0,0,0,-0.422,-0.302,-0.242
25529,0.0,0.0,0.0,1000.0,0,0,-0.40199999999999997,-0.302,-0.242
25530,0.0,0.0,0.0,1000.0,0,0,-0.382,-0.302,-0.242
25531,0.0,0.0,0.0,1000.0,0,0,-0.362,-0.302,-0.242
25532,0.0,0.0,0.0,1000.0,0,0,-0.34199999999999997,-0.302,-0.242
25533,0.0,0.0,0.0,1000.0,0,0,-0.32199999999999995,-0.302,-0.242
25534,0.0,0.0,0.0,1000.0,0,0,-0.302,-0.302,-0.242
25535,0.0,0.0,0.0,1000.0,0,0,-0.282,-0.302,-0.242
25536,0.0,0.0,0.0,1000.0,0,0,-0.262,-0.302,-0.242
25537,0.0,0.0,0.0,1000.0,0,0,-0.242,-0.302,-0.242
25538,0.0,0.0,0.0,1000.0,0,0,-0.22199999999999998,-0.302,-0.242
25539,0.0,0.0,0.0,1000.0,0,0,-0.20199999999999996,-0.302,-0.242
25540,0.0,0.0,0.0,1000.0,0,0,-0.182,-0.302,-0.242
25541,0.0,0.0,0.0,1000.0,0,0,-0.16199999999999998,-0.302,-0.242
25542,0.0,0.0,0.0,1000.0,0,0,-0.482,-0.282,-0.242
25543,0.0,0.0,0.0,1000.0,0,0,-0.46199999999999997,-0.282,-0.242
25544,0.0,0.0,0.0,1000.0,0,0,-0.442,-0.282,-0.242
25545,0.0,0.0,0.0,1000.0,0,0,-0.422,-0.282,-0.242
25546,0.0,0.0,0.0,1000.0,0,0,-0.40199999999999997,-0.282,-0.242
25547,0.0,0.0,0.0,1000.0,0,0,-0.382,-0.282,-0.242
25548,0.0,0.0,0.0,1000.0,0,0,-0.362,-0.282,-0.242
25549,0.0,0.0,0.0,1000.0,0,0,-0.34199999999999997,-0.282,-0.242
25550,0.0,0.0,0.0,1000.0,0,0,-0.32199999999999995,-0.282,-0.242
25551,0.0,0.0,0.0,1000.0,0,0,-0.302,-0.282,-0.242
25552,0.0,0.0,0.0,1000.0,0,0,-0.282,-0.282,-0.242
25553,0.0,0.0,0.0,1000.0,0,0,-0.262,-0.282,-0.242
25554,0.0,0.0,0.0,1000.0,0,0,-0.242,-0.282,-0.242
25555,0.0,0.0,0.0,1000.0,0,0,-0.22199999999999998,-0.282,-0.242
25556,0.0,0.0,0.0,1000.0,0,0,-0.20199999999999996,-0.282,-0.242
25557,0.0,0.0,0.0,1000.0,0,0,-0.182,-0.282,-0.242
25558,0.0,0.0,0.0,1000.0,0,0,-0.16199999999999998,-0.282,-0.242
25559,0.0,0.0,0.0,1000.0,0,0,-0.482,-0.262,-0.242
25560,0.0,0.0,0.0,1000.0,0,0,-0.46199999999999997,-0.262,-0.242
25561,0.0,0.0,0.0,1000.0,0,0,-0.442,-0.262,-0.242
25562,0.0,0.0,0.0,1000.0,0,0,-0.422,-0.262,-0.242
25563,0.0,0.0,0.0,1000.0,0,0,-0.40199999999999997,-0.262,-0.242
25564,0.0,0.0,0.0,1000.0,0,0,-0.382,-0.262,-0.242
25565,0.0,0.0,0.0,1000.0,0,0,-0.362,-0.262,-0.242
25566,0.0,0.0,0.0,1000.0,0,0,-0.34199999999999997,-0.262,-0.242
25567,0.0,0.0,0.0,1000.0,0,0,-0.32199999999999995,-0.262,-0.242
25568,0.0,0.0,0.0,1000.0,0,0,-0.302,-0.262,-0.242
25569,0.0,0.0,0.0,1000.0,0,0,-0.282,-0.262,-0.242
25570,0.0,0.0,0.0,1000.0,0,0,-0.262,-0.262,-0.242
25571,0.0,0.0,0.0,1000.0,0,0,-0.242,-0.262,-0.242
25572,0.0,0.0,0.0,1000.0,0,0,-0.22199999999999998,-0.262,-0.242
25573,0.0,0.0,0.0,1000.0,0,0,-0.20199999999999996,-0.262,-0.242
25574,0.0,0.0,0.0,1000.0,0,0,-0.182,-0.262,-0.242
25575,0.0,0.0,0.0,1000.0,0,0,-0.16199999999999998,-0.262,-0.242
25576,0.0,0.0,0.0,1000.0,0,0,-0.482,-0.242,-0.242
25577,0.0,0.0,0.0,1000.0,0,0,-0.46199999999999997,-0.242,-0.242
25578,0.0,0.0,0.0,1000.0,0,0,-0.442,-0.242,-0.242
25579,0.0,0.0,0.0,1000.0,0,0,-0.422,-0.242,-0.242
25580,0.0,0.0,0.0,1000.0,0,0,-0.40199999999999997,-0.242,-0.242
25581,0.0,0.0,0.0,1000.0,0,0,-0.382,-0.242,-0.242
25582,0.0,0.0,0.0,1000.0,0,0,-0.362,-0.242,-0.242
25583,0.0,0.0,0.0,1000.0,0,0,-0.34199999999999997,-0.242,-0.242
25584,0.0,0.0,0.0,1000.0,0,0,-0.32199999999999995,-0.242,-0.242
25585,0.0,0.0,0.0,1000.0,0,0,-0.302,-0.242,-0.242
25586,0.0,0.0,0.0,1000.0,0,0,-0.282,-0.242,-0.242
25587,0.0,0.0,0.0,1000.0,0,0,-0.262,-0.242,-0.242
25588,0.0,0.0,0.0,1000.0,0,0,-0.242,-0.242,-0.242
25589,0.0,0.0,0.0,1000.0,0,0,-0.22199999999999998,-0.242,-0.242
25590,0.0,0.0,0.0,1000.0,0,0,-0.20199999999999996,-0.242,-0.242
25591,0.0,0.0,0.0,1000.0,0,0,-0.182,-0.242,-0.242
25592,0.0,0.0,0.0,1000.0,0,0,-0.16199999999999998,-0.242,-0.242
25593,0.0,0.0,0.0,1000.0,0,0,-0.482,-0.22199999999999998,-0.242
25594,0.0,0.0,0.0,1000.0,0,0,-0.46199999999999997,-0.22199999999999998,-0.242
25595,0.0,0.0,0.0,1000.0,0,0,-0.442,-0.22199999999999998,-0.242
25596,0.0,0.0,0.0,1000.0,0,0,-0.422,-0.22199999999999998,-0.242
25597,0.0,0.0,0.0,1000.0,0,0,-0.40199999999999997,-0.22199999999999998,-0.242
25598,0.0,0.0,0.0,1000.0,0,0,-0.382,-0.22199999999999998,-0.242
25599,0.0,0.0,0.0,1000.0,0,0,-0.362,-0.22199999999999998,-0.242
25600,0.0,0.0,0.0,1000.0,0,0,-0.34199999999999997,-0.22199999999999998,-0.242
25601,0.0,0.0,0.0,1000.0,0,0,-0.32199999999999995,-0.22199999999999998,-0.242
25602,0.0,0.0,0.0,1000.0,0,0,-0.302,-0.22199999999999998,-0.242
25603,0.0,0.0,0.0,1000.0,0,0,-0.282,-0.22199999999999998,-0.242
25604,0.0,0.0,0.0,1000.0,0,0,-0.262,-0.22199999999999998,-0.242
25605,0.0,0.0,0.0,1000.0,0,0,-0.242,-0.22199999999999998,-0.242
25606,0.0,0.0,0.0,1000.0,0,0,-0.22199999999999998,-0.22199999999999998,-0.242
25607,0.0,0.0,0.0,1000.0,0,0,-0.20199999999999996,-0.22199999999999998,-0.242
25608,0.0,0.0,0.0,1000.0,0,0,-0.182,-0.22199999999999998,-0.242
25609,0.0,0.0,0.0,1000.0,0,0,-0.16199999999999998,-0.22199999999999998,-0.242
25610,0.0,0.0,0.0,1000.0,0,0,-0.482,-0.20199999999999996,-0.242
25611,0.0,0.0,0.0,1000.0,0,0,-0.46199999999999997,-0.20199999999999996,-0.242
25612,0.0,0.0,0.0,1000.0,0,0,-0.442,-0.20199999999999996,-0.242
25613,0.0,0.0,0.0,1000.0,0,0,-0.422,-0.20199999999999996,-0.242
25614,0.0,0.0,0.0,1000.0,0,0,-0.40199999999999997,-0.20199999999999996,-0.242
25615,0.0,0.0,0.0,1000.0,0,0,-0.382,-0.20199999999999996,-0.242
25616,0.0,0.0,0.0,1000.0,0,0,-0.362,-0.20199999999999996,-0.242
25617,0.0,0.0,0.0,1000.0,0,0,-0.34199999999999997,-0.20199999999999996,-0.242
25618,0.0,0.0,0.0,1000.0,0,0,-0.32199999999999995,-0.20199999999999996,-0.242
25619,0.0,0.0,0.0,1000.0,0,0,-0.302,-0.20199999999999996,-0.242
25620,0.0,0.0,0.0,1000.0,0,0,-0.282,-0.20199999999999996,-0.242
25621,0.0,0.0,0.0,1000.0,0,0,-0.262,-0.20199999999999996,-0.242
25622,0.0,0.0,0.0,1000.0,0,0,-0.242,-0.20199999999999996,-0.242
25623,0.0,0.0,0.0,1000.0,0,0,-0.22199999999999998,-0.20199999999999996,-0.242
25624,0.0,0.0,0.0,1000.0,0,0,-0.20199999999999996,-0.20199999999999996,-0.242
25625,0.0,0.0,0.0,1000.0,0,0,-0.182,-0.20199999999999996,-0.242
25626,0.0,0.0,0.0,1000.0,0,0,-0.16199999999999998,-0.20199999999999996,-0.242
25627,0.0,0.0,0.0,1000.0,0,0,-0.482,-0.182,-0.242
25628,0.0,0.0,0.0,1000.0,0,0,-0.46199999999999997,-0.182,-0.242
25629,0.0,0.0,0.0,1000.0,0,0,-0.442,-0.182,-0.242
25630,0.0,0.0,0.0,1000.0,0,0,-0.422,-0.182,-0.242
25631,0.0,0.0,0.0,1000.0,0,0,-0.40199999999999997,-0.182,-0.242
25632,0.0,0.0,0.0,1000.0,0,0,-0.382,-0.182,-0.242
25633,0.0,0.0,0.0,1000.0,0,0,-0.362,-0.182,-0.242
25634,0.0,0.0,0.0,1000.0,0,0,-0.34199999999999997,-0.182,-0.242
25635,0.0,0.0,0.0,1000.0,0,0,-0.32199999999999995,-0.182,-0.242
25636,0.0,0.0,0.0,1000.0,0,0,-0.302,-0.182,-0.242
25637,0.0,0.0,0.0,1000.0,0,0,-0.282,-0.182,-0.242
25638,0.0,0.0,0.0,1000.0,0,0,-0.262,-0.182,-0.242
25639,0.0,0.0,0.0,1000.0,0,0,-0.242,-0.182,-0.242
25640,0.0,0.0,0.0,1000.0,0,0,-0.22199999999999998,-0.182,-0.242
25641,0.0,0.0,0.0,1000.0,0,0,-0.20199999999999996,-0.182,-0.242
25642,0.0,0.0,0.0,1000.0,0,0,-0.182,-0.182,-0.242
25643,0.0,0.0,0.0,1000.0,0,0,-0.16199999999999998,-0.182,-0.242
25644,0.0,0.0,0.0,1000.0,0,0,-0.482,-0.16199999999999998,-0.242
25645,0.0,0.0,0.0,1000.0,0,0,-0.46199999999999997,-0.16199999999999998,-0.242
25646,0.0,0.0,0.0,1000.0,0,0,-0.442,-0.16199999999999998,-0.242
25647,0.0,0.0,0.0,1000.0,0,0,-0.422,-0.16199999999999998,-0.242
25648,0.0,0.0,0.0,1000.0,0,0,-0.40199999999999997,-0.16199999999999998,-0.242
25649,0.0,0.0,0.0,1000.0,0,0,-0.382,-0.16199999999999998,-0.242
25650,0.0,0.0,0.0,1000.0,0,0,-0.362,-0.16199999999999998,-0.242
25651,0.0,0.0,0.0,1000.0,0,0,-0.34199999999999997,-0.16199999999999998,-0.242
25652,0.0,0.0,0.0,1000.0,0,0,-0.32199999999999995,-0.16199999999999998,-0.242
25653,0.0,0.0,0.0,1000.0,0,0,-0.302,-0.16199999999999998,-0.242
25654,0.0,0.0,0.0,1000.0,0,0,-0.282,-0.16199999999999998,-0.242
25655,0.0,0.0,0.0,1000.0,0,0,-0.262,-0.16199999999999998,-0.242
25656,0.0,0.0,0.0,1000.0,0,0,-0.242,-0.16199999999999998,-0.242
25657,0.0,0.0,0.0,1000.0,0,0,-0.22199999999999998,-0.16199999999999998,-0.242
25658,0.0,0.0,0.0,1000.0,0,0,-0.20199999999999996,-0.16199999999999998,-0.242
25659,0.0,0.0,0.0,1000.0,0,0,-0.182,-0.16199999999999998,-0.242
25660,0.0,0.0,0.0,1000.0,0,0,-0.16199999999999998,-0.16199999999999998,-0.242
25661,0.0,0.0,0.0,1000.0,0,0,-0.482,-0.14199999999999996,-0.242
25662,0.0,0.0,0.0,1000.0,0,0,-0.46199999999999997,-0.14199999999999996,-0.242
25663,0.0,0.0,0.0,1000.0,0,0,-0.442,-0.14199999999999996,-0.242
25664,0.0,0.0,0.0,1000.0,0,0,-0.422,-0.14199999999999996,-0.242
25665,0.0,0.0,0.0,1000.0,0,0,-0.40199999999999997,-0.14199999999999996,-0.242
25666,0.0,0.0,0.0,1000.0,0,0,-0.382,-0.14199999999999996,-0.242
25667,0.0,0.0,0.0,1000.0,0,0,-0.362,-0.14199999999999996,-0.242
25668,0.0,0.0,0.0,1000.0,0,0,-0.34199999999999997,-0.14199999999999996,-0.242
25669,0.0,0.0,0.0,1000.0,0,0,-0.32199999999999995,-0.14199999999999996,-0.242
25670,0.0,0.0,0.0,1000.0,0,0,-0.302,-0.14199999999999996,-0.242
25671,0.0,0.0,0.0,1000.0,0,0,-0.282,-0.14199999999999996,-0.242
25672,0.0,0.0,0.0,1000.0,0,0,-0.262,-0.14199999999999996,-0.242
25673,0.0,0.0,0.0,1000.0,0,0,-0.242,-0.14199999999999996,-0.242
25674,0.0,0.0,0.0,1000.0,0,0,-0.22199999999999998,-0.14199999999999996,-0.242
25675,0.0,0.0,0.0,1000.0,0,0,-0.20199999999999996,-0.14199999999999996,-0.242
25676,0.0,0.0,0.0,1000.0,0,0,-0.182,-0.14199999999999996,-0.242
25677,0.0,0.0,0.0,1000.0,0,0,-0.16199999999999998,-0.14199999999999996,-0.242
25678,0.0,0.0,0.0,1000.0,0,0,-0.482,-0.122,-0.242
25679,0.0,0.0,0.0,1000.0,0,0,-0.46199999999999997,-0.122,-0.242
25680,0.0,0.0,0.0,1000.0,0,0,-0.442,-0.122,-0.242
25681,0.0,0.0,0.0,1000.0,0,0,-0.422,-0.122,-0.242
25682,0.0,0.0,0.0,1000.0,0,0,-0.40199999999999997,-0.122,-0.242
25683,0.0,0.0,0.0,1000.0,0,0,-0.382,-0.122,-0.242
25684,0.0,0.0,0.0,1000.0,0,0,-0.362,-0.122,-0.242
25685,0.0,0.0,0.0,1000.0,0,0,-0.34199999999999997,-0.122,-0.242
25686,0.0,0.0,0.0,1000.0,0,0,-0.32199999999999995,-0.122,-0.242
25687,0.0,0.0,0.0,1000.0,0,0,-0.302,-0.122,-0.242
25688,0.0,0.0,0.0,1000.0,0,0,-0.282,-0.122,-0.242
25689,0.0,0.0,0.0,1000.0,0,0,-0.262,-0.122,-0.242
25690,0.0,0.0,0.0,1000.0,0,0,-0.242,-0.122,-0.242
25691,0.0,0.0,0.0,1000.0,0,0,-0.22199999999999998,-0.122,-0.242
25692,0.0,0.0,0.0,1000.0,0,0,-0.20199999999999996,-0.122,-0.242
25693,0.0,0.0,0.0,1000.0,0,0,-0.182,-0.122,-0.242
25694,0.0,0.0,0.0,1000.0,0,0,-0.16199999999999998,-0.122,-0.242
25695,0.0,0.0,0.0,1000.0,0,0,-0.482,-0.10199999999999998,-0.242
25696,0.0,0.0,0.0,1000.0,0,0,-0.46199999999999997,-0.10199999999999998,-0.242
25697,0.0,0.0,0.0,1000.0,0,0,-0.442,-0.10199999999999998,-0.242
25698,0.0,0.0,0.0,1000.0,0,0,-0.422,-0.10199999999999998,-0.242
25699,0.0,0.0,0.0,1000.0,0,0,-0.40199999999999997,-0.10199999999999998,-0.242
25700,0.0,0.0,0.0,1000.0,0,0,-0.382,-0.10199999999999998,-0.242
25701,0.0,0.0,0.0,1000.0,0,0,-0.362,-0.10199999999999998,-0.242
25702,0.0,0.0,0.0,1000.0,0,0,-0.34199999999999997,-0.10199999999999998,-0.242
25703,0.0,0.0,0.0,1000.0,0,0,-0.32199999999999995,-0.10199999999999998,-0.242
25704,0.0,0.0,0.0,1000.0,0,0,-0.302,-0.10199999999999998,-0.242
25705,0.0,0.0,0.0,1000.0,0,0,-0.282,-0.10199999999999998,-0.242
25706,0.0,0.0,0.0,1000.0,0,0,-0.262,-0.10199999999999998,-0.242
25707,0.0,0.0,0.0,1000.0,0,0,-0.242,-0.10199999999999998,-0.242
25708,0.0,0.0,0.0,1000.0,0,0,-0.22199999999999998,-0.10199999999999998,-0.242
25709,0.0,0.0,0.0,1000.0,0,0,-0.20199999999999996,-0.10199999999999998,-0.242
25710,0.0,0.0,0.0,1000.0,0,0,-0.182,-0.10199999999999998,-0.242
25711,0.0,0.0,0.0,1000.0,0,0,-0.16199999999999998,-0.10199999999999998,-0.242
25712,0.0,0.0,0.0,1000.0,0,0,-0.482,-0.08199999999999996,-0.242
25713,0.0,0.0,0.0,1000.0,0,0,-0.46199999999999997,-0.08199999999999996,-0.242
25714,0.0,0.0,0.0,1000.0,0,0,-0.442,-0.08199999999999996,-0.242
25715,0.0,0.0,0.0,1000.0,0,0,-0.422,-0.08199999999999996,-0.242
25716,0.0,0.0,0.0,1000.0,0,0,-0.40199999999999997,-0.08199999999999996,-0.242
25717,0.0,0.0,0.0,1000.0,0,0,-0.382,-0.08199999999999996,-0.242
25718,0.0,0.0,0.0,1000.0,0,0,-0.362,-0.08199999999999996,-0.242
25719,0.0,0.0,0.0,1000.0,0,0,-0.34199999999999997,-0.08199999999999996,-0.242
25720,0.0,0.0,0.0,1000.0,0,0,-0.32199999999999995,-0.08199999999999996,-0.242
25721,0.0,0.0,0.0,1000.0,0,0,-0.302,-0.08199999999999996,-0.242
25722,0.0,0.0,0.0,1000.0,0,0,-0.282,-0.08199999999999996,-0.242
25723,0.0,0.0,0.0,1000.0,0,0,-0.262,-0.08199999999999996,-0.242
25724,0.0,0.0,0.0,1000.0,0,0,-0.242,-0.08199999999999996,-0.242
25725,0.0,0.0,0.0,1000.0,0,0,-0.22199999999999998,-0.08199999999999996,-0.242
25726,0.0,0.0,0.0,1000.0,0,0,-0.20199999999999996,-0.08199999999999996,-0.242
25727,0.0,0.0,0.0,1000.0,0,0,-0.182,-0.08199999999999996,-0.242
25728,0.0,0.0,0.0,1000.0,0,0,-0.16199999999999998,-0.08199999999999996,-0.242
25729,0.0,0.0,0.0,1000.0,0,0,-0.482,-0.062,-0.242
25730,0.0,0.0,0.0,1000.0,0,0,-0.46199999999999997,-0.062,-0.242
25731,0.0,0.0,0.0,1000.0,0,0,-0.442,-0.062,-0.242
25732,0.0,0.0,0.0,1000.0,0,0,-0.422,-0.062,-0.242
25733,0.0,0.0,0.0,1000.0,0,0,-0.40199999999999997,-0.062,-0.242
25734,0.0,0.0,0.0,1000.0,0,0,-0.382,-0.062,-0.242
25735,0.0,0.0,0.0,1000.0,0,0,-0.362,-0.062,-0.242
25736,0.0,0.0,0.0,1000.0,0,0,-0.34199999999999997,-0.062,-0.242
25737,0.0,0.0,0.0,1000.0,0,0,-0.32199999999999995,-0.062,-0.242
25738,0.0,0.0,0.0,1000.0,0,0,-0.302,-0.062,-0.242
25739,0.0,0.0,0.0,1000.0,0,0,-0.282,-0.062,-0.242
25740,0.0,0.0,0.0,1000.0,0,0,-0.262,-0.062,-0.242
25741,0.0,0.0,0.0,1000.0,0,0,-0.242,-0.062,-0.242
25742,0.0,0.0,0.0,1000.0,0,0,-0.22199999999999998,-0.062,-0.242
25743,0.0,0.0,0.0,1000.0,0,0,-0.20199999999999996,-0.062,-0.242
25744,0.0,0.0,0.0,1000.0,0,0,-0.182,-0.062,-0.242
25745,0.0,0.0,0.0,1000.0,0,0,-0.16199999999999998,-0.062,-0.242
25746,0.0,0.0,0.0,1000.0,0,0,-0.482,-0.04199999999999998,-0.242
25747,0.0,0.0,0.0,1000.0,0,0,-0.46199999999999997,-0.04199999999999998,-0.242
25748,0.0,0.0,0.0,1000.0,0,0,-0.442,-0.04199999999999998,-0.242
25749,0.0,0.0,0.0,1000.0,0,0,-0.422,-0.04199999999999998,-0.242
25750,0.0,0.0,0.0,1000.0,0,0,-0.40199999999999997,-0.04199999999999998,-0.242
25751,0.0,0.0,0.0,1000.0,0,0,-0.382,-0.04199999999999998,-0.242
25752,0.0,0.0,0.0,1000.0,0,0,-0.362,-0.04199999999999998,-0.242
25753,0.0,0.0,0.0,1000.0,0,0,-0.34199999999999997,-0.04199999999999998,-0.242
25754,0.0,0.0,0.0,1000.0,0,0,-0.32199999999999995,-0.04199999999999998,-0.242
25755,0.0,0.0,0.0,1000.0,0,0,-0.302,-0.04199999999999998,-0.242
25756,0.0,0.0,0.0,1000.0,0,0,-0.282,-0.04199999999999998,-0.242
25757,0.0,0.0,0.0,1000.0,0,0,-0.262,-0.04199999999999998,-0.242
25758,0.0,0.0,0.0,1000.0,0,0,-0.242,-0.04199999999999998,-0.242
25759,0.0,0.0,0.0,1000.0,0,0,-0.22199999999999998,-0.04199999999999998,-0.242
25760,0.0,0.0,0.0,1000.0,0,0,-0.20199999999999996,-0.04199999999999998,-0.242
25761,0.0,0.0,0.0,1000.0,0,0,-0.182,-0.04199999999999998,-0.242
25762,0.0,0.0,0.0,1000.0,0,0,-0.16199999999999998,-0.04199999999999998,-0.242
25763,0.0,0.0,0.0,1000.0,0,0,-0.482,-0.021999999999999964,-0.242
25764,0.0,0.0,0.0,1000.0,0,0,-0.46199999999999997,-0.021999999999999964,-0.242
25765,0.0,0.0,0.0,1000.0,0,0,-0.442,-0.021999999999999964,-0.242
25766,0.0,0.0,0.0,1000.0,0,0,-0.422,-0.021999999999999964,-0.242
25767,0.0,0.0,0.0,1000.0,0,0,-0.40199999999999997,-0.021999999999999964,-0.242
25768,0.0,0.0,0.0,1000.0,0,0,-0.382,-0.021999999999999964,-0.242
25769,0.0,0.0,0.0,1000.0,0,0,-0.362,-0.021999999999999964,-0.242
25770,0.0,0.0,0.0,1000.0,0,0,-0.34199999999999997,-0.021999999999999964,-0.242
25771,0.0,0.0,0.0,1000.0,0,0,-0.32199999999999995,-0.021999999999999964,-0.242
25772,0.0,0.0,0.0,1000.0,0,0,-0.302,-0.021999999999999964,-0.242
25773,0.0,0.0,0.0,1000.0,0,0,-0.282,-0.021999999999999964,-0.242
25774,0.0,0.0,0.0,1000.0,0,0,-0.262,-0.021999999999999964,-0.242
25775,0.0,0.0,0.0,1000.0,0,0,-0.242,-0.021999999999999964,-0.242
25776,0.0,0.0,0.0,1000.0,0,0,-0.22199999999999998,-0.021999999999999964,-0.242
25777,0.0,0.0,0.0,1000.0,0,0,-0.20199999999999996,-0.021999999999999964,-0.242
25778,0.0,0.0,0.0,1000.0,0,0,-0.182,-0.021999999999999964,-0.242
25779,0.0,0.0,0.0,1000.0,0,0,-0.16199999999999998,-0.021999999999999964,-0.242
25780,0.0,0.0,0.0,1000.0,0,0,-0.482,-0.0020000000000000018,-0.242
25781,0.0,0.0,0.0,1000.0,0,0,-0.46199999999999997,-0.0020000000000000018,-0.242
25782,0.0,0.0,0.0,1000.0,0,0,-0.442,-0.0020000000000000018,-0.242
25783,0.0,0.0,0.0,1000.0,0,0,-0.422,-0.0020000000000000018,-0.242
25784,0.0,0.0,0.0,1000.0,0,0,-0.40199999999999997,-0.0020000000000000018,-0.242
25785,0.0,0.0,0.0,1000.0,0,0,-0.382,-0.0020000000000000018,-0.242
25786,0.0,0.0,0.0,1000.0,0,0,-0.362,-0.0020000000000000018,-0.242
25787,0.0,0.0,0.0,1000.0,0,0,-0.34199999999999997,-0.0020000000000000018,-0.242
25788,0.0,0.0,0.0,1000.0,0,0,-0.32199999999999995,-0.0020000000000000018,-0.242
25789,0.0,0.0,0.0,1000.0,0,0,-0.302,-0.0020000000000000018,-0.242
25790,0.0,0.0,0.0,1000.0,0,0,-0.282,-0.0020000000000000018,-0.242
25791,0.0,0.0,0.0,1000.0,0,0,-0.262,-0.0020000000000000018,-0.242
25792,0.0,0.0,0.0,1000.0,0,0,-0.242,-0.0020000000000000018,-0.242
25793,0.0,0.0,0.0,1000.0,0,0,-0.22199999999999998,-0.0020000000000000018,-0.242
25794,0.0,0.0,0.0,1000.0,0,0,-0.20199999999999996,-0.0020000000000000018,-0.242
25795,0.0,0.0,0.0,1000.0,0,0,-0.182,-0.0020000000000000018,-0.242
25796,0.0,0.0,0.0,1000.0,0,0,-0.16199999999999998,-0.0020000000000000018,-0.242
25797,0.0,0.0,0.0,1000.0,0,0,-0.482,0.018000000000000016,-0.242
25798,0.0,0.0,0.0,1000.0,0,0,-0.46199999999999997,0.018000000000000016,-0.242
25799,0.0,0.0,0.0,1000.0,0,0,-0.442,0.018000000000000016,-0.242
25800,0.0,0.0,0.0,1000.0,0,0,-0.422,0.018000000000000016,-0.242
25801,0.0,0.0,0.0,1000.0,0,0,-0.40199999999999997,0.018000000000000016,-0.242
25802,0.0,0.0,0.0,1000.0,0,0,-0.382,0.018000000000000016,-0.242
25803,0.0,0.0,0.0,1000.0,0,0,-0.362,0.018000000000000016,-0.242
25804,0.0,0.0,0.0,1000.0,0,0,-0.34199999999999997,0.018000000000000016,-0.242
25805,0.0,0.0,0.0,1000.0,0,0,-0.32199999999999995,0.018000000000000016,-0.242
25806,0.0,0.0,0.0,1000.0,0,0,-0.302,0.018000000000000016,-0.242
25807,0.0,0.0,0.0,1000.0,0,0,-0.282,0.018000000000000016,-0.242
25808,0.0,0.0,0.0,1000.0,0,0,-0.262,0.018000000000000016,-0.242
25809,0.0,0.0,0.0,1000.0,0,0,-0.242,0.018000000000000016,-0.242
25810,0.0,0.0,0.0,1000.0,0,0,-0.22199999999999998,0.018000000000000016,-0.242
25811,0.0,0.0,0.0,1000.0,0,0,-0.20199999999999996,0.018000000000000016,-0.242
25812,0.0,0.0,0.0,1000.0,0,0,-0.182,0.018000000000000016,-0.242
25813,0.0,0.0,0.0,1000.0,0,0,-0.16199999999999998,0.018000000000000016,-0.242
25814,0.0,0.0,0.0,1000.0,0,0,-0.482,0.038000000000000034,-0.242
25815,0.0,0.0,0.0,1000.0,0,0,-0.46199999999999997,0.038000000000000034,-0.242
25816,0.0,0.0,0.0,1000.0,0,0,-0.442,0.038000000000000034,-0.242
25817,0.0,0.0,0.0,1000.0,0,0,-0.422,0.038000000000000034,-0.242
25818,0.0,0.0,0.0,1000.0,0,0,-0.40199999999999997,0.038000000000000034,-0.242
25819,0.0,0.0,0.0,1000.0,0,0,-0.382,0.038000000000000034,-0.242
25820,0.0,0.0,0.0,1000.0,0,0,-0.362,0.038000000000000034,-0.242
25821,0.0,0.0,0.0,1000.0,0,0,-0.34199999999999997,0.038000000000000034,-0.242
25822,0.0,0.0,0.0,1000.0,0,0,-0.32199999999999995,0.038000000000000034,-0.242
25823,0.0,0.0,0.0,1000.0,0,0,-0.302,0.038000000000000034,-0.242
25824,0.0,0.0,0.0,1000.0,0,0,-0.282,0.038000000000000034,-0.242
25825,0.0,0.0,0.0,1000.0,0,0,-0.262,0.038000000000000034,-0.242
25826,0.0,0.0,0.0,1000.0,0,0,-0.242,0.038000000000000034,-0.242
25827,0.0,0.0,0.0,1000.0,0,0,-0.22199999999999998,0.038000000000000034,-0.242
25828,0.0,0.0,0.0,1000.0,0,0,-0.20199999999999996,0.038000000000000034,-0.242
25829,0.0,0.0,0.0,1000.0,0,0,-0.182,0.038000000000000034,-0.242
25830,0.0,0.0,0.0,1000.0,0,0,-0.16199999999999998,0.038000000000000034,-0.242
25831,0.0,0.0,0.0,1000.0,0,0,-0.482,0.05800000000000005,-0.242
25832,0.0,0.0,0.0,1000.0,0,0,-0.46199999999999997,0.05800000000000005,-0.242
25833,0.0,0.0,0.0,1000.0,0,0,-0.442,0.05800000000000005,-0.242
25834,0.0,0.0,0.0,1000.0,0,0,-0.422,0.05800000000000005,-0.242
25835,0.0,0.0,0.0,1000.0,0,0,-0.40199999999999997,0.05800000000000005,-0.242
25836,0.0,0.0,0.0,1000.0,0,0,-0.382,0.05800000000000005,-0.242
25837,0.0,0.0,0.0,1000.0,0,0,-0.362,0.05800000000000005,-0.242
25838,0.0,0.0,0.0,1000.0,0,0,-0.34199999999999997,0.05800000000000005,-0.242
25839,0.0,0.0,0.0,1000.0,0,0,-0.32199999999999995,0.05800000000000005,-0.242
25840,0.0,0.0,0.0,1000.0,0,0,-0.302,0.05800000000000005,-0.242
25841,0.0,0.0,0.0,1000.0,0,0,-0.282,0.05800000000000005,-0.242
25842,0.0,0.0,0.0,1000.0,0,0,-0.262,0.05800000000000005,-0.242
25843,0.0,0.0,0.0,1000.0,0,0,-0.242,0.05800000000000005,-0.242
25844,0.0,0.0,0.0,1000.0,0,0,-0.22199999999999998,0.05800000000000005,-0.242
25845,0.0,0.0,0.0,1000.0,0,0,-0.20199999999999996,0.05800000000000005,-0.242
25846,0.0,0.0,0.0,1000.0,0,0,-0.182,0.05800000000000005,-0.242
25847,0.0,0.0,0.0,1000.0,0,0,-0.16199999999999998,0.05800000000000005,-0.242
25848,0.0,0.0,0.0,1000.0,0,0,-0.482,0.07800000000000007,-0.242
25849,0.0,0.0,0.0,1000.0,0,0,-0.46199999999999997,0.07800000000000007,-0.242
25850,0.0,0.0,0.0,1000.0,0,0,-0.442,0.07800000000000007,-0.242
25851,0.0,0.0,0.0,1000.0,0,0,-0.422,0.07800000000000007,-0.242
25852,0.0,0.0,0.0,1000.0,0,0,-0.40199999999999997,0.07800000000000007,-0.242
25853,0.0,0.0,0.0,1000.0,0,0,-0.382,0.07800000000000007,-0.242
25854,0.0,0.0,0.0,1000.0,0,0,-0.362,0.07800000000000007,-0.242
25855,0.0,0.0,0.0,1000.0,0,0,-0.34199999999999997,0.07800000000000007,-0.242
25856,0.0,0.0,0.0,1000.0,0,0,-0.32199999999999995,0.07800000000000007,-0.242
25857,0.0,0.0,0.0,1000.0,0,0,-0.302,0.07800000000000007,-0.242
25858,0.0,0.0,0.0,1000.0,0,0,-0.282,0.07800000000000007,-0.242
25859,0.0,0.0,0.0,1000.0,0,0,-0.262,0.07800000000000007,-0.242
25860,0.0,0.0,0.0,1000.0,0,0,-0.242,0.07800000000000007,-0.242
25861,0.0,0.0,0.0,1000.0,0,0,-0.22199999999999998,0.07800000000000007,-0.242
25862,0.0,0.0,0.0,1000.0,0,0,-0.20199999999999996,0.07800000000000007,-0.242
25863,0.0,0.0,0.0,1000.0,0,0,-0.182,0.07800000000000007,-0.242
25864,0.0,0.0,0.0,1000.0,0,0,-0.16199999999999998,0.07800000000000007,-0.242
25865,0.0,0.0,0.0,1000.0,0,0,-0.482,0.09799999999999998,-0.242
25866,0.0,0.0,0.0,1000.0,0,0,-0.46199999999999997,0.09799999999999998,-0.242
25867,0.0,0.0,0.0,1000.0,0,0,-0.442,0.09799999999999998,-0.242
25868,0.0,0.0,0.0,1000.0,0,0,-0.422,0.09799999999999998,-0.242
25869,0.0,0.0,0.0,1000.0,0,0,-0.40199999999999997,0.09799999999999998,-0.242
25870,0.0,0.0,0.0,1000.0,0,0,-0.382,0.09799999999999998,-0.242
25871,0.0,0.0,0.0,1000.0,0,0,-0.362,0.09799999999999998,-0.242
25872,0.0,0.0,0.0,1000.0,0,0,-0.34199999999999997,0.09799999999999998,-0.242
25873,0.0,0.0,0.0,1000.0,0,0,-0.32199999999999995,0.09799999999999998,-0.242
25874,0.0,0.0,0.0,1000.0,0,0,-0.302,0.09799999999999998,-0.242
25875,0.0,0.0,0.0,1000.0,0,0,-0.282,0.09799999999999998,-0.242
25876,0.0,0.0,0.0,1000.0,0,0,-0.262,0.09799999999999998,-0.242
25877,0.0,0.0,0.0,1000.0,0,0,-0.242,0.09799999999999998,-0.242
25878,0.0,0.0,0.0,1000.0,0,0,-0.22199999999999998,0.09799999999999998,-0.242
25879,0.0,0.0,0.0,1000.0,0,0,-0.20199999999999996,0.09799999999999998,-0.242
25880,0.0,0.0,0.0,1000.0,0,0,-0.182,0.09799999999999998,-0.242
25881,0.0,0.0,0.0,1000.0,0,0,-0.16199999999999998,0.09799999999999998,-0.242
25882,0.0,0.0,0.0,1000.0,0,0,-0.482,0.118,-0.242
25883,0.0,0.0,0.0,1000.0,0,0,-0.46199999999999997,0.118,-0.242
25884,0.0,0.0,0.0,1000.0,0,0,-0.442,0.118,-0.242
25885,0.0,0.0,0.0,1000.0,0,0,-0.422,0.118,-0.242
25886,0.0,0.0,0.0,1000.0,0,0,-0.40199999999999997,0.118,-0.242
25887,0.0,0.0,0.0,1000.0,0,0,-0.382,0.118,-0.242
25888,0.0,0.0,0.0,1000.0,0,0,-0.362,0.118,-0.242
25889,0.0,0.0,0.0,1000.0,0,0,-0.34199999999999997,0.118,-0.242
25890,0.0,0.0,0.0,1000.0,0,0,-0.32199999999999995,0.118,-0.242
25891,0.0,0.0,0.0,1000.0,0,0,-0.302,0.118,-0.242
25892,0.0,0.0,0.0,1000.0,0,0,-0.282,0.118,-0.242
25893,0.0,0.0,0.0,1000.0,0,0,-0.262,0.118,-0.242
25894,0.0,0.0,0.0,1000.0,0,0,-0.242,0.118,-0.242
25895,0.0,0.0,0.0,1000.0,0,0,-0.22199999999999998,0.118,-0.242
25896,0.0,0.0,0.0,1000.0,0,0,-0.20199999999999996,0.118,-0.242
25897,0.0,0.0,0.0,1000.0,0,0,-0.182,0.118,-0.242
25898,0.0,0.0,0.0,1000.0,0,0,-0.16199999999999998,0.118,-0.242
25899,0.0,0.0,0.0,1000.0,0,0,-0.482,0.138,-0.242
25900,0.0,0.0,0.0,1000.0,0,0,-0.46199999999999997,0.138,-0.242
25901,0.0,0.0,0.0,1000.0,0,0,-0.442,0.138,-0.242
25902,0.0,0.0,0.0,1000.0,0,0,-0.422,0.138,-0.242
25903,0.0,0.0,0.0,1000.0,0,0,-0.40199999999999997,0.138,-0.242
25904,0.0,0.0,0.0,1000.0,0,0,-0.382,0.138,-0.242
25905,0.0,0.0,0.0,1000.0,0,0,-0.362,0.138,-0.242
25906,0.0,0.0,0.0,1000.0,0,0,-0.34199999999999997,0.138,-0.242
25907,0.0,0.0,0.0,1000.0,0,0,-0.32199999999999995,0.138,-0.242
25908,0.0,0.0,0.0,1000.0,0,0,-0.302,0.138,-0.242
25909,0.0,0.0,0.0,1000.0,0,0,-0.282,0.138,-0.242
25910,0.0,0.0,0.0,1000.0,0,0,-0.262,0.138,-0.242
25911,0.0,0.0,0.0,1000.0,0,0,-0.242,0.138,-0.242
25912,0.0,0.0,0.0,1000.0,0,0,-0.22199999999999998,0.138,-0.242
25913,0.0,0.0,0.0,1000.0,0,0,-0.20199999999999996,0.138,-0.242
25914,0.0,0.0,0.0,1000.0,0,0,-0.182,0.138,-0.242
25915,0.0,0.0,0.0,1000.0,0,0,-0.16199999999999998,0.138,-0.242
25916,0.0,0.0,0.0,1000.0,0,0,-0.482,0.15800000000000003,-0.242
25917,0.0,0.0,0.0,1000.0,0,0,-0.46199999999999997,0.15800000000000003,-0.242
25918,0.0,0.0,0.0,1000.0,0,0,-0.442,0.15800000000000003,-0.242
25919,0.0,0.0,0.0,1000.0,0,0,-0.422,0.15800000000000003,-0.242
25920,0.0,0.0,0.0,1000.0,0,0,-0.40199999999999997,0.15800000000000003,-0.242
25921,0.0,0.0,0.0,1000.0,0,0,-0.382,0.15800000000000003,-0.242
25922,0.0,0.0,0.0,1000.0,0,0,-0.362,0.15800000000000003,-0.242
25923,0.0,0.0,0.0,1000.0,0,0,-0.34199999999999997,0.15800000000000003,-0.242
25924,0.0,0.0,0.0,1000.0,0,0,-0.32199999999999995,0.15800000000000003,-0.242
25925,0.0,0.0,0.0,1000.0,0,0,-0.302,0.15800000000000003,-0.242
25926,0.0,0.0,0.0,1000.0,0,0,-0.282,0.15800000000000003,-0.242
25927,0.0,0.0,0.0,1000.0,0,0,-0.262,0.15800000000000003,-0.242
25928,0.0,0.0,0.0,1000.0,0,0,-0.242,0.15800000000000003,-0.242
25929,0.0,0.0,0.0,1000.0,0,0,-0.22199999999999998,0.15800000000000003,-0.242
25930,0.0,0.0,0.0,1000.0,0,0,-0.20199999999999996,0.15800000000000003,-0.242
25931,0.0,0.0,0.0,1000.0,0,0,-0.182,0.15800000000000003,-0.242
25932,0.0,0.0,0.0,1000.0,0,0,-0.16199999999999998,0.15800000000000003,-0.242
25933,0.0,0.0,0.0,1000.0,0,0,-0.482,0.17800000000000005,-0.242
25934,0.0,0.0,0.0,1000.0,0,0,-0.46199999999999997,0.17800000000000005,-0.242
25935,0.0,0.0,0.0,1000.0,0,0,-0.442,0.17800000000000005,-0.242
25936,0.0,0.0,0.0,1000.0,0,0,-0.422,0.17800000000000005,-0.242
25937,0.0,0.0,0.0,1000.0,0,0,-0.40199999999999997,0.17800000000000005,-0.242
25938,0.0,0.0,0.0,1000.0,0,0,-0.382,0.17800000000000005,-0.242
25939,0.0,0.0,0.0,1000.0,0,0,-0.362,0.17800000000000005,-0.242
25940,0.0,0.0,0.0,1000.0,0,0,-0.34199999999999997,0.17800000000000005,-0.242
25941,0.0,0.0,0.0,1000.0,0,0,-0.32199999999999995,0.17800000000000005,-0.242
25942,0.0,0.0,0.0,1000.0,0,0,-0.302,0.17800000000000005,-0.242
25943,0.0,0.0,0.0,1000.0,0,0,-0.282,0.17800000000000005,-0.242
25944,0.0,0.0,0.0,1000.0,0,0,-0.262,0.17800000000000005,-0.242
25945,0.0,0.0,0.0,1000.0,0,0,-0.242,0.17800000000000005,-0.242
25946,0.0,0.0,0.0,1000.0,0,0,-0.22199999999999998,0.17800000000000005,-0.242
25947,0.0,0.0,0.0,1000.0,0,0,-0.20199999999999996,0.17800000000000005,-0.242
25948,0.0,0.0,0.0,1000.0,0,0,-0.182,0.17800000000000005,-0.242
25949,0.0,0.0,0.0,1000.0,0,0,-0.16199999999999998,0.17800000000000005,-0.242
25950,0.0,0.0,0.0,1000.0,0,0,-0.482,0.19800000000000006,-0.242
25951,0.0,0.0,0.0,1000.0,0,0,-0.46199999999999997,0.19800000000000006,-0.242
25952,0.0,0.0,0.0,1000.0,0,0,-0.442,0.19800000000000006,-0.242
25953,0.0,0.0,0.0,1000.0,0,0,-0.422,0.19800000000000006,-0.242
25954,0.0,0.0,0.0,1000.0,0,0,-0.40199999999999997,0.19800000000000006,-0.242
25955,0.0,0.0,0.0,1000.0,0,0,-0.382,0.19800000000000006,-0.242
25956,0.0,0.0,0.0,1000.0,0,0,-0.362,0.19800000000000006,-0.242
25957,0.0,0.0,0.0,1000.0,0,0,-0.34199999999999997,0.19800000000000006,-0.242
25958,0.0,0.0,0.0,1000.0,0,0,-0.32199999999999995,0.19800000000000006,-0.242
25959,0.0,0.0,0.0,1000.0,0,0,-0.302,0.19800000000000006,-0.242
25960,0.0,0.0,0.0,1000.0,0,0,-0.282,0.19800000000000006,-0.242
25961,0.0,0.0,0.0,1000.0,0,0,-0.262,0.19800000000000006,-0.242
25962,0.0,0.0,0.0,1000.0,0,0,-0.242,0.19800000000000006,-0.242
25963,0.0,0.0,0.0,1000.0,0,0,-0.22199999999999998,0.19800000000000006,-0.242
25964,0.0,0.0,0.0,1000.0,0,0,-0.20199999999999996,0.19800000000000006,-0.242
25965,0.0,0.0,0.0,1000.0,0,0,-0.182,0.19800000000000006,-0.242
25966,0.0,0.0,0.0,1000.0,0,0,-0.16199999999999998,0.19800000000000006,-0.242
25967,0.0,0.0,0.0,1000.0,0,0,-0.482,0.21800000000000008,-0.242
25968,0.0,0.0,0.0,1000.0,0,0,-0.46199999999999997,0.21800000000000008,-0.242
25969,0.0,0.0,0.0,1000.0,0,0,-0.442,0.21800000000000008,-0.242
25970,0.0,0.0,0.0,1000.0,0,0,-0.422,0.21800000000000008,-0.242
25971,0.0,0.0,0.0,1000.0,0,0,-0.40199999999999997,0.21800000000000008,-0.242
25972,0.0,0.0,0.0,1000.0,0,0,-0.382,0.21800000000000008,-0.242
25973,0.0,0.0,0.0,1000.0,0,0,-0.362,0.21800000000000008,-0.242
25974,0.0,0.0,0.0,1000.0,0,0,-0.34199999999999997,0.21800000000000008,-0.242
25975,0.0,0.0,0.0,1000.0,0,0,-0.32199999999999995,0.21800000000000008,-0.242
25976,0.0,0.0,0.0,1000.0,0,0,-0.302,0.21800000000000008,-0.242
25977,0.0,0.0,0.0,1000.0,0,0,-0.282,0.21800000000000008,-0.242
25978,0.0,0.0,0.0,1000.0,0,0,-0.262,0.21800000000000008,-0.242
25979,0.0,0.0,0.0,1000.0,0,0,-0.242,0.21800000000000008,-0.242
25980,0.0,0.0,0.0,1000.0,0,0,-0.22199999999999998,0.21800000000000008,-0.242
25981,0.0,0.0,0.0,1000.0,0,0,-0.20199999999999996,0.21800000000000008,-0.242
25982,0.0,0.0,0.0,1000.0,0,0,-0.182,0.21800000000000008,-0.242
25983,0.0,0.0,0.0,1000.0,0,0,-0.16199999999999998,0.21800000000000008,-0.242
25984,0.0,0.0,0.0,1000.0,0,0,-0.482,0.238,-0.242
25985,0.0,0.0,0.0,1000.0,0,0,-0.46199999999999997,0.238,-0.242
25986,0.0,0.0,0.0,1000.0,0,0,-0.442,0.238,-0.242
25987,0.0,0.0,0.0,1000.0,0,0,-0.422,0.238,-0.242
25988,0.0,0.0,0.0,1000.0,0,0,-0.40199999999999997,0.238,-0.242
25989,0.0,0.0,0.0,1000.0,0,0,-0.382,0.238,-0.242
25990,0.0,0.0,0.0,1000.0,0,0,-0.362,0.238,-0.242
25991,0.0,0.0,0.0,1000.0,0,0,-0.34199999999999997,0.238,-0.242
25992,0.0,0.0,0.0,1000.0,0,0,-0.32199999999999995,0.238,-0.242
25993,0.0,0.0,0.0,1000.0,0,0,-0.302,0.238,-0.242
25994,0.0,0.0,0.0,1000.0,0,0,-0.282,0.238,-0.242
25995,0.0,0.0,0.0,1000.0,0,0,-0.262,0.238,-0.242
25996,0.0,0.0,0.0,1000.0,0,0,-0.242,0.238,-0.242
25997,0.0,0.0,0.0,1000.0,0,0,-0.22199999999999998,0.238,-0.242
25998,0.0,0.0,0.0,1000.0,0,0,-0.20199999999999996,0.238,-0.242
25999,0.0,0.0,0.0,1000.0,0,0,-0.182,0.238,-0.242
26000,0.0,0.0,0.0,1000.0,0,0,-0.16199999999999998,0.238,-0.242
26001,0.0,0.0,0.0,1000.0,0,0,-0.482,0.258,-0.242
26002,0.0,0.0,0.0,1000.0,0,0,-0.46199999999999997,0.258,-0.242
26003,0.0,0.0,0.0,1000.0,0,0,-0.442,0.258,-0.242
26004,0.0,0.0,0.0,1000.0,0,0,-0.422,0.258,-0.242
26005,0.0,0.0,0.0,1000.0,0,0,-0.40199999999999997,0.258,-0.242
26006,0.0,0.0,0.0,1000.0,0,0,-0.382,0.258,-0.242
26007,0.0,0.0,0.0,1000.0,0,0,-0.362,0.258,-0.242
26008,0.0,0.0,0.0,1000.0,0,0,-0.34199999999999997,0.258,-0.242
26009,0.0,0.0,0.0,1000.0,0,0,-0.32199999999999995,0.258,-0.242
26010,0.0,0.0,0.0,1000.0,0,0,-0.302,0.258,-0.242
26011,0.0,0.0,0.0,1000.0,0,0,-0.282,0.258,-0.242
26012,0.0,0.0,0.0,1000.0,0,0,-0.262,0.258,-0.242
26013,0.0,0.0,0.0,1000.0,0,0,-0.242,0.258,-0.242
26014,0.0,0.0,0.0,1000.0,0,0,-0.22199999999999998,0.258,-0.242
26015,0.0,0.0,0.0,1000.0,0,0,-0.20199999999999996,0.258,-0.242
26016,0.0,0.0,0.0,1000.0,0,0,-0.182,0.258,-0.242
26017,0.0,0.0,0.0,1000.0,0,0,-0.16199999999999998,0.258,-0.242
26018,0.0,0.0,0.0,1000.0,0,0,-0.482,0.278,-0.242
26019,0.0,0.0,0.0,1000.0,0,0,-0.46199999999999997,0.278,-0.242
26020,0.0,0.0,0.0,1000.0,0,0,-0.442,0.278,-0.242
26021,0.0,0.0,0.0,1000.0,0,0,-0.422,0.278,-0.242
26022,0.0,0.0,0.0,1000.0,0,0,-0.40199999999999997,0.278,-0.242
26023,0.0,0.0,0.0,1000.0,0,0,-0.382,0.278,-0.242
26024,0.0,0.0,0.0,1000.0,0,0,-0.362,0.278,-0.242
26025,0.0,0.0,0.0,1000.0,0,0,-0.34199999999999997,0.278,-0.242
26026,0.0,0.0,0.0,1000.0,0,0,-0.32199999999999995,0.278,-0.242
26027,0.0,0.0,0.0,1000.0,0,0,-0.302,0.278,-0.242
26028,0.0,0.0,0.0,1000.0,0,0,-0.282,0.278,-0.242
26029,0.0,0.0,0.0,1000.0,0,0,-0.262,0.278,-0.242
26030,0.0,0.0,0.0,1000.0,0,0,-0.242,0.278,-0.242
26031,0.0,0.0,0.0,1000.0,0,0,-0.22199999999999998,0.278,-0.242
26032,0.0,0.0,0.0,1000.0,0,0,-0.20199999999999996,0.278,-0.242
26033,0.0,0.0,0.0,1000.0,0,0,-0.182,0.278,-0.242
26034,0.0,0.0,0.0,1000.0,0,0,-0.16199999999999998,0.278,-0.242
26035,0.0,0.0,0.0,1000.0,0,0,-0.482,0.29800000000000004,-0.242
26036,0.0,0.0,0.0,1000.0,0,0,-0.46199999999999997,0.29800000000000004,-0.242
26037,0.0,0.0,0.0,1000.0,0,0,-0.442,0.29800000000000004,-0.242
26038,0.0,0.0,0.0,1000.0,0,0,-0.422,0.29800000000000004,-0.242
26039,0.0,0.0,0.0,1000.0,0,0,-0.40199999999999997,0.29800000000000004,-0.242
26040,0.0,0.0,0.0,1000.0,0,0,-0.382,0.29800000000000004,-0.242
26041,0.0,0.0,0.0,1000.0,0,0,-0.362,0.29800000000000004,-0.242
26042,0.0,0.0,0.0,1000.0,0,0,-0.34199999999999997,0.29800000000000004,-0.242
26043,0.0,0.0,0.0,1000.0,0,0,-0.32199999999999995,0.29800000000000004,-0.242
26044,0.0,0.0,0.0,1000.0,0,0,-0.302,0.29800000000000004,-0.242
26045,0.0,0.0,0.0,1000.0,0,0,-0.282,0.29800000000000004,-0.242
26046,0.0,0.0,0.0,1000.0,0,0,-0.262,0.29800000000000004,-0.242
26047,0.0,0.0,0.0,1000.0,0,0,-0.242,0.29800000000000004,-0.242
26048,0.0,0.0,0.0,1000.0,0,0,-0.22199999999999998,0.29800000000000004,-0.242
26049,0.0,0.0,0.0,1000.0,0,0,-0.20199999999999996,0.29800000000000004,-0.242
26050,0.0,0.0,0.0,1000.0,0,0,-0.182,0.29800000000000004,-0.242
26051,0.0,0.0,0.0,1000.0,0,0,-0.16199999999999998,0.29800000000000004,-0.242
26052,0.0,0.0,0.0,1000.0,0,0,-0.482,0.31800000000000006,-0.242
26053,0.0,0.0,0.0,1000.0,0,0,-0.46199999999999997,0.31800000000000006,-0.242
26054,0.0,0.0,0.0,1000.0,0,0,-0.442,0.31800000000000006,-0.242
26055,0.0,0.0,0.0,1000.0,0,0,-0.422,0.31800000000000006,-0.242
26056,0.0,0.0,0.0,1000.0,0,0,-0.40199999999999997,0.31800000000000006,-0.242
26057,0.0,0.0,0.0,1000.0,0,0,-0.382,0.31800000000000006,-0.242
26058,0.0,0.0,0.0,1000.0,0,0,-0.362,0.31800000000000006,-0.242
26059,0.0,0.0,0.0,1000.0,0,0,-0.34199999999999997,0.31800000000000006,-0.242
26060,0.0,0.0,0.0,1000.0,0,0,-0.32199999999999995,0.31800000000000006,-0.242
26061,0.0,0.0,0.0,1000.0,0,0,-0.302,0.31800000000000006,-0.242
26062,0.0,0.0,0.0,1000.0,0,0,-0.282,0.31800000000000006,-0.242
26063,0.0,0.0,0.0,1000.0,0,0,-0.262,0.31800000000000006,-0.242
26064,0.0,0.0,0.0,1000.0,0,0,-0.242,0.31800000000000006,-0.242
26065,0.0,0.0,0.0,1000.0,0,0,-0.22199999999999998,0.31800000000000006,-0.242
26066,0.0,0.0,0.0,1000.0,0,0,-0.20199999999999996,0.31800000000000006,-0.242
26067,0.0,0.0,0.0,1000.0,0,0,-0.182,0.31800000000000006,-0.242
26068,0.0,0.0,0.0,1000.0,0,0,-0.16199999999999998,0.31800000000000006,-0.242
26069,0.0,0.0,0.0,1000.0,0,0,-0.482,0.3380000000000001,-0.242
26070,0.0,0.0,0.0,1000.0,0,0,-0.46199999999999997,0.3380000000000001,-0.242
26071,0.0,0.0,0.0,1000.0,0,0,-0.442,0.3380000000000001,-0.242
26072,0.0,0.0,0.0,1000.0,0,0,-0.422,0.3380000000000001,-0.242
26073,0.0,0.0,0.0,1000.0,0,0,-0.40199999999999997,0.3380000000000001,-0.242
26074,0.0,0.0,0.0,1000.0,0,0,-0.382,0.3380000000000001,-0.242
26075,0.0,0.0,0.0,1000.0,0,0,-0.362,0.3380000000000001,-0.242
26076,0.0,0.0,0.0,1000.0,0,0,-0.34199999999999997,0.3380000000000001,-0.242
26077,0.0,0.0,0.0,1000.0,0,0,-0.32199999999999995,0.3380000000000001,-0.242
26078,0.0,0.0,0.0,1000.0,0,0,-0.302,0.3380000000000001,-0.242
26079,0.0,0.0,0.0,1000.0,0,0,-0.282,0.3380000000000001,-0.242
26080,0.0,0.0,0.0,1000.0,0,0,-0.262,0.3380000000000001,-0.242
26081,0.0,0.0,0.0,1000.0,0,0,-0.242,0.3380000000000001,-0.242
26082,0.0,0.0,0.0,1000.0,0,0,-0.22199999999999998,0.3380000000000001,-0.242
26083,0.0,0.0,0.0,1000.0,0,0,-0.20199999999999996,0.3380000000000001,-0.242
26084,0.0,0.0,0.0,1000.0,0,0,-0.182,0.3380000000000001,-0.242
26085,0.0,0.0,0.0,1000.0,0,0,-0.16199999999999998,0.3380000000000001,-0.242
26086,0.0,0.0,0.0,1000.0,0,0,-0.482,0.358,-0.242
26087,0.0,0.0,0.0,1000.0,0,0,-0.46199999999999997,0.358,-0.242
26088,0.0,0.0,0.0,1000.0,0,0,-0.442,0.358,-0.242
26089,0.0,0.0,0.0,1000.0,0,0,-0.422,0.358,-0.242
26090,0.0,0.0,0.0,1000.0,0,0,-0.40199999999999997,0.358,-0.242
26091,0.0,0.0,0.0,1000.0,0,0,-0.382,0.358,-0.242
26092,0.0,0.0,0.0,1000.0,0,0,-0.362,0.358,-0.242
26093,0.0,0.0,0.0,1000.0,0,0,-0.34199999999999997,0.358,-0.242
26094,0.0,0.0,0.0,1000.0,0,0,-0.32199999999999995,0.358,-0.242
26095,0.0,0.0,0.0,1000.0,0,0,-0.302,0.358,-0.242
26096,0.0,0.0,0.0,1000.0,0,0,-0.282,0.358,-0.242
26097,0.0,0.0,0.0,1000.0,0,0,-0.262,0.358,-0.242
26098,0.0,0.0,0.0,1000.0,0,0,-0.242,0.358,-0.242
26099,0.0,0.0,0.0,1000.0,0,0,-0.22199999999999998,0.358,-0.242
26100,0.0,0.0,0.0,1000.0,0,0,-0.20199999999999996,0.358,-0.242
26101,0.0,0.0,0.0,1000.0,0,0,-0.182,0.358,-0.242
26102,0.0,0.0,0.0,1000.0,0,0,-0.16199999999999998,0.358,-0.242
26103,0.0,0.0,0.0,1000.0,0,0,-0.482,0.378,-0.242
26104,0.0,0.0,0.0,1000.0,0,0,-0.46199999999999997,0.378,-0.242
26105,0.0,0.0,0.0,1000.0,0,0,-0.442,0.378,-0.242
26106,0.0,0.0,0.0,1000.0,0,0,-0.422,0.378,-0.242
26107,0.0,0.0,0.0,1000.0,0,0,-0.40199999999999997,0.378,-0.242
26108,0.0,0.0,0.0,1000.0,0,0,-0.382,0.378,-0.242
26109,0.0,0.0,0.0,1000.0,0,0,-0.362,0.378,-0.242
26110,0.0,0.0,0.0,1000.0,0,0,-0.34199999999999997,0.378,-0.242
26111,0.0,0.0,0.0,1000.0,0,0,-0.32199999999999995,0.378,-0.242
26112,0.0,0.0,0.0,1000.0,0,0,-0.302,0.378,-0.242
26113,0.0,0.0,0.0,1000.0,0,0,-0.282,0.378,-0.242
26114,0.0,0.0,0.0,1000.0,0,0,-0.262,0.378,-0.242
26115,0.0,0.0,0.0,1000.0,0,0,-0.242,0.378,-0.242
26116,0.0,0.0,0.0,1000.0,0,0,-0.22199999999999998,0.378,-0.242
26117,0.0,0.0,0.0,1000.0,0,0,-0.20199999999999996,0.378,-0.242
26118,0.0,0.0,0.0,1000.0,0,0,-0.182,0.378,-0.242
26119,0.0,0.0,0.0,1000.0,0,0,-0.16199999999999998,0.378,-0.242
26120,0.0,0.0,0.0,1000.0,0,0,-0.482,0.398,-0.242
26121,0.0,0.0,0.0,1000.0,0,0,-0.46199999999999997,0.398,-0.242
26122,0.0,0.0,0.0,1000.0,0,0,-0.442,0.398,-0.242
26123,0.0,0.0,0.0,1000.0,0,0,-0.422,0.398,-0.242
26124,0.0,0.0,0.0,1000.0,0,0,-0.40199999999999997,0.398,-0.242
26125,0.0,0.0,0.0,1000.0,0,0,-0.382,0.398,-0.242
26126,0.0,0.0,0.0,1000.0,0,0,-0.362,0.398,-0.242
26127,0.0,0.0,0.0,1000.0,0,0,-0.34199999999999997,0.398,-0.242
26128,0.0,0.0,0.0,1000.0,0,0,-0.32199999999999995,0.398,-0.242
26129,0.0,0.0,0.0,1000.0,0,0,-0.302,0.398,-0.242
26130,0.0,0.0,0.0,1000.0,0,0,-0.282,0.398,-0.242
26131,0.0,0.0,0.0,1000.0,0,0,-0.262,0.398,-0.242
26132,0.0,0.0,0.0,1000.0,0,0,-0.242,0.398,-0.242
26133,0.0,0.0,0.0,1000.0,0,0,-0.22199999999999998,0.398,-0.242
26134,0.0,0.0,0.0,1000.0,0,0,-0.20199999999999996,0.398,-0.242
26135,0.0,0.0,0.0,1000.0,0,0,-0.182,0.398,-0.242
26136,0.0,0.0,0.0,1000.0,0,0,-0.16199999999999998,0.398,-0.242
26137,0.0,0.0,0.0,1000.0,0,0,-0.482,0.41800000000000004,-0.242
26138,0.0,0.0,0.0,1000.0,0,0,-0.46199999999999997,0.41800000000000004,-0.242
26139,0.0,0.0,0.0,1000.0,0,0,-0.442,0.41800000000000004,-0.242
26140,0.0,0.0,0.0,1000.0,0,0,-0.422,0.41800000000000004,-0.242
26141,0.0,0.0,0.0,1000.0,0,0,-0.40199999999999997,0.41800000000000004,-0.242
26142,0.0,0.0,0.0,1000.0,0,0,-0.382,0.41800000000000004,-0.242
26143,0.0,0.0,0.0,1000.0,0,0,-0.362,0.41800000000000004,-0.242
26144,0.0,0.0,0.0,1000.0,0,0,-0.34199999999999997,0.41800000000000004,-0.242
26145,0.0,0.0,0.0,1000.0,0,0,-0.32199999999999995,0.41800000000000004,-0.242
26146,0.0,0.0,0.0,1000.0,0,0,-0.302,0.41800000000000004,-0.242
26147,0.0,0.0,0.0,1000.0,0,0,-0.282,0.41800000000000004,-0.242
26148,0.0,0.0,0.0,1000.0,0,0,-0.262,0.41800000000000004,-0.242
26149,0.0,0.0,0.0,1000.0,0,0,-0.242,0.41800000000000004,-0.242
26150,0.0,0.0,0.0,1000.0,0,0,-0.22199999999999998,0.41800000000000004,-0.242
26151,0.0,0.0,0.0,1000.0,0,0,-0.20199999999999996,0.41800000000000004,-0.242
26152,0.0,0.0,0.0,1000.0,0,0,-0.182,0.41800000000000004,-0.242
26153,0.0,0.0,0.0,1000.0,0,0,-0.16199999999999998,0.41800000000000004,-0.242
26154,0.0,0.0,0.0,1000.0,0,0,-0.482,0.43800000000000006,-0.242
26155,0.0,0.0,0.0,1000.0,0,0,-0.46199999999999997,0.43800000000000006,-0.242
26156,0.0,0.0,0.0,1000.0,0,0,-0.442,0.43800000000000006,-0.242
26157,0.0,0.0,0.0,1000.0,0,0,-0.422,0.43800000000000006,-0.242
26158,0.0,0.0,0.0,1000.0,0,0,-0.40199999999999997,0.43800000000000006,-0.242
26159,0.0,0.0,0.0,1000.0,0,0,-0.382,0.43800000000000006,-0.242
26160,0.0,0.0,0.0,1000.0,0,0,-0.362,0.43800000000000006,-0.242
26161,0.0,0.0,0.0,1000.0,0,0,-0.34199999999999997,0.43800000000000006,-0.242
26162,0.0,0.0,0.0,1000.0,0,0,-0.32199999999999995,0.43800000000000006,-0.242
26163,0.0,0.0,0.0,1000.0,0,0,-0.302,0.43800000000000006,-0.242
26164,0.0,0.0,0.0,1000.0,0,0,-0.282,0.43800000000000006,-0.242
26165,0.0,0.0,0.0,1000.0,0,0,-0.262,0.43800000000000006,-0.242
26166,0.0,0.0,0.0,1000.0,0,0,-0.242,0.43800000000000006,-0.242
26167,0.0,0.0,0.0,1000.0,0,0,-0.22199999999999998,0.43800000000000006,-0.242
26168,0.0,0.0,0.0,1000.0,0,0,-0.20199999999999996,0.43800000000000006,-0.242
26169,0.0,0.0,0.0,1000.0,0,0,-0.182,0.43800000000000006,-0.242
26170,0.0,0.0,0.0,1000.0,0,0,-0.16199999999999998,0.43800000000000006,-0.242
26171,0.0,0.0,0.0,1000.0,0,0,-0.482,0.4580000000000001,-0.242
26172,0.0,0.0,0.0,1000.0,0,0,-0.46199999999999997,0.4580000000000001,-0.242
26173,0.0,0.0,0.0,1000.0,0,0,-0.442,0.4580000000000001,-0.242
26174,0.0,0.0,0.0,1000.0,0,0,-0.422,0.4580000000000001,-0.242
26175,0.0,0.0,0.0,1000.0,0,0,-0.40199999999999997,0.4580000000000001,-0.242
26176,0.0,0.0,0.0,1000.0,0,0,-0.382,0.4580000000000001,-0.242
26177,0.0,0.0,0.0,1000.0,0,0,-0.362,0.4580000000000001,-0.242
26178,0.0,0.0,0.0,1000.0,0,0,-0.34199999999999997,0.4580000000000001,-0.242
26179,0.0,0.0,0.0,1000.0,0,0,-0.32199999999999995,0.4580000000000001,-0.242
26180,0.0,0.0,0.0,1000.0,0,0,-0.302,0.4580000000000001,-0.242
26181,0.0,0.0,0.0,1000.0,0,0,-0.282,0.4580000000000001,-0.242
26182,0.0,0.0,0.0,1000.0,0,0,-0.262,0.4580000000000001,-0.242
26183,0.0,0.0,0.0,1000.0,0,0,-0.242,0.4580000000000001,-0.242
26184,0.0,0.0,0.0,1000.0,0,0,-0.22199999999999998,0.4580000000000001,-0.242
26185,0.0,0.0,0.0,1000.0,0,0,-0.20199999999999996,0.4580000000000001,-0.242
26186,0.0,0.0,0.0,1000.0,0,0,-0.182,0.4580000000000001,-0.242
26187,0.0,0.0,0.0,1000.0,0,0,-0.16199999999999998,0.4580000000000001,-0.242
26188,0.0,0.0,0.0,1000.0,0,0,-0.482,0.478,-0.242
26189,0.0,0.0,0.0,1000.0,0,0,-0.46199999999999997,0.478,-0.242
26190,0.0,0.0,0.0,1000.0,0,0,-0.442,0.478,-0.242
26191,0.0,0.0,0.0,1000.0,0,0,-0.422,0.478,-0.242
26192,0.0,0.0,0.0,1000.0,0,0,-0.40199999999999997,0.478,-0.242
26193,0.0,0.0,0.0,1000.0,0,0,-0.382,0.478,-0.242
26194,0.0,0.0,0.0,1000.0,0,0,-0.362,0.478,-0.242
26195,0.0,0.0,0.0,1000.0,0,0,-0.34199999999999997,0.478,-0.242
26196,0.0,0.0,0.0,1000.0,0,0,-0.32199999999999995,0.478,-0.242
26197,0.0,0.0,0.0,1000.0,0,0,-0.302,0.478,-0.242
26198,0.0,0.0,0.0,1000.0,0,0,-0.282,0.478,-0.242
26199,0.0,0.0,0.0,1000.0,0,0,-0.262,0.478,-0.242
26200,0.0,0.0,0.0,1000.0,0,0,-0.242,0.478,-0.242
26201,0.0,0.0,0.0,1000.0,0,0,-0.22199999999999998,0.478,-0.242
26202,0.0,0.0,0.0,1000.0,0,0,-0.20199999999999996,0.478,-0.242
26203,0.0,0.0,0.0,1000.0,0,0,-0.182,0.478,-0.242
26204,0.0,0.0,0.0,1000.0,0,0,-0.16199999999999998,0.478,-0.242
26205,0.0,0.0,0.0,1000.0,0,0,-0.482,-0.482,-0.22199999999999998
26206,0.0,0.0,0.0,1000.0,0,0,-0.46199999999999997,-0.482,-0.22199999999999998
26207,0.0,0.0,0.0,1000.0,0,0,-0.442,-0.482,-0.22199999999999998
26208,0.0,0.0,0.0,1000.0,0,0,-0.422,-0.482,-0.22199999999999998
26209,0.0,0.0,0.0,1000.0,0,0,-0.40199999999999997,-0.482,-0.22199999999999998
26210,0.0,0.0,0.0,1000.0,0,0,-0.382,-0.482,-0.22199999999999998
26211,0.0,0.0,0.0,1000.0,0,0,-0.362,-0.482,-0.22199999999999998
26212,0.0,0.0,0.0,1000.0,0,0,-0.34199999999999997,-0.482,-0.22199999999999998
26213,0.0,0.0,0.0,1000.0,0,0,-0.32199999999999995,-0.482,-0.22199999999999998
26214,0.0,0.0,0.0,1000.0,0,0,-0.302,-0.482,-0.22199999999999998
26215,0.0,0.0,0.0,1000.0,0,0,-0.282,-0.482,-0.22199999999999998
26216,0.0,0.0,0.0,1000.0,0,0,-0.262,-0.482,-0.22199999999999998
26217,0.0,0.0,0.0,1000.0,0,0,-0.242,-0.482,-0.22199999999999998
26218,0.0,0.0,0.0,1000.0,0,0,-0.22199999999999998,-0.482,-0.22199999999999998
26219,0.0,0.0,0.0,1000.0,0,0,-0.20199999999999996,-0.482,-0.22199999999999998
26220,0.0,0.0,0.0,1000.0,0,0,-0.182,-0.482,-0.22199999999999998
26221,0.0,0.0,0.0,1000.0,0,0,-0.16199999999999998,-0.482,-0.22199999999999998
26222,0.0,0.0,0.0,1000.0,0,0,-0.482,-0.46199999999999997,-0.22199999999999998
26223,0.0,0.0,0.0,1000.0,0,0,-0.46199999999999997,-0.46199999999999997,-0.22199999999999998
26224,0.0,0.0,0.0,1000.0,0,0,-0.442,-0.46199999999999997,-0.22199999999999998
26225,0.0,0.0,0.0,1000.0,0,0,-0.422,-0.46199999999999997,-0.22199999999999998
26226,0.0,0.0,0.0,1000.0,0,0,-0.40199999999999997,-0.46199999999999997,-0.22199999999999998
26227,0.0,0.0,0.0,1000.0,0,0,-0.382,-0.46199999999999997,-0.22199999999999998
26228,0.0,0.0,0.0,1000.0,0,0,-0.362,-0.46199999999999997,-0.22199999999999998
26229,0.0,0.0,0.0,1000.0,0,0,-0.34199999999999997,-0.46199999999999997,-0.22199999999999998
26230,0.0,0.0,0.0,1000.0,0,0,-0.32199999999999995,-0.46199999999999997,-0.22199999999999998
26231,0.0,0.0,0.0,1000.0,0,0,-0.302,-0.46199999999999997,-0.22199999999999998
26232,0.0,0.0,0.0,1000.0,0,0,-0.282,-0.46199999999999997,-0.22199999999999998
26233,0.0,0.0,0.0,1000.0,0,0,-0.262,-0.46199999999999997,-0.22199999999999998
26234,0.0,0.0,0.0,1000.0,0,0,-0.242,-0.46199999999999997,-0.22199999999999998
26235,0.0,0.0,0.0,1000.0,0,0,-0.22199999999999998,-0.46199999999999997,-0.22199999999999998
26236,0.0,0.0,0.0,1000.0,0,0,-0.20199999999999996,-0.46199999999999997,-0.22199999999999998
26237,0.0,0.0,0.0,1000.0,0,0,-0.182,-0.46199999999999997,-0.22199999999999998
26238,0.0,0.0,0.0,1000.0,0,0,-0.16199999999999998,-0.46199999999999997,-0.22199999999999998
26239,0.0,0.0,0.0,1000.0,0,0,-0.482,-0.442,-0.22199999999999998
26240,0.0,0.0,0.0,1000.0,0,0,-0.46199999999999997,-0.442,-0.22199999999999998
26241,0.0,0.0,0.0,1000.0,0,0,-0.442,-0.442,-0.22199999999999998
26242,0.0,0.0,0.0,1000.0,0,0,-0.422,-0.442,-0.22199999999999998
26243,0.0,0.0,0.0,1000.0,0,0,-0.40199999999999997,-0.442,-0.22199999999999998
26244,0.0,0.0,0.0,1000.0,0,0,-0.382,-0.442,-0.22199999999999998
26245,0.0,0.0,0.0,1000.0,0,0,-0.362,-0.442,-0.22199999999999998
26246,0.0,0.0,0.0,1000.0,0,0,-0.34199999999999997,-0.442,-0.22199999999999998
26247,0.0,0.0,0.0,1000.0,0,0,-0.32199999999999995,-0.442,-0.22199999999999998
26248,0.0,0.0,0.0,1000.0,0,0,-0.302,-0.442,-0.22199999999999998
26249,0.0,0.0,0.0,1000.0,0,0,-0.282,-0.442,-0.22199999999999998
26250,0.0,0.0,0.0,1000.0,0,0,-0.262,-0.442,-0.22199999999999998
26251,0.0,0.0,0.0,1000.0,0,0,-0.242,-0.442,-0.22199999999999998
26252,0.0,0.0,0.0,1000.0,0,0,-0.22199999999999998,-0.442,-0.22199999999999998
26253,0.0,0.0,0.0,1000.0,0,0,-0.20199999999999996,-0.442,-0.22199999999999998
26254,0.0,0.0,0.0,1000.0,0,0,-0.182,-0.442,-0.22199999999999998
26255,0.0,0.0,0.0,1000.0,0,0,-0.16199999999999998,-0.442,-0.22199999999999998
26256,0.0,0.0,0.0,1000.0,0,0,-0.482,-0.422,-0.22199999999999998
26257,0.0,0.0,0.0,1000.0,0,0,-0.46199999999999997,-0.422,-0.22199999999999998
26258,0.0,0.0,0.0,1000.0,0,0,-0.442,-0.422,-0.22199999999999998
26259,0.0,0.0,0.0,1000.0,0,0,-0.422,-0.422,-0.22199999999999998
26260,0.0,0.0,0.0,1000.0,0,0,-0.40199999999999997,-0.422,-0.22199999999999998
26261,0.0,0.0,0.0,1000.0,0,0,-0.382,-0.422,-0.22199999999999998
26262,0.0,0.0,0.0,1000.0,0,0,-0.362,-0.422,-0.22199999999999998
26263,0.0,0.0,0.0,1000.0,0,0,-0.34199999999999997,-0.422,-0.22199999999999998
26264,0.0,0.0,0.0,1000.0,0,0,-0.32199999999999995,-0.422,-0.22199999999999998
26265,0.0,0.0,0.0,1000.0,0,0,-0.302,-0.422,-0.22199999999999998
26266,0.0,0.0,0.0,1000.0,0,0,-0.282,-0.422,-0.22199999999999998
26267,0.0,0.0,0.0,1000.0,0,0,-0.262,-0.422,-0.22199999999999998
26268,0.0,0.0,0.0,1000.0,0,0,-0.242,-0.422,-0.22199999999999998
26269,0.0,0.0,0.0,1000.0,0,0,-0.22199999999999998,-0.422,-0.22199999999999998
26270,0.0,0.0,0.0,1000.0,0,0,-0.20199999999999996,-0.422,-0.22199999999999998
26271,0.0,0.0,0.0,1000.0,0,0,-0.182,-0.422,-0.22199999999999998
26272,0.0,0.0,0.0,1000.0,0,0,-0.16199999999999998,-0.422,-0.22199999999999998
26273,0.0,0.0,0.0,1000.0,0,0,-0.482,-0.40199999999999997,-0.22199999999999998
26274,0.0,0.0,0.0,1000.0,0,0,-0.46199999999999997,-0.40199999999999997,-0.22199999999999998
26275,0.0,0.0,0.0,1000.0,0,0,-0.442,-0.40199999999999997,-0.22199999999999998
26276,0.0,0.0,0.0,1000.0,0,0,-0.422,-0.40199999999999997,-0.22199999999999998
26277,0.0,0.0,0.0,1000.0,0,0,-0.40199999999999997,-0.40199999999999997,-0.22199999999999998
26278,0.0,0.0,0.0,1000.0,0,0,-0.382,-0.40199999999999997,-0.22199999999999998
26279,0.0,0.0,0.0,1000.0,0,0,-0.362,-0.40199999999999997,-0.22199999999999998
26280,0.0,0.0,0.0,1000.0,0,0,-0.34199999999999997,-0.40199999999999997,-0.22199999999999998
26281,0.0,0.0,0.0,1000.0,0,0,-0.32199999999999995,-0.40199999999999997,-0.22199999999999998
26282,0.0,0.0,0.0,1000.0,0,0,-0.302,-0.40199999999999997,-0.22199999999999998
26283,0.0,0.0,0.0,1000.0,0,0,-0.282,-0.40199999999999997,-0.22199999999999998
26284,0.0,0.0,0.0,1000.0,0,0,-0.262,-0.40199999999999997,-0.22199999999999998
26285,0.0,0.0,0.0,1000.0,0,0,-0.242,-0.40199999999999997,-0.22199999999999998
26286,0.0,0.0,0.0,1000.0,0,0,-0.22199999999999998,-0.40199999999999997,-0.22199999999999998
26287,0.0,0.0,0.0,1000.0,0,0,-0.20199999999999996,-0.40199999999999997,-0.22199999999999998
26288,0.0,0.0,0.0,1000.0,0,0,-0.182,-0.40199999999999997,-0.22199999999999998
26289,0.0,0.0,0.0,1000.0,0,0,-0.16199999999999998,-0.40199999999999997,-0.22199999999999998
26290,0.0,0.0,0.0,1000.0,0,0,-0.482,-0.382,-0.22199999999999998
26291,0.0,0.0,0.0,1000.0,0,0,-0.46199999999999997,-0.382,-0.22199999999999998
26292,0.0,0.0,0.0,1000.0,0,0,-0.442,-0.382,-0.22199999999999998
26293,0.0,0.0,0.0,1000.0,0,0,-0.422,-0.382,-0.22199999999999998
26294,0.0,0.0,0.0,1000.0,0,0,-0.40199999999999997,-0.382,-0.22199999999999998
26295,0.0,0.0,0.0,1000.0,0,0,-0.382,-0.382,-0.22199999999999998
26296,0.0,0.0,0.0,1000.0,0,0,-0.362,-0.382,-0.22199999999999998
26297,0.0,0.0,0.0,1000.0,0,0,-0.34199999999999997,-0.382,-0.22199999999999998
26298,0.0,0.0,0.0,1000.0,0,0,-0.32199999999999995,-0.382,-0.22199999999999998
26299,0.0,0.0,0.0,1000.0,0,0,-0.302,-0.382,-0.22199999999999998
26300,0.0,0.0,0.0,1000.0,0,0,-0.282,-0.382,-0.22199999999999998
26301,0.0,0.0,0.0,1000.0,0,0,-0.262,-0.382,-0.22199999999999998
26302,0.0,0.0,0.0,1000.0,0,0,-0.242,-0.382,-0.22199999999999998
26303,0.0,0.0,0.0,1000.0,0,0,-0.22199999999999998,-0.382,-0.22199999999999998
26304,0.0,0.0,0.0,1000.0,0,0,-0.20199999999999996,-0.382,-0.22199999999999998
26305,0.0,0.0,0.0,1000.0,0,0,-0.182,-0.382,-0.22199999999999998
26306,0.0,0.0,0.0,1000.0,0,0,-0.16199999999999998,-0.382,-0.22199999999999998
26307,0.0,0.0,0.0,1000.0,0,0,-0.482,-0.362,-0.22199999999999998
26308,0.0,0.0,0.0,1000.0,0,0,-0.46199999999999997,-0.362,-0.22199999999999998
26309,0.0,0.0,0.0,1000.0,0,0,-0.442,-0.362,-0.22199999999999998
26310,0.0,0.0,0.0,1000.0,0,0,-0.422,-0.362,-0.22199999999999998
26311,0.0,0.0,0.0,1000.0,0,0,-0.40199999999999997,-0.362,-0.22199999999999998
26312,0.0,0.0,0.0,1000.0,0,0,-0.382,-0.362,-0.22199999999999998
26313,0.0,0.0,0.0,1000.0,0,0,-0.362,-0.362,-0.22199999999999998
26314,0.0,0.0,0.0,1000.0,0,0,-0.34199999999999997,-0.362,-0.22199999999999998
26315,0.0,0.0,0.0,1000.0,0,0,-0.32199999999999995,-0.362,-0.22199999999999998
26316,0.0,0.0,0.0,1000.0,0,0,-0.302,-0.362,-0.22199999999999998
26317,0.0,0.0,0.0,1000.0,0,0,-0.282,-0.362,-0.22199999999999998
26318,0.0,0.0,0.0,1000.0,0,0,-0.262,-0.362,-0.22199999999999998
26319,0.0,0.0,0.0,1000.0,0,0,-0.242,-0.362,-0.22199999999999998
26320,0.0,0.0,0.0,1000.0,0,0,-0.22199999999999998,-0.362,-0.22199999999999998
26321,0.0,0.0,0.0,1000.0,0,0,-0.20199999999999996,-0.362,-0.22199999999999998
26322,0.0,0.0,0.0,1000.0,0,0,-0.182,-0.362,-0.22199999999999998
26323,0.0,0.0,0.0,1000.0,0,0,-0.16199999999999998,-0.362,-0.22199999999999998
26324,0.0,0.0,0.0,1000.0,0,0,-0.482,-0.34199999999999997,-0.22199999999999998
26325,0.0,0.0,0.0,1000.0,0,0,-0.46199999999999997,-0.34199999999999997,-0.22199999999999998
26326,0.0,0.0,0.0,1000.0,0,0,-0.442,-0.34199999999999997,-0.22199999999999998
26327,0.0,0.0,0.0,1000.0,0,0,-0.422,-0.34199999999999997,-0.22199999999999998
26328,0.0,0.0,0.0,1000.0,0,0,-0.40199999999999997,-0.34199999999999997,-0.22199999999999998
26329,0.0,0.0,0.0,1000.0,0,0,-0.382,-0.34199999999999997,-0.22199999999999998
26330,0.0,0.0,0.0,1000.0,0,0,-0.362,-0.34199999999999997,-0.22199999999999998
26331,0.0,0.0,0.0,1000.0,0,0,-0.34199999999999997,-0.34199999999999997,-0.22199999999999998
26332,0.0,0.0,0.0,1000.0,0,0,-0.32199999999999995,-0.34199999999999997,-0.22199999999999998
26333,0.0,0.0,0.0,1000.0,0,0,-0.302,-0.34199999999999997,-0.22199999999999998
26334,0.0,0.0,0.0,1000.0,0,0,-0.282,-0.34199999999999997,-0.22199999999999998
26335,0.0,0.0,0.0,1000.0,0,0,-0.262,-0.34199999999999997,-0.22199999999999998
26336,0.0,0.0,0.0,1000.0,0,0,-0.242,-0.34199999999999997,-0.22199999999999998
26337,0.0,0.0,0.0,1000.0,0,0,-0.22199999999999998,-0.34199999999999997,-0.22199999999999998
26338,0.0,0.0,0.0,1000.0,0,0,-0.20199999999999996,-0.34199999999999997,-0.22199999999999998
26339,0.0,0.0,0.0,1000.0,0,0,-0.182,-0.34199999999999997,-0.22199999999999998
26340,0.0,0.0,0.0,1000.0,0,0,-0.16199999999999998,-0.34199999999999997,-0.22199999999999998
26341,0.0,0.0,0.0,1000.0,0,0,-0.482,-0.32199999999999995,-0.22199999999999998
26342,0.0,0.0,0.0,1000.0,0,0,-0.46199999999999997,-0.32199999999999995,-0.22199999999999998
26343,0.0,0.0,0.0,1000.0,0,0,-0.442,-0.32199999999999995,-0.22199999999999998
26344,0.0,0.0,0.0,1000.0,0,0,-0.422,-0.32199999999999995,-0.22199999999999998
26345,0.0,0.0,0.0,1000.0,0,0,-0.40199999999999997,-0.32199999999999995,-0.22199999999999998
26346,0.0,0.0,0.0,1000.0,0,0,-0.382,-0.32199999999999995,-0.22199999999999998
26347,0.0,0.0,0.0,1000.0,0,0,-0.362,-0.32199999999999995,-0.22199999999999998
26348,0.0,0.0,0.0,1000.0,0,0,-0.34199999999999997,-0.32199999999999995,-0.22199999999999998
26349,0.0,0.0,0.0,1000.0,0,0,-0.32199999999999995,-0.32199999999999995,-0.22199999999999998
26350,0.0,0.0,0.0,1000.0,0,0,-0.302,-0.32199999999999995,-0.22199999999999998
26351,0.0,0.0,0.0,1000.0,0,0,-0.282,-0.32199999999999995,-0.22199999999999998
26352,0.0,0.0,0.0,1000.0,0,0,-0.262,-0.32199999999999995,-0.22199999999999998
26353,0.0,0.0,0.0,1000.0,0,0,-0.242,-0.32199999999999995,-0.22199999999999998
26354,0.0,0.0,0.0,1000.0,0,0,-0.22199999999999998,-0.32199999999999995,-0.22199999999999998
26355,0.0,0.0,0.0,1000.0,0,0,-0.20199999999999996,-0.32199999999999995,-0.22199999999999998
26356,0.0,0.0,0.0,1000.0,0,0,-0.182,-0.32199999999999995,-0.22199999999999998
26357,0.0,0.0,0.0,1000.0,0,0,-0.16199999999999998,-0.32199999999999995,-0.22199999999999998
26358,0.0,0.0,0.0,1000.0,0,0,-0.482,-0.302,-0.22199999999999998
26359,0.0,0.0,0.0,1000.0,0,0,-0.46199999999999997,-0.302,-0.22199999999999998
26360,0.0,0.0,0.0,1000.0,0,0,-0.442,-0.302,-0.22199999999999998
26361,0.0,0.0,0.0,1000.0,0,0,-0.422,-0.302,-0.22199999999999998
26362,0.0,0.0,0.0,1000.0,0,0,-0.40199999999999997,-0.302,-0.22199999999999998
26363,0.0,0.0,0.0,1000.0,0,0,-0.382,-0.302,-0.22199999999999998
26364,0.0,0.0,0.0,1000.0,0,0,-0.362,-0.302,-0.22199999999999998
26365,0.0,0.0,0.0,1000.0,0,0,-0.34199999999999997,-0.302,-0.22199999999999998
26366,0.0,0.0,0.0,1000.0,0,0,-0.32199999999999995,-0.302,-0.22199999999999998
26367,0.0,0.0,0.0,1000.0,0,0,-0.302,-0.302,-0.22199999999999998
26368,0.0,0.0,0.0,1000.0,0,0,-0.282,-0.302,-0.22199999999999998
26369,0.0,0.0,0.0,1000.0,0,0,-0.262,-0.302,-0.22199999999999998
26370,0.0,0.0,0.0,1000.0,0,0,-0.242,-0.302,-0.22199999999999998
26371,0.0,0.0,0.0,1000.0,0,0,-0.22199999999999998,-0.302,-0.22199999999999998
26372,0.0,0.0,0.0,1000.0,0,0,-0.20199999999999996,-0.302,-0.22199999999999998
26373,0.0,0.0,0.0,1000.0,0,0,-0.182,-0.302,-0.22199999999999998
26374,0.0,0.0,0.0,1000.0,0,0,-0.16199999999999998,-0.302,-0.22199999999999998
26375,0.0,0.0,0.0,1000.0,0,0,-0.482,-0.282,-0.22199999999999998
26376,0.0,0.0,0.0,1000.0,0,0,-0.46199999999999997,-0.282,-0.22199999999999998
26377,0.0,0.0,0.0,1000.0,0,0,-0.442,-0.282,-0.22199999999999998
26378,0.0,0.0,0.0,1000.0,0,0,-0.422,-0.282,-0.22199999999999998
26379,0.0,0.0,0.0,1000.0,0,0,-0.40199999999999997,-0.282,-0.22199999999999998
26380,0.0,0.0,0.0,1000.0,0,0,-0.382,-0.282,-0.22199999999999998
26381,0.0,0.0,0.0,1000.0,0,0,-0.362,-0.282,-0.22199999999999998
26382,0.0,0.0,0.0,1000.0,0,0,-0.34199999999999997,-0.282,-0.22199999999999998
26383,0.0,0.0,0.0,1000.0,0,0,-0.32199999999999995,-0.282,-0.22199999999999998
26384,0.0,0.0,0.0,1000.0,0,0,-0.302,-0.282,-0.22199999999999998
26385,0.0,0.0,0.0,1000.0,0,0,-0.282,-0.282,-0.22199999999999998
26386,0.0,0.0,0.0,1000.0,0,0,-0.262,-0.282,-0.22199999999999998
26387,0.0,0.0,0.0,1000.0,0,0,-0.242,-0.282,-0.22199999999999998
26388,0.0,0.0,0.0,1000.0,0,0,-0.22199999999999998,-0.282,-0.22199999999999998
26389,0.0,0.0,0.0,1000.0,0,0,-0.20199999999999996,-0.282,-0.22199999999999998
26390,0.0,0.0,0.0,1000.0,0,0,-0.182,-0.282,-0.22199999999999998
26391,0.0,0.0,0.0,1000.0,0,0,-0.16199999999999998,-0.282,-0.22199999999999998
26392,0.0,0.0,0.0,1000.0,0,0,-0.482,-0.262,-0.22199999999999998
26393,0.0,0.0,0.0,1000.0,0,0,-0.46199999999999997,-0.262,-0.22199999999999998
26394,0.0,0.0,0.0,1000.0,0,0,-0.442,-0.262,-0.22199999999999998
26395,0.0,0.0,0.0,1000.0,0,0,-0.422,-0.262,-0.22199999999999998
26396,0.0,0.0,0.0,1000.0,0,0,-0.40199999999999997,-0.262,-0.22199999999999998
26397,0.0,0.0,0.0,1000.0,0,0,-0.382,-0.262,-0.22199999999999998
26398,0.0,0.0,0.0,1000.0,0,0,-0.362,-0.262,-0.22199999999999998
26399,0.0,0.0,0.0,1000.0,0,0,-0.34199999999999997,-0.262,-0.22199999999999998
26400,0.0,0.0,0.0,1000.0,0,0,-0.32199999999999995,-0.262,-0.22199999999999998
26401,0.0,0.0,0.0,1000.0,0,0,-0.302,-0.262,-0.22199999999999998
26402,0.0,0.0,0.0,1000.0,0,0,-0.282,-0.262,-0.22199999999999998
26403,0.0,0.0,0.0,1000.0,0,0,-0.262,-0.262,-0.22199999999999998
26404,0.0,0.0,0.0,1000.0,0,0,-0.242,-0.262,-0.22199999999999998
26405,0.0,0.0,0.0,1000.0,0,0,-0.22199999999999998,-0.262,-0.22199999999999998
26406,0.0,0.0,0.0,1000.0,0,0,-0.20199999999999996,-0.262,-0.22199999999999998
26407,0.0,0.0,0.0,1000.0,0,0,-0.182,-0.262,-0.22199999999999998
26408,0.0,0.0,0.0,1000.0,0,0,-0.16199999999999998,-0.262,-0.22199999999999998
26409,0.0,0.0,0.0,1000.0,0,0,-0.482,-0.242,-0.22199999999999998
26410,0.0,0.0,0.0,1000.0,0,0,-0.46199999999999997,-0.242,-0.22199999999999998
26411,0.0,0.0,0.0,1000.0,0,0,-0.442,-0.242,-0.22199999999999998
26412,0.0,0.0,0.0,1000.0,0,0,-0.422,-0.242,-0.22199999999999998
26413,0.0,0.0,0.0,1000.0,0,0,-0.40199999999999997,-0.242,-0.22199999999999998
26414,0.0,0.0,0.0,1000.0,0,0,-0.382,-0.242,-0.22199999999999998
26415,0.0,0.0,0.0,1000.0,0,0,-0.362,-0.242,-0.22199999999999998
26416,0.0,0.0,0.0,1000.0,0,0,-0.34199999999999997,-0.242,-0.22199999999999998
26417,0.0,0.0,0.0,1000.0,0,0,-0.32199999999999995,-0.242,-0.22199999999999998
26418,0.0,0.0,0.0,1000.0,0,0,-0.302,-0.242,-0.22199999999999998
26419,0.0,0.0,0.0,1000.0,0,0,-0.282,-0.242,-0.22199999999999998
26420,0.0,0.0,0.0,1000.0,0,0,-0.262,-0.242,-0.22199999999999998
26421,0.0,0.0,0.0,1000.0,0,0,-0.242,-0.242,-0.22199999999999998
26422,0.0,0.0,0.0,1000.0,0,0,-0.22199999999999998,-0.242,-0.22199999999999998
26423,0.0,0.0,0.0,1000.0,0,0,-0.20199999999999996,-0.242,-0.22199999999999998
26424,0.0,0.0,0.0,1000.0,0,0,-0.182,-0.242,-0.22199999999999998
26425,0.0,0.0,0.0,1000.0,0,0,-0.16199999999999998,-0.242,-0.22199999999999998
26426,0.0,0.0,0.0,1000.0,0,0,-0.482,-0.22199999999999998,-0.22199999999999998
26427,0.0,0.0,0.0,1000.0,0,0,-0.46199999999999997,-0.22199999999999998,-0.22199999999999998
26428,0.0,0.0,0.0,1000.0,0,0,-0.442,-0.22199999999999998,-0.22199999999999998
26429,0.0,0.0,0.0,1000.0,0,0,-0.422,-0.22199999999999998,-0.22199999999999998
26430,0.0,0.0,0.0,1000.0,0,0,-0.40199999999999997,-0.22199999999999998,-0.22199999999999998
26431,0.0,0.0,0.0,1000.0,0,0,-0.382,-0.22199999999999998,-0.22199999999999998
26432,0.0,0.0,0.0,1000.0,0,0,-0.362,-0.22199999999999998,-0.22199999999999998
26433,0.0,0.0,0.0,1000.0,0,0,-0.34199999999999997,-0.22199999999999998,-0.22199999999999998
26434,0.0,0.0,0.0,1000.0,0,0,-0.32199999999999995,-0.22199999999999998,-0.22199999999999998
26435,0.0,0.0,0.0,1000.0,0,0,-0.302,-0.22199999999999998,-0.22199999999999998
26436,0.0,0.0,0.0,1000.0,0,0,-0.282,-0.22199999999999998,-0.22199999999999998
26437,0.0,0.0,0.0,1000.0,0,0,-0.262,-0.22199999999999998,-0.22199999999999998
26438,0.0,0.0,0.0,1000.0,0,0,-0.242,-0.22199999999999998,-0.22199999999999998
26439,0.0,0.0,0.0,1000.0,0,0,-0.22199999999999998,-0.22199999999999998,-0.22199999999999998
26440,0.0,0.0,0.0,1000.0,0,0,-0.20199999999999996,-0.22199999999999998,-0.22199999999999998
26441,0.0,0.0,0.0,1000.0,0,0,-0.182,-0.22199999999999998,-0.22199999999999998
26442,0.0,0.0,0.0,1000.0,0,0,-0.16199999999999998,-0.22199999999999998,-0.22199999999999998
26443,0.0,0.0,0.0,1000.0,0,0,-0.482,-0.20199999999999996,-0.22199999999999998
26444,0.0,0.0,0.0,1000.0,0,0,-0.46199999999999997,-0.20199999999999996,-0.22199999999999998
26445,0.0,0.0,0.0,1000.0,0,0,-0.442,-0.20199999999999996,-0.22199999999999998
26446,0.0,0.0,0.0,1000.0,0,0,-0.422,-0.20199999999999996,-0.22199999999999998
26447,0.0,0.0,0.0,1000.0,0,0,-0.40199999999999997,-0.20199999999999996,-0.22199999999999998
26448,0.0,0.0,0.0,1000.0,0,0,-0.382,-0.20199999999999996,-0.22199999999999998
26449,0.0,0.0,0.0,1000.0,0,0,-0.362,-0.20199999999999996,-0.22199999999999998
26450,0.0,0.0,0.0,1000.0,0,0,-0.34199999999999997,-0.20199999999999996,-0.22199999999999998
26451,0.0,0.0,0.0,1000.0,0,0,-0.32199999999999995,-0.20199999999999996,-0.22199999999999998
26452,0.0,0.0,0.0,1000.0,0,0,-0.302,-0.20199999999999996,-0.22199999999999998
26453,0.0,0.0,0.0,1000.0,0,0,-0.282,-0.20199999999999996,-0.22199999999999998
26454,0.0,0.0,0.0,1000.0,0,0,-0.262,-0.20199999999999996,-0.22199999999999998
26455,0.0,0.0,0.0,1000.0,0,0,-0.242,-0.20199999999999996,-0.22199999999999998
26456,0.0,0.0,0.0,1000.0,0,0,-0.22199999999999998,-0.20199999999999996,-0.22199999999999998
26457,0.0,0.0,0.0,1000.0,0,0,-0.20199999999999996,-0.20199999999999996,-0.22199999999999998
26458,0.0,0.0,0.0,1000.0,0,0,-0.182,-0.20199999999999996,-0.22199999999999998
26459,0.0,0.0,0.0,1000.0,0,0,-0.16199999999999998,-0.20199999999999996,-0.22199999999999998
26460,0.0,0.0,0.0,1000.0,0,0,-0.482,-0.182,-0.22199999999999998
26461,0.0,0.0,0.0,1000.0,0,0,-0.46199999999999997,-0.182,-0.22199999999999998
26462,0.0,0.0,0.0,1000.0,0,0,-0.442,-0.182,-0.22199999999999998
26463,0.0,0.0,0.0,1000.0,0,0,-0.422,-0.182,-0.22199999999999998
26464,0.0,0.0,0.0,1000.0,0,0,-0.40199999999999997,-0.182,-0.22199999999999998
26465,0.0,0.0,0.0,1000.0,0,0,-0.382,-0.182,-0.22199999999999998
26466,0.0,0.0,0.0,1000.0,0,0,-0.362,-0.182,-0.22199999999999998
26467,0.0,0.0,0.0,1000.0,0,0,-0.34199999999999997,-0.182,-0.22199999999999998
26468,0.0,0.0,0.0,1000.0,0,0,-0.32199999999999995,-0.182,-0.22199999999999998
26469,0.0,0.0,0.0,1000.0,0,0,-0.302,-0.182,-0.22199999999999998
26470,0.0,0.0,0.0,1000.0,0,0,-0.282,-0.182,-0.22199999999999998
26471,0.0,0.0,0.0,1000.0,0,0,-0.262,-0.182,-0.22199999999999998
26472,0.0,0.0,0.0,1000.0,0,0,-0.242,-0.182,-0.22199999999999998
26473,0.0,0.0,0.0,1000.0,0,0,-0.22199999999999998,-0.182,-0.22199999999999998
26474,0.0,0.0,0.0,1000.0,0,0,-0.20199999999999996,-0.182,-0.22199999999999998
26475,0.0,0.0,0.0,1000.0,0,0,-0.182,-0.182,-0.22199999999999998
26476,0.0,0.0,0.0,1000.0,0,0,-0.16199999999999998,-0.182,-0.22199999999999998
26477,0.0,0.0,0.0,1000.0,0,0,-0.482,-0.16199999999999998,-0.22199999999999998
26478,0.0,0.0,0.0,1000.0,0,0,-0.46199999999999997,-0.16199999999999998,-0.22199999999999998
26479,0.0,0.0,0.0,1000.0,0,0,-0.442,-0.16199999999999998,-0.22199999999999998
26480,0.0,0.0,0.0,1000.0,0,0,-0.422,-0.16199999999999998,-0.22199999999999998
26481,0.0,0.0,0.0,1000.0,0,0,-0.40199999999999997,-0.16199999999999998,-0.22199999999999998
26482,0.0,0.0,0.0,1000.0,0,0,-0.382,-0.16199999999999998,-0.22199999999999998
26483,0.0,0.0,0.0,1000.0,0,0,-0.362,-0.16199999999999998,-0.22199999999999998
26484,0.0,0.0,0.0,1000.0,0,0,-0.34199999999999997,-0.16199999999999998,-0.22199999999999998
26485,0.0,0.0,0.0,1000.0,0,0,-0.32199999999999995,-0.16199999999999998,-0.22199999999999998
26486,0.0,0.0,0.0,1000.0,0,0,-0.302,-0.16199999999999998,-0.22199999999999998
26487,0.0,0.0,0.0,1000.0,0,0,-0.282,-0.16199999999999998,-0.22199999999999998
26488,0.0,0.0,0.0,1000.0,0,0,-0.262,-0.16199999999999998,-0.22199999999999998
26489,0.0,0.0,0.0,1000.0,0,0,-0.242,-0.16199999999999998,-0.22199999999999998
26490,0.0,0.0,0.0,1000.0,0,0,-0.22199999999999998,-0.16199999999999998,-0.22199999999999998
26491,0.0,0.0,0.0,1000.0,0,0,-0.20199999999999996,-0.16199999999999998,-0.22199999999999998
26492,0.0,0.0,0.0,1000.0,0,0,-0.182,-0.16199999999999998,-0.22199999999999998
26493,0.0,0.0,0.0,1000.0,0,0,-0.16199999999999998,-0.16199999999999998,-0.22199999999999998
26494,0.0,0.0,0.0,1000.0,0,0,-0.482,-0.14199999999999996,-0.22199999999999998
26495,0.0,0.0,0.0,1000.0,0,0,-0.46199999999999997,-0.14199999999999996,-0.22199999999999998
26496,0.0,0.0,0.0,1000.0,0,0,-0.442,-0.14199999999999996,-0.22199999999999998
26497,0.0,0.0,0.0,1000.0,0,0,-0.422,-0.14199999999999996,-0.22199999999999998
26498,0.0,0.0,0.0,1000.0,0,0,-0.40199999999999997,-0.14199999999999996,-0.22199999999999998
26499,0.0,0.0,0.0,1000.0,0,0,-0.382,-0.14199999999999996,-0.22199999999999998
26500,0.0,0.0,0.0,1000.0,0,0,-0.362,-0.14199999999999996,-0.22199999999999998
26501,0.0,0.0,0.0,1000.0,0,0,-0.34199999999999997,-0.14199999999999996,-0.22199999999999998
26502,0.0,0.0,0.0,1000.0,0,0,-0.32199999999999995,-0.14199999999999996,-0.22199999999999998
26503,0.0,0.0,0.0,1000.0,0,0,-0.302,-0.14199999999999996,-0.22199999999999998
26504,0.0,0.0,0.0,1000.0,0,0,-0.282,-0.14199999999999996,-0.22199999999999998
26505,0.0,0.0,0.0,1000.0,0,0,-0.262,-0.14199999999999996,-0.22199999999999998
26506,0.0,0.0,0.0,1000.0,0,0,-0.242,-0.14199999999999996,-0.22199999999999998
26507,0.0,0.0,0.0,1000.0,0,0,-0.22199999999999998,-0.14199999999999996,-0.22199999999999998
26508,0.0,0.0,0.0,1000.0,0,0,-0.20199999999999996,-0.14199999999999996,-0.22199999999999998
26509,0.0,0.0,0.0,1000.0,0,0,-0.182,-0.14199999999999996,-0.22199999999999998
26510,0.0,0.0,0.0,1000.0,0,0,-0.16199999999999998,-0.14199999999999996,-0.22199999999999998
26511,0.0,0.0,0.0,1000.0,0,0,-0.482,-0.122,-0.22199999999999998
26512,0.0,0.0,0.0,1000.0,0,0,-0.46199999999999997,-0.122,-0.22199999999999998
26513,0.0,0.0,0.0,1000.0,0,0,-0.442,-0.122,-0.22199999999999998
26514,0.0,0.0,0.0,1000.0,0,0,-0.422,-0.122,-0.22199999999999998
26515,0.0,0.0,0.0,1000.0,0,0,-0.40199999999999997,-0.122,-0.22199999999999998
26516,0.0,0.0,0.0,1000.0,0,0,-0.382,-0.122,-0.22199999999999998
26517,0.0,0.0,0.0,1000.0,0,0,-0.362,-0.122,-0.22199999999999998
26518,0.0,0.0,0.0,1000.0,0,0,-0.34199999999999997,-0.122,-0.22199999999999998
26519,0.0,0.0,0.0,1000.0,0,0,-0.32199999999999995,-0.122,-0.22199999999999998
26520,0.0,0.0,0.0,1000.0,0,0,-0.302,-0.122,-0.22199999999999998
26521,0.0,0.0,0.0,1000.0,0,0,-0.282,-0.122,-0.22199999999999998
26522,0.0,0.0,0.0,1000.0,0,0,-0.262,-0.122,-0.22199999999999998
26523,0.0,0.0,0.0,1000.0,0,0,-0.242,-0.122,-0.22199999999999998
26524,0.0,0.0,0.0,1000.0,0,0,-0.22199999999999998,-0.122,-0.22199999999999998
26525,0.0,0.0,0.0,1000.0,0,0,-0.20199999999999996,-0.122,-0.22199999999999998
26526,0.0,0.0,0.0,1000.0,0,0,-0.182,-0.122,-0.22199999999999998
26527,0.0,0.0,0.0,1000.0,0,0,-0.16199999999999998,-0.122,-0.22199999999999998
26528,0.0,0.0,0.0,1000.0,0,0,-0.482,-0.10199999999999998,-0.22199999999999998
26529,0.0,0.0,0.0,1000.0,0,0,-0.46199999999999997,-0.10199999999999998,-0.22199999999999998
26530,0.0,0.0,0.0,1000.0,0,0,-0.442,-0.10199999999999998,-0.22199999999999998
26531,0.0,0.0,0.0,1000.0,0,0,-0.422,-0.10199999999999998,-0.22199999999999998
26532,0.0,0.0,0.0,1000.0,0,0,-0.40199999999999997,-0.10199999999999998,-0.22199999999999998
26533,0.0,0.0,0.0,1000.0,0,0,-0.382,-0.10199999999999998,-0.22199999999999998
26534,0.0,0.0,0.0,1000.0,0,0,-0.362,-0.10199999999999998,-0.22199999999999998
26535,0.0,0.0,0.0,1000.0,0,0,-0.34199999999999997,-0.10199999999999998,-0.22199999999999998
26536,0.0,0.0,0.0,1000.0,0,0,-0.32199999999999995,-0.10199999999999998,-0.22199999999999998
26537,0.0,0.0,0.0,1000.0,0,0,-0.302,-0.10199999999999998,-0.22199999999999998
26538,0.0,0.0,0.0,1000.0,0,0,-0.282,-0.10199999999999998,-0.22199999999999998
26539,0.0,0.0,0.0,1000.0,0,0,-0.262,-0.10199999999999998,-0.22199999999999998
26540,0.0,0.0,0.0,1000.0,0,0,-0.242,-0.10199999999999998,-0.22199999999999998
26541,0.0,0.0,0.0,1000.0,0,0,-0.22199999999999998,-0.10199999999999998,-0.22199999999999998
26542,0.0,0.0,0.0,1000.0,0,0,-0.20199999999999996,-0.10199999999999998,-0.22199999999999998
26543,0.0,0.0,0.0,1000.0,0,0,-0.182,-0.10199999999999998,-0.22199999999999998
26544,0.0,0.0,0.0,1000.0,0,0,-0.16199999999999998,-0.10199999999999998,-0.22199999999999998
26545,0.0,0.0,0.0,1000.0,0,0,-0.482,-0.08199999999999996,-0.22199999999999998
26546,0.0,0.0,0.0,1000.0,0,0,-0.46199999999999997,-0.08199999999999996,-0.22199999999999998
26547,0.0,0.0,0.0,1000.0,0,0,-0.442,-0.08199999999999996,-0.22199999999999998
26548,0.0,0.0,0.0,1000.0,0,0,-0.422,-0.08199999999999996,-0.22199999999999998
26549,0.0,0.0,0.0,1000.0,0,0,-0.40199999999999997,-0.08199999999999996,-0.22199999999999998
26550,0.0,0.0,0.0,1000.0,0,0,-0.382,-0.08199999999999996,-0.22199999999999998
26551,0.0,0.0,0.0,1000.0,0,0,-0.362,-0.08199999999999996,-0.22199999999999998
26552,0.0,0.0,0.0,1000.0,0,0,-0.34199999999999997,-0.08199999999999996,-0.22199999999999998
26553,0.0,0.0,0.0,1000.0,0,0,-0.32199999999999995,-0.08199999999999996,-0.22199999999999998
26554,0.0,0.0,0.0,1000.0,0,0,-0.302,-0.08199999999999996,-0.22199999999999998
26555,0.0,0.0,0.0,1000.0,0,0,-0.282,-0.08199999999999996,-0.22199999999999998
26556,0.0,0.0,0.0,1000.0,0,0,-0.262,-0.08199999999999996,-0.22199999999999998
26557,0.0,0.0,0.0,1000.0,0,0,-0.242,-0.08199999999999996,-0.22199999999999998
26558,0.0,0.0,0.0,1000.0,0,0,-0.22199999999999998,-0.08199999999999996,-0.22199999999999998
26559,0.0,0.0,0.0,1000.0,0,0,-0.20199999999999996,-0.08199999999999996,-0.22199999999999998
26560,0.0,0.0,0.0,1000.0,0,0,-0.182,-0.08199999999999996,-0.22199999999999998
26561,0.0,0.0,0.0,1000.0,0,0,-0.16199999999999998,-0.08199999999999996,-0.22199999999999998
26562,0.0,0.0,0.0,1000.0,0,0,-0.482,-0.062,-0.22199999999999998
26563,0.0,0.0,0.0,1000.0,0,0,-0.46199999999999997,-0.062,-0.22199999999999998
26564,0.0,0.0,0.0,1000.0,0,0,-0.442,-0.062,-0.22199999999999998
26565,0.0,0.0,0.0,1000.0,0,0,-0.422,-0.062,-0.22199999999999998
26566,0.0,0.0,0.0,1000.0,0,0,-0.40199999999999997,-0.062,-0.22199999999999998
26567,0.0,0.0,0.0,1000.0,0,0,-0.382,-0.062,-0.22199999999999998
26568,0.0,0.0,0.0,1000.0,0,0,-0.362,-0.062,-0.22199999999999998
26569,0.0,0.0,0.0,1000.0,0,0,-0.34199999999999997,-0.062,-0.22199999999999998
26570,0.0,0.0,0.0,1000.0,0,0,-0.32199999999999995,-0.062,-0.22199999999999998
26571,0.0,0.0,0.0,1000.0,0,0,-0.302,-0.062,-0.22199999999999998
26572,0.0,0.0,0.0,1000.0,0,0,-0.282,-0.062,-0.22199999999999998
26573,0.0,0.0,0.0,1000.0,0,0,-0.262,-0.062,-0.22199999999999998
26574,0.0,0.0,0.0,1000.0,0,0,-0.242,-0.062,-0.22199999999999998
26575,0.0,0.0,0.0,1000.0,0,0,-0.22199999999999998,-0.062,-0.22199999999999998
26576,0.0,0.0,0.0,1000.0,0,0,-0.20199999999999996,-0.062,-0.22199999999999998
26577,0.0,0.0,0.0,1000.0,0,0,-0.182,-0.062,-0.22199999999999998
26578,0.0,0.0,0.0,1000.0,0,0,-0.16199999999999998,-0.062,-0.22199999999999998
26579,0.0,0.0,0.0,1000.0,0,0,-0.482,-0.04199999999999998,-0.22199999999999998
26580,0.0,0.0,0.0,1000.0,0,0,-0.46199999999999997,-0.04199999999999998,-0.22199999999999998
26581,0.0,0.0,0.0,1000.0,0,0,-0.442,-0.04199999999999998,-0.22199999999999998
26582,0.0,0.0,0.0,1000.0,0,0,-0.422,-0.04199999999999998,-0.22199999999999998
26583,0.0,0.0,0.0,1000.0,0,0,-0.40199999999999997,-0.04199999999999998,-0.22199999999999998
26584,0.0,0.0,0.0,1000.0,0,0,-0.382,-0.04199999999999998,-0.22199999999999998
26585,0.0,0.0,0.0,1000.0,0,0,-0.362,-0.04199999999999998,-0.22199999999999998
26586,0.0,0.0,0.0,1000.0,0,0,-0.34199999999999997,-0.04199999999999998,-0.22199999999999998
26587,0.0,0.0,0.0,1000.0,0,0,-0.32199999999999995,-0.04199999999999998,-0.22199999999999998
26588,0.0,0.0,0.0,1000.0,0,0,-0.302,-0.04199999999999998,-0.22199999999999998
26589,0.0,0.0,0.0,1000.0,0,0,-0.282,-0.04199999999999998,-0.22199999999999998
26590,0.0,0.0,0.0,1000.0,0,0,-0.262,-0.04199999999999998,-0.22199999999999998
26591,0.0,0.0,0.0,1000.0,0,0,-0.242,-0.04199999999999998,-0.22199999999999998
26592,0.0,0.0,0.0,1000.0,0,0,-0.22199999999999998,-0.04199999999999998,-0.22199999999999998
26593,0.0,0.0,0.0,1000.0,0,0,-0.20199999999999996,-0.04199999999999998,-0.22199999999999998
26594,0.0,0.0,0.0,1000.0,0,0,-0.182,-0.04199999999999998,-0.22199999999999998
26595,0.0,0.0,0.0,1000.0,0,0,-0.16199999999999998,-0.04199999999999998,-0.22199999999999998
26596,0.0,0.0,0.0,1000.0,0,0,-0.482,-0.021999999999999964,-0.22199999999999998
26597,0.0,0.0,0.0,1000.0,0,0,-0.46199999999999997,-0.021999999999999964,-0.22199999999999998
26598,0.0,0.0,0.0,1000.0,0,0,-0.442,-0.021999999999999964,-0.22199999999999998
26599,0.0,0.0,0.0,1000.0,0,0,-0.422,-0.021999999999999964,-0.22199999999999998
26600,0.0,0.0,0.0,1000.0,0,0,-0.40199999999999997,-0.021999999999999964,-0.22199999999999998
26601,0.0,0.0,0.0,1000.0,0,0,-0.382,-0.021999999999999964,-0.22199999999999998
26602,0.0,0.0,0.0,1000.0,0,0,-0.362,-0.021999999999999964,-0.22199999999999998
26603,0.0,0.0,0.0,1000.0,0,0,-0.34199999999999997,-0.021999999999999964,-0.22199999999999998
26604,0.0,0.0,0.0,1000.0,0,0,-0.32199999999999995,-0.021999999999999964,-0.22199999999999998
26605,0.0,0.0,0.0,1000.0,0,0,-0.302,-0.021999999999999964,-0.22199999999999998
26606,0.0,0.0,0.0,1000.0,0,0,-0.282,-0.021999999999999964,-0.22199999999999998
26607,0.0,0.0,0.0,1000.0,0,0,-0.262,-0.021999999999999964,-0.22199999999999998
26608,0.0,0.0,0.0,1000.0,0,0,-0.242,-0.021999999999999964,-0.22199999999999998
26609,0.0,0.0,0.0,1000.0,0,0,-0.22199999999999998,-0.021999999999999964,-0.22199999999999998
26610,0.0,0.0,0.0,1000.0,0,0,-0.20199999999999996,-0.021999999999999964,-0.22199999999999998
26611,0.0,0.0,0.0,1000.0,0,0,-0.182,-0.021999999999999964,-0.22199999999999998
26612,0.0,0.0,0.0,1000.0,0,0,-0.16199999999999998,-0.021999999999999964,-0.22199999999999998
26613,0.0,0.0,0.0,1000.0,0,0,-0.482,-0.0020000000000000018,-0.22199999999999998
26614,0.0,0.0,0.0,1000.0,0,0,-0.46199999999999997,-0.0020000000000000018,-0.22199999999999998
26615,0.0,0.0,0.0,1000.0,0,0,-0.442,-0.0020000000000000018,-0.22199999999999998
26616,0.0,0.0,0.0,1000.0,0,0,-0.422,-0.0020000000000000018,-0.22199999999999998
26617,0.0,0.0,0.0,1000.0,0,0,-0.40199999999999997,-0.0020000000000000018,-0.22199999999999998
26618,0.0,0.0,0.0,1000.0,0,0,-0.382,-0.0020000000000000018,-0.22199999999999998
26619,0.0,0.0,0.0,1000.0,0,0,-0.362,-0.0020000000000000018,-0.22199999999999998
26620,0.0,0.0,0.0,1000.0,0,0,-0.34199999999999997,-0.0020000000000000018,-0.22199999999999998
26621,0.0,0.0,0.0,1000.0,0,0,-0.32199999999999995,-0.0020000000000000018,-0.22199999999999998
26622,0.0,0.0,0.0,1000.0,0,0,-0.302,-0.0020000000000000018,-0.22199999999999998
26623,0.0,0.0,0.0,1000.0,0,0,-0.282,-0.0020000000000000018,-0.22199999999999998
26624,0.0,0.0,0.0,1000.0,0,0,-0.262,-0.0020000000000000018,-0.22199999999999998
26625,0.0,0.0,0.0,1000.0,0,0,-0.242,-0.0020000000000000018,-0.22199999999999998
26626,0.0,0.0,0.0,1000.0,0,0,-0.22199999999999998,-0.0020000000000000018,-0.22199999999999998
26627,0.0,0.0,0.0,1000.0,0,0,-0.20199999999999996,-0.0020000000000000018,-0.22199999999999998
26628,0.0,0.0,0.0,1000.0,0,0,-0.182,-0.0020000000000000018,-0.22199999999999998
26629,0.0,0.0,0.0,1000.0,0,0,-0.16199999999999998,-0.0020000000000000018,-0.22199999999999998
26630,0.0,0.0,0.0,1000.0,0,0,-0.482,0.018000000000000016,-0.22199999999999998
26631,0.0,0.0,0.0,1000.0,0,0,-0.46199999999999997,0.018000000000000016,-0.22199999999999998
26632,0.0,0.0,0.0,1000.0,0,0,-0.442,0.018000000000000016,-0.22199999999999998
26633,0.0,0.0,0.0,1000.0,0,0,-0.422,0.018000000000000016,-0.22199999999999998
26634,0.0,0.0,0.0,1000.0,0,0,-0.40199999999999997,0.018000000000000016,-0.22199999999999998
26635,0.0,0.0,0.0,1000.0,0,0,-0.382,0.018000000000000016,-0.22199999999999998
26636,0.0,0.0,0.0,1000.0,0,0,-0.362,0.018000000000000016,-0.22199999999999998
26637,0.0,0.0,0.0,1000.0,0,0,-0.34199999999999997,0.018000000000000016,-0.22199999999999998
26638,0.0,0.0,0.0,1000.0,0,0,-0.32199999999999995,0.018000000000000016,-0.22199999999999998
26639,0.0,0.0,0.0,1000.0,0,0,-0.302,0.018000000000000016,-0.22199999999999998
26640,0.0,0.0,0.0,1000.0,0,0,-0.282,0.018000000000000016,-0.22199999999999998
26641,0.0,0.0,0.0,1000.0,0,0,-0.262,0.018000000000000016,-0.22199999999999998
26642,0.0,0.0,0.0,1000.0,0,0,-0.242,0.018000000000000016,-0.22199999999999998
26643,0.0,0.0,0.0,1000.0,0,0,-0.22199999999999998,0.018000000000000016,-0.22199999999999998
26644,0.0,0.0,0.0,1000.0,0,0,-0.20199999999999996,0.018000000000000016,-0.22199999999999998
26645,0.0,0.0,0.0,1000.0,0,0,-0.182,0.018000000000000016,-0.22199999999999998
26646,0.0,0.0,0.0,1000.0,0,0,-0.16199999999999998,0.018000000000000016,-0.22199999999999998
26647,0.0,0.0,0.0,1000.0,0,0,-0.482,0.038000000000000034,-0.22199999999999998
26648,0.0,0.0,0.0,1000.0,0,0,-0.46199999999999997,0.038000000000000034,-0.22199999999999998
26649,0.0,0.0,0.0,1000.0,0,0,-0.442,0.038000000000000034,-0.22199999999999998
26650,0.0,0.0,0.0,1000.0,0,0,-0.422,0.038000000000000034,-0.22199999999999998
26651,0.0,0.0,0.0,1000.0,0,0,-0.40199999999999997,0.038000000000000034,-0.22199999999999998
26652,0.0,0.0,0.0,1000.0,0,0,-0.382,0.038000000000000034,-0.22199999999999998
26653,0.0,0.0,0.0,1000.0,0,0,-0.362,0.038000000000000034,-0.22199999999999998
26654,0.0,0.0,0.0,1000.0,0,0,-0.34199999999999997,0.038000000000000034,-0.22199999999999998
26655,0.0,0.0,0.0,1000.0,0,0,-0.32199999999999995,0.038000000000000034,-0.22199999999999998
26656,0.0,0.0,0.0,1000.0,0,0,-0.302,0.038000000000000034,-0.22199999999999998
26657,0.0,0.0,0.0,1000.0,0,0,-0.282,0.038000000000000034,-0.22199999999999998
26658,0.0,0.0,0.0,1000.0,0,0,-0.262,0.038000000000000034,-0.22199999999999998
26659,0.0,0.0,0.0,1000.0,0,0,-0.242,0.038000000000000034,-0.22199999999999998
26660,0.0,0.0,0.0,1000.0,0,0,-0.22199999999999998,0.038000000000000034,-0.22199999999999998
26661,0.0,0.0,0.0,1000.0,0,0,-0.20199999999999996,0.038000000000000034,-0.22199999999999998
26662,0.0,0.0,0.0,1000.0,0,0,-0.182,0.038000000000000034,-0.22199999999999998
26663,0.0,0.0,0.0,1000.0,0,0,-0.16199999999999998,0.038000000000000034,-0.22199999999999998
26664,0.0,0.0,0.0,1000.0,0,0,-0.482,0.05800000000000005,-0.22199999999999998
26665,0.0,0.0,0.0,1000.0,0,0,-0.46199999999999997,0.05800000000000005,-0.22199999999999998
26666,0.0,0.0,0.0,1000.0,0,0,-0.442,0.05800000000000005,-0.22199999999999998
26667,0.0,0.0,0.0,1000.0,0,0,-0.422,0.05800000000000005,-0.22199999999999998
26668,0.0,0.0,0.0,1000.0,0,0,-0.40199999999999997,0.05800000000000005,-0.22199999999999998
26669,0.0,0.0,0.0,1000.0,0,0,-0.382,0.05800000000000005,-0.22199999999999998
26670,0.0,0.0,0.0,1000.0,0,0,-0.362,0.05800000000000005,-0.22199999999999998
26671,0.0,0.0,0.0,1000.0,0,0,-0.34199999999999997,0.05800000000000005,-0.22199999999999998
26672,0.0,0.0,0.0,1000.0,0,0,-0.32199999999999995,0.05800000000000005,-0.22199999999999998
26673,0.0,0.0,0.0,1000.0,0,0,-0.302,0.05800000000000005,-0.22199999999999998
26674,0.0,0.0,0.0,1000.0,0,0,-0.282,0.05800000000000005,-0.22199999999999998
26675,0.0,0.0,0.0,1000.0,0,0,-0.262,0.05800000000000005,-0.22199999999999998
26676,0.0,0.0,0.0,1000.0,0,0,-0.242,0.05800000000000005,-0.22199999999999998
26677,0.0,0.0,0.0,1000.0,0,0,-0.22199999999999998,0.05800000000000005,-0.22199999999999998
26678,0.0,0.0,0.0,1000.0,0,0,-0.20199999999999996,0.05800000000000005,-0.22199999999999998
26679,0.0,0.0,0.0,1000.0,0,0,-0.182,0.05800000000000005,-0.22199999999999998
26680,0.0,0.0,0.0,1000.0,0,0,-0.16199999999999998,0.05800000000000005,-0.22199999999999998
26681,0.0,0.0,0.0,1000.0,0,0,-0.482,0.07800000000000007,-0.22199999999999998
26682,0.0,0.0,0.0,1000.0,0,0,-0.46199999999999997,0.07800000000000007,-0.22199999999999998
26683,0.0,0.0,0.0,1000.0,0,0,-0.442,0.07800000000000007,-0.22199999999999998
26684,0.0,0.0,0.0,1000.0,0,0,-0.422,0.07800000000000007,-0.22199999999999998
26685,0.0,0.0,0.0,1000.0,0,0,-0.40199999999999997,0.07800000000000007,-0.22199999999999998
26686,0.0,0.0,0.0,1000.0,0,0,-0.382,0.07800000000000007,-0.22199999999999998
26687,0.0,0.0,0.0,1000.0,0,0,-0.362,0.07800000000000007,-0.22199999999999998
26688,0.0,0.0,0.0,1000.0,0,0,-0.34199999999999997,0.07800000000000007,-0.22199999999999998
26689,0.0,0.0,0.0,1000.0,0,0,-0.32199999999999995,0.07800000000000007,-0.22199999999999998
26690,0.0,0.0,0.0,1000.0,0,0,-0.302,0.07800000000000007,-0.22199999999999998
26691,0.0,0.0,0.0,1000.0,0,0,-0.282,0.07800000000000007,-0.22199999999999998
26692,0.0,0.0,0.0,1000.0,0,0,-0.262,0.07800000000000007,-0.22199999999999998
26693,0.0,0.0,0.0,1000.0,0,0,-0.242,0.07800000000000007,-0.22199999999999998
26694,0.0,0.0,0.0,1000.0,0,0,-0.22199999999999998,0.07800000000000007,-0.22199999999999998
26695,0.0,0.0,0.0,1000.0,0,0,-0.20199999999999996,0.07800000000000007,-0.22199999999999998
26696,0.0,0.0,0.0,1000.0,0,0,-0.182,0.07800000000000007,-0.22199999999999998
26697,0.0,0.0,0.0,1000.0,0,0,-0.16199999999999998,0.07800000000000007,-0.22199999999999998
26698,0.0,0.0,0.0,1000.0,0,0,-0.482,0.09799999999999998,-0.22199999999999998
26699,0.0,0.0,0.0,1000.0,0,0,-0.46199999999999997,0.09799999999999998,-0.22199999999999998
26700,0.0,0.0,0.0,1000.0,0,0,-0.442,0.09799999999999998,-0.22199999999999998
26701,0.0,0.0,0.0,1000.0,0,0,-0.422,0.09799999999999998,-0.22199999999999998
26702,0.0,0.0,0.0,1000.0,0,0,-0.40199999999999997,0.09799999999999998,-0.22199999999999998
26703,0.0,0.0,0.0,1000.0,0,0,-0.382,0.09799999999999998,-0.22199999999999998
26704,0.0,0.0,0.0,1000.0,0,0,-0.362,0.09799999999999998,-0.22199999999999998
26705,0.0,0.0,0.0,1000.0,0,0,-0.34199999999999997,0.09799999999999998,-0.22199999999999998
26706,0.0,0.0,0.0,1000.0,0,0,-0.32199999999999995,0.09799999999999998,-0.22199999999999998
26707,0.0,0.0,0.0,1000.0,0,0,-0.302,0.09799999999999998,-0.22199999999999998
26708,0.0,0.0,0.0,1000.0,0,0,-0.282,0.09799999999999998,-0.22199999999999998
26709,0.0,0.0,0.0,1000.0,0,0,-0.262,0.09799999999999998,-0.22199999999999998
26710,0.0,0.0,0.0,1000.0,0,0,-0.242,0.09799999999999998,-0.22199999999999998
26711,0.0,0.0,0.0,1000.0,0,0,-0.22199999999999998,0.09799999999999998,-0.22199999999999998
26712,0.0,0.0,0.0,1000.0,0,0,-0.20199999999999996,0.09799999999999998,-0.22199999999999998
26713,0.0,0.0,0.0,1000.0,0,0,-0.182,0.09799999999999998,-0.22199999999999998
26714,0.0,0.0,0.0,1000.0,0,0,-0.16199999999999998,0.09799999999999998,-0.22199999999999998
26715,0.0,0.0,0.0,1000.0,0,0,-0.482,0.118,-0.22199999999999998
26716,0.0,0.0,0.0,1000.0,0,0,-0.46199999999999997,0.118,-0.22199999999999998
26717,0.0,0.0,0.0,1000.0,0,0,-0.442,0.118,-0.22199999999999998
26718,0.0,0.0,0.0,1000.0,0,0,-0.422,0.118,-0.22199999999999998
26719,0.0,0.0,0.0,1000.0,0,0,-0.40199999999999997,0.118,-0.22199999999999998
26720,0.0,0.0,0.0,1000.0,0,0,-0.382,0.118,-0.22199999999999998
26721,0.0,0.0,0.0,1000.0,0,0,-0.362,0.118,-0.22199999999999998
26722,0.0,0.0,0.0,1000.0,0,0,-0.34199999999999997,0.118,-0.22199999999999998
26723,0.0,0.0,0.0,1000.0,0,0,-0.32199999999999995,0.118,-0.22199999999999998
26724,0.0,0.0,0.0,1000.0,0,0,-0.302,0.118,-0.22199999999999998
26725,0.0,0.0,0.0,1000.0,0,0,-0.282,0.118,-0.22199999999999998
26726,0.0,0.0,0.0,1000.0,0,0,-0.262,0.118,-0.22199999999999998
26727,0.0,0.0,0.0,1000.0,0,0,-0.242,0.118,-0.22199999999999998
26728,0.0,0.0,0.0,1000.0,0,0,-0.22199999999999998,0.118,-0.22199999999999998
26729,0.0,0.0,0.0,1000.0,0,0,-0.20199999999999996,0.118,-0.22199999999999998
26730,0.0,0.0,0.0,1000.0,0,0,-0.182,0.118,-0.22199999999999998
26731,0.0,0.0,0.0,1000.0,0,0,-0.16199999999999998,0.118,-0.22199999999999998
26732,0.0,0.0,0.0,1000.0,0,0,-0.482,0.138,-0.22199999999999998
26733,0.0,0.0,0.0,1000.0,0,0,-0.46199999999999997,0.138,-0.22199999999999998
26734,0.0,0.0,0.0,1000.0,0,0,-0.442,0.138,-0.22199999999999998
26735,0.0,0.0,0.0,1000.0,0,0,-0.422,0.138,-0.22199999999999998
26736,0.0,0.0,0.0,1000.0,0,0,-0.40199999999999997,0.138,-0.22199999999999998
26737,0.0,0.0,0.0,1000.0,0,0,-0.382,0.138,-0.22199999999999998
26738,0.0,0.0,0.0,1000.0,0,0,-0.362,0.138,-0.22199999999999998
26739,0.0,0.0,0.0,1000.0,0,0,-0.34199999999999997,0.138,-0.22199999999999998
26740,0.0,0.0,0.0,1000.0,0,0,-0.32199999999999995,0.138,-0.22199999999999998
26741,0.0,0.0,0.0,1000.0,0,0,-0.302,0.138,-0.22199999999999998
26742,0.0,0.0,0.0,1000.0,0,0,-0.282,0.138,-0.22199999999999998
26743,0.0,0.0,0.0,1000.0,0,0,-0.262,0.138,-0.22199999999999998
26744,0.0,0.0,0.0,1000.0,0,0,-0.242,0.138,-0.22199999999999998
26745,0.0,0.0,0.0,1000.0,0,0,-0.22199999999999998,0.138,-0.22199999999999998
26746,0.0,0.0,0.0,1000.0,0,0,-0.20199999999999996,0.138,-0.22199999999999998
26747,0.0,0.0,0.0,1000.0,0,0,-0.182,0.138,-0.22199999999999998
26748,0.0,0.0,0.0,1000.0,0,0,-0.16199999999999998,0.138,-0.22199999999999998
26749,0.0,0.0,0.0,1000.0,0,0,-0.482,0.15800000000000003,-0.22199999999999998
26750,0.0,0.0,0.0,1000.0,0,0,-0.46199999999999997,0.15800000000000003,-0.22199999999999998
26751,0.0,0.0,0.0,1000.0,0,0,-0.442,0.15800000000000003,-0.22199999999999998
26752,0.0,0.0,0.0,1000.0,0,0,-0.422,0.15800000000000003,-0.22199999999999998
26753,0.0,0.0,0.0,1000.0,0,0,-0.40199999999999997,0.15800000000000003,-0.22199999999999998
26754,0.0,0.0,0.0,1000.0,0,0,-0.382,0.15800000000000003,-0.22199999999999998
26755,0.0,0.0,0.0,1000.0,0,0,-0.362,0.15800000000000003,-0.22199999999999998
26756,0.0,0.0,0.0,1000.0,0,0,-0.34199999999999997,0.15800000000000003,-0.22199999999999998
26757,0.0,0.0,0.0,1000.0,0,0,-0.32199999999999995,0.15800000000000003,-0.22199999999999998
26758,0.0,0.0,0.0,1000.0,0,0,-0.302,0.15800000000000003,-0.22199999999999998
26759,0.0,0.0,0.0,1000.0,0,0,-0.282,0.15800000000000003,-0.22199999999999998
26760,0.0,0.0,0.0,1000.0,0,0,-0.262,0.15800000000000003,-0.22199999999999998
26761,0.0,0.0,0.0,1000.0,0,0,-0.242,0.15800000000000003,-0.22199999999999998
26762,0.0,0.0,0.0,1000.0,0,0,-0.22199999999999998,0.15800000000000003,-0.22199999999999998
26763,0.0,0.0,0.0,1000.0,0,0,-0.20199999999999996,0.15800000000000003,-0.22199999999999998
26764,0.0,0.0,0.0,1000.0,0,0,-0.182,0.15800000000000003,-0.22199999999999998
26765,0.0,0.0,0.0,1000.0,0,0,-0.16199999999999998,0.15800000000000003,-0.22199999999999998
26766,0.0,0.0,0.0,1000.0,0,0,-0.482,0.17800000000000005,-0.22199999999999998
26767,0.0,0.0,0.0,1000.0,0,0,-0.46199999999999997,0.17800000000000005,-0.22199999999999998
26768,0.0,0.0,0.0,1000.0,0,0,-0.442,0.17800000000000005,-0.22199999999999998
26769,0.0,0.0,0.0,1000.0,0,0,-0.422,0.17800000000000005,-0.22199999999999998
26770,0.0,0.0,0.0,1000.0,0,0,-0.40199999999999997,0.17800000000000005,-0.22199999999999998
26771,0.0,0.0,0.0,1000.0,0,0,-0.382,0.17800000000000005,-0.22199999999999998
26772,0.0,0.0,0.0,1000.0,0,0,-0.362,0.17800000000000005,-0.22199999999999998
26773,0.0,0.0,0.0,1000.0,0,0,-0.34199999999999997,0.17800000000000005,-0.22199999999999998
26774,0.0,0.0,0.0,1000.0,0,0,-0.32199999999999995,0.17800000000000005,-0.22199999999999998
26775,0.0,0.0,0.0,1000.0,0,0,-0.302,0.17800000000000005,-0.22199999999999998
26776,0.0,0.0,0.0,1000.0,0,0,-0.282,0.17800000000000005,-0.22199999999999998
26777,0.0,0.0,0.0,1000.0,0,0,-0.262,0.17800000000000005,-0.22199999999999998
26778,0.0,0.0,0.0,1000.0,0,0,-0.242,0.17800000000000005,-0.22199999999999998
26779,0.0,0.0,0.0,1000.0,0,0,-0.22199999999999998,0.17800000000000005,-0.22199999999999998
26780,0.0,0.0,0.0,1000.0,0,0,-0.20199999999999996,0.17800000000000005,-0.22199999999999998
26781,0.0,0.0,0.0,1000.0,0,0,-0.182,0.17800000000000005,-0.22199999999999998
26782,0.0,0.0,0.0,1000.0,0,0,-0.16199999999999998,0.17800000000000005,-0.22199999999999998
26783,0.0,0.0,0.0,1000.0,0,0,-0.482,0.19800000000000006,-0.22199999999999998
26784,0.0,0.0,0.0,1000.0,0,0,-0.46199999999999997,0.19800000000000006,-0.22199999999999998
26785,0.0,0.0,0.0,1000.0,0,0,-0.442,0.19800000000000006,-0.22199999999999998
26786,0.0,0.0,0.0,1000.0,0,0,-0.422,0.19800000000000006,-0.22199999999999998
26787,0.0,0.0,0.0,1000.0,0,0,-0.40199999999999997,0.19800000000000006,-0.22199999999999998
26788,0.0,0.0,0.0,1000.0,0,0,-0.382,0.19800000000000006,-0.22199999999999998
26789,0.0,0.0,0.0,1000.0,0,0,-0.362,0.19800000000000006,-0.22199999999999998
26790,0.0,0.0,0.0,1000.0,0,0,-0.34199999999999997,0.19800000000000006,-0.22199999999999998
26791,0.0,0.0,0.0,1000.0,0,0,-0.32199999999999995,0.19800000000000006,-0.22199999999999998
26792,0.0,0.0,0.0,1000.0,0,0,-0.302,0.19800000000000006,-0.22199999999999998
26793,0.0,0.0,0.0,1000.0,0,0,-0.282,0.19800000000000006,-0.22199999999999998
26794,0.0,0.0,0.0,1000.0,0,0,-0.262,0.19800000000000006,-0.22199999999999998
26795,0.0,0.0,0.0,1000.0,0,0,-0.242,0.19800000000000006,-0.22199999999999998
26796,0.0,0.0,0.0,1000.0,0,0,-0.22199999999999998,0.19800000000000006,-0.22199999999999998
26797,0.0,0.0,0.0,1000.0,0,0,-0.20199999999999996,0.19800000000000006,-0.22199999999999998
26798,0.0,0.0,0.0,1000.0,0,0,-0.182,0.19800000000000006,-0.22199999999999998
26799,0.0,0.0,0.0,1000.0,0,0,-0.16199999999999998,0.19800000000000006,-0.22199999999999998
26800,0.0,0.0,0.0,1000.0,0,0,-0.482,0.21800000000000008,-0.22199999999999998
26801,0.0,0.0,0.0,1000.0,0,0,-0.46199999999999997,0.21800000000000008,-0.22199999999999998
26802,0.0,0.0,0.0,1000.0,0,0,-0.442,0.21800000000000008,-0.22199999999999998
26803,0.0,0.0,0.0,1000.0,0,0,-0.422,0.21800000000000008,-0.22199999999999998
26804,0.0,0.0,0.0,1000.0,0,0,-0.40199999999999997,0.21800000000000008,-0.22199999999999998
26805,0.0,0.0,0.0,1000.0,0,0,-0.382,0.21800000000000008,-0.22199999999999998
26806,0.0,0.0,0.0,1000.0,0,0,-0.362,0.21800000000000008,-0.22199999999999998
26807,0.0,0.0,0.0,1000.0,0,0,-0.34199999999999997,0.21800000000000008,-0.22199999999999998
26808,0.0,0.0,0.0,1000.0,0,0,-0.32199999999999995,0.21800000000000008,-0.22199999999999998
26809,0.0,0.0,0.0,1000.0,0,0,-0.302,0.21800000000000008,-0.22199999999999998
26810,0.0,0.0,0.0,1000.0,0,0,-0.282,0.21800000000000008,-0.22199999999999998
26811,0.0,0.0,0.0,1000.0,0,0,-0.262,0.21800000000000008,-0.22199999999999998
26812,0.0,0.0,0.0,1000.0,0,0,-0.242,0.21800000000000008,-0.22199999999999998
26813,0.0,0.0,0.0,1000.0,0,0,-0.22199999999999998,0.21800000000000008,-0.22199999999999998
26814,0.0,0.0,0.0,1000.0,0,0,-0.20199999999999996,0.21800000000000008,-0.22199999999999998
26815,0.0,0.0,0.0,1000.0,0,0,-0.182,0.21800000000000008,-0.22199999999999998
26816,0.0,0.0,0.0,1000.0,0,0,-0.16199999999999998,0.21800000000000008,-0.22199999999999998
26817,0.0,0.0,0.0,1000.0,0,0,-0.482,0.238,-0.22199999999999998
26818,0.0,0.0,0.0,1000.0,0,0,-0.46199999999999997,0.238,-0.22199999999999998
26819,0.0,0.0,0.0,1000.0,0,0,-0.442,0.238,-0.22199999999999998
26820,0.0,0.0,0.0,1000.0,0,0,-0.422,0.238,-0.22199999999999998
26821,0.0,0.0,0.0,1000.0,0,0,-0.40199999999999997,0.238,-0.22199999999999998
26822,0.0,0.0,0.0,1000.0,0,0,-0.382,0.238,-0.22199999999999998
26823,0.0,0.0,0.0,1000.0,0,0,-0.362,0.238,-0.22199999999999998
26824,0.0,0.0,0.0,1000.0,0,0,-0.34199999999999997,0.238,-0.22199999999999998
26825,0.0,0.0,0.0,1000.0,0,0,-0.32199999999999995,0.238,-0.22199999999999998
26826,0.0,0.0,0.0,1000.0,0,0,-0.302,0.238,-0.22199999999999998
26827,0.0,0.0,0.0,1000.0,0,0,-0.282,0.238,-0.22199999999999998
26828,0.0,0.0,0.0,1000.0,0,0,-0.262,0.238,-0.22199999999999998
26829,0.0,0.0,0.0,1000.0,0,0,-0.242,0.238,-0.22199999999999998
26830,0.0,0.0,0.0,1000.0,0,0,-0.22199999999999998,0.238,-0.22199999999999998
26831,0.0,0.0,0.0,1000.0,0,0,-0.20199999999999996,0.238,-0.22199999999999998
26832,0.0,0.0,0.0,1000.0,0,0,-0.182,0.238,-0.22199999999999998
26833,0.0,0.0,0.0,1000.0,0,0,-0.16199999999999998,0.238,-0.22199999999999998
26834,0.0,0.0,0.0,1000.0,0,0,-0.482,0.258,-0.22199999999999998
26835,0.0,0.0,0.0,1000.0,0,0,-0.46199999999999997,0.258,-0.22199999999999998
26836,0.0,0.0,0.0,1000.0,0,0,-0.442,0.258,-0.22199999999999998
26837,0.0,0.0,0.0,1000.0,0,0,-0.422,0.258,-0.22199999999999998
26838,0.0,0.0,0.0,1000.0,0,0,-0.40199999999999997,0.258,-0.22199999999999998
26839,0.0,0.0,0.0,1000.0,0,0,-0.382,0.258,-0.22199999999999998
26840,0.0,0.0,0.0,1000.0,0,0,-0.362,0.258,-0.22199999999999998
26841,0.0,0.0,0.0,1000.0,0,0,-0.34199999999999997,0.258,-0.22199999999999998
26842,0.0,0.0,0.0,1000.0,0,0,-0.32199999999999995,0.258,-0.22199999999999998
26843,0.0,0.0,0.0,1000.0,0,0,-0.302,0.258,-0.22199999999999998
26844,0.0,0.0,0.0,1000.0,0,0,-0.282,0.258,-0.22199999999999998
26845,0.0,0.0,0.0,1000.0,0,0,-0.262,0.258,-0.22199999999999998
26846,0.0,0.0,0.0,1000.0,0,0,-0.242,0.258,-0.22199999999999998
26847,0.0,0.0,0.0,1000.0,0,0,-0.22199999999999998,0.258,-0.22199999999999998
26848,0.0,0.0,0.0,1000.0,0,0,-0.20199999999999996,0.258,-0.22199999999999998
26849,0.0,0.0,0.0,1000.0,0,0,-0.182,0.258,-0.22199999999999998
26850,0.0,0.0,0.0,1000.0,0,0,-0.16199999999999998,0.258,-0.22199999999999998
26851,0.0,0.0,0.0,1000.0,0,0,-0.482,0.278,-0.22199999999999998
26852,0.0,0.0,0.0,1000.0,0,0,-0.46199999999999997,0.278,-0.22199999999999998
26853,0.0,0.0,0.0,1000.0,0,0,-0.442,0.278,-0.22199999999999998
26854,0.0,0.0,0.0,1000.0,0,0,-0.422,0.278,-0.22199999999999998
26855,0.0,0.0,0.0,1000.0,0,0,-0.40199999999999997,0.278,-0.22199999999999998
26856,0.0,0.0,0.0,1000.0,0,0,-0.382,0.278,-0.22199999999999998
26857,0.0,0.0,0.0,1000.0,0,0,-0.362,0.278,-0.22199999999999998
26858,0.0,0.0,0.0,1000.0,0,0,-0.34199999999999997,0.278,-0.22199999999999998
26859,0.0,0.0,0.0,1000.0,0,0,-0.32199999999999995,0.278,-0.22199999999999998
26860,0.0,0.0,0.0,1000.0,0,0,-0.302,0.278,-0.22199999999999998
26861,0.0,0.0,0.0,1000.0,0,0,-0.282,0.278,-0.22199999999999998
26862,0.0,0.0,0.0,1000.0,0,0,-0.262,0.278,-0.22199999999999998
26863,0.0,0.0,0.0,1000.0,0,0,-0.242,0.278,-0.22199999999999998
26864,0.0,0.0,0.0,1000.0,0,0,-0.22199999999999998,0.278,-0.22199999999999998
26865,0.0,0.0,0.0,1000.0,0,0,-0.20199999999999996,0.278,-0.22199999999999998
26866,0.0,0.0,0.0,1000.0,0,0,-0.182,0.278,-0.22199999999999998
26867,0.0,0.0,0.0,1000.0,0,0,-0.16199999999999998,0.278,-0.22199999999999998
26868,0.0,0.0,0.0,1000.0,0,0,-0.482,0.29800000000000004,-0.22199999999999998
26869,0.0,0.0,0.0,1000.0,0,0,-0.46199999999999997,0.29800000000000004,-0.22199999999999998
26870,0.0,0.0,0.0,1000.0,0,0,-0.442,0.29800000000000004,-0.22199999999999998
26871,0.0,0.0,0.0,1000.0,0,0,-0.422,0.29800000000000004,-0.22199999999999998
26872,0.0,0.0,0.0,1000.0,0,0,-0.40199999999999997,0.29800000000000004,-0.22199999999999998
26873,0.0,0.0,0.0,1000.0,0,0,-0.382,0.29800000000000004,-0.22199999999999998
26874,0.0,0.0,0.0,1000.0,0,0,-0.362,0.29800000000000004,-0.22199999999999998
26875,0.0,0.0,0.0,1000.0,0,0,-0.34199999999999997,0.29800000000000004,-0.22199999999999998
26876,0.0,0.0,0.0,1000.0,0,0,-0.32199999999999995,0.29800000000000004,-0.22199999999999998
26877,0.0,0.0,0.0,1000.0,0,0,-0.302,0.29800000000000004,-0.22199999999999998
26878,0.0,0.0,0.0,1000.0,0,0,-0.282,0.29800000000000004,-0.22199999999999998
26879,0.0,0.0,0.0,1000.0,0,0,-0.262,0.29800000000000004,-0.22199999999999998
26880,0.0,0.0,0.0,1000.0,0,0,-0.242,0.29800000000000004,-0.22199999999999998
26881,0.0,0.0,0.0,1000.0,0,0,-0.22199999999999998,0.29800000000000004,-0.22199999999999998
26882,0.0,0.0,0.0,1000.0,0,0,-0.20199999999999996,0.29800000000000004,-0.22199999999999998
26883,0.0,0.0,0.0,1000.0,0,0,-0.182,0.29800000000000004,-0.22199999999999998
26884,0.0,0.0,0.0,1000.0,0,0,-0.16199999999999998,0.29800000000000004,-0.22199999999999998
26885,0.0,0.0,0.0,1000.0,0,0,-0.482,0.31800000000000006,-0.22199999999999998
26886,0.0,0.0,0.0,1000.0,0,0,-0.46199999999999997,0.31800000000000006,-0.22199999999999998
26887,0.0,0.0,0.0,1000.0,0,0,-0.442,0.31800000000000006,-0.22199999999999998
26888,0.0,0.0,0.0,1000.0,0,0,-0.422,0.31800000000000006,-0.22199999999999998
26889,0.0,0.0,0.0,1000.0,0,0,-0.40199999999999997,0.31800000000000006,-0.22199999999999998
26890,0.0,0.0,0.0,1000.0,0,0,-0.382,0.31800000000000006,-0.22199999999999998
26891,0.0,0.0,0.0,1000.0,0,0,-0.362,0.31800000000000006,-0.22199999999999998
26892,0.0,0.0,0.0,1000.0,0,0,-0.34199999999999997,0.31800000000000006,-0.22199999999999998
26893,0.0,0.0,0.0,1000.0,0,0,-0.32199999999999995,0.31800000000000006,-0.22199999999999998
26894,0.0,0.0,0.0,1000.0,0,0,-0.302,0.31800000000000006,-0.22199999999999998
26895,0.0,0.0,0.0,1000.0,0,0,-0.282,0.31800000000000006,-0.22199999999999998
26896,0.0,0.0,0.0,1000.0,0,0,-0.262,0.31800000000000006,-0.22199999999999998
26897,0.0,0.0,0.0,1000.0,0,0,-0.242,0.31800000000000006,-0.22199999999999998
26898,0.0,0.0,0.0,1000.0,0,0,-0.22199999999999998,0.31800000000000006,-0.22199999999999998
26899,0.0,0.0,0.0,1000.0,0,0,-0.20199999999999996,0.31800000000000006,-0.22199999999999998
26900,0.0,0.0,0.0,1000.0,0,0,-0.182,0.31800000000000006,-0.22199999999999998
26901,0.0,0.0,0.0,1000.0,0,0,-0.16199999999999998,0.31800000000000006,-0.22199999999999998
26902,0.0,0.0,0.0,1000.0,0,0,-0.482,0.3380000000000001,-0.22199999999999998
26903,0.0,0.0,0.0,1000.0,0,0,-0.46199999999999997,0.3380000000000001,-0.22199999999999998
26904,0.0,0.0,0.0,1000.0,0,0,-0.442,0.3380000000000001,-0.22199999999999998
26905,0.0,0.0,0.0,1000.0,0,0,-0.422,0.3380000000000001,-0.22199999999999998
26906,0.0,0.0,0.0,1000.0,0,0,-0.40199999999999997,0.3380000000000001,-0.22199999999999998
26907,0.0,0.0,0.0,1000.0,0,0,-0.382,0.3380000000000001,-0.22199999999999998
26908,0.0,0.0,0.0,1000.0,0,0,-0.362,0.3380000000000001,-0.22199999999999998
26909,0.0,0.0,0.0,1000.0,0,0,-0.34199999999999997,0.3380000000000001,-0.22199999999999998
26910,0.0,0.0,0.0,1000.0,0,0,-0.32199999999999995,0.3380000000000001,-0.22199999999999998
26911,0.0,0.0,0.0,1000.0,0,0,-0.302,0.3380000000000001,-0.22199999999999998
26912,0.0,0.0,0.0,1000.0,0,0,-0.282,0.3380000000000001,-0.22199999999999998
26913,0.0,0.0,0.0,1000.0,0,0,-0.262,0.3380000000000001,-0.22199999999999998
26914,0.0,0.0,0.0,1000.0,0,0,-0.242,0.3380000000000001,-0.22199999999999998
26915,0.0,0.0,0.0,1000.0,0,0,-0.22199999999999998,0.3380000000000001,-0.22199999999999998
26916,0.0,0.0,0.0,1000.0,0,0,-0.20199999999999996,0.3380000000000001,-0.22199999999999998
26917,0.0,0.0,0.0,1000.0,0,0,-0.182,0.3380000000000001,-0.22199999999999998
26918,0.0,0.0,0.0,1000.0,0,0,-0.16199999999999998,0.3380000000000001,-0.22199999999999998
26919,0.0,0.0,0.0,1000.0,0,0,-0.482,0.358,-0.22199999999999998
26920,0.0,0.0,0.0,1000.0,0,0,-0.46199999999999997,0.358,-0.22199999999999998
26921,0.0,0.0,0.0,1000.0,0,0,-0.442,0.358,-0.22199999999999998
26922,0.0,0.0,0.0,1000.0,0,0,-0.422,0.358,-0.22199999999999998
26923,0.0,0.0,0.0,1000.0,0,0,-0.40199999999999997,0.358,-0.22199999999999998
26924,0.0,0.0,0.0,1000.0,0,0,-0.382,0.358,-0.22199999999999998
26925,0.0,0.0,0.0,1000.0,0,0,-0.362,0.358,-0.22199999999999998
26926,0.0,0.0,0.0,1000.0,0,0,-0.34199999999999997,0.358,-0.22199999999999998
26927,0.0,0.0,0.0,1000.0,0,0,-0.32199999999999995,0.358,-0.22199999999999998
26928,0.0,0.0,0.0,1000.0,0,0,-0.302,0.358,-0.22199999999999998
26929,0.0,0.0,0.0,1000.0,0,0,-0.282,0.358,-0.22199999999999998
26930,0.0,0.0,0.0,1000.0,0,0,-0.262,0.358,-0.22199999999999998
26931,0.0,0.0,0.0,1000.0,0,0,-0.242,0.358,-0.22199999999999998
26932,0.0,0.0,0.0,1000.0,0,0,-0.22199999999999998,0.358,-0.22199999999999998
26933,0.0,0.0,0.0,1000.0,0,0,-0.20199999999999996,0.358,-0.22199999999999998
26934,0.0,0.0,0.0,1000.0,0,0,-0.182,0.358,-0.22199999999999998
26935,0.0,0.0,0.0,1000.0,0,0,-0.16199999999999998,0.358,-0.22199999999999998
26936,0.0,0.0,0.0,1000.0,0,0,-0.482,0.378,-0.22199999999999998
26937,0.0,0.0,0.0,1000.0,0,0,-0.46199999999999997,0.378,-0.22199999999999998
26938,0.0,0.0,0.0,1000.0,0,0,-0.442,0.378,-0.22199999999999998
26939,0.0,0.0,0.0,1000.0,0,0,-0.422,0.378,-0.22199999999999998
26940,0.0,0.0,0.0,1000.0,0,0,-0.40199999999999997,0.378,-0.22199999999999998
26941,0.0,0.0,0.0,1000.0,0,0,-0.382,0.378,-0.22199999999999998
26942,0.0,0.0,0.0,1000.0,0,0,-0.362,0.378,-0.22199999999999998
26943,0.0,0.0,0.0,1000.0,0,0,-0.34199999999999997,0.378,-0.22199999999999998
26944,0.0,0.0,0.0,1000.0,0,0,-0.32199999999999995,0.378,-0.22199999999999998
26945,0.0,0.0,0.0,1000.0,0,0,-0.302,0.378,-0.22199999999999998
26946,0.0,0.0,0.0,1000.0,0,0,-0.282,0.378,-0.22199999999999998
26947,0.0,0.0,0.0,1000.0,0,0,-0.262,0.378,-0.22199999999999998
26948,0.0,0.0,0.0,1000.0,0,0,-0.242,0.378,-0.22199999999999998
26949,0.0,0.0,0.0,1000.0,0,0,-0.22199999999999998,0.378,-0.22199999999999998
26950,0.0,0.0,0.0,1000.0,0,0,-0.20199999999999996,0.378,-0.22199999999999998
26951,0.0,0.0,0.0,1000.0,0,0,-0.182,0.378,-0.22199999999999998
26952,0.0,0.0,0.0,1000.0,0,0,-0.16199999999999998,0.378,-0.22199999999999998
26953,0.0,0.0,0.0,1000.0,0,0,-0.482,0.398,-0.22199999999999998
26954,0.0,0.0,0.0,1000.0,0,0,-0.46199999999999997,0.398,-0.22199999999999998
26955,0.0,0.0,0.0,1000.0,0,0,-0.442,0.398,-0.22199999999999998
26956,0.0,0.0,0.0,1000.0,0,0,-0.422,0.398,-0.22199999999999998
26957,0.0,0.0,0.0,1000.0,0,0,-0.40199999999999997,0.398,-0.22199999999999998
26958,0.0,0.0,0.0,1000.0,0,0,-0.382,0.398,-0.22199999999999998
26959,0.0,0.0,0.0,1000.0,0,0,-0.362,0.398,-0.22199999999999998
26960,0.0,0.0,0.0,1000.0,0,0,-0.34199999999999997,0.398,-0.22199999999999998
26961,0.0,0.0,0.0,1000.0,0,0,-0.32199999999999995,0.398,-0.22199999999999998
26962,0.0,0.0,0.0,1000.0,0,0,-0.302,0.398,-0.22199999999999998
26963,0.0,0.0,0.0,1000.0,0,0,-0.282,0.398,-0.22199999999999998
26964,0.0,0.0,0.0,1000.0,0,0,-0.262,0.398,-0.22199999999999998
26965,0.0,0.0,0.0,1000.0,0,0,-0.242,0.398,-0.22199999999999998
26966,0.0,0.0,0.0,1000.0,0,0,-0.22199999999999998,0.398,-0.22199999999999998
26967,0.0,0.0,0.0,1000.0,0,0,-0.20199999999999996,0.398,-0.22199999999999998
26968,0.0,0.0,0.0,1000.0,0,0,-0.182,0.398,-0.22199999999999998
26969,0.0,0.0,0.0,1000.0,0,0,-0.16199999999999998,0.398,-0.22199999999999998
26970,0.0,0.0,0.0,1000.0,0,0,-0.482,0.41800000000000004,-0.22199999999999998
26971,0.0,0.0,0.0,1000.0,0,0,-0.46199999999999997,0.41800000000000004,-0.22199999999999998
26972,0.0,0.0,0.0,1000.0,0,0,-0.442,0.41800000000000004,-0.22199999999999998
26973,0.0,0.0,0.0,1000.0,0,0,-0.422,0.41800000000000004,-0.22199999999999998
26974,0.0,0.0,0.0,1000.0,0,0,-0.40199999999999997,0.41800000000000004,-0.22199999999999998
26975,0.0,0.0,0.0,1000.0,0,0,-0.382,0.41800000000000004,-0.22199999999999998
26976,0.0,0.0,0.0,1000.0,0,0,-0.362,0.41800000000000004,-0.22199999999999998
26977,0.0,0.0,0.0,1000.0,0,0,-0.34199999999999997,0.41800000000000004,-0.22199999999999998
26978,0.0,0.0,0.0,1000.0,0,0,-0.32199999999999995,0.41800000000000004,-0.22199999999999998
26979,0.0,0.0,0.0,1000.0,0,0,-0.302,0.41800000000000004,-0.22199999999999998
26980,0.0,0.0,0.0,1000.0,0,0,-0.282,0.41800000000000004,-0.22199999999999998
26981,0.0,0.0,0.0,1000.0,0,0,-0.262,0.41800000000000004,-0.22199999999999998
26982,0.0,0.0,0.0,1000.0,0,0,-0.242,0.41800000000000004,-0.22199999999999998
26983,0.0,0.0,0.0,1000.0,0,0,-0.22199999999999998,0.41800000000000004,-0.22199999999999998
26984,0.0,0.0,0.0,1000.0,0,0,-0.20199999999999996,0.41800000000000004,-0.22199999999999998
26985,0.0,0.0,0.0,1000.0,0,0,-0.182,0.41800000000000004,-0.22199999999999998
26986,0.0,0.0,0.0,1000.0,0,0,-0.16199999999999998,0.41800000000000004,-0.22199999999999998
26987,0.0,0.0,0.0,1000.0,0,0,-0.482,0.43800000000000006,-0.22199999999999998
26988,0.0,0.0,0.0,1000.0,0,0,-0.46199999999999997,0.43800000000000006,-0.22199999999999998
26989,0.0,0.0,0.0,1000.0,0,0,-0.442,0.43800000000000006,-0.22199999999999998
26990,0.0,0.0,0.0,1000.0,0,0,-0.422,0.43800000000000006,-0.22199999999999998
26991,0.0,0.0,0.0,1000.0,0,0,-0.40199999999999997,0.43800000000000006,-0.22199999999999998
26992,0.0,0.0,0.0,1000.0,0,0,-0.382,0.43800000000000006,-0.22199999999999998
26993,0.0,0.0,0.0,1000.0,0,0,-0.362,0.43800000000000006,-0.22199999999999998
26994,0.0,0.0,0.0,1000.0,0,0,-0.34199999999999997,0.43800000000000006,-0.22199999999999998
26995,0.0,0.0,0.0,1000.0,0,0,-0.32199999999999995,0.43800000000000006,-0.22199999999999998
26996,0.0,0.0,0.0,1000.0,0,0,-0.302,0.43800000000000006,-0.22199999999999998
26997,0.0,0.0,0.0,1000.0,0,0,-0.282,0.43800000000000006,-0.22199999999999998
26998,0.0,0.0,0.0,1000.0,0,0,-0.262,0.43800000000000006,-0.22199999999999998
26999,0.0,0.0,0.0,1000.0,0,0,-0.242,0.43800000000000006,-0.22199999999999998
27000,0.0,0.0,0.0,1000.0,0,0,-0.22199999999999998,0.43800000000000006,-0.22199999999999998
27001,0.0,0.0,0.0,1000.0,0,0,-0.20199999999999996,0.43800000000000006,-0.22199999999999998
27002,0.0,0.0,0.0,1000.0,0,0,-0.182,0.43800000000000006,-0.22199999999999998
27003,0.0,0.0,0.0,1000.0,0,0,-0.16199999999999998,0.43800000000000006,-0.22199999999999998
27004,0.0,0.0,0.0,1000.0,0,0,-0.482,0.4580000000000001,-0.22199999999999998
27005,0.0,0.0,0.0,1000.0,0,0,-0.46199999999999997,0.4580000000000001,-0.22199999999999998
27006,0.0,0.0,0.0,1000.0,0,0,-0.442,0.4580000000000001,-0.22199999999999998
27007,0.0,0.0,0.0,1000.0,0,0,-0.422,0.4580000000000001,-0.22199999999999998
27008,0.0,0.0,0.0,1000.0,0,0,-0.40199999999999997,0.4580000000000001,-0.22199999999999998
27009,0.0,0.0,0.0,1000.0,0,0,-0.382,0.4580000000000001,-0.22199999999999998
27010,0.0,0.0,0.0,1000.0,0,0,-0.362,0.4580000000000001,-0.22199999999999998
27011,0.0,0.0,0.0,1000.0,0,0,-0.34199999999999997,0.4580000000000001,-0.22199999999999998
27012,0.0,0.0,0.0,1000.0,0,0,-0.32199999999999995,0.4580000000000001,-0.22199999999999998
27013,0.0,0.0,0.0,1000.0,0,0,-0.302,0.4580000000000001,-0.22199999999999998
27014,0.0,0.0,0.0,1000.0,0,0,-0.282,0.4580000000000001,-0.22199999999999998
27015,0.0,0.0,0.0,1000.0,0,0,-0.262,0.4580000000000001,-0.22199999999999998
27016,0.0,0.0,0.0,1000.0,0,0,-0.242,0.4580000000000001,-0.22199999999999998
27017,0.0,0.0,0.0,1000.0,0,0,-0.22199999999999998,0.4580000000000001,-0.22199999999999998
27018,0.0,0.0,0.0,1000.0,0,0,-0.20199999999999996,0.4580000000000001,-0.22199999999999998
27019,0.0,0.0,0.0,1000.0,0,0,-0.182,0.4580000000000001,-0.22199999999999998
27020,0.0,0.0,0.0,1000.0,0,0,-0.16199999999999998,0.4580000000000001,-0.22199999999999998
27021,0.0,0.0,0.0,1000.0,0,0,-0.482,0.478,-0.22199999999999998
27022,0.0,0.0,0.0,1000.0,0,0,-0.46199999999999997,0.478,-0.22199999999999998
27023,0.0,0.0,0.0,1000.0,0,0,-0.442,0.478,-0.22199999999999998
27024,0.0,0.0,0.0,1000.0,0,0,-0.422,0.478,-0.22199999999999998
27025,0.0,0.0,0.0,1000.0,0,0,-0.40199999999999997,0.478,-0.22199999999999998
27026,0.0,0.0,0.0,1000.0,0,0,-0.382,0.478,-0.22199999999999998
27027,0.0,0.0,0.0,1000.0,0,0,-0.362,0.478,-0.22199999999999998
27028,0.0,0.0,0.0,1000.0,0,0,-0.34199999999999997,0.478,-0.22199999999999998
27029,0.0,0.0,0.0,1000.0,0,0,-0.32199999999999995,0.478,-0.22199999999999998
27030,0.0,0.0,0.0,1000.0,0,0,-0.302,0.478,-0.22199999999999998
27031,0.0,0.0,0.0,1000.0,0,0,-0.282,0.478,-0.22199999999999998
27032,0.0,0.0,0.0,1000.0,0,0,-0.262,0.478,-0.22199999999999998
27033,0.0,0.0,0.0,1000.0,0,0,-0.242,0.478,-0.22199999999999998
27034,0.0,0.0,0.0,1000.0,0,0,-0.22199999999999998,0.478,-0.22199999999999998
27035,0.0,0.0,0.0,1000.0,0,0,-0.20199999999999996,0.478,-0.22199999999999998
27036,0.0,0.0,0.0,1000.0,0,0,-0.182,0.478,-0.22199999999999998
27037,0.0,0.0,0.0,1000.0,0,0,-0.16199999999999998,0.478,-0.22199999999999998
27038,0.0,0.0,0.0,1000.0,0,0,-0.482,-0.482,-0.20199999999999996
27039,0.0,0.0,0.0,1000.0,0,0,-0.46199999999999997,-0.482,-0.20199999999999996
27040,0.0,0.0,0.0,1000.0,0,0,-0.442,-0.482,-0.20199999999999996
27041,0.0,0.0,0.0,1000.0,0,0,-0.422,-0.482,-0.20199999999999996
27042,0.0,0.0,0.0,1000.0,0,0,-0.40199999999999997,-0.482,-0.20199999999999996
27043,0.0,0.0,0.0,1000.0,0,0,-0.382,-0.482,-0.20199999999999996
27044,0.0,0.0,0.0,1000.0,0,0,-0.362,-0.482,-0.20199999999999996
27045,0.0,0.0,0.0,1000.0,0,0,-0.34199999999999997,-0.482,-0.20199999999999996
27046,0.0,0.0,0.0,1000.0,0,0,-0.32199999999999995,-0.482,-0.20199999999999996
27047,0.0,0.0,0.0,1000.0,0,0,-0.302,-0.482,-0.20199999999999996
27048,0.0,0.0,0.0,1000.0,0,0,-0.282,-0.482,-0.20199999999999996
27049,0.0,0.0,0.0,1000.0,0,0,-0.262,-0.482,-0.20199999999999996
27050,0.0,0.0,0.0,1000.0,0,0,-0.242,-0.482,-0.20199999999999996
27051,0.0,0.0,0.0,1000.0,0,0,-0.22199999999999998,-0.482,-0.20199999999999996
27052,0.0,0.0,0.0,1000.0,0,0,-0.20199999999999996,-0.482,-0.20199999999999996
27053,0.0,0.0,0.0,1000.0,0,0,-0.182,-0.482,-0.20199999999999996
27054,0.0,0.0,0.0,1000.0,0,0,-0.16199999999999998,-0.482,-0.20199999999999996
27055,0.0,0.0,0.0,1000.0,0,0,-0.482,-0.46199999999999997,-0.20199999999999996
27056,0.0,0.0,0.0,1000.0,0,0,-0.46199999999999997,-0.46199999999999997,-0.20199999999999996
27057,0.0,0.0,0.0,1000.0,0,0,-0.442,-0.46199999999999997,-0.20199999999999996
27058,0.0,0.0,0.0,1000.0,0,0,-0.422,-0.46199999999999997,-0.20199999999999996
27059,0.0,0.0,0.0,1000.0,0,0,-0.40199999999999997,-0.46199999999999997,-0.20199999999999996
27060,0.0,0.0,0.0,1000.0,0,0,-0.382,-0.46199999999999997,-0.20199999999999996
27061,0.0,0.0,0.0,1000.0,0,0,-0.362,-0.46199999999999997,-0.20199999999999996
27062,0.0,0.0,0.0,1000.0,0,0,-0.34199999999999997,-0.46199999999999997,-0.20199999999999996
27063,0.0,0.0,0.0,1000.0,0,0,-0.32199999999999995,-0.46199999999999997,-0.20199999999999996
27064,0.0,0.0,0.0,1000.0,0,0,-0.302,-0.46199999999999997,-0.20199999999999996
27065,0.0,0.0,0.0,1000.0,0,0,-0.282,-0.46199999999999997,-0.20199999999999996
27066,0.0,0.0,0.0,1000.0,0,0,-0.262,-0.46199999999999997,-0.20199999999999996
27067,0.0,0.0,0.0,1000.0,0,0,-0.242,-0.46199999999999997,-0.20199999999999996
27068,0.0,0.0,0.0,1000.0,0,0,-0.22199999999999998,-0.46199999999999997,-0.20199999999999996
27069,0.0,0.0,0.0,1000.0,0,0,-0.20199999999999996,-0.46199999999999997,-0.20199999999999996
27070,0.0,0.0,0.0,1000.0,0,0,-0.182,-0.46199999999999997,-0.20199999999999996
27071,0.0,0.0,0.0,1000.0,0,0,-0.16199999999999998,-0.46199999999999997,-0.20199999999999996
27072,0.0,0.0,0.0,1000.0,0,0,-0.482,-0.442,-0.20199999999999996
27073,0.0,0.0,0.0,1000.0,0,0,-0.46199999999999997,-0.442,-0.20199999999999996
27074,0.0,0.0,0.0,1000.0,0,0,-0.442,-0.442,-0.20199999999999996
27075,0.0,0.0,0.0,1000.0,0,0,-0.422,-0.442,-0.20199999999999996
27076,0.0,0.0,0.0,1000.0,0,0,-0.40199999999999997,-0.442,-0.20199999999999996
27077,0.0,0.0,0.0,1000.0,0,0,-0.382,-0.442,-0.20199999999999996
27078,0.0,0.0,0.0,1000.0,0,0,-0.362,-0.442,-0.20199999999999996
27079,0.0,0.0,0.0,1000.0,0,0,-0.34199999999999997,-0.442,-0.20199999999999996
27080,0.0,0.0,0.0,1000.0,0,0,-0.32199999999999995,-0.442,-0.20199999999999996
27081,0.0,0.0,0.0,1000.0,0,0,-0.302,-0.442,-0.20199999999999996
27082,0.0,0.0,0.0,1000.0,0,0,-0.282,-0.442,-0.20199999999999996
27083,0.0,0.0,0.0,1000.0,0,0,-0.262,-0.442,-0.20199999999999996
27084,0.0,0.0,0.0,1000.0,0,0,-0.242,-0.442,-0.20199999999999996
27085,0.0,0.0,0.0,1000.0,0,0,-0.22199999999999998,-0.442,-0.20199999999999996
27086,0.0,0.0,0.0,1000.0,0,0,-0.20199999999999996,-0.442,-0.20199999999999996
27087,0.0,0.0,0.0,1000.0,0,0,-0.182,-0.442,-0.20199999999999996
27088,0.0,0.0,0.0,1000.0,0,0,-0.16199999999999998,-0.442,-0.20199999999999996
27089,0.0,0.0,0.0,1000.0,0,0,-0.482,-0.422,-0.20199999999999996
27090,0.0,0.0,0.0,1000.0,0,0,-0.46199999999999997,-0.422,-0.20199999999999996
27091,0.0,0.0,0.0,1000.0,0,0,-0.442,-0.422,-0.20199999999999996
27092,0.0,0.0,0.0,1000.0,0,0,-0.422,-0.422,-0.20199999999999996
27093,0.0,0.0,0.0,1000.0,0,0,-0.40199999999999997,-0.422,-0.20199999999999996
27094,0.0,0.0,0.0,1000.0,0,0,-0.382,-0.422,-0.20199999999999996
27095,0.0,0.0,0.0,1000.0,0,0,-0.362,-0.422,-0.20199999999999996
27096,0.0,0.0,0.0,1000.0,0,0,-0.34199999999999997,-0.422,-0.20199999999999996
27097,0.0,0.0,0.0,1000.0,0,0,-0.32199999999999995,-0.422,-0.20199999999999996
27098,0.0,0.0,0.0,1000.0,0,0,-0.302,-0.422,-0.20199999999999996
27099,0.0,0.0,0.0,1000.0,0,0,-0.282,-0.422,-0.20199999999999996
27100,0.0,0.0,0.0,1000.0,0,0,-0.262,-0.422,-0.20199999999999996
27101,0.0,0.0,0.0,1000.0,0,0,-0.242,-0.422,-0.20199999999999996
27102,0.0,0.0,0.0,1000.0,0,0,-0.22199999999999998,-0.422,-0.20199999999999996
27103,0.0,0.0,0.0,1000.0,0,0,-0.20199999999999996,-0.422,-0.20199999999999996
27104,0.0,0.0,0.0,1000.0,0,0,-0.182,-0.422,-0.20199999999999996
27105,0.0,0.0,0.0,1000.0,0,0,-0.16199999999999998,-0.422,-0.20199999999999996
27106,0.0,0.0,0.0,1000.0,0,0,-0.482,-0.40199999999999997,-0.20199999999999996
27107,0.0,0.0,0.0,1000.0,0,0,-0.46199999999999997,-0.40199999999999997,-0.20199999999999996
27108,0.0,0.0,0.0,1000.0,0,0,-0.442,-0.40199999999999997,-0.20199999999999996
27109,0.0,0.0,0.0,1000.0,0,0,-0.422,-0.40199999999999997,-0.20199999999999996
27110,0.0,0.0,0.0,1000.0,0,0,-0.40199999999999997,-0.40199999999999997,-0.20199999999999996
27111,0.0,0.0,0.0,1000.0,0,0,-0.382,-0.40199999999999997,-0.20199999999999996
27112,0.0,0.0,0.0,1000.0,0,0,-0.362,-0.40199999999999997,-0.20199999999999996
27113,0.0,0.0,0.0,1000.0,0,0,-0.34199999999999997,-0.40199999999999997,-0.20199999999999996
27114,0.0,0.0,0.0,1000.0,0,0,-0.32199999999999995,-0.40199999999999997,-0.20199999999999996
27115,0.0,0.0,0.0,1000.0,0,0,-0.302,-0.40199999999999997,-0.20199999999999996
27116,0.0,0.0,0.0,1000.0,0,0,-0.282,-0.40199999999999997,-0.20199999999999996
27117,0.0,0.0,0.0,1000.0,0,0,-0.262,-0.40199999999999997,-0.20199999999999996
27118,0.0,0.0,0.0,1000.0,0,0,-0.242,-0.40199999999999997,-0.20199999999999996
27119,0.0,0.0,0.0,1000.0,0,0,-0.22199999999999998,-0.40199999999999997,-0.20199999999999996
27120,0.0,0.0,0.0,1000.0,0,0,-0.20199999999999996,-0.40199999999999997,-0.20199999999999996
27121,0.0,0.0,0.0,1000.0,0,0,-0.182,-0.40199999999999997,-0.20199999999999996
27122,0.0,0.0,0.0,1000.0,0,0,-0.16199999999999998,-0.40199999999999997,-0.20199999999999996
27123,0.0,0.0,0.0,1000.0,0,0,-0.482,-0.382,-0.20199999999999996
27124,0.0,0.0,0.0,1000.0,0,0,-0.46199999999999997,-0.382,-0.20199999999999996
27125,0.0,0.0,0.0,1000.0,0,0,-0.442,-0.382,-0.20199999999999996
27126,0.0,0.0,0.0,1000.0,0,0,-0.422,-0.382,-0.20199999999999996
27127,0.0,0.0,0.0,1000.0,0,0,-0.40199999999999997,-0.382,-0.20199999999999996
27128,0.0,0.0,0.0,1000.0,0,0,-0.382,-0.382,-0.20199999999999996
27129,0.0,0.0,0.0,1000.0,0,0,-0.362,-0.382,-0.20199999999999996
27130,0.0,0.0,0.0,1000.0,0,0,-0.34199999999999997,-0.382,-0.20199999999999996
27131,0.0,0.0,0.0,1000.0,0,0,-0.32199999999999995,-0.382,-0.20199999999999996
27132,0.0,0.0,0.0,1000.0,0,0,-0.302,-0.382,-0.20199999999999996
27133,0.0,0.0,0.0,1000.0,0,0,-0.282,-0.382,-0.20199999999999996
27134,0.0,0.0,0.0,1000.0,0,0,-0.262,-0.382,-0.20199999999999996
27135,0.0,0.0,0.0,1000.0,0,0,-0.242,-0.382,-0.20199999999999996
27136,0.0,0.0,0.0,1000.0,0,0,-0.22199999999999998,-0.382,-0.20199999999999996
27137,0.0,0.0,0.0,1000.0,0,0,-0.20199999999999996,-0.382,-0.20199999999999996
27138,0.0,0.0,0.0,1000.0,0,0,-0.182,-0.382,-0.20199999999999996
27139,0.0,0.0,0.0,1000.0,0,0,-0.16199999999999998,-0.382,-0.20199999999999996
27140,0.0,0.0,0.0,1000.0,0,0,-0.482,-0.362,-0.20199999999999996
27141,0.0,0.0,0.0,1000.0,0,0,-0.46199999999999997,-0.362,-0.20199999999999996
27142,0.0,0.0,0.0,1000.0,0,0,-0.442,-0.362,-0.20199999999999996
27143,0.0,0.0,0.0,1000.0,0,0,-0.422,-0.362,-0.20199999999999996
27144,0.0,0.0,0.0,1000.0,0,0,-0.40199999999999997,-0.362,-0.20199999999999996
27145,0.0,0.0,0.0,1000.0,0,0,-0.382,-0.362,-0.20199999999999996
27146,0.0,0.0,0.0,1000.0,0,0,-0.362,-0.362,-0.20199999999999996
27147,0.0,0.0,0.0,1000.0,0,0,-0.34199999999999997,-0.362,-0.20199999999999996
27148,0.0,0.0,0.0,1000.0,0,0,-0.32199999999999995,-0.362,-0.20199999999999996
27149,0.0,0.0,0.0,1000.0,0,0,-0.302,-0.362,-0.20199999999999996
27150,0.0,0.0,0.0,1000.0,0,0,-0.282,-0.362,-0.20199999999999996
27151,0.0,0.0,0.0,1000.0,0,0,-0.262,-0.362,-0.20199999999999996
27152,0.0,0.0,0.0,1000.0,0,0,-0.242,-0.362,-0.20199999999999996
27153,0.0,0.0,0.0,1000.0,0,0,-0.22199999999999998,-0.362,-0.20199999999999996
27154,0.0,0.0,0.0,1000.0,0,0,-0.20199999999999996,-0.362,-0.20199999999999996
27155,0.0,0.0,0.0,1000.0,0,0,-0.182,-0.362,-0.20199999999999996
27156,0.0,0.0,0.0,1000.0,0,0,-0.16199999999999998,-0.362,-0.20199999999999996
27157,0.0,0.0,0.0,1000.0,0,0,-0.482,-0.34199999999999997,-0.20199999999999996
27158,0.0,0.0,0.0,1000.0,0,0,-0.46199999999999997,-0.34199999999999997,-0.20199999999999996
27159,0.0,0.0,0.0,1000.0,0,0,-0.442,-0.34199999999999997,-0.20199999999999996
27160,0.0,0.0,0.0,1000.0,0,0,-0.422,-0.34199999999999997,-0.20199999999999996
27161,0.0,0.0,0.0,1000.0,0,0,-0.40199999999999997,-0.34199999999999997,-0.20199999999999996
27162,0.0,0.0,0.0,1000.0,0,0,-0.382,-0.34199999999999997,-0.20199999999999996
27163,0.0,0.0,0.0,1000.0,0,0,-0.362,-0.34199999999999997,-0.20199999999999996
27164,0.0,0.0,0.0,1000.0,0,0,-0.34199999999999997,-0.34199999999999997,-0.20199999999999996
27165,0.0,0.0,0.0,1000.0,0,0,-0.32199999999999995,-0.34199999999999997,-0.20199999999999996
27166,0.0,0.0,0.0,1000.0,0,0,-0.302,-0.34199999999999997,-0.20199999999999996
27167,0.0,0.0,0.0,1000.0,0,0,-0.282,-0.34199999999999997,-0.20199999999999996
27168,0.0,0.0,0.0,1000.0,0,0,-0.262,-0.34199999999999997,-0.20199999999999996
27169,0.0,0.0,0.0,1000.0,0,0,-0.242,-0.34199999999999997,-0.20199999999999996
27170,0.0,0.0,0.0,1000.0,0,0,-0.22199999999999998,-0.34199999999999997,-0.20199999999999996
27171,0.0,0.0,0.0,1000.0,0,0,-0.20199999999999996,-0.34199999999999997,-0.20199999999999996
27172,0.0,0.0,0.0,1000.0,0,0,-0.182,-0.34199999999999997,-0.20199999999999996
27173,0.0,0.0,0.0,1000.0,0,0,-0.16199999999999998,-0.34199999999999997,-0.20199999999999996
27174,0.0,0.0,0.0,1000.0,0,0,-0.482,-0.32199999999999995,-0.20199999999999996
27175,0.0,0.0,0.0,1000.0,0,0,-0.46199999999999997,-0.32199999999999995,-0.20199999999999996
27176,0.0,0.0,0.0,1000.0,0,0,-0.442,-0.32199999999999995,-0.20199999999999996
27177,0.0,0.0,0.0,1000.0,0,0,-0.422,-0.32199999999999995,-0.20199999999999996
27178,0.0,0.0,0.0,1000.0,0,0,-0.40199999999999997,-0.32199999999999995,-0.20199999999999996
27179,0.0,0.0,0.0,1000.0,0,0,-0.382,-0.32199999999999995,-0.20199999999999996
27180,0.0,0.0,0.0,1000.0,0,0,-0.362,-0.32199999999999995,-0.20199999999999996
27181,0.0,0.0,0.0,1000.0,0,0,-0.34199999999999997,-0.32199999999999995,-0.20199999999999996
27182,0.0,0.0,0.0,1000.0,0,0,-0.32199999999999995,-0.32199999999999995,-0.20199999999999996
27183,0.0,0.0,0.0,1000.0,0,0,-0.302,-0.32199999999999995,-0.20199999999999996
27184,0.0,0.0,0.0,1000.0,0,0,-0.282,-0.32199999999999995,-0.20199999999999996
27185,0.0,0.0,0.0,1000.0,0,0,-0.262,-0.32199999999999995,-0.20199999999999996
27186,0.0,0.0,0.0,1000.0,0,0,-0.242,-0.32199999999999995,-0.20199999999999996
27187,0.0,0.0,0.0,1000.0,0,0,-0.22199999999999998,-0.32199999999999995,-0.20199999999999996
27188,0.0,0.0,0.0,1000.0,0,0,-0.20199999999999996,-0.32199999999999995,-0.20199999999999996
27189,0.0,0.0,0.0,1000.0,0,0,-0.182,-0.32199999999999995,-0.20199999999999996
27190,0.0,0.0,0.0,1000.0,0,0,-0.16199999999999998,-0.32199999999999995,-0.20199999999999996
27191,0.0,0.0,0.0,1000.0,0,0,-0.482,-0.302,-0.20199999999999996
27192,0.0,0.0,0.0,1000.0,0,0,-0.46199999999999997,-0.302,-0.20199999999999996
27193,0.0,0.0,0.0,1000.0,0,0,-0.442,-0.302,-0.20199999999999996
27194,0.0,0.0,0.0,1000.0,0,0,-0.422,-0.302,-0.20199999999999996
27195,0.0,0.0,0.0,1000.0,0,0,-0.40199999999999997,-0.302,-0.20199999999999996
27196,0.0,0.0,0.0,1000.0,0,0,-0.382,-0.302,-0.20199999999999996
27197,0.0,0.0,0.0,1000.0,0,0,-0.362,-0.302,-0.20199999999999996
27198,0.0,0.0,0.0,1000.0,0,0,-0.34199999999999997,-0.302,-0.20199999999999996
27199,0.0,0.0,0.0,1000.0,0,0,-0.32199999999999995,-0.302,-0.20199999999999996
27200,0.0,0.0,0.0,1000.0,0,0,-0.302,-0.302,-0.20199999999999996
27201,0.0,0.0,0.0,1000.0,0,0,-0.282,-0.302,-0.20199999999999996
27202,0.0,0.0,0.0,1000.0,0,0,-0.262,-0.302,-0.20199999999999996
27203,0.0,0.0,0.0,1000.0,0,0,-0.242,-0.302,-0.20199999999999996
27204,0.0,0.0,0.0,1000.0,0,0,-0.22199999999999998,-0.302,-0.20199999999999996
27205,0.0,0.0,0.0,1000.0,0,0,-0.20199999999999996,-0.302,-0.20199999999999996
27206,0.0,0.0,0.0,1000.0,0,0,-0.182,-0.302,-0.20199999999999996
27207,0.0,0.0,0.0,1000.0,0,0,-0.16199999999999998,-0.302,-0.20199999999999996
27208,0.0,0.0,0.0,1000.0,0,0,-0.482,-0.282,-0.20199999999999996
27209,0.0,0.0,0.0,1000.0,0,0,-0.46199999999999997,-0.282,-0.20199999999999996
27210,0.0,0.0,0.0,1000.0,0,0,-0.442,-0.282,-0.20199999999999996
27211,0.0,0.0,0.0,1000.0,0,0,-0.422,-0.282,-0.20199999999999996
27212,0.0,0.0,0.0,1000.0,0,0,-0.40199999999999997,-0.282,-0.20199999999999996
27213,0.0,0.0,0.0,1000.0,0,0,-0.382,-0.282,-0.20199999999999996
27214,0.0,0.0,0.0,1000.0,0,0,-0.362,-0.282,-0.20199999999999996
27215,0.0,0.0,0.0,1000.0,0,0,-0.34199999999999997,-0.282,-0.20199999999999996
27216,0.0,0.0,0.0,1000.0,0,0,-0.32199999999999995,-0.282,-0.20199999999999996
27217,0.0,0.0,0.0,1000.0,0,0,-0.302,-0.282,-0.20199999999999996
27218,0.0,0.0,0.0,1000.0,0,0,-0.282,-0.282,-0.20199999999999996
27219,0.0,0.0,0.0,1000.0,0,0,-0.262,-0.282,-0.20199999999999996
27220,0.0,0.0,0.0,1000.0,0,0,-0.242,-0.282,-0.20199999999999996
27221,0.0,0.0,0.0,1000.0,0,0,-0.22199999999999998,-0.282,-0.20199999999999996
27222,0.0,0.0,0.0,1000.0,0,0,-0.20199999999999996,-0.282,-0.20199999999999996
27223,0.0,0.0,0.0,1000.0,0,0,-0.182,-0.282,-0.20199999999999996
27224,0.0,0.0,0.0,1000.0,0,0,-0.16199999999999998,-0.282,-0.20199999999999996
27225,0.0,0.0,0.0,1000.0,0,0,-0.482,-0.262,-0.20199999999999996
27226,0.0,0.0,0.0,1000.0,0,0,-0.46199999999999997,-0.262,-0.20199999999999996
27227,0.0,0.0,0.0,1000.0,0,0,-0.442,-0.262,-0.20199999999999996
27228,0.0,0.0,0.0,1000.0,0,0,-0.422,-0.262,-0.20199999999999996
27229,0.0,0.0,0.0,1000.0,0,0,-0.40199999999999997,-0.262,-0.20199999999999996
27230,0.0,0.0,0.0,1000.0,0,0,-0.382,-0.262,-0.20199999999999996
27231,0.0,0.0,0.0,1000.0,0,0,-0.362,-0.262,-0.20199999999999996
27232,0.0,0.0,0.0,1000.0,0,0,-0.34199999999999997,-0.262,-0.20199999999999996
27233,0.0,0.0,0.0,1000.0,0,0,-0.32199999999999995,-0.262,-0.20199999999999996
27234,0.0,0.0,0.0,1000.0,0,0,-0.302,-0.262,-0.20199999999999996
27235,0.0,0.0,0.0,1000.0,0,0,-0.282,-0.262,-0.20199999999999996
27236,0.0,0.0,0.0,1000.0,0,0,-0.262,-0.262,-0.20199999999999996
27237,0.0,0.0,0.0,1000.0,0,0,-0.242,-0.262,-0.20199999999999996
27238,0.0,0.0,0.0,1000.0,0,0,-0.22199999999999998,-0.262,-0.20199999999999996
27239,0.0,0.0,0.0,1000.0,0,0,-0.20199999999999996,-0.262,-0.20199999999999996
27240,0.0,0.0,0.0,1000.0,0,0,-0.182,-0.262,-0.20199999999999996
27241,0.0,0.0,0.0,1000.0,0,0,-0.16199999999999998,-0.262,-0.20199999999999996
27242,0.0,0.0,0.0,1000.0,0,0,-0.482,-0.242,-0.20199999999999996
27243,0.0,0.0,0.0,1000.0,0,0,-0.46199999999999997,-0.242,-0.20199999999999996
27244,0.0,0.0,0.0,1000.0,0,0,-0.442,-0.242,-0.20199999999999996
27245,0.0,0.0,0.0,1000.0,0,0,-0.422,-0.242,-0.20199999999999996
27246,0.0,0.0,0.0,1000.0,0,0,-0.40199999999999997,-0.242,-0.20199999999999996
27247,0.0,0.0,0.0,1000.0,0,0,-0.382,-0.242,-0.20199999999999996
27248,0.0,0.0,0.0,1000.0,0,0,-0.362,-0.242,-0.20199999999999996
27249,0.0,0.0,0.0,1000.0,0,0,-0.34199999999999997,-0.242,-0.20199999999999996
27250,0.0,0.0,0.0,1000.0,0,0,-0.32199999999999995,-0.242,-0.20199999999999996
27251,0.0,0.0,0.0,1000.0,0,0,-0.302,-0.242,-0.20199999999999996
27252,0.0,0.0,0.0,1000.0,0,0,-0.282,-0.242,-0.20199999999999996
27253,0.0,0.0,0.0,1000.0,0,0,-0.262,-0.242,-0.20199999999999996
27254,0.0,0.0,0.0,1000.0,0,0,-0.242,-0.242,-0.20199999999999996
27255,0.0,0.0,0.0,1000.0,0,0,-0.22199999999999998,-0.242,-0.20199999999999996
27256,0.0,0.0,0.0,1000.0,0,0,-0.20199999999999996,-0.242,-0.20199999999999996
27257,0.0,0.0,0.0,1000.0,0,0,-0.182,-0.242,-0.20199999999999996
27258,0.0,0.0,0.0,1000.0,0,0,-0.16199999999999998,-0.242,-0.20199999999999996
27259,0.0,0.0,0.0,1000.0,0,0,-0.482,-0.22199999999999998,-0.20199999999999996
27260,0.0,0.0,0.0,1000.0,0,0,-0.46199999999999997,-0.22199999999999998,-0.20199999999999996
27261,0.0,0.0,0.0,1000.0,0,0,-0.442,-0.22199999999999998,-0.20199999999999996
27262,0.0,0.0,0.0,1000.0,0,0,-0.422,-0.22199999999999998,-0.20199999999999996
27263,0.0,0.0,0.0,1000.0,0,0,-0.40199999999999997,-0.22199999999999998,-0.20199999999999996
27264,0.0,0.0,0.0,1000.0,0,0,-0.382,-0.22199999999999998,-0.20199999999999996
27265,0.0,0.0,0.0,1000.0,0,0,-0.362,-0.22199999999999998,-0.20199999999999996
27266,0.0,0.0,0.0,1000.0,0,0,-0.34199999999999997,-0.22199999999999998,-0.20199999999999996
27267,0.0,0.0,0.0,1000.0,0,0,-0.32199999999999995,-0.22199999999999998,-0.20199999999999996
27268,0.0,0.0,0.0,1000.0,0,0,-0.302,-0.22199999999999998,-0.20199999999999996
27269,0.0,0.0,0.0,1000.0,0,0,-0.282,-0.22199999999999998,-0.20199999999999996
27270,0.0,0.0,0.0,1000.0,0,0,-0.262,-0.22199999999999998,-0.20199999999999996
27271,0.0,0.0,0.0,1000.0,0,0,-0.242,-0.22199999999999998,-0.20199999999999996
27272,0.0,0.0,0.0,1000.0,0,0,-0.22199999999999998,-0.22199999999999998,-0.20199999999999996
27273,0.0,0.0,0.0,1000.0,0,0,-0.20199999999999996,-0.22199999999999998,-0.20199999999999996
27274,0.0,0.0,0.0,1000.0,0,0,-0.182,-0.22199999999999998,-0.20199999999999996
27275,0.0,0.0,0.0,1000.0,0,0,-0.16199999999999998,-0.22199999999999998,-0.20199999999999996
27276,0.0,0.0,0.0,1000.0,0,0,-0.482,-0.20199999999999996,-0.20199999999999996
27277,0.0,0.0,0.0,1000.0,0,0,-0.46199999999999997,-0.20199999999999996,-0.20199999999999996
27278,0.0,0.0,0.0,1000.0,0,0,-0.442,-0.20199999999999996,-0.20199999999999996
27279,0.0,0.0,0.0,1000.0,0,0,-0.422,-0.20199999999999996,-0.20199999999999996
27280,0.0,0.0,0.0,1000.0,0,0,-0.40199999999999997,-0.20199999999999996,-0.20199999999999996
27281,0.0,0.0,0.0,1000.0,0,0,-0.382,-0.20199999999999996,-0.20199999999999996
27282,0.0,0.0,0.0,1000.0,0,0,-0.362,-0.20199999999999996,-0.20199999999999996
27283,0.0,0.0,0.0,1000.0,0,0,-0.34199999999999997,-0.20199999999999996,-0.20199999999999996
27284,0.0,0.0,0.0,1000.0,0,0,-0.32199999999999995,-0.20199999999999996,-0.20199999999999996
27285,0.0,0.0,0.0,1000.0,0,0,-0.302,-0.20199999999999996,-0.20199999999999996
27286,0.0,0.0,0.0,1000.0,0,0,-0.282,-0.20199999999999996,-0.20199999999999996
27287,0.0,0.0,0.0,1000.0,0,0,-0.262,-0.20199999999999996,-0.20199999999999996
27288,0.0,0.0,0.0,1000.0,0,0,-0.242,-0.20199999999999996,-0.20199999999999996
27289,0.0,0.0,0.0,1000.0,0,0,-0.22199999999999998,-0.20199999999999996,-0.20199999999999996
27290,0.0,0.0,0.0,1000.0,0,0,-0.20199999999999996,-0.20199999999999996,-0.20199999999999996
27291,0.0,0.0,0.0,1000.0,0,0,-0.182,-0.20199999999999996,-0.20199999999999996
27292,0.0,0.0,0.0,1000.0,0,0,-0.16199999999999998,-0.20199999999999996,-0.20199999999999996
27293,0.0,0.0,0.0,1000.0,0,0,-0.482,-0.182,-0.20199999999999996
27294,0.0,0.0,0.0,1000.0,0,0,-0.46199999999999997,-0.182,-0.20199999999999996
27295,0.0,0.0,0.0,1000.0,0,0,-0.442,-0.182,-0.20199999999999996
27296,0.0,0.0,0.0,1000.0,0,0,-0.422,-0.182,-0.20199999999999996
27297,0.0,0.0,0.0,1000.0,0,0,-0.40199999999999997,-0.182,-0.20199999999999996
27298,0.0,0.0,0.0,1000.0,0,0,-0.382,-0.182,-0.20199999999999996
27299,0.0,0.0,0.0,1000.0,0,0,-0.362,-0.182,-0.20199999999999996
27300,0.0,0.0,0.0,1000.0,0,0,-0.34199999999999997,-0.182,-0.20199999999999996
27301,0.0,0.0,0.0,1000.0,0,0,-0.32199999999999995,-0.182,-0.20199999999999996
27302,0.0,0.0,0.0,1000.0,0,0,-0.302,-0.182,-0.20199999999999996
27303,0.0,0.0,0.0,1000.0,0,0,-0.282,-0.182,-0.20199999999999996
27304,0.0,0.0,0.0,1000.0,0,0,-0.262,-0.182,-0.20199999999999996
27305,0.0,0.0,0.0,1000.0,0,0,-0.242,-0.182,-0.20199999999999996
27306,0.0,0.0,0.0,1000.0,0,0,-0.22199999999999998,-0.182,-0.20199999999999996
27307,0.0,0.0,0.0,1000.0,0,0,-0.20199999999999996,-0.182,-0.20199999999999996
27308,0.0,0.0,0.0,1000.0,0,0,-0.182,-0.182,-0.20199999999999996
27309,0.0,0.0,0.0,1000.0,0,0,-0.16199999999999998,-0.182,-0.20199999999999996
27310,0.0,0.0,0.0,1000.0,0,0,-0.482,-0.16199999999999998,-0.20199999999999996
27311,0.0,0.0,0.0,1000.0,0,0,-0.46199999999999997,-0.16199999999999998,-0.20199999999999996
27312,0.0,0.0,0.0,1000.0,0,0,-0.442,-0.16199999999999998,-0.20199999999999996
27313,0.0,0.0,0.0,1000.0,0,0,-0.422,-0.16199999999999998,-0.20199999999999996
27314,0.0,0.0,0.0,1000.0,0,0,-0.40199999999999997,-0.16199999999999998,-0.20199999999999996
27315,0.0,0.0,0.0,1000.0,0,0,-0.382,-0.16199999999999998,-0.20199999999999996
27316,0.0,0.0,0.0,1000.0,0,0,-0.362,-0.16199999999999998,-0.20199999999999996
27317,0.0,0.0,0.0,1000.0,0,0,-0.34199999999999997,-0.16199999999999998,-0.20199999999999996
27318,0.0,0.0,0.0,1000.0,0,0,-0.32199999999999995,-0.16199999999999998,-0.20199999999999996
27319,0.0,0.0,0.0,1000.0,0,0,-0.302,-0.16199999999999998,-0.20199999999999996
27320,0.0,0.0,0.0,1000.0,0,0,-0.282,-0.16199999999999998,-0.20199999999999996
27321,0.0,0.0,0.0,1000.0,0,0,-0.262,-0.16199999999999998,-0.20199999999999996
27322,0.0,0.0,0.0,1000.0,0,0,-0.242,-0.16199999999999998,-0.20199999999999996
27323,0.0,0.0,0.0,1000.0,0,0,-0.22199999999999998,-0.16199999999999998,-0.20199999999999996
27324,0.0,0.0,0.0,1000.0,0,0,-0.20199999999999996,-0.16199999999999998,-0.20199999999999996
27325,0.0,0.0,0.0,1000.0,0,0,-0.182,-0.16199999999999998,-0.20199999999999996
27326,0.0,0.0,0.0,1000.0,0,0,-0.16199999999999998,-0.16199999999999998,-0.20199999999999996
27327,0.0,0.0,0.0,1000.0,0,0,-0.482,-0.14199999999999996,-0.20199999999999996
27328,0.0,0.0,0.0,1000.0,0,0,-0.46199999999999997,-0.14199999999999996,-0.20199999999999996
27329,0.0,0.0,0.0,1000.0,0,0,-0.442,-0.14199999999999996,-0.20199999999999996
27330,0.0,0.0,0.0,1000.0,0,0,-0.422,-0.14199999999999996,-0.20199999999999996
27331,0.0,0.0,0.0,1000.0,0,0,-0.40199999999999997,-0.14199999999999996,-0.20199999999999996
27332,0.0,0.0,0.0,1000.0,0,0,-0.382,-0.14199999999999996,-0.20199999999999996
27333,0.0,0.0,0.0,1000.0,0,0,-0.362,-0.14199999999999996,-0.20199999999999996
27334,0.0,0.0,0.0,1000.0,0,0,-0.34199999999999997,-0.14199999999999996,-0.20199999999999996
27335,0.0,0.0,0.0,1000.0,0,0,-0.32199999999999995,-0.14199999999999996,-0.20199999999999996
27336,0.0,0.0,0.0,1000.0,0,0,-0.302,-0.14199999999999996,-0.20199999999999996
27337,0.0,0.0,0.0,1000.0,0,0,-0.282,-0.14199999999999996,-0.20199999999999996
27338,0.0,0.0,0.0,1000.0,0,0,-0.262,-0.14199999999999996,-0.20199999999999996
27339,0.0,0.0,0.0,1000.0,0,0,-0.242,-0.14199999999999996,-0.20199999999999996
27340,0.0,0.0,0.0,1000.0,0,0,-0.22199999999999998,-0.14199999999999996,-0.20199999999999996
27341,0.0,0.0,0.0,1000.0,0,0,-0.20199999999999996,-0.14199999999999996,-0.20199999999999996
27342,0.0,0.0,0.0,1000.0,0,0,-0.182,-0.14199999999999996,-0.20199999999999996
27343,0.0,0.0,0.0,1000.0,0,0,-0.16199999999999998,-0.14199999999999996,-0.20199999999999996
27344,0.0,0.0,0.0,1000.0,0,0,-0.482,-0.122,-0.20199999999999996
27345,0.0,0.0,0.0,1000.0,0,0,-0.46199999999999997,-0.122,-0.20199999999999996
27346,0.0,0.0,0.0,1000.0,0,0,-0.442,-0.122,-0.20199999999999996
27347,0.0,0.0,0.0,1000.0,0,0,-0.422,-0.122,-0.20199999999999996
27348,0.0,0.0,0.0,1000.0,0,0,-0.40199999999999997,-0.122,-0.20199999999999996
27349,0.0,0.0,0.0,1000.0,0,0,-0.382,-0.122,-0.20199999999999996
27350,0.0,0.0,0.0,1000.0,0,0,-0.362,-0.122,-0.20199999999999996
27351,0.0,0.0,0.0,1000.0,0,0,-0.34199999999999997,-0.122,-0.20199999999999996
27352,0.0,0.0,0.0,1000.0,0,0,-0.32199999999999995,-0.122,-0.20199999999999996
27353,0.0,0.0,0.0,1000.0,0,0,-0.302,-0.122,-0.20199999999999996
27354,0.0,0.0,0.0,1000.0,0,0,-0.282,-0.122,-0.20199999999999996
27355,0.0,0.0,0.0,1000.0,0,0,-0.262,-0.122,-0.20199999999999996
27356,0.0,0.0,0.0,1000.0,0,0,-0.242,-0.122,-0.20199999999999996
27357,0.0,0.0,0.0,1000.0,0,0,-0.22199999999999998,-0.122,-0.20199999999999996
27358,0.0,0.0,0.0,1000.0,0,0,-0.20199999999999996,-0.122,-0.20199999999999996
27359,0.0,0.0,0.0,1000.0,0,0,-0.182,-0.122,-0.20199999999999996
27360,0.0,0.0,0.0,1000.0,0,0,-0.16199999999999998,-0.122,-0.20199999999999996
27361,0.0,0.0,0.0,1000.0,0,0,-0.482,-0.10199999999999998,-0.20199999999999996
27362,0.0,0.0,0.0,1000.0,0,0,-0.46199999999999997,-0.10199999999999998,-0.20199999999999996
27363,0.0,0.0,0.0,1000.0,0,0,-0.442,-0.10199999999999998,-0.20199999999999996
27364,0.0,0.0,0.0,1000.0,0,0,-0.422,-0.10199999999999998,-0.20199999999999996
27365,0.0,0.0,0.0,1000.0,0,0,-0.40199999999999997,-0.10199999999999998,-0.20199999999999996
27366,0.0,0.0,0.0,1000.0,0,0,-0.382,-0.10199999999999998,-0.20199999999999996
27367,0.0,0.0,0.0,1000.0,0,0,-0.362,-0.10199999999999998,-0.20199999999999996
27368,0.0,0.0,0.0,1000.0,0,0,-0.34199999999999997,-0.10199999999999998,-0.20199999999999996
27369,0.0,0.0,0.0,1000.0,0,0,-0.32199999999999995,-0.10199999999999998,-0.20199999999999996
27370,0.0,0.0,0.0,1000.0,0,0,-0.302,-0.10199999999999998,-0.20199999999999996
27371,0.0,0.0,0.0,1000.0,0,0,-0.282,-0.10199999999999998,-0.20199999999999996
27372,0.0,0.0,0.0,1000.0,0,0,-0.262,-0.10199999999999998,-0.20199999999999996
27373,0.0,0.0,0.0,1000.0,0,0,-0.242,-0.10199999999999998,-0.20199999999999996
27374,0.0,0.0,0.0,1000.0,0,0,-0.22199999999999998,-0.10199999999999998,-0.20199999999999996
27375,0.0,0.0,0.0,1000.0,0,0,-0.20199999999999996,-0.10199999999999998,-0.20199999999999996
27376,0.0,0.0,0.0,1000.0,0,0,-0.182,-0.10199999999999998,-0.20199999999999996
27377,0.0,0.0,0.0,1000.0,0,0,-0.16199999999999998,-0.10199999999999998,-0.20199999999999996
27378,0.0,0.0,0.0,1000.0,0,0,-0.482,-0.08199999999999996,-0.20199999999999996
27379,0.0,0.0,0.0,1000.0,0,0,-0.46199999999999997,-0.08199999999999996,-0.20199999999999996
27380,0.0,0.0,0.0,1000.0,0,0,-0.442,-0.08199999999999996,-0.20199999999999996
27381,0.0,0.0,0.0,1000.0,0,0,-0.422,-0.08199999999999996,-0.20199999999999996
27382,0.0,0.0,0.0,1000.0,0,0,-0.40199999999999997,-0.08199999999999996,-0.20199999999999996
27383,0.0,0.0,0.0,1000.0,0,0,-0.382,-0.08199999999999996,-0.20199999999999996
27384,0.0,0.0,0.0,1000.0,0,0,-0.362,-0.08199999999999996,-0.20199999999999996
27385,0.0,0.0,0.0,1000.0,0,0,-0.34199999999999997,-0.08199999999999996,-0.20199999999999996
27386,0.0,0.0,0.0,1000.0,0,0,-0.32199999999999995,-0.08199999999999996,-0.20199999999999996
27387,0.0,0.0,0.0,1000.0,0,0,-0.302,-0.08199999999999996,-0.20199999999999996
27388,0.0,0.0,0.0,1000.0,0,0,-0.282,-0.08199999999999996,-0.20199999999999996
27389,0.0,0.0,0.0,1000.0,0,0,-0.262,-0.08199999999999996,-0.20199999999999996
27390,0.0,0.0,0.0,1000.0,0,0,-0.242,-0.08199999999999996,-0.20199999999999996
27391,0.0,0.0,0.0,1000.0,0,0,-0.22199999999999998,-0.08199999999999996,-0.20199999999999996
27392,0.0,0.0,0.0,1000.0,0,0,-0.20199999999999996,-0.08199999999999996,-0.20199999999999996
27393,0.0,0.0,0.0,1000.0,0,0,-0.182,-0.08199999999999996,-0.20199999999999996
27394,0.0,0.0,0.0,1000.0,0,0,-0.16199999999999998,-0.08199999999999996,-0.20199999999999996
27395,0.0,0.0,0.0,1000.0,0,0,-0.482,-0.062,-0.20199999999999996
27396,0.0,0.0,0.0,1000.0,0,0,-0.46199999999999997,-0.062,-0.20199999999999996
27397,0.0,0.0,0.0,1000.0,0,0,-0.442,-0.062,-0.20199999999999996
27398,0.0,0.0,0.0,1000.0,0,0,-0.422,-0.062,-0.20199999999999996
27399,0.0,0.0,0.0,1000.0,0,0,-0.40199999999999997,-0.062,-0.20199999999999996
27400,0.0,0.0,0.0,1000.0,0,0,-0.382,-0.062,-0.20199999999999996
27401,0.0,0.0,0.0,1000.0,0,0,-0.362,-0.062,-0.20199999999999996
27402,0.0,0.0,0.0,1000.0,0,0,-0.34199999999999997,-0.062,-0.20199999999999996
27403,0.0,0.0,0.0,1000.0,0,0,-0.32199999999999995,-0.062,-0.20199999999999996
27404,0.0,0.0,0.0,1000.0,0,0,-0.302,-0.062,-0.20199999999999996
27405,0.0,0.0,0.0,1000.0,0,0,-0.282,-0.062,-0.20199999999999996
27406,0.0,0.0,0.0,1000.0,0,0,-0.262,-0.062,-0.20199999999999996
27407,0.0,0.0,0.0,1000.0,0,0,-0.242,-0.062,-0.20199999999999996
27408,0.0,0.0,0.0,1000.0,0,0,-0.22199999999999998,-0.062,-0.20199999999999996
27409,0.0,0.0,0.0,1000.0,0,0,-0.20199999999999996,-0.062,-0.20199999999999996
27410,0.0,0.0,0.0,1000.0,0,0,-0.182,-0.062,-0.20199999999999996
27411,0.0,0.0,0.0,1000.0,0,0,-0.16199999999999998,-0.062,-0.20199999999999996
27412,0.0,0.0,0.0,1000.0,0,0,-0.482,-0.04199999999999998,-0.20199999999999996
27413,0.0,0.0,0.0,1000.0,0,0,-0.46199999999999997,-0.04199999999999998,-0.20199999999999996
27414,0.0,0.0,0.0,1000.0,0,0,-0.442,-0.04199999999999998,-0.20199999999999996
27415,0.0,0.0,0.0,1000.0,0,0,-0.422,-0.04199999999999998,-0.20199999999999996
27416,0.0,0.0,0.0,1000.0,0,0,-0.40199999999999997,-0.04199999999999998,-0.20199999999999996
27417,0.0,0.0,0.0,1000.0,0,0,-0.382,-0.04199999999999998,-0.20199999999999996
27418,0.0,0.0,0.0,1000.0,0,0,-0.362,-0.04199999999999998,-0.20199999999999996
27419,0.0,0.0,0.0,1000.0,0,0,-0.34199999999999997,-0.04199999999999998,-0.20199999999999996
27420,0.0,0.0,0.0,1000.0,0,0,-0.32199999999999995,-0.04199999999999998,-0.20199999999999996
27421,0.0,0.0,0.0,1000.0,0,0,-0.302,-0.04199999999999998,-0.20199999999999996
27422,0.0,0.0,0.0,1000.0,0,0,-0.282,-0.04199999999999998,-0.20199999999999996
27423,0.0,0.0,0.0,1000.0,0,0,-0.262,-0.04199999999999998,-0.20199999999999996
27424,0.0,0.0,0.0,1000.0,0,0,-0.242,-0.04199999999999998,-0.20199999999999996
27425,0.0,0.0,0.0,1000.0,0,0,-0.22199999999999998,-0.04199999999999998,-0.20199999999999996
27426,0.0,0.0,0.0,1000.0,0,0,-0.20199999999999996,-0.04199999999999998,-0.20199999999999996
27427,0.0,0.0,0.0,1000.0,0,0,-0.182,-0.04199999999999998,-0.20199999999999996
27428,0.0,0.0,0.0,1000.0,0,0,-0.16199999999999998,-0.04199999999999998,-0.20199999999999996
27429,0.0,0.0,0.0,1000.0,0,0,-0.482,-0.021999999999999964,-0.20199999999999996
27430,0.0,0.0,0.0,1000.0,0,0,-0.46199999999999997,-0.021999999999999964,-0.20199999999999996
27431,0.0,0.0,0.0,1000.0,0,0,-0.442,-0.021999999999999964,-0.20199999999999996
27432,0.0,0.0,0.0,1000.0,0,0,-0.422,-0.021999999999999964,-0.20199999999999996
27433,0.0,0.0,0.0,1000.0,0,0,-0.40199999999999997,-0.021999999999999964,-0.20199999999999996
27434,0.0,0.0,0.0,1000.0,0,0,-0.382,-0.021999999999999964,-0.20199999999999996
27435,0.0,0.0,0.0,1000.0,0,0,-0.362,-0.021999999999999964,-0.20199999999999996
27436,0.0,0.0,0.0,1000.0,0,0,-0.34199999999999997,-0.021999999999999964,-0.20199999999999996
27437,0.0,0.0,0.0,1000.0,0,0,-0.32199999999999995,-0.021999999999999964,-0.20199999999999996
27438,0.0,0.0,0.0,1000.0,0,0,-0.302,-0.021999999999999964,-0.20199999999999996
27439,0.0,0.0,0.0,1000.0,0,0,-0.282,-0.021999999999999964,-0.20199999999999996
27440,0.0,0.0,0.0,1000.0,0,0,-0.262,-0.021999999999999964,-0.20199999999999996
27441,0.0,0.0,0.0,1000.0,0,0,-0.242,-0.021999999999999964,-0.20199999999999996
27442,0.0,0.0,0.0,1000.0,0,0,-0.22199999999999998,-0.021999999999999964,-0.20199999999999996
27443,0.0,0.0,0.0,1000.0,0,0,-0.20199999999999996,-0.021999999999999964,-0.20199999999999996
27444,0.0,0.0,0.0,1000.0,0,0,-0.182,-0.021999999999999964,-0.20199999999999996
27445,0.0,0.0,0.0,1000.0,0,0,-0.16199999999999998,-0.021999999999999964,-0.20199999999999996
27446,0.0,0.0,0.0,1000.0,0,0,-0.482,-0.0020000000000000018,-0.20199999999999996
27447,0.0,0.0,0.0,1000.0,0,0,-0.46199999999999997,-0.0020000000000000018,-0.20199999999999996
27448,0.0,0.0,0.0,1000.0,0,0,-0.442,-0.0020000000000000018,-0.20199999999999996
27449,0.0,0.0,0.0,1000.0,0,0,-0.422,-0.0020000000000000018,-0.20199999999999996
27450,0.0,0.0,0.0,1000.0,0,0,-0.40199999999999997,-0.0020000000000000018,-0.20199999999999996
27451,0.0,0.0,0.0,1000.0,0,0,-0.382,-0.0020000000000000018,-0.20199999999999996
27452,0.0,0.0,0.0,1000.0,0,0,-0.362,-0.0020000000000000018,-0.20199999999999996
27453,0.0,0.0,0.0,1000.0,0,0,-0.34199999999999997,-0.0020000000000000018,-0.20199999999999996
27454,0.0,0.0,0.0,1000.0,0,0,-0.32199999999999995,-0.0020000000000000018,-0.20199999999999996
27455,0.0,0.0,0.0,1000.0,0,0,-0.302,-0.0020000000000000018,-0.20199999999999996
27456,0.0,0.0,0.0,1000.0,0,0,-0.282,-0.0020000000000000018,-0.20199999999999996
27457,0.0,0.0,0.0,1000.0,0,0,-0.262,-0.0020000000000000018,-0.20199999999999996
27458,0.0,0.0,0.0,1000.0,0,0,-0.242,-0.0020000000000000018,-0.20199999999999996
27459,0.0,0.0,0.0,1000.0,0,0,-0.22199999999999998,-0.0020000000000000018,-0.20199999999999996
27460,0.0,0.0,0.0,1000.0,0,0,-0.20199999999999996,-0.0020000000000000018,-0.20199999999999996
27461,0.0,0.0,0.0,1000.0,0,0,-0.182,-0.0020000000000000018,-0.20199999999999996
27462,0.0,0.0,0.0,1000.0,0,0,-0.16199999999999998,-0.0020000000000000018,-0.20199999999999996
27463,0.0,0.0,0.0,1000.0,0,0,-0.482,0.018000000000000016,-0.20199999999999996
27464,0.0,0.0,0.0,1000.0,0,0,-0.46199999999999997,0.018000000000000016,-0.20199999999999996
27465,0.0,0.0,0.0,1000.0,0,0,-0.442,0.018000000000000016,-0.20199999999999996
27466,0.0,0.0,0.0,1000.0,0,0,-0.422,0.018000000000000016,-0.20199999999999996
27467,0.0,0.0,0.0,1000.0,0,0,-0.40199999999999997,0.018000000000000016,-0.20199999999999996
27468,0.0,0.0,0.0,1000.0,0,0,-0.382,0.018000000000000016,-0.20199999999999996
27469,0.0,0.0,0.0,1000.0,0,0,-0.362,0.018000000000000016,-0.20199999999999996
27470,0.0,0.0,0.0,1000.0,0,0,-0.34199999999999997,0.018000000000000016,-0.20199999999999996
27471,0.0,0.0,0.0,1000.0,0,0,-0.32199999999999995,0.018000000000000016,-0.20199999999999996
27472,0.0,0.0,0.0,1000.0,0,0,-0.302,0.018000000000000016,-0.20199999999999996
27473,0.0,0.0,0.0,1000.0,0,0,-0.282,0.018000000000000016,-0.20199999999999996
27474,0.0,0.0,0.0,1000.0,0,0,-0.262,0.018000000000000016,-0.20199999999999996
27475,0.0,0.0,0.0,1000.0,0,0,-0.242,0.018000000000000016,-0.20199999999999996
27476,0.0,0.0,0.0,1000.0,0,0,-0.22199999999999998,0.018000000000000016,-0.20199999999999996
27477,0.0,0.0,0.0,1000.0,0,0,-0.20199999999999996,0.018000000000000016,-0.20199999999999996
27478,0.0,0.0,0.0,1000.0,0,0,-0.182,0.018000000000000016,-0.20199999999999996
27479,0.0,0.0,0.0,1000.0,0,0,-0.16199999999999998,0.018000000000000016,-0.20199999999999996
27480,0.0,0.0,0.0,1000.0,0,0,-0.482,0.038000000000000034,-0.20199999999999996
27481,0.0,0.0,0.0,1000.0,0,0,-0.46199999999999997,0.038000000000000034,-0.20199999999999996
27482,0.0,0.0,0.0,1000.0,0,0,-0.442,0.038000000000000034,-0.20199999999999996
27483,0.0,0.0,0.0,1000.0,0,0,-0.422,0.038000000000000034,-0.20199999999999996
27484,0.0,0.0,0.0,1000.0,0,0,-0.40199999999999997,0.038000000000000034,-0.20199999999999996
27485,0.0,0.0,0.0,1000.0,0,0,-0.382,0.038000000000000034,-0.20199999999999996
27486,0.0,0.0,0.0,1000.0,0,0,-0.362,0.038000000000000034,-0.20199999999999996
27487,0.0,0.0,0.0,1000.0,0,0,-0.34199999999999997,0.038000000000000034,-0.20199999999999996
27488,0.0,0.0,0.0,1000.0,0,0,-0.32199999999999995,0.038000000000000034,-0.20199999999999996
27489,0.0,0.0,0.0,1000.0,0,0,-0.302,0.038000000000000034,-0.20199999999999996
27490,0.0,0.0,0.0,1000.0,0,0,-0.282,0.038000000000000034,-0.20199999999999996
27491,0.0,0.0,0.0,1000.0,0,0,-0.262,0.038000000000000034,-0.20199999999999996
27492,0.0,0.0,0.0,1000.0,0,0,-0.242,0.038000000000000034,-0.20199999999999996
27493,0.0,0.0,0.0,1000.0,0,0,-0.22199999999999998,0.038000000000000034,-0.20199999999999996
27494,0.0,0.0,0.0,1000.0,0,0,-0.20199999999999996,0.038000000000000034,-0.20199999999999996
27495,0.0,0.0,0.0,1000.0,0,0,-0.182,0.038000000000000034,-0.20199999999999996
27496,0.0,0.0,0.0,1000.0,0,0,-0.16199999999999998,0.038000000000000034,-0.20199999999999996
27497,0.0,0.0,0.0,1000.0,0,0,-0.482,0.05800000000000005,-0.20199999999999996
27498,0.0,0.0,0.0,1000.0,0,0,-0.46199999999999997,0.05800000000000005,-0.20199999999999996
27499,0.0,0.0,0.0,1000.0,0,0,-0.442,0.05800000000000005,-0.20199999999999996
27500,0.0,0.0,0.0,1000.0,0,0,-0.422,0.05800000000000005,-0.20199999999999996
27501,0.0,0.0,0.0,1000.0,0,0,-0.40199999999999997,0.05800000000000005,-0.20199999999999996
27502,0.0,0.0,0.0,1000.0,0,0,-0.382,0.05800000000000005,-0.20199999999999996
27503,0.0,0.0,0.0,1000.0,0,0,-0.362,0.05800000000000005,-0.20199999999999996
27504,0.0,0.0,0.0,1000.0,0,0,-0.34199999999999997,0.05800000000000005,-0.20199999999999996
27505,0.0,0.0,0.0,1000.0,0,0,-0.32199999999999995,0.05800000000000005,-0.20199999999999996
27506,0.0,0.0,0.0,1000.0,0,0,-0.302,0.05800000000000005,-0.20199999999999996
27507,0.0,0.0,0.0,1000.0,0,0,-0.282,0.05800000000000005,-0.20199999999999996
27508,0.0,0.0,0.0,1000.0,0,0,-0.262,0.05800000000000005,-0.20199999999999996
27509,0.0,0.0,0.0,1000.0,0,0,-0.242,0.05800000000000005,-0.20199999999999996
27510,0.0,0.0,0.0,1000.0,0,0,-0.22199999999999998,0.05800000000000005,-0.20199999999999996
27511,0.0,0.0,0.0,1000.0,0,0,-0.20199999999999996,0.05800000000000005,-0.20199999999999996
27512,0.0,0.0,0.0,1000.0,0,0,-0.182,0.05800000000000005,-0.20199999999999996
27513,0.0,0.0,0.0,1000.0,0,0,-0.16199999999999998,0.05800000000000005,-0.20199999999999996
27514,0.0,0.0,0.0,1000.0,0,0,-0.482,0.07800000000000007,-0.20199999999999996
27515,0.0,0.0,0.0,1000.0,0,0,-0.46199999999999997,0.07800000000000007,-0.20199999999999996
27516,0.0,0.0,0.0,1000.0,0,0,-0.442,0.07800000000000007,-0.20199999999999996
27517,0.0,0.0,0.0,1000.0,0,0,-0.422,0.07800000000000007,-0.20199999999999996
27518,0.0,0.0,0.0,1000.0,0,0,-0.40199999999999997,0.07800000000000007,-0.20199999999999996
27519,0.0,0.0,0.0,1000.0,0,0,-0.382,0.07800000000000007,-0.20199999999999996
27520,0.0,0.0,0.0,1000.0,0,0,-0.362,0.07800000000000007,-0.20199999999999996
27521,0.0,0.0,0.0,1000.0,0,0,-0.34199999999999997,0.07800000000000007,-0.20199999999999996
27522,0.0,0.0,0.0,1000.0,0,0,-0.32199999999999995,0.07800000000000007,-0.20199999999999996
27523,0.0,0.0,0.0,1000.0,0,0,-0.302,0.07800000000000007,-0.20199999999999996
27524,0.0,0.0,0.0,1000.0,0,0,-0.282,0.07800000000000007,-0.20199999999999996
27525,0.0,0.0,0.0,1000.0,0,0,-0.262,0.07800000000000007,-0.20199999999999996
27526,0.0,0.0,0.0,1000.0,0,0,-0.242,0.07800000000000007,-0.20199999999999996
27527,0.0,0.0,0.0,1000.0,0,0,-0.22199999999999998,0.07800000000000007,-0.20199999999999996
27528,0.0,0.0,0.0,1000.0,0,0,-0.20199999999999996,0.07800000000000007,-0.20199999999999996
27529,0.0,0.0,0.0,1000.0,0,0,-0.182,0.07800000000000007,-0.20199999999999996
27530,0.0,0.0,0.0,1000.0,0,0,-0.16199999999999998,0.07800000000000007,-0.20199999999999996
27531,0.0,0.0,0.0,1000.0,0,0,-0.482,0.09799999999999998,-0.20199999999999996
27532,0.0,0.0,0.0,1000.0,0,0,-0.46199999999999997,0.09799999999999998,-0.20199999999999996
27533,0.0,0.0,0.0,1000.0,0,0,-0.442,0.09799999999999998,-0.20199999999999996
27534,0.0,0.0,0.0,1000.0,0,0,-0.422,0.09799999999999998,-0.20199999999999996
27535,0.0,0.0,0.0,1000.0,0,0,-0.40199999999999997,0.09799999999999998,-0.20199999999999996
27536,0.0,0.0,0.0,1000.0,0,0,-0.382,0.09799999999999998,-0.20199999999999996
27537,0.0,0.0,0.0,1000.0,0,0,-0.362,0.09799999999999998,-0.20199999999999996
27538,0.0,0.0,0.0,1000.0,0,0,-0.34199999999999997,0.09799999999999998,-0.20199999999999996
27539,0.0,0.0,0.0,1000.0,0,0,-0.32199999999999995,0.09799999999999998,-0.20199999999999996
27540,0.0,0.0,0.0,1000.0,0,0,-0.302,0.09799999999999998,-0.20199999999999996
27541,0.0,0.0,0.0,1000.0,0,0,-0.282,0.09799999999999998,-0.20199999999999996
27542,0.0,0.0,0.0,1000.0,0,0,-0.262,0.09799999999999998,-0.20199999999999996
27543,0.0,0.0,0.0,1000.0,0,0,-0.242,0.09799999999999998,-0.20199999999999996
27544,0.0,0.0,0.0,1000.0,0,0,-0.22199999999999998,0.09799999999999998,-0.20199999999999996
27545,0.0,0.0,0.0,1000.0,0,0,-0.20199999999999996,0.09799999999999998,-0.20199999999999996
27546,0.0,0.0,0.0,1000.0,0,0,-0.182,0.09799999999999998,-0.20199999999999996
27547,0.0,0.0,0.0,1000.0,0,0,-0.16199999999999998,0.09799999999999998,-0.20199999999999996
27548,0.0,0.0,0.0,1000.0,0,0,-0.482,0.118,-0.20199999999999996
27549,0.0,0.0,0.0,1000.0,0,0,-0.46199999999999997,0.118,-0.20199999999999996
27550,0.0,0.0,0.0,1000.0,0,0,-0.442,0.118,-0.20199999999999996
27551,0.0,0.0,0.0,1000.0,0,0,-0.422,0.118,-0.20199999999999996
27552,0.0,0.0,0.0,1000.0,0,0,-0.40199999999999997,0.118,-0.20199999999999996
27553,0.0,0.0,0.0,1000.0,0,0,-0.382,0.118,-0.20199999999999996
27554,0.0,0.0,0.0,1000.0,0,0,-0.362,0.118,-0.20199999999999996
27555,0.0,0.0,0.0,1000.0,0,0,-0.34199999999999997,0.118,-0.20199999999999996
27556,0.0,0.0,0.0,1000.0,0,0,-0.32199999999999995,0.118,-0.20199999999999996
27557,0.0,0.0,0.0,1000.0,0,0,-0.302,0.118,-0.20199999999999996
27558,0.0,0.0,0.0,1000.0,0,0,-0.282,0.118,-0.20199999999999996
27559,0.0,0.0,0.0,1000.0,0,0,-0.262,0.118,-0.20199999999999996
27560,0.0,0.0,0.0,1000.0,0,0,-0.242,0.118,-0.20199999999999996
27561,0.0,0.0,0.0,1000.0,0,0,-0.22199999999999998,0.118,-0.20199999999999996
27562,0.0,0.0,0.0,1000.0,0,0,-0.20199999999999996,0.118,-0.20199999999999996
27563,0.0,0.0,0.0,1000.0,0,0,-0.182,0.118,-0.20199999999999996
27564,0.0,0.0,0.0,1000.0,0,0,-0.16199999999999998,0.118,-0.20199999999999996
27565,0.0,0.0,0.0,1000.0,0,0,-0.482,0.138,-0.20199999999999996
27566,0.0,0.0,0.0,1000.0,0,0,-0.46199999999999997,0.138,-0.20199999999999996
27567,0.0,0.0,0.0,1000.0,0,0,-0.442,0.138,-0.20199999999999996
27568,0.0,0.0,0.0,1000.0,0,0,-0.422,0.138,-0.20199999999999996
27569,0.0,0.0,0.0,1000.0,0,0,-0.40199999999999997,0.138,-0.20199999999999996
27570,0.0,0.0,0.0,1000.0,0,0,-0.382,0.138,-0.20199999999999996
27571,0.0,0.0,0.0,1000.0,0,0,-0.362,0.138,-0.20199999999999996
27572,0.0,0.0,0.0,1000.0,0,0,-0.34199999999999997,0.138,-0.20199999999999996
27573,0.0,0.0,0.0,1000.0,0,0,-0.32199999999999995,0.138,-0.20199999999999996
27574,0.0,0.0,0.0,1000.0,0,0,-0.302,0.138,-0.20199999999999996
27575,0.0,0.0,0.0,1000.0,0,0,-0.282,0.138,-0.20199999999999996
27576,0.0,0.0,0.0,1000.0,0,0,-0.262,0.138,-0.20199999999999996
27577,0.0,0.0,0.0,1000.0,0,0,-0.242,0.138,-0.20199999999999996
27578,0.0,0.0,0.0,1000.0,0,0,-0.22199999999999998,0.138,-0.20199999999999996
27579,0.0,0.0,0.0,1000.0,0,0,-0.20199999999999996,0.138,-0.20199999999999996
27580,0.0,0.0,0.0,1000.0,0,0,-0.182,0.138,-0.20199999999999996
27581,0.0,0.0,0.0,1000.0,0,0,-0.16199999999999998,0.138,-0.20199999999999996
27582,0.0,0.0,0.0,1000.0,0,0,-0.482,0.15800000000000003,-0.20199999999999996
27583,0.0,0.0,0.0,1000.0,0,0,-0.46199999999999997,0.15800000000000003,-0.20199999999999996
27584,0.0,0.0,0.0,1000.0,0,0,-0.442,0.15800000000000003,-0.20199999999999996
27585,0.0,0.0,0.0,1000.0,0,0,-0.422,0.15800000000000003,-0.20199999999999996
27586,0.0,0.0,0.0,1000.0,0,0,-0.40199999999999997,0.15800000000000003,-0.20199999999999996
27587,0.0,0.0,0.0,1000.0,0,0,-0.382,0.15800000000000003,-0.20199999999999996
27588,0.0,0.0,0.0,1000.0,0,0,-0.362,0.15800000000000003,-0.20199999999999996
27589,0.0,0.0,0.0,1000.0,0,0,-0.34199999999999997,0.15800000000000003,-0.20199999999999996
27590,0.0,0.0,0.0,1000.0,0,0,-0.32199999999999995,0.15800000000000003,-0.20199999999999996
27591,0.0,0.0,0.0,1000.0,0,0,-0.302,0.15800000000000003,-0.20199999999999996
27592,0.0,0.0,0.0,1000.0,0,0,-0.282,0.15800000000000003,-0.20199999999999996
27593,0.0,0.0,0.0,1000.0,0,0,-0.262,0.15800000000000003,-0.20199999999999996
27594,0.0,0.0,0.0,1000.0,0,0,-0.242,0.15800000000000003,-0.20199999999999996
27595,0.0,0.0,0.0,1000.0,0,0,-0.22199999999999998,0.15800000000000003,-0.20199999999999996
27596,0.0,0.0,0.0,1000.0,0,0,-0.20199999999999996,0.15800000000000003,-0.20199999999999996
27597,0.0,0.0,0.0,1000.0,0,0,-0.182,0.15800000000000003,-0.20199999999999996
27598,0.0,0.0,0.0,1000.0,0,0,-0.16199999999999998,0.15800000000000003,-0.20199999999999996
27599,0.0,0.0,0.0,1000.0,0,0,-0.482,0.17800000000000005,-0.20199999999999996
27600,0.0,0.0,0.0,1000.0,0,0,-0.46199999999999997,0.17800000000000005,-0.20199999999999996
27601,0.0,0.0,0.0,1000.0,0,0,-0.442,0.17800000000000005,-0.20199999999999996
27602,0.0,0.0,0.0,1000.0,0,0,-0.422,0.17800000000000005,-0.20199999999999996
27603,0.0,0.0,0.0,1000.0,0,0,-0.40199999999999997,0.17800000000000005,-0.20199999999999996
27604,0.0,0.0,0.0,1000.0,0,0,-0.382,0.17800000000000005,-0.20199999999999996
27605,0.0,0.0,0.0,1000.0,0,0,-0.362,0.17800000000000005,-0.20199999999999996
27606,0.0,0.0,0.0,1000.0,0,0,-0.34199999999999997,0.17800000000000005,-0.20199999999999996
27607,0.0,0.0,0.0,1000.0,0,0,-0.32199999999999995,0.17800000000000005,-0.20199999999999996
27608,0.0,0.0,0.0,1000.0,0,0,-0.302,0.17800000000000005,-0.20199999999999996
27609,0.0,0.0,0.0,1000.0,0,0,-0.282,0.17800000000000005,-0.20199999999999996
27610,0.0,0.0,0.0,1000.0,0,0,-0.262,0.17800000000000005,-0.20199999999999996
27611,0.0,0.0,0.0,1000.0,0,0,-0.242,0.17800000000000005,-0.20199999999999996
27612,0.0,0.0,0.0,1000.0,0,0,-0.22199999999999998,0.17800000000000005,-0.20199999999999996
27613,0.0,0.0,0.0,1000.0,0,0,-0.20199999999999996,0.17800000000000005,-0.20199999999999996
27614,0.0,0.0,0.0,1000.0,0,0,-0.182,0.17800000000000005,-0.20199999999999996
27615,0.0,0.0,0.0,1000.0,0,0,-0.16199999999999998,0.17800000000000005,-0.20199999999999996
27616,0.0,0.0,0.0,1000.0,0,0,-0.482,0.19800000000000006,-0.20199999999999996
27617,0.0,0.0,0.0,1000.0,0,0,-0.46199999999999997,0.19800000000000006,-0.20199999999999996
27618,0.0,0.0,0.0,1000.0,0,0,-0.442,0.19800000000000006,-0.20199999999999996
27619,0.0,0.0,0.0,1000.0,0,0,-0.422,0.19800000000000006,-0.20199999999999996
27620,0.0,0.0,0.0,1000.0,0,0,-0.40199999999999997,0.19800000000000006,-0.20199999999999996
27621,0.0,0.0,0.0,1000.0,0,0,-0.382,0.19800000000000006,-0.20199999999999996
27622,0.0,0.0,0.0,1000.0,0,0,-0.362,0.19800000000000006,-0.20199999999999996
27623,0.0,0.0,0.0,1000.0,0,0,-0.34199999999999997,0.19800000000000006,-0.20199999999999996
27624,0.0,0.0,0.0,1000.0,0,0,-0.32199999999999995,0.19800000000000006,-0.20199999999999996
27625,0.0,0.0,0.0,1000.0,0,0,-0.302,0.19800000000000006,-0.20199999999999996
27626,0.0,0.0,0.0,1000.0,0,0,-0.282,0.19800000000000006,-0.20199999999999996
27627,0.0,0.0,0.0,1000.0,0,0,-0.262,0.19800000000000006,-0.20199999999999996
27628,0.0,0.0,0.0,1000.0,0,0,-0.242,0.19800000000000006,-0.20199999999999996
27629,0.0,0.0,0.0,1000.0,0,0,-0.22199999999999998,0.19800000000000006,-0.20199999999999996
27630,0.0,0.0,0.0,1000.0,0,0,-0.20199999999999996,0.19800000000000006,-0.20199999999999996
27631,0.0,0.0,0.0,1000.0,0,0,-0.182,0.19800000000000006,-0.20199999999999996
27632,0.0,0.0,0.0,1000.0,0,0,-0.16199999999999998,0.19800000000000006,-0.20199999999999996
27633,0.0,0.0,0.0,1000.0,0,0,-0.482,0.21800000000000008,-0.20199999999999996
27634,0.0,0.0,0.0,1000.0,0,0,-0.46199999999999997,0.21800000000000008,-0.20199999999999996
27635,0.0,0.0,0.0,1000.0,0,0,-0.442,0.21800000000000008,-0.20199999999999996
27636,0.0,0.0,0.0,1000.0,0,0,-0.422,0.21800000000000008,-0.20199999999999996
27637,0.0,0.0,0.0,1000.0,0,0,-0.40199999999999997,0.21800000000000008,-0.20199999999999996
27638,0.0,0.0,0.0,1000.0,0,0,-0.382,0.21800000000000008,-0.20199999999999996
27639,0.0,0.0,0.0,1000.0,0,0,-0.362,0.21800000000000008,-0.20199999999999996
27640,0.0,0.0,0.0,1000.0,0,0,-0.34199999999999997,0.21800000000000008,-0.20199999999999996
27641,0.0,0.0,0.0,1000.0,0,0,-0.32199999999999995,0.21800000000000008,-0.20199999999999996
27642,0.0,0.0,0.0,1000.0,0,0,-0.302,0.21800000000000008,-0.20199999999999996
27643,0.0,0.0,0.0,1000.0,0,0,-0.282,0.21800000000000008,-0.20199999999999996
27644,0.0,0.0,0.0,1000.0,0,0,-0.262,0.21800000000000008,-0.20199999999999996
27645,0.0,0.0,0.0,1000.0,0,0,-0.242,0.21800000000000008,-0.20199999999999996
27646,0.0,0.0,0.0,1000.0,0,0,-0.22199999999999998,0.21800000000000008,-0.20199999999999996
27647,0.0,0.0,0.0,1000.0,0,0,-0.20199999999999996,0.21800000000000008,-0.20199999999999996
27648,0.0,0.0,0.0,1000.0,0,0,-0.182,0.21800000000000008,-0.20199999999999996
27649,0.0,0.0,0.0,1000.0,0,0,-0.16199999999999998,0.21800000000000008,-0.20199999999999996
27650,0.0,0.0,0.0,1000.0,0,0,-0.482,0.238,-0.20199999999999996
27651,0.0,0.0,0.0,1000.0,0,0,-0.46199999999999997,0.238,-0.20199999999999996
27652,0.0,0.0,0.0,1000.0,0,0,-0.442,0.238,-0.20199999999999996
27653,0.0,0.0,0.0,1000.0,0,0,-0.422,0.238,-0.20199999999999996
27654,0.0,0.0,0.0,1000.0,0,0,-0.40199999999999997,0.238,-0.20199999999999996
27655,0.0,0.0,0.0,1000.0,0,0,-0.382,0.238,-0.20199999999999996
27656,0.0,0.0,0.0,1000.0,0,0,-0.362,0.238,-0.20199999999999996
27657,0.0,0.0,0.0,1000.0,0,0,-0.34199999999999997,0.238,-0.20199999999999996
27658,0.0,0.0,0.0,1000.0,0,0,-0.32199999999999995,0.238,-0.20199999999999996
27659,0.0,0.0,0.0,1000.0,0,0,-0.302,0.238,-0.20199999999999996
27660,0.0,0.0,0.0,1000.0,0,0,-0.282,0.238,-0.20199999999999996
27661,0.0,0.0,0.0,1000.0,0,0,-0.262,0.238,-0.20199999999999996
27662,0.0,0.0,0.0,1000.0,0,0,-0.242,0.238,-0.20199999999999996
27663,0.0,0.0,0.0,1000.0,0,0,-0.22199999999999998,0.238,-0.20199999999999996
27664,0.0,0.0,0.0,1000.0,0,0,-0.20199999999999996,0.238,-0.20199999999999996
27665,0.0,0.0,0.0,1000.0,0,0,-0.182,0.238,-0.20199999999999996
27666,0.0,0.0,0.0,1000.0,0,0,-0.16199999999999998,0.238,-0.20199999999999996
27667,0.0,0.0,0.0,1000.0,0,0,-0.482,0.258,-0.20199999999999996
27668,0.0,0.0,0.0,1000.0,0,0,-0.46199999999999997,0.258,-0.20199999999999996
27669,0.0,0.0,0.0,1000.0,0,0,-0.442,0.258,-0.20199999999999996
27670,0.0,0.0,0.0,1000.0,0,0,-0.422,0.258,-0.20199999999999996
27671,0.0,0.0,0.0,1000.0,0,0,-0.40199999999999997,0.258,-0.20199999999999996
27672,0.0,0.0,0.0,1000.0,0,0,-0.382,0.258,-0.20199999999999996
27673,0.0,0.0,0.0,1000.0,0,0,-0.362,0.258,-0.20199999999999996
27674,0.0,0.0,0.0,1000.0,0,0,-0.34199999999999997,0.258,-0.20199999999999996
27675,0.0,0.0,0.0,1000.0,0,0,-0.32199999999999995,0.258,-0.20199999999999996
27676,0.0,0.0,0.0,1000.0,0,0,-0.302,0.258,-0.20199999999999996
27677,0.0,0.0,0.0,1000.0,0,0,-0.282,0.258,-0.20199999999999996
27678,0.0,0.0,0.0,1000.0,0,0,-0.262,0.258,-0.20199999999999996
27679,0.0,0.0,0.0,1000.0,0,0,-0.242,0.258,-0.20199999999999996
27680,0.0,0.0,0.0,1000.0,0,0,-0.22199999999999998,0.258,-0.20199999999999996
27681,0.0,0.0,0.0,1000.0,0,0,-0.20199999999999996,0.258,-0.20199999999999996
27682,0.0,0.0,0.0,1000.0,0,0,-0.182,0.258,-0.20199999999999996
27683,0.0,0.0,0.0,1000.0,0,0,-0.16199999999999998,0.258,-0.20199999999999996
27684,0.0,0.0,0.0,1000.0,0,0,-0.482,0.278,-0.20199999999999996
27685,0.0,0.0,0.0,1000.0,0,0,-0.46199999999999997,0.278,-0.20199999999999996
27686,0.0,0.0,0.0,1000.0,0,0,-0.442,0.278,-0.20199999999999996
27687,0.0,0.0,0.0,1000.0,0,0,-0.422,0.278,-0.20199999999999996
27688,0.0,0.0,0.0,1000.0,0,0,-0.40199999999999997,0.278,-0.20199999999999996
27689,0.0,0.0,0.0,1000.0,0,0,-0.382,0.278,-0.20199999999999996
27690,0.0,0.0,0.0,1000.0,0,0,-0.362,0.278,-0.20199999999999996
27691,0.0,0.0,0.0,1000.0,0,0,-0.34199999999999997,0.278,-0.20199999999999996
27692,0.0,0.0,0.0,1000.0,0,0,-0.32199999999999995,0.278,-0.20199999999999996
27693,0.0,0.0,0.0,1000.0,0,0,-0.302,0.278,-0.20199999999999996
27694,0.0,0.0,0.0,1000.0,0,0,-0.282,0.278,-0.20199999999999996
27695,0.0,0.0,0.0,1000.0,0,0,-0.262,0.278,-0.20199999999999996
27696,0.0,0.0,0.0,1000.0,0,0,-0.242,0.278,-0.20199999999999996
27697,0.0,0.0,0.0,1000.0,0,0,-0.22199999999999998,0.278,-0.20199999999999996
27698,0.0,0.0,0.0,1000.0,0,0,-0.20199999999999996,0.278,-0.20199999999999996
27699,0.0,0.0,0.0,1000.0,0,0,-0.182,0.278,-0.20199999999999996
27700,0.0,0.0,0.0,1000.0,0,0,-0.16199999999999998,0.278,-0.20199999999999996
27701,0.0,0.0,0.0,1000.0,0,0,-0.482,0.29800000000000004,-0.20199999999999996
27702,0.0,0.0,0.0,1000.0,0,0,-0.46199999999999997,0.29800000000000004,-0.20199999999999996
27703,0.0,0.0,0.0,1000.0,0,0,-0.442,0.29800000000000004,-0.20199999999999996
27704,0.0,0.0,0.0,1000.0,0,0,-0.422,0.29800000000000004,-0.20199999999999996
27705,0.0,0.0,0.0,1000.0,0,0,-0.40199999999999997,0.29800000000000004,-0.20199999999999996
27706,0.0,0.0,0.0,1000.0,0,0,-0.382,0.29800000000000004,-0.20199999999999996
27707,0.0,0.0,0.0,1000.0,0,0,-0.362,0.29800000000000004,-0.20199999999999996
27708,0.0,0.0,0.0,1000.0,0,0,-0.34199999999999997,0.29800000000000004,-0.20199999999999996
27709,0.0,0.0,0.0,1000.0,0,0,-0.32199999999999995,0.29800000000000004,-0.20199999999999996
27710,0.0,0.0,0.0,1000.0,0,0,-0.302,0.29800000000000004,-0.20199999999999996
27711,0.0,0.0,0.0,1000.0,0,0,-0.282,0.29800000000000004,-0.20199999999999996
27712,0.0,0.0,0.0,1000.0,0,0,-0.262,0.29800000000000004,-0.20199999999999996
27713,0.0,0.0,0.0,1000.0,0,0,-0.242,0.29800000000000004,-0.20199999999999996
27714,0.0,0.0,0.0,1000.0,0,0,-0.22199999999999998,0.29800000000000004,-0.20199999999999996
27715,0.0,0.0,0.0,1000.0,0,0,-0.20199999999999996,0.29800000000000004,-0.20199999999999996
27716,0.0,0.0,0.0,1000.0,0,0,-0.182,0.29800000000000004,-0.20199999999999996
27717,0.0,0.0,0.0,1000.0,0,0,-0.16199999999999998,0.29800000000000004,-0.20199999999999996
27718,0.0,0.0,0.0,1000.0,0,0,-0.482,0.31800000000000006,-0.20199999999999996
27719,0.0,0.0,0.0,1000.0,0,0,-0.46199999999999997,0.31800000000000006,-0.20199999999999996
27720,0.0,0.0,0.0,1000.0,0,0,-0.442,0.31800000000000006,-0.20199999999999996
27721,0.0,0.0,0.0,1000.0,0,0,-0.422,0.31800000000000006,-0.20199999999999996
27722,0.0,0.0,0.0,1000.0,0,0,-0.40199999999999997,0.31800000000000006,-0.20199999999999996
27723,0.0,0.0,0.0,1000.0,0,0,-0.382,0.31800000000000006,-0.20199999999999996
27724,0.0,0.0,0.0,1000.0,0,0,-0.362,0.31800000000000006,-0.20199999999999996
27725,0.0,0.0,0.0,1000.0,0,0,-0.34199999999999997,0.31800000000000006,-0.20199999999999996
27726,0.0,0.0,0.0,1000.0,0,0,-0.32199999999999995,0.31800000000000006,-0.20199999999999996
27727,0.0,0.0,0.0,1000.0,0,0,-0.302,0.31800000000000006,-0.20199999999999996
27728,0.0,0.0,0.0,1000.0,0,0,-0.282,0.31800000000000006,-0.20199999999999996
27729,0.0,0.0,0.0,1000.0,0,0,-0.262,0.31800000000000006,-0.20199999999999996
27730,0.0,0.0,0.0,1000.0,0,0,-0.242,0.31800000000000006,-0.20199999999999996
27731,0.0,0.0,0.0,1000.0,0,0,-0.22199999999999998,0.31800000000000006,-0.20199999999999996
27732,0.0,0.0,0.0,1000.0,0,0,-0.20199999999999996,0.31800000000000006,-0.20199999999999996
27733,0.0,0.0,0.0,1000.0,0,0,-0.182,0.31800000000000006,-0.20199999999999996
27734,0.0,0.0,0.0,1000.0,0,0,-0.16199999999999998,0.31800000000000006,-0.20199999999999996
27735,0.0,0.0,0.0,1000.0,0,0,-0.482,0.3380000000000001,-0.20199999999999996
27736,0.0,0.0,0.0,1000.0,0,0,-0.46199999999999997,0.3380000000000001,-0.20199999999999996
27737,0.0,0.0,0.0,1000.0,0,0,-0.442,0.3380000000000001,-0.20199999999999996
27738,0.0,0.0,0.0,1000.0,0,0,-0.422,0.3380000000000001,-0.20199999999999996
27739,0.0,0.0,0.0,1000.0,0,0,-0.40199999999999997,0.3380000000000001,-0.20199999999999996
27740,0.0,0.0,0.0,1000.0,0,0,-0.382,0.3380000000000001,-0.20199999999999996
27741,0.0,0.0,0.0,1000.0,0,0,-0.362,0.3380000000000001,-0.20199999999999996
27742,0.0,0.0,0.0,1000.0,0,0,-0.34199999999999997,0.3380000000000001,-0.20199999999999996
27743,0.0,0.0,0.0,1000.0,0,0,-0.32199999999999995,0.3380000000000001,-0.20199999999999996
27744,0.0,0.0,0.0,1000.0,0,0,-0.302,0.3380000000000001,-0.20199999999999996
27745,0.0,0.0,0.0,1000.0,0,0,-0.282,0.3380000000000001,-0.20199999999999996
27746,0.0,0.0,0.0,1000.0,0,0,-0.262,0.3380000000000001,-0.20199999999999996
27747,0.0,0.0,0.0,1000.0,0,0,-0.242,0.3380000000000001,-0.20199999999999996
27748,0.0,0.0,0.0,1000.0,0,0,-0.22199999999999998,0.3380000000000001,-0.20199999999999996
27749,0.0,0.0,0.0,1000.0,0,0,-0.20199999999999996,0.3380000000000001,-0.20199999999999996
27750,0.0,0.0,0.0,1000.0,0,0,-0.182,0.3380000000000001,-0.20199999999999996
27751,0.0,0.0,0.0,1000.0,0,0,-0.16199999999999998,0.3380000000000001,-0.20199999999999996
27752,0.0,0.0,0.0,1000.0,0,0,-0.482,0.358,-0.20199999999999996
27753,0.0,0.0,0.0,1000.0,0,0,-0.46199999999999997,0.358,-0.20199999999999996
27754,0.0,0.0,0.0,1000.0,0,0,-0.442,0.358,-0.20199999999999996
27755,0.0,0.0,0.0,1000.0,0,0,-0.422,0.358,-0.20199999999999996
27756,0.0,0.0,0.0,1000.0,0,0,-0.40199999999999997,0.358,-0.20199999999999996
27757,0.0,0.0,0.0,1000.0,0,0,-0.382,0.358,-0.20199999999999996
27758,0.0,0.0,0.0,1000.0,0,0,-0.362,0.358,-0.20199999999999996
27759,0.0,0.0,0.0,1000.0,0,0,-0.34199999999999997,0.358,-0.20199999999999996
27760,0.0,0.0,0.0,1000.0,0,0,-0.32199999999999995,0.358,-0.20199999999999996
27761,0.0,0.0,0.0,1000.0,0,0,-0.302,0.358,-0.20199999999999996
27762,0.0,0.0,0.0,1000.0,0,0,-0.282,0.358,-0.20199999999999996
27763,0.0,0.0,0.0,1000.0,0,0,-0.262,0.358,-0.20199999999999996
27764,0.0,0.0,0.0,1000.0,0,0,-0.242,0.358,-0.20199999999999996
27765,0.0,0.0,0.0,1000.0,0,0,-0.22199999999999998,0.358,-0.20199999999999996
27766,0.0,0.0,0.0,1000.0,0,0,-0.20199999999999996,0.358,-0.20199999999999996
27767,0.0,0.0,0.0,1000.0,0,0,-0.182,0.358,-0.20199999999999996
27768,0.0,0.0,0.0,1000.0,0,0,-0.16199999999999998,0.358,-0.20199999999999996
27769,0.0,0.0,0.0,1000.0,0,0,-0.482,0.378,-0.20199999999999996
27770,0.0,0.0,0.0,1000.0,0,0,-0.46199999999999997,0.378,-0.20199999999999996
27771,0.0,0.0,0.0,1000.0,0,0,-0.442,0.378,-0.20199999999999996
27772,0.0,0.0,0.0,1000.0,0,0,-0.422,0.378,-0.20199999999999996
27773,0.0,0.0,0.0,1000.0,0,0,-0.40199999999999997,0.378,-0.20199999999999996
27774,0.0,0.0,0.0,1000.0,0,0,-0.382,0.378,-0.20199999999999996
27775,0.0,0.0,0.0,1000.0,0,0,-0.362,0.378,-0.20199999999999996
27776,0.0,0.0,0.0,1000.0,0,0,-0.34199999999999997,0.378,-0.20199999999999996
27777,0.0,0.0,0.0,1000.0,0,0,-0.32199999999999995,0.378,-0.20199999999999996
27778,0.0,0.0,0.0,1000.0,0,0,-0.302,0.378,-0.20199999999999996
27779,0.0,0.0,0.0,1000.0,0,0,-0.282,0.378,-0.20199999999999996
27780,0.0,0.0,0.0,1000.0,0,0,-0.262,0.378,-0.20199999999999996
27781,0.0,0.0,0.0,1000.0,0,0,-0.242,0.378,-0.20199999999999996
27782,0.0,0.0,0.0,1000.0,0,0,-0.22199999999999998,0.378,-0.20199999999999996
27783,0.0,0.0,0.0,1000.0,0,0,-0.20199999999999996,0.378,-0.20199999999999996
27784,0.0,0.0,0.0,1000.0,0,0,-0.182,0.378,-0.20199999999999996
27785,0.0,0.0,0.0,1000.0,0,0,-0.16199999999999998,0.378,-0.20199999999999996
27786,0.0,0.0,0.0,1000.0,0,0,-0.482,0.398,-0.20199999999999996
27787,0.0,0.0,0.0,1000.0,0,0,-0.46199999999999997,0.398,-0.20199999999999996
27788,0.0,0.0,0.0,1000.0,0,0,-0.442,0.398,-0.20199999999999996
27789,0.0,0.0,0.0,1000.0,0,0,-0.422,0.398,-0.20199999999999996
27790,0.0,0.0,0.0,1000.0,0,0,-0.40199999999999997,0.398,-0.20199999999999996
27791,0.0,0.0,0.0,1000.0,0,0,-0.382,0.398,-0.20199999999999996
27792,0.0,0.0,0.0,1000.0,0,0,-0.362,0.398,-0.20199999999999996
27793,0.0,0.0,0.0,1000.0,0,0,-0.34199999999999997,0.398,-0.20199999999999996
27794,0.0,0.0,0.0,1000.0,0,0,-0.32199999999999995,0.398,-0.20199999999999996
27795,0.0,0.0,0.0,1000.0,0,0,-0.302,0.398,-0.20199999999999996
27796,0.0,0.0,0.0,1000.0,0,0,-0.282,0.398,-0.20199999999999996
27797,0.0,0.0,0.0,1000.0,0,0,-0.262,0.398,-0.20199999999999996
27798,0.0,0.0,0.0,1000.0,0,0,-0.242,0.398,-0.20199999999999996
27799,0.0,0.0,0.0,1000.0,0,0,-0.22199999999999998,0.398,-0.20199999999999996
27800,0.0,0.0,0.0,1000.0,0,0,-0.20199999999999996,0.398,-0.20199999999999996
27801,0.0,0.0,0.0,1000.0,0,0,-0.182,0.398,-0.20199999999999996
27802,0.0,0.0,0.0,1000.0,0,0,-0.16199999999999998,0.398,-0.20199999999999996
27803,0.0,0.0,0.0,1000.0,0,0,-0.482,0.41800000000000004,-0.20199999999999996
27804,0.0,0.0,0.0,1000.0,0,0,-0.46199999999999997,0.41800000000000004,-0.20199999999999996
27805,0.0,0.0,0.0,1000.0,0,0,-0.442,0.41800000000000004,-0.20199999999999996
27806,0.0,0.0,0.0,1000.0,0,0,-0.422,0.41800000000000004,-0.20199999999999996
27807,0.0,0.0,0.0,1000.0,0,0,-0.40199999999999997,0.41800000000000004,-0.20199999999999996
27808,0.0,0.0,0.0,1000.0,0,0,-0.382,0.41800000000000004,-0.20199999999999996
27809,0.0,0.0,0.0,1000.0,0,0,-0.362,0.41800000000000004,-0.20199999999999996
27810,0.0,0.0,0.0,1000.0,0,0,-0.34199999999999997,0.41800000000000004,-0.20199999999999996
27811,0.0,0.0,0.0,1000.0,0,0,-0.32199999999999995,0.41800000000000004,-0.20199999999999996
27812,0.0,0.0,0.0,1000.0,0,0,-0.302,0.41800000000000004,-0.20199999999999996
27813,0.0,0.0,0.0,1000.0,0,0,-0.282,0.41800000000000004,-0.20199999999999996
27814,0.0,0.0,0.0,1000.0,0,0,-0.262,0.41800000000000004,-0.20199999999999996
27815,0.0,0.0,0.0,1000.0,0,0,-0.242,0.41800000000000004,-0.20199999999999996
27816,0.0,0.0,0.0,1000.0,0,0,-0.22199999999999998,0.41800000000000004,-0.20199999999999996
27817,0.0,0.0,0.0,1000.0,0,0,-0.20199999999999996,0.41800000000000004,-0.20199999999999996
27818,0.0,0.0,0.0,1000.0,0,0,-0.182,0.41800000000000004,-0.20199999999999996
27819,0.0,0.0,0.0,1000.0,0,0,-0.16199999999999998,0.41800000000000004,-0.20199999999999996
27820,0.0,0.0,0.0,1000.0,0,0,-0.482,0.43800000000000006,-0.20199999999999996
27821,0.0,0.0,0.0,1000.0,0,0,-0.46199999999999997,0.43800000000000006,-0.20199999999999996
27822,0.0,0.0,0.0,1000.0,0,0,-0.442,0.43800000000000006,-0.20199999999999996
27823,0.0,0.0,0.0,1000.0,0,0,-0.422,0.43800000000000006,-0.20199999999999996
27824,0.0,0.0,0.0,1000.0,0,0,-0.40199999999999997,0.43800000000000006,-0.20199999999999996
27825,0.0,0.0,0.0,1000.0,0,0,-0.382,0.43800000000000006,-0.20199999999999996
27826,0.0,0.0,0.0,1000.0,0,0,-0.362,0.43800000000000006,-0.20199999999999996
27827,0.0,0.0,0.0,1000.0,0,0,-0.34199999999999997,0.43800000000000006,-0.20199999999999996
27828,0.0,0.0,0.0,1000.0,0,0,-0.32199999999999995,0.43800000000000006,-0.20199999999999996
27829,0.0,0.0,0.0,1000.0,0,0,-0.302,0.43800000000000006,-0.20199999999999996
27830,0.0,0.0,0.0,1000.0,0,0,-0.282,0.43800000000000006,-0.20199999999999996
27831,0.0,0.0,0.0,1000.0,0,0,-0.262,0.43800000000000006,-0.20199999999999996
27832,0.0,0.0,0.0,1000.0,0,0,-0.242,0.43800000000000006,-0.20199999999999996
27833,0.0,0.0,0.0,1000.0,0,0,-0.22199999999999998,0.43800000000000006,-0.20199999999999996
27834,0.0,0.0,0.0,1000.0,0,0,-0.20199999999999996,0.43800000000000006,-0.20199999999999996
27835,0.0,0.0,0.0,1000.0,0,0,-0.182,0.43800000000000006,-0.20199999999999996
27836,0.0,0.0,0.0,1000.0,0,0,-0.16199999999999998,0.43800000000000006,-0.20199999999999996
27837,0.0,0.0,0.0,1000.0,0,0,-0.482,0.4580000000000001,-0.20199999999999996
27838,0.0,0.0,0.0,1000.0,0,0,-0.46199999999999997,0.4580000000000001,-0.20199999999999996
27839,0.0,0.0,0.0,1000.0,0,0,-0.442,0.4580000000000001,-0.20199999999999996
27840,0.0,0.0,0.0,1000.0,0,0,-0.422,0.4580000000000001,-0.20199999999999996
27841,0.0,0.0,0.0,1000.0,0,0,-0.40199999999999997,0.4580000000000001,-0.20199999999999996
27842,0.0,0.0,0.0,1000.0,0,0,-0.382,0.4580000000000001,-0.20199999999999996
27843,0.0,0.0,0.0,1000.0,0,0,-0.362,0.4580000000000001,-0.20199999999999996
27844,0.0,0.0,0.0,1000.0,0,0,-0.34199999999999997,0.4580000000000001,-0.20199999999999996
27845,0.0,0.0,0.0,1000.0,0,0,-0.32199999999999995,0.4580000000000001,-0.20199999999999996
27846,0.0,0.0,0.0,1000.0,0,0,-0.302,0.4580000000000001,-0.20199999999999996
27847,0.0,0.0,0.0,1000.0,0,0,-0.282,0.4580000000000001,-0.20199999999999996
27848,0.0,0.0,0.0,1000.0,0,0,-0.262,0.4580000000000001,-0.20199999999999996
27849,0.0,0.0,0.0,1000.0,0,0,-0.242,0.4580000000000001,-0.20199999999999996
27850,0.0,0.0,0.0,1000.0,0,0,-0.22199999999999998,0.4580000000000001,-0.20199999999999996
27851,0.0,0.0,0.0,1000.0,0,0,-0.20199999999999996,0.4580000000000001,-0.20199999999999996
27852,0.0,0.0,0.0,1000.0,0,0,-0.182,0.4580000000000001,-0.20199999999999996
27853,0.0,0.0,0.0,1000.0,0,0,-0.16199999999999998,0.4580000000000001,-0.20199999999999996
27854,0.0,0.0,0.0,1000.0,0,0,-0.482,0.478,-0.20199999999999996
27855,0.0,0.0,0.0,1000.0,0,0,-0.46199999999999997,0.478,-0.20199999999999996
27856,0.0,0.0,0.0,1000.0,0,0,-0.442,0.478,-0.20199999999999996
27857,0.0,0.0,0.0,1000.0,0,0,-0.422,0.478,-0.20199999999999996
27858,0.0,0.0,0.0,1000.0,0,0,-0.40199999999999997,0.478,-0.20199999999999996
27859,0.0,0.0,0.0,1000.0,0,0,-0.382,0.478,-0.20199999999999996
27860,0.0,0.0,0.0,1000.0,0,0,-0.362,0.478,-0.20199999999999996
27861,0.0,0.0,0.0,1000.0,0,0,-0.34199999999999997,0.478,-0.20199999999999996
27862,0.0,0.0,0.0,1000.0,0,0,-0.32199999999999995,0.478,-0.20199999999999996
27863,0.0,0.0,0.0,1000.0,0,0,-0.302,0.478,-0.20199999999999996
27864,0.0,0.0,0.0,1000.0,0,0,-0.282,0.478,-0.20199999999999996
27865,0.0,0.0,0.0,1000.0,0,0,-0.262,0.478,-0.20199999999999996
27866,0.0,0.0,0.0,1000.0,0,0,-0.242,0.478,-0.20199999999999996
27867,0.0,0.0,0.0,1000.0,0,0,-0.22199999999999998,0.478,-0.20199999999999996
27868,0.0,0.0,0.0,1000.0,0,0,-0.20199999999999996,0.478,-0.20199999999999996
27869,0.0,0.0,0.0,1000.0,0,0,-0.182,0.478,-0.20199999999999996
27870,0.0,0.0,0.0,1000.0,0,0,-0.16199999999999998,0.478,-0.20199999999999996
27871,0.0,0.0,0.0,1000.0,0,0,-0.482,-0.482,-0.182
27872,0.0,0.0,0.0,1000.0,0,0,-0.46199999999999997,-0.482,-0.182
27873,0.0,0.0,0.0,1000.0,0,0,-0.442,-0.482,-0.182
27874,0.0,0.0,0.0,1000.0,0,0,-0.422,-0.482,-0.182
27875,0.0,0.0,0.0,1000.0,0,0,-0.40199999999999997,-0.482,-0.182
27876,0.0,0.0,0.0,1000.0,0,0,-0.382,-0.482,-0.182
27877,0.0,0.0,0.0,1000.0,0,0,-0.362,-0.482,-0.182
27878,0.0,0.0,0.0,1000.0,0,0,-0.34199999999999997,-0.482,-0.182
27879,0.0,0.0,0.0,1000.0,0,0,-0.32199999999999995,-0.482,-0.182
27880,0.0,0.0,0.0,1000.0,0,0,-0.302,-0.482,-0.182
27881,0.0,0.0,0.0,1000.0,0,0,-0.282,-0.482,-0.182
27882,0.0,0.0,0.0,1000.0,0,0,-0.262,-0.482,-0.182
27883,0.0,0.0,0.0,1000.0,0,0,-0.242,-0.482,-0.182
27884,0.0,0.0,0.0,1000.0,0,0,-0.22199999999999998,-0.482,-0.182
27885,0.0,0.0,0.0,1000.0,0,0,-0.20199999999999996,-0.482,-0.182
27886,0.0,0.0,0.0,1000.0,0,0,-0.182,-0.482,-0.182
27887,0.0,0.0,0.0,1000.0,0,0,-0.16199999999999998,-0.482,-0.182
27888,0.0,0.0,0.0,1000.0,0,0,-0.482,-0.46199999999999997,-0.182
27889,0.0,0.0,0.0,1000.0,0,0,-0.46199999999999997,-0.46199999999999997,-0.182
27890,0.0,0.0,0.0,1000.0,0,0,-0.442,-0.46199999999999997,-0.182
27891,0.0,0.0,0.0,1000.0,0,0,-0.422,-0.46199999999999997,-0.182
27892,0.0,0.0,0.0,1000.0,0,0,-0.40199999999999997,-0.46199999999999997,-0.182
27893,0.0,0.0,0.0,1000.0,0,0,-0.382,-0.46199999999999997,-0.182
27894,0.0,0.0,0.0,1000.0,0,0,-0.362,-0.46199999999999997,-0.182
27895,0.0,0.0,0.0,1000.0,0,0,-0.34199999999999997,-0.46199999999999997,-0.182
27896,0.0,0.0,0.0,1000.0,0,0,-0.32199999999999995,-0.46199999999999997,-0.182
27897,0.0,0.0,0.0,1000.0,0,0,-0.302,-0.46199999999999997,-0.182
27898,0.0,0.0,0.0,1000.0,0,0,-0.282,-0.46199999999999997,-0.182
27899,0.0,0.0,0.0,1000.0,0,0,-0.262,-0.46199999999999997,-0.182
27900,0.0,0.0,0.0,1000.0,0,0,-0.242,-0.46199999999999997,-0.182
27901,0.0,0.0,0.0,1000.0,0,0,-0.22199999999999998,-0.46199999999999997,-0.182
27902,0.0,0.0,0.0,1000.0,0,0,-0.20199999999999996,-0.46199999999999997,-0.182
27903,0.0,0.0,0.0,1000.0,0,0,-0.182,-0.46199999999999997,-0.182
27904,0.0,0.0,0.0,1000.0,0,0,-0.16199999999999998,-0.46199999999999997,-0.182
27905,0.0,0.0,0.0,1000.0,0,0,-0.482,-0.442,-0.182
27906,0.0,0.0,0.0,1000.0,0,0,-0.46199999999999997,-0.442,-0.182
27907,0.0,0.0,0.0,1000.0,0,0,-0.442,-0.442,-0.182
27908,0.0,0.0,0.0,1000.0,0,0,-0.422,-0.442,-0.182
27909,0.0,0.0,0.0,1000.0,0,0,-0.40199999999999997,-0.442,-0.182
27910,0.0,0.0,0.0,1000.0,0,0,-0.382,-0.442,-0.182
27911,0.0,0.0,0.0,1000.0,0,0,-0.362,-0.442,-0.182
27912,0.0,0.0,0.0,1000.0,0,0,-0.34199999999999997,-0.442,-0.182
27913,0.0,0.0,0.0,1000.0,0,0,-0.32199999999999995,-0.442,-0.182
27914,0.0,0.0,0.0,1000.0,0,0,-0.302,-0.442,-0.182
27915,0.0,0.0,0.0,1000.0,0,0,-0.282,-0.442,-0.182
27916,0.0,0.0,0.0,1000.0,0,0,-0.262,-0.442,-0.182
27917,0.0,0.0,0.0,1000.0,0,0,-0.242,-0.442,-0.182
27918,0.0,0.0,0.0,1000.0,0,0,-0.22199999999999998,-0.442,-0.182
27919,0.0,0.0,0.0,1000.0,0,0,-0.20199999999999996,-0.442,-0.182
27920,0.0,0.0,0.0,1000.0,0,0,-0.182,-0.442,-0.182
27921,0.0,0.0,0.0,1000.0,0,0,-0.16199999999999998,-0.442,-0.182
27922,0.0,0.0,0.0,1000.0,0,0,-0.482,-0.422,-0.182
27923,0.0,0.0,0.0,1000.0,0,0,-0.46199999999999997,-0.422,-0.182
27924,0.0,0.0,0.0,1000.0,0,0,-0.442,-0.422,-0.182
27925,0.0,0.0,0.0,1000.0,0,0,-0.422,-0.422,-0.182
27926,0.0,0.0,0.0,1000.0,0,0,-0.40199999999999997,-0.422,-0.182
27927,0.0,0.0,0.0,1000.0,0,0,-0.382,-0.422,-0.182
27928,0.0,0.0,0.0,1000.0,0,0,-0.362,-0.422,-0.182
27929,0.0,0.0,0.0,1000.0,0,0,-0.34199999999999997,-0.422,-0.182
27930,0.0,0.0,0.0,1000.0,0,0,-0.32199999999999995,-0.422,-0.182
27931,0.0,0.0,0.0,1000.0,0,0,-0.302,-0.422,-0.182
27932,0.0,0.0,0.0,1000.0,0,0,-0.282,-0.422,-0.182
27933,0.0,0.0,0.0,1000.0,0,0,-0.262,-0.422,-0.182
27934,0.0,0.0,0.0,1000.0,0,0,-0.242,-0.422,-0.182
27935,0.0,0.0,0.0,1000.0,0,0,-0.22199999999999998,-0.422,-0.182
27936,0.0,0.0,0.0,1000.0,0,0,-0.20199999999999996,-0.422,-0.182
27937,0.0,0.0,0.0,1000.0,0,0,-0.182,-0.422,-0.182
27938,0.0,0.0,0.0,1000.0,0,0,-0.16199999999999998,-0.422,-0.182
27939,0.0,0.0,0.0,1000.0,0,0,-0.482,-0.40199999999999997,-0.182
27940,0.0,0.0,0.0,1000.0,0,0,-0.46199999999999997,-0.40199999999999997,-0.182
27941,0.0,0.0,0.0,1000.0,0,0,-0.442,-0.40199999999999997,-0.182
27942,0.0,0.0,0.0,1000.0,0,0,-0.422,-0.40199999999999997,-0.182
27943,0.0,0.0,0.0,1000.0,0,0,-0.40199999999999997,-0.40199999999999997,-0.182
27944,0.0,0.0,0.0,1000.0,0,0,-0.382,-0.40199999999999997,-0.182
27945,0.0,0.0,0.0,1000.0,0,0,-0.362,-0.40199999999999997,-0.182
27946,0.0,0.0,0.0,1000.0,0,0,-0.34199999999999997,-0.40199999999999997,-0.182
27947,0.0,0.0,0.0,1000.0,0,0,-0.32199999999999995,-0.40199999999999997,-0.182
27948,0.0,0.0,0.0,1000.0,0,0,-0.302,-0.40199999999999997,-0.182
27949,0.0,0.0,0.0,1000.0,0,0,-0.282,-0.40199999999999997,-0.182
27950,0.0,0.0,0.0,1000.0,0,0,-0.262,-0.40199999999999997,-0.182
27951,0.0,0.0,0.0,1000.0,0,0,-0.242,-0.40199999999999997,-0.182
27952,0.0,0.0,0.0,1000.0,0,0,-0.22199999999999998,-0.40199999999999997,-0.182
27953,0.0,0.0,0.0,1000.0,0,0,-0.20199999999999996,-0.40199999999999997,-0.182
27954,0.0,0.0,0.0,1000.0,0,0,-0.182,-0.40199999999999997,-0.182
27955,0.0,0.0,0.0,1000.0,0,0,-0.16199999999999998,-0.40199999999999997,-0.182
27956,0.0,0.0,0.0,1000.0,0,0,-0.482,-0.382,-0.182
27957,0.0,0.0,0.0,1000.0,0,0,-0.46199999999999997,-0.382,-0.182
27958,0.0,0.0,0.0,1000.0,0,0,-0.442,-0.382,-0.182
27959,0.0,0.0,0.0,1000.0,0,0,-0.422,-0.382,-0.182
27960,0.0,0.0,0.0,1000.0,0,0,-0.40199999999999997,-0.382,-0.182
27961,0.0,0.0,0.0,1000.0,0,0,-0.382,-0.382,-0.182
27962,0.0,0.0,0.0,1000.0,0,0,-0.362,-0.382,-0.182
27963,0.0,0.0,0.0,1000.0,0,0,-0.34199999999999997,-0.382,-0.182
27964,0.0,0.0,0.0,1000.0,0,0,-0.32199999999999995,-0.382,-0.182
27965,0.0,0.0,0.0,1000.0,0,0,-0.302,-0.382,-0.182
27966,0.0,0.0,0.0,1000.0,0,0,-0.282,-0.382,-0.182
27967,0.0,0.0,0.0,1000.0,0,0,-0.262,-0.382,-0.182
27968,0.0,0.0,0.0,1000.0,0,0,-0.242,-0.382,-0.182
27969,0.0,0.0,0.0,1000.0,0,0,-0.22199999999999998,-0.382,-0.182
27970,0.0,0.0,0.0,1000.0,0,0,-0.20199999999999996,-0.382,-0.182
27971,0.0,0.0,0.0,1000.0,0,0,-0.182,-0.382,-0.182
27972,0.0,0.0,0.0,1000.0,0,0,-0.16199999999999998,-0.382,-0.182
27973,0.0,0.0,0.0,1000.0,0,0,-0.482,-0.362,-0.182
27974,0.0,0.0,0.0,1000.0,0,0,-0.46199999999999997,-0.362,-0.182
27975,0.0,0.0,0.0,1000.0,0,0,-0.442,-0.362,-0.182
27976,0.0,0.0,0.0,1000.0,0,0,-0.422,-0.362,-0.182
27977,0.0,0.0,0.0,1000.0,0,0,-0.40199999999999997,-0.362,-0.182
27978,0.0,0.0,0.0,1000.0,0,0,-0.382,-0.362,-0.182
27979,0.0,0.0,0.0,1000.0,0,0,-0.362,-0.362,-0.182
27980,0.0,0.0,0.0,1000.0,0,0,-0.34199999999999997,-0.362,-0.182
27981,0.0,0.0,0.0,1000.0,0,0,-0.32199999999999995,-0.362,-0.182
27982,0.0,0.0,0.0,1000.0,0,0,-0.302,-0.362,-0.182
27983,0.0,0.0,0.0,1000.0,0,0,-0.282,-0.362,-0.182
27984,0.0,0.0,0.0,1000.0,0,0,-0.262,-0.362,-0.182
27985,0.0,0.0,0.0,1000.0,0,0,-0.242,-0.362,-0.182
27986,0.0,0.0,0.0,1000.0,0,0,-0.22199999999999998,-0.362,-0.182
27987,0.0,0.0,0.0,1000.0,0,0,-0.20199999999999996,-0.362,-0.182
27988,0.0,0.0,0.0,1000.0,0,0,-0.182,-0.362,-0.182
27989,0.0,0.0,0.0,1000.0,0,0,-0.16199999999999998,-0.362,-0.182
27990,0.0,0.0,0.0,1000.0,0,0,-0.482,-0.34199999999999997,-0.182
27991,0.0,0.0,0.0,1000.0,0,0,-0.46199999999999997,-0.34199999999999997,-0.182
27992,0.0,0.0,0.0,1000.0,0,0,-0.442,-0.34199999999999997,-0.182
27993,0.0,0.0,0.0,1000.0,0,0,-0.422,-0.34199999999999997,-0.182
27994,0.0,0.0,0.0,1000.0,0,0,-0.40199999999999997,-0.34199999999999997,-0.182
27995,0.0,0.0,0.0,1000.0,0,0,-0.382,-0.34199999999999997,-0.182
27996,0.0,0.0,0.0,1000.0,0,0,-0.362,-0.34199999999999997,-0.182
27997,0.0,0.0,0.0,1000.0,0,0,-0.34199999999999997,-0.34199999999999997,-0.182
27998,0.0,0.0,0.0,1000.0,0,0,-0.32199999999999995,-0.34199999999999997,-0.182
27999,0.0,0.0,0.0,1000.0,0,0,-0.302,-0.34199999999999997,-0.182
28000,0.0,0.0,0.0,1000.0,0,0,-0.282,-0.34199999999999997,-0.182
28001,0.0,0.0,0.0,1000.0,0,0,-0.262,-0.34199999999999997,-0.182
28002,0.0,0.0,0.0,1000.0,0,0,-0.242,-0.34199999999999997,-0.182
28003,0.0,0.0,0.0,1000.0,0,0,-0.22199999999999998,-0.34199999999999997,-0.182
28004,0.0,0.0,0.0,1000.0,0,0,-0.20199999999999996,-0.34199999999999997,-0.182
28005,0.0,0.0,0.0,1000.0,0,0,-0.182,-0.34199999999999997,-0.182
28006,0.0,0.0,0.0,1000.0,0,0,-0.16199999999999998,-0.34199999999999997,-0.182
28007,0.0,0.0,0.0,1000.0,0,0,-0.482,-0.32199999999999995,-0.182
28008,0.0,0.0,0.0,1000.0,0,0,-0.46199999999999997,-0.32199999999999995,-0.182
28009,0.0,0.0,0.0,1000.0,0,0,-0.442,-0.32199999999999995,-0.182
28010,0.0,0.0,0.0,1000.0,0,0,-0.422,-0.32199999999999995,-0.182
28011,0.0,0.0,0.0,1000.0,0,0,-0.40199999999999997,-0.32199999999999995,-0.182
28012,0.0,0.0,0.0,1000.0,0,0,-0.382,-0.32199999999999995,-0.182
28013,0.0,0.0,0.0,1000.0,0,0,-0.362,-0.32199999999999995,-0.182
28014,0.0,0.0,0.0,1000.0,0,0,-0.34199999999999997,-0.32199999999999995,-0.182
28015,0.0,0.0,0.0,1000.0,0,0,-0.32199999999999995,-0.32199999999999995,-0.182
28016,0.0,0.0,0.0,1000.0,0,0,-0.302,-0.32199999999999995,-0.182
28017,0.0,0.0,0.0,1000.0,0,0,-0.282,-0.32199999999999995,-0.182
28018,0.0,0.0,0.0,1000.0,0,0,-0.262,-0.32199999999999995,-0.182
28019,0.0,0.0,0.0,1000.0,0,0,-0.242,-0.32199999999999995,-0.182
28020,0.0,0.0,0.0,1000.0,0,0,-0.22199999999999998,-0.32199999999999995,-0.182
28021,0.0,0.0,0.0,1000.0,0,0,-0.20199999999999996,-0.32199999999999995,-0.182
28022,0.0,0.0,0.0,1000.0,0,0,-0.182,-0.32199999999999995,-0.182
28023,0.0,0.0,0.0,1000.0,0,0,-0.16199999999999998,-0.32199999999999995,-0.182
28024,0.0,0.0,0.0,1000.0,0,0,-0.482,-0.302,-0.182
28025,0.0,0.0,0.0,1000.0,0,0,-0.46199999999999997,-0.302,-0.182
28026,0.0,0.0,0.0,1000.0,0,0,-0.442,-0.302,-0.182
28027,0.0,0.0,0.0,1000.0,0,0,-0.422,-0.302,-0.182
28028,0.0,0.0,0.0,1000.0,0,0,-0.40199999999999997,-0.302,-0.182
28029,0.0,0.0,0.0,1000.0,0,0,-0.382,-0.302,-0.182
28030,0.0,0.0,0.0,1000.0,0,0,-0.362,-0.302,-0.182
28031,0.0,0.0,0.0,1000.0,0,0,-0.34199999999999997,-0.302,-0.182
28032,0.0,0.0,0.0,1000.0,0,0,-0.32199999999999995,-0.302,-0.182
28033,0.0,0.0,0.0,1000.0,0,0,-0.302,-0.302,-0.182
28034,0.0,0.0,0.0,1000.0,0,0,-0.282,-0.302,-0.182
28035,0.0,0.0,0.0,1000.0,0,0,-0.262,-0.302,-0.182
28036,0.0,0.0,0.0,1000.0,0,0,-0.242,-0.302,-0.182
28037,0.0,0.0,0.0,1000.0,0,0,-0.22199999999999998,-0.302,-0.182
28038,0.0,0.0,0.0,1000.0,0,0,-0.20199999999999996,-0.302,-0.182
28039,0.0,0.0,0.0,1000.0,0,0,-0.182,-0.302,-0.182
28040,0.0,0.0,0.0,1000.0,0,0,-0.16199999999999998,-0.302,-0.182
28041,0.0,0.0,0.0,1000.0,0,0,-0.482,-0.282,-0.182
28042,0.0,0.0,0.0,1000.0,0,0,-0.46199999999999997,-0.282,-0.182
28043,0.0,0.0,0.0,1000.0,0,0,-0.442,-0.282,-0.182
28044,0.0,0.0,0.0,1000.0,0,0,-0.422,-0.282,-0.182
28045,0.0,0.0,0.0,1000.0,0,0,-0.40199999999999997,-0.282,-0.182
28046,0.0,0.0,0.0,1000.0,0,0,-0.382,-0.282,-0.182
28047,0.0,0.0,0.0,1000.0,0,0,-0.362,-0.282,-0.182
28048,0.0,0.0,0.0,1000.0,0,0,-0.34199999999999997,-0.282,-0.182
28049,0.0,0.0,0.0,1000.0,0,0,-0.32199999999999995,-0.282,-0.182
28050,0.0,0.0,0.0,1000.0,0,0,-0.302,-0.282,-0.182
28051,0.0,0.0,0.0,1000.0,0,0,-0.282,-0.282,-0.182
28052,0.0,0.0,0.0,1000.0,0,0,-0.262,-0.282,-0.182
28053,0.0,0.0,0.0,1000.0,0,0,-0.242,-0.282,-0.182
28054,0.0,0.0,0.0,1000.0,0,0,-0.22199999999999998,-0.282,-0.182
28055,0.0,0.0,0.0,1000.0,0,0,-0.20199999999999996,-0.282,-0.182
28056,0.0,0.0,0.0,1000.0,0,0,-0.182,-0.282,-0.182
28057,0.0,0.0,0.0,1000.0,0,0,-0.16199999999999998,-0.282,-0.182
28058,0.0,0.0,0.0,1000.0,0,0,-0.482,-0.262,-0.182
28059,0.0,0.0,0.0,1000.0,0,0,-0.46199999999999997,-0.262,-0.182
28060,0.0,0.0,0.0,1000.0,0,0,-0.442,-0.262,-0.182
28061,0.0,0.0,0.0,1000.0,0,0,-0.422,-0.262,-0.182
28062,0.0,0.0,0.0,1000.0,0,0,-0.40199999999999997,-0.262,-0.182
28063,0.0,0.0,0.0,1000.0,0,0,-0.382,-0.262,-0.182
28064,0.0,0.0,0.0,1000.0,0,0,-0.362,-0.262,-0.182
28065,0.0,0.0,0.0,1000.0,0,0,-0.34199999999999997,-0.262,-0.182
28066,0.0,0.0,0.0,1000.0,0,0,-0.32199999999999995,-0.262,-0.182
28067,0.0,0.0,0.0,1000.0,0,0,-0.302,-0.262,-0.182
28068,0.0,0.0,0.0,1000.0,0,0,-0.282,-0.262,-0.182
28069,0.0,0.0,0.0,1000.0,0,0,-0.262,-0.262,-0.182
28070,0.0,0.0,0.0,1000.0,0,0,-0.242,-0.262,-0.182
28071,0.0,0.0,0.0,1000.0,0,0,-0.22199999999999998,-0.262,-0.182
28072,0.0,0.0,0.0,1000.0,0,0,-0.20199999999999996,-0.262,-0.182
28073,0.0,0.0,0.0,1000.0,0,0,-0.182,-0.262,-0.182
28074,0.0,0.0,0.0,1000.0,0,0,-0.16199999999999998,-0.262,-0.182
28075,0.0,0.0,0.0,1000.0,0,0,-0.482,-0.242,-0.182
28076,0.0,0.0,0.0,1000.0,0,0,-0.46199999999999997,-0.242,-0.182
28077,0.0,0.0,0.0,1000.0,0,0,-0.442,-0.242,-0.182
28078,0.0,0.0,0.0,1000.0,0,0,-0.422,-0.242,-0.182
28079,0.0,0.0,0.0,1000.0,0,0,-0.40199999999999997,-0.242,-0.182
28080,0.0,0.0,0.0,1000.0,0,0,-0.382,-0.242,-0.182
28081,0.0,0.0,0.0,1000.0,0,0,-0.362,-0.242,-0.182
28082,0.0,0.0,0.0,1000.0,0,0,-0.34199999999999997,-0.242,-0.182
28083,0.0,0.0,0.0,1000.0,0,0,-0.32199999999999995,-0.242,-0.182
28084,0.0,0.0,0.0,1000.0,0,0,-0.302,-0.242,-0.182
28085,0.0,0.0,0.0,1000.0,0,0,-0.282,-0.242,-0.182
28086,0.0,0.0,0.0,1000.0,0,0,-0.262,-0.242,-0.182
28087,0.0,0.0,0.0,1000.0,0,0,-0.242,-0.242,-0.182
28088,0.0,0.0,0.0,1000.0,0,0,-0.22199999999999998,-0.242,-0.182
28089,0.0,0.0,0.0,1000.0,0,0,-0.20199999999999996,-0.242,-0.182
28090,0.0,0.0,0.0,1000.0,0,0,-0.182,-0.242,-0.182
28091,0.0,0.0,0.0,1000.0,0,0,-0.16199999999999998,-0.242,-0.182
28092,0.0,0.0,0.0,1000.0,0,0,-0.482,-0.22199999999999998,-0.182
28093,0.0,0.0,0.0,1000.0,0,0,-0.46199999999999997,-0.22199999999999998,-0.182
28094,0.0,0.0,0.0,1000.0,0,0,-0.442,-0.22199999999999998,-0.182
28095,0.0,0.0,0.0,1000.0,0,0,-0.422,-0.22199999999999998,-0.182
28096,0.0,0.0,0.0,1000.0,0,0,-0.40199999999999997,-0.22199999999999998,-0.182
28097,0.0,0.0,0.0,1000.0,0,0,-0.382,-0.22199999999999998,-0.182
28098,0.0,0.0,0.0,1000.0,0,0,-0.362,-0.22199999999999998,-0.182
28099,0.0,0.0,0.0,1000.0,0,0,-0.34199999999999997,-0.22199999999999998,-0.182
28100,0.0,0.0,0.0,1000.0,0,0,-0.32199999999999995,-0.22199999999999998,-0.182
28101,0.0,0.0,0.0,1000.0,0,0,-0.302,-0.22199999999999998,-0.182
28102,0.0,0.0,0.0,1000.0,0,0,-0.282,-0.22199999999999998,-0.182
28103,0.0,0.0,0.0,1000.0,0,0,-0.262,-0.22199999999999998,-0.182
28104,0.0,0.0,0.0,1000.0,0,0,-0.242,-0.22199999999999998,-0.182
28105,0.0,0.0,0.0,1000.0,0,0,-0.22199999999999998,-0.22199999999999998,-0.182
28106,0.0,0.0,0.0,1000.0,0,0,-0.20199999999999996,-0.22199999999999998,-0.182
28107,0.0,0.0,0.0,1000.0,0,0,-0.182,-0.22199999999999998,-0.182
28108,0.0,0.0,0.0,1000.0,0,0,-0.16199999999999998,-0.22199999999999998,-0.182
28109,0.0,0.0,0.0,1000.0,0,0,-0.482,-0.20199999999999996,-0.182
28110,0.0,0.0,0.0,1000.0,0,0,-0.46199999999999997,-0.20199999999999996,-0.182
28111,0.0,0.0,0.0,1000.0,0,0,-0.442,-0.20199999999999996,-0.182
28112,0.0,0.0,0.0,1000.0,0,0,-0.422,-0.20199999999999996,-0.182
28113,0.0,0.0,0.0,1000.0,0,0,-0.40199999999999997,-0.20199999999999996,-0.182
28114,0.0,0.0,0.0,1000.0,0,0,-0.382,-0.20199999999999996,-0.182
28115,0.0,0.0,0.0,1000.0,0,0,-0.362,-0.20199999999999996,-0.182
28116,0.0,0.0,0.0,1000.0,0,0,-0.34199999999999997,-0.20199999999999996,-0.182
28117,0.0,0.0,0.0,1000.0,0,0,-0.32199999999999995,-0.20199999999999996,-0.182
28118,0.0,0.0,0.0,1000.0,0,0,-0.302,-0.20199999999999996,-0.182
28119,0.0,0.0,0.0,1000.0,0,0,-0.282,-0.20199999999999996,-0.182
28120,0.0,0.0,0.0,1000.0,0,0,-0.262,-0.20199999999999996,-0.182
28121,0.0,0.0,0.0,1000.0,0,0,-0.242,-0.20199999999999996,-0.182
28122,0.0,0.0,0.0,1000.0,0,0,-0.22199999999999998,-0.20199999999999996,-0.182
28123,0.0,0.0,0.0,1000.0,0,0,-0.20199999999999996,-0.20199999999999996,-0.182
28124,0.0,0.0,0.0,1000.0,0,0,-0.182,-0.20199999999999996,-0.182
28125,0.0,0.0,0.0,1000.0,0,0,-0.16199999999999998,-0.20199999999999996,-0.182
28126,0.0,0.0,0.0,1000.0,0,0,-0.482,-0.182,-0.182
28127,0.0,0.0,0.0,1000.0,0,0,-0.46199999999999997,-0.182,-0.182
28128,0.0,0.0,0.0,1000.0,0,0,-0.442,-0.182,-0.182
28129,0.0,0.0,0.0,1000.0,0,0,-0.422,-0.182,-0.182
28130,0.0,0.0,0.0,1000.0,0,0,-0.40199999999999997,-0.182,-0.182
28131,0.0,0.0,0.0,1000.0,0,0,-0.382,-0.182,-0.182
28132,0.0,0.0,0.0,1000.0,0,0,-0.362,-0.182,-0.182
28133,0.0,0.0,0.0,1000.0,0,0,-0.34199999999999997,-0.182,-0.182
28134,0.0,0.0,0.0,1000.0,0,0,-0.32199999999999995,-0.182,-0.182
28135,0.0,0.0,0.0,1000.0,0,0,-0.302,-0.182,-0.182
28136,0.0,0.0,0.0,1000.0,0,0,-0.282,-0.182,-0.182
28137,0.0,0.0,0.0,1000.0,0,0,-0.262,-0.182,-0.182
28138,0.0,0.0,0.0,1000.0,0,0,-0.242,-0.182,-0.182
28139,0.0,0.0,0.0,1000.0,0,0,-0.22199999999999998,-0.182,-0.182
28140,0.0,0.0,0.0,1000.0,0,0,-0.20199999999999996,-0.182,-0.182
28141,0.0,0.0,0.0,1000.0,0,0,-0.182,-0.182,-0.182
28142,0.0,0.0,0.0,1000.0,0,0,-0.16199999999999998,-0.182,-0.182
28143,0.0,0.0,0.0,1000.0,0,0,-0.482,-0.16199999999999998,-0.182
28144,0.0,0.0,0.0,1000.0,0,0,-0.46199999999999997,-0.16199999999999998,-0.182
28145,0.0,0.0,0.0,1000.0,0,0,-0.442,-0.16199999999999998,-0.182
28146,0.0,0.0,0.0,1000.0,0,0,-0.422,-0.16199999999999998,-0.182
28147,0.0,0.0,0.0,1000.0,0,0,-0.40199999999999997,-0.16199999999999998,-0.182
28148,0.0,0.0,0.0,1000.0,0,0,-0.382,-0.16199999999999998,-0.182
28149,0.0,0.0,0.0,1000.0,0,0,-0.362,-0.16199999999999998,-0.182
28150,0.0,0.0,0.0,1000.0,0,0,-0.34199999999999997,-0.16199999999999998,-0.182
28151,0.0,0.0,0.0,1000.0,0,0,-0.32199999999999995,-0.16199999999999998,-0.182
28152,0.0,0.0,0.0,1000.0,0,0,-0.302,-0.16199999999999998,-0.182
28153,0.0,0.0,0.0,1000.0,0,0,-0.282,-0.16199999999999998,-0.182
28154,0.0,0.0,0.0,1000.0,0,0,-0.262,-0.16199999999999998,-0.182
28155,0.0,0.0,0.0,1000.0,0,0,-0.242,-0.16199999999999998,-0.182
28156,0.0,0.0,0.0,1000.0,0,0,-0.22199999999999998,-0.16199999999999998,-0.182
28157,0.0,0.0,0.0,1000.0,0,0,-0.20199999999999996,-0.16199999999999998,-0.182
28158,0.0,0.0,0.0,1000.0,0,0,-0.182,-0.16199999999999998,-0.182
28159,0.0,0.0,0.0,1000.0,0,0,-0.16199999999999998,-0.16199999999999998,-0.182
28160,0.0,0.0,0.0,1000.0,0,0,-0.482,-0.14199999999999996,-0.182
28161,0.0,0.0,0.0,1000.0,0,0,-0.46199999999999997,-0.14199999999999996,-0.182
28162,0.0,0.0,0.0,1000.0,0,0,-0.442,-0.14199999999999996,-0.182
28163,0.0,0.0,0.0,1000.0,0,0,-0.422,-0.14199999999999996,-0.182
28164,0.0,0.0,0.0,1000.0,0,0,-0.40199999999999997,-0.14199999999999996,-0.182
28165,0.0,0.0,0.0,1000.0,0,0,-0.382,-0.14199999999999996,-0.182
28166,0.0,0.0,0.0,1000.0,0,0,-0.362,-0.14199999999999996,-0.182
28167,0.0,0.0,0.0,1000.0,0,0,-0.34199999999999997,-0.14199999999999996,-0.182
28168,0.0,0.0,0.0,1000.0,0,0,-0.32199999999999995,-0.14199999999999996,-0.182
28169,0.0,0.0,0.0,1000.0,0,0,-0.302,-0.14199999999999996,-0.182
28170,0.0,0.0,0.0,1000.0,0,0,-0.282,-0.14199999999999996,-0.182
28171,0.0,0.0,0.0,1000.0,0,0,-0.262,-0.14199999999999996,-0.182
28172,0.0,0.0,0.0,1000.0,0,0,-0.242,-0.14199999999999996,-0.182
28173,0.0,0.0,0.0,1000.0,0,0,-0.22199999999999998,-0.14199999999999996,-0.182
28174,0.0,0.0,0.0,1000.0,0,0,-0.20199999999999996,-0.14199999999999996,-0.182
28175,0.0,0.0,0.0,1000.0,0,0,-0.182,-0.14199999999999996,-0.182
28176,0.0,0.0,0.0,1000.0,0,0,-0.16199999999999998,-0.14199999999999996,-0.182
28177,0.0,0.0,0.0,1000.0,0,0,-0.482,-0.122,-0.182
28178,0.0,0.0,0.0,1000.0,0,0,-0.46199999999999997,-0.122,-0.182
28179,0.0,0.0,0.0,1000.0,0,0,-0.442,-0.122,-0.182
28180,0.0,0.0,0.0,1000.0,0,0,-0.422,-0.122,-0.182
28181,0.0,0.0,0.0,1000.0,0,0,-0.40199999999999997,-0.122,-0.182
28182,0.0,0.0,0.0,1000.0,0,0,-0.382,-0.122,-0.182
28183,0.0,0.0,0.0,1000.0,0,0,-0.362,-0.122,-0.182
28184,0.0,0.0,0.0,1000.0,0,0,-0.34199999999999997,-0.122,-0.182
28185,0.0,0.0,0.0,1000.0,0,0,-0.32199999999999995,-0.122,-0.182
28186,0.0,0.0,0.0,1000.0,0,0,-0.302,-0.122,-0.182
28187,0.0,0.0,0.0,1000.0,0,0,-0.282,-0.122,-0.182
28188,0.0,0.0,0.0,1000.0,0,0,-0.262,-0.122,-0.182
28189,0.0,0.0,0.0,1000.0,0,0,-0.242,-0.122,-0.182
28190,0.0,0.0,0.0,1000.0,0,0,-0.22199999999999998,-0.122,-0.182
28191,0.0,0.0,0.0,1000.0,0,0,-0.20199999999999996,-0.122,-0.182
28192,0.0,0.0,0.0,1000.0,0,0,-0.182,-0.122,-0.182
28193,0.0,0.0,0.0,1000.0,0,0,-0.16199999999999998,-0.122,-0.182
28194,0.0,0.0,0.0,1000.0,0,0,-0.482,-0.10199999999999998,-0.182
28195,0.0,0.0,0.0,1000.0,0,0,-0.46199999999999997,-0.10199999999999998,-0.182
28196,0.0,0.0,0.0,1000.0,0,0,-0.442,-0.10199999999999998,-0.182
28197,0.0,0.0,0.0,1000.0,0,0,-0.422,-0.10199999999999998,-0.182
28198,0.0,0.0,0.0,1000.0,0,0,-0.40199999999999997,-0.10199999999999998,-0.182
28199,0.0,0.0,0.0,1000.0,0,0,-0.382,-0.10199999999999998,-0.182
28200,0.0,0.0,0.0,1000.0,0,0,-0.362,-0.10199999999999998,-0.182
28201,0.0,0.0,0.0,1000.0,0,0,-0.34199999999999997,-0.10199999999999998,-0.182
28202,0.0,0.0,0.0,1000.0,0,0,-0.32199999999999995,-0.10199999999999998,-0.182
28203,0.0,0.0,0.0,1000.0,0,0,-0.302,-0.10199999999999998,-0.182
28204,0.0,0.0,0.0,1000.0,0,0,-0.282,-0.10199999999999998,-0.182
28205,0.0,0.0,0.0,1000.0,0,0,-0.262,-0.10199999999999998,-0.182
28206,0.0,0.0,0.0,1000.0,0,0,-0.242,-0.10199999999999998,-0.182
28207,0.0,0.0,0.0,1000.0,0,0,-0.22199999999999998,-0.10199999999999998,-0.182
28208,0.0,0.0,0.0,1000.0,0,0,-0.20199999999999996,-0.10199999999999998,-0.182
28209,0.0,0.0,0.0,1000.0,0,0,-0.182,-0.10199999999999998,-0.182
28210,0.0,0.0,0.0,1000.0,0,0,-0.16199999999999998,-0.10199999999999998,-0.182
28211,0.0,0.0,0.0,1000.0,0,0,-0.482,-0.08199999999999996,-0.182
28212,0.0,0.0,0.0,1000.0,0,0,-0.46199999999999997,-0.08199999999999996,-0.182
28213,0.0,0.0,0.0,1000.0,0,0,-0.442,-0.08199999999999996,-0.182
28214,0.0,0.0,0.0,1000.0,0,0,-0.422,-0.08199999999999996,-0.182
28215,0.0,0.0,0.0,1000.0,0,0,-0.40199999999999997,-0.08199999999999996,-0.182
28216,0.0,0.0,0.0,1000.0,0,0,-0.382,-0.08199999999999996,-0.182
28217,0.0,0.0,0.0,1000.0,0,0,-0.362,-0.08199999999999996,-0.182
28218,0.0,0.0,0.0,1000.0,0,0,-0.34199999999999997,-0.08199999999999996,-0.182
28219,0.0,0.0,0.0,1000.0,0,0,-0.32199999999999995,-0.08199999999999996,-0.182
28220,0.0,0.0,0.0,1000.0,0,0,-0.302,-0.08199999999999996,-0.182
28221,0.0,0.0,0.0,1000.0,0,0,-0.282,-0.08199999999999996,-0.182
28222,0.0,0.0,0.0,1000.0,0,0,-0.262,-0.08199999999999996,-0.182
28223,0.0,0.0,0.0,1000.0,0,0,-0.242,-0.08199999999999996,-0.182
28224,0.0,0.0,0.0,1000.0,0,0,-0.22199999999999998,-0.08199999999999996,-0.182
28225,0.0,0.0,0.0,1000.0,0,0,-0.20199999999999996,-0.08199999999999996,-0.182
28226,0.0,0.0,0.0,1000.0,0,0,-0.182,-0.08199999999999996,-0.182
28227,0.0,0.0,0.0,1000.0,0,0,-0.16199999999999998,-0.08199999999999996,-0.182
28228,0.0,0.0,0.0,1000.0,0,0,-0.482,-0.062,-0.182
28229,0.0,0.0,0.0,1000.0,0,0,-0.46199999999999997,-0.062,-0.182
28230,0.0,0.0,0.0,1000.0,0,0,-0.442,-0.062,-0.182
28231,0.0,0.0,0.0,1000.0,0,0,-0.422,-0.062,-0.182
28232,0.0,0.0,0.0,1000.0,0,0,-0.40199999999999997,-0.062,-0.182
28233,0.0,0.0,0.0,1000.0,0,0,-0.382,-0.062,-0.182
28234,0.0,0.0,0.0,1000.0,0,0,-0.362,-0.062,-0.182
28235,0.0,0.0,0.0,1000.0,0,0,-0.34199999999999997,-0.062,-0.182
28236,0.0,0.0,0.0,1000.0,0,0,-0.32199999999999995,-0.062,-0.182
28237,0.0,0.0,0.0,1000.0,0,0,-0.302,-0.062,-0.182
28238,0.0,0.0,0.0,1000.0,0,0,-0.282,-0.062,-0.182
28239,0.0,0.0,0.0,1000.0,0,0,-0.262,-0.062,-0.182
28240,0.0,0.0,0.0,1000.0,0,0,-0.242,-0.062,-0.182
28241,0.0,0.0,0.0,1000.0,0,0,-0.22199999999999998,-0.062,-0.182
28242,0.0,0.0,0.0,1000.0,0,0,-0.20199999999999996,-0.062,-0.182
28243,0.0,0.0,0.0,1000.0,0,0,-0.182,-0.062,-0.182
28244,0.0,0.0,0.0,1000.0,0,0,-0.16199999999999998,-0.062,-0.182
28245,0.0,0.0,0.0,1000.0,0,0,-0.482,-0.04199999999999998,-0.182
28246,0.0,0.0,0.0,1000.0,0,0,-0.46199999999999997,-0.04199999999999998,-0.182
28247,0.0,0.0,0.0,1000.0,0,0,-0.442,-0.04199999999999998,-0.182
28248,0.0,0.0,0.0,1000.0,0,0,-0.422,-0.04199999999999998,-0.182
28249,0.0,0.0,0.0,1000.0,0,0,-0.40199999999999997,-0.04199999999999998,-0.182
28250,0.0,0.0,0.0,1000.0,0,0,-0.382,-0.04199999999999998,-0.182
28251,0.0,0.0,0.0,1000.0,0,0,-0.362,-0.04199999999999998,-0.182
28252,0.0,0.0,0.0,1000.0,0,0,-0.34199999999999997,-0.04199999999999998,-0.182
28253,0.0,0.0,0.0,1000.0,0,0,-0.32199999999999995,-0.04199999999999998,-0.182
28254,0.0,0.0,0.0,1000.0,0,0,-0.302,-0.04199999999999998,-0.182
28255,0.0,0.0,0.0,1000.0,0,0,-0.282,-0.04199999999999998,-0.182
28256,0.0,0.0,0.0,1000.0,0,0,-0.262,-0.04199999999999998,-0.182
28257,0.0,0.0,0.0,1000.0,0,0,-0.242,-0.04199999999999998,-0.182
28258,0.0,0.0,0.0,1000.0,0,0,-0.22199999999999998,-0.04199999999999998,-0.182
28259,0.0,0.0,0.0,1000.0,0,0,-0.20199999999999996,-0.04199999999999998,-0.182
28260,0.0,0.0,0.0,1000.0,0,0,-0.182,-0.04199999999999998,-0.182
28261,0.0,0.0,0.0,1000.0,0,0,-0.16199999999999998,-0.04199999999999998,-0.182
28262,0.0,0.0,0.0,1000.0,0,0,-0.482,-0.021999999999999964,-0.182
28263,0.0,0.0,0.0,1000.0,0,0,-0.46199999999999997,-0.021999999999999964,-0.182
28264,0.0,0.0,0.0,1000.0,0,0,-0.442,-0.021999999999999964,-0.182
28265,0.0,0.0,0.0,1000.0,0,0,-0.422,-0.021999999999999964,-0.182
28266,0.0,0.0,0.0,1000.0,0,0,-0.40199999999999997,-0.021999999999999964,-0.182
28267,0.0,0.0,0.0,1000.0,0,0,-0.382,-0.021999999999999964,-0.182
28268,0.0,0.0,0.0,1000.0,0,0,-0.362,-0.021999999999999964,-0.182
28269,0.0,0.0,0.0,1000.0,0,0,-0.34199999999999997,-0.021999999999999964,-0.182
28270,0.0,0.0,0.0,1000.0,0,0,-0.32199999999999995,-0.021999999999999964,-0.182
28271,0.0,0.0,0.0,1000.0,0,0,-0.302,-0.021999999999999964,-0.182
28272,0.0,0.0,0.0,1000.0,0,0,-0.282,-0.021999999999999964,-0.182
28273,0.0,0.0,0.0,1000.0,0,0,-0.262,-0.021999999999999964,-0.182
28274,0.0,0.0,0.0,1000.0,0,0,-0.242,-0.021999999999999964,-0.182
28275,0.0,0.0,0.0,1000.0,0,0,-0.22199999999999998,-0.021999999999999964,-0.182
28276,0.0,0.0,0.0,1000.0,0,0,-0.20199999999999996,-0.021999999999999964,-0.182
28277,0.0,0.0,0.0,1000.0,0,0,-0.182,-0.021999999999999964,-0.182
28278,0.0,0.0,0.0,1000.0,0,0,-0.16199999999999998,-0.021999999999999964,-0.182
28279,0.0,0.0,0.0,1000.0,0,0,-0.482,-0.0020000000000000018,-0.182
28280,0.0,0.0,0.0,1000.0,0,0,-0.46199999999999997,-0.0020000000000000018,-0.182
28281,0.0,0.0,0.0,1000.0,0,0,-0.442,-0.0020000000000000018,-0.182
28282,0.0,0.0,0.0,1000.0,0,0,-0.422,-0.0020000000000000018,-0.182
28283,0.0,0.0,0.0,1000.0,0,0,-0.40199999999999997,-0.0020000000000000018,-0.182
28284,0.0,0.0,0.0,1000.0,0,0,-0.382,-0.0020000000000000018,-0.182
28285,0.0,0.0,0.0,1000.0,0,0,-0.362,-0.0020000000000000018,-0.182
28286,0.0,0.0,0.0,1000.0,0,0,-0.34199999999999997,-0.0020000000000000018,-0.182
28287,0.0,0.0,0.0,1000.0,0,0,-0.32199999999999995,-0.0020000000000000018,-0.182
28288,0.0,0.0,0.0,1000.0,0,0,-0.302,-0.0020000000000000018,-0.182
28289,0.0,0.0,0.0,1000.0,0,0,-0.282,-0.0020000000000000018,-0.182
28290,0.0,0.0,0.0,1000.0,0,0,-0.262,-0.0020000000000000018,-0.182
28291,0.0,0.0,0.0,1000.0,0,0,-0.242,-0.0020000000000000018,-0.182
28292,0.0,0.0,0.0,1000.0,0,0,-0.22199999999999998,-0.0020000000000000018,-0.182
28293,0.0,0.0,0.0,1000.0,0,0,-0.20199999999999996,-0.0020000000000000018,-0.182
28294,0.0,0.0,0.0,1000.0,0,0,-0.182,-0.0020000000000000018,-0.182
28295,0.0,0.0,0.0,1000.0,0,0,-0.16199999999999998,-0.0020000000000000018,-0.182
28296,0.0,0.0,0.0,1000.0,0,0,-0.482,0.018000000000000016,-0.182
28297,0.0,0.0,0.0,1000.0,0,0,-0.46199999999999997,0.018000000000000016,-0.182
28298,0.0,0.0,0.0,1000.0,0,0,-0.442,0.018000000000000016,-0.182
28299,0.0,0.0,0.0,1000.0,0,0,-0.422,0.018000000000000016,-0.182
28300,0.0,0.0,0.0,1000.0,0,0,-0.40199999999999997,0.018000000000000016,-0.182
28301,0.0,0.0,0.0,1000.0,0,0,-0.382,0.018000000000000016,-0.182
28302,0.0,0.0,0.0,1000.0,0,0,-0.362,0.018000000000000016,-0.182
28303,0.0,0.0,0.0,1000.0,0,0,-0.34199999999999997,0.018000000000000016,-0.182
28304,0.0,0.0,0.0,1000.0,0,0,-0.32199999999999995,0.018000000000000016,-0.182
28305,0.0,0.0,0.0,1000.0,0,0,-0.302,0.018000000000000016,-0.182
28306,0.0,0.0,0.0,1000.0,0,0,-0.282,0.018000000000000016,-0.182
28307,0.0,0.0,0.0,1000.0,0,0,-0.262,0.018000000000000016,-0.182
28308,0.0,0.0,0.0,1000.0,0,0,-0.242,0.018000000000000016,-0.182
28309,0.0,0.0,0.0,1000.0,0,0,-0.22199999999999998,0.018000000000000016,-0.182
28310,0.0,0.0,0.0,1000.0,0,0,-0.20199999999999996,0.018000000000000016,-0.182
28311,0.0,0.0,0.0,1000.0,0,0,-0.182,0.018000000000000016,-0.182
28312,0.0,0.0,0.0,1000.0,0,0,-0.16199999999999998,0.018000000000000016,-0.182
28313,0.0,0.0,0.0,1000.0,0,0,-0.482,0.038000000000000034,-0.182
28314,0.0,0.0,0.0,1000.0,0,0,-0.46199999999999997,0.038000000000000034,-0.182
28315,0.0,0.0,0.0,1000.0,0,0,-0.442,0.038000000000000034,-0.182
28316,0.0,0.0,0.0,1000.0,0,0,-0.422,0.038000000000000034,-0.182
28317,0.0,0.0,0.0,1000.0,0,0,-0.40199999999999997,0.038000000000000034,-0.182
28318,0.0,0.0,0.0,1000.0,0,0,-0.382,0.038000000000000034,-0.182
28319,0.0,0.0,0.0,1000.0,0,0,-0.362,0.038000000000000034,-0.182
28320,0.0,0.0,0.0,1000.0,0,0,-0.34199999999999997,0.038000000000000034,-0.182
28321,0.0,0.0,0.0,1000.0,0,0,-0.32199999999999995,0.038000000000000034,-0.182
28322,0.0,0.0,0.0,1000.0,0,0,-0.302,0.038000000000000034,-0.182
28323,0.0,0.0,0.0,1000.0,0,0,-0.282,0.038000000000000034,-0.182
28324,0.0,0.0,0.0,1000.0,0,0,-0.262,0.038000000000000034,-0.182
28325,0.0,0.0,0.0,1000.0,0,0,-0.242,0.038000000000000034,-0.182
28326,0.0,0.0,0.0,1000.0,0,0,-0.22199999999999998,0.038000000000000034,-0.182
28327,0.0,0.0,0.0,1000.0,0,0,-0.20199999999999996,0.038000000000000034,-0.182
28328,0.0,0.0,0.0,1000.0,0,0,-0.182,0.038000000000000034,-0.182
28329,0.0,0.0,0.0,1000.0,0,0,-0.16199999999999998,0.038000000000000034,-0.182
28330,0.0,0.0,0.0,1000.0,0,0,-0.482,0.05800000000000005,-0.182
28331,0.0,0.0,0.0,1000.0,0,0,-0.46199999999999997,0.05800000000000005,-0.182
28332,0.0,0.0,0.0,1000.0,0,0,-0.442,0.05800000000000005,-0.182
28333,0.0,0.0,0.0,1000.0,0,0,-0.422,0.05800000000000005,-0.182
28334,0.0,0.0,0.0,1000.0,0,0,-0.40199999999999997,0.05800000000000005,-0.182
28335,0.0,0.0,0.0,1000.0,0,0,-0.382,0.05800000000000005,-0.182
28336,0.0,0.0,0.0,1000.0,0,0,-0.362,0.05800000000000005,-0.182
28337,0.0,0.0,0.0,1000.0,0,0,-0.34199999999999997,0.05800000000000005,-0.182
28338,0.0,0.0,0.0,1000.0,0,0,-0.32199999999999995,0.05800000000000005,-0.182
28339,0.0,0.0,0.0,1000.0,0,0,-0.302,0.05800000000000005,-0.182
28340,0.0,0.0,0.0,1000.0,0,0,-0.282,0.05800000000000005,-0.182
28341,0.0,0.0,0.0,1000.0,0,0,-0.262,0.05800000000000005,-0.182
28342,0.0,0.0,0.0,1000.0,0,0,-0.242,0.05800000000000005,-0.182
28343,0.0,0.0,0.0,1000.0,0,0,-0.22199999999999998,0.05800000000000005,-0.182
28344,0.0,0.0,0.0,1000.0,0,0,-0.20199999999999996,0.05800000000000005,-0.182
28345,0.0,0.0,0.0,1000.0,0,0,-0.182,0.05800000000000005,-0.182
28346,0.0,0.0,0.0,1000.0,0,0,-0.16199999999999998,0.05800000000000005,-0.182
28347,0.0,0.0,0.0,1000.0,0,0,-0.482,0.07800000000000007,-0.182
28348,0.0,0.0,0.0,1000.0,0,0,-0.46199999999999997,0.07800000000000007,-0.182
28349,0.0,0.0,0.0,1000.0,0,0,-0.442,0.07800000000000007,-0.182
28350,0.0,0.0,0.0,1000.0,0,0,-0.422,0.07800000000000007,-0.182
28351,0.0,0.0,0.0,1000.0,0,0,-0.40199999999999997,0.07800000000000007,-0.182
28352,0.0,0.0,0.0,1000.0,0,0,-0.382,0.07800000000000007,-0.182
28353,0.0,0.0,0.0,1000.0,0,0,-0.362,0.07800000000000007,-0.182
28354,0.0,0.0,0.0,1000.0,0,0,-0.34199999999999997,0.07800000000000007,-0.182
28355,0.0,0.0,0.0,1000.0,0,0,-0.32199999999999995,0.07800000000000007,-0.182
28356,0.0,0.0,0.0,1000.0,0,0,-0.302,0.07800000000000007,-0.182
28357,0.0,0.0,0.0,1000.0,0,0,-0.282,0.07800000000000007,-0.182
28358,0.0,0.0,0.0,1000.0,0,0,-0.262,0.07800000000000007,-0.182
28359,0.0,0.0,0.0,1000.0,0,0,-0.242,0.07800000000000007,-0.182
28360,0.0,0.0,0.0,1000.0,0,0,-0.22199999999999998,0.07800000000000007,-0.182
28361,0.0,0.0,0.0,1000.0,0,0,-0.20199999999999996,0.07800000000000007,-0.182
28362,0.0,0.0,0.0,1000.0,0,0,-0.182,0.07800000000000007,-0.182
28363,0.0,0.0,0.0,1000.0,0,0,-0.16199999999999998,0.07800000000000007,-0.182
28364,0.0,0.0,0.0,1000.0,0,0,-0.482,0.09799999999999998,-0.182
28365,0.0,0.0,0.0,1000.0,0,0,-0.46199999999999997,0.09799999999999998,-0.182
28366,0.0,0.0,0.0,1000.0,0,0,-0.442,0.09799999999999998,-0.182
28367,0.0,0.0,0.0,1000.0,0,0,-0.422,0.09799999999999998,-0.182
28368,0.0,0.0,0.0,1000.0,0,0,-0.40199999999999997,0.09799999999999998,-0.182
28369,0.0,0.0,0.0,1000.0,0,0,-0.382,0.09799999999999998,-0.182
28370,0.0,0.0,0.0,1000.0,0,0,-0.362,0.09799999999999998,-0.182
28371,0.0,0.0,0.0,1000.0,0,0,-0.34199999999999997,0.09799999999999998,-0.182
28372,0.0,0.0,0.0,1000.0,0,0,-0.32199999999999995,0.09799999999999998,-0.182
28373,0.0,0.0,0.0,1000.0,0,0,-0.302,0.09799999999999998,-0.182
28374,0.0,0.0,0.0,1000.0,0,0,-0.282,0.09799999999999998,-0.182
28375,0.0,0.0,0.0,1000.0,0,0,-0.262,0.09799999999999998,-0.182
28376,0.0,0.0,0.0,1000.0,0,0,-0.242,0.09799999999999998,-0.182
28377,0.0,0.0,0.0,1000.0,0,0,-0.22199999999999998,0.09799999999999998,-0.182
28378,0.0,0.0,0.0,1000.0,0,0,-0.20199999999999996,0.09799999999999998,-0.182
28379,0.0,0.0,0.0,1000.0,0,0,-0.182,0.09799999999999998,-0.182
28380,0.0,0.0,0.0,1000.0,0,0,-0.16199999999999998,0.09799999999999998,-0.182
28381,0.0,0.0,0.0,1000.0,0,0,-0.482,0.118,-0.182
28382,0.0,0.0,0.0,1000.0,0,0,-0.46199999999999997,0.118,-0.182
28383,0.0,0.0,0.0,1000.0,0,0,-0.442,0.118,-0.182
28384,0.0,0.0,0.0,1000.0,0,0,-0.422,0.118,-0.182
28385,0.0,0.0,0.0,1000.0,0,0,-0.40199999999999997,0.118,-0.182
28386,0.0,0.0,0.0,1000.0,0,0,-0.382,0.118,-0.182
28387,0.0,0.0,0.0,1000.0,0,0,-0.362,0.118,-0.182
28388,0.0,0.0,0.0,1000.0,0,0,-0.34199999999999997,0.118,-0.182
28389,0.0,0.0,0.0,1000.0,0,0,-0.32199999999999995,0.118,-0.182
28390,0.0,0.0,0.0,1000.0,0,0,-0.302,0.118,-0.182
28391,0.0,0.0,0.0,1000.0,0,0,-0.282,0.118,-0.182
28392,0.0,0.0,0.0,1000.0,0,0,-0.262,0.118,-0.182
28393,0.0,0.0,0.0,1000.0,0,0,-0.242,0.118,-0.182
28394,0.0,0.0,0.0,1000.0,0,0,-0.22199999999999998,0.118,-0.182
28395,0.0,0.0,0.0,1000.0,0,0,-0.20199999999999996,0.118,-0.182
28396,0.0,0.0,0.0,1000.0,0,0,-0.182,0.118,-0.182
28397,0.0,0.0,0.0,1000.0,0,0,-0.16199999999999998,0.118,-0.182
28398,0.0,0.0,0.0,1000.0,0,0,-0.482,0.138,-0.182
28399,0.0,0.0,0.0,1000.0,0,0,-0.46199999999999997,0.138,-0.182
28400,0.0,0.0,0.0,1000.0,0,0,-0.442,0.138,-0.182
28401,0.0,0.0,0.0,1000.0,0,0,-0.422,0.138,-0.182
28402,0.0,0.0,0.0,1000.0,0,0,-0.40199999999999997,0.138,-0.182
28403,0.0,0.0,0.0,1000.0,0,0,-0.382,0.138,-0.182
28404,0.0,0.0,0.0,1000.0,0,0,-0.362,0.138,-0.182
28405,0.0,0.0,0.0,1000.0,0,0,-0.34199999999999997,0.138,-0.182
28406,0.0,0.0,0.0,1000.0,0,0,-0.32199999999999995,0.138,-0.182
28407,0.0,0.0,0.0,1000.0,0,0,-0.302,0.138,-0.182
28408,0.0,0.0,0.0,1000.0,0,0,-0.282,0.138,-0.182
28409,0.0,0.0,0.0,1000.0,0,0,-0.262,0.138,-0.182
28410,0.0,0.0,0.0,1000.0,0,0,-0.242,0.138,-0.182
28411,0.0,0.0,0.0,1000.0,0,0,-0.22199999999999998,0.138,-0.182
28412,0.0,0.0,0.0,1000.0,0,0,-0.20199999999999996,0.138,-0.182
28413,0.0,0.0,0.0,1000.0,0,0,-0.182,0.138,-0.182
28414,0.0,0.0,0.0,1000.0,0,0,-0.16199999999999998,0.138,-0.182
28415,0.0,0.0,0.0,1000.0,0,0,-0.482,0.15800000000000003,-0.182
28416,0.0,0.0,0.0,1000.0,0,0,-0.46199999999999997,0.15800000000000003,-0.182
28417,0.0,0.0,0.0,1000.0,0,0,-0.442,0.15800000000000003,-0.182
28418,0.0,0.0,0.0,1000.0,0,0,-0.422,0.15800000000000003,-0.182
28419,0.0,0.0,0.0,1000.0,0,0,-0.40199999999999997,0.15800000000000003,-0.182
28420,0.0,0.0,0.0,1000.0,0,0,-0.382,0.15800000000000003,-0.182
28421,0.0,0.0,0.0,1000.0,0,0,-0.362,0.15800000000000003,-0.182
28422,0.0,0.0,0.0,1000.0,0,0,-0.34199999999999997,0.15800000000000003,-0.182
28423,0.0,0.0,0.0,1000.0,0,0,-0.32199999999999995,0.15800000000000003,-0.182
28424,0.0,0.0,0.0,1000.0,0,0,-0.302,0.15800000000000003,-0.182
28425,0.0,0.0,0.0,1000.0,0,0,-0.282,0.15800000000000003,-0.182
28426,0.0,0.0,0.0,1000.0,0,0,-0.262,0.15800000000000003,-0.182
28427,0.0,0.0,0.0,1000.0,0,0,-0.242,0.15800000000000003,-0.182
28428,0.0,0.0,0.0,1000.0,0,0,-0.22199999999999998,0.15800000000000003,-0.182
28429,0.0,0.0,0.0,1000.0,0,0,-0.20199999999999996,0.15800000000000003,-0.182
28430,0.0,0.0,0.0,1000.0,0,0,-0.182,0.15800000000000003,-0.182
28431,0.0,0.0,0.0,1000.0,0,0,-0.16199999999999998,0.15800000000000003,-0.182
28432,0.0,0.0,0.0,1000.0,0,0,-0.482,0.17800000000000005,-0.182
28433,0.0,0.0,0.0,1000.0,0,0,-0.46199999999999997,0.17800000000000005,-0.182
28434,0.0,0.0,0.0,1000.0,0,0,-0.442,0.17800000000000005,-0.182
28435,0.0,0.0,0.0,1000.0,0,0,-0.422,0.17800000000000005,-0.182
28436,0.0,0.0,0.0,1000.0,0,0,-0.40199999999999997,0.17800000000000005,-0.182
28437,0.0,0.0,0.0,1000.0,0,0,-0.382,0.17800000000000005,-0.182
28438,0.0,0.0,0.0,1000.0,0,0,-0.362,0.17800000000000005,-0.182
28439,0.0,0.0,0.0,1000.0,0,0,-0.34199999999999997,0.17800000000000005,-0.182
28440,0.0,0.0,0.0,1000.0,0,0,-0.32199999999999995,0.17800000000000005,-0.182
28441,0.0,0.0,0.0,1000.0,0,0,-0.302,0.17800000000000005,-0.182
28442,0.0,0.0,0.0,1000.0,0,0,-0.282,0.17800000000000005,-0.182
28443,0.0,0.0,0.0,1000.0,0,0,-0.262,0.17800000000000005,-0.182
28444,0.0,0.0,0.0,1000.0,0,0,-0.242,0.17800000000000005,-0.182
28445,0.0,0.0,0.0,1000.0,0,0,-0.22199999999999998,0.17800000000000005,-0.182
28446,0.0,0.0,0.0,1000.0,0,0,-0.20199999999999996,0.17800000000000005,-0.182
28447,0.0,0.0,0.0,1000.0,0,0,-0.182,0.17800000000000005,-0.182
28448,0.0,0.0,0.0,1000.0,0,0,-0.16199999999999998,0.17800000000000005,-0.182
28449,0.0,0.0,0.0,1000.0,0,0,-0.482,0.19800000000000006,-0.182
28450,0.0,0.0,0.0,1000.0,0,0,-0.46199999999999997,0.19800000000000006,-0.182
28451,0.0,0.0,0.0,1000.0,0,0,-0.442,0.19800000000000006,-0.182
28452,0.0,0.0,0.0,1000.0,0,0,-0.422,0.19800000000000006,-0.182
28453,0.0,0.0,0.0,1000.0,0,0,-0.40199999999999997,0.19800000000000006,-0.182
28454,0.0,0.0,0.0,1000.0,0,0,-0.382,0.19800000000000006,-0.182
28455,0.0,0.0,0.0,1000.0,0,0,-0.362,0.19800000000000006,-0.182
28456,0.0,0.0,0.0,1000.0,0,0,-0.34199999999999997,0.19800000000000006,-0.182
28457,0.0,0.0,0.0,1000.0,0,0,-0.32199999999999995,0.19800000000000006,-0.182
28458,0.0,0.0,0.0,1000.0,0,0,-0.302,0.19800000000000006,-0.182
28459,0.0,0.0,0.0,1000.0,0,0,-0.282,0.19800000000000006,-0.182
28460,0.0,0.0,0.0,1000.0,0,0,-0.262,0.19800000000000006,-0.182
28461,0.0,0.0,0.0,1000.0,0,0,-0.242,0.19800000000000006,-0.182
28462,0.0,0.0,0.0,1000.0,0,0,-0.22199999999999998,0.19800000000000006,-0.182
28463,0.0,0.0,0.0,1000.0,0,0,-0.20199999999999996,0.19800000000000006,-0.182
28464,0.0,0.0,0.0,1000.0,0,0,-0.182,0.19800000000000006,-0.182
28465,0.0,0.0,0.0,1000.0,0,0,-0.16199999999999998,0.19800000000000006,-0.182
28466,0.0,0.0,0.0,1000.0,0,0,-0.482,0.21800000000000008,-0.182
28467,0.0,0.0,0.0,1000.0,0,0,-0.46199999999999997,0.21800000000000008,-0.182
28468,0.0,0.0,0.0,1000.0,0,0,-0.442,0.21800000000000008,-0.182
28469,0.0,0.0,0.0,1000.0,0,0,-0.422,0.21800000000000008,-0.182
28470,0.0,0.0,0.0,1000.0,0,0,-0.40199999999999997,0.21800000000000008,-0.182
28471,0.0,0.0,0.0,1000.0,0,0,-0.382,0.21800000000000008,-0.182
28472,0.0,0.0,0.0,1000.0,0,0,-0.362,0.21800000000000008,-0.182
28473,0.0,0.0,0.0,1000.0,0,0,-0.34199999999999997,0.21800000000000008,-0.182
28474,0.0,0.0,0.0,1000.0,0,0,-0.32199999999999995,0.21800000000000008,-0.182
28475,0.0,0.0,0.0,1000.0,0,0,-0.302,0.21800000000000008,-0.182
28476,0.0,0.0,0.0,1000.0,0,0,-0.282,0.21800000000000008,-0.182
28477,0.0,0.0,0.0,1000.0,0,0,-0.262,0.21800000000000008,-0.182
28478,0.0,0.0,0.0,1000.0,0,0,-0.242,0.21800000000000008,-0.182
28479,0.0,0.0,0.0,1000.0,0,0,-0.22199999999999998,0.21800000000000008,-0.182
28480,0.0,0.0,0.0,1000.0,0,0,-0.20199999999999996,0.21800000000000008,-0.182
28481,0.0,0.0,0.0,1000.0,0,0,-0.182,0.21800000000000008,-0.182
28482,0.0,0.0,0.0,1000.0,0,0,-0.16199999999999998,0.21800000000000008,-0.182
28483,0.0,0.0,0.0,1000.0,0,0,-0.482,0.238,-0.182
28484,0.0,0.0,0.0,1000.0,0,0,-0.46199999999999997,0.238,-0.182
28485,0.0,0.0,0.0,1000.0,0,0,-0.442,0.238,-0.182
28486,0.0,0.0,0.0,1000.0,0,0,-0.422,0.238,-0.182
28487,0.0,0.0,0.0,1000.0,0,0,-0.40199999999999997,0.238,-0.182
28488,0.0,0.0,0.0,1000.0,0,0,-0.382,0.238,-0.182
28489,0.0,0.0,0.0,1000.0,0,0,-0.362,0.238,-0.182
28490,0.0,0.0,0.0,1000.0,0,0,-0.34199999999999997,0.238,-0.182
28491,0.0,0.0,0.0,1000.0,0,0,-0.32199999999999995,0.238,-0.182
28492,0.0,0.0,0.0,1000.0,0,0,-0.302,0.238,-0.182
28493,0.0,0.0,0.0,1000.0,0,0,-0.282,0.238,-0.182
28494,0.0,0.0,0.0,1000.0,0,0,-0.262,0.238,-0.182
28495,0.0,0.0,0.0,1000.0,0,0,-0.242,0.238,-0.182
28496,0.0,0.0,0.0,1000.0,0,0,-0.22199999999999998,0.238,-0.182
28497,0.0,0.0,0.0,1000.0,0,0,-0.20199999999999996,0.238,-0.182
28498,0.0,0.0,0.0,1000.0,0,0,-0.182,0.238,-0.182
28499,0.0,0.0,0.0,1000.0,0,0,-0.16199999999999998,0.238,-0.182
28500,0.0,0.0,0.0,1000.0,0,0,-0.482,0.258,-0.182
28501,0.0,0.0,0.0,1000.0,0,0,-0.46199999999999997,0.258,-0.182
28502,0.0,0.0,0.0,1000.0,0,0,-0.442,0.258,-0.182
28503,0.0,0.0,0.0,1000.0,0,0,-0.422,0.258,-0.182
28504,0.0,0.0,0.0,1000.0,0,0,-0.40199999999999997,0.258,-0.182
28505,0.0,0.0,0.0,1000.0,0,0,-0.382,0.258,-0.182
28506,0.0,0.0,0.0,1000.0,0,0,-0.362,0.258,-0.182
28507,0.0,0.0,0.0,1000.0,0,0,-0.34199999999999997,0.258,-0.182
28508,0.0,0.0,0.0,1000.0,0,0,-0.32199999999999995,0.258,-0.182
28509,0.0,0.0,0.0,1000.0,0,0,-0.302,0.258,-0.182
28510,0.0,0.0,0.0,1000.0,0,0,-0.282,0.258,-0.182
28511,0.0,0.0,0.0,1000.0,0,0,-0.262,0.258,-0.182
28512,0.0,0.0,0.0,1000.0,0,0,-0.242,0.258,-0.182
28513,0.0,0.0,0.0,1000.0,0,0,-0.22199999999999998,0.258,-0.182
28514,0.0,0.0,0.0,1000.0,0,0,-0.20199999999999996,0.258,-0.182
28515,0.0,0.0,0.0,1000.0,0,0,-0.182,0.258,-0.182
28516,0.0,0.0,0.0,1000.0,0,0,-0.16199999999999998,0.258,-0.182
28517,0.0,0.0,0.0,1000.0,0,0,-0.482,0.278,-0.182
28518,0.0,0.0,0.0,1000.0,0,0,-0.46199999999999997,0.278,-0.182
28519,0.0,0.0,0.0,1000.0,0,0,-0.442,0.278,-0.182
28520,0.0,0.0,0.0,1000.0,0,0,-0.422,0.278,-0.182
28521,0.0,0.0,0.0,1000.0,0,0,-0.40199999999999997,0.278,-0.182
28522,0.0,0.0,0.0,1000.0,0,0,-0.382,0.278,-0.182
28523,0.0,0.0,0.0,1000.0,0,0,-0.362,0.278,-0.182
28524,0.0,0.0,0.0,1000.0,0,0,-0.34199999999999997,0.278,-0.182
28525,0.0,0.0,0.0,1000.0,0,0,-0.32199999999999995,0.278,-0.182
28526,0.0,0.0,0.0,1000.0,0,0,-0.302,0.278,-0.182
28527,0.0,0.0,0.0,1000.0,0,0,-0.282,0.278,-0.182
28528,0.0,0.0,0.0,1000.0,0,0,-0.262,0.278,-0.182
28529,0.0,0.0,0.0,1000.0,0,0,-0.242,0.278,-0.182
28530,0.0,0.0,0.0,1000.0,0,0,-0.22199999999999998,0.278,-0.182
28531,0.0,0.0,0.0,1000.0,0,0,-0.20199999999999996,0.278,-0.182
28532,0.0,0.0,0.0,1000.0,0,0,-0.182,0.278,-0.182
28533,0.0,0.0,0.0,1000.0,0,0,-0.16199999999999998,0.278,-0.182
28534,0.0,0.0,0.0,1000.0,0,0,-0.482,0.29800000000000004,-0.182
28535,0.0,0.0,0.0,1000.0,0,0,-0.46199999999999997,0.29800000000000004,-0.182
28536,0.0,0.0,0.0,1000.0,0,0,-0.442,0.29800000000000004,-0.182
28537,0.0,0.0,0.0,1000.0,0,0,-0.422,0.29800000000000004,-0.182
28538,0.0,0.0,0.0,1000.0,0,0,-0.40199999999999997,0.29800000000000004,-0.182
28539,0.0,0.0,0.0,1000.0,0,0,-0.382,0.29800000000000004,-0.182
28540,0.0,0.0,0.0,1000.0,0,0,-0.362,0.29800000000000004,-0.182
28541,0.0,0.0,0.0,1000.0,0,0,-0.34199999999999997,0.29800000000000004,-0.182
28542,0.0,0.0,0.0,1000.0,0,0,-0.32199999999999995,0.29800000000000004,-0.182
28543,0.0,0.0,0.0,1000.0,0,0,-0.302,0.29800000000000004,-0.182
28544,0.0,0.0,0.0,1000.0,0,0,-0.282,0.29800000000000004,-0.182
28545,0.0,0.0,0.0,1000.0,0,0,-0.262,0.29800000000000004,-0.182
28546,0.0,0.0,0.0,1000.0,0,0,-0.242,0.29800000000000004,-0.182
28547,0.0,0.0,0.0,1000.0,0,0,-0.22199999999999998,0.29800000000000004,-0.182
28548,0.0,0.0,0.0,1000.0,0,0,-0.20199999999999996,0.29800000000000004,-0.182
28549,0.0,0.0,0.0,1000.0,0,0,-0.182,0.29800000000000004,-0.182
28550,0.0,0.0,0.0,1000.0,0,0,-0.16199999999999998,0.29800000000000004,-0.182
28551,0.0,0.0,0.0,1000.0,0,0,-0.482,0.31800000000000006,-0.182
28552,0.0,0.0,0.0,1000.0,0,0,-0.46199999999999997,0.31800000000000006,-0.182
28553,0.0,0.0,0.0,1000.0,0,0,-0.442,0.31800000000000006,-0.182
28554,0.0,0.0,0.0,1000.0,0,0,-0.422,0.31800000000000006,-0.182
28555,0.0,0.0,0.0,1000.0,0,0,-0.40199999999999997,0.31800000000000006,-0.182
28556,0.0,0.0,0.0,1000.0,0,0,-0.382,0.31800000000000006,-0.182
28557,0.0,0.0,0.0,1000.0,0,0,-0.362,0.31800000000000006,-0.182
28558,0.0,0.0,0.0,1000.0,0,0,-0.34199999999999997,0.31800000000000006,-0.182
28559,0.0,0.0,0.0,1000.0,0,0,-0.32199999999999995,0.31800000000000006,-0.182
28560,0.0,0.0,0.0,1000.0,0,0,-0.302,0.31800000000000006,-0.182
28561,0.0,0.0,0.0,1000.0,0,0,-0.282,0.31800000000000006,-0.182
28562,0.0,0.0,0.0,1000.0,0,0,-0.262,0.31800000000000006,-0.182
28563,0.0,0.0,0.0,1000.0,0,0,-0.242,0.31800000000000006,-0.182
28564,0.0,0.0,0.0,1000.0,0,0,-0.22199999999999998,0.31800000000000006,-0.182
28565,0.0,0.0,0.0,1000.0,0,0,-0.20199999999999996,0.31800000000000006,-0.182
28566,0.0,0.0,0.0,1000.0,0,0,-0.182,0.31800000000000006,-0.182
28567,0.0,0.0,0.0,1000.0,0,0,-0.16199999999999998,0.31800000000000006,-0.182
28568,0.0,0.0,0.0,1000.0,0,0,-0.482,0.3380000000000001,-0.182
28569,0.0,0.0,0.0,1000.0,0,0,-0.46199999999999997,0.3380000000000001,-0.182
28570,0.0,0.0,0.0,1000.0,0,0,-0.442,0.3380000000000001,-0.182
28571,0.0,0.0,0.0,1000.0,0,0,-0.422,0.3380000000000001,-0.182
28572,0.0,0.0,0.0,1000.0,0,0,-0.40199999999999997,0.3380000000000001,-0.182
28573,0.0,0.0,0.0,1000.0,0,0,-0.382,0.3380000000000001,-0.182
28574,0.0,0.0,0.0,1000.0,0,0,-0.362,0.3380000000000001,-0.182
28575,0.0,0.0,0.0,1000.0,0,0,-0.34199999999999997,0.3380000000000001,-0.182
28576,0.0,0.0,0.0,1000.0,0,0,-0.32199999999999995,0.3380000000000001,-0.182
28577,0.0,0.0,0.0,1000.0,0,0,-0.302,0.3380000000000001,-0.182
28578,0.0,0.0,0.0,1000.0,0,0,-0.282,0.3380000000000001,-0.182
28579,0.0,0.0,0.0,1000.0,0,0,-0.262,0.3380000000000001,-0.182
28580,0.0,0.0,0.0,1000.0,0,0,-0.242,0.3380000000000001,-0.182
28581,0.0,0.0,0.0,1000.0,0,0,-0.22199999999999998,0.3380000000000001,-0.182
28582,0.0,0.0,0.0,1000.0,0,0,-0.20199999999999996,0.3380000000000001,-0.182
28583,0.0,0.0,0.0,1000.0,0,0,-0.182,0.3380000000000001,-0.182
28584,0.0,0.0,0.0,1000.0,0,0,-0.16199999999999998,0.3380000000000001,-0.182
28585,0.0,0.0,0.0,1000.0,0,0,-0.482,0.358,-0.182
28586,0.0,0.0,0.0,1000.0,0,0,-0.46199999999999997,0.358,-0.182
28587,0.0,0.0,0.0,1000.0,0,0,-0.442,0.358,-0.182
28588,0.0,0.0,0.0,1000.0,0,0,-0.422,0.358,-0.182
28589,0.0,0.0,0.0,1000.0,0,0,-0.40199999999999997,0.358,-0.182
28590,0.0,0.0,0.0,1000.0,0,0,-0.382,0.358,-0.182
28591,0.0,0.0,0.0,1000.0,0,0,-0.362,0.358,-0.182
28592,0.0,0.0,0.0,1000.0,0,0,-0.34199999999999997,0.358,-0.182
28593,0.0,0.0,0.0,1000.0,0,0,-0.32199999999999995,0.358,-0.182
28594,0.0,0.0,0.0,1000.0,0,0,-0.302,0.358,-0.182
28595,0.0,0.0,0.0,1000.0,0,0,-0.282,0.358,-0.182
28596,0.0,0.0,0.0,1000.0,0,0,-0.262,0.358,-0.182
28597,0.0,0.0,0.0,1000.0,0,0,-0.242,0.358,-0.182
28598,0.0,0.0,0.0,1000.0,0,0,-0.22199999999999998,0.358,-0.182
28599,0.0,0.0,0.0,1000.0,0,0,-0.20199999999999996,0.358,-0.182
28600,0.0,0.0,0.0,1000.0,0,0,-0.182,0.358,-0.182
28601,0.0,0.0,0.0,1000.0,0,0,-0.16199999999999998,0.358,-0.182
28602,0.0,0.0,0.0,1000.0,0,0,-0.482,0.378,-0.182
28603,0.0,0.0,0.0,1000.0,0,0,-0.46199999999999997,0.378,-0.182
28604,0.0,0.0,0.0,1000.0,0,0,-0.442,0.378,-0.182
28605,0.0,0.0,0.0,1000.0,0,0,-0.422,0.378,-0.182
28606,0.0,0.0,0.0,1000.0,0,0,-0.40199999999999997,0.378,-0.182
28607,0.0,0.0,0.0,1000.0,0,0,-0.382,0.378,-0.182
28608,0.0,0.0,0.0,1000.0,0,0,-0.362,0.378,-0.182
28609,0.0,0.0,0.0,1000.0,0,0,-0.34199999999999997,0.378,-0.182
28610,0.0,0.0,0.0,1000.0,0,0,-0.32199999999999995,0.378,-0.182
28611,0.0,0.0,0.0,1000.0,0,0,-0.302,0.378,-0.182
28612,0.0,0.0,0.0,1000.0,0,0,-0.282,0.378,-0.182
28613,0.0,0.0,0.0,1000.0,0,0,-0.262,0.378,-0.182
28614,0.0,0.0,0.0,1000.0,0,0,-0.242,0.378,-0.182
28615,0.0,0.0,0.0,1000.0,0,0,-0.22199999999999998,0.378,-0.182
28616,0.0,0.0,0.0,1000.0,0,0,-0.20199999999999996,0.378,-0.182
28617,0.0,0.0,0.0,1000.0,0,0,-0.182,0.378,-0.182
28618,0.0,0.0,0.0,1000.0,0,0,-0.16199999999999998,0.378,-0.182
28619,0.0,0.0,0.0,1000.0,0,0,-0.482,0.398,-0.182
28620,0.0,0.0,0.0,1000.0,0,0,-0.46199999999999997,0.398,-0.182
28621,0.0,0.0,0.0,1000.0,0,0,-0.442,0.398,-0.182
28622,0.0,0.0,0.0,1000.0,0,0,-0.422,0.398,-0.182
28623,0.0,0.0,0.0,1000.0,0,0,-0.40199999999999997,0.398,-0.182
28624,0.0,0.0,0.0,1000.0,0,0,-0.382,0.398,-0.182
28625,0.0,0.0,0.0,1000.0,0,0,-0.362,0.398,-0.182
28626,0.0,0.0,0.0,1000.0,0,0,-0.34199999999999997,0.398,-0.182
28627,0.0,0.0,0.0,1000.0,0,0,-0.32199999999999995,0.398,-0.182
28628,0.0,0.0,0.0,1000.0,0,0,-0.302,0.398,-0.182
28629,0.0,0.0,0.0,1000.0,0,0,-0.282,0.398,-0.182
28630,0.0,0.0,0.0,1000.0,0,0,-0.262,0.398,-0.182
28631,0.0,0.0,0.0,1000.0,0,0,-0.242,0.398,-0.182
28632,0.0,0.0,0.0,1000.0,0,0,-0.22199999999999998,0.398,-0.182
28633,0.0,0.0,0.0,1000.0,0,0,-0.20199999999999996,0.398,-0.182
28634,0.0,0.0,0.0,1000.0,0,0,-0.182,0.398,-0.182
28635,0.0,0.0,0.0,1000.0,0,0,-0.16199999999999998,0.398,-0.182
28636,0.0,0.0,0.0,1000.0,0,0,-0.482,0.41800000000000004,-0.182
28637,0.0,0.0,0.0,1000.0,0,0,-0.46199999999999997,0.41800000000000004,-0.182
28638,0.0,0.0,0.0,1000.0,0,0,-0.442,0.41800000000000004,-0.182
28639,0.0,0.0,0.0,1000.0,0,0,-0.422,0.41800000000000004,-0.182
28640,0.0,0.0,0.0,1000.0,0,0,-0.40199999999999997,0.41800000000000004,-0.182
28641,0.0,0.0,0.0,1000.0,0,0,-0.382,0.41800000000000004,-0.182
28642,0.0,0.0,0.0,1000.0,0,0,-0.362,0.41800000000000004,-0.182
28643,0.0,0.0,0.0,1000.0,0,0,-0.34199999999999997,0.41800000000000004,-0.182
28644,0.0,0.0,0.0,1000.0,0,0,-0.32199999999999995,0.41800000000000004,-0.182
28645,0.0,0.0,0.0,1000.0,0,0,-0.302,0.41800000000000004,-0.182
28646,0.0,0.0,0.0,1000.0,0,0,-0.282,0.41800000000000004,-0.182
28647,0.0,0.0,0.0,1000.0,0,0,-0.262,0.41800000000000004,-0.182
28648,0.0,0.0,0.0,1000.0,0,0,-0.242,0.41800000000000004,-0.182
28649,0.0,0.0,0.0,1000.0,0,0,-0.22199999999999998,0.41800000000000004,-0.182
28650,0.0,0.0,0.0,1000.0,0,0,-0.20199999999999996,0.41800000000000004,-0.182
28651,0.0,0.0,0.0,1000.0,0,0,-0.182,0.41800000000000004,-0.182
28652,0.0,0.0,0.0,1000.0,0,0,-0.16199999999999998,0.41800000000000004,-0.182
28653,0.0,0.0,0.0,1000.0,0,0,-0.482,0.43800000000000006,-0.182
28654,0.0,0.0,0.0,1000.0,0,0,-0.46199999999999997,0.43800000000000006,-0.182
28655,0.0,0.0,0.0,1000.0,0,0,-0.442,0.43800000000000006,-0.182
28656,0.0,0.0,0.0,1000.0,0,0,-0.422,0.43800000000000006,-0.182
28657,0.0,0.0,0.0,1000.0,0,0,-0.40199999999999997,0.43800000000000006,-0.182
28658,0.0,0.0,0.0,1000.0,0,0,-0.382,0.43800000000000006,-0.182
28659,0.0,0.0,0.0,1000.0,0,0,-0.362,0.43800000000000006,-0.182
28660,0.0,0.0,0.0,1000.0,0,0,-0.34199999999999997,0.43800000000000006,-0.182
28661,0.0,0.0,0.0,1000.0,0,0,-0.32199999999999995,0.43800000000000006,-0.182
28662,0.0,0.0,0.0,1000.0,0,0,-0.302,0.43800000000000006,-0.182
28663,0.0,0.0,0.0,1000.0,0,0,-0.282,0.43800000000000006,-0.182
28664,0.0,0.0,0.0,1000.0,0,0,-0.262,0.43800000000000006,-0.182
28665,0.0,0.0,0.0,1000.0,0,0,-0.242,0.43800000000000006,-0.182
28666,0.0,0.0,0.0,1000.0,0,0,-0.22199999999999998,0.43800000000000006,-0.182
28667,0.0,0.0,0.0,1000.0,0,0,-0.20199999999999996,0.43800000000000006,-0.182
28668,0.0,0.0,0.0,1000.0,0,0,-0.182,0.43800000000000006,-0.182
28669,0.0,0.0,0.0,1000.0,0,0,-0.16199999999999998,0.43800000000000006,-0.182
28670,0.0,0.0,0.0,1000.0,0,0,-0.482,0.4580000000000001,-0.182
28671,0.0,0.0,0.0,1000.0,0,0,-0.46199999999999997,0.4580000000000001,-0.182
28672,0.0,0.0,0.0,1000.0,0,0,-0.442,0.4580000000000001,-0.182
28673,0.0,0.0,0.0,1000.0,0,0,-0.422,0.4580000000000001,-0.182
28674,0.0,0.0,0.0,1000.0,0,0,-0.40199999999999997,0.4580000000000001,-0.182
28675,0.0,0.0,0.0,1000.0,0,0,-0.382,0.4580000000000001,-0.182
28676,0.0,0.0,0.0,1000.0,0,0,-0.362,0.4580000000000001,-0.182
28677,0.0,0.0,0.0,1000.0,0,0,-0.34199999999999997,0.4580000000000001,-0.182
28678,0.0,0.0,0.0,1000.0,0,0,-0.32199999999999995,0.4580000000000001,-0.182
28679,0.0,0.0,0.0,1000.0,0,0,-0.302,0.4580000000000001,-0.182
28680,0.0,0.0,0.0,1000.0,0,0,-0.282,0.4580000000000001,-0.182
28681,0.0,0.0,0.0,1000.0,0,0,-0.262,0.4580000000000001,-0.182
28682,0.0,0.0,0.0,1000.0,0,0,-0.242,0.4580000000000001,-0.182
28683,0.0,0.0,0.0,1000.0,0,0,-0.22199999999999998,0.4580000000000001,-0.182
28684,0.0,0.0,0.0,1000.0,0,0,-0.20199999999999996,0.4580000000000001,-0.182
28685,0.0,0.0,0.0,1000.0,0,0,-0.182,0.4580000000000001,-0.182
28686,0.0,0.0,0.0,1000.0,0,0,-0.16199999999999998,0.4580000000000001,-0.182
28687,0.0,0.0,0.0,1000.0,0,0,-0.482,0.478,-0.182
28688,0.0,0.0,0.0,1000.0,0,0,-0.46199999999999997,0.478,-0.182
28689,0.0,0.0,0.0,1000.0,0,0,-0.442,0.478,-0.182
28690,0.0,0.0,0.0,1000.0,0,0,-0.422,0.478,-0.182
28691,0.0,0.0,0.0,1000.0,0,0,-0.40199999999999997,0.478,-0.182
28692,0.0,0.0,0.0,1000.0,0,0,-0.382,0.478,-0.182
28693,0.0,0.0,0.0,1000.0,0,0,-0.362,0.478,-0.182
28694,0.0,0.0,0.0,1000.0,0,0,-0.34199999999999997,0.478,-0.182
28695,0.0,0.0,0.0,1000.0,0,0,-0.32199999999999995,0.478,-0.182
28696,0.0,0.0,0.0,1000.0,0,0,-0.302,0.478,-0.182
28697,0.0,0.0,0.0,1000.0,0,0,-0.282,0.478,-0.182
28698,0.0,0.0,0.0,1000.0,0,0,-0.262,0.478,-0.182
28699,0.0,0.0,0.0,1000.0,0,0,-0.242,0.478,-0.182
28700,0.0,0.0,0.0,1000.0,0,0,-0.22199999999999998,0.478,-0.182
28701,0.0,0.0,0.0,1000.0,0,0,-0.20199999999999996,0.478,-0.182
28702,0.0,0.0,0.0,1000.0,0,0,-0.182,0.478,-0.182
28703,0.0,0.0,0.0,1000.0,0,0,-0.16199999999999998,0.478,-0.182
28704,0.0,0.0,0.0,1000.0,0,0,-0.482,-0.482,-0.16199999999999998
28705,0.0,0.0,0.0,1000.0,0,0,-0.46199999999999997,-0.482,-0.16199999999999998
28706,0.0,0.0,0.0,1000.0,0,0,-0.442,-0.482,-0.16199999999999998
28707,0.0,0.0,0.0,1000.0,0,0,-0.422,-0.482,-0.16199999999999998
28708,0.0,0.0,0.0,1000.0,0,0,-0.40199999999999997,-0.482,-0.16199999999999998
28709,0.0,0.0,0.0,1000.0,0,0,-0.382,-0.482,-0.16199999999999998
28710,0.0,0.0,0.0,1000.0,0,0,-0.362,-0.482,-0.16199999999999998
28711,0.0,0.0,0.0,1000.0,0,0,-0.34199999999999997,-0.482,-0.16199999999999998
28712,0.0,0.0,0.0,1000.0,0,0,-0.32199999999999995,-0.482,-0.16199999999999998
28713,0.0,0.0,0.0,1000.0,0,0,-0.302,-0.482,-0.16199999999999998
28714,0.0,0.0,0.0,1000.0,0,0,-0.282,-0.482,-0.16199999999999998
28715,0.0,0.0,0.0,1000.0,0,0,-0.262,-0.482,-0.16199999999999998
28716,0.0,0.0,0.0,1000.0,0,0,-0.242,-0.482,-0.16199999999999998
28717,0.0,0.0,0.0,1000.0,0,0,-0.22199999999999998,-0.482,-0.16199999999999998
28718,0.0,0.0,0.0,1000.0,0,0,-0.20199999999999996,-0.482,-0.16199999999999998
28719,0.0,0.0,0.0,1000.0,0,0,-0.182,-0.482,-0.16199999999999998
28720,0.0,0.0,0.0,1000.0,0,0,-0.16199999999999998,-0.482,-0.16199999999999998
28721,0.0,0.0,0.0,1000.0,0,0,-0.482,-0.46199999999999997,-0.16199999999999998
28722,0.0,0.0,0.0,1000.0,0,0,-0.46199999999999997,-0.46199999999999997,-0.16199999999999998
28723,0.0,0.0,0.0,1000.0,0,0,-0.442,-0.46199999999999997,-0.16199999999999998
28724,0.0,0.0,0.0,1000.0,0,0,-0.422,-0.46199999999999997,-0.16199999999999998
28725,0.0,0.0,0.0,1000.0,0,0,-0.40199999999999997,-0.46199999999999997,-0.16199999999999998
28726,0.0,0.0,0.0,1000.0,0,0,-0.382,-0.46199999999999997,-0.16199999999999998
28727,0.0,0.0,0.0,1000.0,0,0,-0.362,-0.46199999999999997,-0.16199999999999998
28728,0.0,0.0,0.0,1000.0,0,0,-0.34199999999999997,-0.46199999999999997,-0.16199999999999998
28729,0.0,0.0,0.0,1000.0,0,0,-0.32199999999999995,-0.46199999999999997,-0.16199999999999998
28730,0.0,0.0,0.0,1000.0,0,0,-0.302,-0.46199999999999997,-0.16199999999999998
28731,0.0,0.0,0.0,1000.0,0,0,-0.282,-0.46199999999999997,-0.16199999999999998
28732,0.0,0.0,0.0,1000.0,0,0,-0.262,-0.46199999999999997,-0.16199999999999998
28733,0.0,0.0,0.0,1000.0,0,0,-0.242,-0.46199999999999997,-0.16199999999999998
28734,0.0,0.0,0.0,1000.0,0,0,-0.22199999999999998,-0.46199999999999997,-0.16199999999999998
28735,0.0,0.0,0.0,1000.0,0,0,-0.20199999999999996,-0.46199999999999997,-0.16199999999999998
28736,0.0,0.0,0.0,1000.0,0,0,-0.182,-0.46199999999999997,-0.16199999999999998
28737,0.0,0.0,0.0,1000.0,0,0,-0.16199999999999998,-0.46199999999999997,-0.16199999999999998
28738,0.0,0.0,0.0,1000.0,0,0,-0.482,-0.442,-0.16199999999999998
28739,0.0,0.0,0.0,1000.0,0,0,-0.46199999999999997,-0.442,-0.16199999999999998
28740,0.0,0.0,0.0,1000.0,0,0,-0.442,-0.442,-0.16199999999999998
28741,0.0,0.0,0.0,1000.0,0,0,-0.422,-0.442,-0.16199999999999998
28742,0.0,0.0,0.0,1000.0,0,0,-0.40199999999999997,-0.442,-0.16199999999999998
28743,0.0,0.0,0.0,1000.0,0,0,-0.382,-0.442,-0.16199999999999998
28744,0.0,0.0,0.0,1000.0,0,0,-0.362,-0.442,-0.16199999999999998
28745,0.0,0.0,0.0,1000.0,0,0,-0.34199999999999997,-0.442,-0.16199999999999998
28746,0.0,0.0,0.0,1000.0,0,0,-0.32199999999999995,-0.442,-0.16199999999999998
28747,0.0,0.0,0.0,1000.0,0,0,-0.302,-0.442,-0.16199999999999998
28748,0.0,0.0,0.0,1000.0,0,0,-0.282,-0.442,-0.16199999999999998
28749,0.0,0.0,0.0,1000.0,0,0,-0.262,-0.442,-0.16199999999999998
28750,0.0,0.0,0.0,1000.0,0,0,-0.242,-0.442,-0.16199999999999998
28751,0.0,0.0,0.0,1000.0,0,0,-0.22199999999999998,-0.442,-0.16199999999999998
28752,0.0,0.0,0.0,1000.0,0,0,-0.20199999999999996,-0.442,-0.16199999999999998
28753,0.0,0.0,0.0,1000.0,0,0,-0.182,-0.442,-0.16199999999999998
28754,0.0,0.0,0.0,1000.0,0,0,-0.16199999999999998,-0.442,-0.16199999999999998
28755,0.0,0.0,0.0,1000.0,0,0,-0.482,-0.422,-0.16199999999999998
28756,0.0,0.0,0.0,1000.0,0,0,-0.46199999999999997,-0.422,-0.16199999999999998
28757,0.0,0.0,0.0,1000.0,0,0,-0.442,-0.422,-0.16199999999999998
28758,0.0,0.0,0.0,1000.0,0,0,-0.422,-0.422,-0.16199999999999998
28759,0.0,0.0,0.0,1000.0,0,0,-0.40199999999999997,-0.422,-0.16199999999999998
28760,0.0,0.0,0.0,1000.0,0,0,-0.382,-0.422,-0.16199999999999998
28761,0.0,0.0,0.0,1000.0,0,0,-0.362,-0.422,-0.16199999999999998
28762,0.0,0.0,0.0,1000.0,0,0,-0.34199999999999997,-0.422,-0.16199999999999998
28763,0.0,0.0,0.0,1000.0,0,0,-0.32199999999999995,-0.422,-0.16199999999999998
28764,0.0,0.0,0.0,1000.0,0,0,-0.302,-0.422,-0.16199999999999998
28765,0.0,0.0,0.0,1000.0,0,0,-0.282,-0.422,-0.16199999999999998
28766,0.0,0.0,0.0,1000.0,0,0,-0.262,-0.422,-0.16199999999999998
28767,0.0,0.0,0.0,1000.0,0,0,-0.242,-0.422,-0.16199999999999998
28768,0.0,0.0,0.0,1000.0,0,0,-0.22199999999999998,-0.422,-0.16199999999999998
28769,0.0,0.0,0.0,1000.0,0,0,-0.20199999999999996,-0.422,-0.16199999999999998
28770,0.0,0.0,0.0,1000.0,0,0,-0.182,-0.422,-0.16199999999999998
28771,0.0,0.0,0.0,1000.0,0,0,-0.16199999999999998,-0.422,-0.16199999999999998
28772,0.0,0.0,0.0,1000.0,0,0,-0.482,-0.40199999999999997,-0.16199999999999998
28773,0.0,0.0,0.0,1000.0,0,0,-0.46199999999999997,-0.40199999999999997,-0.16199999999999998
28774,0.0,0.0,0.0,1000.0,0,0,-0.442,-0.40199999999999997,-0.16199999999999998
28775,0.0,0.0,0.0,1000.0,0,0,-0.422,-0.40199999999999997,-0.16199999999999998
28776,0.0,0.0,0.0,1000.0,0,0,-0.40199999999999997,-0.40199999999999997,-0.16199999999999998
28777,0.0,0.0,0.0,1000.0,0,0,-0.382,-0.40199999999999997,-0.16199999999999998
28778,0.0,0.0,0.0,1000.0,0,0,-0.362,-0.40199999999999997,-0.16199999999999998
28779,0.0,0.0,0.0,1000.0,0,0,-0.34199999999999997,-0.40199999999999997,-0.16199999999999998
28780,0.0,0.0,0.0,1000.0,0,0,-0.32199999999999995,-0.40199999999999997,-0.16199999999999998
28781,0.0,0.0,0.0,1000.0,0,0,-0.302,-0.40199999999999997,-0.16199999999999998
28782,0.0,0.0,0.0,1000.0,0,0,-0.282,-0.40199999999999997,-0.16199999999999998
28783,0.0,0.0,0.0,1000.0,0,0,-0.262,-0.40199999999999997,-0.16199999999999998
28784,0.0,0.0,0.0,1000.0,0,0,-0.242,-0.40199999999999997,-0.16199999999999998
28785,0.0,0.0,0.0,1000.0,0,0,-0.22199999999999998,-0.40199999999999997,-0.16199999999999998
28786,0.0,0.0,0.0,1000.0,0,0,-0.20199999999999996,-0.40199999999999997,-0.16199999999999998
28787,0.0,0.0,0.0,1000.0,0,0,-0.182,-0.40199999999999997,-0.16199999999999998
28788,0.0,0.0,0.0,1000.0,0,0,-0.16199999999999998,-0.40199999999999997,-0.16199999999999998
28789,0.0,0.0,0.0,1000.0,0,0,-0.482,-0.382,-0.16199999999999998
28790,0.0,0.0,0.0,1000.0,0,0,-0.46199999999999997,-0.382,-0.16199999999999998
28791,0.0,0.0,0.0,1000.0,0,0,-0.442,-0.382,-0.16199999999999998
28792,0.0,0.0,0.0,1000.0,0,0,-0.422,-0.382,-0.16199999999999998
28793,0.0,0.0,0.0,1000.0,0,0,-0.40199999999999997,-0.382,-0.16199999999999998
28794,0.0,0.0,0.0,1000.0,0,0,-0.382,-0.382,-0.16199999999999998
28795,0.0,0.0,0.0,1000.0,0,0,-0.362,-0.382,-0.16199999999999998
28796,0.0,0.0,0.0,1000.0,0,0,-0.34199999999999997,-0.382,-0.16199999999999998
28797,0.0,0.0,0.0,1000.0,0,0,-0.32199999999999995,-0.382,-0.16199999999999998
28798,0.0,0.0,0.0,1000.0,0,0,-0.302,-0.382,-0.16199999999999998
28799,0.0,0.0,0.0,1000.0,0,0,-0.282,-0.382,-0.16199999999999998
28800,0.0,0.0,0.0,1000.0,0,0,-0.262,-0.382,-0.16199999999999998
28801,0.0,0.0,0.0,1000.0,0,0,-0.242,-0.382,-0.16199999999999998
28802,0.0,0.0,0.0,1000.0,0,0,-0.22199999999999998,-0.382,-0.16199999999999998
28803,0.0,0.0,0.0,1000.0,0,0,-0.20199999999999996,-0.382,-0.16199999999999998
28804,0.0,0.0,0.0,1000.0,0,0,-0.182,-0.382,-0.16199999999999998
28805,0.0,0.0,0.0,1000.0,0,0,-0.16199999999999998,-0.382,-0.16199999999999998
28806,0.0,0.0,0.0,1000.0,0,0,-0.482,-0.362,-0.16199999999999998
28807,0.0,0.0,0.0,1000.0,0,0,-0.46199999999999997,-0.362,-0.16199999999999998
28808,0.0,0.0,0.0,1000.0,0,0,-0.442,-0.362,-0.16199999999999998
28809,0.0,0.0,0.0,1000.0,0,0,-0.422,-0.362,-0.16199999999999998
28810,0.0,0.0,0.0,1000.0,0,0,-0.40199999999999997,-0.362,-0.16199999999999998
28811,0.0,0.0,0.0,1000.0,0,0,-0.382,-0.362,-0.16199999999999998
28812,0.0,0.0,0.0,1000.0,0,0,-0.362,-0.362,-0.16199999999999998
28813,0.0,0.0,0.0,1000.0,0,0,-0.34199999999999997,-0.362,-0.16199999999999998
28814,0.0,0.0,0.0,1000.0,0,0,-0.32199999999999995,-0.362,-0.16199999999999998
28815,0.0,0.0,0.0,1000.0,0,0,-0.302,-0.362,-0.16199999999999998
28816,0.0,0.0,0.0,1000.0,0,0,-0.282,-0.362,-0.16199999999999998
28817,0.0,0.0,0.0,1000.0,0,0,-0.262,-0.362,-0.16199999999999998
28818,0.0,0.0,0.0,1000.0,0,0,-0.242,-0.362,-0.16199999999999998
28819,0.0,0.0,0.0,1000.0,0,0,-0.22199999999999998,-0.362,-0.16199999999999998
28820,0.0,0.0,0.0,1000.0,0,0,-0.20199999999999996,-0.362,-0.16199999999999998
28821,0.0,0.0,0.0,1000.0,0,0,-0.182,-0.362,-0.16199999999999998
28822,0.0,0.0,0.0,1000.0,0,0,-0.16199999999999998,-0.362,-0.16199999999999998
28823,0.0,0.0,0.0,1000.0,0,0,-0.482,-0.34199999999999997,-0.16199999999999998
28824,0.0,0.0,0.0,1000.0,0,0,-0.46199999999999997,-0.34199999999999997,-0.16199999999999998
28825,0.0,0.0,0.0,1000.0,0,0,-0.442,-0.34199999999999997,-0.16199999999999998
28826,0.0,0.0,0.0,1000.0,0,0,-0.422,-0.34199999999999997,-0.16199999999999998
28827,0.0,0.0,0.0,1000.0,0,0,-0.40199999999999997,-0.34199999999999997,-0.16199999999999998
28828,0.0,0.0,0.0,1000.0,0,0,-0.382,-0.34199999999999997,-0.16199999999999998
28829,0.0,0.0,0.0,1000.0,0,0,-0.362,-0.34199999999999997,-0.16199999999999998
28830,0.0,0.0,0.0,1000.0,0,0,-0.34199999999999997,-0.34199999999999997,-0.16199999999999998
28831,0.0,0.0,0.0,1000.0,0,0,-0.32199999999999995,-0.34199999999999997,-0.16199999999999998
28832,0.0,0.0,0.0,1000.0,0,0,-0.302,-0.34199999999999997,-0.16199999999999998
28833,0.0,0.0,0.0,1000.0,0,0,-0.282,-0.34199999999999997,-0.16199999999999998
28834,0.0,0.0,0.0,1000.0,0,0,-0.262,-0.34199999999999997,-0.16199999999999998
28835,0.0,0.0,0.0,1000.0,0,0,-0.242,-0.34199999999999997,-0.16199999999999998
28836,0.0,0.0,0.0,1000.0,0,0,-0.22199999999999998,-0.34199999999999997,-0.16199999999999998
28837,0.0,0.0,0.0,1000.0,0,0,-0.20199999999999996,-0.34199999999999997,-0.16199999999999998
28838,0.0,0.0,0.0,1000.0,0,0,-0.182,-0.34199999999999997,-0.16199999999999998
28839,0.0,0.0,0.0,1000.0,0,0,-0.16199999999999998,-0.34199999999999997,-0.16199999999999998
28840,0.0,0.0,0.0,1000.0,0,0,-0.482,-0.32199999999999995,-0.16199999999999998
28841,0.0,0.0,0.0,1000.0,0,0,-0.46199999999999997,-0.32199999999999995,-0.16199999999999998
28842,0.0,0.0,0.0,1000.0,0,0,-0.442,-0.32199999999999995,-0.16199999999999998
28843,0.0,0.0,0.0,1000.0,0,0,-0.422,-0.32199999999999995,-0.16199999999999998
28844,0.0,0.0,0.0,1000.0,0,0,-0.40199999999999997,-0.32199999999999995,-0.16199999999999998
28845,0.0,0.0,0.0,1000.0,0,0,-0.382,-0.32199999999999995,-0.16199999999999998
28846,0.0,0.0,0.0,1000.0,0,0,-0.362,-0.32199999999999995,-0.16199999999999998
28847,0.0,0.0,0.0,1000.0,0,0,-0.34199999999999997,-0.32199999999999995,-0.16199999999999998
28848,0.0,0.0,0.0,1000.0,0,0,-0.32199999999999995,-0.32199999999999995,-0.16199999999999998
28849,0.0,0.0,0.0,1000.0,0,0,-0.302,-0.32199999999999995,-0.16199999999999998
28850,0.0,0.0,0.0,1000.0,0,0,-0.282,-0.32199999999999995,-0.16199999999999998
28851,0.0,0.0,0.0,1000.0,0,0,-0.262,-0.32199999999999995,-0.16199999999999998
28852,0.0,0.0,0.0,1000.0,0,0,-0.242,-0.32199999999999995,-0.16199999999999998
28853,0.0,0.0,0.0,1000.0,0,0,-0.22199999999999998,-0.32199999999999995,-0.16199999999999998
28854,0.0,0.0,0.0,1000.0,0,0,-0.20199999999999996,-0.32199999999999995,-0.16199999999999998
28855,0.0,0.0,0.0,1000.0,0,0,-0.182,-0.32199999999999995,-0.16199999999999998
28856,0.0,0.0,0.0,1000.0,0,0,-0.16199999999999998,-0.32199999999999995,-0.16199999999999998
28857,0.0,0.0,0.0,1000.0,0,0,-0.482,-0.302,-0.16199999999999998
28858,0.0,0.0,0.0,1000.0,0,0,-0.46199999999999997,-0.302,-0.16199999999999998
28859,0.0,0.0,0.0,1000.0,0,0,-0.442,-0.302,-0.16199999999999998
28860,0.0,0.0,0.0,1000.0,0,0,-0.422,-0.302,-0.16199999999999998
28861,0.0,0.0,0.0,1000.0,0,0,-0.40199999999999997,-0.302,-0.16199999999999998
28862,0.0,0.0,0.0,1000.0,0,0,-0.382,-0.302,-0.16199999999999998
28863,0.0,0.0,0.0,1000.0,0,0,-0.362,-0.302,-0.16199999999999998
28864,0.0,0.0,0.0,1000.0,0,0,-0.34199999999999997,-0.302,-0.16199999999999998
28865,0.0,0.0,0.0,1000.0,0,0,-0.32199999999999995,-0.302,-0.16199999999999998
28866,0.0,0.0,0.0,1000.0,0,0,-0.302,-0.302,-0.16199999999999998
28867,0.0,0.0,0.0,1000.0,0,0,-0.282,-0.302,-0.16199999999999998
28868,0.0,0.0,0.0,1000.0,0,0,-0.262,-0.302,-0.16199999999999998
28869,0.0,0.0,0.0,1000.0,0,0,-0.242,-0.302,-0.16199999999999998
28870,0.0,0.0,0.0,1000.0,0,0,-0.22199999999999998,-0.302,-0.16199999999999998
28871,0.0,0.0,0.0,1000.0,0,0,-0.20199999999999996,-0.302,-0.16199999999999998
28872,0.0,0.0,0.0,1000.0,0,0,-0.182,-0.302,-0.16199999999999998
28873,0.0,0.0,0.0,1000.0,0,0,-0.16199999999999998,-0.302,-0.16199999999999998
28874,0.0,0.0,0.0,1000.0,0,0,-0.482,-0.282,-0.16199999999999998
28875,0.0,0.0,0.0,1000.0,0,0,-0.46199999999999997,-0.282,-0.16199999999999998
28876,0.0,0.0,0.0,1000.0,0,0,-0.442,-0.282,-0.16199999999999998
28877,0.0,0.0,0.0,1000.0,0,0,-0.422,-0.282,-0.16199999999999998
28878,0.0,0.0,0.0,1000.0,0,0,-0.40199999999999997,-0.282,-0.16199999999999998
28879,0.0,0.0,0.0,1000.0,0,0,-0.382,-0.282,-0.16199999999999998
28880,0.0,0.0,0.0,1000.0,0,0,-0.362,-0.282,-0.16199999999999998
28881,0.0,0.0,0.0,1000.0,0,0,-0.34199999999999997,-0.282,-0.16199999999999998
28882,0.0,0.0,0.0,1000.0,0,0,-0.32199999999999995,-0.282,-0.16199999999999998
28883,0.0,0.0,0.0,1000.0,0,0,-0.302,-0.282,-0.16199999999999998
28884,0.0,0.0,0.0,1000.0,0,0,-0.282,-0.282,-0.16199999999999998
28885,0.0,0.0,0.0,1000.0,0,0,-0.262,-0.282,-0.16199999999999998
28886,0.0,0.0,0.0,1000.0,0,0,-0.242,-0.282,-0.16199999999999998
28887,0.0,0.0,0.0,1000.0,0,0,-0.22199999999999998,-0.282,-0.16199999999999998
28888,0.0,0.0,0.0,1000.0,0,0,-0.20199999999999996,-0.282,-0.16199999999999998
28889,0.0,0.0,0.0,1000.0,0,0,-0.182,-0.282,-0.16199999999999998
28890,0.0,0.0,0.0,1000.0,0,0,-0.16199999999999998,-0.282,-0.16199999999999998
28891,0.0,0.0,0.0,1000.0,0,0,-0.482,-0.262,-0.16199999999999998
28892,0.0,0.0,0.0,1000.0,0,0,-0.46199999999999997,-0.262,-0.16199999999999998
28893,0.0,0.0,0.0,1000.0,0,0,-0.442,-0.262,-0.16199999999999998
28894,0.0,0.0,0.0,1000.0,0,0,-0.422,-0.262,-0.16199999999999998
28895,0.0,0.0,0.0,1000.0,0,0,-0.40199999999999997,-0.262,-0.16199999999999998
28896,0.0,0.0,0.0,1000.0,0,0,-0.382,-0.262,-0.16199999999999998
28897,0.0,0.0,0.0,1000.0,0,0,-0.362,-0.262,-0.16199999999999998
28898,0.0,0.0,0.0,1000.0,0,0,-0.34199999999999997,-0.262,-0.16199999999999998
28899,0.0,0.0,0.0,1000.0,0,0,-0.32199999999999995,-0.262,-0.16199999999999998
28900,0.0,0.0,0.0,1000.0,0,0,-0.302,-0.262,-0.16199999999999998
28901,0.0,0.0,0.0,1000.0,0,0,-0.282,-0.262,-0.16199999999999998
28902,0.0,0.0,0.0,1000.0,0,0,-0.262,-0.262,-0.16199999999999998
28903,0.0,0.0,0.0,1000.0,0,0,-0.242,-0.262,-0.16199999999999998
28904,0.0,0.0,0.0,1000.0,0,0,-0.22199999999999998,-0.262,-0.16199999999999998
28905,0.0,0.0,0.0,1000.0,0,0,-0.20199999999999996,-0.262,-0.16199999999999998
28906,0.0,0.0,0.0,1000.0,0,0,-0.182,-0.262,-0.16199999999999998
28907,0.0,0.0,0.0,1000.0,0,0,-0.16199999999999998,-0.262,-0.16199999999999998
28908,0.0,0.0,0.0,1000.0,0,0,-0.482,-0.242,-0.16199999999999998
28909,0.0,0.0,0.0,1000.0,0,0,-0.46199999999999997,-0.242,-0.16199999999999998
28910,0.0,0.0,0.0,1000.0,0,0,-0.442,-0.242,-0.16199999999999998
28911,0.0,0.0,0.0,1000.0,0,0,-0.422,-0.242,-0.16199999999999998
28912,0.0,0.0,0.0,1000.0,0,0,-0.40199999999999997,-0.242,-0.16199999999999998
28913,0.0,0.0,0.0,1000.0,0,0,-0.382,-0.242,-0.16199999999999998
28914,0.0,0.0,0.0,1000.0,0,0,-0.362,-0.242,-0.16199999999999998
28915,0.0,0.0,0.0,1000.0,0,0,-0.34199999999999997,-0.242,-0.16199999999999998
28916,0.0,0.0,0.0,1000.0,0,0,-0.32199999999999995,-0.242,-0.16199999999999998
28917,0.0,0.0,0.0,1000.0,0,0,-0.302,-0.242,-0.16199999999999998
28918,0.0,0.0,0.0,1000.0,0,0,-0.282,-0.242,-0.16199999999999998
28919,0.0,0.0,0.0,1000.0,0,0,-0.262,-0.242,-0.16199999999999998
28920,0.0,0.0,0.0,1000.0,0,0,-0.242,-0.242,-0.16199999999999998
28921,0.0,0.0,0.0,1000.0,0,0,-0.22199999999999998,-0.242,-0.16199999999999998
28922,0.0,0.0,0.0,1000.0,0,0,-0.20199999999999996,-0.242,-0.16199999999999998
28923,0.0,0.0,0.0,1000.0,0,0,-0.182,-0.242,-0.16199999999999998
28924,0.0,0.0,0.0,1000.0,0,0,-0.16199999999999998,-0.242,-0.16199999999999998
28925,0.0,0.0,0.0,1000.0,0,0,-0.482,-0.22199999999999998,-0.16199999999999998
28926,0.0,0.0,0.0,1000.0,0,0,-0.46199999999999997,-0.22199999999999998,-0.16199999999999998
28927,0.0,0.0,0.0,1000.0,0,0,-0.442,-0.22199999999999998,-0.16199999999999998
28928,0.0,0.0,0.0,1000.0,0,0,-0.422,-0.22199999999999998,-0.16199999999999998
28929,0.0,0.0,0.0,1000.0,0,0,-0.40199999999999997,-0.22199999999999998,-0.16199999999999998
28930,0.0,0.0,0.0,1000.0,0,0,-0.382,-0.22199999999999998,-0.16199999999999998
28931,0.0,0.0,0.0,1000.0,0,0,-0.362,-0.22199999999999998,-0.16199999999999998
28932,0.0,0.0,0.0,1000.0,0,0,-0.34199999999999997,-0.22199999999999998,-0.16199999999999998
28933,0.0,0.0,0.0,1000.0,0,0,-0.32199999999999995,-0.22199999999999998,-0.16199999999999998
28934,0.0,0.0,0.0,1000.0,0,0,-0.302,-0.22199999999999998,-0.16199999999999998
28935,0.0,0.0,0.0,1000.0,0,0,-0.282,-0.22199999999999998,-0.16199999999999998
28936,0.0,0.0,0.0,1000.0,0,0,-0.262,-0.22199999999999998,-0.16199999999999998
28937,0.0,0.0,0.0,1000.0,0,0,-0.242,-0.22199999999999998,-0.16199999999999998
28938,0.0,0.0,0.0,1000.0,0,0,-0.22199999999999998,-0.22199999999999998,-0.16199999999999998
28939,0.0,0.0,0.0,1000.0,0,0,-0.20199999999999996,-0.22199999999999998,-0.16199999999999998
28940,0.0,0.0,0.0,1000.0,0,0,-0.182,-0.22199999999999998,-0.16199999999999998
28941,0.0,0.0,0.0,1000.0,0,0,-0.16199999999999998,-0.22199999999999998,-0.16199999999999998
28942,0.0,0.0,0.0,1000.0,0,0,-0.482,-0.20199999999999996,-0.16199999999999998
28943,0.0,0.0,0.0,1000.0,0,0,-0.46199999999999997,-0.20199999999999996,-0.16199999999999998
28944,0.0,0.0,0.0,1000.0,0,0,-0.442,-0.20199999999999996,-0.16199999999999998
28945,0.0,0.0,0.0,1000.0,0,0,-0.422,-0.20199999999999996,-0.16199999999999998
28946,0.0,0.0,0.0,1000.0,0,0,-0.40199999999999997,-0.20199999999999996,-0.16199999999999998
28947,0.0,0.0,0.0,1000.0,0,0,-0.382,-0.20199999999999996,-0.16199999999999998
28948,0.0,0.0,0.0,1000.0,0,0,-0.362,-0.20199999999999996,-0.16199999999999998
28949,0.0,0.0,0.0,1000.0,0,0,-0.34199999999999997,-0.20199999999999996,-0.16199999999999998
28950,0.0,0.0,0.0,1000.0,0,0,-0.32199999999999995,-0.20199999999999996,-0.16199999999999998
28951,0.0,0.0,0.0,1000.0,0,0,-0.302,-0.20199999999999996,-0.16199999999999998
28952,0.0,0.0,0.0,1000.0,0,0,-0.282,-0.20199999999999996,-0.16199999999999998
28953,0.0,0.0,0.0,1000.0,0,0,-0.262,-0.20199999999999996,-0.16199999999999998
28954,0.0,0.0,0.0,1000.0,0,0,-0.242,-0.20199999999999996,-0.16199999999999998
28955,0.0,0.0,0.0,1000.0,0,0,-0.22199999999999998,-0.20199999999999996,-0.16199999999999998
28956,0.0,0.0,0.0,1000.0,0,0,-0.20199999999999996,-0.20199999999999996,-0.16199999999999998
28957,0.0,0.0,0.0,1000.0,0,0,-0.182,-0.20199999999999996,-0.16199999999999998
28958,0.0,0.0,0.0,1000.0,0,0,-0.16199999999999998,-0.20199999999999996,-0.16199999999999998
28959,0.0,0.0,0.0,1000.0,0,0,-0.482,-0.182,-0.16199999999999998
28960,0.0,0.0,0.0,1000.0,0,0,-0.46199999999999997,-0.182,-0.16199999999999998
28961,0.0,0.0,0.0,1000.0,0,0,-0.442,-0.182,-0.16199999999999998
28962,0.0,0.0,0.0,1000.0,0,0,-0.422,-0.182,-0.16199999999999998
28963,0.0,0.0,0.0,1000.0,0,0,-0.40199999999999997,-0.182,-0.16199999999999998
28964,0.0,0.0,0.0,1000.0,0,0,-0.382,-0.182,-0.16199999999999998
28965,0.0,0.0,0.0,1000.0,0,0,-0.362,-0.182,-0.16199999999999998
28966,0.0,0.0,0.0,1000.0,0,0,-0.34199999999999997,-0.182,-0.16199999999999998
28967,0.0,0.0,0.0,1000.0,0,0,-0.32199999999999995,-0.182,-0.16199999999999998
28968,0.0,0.0,0.0,1000.0,0,0,-0.302,-0.182,-0.16199999999999998
28969,0.0,0.0,0.0,1000.0,0,0,-0.282,-0.182,-0.16199999999999998
28970,0.0,0.0,0.0,1000.0,0,0,-0.262,-0.182,-0.16199999999999998
28971,0.0,0.0,0.0,1000.0,0,0,-0.242,-0.182,-0.16199999999999998
28972,0.0,0.0,0.0,1000.0,0,0,-0.22199999999999998,-0.182,-0.16199999999999998
28973,0.0,0.0,0.0,1000.0,0,0,-0.20199999999999996,-0.182,-0.16199999999999998
28974,0.0,0.0,0.0,1000.0,0,0,-0.182,-0.182,-0.16199999999999998
28975,0.0,0.0,0.0,1000.0,0,0,-0.16199999999999998,-0.182,-0.16199999999999998
28976,0.0,0.0,0.0,1000.0,0,0,-0.482,-0.16199999999999998,-0.16199999999999998
28977,0.0,0.0,0.0,1000.0,0,0,-0.46199999999999997,-0.16199999999999998,-0.16199999999999998
28978,0.0,0.0,0.0,1000.0,0,0,-0.442,-0.16199999999999998,-0.16199999999999998
28979,0.0,0.0,0.0,1000.0,0,0,-0.422,-0.16199999999999998,-0.16199999999999998
28980,0.0,0.0,0.0,1000.0,0,0,-0.40199999999999997,-0.16199999999999998,-0.16199999999999998
28981,0.0,0.0,0.0,1000.0,0,0,-0.382,-0.16199999999999998,-0.16199999999999998
28982,0.0,0.0,0.0,1000.0,0,0,-0.362,-0.16199999999999998,-0.16199999999999998
28983,0.0,0.0,0.0,1000.0,0,0,-0.34199999999999997,-0.16199999999999998,-0.16199999999999998
28984,0.0,0.0,0.0,1000.0,0,0,-0.32199999999999995,-0.16199999999999998,-0.16199999999999998
28985,0.0,0.0,0.0,1000.0,0,0,-0.302,-0.16199999999999998,-0.16199999999999998
28986,0.0,0.0,0.0,1000.0,0,0,-0.282,-0.16199999999999998,-0.16199999999999998
28987,0.0,0.0,0.0,1000.0,0,0,-0.262,-0.16199999999999998,-0.16199999999999998
28988,0.0,0.0,0.0,1000.0,0,0,-0.242,-0.16199999999999998,-0.16199999999999998
28989,0.0,0.0,0.0,1000.0,0,0,-0.22199999999999998,-0.16199999999999998,-0.16199999999999998
28990,0.0,0.0,0.0,1000.0,0,0,-0.20199999999999996,-0.16199999999999998,-0.16199999999999998
28991,0.0,0.0,0.0,1000.0,0,0,-0.182,-0.16199999999999998,-0.16199999999999998
28992,0.0,0.0,0.0,1000.0,0,0,-0.16199999999999998,-0.16199999999999998,-0.16199999999999998
28993,0.0,0.0,0.0,1000.0,0,0,-0.482,-0.14199999999999996,-0.16199999999999998
28994,0.0,0.0,0.0,1000.0,0,0,-0.46199999999999997,-0.14199999999999996,-0.16199999999999998
28995,0.0,0.0,0.0,1000.0,0,0,-0.442,-0.14199999999999996,-0.16199999999999998
28996,0.0,0.0,0.0,1000.0,0,0,-0.422,-0.14199999999999996,-0.16199999999999998
28997,0.0,0.0,0.0,1000.0,0,0,-0.40199999999999997,-0.14199999999999996,-0.16199999999999998
28998,0.0,0.0,0.0,1000.0,0,0,-0.382,-0.14199999999999996,-0.16199999999999998
28999,0.0,0.0,0.0,1000.0,0,0,-0.362,-0.14199999999999996,-0.16199999999999998
29000,0.0,0.0,0.0,1000.0,0,0,-0.34199999999999997,-0.14199999999999996,-0.16199999999999998
29001,0.0,0.0,0.0,1000.0,0,0,-0.32199999999999995,-0.14199999999999996,-0.16199999999999998
29002,0.0,0.0,0.0,1000.0,0,0,-0.302,-0.14199999999999996,-0.16199999999999998
29003,0.0,0.0,0.0,1000.0,0,0,-0.282,-0.14199999999999996,-0.16199999999999998
29004,0.0,0.0,0.0,1000.0,0,0,-0.262,-0.14199999999999996,-0.16199999999999998
29005,0.0,0.0,0.0,1000.0,0,0,-0.242,-0.14199999999999996,-0.16199999999999998
29006,0.0,0.0,0.0,1000.0,0,0,-0.22199999999999998,-0.14199999999999996,-0.16199999999999998
29007,0.0,0.0,0.0,1000.0,0,0,-0.20199999999999996,-0.14199999999999996,-0.16199999999999998
29008,0.0,0.0,0.0,1000.0,0,0,-0.182,-0.14199999999999996,-0.16199999999999998
29009,0.0,0.0,0.0,1000.0,0,0,-0.16199999999999998,-0.14199999999999996,-0.16199999999999998
29010,0.0,0.0,0.0,1000.0,0,0,-0.482,-0.122,-0.16199999999999998
29011,0.0,0.0,0.0,1000.0,0,0,-0.46199999999999997,-0.122,-0.16199999999999998
29012,0.0,0.0,0.0,1000.0,0,0,-0.442,-0.122,-0.16199999999999998
29013,0.0,0.0,0.0,1000.0,0,0,-0.422,-0.122,-0.16199999999999998
29014,0.0,0.0,0.0,1000.0,0,0,-0.40199999999999997,-0.122,-0.16199999999999998
29015,0.0,0.0,0.0,1000.0,0,0,-0.382,-0.122,-0.16199999999999998
29016,0.0,0.0,0.0,1000.0,0,0,-0.362,-0.122,-0.16199999999999998
29017,0.0,0.0,0.0,1000.0,0,0,-0.34199999999999997,-0.122,-0.16199999999999998
29018,0.0,0.0,0.0,1000.0,0,0,-0.32199999999999995,-0.122,-0.16199999999999998
29019,0.0,0.0,0.0,1000.0,0,0,-0.302,-0.122,-0.16199999999999998
29020,0.0,0.0,0.0,1000.0,0,0,-0.282,-0.122,-0.16199999999999998
29021,0.0,0.0,0.0,1000.0,0,0,-0.262,-0.122,-0.16199999999999998
29022,0.0,0.0,0.0,1000.0,0,0,-0.242,-0.122,-0.16199999999999998
29023,0.0,0.0,0.0,1000.0,0,0,-0.22199999999999998,-0.122,-0.16199999999999998
29024,0.0,0.0,0.0,1000.0,0,0,-0.20199999999999996,-0.122,-0.16199999999999998
29025,0.0,0.0,0.0,1000.0,0,0,-0.182,-0.122,-0.16199999999999998
29026,0.0,0.0,0.0,1000.0,0,0,-0.16199999999999998,-0.122,-0.16199999999999998
29027,0.0,0.0,0.0,1000.0,0,0,-0.482,-0.10199999999999998,-0.16199999999999998
29028,0.0,0.0,0.0,1000.0,0,0,-0.46199999999999997,-0.10199999999999998,-0.16199999999999998
29029,0.0,0.0,0.0,1000.0,0,0,-0.442,-0.10199999999999998,-0.16199999999999998
29030,0.0,0.0,0.0,1000.0,0,0,-0.422,-0.10199999999999998,-0.16199999999999998
29031,0.0,0.0,0.0,1000.0,0,0,-0.40199999999999997,-0.10199999999999998,-0.16199999999999998
29032,0.0,0.0,0.0,1000.0,0,0,-0.382,-0.10199999999999998,-0.16199999999999998
29033,0.0,0.0,0.0,1000.0,0,0,-0.362,-0.10199999999999998,-0.16199999999999998
29034,0.0,0.0,0.0,1000.0,0,0,-0.34199999999999997,-0.10199999999999998,-0.16199999999999998
29035,0.0,0.0,0.0,1000.0,0,0,-0.32199999999999995,-0.10199999999999998,-0.16199999999999998
29036,0.0,0.0,0.0,1000.0,0,0,-0.302,-0.10199999999999998,-0.16199999999999998
29037,0.0,0.0,0.0,1000.0,0,0,-0.282,-0.10199999999999998,-0.16199999999999998
29038,0.0,0.0,0.0,1000.0,0,0,-0.262,-0.10199999999999998,-0.16199999999999998
29039,0.0,0.0,0.0,1000.0,0,0,-0.242,-0.10199999999999998,-0.16199999999999998
29040,0.0,0.0,0.0,1000.0,0,0,-0.22199999999999998,-0.10199999999999998,-0.16199999999999998
29041,0.0,0.0,0.0,1000.0,0,0,-0.20199999999999996,-0.10199999999999998,-0.16199999999999998
29042,0.0,0.0,0.0,1000.0,0,0,-0.182,-0.10199999999999998,-0.16199999999999998
29043,0.0,0.0,0.0,1000.0,0,0,-0.16199999999999998,-0.10199999999999998,-0.16199999999999998
29044,0.0,0.0,0.0,1000.0,0,0,-0.482,-0.08199999999999996,-0.16199999999999998
29045,0.0,0.0,0.0,1000.0,0,0,-0.46199999999999997,-0.08199999999999996,-0.16199999999999998
29046,0.0,0.0,0.0,1000.0,0,0,-0.442,-0.08199999999999996,-0.16199999999999998
29047,0.0,0.0,0.0,1000.0,0,0,-0.422,-0.08199999999999996,-0.16199999999999998
29048,0.0,0.0,0.0,1000.0,0,0,-0.40199999999999997,-0.08199999999999996,-0.16199999999999998
29049,0.0,0.0,0.0,1000.0,0,0,-0.382,-0.08199999999999996,-0.16199999999999998
29050,0.0,0.0,0.0,1000.0,0,0,-0.362,-0.08199999999999996,-0.16199999999999998
29051,0.0,0.0,0.0,1000.0,0,0,-0.34199999999999997,-0.08199999999999996,-0.16199999999999998
29052,0.0,0.0,0.0,1000.0,0,0,-0.32199999999999995,-0.08199999999999996,-0.16199999999999998
29053,0.0,0.0,0.0,1000.0,0,0,-0.302,-0.08199999999999996,-0.16199999999999998
29054,0.0,0.0,0.0,1000.0,0,0,-0.282,-0.08199999999999996,-0.16199999999999998
29055,0.0,0.0,0.0,1000.0,0,0,-0.262,-0.08199999999999996,-0.16199999999999998
29056,0.0,0.0,0.0,1000.0,0,0,-0.242,-0.08199999999999996,-0.16199999999999998
29057,0.0,0.0,0.0,1000.0,0,0,-0.22199999999999998,-0.08199999999999996,-0.16199999999999998
29058,0.0,0.0,0.0,1000.0,0,0,-0.20199999999999996,-0.08199999999999996,-0.16199999999999998
29059,0.0,0.0,0.0,1000.0,0,0,-0.182,-0.08199999999999996,-0.16199999999999998
29060,0.0,0.0,0.0,1000.0,0,0,-0.16199999999999998,-0.08199999999999996,-0.16199999999999998
29061,0.0,0.0,0.0,1000.0,0,0,-0.482,-0.062,-0.16199999999999998
29062,0.0,0.0,0.0,1000.0,0,0,-0.46199999999999997,-0.062,-0.16199999999999998
29063,0.0,0.0,0.0,1000.0,0,0,-0.442,-0.062,-0.16199999999999998
29064,0.0,0.0,0.0,1000.0,0,0,-0.422,-0.062,-0.16199999999999998
29065,0.0,0.0,0.0,1000.0,0,0,-0.40199999999999997,-0.062,-0.16199999999999998
29066,0.0,0.0,0.0,1000.0,0,0,-0.382,-0.062,-0.16199999999999998
29067,0.0,0.0,0.0,1000.0,0,0,-0.362,-0.062,-0.16199999999999998
29068,0.0,0.0,0.0,1000.0,0,0,-0.34199999999999997,-0.062,-0.16199999999999998
29069,0.0,0.0,0.0,1000.0,0,0,-0.32199999999999995,-0.062,-0.16199999999999998
29070,0.0,0.0,0.0,1000.0,0,0,-0.302,-0.062,-0.16199999999999998
29071,0.0,0.0,0.0,1000.0,0,0,-0.282,-0.062,-0.16199999999999998
29072,0.0,0.0,0.0,1000.0,0,0,-0.262,-0.062,-0.16199999999999998
29073,0.0,0.0,0.0,1000.0,0,0,-0.242,-0.062,-0.16199999999999998
29074,0.0,0.0,0.0,1000.0,0,0,-0.22199999999999998,-0.062,-0.16199999999999998
29075,0.0,0.0,0.0,1000.0,0,0,-0.20199999999999996,-0.062,-0.16199999999999998
29076,0.0,0.0,0.0,1000.0,0,0,-0.182,-0.062,-0.16199999999999998
29077,0.0,0.0,0.0,1000.0,0,0,-0.16199999999999998,-0.062,-0.16199999999999998
29078,0.0,0.0,0.0,1000.0,0,0,-0.482,-0.04199999999999998,-0.16199999999999998
29079,0.0,0.0,0.0,1000.0,0,0,-0.46199999999999997,-0.04199999999999998,-0.16199999999999998
29080,0.0,0.0,0.0,1000.0,0,0,-0.442,-0.04199999999999998,-0.16199999999999998
29081,0.0,0.0,0.0,1000.0,0,0,-0.422,-0.04199999999999998,-0.16199999999999998
29082,0.0,0.0,0.0,1000.0,0,0,-0.40199999999999997,-0.04199999999999998,-0.16199999999999998
29083,0.0,0.0,0.0,1000.0,0,0,-0.382,-0.04199999999999998,-0.16199999999999998
29084,0.0,0.0,0.0,1000.0,0,0,-0.362,-0.04199999999999998,-0.16199999999999998
29085,0.0,0.0,0.0,1000.0,0,0,-0.34199999999999997,-0.04199999999999998,-0.16199999999999998
29086,0.0,0.0,0.0,1000.0,0,0,-0.32199999999999995,-0.04199999999999998,-0.16199999999999998
29087,0.0,0.0,0.0,1000.0,0,0,-0.302,-0.04199999999999998,-0.16199999999999998
29088,0.0,0.0,0.0,1000.0,0,0,-0.282,-0.04199999999999998,-0.16199999999999998
29089,0.0,0.0,0.0,1000.0,0,0,-0.262,-0.04199999999999998,-0.16199999999999998
29090,0.0,0.0,0.0,1000.0,0,0,-0.242,-0.04199999999999998,-0.16199999999999998
29091,0.0,0.0,0.0,1000.0,0,0,-0.22199999999999998,-0.04199999999999998,-0.16199999999999998
29092,0.0,0.0,0.0,1000.0,0,0,-0.20199999999999996,-0.04199999999999998,-0.16199999999999998
29093,0.0,0.0,0.0,1000.0,0,0,-0.182,-0.04199999999999998,-0.16199999999999998
29094,0.0,0.0,0.0,1000.0,0,0,-0.16199999999999998,-0.04199999999999998,-0.16199999999999998
29095,0.0,0.0,0.0,1000.0,0,0,-0.482,-0.021999999999999964,-0.16199999999999998
29096,0.0,0.0,0.0,1000.0,0,0,-0.46199999999999997,-0.021999999999999964,-0.16199999999999998
29097,0.0,0.0,0.0,1000.0,0,0,-0.442,-0.021999999999999964,-0.16199999999999998
29098,0.0,0.0,0.0,1000.0,0,0,-0.422,-0.021999999999999964,-0.16199999999999998
29099,0.0,0.0,0.0,1000.0,0,0,-0.40199999999999997,-0.021999999999999964,-0.16199999999999998
29100,0.0,0.0,0.0,1000.0,0,0,-0.382,-0.021999999999999964,-0.16199999999999998
29101,0.0,0.0,0.0,1000.0,0,0,-0.362,-0.021999999999999964,-0.16199999999999998
29102,0.0,0.0,0.0,1000.0,0,0,-0.34199999999999997,-0.021999999999999964,-0.16199999999999998
29103,0.0,0.0,0.0,1000.0,0,0,-0.32199999999999995,-0.021999999999999964,-0.16199999999999998
29104,0.0,0.0,0.0,1000.0,0,0,-0.302,-0.021999999999999964,-0.16199999999999998
29105,0.0,0.0,0.0,1000.0,0,0,-0.282,-0.021999999999999964,-0.16199999999999998
29106,0.0,0.0,0.0,1000.0,0,0,-0.262,-0.021999999999999964,-0.16199999999999998
29107,0.0,0.0,0.0,1000.0,0,0,-0.242,-0.021999999999999964,-0.16199999999999998
29108,0.0,0.0,0.0,1000.0,0,0,-0.22199999999999998,-0.021999999999999964,-0.16199999999999998
29109,0.0,0.0,0.0,1000.0,0,0,-0.20199999999999996,-0.021999999999999964,-0.16199999999999998
29110,0.0,0.0,0.0,1000.0,0,0,-0.182,-0.021999999999999964,-0.16199999999999998
29111,0.0,0.0,0.0,1000.0,0,0,-0.16199999999999998,-0.021999999999999964,-0.16199999999999998
29112,0.0,0.0,0.0,1000.0,0,0,-0.482,-0.0020000000000000018,-0.16199999999999998
29113,0.0,0.0,0.0,1000.0,0,0,-0.46199999999999997,-0.0020000000000000018,-0.16199999999999998
29114,0.0,0.0,0.0,1000.0,0,0,-0.442,-0.0020000000000000018,-0.16199999999999998
29115,0.0,0.0,0.0,1000.0,0,0,-0.422,-0.0020000000000000018,-0.16199999999999998
29116,0.0,0.0,0.0,1000.0,0,0,-0.40199999999999997,-0.0020000000000000018,-0.16199999999999998
29117,0.0,0.0,0.0,1000.0,0,0,-0.382,-0.0020000000000000018,-0.16199999999999998
29118,0.0,0.0,0.0,1000.0,0,0,-0.362,-0.0020000000000000018,-0.16199999999999998
29119,0.0,0.0,0.0,1000.0,0,0,-0.34199999999999997,-0.0020000000000000018,-0.16199999999999998
29120,0.0,0.0,0.0,1000.0,0,0,-0.32199999999999995,-0.0020000000000000018,-0.16199999999999998
29121,0.0,0.0,0.0,1000.0,0,0,-0.302,-0.0020000000000000018,-0.16199999999999998
29122,0.0,0.0,0.0,1000.0,0,0,-0.282,-0.0020000000000000018,-0.16199999999999998
29123,0.0,0.0,0.0,1000.0,0,0,-0.262,-0.0020000000000000018,-0.16199999999999998
29124,0.0,0.0,0.0,1000.0,0,0,-0.242,-0.0020000000000000018,-0.16199999999999998
29125,0.0,0.0,0.0,1000.0,0,0,-0.22199999999999998,-0.0020000000000000018,-0.16199999999999998
29126,0.0,0.0,0.0,1000.0,0,0,-0.20199999999999996,-0.0020000000000000018,-0.16199999999999998
29127,0.0,0.0,0.0,1000.0,0,0,-0.182,-0.0020000000000000018,-0.16199999999999998
29128,0.0,0.0,0.0,1000.0,0,0,-0.16199999999999998,-0.0020000000000000018,-0.16199999999999998
29129,0.0,0.0,0.0,1000.0,0,0,-0.482,0.018000000000000016,-0.16199999999999998
29130,0.0,0.0,0.0,1000.0,0,0,-0.46199999999999997,0.018000000000000016,-0.16199999999999998
29131,0.0,0.0,0.0,1000.0,0,0,-0.442,0.018000000000000016,-0.16199999999999998
29132,0.0,0.0,0.0,1000.0,0,0,-0.422,0.018000000000000016,-0.16199999999999998
29133,0.0,0.0,0.0,1000.0,0,0,-0.40199999999999997,0.018000000000000016,-0.16199999999999998
29134,0.0,0.0,0.0,1000.0,0,0,-0.382,0.018000000000000016,-0.16199999999999998
29135,0.0,0.0,0.0,1000.0,0,0,-0.362,0.018000000000000016,-0.16199999999999998
29136,0.0,0.0,0.0,1000.0,0,0,-0.34199999999999997,0.018000000000000016,-0.16199999999999998
29137,0.0,0.0,0.0,1000.0,0,0,-0.32199999999999995,0.018000000000000016,-0.16199999999999998
29138,0.0,0.0,0.0,1000.0,0,0,-0.302,0.018000000000000016,-0.16199999999999998
29139,0.0,0.0,0.0,1000.0,0,0,-0.282,0.018000000000000016,-0.16199999999999998
29140,0.0,0.0,0.0,1000.0,0,0,-0.262,0.018000000000000016,-0.16199999999999998
29141,0.0,0.0,0.0,1000.0,0,0,-0.242,0.018000000000000016,-0.16199999999999998
29142,0.0,0.0,0.0,1000.0,0,0,-0.22199999999999998,0.018000000000000016,-0.16199999999999998
29143,0.0,0.0,0.0,1000.0,0,0,-0.20199999999999996,0.018000000000000016,-0.16199999999999998
29144,0.0,0.0,0.0,1000.0,0,0,-0.182,0.018000000000000016,-0.16199999999999998
29145,0.0,0.0,0.0,1000.0,0,0,-0.16199999999999998,0.018000000000000016,-0.16199999999999998
29146,0.0,0.0,0.0,1000.0,0,0,-0.482,0.038000000000000034,-0.16199999999999998
29147,0.0,0.0,0.0,1000.0,0,0,-0.46199999999999997,0.038000000000000034,-0.16199999999999998
29148,0.0,0.0,0.0,1000.0,0,0,-0.442,0.038000000000000034,-0.16199999999999998
29149,0.0,0.0,0.0,1000.0,0,0,-0.422,0.038000000000000034,-0.16199999999999998
29150,0.0,0.0,0.0,1000.0,0,0,-0.40199999999999997,0.038000000000000034,-0.16199999999999998
29151,0.0,0.0,0.0,1000.0,0,0,-0.382,0.038000000000000034,-0.16199999999999998
29152,0.0,0.0,0.0,1000.0,0,0,-0.362,0.038000000000000034,-0.16199999999999998
29153,0.0,0.0,0.0,1000.0,0,0,-0.34199999999999997,0.038000000000000034,-0.16199999999999998
29154,0.0,0.0,0.0,1000.0,0,0,-0.32199999999999995,0.038000000000000034,-0.16199999999999998
29155,0.0,0.0,0.0,1000.0,0,0,-0.302,0.038000000000000034,-0.16199999999999998
29156,0.0,0.0,0.0,1000.0,0,0,-0.282,0.038000000000000034,-0.16199999999999998
29157,0.0,0.0,0.0,1000.0,0,0,-0.262,0.038000000000000034,-0.16199999999999998
29158,0.0,0.0,0.0,1000.0,0,0,-0.242,0.038000000000000034,-0.16199999999999998
29159,0.0,0.0,0.0,1000.0,0,0,-0.22199999999999998,0.038000000000000034,-0.16199999999999998
29160,0.0,0.0,0.0,1000.0,0,0,-0.20199999999999996,0.038000000000000034,-0.16199999999999998
29161,0.0,0.0,0.0,1000.0,0,0,-0.182,0.038000000000000034,-0.16199999999999998
29162,0.0,0.0,0.0,1000.0,0,0,-0.16199999999999998,0.038000000000000034,-0.16199999999999998
29163,0.0,0.0,0.0,1000.0,0,0,-0.482,0.05800000000000005,-0.16199999999999998
29164,0.0,0.0,0.0,1000.0,0,0,-0.46199999999999997,0.05800000000000005,-0.16199999999999998
29165,0.0,0.0,0.0,1000.0,0,0,-0.442,0.05800000000000005,-0.16199999999999998
29166,0.0,0.0,0.0,1000.0,0,0,-0.422,0.05800000000000005,-0.16199999999999998
29167,0.0,0.0,0.0,1000.0,0,0,-0.40199999999999997,0.05800000000000005,-0.16199999999999998
29168,0.0,0.0,0.0,1000.0,0,0,-0.382,0.05800000000000005,-0.16199999999999998
29169,0.0,0.0,0.0,1000.0,0,0,-0.362,0.05800000000000005,-0.16199999999999998
29170,0.0,0.0,0.0,1000.0,0,0,-0.34199999999999997,0.05800000000000005,-0.16199999999999998
29171,0.0,0.0,0.0,1000.0,0,0,-0.32199999999999995,0.05800000000000005,-0.16199999999999998
29172,0.0,0.0,0.0,1000.0,0,0,-0.302,0.05800000000000005,-0.16199999999999998
29173,0.0,0.0,0.0,1000.0,0,0,-0.282,0.05800000000000005,-0.16199999999999998
29174,0.0,0.0,0.0,1000.0,0,0,-0.262,0.05800000000000005,-0.16199999999999998
29175,0.0,0.0,0.0,1000.0,0,0,-0.242,0.05800000000000005,-0.16199999999999998
29176,0.0,0.0,0.0,1000.0,0,0,-0.22199999999999998,0.05800000000000005,-0.16199999999999998
29177,0.0,0.0,0.0,1000.0,0,0,-0.20199999999999996,0.05800000000000005,-0.16199999999999998
29178,0.0,0.0,0.0,1000.0,0,0,-0.182,0.05800000000000005,-0.16199999999999998
29179,0.0,0.0,0.0,1000.0,0,0,-0.16199999999999998,0.05800000000000005,-0.16199999999999998
29180,0.0,0.0,0.0,1000.0,0,0,-0.482,0.07800000000000007,-0.16199999999999998
29181,0.0,0.0,0.0,1000.0,0,0,-0.46199999999999997,0.07800000000000007,-0.16199999999999998
29182,0.0,0.0,0.0,1000.0,0,0,-0.442,0.07800000000000007,-0.16199999999999998
29183,0.0,0.0,0.0,1000.0,0,0,-0.422,0.07800000000000007,-0.16199999999999998
29184,0.0,0.0,0.0,1000.0,0,0,-0.40199999999999997,0.07800000000000007,-0.16199999999999998
29185,0.0,0.0,0.0,1000.0,0,0,-0.382,0.07800000000000007,-0.16199999999999998
29186,0.0,0.0,0.0,1000.0,0,0,-0.362,0.07800000000000007,-0.16199999999999998
29187,0.0,0.0,0.0,1000.0,0,0,-0.34199999999999997,0.07800000000000007,-0.16199999999999998
29188,0.0,0.0,0.0,1000.0,0,0,-0.32199999999999995,0.07800000000000007,-0.16199999999999998
29189,0.0,0.0,0.0,1000.0,0,0,-0.302,0.07800000000000007,-0.16199999999999998
29190,0.0,0.0,0.0,1000.0,0,0,-0.282,0.07800000000000007,-0.16199999999999998
29191,0.0,0.0,0.0,1000.0,0,0,-0.262,0.07800000000000007,-0.16199999999999998
29192,0.0,0.0,0.0,1000.0,0,0,-0.242,0.07800000000000007,-0.16199999999999998
29193,0.0,0.0,0.0,1000.0,0,0,-0.22199999999999998,0.07800000000000007,-0.16199999999999998
29194,0.0,0.0,0.0,1000.0,0,0,-0.20199999999999996,0.07800000000000007,-0.16199999999999998
29195,0.0,0.0,0.0,1000.0,0,0,-0.182,0.07800000000000007,-0.16199999999999998
29196,0.0,0.0,0.0,1000.0,0,0,-0.16199999999999998,0.07800000000000007,-0.16199999999999998
29197,0.0,0.0,0.0,1000.0,0,0,-0.482,0.09799999999999998,-0.16199999999999998
29198,0.0,0.0,0.0,1000.0,0,0,-0.46199999999999997,0.09799999999999998,-0.16199999999999998
29199,0.0,0.0,0.0,1000.0,0,0,-0.442,0.09799999999999998,-0.16199999999999998
29200,0.0,0.0,0.0,1000.0,0,0,-0.422,0.09799999999999998,-0.16199999999999998
29201,0.0,0.0,0.0,1000.0,0,0,-0.40199999999999997,0.09799999999999998,-0.16199999999999998
29202,0.0,0.0,0.0,1000.0,0,0,-0.382,0.09799999999999998,-0.16199999999999998
29203,0.0,0.0,0.0,1000.0,0,0,-0.362,0.09799999999999998,-0.16199999999999998
29204,0.0,0.0,0.0,1000.0,0,0,-0.34199999999999997,0.09799999999999998,-0.16199999999999998
29205,0.0,0.0,0.0,1000.0,0,0,-0.32199999999999995,0.09799999999999998,-0.16199999999999998
29206,0.0,0.0,0.0,1000.0,0,0,-0.302,0.09799999999999998,-0.16199999999999998
29207,0.0,0.0,0.0,1000.0,0,0,-0.282,0.09799999999999998,-0.16199999999999998
29208,0.0,0.0,0.0,1000.0,0,0,-0.262,0.09799999999999998,-0.16199999999999998
29209,0.0,0.0,0.0,1000.0,0,0,-0.242,0.09799999999999998,-0.16199999999999998
29210,0.0,0.0,0.0,1000.0,0,0,-0.22199999999999998,0.09799999999999998,-0.16199999999999998
29211,0.0,0.0,0.0,1000.0,0,0,-0.20199999999999996,0.09799999999999998,-0.16199999999999998
29212,0.0,0.0,0.0,1000.0,0,0,-0.182,0.09799999999999998,-0.16199999999999998
29213,0.0,0.0,0.0,1000.0,0,0,-0.16199999999999998,0.09799999999999998,-0.16199999999999998
29214,0.0,0.0,0.0,1000.0,0,0,-0.482,0.118,-0.16199999999999998
29215,0.0,0.0,0.0,1000.0,0,0,-0.46199999999999997,0.118,-0.16199999999999998
29216,0.0,0.0,0.0,1000.0,0,0,-0.442,0.118,-0.16199999999999998
29217,0.0,0.0,0.0,1000.0,0,0,-0.422,0.118,-0.16199999999999998
29218,0.0,0.0,0.0,1000.0,0,0,-0.40199999999999997,0.118,-0.16199999999999998
29219,0.0,0.0,0.0,1000.0,0,0,-0.382,0.118,-0.16199999999999998
29220,0.0,0.0,0.0,1000.0,0,0,-0.362,0.118,-0.16199999999999998
29221,0.0,0.0,0.0,1000.0,0,0,-0.34199999999999997,0.118,-0.16199999999999998
29222,0.0,0.0,0.0,1000.0,0,0,-0.32199999999999995,0.118,-0.16199999999999998
29223,0.0,0.0,0.0,1000.0,0,0,-0.302,0.118,-0.16199999999999998
29224,0.0,0.0,0.0,1000.0,0,0,-0.282,0.118,-0.16199999999999998
29225,0.0,0.0,0.0,1000.0,0,0,-0.262,0.118,-0.16199999999999998
29226,0.0,0.0,0.0,1000.0,0,0,-0.242,0.118,-0.16199999999999998
29227,0.0,0.0,0.0,1000.0,0,0,-0.22199999999999998,0.118,-0.16199999999999998
29228,0.0,0.0,0.0,1000.0,0,0,-0.20199999999999996,0.118,-0.16199999999999998
29229,0.0,0.0,0.0,1000.0,0,0,-0.182,0.118,-0.16199999999999998
29230,0.0,0.0,0.0,1000.0,0,0,-0.16199999999999998,0.118,-0.16199999999999998
29231,0.0,0.0,0.0,1000.0,0,0,-0.482,0.138,-0.16199999999999998
29232,0.0,0.0,0.0,1000.0,0,0,-0.46199999999999997,0.138,-0.16199999999999998
29233,0.0,0.0,0.0,1000.0,0,0,-0.442,0.138,-0.16199999999999998
29234,0.0,0.0,0.0,1000.0,0,0,-0.422,0.138,-0.16199999999999998
29235,0.0,0.0,0.0,1000.0,0,0,-0.40199999999999997,0.138,-0.16199999999999998
29236,0.0,0.0,0.0,1000.0,0,0,-0.382,0.138,-0.16199999999999998
29237,0.0,0.0,0.0,1000.0,0,0,-0.362,0.138,-0.16199999999999998
29238,0.0,0.0,0.0,1000.0,0,0,-0.34199999999999997,0.138,-0.16199999999999998
29239,0.0,0.0,0.0,1000.0,0,0,-0.32199999999999995,0.138,-0.16199999999999998
29240,0.0,0.0,0.0,1000.0,0,0,-0.302,0.138,-0.16199999999999998
29241,0.0,0.0,0.0,1000.0,0,0,-0.282,0.138,-0.16199999999999998
29242,0.0,0.0,0.0,1000.0,0,0,-0.262,0.138,-0.16199999999999998
29243,0.0,0.0,0.0,1000.0,0,0,-0.242,0.138,-0.16199999999999998
29244,0.0,0.0,0.0,1000.0,0,0,-0.22199999999999998,0.138,-0.16199999999999998
29245,0.0,0.0,0.0,1000.0,0,0,-0.20199999999999996,0.138,-0.16199999999999998
29246,0.0,0.0,0.0,1000.0,0,0,-0.182,0.138,-0.16199999999999998
29247,0.0,0.0,0.0,1000.0,0,0,-0.16199999999999998,0.138,-0.16199999999999998
29248,0.0,0.0,0.0,1000.0,0,0,-0.482,0.15800000000000003,-0.16199999999999998
29249,0.0,0.0,0.0,1000.0,0,0,-0.46199999999999997,0.15800000000000003,-0.16199999999999998
29250,0.0,0.0,0.0,1000.0,0,0,-0.442,0.15800000000000003,-0.16199999999999998
29251,0.0,0.0,0.0,1000.0,0,0,-0.422,0.15800000000000003,-0.16199999999999998
29252,0.0,0.0,0.0,1000.0,0,0,-0.40199999999999997,0.15800000000000003,-0.16199999999999998
29253,0.0,0.0,0.0,1000.0,0,0,-0.382,0.15800000000000003,-0.16199999999999998
29254,0.0,0.0,0.0,1000.0,0,0,-0.362,0.15800000000000003,-0.16199999999999998
29255,0.0,0.0,0.0,1000.0,0,0,-0.34199999999999997,0.15800000000000003,-0.16199999999999998
29256,0.0,0.0,0.0,1000.0,0,0,-0.32199999999999995,0.15800000000000003,-0.16199999999999998
29257,0.0,0.0,0.0,1000.0,0,0,-0.302,0.15800000000000003,-0.16199999999999998
29258,0.0,0.0,0.0,1000.0,0,0,-0.282,0.15800000000000003,-0.16199999999999998
29259,0.0,0.0,0.0,1000.0,0,0,-0.262,0.15800000000000003,-0.16199999999999998
29260,0.0,0.0,0.0,1000.0,0,0,-0.242,0.15800000000000003,-0.16199999999999998
29261,0.0,0.0,0.0,1000.0,0,0,-0.22199999999999998,0.15800000000000003,-0.16199999999999998
29262,0.0,0.0,0.0,1000.0,0,0,-0.20199999999999996,0.15800000000000003,-0.16199999999999998
29263,0.0,0.0,0.0,1000.0,0,0,-0.182,0.15800000000000003,-0.16199999999999998
29264,0.0,0.0,0.0,1000.0,0,0,-0.16199999999999998,0.15800000000000003,-0.16199999999999998
29265,0.0,0.0,0.0,1000.0,0,0,-0.482,0.17800000000000005,-0.16199999999999998
29266,0.0,0.0,0.0,1000.0,0,0,-0.46199999999999997,0.17800000000000005,-0.16199999999999998
29267,0.0,0.0,0.0,1000.0,0,0,-0.442,0.17800000000000005,-0.16199999999999998
29268,0.0,0.0,0.0,1000.0,0,0,-0.422,0.17800000000000005,-0.16199999999999998
29269,0.0,0.0,0.0,1000.0,0,0,-0.40199999999999997,0.17800000000000005,-0.16199999999999998
29270,0.0,0.0,0.0,1000.0,0,0,-0.382,0.17800000000000005,-0.16199999999999998
29271,0.0,0.0,0.0,1000.0,0,0,-0.362,0.17800000000000005,-0.16199999999999998
29272,0.0,0.0,0.0,1000.0,0,0,-0.34199999999999997,0.17800000000000005,-0.16199999999999998
29273,0.0,0.0,0.0,1000.0,0,0,-0.32199999999999995,0.17800000000000005,-0.16199999999999998
29274,0.0,0.0,0.0,1000.0,0,0,-0.302,0.17800000000000005,-0.16199999999999998
29275,0.0,0.0,0.0,1000.0,0,0,-0.282,0.17800000000000005,-0.16199999999999998
29276,0.0,0.0,0.0,1000.0,0,0,-0.262,0.17800000000000005,-0.16199999999999998
29277,0.0,0.0,0.0,1000.0,0,0,-0.242,0.17800000000000005,-0.16199999999999998
29278,0.0,0.0,0.0,1000.0,0,0,-0.22199999999999998,0.17800000000000005,-0.16199999999999998
29279,0.0,0.0,0.0,1000.0,0,0,-0.20199999999999996,0.17800000000000005,-0.16199999999999998
29280,0.0,0.0,0.0,1000.0,0,0,-0.182,0.17800000000000005,-0.16199999999999998
29281,0.0,0.0,0.0,1000.0,0,0,-0.16199999999999998,0.17800000000000005,-0.16199999999999998
29282,0.0,0.0,0.0,1000.0,0,0,-0.482,0.19800000000000006,-0.16199999999999998
29283,0.0,0.0,0.0,1000.0,0,0,-0.46199999999999997,0.19800000000000006,-0.16199999999999998
29284,0.0,0.0,0.0,1000.0,0,0,-0.442,0.19800000000000006,-0.16199999999999998
29285,0.0,0.0,0.0,1000.0,0,0,-0.422,0.19800000000000006,-0.16199999999999998
29286,0.0,0.0,0.0,1000.0,0,0,-0.40199999999999997,0.19800000000000006,-0.16199999999999998
29287,0.0,0.0,0.0,1000.0,0,0,-0.382,0.19800000000000006,-0.16199999999999998
29288,0.0,0.0,0.0,1000.0,0,0,-0.362,0.19800000000000006,-0.16199999999999998
29289,0.0,0.0,0.0,1000.0,0,0,-0.34199999999999997,0.19800000000000006,-0.16199999999999998
29290,0.0,0.0,0.0,1000.0,0,0,-0.32199999999999995,0.19800000000000006,-0.16199999999999998
29291,0.0,0.0,0.0,1000.0,0,0,-0.302,0.19800000000000006,-0.16199999999999998
29292,0.0,0.0,0.0,1000.0,0,0,-0.282,0.19800000000000006,-0.16199999999999998
29293,0.0,0.0,0.0,1000.0,0,0,-0.262,0.19800000000000006,-0.16199999999999998
29294,0.0,0.0,0.0,1000.0,0,0,-0.242,0.19800000000000006,-0.16199999999999998
29295,0.0,0.0,0.0,1000.0,0,0,-0.22199999999999998,0.19800000000000006,-0.16199999999999998
29296,0.0,0.0,0.0,1000.0,0,0,-0.20199999999999996,0.19800000000000006,-0.16199999999999998
29297,0.0,0.0,0.0,1000.0,0,0,-0.182,0.19800000000000006,-0.16199999999999998
29298,0.0,0.0,0.0,1000.0,0,0,-0.16199999999999998,0.19800000000000006,-0.16199999999999998
29299,0.0,0.0,0.0,1000.0,0,0,-0.482,0.21800000000000008,-0.16199999999999998
29300,0.0,0.0,0.0,1000.0,0,0,-0.46199999999999997,0.21800000000000008,-0.16199999999999998
29301,0.0,0.0,0.0,1000.0,0,0,-0.442,0.21800000000000008,-0.16199999999999998
29302,0.0,0.0,0.0,1000.0,0,0,-0.422,0.21800000000000008,-0.16199999999999998
29303,0.0,0.0,0.0,1000.0,0,0,-0.40199999999999997,0.21800000000000008,-0.16199999999999998
29304,0.0,0.0,0.0,1000.0,0,0,-0.382,0.21800000000000008,-0.16199999999999998
29305,0.0,0.0,0.0,1000.0,0,0,-0.362,0.21800000000000008,-0.16199999999999998
29306,0.0,0.0,0.0,1000.0,0,0,-0.34199999999999997,0.21800000000000008,-0.16199999999999998
29307,0.0,0.0,0.0,1000.0,0,0,-0.32199999999999995,0.21800000000000008,-0.16199999999999998
29308,0.0,0.0,0.0,1000.0,0,0,-0.302,0.21800000000000008,-0.16199999999999998
29309,0.0,0.0,0.0,1000.0,0,0,-0.282,0.21800000000000008,-0.16199999999999998
29310,0.0,0.0,0.0,1000.0,0,0,-0.262,0.21800000000000008,-0.16199999999999998
29311,0.0,0.0,0.0,1000.0,0,0,-0.242,0.21800000000000008,-0.16199999999999998
29312,0.0,0.0,0.0,1000.0,0,0,-0.22199999999999998,0.21800000000000008,-0.16199999999999998
29313,0.0,0.0,0.0,1000.0,0,0,-0.20199999999999996,0.21800000000000008,-0.16199999999999998
29314,0.0,0.0,0.0,1000.0,0,0,-0.182,0.21800000000000008,-0.16199999999999998
29315,0.0,0.0,0.0,1000.0,0,0,-0.16199999999999998,0.21800000000000008,-0.16199999999999998
29316,0.0,0.0,0.0,1000.0,0,0,-0.482,0.238,-0.16199999999999998
29317,0.0,0.0,0.0,1000.0,0,0,-0.46199999999999997,0.238,-0.16199999999999998
29318,0.0,0.0,0.0,1000.0,0,0,-0.442,0.238,-0.16199999999999998
29319,0.0,0.0,0.0,1000.0,0,0,-0.422,0.238,-0.16199999999999998
29320,0.0,0.0,0.0,1000.0,0,0,-0.40199999999999997,0.238,-0.16199999999999998
29321,0.0,0.0,0.0,1000.0,0,0,-0.382,0.238,-0.16199999999999998
29322,0.0,0.0,0.0,1000.0,0,0,-0.362,0.238,-0.16199999999999998
29323,0.0,0.0,0.0,1000.0,0,0,-0.34199999999999997,0.238,-0.16199999999999998
29324,0.0,0.0,0.0,1000.0,0,0,-0.32199999999999995,0.238,-0.16199999999999998
29325,0.0,0.0,0.0,1000.0,0,0,-0.302,0.238,-0.16199999999999998
29326,0.0,0.0,0.0,1000.0,0,0,-0.282,0.238,-0.16199999999999998
29327,0.0,0.0,0.0,1000.0,0,0,-0.262,0.238,-0.16199999999999998
29328,0.0,0.0,0.0,1000.0,0,0,-0.242,0.238,-0.16199999999999998
29329,0.0,0.0,0.0,1000.0,0,0,-0.22199999999999998,0.238,-0.16199999999999998
29330,0.0,0.0,0.0,1000.0,0,0,-0.20199999999999996,0.238,-0.16199999999999998
29331,0.0,0.0,0.0,1000.0,0,0,-0.182,0.238,-0.16199999999999998
29332,0.0,0.0,0.0,1000.0,0,0,-0.16199999999999998,0.238,-0.16199999999999998
29333,0.0,0.0,0.0,1000.0,0,0,-0.482,0.258,-0.16199999999999998
29334,0.0,0.0,0.0,1000.0,0,0,-0.46199999999999997,0.258,-0.16199999999999998
29335,0.0,0.0,0.0,1000.0,0,0,-0.442,0.258,-0.16199999999999998
29336,0.0,0.0,0.0,1000.0,0,0,-0.422,0.258,-0.16199999999999998
29337,0.0,0.0,0.0,1000.0,0,0,-0.40199999999999997,0.258,-0.16199999999999998
29338,0.0,0.0,0.0,1000.0,0,0,-0.382,0.258,-0.16199999999999998
29339,0.0,0.0,0.0,1000.0,0,0,-0.362,0.258,-0.16199999999999998
29340,0.0,0.0,0.0,1000.0,0,0,-0.34199999999999997,0.258,-0.16199999999999998
29341,0.0,0.0,0.0,1000.0,0,0,-0.32199999999999995,0.258,-0.16199999999999998
29342,0.0,0.0,0.0,1000.0,0,0,-0.302,0.258,-0.16199999999999998
29343,0.0,0.0,0.0,1000.0,0,0,-0.282,0.258,-0.16199999999999998
29344,0.0,0.0,0.0,1000.0,0,0,-0.262,0.258,-0.16199999999999998
29345,0.0,0.0,0.0,1000.0,0,0,-0.242,0.258,-0.16199999999999998
29346,0.0,0.0,0.0,1000.0,0,0,-0.22199999999999998,0.258,-0.16199999999999998
29347,0.0,0.0,0.0,1000.0,0,0,-0.20199999999999996,0.258,-0.16199999999999998
29348,0.0,0.0,0.0,1000.0,0,0,-0.182,0.258,-0.16199999999999998
29349,0.0,0.0,0.0,1000.0,0,0,-0.16199999999999998,0.258,-0.16199999999999998
29350,0.0,0.0,0.0,1000.0,0,0,-0.482,0.278,-0.16199999999999998
29351,0.0,0.0,0.0,1000.0,0,0,-0.46199999999999997,0.278,-0.16199999999999998
29352,0.0,0.0,0.0,1000.0,0,0,-0.442,0.278,-0.16199999999999998
29353,0.0,0.0,0.0,1000.0,0,0,-0.422,0.278,-0.16199999999999998
29354,0.0,0.0,0.0,1000.0,0,0,-0.40199999999999997,0.278,-0.16199999999999998
29355,0.0,0.0,0.0,1000.0,0,0,-0.382,0.278,-0.16199999999999998
29356,0.0,0.0,0.0,1000.0,0,0,-0.362,0.278,-0.16199999999999998
29357,0.0,0.0,0.0,1000.0,0,0,-0.34199999999999997,0.278,-0.16199999999999998
29358,0.0,0.0,0.0,1000.0,0,0,-0.32199999999999995,0.278,-0.16199999999999998
29359,0.0,0.0,0.0,1000.0,0,0,-0.302,0.278,-0.16199999999999998
29360,0.0,0.0,0.0,1000.0,0,0,-0.282,0.278,-0.16199999999999998
29361,0.0,0.0,0.0,1000.0,0,0,-0.262,0.278,-0.16199999999999998
29362,0.0,0.0,0.0,1000.0,0,0,-0.242,0.278,-0.16199999999999998
29363,0.0,0.0,0.0,1000.0,0,0,-0.22199999999999998,0.278,-0.16199999999999998
29364,0.0,0.0,0.0,1000.0,0,0,-0.20199999999999996,0.278,-0.16199999999999998
29365,0.0,0.0,0.0,1000.0,0,0,-0.182,0.278,-0.16199999999999998
29366,0.0,0.0,0.0,1000.0,0,0,-0.16199999999999998,0.278,-0.16199999999999998
29367,0.0,0.0,0.0,1000.0,0,0,-0.482,0.29800000000000004,-0.16199999999999998
29368,0.0,0.0,0.0,1000.0,0,0,-0.46199999999999997,0.29800000000000004,-0.16199999999999998
29369,0.0,0.0,0.0,1000.0,0,0,-0.442,0.29800000000000004,-0.16199999999999998
29370,0.0,0.0,0.0,1000.0,0,0,-0.422,0.29800000000000004,-0.16199999999999998
29371,0.0,0.0,0.0,1000.0,0,0,-0.40199999999999997,0.29800000000000004,-0.16199999999999998
29372,0.0,0.0,0.0,1000.0,0,0,-0.382,0.29800000000000004,-0.16199999999999998
29373,0.0,0.0,0.0,1000.0,0,0,-0.362,0.29800000000000004,-0.16199999999999998
29374,0.0,0.0,0.0,1000.0,0,0,-0.34199999999999997,0.29800000000000004,-0.16199999999999998
29375,0.0,0.0,0.0,1000.0,0,0,-0.32199999999999995,0.29800000000000004,-0.16199999999999998
29376,0.0,0.0,0.0,1000.0,0,0,-0.302,0.29800000000000004,-0.16199999999999998
29377,0.0,0.0,0.0,1000.0,0,0,-0.282,0.29800000000000004,-0.16199999999999998
29378,0.0,0.0,0.0,1000.0,0,0,-0.262,0.29800000000000004,-0.16199999999999998
29379,0.0,0.0,0.0,1000.0,0,0,-0.242,0.29800000000000004,-0.16199999999999998
29380,0.0,0.0,0.0,1000.0,0,0,-0.22199999999999998,0.29800000000000004,-0.16199999999999998
29381,0.0,0.0,0.0,1000.0,0,0,-0.20199999999999996,0.29800000000000004,-0.16199999999999998
29382,0.0,0.0,0.0,1000.0,0,0,-0.182,0.29800000000000004,-0.16199999999999998
29383,0.0,0.0,0.0,1000.0,0,0,-0.16199999999999998,0.29800000000000004,-0.16199999999999998
29384,0.0,0.0,0.0,1000.0,0,0,-0.482,0.31800000000000006,-0.16199999999999998
29385,0.0,0.0,0.0,1000.0,0,0,-0.46199999999999997,0.31800000000000006,-0.16199999999999998
29386,0.0,0.0,0.0,1000.0,0,0,-0.442,0.31800000000000006,-0.16199999999999998
29387,0.0,0.0,0.0,1000.0,0,0,-0.422,0.31800000000000006,-0.16199999999999998
29388,0.0,0.0,0.0,1000.0,0,0,-0.40199999999999997,0.31800000000000006,-0.16199999999999998
29389,0.0,0.0,0.0,1000.0,0,0,-0.382,0.31800000000000006,-0.16199999999999998
29390,0.0,0.0,0.0,1000.0,0,0,-0.362,0.31800000000000006,-0.16199999999999998
29391,0.0,0.0,0.0,1000.0,0,0,-0.34199999999999997,0.31800000000000006,-0.16199999999999998
29392,0.0,0.0,0.0,1000.0,0,0,-0.32199999999999995,0.31800000000000006,-0.16199999999999998
29393,0.0,0.0,0.0,1000.0,0,0,-0.302,0.31800000000000006,-0.16199999999999998
29394,0.0,0.0,0.0,1000.0,0,0,-0.282,0.31800000000000006,-0.16199999999999998
29395,0.0,0.0,0.0,1000.0,0,0,-0.262,0.31800000000000006,-0.16199999999999998
29396,0.0,0.0,0.0,1000.0,0,0,-0.242,0.31800000000000006,-0.16199999999999998
29397,0.0,0.0,0.0,1000.0,0,0,-0.22199999999999998,0.31800000000000006,-0.16199999999999998
29398,0.0,0.0,0.0,1000.0,0,0,-0.20199999999999996,0.31800000000000006,-0.16199999999999998
29399,0.0,0.0,0.0,1000.0,0,0,-0.182,0.31800000000000006,-0.16199999999999998
29400,0.0,0.0,0.0,1000.0,0,0,-0.16199999999999998,0.31800000000000006,-0.16199999999999998
29401,0.0,0.0,0.0,1000.0,0,0,-0.482,0.3380000000000001,-0.16199999999999998
29402,0.0,0.0,0.0,1000.0,0,0,-0.46199999999999997,0.3380000000000001,-0.16199999999999998
29403,0.0,0.0,0.0,1000.0,0,0,-0.442,0.3380000000000001,-0.16199999999999998
29404,0.0,0.0,0.0,1000.0,0,0,-0.422,0.3380000000000001,-0.16199999999999998
29405,0.0,0.0,0.0,1000.0,0,0,-0.40199999999999997,0.3380000000000001,-0.16199999999999998
29406,0.0,0.0,0.0,1000.0,0,0,-0.382,0.3380000000000001,-0.16199999999999998
29407,0.0,0.0,0.0,1000.0,0,0,-0.362,0.3380000000000001,-0.16199999999999998
29408,0.0,0.0,0.0,1000.0,0,0,-0.34199999999999997,0.3380000000000001,-0.16199999999999998
29409,0.0,0.0,0.0,1000.0,0,0,-0.32199999999999995,0.3380000000000001,-0.16199999999999998
29410,0.0,0.0,0.0,1000.0,0,0,-0.302,0.3380000000000001,-0.16199999999999998
29411,0.0,0.0,0.0,1000.0,0,0,-0.282,0.3380000000000001,-0.16199999999999998
29412,0.0,0.0,0.0,1000.0,0,0,-0.262,0.3380000000000001,-0.16199999999999998
29413,0.0,0.0,0.0,1000.0,0,0,-0.242,0.3380000000000001,-0.16199999999999998
29414,0.0,0.0,0.0,1000.0,0,0,-0.22199999999999998,0.3380000000000001,-0.16199999999999998
29415,0.0,0.0,0.0,1000.0,0,0,-0.20199999999999996,0.3380000000000001,-0.16199999999999998
29416,0.0,0.0,0.0,1000.0,0,0,-0.182,0.3380000000000001,-0.16199999999999998
29417,0.0,0.0,0.0,1000.0,0,0,-0.16199999999999998,0.3380000000000001,-0.16199999999999998
29418,0.0,0.0,0.0,1000.0,0,0,-0.482,0.358,-0.16199999999999998
29419,0.0,0.0,0.0,1000.0,0,0,-0.46199999999999997,0.358,-0.16199999999999998
29420,0.0,0.0,0.0,1000.0,0,0,-0.442,0.358,-0.16199999999999998
29421,0.0,0.0,0.0,1000.0,0,0,-0.422,0.358,-0.16199999999999998
29422,0.0,0.0,0.0,1000.0,0,0,-0.40199999999999997,0.358,-0.16199999999999998
29423,0.0,0.0,0.0,1000.0,0,0,-0.382,0.358,-0.16199999999999998
29424,0.0,0.0,0.0,1000.0,0,0,-0.362,0.358,-0.16199999999999998
29425,0.0,0.0,0.0,1000.0,0,0,-0.34199999999999997,0.358,-0.16199999999999998
29426,0.0,0.0,0.0,1000.0,0,0,-0.32199999999999995,0.358,-0.16199999999999998
29427,0.0,0.0,0.0,1000.0,0,0,-0.302,0.358,-0.16199999999999998
29428,0.0,0.0,0.0,1000.0,0,0,-0.282,0.358,-0.16199999999999998
29429,0.0,0.0,0.0,1000.0,0,0,-0.262,0.358,-0.16199999999999998
29430,0.0,0.0,0.0,1000.0,0,0,-0.242,0.358,-0.16199999999999998
29431,0.0,0.0,0.0,1000.0,0,0,-0.22199999999999998,0.358,-0.16199999999999998
29432,0.0,0.0,0.0,1000.0,0,0,-0.20199999999999996,0.358,-0.16199999999999998
29433,0.0,0.0,0.0,1000.0,0,0,-0.182,0.358,-0.16199999999999998
29434,0.0,0.0,0.0,1000.0,0,0,-0.16199999999999998,0.358,-0.16199999999999998
29435,0.0,0.0,0.0,1000.0,0,0,-0.482,0.378,-0.16199999999999998
29436,0.0,0.0,0.0,1000.0,0,0,-0.46199999999999997,0.378,-0.16199999999999998
29437,0.0,0.0,0.0,1000.0,0,0,-0.442,0.378,-0.16199999999999998
29438,0.0,0.0,0.0,1000.0,0,0,-0.422,0.378,-0.16199999999999998
29439,0.0,0.0,0.0,1000.0,0,0,-0.40199999999999997,0.378,-0.16199999999999998
29440,0.0,0.0,0.0,1000.0,0,0,-0.382,0.378,-0.16199999999999998
29441,0.0,0.0,0.0,1000.0,0,0,-0.362,0.378,-0.16199999999999998
29442,0.0,0.0,0.0,1000.0,0,0,-0.34199999999999997,0.378,-0.16199999999999998
29443,0.0,0.0,0.0,1000.0,0,0,-0.32199999999999995,0.378,-0.16199999999999998
29444,0.0,0.0,0.0,1000.0,0,0,-0.302,0.378,-0.16199999999999998
29445,0.0,0.0,0.0,1000.0,0,0,-0.282,0.378,-0.16199999999999998
29446,0.0,0.0,0.0,1000.0,0,0,-0.262,0.378,-0.16199999999999998
29447,0.0,0.0,0.0,1000.0,0,0,-0.242,0.378,-0.16199999999999998
29448,0.0,0.0,0.0,1000.0,0,0,-0.22199999999999998,0.378,-0.16199999999999998
29449,0.0,0.0,0.0,1000.0,0,0,-0.20199999999999996,0.378,-0.16199999999999998
29450,0.0,0.0,0.0,1000.0,0,0,-0.182,0.378,-0.16199999999999998
29451,0.0,0.0,0.0,1000.0,0,0,-0.16199999999999998,0.378,-0.16199999999999998
29452,0.0,0.0,0.0,1000.0,0,0,-0.482,0.398,-0.16199999999999998
29453,0.0,0.0,0.0,1000.0,0,0,-0.46199999999999997,0.398,-0.16199999999999998
29454,0.0,0.0,0.0,1000.0,0,0,-0.442,0.398,-0.16199999999999998
29455,0.0,0.0,0.0,1000.0,0,0,-0.422,0.398,-0.16199999999999998
29456,0.0,0.0,0.0,1000.0,0,0,-0.40199999999999997,0.398,-0.16199999999999998
29457,0.0,0.0,0.0,1000.0,0,0,-0.382,0.398,-0.16199999999999998
29458,0.0,0.0,0.0,1000.0,0,0,-0.362,0.398,-0.16199999999999998
29459,0.0,0.0,0.0,1000.0,0,0,-0.34199999999999997,0.398,-0.16199999999999998
29460,0.0,0.0,0.0,1000.0,0,0,-0.32199999999999995,0.398,-0.16199999999999998
29461,0.0,0.0,0.0,1000.0,0,0,-0.302,0.398,-0.16199999999999998
29462,0.0,0.0,0.0,1000.0,0,0,-0.282,0.398,-0.16199999999999998
29463,0.0,0.0,0.0,1000.0,0,0,-0.262,0.398,-0.16199999999999998
29464,0.0,0.0,0.0,1000.0,0,0,-0.242,0.398,-0.16199999999999998
29465,0.0,0.0,0.0,1000.0,0,0,-0.22199999999999998,0.398,-0.16199999999999998
29466,0.0,0.0,0.0,1000.0,0,0,-0.20199999999999996,0.398,-0.16199999999999998
29467,0.0,0.0,0.0,1000.0,0,0,-0.182,0.398,-0.16199999999999998
29468,0.0,0.0,0.0,1000.0,0,0,-0.16199999999999998,0.398,-0.16199999999999998
29469,0.0,0.0,0.0,1000.0,0,0,-0.482,0.41800000000000004,-0.16199999999999998
29470,0.0,0.0,0.0,1000.0,0,0,-0.46199999999999997,0.41800000000000004,-0.16199999999999998
29471,0.0,0.0,0.0,1000.0,0,0,-0.442,0.41800000000000004,-0.16199999999999998
29472,0.0,0.0,0.0,1000.0,0,0,-0.422,0.41800000000000004,-0.16199999999999998
29473,0.0,0.0,0.0,1000.0,0,0,-0.40199999999999997,0.41800000000000004,-0.16199999999999998
29474,0.0,0.0,0.0,1000.0,0,0,-0.382,0.41800000000000004,-0.16199999999999998
29475,0.0,0.0,0.0,1000.0,0,0,-0.362,0.41800000000000004,-0.16199999999999998
29476,0.0,0.0,0.0,1000.0,0,0,-0.34199999999999997,0.41800000000000004,-0.16199999999999998
29477,0.0,0.0,0.0,1000.0,0,0,-0.32199999999999995,0.41800000000000004,-0.16199999999999998
29478,0.0,0.0,0.0,1000.0,0,0,-0.302,0.41800000000000004,-0.16199999999999998
29479,0.0,0.0,0.0,1000.0,0,0,-0.282,0.41800000000000004,-0.16199999999999998
29480,0.0,0.0,0.0,1000.0,0,0,-0.262,0.41800000000000004,-0.16199999999999998
29481,0.0,0.0,0.0,1000.0,0,0,-0.242,0.41800000000000004,-0.16199999999999998
29482,0.0,0.0,0.0,1000.0,0,0,-0.22199999999999998,0.41800000000000004,-0.16199999999999998
29483,0.0,0.0,0.0,1000.0,0,0,-0.20199999999999996,0.41800000000000004,-0.16199999999999998
29484,0.0,0.0,0.0,1000.0,0,0,-0.182,0.41800000000000004,-0.16199999999999998
29485,0.0,0.0,0.0,1000.0,0,0,-0.16199999999999998,0.41800000000000004,-0.16199999999999998
29486,0.0,0.0,0.0,1000.0,0,0,-0.482,0.43800000000000006,-0.16199999999999998
29487,0.0,0.0,0.0,1000.0,0,0,-0.46199999999999997,0.43800000000000006,-0.16199999999999998
29488,0.0,0.0,0.0,1000.0,0,0,-0.442,0.43800000000000006,-0.16199999999999998
29489,0.0,0.0,0.0,1000.0,0,0,-0.422,0.43800000000000006,-0.16199999999999998
29490,0.0,0.0,0.0,1000.0,0,0,-0.40199999999999997,0.43800000000000006,-0.16199999999999998
29491,0.0,0.0,0.0,1000.0,0,0,-0.382,0.43800000000000006,-0.16199999999999998
29492,0.0,0.0,0.0,1000.0,0,0,-0.362,0.43800000000000006,-0.16199999999999998
29493,0.0,0.0,0.0,1000.0,0,0,-0.34199999999999997,0.43800000000000006,-0.16199999999999998
29494,0.0,0.0,0.0,1000.0,0,0,-0.32199999999999995,0.43800000000000006,-0.16199999999999998
29495,0.0,0.0,0.0,1000.0,0,0,-0.302,0.43800000000000006,-0.16199999999999998
29496,0.0,0.0,0.0,1000.0,0,0,-0.282,0.43800000000000006,-0.16199999999999998
29497,0.0,0.0,0.0,1000.0,0,0,-0.262,0.43800000000000006,-0.16199999999999998
29498,0.0,0.0,0.0,1000.0,0,0,-0.242,0.43800000000000006,-0.16199999999999998
29499,0.0,0.0,0.0,1000.0,0,0,-0.22199999999999998,0.43800000000000006,-0.16199999999999998
29500,0.0,0.0,0.0,1000.0,0,0,-0.20199999999999996,0.43800000000000006,-0.16199999999999998
29501,0.0,0.0,0.0,1000.0,0,0,-0.182,0.43800000000000006,-0.16199999999999998
29502,0.0,0.0,0.0,1000.0,0,0,-0.16199999999999998,0.43800000000000006,-0.16199999999999998
29503,0.0,0.0,0.0,1000.0,0,0,-0.482,0.4580000000000001,-0.16199999999999998
29504,0.0,0.0,0.0,1000.0,0,0,-0.46199999999999997,0.4580000000000001,-0.16199999999999998
29505,0.0,0.0,0.0,1000.0,0,0,-0.442,0.4580000000000001,-0.16199999999999998
29506,0.0,0.0,0.0,1000.0,0,0,-0.422,0.4580000000000001,-0.16199999999999998
29507,0.0,0.0,0.0,1000.0,0,0,-0.40199999999999997,0.4580000000000001,-0.16199999999999998
29508,0.0,0.0,0.0,1000.0,0,0,-0.382,0.4580000000000001,-0.16199999999999998
29509,0.0,0.0,0.0,1000.0,0,0,-0.362,0.4580000000000001,-0.16199999999999998
29510,0.0,0.0,0.0,1000.0,0,0,-0.34199999999999997,0.4580000000000001,-0.16199999999999998
29511,0.0,0.0,0.0,1000.0,0,0,-0.32199999999999995,0.4580000000000001,-0.16199999999999998
29512,0.0,0.0,0.0,1000.0,0,0,-0.302,0.4580000000000001,-0.16199999999999998
29513,0.0,0.0,0.0,1000.0,0,0,-0.282,0.4580000000000001,-0.16199999999999998
29514,0.0,0.0,0.0,1000.0,0,0,-0.262,0.4580000000000001,-0.16199999999999998
29515,0.0,0.0,0.0,1000.0,0,0,-0.242,0.4580000000000001,-0.16199999999999998
29516,0.0,0.0,0.0,1000.0,0,0,-0.22199999999999998,0.4580000000000001,-0.16199999999999998
29517,0.0,0.0,0.0,1000.0,0,0,-0.20199999999999996,0.4580000000000001,-0.16199999999999998
29518,0.0,0.0,0.0,1000.0,0,0,-0.182,0.4580000000000001,-0.16199999999999998
29519,0.0,0.0,0.0,1000.0,0,0,-0.16199999999999998,0.4580000000000001,-0.16199999999999998
29520,0.0,0.0,0.0,1000.0,0,0,-0.482,0.478,-0.16199999999999998
29521,0.0,0.0,0.0,1000.0,0,0,-0.46199999999999997,0.478,-0.16199999999999998
29522,0.0,0.0,0.0,1000.0,0,0,-0.442,0.478,-0.16199999999999998
29523,0.0,0.0,0.0,1000.0,0,0,-0.422,0.478,-0.16199999999999998
29524,0.0,0.0,0.0,1000.0,0,0,-0.40199999999999997,0.478,-0.16199999999999998
29525,0.0,0.0,0.0,1000.0,0,0,-0.382,0.478,-0.16199999999999998
29526,0.0,0.0,0.0,1000.0,0,0,-0.362,0.478,-0.16199999999999998
29527,0.0,0.0,0.0,1000.0,0,0,-0.34199999999999997,0.478,-0.16199999999999998
29528,0.0,0.0,0.0,1000.0,0,0,-0.32199999999999995,0.478,-0.16199999999999998
29529,0.0,0.0,0.0,1000.0,0,0,-0.302,0.478,-0.16199999999999998
29530,0.0,0.0,0.0,1000.0,0,0,-0.282,0.478,-0.16199999999999998
29531,0.0,0.0,0.0,1000.0,0,0,-0.262,0.478,-0.16199999999999998
29532,0.0,0.0,0.0,1000.0,0,0,-0.242,0.478,-0.16199999999999998
29533,0.0,0.0,0.0,1000.0,0,0,-0.22199999999999998,0.478,-0.16199999999999998
29534,0.0,0.0,0.0,1000.0,0,0,-0.20199999999999996,0.478,-0.16199999999999998
29535,0.0,0.0,0.0,1000.0,0,0,-0.182,0.478,-0.16199999999999998
29536,0.0,0.0,0.0,1000.0,0,0,-0.16199999999999998,0.478,-0.16199999999999998
