"Idp","Vel:0","Vel:1","Vel:2","Rhop","Type","Mk","Points:0","Points:1","Points:2"
29537,0.0,0.0,0.0,1000.0,0,0,0.1607,-0.482,-0.482
29538,0.0,0.0,0.0,1000.0,0,0,0.1807,-0.482,-0.482
29539,0.0,0.0,0.0,1000.0,0,0,0.20070000000000002,-0.482,-0.482
29540,0.0,0.0,0.0,1000.0,0,0,0.2207,-0.482,-0.482
29541,0.0,0.0,0.0,1000.0,0,0,0.24070000000000003,-0.482,-0.482
29542,0.0,0.0,0.0,1000.0,0,0,0.26070000000000004,-0.482,-0.482
29543,0.0,0.0,0.0,1000.0,0,0,0.2807,-0.482,-0.482
29544,0.0,0.0,0.0,1000.0,0,0,0.3007,-0.482,-0.482
29545,0.0,0.0,0.0,1000.0,0,0,0.3207,-0.482,-0.482
29546,0.0,0.0,0.0,1000.0,0,0,0.3407,-0.482,-0.482
29547,0.0,0.0,0.0,1000.0,0,0,0.3607,-0.482,-0.482
29548,0.0,0.0,0.0,1000.0,0,0,0.38070000000000004,-0.482,-0.482
29549,0.0,0.0,0.0,1000.0,0,0,0.4007,-0.482,-0.482
29550,0.0,0.0,0.0,1000.0,0,0,0.4207,-0.482,-0.482
29551,0.0,0.0,0.0,1000.0,0,0,0.44070000000000004,-0.482,-0.482
29552,0.0,0.0,0.0,1000.0,0,0,0.4607,-0.482,-0.482
29553,0.0,0.0,0.0,1000.0,0,0,0.4807,-0.482,-0.482
29554,0.0,0.0,0.0,1000.0,0,0,0.1607,-0.46199999999999997,-0.482
29555,0.0,0.0,0.0,1000.0,0,0,0.1807,-0.46199999999999997,-0.482
29556,0.0,0.0,0.0,1000.0,0,0,0.20070000000000002,-0.46199999999999997,-0.482
29557,0.0,0.0,0.0,1000.0,0,0,0.2207,-0.46199999999999997,-0.482
29558,0.0,0.0,0.0,1000.0,0,0,0.24070000000000003,-0.46199999999999997,-0.482
29559,0.0,0.0,0.0,1000.0,0,0,0.26070000000000004,-0.46199999999999997,-0.482
29560,0.0,0.0,0.0,1000.0,0,0,0.2807,-0.46199999999999997,-0.482
29561,0.0,0.0,0.0,1000.0,0,0,0.3007,-0.46199999999999997,-0.482
29562,0.0,0.0,0.0,1000.0,0,0,0.3207,-0.46199999999999997,-0.482
29563,0.0,0.0,0.0,1000.0,0,0,0.3407,-0.46199999999999997,-0.482
29564,0.0,0.0,0.0,1000.0,0,0,0.3607,-0.46199999999999997,-0.482
29565,0.0,0.0,0.0,1000.0,0,0,0.38070000000000004,-0.46199999999999997,-0.482
29566,0.0,0.0,0.0,1000.0,0,0,0.4007,-0.46199999999999997,-0.482
29567,0.0,0.0,0.0,1000.0,0,0,0.4207,-0.46199999999999997,-0.482
29568,0.0,0.0,0.0,1000.0,0,0,0.44070000000000004,-0.46199999999999997,-0.482
29569,0.0,0.0,0.0,1000.0,0,0,0.4607,-0.46199999999999997,-0.482
29570,0.0,0.0,0.0,1000.0,0,0,0.4807,-0.46199999999999997,-0.482
29571,0.0,0.0,0.0,1000.0,0,0,0.1607,-0.442,-0.482
29572,0.0,0.0,0.0,1000.0,0,0,0.1807,-0.442,-0.482
29573,0.0,0.0,0.0,1000.0,0,0,0.20070000000000002,-0.442,-0.482
29574,0.0,0.0,0.0,1000.0,0,0,0.2207,-0.442,-0.482
29575,0.0,0.0,0.0,1000.0,0,0,0.24070000000000003,-0.442,-0.482
29576,0.0,0.0,0.0,1000.0,0,0,0.26070000000000004,-0.442,-0.482
29577,0.0,0.0,0.0,1000.0,0,0,0.2807,-0.442,-0.482
29578,0.0,0.0,0.0,1000.0,0,0,0.3007,-0.442,-0.482
29579,0.0,0.0,0.0,1000.0,0,0,0.3207,-0.442,-0.482
29580,0.0,0.0,0.0,1000.0,0,0,0.3407,-0.442,-0.482
29581,0.0,0.0,0.0,1000.0,0,0,0.3607,-0.442,-0.482
29582,0.0,0.0,0.0,1000.0,0,0,0.38070000000000004,-0.442,-0.482
29583,0.0,0.0,0.0,1000.0,0,0,0.4007,-0.442,-0.482
29584,0.0,0.0,0.0,1000.0,0,0,0.4207,-0.442,-0.482
29585,0.0,0.0,0.0,1000.0,0,0,0.44070000000000004,-0.442,-0.482
29586,0.0,0.0,0.0,1000.0,0,0,0.4607,-0.442,-0.482
29587,0.0,0.0,0.0,1000.0,0,0,0.4807,-0.442,-0.482
29588,0.0,0.0,0.0,1000.0,0,0,0.1607,-0.422,-0.482
29589,0.0,0.0,0.0,1000.0,0,0,0.1807,-0.422,-0.482
29590,0.0,0.0,0.0,1000.0,0,0,0.20070000000000002,-0.422,-0.482
29591,0.0,0.0,0.0,1000.0,0,0,0.2207,-0.422,-0.482
29592,0.0,0.0,0.0,1000.0,0,0,0.24070000000000003,-0.422,-0.482
29593,0.0,0.0,0.0,1000.0,0,0,0.26070000000000004,-0.422,-0.482
29594,0.0,0.0,0.0,1000.0,0,0,0.2807,-0.422,-0.482
29595,0.0,0.0,0.0,1000.0,0,0,0.3007,-0.422,-0.482
29596,0.0,0.0,0.0,1000.0,0,0,0.3207,-0.422,-0.482
29597,0.0,0.0,0.0,1000.0,0,0,0.3407,-0.422,-0.482
29598,0.0,0.0,0.0,1000.0,0,0,0.3607,-0.422,-0.482
29599,0.0,0.0,0.0,1000.0,0,0,0.38070000000000004,-0.422,-0.482
29600,0.0,0.0,0.0,1000.0,0,0,0.4007,-0.422,-0.482
29601,0.0,0.0,0.0,1000.0,0,0,0.4207,-0.422,-0.482
29602,0.0,0.0,0.0,1000.0,0,0,0.44070000000000004,-0.422,-0.482
29603,0.0,0.0,0.0,1000.0,0,0,0.4607,-0.422,-0.482
29604,0.0,0.0,0.0,1000.0,0,0,0.4807,-0.422,-0.482
29605,0.0,0.0,0.0,1000.0,0,0,0.1607,-0.40199999999999997,-0.482
29606,0.0,0.0,0.0,1000.0,0,0,0.1807,-0.40199999999999997,-0.482
29607,0.0,0.0,0.0,1000.0,0,0,0.20070000000000002,-0.40199999999999997,-0.482
29608,0.0,0.0,0.0,1000.0,0,0,0.2207,-0.40199999999999997,-0.482
29609,0.0,0.0,0.0,1000.0,0,0,0.24070000000000003,-0.40199999999999997,-0.482
29610,0.0,0.0,0.0,1000.0,0,0,0.26070000000000004,-0.40199999999999997,-0.482
29611,0.0,0.0,0.0,1000.0,0,0,0.2807,-0.40199999999999997,-0.482
29612,0.0,0.0,0.0,1000.0,0,0,0.3007,-0.40199999999999997,-0.482
29613,0.0,0.0,0.0,1000.0,0,0,0.3207,-0.40199999999999997,-0.482
29614,0.0,0.0,0.0,1000.0,0,0,0.3407,-0.40199999999999997,-0.482
29615,0.0,0.0,0.0,1000.0,0,0,0.3607,-0.40199999999999997,-0.482
29616,0.0,0.0,0.0,1000.0,0,0,0.38070000000000004,-0.40199999999999997,-0.482
29617,0.0,0.0,0.0,1000.0,0,0,0.4007,-0.40199999999999997,-0.482
29618,0.0,0.0,0.0,1000.0,0,0,0.4207,-0.40199999999999997,-0.482
29619,0.0,0.0,0.0,1000.0,0,0,0.44070000000000004,-0.40199999999999997,-0.482
29620,0.0,0.0,0.0,1000.0,0,0,0.4607,-0.40199999999999997,-0.482
29621,0.0,0.0,0.0,1000.0,0,0,0.4807,-0.40199999999999997,-0.482
29622,0.0,0.0,0.0,1000.0,0,0,0.1607,-0.382,-0.482
29623,0.0,0.0,0.0,1000.0,0,0,0.1807,-0.382,-0.482
29624,0.0,0.0,0.0,1000.0,0,0,0.20070000000000002,-0.382,-0.482
29625,0.0,0.0,0.0,1000.0,0,0,0.2207,-0.382,-0.482
29626,0.0,0.0,0.0,1000.0,0,0,0.24070000000000003,-0.382,-0.482
29627,0.0,0.0,0.0,1000.0,0,0,0.26070000000000004,-0.382,-0.482
29628,0.0,0.0,0.0,1000.0,0,0,0.2807,-0.382,-0.482
29629,0.0,0.0,0.0,1000.0,0,0,0.3007,-0.382,-0.482
29630,0.0,0.0,0.0,1000.0,0,0,0.3207,-0.382,-0.482
29631,0.0,0.0,0.0,1000.0,0,0,0.3407,-0.382,-0.482
29632,0.0,0.0,0.0,1000.0,0,0,0.3607,-0.382,-0.482
29633,0.0,0.0,0.0,1000.0,0,0,0.38070000000000004,-0.382,-0.482
29634,0.0,0.0,0.0,1000.0,0,0,0.4007,-0.382,-0.482
29635,0.0,0.0,0.0,1000.0,0,0,0.4207,-0.382,-0.482
29636,0.0,0.0,0.0,1000.0,0,0,0.44070000000000004,-0.382,-0.482
29637,0.0,0.0,0.0,1000.0,0,0,0.4607,-0.382,-0.482
29638,0.0,0.0,0.0,1000.0,0,0,0.4807,-0.382,-0.482
29639,0.0,0.0,0.0,1000.0,0,0,0.1607,-0.362,-0.482
29640,0.0,0.0,0.0,1000.0,0,0,0.1807,-0.362,-0.482
29641,0.0,0.0,0.0,1000.0,0,0,0.20070000000000002,-0.362,-0.482
29642,0.0,0.0,0.0,1000.0,0,0,0.2207,-0.362,-0.482
29643,0.0,0.0,0.0,1000.0,0,0,0.24070000000000003,-0.362,-0.482
29644,0.0,0.0,0.0,1000.0,0,0,0.26070000000000004,-0.362,-0.482
29645,0.0,0.0,0.0,1000.0,0,0,0.2807,-0.362,-0.482
29646,0.0,0.0,0.0,1000.0,0,0,0.3007,-0.362,-0.482
29647,0.0,0.0,0.0,1000.0,0,0,0.3207,-0.362,-0.482
29648,0.0,0.0,0.0,1000.0,0,0,0.3407,-0.362,-0.482
29649,0.0,0.0,0.0,1000.0,0,0,0.3607,-0.362,-0.482
29650,0.0,0.0,0.0,1000.0,0,0,0.38070000000000004,-0.362,-0.482
29651,0.0,0.0,0.0,1000.0,0,0,0.4007,-0.362,-0.482
29652,0.0,0.0,0.0,1000.0,0,0,0.4207,-0.362,-0.482
29653,0.0,0.0,0.0,1000.0,0,0,0.44070000000000004,-0.362,-0.482
29654,0.0,0.0,0.0,1000.0,0,0,0.4607,-0.362,-0.482
29655,0.0,0.0,0.0,1000.0,0,0,0.4807,-0.362,-0.482
29656,0.0,0.0,0.0,1000.0,0,0,0.1607,-0.34199999999999997,-0.482
29657,0.0,0.0,0.0,1000.0,0,0,0.1807,-0.34199999999999997,-0.482
29658,0.0,0.0,0.0,1000.0,0,0,0.20070000000000002,-0.34199999999999997,-0.482
29659,0.0,0.0,0.0,1000.0,0,0,0.2207,-0.34199999999999997,-0.482
29660,0.0,0.0,0.0,1000.0,0,0,0.24070000000000003,-0.34199999999999997,-0.482
29661,0.0,0.0,0.0,1000.0,0,0,0.26070000000000004,-0.34199999999999997,-0.482
29662,0.0,0.0,0.0,1000.0,0,0,0.2807,-0.34199999999999997,-0.482
29663,0.0,0.0,0.0,1000.0,0,0,0.3007,-0.34199999999999997,-0.482
29664,0.0,0.0,0.0,1000.0,0,0,0.3207,-0.34199999999999997,-0.482
29665,0.0,0.0,0.0,1000.0,0,0,0.3407,-0.34199999999999997,-0.482
29666,0.0,0.0,0.0,1000.0,0,0,0.3607,-0.34199999999999997,-0.482
29667,0.0,0.0,0.0,1000.0,0,0,0.38070000000000004,-0.34199999999999997,-0.482
29668,0.0,0.0,0.0,1000.0,0,0,0.4007,-0.34199999999999997,-0.482
29669,0.0,0.0,0.0,1000.0,0,0,0.4207,-0.34199999999999997,-0.482
29670,0.0,0.0,0.0,1000.0,0,0,0.44070000000000004,-0.34199999999999997,-0.482
29671,0.0,0.0,0.0,1000.0,0,0,0.4607,-0.34199999999999997,-0.482
29672,0.0,0.0,0.0,1000.0,0,0,0.4807,-0.34199999999999997,-0.482
29673,0.0,0.0,0.0,1000.0,0,0,0.1607,-0.32199999999999995,-0.482
29674,0.0,0.0,0.0,1000.0,0,0,0.1807,-0.32199999999999995,-0.482
29675,0.0,0.0,0.0,1000.0,0,0,0.20070000000000002,-0.32199999999999995,-0.482
29676,0.0,0.0,0.0,1000.0,0,0,0.2207,-0.32199999999999995,-0.482
29677,0.0,0.0,0.0,1000.0,0,0,0.24070000000000003,-0.32199999999999995,-0.482
29678,0.0,0.0,0.0,1000.0,0,0,0.26070000000000004,-0.32199999999999995,-0.482
29679,0.0,0.0,0.0,1000.0,0,0,0.2807,-0.32199999999999995,-0.482
29680,0.0,0.0,0.0,1000.0,0,0,0.3007,-0.32199999999999995,-0.482
29681,0.0,0.0,0.0,1000.0,0,0,0.3207,-0.32199999999999995,-0.482
29682,0.0,0.0,0.0,1000.0,0,0,0.3407,-0.32199999999999995,-0.482
29683,0.0,0.0,0.0,1000.0,0,0,0.3607,-0.32199999999999995,-0.482
29684,0.0,0.0,0.0,1000.0,0,0,0.38070000000000004,-0.32199999999999995,-0.482
29685,0.0,0.0,0.0,1000.0,0,0,0.4007,-0.32199999999999995,-0.482
29686,0.0,0.0,0.0,1000.0,0,0,0.4207,-0.32199999999999995,-0.482
29687,0.0,0.0,0.0,1000.0,0,0,0.44070000000000004,-0.32199999999999995,-0.482
29688,0.0,0.0,0.0,1000.0,0,0,0.4607,-0.32199999999999995,-0.482
29689,0.0,0.0,0.0,1000.0,0,0,0.4807,-0.32199999999999995,-0.482
29690,0.0,0.0,0.0,1000.0,0,0,0.1607,-0.302,-0.482
29691,0.0,0.0,0.0,1000.0,0,0,0.1807,-0.302,-0.482
29692,0.0,0.0,0.0,1000.0,0,0,0.20070000000000002,-0.302,-0.482
29693,0.0,0.0,0.0,1000.0,0,0,0.2207,-0.302,-0.482
29694,0.0,0.0,0.0,1000.0,0,0,0.24070000000000003,-0.302,-0.482
29695,0.0,0.0,0.0,1000.0,0,0,0.26070000000000004,-0.302,-0.482
29696,0.0,0.0,0.0,1000.0,0,0,0.2807,-0.302,-0.482
29697,0.0,0.0,0.0,1000.0,0,0,0.3007,-0.302,-0.482
29698,0.0,0.0,0.0,1000.0,0,0,0.3207,-0.302,-0.482
29699,0.0,0.0,0.0,1000.0,0,0,0.3407,-0.302,-0.482
29700,0.0,0.0,0.0,1000.0,0,0,0.3607,-0.302,-0.482
29701,0.0,0.0,0.0,1000.0,0,0,0.38070000000000004,-0.302,-0.482
29702,0.0,0.0,0.0,1000.0,0,0,0.4007,-0.302,-0.482
29703,0.0,0.0,0.0,1000.0,0,0,0.4207,-0.302,-0.482
29704,0.0,0.0,0.0,1000.0,0,0,0.44070000000000004,-0.302,-0.482
29705,0.0,0.0,0.0,1000.0,0,0,0.4607,-0.302,-0.482
29706,0.0,0.0,0.0,1000.0,0,0,0.4807,-0.302,-0.482
29707,0.0,0.0,0.0,1000.0,0,0,0.1607,-0.282,-0.482
29708,0.0,0.0,0.0,1000.0,0,0,0.1807,-0.282,-0.482
29709,0.0,0.0,0.0,1000.0,0,0,0.20070000000000002,-0.282,-0.482
29710,0.0,0.0,0.0,1000.0,0,0,0.2207,-0.282,-0.482
29711,0.0,0.0,0.0,1000.0,0,0,0.24070000000000003,-0.282,-0.482
29712,0.0,0.0,0.0,1000.0,0,0,0.26070000000000004,-0.282,-0.482
29713,0.0,0.0,0.0,1000.0,0,0,0.2807,-0.282,-0.482
29714,0.0,0.0,0.0,1000.0,0,0,0.3007,-0.282,-0.482
29715,0.0,0.0,0.0,1000.0,0,0,0.3207,-0.282,-0.482
29716,0.0,0.0,0.0,1000.0,0,0,0.3407,-0.282,-0.482
29717,0.0,0.0,0.0,1000.0,0,0,0.3607,-0.282,-0.482
29718,0.0,0.0,0.0,1000.0,0,0,0.38070000000000004,-0.282,-0.482
29719,0.0,0.0,0.0,1000.0,0,0,0.4007,-0.282,-0.482
29720,0.0,0.0,0.0,1000.0,0,0,0.4207,-0.282,-0.482
29721,0.0,0.0,0.0,1000.0,0,0,0.44070000000000004,-0.282,-0.482
29722,0.0,0.0,0.0,1000.0,0,0,0.4607,-0.282,-0.482
29723,0.0,0.0,0.0,1000.0,0,0,0.4807,-0.282,-0.482
29724,0.0,0.0,0.0,1000.0,0,0,0.1607,-0.262,-0.482
29725,0.0,0.0,0.0,1000.0,0,0,0.1807,-0.262,-0.482
29726,0.0,0.0,0.0,1000.0,0,0,0.20070000000000002,-0.262,-0.482
29727,0.0,0.0,0.0,1000.0,0,0,0.2207,-0.262,-0.482
29728,0.0,0.0,0.0,1000.0,0,0,0.24070000000000003,-0.262,-0.482
29729,0.0,0.0,0.0,1000.0,0,0,0.26070000000000004,-0.262,-0.482
29730,0.0,0.0,0.0,1000.0,0,0,0.2807,-0.262,-0.482
29731,0.0,0.0,0.0,1000.0,0,0,0.3007,-0.262,-0.482
29732,0.0,0.0,0.0,1000.0,0,0,0.3207,-0.262,-0.482
29733,0.0,0.0,0.0,1000.0,0,0,0.3407,-0.262,-0.482
29734,0.0,0.0,0.0,1000.0,0,0,0.3607,-0.262,-0.482
29735,0.0,0.0,0.0,1000.0,0,0,0.38070000000000004,-0.262,-0.482
29736,0.0,0.0,0.0,1000.0,0,0,0.4007,-0.262,-0.482
29737,0.0,0.0,0.0,1000.0,0,0,0.4207,-0.262,-0.482
29738,0.0,0.0,0.0,1000.0,0,0,0.44070000000000004,-0.262,-0.482
29739,0.0,0.0,0.0,1000.0,0,0,0.4607,-0.262,-0.482
29740,0.0,0.0,0.0,1000.0,0,0,0.4807,-0.262,-0.482
29741,0.0,0.0,0.0,1000.0,0,0,0.1607,-0.242,-0.482
29742,0.0,0.0,0.0,1000.0,0,0,0.1807,-0.242,-0.482
29743,0.0,0.0,0.0,1000.0,0,0,0.20070000000000002,-0.242,-0.482
29744,0.0,0.0,0.0,1000.0,0,0,0.2207,-0.242,-0.482
29745,0.0,0.0,0.0,1000.0,0,0,0.24070000000000003,-0.242,-0.482
29746,0.0,0.0,0.0,1000.0,0,0,0.26070000000000004,-0.242,-0.482
29747,0.0,0.0,0.0,1000.0,0,0,0.2807,-0.242,-0.482
29748,0.0,0.0,0.0,1000.0,0,0,0.3007,-0.242,-0.482
29749,0.0,0.0,0.0,1000.0,0,0,0.3207,-0.242,-0.482
29750,0.0,0.0,0.0,1000.0,0,0,0.3407,-0.242,-0.482
29751,0.0,0.0,0.0,1000.0,0,0,0.3607,-0.242,-0.482
29752,0.0,0.0,0.0,1000.0,0,0,0.38070000000000004,-0.242,-0.482
29753,0.0,0.0,0.0,1000.0,0,0,0.4007,-0.242,-0.482
29754,0.0,0.0,0.0,1000.0,0,0,0.4207,-0.242,-0.482
29755,0.0,0.0,0.0,1000.0,0,0,0.44070000000000004,-0.242,-0.482
29756,0.0,0.0,0.0,1000.0,0,0,0.4607,-0.242,-0.482
29757,0.0,0.0,0.0,1000.0,0,0,0.4807,-0.242,-0.482
29758,0.0,0.0,0.0,1000.0,0,0,0.1607,-0.22199999999999998,-0.482
29759,0.0,0.0,0.0,1000.0,0,0,0.1807,-0.22199999999999998,-0.482
29760,0.0,0.0,0.0,1000.0,0,0,0.20070000000000002,-0.22199999999999998,-0.482
29761,0.0,0.0,0.0,1000.0,0,0,0.2207,-0.22199999999999998,-0.482
29762,0.0,0.0,0.0,1000.0,0,0,0.24070000000000003,-0.22199999999999998,-0.482
29763,0.0,0.0,0.0,1000.0,0,0,0.26070000000000004,-0.22199999999999998,-0.482
29764,0.0,0.0,0.0,1000.0,0,0,0.2807,-0.22199999999999998,-0.482
29765,0.0,0.0,0.0,1000.0,0,0,0.3007,-0.22199999999999998,-0.482
29766,0.0,0.0,0.0,1000.0,0,0,0.3207,-0.22199999999999998,-0.482
29767,0.0,0.0,0.0,1000.0,0,0,0.3407,-0.22199999999999998,-0.482
29768,0.0,0.0,0.0,1000.0,0,0,0.3607,-0.22199999999999998,-0.482
29769,0.0,0.0,0.0,1000.0,0,0,0.38070000000000004,-0.22199999999999998,-0.482
29770,0.0,0.0,0.0,1000.0,0,0,0.4007,-0.22199999999999998,-0.482
29771,0.0,0.0,0.0,1000.0,0,0,0.4207,-0.22199999999999998,-0.482
29772,0.0,0.0,0.0,1000.0,0,0,0.44070000000000004,-0.22199999999999998,-0.482
29773,0.0,0.0,0.0,1000.0,0,0,0.4607,-0.22199999999999998,-0.482
29774,0.0,0.0,0.0,1000.0,0,0,0.4807,-0.22199999999999998,-0.482
29775,0.0,0.0,0.0,1000.0,0,0,0.1607,-0.20199999999999996,-0.482
29776,0.0,0.0,0.0,1000.0,0,0,0.1807,-0.20199999999999996,-0.482
29777,0.0,0.0,0.0,1000.0,0,0,0.20070000000000002,-0.20199999999999996,-0.482
29778,0.0,0.0,0.0,1000.0,0,0,0.2207,-0.20199999999999996,-0.482
29779,0.0,0.0,0.0,1000.0,0,0,0.24070000000000003,-0.20199999999999996,-0.482
29780,0.0,0.0,0.0,1000.0,0,0,0.26070000000000004,-0.20199999999999996,-0.482
29781,0.0,0.0,0.0,1000.0,0,0,0.2807,-0.20199999999999996,-0.482
29782,0.0,0.0,0.0,1000.0,0,0,0.3007,-0.20199999999999996,-0.482
29783,0.0,0.0,0.0,1000.0,0,0,0.3207,-0.20199999999999996,-0.482
29784,0.0,0.0,0.0,1000.0,0,0,0.3407,-0.20199999999999996,-0.482
29785,0.0,0.0,0.0,1000.0,0,0,0.3607,-0.20199999999999996,-0.482
29786,0.0,0.0,0.0,1000.0,0,0,0.38070000000000004,-0.20199999999999996,-0.482
29787,0.0,0.0,0.0,1000.0,0,0,0.4007,-0.20199999999999996,-0.482
29788,0.0,0.0,0.0,1000.0,0,0,0.4207,-0.20199999999999996,-0.482
29789,0.0,0.0,0.0,1000.0,0,0,0.44070000000000004,-0.20199999999999996,-0.482
29790,0.0,0.0,0.0,1000.0,0,0,0.4607,-0.20199999999999996,-0.482
29791,0.0,0.0,0.0,1000.0,0,0,0.4807,-0.20199999999999996,-0.482
29792,0.0,0.0,0.0,1000.0,0,0,0.1607,-0.182,-0.482
29793,0.0,0.0,0.0,1000.0,0,0,0.1807,-0.182,-0.482
29794,0.0,0.0,0.0,1000.0,0,0,0.20070000000000002,-0.182,-0.482
29795,0.0,0.0,0.0,1000.0,0,0,0.2207,-0.182,-0.482
29796,0.0,0.0,0.0,1000.0,0,0,0.24070000000000003,-0.182,-0.482
29797,0.0,0.0,0.0,1000.0,0,0,0.26070000000000004,-0.182,-0.482
29798,0.0,0.0,0.0,1000.0,0,0,0.2807,-0.182,-0.482
29799,0.0,0.0,0.0,1000.0,0,0,0.3007,-0.182,-0.482
29800,0.0,0.0,0.0,1000.0,0,0,0.3207,-0.182,-0.482
29801,0.0,0.0,0.0,1000.0,0,0,0.3407,-0.182,-0.482
29802,0.0,0.0,0.0,1000.0,0,0,0.3607,-0.182,-0.482
29803,0.0,0.0,0.0,1000.0,0,0,0.38070000000000004,-0.182,-0.482
29804,0.0,0.0,0.0,1000.0,0,0,0.4007,-0.182,-0.482
29805,0.0,0.0,0.0,1000.0,0,0,0.4207,-0.182,-0.482
29806,0.0,0.0,0.0,1000.0,0,0,0.44070000000000004,-0.182,-0.482
29807,0.0,0.0,0.0,1000.0,0,0,0.4607,-0.182,-0.482
29808,0.0,0.0,0.0,1000.0,0,0,0.4807,-0.182,-0.482
29809,0.0,0.0,0.0,1000.0,0,0,0.1607,-0.16199999999999998,-0.482
29810,0.0,0.0,0.0,1000.0,0,0,0.1807,-0.16199999999999998,-0.482
29811,0.0,0.0,0.0,1000.0,0,0,0.20070000000000002,-0.16199999999999998,-0.482
29812,0.0,0.0,0.0,1000.0,0,0,0.2207,-0.16199999999999998,-0.482
29813,0.0,0.0,0.0,1000.0,0,0,0.24070000000000003,-0.16199999999999998,-0.482
29814,0.0,0.0,0.0,1000.0,0,0,0.26070000000000004,-0.16199999999999998,-0.482
29815,0.0,0.0,0.0,1000.0,0,0,0.2807,-0.16199999999999998,-0.482
29816,0.0,0.0,0.0,1000.0,0,0,0.3007,-0.16199999999999998,-0.482
29817,0.0,0.0,0.0,1000.0,0,0,0.3207,-0.16199999999999998,-0.482
29818,0.0,0.0,0.0,1000.0,0,0,0.3407,-0.16199999999999998,-0.482
29819,0.0,0.0,0.0,1000.0,0,0,0.3607,-0.16199999999999998,-0.482
29820,0.0,0.0,0.0,1000.0,0,0,0.38070000000000004,-0.16199999999999998,-0.482
29821,0.0,0.0,0.0,1000.0,0,0,0.4007,-0.16199999999999998,-0.482
29822,0.0,0.0,0.0,1000.0,0,0,0.4207,-0.16199999999999998,-0.482
29823,0.0,0.0,0.0,1000.0,0,0,0.44070000000000004,-0.16199999999999998,-0.482
29824,0.0,0.0,0.0,1000.0,0,0,0.4607,-0.16199999999999998,-0.482
29825,0.0,0.0,0.0,1000.0,0,0,0.4807,-0.16199999999999998,-0.482
29826,0.0,0.0,0.0,1000.0,0,0,0.1607,-0.14199999999999996,-0.482
29827,0.0,0.0,0.0,1000.0,0,0,0.1807,-0.14199999999999996,-0.482
29828,0.0,0.0,0.0,1000.0,0,0,0.20070000000000002,-0.14199999999999996,-0.482
29829,0.0,0.0,0.0,1000.0,0,0,0.2207,-0.14199999999999996,-0.482
29830,0.0,0.0,0.0,1000.0,0,0,0.24070000000000003,-0.14199999999999996,-0.482
29831,0.0,0.0,0.0,1000.0,0,0,0.26070000000000004,-0.14199999999999996,-0.482
29832,0.0,0.0,0.0,1000.0,0,0,0.2807,-0.14199999999999996,-0.482
29833,0.0,0.0,0.0,1000.0,0,0,0.3007,-0.14199999999999996,-0.482
29834,0.0,0.0,0.0,1000.0,0,0,0.3207,-0.14199999999999996,-0.482
29835,0.0,0.0,0.0,1000.0,0,0,0.3407,-0.14199999999999996,-0.482
29836,0.0,0.0,0.0,1000.0,0,0,0.3607,-0.14199999999999996,-0.482
29837,0.0,0.0,0.0,1000.0,0,0,0.38070000000000004,-0.14199999999999996,-0.482
29838,0.0,0.0,0.0,1000.0,0,0,0.4007,-0.14199999999999996,-0.482
29839,0.0,0.0,0.0,1000.0,0,0,0.4207,-0.14199999999999996,-0.482
29840,0.0,0.0,0.0,1000.0,0,0,0.44070000000000004,-0.14199999999999996,-0.482
29841,0.0,0.0,0.0,1000.0,0,0,0.4607,-0.14199999999999996,-0.482
29842,0.0,0.0,0.0,1000.0,0,0,0.4807,-0.14199999999999996,-0.482
29843,0.0,0.0,0.0,1000.0,0,0,0.1607,-0.122,-0.482
29844,0.0,0.0,0.0,1000.0,0,0,0.1807,-0.122,-0.482
29845,0.0,0.0,0.0,1000.0,0,0,0.20070000000000002,-0.122,-0.482
29846,0.0,0.0,0.0,1000.0,0,0,0.2207,-0.122,-0.482
29847,0.0,0.0,0.0,1000.0,0,0,0.24070000000000003,-0.122,-0.482
29848,0.0,0.0,0.0,1000.0,0,0,0.26070000000000004,-0.122,-0.482
29849,0.0,0.0,0.0,1000.0,0,0,0.2807,-0.122,-0.482
29850,0.0,0.0,0.0,1000.0,0,0,0.3007,-0.122,-0.482
29851,0.0,0.0,0.0,1000.0,0,0,0.3207,-0.122,-0.482
29852,0.0,0.0,0.0,1000.0,0,0,0.3407,-0.122,-0.482
29853,0.0,0.0,0.0,1000.0,0,0,0.3607,-0.122,-0.482
29854,0.0,0.0,0.0,1000.0,0,0,0.38070000000000004,-0.122,-0.482
29855,0.0,0.0,0.0,1000.0,0,0,0.4007,-0.122,-0.482
29856,0.0,0.0,0.0,1000.0,0,0,0.4207,-0.122,-0.482
29857,0.0,0.0,0.0,1000.0,0,0,0.44070000000000004,-0.122,-0.482
29858,0.0,0.0,0.0,1000.0,0,0,0.4607,-0.122,-0.482
29859,0.0,0.0,0.0,1000.0,0,0,0.4807,-0.122,-0.482
29860,0.0,0.0,0.0,1000.0,0,0,0.1607,-0.10199999999999998,-0.482
29861,0.0,0.0,0.0,1000.0,0,0,0.1807,-0.10199999999999998,-0.482
29862,0.0,0.0,0.0,1000.0,0,0,0.20070000000000002,-0.10199999999999998,-0.482
29863,0.0,0.0,0.0,1000.0,0,0,0.2207,-0.10199999999999998,-0.482
29864,0.0,0.0,0.0,1000.0,0,0,0.24070000000000003,-0.10199999999999998,-0.482
29865,0.0,0.0,0.0,1000.0,0,0,0.26070000000000004,-0.10199999999999998,-0.482
29866,0.0,0.0,0.0,1000.0,0,0,0.2807,-0.10199999999999998,-0.482
29867,0.0,0.0,0.0,1000.0,0,0,0.3007,-0.10199999999999998,-0.482
29868,0.0,0.0,0.0,1000.0,0,0,0.3207,-0.10199999999999998,-0.482
29869,0.0,0.0,0.0,1000.0,0,0,0.3407,-0.10199999999999998,-0.482
29870,0.0,0.0,0.0,1000.0,0,0,0.3607,-0.10199999999999998,-0.482
29871,0.0,0.0,0.0,1000.0,0,0,0.38070000000000004,-0.10199999999999998,-0.482
29872,0.0,0.0,0.0,1000.0,0,0,0.4007,-0.10199999999999998,-0.482
29873,0.0,0.0,0.0,1000.0,0,0,0.4207,-0.10199999999999998,-0.482
29874,0.0,0.0,0.0,1000.0,0,0,0.44070000000000004,-0.10199999999999998,-0.482
29875,0.0,0.0,0.0,1000.0,0,0,0.4607,-0.10199999999999998,-0.482
29876,0.0,0.0,0.0,1000.0,0,0,0.4807,-0.10199999999999998,-0.482
29877,0.0,0.0,0.0,1000.0,0,0,0.1607,-0.08199999999999996,-0.482
29878,0.0,0.0,0.0,1000.0,0,0,0.1807,-0.08199999999999996,-0.482
29879,0.0,0.0,0.0,1000.0,0,0,0.20070000000000002,-0.08199999999999996,-0.482
29880,0.0,0.0,0.0,1000.0,0,0,0.2207,-0.08199999999999996,-0.482
29881,0.0,0.0,0.0,1000.0,0,0,0.24070000000000003,-0.08199999999999996,-0.482
29882,0.0,0.0,0.0,1000.0,0,0,0.26070000000000004,-0.08199999999999996,-0.482
29883,0.0,0.0,0.0,1000.0,0,0,0.2807,-0.08199999999999996,-0.482
29884,0.0,0.0,0.0,1000.0,0,0,0.3007,-0.08199999999999996,-0.482
29885,0.0,0.0,0.0,1000.0,0,0,0.3207,-0.08199999999999996,-0.482
29886,0.0,0.0,0.0,1000.0,0,0,0.3407,-0.08199999999999996,-0.482
29887,0.0,0.0,0.0,1000.0,0,0,0.3607,-0.08199999999999996,-0.482
29888,0.0,0.0,0.0,1000.0,0,0,0.38070000000000004,-0.08199999999999996,-0.482
29889,0.0,0.0,0.0,1000.0,0,0,0.4007,-0.08199999999999996,-0.482
29890,0.0,0.0,0.0,1000.0,0,0,0.4207,-0.08199999999999996,-0.482
29891,0.0,0.0,0.0,1000.0,0,0,0.44070000000000004,-0.08199999999999996,-0.482
29892,0.0,0.0,0.0,1000.0,0,0,0.4607,-0.08199999999999996,-0.482
29893,0.0,0.0,0.0,1000.0,0,0,0.4807,-0.08199999999999996,-0.482
29894,0.0,0.0,0.0,1000.0,0,0,0.1607,-0.062,-0.482
29895,0.0,0.0,0.0,1000.0,0,0,0.1807,-0.062,-0.482
29896,0.0,0.0,0.0,1000.0,0,0,0.20070000000000002,-0.062,-0.482
29897,0.0,0.0,0.0,1000.0,0,0,0.2207,-0.062,-0.482
29898,0.0,0.0,0.0,1000.0,0,0,0.24070000000000003,-0.062,-0.482
29899,0.0,0.0,0.0,1000.0,0,0,0.26070000000000004,-0.062,-0.482
29900,0.0,0.0,0.0,1000.0,0,0,0.2807,-0.062,-0.482
29901,0.0,0.0,0.0,1000.0,0,0,0.3007,-0.062,-0.482
29902,0.0,0.0,0.0,1000.0,0,0,0.3207,-0.062,-0.482
29903,0.0,0.0,0.0,1000.0,0,0,0.3407,-0.062,-0.482
29904,0.0,0.0,0.0,1000.0,0,0,0.3607,-0.062,-0.482
29905,0.0,0.0,0.0,1000.0,0,0,0.38070000000000004,-0.062,-0.482
29906,0.0,0.0,0.0,1000.0,0,0,0.4007,-0.062,-0.482
29907,0.0,0.0,0.0,1000.0,0,0,0.4207,-0.062,-0.482
29908,0.0,0.0,0.0,1000.0,0,0,0.44070000000000004,-0.062,-0.482
29909,0.0,0.0,0.0,1000.0,0,0,0.4607,-0.062,-0.482
29910,0.0,0.0,0.0,1000.0,0,0,0.4807,-0.062,-0.482
29911,0.0,0.0,0.0,1000.0,0,0,0.1607,-0.04199999999999998,-0.482
29912,0.0,0.0,0.0,1000.0,0,0,0.1807,-0.04199999999999998,-0.482
29913,0.0,0.0,0.0,1000.0,0,0,0.20070000000000002,-0.04199999999999998,-0.482
29914,0.0,0.0,0.0,1000.0,0,0,0.2207,-0.04199999999999998,-0.482
29915,0.0,0.0,0.0,1000.0,0,0,0.24070000000000003,-0.04199999999999998,-0.482
29916,0.0,0.0,0.0,1000.0,0,0,0.26070000000000004,-0.04199999999999998,-0.482
29917,0.0,0.0,0.0,1000.0,0,0,0.2807,-0.04199999999999998,-0.482
29918,0.0,0.0,0.0,1000.0,0,0,0.3007,-0.04199999999999998,-0.482
29919,0.0,0.0,0.0,1000.0,0,0,0.3207,-0.04199999999999998,-0.482
29920,0.0,0.0,0.0,1000.0,0,0,0.3407,-0.04199999999999998,-0.482
29921,0.0,0.0,0.0,1000.0,0,0,0.3607,-0.04199999999999998,-0.482
29922,0.0,0.0,0.0,1000.0,0,0,0.38070000000000004,-0.04199999999999998,-0.482
29923,0.0,0.0,0.0,1000.0,0,0,0.4007,-0.04199999999999998,-0.482
29924,0.0,0.0,0.0,1000.0,0,0,0.4207,-0.04199999999999998,-0.482
29925,0.0,0.0,0.0,1000.0,0,0,0.44070000000000004,-0.04199999999999998,-0.482
29926,0.0,0.0,0.0,1000.0,0,0,0.4607,-0.04199999999999998,-0.482
29927,0.0,0.0,0.0,1000.0,0,0,0.4807,-0.04199999999999998,-0.482
29928,0.0,0.0,0.0,1000.0,0,0,0.1607,-0.021999999999999964,-0.482
29929,0.0,0.0,0.0,1000.0,0,0,0.1807,-0.021999999999999964,-0.482
29930,0.0,0.0,0.0,1000.0,0,0,0.20070000000000002,-0.021999999999999964,-0.482
29931,0.0,0.0,0.0,1000.0,0,0,0.2207,-0.021999999999999964,-0.482
29932,0.0,0.0,0.0,1000.0,0,0,0.24070000000000003,-0.021999999999999964,-0.482
29933,0.0,0.0,0.0,1000.0,0,0,0.26070000000000004,-0.021999999999999964,-0.482
29934,0.0,0.0,0.0,1000.0,0,0,0.2807,-0.021999999999999964,-0.482
29935,0.0,0.0,0.0,1000.0,0,0,0.3007,-0.021999999999999964,-0.482
29936,0.0,0.0,0.0,1000.0,0,0,0.3207,-0.021999999999999964,-0.482
29937,0.0,0.0,0.0,1000.0,0,0,0.3407,-0.021999999999999964,-0.482
29938,0.0,0.0,0.0,1000.0,0,0,0.3607,-0.021999999999999964,-0.482
29939,0.0,0.0,0.0,1000.0,0,0,0.38070000000000004,-0.021999999999999964,-0.482
29940,0.0,0.0,0.0,1000.0,0,0,0.4007,-0.021999999999999964,-0.482
29941,0.0,0.0,0.0,1000.0,0,0,0.4207,-0.021999999999999964,-0.482
29942,0.0,0.0,0.0,1000.0,0,0,0.44070000000000004,-0.021999999999999964,-0.482
29943,0.0,0.0,0.0,1000.0,0,0,0.4607,-0.021999999999999964,-0.482
29944,0.0,0.0,0.0,1000.0,0,0,0.4807,-0.021999999999999964,-0.482
29945,0.0,0.0,0.0,1000.0,0,0,0.1607,-0.0020000000000000018,-0.482
29946,0.0,0.0,0.0,1000.0,0,0,0.1807,-0.0020000000000000018,-0.482
29947,0.0,0.0,0.0,1000.0,0,0,0.20070000000000002,-0.0020000000000000018,-0.482
29948,0.0,0.0,0.0,1000.0,0,0,0.2207,-0.0020000000000000018,-0.482
29949,0.0,0.0,0.0,1000.0,0,0,0.24070000000000003,-0.0020000000000000018,-0.482
29950,0.0,0.0,0.0,1000.0,0,0,0.26070000000000004,-0.0020000000000000018,-0.482
29951,0.0,0.0,0.0,1000.0,0,0,0.2807,-0.0020000000000000018,-0.482
29952,0.0,0.0,0.0,1000.0,0,0,0.3007,-0.0020000000000000018,-0.482
29953,0.0,0.0,0.0,1000.0,0,0,0.3207,-0.0020000000000000018,-0.482
29954,0.0,0.0,0.0,1000.0,0,0,0.3407,-0.0020000000000000018,-0.482
29955,0.0,0.0,0.0,1000.0,0,0,0.3607,-0.0020000000000000018,-0.482
29956,0.0,0.0,0.0,1000.0,0,0,0.38070000000000004,-0.0020000000000000018,-0.482
29957,0.0,0.0,0.0,1000.0,0,0,0.4007,-0.0020000000000000018,-0.482
29958,0.0,0.0,0.0,1000.0,0,0,0.4207,-0.0020000000000000018,-0.482
29959,0.0,0.0,0.0,1000.0,0,0,0.44070000000000004,-0.0020000000000000018,-0.482
29960,0.0,0.0,0.0,1000.0,0,0,0.4607,-0.0020000000000000018,-0.482
29961,0.0,0.0,0.0,1000.0,0,0,0.4807,-0.0020000000000000018,-0.482
29962,0.0,0.0,0.0,1000.0,0,0,0.1607,0.018000000000000016,-0.482
29963,0.0,0.0,0.0,1000.0,0,0,0.1807,0.018000000000000016,-0.482
29964,0.0,0.0,0.0,1000.0,0,0,0.20070000000000002,0.018000000000000016,-0.482
29965,0.0,0.0,0.0,1000.0,0,0,0.2207,0.018000000000000016,-0.482
29966,0.0,0.0,0.0,1000.0,0,0,0.24070000000000003,0.018000000000000016,-0.482
29967,0.0,0.0,0.0,1000.0,0,0,0.26070000000000004,0.018000000000000016,-0.482
29968,0.0,0.0,0.0,1000.0,0,0,0.2807,0.018000000000000016,-0.482
29969,0.0,0.0,0.0,1000.0,0,0,0.3007,0.018000000000000016,-0.482
29970,0.0,0.0,0.0,1000.0,0,0,0.3207,0.018000000000000016,-0.482
29971,0.0,0.0,0.0,1000.0,0,0,0.3407,0.018000000000000016,-0.482
29972,0.0,0.0,0.0,1000.0,0,0,0.3607,0.018000000000000016,-0.482
29973,0.0,0.0,0.0,1000.0,0,0,0.38070000000000004,0.018000000000000016,-0.482
29974,0.0,0.0,0.0,1000.0,0,0,0.4007,0.018000000000000016,-0.482
29975,0.0,0.0,0.0,1000.0,0,0,0.4207,0.018000000000000016,-0.482
29976,0.0,0.0,0.0,1000.0,0,0,0.44070000000000004,0.018000000000000016,-0.482
29977,0.0,0.0,0.0,1000.0,0,0,0.4607,0.018000000000000016,-0.482
29978,0.0,0.0,0.0,1000.0,0,0,0.4807,0.018000000000000016,-0.482
29979,0.0,0.0,0.0,1000.0,0,0,0.1607,0.038000000000000034,-0.482
29980,0.0,0.0,0.0,1000.0,0,0,0.1807,0.038000000000000034,-0.482
29981,0.0,0.0,0.0,1000.0,0,0,0.20070000000000002,0.038000000000000034,-0.482
29982,0.0,0.0,0.0,1000.0,0,0,0.2207,0.038000000000000034,-0.482
29983,0.0,0.0,0.0,1000.0,0,0,0.24070000000000003,0.038000000000000034,-0.482
29984,0.0,0.0,0.0,1000.0,0,0,0.26070000000000004,0.038000000000000034,-0.482
29985,0.0,0.0,0.0,1000.0,0,0,0.2807,0.038000000000000034,-0.482
29986,0.0,0.0,0.0,1000.0,0,0,0.3007,0.038000000000000034,-0.482
29987,0.0,0.0,0.0,1000.0,0,0,0.3207,0.038000000000000034,-0.482
29988,0.0,0.0,0.0,1000.0,0,0,0.3407,0.038000000000000034,-0.482
29989,0.0,0.0,0.0,1000.0,0,0,0.3607,0.038000000000000034,-0.482
29990,0.0,0.0,0.0,1000.0,0,0,0.38070000000000004,0.038000000000000034,-0.482
29991,0.0,0.0,0.0,1000.0,0,0,0.4007,0.038000000000000034,-0.482
29992,0.0,0.0,0.0,1000.0,0,0,0.4207,0.038000000000000034,-0.482
29993,0.0,0.0,0.0,1000.0,0,0,0.44070000000000004,0.038000000000000034,-0.482
29994,0.0,0.0,0.0,1000.0,0,0,0.4607,0.038000000000000034,-0.482
29995,0.0,0.0,0.0,1000.0,0,0,0.4807,0.038000000000000034,-0.482
29996,0.0,0.0,0.0,1000.0,0,0,0.1607,0.05800000000000005,-0.482
29997,0.0,0.0,0.0,1000.0,0,0,0.1807,0.05800000000000005,-0.482
29998,0.0,0.0,0.0,1000.0,0,0,0.20070000000000002,0.05800000000000005,-0.482
29999,0.0,0.0,0.0,1000.0,0,0,0.2207,0.05800000000000005,-0.482
30000,0.0,0.0,0.0,1000.0,0,0,0.24070000000000003,0.05800000000000005,-0.482
30001,0.0,0.0,0.0,1000.0,0,0,0.26070000000000004,0.05800000000000005,-0.482
30002,0.0,0.0,0.0,1000.0,0,0,0.2807,0.05800000000000005,-0.482
30003,0.0,0.0,0.0,1000.0,0,0,0.3007,0.05800000000000005,-0.482
30004,0.0,0.0,0.0,1000.0,0,0,0.3207,0.05800000000000005,-0.482
30005,0.0,0.0,0.0,1000.0,0,0,0.3407,0.05800000000000005,-0.482
30006,0.0,0.0,0.0,1000.0,0,0,0.3607,0.05800000000000005,-0.482
30007,0.0,0.0,0.0,1000.0,0,0,0.38070000000000004,0.05800000000000005,-0.482
30008,0.0,0.0,0.0,1000.0,0,0,0.4007,0.05800000000000005,-0.482
30009,0.0,0.0,0.0,1000.0,0,0,0.4207,0.05800000000000005,-0.482
30010,0.0,0.0,0.0,1000.0,0,0,0.44070000000000004,0.05800000000000005,-0.482
30011,0.0,0.0,0.0,1000.0,0,0,0.4607,0.05800000000000005,-0.482
30012,0.0,0.0,0.0,1000.0,0,0,0.4807,0.05800000000000005,-0.482
30013,0.0,0.0,0.0,1000.0,0,0,0.1607,0.07800000000000007,-0.482
30014,0.0,0.0,0.0,1000.0,0,0,0.1807,0.07800000000000007,-0.482
30015,0.0,0.0,0.0,1000.0,0,0,0.20070000000000002,0.07800000000000007,-0.482
30016,0.0,0.0,0.0,1000.0,0,0,0.2207,0.07800000000000007,-0.482
30017,0.0,0.0,0.0,1000.0,0,0,0.24070000000000003,0.07800000000000007,-0.482
30018,0.0,0.0,0.0,1000.0,0,0,0.26070000000000004,0.07800000000000007,-0.482
30019,0.0,0.0,0.0,1000.0,0,0,0.2807,0.07800000000000007,-0.482
30020,0.0,0.0,0.0,1000.0,0,0,0.3007,0.07800000000000007,-0.482
30021,0.0,0.0,0.0,1000.0,0,0,0.3207,0.07800000000000007,-0.482
30022,0.0,0.0,0.0,1000.0,0,0,0.3407,0.07800000000000007,-0.482
30023,0.0,0.0,0.0,1000.0,0,0,0.3607,0.07800000000000007,-0.482
30024,0.0,0.0,0.0,1000.0,0,0,0.38070000000000004,0.07800000000000007,-0.482
30025,0.0,0.0,0.0,1000.0,0,0,0.4007,0.07800000000000007,-0.482
30026,0.0,0.0,0.0,1000.0,0,0,0.4207,0.07800000000000007,-0.482
30027,0.0,0.0,0.0,1000.0,0,0,0.44070000000000004,0.07800000000000007,-0.482
30028,0.0,0.0,0.0,1000.0,0,0,0.4607,0.07800000000000007,-0.482
30029,0.0,0.0,0.0,1000.0,0,0,0.4807,0.07800000000000007,-0.482
30030,0.0,0.0,0.0,1000.0,0,0,0.1607,0.09799999999999998,-0.482
30031,0.0,0.0,0.0,1000.0,0,0,0.1807,0.09799999999999998,-0.482
30032,0.0,0.0,0.0,1000.0,0,0,0.20070000000000002,0.09799999999999998,-0.482
30033,0.0,0.0,0.0,1000.0,0,0,0.2207,0.09799999999999998,-0.482
30034,0.0,0.0,0.0,1000.0,0,0,0.24070000000000003,0.09799999999999998,-0.482
30035,0.0,0.0,0.0,1000.0,0,0,0.26070000000000004,0.09799999999999998,-0.482
30036,0.0,0.0,0.0,1000.0,0,0,0.2807,0.09799999999999998,-0.482
30037,0.0,0.0,0.0,1000.0,0,0,0.3007,0.09799999999999998,-0.482
30038,0.0,0.0,0.0,1000.0,0,0,0.3207,0.09799999999999998,-0.482
30039,0.0,0.0,0.0,1000.0,0,0,0.3407,0.09799999999999998,-0.482
30040,0.0,0.0,0.0,1000.0,0,0,0.3607,0.09799999999999998,-0.482
30041,0.0,0.0,0.0,1000.0,0,0,0.38070000000000004,0.09799999999999998,-0.482
30042,0.0,0.0,0.0,1000.0,0,0,0.4007,0.09799999999999998,-0.482
30043,0.0,0.0,0.0,1000.0,0,0,0.4207,0.09799999999999998,-0.482
30044,0.0,0.0,0.0,1000.0,0,0,0.44070000000000004,0.09799999999999998,-0.482
30045,0.0,0.0,0.0,1000.0,0,0,0.4607,0.09799999999999998,-0.482
30046,0.0,0.0,0.0,1000.0,0,0,0.4807,0.09799999999999998,-0.482
30047,0.0,0.0,0.0,1000.0,0,0,0.1607,0.118,-0.482
30048,0.0,0.0,0.0,1000.0,0,0,0.1807,0.118,-0.482
30049,0.0,0.0,0.0,1000.0,0,0,0.20070000000000002,0.118,-0.482
30050,0.0,0.0,0.0,1000.0,0,0,0.2207,0.118,-0.482
30051,0.0,0.0,0.0,1000.0,0,0,0.24070000000000003,0.118,-0.482
30052,0.0,0.0,0.0,1000.0,0,0,0.26070000000000004,0.118,-0.482
30053,0.0,0.0,0.0,1000.0,0,0,0.2807,0.118,-0.482
30054,0.0,0.0,0.0,1000.0,0,0,0.3007,0.118,-0.482
30055,0.0,0.0,0.0,1000.0,0,0,0.3207,0.118,-0.482
30056,0.0,0.0,0.0,1000.0,0,0,0.3407,0.118,-0.482
30057,0.0,0.0,0.0,1000.0,0,0,0.3607,0.118,-0.482
30058,0.0,0.0,0.0,1000.0,0,0,0.38070000000000004,0.118,-0.482
30059,0.0,0.0,0.0,1000.0,0,0,0.4007,0.118,-0.482
30060,0.0,0.0,0.0,1000.0,0,0,0.4207,0.118,-0.482
30061,0.0,0.0,0.0,1000.0,0,0,0.44070000000000004,0.118,-0.482
30062,0.0,0.0,0.0,1000.0,0,0,0.4607,0.118,-0.482
30063,0.0,0.0,0.0,1000.0,0,0,0.4807,0.118,-0.482
30064,0.0,0.0,0.0,1000.0,0,0,0.1607,0.138,-0.482
30065,0.0,0.0,0.0,1000.0,0,0,0.1807,0.138,-0.482
30066,0.0,0.0,0.0,1000.0,0,0,0.20070000000000002,0.138,-0.482
30067,0.0,0.0,0.0,1000.0,0,0,0.2207,0.138,-0.482
30068,0.0,0.0,0.0,1000.0,0,0,0.24070000000000003,0.138,-0.482
30069,0.0,0.0,0.0,1000.0,0,0,0.26070000000000004,0.138,-0.482
30070,0.0,0.0,0.0,1000.0,0,0,0.2807,0.138,-0.482
30071,0.0,0.0,0.0,1000.0,0,0,0.3007,0.138,-0.482
30072,0.0,0.0,0.0,1000.0,0,0,0.3207,0.138,-0.482
30073,0.0,0.0,0.0,1000.0,0,0,0.3407,0.138,-0.482
30074,0.0,0.0,0.0,1000.0,0,0,0.3607,0.138,-0.482
30075,0.0,0.0,0.0,1000.0,0,0,0.38070000000000004,0.138,-0.482
30076,0.0,0.0,0.0,1000.0,0,0,0.4007,0.138,-0.482
30077,0.0,0.0,0.0,1000.0,0,0,0.4207,0.138,-0.482
30078,0.0,0.0,0.0,1000.0,0,0,0.44070000000000004,0.138,-0.482
30079,0.0,0.0,0.0,1000.0,0,0,0.4607,0.138,-0.482
30080,0.0,0.0,0.0,1000.0,0,0,0.4807,0.138,-0.482
30081,0.0,0.0,0.0,1000.0,0,0,0.1607,0.15800000000000003,-0.482
30082,0.0,0.0,0.0,1000.0,0,0,0.1807,0.15800000000000003,-0.482
30083,0.0,0.0,0.0,1000.0,0,0,0.20070000000000002,0.15800000000000003,-0.482
30084,0.0,0.0,0.0,1000.0,0,0,0.2207,0.15800000000000003,-0.482
30085,0.0,0.0,0.0,1000.0,0,0,0.24070000000000003,0.15800000000000003,-0.482
30086,0.0,0.0,0.0,1000.0,0,0,0.26070000000000004,0.15800000000000003,-0.482
30087,0.0,0.0,0.0,1000.0,0,0,0.2807,0.15800000000000003,-0.482
30088,0.0,0.0,0.0,1000.0,0,0,0.3007,0.15800000000000003,-0.482
30089,0.0,0.0,0.0,1000.0,0,0,0.3207,0.15800000000000003,-0.482
30090,0.0,0.0,0.0,1000.0,0,0,0.3407,0.15800000000000003,-0.482
30091,0.0,0.0,0.0,1000.0,0,0,0.3607,0.15800000000000003,-0.482
30092,0.0,0.0,0.0,1000.0,0,0,0.38070000000000004,0.15800000000000003,-0.482
30093,0.0,0.0,0.0,1000.0,0,0,0.4007,0.15800000000000003,-0.482
30094,0.0,0.0,0.0,1000.0,0,0,0.4207,0.15800000000000003,-0.482
30095,0.0,0.0,0.0,1000.0,0,0,0.44070000000000004,0.15800000000000003,-0.482
30096,0.0,0.0,0.0,1000.0,0,0,0.4607,0.15800000000000003,-0.482
30097,0.0,0.0,0.0,1000.0,0,0,0.4807,0.15800000000000003,-0.482
30098,0.0,0.0,0.0,1000.0,0,0,0.1607,0.17800000000000005,-0.482
30099,0.0,0.0,0.0,1000.0,0,0,0.1807,0.17800000000000005,-0.482
30100,0.0,0.0,0.0,1000.0,0,0,0.20070000000000002,0.17800000000000005,-0.482
30101,0.0,0.0,0.0,1000.0,0,0,0.2207,0.17800000000000005,-0.482
30102,0.0,0.0,0.0,1000.0,0,0,0.24070000000000003,0.17800000000000005,-0.482
30103,0.0,0.0,0.0,1000.0,0,0,0.26070000000000004,0.17800000000000005,-0.482
30104,0.0,0.0,0.0,1000.0,0,0,0.2807,0.17800000000000005,-0.482
30105,0.0,0.0,0.0,1000.0,0,0,0.3007,0.17800000000000005,-0.482
30106,0.0,0.0,0.0,1000.0,0,0,0.3207,0.17800000000000005,-0.482
30107,0.0,0.0,0.0,1000.0,0,0,0.3407,0.17800000000000005,-0.482
30108,0.0,0.0,0.0,1000.0,0,0,0.3607,0.17800000000000005,-0.482
30109,0.0,0.0,0.0,1000.0,0,0,0.38070000000000004,0.17800000000000005,-0.482
30110,0.0,0.0,0.0,1000.0,0,0,0.4007,0.17800000000000005,-0.482
30111,0.0,0.0,0.0,1000.0,0,0,0.4207,0.17800000000000005,-0.482
30112,0.0,0.0,0.0,1000.0,0,0,0.44070000000000004,0.17800000000000005,-0.482
30113,0.0,0.0,0.0,1000.0,0,0,0.4607,0.17800000000000005,-0.482
30114,0.0,0.0,0.0,1000.0,0,0,0.4807,0.17800000000000005,-0.482
30115,0.0,0.0,0.0,1000.0,0,0,0.1607,0.19800000000000006,-0.482
30116,0.0,0.0,0.0,1000.0,0,0,0.1807,0.19800000000000006,-0.482
30117,0.0,0.0,0.0,1000.0,0,0,0.20070000000000002,0.19800000000000006,-0.482
30118,0.0,0.0,0.0,1000.0,0,0,0.2207,0.19800000000000006,-0.482
30119,0.0,0.0,0.0,1000.0,0,0,0.24070000000000003,0.19800000000000006,-0.482
30120,0.0,0.0,0.0,1000.0,0,0,0.26070000000000004,0.19800000000000006,-0.482
30121,0.0,0.0,0.0,1000.0,0,0,0.2807,0.19800000000000006,-0.482
30122,0.0,0.0,0.0,1000.0,0,0,0.3007,0.19800000000000006,-0.482
30123,0.0,0.0,0.0,1000.0,0,0,0.3207,0.19800000000000006,-0.482
30124,0.0,0.0,0.0,1000.0,0,0,0.3407,0.19800000000000006,-0.482
30125,0.0,0.0,0.0,1000.0,0,0,0.3607,0.19800000000000006,-0.482
30126,0.0,0.0,0.0,1000.0,0,0,0.38070000000000004,0.19800000000000006,-0.482
30127,0.0,0.0,0.0,1000.0,0,0,0.4007,0.19800000000000006,-0.482
30128,0.0,0.0,0.0,1000.0,0,0,0.4207,0.19800000000000006,-0.482
30129,0.0,0.0,0.0,1000.0,0,0,0.44070000000000004,0.19800000000000006,-0.482
30130,0.0,0.0,0.0,1000.0,0,0,0.4607,0.19800000000000006,-0.482
30131,0.0,0.0,0.0,1000.0,0,0,0.4807,0.19800000000000006,-0.482
30132,0.0,0.0,0.0,1000.0,0,0,0.1607,0.21800000000000008,-0.482
30133,0.0,0.0,0.0,1000.0,0,0,0.1807,0.21800000000000008,-0.482
30134,0.0,0.0,0.0,1000.0,0,0,0.20070000000000002,0.21800000000000008,-0.482
30135,0.0,0.0,0.0,1000.0,0,0,0.2207,0.21800000000000008,-0.482
30136,0.0,0.0,0.0,1000.0,0,0,0.24070000000000003,0.21800000000000008,-0.482
30137,0.0,0.0,0.0,1000.0,0,0,0.26070000000000004,0.21800000000000008,-0.482
30138,0.0,0.0,0.0,1000.0,0,0,0.2807,0.21800000000000008,-0.482
30139,0.0,0.0,0.0,1000.0,0,0,0.3007,0.21800000000000008,-0.482
30140,0.0,0.0,0.0,1000.0,0,0,0.3207,0.21800000000000008,-0.482
30141,0.0,0.0,0.0,1000.0,0,0,0.3407,0.21800000000000008,-0.482
30142,0.0,0.0,0.0,1000.0,0,0,0.3607,0.21800000000000008,-0.482
30143,0.0,0.0,0.0,1000.0,0,0,0.38070000000000004,0.21800000000000008,-0.482
30144,0.0,0.0,0.0,1000.0,0,0,0.4007,0.21800000000000008,-0.482
30145,0.0,0.0,0.0,1000.0,0,0,0.4207,0.21800000000000008,-0.482
30146,0.0,0.0,0.0,1000.0,0,0,0.44070000000000004,0.21800000000000008,-0.482
30147,0.0,0.0,0.0,1000.0,0,0,0.4607,0.21800000000000008,-0.482
30148,0.0,0.0,0.0,1000.0,0,0,0.4807,0.21800000000000008,-0.482
30149,0.0,0.0,0.0,1000.0,0,0,0.1607,0.238,-0.482
30150,0.0,0.0,0.0,1000.0,0,0,0.1807,0.238,-0.482
30151,0.0,0.0,0.0,1000.0,0,0,0.20070000000000002,0.238,-0.482
30152,0.0,0.0,0.0,1000.0,0,0,0.2207,0.238,-0.482
30153,0.0,0.0,0.0,1000.0,0,0,0.24070000000000003,0.238,-0.482
30154,0.0,0.0,0.0,1000.0,0,0,0.26070000000000004,0.238,-0.482
30155,0.0,0.0,0.0,1000.0,0,0,0.2807,0.238,-0.482
30156,0.0,0.0,0.0,1000.0,0,0,0.3007,0.238,-0.482
30157,0.0,0.0,0.0,1000.0,0,0,0.3207,0.238,-0.482
30158,0.0,0.0,0.0,1000.0,0,0,0.3407,0.238,-0.482
30159,0.0,0.0,0.0,1000.0,0,0,0.3607,0.238,-0.482
30160,0.0,0.0,0.0,1000.0,0,0,0.38070000000000004,0.238,-0.482
30161,0.0,0.0,0.0,1000.0,0,0,0.4007,0.238,-0.482
30162,0.0,0.0,0.0,1000.0,0,0,0.4207,0.238,-0.482
30163,0.0,0.0,0.0,1000.0,0,0,0.44070000000000004,0.238,-0.482
30164,0.0,0.0,0.0,1000.0,0,0,0.4607,0.238,-0.482
30165,0.0,0.0,0.0,1000.0,0,0,0.4807,0.238,-0.482
30166,0.0,0.0,0.0,1000.0,0,0,0.1607,0.258,-0.482
30167,0.0,0.0,0.0,1000.0,0,0,0.1807,0.258,-0.482
30168,0.0,0.0,0.0,1000.0,0,0,0.20070000000000002,0.258,-0.482
30169,0.0,0.0,0.0,1000.0,0,0,0.2207,0.258,-0.482
30170,0.0,0.0,0.0,1000.0,0,0,0.24070000000000003,0.258,-0.482
30171,0.0,0.0,0.0,1000.0,0,0,0.26070000000000004,0.258,-0.482
30172,0.0,0.0,0.0,1000.0,0,0,0.2807,0.258,-0.482
30173,0.0,0.0,0.0,1000.0,0,0,0.3007,0.258,-0.482
30174,0.0,0.0,0.0,1000.0,0,0,0.3207,0.258,-0.482
30175,0.0,0.0,0.0,1000.0,0,0,0.3407,0.258,-0.482
30176,0.0,0.0,0.0,1000.0,0,0,0.3607,0.258,-0.482
30177,0.0,0.0,0.0,1000.0,0,0,0.38070000000000004,0.258,-0.482
30178,0.0,0.0,0.0,1000.0,0,0,0.4007,0.258,-0.482
30179,0.0,0.0,0.0,1000.0,0,0,0.4207,0.258,-0.482
30180,0.0,0.0,0.0,1000.0,0,0,0.44070000000000004,0.258,-0.482
30181,0.0,0.0,0.0,1000.0,0,0,0.4607,0.258,-0.482
30182,0.0,0.0,0.0,1000.0,0,0,0.4807,0.258,-0.482
30183,0.0,0.0,0.0,1000.0,0,0,0.1607,0.278,-0.482
30184,0.0,0.0,0.0,1000.0,0,0,0.1807,0.278,-0.482
30185,0.0,0.0,0.0,1000.0,0,0,0.20070000000000002,0.278,-0.482
30186,0.0,0.0,0.0,1000.0,0,0,0.2207,0.278,-0.482
30187,0.0,0.0,0.0,1000.0,0,0,0.24070000000000003,0.278,-0.482
30188,0.0,0.0,0.0,1000.0,0,0,0.26070000000000004,0.278,-0.482
30189,0.0,0.0,0.0,1000.0,0,0,0.2807,0.278,-0.482
30190,0.0,0.0,0.0,1000.0,0,0,0.3007,0.278,-0.482
30191,0.0,0.0,0.0,1000.0,0,0,0.3207,0.278,-0.482
30192,0.0,0.0,0.0,1000.0,0,0,0.3407,0.278,-0.482
30193,0.0,0.0,0.0,1000.0,0,0,0.3607,0.278,-0.482
30194,0.0,0.0,0.0,1000.0,0,0,0.38070000000000004,0.278,-0.482
30195,0.0,0.0,0.0,1000.0,0,0,0.4007,0.278,-0.482
30196,0.0,0.0,0.0,1000.0,0,0,0.4207,0.278,-0.482
30197,0.0,0.0,0.0,1000.0,0,0,0.44070000000000004,0.278,-0.482
30198,0.0,0.0,0.0,1000.0,0,0,0.4607,0.278,-0.482
30199,0.0,0.0,0.0,1000.0,0,0,0.4807,0.278,-0.482
30200,0.0,0.0,0.0,1000.0,0,0,0.1607,0.29800000000000004,-0.482
30201,0.0,0.0,0.0,1000.0,0,0,0.1807,0.29800000000000004,-0.482
30202,0.0,0.0,0.0,1000.0,0,0,0.20070000000000002,0.29800000000000004,-0.482
30203,0.0,0.0,0.0,1000.0,0,0,0.2207,0.29800000000000004,-0.482
30204,0.0,0.0,0.0,1000.0,0,0,0.24070000000000003,0.29800000000000004,-0.482
30205,0.0,0.0,0.0,1000.0,0,0,0.26070000000000004,0.29800000000000004,-0.482
30206,0.0,0.0,0.0,1000.0,0,0,0.2807,0.29800000000000004,-0.482
30207,0.0,0.0,0.0,1000.0,0,0,0.3007,0.29800000000000004,-0.482
30208,0.0,0.0,0.0,1000.0,0,0,0.3207,0.29800000000000004,-0.482
30209,0.0,0.0,0.0,1000.0,0,0,0.3407,0.29800000000000004,-0.482
30210,0.0,0.0,0.0,1000.0,0,0,0.3607,0.29800000000000004,-0.482
30211,0.0,0.0,0.0,1000.0,0,0,0.38070000000000004,0.29800000000000004,-0.482
30212,0.0,0.0,0.0,1000.0,0,0,0.4007,0.29800000000000004,-0.482
30213,0.0,0.0,0.0,1000.0,0,0,0.4207,0.29800000000000004,-0.482
30214,0.0,0.0,0.0,1000.0,0,0,0.44070000000000004,0.29800000000000004,-0.482
30215,0.0,0.0,0.0,1000.0,0,0,0.4607,0.29800000000000004,-0.482
30216,0.0,0.0,0.0,1000.0,0,0,0.4807,0.29800000000000004,-0.482
30217,0.0,0.0,0.0,1000.0,0,0,0.1607,0.31800000000000006,-0.482
30218,0.0,0.0,0.0,1000.0,0,0,0.1807,0.31800000000000006,-0.482
30219,0.0,0.0,0.0,1000.0,0,0,0.20070000000000002,0.31800000000000006,-0.482
30220,0.0,0.0,0.0,1000.0,0,0,0.2207,0.31800000000000006,-0.482
30221,0.0,0.0,0.0,1000.0,0,0,0.24070000000000003,0.31800000000000006,-0.482
30222,0.0,0.0,0.0,1000.0,0,0,0.26070000000000004,0.31800000000000006,-0.482
30223,0.0,0.0,0.0,1000.0,0,0,0.2807,0.31800000000000006,-0.482
30224,0.0,0.0,0.0,1000.0,0,0,0.3007,0.31800000000000006,-0.482
30225,0.0,0.0,0.0,1000.0,0,0,0.3207,0.31800000000000006,-0.482
30226,0.0,0.0,0.0,1000.0,0,0,0.3407,0.31800000000000006,-0.482
30227,0.0,0.0,0.0,1000.0,0,0,0.3607,0.31800000000000006,-0.482
30228,0.0,0.0,0.0,1000.0,0,0,0.38070000000000004,0.31800000000000006,-0.482
30229,0.0,0.0,0.0,1000.0,0,0,0.4007,0.31800000000000006,-0.482
30230,0.0,0.0,0.0,1000.0,0,0,0.4207,0.31800000000000006,-0.482
30231,0.0,0.0,0.0,1000.0,0,0,0.44070000000000004,0.31800000000000006,-0.482
30232,0.0,0.0,0.0,1000.0,0,0,0.4607,0.31800000000000006,-0.482
30233,0.0,0.0,0.0,1000.0,0,0,0.4807,0.31800000000000006,-0.482
30234,0.0,0.0,0.0,1000.0,0,0,0.1607,0.3380000000000001,-0.482
30235,0.0,0.0,0.0,1000.0,0,0,0.1807,0.3380000000000001,-0.482
30236,0.0,0.0,0.0,1000.0,0,0,0.20070000000000002,0.3380000000000001,-0.482
30237,0.0,0.0,0.0,1000.0,0,0,0.2207,0.3380000000000001,-0.482
30238,0.0,0.0,0.0,1000.0,0,0,0.24070000000000003,0.3380000000000001,-0.482
30239,0.0,0.0,0.0,1000.0,0,0,0.26070000000000004,0.3380000000000001,-0.482
30240,0.0,0.0,0.0,1000.0,0,0,0.2807,0.3380000000000001,-0.482
30241,0.0,0.0,0.0,1000.0,0,0,0.3007,0.3380000000000001,-0.482
30242,0.0,0.0,0.0,1000.0,0,0,0.3207,0.3380000000000001,-0.482
30243,0.0,0.0,0.0,1000.0,0,0,0.3407,0.3380000000000001,-0.482
30244,0.0,0.0,0.0,1000.0,0,0,0.3607,0.3380000000000001,-0.482
30245,0.0,0.0,0.0,1000.0,0,0,0.38070000000000004,0.3380000000000001,-0.482
30246,0.0,0.0,0.0,1000.0,0,0,0.4007,0.3380000000000001,-0.482
30247,0.0,0.0,0.0,1000.0,0,0,0.4207,0.3380000000000001,-0.482
30248,0.0,0.0,0.0,1000.0,0,0,0.44070000000000004,0.3380000000000001,-0.482
30249,0.0,0.0,0.0,1000.0,0,0,0.4607,0.3380000000000001,-0.482
30250,0.0,0.0,0.0,1000.0,0,0,0.4807,0.3380000000000001,-0.482
30251,0.0,0.0,0.0,1000.0,0,0,0.1607,0.358,-0.482
30252,0.0,0.0,0.0,1000.0,0,0,0.1807,0.358,-0.482
30253,0.0,0.0,0.0,1000.0,0,0,0.20070000000000002,0.358,-0.482
30254,0.0,0.0,0.0,1000.0,0,0,0.2207,0.358,-0.482
30255,0.0,0.0,0.0,1000.0,0,0,0.24070000000000003,0.358,-0.482
30256,0.0,0.0,0.0,1000.0,0,0,0.26070000000000004,0.358,-0.482
30257,0.0,0.0,0.0,1000.0,0,0,0.2807,0.358,-0.482
30258,0.0,0.0,0.0,1000.0,0,0,0.3007,0.358,-0.482
30259,0.0,0.0,0.0,1000.0,0,0,0.3207,0.358,-0.482
30260,0.0,0.0,0.0,1000.0,0,0,0.3407,0.358,-0.482
30261,0.0,0.0,0.0,1000.0,0,0,0.3607,0.358,-0.482
30262,0.0,0.0,0.0,1000.0,0,0,0.38070000000000004,0.358,-0.482
30263,0.0,0.0,0.0,1000.0,0,0,0.4007,0.358,-0.482
30264,0.0,0.0,0.0,1000.0,0,0,0.4207,0.358,-0.482
30265,0.0,0.0,0.0,1000.0,0,0,0.44070000000000004,0.358,-0.482
30266,0.0,0.0,0.0,1000.0,0,0,0.4607,0.358,-0.482
30267,0.0,0.0,0.0,1000.0,0,0,0.4807,0.358,-0.482
30268,0.0,0.0,0.0,1000.0,0,0,0.1607,0.378,-0.482
30269,0.0,0.0,0.0,1000.0,0,0,0.1807,0.378,-0.482
30270,0.0,0.0,0.0,1000.0,0,0,0.20070000000000002,0.378,-0.482
30271,0.0,0.0,0.0,1000.0,0,0,0.2207,0.378,-0.482
30272,0.0,0.0,0.0,1000.0,0,0,0.24070000000000003,0.378,-0.482
30273,0.0,0.0,0.0,1000.0,0,0,0.26070000000000004,0.378,-0.482
30274,0.0,0.0,0.0,1000.0,0,0,0.2807,0.378,-0.482
30275,0.0,0.0,0.0,1000.0,0,0,0.3007,0.378,-0.482
30276,0.0,0.0,0.0,1000.0,0,0,0.3207,0.378,-0.482
30277,0.0,0.0,0.0,1000.0,0,0,0.3407,0.378,-0.482
30278,0.0,0.0,0.0,1000.0,0,0,0.3607,0.378,-0.482
30279,0.0,0.0,0.0,1000.0,0,0,0.38070000000000004,0.378,-0.482
30280,0.0,0.0,0.0,1000.0,0,0,0.4007,0.378,-0.482
30281,0.0,0.0,0.0,1000.0,0,0,0.4207,0.378,-0.482
30282,0.0,0.0,0.0,1000.0,0,0,0.44070000000000004,0.378,-0.482
30283,0.0,0.0,0.0,1000.0,0,0,0.4607,0.378,-0.482
30284,0.0,0.0,0.0,1000.0,0,0,0.4807,0.378,-0.482
30285,0.0,0.0,0.0,1000.0,0,0,0.1607,0.398,-0.482
30286,0.0,0.0,0.0,1000.0,0,0,0.1807,0.398,-0.482
30287,0.0,0.0,0.0,1000.0,0,0,0.20070000000000002,0.398,-0.482
30288,0.0,0.0,0.0,1000.0,0,0,0.2207,0.398,-0.482
30289,0.0,0.0,0.0,1000.0,0,0,0.24070000000000003,0.398,-0.482
30290,0.0,0.0,0.0,1000.0,0,0,0.26070000000000004,0.398,-0.482
30291,0.0,0.0,0.0,1000.0,0,0,0.2807,0.398,-0.482
30292,0.0,0.0,0.0,1000.0,0,0,0.3007,0.398,-0.482
30293,0.0,0.0,0.0,1000.0,0,0,0.3207,0.398,-0.482
30294,0.0,0.0,0.0,1000.0,0,0,0.3407,0.398,-0.482
30295,0.0,0.0,0.0,1000.0,0,0,0.3607,0.398,-0.482
30296,0.0,0.0,0.0,1000.0,0,0,0.38070000000000004,0.398,-0.482
30297,0.0,0.0,0.0,1000.0,0,0,0.4007,0.398,-0.482
30298,0.0,0.0,0.0,1000.0,0,0,0.4207,0.398,-0.482
30299,0.0,0.0,0.0,1000.0,0,0,0.44070000000000004,0.398,-0.482
30300,0.0,0.0,0.0,1000.0,0,0,0.4607,0.398,-0.482
30301,0.0,0.0,0.0,1000.0,0,0,0.4807,0.398,-0.482
30302,0.0,0.0,0.0,1000.0,0,0,0.1607,0.41800000000000004,-0.482
30303,0.0,0.0,0.0,1000.0,0,0,0.1807,0.41800000000000004,-0.482
30304,0.0,0.0,0.0,1000.0,0,0,0.20070000000000002,0.41800000000000004,-0.482
30305,0.0,0.0,0.0,1000.0,0,0,0.2207,0.41800000000000004,-0.482
30306,0.0,0.0,0.0,1000.0,0,0,0.24070000000000003,0.41800000000000004,-0.482
30307,0.0,0.0,0.0,1000.0,0,0,0.26070000000000004,0.41800000000000004,-0.482
30308,0.0,0.0,0.0,1000.0,0,0,0.2807,0.41800000000000004,-0.482
30309,0.0,0.0,0.0,1000.0,0,0,0.3007,0.41800000000000004,-0.482
30310,0.0,0.0,0.0,1000.0,0,0,0.3207,0.41800000000000004,-0.482
30311,0.0,0.0,0.0,1000.0,0,0,0.3407,0.41800000000000004,-0.482
30312,0.0,0.0,0.0,1000.0,0,0,0.3607,0.41800000000000004,-0.482
30313,0.0,0.0,0.0,1000.0,0,0,0.38070000000000004,0.41800000000000004,-0.482
30314,0.0,0.0,0.0,1000.0,0,0,0.4007,0.41800000000000004,-0.482
30315,0.0,0.0,0.0,1000.0,0,0,0.4207,0.41800000000000004,-0.482
30316,0.0,0.0,0.0,1000.0,0,0,0.44070000000000004,0.41800000000000004,-0.482
30317,0.0,0.0,0.0,1000.0,0,0,0.4607,0.41800000000000004,-0.482
30318,0.0,0.0,0.0,1000.0,0,0,0.4807,0.41800000000000004,-0.482
30319,0.0,0.0,0.0,1000.0,0,0,0.1607,0.43800000000000006,-0.482
30320,0.0,0.0,0.0,1000.0,0,0,0.1807,0.43800000000000006,-0.482
30321,0.0,0.0,0.0,1000.0,0,0,0.20070000000000002,0.43800000000000006,-0.482
30322,0.0,0.0,0.0,1000.0,0,0,0.2207,0.43800000000000006,-0.482
30323,0.0,0.0,0.0,1000.0,0,0,0.24070000000000003,0.43800000000000006,-0.482
30324,0.0,0.0,0.0,1000.0,0,0,0.26070000000000004,0.43800000000000006,-0.482
30325,0.0,0.0,0.0,1000.0,0,0,0.2807,0.43800000000000006,-0.482
30326,0.0,0.0,0.0,1000.0,0,0,0.3007,0.43800000000000006,-0.482
30327,0.0,0.0,0.0,1000.0,0,0,0.3207,0.43800000000000006,-0.482
30328,0.0,0.0,0.0,1000.0,0,0,0.3407,0.43800000000000006,-0.482
30329,0.0,0.0,0.0,1000.0,0,0,0.3607,0.43800000000000006,-0.482
30330,0.0,0.0,0.0,1000.0,0,0,0.38070000000000004,0.43800000000000006,-0.482
30331,0.0,0.0,0.0,1000.0,0,0,0.4007,0.43800000000000006,-0.482
30332,0.0,0.0,0.0,1000.0,0,0,0.4207,0.43800000000000006,-0.482
30333,0.0,0.0,0.0,1000.0,0,0,0.44070000000000004,0.43800000000000006,-0.482
30334,0.0,0.0,0.0,1000.0,0,0,0.4607,0.43800000000000006,-0.482
30335,0.0,0.0,0.0,1000.0,0,0,0.4807,0.43800000000000006,-0.482
30336,0.0,0.0,0.0,1000.0,0,0,0.1607,0.4580000000000001,-0.482
30337,0.0,0.0,0.0,1000.0,0,0,0.1807,0.4580000000000001,-0.482
30338,0.0,0.0,0.0,1000.0,0,0,0.20070000000000002,0.4580000000000001,-0.482
30339,0.0,0.0,0.0,1000.0,0,0,0.2207,0.4580000000000001,-0.482
30340,0.0,0.0,0.0,1000.0,0,0,0.24070000000000003,0.4580000000000001,-0.482
30341,0.0,0.0,0.0,1000.0,0,0,0.26070000000000004,0.4580000000000001,-0.482
30342,0.0,0.0,0.0,1000.0,0,0,0.2807,0.4580000000000001,-0.482
30343,0.0,0.0,0.0,1000.0,0,0,0.3007,0.4580000000000001,-0.482
30344,0.0,0.0,0.0,1000.0,0,0,0.3207,0.4580000000000001,-0.482
30345,0.0,0.0,0.0,1000.0,0,0,0.3407,0.4580000000000001,-0.482
30346,0.0,0.0,0.0,1000.0,0,0,0.3607,0.4580000000000001,-0.482
30347,0.0,0.0,0.0,1000.0,0,0,0.38070000000000004,0.4580000000000001,-0.482
30348,0.0,0.0,0.0,1000.0,0,0,0.4007,0.4580000000000001,-0.482
30349,0.0,0.0,0.0,1000.0,0,0,0.4207,0.4580000000000001,-0.482
30350,0.0,0.0,0.0,1000.0,0,0,0.44070000000000004,0.4580000000000001,-0.482
30351,0.0,0.0,0.0,1000.0,0,0,0.4607,0.4580000000000001,-0.482
30352,0.0,0.0,0.0,1000.0,0,0,0.4807,0.4580000000000001,-0.482
30353,0.0,0.0,0.0,1000.0,0,0,0.1607,0.478,-0.482
30354,0.0,0.0,0.0,1000.0,0,0,0.1807,0.478,-0.482
30355,0.0,0.0,0.0,1000.0,0,0,0.20070000000000002,0.478,-0.482
30356,0.0,0.0,0.0,1000.0,0,0,0.2207,0.478,-0.482
30357,0.0,0.0,0.0,1000.0,0,0,0.24070000000000003,0.478,-0.482
30358,0.0,0.0,0.0,1000.0,0,0,0.26070000000000004,0.478,-0.482
30359,0.0,0.0,0.0,1000.0,0,0,0.2807,0.478,-0.482
30360,0.0,0.0,0.0,1000.0,0,0,0.3007,0.478,-0.482
30361,0.0,0.0,0.0,1000.0,0,0,0.3207,0.478,-0.482
30362,0.0,0.0,0.0,1000.0,0,0,0.3407,0.478,-0.482
30363,0.0,0.0,0.0,1000.0,0,0,0.3607,0.478,-0.482
30364,0.0,0.0,0.0,1000.0,0,0,0.38070000000000004,0.478,-0.482
30365,0.0,0.0,0.0,1000.0,0,0,0.4007,0.478,-0.482
30366,0.0,0.0,0.0,1000.0,0,0,0.4207,0.478,-0.482
30367,0.0,0.0,0.0,1000.0,0,0,0.44070000000000004,0.478,-0.482
30368,0.0,0.0,0.0,1000.0,0,0,0.4607,0.478,-0.482
30369,0.0,0.0,0.0,1000.0,0,0,0.4807,0.478,-0.482
30370,0.0,0.0,0.0,1000.0,0,0,0.1607,-0.482,-0.46199999999999997
30371,0.0,0.0,0.0,1000.0,0,0,0.1807,-0.482,-0.46199999999999997
30372,0.0,0.0,0.0,1000.0,0,0,0.20070000000000002,-0.482,-0.46199999999999997
30373,0.0,0.0,0.0,1000.0,0,0,0.2207,-0.482,-0.46199999999999997
30374,0.0,0.0,0.0,1000.0,0,0,0.24070000000000003,-0.482,-0.46199999999999997
30375,0.0,0.0,0.0,1000.0,0,0,0.26070000000000004,-0.482,-0.46199999999999997
30376,0.0,0.0,0.0,1000.0,0,0,0.2807,-0.482,-0.46199999999999997
30377,0.0,0.0,0.0,1000.0,0,0,0.3007,-0.482,-0.46199999999999997
30378,0.0,0.0,0.0,1000.0,0,0,0.3207,-0.482,-0.46199999999999997
30379,0.0,0.0,0.0,1000.0,0,0,0.3407,-0.482,-0.46199999999999997
30380,0.0,0.0,0.0,1000.0,0,0,0.3607,-0.482,-0.46199999999999997
30381,0.0,0.0,0.0,1000.0,0,0,0.38070000000000004,-0.482,-0.46199999999999997
30382,0.0,0.0,0.0,1000.0,0,0,0.4007,-0.482,-0.46199999999999997
30383,0.0,0.0,0.0,1000.0,0,0,0.4207,-0.482,-0.46199999999999997
30384,0.0,0.0,0.0,1000.0,0,0,0.44070000000000004,-0.482,-0.46199999999999997
30385,0.0,0.0,0.0,1000.0,0,0,0.4607,-0.482,-0.46199999999999997
30386,0.0,0.0,0.0,1000.0,0,0,0.4807,-0.482,-0.46199999999999997
30387,0.0,0.0,0.0,1000.0,0,0,0.1607,-0.46199999999999997,-0.46199999999999997
30388,0.0,0.0,0.0,1000.0,0,0,0.1807,-0.46199999999999997,-0.46199999999999997
30389,0.0,0.0,0.0,1000.0,0,0,0.20070000000000002,-0.46199999999999997,-0.46199999999999997
30390,0.0,0.0,0.0,1000.0,0,0,0.2207,-0.46199999999999997,-0.46199999999999997
30391,0.0,0.0,0.0,1000.0,0,0,0.24070000000000003,-0.46199999999999997,-0.46199999999999997
30392,0.0,0.0,0.0,1000.0,0,0,0.26070000000000004,-0.46199999999999997,-0.46199999999999997
30393,0.0,0.0,0.0,1000.0,0,0,0.2807,-0.46199999999999997,-0.46199999999999997
30394,0.0,0.0,0.0,1000.0,0,0,0.3007,-0.46199999999999997,-0.46199999999999997
30395,0.0,0.0,0.0,1000.0,0,0,0.3207,-0.46199999999999997,-0.46199999999999997
30396,0.0,0.0,0.0,1000.0,0,0,0.3407,-0.46199999999999997,-0.46199999999999997
30397,0.0,0.0,0.0,1000.0,0,0,0.3607,-0.46199999999999997,-0.46199999999999997
30398,0.0,0.0,0.0,1000.0,0,0,0.38070000000000004,-0.46199999999999997,-0.46199999999999997
30399,0.0,0.0,0.0,1000.0,0,0,0.4007,-0.46199999999999997,-0.46199999999999997
30400,0.0,0.0,0.0,1000.0,0,0,0.4207,-0.46199999999999997,-0.46199999999999997
30401,0.0,0.0,0.0,1000.0,0,0,0.44070000000000004,-0.46199999999999997,-0.46199999999999997
30402,0.0,0.0,0.0,1000.0,0,0,0.4607,-0.46199999999999997,-0.46199999999999997
30403,0.0,0.0,0.0,1000.0,0,0,0.4807,-0.46199999999999997,-0.46199999999999997
30404,0.0,0.0,0.0,1000.0,0,0,0.1607,-0.442,-0.46199999999999997
30405,0.0,0.0,0.0,1000.0,0,0,0.1807,-0.442,-0.46199999999999997
30406,0.0,0.0,0.0,1000.0,0,0,0.20070000000000002,-0.442,-0.46199999999999997
30407,0.0,0.0,0.0,1000.0,0,0,0.2207,-0.442,-0.46199999999999997
30408,0.0,0.0,0.0,1000.0,0,0,0.24070000000000003,-0.442,-0.46199999999999997
30409,0.0,0.0,0.0,1000.0,0,0,0.26070000000000004,-0.442,-0.46199999999999997
30410,0.0,0.0,0.0,1000.0,0,0,0.2807,-0.442,-0.46199999999999997
30411,0.0,0.0,0.0,1000.0,0,0,0.3007,-0.442,-0.46199999999999997
30412,0.0,0.0,0.0,1000.0,0,0,0.3207,-0.442,-0.46199999999999997
30413,0.0,0.0,0.0,1000.0,0,0,0.3407,-0.442,-0.46199999999999997
30414,0.0,0.0,0.0,1000.0,0,0,0.3607,-0.442,-0.46199999999999997
30415,0.0,0.0,0.0,1000.0,0,0,0.38070000000000004,-0.442,-0.46199999999999997
30416,0.0,0.0,0.0,1000.0,0,0,0.4007,-0.442,-0.46199999999999997
30417,0.0,0.0,0.0,1000.0,0,0,0.4207,-0.442,-0.46199999999999997
30418,0.0,0.0,0.0,1000.0,0,0,0.44070000000000004,-0.442,-0.46199999999999997
30419,0.0,0.0,0.0,1000.0,0,0,0.4607,-0.442,-0.46199999999999997
30420,0.0,0.0,0.0,1000.0,0,0,0.4807,-0.442,-0.46199999999999997
30421,0.0,0.0,0.0,1000.0,0,0,0.1607,-0.422,-0.46199999999999997
30422,0.0,0.0,0.0,1000.0,0,0,0.1807,-0.422,-0.46199999999999997
30423,0.0,0.0,0.0,1000.0,0,0,0.20070000000000002,-0.422,-0.46199999999999997
30424,0.0,0.0,0.0,1000.0,0,0,0.2207,-0.422,-0.46199999999999997
30425,0.0,0.0,0.0,1000.0,0,0,0.24070000000000003,-0.422,-0.46199999999999997
30426,0.0,0.0,0.0,1000.0,0,0,0.26070000000000004,-0.422,-0.46199999999999997
30427,0.0,0.0,0.0,1000.0,0,0,0.2807,-0.422,-0.46199999999999997
30428,0.0,0.0,0.0,1000.0,0,0,0.3007,-0.422,-0.46199999999999997
30429,0.0,0.0,0.0,1000.0,0,0,0.3207,-0.422,-0.46199999999999997
30430,0.0,0.0,0.0,1000.0,0,0,0.3407,-0.422,-0.46199999999999997
30431,0.0,0.0,0.0,1000.0,0,0,0.3607,-0.422,-0.46199999999999997
30432,0.0,0.0,0.0,1000.0,0,0,0.38070000000000004,-0.422,-0.46199999999999997
30433,0.0,0.0,0.0,1000.0,0,0,0.4007,-0.422,-0.46199999999999997
30434,0.0,0.0,0.0,1000.0,0,0,0.4207,-0.422,-0.46199999999999997
30435,0.0,0.0,0.0,1000.0,0,0,0.44070000000000004,-0.422,-0.46199999999999997
30436,0.0,0.0,0.0,1000.0,0,0,0.4607,-0.422,-0.46199999999999997
30437,0.0,0.0,0.0,1000.0,0,0,0.4807,-0.422,-0.46199999999999997
30438,0.0,0.0,0.0,1000.0,0,0,0.1607,-0.40199999999999997,-0.46199999999999997
30439,0.0,0.0,0.0,1000.0,0,0,0.1807,-0.40199999999999997,-0.46199999999999997
30440,0.0,0.0,0.0,1000.0,0,0,0.20070000000000002,-0.40199999999999997,-0.46199999999999997
30441,0.0,0.0,0.0,1000.0,0,0,0.2207,-0.40199999999999997,-0.46199999999999997
30442,0.0,0.0,0.0,1000.0,0,0,0.24070000000000003,-0.40199999999999997,-0.46199999999999997
30443,0.0,0.0,0.0,1000.0,0,0,0.26070000000000004,-0.40199999999999997,-0.46199999999999997
30444,0.0,0.0,0.0,1000.0,0,0,0.2807,-0.40199999999999997,-0.46199999999999997
30445,0.0,0.0,0.0,1000.0,0,0,0.3007,-0.40199999999999997,-0.46199999999999997
30446,0.0,0.0,0.0,1000.0,0,0,0.3207,-0.40199999999999997,-0.46199999999999997
30447,0.0,0.0,0.0,1000.0,0,0,0.3407,-0.40199999999999997,-0.46199999999999997
30448,0.0,0.0,0.0,1000.0,0,0,0.3607,-0.40199999999999997,-0.46199999999999997
30449,0.0,0.0,0.0,1000.0,0,0,0.38070000000000004,-0.40199999999999997,-0.46199999999999997
30450,0.0,0.0,0.0,1000.0,0,0,0.4007,-0.40199999999999997,-0.46199999999999997
30451,0.0,0.0,0.0,1000.0,0,0,0.4207,-0.40199999999999997,-0.46199999999999997
30452,0.0,0.0,0.0,1000.0,0,0,0.44070000000000004,-0.40199999999999997,-0.46199999999999997
30453,0.0,0.0,0.0,1000.0,0,0,0.4607,-0.40199999999999997,-0.46199999999999997
30454,0.0,0.0,0.0,1000.0,0,0,0.4807,-0.40199999999999997,-0.46199999999999997
30455,0.0,0.0,0.0,1000.0,0,0,0.1607,-0.382,-0.46199999999999997
30456,0.0,0.0,0.0,1000.0,0,0,0.1807,-0.382,-0.46199999999999997
30457,0.0,0.0,0.0,1000.0,0,0,0.20070000000000002,-0.382,-0.46199999999999997
30458,0.0,0.0,0.0,1000.0,0,0,0.2207,-0.382,-0.46199999999999997
30459,0.0,0.0,0.0,1000.0,0,0,0.24070000000000003,-0.382,-0.46199999999999997
30460,0.0,0.0,0.0,1000.0,0,0,0.26070000000000004,-0.382,-0.46199999999999997
30461,0.0,0.0,0.0,1000.0,0,0,0.2807,-0.382,-0.46199999999999997
30462,0.0,0.0,0.0,1000.0,0,0,0.3007,-0.382,-0.46199999999999997
30463,0.0,0.0,0.0,1000.0,0,0,0.3207,-0.382,-0.46199999999999997
30464,0.0,0.0,0.0,1000.0,0,0,0.3407,-0.382,-0.46199999999999997
30465,0.0,0.0,0.0,1000.0,0,0,0.3607,-0.382,-0.46199999999999997
30466,0.0,0.0,0.0,1000.0,0,0,0.38070000000000004,-0.382,-0.46199999999999997
30467,0.0,0.0,0.0,1000.0,0,0,0.4007,-0.382,-0.46199999999999997
30468,0.0,0.0,0.0,1000.0,0,0,0.4207,-0.382,-0.46199999999999997
30469,0.0,0.0,0.0,1000.0,0,0,0.44070000000000004,-0.382,-0.46199999999999997
30470,0.0,0.0,0.0,1000.0,0,0,0.4607,-0.382,-0.46199999999999997
30471,0.0,0.0,0.0,1000.0,0,0,0.4807,-0.382,-0.46199999999999997
30472,0.0,0.0,0.0,1000.0,0,0,0.1607,-0.362,-0.46199999999999997
30473,0.0,0.0,0.0,1000.0,0,0,0.1807,-0.362,-0.46199999999999997
30474,0.0,0.0,0.0,1000.0,0,0,0.20070000000000002,-0.362,-0.46199999999999997
30475,0.0,0.0,0.0,1000.0,0,0,0.2207,-0.362,-0.46199999999999997
30476,0.0,0.0,0.0,1000.0,0,0,0.24070000000000003,-0.362,-0.46199999999999997
30477,0.0,0.0,0.0,1000.0,0,0,0.26070000000000004,-0.362,-0.46199999999999997
30478,0.0,0.0,0.0,1000.0,0,0,0.2807,-0.362,-0.46199999999999997
30479,0.0,0.0,0.0,1000.0,0,0,0.3007,-0.362,-0.46199999999999997
30480,0.0,0.0,0.0,1000.0,0,0,0.3207,-0.362,-0.46199999999999997
30481,0.0,0.0,0.0,1000.0,0,0,0.3407,-0.362,-0.46199999999999997
30482,0.0,0.0,0.0,1000.0,0,0,0.3607,-0.362,-0.46199999999999997
30483,0.0,0.0,0.0,1000.0,0,0,0.38070000000000004,-0.362,-0.46199999999999997
30484,0.0,0.0,0.0,1000.0,0,0,0.4007,-0.362,-0.46199999999999997
30485,0.0,0.0,0.0,1000.0,0,0,0.4207,-0.362,-0.46199999999999997
30486,0.0,0.0,0.0,1000.0,0,0,0.44070000000000004,-0.362,-0.46199999999999997
30487,0.0,0.0,0.0,1000.0,0,0,0.4607,-0.362,-0.46199999999999997
30488,0.0,0.0,0.0,1000.0,0,0,0.4807,-0.362,-0.46199999999999997
30489,0.0,0.0,0.0,1000.0,0,0,0.1607,-0.34199999999999997,-0.46199999999999997
30490,0.0,0.0,0.0,1000.0,0,0,0.1807,-0.34199999999999997,-0.46199999999999997
30491,0.0,0.0,0.0,1000.0,0,0,0.20070000000000002,-0.34199999999999997,-0.46199999999999997
30492,0.0,0.0,0.0,1000.0,0,0,0.2207,-0.34199999999999997,-0.46199999999999997
30493,0.0,0.0,0.0,1000.0,0,0,0.24070000000000003,-0.34199999999999997,-0.46199999999999997
30494,0.0,0.0,0.0,1000.0,0,0,0.26070000000000004,-0.34199999999999997,-0.46199999999999997
30495,0.0,0.0,0.0,1000.0,0,0,0.2807,-0.34199999999999997,-0.46199999999999997
30496,0.0,0.0,0.0,1000.0,0,0,0.3007,-0.34199999999999997,-0.46199999999999997
30497,0.0,0.0,0.0,1000.0,0,0,0.3207,-0.34199999999999997,-0.46199999999999997
30498,0.0,0.0,0.0,1000.0,0,0,0.3407,-0.34199999999999997,-0.46199999999999997
30499,0.0,0.0,0.0,1000.0,0,0,0.3607,-0.34199999999999997,-0.46199999999999997
30500,0.0,0.0,0.0,1000.0,0,0,0.38070000000000004,-0.34199999999999997,-0.46199999999999997
30501,0.0,0.0,0.0,1000.0,0,0,0.4007,-0.34199999999999997,-0.46199999999999997
30502,0.0,0.0,0.0,1000.0,0,0,0.4207,-0.34199999999999997,-0.46199999999999997
30503,0.0,0.0,0.0,1000.0,0,0,0.44070000000000004,-0.34199999999999997,-0.46199999999999997
30504,0.0,0.0,0.0,1000.0,0,0,0.4607,-0.34199999999999997,-0.46199999999999997
30505,0.0,0.0,0.0,1000.0,0,0,0.4807,-0.34199999999999997,-0.46199999999999997
30506,0.0,0.0,0.0,1000.0,0,0,0.1607,-0.32199999999999995,-0.46199999999999997
30507,0.0,0.0,0.0,1000.0,0,0,0.1807,-0.32199999999999995,-0.46199999999999997
30508,0.0,0.0,0.0,1000.0,0,0,0.20070000000000002,-0.32199999999999995,-0.46199999999999997
30509,0.0,0.0,0.0,1000.0,0,0,0.2207,-0.32199999999999995,-0.46199999999999997
30510,0.0,0.0,0.0,1000.0,0,0,0.24070000000000003,-0.32199999999999995,-0.46199999999999997
30511,0.0,0.0,0.0,1000.0,0,0,0.26070000000000004,-0.32199999999999995,-0.46199999999999997
30512,0.0,0.0,0.0,1000.0,0,0,0.2807,-0.32199999999999995,-0.46199999999999997
30513,0.0,0.0,0.0,1000.0,0,0,0.3007,-0.32199999999999995,-0.46199999999999997
30514,0.0,0.0,0.0,1000.0,0,0,0.3207,-0.32199999999999995,-0.46199999999999997
30515,0.0,0.0,0.0,1000.0,0,0,0.3407,-0.32199999999999995,-0.46199999999999997
30516,0.0,0.0,0.0,1000.0,0,0,0.3607,-0.32199999999999995,-0.46199999999999997
30517,0.0,0.0,0.0,1000.0,0,0,0.38070000000000004,-0.32199999999999995,-0.46199999999999997
30518,0.0,0.0,0.0,1000.0,0,0,0.4007,-0.32199999999999995,-0.46199999999999997
30519,0.0,0.0,0.0,1000.0,0,0,0.4207,-0.32199999999999995,-0.46199999999999997
30520,0.0,0.0,0.0,1000.0,0,0,0.44070000000000004,-0.32199999999999995,-0.46199999999999997
30521,0.0,0.0,0.0,1000.0,0,0,0.4607,-0.32199999999999995,-0.46199999999999997
30522,0.0,0.0,0.0,1000.0,0,0,0.4807,-0.32199999999999995,-0.46199999999999997
30523,0.0,0.0,0.0,1000.0,0,0,0.1607,-0.302,-0.46199999999999997
30524,0.0,0.0,0.0,1000.0,0,0,0.1807,-0.302,-0.46199999999999997
30525,0.0,0.0,0.0,1000.0,0,0,0.20070000000000002,-0.302,-0.46199999999999997
30526,0.0,0.0,0.0,1000.0,0,0,0.2207,-0.302,-0.46199999999999997
30527,0.0,0.0,0.0,1000.0,0,0,0.24070000000000003,-0.302,-0.46199999999999997
30528,0.0,0.0,0.0,1000.0,0,0,0.26070000000000004,-0.302,-0.46199999999999997
30529,0.0,0.0,0.0,1000.0,0,0,0.2807,-0.302,-0.46199999999999997
30530,0.0,0.0,0.0,1000.0,0,0,0.3007,-0.302,-0.46199999999999997
30531,0.0,0.0,0.0,1000.0,0,0,0.3207,-0.302,-0.46199999999999997
30532,0.0,0.0,0.0,1000.0,0,0,0.3407,-0.302,-0.46199999999999997
30533,0.0,0.0,0.0,1000.0,0,0,0.3607,-0.302,-0.46199999999999997
30534,0.0,0.0,0.0,1000.0,0,0,0.38070000000000004,-0.302,-0.46199999999999997
30535,0.0,0.0,0.0,1000.0,0,0,0.4007,-0.302,-0.46199999999999997
30536,0.0,0.0,0.0,1000.0,0,0,0.4207,-0.302,-0.46199999999999997
30537,0.0,0.0,0.0,1000.0,0,0,0.44070000000000004,-0.302,-0.46199999999999997
30538,0.0,0.0,0.0,1000.0,0,0,0.4607,-0.302,-0.46199999999999997
30539,0.0,0.0,0.0,1000.0,0,0,0.4807,-0.302,-0.46199999999999997
30540,0.0,0.0,0.0,1000.0,0,0,0.1607,-0.282,-0.46199999999999997
30541,0.0,0.0,0.0,1000.0,0,0,0.1807,-0.282,-0.46199999999999997
30542,0.0,0.0,0.0,1000.0,0,0,0.20070000000000002,-0.282,-0.46199999999999997
30543,0.0,0.0,0.0,1000.0,0,0,0.2207,-0.282,-0.46199999999999997
30544,0.0,0.0,0.0,1000.0,0,0,0.24070000000000003,-0.282,-0.46199999999999997
30545,0.0,0.0,0.0,1000.0,0,0,0.26070000000000004,-0.282,-0.46199999999999997
30546,0.0,0.0,0.0,1000.0,0,0,0.2807,-0.282,-0.46199999999999997
30547,0.0,0.0,0.0,1000.0,0,0,0.3007,-0.282,-0.46199999999999997
30548,0.0,0.0,0.0,1000.0,0,0,0.3207,-0.282,-0.46199999999999997
30549,0.0,0.0,0.0,1000.0,0,0,0.3407,-0.282,-0.46199999999999997
30550,0.0,0.0,0.0,1000.0,0,0,0.3607,-0.282,-0.46199999999999997
30551,0.0,0.0,0.0,1000.0,0,0,0.38070000000000004,-0.282,-0.46199999999999997
30552,0.0,0.0,0.0,1000.0,0,0,0.4007,-0.282,-0.46199999999999997
30553,0.0,0.0,0.0,1000.0,0,0,0.4207,-0.282,-0.46199999999999997
30554,0.0,0.0,0.0,1000.0,0,0,0.44070000000000004,-0.282,-0.46199999999999997
30555,0.0,0.0,0.0,1000.0,0,0,0.4607,-0.282,-0.46199999999999997
30556,0.0,0.0,0.0,1000.0,0,0,0.4807,-0.282,-0.46199999999999997
30557,0.0,0.0,0.0,1000.0,0,0,0.1607,-0.262,-0.46199999999999997
30558,0.0,0.0,0.0,1000.0,0,0,0.1807,-0.262,-0.46199999999999997
30559,0.0,0.0,0.0,1000.0,0,0,0.20070000000000002,-0.262,-0.46199999999999997
30560,0.0,0.0,0.0,1000.0,0,0,0.2207,-0.262,-0.46199999999999997
30561,0.0,0.0,0.0,1000.0,0,0,0.24070000000000003,-0.262,-0.46199999999999997
30562,0.0,0.0,0.0,1000.0,0,0,0.26070000000000004,-0.262,-0.46199999999999997
30563,0.0,0.0,0.0,1000.0,0,0,0.2807,-0.262,-0.46199999999999997
30564,0.0,0.0,0.0,1000.0,0,0,0.3007,-0.262,-0.46199999999999997
30565,0.0,0.0,0.0,1000.0,0,0,0.3207,-0.262,-0.46199999999999997
30566,0.0,0.0,0.0,1000.0,0,0,0.3407,-0.262,-0.46199999999999997
30567,0.0,0.0,0.0,1000.0,0,0,0.3607,-0.262,-0.46199999999999997
30568,0.0,0.0,0.0,1000.0,0,0,0.38070000000000004,-0.262,-0.46199999999999997
30569,0.0,0.0,0.0,1000.0,0,0,0.4007,-0.262,-0.46199999999999997
30570,0.0,0.0,0.0,1000.0,0,0,0.4207,-0.262,-0.46199999999999997
30571,0.0,0.0,0.0,1000.0,0,0,0.44070000000000004,-0.262,-0.46199999999999997
30572,0.0,0.0,0.0,1000.0,0,0,0.4607,-0.262,-0.46199999999999997
30573,0.0,0.0,0.0,1000.0,0,0,0.4807,-0.262,-0.46199999999999997
30574,0.0,0.0,0.0,1000.0,0,0,0.1607,-0.242,-0.46199999999999997
30575,0.0,0.0,0.0,1000.0,0,0,0.1807,-0.242,-0.46199999999999997
30576,0.0,0.0,0.0,1000.0,0,0,0.20070000000000002,-0.242,-0.46199999999999997
30577,0.0,0.0,0.0,1000.0,0,0,0.2207,-0.242,-0.46199999999999997
30578,0.0,0.0,0.0,1000.0,0,0,0.24070000000000003,-0.242,-0.46199999999999997
30579,0.0,0.0,0.0,1000.0,0,0,0.26070000000000004,-0.242,-0.46199999999999997
30580,0.0,0.0,0.0,1000.0,0,0,0.2807,-0.242,-0.46199999999999997
30581,0.0,0.0,0.0,1000.0,0,0,0.3007,-0.242,-0.46199999999999997
30582,0.0,0.0,0.0,1000.0,0,0,0.3207,-0.242,-0.46199999999999997
30583,0.0,0.0,0.0,1000.0,0,0,0.3407,-0.242,-0.46199999999999997
30584,0.0,0.0,0.0,1000.0,0,0,0.3607,-0.242,-0.46199999999999997
30585,0.0,0.0,0.0,1000.0,0,0,0.38070000000000004,-0.242,-0.46199999999999997
30586,0.0,0.0,0.0,1000.0,0,0,0.4007,-0.242,-0.46199999999999997
30587,0.0,0.0,0.0,1000.0,0,0,0.4207,-0.242,-0.46199999999999997
30588,0.0,0.0,0.0,1000.0,0,0,0.44070000000000004,-0.242,-0.46199999999999997
30589,0.0,0.0,0.0,1000.0,0,0,0.4607,-0.242,-0.46199999999999997
30590,0.0,0.0,0.0,1000.0,0,0,0.4807,-0.242,-0.46199999999999997
30591,0.0,0.0,0.0,1000.0,0,0,0.1607,-0.22199999999999998,-0.46199999999999997
30592,0.0,0.0,0.0,1000.0,0,0,0.1807,-0.22199999999999998,-0.46199999999999997
30593,0.0,0.0,0.0,1000.0,0,0,0.20070000000000002,-0.22199999999999998,-0.46199999999999997
30594,0.0,0.0,0.0,1000.0,0,0,0.2207,-0.22199999999999998,-0.46199999999999997
30595,0.0,0.0,0.0,1000.0,0,0,0.24070000000000003,-0.22199999999999998,-0.46199999999999997
30596,0.0,0.0,0.0,1000.0,0,0,0.26070000000000004,-0.22199999999999998,-0.46199999999999997
30597,0.0,0.0,0.0,1000.0,0,0,0.2807,-0.22199999999999998,-0.46199999999999997
30598,0.0,0.0,0.0,1000.0,0,0,0.3007,-0.22199999999999998,-0.46199999999999997
30599,0.0,0.0,0.0,1000.0,0,0,0.3207,-0.22199999999999998,-0.46199999999999997
30600,0.0,0.0,0.0,1000.0,0,0,0.3407,-0.22199999999999998,-0.46199999999999997
30601,0.0,0.0,0.0,1000.0,0,0,0.3607,-0.22199999999999998,-0.46199999999999997
30602,0.0,0.0,0.0,1000.0,0,0,0.38070000000000004,-0.22199999999999998,-0.46199999999999997
30603,0.0,0.0,0.0,1000.0,0,0,0.4007,-0.22199999999999998,-0.46199999999999997
30604,0.0,0.0,0.0,1000.0,0,0,0.4207,-0.22199999999999998,-0.46199999999999997
30605,0.0,0.0,0.0,1000.0,0,0,0.44070000000000004,-0.22199999999999998,-0.46199999999999997
30606,0.0,0.0,0.0,1000.0,0,0,0.4607,-0.22199999999999998,-0.46199999999999997
30607,0.0,0.0,0.0,1000.0,0,0,0.4807,-0.22199999999999998,-0.46199999999999997
30608,0.0,0.0,0.0,1000.0,0,0,0.1607,-0.20199999999999996,-0.46199999999999997
30609,0.0,0.0,0.0,1000.0,0,0,0.1807,-0.20199999999999996,-0.46199999999999997
30610,0.0,0.0,0.0,1000.0,0,0,0.20070000000000002,-0.20199999999999996,-0.46199999999999997
30611,0.0,0.0,0.0,1000.0,0,0,0.2207,-0.20199999999999996,-0.46199999999999997
30612,0.0,0.0,0.0,1000.0,0,0,0.24070000000000003,-0.20199999999999996,-0.46199999999999997
30613,0.0,0.0,0.0,1000.0,0,0,0.26070000000000004,-0.20199999999999996,-0.46199999999999997
30614,0.0,0.0,0.0,1000.0,0,0,0.2807,-0.20199999999999996,-0.46199999999999997
30615,0.0,0.0,0.0,1000.0,0,0,0.3007,-0.20199999999999996,-0.46199999999999997
30616,0.0,0.0,0.0,1000.0,0,0,0.3207,-0.20199999999999996,-0.46199999999999997
30617,0.0,0.0,0.0,1000.0,0,0,0.3407,-0.20199999999999996,-0.46199999999999997
30618,0.0,0.0,0.0,1000.0,0,0,0.3607,-0.20199999999999996,-0.46199999999999997
30619,0.0,0.0,0.0,1000.0,0,0,0.38070000000000004,-0.20199999999999996,-0.46199999999999997
30620,0.0,0.0,0.0,1000.0,0,0,0.4007,-0.20199999999999996,-0.46199999999999997
30621,0.0,0.0,0.0,1000.0,0,0,0.4207,-0.20199999999999996,-0.46199999999999997
30622,0.0,0.0,0.0,1000.0,0,0,0.44070000000000004,-0.20199999999999996,-0.46199999999999997
30623,0.0,0.0,0.0,1000.0,0,0,0.4607,-0.20199999999999996,-0.46199999999999997
30624,0.0,0.0,0.0,1000.0,0,0,0.4807,-0.20199999999999996,-0.46199999999999997
30625,0.0,0.0,0.0,1000.0,0,0,0.1607,-0.182,-0.46199999999999997
30626,0.0,0.0,0.0,1000.0,0,0,0.1807,-0.182,-0.46199999999999997
30627,0.0,0.0,0.0,1000.0,0,0,0.20070000000000002,-0.182,-0.46199999999999997
30628,0.0,0.0,0.0,1000.0,0,0,0.2207,-0.182,-0.46199999999999997
30629,0.0,0.0,0.0,1000.0,0,0,0.24070000000000003,-0.182,-0.46199999999999997
30630,0.0,0.0,0.0,1000.0,0,0,0.26070000000000004,-0.182,-0.46199999999999997
30631,0.0,0.0,0.0,1000.0,0,0,0.2807,-0.182,-0.46199999999999997
30632,0.0,0.0,0.0,1000.0,0,0,0.3007,-0.182,-0.46199999999999997
30633,0.0,0.0,0.0,1000.0,0,0,0.3207,-0.182,-0.46199999999999997
30634,0.0,0.0,0.0,1000.0,0,0,0.3407,-0.182,-0.46199999999999997
30635,0.0,0.0,0.0,1000.0,0,0,0.3607,-0.182,-0.46199999999999997
30636,0.0,0.0,0.0,1000.0,0,0,0.38070000000000004,-0.182,-0.46199999999999997
30637,0.0,0.0,0.0,1000.0,0,0,0.4007,-0.182,-0.46199999999999997
30638,0.0,0.0,0.0,1000.0,0,0,0.4207,-0.182,-0.46199999999999997
30639,0.0,0.0,0.0,1000.0,0,0,0.44070000000000004,-0.182,-0.46199999999999997
30640,0.0,0.0,0.0,1000.0,0,0,0.4607,-0.182,-0.46199999999999997
30641,0.0,0.0,0.0,1000.0,0,0,0.4807,-0.182,-0.46199999999999997
30642,0.0,0.0,0.0,1000.0,0,0,0.1607,-0.16199999999999998,-0.46199999999999997
30643,0.0,0.0,0.0,1000.0,0,0,0.1807,-0.16199999999999998,-0.46199999999999997
30644,0.0,0.0,0.0,1000.0,0,0,0.20070000000000002,-0.16199999999999998,-0.46199999999999997
30645,0.0,0.0,0.0,1000.0,0,0,0.2207,-0.16199999999999998,-0.46199999999999997
30646,0.0,0.0,0.0,1000.0,0,0,0.24070000000000003,-0.16199999999999998,-0.46199999999999997
30647,0.0,0.0,0.0,1000.0,0,0,0.26070000000000004,-0.16199999999999998,-0.46199999999999997
30648,0.0,0.0,0.0,1000.0,0,0,0.2807,-0.16199999999999998,-0.46199999999999997
30649,0.0,0.0,0.0,1000.0,0,0,0.3007,-0.16199999999999998,-0.46199999999999997
30650,0.0,0.0,0.0,1000.0,0,0,0.3207,-0.16199999999999998,-0.46199999999999997
30651,0.0,0.0,0.0,1000.0,0,0,0.3407,-0.16199999999999998,-0.46199999999999997
30652,0.0,0.0,0.0,1000.0,0,0,0.3607,-0.16199999999999998,-0.46199999999999997
30653,0.0,0.0,0.0,1000.0,0,0,0.38070000000000004,-0.16199999999999998,-0.46199999999999997
30654,0.0,0.0,0.0,1000.0,0,0,0.4007,-0.16199999999999998,-0.46199999999999997
30655,0.0,0.0,0.0,1000.0,0,0,0.4207,-0.16199999999999998,-0.46199999999999997
30656,0.0,0.0,0.0,1000.0,0,0,0.44070000000000004,-0.16199999999999998,-0.46199999999999997
30657,0.0,0.0,0.0,1000.0,0,0,0.4607,-0.16199999999999998,-0.46199999999999997
30658,0.0,0.0,0.0,1000.0,0,0,0.4807,-0.16199999999999998,-0.46199999999999997
30659,0.0,0.0,0.0,1000.0,0,0,0.1607,-0.14199999999999996,-0.46199999999999997
30660,0.0,0.0,0.0,1000.0,0,0,0.1807,-0.14199999999999996,-0.46199999999999997
30661,0.0,0.0,0.0,1000.0,0,0,0.20070000000000002,-0.14199999999999996,-0.46199999999999997
30662,0.0,0.0,0.0,1000.0,0,0,0.2207,-0.14199999999999996,-0.46199999999999997
30663,0.0,0.0,0.0,1000.0,0,0,0.24070000000000003,-0.14199999999999996,-0.46199999999999997
30664,0.0,0.0,0.0,1000.0,0,0,0.26070000000000004,-0.14199999999999996,-0.46199999999999997
30665,0.0,0.0,0.0,1000.0,0,0,0.2807,-0.14199999999999996,-0.46199999999999997
30666,0.0,0.0,0.0,1000.0,0,0,0.3007,-0.14199999999999996,-0.46199999999999997
30667,0.0,0.0,0.0,1000.0,0,0,0.3207,-0.14199999999999996,-0.46199999999999997
30668,0.0,0.0,0.0,1000.0,0,0,0.3407,-0.14199999999999996,-0.46199999999999997
30669,0.0,0.0,0.0,1000.0,0,0,0.3607,-0.14199999999999996,-0.46199999999999997
30670,0.0,0.0,0.0,1000.0,0,0,0.38070000000000004,-0.14199999999999996,-0.46199999999999997
30671,0.0,0.0,0.0,1000.0,0,0,0.4007,-0.14199999999999996,-0.46199999999999997
30672,0.0,0.0,0.0,1000.0,0,0,0.4207,-0.14199999999999996,-0.46199999999999997
30673,0.0,0.0,0.0,1000.0,0,0,0.44070000000000004,-0.14199999999999996,-0.46199999999999997
30674,0.0,0.0,0.0,1000.0,0,0,0.4607,-0.14199999999999996,-0.46199999999999997
30675,0.0,0.0,0.0,1000.0,0,0,0.4807,-0.14199999999999996,-0.46199999999999997
30676,0.0,0.0,0.0,1000.0,0,0,0.1607,-0.122,-0.46199999999999997
30677,0.0,0.0,0.0,1000.0,0,0,0.1807,-0.122,-0.46199999999999997
30678,0.0,0.0,0.0,1000.0,0,0,0.20070000000000002,-0.122,-0.46199999999999997
30679,0.0,0.0,0.0,1000.0,0,0,0.2207,-0.122,-0.46199999999999997
30680,0.0,0.0,0.0,1000.0,0,0,0.24070000000000003,-0.122,-0.46199999999999997
30681,0.0,0.0,0.0,1000.0,0,0,0.26070000000000004,-0.122,-0.46199999999999997
30682,0.0,0.0,0.0,1000.0,0,0,0.2807,-0.122,-0.46199999999999997
30683,0.0,0.0,0.0,1000.0,0,0,0.3007,-0.122,-0.46199999999999997
30684,0.0,0.0,0.0,1000.0,0,0,0.3207,-0.122,-0.46199999999999997
30685,0.0,0.0,0.0,1000.0,0,0,0.3407,-0.122,-0.46199999999999997
30686,0.0,0.0,0.0,1000.0,0,0,0.3607,-0.122,-0.46199999999999997
30687,0.0,0.0,0.0,1000.0,0,0,0.38070000000000004,-0.122,-0.46199999999999997
30688,0.0,0.0,0.0,1000.0,0,0,0.4007,-0.122,-0.46199999999999997
30689,0.0,0.0,0.0,1000.0,0,0,0.4207,-0.122,-0.46199999999999997
30690,0.0,0.0,0.0,1000.0,0,0,0.44070000000000004,-0.122,-0.46199999999999997
30691,0.0,0.0,0.0,1000.0,0,0,0.4607,-0.122,-0.46199999999999997
30692,0.0,0.0,0.0,1000.0,0,0,0.4807,-0.122,-0.46199999999999997
30693,0.0,0.0,0.0,1000.0,0,0,0.1607,-0.10199999999999998,-0.46199999999999997
30694,0.0,0.0,0.0,1000.0,0,0,0.1807,-0.10199999999999998,-0.46199999999999997
30695,0.0,0.0,0.0,1000.0,0,0,0.20070000000000002,-0.10199999999999998,-0.46199999999999997
30696,0.0,0.0,0.0,1000.0,0,0,0.2207,-0.10199999999999998,-0.46199999999999997
30697,0.0,0.0,0.0,1000.0,0,0,0.24070000000000003,-0.10199999999999998,-0.46199999999999997
30698,0.0,0.0,0.0,1000.0,0,0,0.26070000000000004,-0.10199999999999998,-0.46199999999999997
30699,0.0,0.0,0.0,1000.0,0,0,0.2807,-0.10199999999999998,-0.46199999999999997
30700,0.0,0.0,0.0,1000.0,0,0,0.3007,-0.10199999999999998,-0.46199999999999997
30701,0.0,0.0,0.0,1000.0,0,0,0.3207,-0.10199999999999998,-0.46199999999999997
30702,0.0,0.0,0.0,1000.0,0,0,0.3407,-0.10199999999999998,-0.46199999999999997
30703,0.0,0.0,0.0,1000.0,0,0,0.3607,-0.10199999999999998,-0.46199999999999997
30704,0.0,0.0,0.0,1000.0,0,0,0.38070000000000004,-0.10199999999999998,-0.46199999999999997
30705,0.0,0.0,0.0,1000.0,0,0,0.4007,-0.10199999999999998,-0.46199999999999997
30706,0.0,0.0,0.0,1000.0,0,0,0.4207,-0.10199999999999998,-0.46199999999999997
30707,0.0,0.0,0.0,1000.0,0,0,0.44070000000000004,-0.10199999999999998,-0.46199999999999997
30708,0.0,0.0,0.0,1000.0,0,0,0.4607,-0.10199999999999998,-0.46199999999999997
30709,0.0,0.0,0.0,1000.0,0,0,0.4807,-0.10199999999999998,-0.46199999999999997
30710,0.0,0.0,0.0,1000.0,0,0,0.1607,-0.08199999999999996,-0.46199999999999997
30711,0.0,0.0,0.0,1000.0,0,0,0.1807,-0.08199999999999996,-0.46199999999999997
30712,0.0,0.0,0.0,1000.0,0,0,0.20070000000000002,-0.08199999999999996,-0.46199999999999997
30713,0.0,0.0,0.0,1000.0,0,0,0.2207,-0.08199999999999996,-0.46199999999999997
30714,0.0,0.0,0.0,1000.0,0,0,0.24070000000000003,-0.08199999999999996,-0.46199999999999997
30715,0.0,0.0,0.0,1000.0,0,0,0.26070000000000004,-0.08199999999999996,-0.46199999999999997
30716,0.0,0.0,0.0,1000.0,0,0,0.2807,-0.08199999999999996,-0.46199999999999997
30717,0.0,0.0,0.0,1000.0,0,0,0.3007,-0.08199999999999996,-0.46199999999999997
30718,0.0,0.0,0.0,1000.0,0,0,0.3207,-0.08199999999999996,-0.46199999999999997
30719,0.0,0.0,0.0,1000.0,0,0,0.3407,-0.08199999999999996,-0.46199999999999997
30720,0.0,0.0,0.0,1000.0,0,0,0.3607,-0.08199999999999996,-0.46199999999999997
30721,0.0,0.0,0.0,1000.0,0,0,0.38070000000000004,-0.08199999999999996,-0.46199999999999997
30722,0.0,0.0,0.0,1000.0,0,0,0.4007,-0.08199999999999996,-0.46199999999999997
30723,0.0,0.0,0.0,1000.0,0,0,0.4207,-0.08199999999999996,-0.46199999999999997
30724,0.0,0.0,0.0,1000.0,0,0,0.44070000000000004,-0.08199999999999996,-0.46199999999999997
30725,0.0,0.0,0.0,1000.0,0,0,0.4607,-0.08199999999999996,-0.46199999999999997
30726,0.0,0.0,0.0,1000.0,0,0,0.4807,-0.08199999999999996,-0.46199999999999997
30727,0.0,0.0,0.0,1000.0,0,0,0.1607,-0.062,-0.46199999999999997
30728,0.0,0.0,0.0,1000.0,0,0,0.1807,-0.062,-0.46199999999999997
30729,0.0,0.0,0.0,1000.0,0,0,0.20070000000000002,-0.062,-0.46199999999999997
30730,0.0,0.0,0.0,1000.0,0,0,0.2207,-0.062,-0.46199999999999997
30731,0.0,0.0,0.0,1000.0,0,0,0.24070000000000003,-0.062,-0.46199999999999997
30732,0.0,0.0,0.0,1000.0,0,0,0.26070000000000004,-0.062,-0.46199999999999997
30733,0.0,0.0,0.0,1000.0,0,0,0.2807,-0.062,-0.46199999999999997
30734,0.0,0.0,0.0,1000.0,0,0,0.3007,-0.062,-0.46199999999999997
30735,0.0,0.0,0.0,1000.0,0,0,0.3207,-0.062,-0.46199999999999997
30736,0.0,0.0,0.0,1000.0,0,0,0.3407,-0.062,-0.46199999999999997
30737,0.0,0.0,0.0,1000.0,0,0,0.3607,-0.062,-0.46199999999999997
30738,0.0,0.0,0.0,1000.0,0,0,0.38070000000000004,-0.062,-0.46199999999999997
30739,0.0,0.0,0.0,1000.0,0,0,0.4007,-0.062,-0.46199999999999997
30740,0.0,0.0,0.0,1000.0,0,0,0.4207,-0.062,-0.46199999999999997
30741,0.0,0.0,0.0,1000.0,0,0,0.44070000000000004,-0.062,-0.46199999999999997
30742,0.0,0.0,0.0,1000.0,0,0,0.4607,-0.062,-0.46199999999999997
30743,0.0,0.0,0.0,1000.0,0,0,0.4807,-0.062,-0.46199999999999997
30744,0.0,0.0,0.0,1000.0,0,0,0.1607,-0.04199999999999998,-0.46199999999999997
30745,0.0,0.0,0.0,1000.0,0,0,0.1807,-0.04199999999999998,-0.46199999999999997
30746,0.0,0.0,0.0,1000.0,0,0,0.20070000000000002,-0.04199999999999998,-0.46199999999999997
30747,0.0,0.0,0.0,1000.0,0,0,0.2207,-0.04199999999999998,-0.46199999999999997
30748,0.0,0.0,0.0,1000.0,0,0,0.24070000000000003,-0.04199999999999998,-0.46199999999999997
30749,0.0,0.0,0.0,1000.0,0,0,0.26070000000000004,-0.04199999999999998,-0.46199999999999997
30750,0.0,0.0,0.0,1000.0,0,0,0.2807,-0.04199999999999998,-0.46199999999999997
30751,0.0,0.0,0.0,1000.0,0,0,0.3007,-0.04199999999999998,-0.46199999999999997
30752,0.0,0.0,0.0,1000.0,0,0,0.3207,-0.04199999999999998,-0.46199999999999997
30753,0.0,0.0,0.0,1000.0,0,0,0.3407,-0.04199999999999998,-0.46199999999999997
30754,0.0,0.0,0.0,1000.0,0,0,0.3607,-0.04199999999999998,-0.46199999999999997
30755,0.0,0.0,0.0,1000.0,0,0,0.38070000000000004,-0.04199999999999998,-0.46199999999999997
30756,0.0,0.0,0.0,1000.0,0,0,0.4007,-0.04199999999999998,-0.46199999999999997
30757,0.0,0.0,0.0,1000.0,0,0,0.4207,-0.04199999999999998,-0.46199999999999997
30758,0.0,0.0,0.0,1000.0,0,0,0.44070000000000004,-0.04199999999999998,-0.46199999999999997
30759,0.0,0.0,0.0,1000.0,0,0,0.4607,-0.04199999999999998,-0.46199999999999997
30760,0.0,0.0,0.0,1000.0,0,0,0.4807,-0.04199999999999998,-0.46199999999999997
30761,0.0,0.0,0.0,1000.0,0,0,0.1607,-0.021999999999999964,-0.46199999999999997
30762,0.0,0.0,0.0,1000.0,0,0,0.1807,-0.021999999999999964,-0.46199999999999997
30763,0.0,0.0,0.0,1000.0,0,0,0.20070000000000002,-0.021999999999999964,-0.46199999999999997
30764,0.0,0.0,0.0,1000.0,0,0,0.2207,-0.021999999999999964,-0.46199999999999997
30765,0.0,0.0,0.0,1000.0,0,0,0.24070000000000003,-0.021999999999999964,-0.46199999999999997
30766,0.0,0.0,0.0,1000.0,0,0,0.26070000000000004,-0.021999999999999964,-0.46199999999999997
30767,0.0,0.0,0.0,1000.0,0,0,0.2807,-0.021999999999999964,-0.46199999999999997
30768,0.0,0.0,0.0,1000.0,0,0,0.3007,-0.021999999999999964,-0.46199999999999997
30769,0.0,0.0,0.0,1000.0,0,0,0.3207,-0.021999999999999964,-0.46199999999999997
30770,0.0,0.0,0.0,1000.0,0,0,0.3407,-0.021999999999999964,-0.46199999999999997
30771,0.0,0.0,0.0,1000.0,0,0,0.3607,-0.021999999999999964,-0.46199999999999997
30772,0.0,0.0,0.0,1000.0,0,0,0.38070000000000004,-0.021999999999999964,-0.46199999999999997
30773,0.0,0.0,0.0,1000.0,0,0,0.4007,-0.021999999999999964,-0.46199999999999997
30774,0.0,0.0,0.0,1000.0,0,0,0.4207,-0.021999999999999964,-0.46199999999999997
30775,0.0,0.0,0.0,1000.0,0,0,0.44070000000000004,-0.021999999999999964,-0.46199999999999997
30776,0.0,0.0,0.0,1000.0,0,0,0.4607,-0.021999999999999964,-0.46199999999999997
30777,0.0,0.0,0.0,1000.0,0,0,0.4807,-0.021999999999999964,-0.46199999999999997
30778,0.0,0.0,0.0,1000.0,0,0,0.1607,-0.0020000000000000018,-0.46199999999999997
30779,0.0,0.0,0.0,1000.0,0,0,0.1807,-0.0020000000000000018,-0.46199999999999997
30780,0.0,0.0,0.0,1000.0,0,0,0.20070000000000002,-0.0020000000000000018,-0.46199999999999997
30781,0.0,0.0,0.0,1000.0,0,0,0.2207,-0.0020000000000000018,-0.46199999999999997
30782,0.0,0.0,0.0,1000.0,0,0,0.24070000000000003,-0.0020000000000000018,-0.46199999999999997
30783,0.0,0.0,0.0,1000.0,0,0,0.26070000000000004,-0.0020000000000000018,-0.46199999999999997
30784,0.0,0.0,0.0,1000.0,0,0,0.2807,-0.0020000000000000018,-0.46199999999999997
30785,0.0,0.0,0.0,1000.0,0,0,0.3007,-0.0020000000000000018,-0.46199999999999997
30786,0.0,0.0,0.0,1000.0,0,0,0.3207,-0.0020000000000000018,-0.46199999999999997
30787,0.0,0.0,0.0,1000.0,0,0,0.3407,-0.0020000000000000018,-0.46199999999999997
30788,0.0,0.0,0.0,1000.0,0,0,0.3607,-0.0020000000000000018,-0.46199999999999997
30789,0.0,0.0,0.0,1000.0,0,0,0.38070000000000004,-0.0020000000000000018,-0.46199999999999997
30790,0.0,0.0,0.0,1000.0,0,0,0.4007,-0.0020000000000000018,-0.46199999999999997
30791,0.0,0.0,0.0,1000.0,0,0,0.4207,-0.0020000000000000018,-0.46199999999999997
30792,0.0,0.0,0.0,1000.0,0,0,0.44070000000000004,-0.0020000000000000018,-0.46199999999999997
30793,0.0,0.0,0.0,1000.0,0,0,0.4607,-0.0020000000000000018,-0.46199999999999997
30794,0.0,0.0,0.0,1000.0,0,0,0.4807,-0.0020000000000000018,-0.46199999999999997
30795,0.0,0.0,0.0,1000.0,0,0,0.1607,0.018000000000000016,-0.46199999999999997
30796,0.0,0.0,0.0,1000.0,0,0,0.1807,0.018000000000000016,-0.46199999999999997
30797,0.0,0.0,0.0,1000.0,0,0,0.20070000000000002,0.018000000000000016,-0.46199999999999997
30798,0.0,0.0,0.0,1000.0,0,0,0.2207,0.018000000000000016,-0.46199999999999997
30799,0.0,0.0,0.0,1000.0,0,0,0.24070000000000003,0.018000000000000016,-0.46199999999999997
30800,0.0,0.0,0.0,1000.0,0,0,0.26070000000000004,0.018000000000000016,-0.46199999999999997
30801,0.0,0.0,0.0,1000.0,0,0,0.2807,0.018000000000000016,-0.46199999999999997
30802,0.0,0.0,0.0,1000.0,0,0,0.3007,0.018000000000000016,-0.46199999999999997
30803,0.0,0.0,0.0,1000.0,0,0,0.3207,0.018000000000000016,-0.46199999999999997
30804,0.0,0.0,0.0,1000.0,0,0,0.3407,0.018000000000000016,-0.46199999999999997
30805,0.0,0.0,0.0,1000.0,0,0,0.3607,0.018000000000000016,-0.46199999999999997
30806,0.0,0.0,0.0,1000.0,0,0,0.38070000000000004,0.018000000000000016,-0.46199999999999997
30807,0.0,0.0,0.0,1000.0,0,0,0.4007,0.018000000000000016,-0.46199999999999997
30808,0.0,0.0,0.0,1000.0,0,0,0.4207,0.018000000000000016,-0.46199999999999997
30809,0.0,0.0,0.0,1000.0,0,0,0.44070000000000004,0.018000000000000016,-0.46199999999999997
30810,0.0,0.0,0.0,1000.0,0,0,0.4607,0.018000000000000016,-0.46199999999999997
30811,0.0,0.0,0.0,1000.0,0,0,0.4807,0.018000000000000016,-0.46199999999999997
30812,0.0,0.0,0.0,1000.0,0,0,0.1607,0.038000000000000034,-0.46199999999999997
30813,0.0,0.0,0.0,1000.0,0,0,0.1807,0.038000000000000034,-0.46199999999999997
30814,0.0,0.0,0.0,1000.0,0,0,0.20070000000000002,0.038000000000000034,-0.46199999999999997
30815,0.0,0.0,0.0,1000.0,0,0,0.2207,0.038000000000000034,-0.46199999999999997
30816,0.0,0.0,0.0,1000.0,0,0,0.24070000000000003,0.038000000000000034,-0.46199999999999997
30817,0.0,0.0,0.0,1000.0,0,0,0.26070000000000004,0.038000000000000034,-0.46199999999999997
30818,0.0,0.0,0.0,1000.0,0,0,0.2807,0.038000000000000034,-0.46199999999999997
30819,0.0,0.0,0.0,1000.0,0,0,0.3007,0.038000000000000034,-0.46199999999999997
30820,0.0,0.0,0.0,1000.0,0,0,0.3207,0.038000000000000034,-0.46199999999999997
30821,0.0,0.0,0.0,1000.0,0,0,0.3407,0.038000000000000034,-0.46199999999999997
30822,0.0,0.0,0.0,1000.0,0,0,0.3607,0.038000000000000034,-0.46199999999999997
30823,0.0,0.0,0.0,1000.0,0,0,0.38070000000000004,0.038000000000000034,-0.46199999999999997
30824,0.0,0.0,0.0,1000.0,0,0,0.4007,0.038000000000000034,-0.46199999999999997
30825,0.0,0.0,0.0,1000.0,0,0,0.4207,0.038000000000000034,-0.46199999999999997
30826,0.0,0.0,0.0,1000.0,0,0,0.44070000000000004,0.038000000000000034,-0.46199999999999997
30827,0.0,0.0,0.0,1000.0,0,0,0.4607,0.038000000000000034,-0.46199999999999997
30828,0.0,0.0,0.0,1000.0,0,0,0.4807,0.038000000000000034,-0.46199999999999997
30829,0.0,0.0,0.0,1000.0,0,0,0.1607,0.05800000000000005,-0.46199999999999997
30830,0.0,0.0,0.0,1000.0,0,0,0.1807,0.05800000000000005,-0.46199999999999997
30831,0.0,0.0,0.0,1000.0,0,0,0.20070000000000002,0.05800000000000005,-0.46199999999999997
30832,0.0,0.0,0.0,1000.0,0,0,0.2207,0.05800000000000005,-0.46199999999999997
30833,0.0,0.0,0.0,1000.0,0,0,0.24070000000000003,0.05800000000000005,-0.46199999999999997
30834,0.0,0.0,0.0,1000.0,0,0,0.26070000000000004,0.05800000000000005,-0.46199999999999997
30835,0.0,0.0,0.0,1000.0,0,0,0.2807,0.05800000000000005,-0.46199999999999997
30836,0.0,0.0,0.0,1000.0,0,0,0.3007,0.05800000000000005,-0.46199999999999997
30837,0.0,0.0,0.0,1000.0,0,0,0.3207,0.05800000000000005,-0.46199999999999997
30838,0.0,0.0,0.0,1000.0,0,0,0.3407,0.05800000000000005,-0.46199999999999997
30839,0.0,0.0,0.0,1000.0,0,0,0.3607,0.05800000000000005,-0.46199999999999997
30840,0.0,0.0,0.0,1000.0,0,0,0.38070000000000004,0.05800000000000005,-0.46199999999999997
30841,0.0,0.0,0.0,1000.0,0,0,0.4007,0.05800000000000005,-0.46199999999999997
30842,0.0,0.0,0.0,1000.0,0,0,0.4207,0.05800000000000005,-0.46199999999999997
30843,0.0,0.0,0.0,1000.0,0,0,0.44070000000000004,0.05800000000000005,-0.46199999999999997
30844,0.0,0.0,0.0,1000.0,0,0,0.4607,0.05800000000000005,-0.46199999999999997
30845,0.0,0.0,0.0,1000.0,0,0,0.4807,0.05800000000000005,-0.46199999999999997
30846,0.0,0.0,0.0,1000.0,0,0,0.1607,0.07800000000000007,-0.46199999999999997
30847,0.0,0.0,0.0,1000.0,0,0,0.1807,0.07800000000000007,-0.46199999999999997
30848,0.0,0.0,0.0,1000.0,0,0,0.20070000000000002,0.07800000000000007,-0.46199999999999997
30849,0.0,0.0,0.0,1000.0,0,0,0.2207,0.07800000000000007,-0.46199999999999997
30850,0.0,0.0,0.0,1000.0,0,0,0.24070000000000003,0.07800000000000007,-0.46199999999999997
30851,0.0,0.0,0.0,1000.0,0,0,0.26070000000000004,0.07800000000000007,-0.46199999999999997
30852,0.0,0.0,0.0,1000.0,0,0,0.2807,0.07800000000000007,-0.46199999999999997
30853,0.0,0.0,0.0,1000.0,0,0,0.3007,0.07800000000000007,-0.46199999999999997
30854,0.0,0.0,0.0,1000.0,0,0,0.3207,0.07800000000000007,-0.46199999999999997
30855,0.0,0.0,0.0,1000.0,0,0,0.3407,0.07800000000000007,-0.46199999999999997
30856,0.0,0.0,0.0,1000.0,0,0,0.3607,0.07800000000000007,-0.46199999999999997
30857,0.0,0.0,0.0,1000.0,0,0,0.38070000000000004,0.07800000000000007,-0.46199999999999997
30858,0.0,0.0,0.0,1000.0,0,0,0.4007,0.07800000000000007,-0.46199999999999997
30859,0.0,0.0,0.0,1000.0,0,0,0.4207,0.07800000000000007,-0.46199999999999997
30860,0.0,0.0,0.0,1000.0,0,0,0.44070000000000004,0.07800000000000007,-0.46199999999999997
30861,0.0,0.0,0.0,1000.0,0,0,0.4607,0.07800000000000007,-0.46199999999999997
30862,0.0,0.0,0.0,1000.0,0,0,0.4807,0.07800000000000007,-0.46199999999999997
30863,0.0,0.0,0.0,1000.0,0,0,0.1607,0.09799999999999998,-0.46199999999999997
30864,0.0,0.0,0.0,1000.0,0,0,0.1807,0.09799999999999998,-0.46199999999999997
30865,0.0,0.0,0.0,1000.0,0,0,0.20070000000000002,0.09799999999999998,-0.46199999999999997
30866,0.0,0.0,0.0,1000.0,0,0,0.2207,0.09799999999999998,-0.46199999999999997
30867,0.0,0.0,0.0,1000.0,0,0,0.24070000000000003,0.09799999999999998,-0.46199999999999997
30868,0.0,0.0,0.0,1000.0,0,0,0.26070000000000004,0.09799999999999998,-0.46199999999999997
30869,0.0,0.0,0.0,1000.0,0,0,0.2807,0.09799999999999998,-0.46199999999999997
30870,0.0,0.0,0.0,1000.0,0,0,0.3007,0.09799999999999998,-0.46199999999999997
30871,0.0,0.0,0.0,1000.0,0,0,0.3207,0.09799999999999998,-0.46199999999999997
30872,0.0,0.0,0.0,1000.0,0,0,0.3407,0.09799999999999998,-0.46199999999999997
30873,0.0,0.0,0.0,1000.0,0,0,0.3607,0.09799999999999998,-0.46199999999999997
30874,0.0,0.0,0.0,1000.0,0,0,0.38070000000000004,0.09799999999999998,-0.46199999999999997
30875,0.0,0.0,0.0,1000.0,0,0,0.4007,0.09799999999999998,-0.46199999999999997
30876,0.0,0.0,0.0,1000.0,0,0,0.4207,0.09799999999999998,-0.46199999999999997
30877,0.0,0.0,0.0,1000.0,0,0,0.44070000000000004,0.09799999999999998,-0.46199999999999997
30878,0.0,0.0,0.0,1000.0,0,0,0.4607,0.09799999999999998,-0.46199999999999997
30879,0.0,0.0,0.0,1000.0,0,0,0.4807,0.09799999999999998,-0.46199999999999997
30880,0.0,0.0,0.0,1000.0,0,0,0.1607,0.118,-0.46199999999999997
30881,0.0,0.0,0.0,1000.0,0,0,0.1807,0.118,-0.46199999999999997
30882,0.0,0.0,0.0,1000.0,0,0,0.20070000000000002,0.118,-0.46199999999999997
30883,0.0,0.0,0.0,1000.0,0,0,0.2207,0.118,-0.46199999999999997
30884,0.0,0.0,0.0,1000.0,0,0,0.24070000000000003,0.118,-0.46199999999999997
30885,0.0,0.0,0.0,1000.0,0,0,0.26070000000000004,0.118,-0.46199999999999997
30886,0.0,0.0,0.0,1000.0,0,0,0.2807,0.118,-0.46199999999999997
30887,0.0,0.0,0.0,1000.0,0,0,0.3007,0.118,-0.46199999999999997
30888,0.0,0.0,0.0,1000.0,0,0,0.3207,0.118,-0.46199999999999997
30889,0.0,0.0,0.0,1000.0,0,0,0.3407,0.118,-0.46199999999999997
30890,0.0,0.0,0.0,1000.0,0,0,0.3607,0.118,-0.46199999999999997
30891,0.0,0.0,0.0,1000.0,0,0,0.38070000000000004,0.118,-0.46199999999999997
30892,0.0,0.0,0.0,1000.0,0,0,0.4007,0.118,-0.46199999999999997
30893,0.0,0.0,0.0,1000.0,0,0,0.4207,0.118,-0.46199999999999997
30894,0.0,0.0,0.0,1000.0,0,0,0.44070000000000004,0.118,-0.46199999999999997
30895,0.0,0.0,0.0,1000.0,0,0,0.4607,0.118,-0.46199999999999997
30896,0.0,0.0,0.0,1000.0,0,0,0.4807,0.118,-0.46199999999999997
30897,0.0,0.0,0.0,1000.0,0,0,0.1607,0.138,-0.46199999999999997
30898,0.0,0.0,0.0,1000.0,0,0,0.1807,0.138,-0.46199999999999997
30899,0.0,0.0,0.0,1000.0,0,0,0.20070000000000002,0.138,-0.46199999999999997
30900,0.0,0.0,0.0,1000.0,0,0,0.2207,0.138,-0.46199999999999997
30901,0.0,0.0,0.0,1000.0,0,0,0.24070000000000003,0.138,-0.46199999999999997
30902,0.0,0.0,0.0,1000.0,0,0,0.26070000000000004,0.138,-0.46199999999999997
30903,0.0,0.0,0.0,1000.0,0,0,0.2807,0.138,-0.46199999999999997
30904,0.0,0.0,0.0,1000.0,0,0,0.3007,0.138,-0.46199999999999997
30905,0.0,0.0,0.0,1000.0,0,0,0.3207,0.138,-0.46199999999999997
30906,0.0,0.0,0.0,1000.0,0,0,0.3407,0.138,-0.46199999999999997
30907,0.0,0.0,0.0,1000.0,0,0,0.3607,0.138,-0.46199999999999997
30908,0.0,0.0,0.0,1000.0,0,0,0.38070000000000004,0.138,-0.46199999999999997
30909,0.0,0.0,0.0,1000.0,0,0,0.4007,0.138,-0.46199999999999997
30910,0.0,0.0,0.0,1000.0,0,0,0.4207,0.138,-0.46199999999999997
30911,0.0,0.0,0.0,1000.0,0,0,0.44070000000000004,0.138,-0.46199999999999997
30912,0.0,0.0,0.0,1000.0,0,0,0.4607,0.138,-0.46199999999999997
30913,0.0,0.0,0.0,1000.0,0,0,0.4807,0.138,-0.46199999999999997
30914,0.0,0.0,0.0,1000.0,0,0,0.1607,0.15800000000000003,-0.46199999999999997
30915,0.0,0.0,0.0,1000.0,0,0,0.1807,0.15800000000000003,-0.46199999999999997
30916,0.0,0.0,0.0,1000.0,0,0,0.20070000000000002,0.15800000000000003,-0.46199999999999997
30917,0.0,0.0,0.0,1000.0,0,0,0.2207,0.15800000000000003,-0.46199999999999997
30918,0.0,0.0,0.0,1000.0,0,0,0.24070000000000003,0.15800000000000003,-0.46199999999999997
30919,0.0,0.0,0.0,1000.0,0,0,0.26070000000000004,0.15800000000000003,-0.46199999999999997
30920,0.0,0.0,0.0,1000.0,0,0,0.2807,0.15800000000000003,-0.46199999999999997
30921,0.0,0.0,0.0,1000.0,0,0,0.3007,0.15800000000000003,-0.46199999999999997
30922,0.0,0.0,0.0,1000.0,0,0,0.3207,0.15800000000000003,-0.46199999999999997
30923,0.0,0.0,0.0,1000.0,0,0,0.3407,0.15800000000000003,-0.46199999999999997
30924,0.0,0.0,0.0,1000.0,0,0,0.3607,0.15800000000000003,-0.46199999999999997
30925,0.0,0.0,0.0,1000.0,0,0,0.38070000000000004,0.15800000000000003,-0.46199999999999997
30926,0.0,0.0,0.0,1000.0,0,0,0.4007,0.15800000000000003,-0.46199999999999997
30927,0.0,0.0,0.0,1000.0,0,0,0.4207,0.15800000000000003,-0.46199999999999997
30928,0.0,0.0,0.0,1000.0,0,0,0.44070000000000004,0.15800000000000003,-0.46199999999999997
30929,0.0,0.0,0.0,1000.0,0,0,0.4607,0.15800000000000003,-0.46199999999999997
30930,0.0,0.0,0.0,1000.0,0,0,0.4807,0.15800000000000003,-0.46199999999999997
30931,0.0,0.0,0.0,1000.0,0,0,0.1607,0.17800000000000005,-0.46199999999999997
30932,0.0,0.0,0.0,1000.0,0,0,0.1807,0.17800000000000005,-0.46199999999999997
30933,0.0,0.0,0.0,1000.0,0,0,0.20070000000000002,0.17800000000000005,-0.46199999999999997
30934,0.0,0.0,0.0,1000.0,0,0,0.2207,0.17800000000000005,-0.46199999999999997
30935,0.0,0.0,0.0,1000.0,0,0,0.24070000000000003,0.17800000000000005,-0.46199999999999997
30936,0.0,0.0,0.0,1000.0,0,0,0.26070000000000004,0.17800000000000005,-0.46199999999999997
30937,0.0,0.0,0.0,1000.0,0,0,0.2807,0.17800000000000005,-0.46199999999999997
30938,0.0,0.0,0.0,1000.0,0,0,0.3007,0.17800000000000005,-0.46199999999999997
30939,0.0,0.0,0.0,1000.0,0,0,0.3207,0.17800000000000005,-0.46199999999999997
30940,0.0,0.0,0.0,1000.0,0,0,0.3407,0.17800000000000005,-0.46199999999999997
30941,0.0,0.0,0.0,1000.0,0,0,0.3607,0.17800000000000005,-0.46199999999999997
30942,0.0,0.0,0.0,1000.0,0,0,0.38070000000000004,0.17800000000000005,-0.46199999999999997
30943,0.0,0.0,0.0,1000.0,0,0,0.4007,0.17800000000000005,-0.46199999999999997
30944,0.0,0.0,0.0,1000.0,0,0,0.4207,0.17800000000000005,-0.46199999999999997
30945,0.0,0.0,0.0,1000.0,0,0,0.44070000000000004,0.17800000000000005,-0.46199999999999997
30946,0.0,0.0,0.0,1000.0,0,0,0.4607,0.17800000000000005,-0.46199999999999997
30947,0.0,0.0,0.0,1000.0,0,0,0.4807,0.17800000000000005,-0.46199999999999997
30948,0.0,0.0,0.0,1000.0,0,0,0.1607,0.19800000000000006,-0.46199999999999997
30949,0.0,0.0,0.0,1000.0,0,0,0.1807,0.19800000000000006,-0.46199999999999997
30950,0.0,0.0,0.0,1000.0,0,0,0.20070000000000002,0.19800000000000006,-0.46199999999999997
30951,0.0,0.0,0.0,1000.0,0,0,0.2207,0.19800000000000006,-0.46199999999999997
30952,0.0,0.0,0.0,1000.0,0,0,0.24070000000000003,0.19800000000000006,-0.46199999999999997
30953,0.0,0.0,0.0,1000.0,0,0,0.26070000000000004,0.19800000000000006,-0.46199999999999997
30954,0.0,0.0,0.0,1000.0,0,0,0.2807,0.19800000000000006,-0.46199999999999997
30955,0.0,0.0,0.0,1000.0,0,0,0.3007,0.19800000000000006,-0.46199999999999997
30956,0.0,0.0,0.0,1000.0,0,0,0.3207,0.19800000000000006,-0.46199999999999997
30957,0.0,0.0,0.0,1000.0,0,0,0.3407,0.19800000000000006,-0.46199999999999997
30958,0.0,0.0,0.0,1000.0,0,0,0.3607,0.19800000000000006,-0.46199999999999997
30959,0.0,0.0,0.0,1000.0,0,0,0.38070000000000004,0.19800000000000006,-0.46199999999999997
30960,0.0,0.0,0.0,1000.0,0,0,0.4007,0.19800000000000006,-0.46199999999999997
30961,0.0,0.0,0.0,1000.0,0,0,0.4207,0.19800000000000006,-0.46199999999999997
30962,0.0,0.0,0.0,1000.0,0,0,0.44070000000000004,0.19800000000000006,-0.46199999999999997
30963,0.0,0.0,0.0,1000.0,0,0,0.4607,0.19800000000000006,-0.46199999999999997
30964,0.0,0.0,0.0,1000.0,0,0,0.4807,0.19800000000000006,-0.46199999999999997
30965,0.0,0.0,0.0,1000.0,0,0,0.1607,0.21800000000000008,-0.46199999999999997
30966,0.0,0.0,0.0,1000.0,0,0,0.1807,0.21800000000000008,-0.46199999999999997
30967,0.0,0.0,0.0,1000.0,0,0,0.20070000000000002,0.21800000000000008,-0.46199999999999997
30968,0.0,0.0,0.0,1000.0,0,0,0.2207,0.21800000000000008,-0.46199999999999997
30969,0.0,0.0,0.0,1000.0,0,0,0.24070000000000003,0.21800000000000008,-0.46199999999999997
30970,0.0,0.0,0.0,1000.0,0,0,0.26070000000000004,0.21800000000000008,-0.46199999999999997
30971,0.0,0.0,0.0,1000.0,0,0,0.2807,0.21800000000000008,-0.46199999999999997
30972,0.0,0.0,0.0,1000.0,0,0,0.3007,0.21800000000000008,-0.46199999999999997
30973,0.0,0.0,0.0,1000.0,0,0,0.3207,0.21800000000000008,-0.46199999999999997
30974,0.0,0.0,0.0,1000.0,0,0,0.3407,0.21800000000000008,-0.46199999999999997
30975,0.0,0.0,0.0,1000.0,0,0,0.3607,0.21800000000000008,-0.46199999999999997
30976,0.0,0.0,0.0,1000.0,0,0,0.38070000000000004,0.21800000000000008,-0.46199999999999997
30977,0.0,0.0,0.0,1000.0,0,0,0.4007,0.21800000000000008,-0.46199999999999997
30978,0.0,0.0,0.0,1000.0,0,0,0.4207,0.21800000000000008,-0.46199999999999997
30979,0.0,0.0,0.0,1000.0,0,0,0.44070000000000004,0.21800000000000008,-0.46199999999999997
30980,0.0,0.0,0.0,1000.0,0,0,0.4607,0.21800000000000008,-0.46199999999999997
30981,0.0,0.0,0.0,1000.0,0,0,0.4807,0.21800000000000008,-0.46199999999999997
30982,0.0,0.0,0.0,1000.0,0,0,0.1607,0.238,-0.46199999999999997
30983,0.0,0.0,0.0,1000.0,0,0,0.1807,0.238,-0.46199999999999997
30984,0.0,0.0,0.0,1000.0,0,0,0.20070000000000002,0.238,-0.46199999999999997
30985,0.0,0.0,0.0,1000.0,0,0,0.2207,0.238,-0.46199999999999997
30986,0.0,0.0,0.0,1000.0,0,0,0.24070000000000003,0.238,-0.46199999999999997
30987,0.0,0.0,0.0,1000.0,0,0,0.26070000000000004,0.238,-0.46199999999999997
30988,0.0,0.0,0.0,1000.0,0,0,0.2807,0.238,-0.46199999999999997
30989,0.0,0.0,0.0,1000.0,0,0,0.3007,0.238,-0.46199999999999997
30990,0.0,0.0,0.0,1000.0,0,0,0.3207,0.238,-0.46199999999999997
30991,0.0,0.0,0.0,1000.0,0,0,0.3407,0.238,-0.46199999999999997
30992,0.0,0.0,0.0,1000.0,0,0,0.3607,0.238,-0.46199999999999997
30993,0.0,0.0,0.0,1000.0,0,0,0.38070000000000004,0.238,-0.46199999999999997
30994,0.0,0.0,0.0,1000.0,0,0,0.4007,0.238,-0.46199999999999997
30995,0.0,0.0,0.0,1000.0,0,0,0.4207,0.238,-0.46199999999999997
30996,0.0,0.0,0.0,1000.0,0,0,0.44070000000000004,0.238,-0.46199999999999997
30997,0.0,0.0,0.0,1000.0,0,0,0.4607,0.238,-0.46199999999999997
30998,0.0,0.0,0.0,1000.0,0,0,0.4807,0.238,-0.46199999999999997
30999,0.0,0.0,0.0,1000.0,0,0,0.1607,0.258,-0.46199999999999997
31000,0.0,0.0,0.0,1000.0,0,0,0.1807,0.258,-0.46199999999999997
31001,0.0,0.0,0.0,1000.0,0,0,0.20070000000000002,0.258,-0.46199999999999997
31002,0.0,0.0,0.0,1000.0,0,0,0.2207,0.258,-0.46199999999999997
31003,0.0,0.0,0.0,1000.0,0,0,0.24070000000000003,0.258,-0.46199999999999997
31004,0.0,0.0,0.0,1000.0,0,0,0.26070000000000004,0.258,-0.46199999999999997
31005,0.0,0.0,0.0,1000.0,0,0,0.2807,0.258,-0.46199999999999997
31006,0.0,0.0,0.0,1000.0,0,0,0.3007,0.258,-0.46199999999999997
31007,0.0,0.0,0.0,1000.0,0,0,0.3207,0.258,-0.46199999999999997
31008,0.0,0.0,0.0,1000.0,0,0,0.3407,0.258,-0.46199999999999997
31009,0.0,0.0,0.0,1000.0,0,0,0.3607,0.258,-0.46199999999999997
31010,0.0,0.0,0.0,1000.0,0,0,0.38070000000000004,0.258,-0.46199999999999997
31011,0.0,0.0,0.0,1000.0,0,0,0.4007,0.258,-0.46199999999999997
31012,0.0,0.0,0.0,1000.0,0,0,0.4207,0.258,-0.46199999999999997
31013,0.0,0.0,0.0,1000.0,0,0,0.44070000000000004,0.258,-0.46199999999999997
31014,0.0,0.0,0.0,1000.0,0,0,0.4607,0.258,-0.46199999999999997
31015,0.0,0.0,0.0,1000.0,0,0,0.4807,0.258,-0.46199999999999997
31016,0.0,0.0,0.0,1000.0,0,0,0.1607,0.278,-0.46199999999999997
31017,0.0,0.0,0.0,1000.0,0,0,0.1807,0.278,-0.46199999999999997
31018,0.0,0.0,0.0,1000.0,0,0,0.20070000000000002,0.278,-0.46199999999999997
31019,0.0,0.0,0.0,1000.0,0,0,0.2207,0.278,-0.46199999999999997
31020,0.0,0.0,0.0,1000.0,0,0,0.24070000000000003,0.278,-0.46199999999999997
31021,0.0,0.0,0.0,1000.0,0,0,0.26070000000000004,0.278,-0.46199999999999997
31022,0.0,0.0,0.0,1000.0,0,0,0.2807,0.278,-0.46199999999999997
31023,0.0,0.0,0.0,1000.0,0,0,0.3007,0.278,-0.46199999999999997
31024,0.0,0.0,0.0,1000.0,0,0,0.3207,0.278,-0.46199999999999997
31025,0.0,0.0,0.0,1000.0,0,0,0.3407,0.278,-0.46199999999999997
31026,0.0,0.0,0.0,1000.0,0,0,0.3607,0.278,-0.46199999999999997
31027,0.0,0.0,0.0,1000.0,0,0,0.38070000000000004,0.278,-0.46199999999999997
31028,0.0,0.0,0.0,1000.0,0,0,0.4007,0.278,-0.46199999999999997
31029,0.0,0.0,0.0,1000.0,0,0,0.4207,0.278,-0.46199999999999997
31030,0.0,0.0,0.0,1000.0,0,0,0.44070000000000004,0.278,-0.46199999999999997
31031,0.0,0.0,0.0,1000.0,0,0,0.4607,0.278,-0.46199999999999997
31032,0.0,0.0,0.0,1000.0,0,0,0.4807,0.278,-0.46199999999999997
31033,0.0,0.0,0.0,1000.0,0,0,0.1607,0.29800000000000004,-0.46199999999999997
31034,0.0,0.0,0.0,1000.0,0,0,0.1807,0.29800000000000004,-0.46199999999999997
31035,0.0,0.0,0.0,1000.0,0,0,0.20070000000000002,0.29800000000000004,-0.46199999999999997
31036,0.0,0.0,0.0,1000.0,0,0,0.2207,0.29800000000000004,-0.46199999999999997
31037,0.0,0.0,0.0,1000.0,0,0,0.24070000000000003,0.29800000000000004,-0.46199999999999997
31038,0.0,0.0,0.0,1000.0,0,0,0.26070000000000004,0.29800000000000004,-0.46199999999999997
31039,0.0,0.0,0.0,1000.0,0,0,0.2807,0.29800000000000004,-0.46199999999999997
31040,0.0,0.0,0.0,1000.0,0,0,0.3007,0.29800000000000004,-0.46199999999999997
31041,0.0,0.0,0.0,1000.0,0,0,0.3207,0.29800000000000004,-0.46199999999999997
31042,0.0,0.0,0.0,1000.0,0,0,0.3407,0.29800000000000004,-0.46199999999999997
31043,0.0,0.0,0.0,1000.0,0,0,0.3607,0.29800000000000004,-0.46199999999999997
31044,0.0,0.0,0.0,1000.0,0,0,0.38070000000000004,0.29800000000000004,-0.46199999999999997
31045,0.0,0.0,0.0,1000.0,0,0,0.4007,0.29800000000000004,-0.46199999999999997
31046,0.0,0.0,0.0,1000.0,0,0,0.4207,0.29800000000000004,-0.46199999999999997
31047,0.0,0.0,0.0,1000.0,0,0,0.44070000000000004,0.29800000000000004,-0.46199999999999997
31048,0.0,0.0,0.0,1000.0,0,0,0.4607,0.29800000000000004,-0.46199999999999997
31049,0.0,0.0,0.0,1000.0,0,0,0.4807,0.29800000000000004,-0.46199999999999997
31050,0.0,0.0,0.0,1000.0,0,0,0.1607,0.31800000000000006,-0.46199999999999997
31051,0.0,0.0,0.0,1000.0,0,0,0.1807,0.31800000000000006,-0.46199999999999997
31052,0.0,0.0,0.0,1000.0,0,0,0.20070000000000002,0.31800000000000006,-0.46199999999999997
31053,0.0,0.0,0.0,1000.0,0,0,0.2207,0.31800000000000006,-0.46199999999999997
31054,0.0,0.0,0.0,1000.0,0,0,0.24070000000000003,0.31800000000000006,-0.46199999999999997
31055,0.0,0.0,0.0,1000.0,0,0,0.26070000000000004,0.31800000000000006,-0.46199999999999997
31056,0.0,0.0,0.0,1000.0,0,0,0.2807,0.31800000000000006,-0.46199999999999997
31057,0.0,0.0,0.0,1000.0,0,0,0.3007,0.31800000000000006,-0.46199999999999997
31058,0.0,0.0,0.0,1000.0,0,0,0.3207,0.31800000000000006,-0.46199999999999997
31059,0.0,0.0,0.0,1000.0,0,0,0.3407,0.31800000000000006,-0.46199999999999997
31060,0.0,0.0,0.0,1000.0,0,0,0.3607,0.31800000000000006,-0.46199999999999997
31061,0.0,0.0,0.0,1000.0,0,0,0.38070000000000004,0.31800000000000006,-0.46199999999999997
31062,0.0,0.0,0.0,1000.0,0,0,0.4007,0.31800000000000006,-0.46199999999999997
31063,0.0,0.0,0.0,1000.0,0,0,0.4207,0.31800000000000006,-0.46199999999999997
31064,0.0,0.0,0.0,1000.0,0,0,0.44070000000000004,0.31800000000000006,-0.46199999999999997
31065,0.0,0.0,0.0,1000.0,0,0,0.4607,0.31800000000000006,-0.46199999999999997
31066,0.0,0.0,0.0,1000.0,0,0,0.4807,0.31800000000000006,-0.46199999999999997
31067,0.0,0.0,0.0,1000.0,0,0,0.1607,0.3380000000000001,-0.46199999999999997
31068,0.0,0.0,0.0,1000.0,0,0,0.1807,0.3380000000000001,-0.46199999999999997
31069,0.0,0.0,0.0,1000.0,0,0,0.20070000000000002,0.3380000000000001,-0.46199999999999997
31070,0.0,0.0,0.0,1000.0,0,0,0.2207,0.3380000000000001,-0.46199999999999997
31071,0.0,0.0,0.0,1000.0,0,0,0.24070000000000003,0.3380000000000001,-0.46199999999999997
31072,0.0,0.0,0.0,1000.0,0,0,0.26070000000000004,0.3380000000000001,-0.46199999999999997
31073,0.0,0.0,0.0,1000.0,0,0,0.2807,0.3380000000000001,-0.46199999999999997
31074,0.0,0.0,0.0,1000.0,0,0,0.3007,0.3380000000000001,-0.46199999999999997
31075,0.0,0.0,0.0,1000.0,0,0,0.3207,0.3380000000000001,-0.46199999999999997
31076,0.0,0.0,0.0,1000.0,0,0,0.3407,0.3380000000000001,-0.46199999999999997
31077,0.0,0.0,0.0,1000.0,0,0,0.3607,0.3380000000000001,-0.46199999999999997
31078,0.0,0.0,0.0,1000.0,0,0,0.38070000000000004,0.3380000000000001,-0.46199999999999997
31079,0.0,0.0,0.0,1000.0,0,0,0.4007,0.3380000000000001,-0.46199999999999997
31080,0.0,0.0,0.0,1000.0,0,0,0.4207,0.3380000000000001,-0.46199999999999997
31081,0.0,0.0,0.0,1000.0,0,0,0.44070000000000004,0.3380000000000001,-0.46199999999999997
31082,0.0,0.0,0.0,1000.0,0,0,0.4607,0.3380000000000001,-0.46199999999999997
31083,0.0,0.0,0.0,1000.0,0,0,0.4807,0.3380000000000001,-0.46199999999999997
31084,0.0,0.0,0.0,1000.0,0,0,0.1607,0.358,-0.46199999999999997
31085,0.0,0.0,0.0,1000.0,0,0,0.1807,0.358,-0.46199999999999997
31086,0.0,0.0,0.0,1000.0,0,0,0.20070000000000002,0.358,-0.46199999999999997
31087,0.0,0.0,0.0,1000.0,0,0,0.2207,0.358,-0.46199999999999997
31088,0.0,0.0,0.0,1000.0,0,0,0.24070000000000003,0.358,-0.46199999999999997
31089,0.0,0.0,0.0,1000.0,0,0,0.26070000000000004,0.358,-0.46199999999999997
31090,0.0,0.0,0.0,1000.0,0,0,0.2807,0.358,-0.46199999999999997
31091,0.0,0.0,0.0,1000.0,0,0,0.3007,0.358,-0.46199999999999997
31092,0.0,0.0,0.0,1000.0,0,0,0.3207,0.358,-0.46199999999999997
31093,0.0,0.0,0.0,1000.0,0,0,0.3407,0.358,-0.46199999999999997
31094,0.0,0.0,0.0,1000.0,0,0,0.3607,0.358,-0.46199999999999997
31095,0.0,0.0,0.0,1000.0,0,0,0.38070000000000004,0.358,-0.46199999999999997
31096,0.0,0.0,0.0,1000.0,0,0,0.4007,0.358,-0.46199999999999997
31097,0.0,0.0,0.0,1000.0,0,0,0.4207,0.358,-0.46199999999999997
31098,0.0,0.0,0.0,1000.0,0,0,0.44070000000000004,0.358,-0.46199999999999997
31099,0.0,0.0,0.0,1000.0,0,0,0.4607,0.358,-0.46199999999999997
31100,0.0,0.0,0.0,1000.0,0,0,0.4807,0.358,-0.46199999999999997
31101,0.0,0.0,0.0,1000.0,0,0,0.1607,0.378,-0.46199999999999997
31102,0.0,0.0,0.0,1000.0,0,0,0.1807,0.378,-0.46199999999999997
31103,0.0,0.0,0.0,1000.0,0,0,0.20070000000000002,0.378,-0.46199999999999997
31104,0.0,0.0,0.0,1000.0,0,0,0.2207,0.378,-0.46199999999999997
31105,0.0,0.0,0.0,1000.0,0,0,0.24070000000000003,0.378,-0.46199999999999997
31106,0.0,0.0,0.0,1000.0,0,0,0.26070000000000004,0.378,-0.46199999999999997
31107,0.0,0.0,0.0,1000.0,0,0,0.2807,0.378,-0.46199999999999997
31108,0.0,0.0,0.0,1000.0,0,0,0.3007,0.378,-0.46199999999999997
31109,0.0,0.0,0.0,1000.0,0,0,0.3207,0.378,-0.46199999999999997
31110,0.0,0.0,0.0,1000.0,0,0,0.3407,0.378,-0.46199999999999997
31111,0.0,0.0,0.0,1000.0,0,0,0.3607,0.378,-0.46199999999999997
31112,0.0,0.0,0.0,1000.0,0,0,0.38070000000000004,0.378,-0.46199999999999997
31113,0.0,0.0,0.0,1000.0,0,0,0.4007,0.378,-0.46199999999999997
31114,0.0,0.0,0.0,1000.0,0,0,0.4207,0.378,-0.46199999999999997
31115,0.0,0.0,0.0,1000.0,0,0,0.44070000000000004,0.378,-0.46199999999999997
31116,0.0,0.0,0.0,1000.0,0,0,0.4607,0.378,-0.46199999999999997
31117,0.0,0.0,0.0,1000.0,0,0,0.4807,0.378,-0.46199999999999997
31118,0.0,0.0,0.0,1000.0,0,0,0.1607,0.398,-0.46199999999999997
31119,0.0,0.0,0.0,1000.0,0,0,0.1807,0.398,-0.46199999999999997
31120,0.0,0.0,0.0,1000.0,0,0,0.20070000000000002,0.398,-0.46199999999999997
31121,0.0,0.0,0.0,1000.0,0,0,0.2207,0.398,-0.46199999999999997
31122,0.0,0.0,0.0,1000.0,0,0,0.24070000000000003,0.398,-0.46199999999999997
31123,0.0,0.0,0.0,1000.0,0,0,0.26070000000000004,0.398,-0.46199999999999997
31124,0.0,0.0,0.0,1000.0,0,0,0.2807,0.398,-0.46199999999999997
31125,0.0,0.0,0.0,1000.0,0,0,0.3007,0.398,-0.46199999999999997
31126,0.0,0.0,0.0,1000.0,0,0,0.3207,0.398,-0.46199999999999997
31127,0.0,0.0,0.0,1000.0,0,0,0.3407,0.398,-0.46199999999999997
31128,0.0,0.0,0.0,1000.0,0,0,0.3607,0.398,-0.46199999999999997
31129,0.0,0.0,0.0,1000.0,0,0,0.38070000000000004,0.398,-0.46199999999999997
31130,0.0,0.0,0.0,1000.0,0,0,0.4007,0.398,-0.46199999999999997
31131,0.0,0.0,0.0,1000.0,0,0,0.4207,0.398,-0.46199999999999997
31132,0.0,0.0,0.0,1000.0,0,0,0.44070000000000004,0.398,-0.46199999999999997
31133,0.0,0.0,0.0,1000.0,0,0,0.4607,0.398,-0.46199999999999997
31134,0.0,0.0,0.0,1000.0,0,0,0.4807,0.398,-0.46199999999999997
31135,0.0,0.0,0.0,1000.0,0,0,0.1607,0.41800000000000004,-0.46199999999999997
31136,0.0,0.0,0.0,1000.0,0,0,0.1807,0.41800000000000004,-0.46199999999999997
31137,0.0,0.0,0.0,1000.0,0,0,0.20070000000000002,0.41800000000000004,-0.46199999999999997
31138,0.0,0.0,0.0,1000.0,0,0,0.2207,0.41800000000000004,-0.46199999999999997
31139,0.0,0.0,0.0,1000.0,0,0,0.24070000000000003,0.41800000000000004,-0.46199999999999997
31140,0.0,0.0,0.0,1000.0,0,0,0.26070000000000004,0.41800000000000004,-0.46199999999999997
31141,0.0,0.0,0.0,1000.0,0,0,0.2807,0.41800000000000004,-0.46199999999999997
31142,0.0,0.0,0.0,1000.0,0,0,0.3007,0.41800000000000004,-0.46199999999999997
31143,0.0,0.0,0.0,1000.0,0,0,0.3207,0.41800000000000004,-0.46199999999999997
31144,0.0,0.0,0.0,1000.0,0,0,0.3407,0.41800000000000004,-0.46199999999999997
31145,0.0,0.0,0.0,1000.0,0,0,0.3607,0.41800000000000004,-0.46199999999999997
31146,0.0,0.0,0.0,1000.0,0,0,0.38070000000000004,0.41800000000000004,-0.46199999999999997
31147,0.0,0.0,0.0,1000.0,0,0,0.4007,0.41800000000000004,-0.46199999999999997
31148,0.0,0.0,0.0,1000.0,0,0,0.4207,0.41800000000000004,-0.46199999999999997
31149,0.0,0.0,0.0,1000.0,0,0,0.44070000000000004,0.41800000000000004,-0.46199999999999997
31150,0.0,0.0,0.0,1000.0,0,0,0.4607,0.41800000000000004,-0.46199999999999997
31151,0.0,0.0,0.0,1000.0,0,0,0.4807,0.41800000000000004,-0.46199999999999997
31152,0.0,0.0,0.0,1000.0,0,0,0.1607,0.43800000000000006,-0.46199999999999997
31153,0.0,0.0,0.0,1000.0,0,0,0.1807,0.43800000000000006,-0.46199999999999997
31154,0.0,0.0,0.0,1000.0,0,0,0.20070000000000002,0.43800000000000006,-0.46199999999999997
31155,0.0,0.0,0.0,1000.0,0,0,0.2207,0.43800000000000006,-0.46199999999999997
31156,0.0,0.0,0.0,1000.0,0,0,0.24070000000000003,0.43800000000000006,-0.46199999999999997
31157,0.0,0.0,0.0,1000.0,0,0,0.26070000000000004,0.43800000000000006,-0.46199999999999997
31158,0.0,0.0,0.0,1000.0,0,0,0.2807,0.43800000000000006,-0.46199999999999997
31159,0.0,0.0,0.0,1000.0,0,0,0.3007,0.43800000000000006,-0.46199999999999997
31160,0.0,0.0,0.0,1000.0,0,0,0.3207,0.43800000000000006,-0.46199999999999997
31161,0.0,0.0,0.0,1000.0,0,0,0.3407,0.43800000000000006,-0.46199999999999997
31162,0.0,0.0,0.0,1000.0,0,0,0.3607,0.43800000000000006,-0.46199999999999997
31163,0.0,0.0,0.0,1000.0,0,0,0.38070000000000004,0.43800000000000006,-0.46199999999999997
31164,0.0,0.0,0.0,1000.0,0,0,0.4007,0.43800000000000006,-0.46199999999999997
31165,0.0,0.0,0.0,1000.0,0,0,0.4207,0.43800000000000006,-0.46199999999999997
31166,0.0,0.0,0.0,1000.0,0,0,0.44070000000000004,0.43800000000000006,-0.46199999999999997
31167,0.0,0.0,0.0,1000.0,0,0,0.4607,0.43800000000000006,-0.46199999999999997
31168,0.0,0.0,0.0,1000.0,0,0,0.4807,0.43800000000000006,-0.46199999999999997
31169,0.0,0.0,0.0,1000.0,0,0,0.1607,0.4580000000000001,-0.46199999999999997
31170,0.0,0.0,0.0,1000.0,0,0,0.1807,0.4580000000000001,-0.46199999999999997
31171,0.0,0.0,0.0,1000.0,0,0,0.20070000000000002,0.4580000000000001,-0.46199999999999997
31172,0.0,0.0,0.0,1000.0,0,0,0.2207,0.4580000000000001,-0.46199999999999997
31173,0.0,0.0,0.0,1000.0,0,0,0.24070000000000003,0.4580000000000001,-0.46199999999999997
31174,0.0,0.0,0.0,1000.0,0,0,0.26070000000000004,0.4580000000000001,-0.46199999999999997
31175,0.0,0.0,0.0,1000.0,0,0,0.2807,0.4580000000000001,-0.46199999999999997
31176,0.0,0.0,0.0,1000.0,0,0,0.3007,0.4580000000000001,-0.46199999999999997
31177,0.0,0.0,0.0,1000.0,0,0,0.3207,0.4580000000000001,-0.46199999999999997
31178,0.0,0.0,0.0,1000.0,0,0,0.3407,0.4580000000000001,-0.46199999999999997
31179,0.0,0.0,0.0,1000.0,0,0,0.3607,0.4580000000000001,-0.46199999999999997
31180,0.0,0.0,0.0,1000.0,0,0,0.38070000000000004,0.4580000000000001,-0.46199999999999997
31181,0.0,0.0,0.0,1000.0,0,0,0.4007,0.4580000000000001,-0.46199999999999997
31182,0.0,0.0,0.0,1000.0,0,0,0.4207,0.4580000000000001,-0.46199999999999997
31183,0.0,0.0,0.0,1000.0,0,0,0.44070000000000004,0.4580000000000001,-0.46199999999999997
31184,0.0,0.0,0.0,1000.0,0,0,0.4607,0.4580000000000001,-0.46199999999999997
31185,0.0,0.0,0.0,1000.0,0,0,0.4807,0.4580000000000001,-0.46199999999999997
31186,0.0,0.0,0.0,1000.0,0,0,0.1607,0.478,-0.46199999999999997
31187,0.0,0.0,0.0,1000.0,0,0,0.1807,0.478,-0.46199999999999997
31188,0.0,0.0,0.0,1000.0,0,0,0.20070000000000002,0.478,-0.46199999999999997
31189,0.0,0.0,0.0,1000.0,0,0,0.2207,0.478,-0.46199999999999997
31190,0.0,0.0,0.0,1000.0,0,0,0.24070000000000003,0.478,-0.46199999999999997
31191,0.0,0.0,0.0,1000.0,0,0,0.26070000000000004,0.478,-0.46199999999999997
31192,0.0,0.0,0.0,1000.0,0,0,0.2807,0.478,-0.46199999999999997
31193,0.0,0.0,0.0,1000.0,0,0,0.3007,0.478,-0.46199999999999997
31194,0.0,0.0,0.0,1000.0,0,0,0.3207,0.478,-0.46199999999999997
31195,0.0,0.0,0.0,1000.0,0,0,0.3407,0.478,-0.46199999999999997
31196,0.0,0.0,0.0,1000.0,0,0,0.3607,0.478,-0.46199999999999997
31197,0.0,0.0,0.0,1000.0,0,0,0.38070000000000004,0.478,-0.46199999999999997
31198,0.0,0.0,0.0,1000.0,0,0,0.4007,0.478,-0.46199999999999997
31199,0.0,0.0,0.0,1000.0,0,0,0.4207,0.478,-0.46199999999999997
31200,0.0,0.0,0.0,1000.0,0,0,0.44070000000000004,0.478,-0.46199999999999997
31201,0.0,0.0,0.0,1000.0,0,0,0.4607,0.478,-0.46199999999999997
31202,0.0,0.0,0.0,1000.0,0,0,0.4807,0.478,-0.46199999999999997
31203,0.0,0.0,0.0,1000.0,0,0,0.1607,-0.482,-0.442
31204,0.0,0.0,0.0,1000.0,0,0,0.1807,-0.482,-0.442
31205,0.0,0.0,0.0,1000.0,0,0,0.20070000000000002,-0.482,-0.442
31206,0.0,0.0,0.0,1000.0,0,0,0.2207,-0.482,-0.442
31207,0.0,0.0,0.0,1000.0,0,0,0.24070000000000003,-0.482,-0.442
31208,0.0,0.0,0.0,1000.0,0,0,0.26070000000000004,-0.482,-0.442
31209,0.0,0.0,0.0,1000.0,0,0,0.2807,-0.482,-0.442
31210,0.0,0.0,0.0,1000.0,0,0,0.3007,-0.482,-0.442
31211,0.0,0.0,0.0,1000.0,0,0,0.3207,-0.482,-0.442
31212,0.0,0.0,0.0,1000.0,0,0,0.3407,-0.482,-0.442
31213,0.0,0.0,0.0,1000.0,0,0,0.3607,-0.482,-0.442
31214,0.0,0.0,0.0,1000.0,0,0,0.38070000000000004,-0.482,-0.442
31215,0.0,0.0,0.0,1000.0,0,0,0.4007,-0.482,-0.442
31216,0.0,0.0,0.0,1000.0,0,0,0.4207,-0.482,-0.442
31217,0.0,0.0,0.0,1000.0,0,0,0.44070000000000004,-0.482,-0.442
31218,0.0,0.0,0.0,1000.0,0,0,0.4607,-0.482,-0.442
31219,0.0,0.0,0.0,1000.0,0,0,0.4807,-0.482,-0.442
31220,0.0,0.0,0.0,1000.0,0,0,0.1607,-0.46199999999999997,-0.442
31221,0.0,0.0,0.0,1000.0,0,0,0.1807,-0.46199999999999997,-0.442
31222,0.0,0.0,0.0,1000.0,0,0,0.20070000000000002,-0.46199999999999997,-0.442
31223,0.0,0.0,0.0,1000.0,0,0,0.2207,-0.46199999999999997,-0.442
31224,0.0,0.0,0.0,1000.0,0,0,0.24070000000000003,-0.46199999999999997,-0.442
31225,0.0,0.0,0.0,1000.0,0,0,0.26070000000000004,-0.46199999999999997,-0.442
31226,0.0,0.0,0.0,1000.0,0,0,0.2807,-0.46199999999999997,-0.442
31227,0.0,0.0,0.0,1000.0,0,0,0.3007,-0.46199999999999997,-0.442
31228,0.0,0.0,0.0,1000.0,0,0,0.3207,-0.46199999999999997,-0.442
31229,0.0,0.0,0.0,1000.0,0,0,0.3407,-0.46199999999999997,-0.442
31230,0.0,0.0,0.0,1000.0,0,0,0.3607,-0.46199999999999997,-0.442
31231,0.0,0.0,0.0,1000.0,0,0,0.38070000000000004,-0.46199999999999997,-0.442
31232,0.0,0.0,0.0,1000.0,0,0,0.4007,-0.46199999999999997,-0.442
31233,0.0,0.0,0.0,1000.0,0,0,0.4207,-0.46199999999999997,-0.442
31234,0.0,0.0,0.0,1000.0,0,0,0.44070000000000004,-0.46199999999999997,-0.442
31235,0.0,0.0,0.0,1000.0,0,0,0.4607,-0.46199999999999997,-0.442
31236,0.0,0.0,0.0,1000.0,0,0,0.4807,-0.46199999999999997,-0.442
31237,0.0,0.0,0.0,1000.0,0,0,0.1607,-0.442,-0.442
31238,0.0,0.0,0.0,1000.0,0,0,0.1807,-0.442,-0.442
31239,0.0,0.0,0.0,1000.0,0,0,0.20070000000000002,-0.442,-0.442
31240,0.0,0.0,0.0,1000.0,0,0,0.2207,-0.442,-0.442
31241,0.0,0.0,0.0,1000.0,0,0,0.24070000000000003,-0.442,-0.442
31242,0.0,0.0,0.0,1000.0,0,0,0.26070000000000004,-0.442,-0.442
31243,0.0,0.0,0.0,1000.0,0,0,0.2807,-0.442,-0.442
31244,0.0,0.0,0.0,1000.0,0,0,0.3007,-0.442,-0.442
31245,0.0,0.0,0.0,1000.0,0,0,0.3207,-0.442,-0.442
31246,0.0,0.0,0.0,1000.0,0,0,0.3407,-0.442,-0.442
31247,0.0,0.0,0.0,1000.0,0,0,0.3607,-0.442,-0.442
31248,0.0,0.0,0.0,1000.0,0,0,0.38070000000000004,-0.442,-0.442
31249,0.0,0.0,0.0,1000.0,0,0,0.4007,-0.442,-0.442
31250,0.0,0.0,0.0,1000.0,0,0,0.4207,-0.442,-0.442
31251,0.0,0.0,0.0,1000.0,0,0,0.44070000000000004,-0.442,-0.442
31252,0.0,0.0,0.0,1000.0,0,0,0.4607,-0.442,-0.442
31253,0.0,0.0,0.0,1000.0,0,0,0.4807,-0.442,-0.442
31254,0.0,0.0,0.0,1000.0,0,0,0.1607,-0.422,-0.442
31255,0.0,0.0,0.0,1000.0,0,0,0.1807,-0.422,-0.442
31256,0.0,0.0,0.0,1000.0,0,0,0.20070000000000002,-0.422,-0.442
31257,0.0,0.0,0.0,1000.0,0,0,0.2207,-0.422,-0.442
31258,0.0,0.0,0.0,1000.0,0,0,0.24070000000000003,-0.422,-0.442
31259,0.0,0.0,0.0,1000.0,0,0,0.26070000000000004,-0.422,-0.442
31260,0.0,0.0,0.0,1000.0,0,0,0.2807,-0.422,-0.442
31261,0.0,0.0,0.0,1000.0,0,0,0.3007,-0.422,-0.442
31262,0.0,0.0,0.0,1000.0,0,0,0.3207,-0.422,-0.442
31263,0.0,0.0,0.0,1000.0,0,0,0.3407,-0.422,-0.442
31264,0.0,0.0,0.0,1000.0,0,0,0.3607,-0.422,-0.442
31265,0.0,0.0,0.0,1000.0,0,0,0.38070000000000004,-0.422,-0.442
31266,0.0,0.0,0.0,1000.0,0,0,0.4007,-0.422,-0.442
31267,0.0,0.0,0.0,1000.0,0,0,0.4207,-0.422,-0.442
31268,0.0,0.0,0.0,1000.0,0,0,0.44070000000000004,-0.422,-0.442
31269,0.0,0.0,0.0,1000.0,0,0,0.4607,-0.422,-0.442
31270,0.0,0.0,0.0,1000.0,0,0,0.4807,-0.422,-0.442
31271,0.0,0.0,0.0,1000.0,0,0,0.1607,-0.40199999999999997,-0.442
31272,0.0,0.0,0.0,1000.0,0,0,0.1807,-0.40199999999999997,-0.442
31273,0.0,0.0,0.0,1000.0,0,0,0.20070000000000002,-0.40199999999999997,-0.442
31274,0.0,0.0,0.0,1000.0,0,0,0.2207,-0.40199999999999997,-0.442
31275,0.0,0.0,0.0,1000.0,0,0,0.24070000000000003,-0.40199999999999997,-0.442
31276,0.0,0.0,0.0,1000.0,0,0,0.26070000000000004,-0.40199999999999997,-0.442
31277,0.0,0.0,0.0,1000.0,0,0,0.2807,-0.40199999999999997,-0.442
31278,0.0,0.0,0.0,1000.0,0,0,0.3007,-0.40199999999999997,-0.442
31279,0.0,0.0,0.0,1000.0,0,0,0.3207,-0.40199999999999997,-0.442
31280,0.0,0.0,0.0,1000.0,0,0,0.3407,-0.40199999999999997,-0.442
31281,0.0,0.0,0.0,1000.0,0,0,0.3607,-0.40199999999999997,-0.442
31282,0.0,0.0,0.0,1000.0,0,0,0.38070000000000004,-0.40199999999999997,-0.442
31283,0.0,0.0,0.0,1000.0,0,0,0.4007,-0.40199999999999997,-0.442
31284,0.0,0.0,0.0,1000.0,0,0,0.4207,-0.40199999999999997,-0.442
31285,0.0,0.0,0.0,1000.0,0,0,0.44070000000000004,-0.40199999999999997,-0.442
31286,0.0,0.0,0.0,1000.0,0,0,0.4607,-0.40199999999999997,-0.442
31287,0.0,0.0,0.0,1000.0,0,0,0.4807,-0.40199999999999997,-0.442
31288,0.0,0.0,0.0,1000.0,0,0,0.1607,-0.382,-0.442
31289,0.0,0.0,0.0,1000.0,0,0,0.1807,-0.382,-0.442
31290,0.0,0.0,0.0,1000.0,0,0,0.20070000000000002,-0.382,-0.442
31291,0.0,0.0,0.0,1000.0,0,0,0.2207,-0.382,-0.442
31292,0.0,0.0,0.0,1000.0,0,0,0.24070000000000003,-0.382,-0.442
31293,0.0,0.0,0.0,1000.0,0,0,0.26070000000000004,-0.382,-0.442
31294,0.0,0.0,0.0,1000.0,0,0,0.2807,-0.382,-0.442
31295,0.0,0.0,0.0,1000.0,0,0,0.3007,-0.382,-0.442
31296,0.0,0.0,0.0,1000.0,0,0,0.3207,-0.382,-0.442
31297,0.0,0.0,0.0,1000.0,0,0,0.3407,-0.382,-0.442
31298,0.0,0.0,0.0,1000.0,0,0,0.3607,-0.382,-0.442
31299,0.0,0.0,0.0,1000.0,0,0,0.38070000000000004,-0.382,-0.442
31300,0.0,0.0,0.0,1000.0,0,0,0.4007,-0.382,-0.442
31301,0.0,0.0,0.0,1000.0,0,0,0.4207,-0.382,-0.442
31302,0.0,0.0,0.0,1000.0,0,0,0.44070000000000004,-0.382,-0.442
31303,0.0,0.0,0.0,1000.0,0,0,0.4607,-0.382,-0.442
31304,0.0,0.0,0.0,1000.0,0,0,0.4807,-0.382,-0.442
31305,0.0,0.0,0.0,1000.0,0,0,0.1607,-0.362,-0.442
31306,0.0,0.0,0.0,1000.0,0,0,0.1807,-0.362,-0.442
31307,0.0,0.0,0.0,1000.0,0,0,0.20070000000000002,-0.362,-0.442
31308,0.0,0.0,0.0,1000.0,0,0,0.2207,-0.362,-0.442
31309,0.0,0.0,0.0,1000.0,0,0,0.24070000000000003,-0.362,-0.442
31310,0.0,0.0,0.0,1000.0,0,0,0.26070000000000004,-0.362,-0.442
31311,0.0,0.0,0.0,1000.0,0,0,0.2807,-0.362,-0.442
31312,0.0,0.0,0.0,1000.0,0,0,0.3007,-0.362,-0.442
31313,0.0,0.0,0.0,1000.0,0,0,0.3207,-0.362,-0.442
31314,0.0,0.0,0.0,1000.0,0,0,0.3407,-0.362,-0.442
31315,0.0,0.0,0.0,1000.0,0,0,0.3607,-0.362,-0.442
31316,0.0,0.0,0.0,1000.0,0,0,0.38070000000000004,-0.362,-0.442
31317,0.0,0.0,0.0,1000.0,0,0,0.4007,-0.362,-0.442
31318,0.0,0.0,0.0,1000.0,0,0,0.4207,-0.362,-0.442
31319,0.0,0.0,0.0,1000.0,0,0,0.44070000000000004,-0.362,-0.442
31320,0.0,0.0,0.0,1000.0,0,0,0.4607,-0.362,-0.442
31321,0.0,0.0,0.0,1000.0,0,0,0.4807,-0.362,-0.442
31322,0.0,0.0,0.0,1000.0,0,0,0.1607,-0.34199999999999997,-0.442
31323,0.0,0.0,0.0,1000.0,0,0,0.1807,-0.34199999999999997,-0.442
31324,0.0,0.0,0.0,1000.0,0,0,0.20070000000000002,-0.34199999999999997,-0.442
31325,0.0,0.0,0.0,1000.0,0,0,0.2207,-0.34199999999999997,-0.442
31326,0.0,0.0,0.0,1000.0,0,0,0.24070000000000003,-0.34199999999999997,-0.442
31327,0.0,0.0,0.0,1000.0,0,0,0.26070000000000004,-0.34199999999999997,-0.442
31328,0.0,0.0,0.0,1000.0,0,0,0.2807,-0.34199999999999997,-0.442
31329,0.0,0.0,0.0,1000.0,0,0,0.3007,-0.34199999999999997,-0.442
31330,0.0,0.0,0.0,1000.0,0,0,0.3207,-0.34199999999999997,-0.442
31331,0.0,0.0,0.0,1000.0,0,0,0.3407,-0.34199999999999997,-0.442
31332,0.0,0.0,0.0,1000.0,0,0,0.3607,-0.34199999999999997,-0.442
31333,0.0,0.0,0.0,1000.0,0,0,0.38070000000000004,-0.34199999999999997,-0.442
31334,0.0,0.0,0.0,1000.0,0,0,0.4007,-0.34199999999999997,-0.442
31335,0.0,0.0,0.0,1000.0,0,0,0.4207,-0.34199999999999997,-0.442
31336,0.0,0.0,0.0,1000.0,0,0,0.44070000000000004,-0.34199999999999997,-0.442
31337,0.0,0.0,0.0,1000.0,0,0,0.4607,-0.34199999999999997,-0.442
31338,0.0,0.0,0.0,1000.0,0,0,0.4807,-0.34199999999999997,-0.442
31339,0.0,0.0,0.0,1000.0,0,0,0.1607,-0.32199999999999995,-0.442
31340,0.0,0.0,0.0,1000.0,0,0,0.1807,-0.32199999999999995,-0.442
31341,0.0,0.0,0.0,1000.0,0,0,0.20070000000000002,-0.32199999999999995,-0.442
31342,0.0,0.0,0.0,1000.0,0,0,0.2207,-0.32199999999999995,-0.442
31343,0.0,0.0,0.0,1000.0,0,0,0.24070000000000003,-0.32199999999999995,-0.442
31344,0.0,0.0,0.0,1000.0,0,0,0.26070000000000004,-0.32199999999999995,-0.442
31345,0.0,0.0,0.0,1000.0,0,0,0.2807,-0.32199999999999995,-0.442
31346,0.0,0.0,0.0,1000.0,0,0,0.3007,-0.32199999999999995,-0.442
31347,0.0,0.0,0.0,1000.0,0,0,0.3207,-0.32199999999999995,-0.442
31348,0.0,0.0,0.0,1000.0,0,0,0.3407,-0.32199999999999995,-0.442
31349,0.0,0.0,0.0,1000.0,0,0,0.3607,-0.32199999999999995,-0.442
31350,0.0,0.0,0.0,1000.0,0,0,0.38070000000000004,-0.32199999999999995,-0.442
31351,0.0,0.0,0.0,1000.0,0,0,0.4007,-0.32199999999999995,-0.442
31352,0.0,0.0,0.0,1000.0,0,0,0.4207,-0.32199999999999995,-0.442
31353,0.0,0.0,0.0,1000.0,0,0,0.44070000000000004,-0.32199999999999995,-0.442
31354,0.0,0.0,0.0,1000.0,0,0,0.4607,-0.32199999999999995,-0.442
31355,0.0,0.0,0.0,1000.0,0,0,0.4807,-0.32199999999999995,-0.442
31356,0.0,0.0,0.0,1000.0,0,0,0.1607,-0.302,-0.442
31357,0.0,0.0,0.0,1000.0,0,0,0.1807,-0.302,-0.442
31358,0.0,0.0,0.0,1000.0,0,0,0.20070000000000002,-0.302,-0.442
31359,0.0,0.0,0.0,1000.0,0,0,0.2207,-0.302,-0.442
31360,0.0,0.0,0.0,1000.0,0,0,0.24070000000000003,-0.302,-0.442
31361,0.0,0.0,0.0,1000.0,0,0,0.26070000000000004,-0.302,-0.442
31362,0.0,0.0,0.0,1000.0,0,0,0.2807,-0.302,-0.442
31363,0.0,0.0,0.0,1000.0,0,0,0.3007,-0.302,-0.442
31364,0.0,0.0,0.0,1000.0,0,0,0.3207,-0.302,-0.442
31365,0.0,0.0,0.0,1000.0,0,0,0.3407,-0.302,-0.442
31366,0.0,0.0,0.0,1000.0,0,0,0.3607,-0.302,-0.442
31367,0.0,0.0,0.0,1000.0,0,0,0.38070000000000004,-0.302,-0.442
31368,0.0,0.0,0.0,1000.0,0,0,0.4007,-0.302,-0.442
31369,0.0,0.0,0.0,1000.0,0,0,0.4207,-0.302,-0.442
31370,0.0,0.0,0.0,1000.0,0,0,0.44070000000000004,-0.302,-0.442
31371,0.0,0.0,0.0,1000.0,0,0,0.4607,-0.302,-0.442
31372,0.0,0.0,0.0,1000.0,0,0,0.4807,-0.302,-0.442
31373,0.0,0.0,0.0,1000.0,0,0,0.1607,-0.282,-0.442
31374,0.0,0.0,0.0,1000.0,0,0,0.1807,-0.282,-0.442
31375,0.0,0.0,0.0,1000.0,0,0,0.20070000000000002,-0.282,-0.442
31376,0.0,0.0,0.0,1000.0,0,0,0.2207,-0.282,-0.442
31377,0.0,0.0,0.0,1000.0,0,0,0.24070000000000003,-0.282,-0.442
31378,0.0,0.0,0.0,1000.0,0,0,0.26070000000000004,-0.282,-0.442
31379,0.0,0.0,0.0,1000.0,0,0,0.2807,-0.282,-0.442
31380,0.0,0.0,0.0,1000.0,0,0,0.3007,-0.282,-0.442
31381,0.0,0.0,0.0,1000.0,0,0,0.3207,-0.282,-0.442
31382,0.0,0.0,0.0,1000.0,0,0,0.3407,-0.282,-0.442
31383,0.0,0.0,0.0,1000.0,0,0,0.3607,-0.282,-0.442
31384,0.0,0.0,0.0,1000.0,0,0,0.38070000000000004,-0.282,-0.442
31385,0.0,0.0,0.0,1000.0,0,0,0.4007,-0.282,-0.442
31386,0.0,0.0,0.0,1000.0,0,0,0.4207,-0.282,-0.442
31387,0.0,0.0,0.0,1000.0,0,0,0.44070000000000004,-0.282,-0.442
31388,0.0,0.0,0.0,1000.0,0,0,0.4607,-0.282,-0.442
31389,0.0,0.0,0.0,1000.0,0,0,0.4807,-0.282,-0.442
31390,0.0,0.0,0.0,1000.0,0,0,0.1607,-0.262,-0.442
31391,0.0,0.0,0.0,1000.0,0,0,0.1807,-0.262,-0.442
31392,0.0,0.0,0.0,1000.0,0,0,0.20070000000000002,-0.262,-0.442
31393,0.0,0.0,0.0,1000.0,0,0,0.2207,-0.262,-0.442
31394,0.0,0.0,0.0,1000.0,0,0,0.24070000000000003,-0.262,-0.442
31395,0.0,0.0,0.0,1000.0,0,0,0.26070000000000004,-0.262,-0.442
31396,0.0,0.0,0.0,1000.0,0,0,0.2807,-0.262,-0.442
31397,0.0,0.0,0.0,1000.0,0,0,0.3007,-0.262,-0.442
31398,0.0,0.0,0.0,1000.0,0,0,0.3207,-0.262,-0.442
31399,0.0,0.0,0.0,1000.0,0,0,0.3407,-0.262,-0.442
31400,0.0,0.0,0.0,1000.0,0,0,0.3607,-0.262,-0.442
31401,0.0,0.0,0.0,1000.0,0,0,0.38070000000000004,-0.262,-0.442
31402,0.0,0.0,0.0,1000.0,0,0,0.4007,-0.262,-0.442
31403,0.0,0.0,0.0,1000.0,0,0,0.4207,-0.262,-0.442
31404,0.0,0.0,0.0,1000.0,0,0,0.44070000000000004,-0.262,-0.442
31405,0.0,0.0,0.0,1000.0,0,0,0.4607,-0.262,-0.442
31406,0.0,0.0,0.0,1000.0,0,0,0.4807,-0.262,-0.442
31407,0.0,0.0,0.0,1000.0,0,0,0.1607,-0.242,-0.442
31408,0.0,0.0,0.0,1000.0,0,0,0.1807,-0.242,-0.442
31409,0.0,0.0,0.0,1000.0,0,0,0.20070000000000002,-0.242,-0.442
31410,0.0,0.0,0.0,1000.0,0,0,0.2207,-0.242,-0.442
31411,0.0,0.0,0.0,1000.0,0,0,0.24070000000000003,-0.242,-0.442
31412,0.0,0.0,0.0,1000.0,0,0,0.26070000000000004,-0.242,-0.442
31413,0.0,0.0,0.0,1000.0,0,0,0.2807,-0.242,-0.442
31414,0.0,0.0,0.0,1000.0,0,0,0.3007,-0.242,-0.442
31415,0.0,0.0,0.0,1000.0,0,0,0.3207,-0.242,-0.442
31416,0.0,0.0,0.0,1000.0,0,0,0.3407,-0.242,-0.442
31417,0.0,0.0,0.0,1000.0,0,0,0.3607,-0.242,-0.442
31418,0.0,0.0,0.0,1000.0,0,0,0.38070000000000004,-0.242,-0.442
31419,0.0,0.0,0.0,1000.0,0,0,0.4007,-0.242,-0.442
31420,0.0,0.0,0.0,1000.0,0,0,0.4207,-0.242,-0.442
31421,0.0,0.0,0.0,1000.0,0,0,0.44070000000000004,-0.242,-0.442
31422,0.0,0.0,0.0,1000.0,0,0,0.4607,-0.242,-0.442
31423,0.0,0.0,0.0,1000.0,0,0,0.4807,-0.242,-0.442
31424,0.0,0.0,0.0,1000.0,0,0,0.1607,-0.22199999999999998,-0.442
31425,0.0,0.0,0.0,1000.0,0,0,0.1807,-0.22199999999999998,-0.442
31426,0.0,0.0,0.0,1000.0,0,0,0.20070000000000002,-0.22199999999999998,-0.442
31427,0.0,0.0,0.0,1000.0,0,0,0.2207,-0.22199999999999998,-0.442
31428,0.0,0.0,0.0,1000.0,0,0,0.24070000000000003,-0.22199999999999998,-0.442
31429,0.0,0.0,0.0,1000.0,0,0,0.26070000000000004,-0.22199999999999998,-0.442
31430,0.0,0.0,0.0,1000.0,0,0,0.2807,-0.22199999999999998,-0.442
31431,0.0,0.0,0.0,1000.0,0,0,0.3007,-0.22199999999999998,-0.442
31432,0.0,0.0,0.0,1000.0,0,0,0.3207,-0.22199999999999998,-0.442
31433,0.0,0.0,0.0,1000.0,0,0,0.3407,-0.22199999999999998,-0.442
31434,0.0,0.0,0.0,1000.0,0,0,0.3607,-0.22199999999999998,-0.442
31435,0.0,0.0,0.0,1000.0,0,0,0.38070000000000004,-0.22199999999999998,-0.442
31436,0.0,0.0,0.0,1000.0,0,0,0.4007,-0.22199999999999998,-0.442
31437,0.0,0.0,0.0,1000.0,0,0,0.4207,-0.22199999999999998,-0.442
31438,0.0,0.0,0.0,1000.0,0,0,0.44070000000000004,-0.22199999999999998,-0.442
31439,0.0,0.0,0.0,1000.0,0,0,0.4607,-0.22199999999999998,-0.442
31440,0.0,0.0,0.0,1000.0,0,0,0.4807,-0.22199999999999998,-0.442
31441,0.0,0.0,0.0,1000.0,0,0,0.1607,-0.20199999999999996,-0.442
31442,0.0,0.0,0.0,1000.0,0,0,0.1807,-0.20199999999999996,-0.442
31443,0.0,0.0,0.0,1000.0,0,0,0.20070000000000002,-0.20199999999999996,-0.442
31444,0.0,0.0,0.0,1000.0,0,0,0.2207,-0.20199999999999996,-0.442
31445,0.0,0.0,0.0,1000.0,0,0,0.24070000000000003,-0.20199999999999996,-0.442
31446,0.0,0.0,0.0,1000.0,0,0,0.26070000000000004,-0.20199999999999996,-0.442
31447,0.0,0.0,0.0,1000.0,0,0,0.2807,-0.20199999999999996,-0.442
31448,0.0,0.0,0.0,1000.0,0,0,0.3007,-0.20199999999999996,-0.442
31449,0.0,0.0,0.0,1000.0,0,0,0.3207,-0.20199999999999996,-0.442
31450,0.0,0.0,0.0,1000.0,0,0,0.3407,-0.20199999999999996,-0.442
31451,0.0,0.0,0.0,1000.0,0,0,0.3607,-0.20199999999999996,-0.442
31452,0.0,0.0,0.0,1000.0,0,0,0.38070000000000004,-0.20199999999999996,-0.442
31453,0.0,0.0,0.0,1000.0,0,0,0.4007,-0.20199999999999996,-0.442
31454,0.0,0.0,0.0,1000.0,0,0,0.4207,-0.20199999999999996,-0.442
31455,0.0,0.0,0.0,1000.0,0,0,0.44070000000000004,-0.20199999999999996,-0.442
31456,0.0,0.0,0.0,1000.0,0,0,0.4607,-0.20199999999999996,-0.442
31457,0.0,0.0,0.0,1000.0,0,0,0.4807,-0.20199999999999996,-0.442
31458,0.0,0.0,0.0,1000.0,0,0,0.1607,-0.182,-0.442
31459,0.0,0.0,0.0,1000.0,0,0,0.1807,-0.182,-0.442
31460,0.0,0.0,0.0,1000.0,0,0,0.20070000000000002,-0.182,-0.442
31461,0.0,0.0,0.0,1000.0,0,0,0.2207,-0.182,-0.442
31462,0.0,0.0,0.0,1000.0,0,0,0.24070000000000003,-0.182,-0.442
31463,0.0,0.0,0.0,1000.0,0,0,0.26070000000000004,-0.182,-0.442
31464,0.0,0.0,0.0,1000.0,0,0,0.2807,-0.182,-0.442
31465,0.0,0.0,0.0,1000.0,0,0,0.3007,-0.182,-0.442
31466,0.0,0.0,0.0,1000.0,0,0,0.3207,-0.182,-0.442
31467,0.0,0.0,0.0,1000.0,0,0,0.3407,-0.182,-0.442
31468,0.0,0.0,0.0,1000.0,0,0,0.3607,-0.182,-0.442
31469,0.0,0.0,0.0,1000.0,0,0,0.38070000000000004,-0.182,-0.442
31470,0.0,0.0,0.0,1000.0,0,0,0.4007,-0.182,-0.442
31471,0.0,0.0,0.0,1000.0,0,0,0.4207,-0.182,-0.442
31472,0.0,0.0,0.0,1000.0,0,0,0.44070000000000004,-0.182,-0.442
31473,0.0,0.0,0.0,1000.0,0,0,0.4607,-0.182,-0.442
31474,0.0,0.0,0.0,1000.0,0,0,0.4807,-0.182,-0.442
31475,0.0,0.0,0.0,1000.0,0,0,0.1607,-0.16199999999999998,-0.442
31476,0.0,0.0,0.0,1000.0,0,0,0.1807,-0.16199999999999998,-0.442
31477,0.0,0.0,0.0,1000.0,0,0,0.20070000000000002,-0.16199999999999998,-0.442
31478,0.0,0.0,0.0,1000.0,0,0,0.2207,-0.16199999999999998,-0.442
31479,0.0,0.0,0.0,1000.0,0,0,0.24070000000000003,-0.16199999999999998,-0.442
31480,0.0,0.0,0.0,1000.0,0,0,0.26070000000000004,-0.16199999999999998,-0.442
31481,0.0,0.0,0.0,1000.0,0,0,0.2807,-0.16199999999999998,-0.442
31482,0.0,0.0,0.0,1000.0,0,0,0.3007,-0.16199999999999998,-0.442
31483,0.0,0.0,0.0,1000.0,0,0,0.3207,-0.16199999999999998,-0.442
31484,0.0,0.0,0.0,1000.0,0,0,0.3407,-0.16199999999999998,-0.442
31485,0.0,0.0,0.0,1000.0,0,0,0.3607,-0.16199999999999998,-0.442
31486,0.0,0.0,0.0,1000.0,0,0,0.38070000000000004,-0.16199999999999998,-0.442
31487,0.0,0.0,0.0,1000.0,0,0,0.4007,-0.16199999999999998,-0.442
31488,0.0,0.0,0.0,1000.0,0,0,0.4207,-0.16199999999999998,-0.442
31489,0.0,0.0,0.0,1000.0,0,0,0.44070000000000004,-0.16199999999999998,-0.442
31490,0.0,0.0,0.0,1000.0,0,0,0.4607,-0.16199999999999998,-0.442
31491,0.0,0.0,0.0,1000.0,0,0,0.4807,-0.16199999999999998,-0.442
31492,0.0,0.0,0.0,1000.0,0,0,0.1607,-0.14199999999999996,-0.442
31493,0.0,0.0,0.0,1000.0,0,0,0.1807,-0.14199999999999996,-0.442
31494,0.0,0.0,0.0,1000.0,0,0,0.20070000000000002,-0.14199999999999996,-0.442
31495,0.0,0.0,0.0,1000.0,0,0,0.2207,-0.14199999999999996,-0.442
31496,0.0,0.0,0.0,1000.0,0,0,0.24070000000000003,-0.14199999999999996,-0.442
31497,0.0,0.0,0.0,1000.0,0,0,0.26070000000000004,-0.14199999999999996,-0.442
31498,0.0,0.0,0.0,1000.0,0,0,0.2807,-0.14199999999999996,-0.442
31499,0.0,0.0,0.0,1000.0,0,0,0.3007,-0.14199999999999996,-0.442
31500,0.0,0.0,0.0,1000.0,0,0,0.3207,-0.14199999999999996,-0.442
31501,0.0,0.0,0.0,1000.0,0,0,0.3407,-0.14199999999999996,-0.442
31502,0.0,0.0,0.0,1000.0,0,0,0.3607,-0.14199999999999996,-0.442
31503,0.0,0.0,0.0,1000.0,0,0,0.38070000000000004,-0.14199999999999996,-0.442
31504,0.0,0.0,0.0,1000.0,0,0,0.4007,-0.14199999999999996,-0.442
31505,0.0,0.0,0.0,1000.0,0,0,0.4207,-0.14199999999999996,-0.442
31506,0.0,0.0,0.0,1000.0,0,0,0.44070000000000004,-0.14199999999999996,-0.442
31507,0.0,0.0,0.0,1000.0,0,0,0.4607,-0.14199999999999996,-0.442
31508,0.0,0.0,0.0,1000.0,0,0,0.4807,-0.14199999999999996,-0.442
31509,0.0,0.0,0.0,1000.0,0,0,0.1607,-0.122,-0.442
31510,0.0,0.0,0.0,1000.0,0,0,0.1807,-0.122,-0.442
31511,0.0,0.0,0.0,1000.0,0,0,0.20070000000000002,-0.122,-0.442
31512,0.0,0.0,0.0,1000.0,0,0,0.2207,-0.122,-0.442
31513,0.0,0.0,0.0,1000.0,0,0,0.24070000000000003,-0.122,-0.442
31514,0.0,0.0,0.0,1000.0,0,0,0.26070000000000004,-0.122,-0.442
31515,0.0,0.0,0.0,1000.0,0,0,0.2807,-0.122,-0.442
31516,0.0,0.0,0.0,1000.0,0,0,0.3007,-0.122,-0.442
31517,0.0,0.0,0.0,1000.0,0,0,0.3207,-0.122,-0.442
31518,0.0,0.0,0.0,1000.0,0,0,0.3407,-0.122,-0.442
31519,0.0,0.0,0.0,1000.0,0,0,0.3607,-0.122,-0.442
31520,0.0,0.0,0.0,1000.0,0,0,0.38070000000000004,-0.122,-0.442
31521,0.0,0.0,0.0,1000.0,0,0,0.4007,-0.122,-0.442
31522,0.0,0.0,0.0,1000.0,0,0,0.4207,-0.122,-0.442
31523,0.0,0.0,0.0,1000.0,0,0,0.44070000000000004,-0.122,-0.442
31524,0.0,0.0,0.0,1000.0,0,0,0.4607,-0.122,-0.442
31525,0.0,0.0,0.0,1000.0,0,0,0.4807,-0.122,-0.442
31526,0.0,0.0,0.0,1000.0,0,0,0.1607,-0.10199999999999998,-0.442
31527,0.0,0.0,0.0,1000.0,0,0,0.1807,-0.10199999999999998,-0.442
31528,0.0,0.0,0.0,1000.0,0,0,0.20070000000000002,-0.10199999999999998,-0.442
31529,0.0,0.0,0.0,1000.0,0,0,0.2207,-0.10199999999999998,-0.442
31530,0.0,0.0,0.0,1000.0,0,0,0.24070000000000003,-0.10199999999999998,-0.442
31531,0.0,0.0,0.0,1000.0,0,0,0.26070000000000004,-0.10199999999999998,-0.442
31532,0.0,0.0,0.0,1000.0,0,0,0.2807,-0.10199999999999998,-0.442
31533,0.0,0.0,0.0,1000.0,0,0,0.3007,-0.10199999999999998,-0.442
31534,0.0,0.0,0.0,1000.0,0,0,0.3207,-0.10199999999999998,-0.442
31535,0.0,0.0,0.0,1000.0,0,0,0.3407,-0.10199999999999998,-0.442
31536,0.0,0.0,0.0,1000.0,0,0,0.3607,-0.10199999999999998,-0.442
31537,0.0,0.0,0.0,1000.0,0,0,0.38070000000000004,-0.10199999999999998,-0.442
31538,0.0,0.0,0.0,1000.0,0,0,0.4007,-0.10199999999999998,-0.442
31539,0.0,0.0,0.0,1000.0,0,0,0.4207,-0.10199999999999998,-0.442
31540,0.0,0.0,0.0,1000.0,0,0,0.44070000000000004,-0.10199999999999998,-0.442
31541,0.0,0.0,0.0,1000.0,0,0,0.4607,-0.10199999999999998,-0.442
31542,0.0,0.0,0.0,1000.0,0,0,0.4807,-0.10199999999999998,-0.442
31543,0.0,0.0,0.0,1000.0,0,0,0.1607,-0.08199999999999996,-0.442
31544,0.0,0.0,0.0,1000.0,0,0,0.1807,-0.08199999999999996,-0.442
31545,0.0,0.0,0.0,1000.0,0,0,0.20070000000000002,-0.08199999999999996,-0.442
31546,0.0,0.0,0.0,1000.0,0,0,0.2207,-0.08199999999999996,-0.442
31547,0.0,0.0,0.0,1000.0,0,0,0.24070000000000003,-0.08199999999999996,-0.442
31548,0.0,0.0,0.0,1000.0,0,0,0.26070000000000004,-0.08199999999999996,-0.442
31549,0.0,0.0,0.0,1000.0,0,0,0.2807,-0.08199999999999996,-0.442
31550,0.0,0.0,0.0,1000.0,0,0,0.3007,-0.08199999999999996,-0.442
31551,0.0,0.0,0.0,1000.0,0,0,0.3207,-0.08199999999999996,-0.442
31552,0.0,0.0,0.0,1000.0,0,0,0.3407,-0.08199999999999996,-0.442
31553,0.0,0.0,0.0,1000.0,0,0,0.3607,-0.08199999999999996,-0.442
31554,0.0,0.0,0.0,1000.0,0,0,0.38070000000000004,-0.08199999999999996,-0.442
31555,0.0,0.0,0.0,1000.0,0,0,0.4007,-0.08199999999999996,-0.442
31556,0.0,0.0,0.0,1000.0,0,0,0.4207,-0.08199999999999996,-0.442
31557,0.0,0.0,0.0,1000.0,0,0,0.44070000000000004,-0.08199999999999996,-0.442
31558,0.0,0.0,0.0,1000.0,0,0,0.4607,-0.08199999999999996,-0.442
31559,0.0,0.0,0.0,1000.0,0,0,0.4807,-0.08199999999999996,-0.442
31560,0.0,0.0,0.0,1000.0,0,0,0.1607,-0.062,-0.442
31561,0.0,0.0,0.0,1000.0,0,0,0.1807,-0.062,-0.442
31562,0.0,0.0,0.0,1000.0,0,0,0.20070000000000002,-0.062,-0.442
31563,0.0,0.0,0.0,1000.0,0,0,0.2207,-0.062,-0.442
31564,0.0,0.0,0.0,1000.0,0,0,0.24070000000000003,-0.062,-0.442
31565,0.0,0.0,0.0,1000.0,0,0,0.26070000000000004,-0.062,-0.442
31566,0.0,0.0,0.0,1000.0,0,0,0.2807,-0.062,-0.442
31567,0.0,0.0,0.0,1000.0,0,0,0.3007,-0.062,-0.442
31568,0.0,0.0,0.0,1000.0,0,0,0.3207,-0.062,-0.442
31569,0.0,0.0,0.0,1000.0,0,0,0.3407,-0.062,-0.442
31570,0.0,0.0,0.0,1000.0,0,0,0.3607,-0.062,-0.442
31571,0.0,0.0,0.0,1000.0,0,0,0.38070000000000004,-0.062,-0.442
31572,0.0,0.0,0.0,1000.0,0,0,0.4007,-0.062,-0.442
31573,0.0,0.0,0.0,1000.0,0,0,0.4207,-0.062,-0.442
31574,0.0,0.0,0.0,1000.0,0,0,0.44070000000000004,-0.062,-0.442
31575,0.0,0.0,0.0,1000.0,0,0,0.4607,-0.062,-0.442
31576,0.0,0.0,0.0,1000.0,0,0,0.4807,-0.062,-0.442
31577,0.0,0.0,0.0,1000.0,0,0,0.1607,-0.04199999999999998,-0.442
31578,0.0,0.0,0.0,1000.0,0,0,0.1807,-0.04199999999999998,-0.442
31579,0.0,0.0,0.0,1000.0,0,0,0.20070000000000002,-0.04199999999999998,-0.442
31580,0.0,0.0,0.0,1000.0,0,0,0.2207,-0.04199999999999998,-0.442
31581,0.0,0.0,0.0,1000.0,0,0,0.24070000000000003,-0.04199999999999998,-0.442
31582,0.0,0.0,0.0,1000.0,0,0,0.26070000000000004,-0.04199999999999998,-0.442
31583,0.0,0.0,0.0,1000.0,0,0,0.2807,-0.04199999999999998,-0.442
31584,0.0,0.0,0.0,1000.0,0,0,0.3007,-0.04199999999999998,-0.442
31585,0.0,0.0,0.0,1000.0,0,0,0.3207,-0.04199999999999998,-0.442
31586,0.0,0.0,0.0,1000.0,0,0,0.3407,-0.04199999999999998,-0.442
31587,0.0,0.0,0.0,1000.0,0,0,0.3607,-0.04199999999999998,-0.442
31588,0.0,0.0,0.0,1000.0,0,0,0.38070000000000004,-0.04199999999999998,-0.442
31589,0.0,0.0,0.0,1000.0,0,0,0.4007,-0.04199999999999998,-0.442
31590,0.0,0.0,0.0,1000.0,0,0,0.4207,-0.04199999999999998,-0.442
31591,0.0,0.0,0.0,1000.0,0,0,0.44070000000000004,-0.04199999999999998,-0.442
31592,0.0,0.0,0.0,1000.0,0,0,0.4607,-0.04199999999999998,-0.442
31593,0.0,0.0,0.0,1000.0,0,0,0.4807,-0.04199999999999998,-0.442
31594,0.0,0.0,0.0,1000.0,0,0,0.1607,-0.021999999999999964,-0.442
31595,0.0,0.0,0.0,1000.0,0,0,0.1807,-0.021999999999999964,-0.442
31596,0.0,0.0,0.0,1000.0,0,0,0.20070000000000002,-0.021999999999999964,-0.442
31597,0.0,0.0,0.0,1000.0,0,0,0.2207,-0.021999999999999964,-0.442
31598,0.0,0.0,0.0,1000.0,0,0,0.24070000000000003,-0.021999999999999964,-0.442
31599,0.0,0.0,0.0,1000.0,0,0,0.26070000000000004,-0.021999999999999964,-0.442
31600,0.0,0.0,0.0,1000.0,0,0,0.2807,-0.021999999999999964,-0.442
31601,0.0,0.0,0.0,1000.0,0,0,0.3007,-0.021999999999999964,-0.442
31602,0.0,0.0,0.0,1000.0,0,0,0.3207,-0.021999999999999964,-0.442
31603,0.0,0.0,0.0,1000.0,0,0,0.3407,-0.021999999999999964,-0.442
31604,0.0,0.0,0.0,1000.0,0,0,0.3607,-0.021999999999999964,-0.442
31605,0.0,0.0,0.0,1000.0,0,0,0.38070000000000004,-0.021999999999999964,-0.442
31606,0.0,0.0,0.0,1000.0,0,0,0.4007,-0.021999999999999964,-0.442
31607,0.0,0.0,0.0,1000.0,0,0,0.4207,-0.021999999999999964,-0.442
31608,0.0,0.0,0.0,1000.0,0,0,0.44070000000000004,-0.021999999999999964,-0.442
31609,0.0,0.0,0.0,1000.0,0,0,0.4607,-0.021999999999999964,-0.442
31610,0.0,0.0,0.0,1000.0,0,0,0.4807,-0.021999999999999964,-0.442
31611,0.0,0.0,0.0,1000.0,0,0,0.1607,-0.0020000000000000018,-0.442
31612,0.0,0.0,0.0,1000.0,0,0,0.1807,-0.0020000000000000018,-0.442
31613,0.0,0.0,0.0,1000.0,0,0,0.20070000000000002,-0.0020000000000000018,-0.442
31614,0.0,0.0,0.0,1000.0,0,0,0.2207,-0.0020000000000000018,-0.442
31615,0.0,0.0,0.0,1000.0,0,0,0.24070000000000003,-0.0020000000000000018,-0.442
31616,0.0,0.0,0.0,1000.0,0,0,0.26070000000000004,-0.0020000000000000018,-0.442
31617,0.0,0.0,0.0,1000.0,0,0,0.2807,-0.0020000000000000018,-0.442
31618,0.0,0.0,0.0,1000.0,0,0,0.3007,-0.0020000000000000018,-0.442
31619,0.0,0.0,0.0,1000.0,0,0,0.3207,-0.0020000000000000018,-0.442
31620,0.0,0.0,0.0,1000.0,0,0,0.3407,-0.0020000000000000018,-0.442
31621,0.0,0.0,0.0,1000.0,0,0,0.3607,-0.0020000000000000018,-0.442
31622,0.0,0.0,0.0,1000.0,0,0,0.38070000000000004,-0.0020000000000000018,-0.442
31623,0.0,0.0,0.0,1000.0,0,0,0.4007,-0.0020000000000000018,-0.442
31624,0.0,0.0,0.0,1000.0,0,0,0.4207,-0.0020000000000000018,-0.442
31625,0.0,0.0,0.0,1000.0,0,0,0.44070000000000004,-0.0020000000000000018,-0.442
31626,0.0,0.0,0.0,1000.0,0,0,0.4607,-0.0020000000000000018,-0.442
31627,0.0,0.0,0.0,1000.0,0,0,0.4807,-0.0020000000000000018,-0.442
31628,0.0,0.0,0.0,1000.0,0,0,0.1607,0.018000000000000016,-0.442
31629,0.0,0.0,0.0,1000.0,0,0,0.1807,0.018000000000000016,-0.442
31630,0.0,0.0,0.0,1000.0,0,0,0.20070000000000002,0.018000000000000016,-0.442
31631,0.0,0.0,0.0,1000.0,0,0,0.2207,0.018000000000000016,-0.442
31632,0.0,0.0,0.0,1000.0,0,0,0.24070000000000003,0.018000000000000016,-0.442
31633,0.0,0.0,0.0,1000.0,0,0,0.26070000000000004,0.018000000000000016,-0.442
31634,0.0,0.0,0.0,1000.0,0,0,0.2807,0.018000000000000016,-0.442
31635,0.0,0.0,0.0,1000.0,0,0,0.3007,0.018000000000000016,-0.442
31636,0.0,0.0,0.0,1000.0,0,0,0.3207,0.018000000000000016,-0.442
31637,0.0,0.0,0.0,1000.0,0,0,0.3407,0.018000000000000016,-0.442
31638,0.0,0.0,0.0,1000.0,0,0,0.3607,0.018000000000000016,-0.442
31639,0.0,0.0,0.0,1000.0,0,0,0.38070000000000004,0.018000000000000016,-0.442
31640,0.0,0.0,0.0,1000.0,0,0,0.4007,0.018000000000000016,-0.442
31641,0.0,0.0,0.0,1000.0,0,0,0.4207,0.018000000000000016,-0.442
31642,0.0,0.0,0.0,1000.0,0,0,0.44070000000000004,0.018000000000000016,-0.442
31643,0.0,0.0,0.0,1000.0,0,0,0.4607,0.018000000000000016,-0.442
31644,0.0,0.0,0.0,1000.0,0,0,0.4807,0.018000000000000016,-0.442
31645,0.0,0.0,0.0,1000.0,0,0,0.1607,0.038000000000000034,-0.442
31646,0.0,0.0,0.0,1000.0,0,0,0.1807,0.038000000000000034,-0.442
31647,0.0,0.0,0.0,1000.0,0,0,0.20070000000000002,0.038000000000000034,-0.442
31648,0.0,0.0,0.0,1000.0,0,0,0.2207,0.038000000000000034,-0.442
31649,0.0,0.0,0.0,1000.0,0,0,0.24070000000000003,0.038000000000000034,-0.442
31650,0.0,0.0,0.0,1000.0,0,0,0.26070000000000004,0.038000000000000034,-0.442
31651,0.0,0.0,0.0,1000.0,0,0,0.2807,0.038000000000000034,-0.442
31652,0.0,0.0,0.0,1000.0,0,0,0.3007,0.038000000000000034,-0.442
31653,0.0,0.0,0.0,1000.0,0,0,0.3207,0.038000000000000034,-0.442
31654,0.0,0.0,0.0,1000.0,0,0,0.3407,0.038000000000000034,-0.442
31655,0.0,0.0,0.0,1000.0,0,0,0.3607,0.038000000000000034,-0.442
31656,0.0,0.0,0.0,1000.0,0,0,0.38070000000000004,0.038000000000000034,-0.442
31657,0.0,0.0,0.0,1000.0,0,0,0.4007,0.038000000000000034,-0.442
31658,0.0,0.0,0.0,1000.0,0,0,0.4207,0.038000000000000034,-0.442
31659,0.0,0.0,0.0,1000.0,0,0,0.44070000000000004,0.038000000000000034,-0.442
31660,0.0,0.0,0.0,1000.0,0,0,0.4607,0.038000000000000034,-0.442
31661,0.0,0.0,0.0,1000.0,0,0,0.4807,0.038000000000000034,-0.442
31662,0.0,0.0,0.0,1000.0,0,0,0.1607,0.05800000000000005,-0.442
31663,0.0,0.0,0.0,1000.0,0,0,0.1807,0.05800000000000005,-0.442
31664,0.0,0.0,0.0,1000.0,0,0,0.20070000000000002,0.05800000000000005,-0.442
31665,0.0,0.0,0.0,1000.0,0,0,0.2207,0.05800000000000005,-0.442
31666,0.0,0.0,0.0,1000.0,0,0,0.24070000000000003,0.05800000000000005,-0.442
31667,0.0,0.0,0.0,1000.0,0,0,0.26070000000000004,0.05800000000000005,-0.442
31668,0.0,0.0,0.0,1000.0,0,0,0.2807,0.05800000000000005,-0.442
31669,0.0,0.0,0.0,1000.0,0,0,0.3007,0.05800000000000005,-0.442
31670,0.0,0.0,0.0,1000.0,0,0,0.3207,0.05800000000000005,-0.442
31671,0.0,0.0,0.0,1000.0,0,0,0.3407,0.05800000000000005,-0.442
31672,0.0,0.0,0.0,1000.0,0,0,0.3607,0.05800000000000005,-0.442
31673,0.0,0.0,0.0,1000.0,0,0,0.38070000000000004,0.05800000000000005,-0.442
31674,0.0,0.0,0.0,1000.0,0,0,0.4007,0.05800000000000005,-0.442
31675,0.0,0.0,0.0,1000.0,0,0,0.4207,0.05800000000000005,-0.442
31676,0.0,0.0,0.0,1000.0,0,0,0.44070000000000004,0.05800000000000005,-0.442
31677,0.0,0.0,0.0,1000.0,0,0,0.4607,0.05800000000000005,-0.442
31678,0.0,0.0,0.0,1000.0,0,0,0.4807,0.05800000000000005,-0.442
31679,0.0,0.0,0.0,1000.0,0,0,0.1607,0.07800000000000007,-0.442
31680,0.0,0.0,0.0,1000.0,0,0,0.1807,0.07800000000000007,-0.442
31681,0.0,0.0,0.0,1000.0,0,0,0.20070000000000002,0.07800000000000007,-0.442
31682,0.0,0.0,0.0,1000.0,0,0,0.2207,0.07800000000000007,-0.442
31683,0.0,0.0,0.0,1000.0,0,0,0.24070000000000003,0.07800000000000007,-0.442
31684,0.0,0.0,0.0,1000.0,0,0,0.26070000000000004,0.07800000000000007,-0.442
31685,0.0,0.0,0.0,1000.0,0,0,0.2807,0.07800000000000007,-0.442
31686,0.0,0.0,0.0,1000.0,0,0,0.3007,0.07800000000000007,-0.442
31687,0.0,0.0,0.0,1000.0,0,0,0.3207,0.07800000000000007,-0.442
31688,0.0,0.0,0.0,1000.0,0,0,0.3407,0.07800000000000007,-0.442
31689,0.0,0.0,0.0,1000.0,0,0,0.3607,0.07800000000000007,-0.442
31690,0.0,0.0,0.0,1000.0,0,0,0.38070000000000004,0.07800000000000007,-0.442
31691,0.0,0.0,0.0,1000.0,0,0,0.4007,0.07800000000000007,-0.442
31692,0.0,0.0,0.0,1000.0,0,0,0.4207,0.07800000000000007,-0.442
31693,0.0,0.0,0.0,1000.0,0,0,0.44070000000000004,0.07800000000000007,-0.442
31694,0.0,0.0,0.0,1000.0,0,0,0.4607,0.07800000000000007,-0.442
31695,0.0,0.0,0.0,1000.0,0,0,0.4807,0.07800000000000007,-0.442
31696,0.0,0.0,0.0,1000.0,0,0,0.1607,0.09799999999999998,-0.442
31697,0.0,0.0,0.0,1000.0,0,0,0.1807,0.09799999999999998,-0.442
31698,0.0,0.0,0.0,1000.0,0,0,0.20070000000000002,0.09799999999999998,-0.442
31699,0.0,0.0,0.0,1000.0,0,0,0.2207,0.09799999999999998,-0.442
31700,0.0,0.0,0.0,1000.0,0,0,0.24070000000000003,0.09799999999999998,-0.442
31701,0.0,0.0,0.0,1000.0,0,0,0.26070000000000004,0.09799999999999998,-0.442
31702,0.0,0.0,0.0,1000.0,0,0,0.2807,0.09799999999999998,-0.442
31703,0.0,0.0,0.0,1000.0,0,0,0.3007,0.09799999999999998,-0.442
31704,0.0,0.0,0.0,1000.0,0,0,0.3207,0.09799999999999998,-0.442
31705,0.0,0.0,0.0,1000.0,0,0,0.3407,0.09799999999999998,-0.442
31706,0.0,0.0,0.0,1000.0,0,0,0.3607,0.09799999999999998,-0.442
31707,0.0,0.0,0.0,1000.0,0,0,0.38070000000000004,0.09799999999999998,-0.442
31708,0.0,0.0,0.0,1000.0,0,0,0.4007,0.09799999999999998,-0.442
31709,0.0,0.0,0.0,1000.0,0,0,0.4207,0.09799999999999998,-0.442
31710,0.0,0.0,0.0,1000.0,0,0,0.44070000000000004,0.09799999999999998,-0.442
31711,0.0,0.0,0.0,1000.0,0,0,0.4607,0.09799999999999998,-0.442
31712,0.0,0.0,0.0,1000.0,0,0,0.4807,0.09799999999999998,-0.442
31713,0.0,0.0,0.0,1000.0,0,0,0.1607,0.118,-0.442
31714,0.0,0.0,0.0,1000.0,0,0,0.1807,0.118,-0.442
31715,0.0,0.0,0.0,1000.0,0,0,0.20070000000000002,0.118,-0.442
31716,0.0,0.0,0.0,1000.0,0,0,0.2207,0.118,-0.442
31717,0.0,0.0,0.0,1000.0,0,0,0.24070000000000003,0.118,-0.442
31718,0.0,0.0,0.0,1000.0,0,0,0.26070000000000004,0.118,-0.442
31719,0.0,0.0,0.0,1000.0,0,0,0.2807,0.118,-0.442
31720,0.0,0.0,0.0,1000.0,0,0,0.3007,0.118,-0.442
31721,0.0,0.0,0.0,1000.0,0,0,0.3207,0.118,-0.442
31722,0.0,0.0,0.0,1000.0,0,0,0.3407,0.118,-0.442
31723,0.0,0.0,0.0,1000.0,0,0,0.3607,0.118,-0.442
31724,0.0,0.0,0.0,1000.0,0,0,0.38070000000000004,0.118,-0.442
31725,0.0,0.0,0.0,1000.0,0,0,0.4007,0.118,-0.442
31726,0.0,0.0,0.0,1000.0,0,0,0.4207,0.118,-0.442
31727,0.0,0.0,0.0,1000.0,0,0,0.44070000000000004,0.118,-0.442
31728,0.0,0.0,0.0,1000.0,0,0,0.4607,0.118,-0.442
31729,0.0,0.0,0.0,1000.0,0,0,0.4807,0.118,-0.442
31730,0.0,0.0,0.0,1000.0,0,0,0.1607,0.138,-0.442
31731,0.0,0.0,0.0,1000.0,0,0,0.1807,0.138,-0.442
31732,0.0,0.0,0.0,1000.0,0,0,0.20070000000000002,0.138,-0.442
31733,0.0,0.0,0.0,1000.0,0,0,0.2207,0.138,-0.442
31734,0.0,0.0,0.0,1000.0,0,0,0.24070000000000003,0.138,-0.442
31735,0.0,0.0,0.0,1000.0,0,0,0.26070000000000004,0.138,-0.442
31736,0.0,0.0,0.0,1000.0,0,0,0.2807,0.138,-0.442
31737,0.0,0.0,0.0,1000.0,0,0,0.3007,0.138,-0.442
31738,0.0,0.0,0.0,1000.0,0,0,0.3207,0.138,-0.442
31739,0.0,0.0,0.0,1000.0,0,0,0.3407,0.138,-0.442
31740,0.0,0.0,0.0,1000.0,0,0,0.3607,0.138,-0.442
31741,0.0,0.0,0.0,1000.0,0,0,0.38070000000000004,0.138,-0.442
31742,0.0,0.0,0.0,1000.0,0,0,0.4007,0.138,-0.442
31743,0.0,0.0,0.0,1000.0,0,0,0.4207,0.138,-0.442
31744,0.0,0.0,0.0,1000.0,0,0,0.44070000000000004,0.138,-0.442
31745,0.0,0.0,0.0,1000.0,0,0,0.4607,0.138,-0.442
31746,0.0,0.0,0.0,1000.0,0,0,0.4807,0.138,-0.442
31747,0.0,0.0,0.0,1000.0,0,0,0.1607,0.15800000000000003,-0.442
31748,0.0,0.0,0.0,1000.0,0,0,0.1807,0.15800000000000003,-0.442
31749,0.0,0.0,0.0,1000.0,0,0,0.20070000000000002,0.15800000000000003,-0.442
31750,0.0,0.0,0.0,1000.0,0,0,0.2207,0.15800000000000003,-0.442
31751,0.0,0.0,0.0,1000.0,0,0,0.24070000000000003,0.15800000000000003,-0.442
31752,0.0,0.0,0.0,1000.0,0,0,0.26070000000000004,0.15800000000000003,-0.442
31753,0.0,0.0,0.0,1000.0,0,0,0.2807,0.15800000000000003,-0.442
31754,0.0,0.0,0.0,1000.0,0,0,0.3007,0.15800000000000003,-0.442
31755,0.0,0.0,0.0,1000.0,0,0,0.3207,0.15800000000000003,-0.442
31756,0.0,0.0,0.0,1000.0,0,0,0.3407,0.15800000000000003,-0.442
31757,0.0,0.0,0.0,1000.0,0,0,0.3607,0.15800000000000003,-0.442
31758,0.0,0.0,0.0,1000.0,0,0,0.38070000000000004,0.15800000000000003,-0.442
31759,0.0,0.0,0.0,1000.0,0,0,0.4007,0.15800000000000003,-0.442
31760,0.0,0.0,0.0,1000.0,0,0,0.4207,0.15800000000000003,-0.442
31761,0.0,0.0,0.0,1000.0,0,0,0.44070000000000004,0.15800000000000003,-0.442
31762,0.0,0.0,0.0,1000.0,0,0,0.4607,0.15800000000000003,-0.442
31763,0.0,0.0,0.0,1000.0,0,0,0.4807,0.15800000000000003,-0.442
31764,0.0,0.0,0.0,1000.0,0,0,0.1607,0.17800000000000005,-0.442
31765,0.0,0.0,0.0,1000.0,0,0,0.1807,0.17800000000000005,-0.442
31766,0.0,0.0,0.0,1000.0,0,0,0.20070000000000002,0.17800000000000005,-0.442
31767,0.0,0.0,0.0,1000.0,0,0,0.2207,0.17800000000000005,-0.442
31768,0.0,0.0,0.0,1000.0,0,0,0.24070000000000003,0.17800000000000005,-0.442
31769,0.0,0.0,0.0,1000.0,0,0,0.26070000000000004,0.17800000000000005,-0.442
31770,0.0,0.0,0.0,1000.0,0,0,0.2807,0.17800000000000005,-0.442
31771,0.0,0.0,0.0,1000.0,0,0,0.3007,0.17800000000000005,-0.442
31772,0.0,0.0,0.0,1000.0,0,0,0.3207,0.17800000000000005,-0.442
31773,0.0,0.0,0.0,1000.0,0,0,0.3407,0.17800000000000005,-0.442
31774,0.0,0.0,0.0,1000.0,0,0,0.3607,0.17800000000000005,-0.442
31775,0.0,0.0,0.0,1000.0,0,0,0.38070000000000004,0.17800000000000005,-0.442
31776,0.0,0.0,0.0,1000.0,0,0,0.4007,0.17800000000000005,-0.442
31777,0.0,0.0,0.0,1000.0,0,0,0.4207,0.17800000000000005,-0.442
31778,0.0,0.0,0.0,1000.0,0,0,0.44070000000000004,0.17800000000000005,-0.442
31779,0.0,0.0,0.0,1000.0,0,0,0.4607,0.17800000000000005,-0.442
31780,0.0,0.0,0.0,1000.0,0,0,0.4807,0.17800000000000005,-0.442
31781,0.0,0.0,0.0,1000.0,0,0,0.1607,0.19800000000000006,-0.442
31782,0.0,0.0,0.0,1000.0,0,0,0.1807,0.19800000000000006,-0.442
31783,0.0,0.0,0.0,1000.0,0,0,0.20070000000000002,0.19800000000000006,-0.442
31784,0.0,0.0,0.0,1000.0,0,0,0.2207,0.19800000000000006,-0.442
31785,0.0,0.0,0.0,1000.0,0,0,0.24070000000000003,0.19800000000000006,-0.442
31786,0.0,0.0,0.0,1000.0,0,0,0.26070000000000004,0.19800000000000006,-0.442
31787,0.0,0.0,0.0,1000.0,0,0,0.2807,0.19800000000000006,-0.442
31788,0.0,0.0,0.0,1000.0,0,0,0.3007,0.19800000000000006,-0.442
31789,0.0,0.0,0.0,1000.0,0,0,0.3207,0.19800000000000006,-0.442
31790,0.0,0.0,0.0,1000.0,0,0,0.3407,0.19800000000000006,-0.442
31791,0.0,0.0,0.0,1000.0,0,0,0.3607,0.19800000000000006,-0.442
31792,0.0,0.0,0.0,1000.0,0,0,0.38070000000000004,0.19800000000000006,-0.442
31793,0.0,0.0,0.0,1000.0,0,0,0.4007,0.19800000000000006,-0.442
31794,0.0,0.0,0.0,1000.0,0,0,0.4207,0.19800000000000006,-0.442
31795,0.0,0.0,0.0,1000.0,0,0,0.44070000000000004,0.19800000000000006,-0.442
31796,0.0,0.0,0.0,1000.0,0,0,0.4607,0.19800000000000006,-0.442
31797,0.0,0.0,0.0,1000.0,0,0,0.4807,0.19800000000000006,-0.442
31798,0.0,0.0,0.0,1000.0,0,0,0.1607,0.21800000000000008,-0.442
31799,0.0,0.0,0.0,1000.0,0,0,0.1807,0.21800000000000008,-0.442
31800,0.0,0.0,0.0,1000.0,0,0,0.20070000000000002,0.21800000000000008,-0.442
31801,0.0,0.0,0.0,1000.0,0,0,0.2207,0.21800000000000008,-0.442
31802,0.0,0.0,0.0,1000.0,0,0,0.24070000000000003,0.21800000000000008,-0.442
31803,0.0,0.0,0.0,1000.0,0,0,0.26070000000000004,0.21800000000000008,-0.442
31804,0.0,0.0,0.0,1000.0,0,0,0.2807,0.21800000000000008,-0.442
31805,0.0,0.0,0.0,1000.0,0,0,0.3007,0.21800000000000008,-0.442
31806,0.0,0.0,0.0,1000.0,0,0,0.3207,0.21800000000000008,-0.442
31807,0.0,0.0,0.0,1000.0,0,0,0.3407,0.21800000000000008,-0.442
31808,0.0,0.0,0.0,1000.0,0,0,0.3607,0.21800000000000008,-0.442
31809,0.0,0.0,0.0,1000.0,0,0,0.38070000000000004,0.21800000000000008,-0.442
31810,0.0,0.0,0.0,1000.0,0,0,0.4007,0.21800000000000008,-0.442
31811,0.0,0.0,0.0,1000.0,0,0,0.4207,0.21800000000000008,-0.442
31812,0.0,0.0,0.0,1000.0,0,0,0.44070000000000004,0.21800000000000008,-0.442
31813,0.0,0.0,0.0,1000.0,0,0,0.4607,0.21800000000000008,-0.442
31814,0.0,0.0,0.0,1000.0,0,0,0.4807,0.21800000000000008,-0.442
31815,0.0,0.0,0.0,1000.0,0,0,0.1607,0.238,-0.442
31816,0.0,0.0,0.0,1000.0,0,0,0.1807,0.238,-0.442
31817,0.0,0.0,0.0,1000.0,0,0,0.20070000000000002,0.238,-0.442
31818,0.0,0.0,0.0,1000.0,0,0,0.2207,0.238,-0.442
31819,0.0,0.0,0.0,1000.0,0,0,0.24070000000000003,0.238,-0.442
31820,0.0,0.0,0.0,1000.0,0,0,0.26070000000000004,0.238,-0.442
31821,0.0,0.0,0.0,1000.0,0,0,0.2807,0.238,-0.442
31822,0.0,0.0,0.0,1000.0,0,0,0.3007,0.238,-0.442
31823,0.0,0.0,0.0,1000.0,0,0,0.3207,0.238,-0.442
31824,0.0,0.0,0.0,1000.0,0,0,0.3407,0.238,-0.442
31825,0.0,0.0,0.0,1000.0,0,0,0.3607,0.238,-0.442
31826,0.0,0.0,0.0,1000.0,0,0,0.38070000000000004,0.238,-0.442
31827,0.0,0.0,0.0,1000.0,0,0,0.4007,0.238,-0.442
31828,0.0,0.0,0.0,1000.0,0,0,0.4207,0.238,-0.442
31829,0.0,0.0,0.0,1000.0,0,0,0.44070000000000004,0.238,-0.442
31830,0.0,0.0,0.0,1000.0,0,0,0.4607,0.238,-0.442
31831,0.0,0.0,0.0,1000.0,0,0,0.4807,0.238,-0.442
31832,0.0,0.0,0.0,1000.0,0,0,0.1607,0.258,-0.442
31833,0.0,0.0,0.0,1000.0,0,0,0.1807,0.258,-0.442
31834,0.0,0.0,0.0,1000.0,0,0,0.20070000000000002,0.258,-0.442
31835,0.0,0.0,0.0,1000.0,0,0,0.2207,0.258,-0.442
31836,0.0,0.0,0.0,1000.0,0,0,0.24070000000000003,0.258,-0.442
31837,0.0,0.0,0.0,1000.0,0,0,0.26070000000000004,0.258,-0.442
31838,0.0,0.0,0.0,1000.0,0,0,0.2807,0.258,-0.442
31839,0.0,0.0,0.0,1000.0,0,0,0.3007,0.258,-0.442
31840,0.0,0.0,0.0,1000.0,0,0,0.3207,0.258,-0.442
31841,0.0,0.0,0.0,1000.0,0,0,0.3407,0.258,-0.442
31842,0.0,0.0,0.0,1000.0,0,0,0.3607,0.258,-0.442
31843,0.0,0.0,0.0,1000.0,0,0,0.38070000000000004,0.258,-0.442
31844,0.0,0.0,0.0,1000.0,0,0,0.4007,0.258,-0.442
31845,0.0,0.0,0.0,1000.0,0,0,0.4207,0.258,-0.442
31846,0.0,0.0,0.0,1000.0,0,0,0.44070000000000004,0.258,-0.442
31847,0.0,0.0,0.0,1000.0,0,0,0.4607,0.258,-0.442
31848,0.0,0.0,0.0,1000.0,0,0,0.4807,0.258,-0.442
31849,0.0,0.0,0.0,1000.0,0,0,0.1607,0.278,-0.442
31850,0.0,0.0,0.0,1000.0,0,0,0.1807,0.278,-0.442
31851,0.0,0.0,0.0,1000.0,0,0,0.20070000000000002,0.278,-0.442
31852,0.0,0.0,0.0,1000.0,0,0,0.2207,0.278,-0.442
31853,0.0,0.0,0.0,1000.0,0,0,0.24070000000000003,0.278,-0.442
31854,0.0,0.0,0.0,1000.0,0,0,0.26070000000000004,0.278,-0.442
31855,0.0,0.0,0.0,1000.0,0,0,0.2807,0.278,-0.442
31856,0.0,0.0,0.0,1000.0,0,0,0.3007,0.278,-0.442
31857,0.0,0.0,0.0,1000.0,0,0,0.3207,0.278,-0.442
31858,0.0,0.0,0.0,1000.0,0,0,0.3407,0.278,-0.442
31859,0.0,0.0,0.0,1000.0,0,0,0.3607,0.278,-0.442
31860,0.0,0.0,0.0,1000.0,0,0,0.38070000000000004,0.278,-0.442
31861,0.0,0.0,0.0,1000.0,0,0,0.4007,0.278,-0.442
31862,0.0,0.0,0.0,1000.0,0,0,0.4207,0.278,-0.442
31863,0.0,0.0,0.0,1000.0,0,0,0.44070000000000004,0.278,-0.442
31864,0.0,0.0,0.0,1000.0,0,0,0.4607,0.278,-0.442
31865,0.0,0.0,0.0,1000.0,0,0,0.4807,0.278,-0.442
31866,0.0,0.0,0.0,1000.0,0,0,0.1607,0.29800000000000004,-0.442
31867,0.0,0.0,0.0,1000.0,0,0,0.1807,0.29800000000000004,-0.442
31868,0.0,0.0,0.0,1000.0,0,0,0.20070000000000002,0.29800000000000004,-0.442
31869,0.0,0.0,0.0,1000.0,0,0,0.2207,0.29800000000000004,-0.442
31870,0.0,0.0,0.0,1000.0,0,0,0.24070000000000003,0.29800000000000004,-0.442
31871,0.0,0.0,0.0,1000.0,0,0,0.26070000000000004,0.29800000000000004,-0.442
31872,0.0,0.0,0.0,1000.0,0,0,0.2807,0.29800000000000004,-0.442
31873,0.0,0.0,0.0,1000.0,0,0,0.3007,0.29800000000000004,-0.442
31874,0.0,0.0,0.0,1000.0,0,0,0.3207,0.29800000000000004,-0.442
31875,0.0,0.0,0.0,1000.0,0,0,0.3407,0.29800000000000004,-0.442
31876,0.0,0.0,0.0,1000.0,0,0,0.3607,0.29800000000000004,-0.442
31877,0.0,0.0,0.0,1000.0,0,0,0.38070000000000004,0.29800000000000004,-0.442
31878,0.0,0.0,0.0,1000.0,0,0,0.4007,0.29800000000000004,-0.442
31879,0.0,0.0,0.0,1000.0,0,0,0.4207,0.29800000000000004,-0.442
31880,0.0,0.0,0.0,1000.0,0,0,0.44070000000000004,0.29800000000000004,-0.442
31881,0.0,0.0,0.0,1000.0,0,0,0.4607,0.29800000000000004,-0.442
31882,0.0,0.0,0.0,1000.0,0,0,0.4807,0.29800000000000004,-0.442
31883,0.0,0.0,0.0,1000.0,0,0,0.1607,0.31800000000000006,-0.442
31884,0.0,0.0,0.0,1000.0,0,0,0.1807,0.31800000000000006,-0.442
31885,0.0,0.0,0.0,1000.0,0,0,0.20070000000000002,0.31800000000000006,-0.442
31886,0.0,0.0,0.0,1000.0,0,0,0.2207,0.31800000000000006,-0.442
31887,0.0,0.0,0.0,1000.0,0,0,0.24070000000000003,0.31800000000000006,-0.442
31888,0.0,0.0,0.0,1000.0,0,0,0.26070000000000004,0.31800000000000006,-0.442
31889,0.0,0.0,0.0,1000.0,0,0,0.2807,0.31800000000000006,-0.442
31890,0.0,0.0,0.0,1000.0,0,0,0.3007,0.31800000000000006,-0.442
31891,0.0,0.0,0.0,1000.0,0,0,0.3207,0.31800000000000006,-0.442
31892,0.0,0.0,0.0,1000.0,0,0,0.3407,0.31800000000000006,-0.442
31893,0.0,0.0,0.0,1000.0,0,0,0.3607,0.31800000000000006,-0.442
31894,0.0,0.0,0.0,1000.0,0,0,0.38070000000000004,0.31800000000000006,-0.442
31895,0.0,0.0,0.0,1000.0,0,0,0.4007,0.31800000000000006,-0.442
31896,0.0,0.0,0.0,1000.0,0,0,0.4207,0.31800000000000006,-0.442
31897,0.0,0.0,0.0,1000.0,0,0,0.44070000000000004,0.31800000000000006,-0.442
31898,0.0,0.0,0.0,1000.0,0,0,0.4607,0.31800000000000006,-0.442
31899,0.0,0.0,0.0,1000.0,0,0,0.4807,0.31800000000000006,-0.442
31900,0.0,0.0,0.0,1000.0,0,0,0.1607,0.3380000000000001,-0.442
31901,0.0,0.0,0.0,1000.0,0,0,0.1807,0.3380000000000001,-0.442
31902,0.0,0.0,0.0,1000.0,0,0,0.20070000000000002,0.3380000000000001,-0.442
31903,0.0,0.0,0.0,1000.0,0,0,0.2207,0.3380000000000001,-0.442
31904,0.0,0.0,0.0,1000.0,0,0,0.24070000000000003,0.3380000000000001,-0.442
31905,0.0,0.0,0.0,1000.0,0,0,0.26070000000000004,0.3380000000000001,-0.442
31906,0.0,0.0,0.0,1000.0,0,0,0.2807,0.3380000000000001,-0.442
31907,0.0,0.0,0.0,1000.0,0,0,0.3007,0.3380000000000001,-0.442
31908,0.0,0.0,0.0,1000.0,0,0,0.3207,0.3380000000000001,-0.442
31909,0.0,0.0,0.0,1000.0,0,0,0.3407,0.3380000000000001,-0.442
31910,0.0,0.0,0.0,1000.0,0,0,0.3607,0.3380000000000001,-0.442
31911,0.0,0.0,0.0,1000.0,0,0,0.38070000000000004,0.3380000000000001,-0.442
31912,0.0,0.0,0.0,1000.0,0,0,0.4007,0.3380000000000001,-0.442
31913,0.0,0.0,0.0,1000.0,0,0,0.4207,0.3380000000000001,-0.442
31914,0.0,0.0,0.0,1000.0,0,0,0.44070000000000004,0.3380000000000001,-0.442
31915,0.0,0.0,0.0,1000.0,0,0,0.4607,0.3380000000000001,-0.442
31916,0.0,0.0,0.0,1000.0,0,0,0.4807,0.3380000000000001,-0.442
31917,0.0,0.0,0.0,1000.0,0,0,0.1607,0.358,-0.442
31918,0.0,0.0,0.0,1000.0,0,0,0.1807,0.358,-0.442
31919,0.0,0.0,0.0,1000.0,0,0,0.20070000000000002,0.358,-0.442
31920,0.0,0.0,0.0,1000.0,0,0,0.2207,0.358,-0.442
31921,0.0,0.0,0.0,1000.0,0,0,0.24070000000000003,0.358,-0.442
31922,0.0,0.0,0.0,1000.0,0,0,0.26070000000000004,0.358,-0.442
31923,0.0,0.0,0.0,1000.0,0,0,0.2807,0.358,-0.442
31924,0.0,0.0,0.0,1000.0,0,0,0.3007,0.358,-0.442
31925,0.0,0.0,0.0,1000.0,0,0,0.3207,0.358,-0.442
31926,0.0,0.0,0.0,1000.0,0,0,0.3407,0.358,-0.442
31927,0.0,0.0,0.0,1000.0,0,0,0.3607,0.358,-0.442
31928,0.0,0.0,0.0,1000.0,0,0,0.38070000000000004,0.358,-0.442
31929,0.0,0.0,0.0,1000.0,0,0,0.4007,0.358,-0.442
31930,0.0,0.0,0.0,1000.0,0,0,0.4207,0.358,-0.442
31931,0.0,0.0,0.0,1000.0,0,0,0.44070000000000004,0.358,-0.442
31932,0.0,0.0,0.0,1000.0,0,0,0.4607,0.358,-0.442
31933,0.0,0.0,0.0,1000.0,0,0,0.4807,0.358,-0.442
31934,0.0,0.0,0.0,1000.0,0,0,0.1607,0.378,-0.442
31935,0.0,0.0,0.0,1000.0,0,0,0.1807,0.378,-0.442
31936,0.0,0.0,0.0,1000.0,0,0,0.20070000000000002,0.378,-0.442
31937,0.0,0.0,0.0,1000.0,0,0,0.2207,0.378,-0.442
31938,0.0,0.0,0.0,1000.0,0,0,0.24070000000000003,0.378,-0.442
31939,0.0,0.0,0.0,1000.0,0,0,0.26070000000000004,0.378,-0.442
31940,0.0,0.0,0.0,1000.0,0,0,0.2807,0.378,-0.442
31941,0.0,0.0,0.0,1000.0,0,0,0.3007,0.378,-0.442
31942,0.0,0.0,0.0,1000.0,0,0,0.3207,0.378,-0.442
31943,0.0,0.0,0.0,1000.0,0,0,0.3407,0.378,-0.442
31944,0.0,0.0,0.0,1000.0,0,0,0.3607,0.378,-0.442
31945,0.0,0.0,0.0,1000.0,0,0,0.38070000000000004,0.378,-0.442
31946,0.0,0.0,0.0,1000.0,0,0,0.4007,0.378,-0.442
31947,0.0,0.0,0.0,1000.0,0,0,0.4207,0.378,-0.442
31948,0.0,0.0,0.0,1000.0,0,0,0.44070000000000004,0.378,-0.442
31949,0.0,0.0,0.0,1000.0,0,0,0.4607,0.378,-0.442
31950,0.0,0.0,0.0,1000.0,0,0,0.4807,0.378,-0.442
31951,0.0,0.0,0.0,1000.0,0,0,0.1607,0.398,-0.442
31952,0.0,0.0,0.0,1000.0,0,0,0.1807,0.398,-0.442
31953,0.0,0.0,0.0,1000.0,0,0,0.20070000000000002,0.398,-0.442
31954,0.0,0.0,0.0,1000.0,0,0,0.2207,0.398,-0.442
31955,0.0,0.0,0.0,1000.0,0,0,0.24070000000000003,0.398,-0.442
31956,0.0,0.0,0.0,1000.0,0,0,0.26070000000000004,0.398,-0.442
31957,0.0,0.0,0.0,1000.0,0,0,0.2807,0.398,-0.442
31958,0.0,0.0,0.0,1000.0,0,0,0.3007,0.398,-0.442
31959,0.0,0.0,0.0,1000.0,0,0,0.3207,0.398,-0.442
31960,0.0,0.0,0.0,1000.0,0,0,0.3407,0.398,-0.442
31961,0.0,0.0,0.0,1000.0,0,0,0.3607,0.398,-0.442
31962,0.0,0.0,0.0,1000.0,0,0,0.38070000000000004,0.398,-0.442
31963,0.0,0.0,0.0,1000.0,0,0,0.4007,0.398,-0.442
31964,0.0,0.0,0.0,1000.0,0,0,0.4207,0.398,-0.442
31965,0.0,0.0,0.0,1000.0,0,0,0.44070000000000004,0.398,-0.442
31966,0.0,0.0,0.0,1000.0,0,0,0.4607,0.398,-0.442
31967,0.0,0.0,0.0,1000.0,0,0,0.4807,0.398,-0.442
31968,0.0,0.0,0.0,1000.0,0,0,0.1607,0.41800000000000004,-0.442
31969,0.0,0.0,0.0,1000.0,0,0,0.1807,0.41800000000000004,-0.442
31970,0.0,0.0,0.0,1000.0,0,0,0.20070000000000002,0.41800000000000004,-0.442
31971,0.0,0.0,0.0,1000.0,0,0,0.2207,0.41800000000000004,-0.442
31972,0.0,0.0,0.0,1000.0,0,0,0.24070000000000003,0.41800000000000004,-0.442
31973,0.0,0.0,0.0,1000.0,0,0,0.26070000000000004,0.41800000000000004,-0.442
31974,0.0,0.0,0.0,1000.0,0,0,0.2807,0.41800000000000004,-0.442
31975,0.0,0.0,0.0,1000.0,0,0,0.3007,0.41800000000000004,-0.442
31976,0.0,0.0,0.0,1000.0,0,0,0.3207,0.41800000000000004,-0.442
31977,0.0,0.0,0.0,1000.0,0,0,0.3407,0.41800000000000004,-0.442
31978,0.0,0.0,0.0,1000.0,0,0,0.3607,0.41800000000000004,-0.442
31979,0.0,0.0,0.0,1000.0,0,0,0.38070000000000004,0.41800000000000004,-0.442
31980,0.0,0.0,0.0,1000.0,0,0,0.4007,0.41800000000000004,-0.442
31981,0.0,0.0,0.0,1000.0,0,0,0.4207,0.41800000000000004,-0.442
31982,0.0,0.0,0.0,1000.0,0,0,0.44070000000000004,0.41800000000000004,-0.442
31983,0.0,0.0,0.0,1000.0,0,0,0.4607,0.41800000000000004,-0.442
31984,0.0,0.0,0.0,1000.0,0,0,0.4807,0.41800000000000004,-0.442
31985,0.0,0.0,0.0,1000.0,0,0,0.1607,0.43800000000000006,-0.442
31986,0.0,0.0,0.0,1000.0,0,0,0.1807,0.43800000000000006,-0.442
31987,0.0,0.0,0.0,1000.0,0,0,0.20070000000000002,0.43800000000000006,-0.442
31988,0.0,0.0,0.0,1000.0,0,0,0.2207,0.43800000000000006,-0.442
31989,0.0,0.0,0.0,1000.0,0,0,0.24070000000000003,0.43800000000000006,-0.442
31990,0.0,0.0,0.0,1000.0,0,0,0.26070000000000004,0.43800000000000006,-0.442
31991,0.0,0.0,0.0,1000.0,0,0,0.2807,0.43800000000000006,-0.442
31992,0.0,0.0,0.0,1000.0,0,0,0.3007,0.43800000000000006,-0.442
31993,0.0,0.0,0.0,1000.0,0,0,0.3207,0.43800000000000006,-0.442
31994,0.0,0.0,0.0,1000.0,0,0,0.3407,0.43800000000000006,-0.442
31995,0.0,0.0,0.0,1000.0,0,0,0.3607,0.43800000000000006,-0.442
31996,0.0,0.0,0.0,1000.0,0,0,0.38070000000000004,0.43800000000000006,-0.442
31997,0.0,0.0,0.0,1000.0,0,0,0.4007,0.43800000000000006,-0.442
31998,0.0,0.0,0.0,1000.0,0,0,0.4207,0.43800000000000006,-0.442
31999,0.0,0.0,0.0,1000.0,0,0,0.44070000000000004,0.43800000000000006,-0.442
32000,0.0,0.0,0.0,1000.0,0,0,0.4607,0.43800000000000006,-0.442
32001,0.0,0.0,0.0,1000.0,0,0,0.4807,0.43800000000000006,-0.442
32002,0.0,0.0,0.0,1000.0,0,0,0.1607,0.4580000000000001,-0.442
32003,0.0,0.0,0.0,1000.0,0,0,0.1807,0.4580000000000001,-0.442
32004,0.0,0.0,0.0,1000.0,0,0,0.20070000000000002,0.4580000000000001,-0.442
32005,0.0,0.0,0.0,1000.0,0,0,0.2207,0.4580000000000001,-0.442
32006,0.0,0.0,0.0,1000.0,0,0,0.24070000000000003,0.4580000000000001,-0.442
32007,0.0,0.0,0.0,1000.0,0,0,0.26070000000000004,0.4580000000000001,-0.442
32008,0.0,0.0,0.0,1000.0,0,0,0.2807,0.4580000000000001,-0.442
32009,0.0,0.0,0.0,1000.0,0,0,0.3007,0.4580000000000001,-0.442
32010,0.0,0.0,0.0,1000.0,0,0,0.3207,0.4580000000000001,-0.442
32011,0.0,0.0,0.0,1000.0,0,0,0.3407,0.4580000000000001,-0.442
32012,0.0,0.0,0.0,1000.0,0,0,0.3607,0.4580000000000001,-0.442
32013,0.0,0.0,0.0,1000.0,0,0,0.38070000000000004,0.4580000000000001,-0.442
32014,0.0,0.0,0.0,1000.0,0,0,0.4007,0.4580000000000001,-0.442
32015,0.0,0.0,0.0,1000.0,0,0,0.4207,0.4580000000000001,-0.442
32016,0.0,0.0,0.0,1000.0,0,0,0.44070000000000004,0.4580000000000001,-0.442
32017,0.0,0.0,0.0,1000.0,0,0,0.4607,0.4580000000000001,-0.442
32018,0.0,0.0,0.0,1000.0,0,0,0.4807,0.4580000000000001,-0.442
32019,0.0,0.0,0.0,1000.0,0,0,0.1607,0.478,-0.442
32020,0.0,0.0,0.0,1000.0,0,0,0.1807,0.478,-0.442
32021,0.0,0.0,0.0,1000.0,0,0,0.20070000000000002,0.478,-0.442
32022,0.0,0.0,0.0,1000.0,0,0,0.2207,0.478,-0.442
32023,0.0,0.0,0.0,1000.0,0,0,0.24070000000000003,0.478,-0.442
32024,0.0,0.0,0.0,1000.0,0,0,0.26070000000000004,0.478,-0.442
32025,0.0,0.0,0.0,1000.0,0,0,0.2807,0.478,-0.442
32026,0.0,0.0,0.0,1000.0,0,0,0.3007,0.478,-0.442
32027,0.0,0.0,0.0,1000.0,0,0,0.3207,0.478,-0.442
32028,0.0,0.0,0.0,1000.0,0,0,0.3407,0.478,-0.442
32029,0.0,0.0,0.0,1000.0,0,0,0.3607,0.478,-0.442
32030,0.0,0.0,0.0,1000.0,0,0,0.38070000000000004,0.478,-0.442
32031,0.0,0.0,0.0,1000.0,0,0,0.4007,0.478,-0.442
32032,0.0,0.0,0.0,1000.0,0,0,0.4207,0.478,-0.442
32033,0.0,0.0,0.0,1000.0,0,0,0.44070000000000004,0.478,-0.442
32034,0.0,0.0,0.0,1000.0,0,0,0.4607,0.478,-0.442
32035,0.0,0.0,0.0,1000.0,0,0,0.4807,0.478,-0.442
32036,0.0,0.0,0.0,1000.0,0,0,0.1607,-0.482,-0.422
32037,0.0,0.0,0.0,1000.0,0,0,0.1807,-0.482,-0.422
32038,0.0,0.0,0.0,1000.0,0,0,0.20070000000000002,-0.482,-0.422
32039,0.0,0.0,0.0,1000.0,0,0,0.2207,-0.482,-0.422
32040,0.0,0.0,0.0,1000.0,0,0,0.24070000000000003,-0.482,-0.422
32041,0.0,0.0,0.0,1000.0,0,0,0.26070000000000004,-0.482,-0.422
32042,0.0,0.0,0.0,1000.0,0,0,0.2807,-0.482,-0.422
32043,0.0,0.0,0.0,1000.0,0,0,0.3007,-0.482,-0.422
32044,0.0,0.0,0.0,1000.0,0,0,0.3207,-0.482,-0.422
32045,0.0,0.0,0.0,1000.0,0,0,0.3407,-0.482,-0.422
32046,0.0,0.0,0.0,1000.0,0,0,0.3607,-0.482,-0.422
32047,0.0,0.0,0.0,1000.0,0,0,0.38070000000000004,-0.482,-0.422
32048,0.0,0.0,0.0,1000.0,0,0,0.4007,-0.482,-0.422
32049,0.0,0.0,0.0,1000.0,0,0,0.4207,-0.482,-0.422
32050,0.0,0.0,0.0,1000.0,0,0,0.44070000000000004,-0.482,-0.422
32051,0.0,0.0,0.0,1000.0,0,0,0.4607,-0.482,-0.422
32052,0.0,0.0,0.0,1000.0,0,0,0.4807,-0.482,-0.422
32053,0.0,0.0,0.0,1000.0,0,0,0.1607,-0.46199999999999997,-0.422
32054,0.0,0.0,0.0,1000.0,0,0,0.1807,-0.46199999999999997,-0.422
32055,0.0,0.0,0.0,1000.0,0,0,0.20070000000000002,-0.46199999999999997,-0.422
32056,0.0,0.0,0.0,1000.0,0,0,0.2207,-0.46199999999999997,-0.422
32057,0.0,0.0,0.0,1000.0,0,0,0.24070000000000003,-0.46199999999999997,-0.422
32058,0.0,0.0,0.0,1000.0,0,0,0.26070000000000004,-0.46199999999999997,-0.422
32059,0.0,0.0,0.0,1000.0,0,0,0.2807,-0.46199999999999997,-0.422
32060,0.0,0.0,0.0,1000.0,0,0,0.3007,-0.46199999999999997,-0.422
32061,0.0,0.0,0.0,1000.0,0,0,0.3207,-0.46199999999999997,-0.422
32062,0.0,0.0,0.0,1000.0,0,0,0.3407,-0.46199999999999997,-0.422
32063,0.0,0.0,0.0,1000.0,0,0,0.3607,-0.46199999999999997,-0.422
32064,0.0,0.0,0.0,1000.0,0,0,0.38070000000000004,-0.46199999999999997,-0.422
32065,0.0,0.0,0.0,1000.0,0,0,0.4007,-0.46199999999999997,-0.422
32066,0.0,0.0,0.0,1000.0,0,0,0.4207,-0.46199999999999997,-0.422
32067,0.0,0.0,0.0,1000.0,0,0,0.44070000000000004,-0.46199999999999997,-0.422
32068,0.0,0.0,0.0,1000.0,0,0,0.4607,-0.46199999999999997,-0.422
32069,0.0,0.0,0.0,1000.0,0,0,0.4807,-0.46199999999999997,-0.422
32070,0.0,0.0,0.0,1000.0,0,0,0.1607,-0.442,-0.422
32071,0.0,0.0,0.0,1000.0,0,0,0.1807,-0.442,-0.422
32072,0.0,0.0,0.0,1000.0,0,0,0.20070000000000002,-0.442,-0.422
32073,0.0,0.0,0.0,1000.0,0,0,0.2207,-0.442,-0.422
32074,0.0,0.0,0.0,1000.0,0,0,0.24070000000000003,-0.442,-0.422
32075,0.0,0.0,0.0,1000.0,0,0,0.26070000000000004,-0.442,-0.422
32076,0.0,0.0,0.0,1000.0,0,0,0.2807,-0.442,-0.422
32077,0.0,0.0,0.0,1000.0,0,0,0.3007,-0.442,-0.422
32078,0.0,0.0,0.0,1000.0,0,0,0.3207,-0.442,-0.422
32079,0.0,0.0,0.0,1000.0,0,0,0.3407,-0.442,-0.422
32080,0.0,0.0,0.0,1000.0,0,0,0.3607,-0.442,-0.422
32081,0.0,0.0,0.0,1000.0,0,0,0.38070000000000004,-0.442,-0.422
32082,0.0,0.0,0.0,1000.0,0,0,0.4007,-0.442,-0.422
32083,0.0,0.0,0.0,1000.0,0,0,0.4207,-0.442,-0.422
32084,0.0,0.0,0.0,1000.0,0,0,0.44070000000000004,-0.442,-0.422
32085,0.0,0.0,0.0,1000.0,0,0,0.4607,-0.442,-0.422
32086,0.0,0.0,0.0,1000.0,0,0,0.4807,-0.442,-0.422
32087,0.0,0.0,0.0,1000.0,0,0,0.1607,-0.422,-0.422
32088,0.0,0.0,0.0,1000.0,0,0,0.1807,-0.422,-0.422
32089,0.0,0.0,0.0,1000.0,0,0,0.20070000000000002,-0.422,-0.422
32090,0.0,0.0,0.0,1000.0,0,0,0.2207,-0.422,-0.422
32091,0.0,0.0,0.0,1000.0,0,0,0.24070000000000003,-0.422,-0.422
32092,0.0,0.0,0.0,1000.0,0,0,0.26070000000000004,-0.422,-0.422
32093,0.0,0.0,0.0,1000.0,0,0,0.2807,-0.422,-0.422
32094,0.0,0.0,0.0,1000.0,0,0,0.3007,-0.422,-0.422
32095,0.0,0.0,0.0,1000.0,0,0,0.3207,-0.422,-0.422
32096,0.0,0.0,0.0,1000.0,0,0,0.3407,-0.422,-0.422
32097,0.0,0.0,0.0,1000.0,0,0,0.3607,-0.422,-0.422
32098,0.0,0.0,0.0,1000.0,0,0,0.38070000000000004,-0.422,-0.422
32099,0.0,0.0,0.0,1000.0,0,0,0.4007,-0.422,-0.422
32100,0.0,0.0,0.0,1000.0,0,0,0.4207,-0.422,-0.422
32101,0.0,0.0,0.0,1000.0,0,0,0.44070000000000004,-0.422,-0.422
32102,0.0,0.0,0.0,1000.0,0,0,0.4607,-0.422,-0.422
32103,0.0,0.0,0.0,1000.0,0,0,0.4807,-0.422,-0.422
32104,0.0,0.0,0.0,1000.0,0,0,0.1607,-0.40199999999999997,-0.422
32105,0.0,0.0,0.0,1000.0,0,0,0.1807,-0.40199999999999997,-0.422
32106,0.0,0.0,0.0,1000.0,0,0,0.20070000000000002,-0.40199999999999997,-0.422
32107,0.0,0.0,0.0,1000.0,0,0,0.2207,-0.40199999999999997,-0.422
32108,0.0,0.0,0.0,1000.0,0,0,0.24070000000000003,-0.40199999999999997,-0.422
32109,0.0,0.0,0.0,1000.0,0,0,0.26070000000000004,-0.40199999999999997,-0.422
32110,0.0,0.0,0.0,1000.0,0,0,0.2807,-0.40199999999999997,-0.422
32111,0.0,0.0,0.0,1000.0,0,0,0.3007,-0.40199999999999997,-0.422
32112,0.0,0.0,0.0,1000.0,0,0,0.3207,-0.40199999999999997,-0.422
32113,0.0,0.0,0.0,1000.0,0,0,0.3407,-0.40199999999999997,-0.422
32114,0.0,0.0,0.0,1000.0,0,0,0.3607,-0.40199999999999997,-0.422
32115,0.0,0.0,0.0,1000.0,0,0,0.38070000000000004,-0.40199999999999997,-0.422
32116,0.0,0.0,0.0,1000.0,0,0,0.4007,-0.40199999999999997,-0.422
32117,0.0,0.0,0.0,1000.0,0,0,0.4207,-0.40199999999999997,-0.422
32118,0.0,0.0,0.0,1000.0,0,0,0.44070000000000004,-0.40199999999999997,-0.422
32119,0.0,0.0,0.0,1000.0,0,0,0.4607,-0.40199999999999997,-0.422
32120,0.0,0.0,0.0,1000.0,0,0,0.4807,-0.40199999999999997,-0.422
32121,0.0,0.0,0.0,1000.0,0,0,0.1607,-0.382,-0.422
32122,0.0,0.0,0.0,1000.0,0,0,0.1807,-0.382,-0.422
32123,0.0,0.0,0.0,1000.0,0,0,0.20070000000000002,-0.382,-0.422
32124,0.0,0.0,0.0,1000.0,0,0,0.2207,-0.382,-0.422
32125,0.0,0.0,0.0,1000.0,0,0,0.24070000000000003,-0.382,-0.422
32126,0.0,0.0,0.0,1000.0,0,0,0.26070000000000004,-0.382,-0.422
32127,0.0,0.0,0.0,1000.0,0,0,0.2807,-0.382,-0.422
32128,0.0,0.0,0.0,1000.0,0,0,0.3007,-0.382,-0.422
32129,0.0,0.0,0.0,1000.0,0,0,0.3207,-0.382,-0.422
32130,0.0,0.0,0.0,1000.0,0,0,0.3407,-0.382,-0.422
32131,0.0,0.0,0.0,1000.0,0,0,0.3607,-0.382,-0.422
32132,0.0,0.0,0.0,1000.0,0,0,0.38070000000000004,-0.382,-0.422
32133,0.0,0.0,0.0,1000.0,0,0,0.4007,-0.382,-0.422
32134,0.0,0.0,0.0,1000.0,0,0,0.4207,-0.382,-0.422
32135,0.0,0.0,0.0,1000.0,0,0,0.44070000000000004,-0.382,-0.422
32136,0.0,0.0,0.0,1000.0,0,0,0.4607,-0.382,-0.422
32137,0.0,0.0,0.0,1000.0,0,0,0.4807,-0.382,-0.422
32138,0.0,0.0,0.0,1000.0,0,0,0.1607,-0.362,-0.422
32139,0.0,0.0,0.0,1000.0,0,0,0.1807,-0.362,-0.422
32140,0.0,0.0,0.0,1000.0,0,0,0.20070000000000002,-0.362,-0.422
32141,0.0,0.0,0.0,1000.0,0,0,0.2207,-0.362,-0.422
32142,0.0,0.0,0.0,1000.0,0,0,0.24070000000000003,-0.362,-0.422
32143,0.0,0.0,0.0,1000.0,0,0,0.26070000000000004,-0.362,-0.422
32144,0.0,0.0,0.0,1000.0,0,0,0.2807,-0.362,-0.422
32145,0.0,0.0,0.0,1000.0,0,0,0.3007,-0.362,-0.422
32146,0.0,0.0,0.0,1000.0,0,0,0.3207,-0.362,-0.422
32147,0.0,0.0,0.0,1000.0,0,0,0.3407,-0.362,-0.422
32148,0.0,0.0,0.0,1000.0,0,0,0.3607,-0.362,-0.422
32149,0.0,0.0,0.0,1000.0,0,0,0.38070000000000004,-0.362,-0.422
32150,0.0,0.0,0.0,1000.0,0,0,0.4007,-0.362,-0.422
32151,0.0,0.0,0.0,1000.0,0,0,0.4207,-0.362,-0.422
32152,0.0,0.0,0.0,1000.0,0,0,0.44070000000000004,-0.362,-0.422
32153,0.0,0.0,0.0,1000.0,0,0,0.4607,-0.362,-0.422
32154,0.0,0.0,0.0,1000.0,0,0,0.4807,-0.362,-0.422
32155,0.0,0.0,0.0,1000.0,0,0,0.1607,-0.34199999999999997,-0.422
32156,0.0,0.0,0.0,1000.0,0,0,0.1807,-0.34199999999999997,-0.422
32157,0.0,0.0,0.0,1000.0,0,0,0.20070000000000002,-0.34199999999999997,-0.422
32158,0.0,0.0,0.0,1000.0,0,0,0.2207,-0.34199999999999997,-0.422
32159,0.0,0.0,0.0,1000.0,0,0,0.24070000000000003,-0.34199999999999997,-0.422
32160,0.0,0.0,0.0,1000.0,0,0,0.26070000000000004,-0.34199999999999997,-0.422
32161,0.0,0.0,0.0,1000.0,0,0,0.2807,-0.34199999999999997,-0.422
32162,0.0,0.0,0.0,1000.0,0,0,0.3007,-0.34199999999999997,-0.422
32163,0.0,0.0,0.0,1000.0,0,0,0.3207,-0.34199999999999997,-0.422
32164,0.0,0.0,0.0,1000.0,0,0,0.3407,-0.34199999999999997,-0.422
32165,0.0,0.0,0.0,1000.0,0,0,0.3607,-0.34199999999999997,-0.422
32166,0.0,0.0,0.0,1000.0,0,0,0.38070000000000004,-0.34199999999999997,-0.422
32167,0.0,0.0,0.0,1000.0,0,0,0.4007,-0.34199999999999997,-0.422
32168,0.0,0.0,0.0,1000.0,0,0,0.4207,-0.34199999999999997,-0.422
32169,0.0,0.0,0.0,1000.0,0,0,0.44070000000000004,-0.34199999999999997,-0.422
32170,0.0,0.0,0.0,1000.0,0,0,0.4607,-0.34199999999999997,-0.422
32171,0.0,0.0,0.0,1000.0,0,0,0.4807,-0.34199999999999997,-0.422
32172,0.0,0.0,0.0,1000.0,0,0,0.1607,-0.32199999999999995,-0.422
32173,0.0,0.0,0.0,1000.0,0,0,0.1807,-0.32199999999999995,-0.422
32174,0.0,0.0,0.0,1000.0,0,0,0.20070000000000002,-0.32199999999999995,-0.422
32175,0.0,0.0,0.0,1000.0,0,0,0.2207,-0.32199999999999995,-0.422
32176,0.0,0.0,0.0,1000.0,0,0,0.24070000000000003,-0.32199999999999995,-0.422
32177,0.0,0.0,0.0,1000.0,0,0,0.26070000000000004,-0.32199999999999995,-0.422
32178,0.0,0.0,0.0,1000.0,0,0,0.2807,-0.32199999999999995,-0.422
32179,0.0,0.0,0.0,1000.0,0,0,0.3007,-0.32199999999999995,-0.422
32180,0.0,0.0,0.0,1000.0,0,0,0.3207,-0.32199999999999995,-0.422
32181,0.0,0.0,0.0,1000.0,0,0,0.3407,-0.32199999999999995,-0.422
32182,0.0,0.0,0.0,1000.0,0,0,0.3607,-0.32199999999999995,-0.422
32183,0.0,0.0,0.0,1000.0,0,0,0.38070000000000004,-0.32199999999999995,-0.422
32184,0.0,0.0,0.0,1000.0,0,0,0.4007,-0.32199999999999995,-0.422
32185,0.0,0.0,0.0,1000.0,0,0,0.4207,-0.32199999999999995,-0.422
32186,0.0,0.0,0.0,1000.0,0,0,0.44070000000000004,-0.32199999999999995,-0.422
32187,0.0,0.0,0.0,1000.0,0,0,0.4607,-0.32199999999999995,-0.422
32188,0.0,0.0,0.0,1000.0,0,0,0.4807,-0.32199999999999995,-0.422
32189,0.0,0.0,0.0,1000.0,0,0,0.1607,-0.302,-0.422
32190,0.0,0.0,0.0,1000.0,0,0,0.1807,-0.302,-0.422
32191,0.0,0.0,0.0,1000.0,0,0,0.20070000000000002,-0.302,-0.422
32192,0.0,0.0,0.0,1000.0,0,0,0.2207,-0.302,-0.422
32193,0.0,0.0,0.0,1000.0,0,0,0.24070000000000003,-0.302,-0.422
32194,0.0,0.0,0.0,1000.0,0,0,0.26070000000000004,-0.302,-0.422
32195,0.0,0.0,0.0,1000.0,0,0,0.2807,-0.302,-0.422
32196,0.0,0.0,0.0,1000.0,0,0,0.3007,-0.302,-0.422
32197,0.0,0.0,0.0,1000.0,0,0,0.3207,-0.302,-0.422
32198,0.0,0.0,0.0,1000.0,0,0,0.3407,-0.302,-0.422
32199,0.0,0.0,0.0,1000.0,0,0,0.3607,-0.302,-0.422
32200,0.0,0.0,0.0,1000.0,0,0,0.38070000000000004,-0.302,-0.422
32201,0.0,0.0,0.0,1000.0,0,0,0.4007,-0.302,-0.422
32202,0.0,0.0,0.0,1000.0,0,0,0.4207,-0.302,-0.422
32203,0.0,0.0,0.0,1000.0,0,0,0.44070000000000004,-0.302,-0.422
32204,0.0,0.0,0.0,1000.0,0,0,0.4607,-0.302,-0.422
32205,0.0,0.0,0.0,1000.0,0,0,0.4807,-0.302,-0.422
32206,0.0,0.0,0.0,1000.0,0,0,0.1607,-0.282,-0.422
32207,0.0,0.0,0.0,1000.0,0,0,0.1807,-0.282,-0.422
32208,0.0,0.0,0.0,1000.0,0,0,0.20070000000000002,-0.282,-0.422
32209,0.0,0.0,0.0,1000.0,0,0,0.2207,-0.282,-0.422
32210,0.0,0.0,0.0,1000.0,0,0,0.24070000000000003,-0.282,-0.422
32211,0.0,0.0,0.0,1000.0,0,0,0.26070000000000004,-0.282,-0.422
32212,0.0,0.0,0.0,1000.0,0,0,0.2807,-0.282,-0.422
32213,0.0,0.0,0.0,1000.0,0,0,0.3007,-0.282,-0.422
32214,0.0,0.0,0.0,1000.0,0,0,0.3207,-0.282,-0.422
32215,0.0,0.0,0.0,1000.0,0,0,0.3407,-0.282,-0.422
32216,0.0,0.0,0.0,1000.0,0,0,0.3607,-0.282,-0.422
32217,0.0,0.0,0.0,1000.0,0,0,0.38070000000000004,-0.282,-0.422
32218,0.0,0.0,0.0,1000.0,0,0,0.4007,-0.282,-0.422
32219,0.0,0.0,0.0,1000.0,0,0,0.4207,-0.282,-0.422
32220,0.0,0.0,0.0,1000.0,0,0,0.44070000000000004,-0.282,-0.422
32221,0.0,0.0,0.0,1000.0,0,0,0.4607,-0.282,-0.422
32222,0.0,0.0,0.0,1000.0,0,0,0.4807,-0.282,-0.422
32223,0.0,0.0,0.0,1000.0,0,0,0.1607,-0.262,-0.422
32224,0.0,0.0,0.0,1000.0,0,0,0.1807,-0.262,-0.422
32225,0.0,0.0,0.0,1000.0,0,0,0.20070000000000002,-0.262,-0.422
32226,0.0,0.0,0.0,1000.0,0,0,0.2207,-0.262,-0.422
32227,0.0,0.0,0.0,1000.0,0,0,0.24070000000000003,-0.262,-0.422
32228,0.0,0.0,0.0,1000.0,0,0,0.26070000000000004,-0.262,-0.422
32229,0.0,0.0,0.0,1000.0,0,0,0.2807,-0.262,-0.422
32230,0.0,0.0,0.0,1000.0,0,0,0.3007,-0.262,-0.422
32231,0.0,0.0,0.0,1000.0,0,0,0.3207,-0.262,-0.422
32232,0.0,0.0,0.0,1000.0,0,0,0.3407,-0.262,-0.422
32233,0.0,0.0,0.0,1000.0,0,0,0.3607,-0.262,-0.422
32234,0.0,0.0,0.0,1000.0,0,0,0.38070000000000004,-0.262,-0.422
32235,0.0,0.0,0.0,1000.0,0,0,0.4007,-0.262,-0.422
32236,0.0,0.0,0.0,1000.0,0,0,0.4207,-0.262,-0.422
32237,0.0,0.0,0.0,1000.0,0,0,0.44070000000000004,-0.262,-0.422
32238,0.0,0.0,0.0,1000.0,0,0,0.4607,-0.262,-0.422
32239,0.0,0.0,0.0,1000.0,0,0,0.4807,-0.262,-0.422
32240,0.0,0.0,0.0,1000.0,0,0,0.1607,-0.242,-0.422
32241,0.0,0.0,0.0,1000.0,0,0,0.1807,-0.242,-0.422
32242,0.0,0.0,0.0,1000.0,0,0,0.20070000000000002,-0.242,-0.422
32243,0.0,0.0,0.0,1000.0,0,0,0.2207,-0.242,-0.422
32244,0.0,0.0,0.0,1000.0,0,0,0.24070000000000003,-0.242,-0.422
32245,0.0,0.0,0.0,1000.0,0,0,0.26070000000000004,-0.242,-0.422
32246,0.0,0.0,0.0,1000.0,0,0,0.2807,-0.242,-0.422
32247,0.0,0.0,0.0,1000.0,0,0,0.3007,-0.242,-0.422
32248,0.0,0.0,0.0,1000.0,0,0,0.3207,-0.242,-0.422
32249,0.0,0.0,0.0,1000.0,0,0,0.3407,-0.242,-0.422
32250,0.0,0.0,0.0,1000.0,0,0,0.3607,-0.242,-0.422
32251,0.0,0.0,0.0,1000.0,0,0,0.38070000000000004,-0.242,-0.422
32252,0.0,0.0,0.0,1000.0,0,0,0.4007,-0.242,-0.422
32253,0.0,0.0,0.0,1000.0,0,0,0.4207,-0.242,-0.422
32254,0.0,0.0,0.0,1000.0,0,0,0.44070000000000004,-0.242,-0.422
32255,0.0,0.0,0.0,1000.0,0,0,0.4607,-0.242,-0.422
32256,0.0,0.0,0.0,1000.0,0,0,0.4807,-0.242,-0.422
32257,0.0,0.0,0.0,1000.0,0,0,0.1607,-0.22199999999999998,-0.422
32258,0.0,0.0,0.0,1000.0,0,0,0.1807,-0.22199999999999998,-0.422
32259,0.0,0.0,0.0,1000.0,0,0,0.20070000000000002,-0.22199999999999998,-0.422
32260,0.0,0.0,0.0,1000.0,0,0,0.2207,-0.22199999999999998,-0.422
32261,0.0,0.0,0.0,1000.0,0,0,0.24070000000000003,-0.22199999999999998,-0.422
32262,0.0,0.0,0.0,1000.0,0,0,0.26070000000000004,-0.22199999999999998,-0.422
32263,0.0,0.0,0.0,1000.0,0,0,0.2807,-0.22199999999999998,-0.422
32264,0.0,0.0,0.0,1000.0,0,0,0.3007,-0.22199999999999998,-0.422
32265,0.0,0.0,0.0,1000.0,0,0,0.3207,-0.22199999999999998,-0.422
32266,0.0,0.0,0.0,1000.0,0,0,0.3407,-0.22199999999999998,-0.422
32267,0.0,0.0,0.0,1000.0,0,0,0.3607,-0.22199999999999998,-0.422
32268,0.0,0.0,0.0,1000.0,0,0,0.38070000000000004,-0.22199999999999998,-0.422
32269,0.0,0.0,0.0,1000.0,0,0,0.4007,-0.22199999999999998,-0.422
32270,0.0,0.0,0.0,1000.0,0,0,0.4207,-0.22199999999999998,-0.422
32271,0.0,0.0,0.0,1000.0,0,0,0.44070000000000004,-0.22199999999999998,-0.422
32272,0.0,0.0,0.0,1000.0,0,0,0.4607,-0.22199999999999998,-0.422
32273,0.0,0.0,0.0,1000.0,0,0,0.4807,-0.22199999999999998,-0.422
32274,0.0,0.0,0.0,1000.0,0,0,0.1607,-0.20199999999999996,-0.422
32275,0.0,0.0,0.0,1000.0,0,0,0.1807,-0.20199999999999996,-0.422
32276,0.0,0.0,0.0,1000.0,0,0,0.20070000000000002,-0.20199999999999996,-0.422
32277,0.0,0.0,0.0,1000.0,0,0,0.2207,-0.20199999999999996,-0.422
32278,0.0,0.0,0.0,1000.0,0,0,0.24070000000000003,-0.20199999999999996,-0.422
32279,0.0,0.0,0.0,1000.0,0,0,0.26070000000000004,-0.20199999999999996,-0.422
32280,0.0,0.0,0.0,1000.0,0,0,0.2807,-0.20199999999999996,-0.422
32281,0.0,0.0,0.0,1000.0,0,0,0.3007,-0.20199999999999996,-0.422
32282,0.0,0.0,0.0,1000.0,0,0,0.3207,-0.20199999999999996,-0.422
32283,0.0,0.0,0.0,1000.0,0,0,0.3407,-0.20199999999999996,-0.422
32284,0.0,0.0,0.0,1000.0,0,0,0.3607,-0.20199999999999996,-0.422
32285,0.0,0.0,0.0,1000.0,0,0,0.38070000000000004,-0.20199999999999996,-0.422
32286,0.0,0.0,0.0,1000.0,0,0,0.4007,-0.20199999999999996,-0.422
32287,0.0,0.0,0.0,1000.0,0,0,0.4207,-0.20199999999999996,-0.422
32288,0.0,0.0,0.0,1000.0,0,0,0.44070000000000004,-0.20199999999999996,-0.422
32289,0.0,0.0,0.0,1000.0,0,0,0.4607,-0.20199999999999996,-0.422
32290,0.0,0.0,0.0,1000.0,0,0,0.4807,-0.20199999999999996,-0.422
32291,0.0,0.0,0.0,1000.0,0,0,0.1607,-0.182,-0.422
32292,0.0,0.0,0.0,1000.0,0,0,0.1807,-0.182,-0.422
32293,0.0,0.0,0.0,1000.0,0,0,0.20070000000000002,-0.182,-0.422
32294,0.0,0.0,0.0,1000.0,0,0,0.2207,-0.182,-0.422
32295,0.0,0.0,0.0,1000.0,0,0,0.24070000000000003,-0.182,-0.422
32296,0.0,0.0,0.0,1000.0,0,0,0.26070000000000004,-0.182,-0.422
32297,0.0,0.0,0.0,1000.0,0,0,0.2807,-0.182,-0.422
32298,0.0,0.0,0.0,1000.0,0,0,0.3007,-0.182,-0.422
32299,0.0,0.0,0.0,1000.0,0,0,0.3207,-0.182,-0.422
32300,0.0,0.0,0.0,1000.0,0,0,0.3407,-0.182,-0.422
32301,0.0,0.0,0.0,1000.0,0,0,0.3607,-0.182,-0.422
32302,0.0,0.0,0.0,1000.0,0,0,0.38070000000000004,-0.182,-0.422
32303,0.0,0.0,0.0,1000.0,0,0,0.4007,-0.182,-0.422
32304,0.0,0.0,0.0,1000.0,0,0,0.4207,-0.182,-0.422
32305,0.0,0.0,0.0,1000.0,0,0,0.44070000000000004,-0.182,-0.422
32306,0.0,0.0,0.0,1000.0,0,0,0.4607,-0.182,-0.422
32307,0.0,0.0,0.0,1000.0,0,0,0.4807,-0.182,-0.422
32308,0.0,0.0,0.0,1000.0,0,0,0.1607,-0.16199999999999998,-0.422
32309,0.0,0.0,0.0,1000.0,0,0,0.1807,-0.16199999999999998,-0.422
32310,0.0,0.0,0.0,1000.0,0,0,0.20070000000000002,-0.16199999999999998,-0.422
32311,0.0,0.0,0.0,1000.0,0,0,0.2207,-0.16199999999999998,-0.422
32312,0.0,0.0,0.0,1000.0,0,0,0.24070000000000003,-0.16199999999999998,-0.422
32313,0.0,0.0,0.0,1000.0,0,0,0.26070000000000004,-0.16199999999999998,-0.422
32314,0.0,0.0,0.0,1000.0,0,0,0.2807,-0.16199999999999998,-0.422
32315,0.0,0.0,0.0,1000.0,0,0,0.3007,-0.16199999999999998,-0.422
32316,0.0,0.0,0.0,1000.0,0,0,0.3207,-0.16199999999999998,-0.422
32317,0.0,0.0,0.0,1000.0,0,0,0.3407,-0.16199999999999998,-0.422
32318,0.0,0.0,0.0,1000.0,0,0,0.3607,-0.16199999999999998,-0.422
32319,0.0,0.0,0.0,1000.0,0,0,0.38070000000000004,-0.16199999999999998,-0.422
32320,0.0,0.0,0.0,1000.0,0,0,0.4007,-0.16199999999999998,-0.422
32321,0.0,0.0,0.0,1000.0,0,0,0.4207,-0.16199999999999998,-0.422
32322,0.0,0.0,0.0,1000.0,0,0,0.44070000000000004,-0.16199999999999998,-0.422
32323,0.0,0.0,0.0,1000.0,0,0,0.4607,-0.16199999999999998,-0.422
32324,0.0,0.0,0.0,1000.0,0,0,0.4807,-0.16199999999999998,-0.422
32325,0.0,0.0,0.0,1000.0,0,0,0.1607,-0.14199999999999996,-0.422
32326,0.0,0.0,0.0,1000.0,0,0,0.1807,-0.14199999999999996,-0.422
32327,0.0,0.0,0.0,1000.0,0,0,0.20070000000000002,-0.14199999999999996,-0.422
32328,0.0,0.0,0.0,1000.0,0,0,0.2207,-0.14199999999999996,-0.422
32329,0.0,0.0,0.0,1000.0,0,0,0.24070000000000003,-0.14199999999999996,-0.422
32330,0.0,0.0,0.0,1000.0,0,0,0.26070000000000004,-0.14199999999999996,-0.422
32331,0.0,0.0,0.0,1000.0,0,0,0.2807,-0.14199999999999996,-0.422
32332,0.0,0.0,0.0,1000.0,0,0,0.3007,-0.14199999999999996,-0.422
32333,0.0,0.0,0.0,1000.0,0,0,0.3207,-0.14199999999999996,-0.422
32334,0.0,0.0,0.0,1000.0,0,0,0.3407,-0.14199999999999996,-0.422
32335,0.0,0.0,0.0,1000.0,0,0,0.3607,-0.14199999999999996,-0.422
32336,0.0,0.0,0.0,1000.0,0,0,0.38070000000000004,-0.14199999999999996,-0.422
32337,0.0,0.0,0.0,1000.0,0,0,0.4007,-0.14199999999999996,-0.422
32338,0.0,0.0,0.0,1000.0,0,0,0.4207,-0.14199999999999996,-0.422
32339,0.0,0.0,0.0,1000.0,0,0,0.44070000000000004,-0.14199999999999996,-0.422
32340,0.0,0.0,0.0,1000.0,0,0,0.4607,-0.14199999999999996,-0.422
32341,0.0,0.0,0.0,1000.0,0,0,0.4807,-0.14199999999999996,-0.422
32342,0.0,0.0,0.0,1000.0,0,0,0.1607,-0.122,-0.422
32343,0.0,0.0,0.0,1000.0,0,0,0.1807,-0.122,-0.422
32344,0.0,0.0,0.0,1000.0,0,0,0.20070000000000002,-0.122,-0.422
32345,0.0,0.0,0.0,1000.0,0,0,0.2207,-0.122,-0.422
32346,0.0,0.0,0.0,1000.0,0,0,0.24070000000000003,-0.122,-0.422
32347,0.0,0.0,0.0,1000.0,0,0,0.26070000000000004,-0.122,-0.422
32348,0.0,0.0,0.0,1000.0,0,0,0.2807,-0.122,-0.422
32349,0.0,0.0,0.0,1000.0,0,0,0.3007,-0.122,-0.422
32350,0.0,0.0,0.0,1000.0,0,0,0.3207,-0.122,-0.422
32351,0.0,0.0,0.0,1000.0,0,0,0.3407,-0.122,-0.422
32352,0.0,0.0,0.0,1000.0,0,0,0.3607,-0.122,-0.422
32353,0.0,0.0,0.0,1000.0,0,0,0.38070000000000004,-0.122,-0.422
32354,0.0,0.0,0.0,1000.0,0,0,0.4007,-0.122,-0.422
32355,0.0,0.0,0.0,1000.0,0,0,0.4207,-0.122,-0.422
32356,0.0,0.0,0.0,1000.0,0,0,0.44070000000000004,-0.122,-0.422
32357,0.0,0.0,0.0,1000.0,0,0,0.4607,-0.122,-0.422
32358,0.0,0.0,0.0,1000.0,0,0,0.4807,-0.122,-0.422
32359,0.0,0.0,0.0,1000.0,0,0,0.1607,-0.10199999999999998,-0.422
32360,0.0,0.0,0.0,1000.0,0,0,0.1807,-0.10199999999999998,-0.422
32361,0.0,0.0,0.0,1000.0,0,0,0.20070000000000002,-0.10199999999999998,-0.422
32362,0.0,0.0,0.0,1000.0,0,0,0.2207,-0.10199999999999998,-0.422
32363,0.0,0.0,0.0,1000.0,0,0,0.24070000000000003,-0.10199999999999998,-0.422
32364,0.0,0.0,0.0,1000.0,0,0,0.26070000000000004,-0.10199999999999998,-0.422
32365,0.0,0.0,0.0,1000.0,0,0,0.2807,-0.10199999999999998,-0.422
32366,0.0,0.0,0.0,1000.0,0,0,0.3007,-0.10199999999999998,-0.422
32367,0.0,0.0,0.0,1000.0,0,0,0.3207,-0.10199999999999998,-0.422
32368,0.0,0.0,0.0,1000.0,0,0,0.3407,-0.10199999999999998,-0.422
32369,0.0,0.0,0.0,1000.0,0,0,0.3607,-0.10199999999999998,-0.422
32370,0.0,0.0,0.0,1000.0,0,0,0.38070000000000004,-0.10199999999999998,-0.422
32371,0.0,0.0,0.0,1000.0,0,0,0.4007,-0.10199999999999998,-0.422
32372,0.0,0.0,0.0,1000.0,0,0,0.4207,-0.10199999999999998,-0.422
32373,0.0,0.0,0.0,1000.0,0,0,0.44070000000000004,-0.10199999999999998,-0.422
32374,0.0,0.0,0.0,1000.0,0,0,0.4607,-0.10199999999999998,-0.422
32375,0.0,0.0,0.0,1000.0,0,0,0.4807,-0.10199999999999998,-0.422
32376,0.0,0.0,0.0,1000.0,0,0,0.1607,-0.08199999999999996,-0.422
32377,0.0,0.0,0.0,1000.0,0,0,0.1807,-0.08199999999999996,-0.422
32378,0.0,0.0,0.0,1000.0,0,0,0.20070000000000002,-0.08199999999999996,-0.422
32379,0.0,0.0,0.0,1000.0,0,0,0.2207,-0.08199999999999996,-0.422
32380,0.0,0.0,0.0,1000.0,0,0,0.24070000000000003,-0.08199999999999996,-0.422
32381,0.0,0.0,0.0,1000.0,0,0,0.26070000000000004,-0.08199999999999996,-0.422
32382,0.0,0.0,0.0,1000.0,0,0,0.2807,-0.08199999999999996,-0.422
32383,0.0,0.0,0.0,1000.0,0,0,0.3007,-0.08199999999999996,-0.422
32384,0.0,0.0,0.0,1000.0,0,0,0.3207,-0.08199999999999996,-0.422
32385,0.0,0.0,0.0,1000.0,0,0,0.3407,-0.08199999999999996,-0.422
32386,0.0,0.0,0.0,1000.0,0,0,0.3607,-0.08199999999999996,-0.422
32387,0.0,0.0,0.0,1000.0,0,0,0.38070000000000004,-0.08199999999999996,-0.422
32388,0.0,0.0,0.0,1000.0,0,0,0.4007,-0.08199999999999996,-0.422
32389,0.0,0.0,0.0,1000.0,0,0,0.4207,-0.08199999999999996,-0.422
32390,0.0,0.0,0.0,1000.0,0,0,0.44070000000000004,-0.08199999999999996,-0.422
32391,0.0,0.0,0.0,1000.0,0,0,0.4607,-0.08199999999999996,-0.422
32392,0.0,0.0,0.0,1000.0,0,0,0.4807,-0.08199999999999996,-0.422
32393,0.0,0.0,0.0,1000.0,0,0,0.1607,-0.062,-0.422
32394,0.0,0.0,0.0,1000.0,0,0,0.1807,-0.062,-0.422
32395,0.0,0.0,0.0,1000.0,0,0,0.20070000000000002,-0.062,-0.422
32396,0.0,0.0,0.0,1000.0,0,0,0.2207,-0.062,-0.422
32397,0.0,0.0,0.0,1000.0,0,0,0.24070000000000003,-0.062,-0.422
32398,0.0,0.0,0.0,1000.0,0,0,0.26070000000000004,-0.062,-0.422
32399,0.0,0.0,0.0,1000.0,0,0,0.2807,-0.062,-0.422
32400,0.0,0.0,0.0,1000.0,0,0,0.3007,-0.062,-0.422
32401,0.0,0.0,0.0,1000.0,0,0,0.3207,-0.062,-0.422
32402,0.0,0.0,0.0,1000.0,0,0,0.3407,-0.062,-0.422
32403,0.0,0.0,0.0,1000.0,0,0,0.3607,-0.062,-0.422
32404,0.0,0.0,0.0,1000.0,0,0,0.38070000000000004,-0.062,-0.422
32405,0.0,0.0,0.0,1000.0,0,0,0.4007,-0.062,-0.422
32406,0.0,0.0,0.0,1000.0,0,0,0.4207,-0.062,-0.422
32407,0.0,0.0,0.0,1000.0,0,0,0.44070000000000004,-0.062,-0.422
32408,0.0,0.0,0.0,1000.0,0,0,0.4607,-0.062,-0.422
32409,0.0,0.0,0.0,1000.0,0,0,0.4807,-0.062,-0.422
32410,0.0,0.0,0.0,1000.0,0,0,0.1607,-0.04199999999999998,-0.422
32411,0.0,0.0,0.0,1000.0,0,0,0.1807,-0.04199999999999998,-0.422
32412,0.0,0.0,0.0,1000.0,0,0,0.20070000000000002,-0.04199999999999998,-0.422
32413,0.0,0.0,0.0,1000.0,0,0,0.2207,-0.04199999999999998,-0.422
32414,0.0,0.0,0.0,1000.0,0,0,0.24070000000000003,-0.04199999999999998,-0.422
32415,0.0,0.0,0.0,1000.0,0,0,0.26070000000000004,-0.04199999999999998,-0.422
32416,0.0,0.0,0.0,1000.0,0,0,0.2807,-0.04199999999999998,-0.422
32417,0.0,0.0,0.0,1000.0,0,0,0.3007,-0.04199999999999998,-0.422
32418,0.0,0.0,0.0,1000.0,0,0,0.3207,-0.04199999999999998,-0.422
32419,0.0,0.0,0.0,1000.0,0,0,0.3407,-0.04199999999999998,-0.422
32420,0.0,0.0,0.0,1000.0,0,0,0.3607,-0.04199999999999998,-0.422
32421,0.0,0.0,0.0,1000.0,0,0,0.38070000000000004,-0.04199999999999998,-0.422
32422,0.0,0.0,0.0,1000.0,0,0,0.4007,-0.04199999999999998,-0.422
32423,0.0,0.0,0.0,1000.0,0,0,0.4207,-0.04199999999999998,-0.422
32424,0.0,0.0,0.0,1000.0,0,0,0.44070000000000004,-0.04199999999999998,-0.422
32425,0.0,0.0,0.0,1000.0,0,0,0.4607,-0.04199999999999998,-0.422
32426,0.0,0.0,0.0,1000.0,0,0,0.4807,-0.04199999999999998,-0.422
32427,0.0,0.0,0.0,1000.0,0,0,0.1607,-0.021999999999999964,-0.422
32428,0.0,0.0,0.0,1000.0,0,0,0.1807,-0.021999999999999964,-0.422
32429,0.0,0.0,0.0,1000.0,0,0,0.20070000000000002,-0.021999999999999964,-0.422
32430,0.0,0.0,0.0,1000.0,0,0,0.2207,-0.021999999999999964,-0.422
32431,0.0,0.0,0.0,1000.0,0,0,0.24070000000000003,-0.021999999999999964,-0.422
32432,0.0,0.0,0.0,1000.0,0,0,0.26070000000000004,-0.021999999999999964,-0.422
32433,0.0,0.0,0.0,1000.0,0,0,0.2807,-0.021999999999999964,-0.422
32434,0.0,0.0,0.0,1000.0,0,0,0.3007,-0.021999999999999964,-0.422
32435,0.0,0.0,0.0,1000.0,0,0,0.3207,-0.021999999999999964,-0.422
32436,0.0,0.0,0.0,1000.0,0,0,0.3407,-0.021999999999999964,-0.422
32437,0.0,0.0,0.0,1000.0,0,0,0.3607,-0.021999999999999964,-0.422
32438,0.0,0.0,0.0,1000.0,0,0,0.38070000000000004,-0.021999999999999964,-0.422
32439,0.0,0.0,0.0,1000.0,0,0,0.4007,-0.021999999999999964,-0.422
32440,0.0,0.0,0.0,1000.0,0,0,0.4207,-0.021999999999999964,-0.422
32441,0.0,0.0,0.0,1000.0,0,0,0.44070000000000004,-0.021999999999999964,-0.422
32442,0.0,0.0,0.0,1000.0,0,0,0.4607,-0.021999999999999964,-0.422
32443,0.0,0.0,0.0,1000.0,0,0,0.4807,-0.021999999999999964,-0.422
32444,0.0,0.0,0.0,1000.0,0,0,0.1607,-0.0020000000000000018,-0.422
32445,0.0,0.0,0.0,1000.0,0,0,0.1807,-0.0020000000000000018,-0.422
32446,0.0,0.0,0.0,1000.0,0,0,0.20070000000000002,-0.0020000000000000018,-0.422
32447,0.0,0.0,0.0,1000.0,0,0,0.2207,-0.0020000000000000018,-0.422
32448,0.0,0.0,0.0,1000.0,0,0,0.24070000000000003,-0.0020000000000000018,-0.422
32449,0.0,0.0,0.0,1000.0,0,0,0.26070000000000004,-0.0020000000000000018,-0.422
32450,0.0,0.0,0.0,1000.0,0,0,0.2807,-0.0020000000000000018,-0.422
32451,0.0,0.0,0.0,1000.0,0,0,0.3007,-0.0020000000000000018,-0.422
32452,0.0,0.0,0.0,1000.0,0,0,0.3207,-0.0020000000000000018,-0.422
32453,0.0,0.0,0.0,1000.0,0,0,0.3407,-0.0020000000000000018,-0.422
32454,0.0,0.0,0.0,1000.0,0,0,0.3607,-0.0020000000000000018,-0.422
32455,0.0,0.0,0.0,1000.0,0,0,0.38070000000000004,-0.0020000000000000018,-0.422
32456,0.0,0.0,0.0,1000.0,0,0,0.4007,-0.0020000000000000018,-0.422
32457,0.0,0.0,0.0,1000.0,0,0,0.4207,-0.0020000000000000018,-0.422
32458,0.0,0.0,0.0,1000.0,0,0,0.44070000000000004,-0.0020000000000000018,-0.422
32459,0.0,0.0,0.0,1000.0,0,0,0.4607,-0.0020000000000000018,-0.422
32460,0.0,0.0,0.0,1000.0,0,0,0.4807,-0.0020000000000000018,-0.422
32461,0.0,0.0,0.0,1000.0,0,0,0.1607,0.018000000000000016,-0.422
32462,0.0,0.0,0.0,1000.0,0,0,0.1807,0.018000000000000016,-0.422
32463,0.0,0.0,0.0,1000.0,0,0,0.20070000000000002,0.018000000000000016,-0.422
32464,0.0,0.0,0.0,1000.0,0,0,0.2207,0.018000000000000016,-0.422
32465,0.0,0.0,0.0,1000.0,0,0,0.24070000000000003,0.018000000000000016,-0.422
32466,0.0,0.0,0.0,1000.0,0,0,0.26070000000000004,0.018000000000000016,-0.422
32467,0.0,0.0,0.0,1000.0,0,0,0.2807,0.018000000000000016,-0.422
32468,0.0,0.0,0.0,1000.0,0,0,0.3007,0.018000000000000016,-0.422
32469,0.0,0.0,0.0,1000.0,0,0,0.3207,0.018000000000000016,-0.422
32470,0.0,0.0,0.0,1000.0,0,0,0.3407,0.018000000000000016,-0.422
32471,0.0,0.0,0.0,1000.0,0,0,0.3607,0.018000000000000016,-0.422
32472,0.0,0.0,0.0,1000.0,0,0,0.38070000000000004,0.018000000000000016,-0.422
32473,0.0,0.0,0.0,1000.0,0,0,0.4007,0.018000000000000016,-0.422
32474,0.0,0.0,0.0,1000.0,0,0,0.4207,0.018000000000000016,-0.422
32475,0.0,0.0,0.0,1000.0,0,0,0.44070000000000004,0.018000000000000016,-0.422
32476,0.0,0.0,0.0,1000.0,0,0,0.4607,0.018000000000000016,-0.422
32477,0.0,0.0,0.0,1000.0,0,0,0.4807,0.018000000000000016,-0.422
32478,0.0,0.0,0.0,1000.0,0,0,0.1607,0.038000000000000034,-0.422
32479,0.0,0.0,0.0,1000.0,0,0,0.1807,0.038000000000000034,-0.422
32480,0.0,0.0,0.0,1000.0,0,0,0.20070000000000002,0.038000000000000034,-0.422
32481,0.0,0.0,0.0,1000.0,0,0,0.2207,0.038000000000000034,-0.422
32482,0.0,0.0,0.0,1000.0,0,0,0.24070000000000003,0.038000000000000034,-0.422
32483,0.0,0.0,0.0,1000.0,0,0,0.26070000000000004,0.038000000000000034,-0.422
32484,0.0,0.0,0.0,1000.0,0,0,0.2807,0.038000000000000034,-0.422
32485,0.0,0.0,0.0,1000.0,0,0,0.3007,0.038000000000000034,-0.422
32486,0.0,0.0,0.0,1000.0,0,0,0.3207,0.038000000000000034,-0.422
32487,0.0,0.0,0.0,1000.0,0,0,0.3407,0.038000000000000034,-0.422
32488,0.0,0.0,0.0,1000.0,0,0,0.3607,0.038000000000000034,-0.422
32489,0.0,0.0,0.0,1000.0,0,0,0.38070000000000004,0.038000000000000034,-0.422
32490,0.0,0.0,0.0,1000.0,0,0,0.4007,0.038000000000000034,-0.422
32491,0.0,0.0,0.0,1000.0,0,0,0.4207,0.038000000000000034,-0.422
32492,0.0,0.0,0.0,1000.0,0,0,0.44070000000000004,0.038000000000000034,-0.422
32493,0.0,0.0,0.0,1000.0,0,0,0.4607,0.038000000000000034,-0.422
32494,0.0,0.0,0.0,1000.0,0,0,0.4807,0.038000000000000034,-0.422
32495,0.0,0.0,0.0,1000.0,0,0,0.1607,0.05800000000000005,-0.422
32496,0.0,0.0,0.0,1000.0,0,0,0.1807,0.05800000000000005,-0.422
32497,0.0,0.0,0.0,1000.0,0,0,0.20070000000000002,0.05800000000000005,-0.422
32498,0.0,0.0,0.0,1000.0,0,0,0.2207,0.05800000000000005,-0.422
32499,0.0,0.0,0.0,1000.0,0,0,0.24070000000000003,0.05800000000000005,-0.422
32500,0.0,0.0,0.0,1000.0,0,0,0.26070000000000004,0.05800000000000005,-0.422
32501,0.0,0.0,0.0,1000.0,0,0,0.2807,0.05800000000000005,-0.422
32502,0.0,0.0,0.0,1000.0,0,0,0.3007,0.05800000000000005,-0.422
32503,0.0,0.0,0.0,1000.0,0,0,0.3207,0.05800000000000005,-0.422
32504,0.0,0.0,0.0,1000.0,0,0,0.3407,0.05800000000000005,-0.422
32505,0.0,0.0,0.0,1000.0,0,0,0.3607,0.05800000000000005,-0.422
32506,0.0,0.0,0.0,1000.0,0,0,0.38070000000000004,0.05800000000000005,-0.422
32507,0.0,0.0,0.0,1000.0,0,0,0.4007,0.05800000000000005,-0.422
32508,0.0,0.0,0.0,1000.0,0,0,0.4207,0.05800000000000005,-0.422
32509,0.0,0.0,0.0,1000.0,0,0,0.44070000000000004,0.05800000000000005,-0.422
32510,0.0,0.0,0.0,1000.0,0,0,0.4607,0.05800000000000005,-0.422
32511,0.0,0.0,0.0,1000.0,0,0,0.4807,0.05800000000000005,-0.422
32512,0.0,0.0,0.0,1000.0,0,0,0.1607,0.07800000000000007,-0.422
32513,0.0,0.0,0.0,1000.0,0,0,0.1807,0.07800000000000007,-0.422
32514,0.0,0.0,0.0,1000.0,0,0,0.20070000000000002,0.07800000000000007,-0.422
32515,0.0,0.0,0.0,1000.0,0,0,0.2207,0.07800000000000007,-0.422
32516,0.0,0.0,0.0,1000.0,0,0,0.24070000000000003,0.07800000000000007,-0.422
32517,0.0,0.0,0.0,1000.0,0,0,0.26070000000000004,0.07800000000000007,-0.422
32518,0.0,0.0,0.0,1000.0,0,0,0.2807,0.07800000000000007,-0.422
32519,0.0,0.0,0.0,1000.0,0,0,0.3007,0.07800000000000007,-0.422
32520,0.0,0.0,0.0,1000.0,0,0,0.3207,0.07800000000000007,-0.422
32521,0.0,0.0,0.0,1000.0,0,0,0.3407,0.07800000000000007,-0.422
32522,0.0,0.0,0.0,1000.0,0,0,0.3607,0.07800000000000007,-0.422
32523,0.0,0.0,0.0,1000.0,0,0,0.38070000000000004,0.07800000000000007,-0.422
32524,0.0,0.0,0.0,1000.0,0,0,0.4007,0.07800000000000007,-0.422
32525,0.0,0.0,0.0,1000.0,0,0,0.4207,0.07800000000000007,-0.422
32526,0.0,0.0,0.0,1000.0,0,0,0.44070000000000004,0.07800000000000007,-0.422
32527,0.0,0.0,0.0,1000.0,0,0,0.4607,0.07800000000000007,-0.422
32528,0.0,0.0,0.0,1000.0,0,0,0.4807,0.07800000000000007,-0.422
32529,0.0,0.0,0.0,1000.0,0,0,0.1607,0.09799999999999998,-0.422
32530,0.0,0.0,0.0,1000.0,0,0,0.1807,0.09799999999999998,-0.422
32531,0.0,0.0,0.0,1000.0,0,0,0.20070000000000002,0.09799999999999998,-0.422
32532,0.0,0.0,0.0,1000.0,0,0,0.2207,0.09799999999999998,-0.422
32533,0.0,0.0,0.0,1000.0,0,0,0.24070000000000003,0.09799999999999998,-0.422
32534,0.0,0.0,0.0,1000.0,0,0,0.26070000000000004,0.09799999999999998,-0.422
32535,0.0,0.0,0.0,1000.0,0,0,0.2807,0.09799999999999998,-0.422
32536,0.0,0.0,0.0,1000.0,0,0,0.3007,0.09799999999999998,-0.422
32537,0.0,0.0,0.0,1000.0,0,0,0.3207,0.09799999999999998,-0.422
32538,0.0,0.0,0.0,1000.0,0,0,0.3407,0.09799999999999998,-0.422
32539,0.0,0.0,0.0,1000.0,0,0,0.3607,0.09799999999999998,-0.422
32540,0.0,0.0,0.0,1000.0,0,0,0.38070000000000004,0.09799999999999998,-0.422
32541,0.0,0.0,0.0,1000.0,0,0,0.4007,0.09799999999999998,-0.422
32542,0.0,0.0,0.0,1000.0,0,0,0.4207,0.09799999999999998,-0.422
32543,0.0,0.0,0.0,1000.0,0,0,0.44070000000000004,0.09799999999999998,-0.422
32544,0.0,0.0,0.0,1000.0,0,0,0.4607,0.09799999999999998,-0.422
32545,0.0,0.0,0.0,1000.0,0,0,0.4807,0.09799999999999998,-0.422
32546,0.0,0.0,0.0,1000.0,0,0,0.1607,0.118,-0.422
32547,0.0,0.0,0.0,1000.0,0,0,0.1807,0.118,-0.422
32548,0.0,0.0,0.0,1000.0,0,0,0.20070000000000002,0.118,-0.422
32549,0.0,0.0,0.0,1000.0,0,0,0.2207,0.118,-0.422
32550,0.0,0.0,0.0,1000.0,0,0,0.24070000000000003,0.118,-0.422
32551,0.0,0.0,0.0,1000.0,0,0,0.26070000000000004,0.118,-0.422
32552,0.0,0.0,0.0,1000.0,0,0,0.2807,0.118,-0.422
32553,0.0,0.0,0.0,1000.0,0,0,0.3007,0.118,-0.422
32554,0.0,0.0,0.0,1000.0,0,0,0.3207,0.118,-0.422
32555,0.0,0.0,0.0,1000.0,0,0,0.3407,0.118,-0.422
32556,0.0,0.0,0.0,1000.0,0,0,0.3607,0.118,-0.422
32557,0.0,0.0,0.0,1000.0,0,0,0.38070000000000004,0.118,-0.422
32558,0.0,0.0,0.0,1000.0,0,0,0.4007,0.118,-0.422
32559,0.0,0.0,0.0,1000.0,0,0,0.4207,0.118,-0.422
32560,0.0,0.0,0.0,1000.0,0,0,0.44070000000000004,0.118,-0.422
32561,0.0,0.0,0.0,1000.0,0,0,0.4607,0.118,-0.422
32562,0.0,0.0,0.0,1000.0,0,0,0.4807,0.118,-0.422
32563,0.0,0.0,0.0,1000.0,0,0,0.1607,0.138,-0.422
32564,0.0,0.0,0.0,1000.0,0,0,0.1807,0.138,-0.422
32565,0.0,0.0,0.0,1000.0,0,0,0.20070000000000002,0.138,-0.422
32566,0.0,0.0,0.0,1000.0,0,0,0.2207,0.138,-0.422
32567,0.0,0.0,0.0,1000.0,0,0,0.24070000000000003,0.138,-0.422
32568,0.0,0.0,0.0,1000.0,0,0,0.26070000000000004,0.138,-0.422
32569,0.0,0.0,0.0,1000.0,0,0,0.2807,0.138,-0.422
32570,0.0,0.0,0.0,1000.0,0,0,0.3007,0.138,-0.422
32571,0.0,0.0,0.0,1000.0,0,0,0.3207,0.138,-0.422
32572,0.0,0.0,0.0,1000.0,0,0,0.3407,0.138,-0.422
32573,0.0,0.0,0.0,1000.0,0,0,0.3607,0.138,-0.422
32574,0.0,0.0,0.0,1000.0,0,0,0.38070000000000004,0.138,-0.422
32575,0.0,0.0,0.0,1000.0,0,0,0.4007,0.138,-0.422
32576,0.0,0.0,0.0,1000.0,0,0,0.4207,0.138,-0.422
32577,0.0,0.0,0.0,1000.0,0,0,0.44070000000000004,0.138,-0.422
32578,0.0,0.0,0.0,1000.0,0,0,0.4607,0.138,-0.422
32579,0.0,0.0,0.0,1000.0,0,0,0.4807,0.138,-0.422
32580,0.0,0.0,0.0,1000.0,0,0,0.1607,0.15800000000000003,-0.422
32581,0.0,0.0,0.0,1000.0,0,0,0.1807,0.15800000000000003,-0.422
32582,0.0,0.0,0.0,1000.0,0,0,0.20070000000000002,0.15800000000000003,-0.422
32583,0.0,0.0,0.0,1000.0,0,0,0.2207,0.15800000000000003,-0.422
32584,0.0,0.0,0.0,1000.0,0,0,0.24070000000000003,0.15800000000000003,-0.422
32585,0.0,0.0,0.0,1000.0,0,0,0.26070000000000004,0.15800000000000003,-0.422
32586,0.0,0.0,0.0,1000.0,0,0,0.2807,0.15800000000000003,-0.422
32587,0.0,0.0,0.0,1000.0,0,0,0.3007,0.15800000000000003,-0.422
32588,0.0,0.0,0.0,1000.0,0,0,0.3207,0.15800000000000003,-0.422
32589,0.0,0.0,0.0,1000.0,0,0,0.3407,0.15800000000000003,-0.422
32590,0.0,0.0,0.0,1000.0,0,0,0.3607,0.15800000000000003,-0.422
32591,0.0,0.0,0.0,1000.0,0,0,0.38070000000000004,0.15800000000000003,-0.422
32592,0.0,0.0,0.0,1000.0,0,0,0.4007,0.15800000000000003,-0.422
32593,0.0,0.0,0.0,1000.0,0,0,0.4207,0.15800000000000003,-0.422
32594,0.0,0.0,0.0,1000.0,0,0,0.44070000000000004,0.15800000000000003,-0.422
32595,0.0,0.0,0.0,1000.0,0,0,0.4607,0.15800000000000003,-0.422
32596,0.0,0.0,0.0,1000.0,0,0,0.4807,0.15800000000000003,-0.422
32597,0.0,0.0,0.0,1000.0,0,0,0.1607,0.17800000000000005,-0.422
32598,0.0,0.0,0.0,1000.0,0,0,0.1807,0.17800000000000005,-0.422
32599,0.0,0.0,0.0,1000.0,0,0,0.20070000000000002,0.17800000000000005,-0.422
32600,0.0,0.0,0.0,1000.0,0,0,0.2207,0.17800000000000005,-0.422
32601,0.0,0.0,0.0,1000.0,0,0,0.24070000000000003,0.17800000000000005,-0.422
32602,0.0,0.0,0.0,1000.0,0,0,0.26070000000000004,0.17800000000000005,-0.422
32603,0.0,0.0,0.0,1000.0,0,0,0.2807,0.17800000000000005,-0.422
32604,0.0,0.0,0.0,1000.0,0,0,0.3007,0.17800000000000005,-0.422
32605,0.0,0.0,0.0,1000.0,0,0,0.3207,0.17800000000000005,-0.422
32606,0.0,0.0,0.0,1000.0,0,0,0.3407,0.17800000000000005,-0.422
32607,0.0,0.0,0.0,1000.0,0,0,0.3607,0.17800000000000005,-0.422
32608,0.0,0.0,0.0,1000.0,0,0,0.38070000000000004,0.17800000000000005,-0.422
32609,0.0,0.0,0.0,1000.0,0,0,0.4007,0.17800000000000005,-0.422
32610,0.0,0.0,0.0,1000.0,0,0,0.4207,0.17800000000000005,-0.422
32611,0.0,0.0,0.0,1000.0,0,0,0.44070000000000004,0.17800000000000005,-0.422
32612,0.0,0.0,0.0,1000.0,0,0,0.4607,0.17800000000000005,-0.422
32613,0.0,0.0,0.0,1000.0,0,0,0.4807,0.17800000000000005,-0.422
32614,0.0,0.0,0.0,1000.0,0,0,0.1607,0.19800000000000006,-0.422
32615,0.0,0.0,0.0,1000.0,0,0,0.1807,0.19800000000000006,-0.422
32616,0.0,0.0,0.0,1000.0,0,0,0.20070000000000002,0.19800000000000006,-0.422
32617,0.0,0.0,0.0,1000.0,0,0,0.2207,0.19800000000000006,-0.422
32618,0.0,0.0,0.0,1000.0,0,0,0.24070000000000003,0.19800000000000006,-0.422
32619,0.0,0.0,0.0,1000.0,0,0,0.26070000000000004,0.19800000000000006,-0.422
32620,0.0,0.0,0.0,1000.0,0,0,0.2807,0.19800000000000006,-0.422
32621,0.0,0.0,0.0,1000.0,0,0,0.3007,0.19800000000000006,-0.422
32622,0.0,0.0,0.0,1000.0,0,0,0.3207,0.19800000000000006,-0.422
32623,0.0,0.0,0.0,1000.0,0,0,0.3407,0.19800000000000006,-0.422
32624,0.0,0.0,0.0,1000.0,0,0,0.3607,0.19800000000000006,-0.422
32625,0.0,0.0,0.0,1000.0,0,0,0.38070000000000004,0.19800000000000006,-0.422
32626,0.0,0.0,0.0,1000.0,0,0,0.4007,0.19800000000000006,-0.422
32627,0.0,0.0,0.0,1000.0,0,0,0.4207,0.19800000000000006,-0.422
32628,0.0,0.0,0.0,1000.0,0,0,0.44070000000000004,0.19800000000000006,-0.422
32629,0.0,0.0,0.0,1000.0,0,0,0.4607,0.19800000000000006,-0.422
32630,0.0,0.0,0.0,1000.0,0,0,0.4807,0.19800000000000006,-0.422
32631,0.0,0.0,0.0,1000.0,0,0,0.1607,0.21800000000000008,-0.422
32632,0.0,0.0,0.0,1000.0,0,0,0.1807,0.21800000000000008,-0.422
32633,0.0,0.0,0.0,1000.0,0,0,0.20070000000000002,0.21800000000000008,-0.422
32634,0.0,0.0,0.0,1000.0,0,0,0.2207,0.21800000000000008,-0.422
32635,0.0,0.0,0.0,1000.0,0,0,0.24070000000000003,0.21800000000000008,-0.422
32636,0.0,0.0,0.0,1000.0,0,0,0.26070000000000004,0.21800000000000008,-0.422
32637,0.0,0.0,0.0,1000.0,0,0,0.2807,0.21800000000000008,-0.422
32638,0.0,0.0,0.0,1000.0,0,0,0.3007,0.21800000000000008,-0.422
32639,0.0,0.0,0.0,1000.0,0,0,0.3207,0.21800000000000008,-0.422
32640,0.0,0.0,0.0,1000.0,0,0,0.3407,0.21800000000000008,-0.422
32641,0.0,0.0,0.0,1000.0,0,0,0.3607,0.21800000000000008,-0.422
32642,0.0,0.0,0.0,1000.0,0,0,0.38070000000000004,0.21800000000000008,-0.422
32643,0.0,0.0,0.0,1000.0,0,0,0.4007,0.21800000000000008,-0.422
32644,0.0,0.0,0.0,1000.0,0,0,0.4207,0.21800000000000008,-0.422
32645,0.0,0.0,0.0,1000.0,0,0,0.44070000000000004,0.21800000000000008,-0.422
32646,0.0,0.0,0.0,1000.0,0,0,0.4607,0.21800000000000008,-0.422
32647,0.0,0.0,0.0,1000.0,0,0,0.4807,0.21800000000000008,-0.422
32648,0.0,0.0,0.0,1000.0,0,0,0.1607,0.238,-0.422
32649,0.0,0.0,0.0,1000.0,0,0,0.1807,0.238,-0.422
32650,0.0,0.0,0.0,1000.0,0,0,0.20070000000000002,0.238,-0.422
32651,0.0,0.0,0.0,1000.0,0,0,0.2207,0.238,-0.422
32652,0.0,0.0,0.0,1000.0,0,0,0.24070000000000003,0.238,-0.422
32653,0.0,0.0,0.0,1000.0,0,0,0.26070000000000004,0.238,-0.422
32654,0.0,0.0,0.0,1000.0,0,0,0.2807,0.238,-0.422
32655,0.0,0.0,0.0,1000.0,0,0,0.3007,0.238,-0.422
32656,0.0,0.0,0.0,1000.0,0,0,0.3207,0.238,-0.422
32657,0.0,0.0,0.0,1000.0,0,0,0.3407,0.238,-0.422
32658,0.0,0.0,0.0,1000.0,0,0,0.3607,0.238,-0.422
32659,0.0,0.0,0.0,1000.0,0,0,0.38070000000000004,0.238,-0.422
32660,0.0,0.0,0.0,1000.0,0,0,0.4007,0.238,-0.422
32661,0.0,0.0,0.0,1000.0,0,0,0.4207,0.238,-0.422
32662,0.0,0.0,0.0,1000.0,0,0,0.44070000000000004,0.238,-0.422
32663,0.0,0.0,0.0,1000.0,0,0,0.4607,0.238,-0.422
32664,0.0,0.0,0.0,1000.0,0,0,0.4807,0.238,-0.422
32665,0.0,0.0,0.0,1000.0,0,0,0.1607,0.258,-0.422
32666,0.0,0.0,0.0,1000.0,0,0,0.1807,0.258,-0.422
32667,0.0,0.0,0.0,1000.0,0,0,0.20070000000000002,0.258,-0.422
32668,0.0,0.0,0.0,1000.0,0,0,0.2207,0.258,-0.422
32669,0.0,0.0,0.0,1000.0,0,0,0.24070000000000003,0.258,-0.422
32670,0.0,0.0,0.0,1000.0,0,0,0.26070000000000004,0.258,-0.422
32671,0.0,0.0,0.0,1000.0,0,0,0.2807,0.258,-0.422
32672,0.0,0.0,0.0,1000.0,0,0,0.3007,0.258,-0.422
32673,0.0,0.0,0.0,1000.0,0,0,0.3207,0.258,-0.422
32674,0.0,0.0,0.0,1000.0,0,0,0.3407,0.258,-0.422
32675,0.0,0.0,0.0,1000.0,0,0,0.3607,0.258,-0.422
32676,0.0,0.0,0.0,1000.0,0,0,0.38070000000000004,0.258,-0.422
32677,0.0,0.0,0.0,1000.0,0,0,0.4007,0.258,-0.422
32678,0.0,0.0,0.0,1000.0,0,0,0.4207,0.258,-0.422
32679,0.0,0.0,0.0,1000.0,0,0,0.44070000000000004,0.258,-0.422
32680,0.0,0.0,0.0,1000.0,0,0,0.4607,0.258,-0.422
32681,0.0,0.0,0.0,1000.0,0,0,0.4807,0.258,-0.422
32682,0.0,0.0,0.0,1000.0,0,0,0.1607,0.278,-0.422
32683,0.0,0.0,0.0,1000.0,0,0,0.1807,0.278,-0.422
32684,0.0,0.0,0.0,1000.0,0,0,0.20070000000000002,0.278,-0.422
32685,0.0,0.0,0.0,1000.0,0,0,0.2207,0.278,-0.422
32686,0.0,0.0,0.0,1000.0,0,0,0.24070000000000003,0.278,-0.422
32687,0.0,0.0,0.0,1000.0,0,0,0.26070000000000004,0.278,-0.422
32688,0.0,0.0,0.0,1000.0,0,0,0.2807,0.278,-0.422
32689,0.0,0.0,0.0,1000.0,0,0,0.3007,0.278,-0.422
32690,0.0,0.0,0.0,1000.0,0,0,0.3207,0.278,-0.422
32691,0.0,0.0,0.0,1000.0,0,0,0.3407,0.278,-0.422
32692,0.0,0.0,0.0,1000.0,0,0,0.3607,0.278,-0.422
32693,0.0,0.0,0.0,1000.0,0,0,0.38070000000000004,0.278,-0.422
32694,0.0,0.0,0.0,1000.0,0,0,0.4007,0.278,-0.422
32695,0.0,0.0,0.0,1000.0,0,0,0.4207,0.278,-0.422
32696,0.0,0.0,0.0,1000.0,0,0,0.44070000000000004,0.278,-0.422
32697,0.0,0.0,0.0,1000.0,0,0,0.4607,0.278,-0.422
32698,0.0,0.0,0.0,1000.0,0,0,0.4807,0.278,-0.422
32699,0.0,0.0,0.0,1000.0,0,0,0.1607,0.29800000000000004,-0.422
32700,0.0,0.0,0.0,1000.0,0,0,0.1807,0.29800000000000004,-0.422
32701,0.0,0.0,0.0,1000.0,0,0,0.20070000000000002,0.29800000000000004,-0.422
32702,0.0,0.0,0.0,1000.0,0,0,0.2207,0.29800000000000004,-0.422
32703,0.0,0.0,0.0,1000.0,0,0,0.24070000000000003,0.29800000000000004,-0.422
32704,0.0,0.0,0.0,1000.0,0,0,0.26070000000000004,0.29800000000000004,-0.422
32705,0.0,0.0,0.0,1000.0,0,0,0.2807,0.29800000000000004,-0.422
32706,0.0,0.0,0.0,1000.0,0,0,0.3007,0.29800000000000004,-0.422
32707,0.0,0.0,0.0,1000.0,0,0,0.3207,0.29800000000000004,-0.422
32708,0.0,0.0,0.0,1000.0,0,0,0.3407,0.29800000000000004,-0.422
32709,0.0,0.0,0.0,1000.0,0,0,0.3607,0.29800000000000004,-0.422
32710,0.0,0.0,0.0,1000.0,0,0,0.38070000000000004,0.29800000000000004,-0.422
32711,0.0,0.0,0.0,1000.0,0,0,0.4007,0.29800000000000004,-0.422
32712,0.0,0.0,0.0,1000.0,0,0,0.4207,0.29800000000000004,-0.422
32713,0.0,0.0,0.0,1000.0,0,0,0.44070000000000004,0.29800000000000004,-0.422
32714,0.0,0.0,0.0,1000.0,0,0,0.4607,0.29800000000000004,-0.422
32715,0.0,0.0,0.0,1000.0,0,0,0.4807,0.29800000000000004,-0.422
32716,0.0,0.0,0.0,1000.0,0,0,0.1607,0.31800000000000006,-0.422
32717,0.0,0.0,0.0,1000.0,0,0,0.1807,0.31800000000000006,-0.422
32718,0.0,0.0,0.0,1000.0,0,0,0.20070000000000002,0.31800000000000006,-0.422
32719,0.0,0.0,0.0,1000.0,0,0,0.2207,0.31800000000000006,-0.422
32720,0.0,0.0,0.0,1000.0,0,0,0.24070000000000003,0.31800000000000006,-0.422
32721,0.0,0.0,0.0,1000.0,0,0,0.26070000000000004,0.31800000000000006,-0.422
32722,0.0,0.0,0.0,1000.0,0,0,0.2807,0.31800000000000006,-0.422
32723,0.0,0.0,0.0,1000.0,0,0,0.3007,0.31800000000000006,-0.422
32724,0.0,0.0,0.0,1000.0,0,0,0.3207,0.31800000000000006,-0.422
32725,0.0,0.0,0.0,1000.0,0,0,0.3407,0.31800000000000006,-0.422
32726,0.0,0.0,0.0,1000.0,0,0,0.3607,0.31800000000000006,-0.422
32727,0.0,0.0,0.0,1000.0,0,0,0.38070000000000004,0.31800000000000006,-0.422
32728,0.0,0.0,0.0,1000.0,0,0,0.4007,0.31800000000000006,-0.422
32729,0.0,0.0,0.0,1000.0,0,0,0.4207,0.31800000000000006,-0.422
32730,0.0,0.0,0.0,1000.0,0,0,0.44070000000000004,0.31800000000000006,-0.422
32731,0.0,0.0,0.0,1000.0,0,0,0.4607,0.31800000000000006,-0.422
32732,0.0,0.0,0.0,1000.0,0,0,0.4807,0.31800000000000006,-0.422
32733,0.0,0.0,0.0,1000.0,0,0,0.1607,0.3380000000000001,-0.422
32734,0.0,0.0,0.0,1000.0,0,0,0.1807,0.3380000000000001,-0.422
32735,0.0,0.0,0.0,1000.0,0,0,0.20070000000000002,0.3380000000000001,-0.422
32736,0.0,0.0,0.0,1000.0,0,0,0.2207,0.3380000000000001,-0.422
32737,0.0,0.0,0.0,1000.0,0,0,0.24070000000000003,0.3380000000000001,-0.422
32738,0.0,0.0,0.0,1000.0,0,0,0.26070000000000004,0.3380000000000001,-0.422
32739,0.0,0.0,0.0,1000.0,0,0,0.2807,0.3380000000000001,-0.422
32740,0.0,0.0,0.0,1000.0,0,0,0.3007,0.3380000000000001,-0.422
32741,0.0,0.0,0.0,1000.0,0,0,0.3207,0.3380000000000001,-0.422
32742,0.0,0.0,0.0,1000.0,0,0,0.3407,0.3380000000000001,-0.422
32743,0.0,0.0,0.0,1000.0,0,0,0.3607,0.3380000000000001,-0.422
32744,0.0,0.0,0.0,1000.0,0,0,0.38070000000000004,0.3380000000000001,-0.422
32745,0.0,0.0,0.0,1000.0,0,0,0.4007,0.3380000000000001,-0.422
32746,0.0,0.0,0.0,1000.0,0,0,0.4207,0.3380000000000001,-0.422
32747,0.0,0.0,0.0,1000.0,0,0,0.44070000000000004,0.3380000000000001,-0.422
32748,0.0,0.0,0.0,1000.0,0,0,0.4607,0.3380000000000001,-0.422
32749,0.0,0.0,0.0,1000.0,0,0,0.4807,0.3380000000000001,-0.422
32750,0.0,0.0,0.0,1000.0,0,0,0.1607,0.358,-0.422
32751,0.0,0.0,0.0,1000.0,0,0,0.1807,0.358,-0.422
32752,0.0,0.0,0.0,1000.0,0,0,0.20070000000000002,0.358,-0.422
32753,0.0,0.0,0.0,1000.0,0,0,0.2207,0.358,-0.422
32754,0.0,0.0,0.0,1000.0,0,0,0.24070000000000003,0.358,-0.422
32755,0.0,0.0,0.0,1000.0,0,0,0.26070000000000004,0.358,-0.422
32756,0.0,0.0,0.0,1000.0,0,0,0.2807,0.358,-0.422
32757,0.0,0.0,0.0,1000.0,0,0,0.3007,0.358,-0.422
32758,0.0,0.0,0.0,1000.0,0,0,0.3207,0.358,-0.422
32759,0.0,0.0,0.0,1000.0,0,0,0.3407,0.358,-0.422
32760,0.0,0.0,0.0,1000.0,0,0,0.3607,0.358,-0.422
32761,0.0,0.0,0.0,1000.0,0,0,0.38070000000000004,0.358,-0.422
32762,0.0,0.0,0.0,1000.0,0,0,0.4007,0.358,-0.422
32763,0.0,0.0,0.0,1000.0,0,0,0.4207,0.358,-0.422
32764,0.0,0.0,0.0,1000.0,0,0,0.44070000000000004,0.358,-0.422
32765,0.0,0.0,0.0,1000.0,0,0,0.4607,0.358,-0.422
32766,0.0,0.0,0.0,1000.0,0,0,0.4807,0.358,-0.422
32767,0.0,0.0,0.0,1000.0,0,0,0.1607,0.378,-0.422
32768,0.0,0.0,0.0,1000.0,0,0,0.1807,0.378,-0.422
32769,0.0,0.0,0.0,1000.0,0,0,0.20070000000000002,0.378,-0.422
32770,0.0,0.0,0.0,1000.0,0,0,0.2207,0.378,-0.422
32771,0.0,0.0,0.0,1000.0,0,0,0.24070000000000003,0.378,-0.422
32772,0.0,0.0,0.0,1000.0,0,0,0.26070000000000004,0.378,-0.422
32773,0.0,0.0,0.0,1000.0,0,0,0.2807,0.378,-0.422
32774,0.0,0.0,0.0,1000.0,0,0,0.3007,0.378,-0.422
32775,0.0,0.0,0.0,1000.0,0,0,0.3207,0.378,-0.422
32776,0.0,0.0,0.0,1000.0,0,0,0.3407,0.378,-0.422
32777,0.0,0.0,0.0,1000.0,0,0,0.3607,0.378,-0.422
32778,0.0,0.0,0.0,1000.0,0,0,0.38070000000000004,0.378,-0.422
32779,0.0,0.0,0.0,1000.0,0,0,0.4007,0.378,-0.422
32780,0.0,0.0,0.0,1000.0,0,0,0.4207,0.378,-0.422
32781,0.0,0.0,0.0,1000.0,0,0,0.44070000000000004,0.378,-0.422
32782,0.0,0.0,0.0,1000.0,0,0,0.4607,0.378,-0.422
32783,0.0,0.0,0.0,1000.0,0,0,0.4807,0.378,-0.422
32784,0.0,0.0,0.0,1000.0,0,0,0.1607,0.398,-0.422
32785,0.0,0.0,0.0,1000.0,0,0,0.1807,0.398,-0.422
32786,0.0,0.0,0.0,1000.0,0,0,0.20070000000000002,0.398,-0.422
32787,0.0,0.0,0.0,1000.0,0,0,0.2207,0.398,-0.422
32788,0.0,0.0,0.0,1000.0,0,0,0.24070000000000003,0.398,-0.422
32789,0.0,0.0,0.0,1000.0,0,0,0.26070000000000004,0.398,-0.422
32790,0.0,0.0,0.0,1000.0,0,0,0.2807,0.398,-0.422
32791,0.0,0.0,0.0,1000.0,0,0,0.3007,0.398,-0.422
32792,0.0,0.0,0.0,1000.0,0,0,0.3207,0.398,-0.422
32793,0.0,0.0,0.0,1000.0,0,0,0.3407,0.398,-0.422
32794,0.0,0.0,0.0,1000.0,0,0,0.3607,0.398,-0.422
32795,0.0,0.0,0.0,1000.0,0,0,0.38070000000000004,0.398,-0.422
32796,0.0,0.0,0.0,1000.0,0,0,0.4007,0.398,-0.422
32797,0.0,0.0,0.0,1000.0,0,0,0.4207,0.398,-0.422
32798,0.0,0.0,0.0,1000.0,0,0,0.44070000000000004,0.398,-0.422
32799,0.0,0.0,0.0,1000.0,0,0,0.4607,0.398,-0.422
32800,0.0,0.0,0.0,1000.0,0,0,0.4807,0.398,-0.422
32801,0.0,0.0,0.0,1000.0,0,0,0.1607,0.41800000000000004,-0.422
32802,0.0,0.0,0.0,1000.0,0,0,0.1807,0.41800000000000004,-0.422
32803,0.0,0.0,0.0,1000.0,0,0,0.20070000000000002,0.41800000000000004,-0.422
32804,0.0,0.0,0.0,1000.0,0,0,0.2207,0.41800000000000004,-0.422
32805,0.0,0.0,0.0,1000.0,0,0,0.24070000000000003,0.41800000000000004,-0.422
32806,0.0,0.0,0.0,1000.0,0,0,0.26070000000000004,0.41800000000000004,-0.422
32807,0.0,0.0,0.0,1000.0,0,0,0.2807,0.41800000000000004,-0.422
32808,0.0,0.0,0.0,1000.0,0,0,0.3007,0.41800000000000004,-0.422
32809,0.0,0.0,0.0,1000.0,0,0,0.3207,0.41800000000000004,-0.422
32810,0.0,0.0,0.0,1000.0,0,0,0.3407,0.41800000000000004,-0.422
32811,0.0,0.0,0.0,1000.0,0,0,0.3607,0.41800000000000004,-0.422
32812,0.0,0.0,0.0,1000.0,0,0,0.38070000000000004,0.41800000000000004,-0.422
32813,0.0,0.0,0.0,1000.0,0,0,0.4007,0.41800000000000004,-0.422
32814,0.0,0.0,0.0,1000.0,0,0,0.4207,0.41800000000000004,-0.422
32815,0.0,0.0,0.0,1000.0,0,0,0.44070000000000004,0.41800000000000004,-0.422
32816,0.0,0.0,0.0,1000.0,0,0,0.4607,0.41800000000000004,-0.422
32817,0.0,0.0,0.0,1000.0,0,0,0.4807,0.41800000000000004,-0.422
32818,0.0,0.0,0.0,1000.0,0,0,0.1607,0.43800000000000006,-0.422
32819,0.0,0.0,0.0,1000.0,0,0,0.1807,0.43800000000000006,-0.422
32820,0.0,0.0,0.0,1000.0,0,0,0.20070000000000002,0.43800000000000006,-0.422
32821,0.0,0.0,0.0,1000.0,0,0,0.2207,0.43800000000000006,-0.422
32822,0.0,0.0,0.0,1000.0,0,0,0.24070000000000003,0.43800000000000006,-0.422
32823,0.0,0.0,0.0,1000.0,0,0,0.26070000000000004,0.43800000000000006,-0.422
32824,0.0,0.0,0.0,1000.0,0,0,0.2807,0.43800000000000006,-0.422
32825,0.0,0.0,0.0,1000.0,0,0,0.3007,0.43800000000000006,-0.422
32826,0.0,0.0,0.0,1000.0,0,0,0.3207,0.43800000000000006,-0.422
32827,0.0,0.0,0.0,1000.0,0,0,0.3407,0.43800000000000006,-0.422
32828,0.0,0.0,0.0,1000.0,0,0,0.3607,0.43800000000000006,-0.422
32829,0.0,0.0,0.0,1000.0,0,0,0.38070000000000004,0.43800000000000006,-0.422
32830,0.0,0.0,0.0,1000.0,0,0,0.4007,0.43800000000000006,-0.422
32831,0.0,0.0,0.0,1000.0,0,0,0.4207,0.43800000000000006,-0.422
32832,0.0,0.0,0.0,1000.0,0,0,0.44070000000000004,0.43800000000000006,-0.422
32833,0.0,0.0,0.0,1000.0,0,0,0.4607,0.43800000000000006,-0.422
32834,0.0,0.0,0.0,1000.0,0,0,0.4807,0.43800000000000006,-0.422
32835,0.0,0.0,0.0,1000.0,0,0,0.1607,0.4580000000000001,-0.422
32836,0.0,0.0,0.0,1000.0,0,0,0.1807,0.4580000000000001,-0.422
32837,0.0,0.0,0.0,1000.0,0,0,0.20070000000000002,0.4580000000000001,-0.422
32838,0.0,0.0,0.0,1000.0,0,0,0.2207,0.4580000000000001,-0.422
32839,0.0,0.0,0.0,1000.0,0,0,0.24070000000000003,0.4580000000000001,-0.422
32840,0.0,0.0,0.0,1000.0,0,0,0.26070000000000004,0.4580000000000001,-0.422
32841,0.0,0.0,0.0,1000.0,0,0,0.2807,0.4580000000000001,-0.422
32842,0.0,0.0,0.0,1000.0,0,0,0.3007,0.4580000000000001,-0.422
32843,0.0,0.0,0.0,1000.0,0,0,0.3207,0.4580000000000001,-0.422
32844,0.0,0.0,0.0,1000.0,0,0,0.3407,0.4580000000000001,-0.422
32845,0.0,0.0,0.0,1000.0,0,0,0.3607,0.4580000000000001,-0.422
32846,0.0,0.0,0.0,1000.0,0,0,0.38070000000000004,0.4580000000000001,-0.422
32847,0.0,0.0,0.0,1000.0,0,0,0.4007,0.4580000000000001,-0.422
32848,0.0,0.0,0.0,1000.0,0,0,0.4207,0.4580000000000001,-0.422
32849,0.0,0.0,0.0,1000.0,0,0,0.44070000000000004,0.4580000000000001,-0.422
32850,0.0,0.0,0.0,1000.0,0,0,0.4607,0.4580000000000001,-0.422
32851,0.0,0.0,0.0,1000.0,0,0,0.4807,0.4580000000000001,-0.422
32852,0.0,0.0,0.0,1000.0,0,0,0.1607,0.478,-0.422
32853,0.0,0.0,0.0,1000.0,0,0,0.1807,0.478,-0.422
32854,0.0,0.0,0.0,1000.0,0,0,0.20070000000000002,0.478,-0.422
32855,0.0,0.0,0.0,1000.0,0,0,0.2207,0.478,-0.422
32856,0.0,0.0,0.0,1000.0,0,0,0.24070000000000003,0.478,-0.422
32857,0.0,0.0,0.0,1000.0,0,0,0.26070000000000004,0.478,-0.422
32858,0.0,0.0,0.0,1000.0,0,0,0.2807,0.478,-0.422
32859,0.0,0.0,0.0,1000.0,0,0,0.3007,0.478,-0.422
32860,0.0,0.0,0.0,1000.0,0,0,0.3207,0.478,-0.422
32861,0.0,0.0,0.0,1000.0,0,0,0.3407,0.478,-0.422
32862,0.0,0.0,0.0,1000.0,0,0,0.3607,0.478,-0.422
32863,0.0,0.0,0.0,1000.0,0,0,0.38070000000000004,0.478,-0.422
32864,0.0,0.0,0.0,1000.0,0,0,0.4007,0.478,-0.422
32865,0.0,0.0,0.0,1000.0,0,0,0.4207,0.478,-0.422
32866,0.0,0.0,0.0,1000.0,0,0,0.44070000000000004,0.478,-0.422
32867,0.0,0.0,0.0,1000.0,0,0,0.4607,0.478,-0.422
32868,0.0,0.0,0.0,1000.0,0,0,0.4807,0.478,-0.422
32869,0.0,0.0,0.0,1000.0,0,0,0.1607,-0.482,-0.40199999999999997
32870,0.0,0.0,0.0,1000.0,0,0,0.1807,-0.482,-0.40199999999999997
32871,0.0,0.0,0.0,1000.0,0,0,0.20070000000000002,-0.482,-0.40199999999999997
32872,0.0,0.0,0.0,1000.0,0,0,0.2207,-0.482,-0.40199999999999997
32873,0.0,0.0,0.0,1000.0,0,0,0.24070000000000003,-0.482,-0.40199999999999997
32874,0.0,0.0,0.0,1000.0,0,0,0.26070000000000004,-0.482,-0.40199999999999997
32875,0.0,0.0,0.0,1000.0,0,0,0.2807,-0.482,-0.40199999999999997
32876,0.0,0.0,0.0,1000.0,0,0,0.3007,-0.482,-0.40199999999999997
32877,0.0,0.0,0.0,1000.0,0,0,0.3207,-0.482,-0.40199999999999997
32878,0.0,0.0,0.0,1000.0,0,0,0.3407,-0.482,-0.40199999999999997
32879,0.0,0.0,0.0,1000.0,0,0,0.3607,-0.482,-0.40199999999999997
32880,0.0,0.0,0.0,1000.0,0,0,0.38070000000000004,-0.482,-0.40199999999999997
32881,0.0,0.0,0.0,1000.0,0,0,0.4007,-0.482,-0.40199999999999997
32882,0.0,0.0,0.0,1000.0,0,0,0.4207,-0.482,-0.40199999999999997
32883,0.0,0.0,0.0,1000.0,0,0,0.44070000000000004,-0.482,-0.40199999999999997
32884,0.0,0.0,0.0,1000.0,0,0,0.4607,-0.482,-0.40199999999999997
32885,0.0,0.0,0.0,1000.0,0,0,0.4807,-0.482,-0.40199999999999997
32886,0.0,0.0,0.0,1000.0,0,0,0.1607,-0.46199999999999997,-0.40199999999999997
32887,0.0,0.0,0.0,1000.0,0,0,0.1807,-0.46199999999999997,-0.40199999999999997
32888,0.0,0.0,0.0,1000.0,0,0,0.20070000000000002,-0.46199999999999997,-0.40199999999999997
32889,0.0,0.0,0.0,1000.0,0,0,0.2207,-0.46199999999999997,-0.40199999999999997
32890,0.0,0.0,0.0,1000.0,0,0,0.24070000000000003,-0.46199999999999997,-0.40199999999999997
32891,0.0,0.0,0.0,1000.0,0,0,0.26070000000000004,-0.46199999999999997,-0.40199999999999997
32892,0.0,0.0,0.0,1000.0,0,0,0.2807,-0.46199999999999997,-0.40199999999999997
32893,0.0,0.0,0.0,1000.0,0,0,0.3007,-0.46199999999999997,-0.40199999999999997
32894,0.0,0.0,0.0,1000.0,0,0,0.3207,-0.46199999999999997,-0.40199999999999997
32895,0.0,0.0,0.0,1000.0,0,0,0.3407,-0.46199999999999997,-0.40199999999999997
32896,0.0,0.0,0.0,1000.0,0,0,0.3607,-0.46199999999999997,-0.40199999999999997
32897,0.0,0.0,0.0,1000.0,0,0,0.38070000000000004,-0.46199999999999997,-0.40199999999999997
32898,0.0,0.0,0.0,1000.0,0,0,0.4007,-0.46199999999999997,-0.40199999999999997
32899,0.0,0.0,0.0,1000.0,0,0,0.4207,-0.46199999999999997,-0.40199999999999997
32900,0.0,0.0,0.0,1000.0,0,0,0.44070000000000004,-0.46199999999999997,-0.40199999999999997
32901,0.0,0.0,0.0,1000.0,0,0,0.4607,-0.46199999999999997,-0.40199999999999997
32902,0.0,0.0,0.0,1000.0,0,0,0.4807,-0.46199999999999997,-0.40199999999999997
32903,0.0,0.0,0.0,1000.0,0,0,0.1607,-0.442,-0.40199999999999997
32904,0.0,0.0,0.0,1000.0,0,0,0.1807,-0.442,-0.40199999999999997
32905,0.0,0.0,0.0,1000.0,0,0,0.20070000000000002,-0.442,-0.40199999999999997
32906,0.0,0.0,0.0,1000.0,0,0,0.2207,-0.442,-0.40199999999999997
32907,0.0,0.0,0.0,1000.0,0,0,0.24070000000000003,-0.442,-0.40199999999999997
32908,0.0,0.0,0.0,1000.0,0,0,0.26070000000000004,-0.442,-0.40199999999999997
32909,0.0,0.0,0.0,1000.0,0,0,0.2807,-0.442,-0.40199999999999997
32910,0.0,0.0,0.0,1000.0,0,0,0.3007,-0.442,-0.40199999999999997
32911,0.0,0.0,0.0,1000.0,0,0,0.3207,-0.442,-0.40199999999999997
32912,0.0,0.0,0.0,1000.0,0,0,0.3407,-0.442,-0.40199999999999997
32913,0.0,0.0,0.0,1000.0,0,0,0.3607,-0.442,-0.40199999999999997
32914,0.0,0.0,0.0,1000.0,0,0,0.38070000000000004,-0.442,-0.40199999999999997
32915,0.0,0.0,0.0,1000.0,0,0,0.4007,-0.442,-0.40199999999999997
32916,0.0,0.0,0.0,1000.0,0,0,0.4207,-0.442,-0.40199999999999997
32917,0.0,0.0,0.0,1000.0,0,0,0.44070000000000004,-0.442,-0.40199999999999997
32918,0.0,0.0,0.0,1000.0,0,0,0.4607,-0.442,-0.40199999999999997
32919,0.0,0.0,0.0,1000.0,0,0,0.4807,-0.442,-0.40199999999999997
32920,0.0,0.0,0.0,1000.0,0,0,0.1607,-0.422,-0.40199999999999997
32921,0.0,0.0,0.0,1000.0,0,0,0.1807,-0.422,-0.40199999999999997
32922,0.0,0.0,0.0,1000.0,0,0,0.20070000000000002,-0.422,-0.40199999999999997
32923,0.0,0.0,0.0,1000.0,0,0,0.2207,-0.422,-0.40199999999999997
32924,0.0,0.0,0.0,1000.0,0,0,0.24070000000000003,-0.422,-0.40199999999999997
32925,0.0,0.0,0.0,1000.0,0,0,0.26070000000000004,-0.422,-0.40199999999999997
32926,0.0,0.0,0.0,1000.0,0,0,0.2807,-0.422,-0.40199999999999997
32927,0.0,0.0,0.0,1000.0,0,0,0.3007,-0.422,-0.40199999999999997
32928,0.0,0.0,0.0,1000.0,0,0,0.3207,-0.422,-0.40199999999999997
32929,0.0,0.0,0.0,1000.0,0,0,0.3407,-0.422,-0.40199999999999997
32930,0.0,0.0,0.0,1000.0,0,0,0.3607,-0.422,-0.40199999999999997
32931,0.0,0.0,0.0,1000.0,0,0,0.38070000000000004,-0.422,-0.40199999999999997
32932,0.0,0.0,0.0,1000.0,0,0,0.4007,-0.422,-0.40199999999999997
32933,0.0,0.0,0.0,1000.0,0,0,0.4207,-0.422,-0.40199999999999997
32934,0.0,0.0,0.0,1000.0,0,0,0.44070000000000004,-0.422,-0.40199999999999997
32935,0.0,0.0,0.0,1000.0,0,0,0.4607,-0.422,-0.40199999999999997
32936,0.0,0.0,0.0,1000.0,0,0,0.4807,-0.422,-0.40199999999999997
32937,0.0,0.0,0.0,1000.0,0,0,0.1607,-0.40199999999999997,-0.40199999999999997
32938,0.0,0.0,0.0,1000.0,0,0,0.1807,-0.40199999999999997,-0.40199999999999997
32939,0.0,0.0,0.0,1000.0,0,0,0.20070000000000002,-0.40199999999999997,-0.40199999999999997
32940,0.0,0.0,0.0,1000.0,0,0,0.2207,-0.40199999999999997,-0.40199999999999997
32941,0.0,0.0,0.0,1000.0,0,0,0.24070000000000003,-0.40199999999999997,-0.40199999999999997
32942,0.0,0.0,0.0,1000.0,0,0,0.26070000000000004,-0.40199999999999997,-0.40199999999999997
32943,0.0,0.0,0.0,1000.0,0,0,0.2807,-0.40199999999999997,-0.40199999999999997
32944,0.0,0.0,0.0,1000.0,0,0,0.3007,-0.40199999999999997,-0.40199999999999997
32945,0.0,0.0,0.0,1000.0,0,0,0.3207,-0.40199999999999997,-0.40199999999999997
32946,0.0,0.0,0.0,1000.0,0,0,0.3407,-0.40199999999999997,-0.40199999999999997
32947,0.0,0.0,0.0,1000.0,0,0,0.3607,-0.40199999999999997,-0.40199999999999997
32948,0.0,0.0,0.0,1000.0,0,0,0.38070000000000004,-0.40199999999999997,-0.40199999999999997
32949,0.0,0.0,0.0,1000.0,0,0,0.4007,-0.40199999999999997,-0.40199999999999997
32950,0.0,0.0,0.0,1000.0,0,0,0.4207,-0.40199999999999997,-0.40199999999999997
32951,0.0,0.0,0.0,1000.0,0,0,0.44070000000000004,-0.40199999999999997,-0.40199999999999997
32952,0.0,0.0,0.0,1000.0,0,0,0.4607,-0.40199999999999997,-0.40199999999999997
32953,0.0,0.0,0.0,1000.0,0,0,0.4807,-0.40199999999999997,-0.40199999999999997
32954,0.0,0.0,0.0,1000.0,0,0,0.1607,-0.382,-0.40199999999999997
32955,0.0,0.0,0.0,1000.0,0,0,0.1807,-0.382,-0.40199999999999997
32956,0.0,0.0,0.0,1000.0,0,0,0.20070000000000002,-0.382,-0.40199999999999997
32957,0.0,0.0,0.0,1000.0,0,0,0.2207,-0.382,-0.40199999999999997
32958,0.0,0.0,0.0,1000.0,0,0,0.24070000000000003,-0.382,-0.40199999999999997
32959,0.0,0.0,0.0,1000.0,0,0,0.26070000000000004,-0.382,-0.40199999999999997
32960,0.0,0.0,0.0,1000.0,0,0,0.2807,-0.382,-0.40199999999999997
32961,0.0,0.0,0.0,1000.0,0,0,0.3007,-0.382,-0.40199999999999997
32962,0.0,0.0,0.0,1000.0,0,0,0.3207,-0.382,-0.40199999999999997
32963,0.0,0.0,0.0,1000.0,0,0,0.3407,-0.382,-0.40199999999999997
32964,0.0,0.0,0.0,1000.0,0,0,0.3607,-0.382,-0.40199999999999997
32965,0.0,0.0,0.0,1000.0,0,0,0.38070000000000004,-0.382,-0.40199999999999997
32966,0.0,0.0,0.0,1000.0,0,0,0.4007,-0.382,-0.40199999999999997
32967,0.0,0.0,0.0,1000.0,0,0,0.4207,-0.382,-0.40199999999999997
32968,0.0,0.0,0.0,1000.0,0,0,0.44070000000000004,-0.382,-0.40199999999999997
32969,0.0,0.0,0.0,1000.0,0,0,0.4607,-0.382,-0.40199999999999997
32970,0.0,0.0,0.0,1000.0,0,0,0.4807,-0.382,-0.40199999999999997
32971,0.0,0.0,0.0,1000.0,0,0,0.1607,-0.362,-0.40199999999999997
32972,0.0,0.0,0.0,1000.0,0,0,0.1807,-0.362,-0.40199999999999997
32973,0.0,0.0,0.0,1000.0,0,0,0.20070000000000002,-0.362,-0.40199999999999997
32974,0.0,0.0,0.0,1000.0,0,0,0.2207,-0.362,-0.40199999999999997
32975,0.0,0.0,0.0,1000.0,0,0,0.24070000000000003,-0.362,-0.40199999999999997
32976,0.0,0.0,0.0,1000.0,0,0,0.26070000000000004,-0.362,-0.40199999999999997
32977,0.0,0.0,0.0,1000.0,0,0,0.2807,-0.362,-0.40199999999999997
32978,0.0,0.0,0.0,1000.0,0,0,0.3007,-0.362,-0.40199999999999997
32979,0.0,0.0,0.0,1000.0,0,0,0.3207,-0.362,-0.40199999999999997
32980,0.0,0.0,0.0,1000.0,0,0,0.3407,-0.362,-0.40199999999999997
32981,0.0,0.0,0.0,1000.0,0,0,0.3607,-0.362,-0.40199999999999997
32982,0.0,0.0,0.0,1000.0,0,0,0.38070000000000004,-0.362,-0.40199999999999997
32983,0.0,0.0,0.0,1000.0,0,0,0.4007,-0.362,-0.40199999999999997
32984,0.0,0.0,0.0,1000.0,0,0,0.4207,-0.362,-0.40199999999999997
32985,0.0,0.0,0.0,1000.0,0,0,0.44070000000000004,-0.362,-0.40199999999999997
32986,0.0,0.0,0.0,1000.0,0,0,0.4607,-0.362,-0.40199999999999997
32987,0.0,0.0,0.0,1000.0,0,0,0.4807,-0.362,-0.40199999999999997
32988,0.0,0.0,0.0,1000.0,0,0,0.1607,-0.34199999999999997,-0.40199999999999997
32989,0.0,0.0,0.0,1000.0,0,0,0.1807,-0.34199999999999997,-0.40199999999999997
32990,0.0,0.0,0.0,1000.0,0,0,0.20070000000000002,-0.34199999999999997,-0.40199999999999997
32991,0.0,0.0,0.0,1000.0,0,0,0.2207,-0.34199999999999997,-0.40199999999999997
32992,0.0,0.0,0.0,1000.0,0,0,0.24070000000000003,-0.34199999999999997,-0.40199999999999997
32993,0.0,0.0,0.0,1000.0,0,0,0.26070000000000004,-0.34199999999999997,-0.40199999999999997
32994,0.0,0.0,0.0,1000.0,0,0,0.2807,-0.34199999999999997,-0.40199999999999997
32995,0.0,0.0,0.0,1000.0,0,0,0.3007,-0.34199999999999997,-0.40199999999999997
32996,0.0,0.0,0.0,1000.0,0,0,0.3207,-0.34199999999999997,-0.40199999999999997
32997,0.0,0.0,0.0,1000.0,0,0,0.3407,-0.34199999999999997,-0.40199999999999997
32998,0.0,0.0,0.0,1000.0,0,0,0.3607,-0.34199999999999997,-0.40199999999999997
32999,0.0,0.0,0.0,1000.0,0,0,0.38070000000000004,-0.34199999999999997,-0.40199999999999997
33000,0.0,0.0,0.0,1000.0,0,0,0.4007,-0.34199999999999997,-0.40199999999999997
33001,0.0,0.0,0.0,1000.0,0,0,0.4207,-0.34199999999999997,-0.40199999999999997
33002,0.0,0.0,0.0,1000.0,0,0,0.44070000000000004,-0.34199999999999997,-0.40199999999999997
33003,0.0,0.0,0.0,1000.0,0,0,0.4607,-0.34199999999999997,-0.40199999999999997
33004,0.0,0.0,0.0,1000.0,0,0,0.4807,-0.34199999999999997,-0.40199999999999997
33005,0.0,0.0,0.0,1000.0,0,0,0.1607,-0.32199999999999995,-0.40199999999999997
33006,0.0,0.0,0.0,1000.0,0,0,0.1807,-0.32199999999999995,-0.40199999999999997
33007,0.0,0.0,0.0,1000.0,0,0,0.20070000000000002,-0.32199999999999995,-0.40199999999999997
33008,0.0,0.0,0.0,1000.0,0,0,0.2207,-0.32199999999999995,-0.40199999999999997
33009,0.0,0.0,0.0,1000.0,0,0,0.24070000000000003,-0.32199999999999995,-0.40199999999999997
33010,0.0,0.0,0.0,1000.0,0,0,0.26070000000000004,-0.32199999999999995,-0.40199999999999997
33011,0.0,0.0,0.0,1000.0,0,0,0.2807,-0.32199999999999995,-0.40199999999999997
33012,0.0,0.0,0.0,1000.0,0,0,0.3007,-0.32199999999999995,-0.40199999999999997
33013,0.0,0.0,0.0,1000.0,0,0,0.3207,-0.32199999999999995,-0.40199999999999997
33014,0.0,0.0,0.0,1000.0,0,0,0.3407,-0.32199999999999995,-0.40199999999999997
33015,0.0,0.0,0.0,1000.0,0,0,0.3607,-0.32199999999999995,-0.40199999999999997
33016,0.0,0.0,0.0,1000.0,0,0,0.38070000000000004,-0.32199999999999995,-0.40199999999999997
33017,0.0,0.0,0.0,1000.0,0,0,0.4007,-0.32199999999999995,-0.40199999999999997
33018,0.0,0.0,0.0,1000.0,0,0,0.4207,-0.32199999999999995,-0.40199999999999997
33019,0.0,0.0,0.0,1000.0,0,0,0.44070000000000004,-0.32199999999999995,-0.40199999999999997
33020,0.0,0.0,0.0,1000.0,0,0,0.4607,-0.32199999999999995,-0.40199999999999997
33021,0.0,0.0,0.0,1000.0,0,0,0.4807,-0.32199999999999995,-0.40199999999999997
33022,0.0,0.0,0.0,1000.0,0,0,0.1607,-0.302,-0.40199999999999997
33023,0.0,0.0,0.0,1000.0,0,0,0.1807,-0.302,-0.40199999999999997
33024,0.0,0.0,0.0,1000.0,0,0,0.20070000000000002,-0.302,-0.40199999999999997
33025,0.0,0.0,0.0,1000.0,0,0,0.2207,-0.302,-0.40199999999999997
33026,0.0,0.0,0.0,1000.0,0,0,0.24070000000000003,-0.302,-0.40199999999999997
33027,0.0,0.0,0.0,1000.0,0,0,0.26070000000000004,-0.302,-0.40199999999999997
33028,0.0,0.0,0.0,1000.0,0,0,0.2807,-0.302,-0.40199999999999997
33029,0.0,0.0,0.0,1000.0,0,0,0.3007,-0.302,-0.40199999999999997
33030,0.0,0.0,0.0,1000.0,0,0,0.3207,-0.302,-0.40199999999999997
33031,0.0,0.0,0.0,1000.0,0,0,0.3407,-0.302,-0.40199999999999997
33032,0.0,0.0,0.0,1000.0,0,0,0.3607,-0.302,-0.40199999999999997
33033,0.0,0.0,0.0,1000.0,0,0,0.38070000000000004,-0.302,-0.40199999999999997
33034,0.0,0.0,0.0,1000.0,0,0,0.4007,-0.302,-0.40199999999999997
33035,0.0,0.0,0.0,1000.0,0,0,0.4207,-0.302,-0.40199999999999997
33036,0.0,0.0,0.0,1000.0,0,0,0.44070000000000004,-0.302,-0.40199999999999997
33037,0.0,0.0,0.0,1000.0,0,0,0.4607,-0.302,-0.40199999999999997
33038,0.0,0.0,0.0,1000.0,0,0,0.4807,-0.302,-0.40199999999999997
33039,0.0,0.0,0.0,1000.0,0,0,0.1607,-0.282,-0.40199999999999997
33040,0.0,0.0,0.0,1000.0,0,0,0.1807,-0.282,-0.40199999999999997
33041,0.0,0.0,0.0,1000.0,0,0,0.20070000000000002,-0.282,-0.40199999999999997
33042,0.0,0.0,0.0,1000.0,0,0,0.2207,-0.282,-0.40199999999999997
33043,0.0,0.0,0.0,1000.0,0,0,0.24070000000000003,-0.282,-0.40199999999999997
33044,0.0,0.0,0.0,1000.0,0,0,0.26070000000000004,-0.282,-0.40199999999999997
33045,0.0,0.0,0.0,1000.0,0,0,0.2807,-0.282,-0.40199999999999997
33046,0.0,0.0,0.0,1000.0,0,0,0.3007,-0.282,-0.40199999999999997
33047,0.0,0.0,0.0,1000.0,0,0,0.3207,-0.282,-0.40199999999999997
33048,0.0,0.0,0.0,1000.0,0,0,0.3407,-0.282,-0.40199999999999997
33049,0.0,0.0,0.0,1000.0,0,0,0.3607,-0.282,-0.40199999999999997
33050,0.0,0.0,0.0,1000.0,0,0,0.38070000000000004,-0.282,-0.40199999999999997
33051,0.0,0.0,0.0,1000.0,0,0,0.4007,-0.282,-0.40199999999999997
33052,0.0,0.0,0.0,1000.0,0,0,0.4207,-0.282,-0.40199999999999997
33053,0.0,0.0,0.0,1000.0,0,0,0.44070000000000004,-0.282,-0.40199999999999997
33054,0.0,0.0,0.0,1000.0,0,0,0.4607,-0.282,-0.40199999999999997
33055,0.0,0.0,0.0,1000.0,0,0,0.4807,-0.282,-0.40199999999999997
33056,0.0,0.0,0.0,1000.0,0,0,0.1607,-0.262,-0.40199999999999997
33057,0.0,0.0,0.0,1000.0,0,0,0.1807,-0.262,-0.40199999999999997
33058,0.0,0.0,0.0,1000.0,0,0,0.20070000000000002,-0.262,-0.40199999999999997
33059,0.0,0.0,0.0,1000.0,0,0,0.2207,-0.262,-0.40199999999999997
33060,0.0,0.0,0.0,1000.0,0,0,0.24070000000000003,-0.262,-0.40199999999999997
33061,0.0,0.0,0.0,1000.0,0,0,0.26070000000000004,-0.262,-0.40199999999999997
33062,0.0,0.0,0.0,1000.0,0,0,0.2807,-0.262,-0.40199999999999997
33063,0.0,0.0,0.0,1000.0,0,0,0.3007,-0.262,-0.40199999999999997
33064,0.0,0.0,0.0,1000.0,0,0,0.3207,-0.262,-0.40199999999999997
33065,0.0,0.0,0.0,1000.0,0,0,0.3407,-0.262,-0.40199999999999997
33066,0.0,0.0,0.0,1000.0,0,0,0.3607,-0.262,-0.40199999999999997
33067,0.0,0.0,0.0,1000.0,0,0,0.38070000000000004,-0.262,-0.40199999999999997
33068,0.0,0.0,0.0,1000.0,0,0,0.4007,-0.262,-0.40199999999999997
33069,0.0,0.0,0.0,1000.0,0,0,0.4207,-0.262,-0.40199999999999997
33070,0.0,0.0,0.0,1000.0,0,0,0.44070000000000004,-0.262,-0.40199999999999997
33071,0.0,0.0,0.0,1000.0,0,0,0.4607,-0.262,-0.40199999999999997
33072,0.0,0.0,0.0,1000.0,0,0,0.4807,-0.262,-0.40199999999999997
33073,0.0,0.0,0.0,1000.0,0,0,0.1607,-0.242,-0.40199999999999997
33074,0.0,0.0,0.0,1000.0,0,0,0.1807,-0.242,-0.40199999999999997
33075,0.0,0.0,0.0,1000.0,0,0,0.20070000000000002,-0.242,-0.40199999999999997
33076,0.0,0.0,0.0,1000.0,0,0,0.2207,-0.242,-0.40199999999999997
33077,0.0,0.0,0.0,1000.0,0,0,0.24070000000000003,-0.242,-0.40199999999999997
33078,0.0,0.0,0.0,1000.0,0,0,0.26070000000000004,-0.242,-0.40199999999999997
33079,0.0,0.0,0.0,1000.0,0,0,0.2807,-0.242,-0.40199999999999997
33080,0.0,0.0,0.0,1000.0,0,0,0.3007,-0.242,-0.40199999999999997
33081,0.0,0.0,0.0,1000.0,0,0,0.3207,-0.242,-0.40199999999999997
33082,0.0,0.0,0.0,1000.0,0,0,0.3407,-0.242,-0.40199999999999997
33083,0.0,0.0,0.0,1000.0,0,0,0.3607,-0.242,-0.40199999999999997
33084,0.0,0.0,0.0,1000.0,0,0,0.38070000000000004,-0.242,-0.40199999999999997
33085,0.0,0.0,0.0,1000.0,0,0,0.4007,-0.242,-0.40199999999999997
33086,0.0,0.0,0.0,1000.0,0,0,0.4207,-0.242,-0.40199999999999997
33087,0.0,0.0,0.0,1000.0,0,0,0.44070000000000004,-0.242,-0.40199999999999997
33088,0.0,0.0,0.0,1000.0,0,0,0.4607,-0.242,-0.40199999999999997
33089,0.0,0.0,0.0,1000.0,0,0,0.4807,-0.242,-0.40199999999999997
33090,0.0,0.0,0.0,1000.0,0,0,0.1607,-0.22199999999999998,-0.40199999999999997
33091,0.0,0.0,0.0,1000.0,0,0,0.1807,-0.22199999999999998,-0.40199999999999997
33092,0.0,0.0,0.0,1000.0,0,0,0.20070000000000002,-0.22199999999999998,-0.40199999999999997
33093,0.0,0.0,0.0,1000.0,0,0,0.2207,-0.22199999999999998,-0.40199999999999997
33094,0.0,0.0,0.0,1000.0,0,0,0.24070000000000003,-0.22199999999999998,-0.40199999999999997
33095,0.0,0.0,0.0,1000.0,0,0,0.26070000000000004,-0.22199999999999998,-0.40199999999999997
33096,0.0,0.0,0.0,1000.0,0,0,0.2807,-0.22199999999999998,-0.40199999999999997
33097,0.0,0.0,0.0,1000.0,0,0,0.3007,-0.22199999999999998,-0.40199999999999997
33098,0.0,0.0,0.0,1000.0,0,0,0.3207,-0.22199999999999998,-0.40199999999999997
33099,0.0,0.0,0.0,1000.0,0,0,0.3407,-0.22199999999999998,-0.40199999999999997
33100,0.0,0.0,0.0,1000.0,0,0,0.3607,-0.22199999999999998,-0.40199999999999997
33101,0.0,0.0,0.0,1000.0,0,0,0.38070000000000004,-0.22199999999999998,-0.40199999999999997
33102,0.0,0.0,0.0,1000.0,0,0,0.4007,-0.22199999999999998,-0.40199999999999997
33103,0.0,0.0,0.0,1000.0,0,0,0.4207,-0.22199999999999998,-0.40199999999999997
33104,0.0,0.0,0.0,1000.0,0,0,0.44070000000000004,-0.22199999999999998,-0.40199999999999997
33105,0.0,0.0,0.0,1000.0,0,0,0.4607,-0.22199999999999998,-0.40199999999999997
33106,0.0,0.0,0.0,1000.0,0,0,0.4807,-0.22199999999999998,-0.40199999999999997
33107,0.0,0.0,0.0,1000.0,0,0,0.1607,-0.20199999999999996,-0.40199999999999997
33108,0.0,0.0,0.0,1000.0,0,0,0.1807,-0.20199999999999996,-0.40199999999999997
33109,0.0,0.0,0.0,1000.0,0,0,0.20070000000000002,-0.20199999999999996,-0.40199999999999997
33110,0.0,0.0,0.0,1000.0,0,0,0.2207,-0.20199999999999996,-0.40199999999999997
33111,0.0,0.0,0.0,1000.0,0,0,0.24070000000000003,-0.20199999999999996,-0.40199999999999997
33112,0.0,0.0,0.0,1000.0,0,0,0.26070000000000004,-0.20199999999999996,-0.40199999999999997
33113,0.0,0.0,0.0,1000.0,0,0,0.2807,-0.20199999999999996,-0.40199999999999997
33114,0.0,0.0,0.0,1000.0,0,0,0.3007,-0.20199999999999996,-0.40199999999999997
33115,0.0,0.0,0.0,1000.0,0,0,0.3207,-0.20199999999999996,-0.40199999999999997
33116,0.0,0.0,0.0,1000.0,0,0,0.3407,-0.20199999999999996,-0.40199999999999997
33117,0.0,0.0,0.0,1000.0,0,0,0.3607,-0.20199999999999996,-0.40199999999999997
33118,0.0,0.0,0.0,1000.0,0,0,0.38070000000000004,-0.20199999999999996,-0.40199999999999997
33119,0.0,0.0,0.0,1000.0,0,0,0.4007,-0.20199999999999996,-0.40199999999999997
33120,0.0,0.0,0.0,1000.0,0,0,0.4207,-0.20199999999999996,-0.40199999999999997
33121,0.0,0.0,0.0,1000.0,0,0,0.44070000000000004,-0.20199999999999996,-0.40199999999999997
33122,0.0,0.0,0.0,1000.0,0,0,0.4607,-0.20199999999999996,-0.40199999999999997
33123,0.0,0.0,0.0,1000.0,0,0,0.4807,-0.20199999999999996,-0.40199999999999997
33124,0.0,0.0,0.0,1000.0,0,0,0.1607,-0.182,-0.40199999999999997
33125,0.0,0.0,0.0,1000.0,0,0,0.1807,-0.182,-0.40199999999999997
33126,0.0,0.0,0.0,1000.0,0,0,0.20070000000000002,-0.182,-0.40199999999999997
33127,0.0,0.0,0.0,1000.0,0,0,0.2207,-0.182,-0.40199999999999997
33128,0.0,0.0,0.0,1000.0,0,0,0.24070000000000003,-0.182,-0.40199999999999997
33129,0.0,0.0,0.0,1000.0,0,0,0.26070000000000004,-0.182,-0.40199999999999997
33130,0.0,0.0,0.0,1000.0,0,0,0.2807,-0.182,-0.40199999999999997
33131,0.0,0.0,0.0,1000.0,0,0,0.3007,-0.182,-0.40199999999999997
33132,0.0,0.0,0.0,1000.0,0,0,0.3207,-0.182,-0.40199999999999997
33133,0.0,0.0,0.0,1000.0,0,0,0.3407,-0.182,-0.40199999999999997
33134,0.0,0.0,0.0,1000.0,0,0,0.3607,-0.182,-0.40199999999999997
33135,0.0,0.0,0.0,1000.0,0,0,0.38070000000000004,-0.182,-0.40199999999999997
33136,0.0,0.0,0.0,1000.0,0,0,0.4007,-0.182,-0.40199999999999997
33137,0.0,0.0,0.0,1000.0,0,0,0.4207,-0.182,-0.40199999999999997
33138,0.0,0.0,0.0,1000.0,0,0,0.44070000000000004,-0.182,-0.40199999999999997
33139,0.0,0.0,0.0,1000.0,0,0,0.4607,-0.182,-0.40199999999999997
33140,0.0,0.0,0.0,1000.0,0,0,0.4807,-0.182,-0.40199999999999997
33141,0.0,0.0,0.0,1000.0,0,0,0.1607,-0.16199999999999998,-0.40199999999999997
33142,0.0,0.0,0.0,1000.0,0,0,0.1807,-0.16199999999999998,-0.40199999999999997
33143,0.0,0.0,0.0,1000.0,0,0,0.20070000000000002,-0.16199999999999998,-0.40199999999999997
33144,0.0,0.0,0.0,1000.0,0,0,0.2207,-0.16199999999999998,-0.40199999999999997
33145,0.0,0.0,0.0,1000.0,0,0,0.24070000000000003,-0.16199999999999998,-0.40199999999999997
33146,0.0,0.0,0.0,1000.0,0,0,0.26070000000000004,-0.16199999999999998,-0.40199999999999997
33147,0.0,0.0,0.0,1000.0,0,0,0.2807,-0.16199999999999998,-0.40199999999999997
33148,0.0,0.0,0.0,1000.0,0,0,0.3007,-0.16199999999999998,-0.40199999999999997
33149,0.0,0.0,0.0,1000.0,0,0,0.3207,-0.16199999999999998,-0.40199999999999997
33150,0.0,0.0,0.0,1000.0,0,0,0.3407,-0.16199999999999998,-0.40199999999999997
33151,0.0,0.0,0.0,1000.0,0,0,0.3607,-0.16199999999999998,-0.40199999999999997
33152,0.0,0.0,0.0,1000.0,0,0,0.38070000000000004,-0.16199999999999998,-0.40199999999999997
33153,0.0,0.0,0.0,1000.0,0,0,0.4007,-0.16199999999999998,-0.40199999999999997
33154,0.0,0.0,0.0,1000.0,0,0,0.4207,-0.16199999999999998,-0.40199999999999997
33155,0.0,0.0,0.0,1000.0,0,0,0.44070000000000004,-0.16199999999999998,-0.40199999999999997
33156,0.0,0.0,0.0,1000.0,0,0,0.4607,-0.16199999999999998,-0.40199999999999997
33157,0.0,0.0,0.0,1000.0,0,0,0.4807,-0.16199999999999998,-0.40199999999999997
33158,0.0,0.0,0.0,1000.0,0,0,0.1607,-0.14199999999999996,-0.40199999999999997
33159,0.0,0.0,0.0,1000.0,0,0,0.1807,-0.14199999999999996,-0.40199999999999997
33160,0.0,0.0,0.0,1000.0,0,0,0.20070000000000002,-0.14199999999999996,-0.40199999999999997
33161,0.0,0.0,0.0,1000.0,0,0,0.2207,-0.14199999999999996,-0.40199999999999997
33162,0.0,0.0,0.0,1000.0,0,0,0.24070000000000003,-0.14199999999999996,-0.40199999999999997
33163,0.0,0.0,0.0,1000.0,0,0,0.26070000000000004,-0.14199999999999996,-0.40199999999999997
33164,0.0,0.0,0.0,1000.0,0,0,0.2807,-0.14199999999999996,-0.40199999999999997
33165,0.0,0.0,0.0,1000.0,0,0,0.3007,-0.14199999999999996,-0.40199999999999997
33166,0.0,0.0,0.0,1000.0,0,0,0.3207,-0.14199999999999996,-0.40199999999999997
33167,0.0,0.0,0.0,1000.0,0,0,0.3407,-0.14199999999999996,-0.40199999999999997
33168,0.0,0.0,0.0,1000.0,0,0,0.3607,-0.14199999999999996,-0.40199999999999997
33169,0.0,0.0,0.0,1000.0,0,0,0.38070000000000004,-0.14199999999999996,-0.40199999999999997
33170,0.0,0.0,0.0,1000.0,0,0,0.4007,-0.14199999999999996,-0.40199999999999997
33171,0.0,0.0,0.0,1000.0,0,0,0.4207,-0.14199999999999996,-0.40199999999999997
33172,0.0,0.0,0.0,1000.0,0,0,0.44070000000000004,-0.14199999999999996,-0.40199999999999997
33173,0.0,0.0,0.0,1000.0,0,0,0.4607,-0.14199999999999996,-0.40199999999999997
33174,0.0,0.0,0.0,1000.0,0,0,0.4807,-0.14199999999999996,-0.40199999999999997
33175,0.0,0.0,0.0,1000.0,0,0,0.1607,-0.122,-0.40199999999999997
33176,0.0,0.0,0.0,1000.0,0,0,0.1807,-0.122,-0.40199999999999997
33177,0.0,0.0,0.0,1000.0,0,0,0.20070000000000002,-0.122,-0.40199999999999997
33178,0.0,0.0,0.0,1000.0,0,0,0.2207,-0.122,-0.40199999999999997
33179,0.0,0.0,0.0,1000.0,0,0,0.24070000000000003,-0.122,-0.40199999999999997
33180,0.0,0.0,0.0,1000.0,0,0,0.26070000000000004,-0.122,-0.40199999999999997
33181,0.0,0.0,0.0,1000.0,0,0,0.2807,-0.122,-0.40199999999999997
33182,0.0,0.0,0.0,1000.0,0,0,0.3007,-0.122,-0.40199999999999997
33183,0.0,0.0,0.0,1000.0,0,0,0.3207,-0.122,-0.40199999999999997
33184,0.0,0.0,0.0,1000.0,0,0,0.3407,-0.122,-0.40199999999999997
33185,0.0,0.0,0.0,1000.0,0,0,0.3607,-0.122,-0.40199999999999997
33186,0.0,0.0,0.0,1000.0,0,0,0.38070000000000004,-0.122,-0.40199999999999997
33187,0.0,0.0,0.0,1000.0,0,0,0.4007,-0.122,-0.40199999999999997
33188,0.0,0.0,0.0,1000.0,0,0,0.4207,-0.122,-0.40199999999999997
33189,0.0,0.0,0.0,1000.0,0,0,0.44070000000000004,-0.122,-0.40199999999999997
33190,0.0,0.0,0.0,1000.0,0,0,0.4607,-0.122,-0.40199999999999997
33191,0.0,0.0,0.0,1000.0,0,0,0.4807,-0.122,-0.40199999999999997
33192,0.0,0.0,0.0,1000.0,0,0,0.1607,-0.10199999999999998,-0.40199999999999997
33193,0.0,0.0,0.0,1000.0,0,0,0.1807,-0.10199999999999998,-0.40199999999999997
33194,0.0,0.0,0.0,1000.0,0,0,0.20070000000000002,-0.10199999999999998,-0.40199999999999997
33195,0.0,0.0,0.0,1000.0,0,0,0.2207,-0.10199999999999998,-0.40199999999999997
33196,0.0,0.0,0.0,1000.0,0,0,0.24070000000000003,-0.10199999999999998,-0.40199999999999997
33197,0.0,0.0,0.0,1000.0,0,0,0.26070000000000004,-0.10199999999999998,-0.40199999999999997
33198,0.0,0.0,0.0,1000.0,0,0,0.2807,-0.10199999999999998,-0.40199999999999997
33199,0.0,0.0,0.0,1000.0,0,0,0.3007,-0.10199999999999998,-0.40199999999999997
33200,0.0,0.0,0.0,1000.0,0,0,0.3207,-0.10199999999999998,-0.40199999999999997
33201,0.0,0.0,0.0,1000.0,0,0,0.3407,-0.10199999999999998,-0.40199999999999997
33202,0.0,0.0,0.0,1000.0,0,0,0.3607,-0.10199999999999998,-0.40199999999999997
33203,0.0,0.0,0.0,1000.0,0,0,0.38070000000000004,-0.10199999999999998,-0.40199999999999997
33204,0.0,0.0,0.0,1000.0,0,0,0.4007,-0.10199999999999998,-0.40199999999999997
33205,0.0,0.0,0.0,1000.0,0,0,0.4207,-0.10199999999999998,-0.40199999999999997
33206,0.0,0.0,0.0,1000.0,0,0,0.44070000000000004,-0.10199999999999998,-0.40199999999999997
33207,0.0,0.0,0.0,1000.0,0,0,0.4607,-0.10199999999999998,-0.40199999999999997
33208,0.0,0.0,0.0,1000.0,0,0,0.4807,-0.10199999999999998,-0.40199999999999997
33209,0.0,0.0,0.0,1000.0,0,0,0.1607,-0.08199999999999996,-0.40199999999999997
33210,0.0,0.0,0.0,1000.0,0,0,0.1807,-0.08199999999999996,-0.40199999999999997
33211,0.0,0.0,0.0,1000.0,0,0,0.20070000000000002,-0.08199999999999996,-0.40199999999999997
33212,0.0,0.0,0.0,1000.0,0,0,0.2207,-0.08199999999999996,-0.40199999999999997
33213,0.0,0.0,0.0,1000.0,0,0,0.24070000000000003,-0.08199999999999996,-0.40199999999999997
33214,0.0,0.0,0.0,1000.0,0,0,0.26070000000000004,-0.08199999999999996,-0.40199999999999997
33215,0.0,0.0,0.0,1000.0,0,0,0.2807,-0.08199999999999996,-0.40199999999999997
33216,0.0,0.0,0.0,1000.0,0,0,0.3007,-0.08199999999999996,-0.40199999999999997
33217,0.0,0.0,0.0,1000.0,0,0,0.3207,-0.08199999999999996,-0.40199999999999997
33218,0.0,0.0,0.0,1000.0,0,0,0.3407,-0.08199999999999996,-0.40199999999999997
33219,0.0,0.0,0.0,1000.0,0,0,0.3607,-0.08199999999999996,-0.40199999999999997
33220,0.0,0.0,0.0,1000.0,0,0,0.38070000000000004,-0.08199999999999996,-0.40199999999999997
33221,0.0,0.0,0.0,1000.0,0,0,0.4007,-0.08199999999999996,-0.40199999999999997
33222,0.0,0.0,0.0,1000.0,0,0,0.4207,-0.08199999999999996,-0.40199999999999997
33223,0.0,0.0,0.0,1000.0,0,0,0.44070000000000004,-0.08199999999999996,-0.40199999999999997
33224,0.0,0.0,0.0,1000.0,0,0,0.4607,-0.08199999999999996,-0.40199999999999997
33225,0.0,0.0,0.0,1000.0,0,0,0.4807,-0.08199999999999996,-0.40199999999999997
33226,0.0,0.0,0.0,1000.0,0,0,0.1607,-0.062,-0.40199999999999997
33227,0.0,0.0,0.0,1000.0,0,0,0.1807,-0.062,-0.40199999999999997
33228,0.0,0.0,0.0,1000.0,0,0,0.20070000000000002,-0.062,-0.40199999999999997
33229,0.0,0.0,0.0,1000.0,0,0,0.2207,-0.062,-0.40199999999999997
33230,0.0,0.0,0.0,1000.0,0,0,0.24070000000000003,-0.062,-0.40199999999999997
33231,0.0,0.0,0.0,1000.0,0,0,0.26070000000000004,-0.062,-0.40199999999999997
33232,0.0,0.0,0.0,1000.0,0,0,0.2807,-0.062,-0.40199999999999997
33233,0.0,0.0,0.0,1000.0,0,0,0.3007,-0.062,-0.40199999999999997
33234,0.0,0.0,0.0,1000.0,0,0,0.3207,-0.062,-0.40199999999999997
33235,0.0,0.0,0.0,1000.0,0,0,0.3407,-0.062,-0.40199999999999997
33236,0.0,0.0,0.0,1000.0,0,0,0.3607,-0.062,-0.40199999999999997
33237,0.0,0.0,0.0,1000.0,0,0,0.38070000000000004,-0.062,-0.40199999999999997
33238,0.0,0.0,0.0,1000.0,0,0,0.4007,-0.062,-0.40199999999999997
33239,0.0,0.0,0.0,1000.0,0,0,0.4207,-0.062,-0.40199999999999997
33240,0.0,0.0,0.0,1000.0,0,0,0.44070000000000004,-0.062,-0.40199999999999997
33241,0.0,0.0,0.0,1000.0,0,0,0.4607,-0.062,-0.40199999999999997
33242,0.0,0.0,0.0,1000.0,0,0,0.4807,-0.062,-0.40199999999999997
33243,0.0,0.0,0.0,1000.0,0,0,0.1607,-0.04199999999999998,-0.40199999999999997
33244,0.0,0.0,0.0,1000.0,0,0,0.1807,-0.04199999999999998,-0.40199999999999997
33245,0.0,0.0,0.0,1000.0,0,0,0.20070000000000002,-0.04199999999999998,-0.40199999999999997
33246,0.0,0.0,0.0,1000.0,0,0,0.2207,-0.04199999999999998,-0.40199999999999997
33247,0.0,0.0,0.0,1000.0,0,0,0.24070000000000003,-0.04199999999999998,-0.40199999999999997
33248,0.0,0.0,0.0,1000.0,0,0,0.26070000000000004,-0.04199999999999998,-0.40199999999999997
33249,0.0,0.0,0.0,1000.0,0,0,0.2807,-0.04199999999999998,-0.40199999999999997
33250,0.0,0.0,0.0,1000.0,0,0,0.3007,-0.04199999999999998,-0.40199999999999997
33251,0.0,0.0,0.0,1000.0,0,0,0.3207,-0.04199999999999998,-0.40199999999999997
33252,0.0,0.0,0.0,1000.0,0,0,0.3407,-0.04199999999999998,-0.40199999999999997
33253,0.0,0.0,0.0,1000.0,0,0,0.3607,-0.04199999999999998,-0.40199999999999997
33254,0.0,0.0,0.0,1000.0,0,0,0.38070000000000004,-0.04199999999999998,-0.40199999999999997
33255,0.0,0.0,0.0,1000.0,0,0,0.4007,-0.04199999999999998,-0.40199999999999997
33256,0.0,0.0,0.0,1000.0,0,0,0.4207,-0.04199999999999998,-0.40199999999999997
33257,0.0,0.0,0.0,1000.0,0,0,0.44070000000000004,-0.04199999999999998,-0.40199999999999997
33258,0.0,0.0,0.0,1000.0,0,0,0.4607,-0.04199999999999998,-0.40199999999999997
33259,0.0,0.0,0.0,1000.0,0,0,0.4807,-0.04199999999999998,-0.40199999999999997
33260,0.0,0.0,0.0,1000.0,0,0,0.1607,-0.021999999999999964,-0.40199999999999997
33261,0.0,0.0,0.0,1000.0,0,0,0.1807,-0.021999999999999964,-0.40199999999999997
33262,0.0,0.0,0.0,1000.0,0,0,0.20070000000000002,-0.021999999999999964,-0.40199999999999997
33263,0.0,0.0,0.0,1000.0,0,0,0.2207,-0.021999999999999964,-0.40199999999999997
33264,0.0,0.0,0.0,1000.0,0,0,0.24070000000000003,-0.021999999999999964,-0.40199999999999997
33265,0.0,0.0,0.0,1000.0,0,0,0.26070000000000004,-0.021999999999999964,-0.40199999999999997
33266,0.0,0.0,0.0,1000.0,0,0,0.2807,-0.021999999999999964,-0.40199999999999997
33267,0.0,0.0,0.0,1000.0,0,0,0.3007,-0.021999999999999964,-0.40199999999999997
33268,0.0,0.0,0.0,1000.0,0,0,0.3207,-0.021999999999999964,-0.40199999999999997
33269,0.0,0.0,0.0,1000.0,0,0,0.3407,-0.021999999999999964,-0.40199999999999997
33270,0.0,0.0,0.0,1000.0,0,0,0.3607,-0.021999999999999964,-0.40199999999999997
33271,0.0,0.0,0.0,1000.0,0,0,0.38070000000000004,-0.021999999999999964,-0.40199999999999997
33272,0.0,0.0,0.0,1000.0,0,0,0.4007,-0.021999999999999964,-0.40199999999999997
33273,0.0,0.0,0.0,1000.0,0,0,0.4207,-0.021999999999999964,-0.40199999999999997
33274,0.0,0.0,0.0,1000.0,0,0,0.44070000000000004,-0.021999999999999964,-0.40199999999999997
33275,0.0,0.0,0.0,1000.0,0,0,0.4607,-0.021999999999999964,-0.40199999999999997
33276,0.0,0.0,0.0,1000.0,0,0,0.4807,-0.021999999999999964,-0.40199999999999997
33277,0.0,0.0,0.0,1000.0,0,0,0.1607,-0.0020000000000000018,-0.40199999999999997
33278,0.0,0.0,0.0,1000.0,0,0,0.1807,-0.0020000000000000018,-0.40199999999999997
33279,0.0,0.0,0.0,1000.0,0,0,0.20070000000000002,-0.0020000000000000018,-0.40199999999999997
33280,0.0,0.0,0.0,1000.0,0,0,0.2207,-0.0020000000000000018,-0.40199999999999997
33281,0.0,0.0,0.0,1000.0,0,0,0.24070000000000003,-0.0020000000000000018,-0.40199999999999997
33282,0.0,0.0,0.0,1000.0,0,0,0.26070000000000004,-0.0020000000000000018,-0.40199999999999997
33283,0.0,0.0,0.0,1000.0,0,0,0.2807,-0.0020000000000000018,-0.40199999999999997
33284,0.0,0.0,0.0,1000.0,0,0,0.3007,-0.0020000000000000018,-0.40199999999999997
33285,0.0,0.0,0.0,1000.0,0,0,0.3207,-0.0020000000000000018,-0.40199999999999997
33286,0.0,0.0,0.0,1000.0,0,0,0.3407,-0.0020000000000000018,-0.40199999999999997
33287,0.0,0.0,0.0,1000.0,0,0,0.3607,-0.0020000000000000018,-0.40199999999999997
33288,0.0,0.0,0.0,1000.0,0,0,0.38070000000000004,-0.0020000000000000018,-0.40199999999999997
33289,0.0,0.0,0.0,1000.0,0,0,0.4007,-0.0020000000000000018,-0.40199999999999997
33290,0.0,0.0,0.0,1000.0,0,0,0.4207,-0.0020000000000000018,-0.40199999999999997
33291,0.0,0.0,0.0,1000.0,0,0,0.44070000000000004,-0.0020000000000000018,-0.40199999999999997
33292,0.0,0.0,0.0,1000.0,0,0,0.4607,-0.0020000000000000018,-0.40199999999999997
33293,0.0,0.0,0.0,1000.0,0,0,0.4807,-0.0020000000000000018,-0.40199999999999997
33294,0.0,0.0,0.0,1000.0,0,0,0.1607,0.018000000000000016,-0.40199999999999997
33295,0.0,0.0,0.0,1000.0,0,0,0.1807,0.018000000000000016,-0.40199999999999997
33296,0.0,0.0,0.0,1000.0,0,0,0.20070000000000002,0.018000000000000016,-0.40199999999999997
33297,0.0,0.0,0.0,1000.0,0,0,0.2207,0.018000000000000016,-0.40199999999999997
33298,0.0,0.0,0.0,1000.0,0,0,0.24070000000000003,0.018000000000000016,-0.40199999999999997
33299,0.0,0.0,0.0,1000.0,0,0,0.26070000000000004,0.018000000000000016,-0.40199999999999997
33300,0.0,0.0,0.0,1000.0,0,0,0.2807,0.018000000000000016,-0.40199999999999997
33301,0.0,0.0,0.0,1000.0,0,0,0.3007,0.018000000000000016,-0.40199999999999997
33302,0.0,0.0,0.0,1000.0,0,0,0.3207,0.018000000000000016,-0.40199999999999997
33303,0.0,0.0,0.0,1000.0,0,0,0.3407,0.018000000000000016,-0.40199999999999997
33304,0.0,0.0,0.0,1000.0,0,0,0.3607,0.018000000000000016,-0.40199999999999997
33305,0.0,0.0,0.0,1000.0,0,0,0.38070000000000004,0.018000000000000016,-0.40199999999999997
33306,0.0,0.0,0.0,1000.0,0,0,0.4007,0.018000000000000016,-0.40199999999999997
33307,0.0,0.0,0.0,1000.0,0,0,0.4207,0.018000000000000016,-0.40199999999999997
33308,0.0,0.0,0.0,1000.0,0,0,0.44070000000000004,0.018000000000000016,-0.40199999999999997
33309,0.0,0.0,0.0,1000.0,0,0,0.4607,0.018000000000000016,-0.40199999999999997
33310,0.0,0.0,0.0,1000.0,0,0,0.4807,0.018000000000000016,-0.40199999999999997
33311,0.0,0.0,0.0,1000.0,0,0,0.1607,0.038000000000000034,-0.40199999999999997
33312,0.0,0.0,0.0,1000.0,0,0,0.1807,0.038000000000000034,-0.40199999999999997
33313,0.0,0.0,0.0,1000.0,0,0,0.20070000000000002,0.038000000000000034,-0.40199999999999997
33314,0.0,0.0,0.0,1000.0,0,0,0.2207,0.038000000000000034,-0.40199999999999997
33315,0.0,0.0,0.0,1000.0,0,0,0.24070000000000003,0.038000000000000034,-0.40199999999999997
33316,0.0,0.0,0.0,1000.0,0,0,0.26070000000000004,0.038000000000000034,-0.40199999999999997
33317,0.0,0.0,0.0,1000.0,0,0,0.2807,0.038000000000000034,-0.40199999999999997
33318,0.0,0.0,0.0,1000.0,0,0,0.3007,0.038000000000000034,-0.40199999999999997
33319,0.0,0.0,0.0,1000.0,0,0,0.3207,0.038000000000000034,-0.40199999999999997
33320,0.0,0.0,0.0,1000.0,0,0,0.3407,0.038000000000000034,-0.40199999999999997
33321,0.0,0.0,0.0,1000.0,0,0,0.3607,0.038000000000000034,-0.40199999999999997
33322,0.0,0.0,0.0,1000.0,0,0,0.38070000000000004,0.038000000000000034,-0.40199999999999997
33323,0.0,0.0,0.0,1000.0,0,0,0.4007,0.038000000000000034,-0.40199999999999997
33324,0.0,0.0,0.0,1000.0,0,0,0.4207,0.038000000000000034,-0.40199999999999997
33325,0.0,0.0,0.0,1000.0,0,0,0.44070000000000004,0.038000000000000034,-0.40199999999999997
33326,0.0,0.0,0.0,1000.0,0,0,0.4607,0.038000000000000034,-0.40199999999999997
33327,0.0,0.0,0.0,1000.0,0,0,0.4807,0.038000000000000034,-0.40199999999999997
33328,0.0,0.0,0.0,1000.0,0,0,0.1607,0.05800000000000005,-0.40199999999999997
33329,0.0,0.0,0.0,1000.0,0,0,0.1807,0.05800000000000005,-0.40199999999999997
33330,0.0,0.0,0.0,1000.0,0,0,0.20070000000000002,0.05800000000000005,-0.40199999999999997
33331,0.0,0.0,0.0,1000.0,0,0,0.2207,0.05800000000000005,-0.40199999999999997
33332,0.0,0.0,0.0,1000.0,0,0,0.24070000000000003,0.05800000000000005,-0.40199999999999997
33333,0.0,0.0,0.0,1000.0,0,0,0.26070000000000004,0.05800000000000005,-0.40199999999999997
33334,0.0,0.0,0.0,1000.0,0,0,0.2807,0.05800000000000005,-0.40199999999999997
33335,0.0,0.0,0.0,1000.0,0,0,0.3007,0.05800000000000005,-0.40199999999999997
33336,0.0,0.0,0.0,1000.0,0,0,0.3207,0.05800000000000005,-0.40199999999999997
33337,0.0,0.0,0.0,1000.0,0,0,0.3407,0.05800000000000005,-0.40199999999999997
33338,0.0,0.0,0.0,1000.0,0,0,0.3607,0.05800000000000005,-0.40199999999999997
33339,0.0,0.0,0.0,1000.0,0,0,0.38070000000000004,0.05800000000000005,-0.40199999999999997
33340,0.0,0.0,0.0,1000.0,0,0,0.4007,0.05800000000000005,-0.40199999999999997
33341,0.0,0.0,0.0,1000.0,0,0,0.4207,0.05800000000000005,-0.40199999999999997
33342,0.0,0.0,0.0,1000.0,0,0,0.44070000000000004,0.05800000000000005,-0.40199999999999997
33343,0.0,0.0,0.0,1000.0,0,0,0.4607,0.05800000000000005,-0.40199999999999997
33344,0.0,0.0,0.0,1000.0,0,0,0.4807,0.05800000000000005,-0.40199999999999997
33345,0.0,0.0,0.0,1000.0,0,0,0.1607,0.07800000000000007,-0.40199999999999997
33346,0.0,0.0,0.0,1000.0,0,0,0.1807,0.07800000000000007,-0.40199999999999997
33347,0.0,0.0,0.0,1000.0,0,0,0.20070000000000002,0.07800000000000007,-0.40199999999999997
33348,0.0,0.0,0.0,1000.0,0,0,0.2207,0.07800000000000007,-0.40199999999999997
33349,0.0,0.0,0.0,1000.0,0,0,0.24070000000000003,0.07800000000000007,-0.40199999999999997
33350,0.0,0.0,0.0,1000.0,0,0,0.26070000000000004,0.07800000000000007,-0.40199999999999997
33351,0.0,0.0,0.0,1000.0,0,0,0.2807,0.07800000000000007,-0.40199999999999997
33352,0.0,0.0,0.0,1000.0,0,0,0.3007,0.07800000000000007,-0.40199999999999997
33353,0.0,0.0,0.0,1000.0,0,0,0.3207,0.07800000000000007,-0.40199999999999997
33354,0.0,0.0,0.0,1000.0,0,0,0.3407,0.07800000000000007,-0.40199999999999997
33355,0.0,0.0,0.0,1000.0,0,0,0.3607,0.07800000000000007,-0.40199999999999997
33356,0.0,0.0,0.0,1000.0,0,0,0.38070000000000004,0.07800000000000007,-0.40199999999999997
33357,0.0,0.0,0.0,1000.0,0,0,0.4007,0.07800000000000007,-0.40199999999999997
33358,0.0,0.0,0.0,1000.0,0,0,0.4207,0.07800000000000007,-0.40199999999999997
33359,0.0,0.0,0.0,1000.0,0,0,0.44070000000000004,0.07800000000000007,-0.40199999999999997
33360,0.0,0.0,0.0,1000.0,0,0,0.4607,0.07800000000000007,-0.40199999999999997
33361,0.0,0.0,0.0,1000.0,0,0,0.4807,0.07800000000000007,-0.40199999999999997
33362,0.0,0.0,0.0,1000.0,0,0,0.1607,0.09799999999999998,-0.40199999999999997
33363,0.0,0.0,0.0,1000.0,0,0,0.1807,0.09799999999999998,-0.40199999999999997
33364,0.0,0.0,0.0,1000.0,0,0,0.20070000000000002,0.09799999999999998,-0.40199999999999997
33365,0.0,0.0,0.0,1000.0,0,0,0.2207,0.09799999999999998,-0.40199999999999997
33366,0.0,0.0,0.0,1000.0,0,0,0.24070000000000003,0.09799999999999998,-0.40199999999999997
33367,0.0,0.0,0.0,1000.0,0,0,0.26070000000000004,0.09799999999999998,-0.40199999999999997
33368,0.0,0.0,0.0,1000.0,0,0,0.2807,0.09799999999999998,-0.40199999999999997
33369,0.0,0.0,0.0,1000.0,0,0,0.3007,0.09799999999999998,-0.40199999999999997
33370,0.0,0.0,0.0,1000.0,0,0,0.3207,0.09799999999999998,-0.40199999999999997
33371,0.0,0.0,0.0,1000.0,0,0,0.3407,0.09799999999999998,-0.40199999999999997
33372,0.0,0.0,0.0,1000.0,0,0,0.3607,0.09799999999999998,-0.40199999999999997
33373,0.0,0.0,0.0,1000.0,0,0,0.38070000000000004,0.09799999999999998,-0.40199999999999997
33374,0.0,0.0,0.0,1000.0,0,0,0.4007,0.09799999999999998,-0.40199999999999997
33375,0.0,0.0,0.0,1000.0,0,0,0.4207,0.09799999999999998,-0.40199999999999997
33376,0.0,0.0,0.0,1000.0,0,0,0.44070000000000004,0.09799999999999998,-0.40199999999999997
33377,0.0,0.0,0.0,1000.0,0,0,0.4607,0.09799999999999998,-0.40199999999999997
33378,0.0,0.0,0.0,1000.0,0,0,0.4807,0.09799999999999998,-0.40199999999999997
33379,0.0,0.0,0.0,1000.0,0,0,0.1607,0.118,-0.40199999999999997
33380,0.0,0.0,0.0,1000.0,0,0,0.1807,0.118,-0.40199999999999997
33381,0.0,0.0,0.0,1000.0,0,0,0.20070000000000002,0.118,-0.40199999999999997
33382,0.0,0.0,0.0,1000.0,0,0,0.2207,0.118,-0.40199999999999997
33383,0.0,0.0,0.0,1000.0,0,0,0.24070000000000003,0.118,-0.40199999999999997
33384,0.0,0.0,0.0,1000.0,0,0,0.26070000000000004,0.118,-0.40199999999999997
33385,0.0,0.0,0.0,1000.0,0,0,0.2807,0.118,-0.40199999999999997
33386,0.0,0.0,0.0,1000.0,0,0,0.3007,0.118,-0.40199999999999997
33387,0.0,0.0,0.0,1000.0,0,0,0.3207,0.118,-0.40199999999999997
33388,0.0,0.0,0.0,1000.0,0,0,0.3407,0.118,-0.40199999999999997
33389,0.0,0.0,0.0,1000.0,0,0,0.3607,0.118,-0.40199999999999997
33390,0.0,0.0,0.0,1000.0,0,0,0.38070000000000004,0.118,-0.40199999999999997
33391,0.0,0.0,0.0,1000.0,0,0,0.4007,0.118,-0.40199999999999997
33392,0.0,0.0,0.0,1000.0,0,0,0.4207,0.118,-0.40199999999999997
33393,0.0,0.0,0.0,1000.0,0,0,0.44070000000000004,0.118,-0.40199999999999997
33394,0.0,0.0,0.0,1000.0,0,0,0.4607,0.118,-0.40199999999999997
33395,0.0,0.0,0.0,1000.0,0,0,0.4807,0.118,-0.40199999999999997
33396,0.0,0.0,0.0,1000.0,0,0,0.1607,0.138,-0.40199999999999997
33397,0.0,0.0,0.0,1000.0,0,0,0.1807,0.138,-0.40199999999999997
33398,0.0,0.0,0.0,1000.0,0,0,0.20070000000000002,0.138,-0.40199999999999997
33399,0.0,0.0,0.0,1000.0,0,0,0.2207,0.138,-0.40199999999999997
33400,0.0,0.0,0.0,1000.0,0,0,0.24070000000000003,0.138,-0.40199999999999997
33401,0.0,0.0,0.0,1000.0,0,0,0.26070000000000004,0.138,-0.40199999999999997
33402,0.0,0.0,0.0,1000.0,0,0,0.2807,0.138,-0.40199999999999997
33403,0.0,0.0,0.0,1000.0,0,0,0.3007,0.138,-0.40199999999999997
33404,0.0,0.0,0.0,1000.0,0,0,0.3207,0.138,-0.40199999999999997
33405,0.0,0.0,0.0,1000.0,0,0,0.3407,0.138,-0.40199999999999997
33406,0.0,0.0,0.0,1000.0,0,0,0.3607,0.138,-0.40199999999999997
33407,0.0,0.0,0.0,1000.0,0,0,0.38070000000000004,0.138,-0.40199999999999997
33408,0.0,0.0,0.0,1000.0,0,0,0.4007,0.138,-0.40199999999999997
33409,0.0,0.0,0.0,1000.0,0,0,0.4207,0.138,-0.40199999999999997
33410,0.0,0.0,0.0,1000.0,0,0,0.44070000000000004,0.138,-0.40199999999999997
33411,0.0,0.0,0.0,1000.0,0,0,0.4607,0.138,-0.40199999999999997
33412,0.0,0.0,0.0,1000.0,0,0,0.4807,0.138,-0.40199999999999997
33413,0.0,0.0,0.0,1000.0,0,0,0.1607,0.15800000000000003,-0.40199999999999997
33414,0.0,0.0,0.0,1000.0,0,0,0.1807,0.15800000000000003,-0.40199999999999997
33415,0.0,0.0,0.0,1000.0,0,0,0.20070000000000002,0.15800000000000003,-0.40199999999999997
33416,0.0,0.0,0.0,1000.0,0,0,0.2207,0.15800000000000003,-0.40199999999999997
33417,0.0,0.0,0.0,1000.0,0,0,0.24070000000000003,0.15800000000000003,-0.40199999999999997
33418,0.0,0.0,0.0,1000.0,0,0,0.26070000000000004,0.15800000000000003,-0.40199999999999997
33419,0.0,0.0,0.0,1000.0,0,0,0.2807,0.15800000000000003,-0.40199999999999997
33420,0.0,0.0,0.0,1000.0,0,0,0.3007,0.15800000000000003,-0.40199999999999997
33421,0.0,0.0,0.0,1000.0,0,0,0.3207,0.15800000000000003,-0.40199999999999997
33422,0.0,0.0,0.0,1000.0,0,0,0.3407,0.15800000000000003,-0.40199999999999997
33423,0.0,0.0,0.0,1000.0,0,0,0.3607,0.15800000000000003,-0.40199999999999997
33424,0.0,0.0,0.0,1000.0,0,0,0.38070000000000004,0.15800000000000003,-0.40199999999999997
33425,0.0,0.0,0.0,1000.0,0,0,0.4007,0.15800000000000003,-0.40199999999999997
33426,0.0,0.0,0.0,1000.0,0,0,0.4207,0.15800000000000003,-0.40199999999999997
33427,0.0,0.0,0.0,1000.0,0,0,0.44070000000000004,0.15800000000000003,-0.40199999999999997
33428,0.0,0.0,0.0,1000.0,0,0,0.4607,0.15800000000000003,-0.40199999999999997
33429,0.0,0.0,0.0,1000.0,0,0,0.4807,0.15800000000000003,-0.40199999999999997
33430,0.0,0.0,0.0,1000.0,0,0,0.1607,0.17800000000000005,-0.40199999999999997
33431,0.0,0.0,0.0,1000.0,0,0,0.1807,0.17800000000000005,-0.40199999999999997
33432,0.0,0.0,0.0,1000.0,0,0,0.20070000000000002,0.17800000000000005,-0.40199999999999997
33433,0.0,0.0,0.0,1000.0,0,0,0.2207,0.17800000000000005,-0.40199999999999997
33434,0.0,0.0,0.0,1000.0,0,0,0.24070000000000003,0.17800000000000005,-0.40199999999999997
33435,0.0,0.0,0.0,1000.0,0,0,0.26070000000000004,0.17800000000000005,-0.40199999999999997
33436,0.0,0.0,0.0,1000.0,0,0,0.2807,0.17800000000000005,-0.40199999999999997
33437,0.0,0.0,0.0,1000.0,0,0,0.3007,0.17800000000000005,-0.40199999999999997
33438,0.0,0.0,0.0,1000.0,0,0,0.3207,0.17800000000000005,-0.40199999999999997
33439,0.0,0.0,0.0,1000.0,0,0,0.3407,0.17800000000000005,-0.40199999999999997
33440,0.0,0.0,0.0,1000.0,0,0,0.3607,0.17800000000000005,-0.40199999999999997
33441,0.0,0.0,0.0,1000.0,0,0,0.38070000000000004,0.17800000000000005,-0.40199999999999997
33442,0.0,0.0,0.0,1000.0,0,0,0.4007,0.17800000000000005,-0.40199999999999997
33443,0.0,0.0,0.0,1000.0,0,0,0.4207,0.17800000000000005,-0.40199999999999997
33444,0.0,0.0,0.0,1000.0,0,0,0.44070000000000004,0.17800000000000005,-0.40199999999999997
33445,0.0,0.0,0.0,1000.0,0,0,0.4607,0.17800000000000005,-0.40199999999999997
33446,0.0,0.0,0.0,1000.0,0,0,0.4807,0.17800000000000005,-0.40199999999999997
33447,0.0,0.0,0.0,1000.0,0,0,0.1607,0.19800000000000006,-0.40199999999999997
33448,0.0,0.0,0.0,1000.0,0,0,0.1807,0.19800000000000006,-0.40199999999999997
33449,0.0,0.0,0.0,1000.0,0,0,0.20070000000000002,0.19800000000000006,-0.40199999999999997
33450,0.0,0.0,0.0,1000.0,0,0,0.2207,0.19800000000000006,-0.40199999999999997
33451,0.0,0.0,0.0,1000.0,0,0,0.24070000000000003,0.19800000000000006,-0.40199999999999997
33452,0.0,0.0,0.0,1000.0,0,0,0.26070000000000004,0.19800000000000006,-0.40199999999999997
33453,0.0,0.0,0.0,1000.0,0,0,0.2807,0.19800000000000006,-0.40199999999999997
33454,0.0,0.0,0.0,1000.0,0,0,0.3007,0.19800000000000006,-0.40199999999999997
33455,0.0,0.0,0.0,1000.0,0,0,0.3207,0.19800000000000006,-0.40199999999999997
33456,0.0,0.0,0.0,1000.0,0,0,0.3407,0.19800000000000006,-0.40199999999999997
33457,0.0,0.0,0.0,1000.0,0,0,0.3607,0.19800000000000006,-0.40199999999999997
33458,0.0,0.0,0.0,1000.0,0,0,0.38070000000000004,0.19800000000000006,-0.40199999999999997
33459,0.0,0.0,0.0,1000.0,0,0,0.4007,0.19800000000000006,-0.40199999999999997
33460,0.0,0.0,0.0,1000.0,0,0,0.4207,0.19800000000000006,-0.40199999999999997
33461,0.0,0.0,0.0,1000.0,0,0,0.44070000000000004,0.19800000000000006,-0.40199999999999997
33462,0.0,0.0,0.0,1000.0,0,0,0.4607,0.19800000000000006,-0.40199999999999997
33463,0.0,0.0,0.0,1000.0,0,0,0.4807,0.19800000000000006,-0.40199999999999997
33464,0.0,0.0,0.0,1000.0,0,0,0.1607,0.21800000000000008,-0.40199999999999997
33465,0.0,0.0,0.0,1000.0,0,0,0.1807,0.21800000000000008,-0.40199999999999997
33466,0.0,0.0,0.0,1000.0,0,0,0.20070000000000002,0.21800000000000008,-0.40199999999999997
33467,0.0,0.0,0.0,1000.0,0,0,0.2207,0.21800000000000008,-0.40199999999999997
33468,0.0,0.0,0.0,1000.0,0,0,0.24070000000000003,0.21800000000000008,-0.40199999999999997
33469,0.0,0.0,0.0,1000.0,0,0,0.26070000000000004,0.21800000000000008,-0.40199999999999997
33470,0.0,0.0,0.0,1000.0,0,0,0.2807,0.21800000000000008,-0.40199999999999997
33471,0.0,0.0,0.0,1000.0,0,0,0.3007,0.21800000000000008,-0.40199999999999997
33472,0.0,0.0,0.0,1000.0,0,0,0.3207,0.21800000000000008,-0.40199999999999997
33473,0.0,0.0,0.0,1000.0,0,0,0.3407,0.21800000000000008,-0.40199999999999997
33474,0.0,0.0,0.0,1000.0,0,0,0.3607,0.21800000000000008,-0.40199999999999997
33475,0.0,0.0,0.0,1000.0,0,0,0.38070000000000004,0.21800000000000008,-0.40199999999999997
33476,0.0,0.0,0.0,1000.0,0,0,0.4007,0.21800000000000008,-0.40199999999999997
33477,0.0,0.0,0.0,1000.0,0,0,0.4207,0.21800000000000008,-0.40199999999999997
33478,0.0,0.0,0.0,1000.0,0,0,0.44070000000000004,0.21800000000000008,-0.40199999999999997
33479,0.0,0.0,0.0,1000.0,0,0,0.4607,0.21800000000000008,-0.40199999999999997
33480,0.0,0.0,0.0,1000.0,0,0,0.4807,0.21800000000000008,-0.40199999999999997
33481,0.0,0.0,0.0,1000.0,0,0,0.1607,0.238,-0.40199999999999997
33482,0.0,0.0,0.0,1000.0,0,0,0.1807,0.238,-0.40199999999999997
33483,0.0,0.0,0.0,1000.0,0,0,0.20070000000000002,0.238,-0.40199999999999997
33484,0.0,0.0,0.0,1000.0,0,0,0.2207,0.238,-0.40199999999999997
33485,0.0,0.0,0.0,1000.0,0,0,0.24070000000000003,0.238,-0.40199999999999997
33486,0.0,0.0,0.0,1000.0,0,0,0.26070000000000004,0.238,-0.40199999999999997
33487,0.0,0.0,0.0,1000.0,0,0,0.2807,0.238,-0.40199999999999997
33488,0.0,0.0,0.0,1000.0,0,0,0.3007,0.238,-0.40199999999999997
33489,0.0,0.0,0.0,1000.0,0,0,0.3207,0.238,-0.40199999999999997
33490,0.0,0.0,0.0,1000.0,0,0,0.3407,0.238,-0.40199999999999997
33491,0.0,0.0,0.0,1000.0,0,0,0.3607,0.238,-0.40199999999999997
33492,0.0,0.0,0.0,1000.0,0,0,0.38070000000000004,0.238,-0.40199999999999997
33493,0.0,0.0,0.0,1000.0,0,0,0.4007,0.238,-0.40199999999999997
33494,0.0,0.0,0.0,1000.0,0,0,0.4207,0.238,-0.40199999999999997
33495,0.0,0.0,0.0,1000.0,0,0,0.44070000000000004,0.238,-0.40199999999999997
33496,0.0,0.0,0.0,1000.0,0,0,0.4607,0.238,-0.40199999999999997
33497,0.0,0.0,0.0,1000.0,0,0,0.4807,0.238,-0.40199999999999997
33498,0.0,0.0,0.0,1000.0,0,0,0.1607,0.258,-0.40199999999999997
33499,0.0,0.0,0.0,1000.0,0,0,0.1807,0.258,-0.40199999999999997
33500,0.0,0.0,0.0,1000.0,0,0,0.20070000000000002,0.258,-0.40199999999999997
33501,0.0,0.0,0.0,1000.0,0,0,0.2207,0.258,-0.40199999999999997
33502,0.0,0.0,0.0,1000.0,0,0,0.24070000000000003,0.258,-0.40199999999999997
33503,0.0,0.0,0.0,1000.0,0,0,0.26070000000000004,0.258,-0.40199999999999997
33504,0.0,0.0,0.0,1000.0,0,0,0.2807,0.258,-0.40199999999999997
33505,0.0,0.0,0.0,1000.0,0,0,0.3007,0.258,-0.40199999999999997
33506,0.0,0.0,0.0,1000.0,0,0,0.3207,0.258,-0.40199999999999997
33507,0.0,0.0,0.0,1000.0,0,0,0.3407,0.258,-0.40199999999999997
33508,0.0,0.0,0.0,1000.0,0,0,0.3607,0.258,-0.40199999999999997
33509,0.0,0.0,0.0,1000.0,0,0,0.38070000000000004,0.258,-0.40199999999999997
33510,0.0,0.0,0.0,1000.0,0,0,0.4007,0.258,-0.40199999999999997
33511,0.0,0.0,0.0,1000.0,0,0,0.4207,0.258,-0.40199999999999997
33512,0.0,0.0,0.0,1000.0,0,0,0.44070000000000004,0.258,-0.40199999999999997
33513,0.0,0.0,0.0,1000.0,0,0,0.4607,0.258,-0.40199999999999997
33514,0.0,0.0,0.0,1000.0,0,0,0.4807,0.258,-0.40199999999999997
33515,0.0,0.0,0.0,1000.0,0,0,0.1607,0.278,-0.40199999999999997
33516,0.0,0.0,0.0,1000.0,0,0,0.1807,0.278,-0.40199999999999997
33517,0.0,0.0,0.0,1000.0,0,0,0.20070000000000002,0.278,-0.40199999999999997
33518,0.0,0.0,0.0,1000.0,0,0,0.2207,0.278,-0.40199999999999997
33519,0.0,0.0,0.0,1000.0,0,0,0.24070000000000003,0.278,-0.40199999999999997
33520,0.0,0.0,0.0,1000.0,0,0,0.26070000000000004,0.278,-0.40199999999999997
33521,0.0,0.0,0.0,1000.0,0,0,0.2807,0.278,-0.40199999999999997
33522,0.0,0.0,0.0,1000.0,0,0,0.3007,0.278,-0.40199999999999997
33523,0.0,0.0,0.0,1000.0,0,0,0.3207,0.278,-0.40199999999999997
33524,0.0,0.0,0.0,1000.0,0,0,0.3407,0.278,-0.40199999999999997
33525,0.0,0.0,0.0,1000.0,0,0,0.3607,0.278,-0.40199999999999997
33526,0.0,0.0,0.0,1000.0,0,0,0.38070000000000004,0.278,-0.40199999999999997
33527,0.0,0.0,0.0,1000.0,0,0,0.4007,0.278,-0.40199999999999997
33528,0.0,0.0,0.0,1000.0,0,0,0.4207,0.278,-0.40199999999999997
33529,0.0,0.0,0.0,1000.0,0,0,0.44070000000000004,0.278,-0.40199999999999997
33530,0.0,0.0,0.0,1000.0,0,0,0.4607,0.278,-0.40199999999999997
33531,0.0,0.0,0.0,1000.0,0,0,0.4807,0.278,-0.40199999999999997
33532,0.0,0.0,0.0,1000.0,0,0,0.1607,0.29800000000000004,-0.40199999999999997
33533,0.0,0.0,0.0,1000.0,0,0,0.1807,0.29800000000000004,-0.40199999999999997
33534,0.0,0.0,0.0,1000.0,0,0,0.20070000000000002,0.29800000000000004,-0.40199999999999997
33535,0.0,0.0,0.0,1000.0,0,0,0.2207,0.29800000000000004,-0.40199999999999997
33536,0.0,0.0,0.0,1000.0,0,0,0.24070000000000003,0.29800000000000004,-0.40199999999999997
33537,0.0,0.0,0.0,1000.0,0,0,0.26070000000000004,0.29800000000000004,-0.40199999999999997
33538,0.0,0.0,0.0,1000.0,0,0,0.2807,0.29800000000000004,-0.40199999999999997
33539,0.0,0.0,0.0,1000.0,0,0,0.3007,0.29800000000000004,-0.40199999999999997
33540,0.0,0.0,0.0,1000.0,0,0,0.3207,0.29800000000000004,-0.40199999999999997
33541,0.0,0.0,0.0,1000.0,0,0,0.3407,0.29800000000000004,-0.40199999999999997
33542,0.0,0.0,0.0,1000.0,0,0,0.3607,0.29800000000000004,-0.40199999999999997
33543,0.0,0.0,0.0,1000.0,0,0,0.38070000000000004,0.29800000000000004,-0.40199999999999997
33544,0.0,0.0,0.0,1000.0,0,0,0.4007,0.29800000000000004,-0.40199999999999997
33545,0.0,0.0,0.0,1000.0,0,0,0.4207,0.29800000000000004,-0.40199999999999997
33546,0.0,0.0,0.0,1000.0,0,0,0.44070000000000004,0.29800000000000004,-0.40199999999999997
33547,0.0,0.0,0.0,1000.0,0,0,0.4607,0.29800000000000004,-0.40199999999999997
33548,0.0,0.0,0.0,1000.0,0,0,0.4807,0.29800000000000004,-0.40199999999999997
33549,0.0,0.0,0.0,1000.0,0,0,0.1607,0.31800000000000006,-0.40199999999999997
33550,0.0,0.0,0.0,1000.0,0,0,0.1807,0.31800000000000006,-0.40199999999999997
33551,0.0,0.0,0.0,1000.0,0,0,0.20070000000000002,0.31800000000000006,-0.40199999999999997
33552,0.0,0.0,0.0,1000.0,0,0,0.2207,0.31800000000000006,-0.40199999999999997
33553,0.0,0.0,0.0,1000.0,0,0,0.24070000000000003,0.31800000000000006,-0.40199999999999997
33554,0.0,0.0,0.0,1000.0,0,0,0.26070000000000004,0.31800000000000006,-0.40199999999999997
33555,0.0,0.0,0.0,1000.0,0,0,0.2807,0.31800000000000006,-0.40199999999999997
33556,0.0,0.0,0.0,1000.0,0,0,0.3007,0.31800000000000006,-0.40199999999999997
33557,0.0,0.0,0.0,1000.0,0,0,0.3207,0.31800000000000006,-0.40199999999999997
33558,0.0,0.0,0.0,1000.0,0,0,0.3407,0.31800000000000006,-0.40199999999999997
33559,0.0,0.0,0.0,1000.0,0,0,0.3607,0.31800000000000006,-0.40199999999999997
33560,0.0,0.0,0.0,1000.0,0,0,0.38070000000000004,0.31800000000000006,-0.40199999999999997
33561,0.0,0.0,0.0,1000.0,0,0,0.4007,0.31800000000000006,-0.40199999999999997
33562,0.0,0.0,0.0,1000.0,0,0,0.4207,0.31800000000000006,-0.40199999999999997
33563,0.0,0.0,0.0,1000.0,0,0,0.44070000000000004,0.31800000000000006,-0.40199999999999997
33564,0.0,0.0,0.0,1000.0,0,0,0.4607,0.31800000000000006,-0.40199999999999997
33565,0.0,0.0,0.0,1000.0,0,0,0.4807,0.31800000000000006,-0.40199999999999997
33566,0.0,0.0,0.0,1000.0,0,0,0.1607,0.3380000000000001,-0.40199999999999997
33567,0.0,0.0,0.0,1000.0,0,0,0.1807,0.3380000000000001,-0.40199999999999997
33568,0.0,0.0,0.0,1000.0,0,0,0.20070000000000002,0.3380000000000001,-0.40199999999999997
33569,0.0,0.0,0.0,1000.0,0,0,0.2207,0.3380000000000001,-0.40199999999999997
33570,0.0,0.0,0.0,1000.0,0,0,0.24070000000000003,0.3380000000000001,-0.40199999999999997
33571,0.0,0.0,0.0,1000.0,0,0,0.26070000000000004,0.3380000000000001,-0.40199999999999997
33572,0.0,0.0,0.0,1000.0,0,0,0.2807,0.3380000000000001,-0.40199999999999997
33573,0.0,0.0,0.0,1000.0,0,0,0.3007,0.3380000000000001,-0.40199999999999997
33574,0.0,0.0,0.0,1000.0,0,0,0.3207,0.3380000000000001,-0.40199999999999997
33575,0.0,0.0,0.0,1000.0,0,0,0.3407,0.3380000000000001,-0.40199999999999997
33576,0.0,0.0,0.0,1000.0,0,0,0.3607,0.3380000000000001,-0.40199999999999997
33577,0.0,0.0,0.0,1000.0,0,0,0.38070000000000004,0.3380000000000001,-0.40199999999999997
33578,0.0,0.0,0.0,1000.0,0,0,0.4007,0.3380000000000001,-0.40199999999999997
33579,0.0,0.0,0.0,1000.0,0,0,0.4207,0.3380000000000001,-0.40199999999999997
33580,0.0,0.0,0.0,1000.0,0,0,0.44070000000000004,0.3380000000000001,-0.40199999999999997
33581,0.0,0.0,0.0,1000.0,0,0,0.4607,0.3380000000000001,-0.40199999999999997
33582,0.0,0.0,0.0,1000.0,0,0,0.4807,0.3380000000000001,-0.40199999999999997
33583,0.0,0.0,0.0,1000.0,0,0,0.1607,0.358,-0.40199999999999997
33584,0.0,0.0,0.0,1000.0,0,0,0.1807,0.358,-0.40199999999999997
33585,0.0,0.0,0.0,1000.0,0,0,0.20070000000000002,0.358,-0.40199999999999997
33586,0.0,0.0,0.0,1000.0,0,0,0.2207,0.358,-0.40199999999999997
33587,0.0,0.0,0.0,1000.0,0,0,0.24070000000000003,0.358,-0.40199999999999997
33588,0.0,0.0,0.0,1000.0,0,0,0.26070000000000004,0.358,-0.40199999999999997
33589,0.0,0.0,0.0,1000.0,0,0,0.2807,0.358,-0.40199999999999997
33590,0.0,0.0,0.0,1000.0,0,0,0.3007,0.358,-0.40199999999999997
33591,0.0,0.0,0.0,1000.0,0,0,0.3207,0.358,-0.40199999999999997
33592,0.0,0.0,0.0,1000.0,0,0,0.3407,0.358,-0.40199999999999997
33593,0.0,0.0,0.0,1000.0,0,0,0.3607,0.358,-0.40199999999999997
33594,0.0,0.0,0.0,1000.0,0,0,0.38070000000000004,0.358,-0.40199999999999997
33595,0.0,0.0,0.0,1000.0,0,0,0.4007,0.358,-0.40199999999999997
33596,0.0,0.0,0.0,1000.0,0,0,0.4207,0.358,-0.40199999999999997
33597,0.0,0.0,0.0,1000.0,0,0,0.44070000000000004,0.358,-0.40199999999999997
33598,0.0,0.0,0.0,1000.0,0,0,0.4607,0.358,-0.40199999999999997
33599,0.0,0.0,0.0,1000.0,0,0,0.4807,0.358,-0.40199999999999997
33600,0.0,0.0,0.0,1000.0,0,0,0.1607,0.378,-0.40199999999999997
33601,0.0,0.0,0.0,1000.0,0,0,0.1807,0.378,-0.40199999999999997
33602,0.0,0.0,0.0,1000.0,0,0,0.20070000000000002,0.378,-0.40199999999999997
33603,0.0,0.0,0.0,1000.0,0,0,0.2207,0.378,-0.40199999999999997
33604,0.0,0.0,0.0,1000.0,0,0,0.24070000000000003,0.378,-0.40199999999999997
33605,0.0,0.0,0.0,1000.0,0,0,0.26070000000000004,0.378,-0.40199999999999997
33606,0.0,0.0,0.0,1000.0,0,0,0.2807,0.378,-0.40199999999999997
33607,0.0,0.0,0.0,1000.0,0,0,0.3007,0.378,-0.40199999999999997
33608,0.0,0.0,0.0,1000.0,0,0,0.3207,0.378,-0.40199999999999997
33609,0.0,0.0,0.0,1000.0,0,0,0.3407,0.378,-0.40199999999999997
33610,0.0,0.0,0.0,1000.0,0,0,0.3607,0.378,-0.40199999999999997
33611,0.0,0.0,0.0,1000.0,0,0,0.38070000000000004,0.378,-0.40199999999999997
33612,0.0,0.0,0.0,1000.0,0,0,0.4007,0.378,-0.40199999999999997
33613,0.0,0.0,0.0,1000.0,0,0,0.4207,0.378,-0.40199999999999997
33614,0.0,0.0,0.0,1000.0,0,0,0.44070000000000004,0.378,-0.40199999999999997
33615,0.0,0.0,0.0,1000.0,0,0,0.4607,0.378,-0.40199999999999997
33616,0.0,0.0,0.0,1000.0,0,0,0.4807,0.378,-0.40199999999999997
33617,0.0,0.0,0.0,1000.0,0,0,0.1607,0.398,-0.40199999999999997
33618,0.0,0.0,0.0,1000.0,0,0,0.1807,0.398,-0.40199999999999997
33619,0.0,0.0,0.0,1000.0,0,0,0.20070000000000002,0.398,-0.40199999999999997
33620,0.0,0.0,0.0,1000.0,0,0,0.2207,0.398,-0.40199999999999997
33621,0.0,0.0,0.0,1000.0,0,0,0.24070000000000003,0.398,-0.40199999999999997
33622,0.0,0.0,0.0,1000.0,0,0,0.26070000000000004,0.398,-0.40199999999999997
33623,0.0,0.0,0.0,1000.0,0,0,0.2807,0.398,-0.40199999999999997
33624,0.0,0.0,0.0,1000.0,0,0,0.3007,0.398,-0.40199999999999997
33625,0.0,0.0,0.0,1000.0,0,0,0.3207,0.398,-0.40199999999999997
33626,0.0,0.0,0.0,1000.0,0,0,0.3407,0.398,-0.40199999999999997
33627,0.0,0.0,0.0,1000.0,0,0,0.3607,0.398,-0.40199999999999997
33628,0.0,0.0,0.0,1000.0,0,0,0.38070000000000004,0.398,-0.40199999999999997
33629,0.0,0.0,0.0,1000.0,0,0,0.4007,0.398,-0.40199999999999997
33630,0.0,0.0,0.0,1000.0,0,0,0.4207,0.398,-0.40199999999999997
33631,0.0,0.0,0.0,1000.0,0,0,0.44070000000000004,0.398,-0.40199999999999997
33632,0.0,0.0,0.0,1000.0,0,0,0.4607,0.398,-0.40199999999999997
33633,0.0,0.0,0.0,1000.0,0,0,0.4807,0.398,-0.40199999999999997
33634,0.0,0.0,0.0,1000.0,0,0,0.1607,0.41800000000000004,-0.40199999999999997
33635,0.0,0.0,0.0,1000.0,0,0,0.1807,0.41800000000000004,-0.40199999999999997
33636,0.0,0.0,0.0,1000.0,0,0,0.20070000000000002,0.41800000000000004,-0.40199999999999997
33637,0.0,0.0,0.0,1000.0,0,0,0.2207,0.41800000000000004,-0.40199999999999997
33638,0.0,0.0,0.0,1000.0,0,0,0.24070000000000003,0.41800000000000004,-0.40199999999999997
33639,0.0,0.0,0.0,1000.0,0,0,0.26070000000000004,0.41800000000000004,-0.40199999999999997
33640,0.0,0.0,0.0,1000.0,0,0,0.2807,0.41800000000000004,-0.40199999999999997
33641,0.0,0.0,0.0,1000.0,0,0,0.3007,0.41800000000000004,-0.40199999999999997
33642,0.0,0.0,0.0,1000.0,0,0,0.3207,0.41800000000000004,-0.40199999999999997
33643,0.0,0.0,0.0,1000.0,0,0,0.3407,0.41800000000000004,-0.40199999999999997
33644,0.0,0.0,0.0,1000.0,0,0,0.3607,0.41800000000000004,-0.40199999999999997
33645,0.0,0.0,0.0,1000.0,0,0,0.38070000000000004,0.41800000000000004,-0.40199999999999997
33646,0.0,0.0,0.0,1000.0,0,0,0.4007,0.41800000000000004,-0.40199999999999997
33647,0.0,0.0,0.0,1000.0,0,0,0.4207,0.41800000000000004,-0.40199999999999997
33648,0.0,0.0,0.0,1000.0,0,0,0.44070000000000004,0.41800000000000004,-0.40199999999999997
33649,0.0,0.0,0.0,1000.0,0,0,0.4607,0.41800000000000004,-0.40199999999999997
33650,0.0,0.0,0.0,1000.0,0,0,0.4807,0.41800000000000004,-0.40199999999999997
33651,0.0,0.0,0.0,1000.0,0,0,0.1607,0.43800000000000006,-0.40199999999999997
33652,0.0,0.0,0.0,1000.0,0,0,0.1807,0.43800000000000006,-0.40199999999999997
33653,0.0,0.0,0.0,1000.0,0,0,0.20070000000000002,0.43800000000000006,-0.40199999999999997
33654,0.0,0.0,0.0,1000.0,0,0,0.2207,0.43800000000000006,-0.40199999999999997
33655,0.0,0.0,0.0,1000.0,0,0,0.24070000000000003,0.43800000000000006,-0.40199999999999997
33656,0.0,0.0,0.0,1000.0,0,0,0.26070000000000004,0.43800000000000006,-0.40199999999999997
33657,0.0,0.0,0.0,1000.0,0,0,0.2807,0.43800000000000006,-0.40199999999999997
33658,0.0,0.0,0.0,1000.0,0,0,0.3007,0.43800000000000006,-0.40199999999999997
33659,0.0,0.0,0.0,1000.0,0,0,0.3207,0.43800000000000006,-0.40199999999999997
33660,0.0,0.0,0.0,1000.0,0,0,0.3407,0.43800000000000006,-0.40199999999999997
33661,0.0,0.0,0.0,1000.0,0,0,0.3607,0.43800000000000006,-0.40199999999999997
33662,0.0,0.0,0.0,1000.0,0,0,0.38070000000000004,0.43800000000000006,-0.40199999999999997
33663,0.0,0.0,0.0,1000.0,0,0,0.4007,0.43800000000000006,-0.40199999999999997
33664,0.0,0.0,0.0,1000.0,0,0,0.4207,0.43800000000000006,-0.40199999999999997
33665,0.0,0.0,0.0,1000.0,0,0,0.44070000000000004,0.43800000000000006,-0.40199999999999997
33666,0.0,0.0,0.0,1000.0,0,0,0.4607,0.43800000000000006,-0.40199999999999997
33667,0.0,0.0,0.0,1000.0,0,0,0.4807,0.43800000000000006,-0.40199999999999997
33668,0.0,0.0,0.0,1000.0,0,0,0.1607,0.4580000000000001,-0.40199999999999997
33669,0.0,0.0,0.0,1000.0,0,0,0.1807,0.4580000000000001,-0.40199999999999997
33670,0.0,0.0,0.0,1000.0,0,0,0.20070000000000002,0.4580000000000001,-0.40199999999999997
33671,0.0,0.0,0.0,1000.0,0,0,0.2207,0.4580000000000001,-0.40199999999999997
33672,0.0,0.0,0.0,1000.0,0,0,0.24070000000000003,0.4580000000000001,-0.40199999999999997
33673,0.0,0.0,0.0,1000.0,0,0,0.26070000000000004,0.4580000000000001,-0.40199999999999997
33674,0.0,0.0,0.0,1000.0,0,0,0.2807,0.4580000000000001,-0.40199999999999997
33675,0.0,0.0,0.0,1000.0,0,0,0.3007,0.4580000000000001,-0.40199999999999997
33676,0.0,0.0,0.0,1000.0,0,0,0.3207,0.4580000000000001,-0.40199999999999997
33677,0.0,0.0,0.0,1000.0,0,0,0.3407,0.4580000000000001,-0.40199999999999997
33678,0.0,0.0,0.0,1000.0,0,0,0.3607,0.4580000000000001,-0.40199999999999997
33679,0.0,0.0,0.0,1000.0,0,0,0.38070000000000004,0.4580000000000001,-0.40199999999999997
33680,0.0,0.0,0.0,1000.0,0,0,0.4007,0.4580000000000001,-0.40199999999999997
33681,0.0,0.0,0.0,1000.0,0,0,0.4207,0.4580000000000001,-0.40199999999999997
33682,0.0,0.0,0.0,1000.0,0,0,0.44070000000000004,0.4580000000000001,-0.40199999999999997
33683,0.0,0.0,0.0,1000.0,0,0,0.4607,0.4580000000000001,-0.40199999999999997
33684,0.0,0.0,0.0,1000.0,0,0,0.4807,0.4580000000000001,-0.40199999999999997
33685,0.0,0.0,0.0,1000.0,0,0,0.1607,0.478,-0.40199999999999997
33686,0.0,0.0,0.0,1000.0,0,0,0.1807,0.478,-0.40199999999999997
33687,0.0,0.0,0.0,1000.0,0,0,0.20070000000000002,0.478,-0.40199999999999997
33688,0.0,0.0,0.0,1000.0,0,0,0.2207,0.478,-0.40199999999999997
33689,0.0,0.0,0.0,1000.0,0,0,0.24070000000000003,0.478,-0.40199999999999997
33690,0.0,0.0,0.0,1000.0,0,0,0.26070000000000004,0.478,-0.40199999999999997
33691,0.0,0.0,0.0,1000.0,0,0,0.2807,0.478,-0.40199999999999997
33692,0.0,0.0,0.0,1000.0,0,0,0.3007,0.478,-0.40199999999999997
33693,0.0,0.0,0.0,1000.0,0,0,0.3207,0.478,-0.40199999999999997
33694,0.0,0.0,0.0,1000.0,0,0,0.3407,0.478,-0.40199999999999997
33695,0.0,0.0,0.0,1000.0,0,0,0.3607,0.478,-0.40199999999999997
33696,0.0,0.0,0.0,1000.0,0,0,0.38070000000000004,0.478,-0.40199999999999997
33697,0.0,0.0,0.0,1000.0,0,0,0.4007,0.478,-0.40199999999999997
33698,0.0,0.0,0.0,1000.0,0,0,0.4207,0.478,-0.40199999999999997
33699,0.0,0.0,0.0,1000.0,0,0,0.44070000000000004,0.478,-0.40199999999999997
33700,0.0,0.0,0.0,1000.0,0,0,0.4607,0.478,-0.40199999999999997
33701,0.0,0.0,0.0,1000.0,0,0,0.4807,0.478,-0.40199999999999997
33702,0.0,0.0,0.0,1000.0,0,0,0.1607,-0.482,-0.382
33703,0.0,0.0,0.0,1000.0,0,0,0.1807,-0.482,-0.382
33704,0.0,0.0,0.0,1000.0,0,0,0.20070000000000002,-0.482,-0.382
33705,0.0,0.0,0.0,1000.0,0,0,0.2207,-0.482,-0.382
33706,0.0,0.0,0.0,1000.0,0,0,0.24070000000000003,-0.482,-0.382
33707,0.0,0.0,0.0,1000.0,0,0,0.26070000000000004,-0.482,-0.382
33708,0.0,0.0,0.0,1000.0,0,0,0.2807,-0.482,-0.382
33709,0.0,0.0,0.0,1000.0,0,0,0.3007,-0.482,-0.382
33710,0.0,0.0,0.0,1000.0,0,0,0.3207,-0.482,-0.382
33711,0.0,0.0,0.0,1000.0,0,0,0.3407,-0.482,-0.382
33712,0.0,0.0,0.0,1000.0,0,0,0.3607,-0.482,-0.382
33713,0.0,0.0,0.0,1000.0,0,0,0.38070000000000004,-0.482,-0.382
33714,0.0,0.0,0.0,1000.0,0,0,0.4007,-0.482,-0.382
33715,0.0,0.0,0.0,1000.0,0,0,0.4207,-0.482,-0.382
33716,0.0,0.0,0.0,1000.0,0,0,0.44070000000000004,-0.482,-0.382
33717,0.0,0.0,0.0,1000.0,0,0,0.4607,-0.482,-0.382
33718,0.0,0.0,0.0,1000.0,0,0,0.4807,-0.482,-0.382
33719,0.0,0.0,0.0,1000.0,0,0,0.1607,-0.46199999999999997,-0.382
33720,0.0,0.0,0.0,1000.0,0,0,0.1807,-0.46199999999999997,-0.382
33721,0.0,0.0,0.0,1000.0,0,0,0.20070000000000002,-0.46199999999999997,-0.382
33722,0.0,0.0,0.0,1000.0,0,0,0.2207,-0.46199999999999997,-0.382
33723,0.0,0.0,0.0,1000.0,0,0,0.24070000000000003,-0.46199999999999997,-0.382
33724,0.0,0.0,0.0,1000.0,0,0,0.26070000000000004,-0.46199999999999997,-0.382
33725,0.0,0.0,0.0,1000.0,0,0,0.2807,-0.46199999999999997,-0.382
33726,0.0,0.0,0.0,1000.0,0,0,0.3007,-0.46199999999999997,-0.382
33727,0.0,0.0,0.0,1000.0,0,0,0.3207,-0.46199999999999997,-0.382
33728,0.0,0.0,0.0,1000.0,0,0,0.3407,-0.46199999999999997,-0.382
33729,0.0,0.0,0.0,1000.0,0,0,0.3607,-0.46199999999999997,-0.382
33730,0.0,0.0,0.0,1000.0,0,0,0.38070000000000004,-0.46199999999999997,-0.382
33731,0.0,0.0,0.0,1000.0,0,0,0.4007,-0.46199999999999997,-0.382
33732,0.0,0.0,0.0,1000.0,0,0,0.4207,-0.46199999999999997,-0.382
33733,0.0,0.0,0.0,1000.0,0,0,0.44070000000000004,-0.46199999999999997,-0.382
33734,0.0,0.0,0.0,1000.0,0,0,0.4607,-0.46199999999999997,-0.382
33735,0.0,0.0,0.0,1000.0,0,0,0.4807,-0.46199999999999997,-0.382
33736,0.0,0.0,0.0,1000.0,0,0,0.1607,-0.442,-0.382
33737,0.0,0.0,0.0,1000.0,0,0,0.1807,-0.442,-0.382
33738,0.0,0.0,0.0,1000.0,0,0,0.20070000000000002,-0.442,-0.382
33739,0.0,0.0,0.0,1000.0,0,0,0.2207,-0.442,-0.382
33740,0.0,0.0,0.0,1000.0,0,0,0.24070000000000003,-0.442,-0.382
33741,0.0,0.0,0.0,1000.0,0,0,0.26070000000000004,-0.442,-0.382
33742,0.0,0.0,0.0,1000.0,0,0,0.2807,-0.442,-0.382
33743,0.0,0.0,0.0,1000.0,0,0,0.3007,-0.442,-0.382
33744,0.0,0.0,0.0,1000.0,0,0,0.3207,-0.442,-0.382
33745,0.0,0.0,0.0,1000.0,0,0,0.3407,-0.442,-0.382
33746,0.0,0.0,0.0,1000.0,0,0,0.3607,-0.442,-0.382
33747,0.0,0.0,0.0,1000.0,0,0,0.38070000000000004,-0.442,-0.382
33748,0.0,0.0,0.0,1000.0,0,0,0.4007,-0.442,-0.382
33749,0.0,0.0,0.0,1000.0,0,0,0.4207,-0.442,-0.382
33750,0.0,0.0,0.0,1000.0,0,0,0.44070000000000004,-0.442,-0.382
33751,0.0,0.0,0.0,1000.0,0,0,0.4607,-0.442,-0.382
33752,0.0,0.0,0.0,1000.0,0,0,0.4807,-0.442,-0.382
33753,0.0,0.0,0.0,1000.0,0,0,0.1607,-0.422,-0.382
33754,0.0,0.0,0.0,1000.0,0,0,0.1807,-0.422,-0.382
33755,0.0,0.0,0.0,1000.0,0,0,0.20070000000000002,-0.422,-0.382
33756,0.0,0.0,0.0,1000.0,0,0,0.2207,-0.422,-0.382
33757,0.0,0.0,0.0,1000.0,0,0,0.24070000000000003,-0.422,-0.382
33758,0.0,0.0,0.0,1000.0,0,0,0.26070000000000004,-0.422,-0.382
33759,0.0,0.0,0.0,1000.0,0,0,0.2807,-0.422,-0.382
33760,0.0,0.0,0.0,1000.0,0,0,0.3007,-0.422,-0.382
33761,0.0,0.0,0.0,1000.0,0,0,0.3207,-0.422,-0.382
33762,0.0,0.0,0.0,1000.0,0,0,0.3407,-0.422,-0.382
33763,0.0,0.0,0.0,1000.0,0,0,0.3607,-0.422,-0.382
33764,0.0,0.0,0.0,1000.0,0,0,0.38070000000000004,-0.422,-0.382
33765,0.0,0.0,0.0,1000.0,0,0,0.4007,-0.422,-0.382
33766,0.0,0.0,0.0,1000.0,0,0,0.4207,-0.422,-0.382
33767,0.0,0.0,0.0,1000.0,0,0,0.44070000000000004,-0.422,-0.382
33768,0.0,0.0,0.0,1000.0,0,0,0.4607,-0.422,-0.382
33769,0.0,0.0,0.0,1000.0,0,0,0.4807,-0.422,-0.382
33770,0.0,0.0,0.0,1000.0,0,0,0.1607,-0.40199999999999997,-0.382
33771,0.0,0.0,0.0,1000.0,0,0,0.1807,-0.40199999999999997,-0.382
33772,0.0,0.0,0.0,1000.0,0,0,0.20070000000000002,-0.40199999999999997,-0.382
33773,0.0,0.0,0.0,1000.0,0,0,0.2207,-0.40199999999999997,-0.382
33774,0.0,0.0,0.0,1000.0,0,0,0.24070000000000003,-0.40199999999999997,-0.382
33775,0.0,0.0,0.0,1000.0,0,0,0.26070000000000004,-0.40199999999999997,-0.382
33776,0.0,0.0,0.0,1000.0,0,0,0.2807,-0.40199999999999997,-0.382
33777,0.0,0.0,0.0,1000.0,0,0,0.3007,-0.40199999999999997,-0.382
33778,0.0,0.0,0.0,1000.0,0,0,0.3207,-0.40199999999999997,-0.382
33779,0.0,0.0,0.0,1000.0,0,0,0.3407,-0.40199999999999997,-0.382
33780,0.0,0.0,0.0,1000.0,0,0,0.3607,-0.40199999999999997,-0.382
33781,0.0,0.0,0.0,1000.0,0,0,0.38070000000000004,-0.40199999999999997,-0.382
33782,0.0,0.0,0.0,1000.0,0,0,0.4007,-0.40199999999999997,-0.382
33783,0.0,0.0,0.0,1000.0,0,0,0.4207,-0.40199999999999997,-0.382
33784,0.0,0.0,0.0,1000.0,0,0,0.44070000000000004,-0.40199999999999997,-0.382
33785,0.0,0.0,0.0,1000.0,0,0,0.4607,-0.40199999999999997,-0.382
33786,0.0,0.0,0.0,1000.0,0,0,0.4807,-0.40199999999999997,-0.382
33787,0.0,0.0,0.0,1000.0,0,0,0.1607,-0.382,-0.382
33788,0.0,0.0,0.0,1000.0,0,0,0.1807,-0.382,-0.382
33789,0.0,0.0,0.0,1000.0,0,0,0.20070000000000002,-0.382,-0.382
33790,0.0,0.0,0.0,1000.0,0,0,0.2207,-0.382,-0.382
33791,0.0,0.0,0.0,1000.0,0,0,0.24070000000000003,-0.382,-0.382
33792,0.0,0.0,0.0,1000.0,0,0,0.26070000000000004,-0.382,-0.382
33793,0.0,0.0,0.0,1000.0,0,0,0.2807,-0.382,-0.382
33794,0.0,0.0,0.0,1000.0,0,0,0.3007,-0.382,-0.382
33795,0.0,0.0,0.0,1000.0,0,0,0.3207,-0.382,-0.382
33796,0.0,0.0,0.0,1000.0,0,0,0.3407,-0.382,-0.382
33797,0.0,0.0,0.0,1000.0,0,0,0.3607,-0.382,-0.382
33798,0.0,0.0,0.0,1000.0,0,0,0.38070000000000004,-0.382,-0.382
33799,0.0,0.0,0.0,1000.0,0,0,0.4007,-0.382,-0.382
33800,0.0,0.0,0.0,1000.0,0,0,0.4207,-0.382,-0.382
33801,0.0,0.0,0.0,1000.0,0,0,0.44070000000000004,-0.382,-0.382
33802,0.0,0.0,0.0,1000.0,0,0,0.4607,-0.382,-0.382
33803,0.0,0.0,0.0,1000.0,0,0,0.4807,-0.382,-0.382
33804,0.0,0.0,0.0,1000.0,0,0,0.1607,-0.362,-0.382
33805,0.0,0.0,0.0,1000.0,0,0,0.1807,-0.362,-0.382
33806,0.0,0.0,0.0,1000.0,0,0,0.20070000000000002,-0.362,-0.382
33807,0.0,0.0,0.0,1000.0,0,0,0.2207,-0.362,-0.382
33808,0.0,0.0,0.0,1000.0,0,0,0.24070000000000003,-0.362,-0.382
33809,0.0,0.0,0.0,1000.0,0,0,0.26070000000000004,-0.362,-0.382
33810,0.0,0.0,0.0,1000.0,0,0,0.2807,-0.362,-0.382
33811,0.0,0.0,0.0,1000.0,0,0,0.3007,-0.362,-0.382
33812,0.0,0.0,0.0,1000.0,0,0,0.3207,-0.362,-0.382
33813,0.0,0.0,0.0,1000.0,0,0,0.3407,-0.362,-0.382
33814,0.0,0.0,0.0,1000.0,0,0,0.3607,-0.362,-0.382
33815,0.0,0.0,0.0,1000.0,0,0,0.38070000000000004,-0.362,-0.382
33816,0.0,0.0,0.0,1000.0,0,0,0.4007,-0.362,-0.382
33817,0.0,0.0,0.0,1000.0,0,0,0.4207,-0.362,-0.382
33818,0.0,0.0,0.0,1000.0,0,0,0.44070000000000004,-0.362,-0.382
33819,0.0,0.0,0.0,1000.0,0,0,0.4607,-0.362,-0.382
33820,0.0,0.0,0.0,1000.0,0,0,0.4807,-0.362,-0.382
33821,0.0,0.0,0.0,1000.0,0,0,0.1607,-0.34199999999999997,-0.382
33822,0.0,0.0,0.0,1000.0,0,0,0.1807,-0.34199999999999997,-0.382
33823,0.0,0.0,0.0,1000.0,0,0,0.20070000000000002,-0.34199999999999997,-0.382
33824,0.0,0.0,0.0,1000.0,0,0,0.2207,-0.34199999999999997,-0.382
33825,0.0,0.0,0.0,1000.0,0,0,0.24070000000000003,-0.34199999999999997,-0.382
33826,0.0,0.0,0.0,1000.0,0,0,0.26070000000000004,-0.34199999999999997,-0.382
33827,0.0,0.0,0.0,1000.0,0,0,0.2807,-0.34199999999999997,-0.382
33828,0.0,0.0,0.0,1000.0,0,0,0.3007,-0.34199999999999997,-0.382
33829,0.0,0.0,0.0,1000.0,0,0,0.3207,-0.34199999999999997,-0.382
33830,0.0,0.0,0.0,1000.0,0,0,0.3407,-0.34199999999999997,-0.382
33831,0.0,0.0,0.0,1000.0,0,0,0.3607,-0.34199999999999997,-0.382
33832,0.0,0.0,0.0,1000.0,0,0,0.38070000000000004,-0.34199999999999997,-0.382
33833,0.0,0.0,0.0,1000.0,0,0,0.4007,-0.34199999999999997,-0.382
33834,0.0,0.0,0.0,1000.0,0,0,0.4207,-0.34199999999999997,-0.382
33835,0.0,0.0,0.0,1000.0,0,0,0.44070000000000004,-0.34199999999999997,-0.382
33836,0.0,0.0,0.0,1000.0,0,0,0.4607,-0.34199999999999997,-0.382
33837,0.0,0.0,0.0,1000.0,0,0,0.4807,-0.34199999999999997,-0.382
33838,0.0,0.0,0.0,1000.0,0,0,0.1607,-0.32199999999999995,-0.382
33839,0.0,0.0,0.0,1000.0,0,0,0.1807,-0.32199999999999995,-0.382
33840,0.0,0.0,0.0,1000.0,0,0,0.20070000000000002,-0.32199999999999995,-0.382
33841,0.0,0.0,0.0,1000.0,0,0,0.2207,-0.32199999999999995,-0.382
33842,0.0,0.0,0.0,1000.0,0,0,0.24070000000000003,-0.32199999999999995,-0.382
33843,0.0,0.0,0.0,1000.0,0,0,0.26070000000000004,-0.32199999999999995,-0.382
33844,0.0,0.0,0.0,1000.0,0,0,0.2807,-0.32199999999999995,-0.382
33845,0.0,0.0,0.0,1000.0,0,0,0.3007,-0.32199999999999995,-0.382
33846,0.0,0.0,0.0,1000.0,0,0,0.3207,-0.32199999999999995,-0.382
33847,0.0,0.0,0.0,1000.0,0,0,0.3407,-0.32199999999999995,-0.382
33848,0.0,0.0,0.0,1000.0,0,0,0.3607,-0.32199999999999995,-0.382
33849,0.0,0.0,0.0,1000.0,0,0,0.38070000000000004,-0.32199999999999995,-0.382
33850,0.0,0.0,0.0,1000.0,0,0,0.4007,-0.32199999999999995,-0.382
33851,0.0,0.0,0.0,1000.0,0,0,0.4207,-0.32199999999999995,-0.382
33852,0.0,0.0,0.0,1000.0,0,0,0.44070000000000004,-0.32199999999999995,-0.382
33853,0.0,0.0,0.0,1000.0,0,0,0.4607,-0.32199999999999995,-0.382
33854,0.0,0.0,0.0,1000.0,0,0,0.4807,-0.32199999999999995,-0.382
33855,0.0,0.0,0.0,1000.0,0,0,0.1607,-0.302,-0.382
33856,0.0,0.0,0.0,1000.0,0,0,0.1807,-0.302,-0.382
33857,0.0,0.0,0.0,1000.0,0,0,0.20070000000000002,-0.302,-0.382
33858,0.0,0.0,0.0,1000.0,0,0,0.2207,-0.302,-0.382
33859,0.0,0.0,0.0,1000.0,0,0,0.24070000000000003,-0.302,-0.382
33860,0.0,0.0,0.0,1000.0,0,0,0.26070000000000004,-0.302,-0.382
33861,0.0,0.0,0.0,1000.0,0,0,0.2807,-0.302,-0.382
33862,0.0,0.0,0.0,1000.0,0,0,0.3007,-0.302,-0.382
33863,0.0,0.0,0.0,1000.0,0,0,0.3207,-0.302,-0.382
33864,0.0,0.0,0.0,1000.0,0,0,0.3407,-0.302,-0.382
33865,0.0,0.0,0.0,1000.0,0,0,0.3607,-0.302,-0.382
33866,0.0,0.0,0.0,1000.0,0,0,0.38070000000000004,-0.302,-0.382
33867,0.0,0.0,0.0,1000.0,0,0,0.4007,-0.302,-0.382
33868,0.0,0.0,0.0,1000.0,0,0,0.4207,-0.302,-0.382
33869,0.0,0.0,0.0,1000.0,0,0,0.44070000000000004,-0.302,-0.382
33870,0.0,0.0,0.0,1000.0,0,0,0.4607,-0.302,-0.382
33871,0.0,0.0,0.0,1000.0,0,0,0.4807,-0.302,-0.382
33872,0.0,0.0,0.0,1000.0,0,0,0.1607,-0.282,-0.382
33873,0.0,0.0,0.0,1000.0,0,0,0.1807,-0.282,-0.382
33874,0.0,0.0,0.0,1000.0,0,0,0.20070000000000002,-0.282,-0.382
33875,0.0,0.0,0.0,1000.0,0,0,0.2207,-0.282,-0.382
33876,0.0,0.0,0.0,1000.0,0,0,0.24070000000000003,-0.282,-0.382
33877,0.0,0.0,0.0,1000.0,0,0,0.26070000000000004,-0.282,-0.382
33878,0.0,0.0,0.0,1000.0,0,0,0.2807,-0.282,-0.382
33879,0.0,0.0,0.0,1000.0,0,0,0.3007,-0.282,-0.382
33880,0.0,0.0,0.0,1000.0,0,0,0.3207,-0.282,-0.382
33881,0.0,0.0,0.0,1000.0,0,0,0.3407,-0.282,-0.382
33882,0.0,0.0,0.0,1000.0,0,0,0.3607,-0.282,-0.382
33883,0.0,0.0,0.0,1000.0,0,0,0.38070000000000004,-0.282,-0.382
33884,0.0,0.0,0.0,1000.0,0,0,0.4007,-0.282,-0.382
33885,0.0,0.0,0.0,1000.0,0,0,0.4207,-0.282,-0.382
33886,0.0,0.0,0.0,1000.0,0,0,0.44070000000000004,-0.282,-0.382
33887,0.0,0.0,0.0,1000.0,0,0,0.4607,-0.282,-0.382
33888,0.0,0.0,0.0,1000.0,0,0,0.4807,-0.282,-0.382
33889,0.0,0.0,0.0,1000.0,0,0,0.1607,-0.262,-0.382
33890,0.0,0.0,0.0,1000.0,0,0,0.1807,-0.262,-0.382
33891,0.0,0.0,0.0,1000.0,0,0,0.20070000000000002,-0.262,-0.382
33892,0.0,0.0,0.0,1000.0,0,0,0.2207,-0.262,-0.382
33893,0.0,0.0,0.0,1000.0,0,0,0.24070000000000003,-0.262,-0.382
33894,0.0,0.0,0.0,1000.0,0,0,0.26070000000000004,-0.262,-0.382
33895,0.0,0.0,0.0,1000.0,0,0,0.2807,-0.262,-0.382
33896,0.0,0.0,0.0,1000.0,0,0,0.3007,-0.262,-0.382
33897,0.0,0.0,0.0,1000.0,0,0,0.3207,-0.262,-0.382
33898,0.0,0.0,0.0,1000.0,0,0,0.3407,-0.262,-0.382
33899,0.0,0.0,0.0,1000.0,0,0,0.3607,-0.262,-0.382
33900,0.0,0.0,0.0,1000.0,0,0,0.38070000000000004,-0.262,-0.382
33901,0.0,0.0,0.0,1000.0,0,0,0.4007,-0.262,-0.382
33902,0.0,0.0,0.0,1000.0,0,0,0.4207,-0.262,-0.382
33903,0.0,0.0,0.0,1000.0,0,0,0.44070000000000004,-0.262,-0.382
33904,0.0,0.0,0.0,1000.0,0,0,0.4607,-0.262,-0.382
33905,0.0,0.0,0.0,1000.0,0,0,0.4807,-0.262,-0.382
33906,0.0,0.0,0.0,1000.0,0,0,0.1607,-0.242,-0.382
33907,0.0,0.0,0.0,1000.0,0,0,0.1807,-0.242,-0.382
33908,0.0,0.0,0.0,1000.0,0,0,0.20070000000000002,-0.242,-0.382
33909,0.0,0.0,0.0,1000.0,0,0,0.2207,-0.242,-0.382
33910,0.0,0.0,0.0,1000.0,0,0,0.24070000000000003,-0.242,-0.382
33911,0.0,0.0,0.0,1000.0,0,0,0.26070000000000004,-0.242,-0.382
33912,0.0,0.0,0.0,1000.0,0,0,0.2807,-0.242,-0.382
33913,0.0,0.0,0.0,1000.0,0,0,0.3007,-0.242,-0.382
33914,0.0,0.0,0.0,1000.0,0,0,0.3207,-0.242,-0.382
33915,0.0,0.0,0.0,1000.0,0,0,0.3407,-0.242,-0.382
33916,0.0,0.0,0.0,1000.0,0,0,0.3607,-0.242,-0.382
33917,0.0,0.0,0.0,1000.0,0,0,0.38070000000000004,-0.242,-0.382
33918,0.0,0.0,0.0,1000.0,0,0,0.4007,-0.242,-0.382
33919,0.0,0.0,0.0,1000.0,0,0,0.4207,-0.242,-0.382
33920,0.0,0.0,0.0,1000.0,0,0,0.44070000000000004,-0.242,-0.382
33921,0.0,0.0,0.0,1000.0,0,0,0.4607,-0.242,-0.382
33922,0.0,0.0,0.0,1000.0,0,0,0.4807,-0.242,-0.382
33923,0.0,0.0,0.0,1000.0,0,0,0.1607,-0.22199999999999998,-0.382
33924,0.0,0.0,0.0,1000.0,0,0,0.1807,-0.22199999999999998,-0.382
33925,0.0,0.0,0.0,1000.0,0,0,0.20070000000000002,-0.22199999999999998,-0.382
33926,0.0,0.0,0.0,1000.0,0,0,0.2207,-0.22199999999999998,-0.382
33927,0.0,0.0,0.0,1000.0,0,0,0.24070000000000003,-0.22199999999999998,-0.382
33928,0.0,0.0,0.0,1000.0,0,0,0.26070000000000004,-0.22199999999999998,-0.382
33929,0.0,0.0,0.0,1000.0,0,0,0.2807,-0.22199999999999998,-0.382
33930,0.0,0.0,0.0,1000.0,0,0,0.3007,-0.22199999999999998,-0.382
33931,0.0,0.0,0.0,1000.0,0,0,0.3207,-0.22199999999999998,-0.382
33932,0.0,0.0,0.0,1000.0,0,0,0.3407,-0.22199999999999998,-0.382
33933,0.0,0.0,0.0,1000.0,0,0,0.3607,-0.22199999999999998,-0.382
33934,0.0,0.0,0.0,1000.0,0,0,0.38070000000000004,-0.22199999999999998,-0.382
33935,0.0,0.0,0.0,1000.0,0,0,0.4007,-0.22199999999999998,-0.382
33936,0.0,0.0,0.0,1000.0,0,0,0.4207,-0.22199999999999998,-0.382
33937,0.0,0.0,0.0,1000.0,0,0,0.44070000000000004,-0.22199999999999998,-0.382
33938,0.0,0.0,0.0,1000.0,0,0,0.4607,-0.22199999999999998,-0.382
33939,0.0,0.0,0.0,1000.0,0,0,0.4807,-0.22199999999999998,-0.382
33940,0.0,0.0,0.0,1000.0,0,0,0.1607,-0.20199999999999996,-0.382
33941,0.0,0.0,0.0,1000.0,0,0,0.1807,-0.20199999999999996,-0.382
33942,0.0,0.0,0.0,1000.0,0,0,0.20070000000000002,-0.20199999999999996,-0.382
33943,0.0,0.0,0.0,1000.0,0,0,0.2207,-0.20199999999999996,-0.382
33944,0.0,0.0,0.0,1000.0,0,0,0.24070000000000003,-0.20199999999999996,-0.382
33945,0.0,0.0,0.0,1000.0,0,0,0.26070000000000004,-0.20199999999999996,-0.382
33946,0.0,0.0,0.0,1000.0,0,0,0.2807,-0.20199999999999996,-0.382
33947,0.0,0.0,0.0,1000.0,0,0,0.3007,-0.20199999999999996,-0.382
33948,0.0,0.0,0.0,1000.0,0,0,0.3207,-0.20199999999999996,-0.382
33949,0.0,0.0,0.0,1000.0,0,0,0.3407,-0.20199999999999996,-0.382
33950,0.0,0.0,0.0,1000.0,0,0,0.3607,-0.20199999999999996,-0.382
33951,0.0,0.0,0.0,1000.0,0,0,0.38070000000000004,-0.20199999999999996,-0.382
33952,0.0,0.0,0.0,1000.0,0,0,0.4007,-0.20199999999999996,-0.382
33953,0.0,0.0,0.0,1000.0,0,0,0.4207,-0.20199999999999996,-0.382
33954,0.0,0.0,0.0,1000.0,0,0,0.44070000000000004,-0.20199999999999996,-0.382
33955,0.0,0.0,0.0,1000.0,0,0,0.4607,-0.20199999999999996,-0.382
33956,0.0,0.0,0.0,1000.0,0,0,0.4807,-0.20199999999999996,-0.382
33957,0.0,0.0,0.0,1000.0,0,0,0.1607,-0.182,-0.382
33958,0.0,0.0,0.0,1000.0,0,0,0.1807,-0.182,-0.382
33959,0.0,0.0,0.0,1000.0,0,0,0.20070000000000002,-0.182,-0.382
33960,0.0,0.0,0.0,1000.0,0,0,0.2207,-0.182,-0.382
33961,0.0,0.0,0.0,1000.0,0,0,0.24070000000000003,-0.182,-0.382
33962,0.0,0.0,0.0,1000.0,0,0,0.26070000000000004,-0.182,-0.382
33963,0.0,0.0,0.0,1000.0,0,0,0.2807,-0.182,-0.382
33964,0.0,0.0,0.0,1000.0,0,0,0.3007,-0.182,-0.382
33965,0.0,0.0,0.0,1000.0,0,0,0.3207,-0.182,-0.382
33966,0.0,0.0,0.0,1000.0,0,0,0.3407,-0.182,-0.382
33967,0.0,0.0,0.0,1000.0,0,0,0.3607,-0.182,-0.382
33968,0.0,0.0,0.0,1000.0,0,0,0.38070000000000004,-0.182,-0.382
33969,0.0,0.0,0.0,1000.0,0,0,0.4007,-0.182,-0.382
33970,0.0,0.0,0.0,1000.0,0,0,0.4207,-0.182,-0.382
33971,0.0,0.0,0.0,1000.0,0,0,0.44070000000000004,-0.182,-0.382
33972,0.0,0.0,0.0,1000.0,0,0,0.4607,-0.182,-0.382
33973,0.0,0.0,0.0,1000.0,0,0,0.4807,-0.182,-0.382
33974,0.0,0.0,0.0,1000.0,0,0,0.1607,-0.16199999999999998,-0.382
33975,0.0,0.0,0.0,1000.0,0,0,0.1807,-0.16199999999999998,-0.382
33976,0.0,0.0,0.0,1000.0,0,0,0.20070000000000002,-0.16199999999999998,-0.382
33977,0.0,0.0,0.0,1000.0,0,0,0.2207,-0.16199999999999998,-0.382
33978,0.0,0.0,0.0,1000.0,0,0,0.24070000000000003,-0.16199999999999998,-0.382
33979,0.0,0.0,0.0,1000.0,0,0,0.26070000000000004,-0.16199999999999998,-0.382
33980,0.0,0.0,0.0,1000.0,0,0,0.2807,-0.16199999999999998,-0.382
33981,0.0,0.0,0.0,1000.0,0,0,0.3007,-0.16199999999999998,-0.382
33982,0.0,0.0,0.0,1000.0,0,0,0.3207,-0.16199999999999998,-0.382
33983,0.0,0.0,0.0,1000.0,0,0,0.3407,-0.16199999999999998,-0.382
33984,0.0,0.0,0.0,1000.0,0,0,0.3607,-0.16199999999999998,-0.382
33985,0.0,0.0,0.0,1000.0,0,0,0.38070000000000004,-0.16199999999999998,-0.382
33986,0.0,0.0,0.0,1000.0,0,0,0.4007,-0.16199999999999998,-0.382
33987,0.0,0.0,0.0,1000.0,0,0,0.4207,-0.16199999999999998,-0.382
33988,0.0,0.0,0.0,1000.0,0,0,0.44070000000000004,-0.16199999999999998,-0.382
33989,0.0,0.0,0.0,1000.0,0,0,0.4607,-0.16199999999999998,-0.382
33990,0.0,0.0,0.0,1000.0,0,0,0.4807,-0.16199999999999998,-0.382
33991,0.0,0.0,0.0,1000.0,0,0,0.1607,-0.14199999999999996,-0.382
33992,0.0,0.0,0.0,1000.0,0,0,0.1807,-0.14199999999999996,-0.382
33993,0.0,0.0,0.0,1000.0,0,0,0.20070000000000002,-0.14199999999999996,-0.382
33994,0.0,0.0,0.0,1000.0,0,0,0.2207,-0.14199999999999996,-0.382
33995,0.0,0.0,0.0,1000.0,0,0,0.24070000000000003,-0.14199999999999996,-0.382
33996,0.0,0.0,0.0,1000.0,0,0,0.26070000000000004,-0.14199999999999996,-0.382
33997,0.0,0.0,0.0,1000.0,0,0,0.2807,-0.14199999999999996,-0.382
33998,0.0,0.0,0.0,1000.0,0,0,0.3007,-0.14199999999999996,-0.382
33999,0.0,0.0,0.0,1000.0,0,0,0.3207,-0.14199999999999996,-0.382
34000,0.0,0.0,0.0,1000.0,0,0,0.3407,-0.14199999999999996,-0.382
34001,0.0,0.0,0.0,1000.0,0,0,0.3607,-0.14199999999999996,-0.382
34002,0.0,0.0,0.0,1000.0,0,0,0.38070000000000004,-0.14199999999999996,-0.382
34003,0.0,0.0,0.0,1000.0,0,0,0.4007,-0.14199999999999996,-0.382
34004,0.0,0.0,0.0,1000.0,0,0,0.4207,-0.14199999999999996,-0.382
34005,0.0,0.0,0.0,1000.0,0,0,0.44070000000000004,-0.14199999999999996,-0.382
34006,0.0,0.0,0.0,1000.0,0,0,0.4607,-0.14199999999999996,-0.382
34007,0.0,0.0,0.0,1000.0,0,0,0.4807,-0.14199999999999996,-0.382
34008,0.0,0.0,0.0,1000.0,0,0,0.1607,-0.122,-0.382
34009,0.0,0.0,0.0,1000.0,0,0,0.1807,-0.122,-0.382
34010,0.0,0.0,0.0,1000.0,0,0,0.20070000000000002,-0.122,-0.382
34011,0.0,0.0,0.0,1000.0,0,0,0.2207,-0.122,-0.382
34012,0.0,0.0,0.0,1000.0,0,0,0.24070000000000003,-0.122,-0.382
34013,0.0,0.0,0.0,1000.0,0,0,0.26070000000000004,-0.122,-0.382
34014,0.0,0.0,0.0,1000.0,0,0,0.2807,-0.122,-0.382
34015,0.0,0.0,0.0,1000.0,0,0,0.3007,-0.122,-0.382
34016,0.0,0.0,0.0,1000.0,0,0,0.3207,-0.122,-0.382
34017,0.0,0.0,0.0,1000.0,0,0,0.3407,-0.122,-0.382
34018,0.0,0.0,0.0,1000.0,0,0,0.3607,-0.122,-0.382
34019,0.0,0.0,0.0,1000.0,0,0,0.38070000000000004,-0.122,-0.382
34020,0.0,0.0,0.0,1000.0,0,0,0.4007,-0.122,-0.382
34021,0.0,0.0,0.0,1000.0,0,0,0.4207,-0.122,-0.382
34022,0.0,0.0,0.0,1000.0,0,0,0.44070000000000004,-0.122,-0.382
34023,0.0,0.0,0.0,1000.0,0,0,0.4607,-0.122,-0.382
34024,0.0,0.0,0.0,1000.0,0,0,0.4807,-0.122,-0.382
34025,0.0,0.0,0.0,1000.0,0,0,0.1607,-0.10199999999999998,-0.382
34026,0.0,0.0,0.0,1000.0,0,0,0.1807,-0.10199999999999998,-0.382
34027,0.0,0.0,0.0,1000.0,0,0,0.20070000000000002,-0.10199999999999998,-0.382
34028,0.0,0.0,0.0,1000.0,0,0,0.2207,-0.10199999999999998,-0.382
34029,0.0,0.0,0.0,1000.0,0,0,0.24070000000000003,-0.10199999999999998,-0.382
34030,0.0,0.0,0.0,1000.0,0,0,0.26070000000000004,-0.10199999999999998,-0.382
34031,0.0,0.0,0.0,1000.0,0,0,0.2807,-0.10199999999999998,-0.382
34032,0.0,0.0,0.0,1000.0,0,0,0.3007,-0.10199999999999998,-0.382
34033,0.0,0.0,0.0,1000.0,0,0,0.3207,-0.10199999999999998,-0.382
34034,0.0,0.0,0.0,1000.0,0,0,0.3407,-0.10199999999999998,-0.382
34035,0.0,0.0,0.0,1000.0,0,0,0.3607,-0.10199999999999998,-0.382
34036,0.0,0.0,0.0,1000.0,0,0,0.38070000000000004,-0.10199999999999998,-0.382
34037,0.0,0.0,0.0,1000.0,0,0,0.4007,-0.10199999999999998,-0.382
34038,0.0,0.0,0.0,1000.0,0,0,0.4207,-0.10199999999999998,-0.382
34039,0.0,0.0,0.0,1000.0,0,0,0.44070000000000004,-0.10199999999999998,-0.382
34040,0.0,0.0,0.0,1000.0,0,0,0.4607,-0.10199999999999998,-0.382
34041,0.0,0.0,0.0,1000.0,0,0,0.4807,-0.10199999999999998,-0.382
34042,0.0,0.0,0.0,1000.0,0,0,0.1607,-0.08199999999999996,-0.382
34043,0.0,0.0,0.0,1000.0,0,0,0.1807,-0.08199999999999996,-0.382
34044,0.0,0.0,0.0,1000.0,0,0,0.20070000000000002,-0.08199999999999996,-0.382
34045,0.0,0.0,0.0,1000.0,0,0,0.2207,-0.08199999999999996,-0.382
34046,0.0,0.0,0.0,1000.0,0,0,0.24070000000000003,-0.08199999999999996,-0.382
34047,0.0,0.0,0.0,1000.0,0,0,0.26070000000000004,-0.08199999999999996,-0.382
34048,0.0,0.0,0.0,1000.0,0,0,0.2807,-0.08199999999999996,-0.382
34049,0.0,0.0,0.0,1000.0,0,0,0.3007,-0.08199999999999996,-0.382
34050,0.0,0.0,0.0,1000.0,0,0,0.3207,-0.08199999999999996,-0.382
34051,0.0,0.0,0.0,1000.0,0,0,0.3407,-0.08199999999999996,-0.382
34052,0.0,0.0,0.0,1000.0,0,0,0.3607,-0.08199999999999996,-0.382
34053,0.0,0.0,0.0,1000.0,0,0,0.38070000000000004,-0.08199999999999996,-0.382
34054,0.0,0.0,0.0,1000.0,0,0,0.4007,-0.08199999999999996,-0.382
34055,0.0,0.0,0.0,1000.0,0,0,0.4207,-0.08199999999999996,-0.382
34056,0.0,0.0,0.0,1000.0,0,0,0.44070000000000004,-0.08199999999999996,-0.382
34057,0.0,0.0,0.0,1000.0,0,0,0.4607,-0.08199999999999996,-0.382
34058,0.0,0.0,0.0,1000.0,0,0,0.4807,-0.08199999999999996,-0.382
34059,0.0,0.0,0.0,1000.0,0,0,0.1607,-0.062,-0.382
34060,0.0,0.0,0.0,1000.0,0,0,0.1807,-0.062,-0.382
34061,0.0,0.0,0.0,1000.0,0,0,0.20070000000000002,-0.062,-0.382
34062,0.0,0.0,0.0,1000.0,0,0,0.2207,-0.062,-0.382
34063,0.0,0.0,0.0,1000.0,0,0,0.24070000000000003,-0.062,-0.382
34064,0.0,0.0,0.0,1000.0,0,0,0.26070000000000004,-0.062,-0.382
34065,0.0,0.0,0.0,1000.0,0,0,0.2807,-0.062,-0.382
34066,0.0,0.0,0.0,1000.0,0,0,0.3007,-0.062,-0.382
34067,0.0,0.0,0.0,1000.0,0,0,0.3207,-0.062,-0.382
34068,0.0,0.0,0.0,1000.0,0,0,0.3407,-0.062,-0.382
34069,0.0,0.0,0.0,1000.0,0,0,0.3607,-0.062,-0.382
34070,0.0,0.0,0.0,1000.0,0,0,0.38070000000000004,-0.062,-0.382
34071,0.0,0.0,0.0,1000.0,0,0,0.4007,-0.062,-0.382
34072,0.0,0.0,0.0,1000.0,0,0,0.4207,-0.062,-0.382
34073,0.0,0.0,0.0,1000.0,0,0,0.44070000000000004,-0.062,-0.382
34074,0.0,0.0,0.0,1000.0,0,0,0.4607,-0.062,-0.382
34075,0.0,0.0,0.0,1000.0,0,0,0.4807,-0.062,-0.382
34076,0.0,0.0,0.0,1000.0,0,0,0.1607,-0.04199999999999998,-0.382
34077,0.0,0.0,0.0,1000.0,0,0,0.1807,-0.04199999999999998,-0.382
34078,0.0,0.0,0.0,1000.0,0,0,0.20070000000000002,-0.04199999999999998,-0.382
34079,0.0,0.0,0.0,1000.0,0,0,0.2207,-0.04199999999999998,-0.382
34080,0.0,0.0,0.0,1000.0,0,0,0.24070000000000003,-0.04199999999999998,-0.382
34081,0.0,0.0,0.0,1000.0,0,0,0.26070000000000004,-0.04199999999999998,-0.382
34082,0.0,0.0,0.0,1000.0,0,0,0.2807,-0.04199999999999998,-0.382
34083,0.0,0.0,0.0,1000.0,0,0,0.3007,-0.04199999999999998,-0.382
34084,0.0,0.0,0.0,1000.0,0,0,0.3207,-0.04199999999999998,-0.382
34085,0.0,0.0,0.0,1000.0,0,0,0.3407,-0.04199999999999998,-0.382
34086,0.0,0.0,0.0,1000.0,0,0,0.3607,-0.04199999999999998,-0.382
34087,0.0,0.0,0.0,1000.0,0,0,0.38070000000000004,-0.04199999999999998,-0.382
34088,0.0,0.0,0.0,1000.0,0,0,0.4007,-0.04199999999999998,-0.382
34089,0.0,0.0,0.0,1000.0,0,0,0.4207,-0.04199999999999998,-0.382
34090,0.0,0.0,0.0,1000.0,0,0,0.44070000000000004,-0.04199999999999998,-0.382
34091,0.0,0.0,0.0,1000.0,0,0,0.4607,-0.04199999999999998,-0.382
34092,0.0,0.0,0.0,1000.0,0,0,0.4807,-0.04199999999999998,-0.382
34093,0.0,0.0,0.0,1000.0,0,0,0.1607,-0.021999999999999964,-0.382
34094,0.0,0.0,0.0,1000.0,0,0,0.1807,-0.021999999999999964,-0.382
34095,0.0,0.0,0.0,1000.0,0,0,0.20070000000000002,-0.021999999999999964,-0.382
34096,0.0,0.0,0.0,1000.0,0,0,0.2207,-0.021999999999999964,-0.382
34097,0.0,0.0,0.0,1000.0,0,0,0.24070000000000003,-0.021999999999999964,-0.382
34098,0.0,0.0,0.0,1000.0,0,0,0.26070000000000004,-0.021999999999999964,-0.382
34099,0.0,0.0,0.0,1000.0,0,0,0.2807,-0.021999999999999964,-0.382
34100,0.0,0.0,0.0,1000.0,0,0,0.3007,-0.021999999999999964,-0.382
34101,0.0,0.0,0.0,1000.0,0,0,0.3207,-0.021999999999999964,-0.382
34102,0.0,0.0,0.0,1000.0,0,0,0.3407,-0.021999999999999964,-0.382
34103,0.0,0.0,0.0,1000.0,0,0,0.3607,-0.021999999999999964,-0.382
34104,0.0,0.0,0.0,1000.0,0,0,0.38070000000000004,-0.021999999999999964,-0.382
34105,0.0,0.0,0.0,1000.0,0,0,0.4007,-0.021999999999999964,-0.382
34106,0.0,0.0,0.0,1000.0,0,0,0.4207,-0.021999999999999964,-0.382
34107,0.0,0.0,0.0,1000.0,0,0,0.44070000000000004,-0.021999999999999964,-0.382
34108,0.0,0.0,0.0,1000.0,0,0,0.4607,-0.021999999999999964,-0.382
34109,0.0,0.0,0.0,1000.0,0,0,0.4807,-0.021999999999999964,-0.382
34110,0.0,0.0,0.0,1000.0,0,0,0.1607,-0.0020000000000000018,-0.382
34111,0.0,0.0,0.0,1000.0,0,0,0.1807,-0.0020000000000000018,-0.382
34112,0.0,0.0,0.0,1000.0,0,0,0.20070000000000002,-0.0020000000000000018,-0.382
34113,0.0,0.0,0.0,1000.0,0,0,0.2207,-0.0020000000000000018,-0.382
34114,0.0,0.0,0.0,1000.0,0,0,0.24070000000000003,-0.0020000000000000018,-0.382
34115,0.0,0.0,0.0,1000.0,0,0,0.26070000000000004,-0.0020000000000000018,-0.382
34116,0.0,0.0,0.0,1000.0,0,0,0.2807,-0.0020000000000000018,-0.382
34117,0.0,0.0,0.0,1000.0,0,0,0.3007,-0.0020000000000000018,-0.382
34118,0.0,0.0,0.0,1000.0,0,0,0.3207,-0.0020000000000000018,-0.382
34119,0.0,0.0,0.0,1000.0,0,0,0.3407,-0.0020000000000000018,-0.382
34120,0.0,0.0,0.0,1000.0,0,0,0.3607,-0.0020000000000000018,-0.382
34121,0.0,0.0,0.0,1000.0,0,0,0.38070000000000004,-0.0020000000000000018,-0.382
34122,0.0,0.0,0.0,1000.0,0,0,0.4007,-0.0020000000000000018,-0.382
34123,0.0,0.0,0.0,1000.0,0,0,0.4207,-0.0020000000000000018,-0.382
34124,0.0,0.0,0.0,1000.0,0,0,0.44070000000000004,-0.0020000000000000018,-0.382
34125,0.0,0.0,0.0,1000.0,0,0,0.4607,-0.0020000000000000018,-0.382
34126,0.0,0.0,0.0,1000.0,0,0,0.4807,-0.0020000000000000018,-0.382
34127,0.0,0.0,0.0,1000.0,0,0,0.1607,0.018000000000000016,-0.382
34128,0.0,0.0,0.0,1000.0,0,0,0.1807,0.018000000000000016,-0.382
34129,0.0,0.0,0.0,1000.0,0,0,0.20070000000000002,0.018000000000000016,-0.382
34130,0.0,0.0,0.0,1000.0,0,0,0.2207,0.018000000000000016,-0.382
34131,0.0,0.0,0.0,1000.0,0,0,0.24070000000000003,0.018000000000000016,-0.382
34132,0.0,0.0,0.0,1000.0,0,0,0.26070000000000004,0.018000000000000016,-0.382
34133,0.0,0.0,0.0,1000.0,0,0,0.2807,0.018000000000000016,-0.382
34134,0.0,0.0,0.0,1000.0,0,0,0.3007,0.018000000000000016,-0.382
34135,0.0,0.0,0.0,1000.0,0,0,0.3207,0.018000000000000016,-0.382
34136,0.0,0.0,0.0,1000.0,0,0,0.3407,0.018000000000000016,-0.382
34137,0.0,0.0,0.0,1000.0,0,0,0.3607,0.018000000000000016,-0.382
34138,0.0,0.0,0.0,1000.0,0,0,0.38070000000000004,0.018000000000000016,-0.382
34139,0.0,0.0,0.0,1000.0,0,0,0.4007,0.018000000000000016,-0.382
34140,0.0,0.0,0.0,1000.0,0,0,0.4207,0.018000000000000016,-0.382
34141,0.0,0.0,0.0,1000.0,0,0,0.44070000000000004,0.018000000000000016,-0.382
34142,0.0,0.0,0.0,1000.0,0,0,0.4607,0.018000000000000016,-0.382
34143,0.0,0.0,0.0,1000.0,0,0,0.4807,0.018000000000000016,-0.382
34144,0.0,0.0,0.0,1000.0,0,0,0.1607,0.038000000000000034,-0.382
34145,0.0,0.0,0.0,1000.0,0,0,0.1807,0.038000000000000034,-0.382
34146,0.0,0.0,0.0,1000.0,0,0,0.20070000000000002,0.038000000000000034,-0.382
34147,0.0,0.0,0.0,1000.0,0,0,0.2207,0.038000000000000034,-0.382
34148,0.0,0.0,0.0,1000.0,0,0,0.24070000000000003,0.038000000000000034,-0.382
34149,0.0,0.0,0.0,1000.0,0,0,0.26070000000000004,0.038000000000000034,-0.382
34150,0.0,0.0,0.0,1000.0,0,0,0.2807,0.038000000000000034,-0.382
34151,0.0,0.0,0.0,1000.0,0,0,0.3007,0.038000000000000034,-0.382
34152,0.0,0.0,0.0,1000.0,0,0,0.3207,0.038000000000000034,-0.382
34153,0.0,0.0,0.0,1000.0,0,0,0.3407,0.038000000000000034,-0.382
34154,0.0,0.0,0.0,1000.0,0,0,0.3607,0.038000000000000034,-0.382
34155,0.0,0.0,0.0,1000.0,0,0,0.38070000000000004,0.038000000000000034,-0.382
34156,0.0,0.0,0.0,1000.0,0,0,0.4007,0.038000000000000034,-0.382
34157,0.0,0.0,0.0,1000.0,0,0,0.4207,0.038000000000000034,-0.382
34158,0.0,0.0,0.0,1000.0,0,0,0.44070000000000004,0.038000000000000034,-0.382
34159,0.0,0.0,0.0,1000.0,0,0,0.4607,0.038000000000000034,-0.382
34160,0.0,0.0,0.0,1000.0,0,0,0.4807,0.038000000000000034,-0.382
34161,0.0,0.0,0.0,1000.0,0,0,0.1607,0.05800000000000005,-0.382
34162,0.0,0.0,0.0,1000.0,0,0,0.1807,0.05800000000000005,-0.382
34163,0.0,0.0,0.0,1000.0,0,0,0.20070000000000002,0.05800000000000005,-0.382
34164,0.0,0.0,0.0,1000.0,0,0,0.2207,0.05800000000000005,-0.382
34165,0.0,0.0,0.0,1000.0,0,0,0.24070000000000003,0.05800000000000005,-0.382
34166,0.0,0.0,0.0,1000.0,0,0,0.26070000000000004,0.05800000000000005,-0.382
34167,0.0,0.0,0.0,1000.0,0,0,0.2807,0.05800000000000005,-0.382
34168,0.0,0.0,0.0,1000.0,0,0,0.3007,0.05800000000000005,-0.382
34169,0.0,0.0,0.0,1000.0,0,0,0.3207,0.05800000000000005,-0.382
34170,0.0,0.0,0.0,1000.0,0,0,0.3407,0.05800000000000005,-0.382
34171,0.0,0.0,0.0,1000.0,0,0,0.3607,0.05800000000000005,-0.382
34172,0.0,0.0,0.0,1000.0,0,0,0.38070000000000004,0.05800000000000005,-0.382
34173,0.0,0.0,0.0,1000.0,0,0,0.4007,0.05800000000000005,-0.382
34174,0.0,0.0,0.0,1000.0,0,0,0.4207,0.05800000000000005,-0.382
34175,0.0,0.0,0.0,1000.0,0,0,0.44070000000000004,0.05800000000000005,-0.382
34176,0.0,0.0,0.0,1000.0,0,0,0.4607,0.05800000000000005,-0.382
34177,0.0,0.0,0.0,1000.0,0,0,0.4807,0.05800000000000005,-0.382
34178,0.0,0.0,0.0,1000.0,0,0,0.1607,0.07800000000000007,-0.382
34179,0.0,0.0,0.0,1000.0,0,0,0.1807,0.07800000000000007,-0.382
34180,0.0,0.0,0.0,1000.0,0,0,0.20070000000000002,0.07800000000000007,-0.382
34181,0.0,0.0,0.0,1000.0,0,0,0.2207,0.07800000000000007,-0.382
34182,0.0,0.0,0.0,1000.0,0,0,0.24070000000000003,0.07800000000000007,-0.382
34183,0.0,0.0,0.0,1000.0,0,0,0.26070000000000004,0.07800000000000007,-0.382
34184,0.0,0.0,0.0,1000.0,0,0,0.2807,0.07800000000000007,-0.382
34185,0.0,0.0,0.0,1000.0,0,0,0.3007,0.07800000000000007,-0.382
34186,0.0,0.0,0.0,1000.0,0,0,0.3207,0.07800000000000007,-0.382
34187,0.0,0.0,0.0,1000.0,0,0,0.3407,0.07800000000000007,-0.382
34188,0.0,0.0,0.0,1000.0,0,0,0.3607,0.07800000000000007,-0.382
34189,0.0,0.0,0.0,1000.0,0,0,0.38070000000000004,0.07800000000000007,-0.382
34190,0.0,0.0,0.0,1000.0,0,0,0.4007,0.07800000000000007,-0.382
34191,0.0,0.0,0.0,1000.0,0,0,0.4207,0.07800000000000007,-0.382
34192,0.0,0.0,0.0,1000.0,0,0,0.44070000000000004,0.07800000000000007,-0.382
34193,0.0,0.0,0.0,1000.0,0,0,0.4607,0.07800000000000007,-0.382
34194,0.0,0.0,0.0,1000.0,0,0,0.4807,0.07800000000000007,-0.382
34195,0.0,0.0,0.0,1000.0,0,0,0.1607,0.09799999999999998,-0.382
34196,0.0,0.0,0.0,1000.0,0,0,0.1807,0.09799999999999998,-0.382
34197,0.0,0.0,0.0,1000.0,0,0,0.20070000000000002,0.09799999999999998,-0.382
34198,0.0,0.0,0.0,1000.0,0,0,0.2207,0.09799999999999998,-0.382
34199,0.0,0.0,0.0,1000.0,0,0,0.24070000000000003,0.09799999999999998,-0.382
34200,0.0,0.0,0.0,1000.0,0,0,0.26070000000000004,0.09799999999999998,-0.382
34201,0.0,0.0,0.0,1000.0,0,0,0.2807,0.09799999999999998,-0.382
34202,0.0,0.0,0.0,1000.0,0,0,0.3007,0.09799999999999998,-0.382
34203,0.0,0.0,0.0,1000.0,0,0,0.3207,0.09799999999999998,-0.382
34204,0.0,0.0,0.0,1000.0,0,0,0.3407,0.09799999999999998,-0.382
34205,0.0,0.0,0.0,1000.0,0,0,0.3607,0.09799999999999998,-0.382
34206,0.0,0.0,0.0,1000.0,0,0,0.38070000000000004,0.09799999999999998,-0.382
34207,0.0,0.0,0.0,1000.0,0,0,0.4007,0.09799999999999998,-0.382
34208,0.0,0.0,0.0,1000.0,0,0,0.4207,0.09799999999999998,-0.382
34209,0.0,0.0,0.0,1000.0,0,0,0.44070000000000004,0.09799999999999998,-0.382
34210,0.0,0.0,0.0,1000.0,0,0,0.4607,0.09799999999999998,-0.382
34211,0.0,0.0,0.0,1000.0,0,0,0.4807,0.09799999999999998,-0.382
34212,0.0,0.0,0.0,1000.0,0,0,0.1607,0.118,-0.382
34213,0.0,0.0,0.0,1000.0,0,0,0.1807,0.118,-0.382
34214,0.0,0.0,0.0,1000.0,0,0,0.20070000000000002,0.118,-0.382
34215,0.0,0.0,0.0,1000.0,0,0,0.2207,0.118,-0.382
34216,0.0,0.0,0.0,1000.0,0,0,0.24070000000000003,0.118,-0.382
34217,0.0,0.0,0.0,1000.0,0,0,0.26070000000000004,0.118,-0.382
34218,0.0,0.0,0.0,1000.0,0,0,0.2807,0.118,-0.382
34219,0.0,0.0,0.0,1000.0,0,0,0.3007,0.118,-0.382
34220,0.0,0.0,0.0,1000.0,0,0,0.3207,0.118,-0.382
34221,0.0,0.0,0.0,1000.0,0,0,0.3407,0.118,-0.382
34222,0.0,0.0,0.0,1000.0,0,0,0.3607,0.118,-0.382
34223,0.0,0.0,0.0,1000.0,0,0,0.38070000000000004,0.118,-0.382
34224,0.0,0.0,0.0,1000.0,0,0,0.4007,0.118,-0.382
34225,0.0,0.0,0.0,1000.0,0,0,0.4207,0.118,-0.382
34226,0.0,0.0,0.0,1000.0,0,0,0.44070000000000004,0.118,-0.382
34227,0.0,0.0,0.0,1000.0,0,0,0.4607,0.118,-0.382
34228,0.0,0.0,0.0,1000.0,0,0,0.4807,0.118,-0.382
34229,0.0,0.0,0.0,1000.0,0,0,0.1607,0.138,-0.382
34230,0.0,0.0,0.0,1000.0,0,0,0.1807,0.138,-0.382
34231,0.0,0.0,0.0,1000.0,0,0,0.20070000000000002,0.138,-0.382
34232,0.0,0.0,0.0,1000.0,0,0,0.2207,0.138,-0.382
34233,0.0,0.0,0.0,1000.0,0,0,0.24070000000000003,0.138,-0.382
34234,0.0,0.0,0.0,1000.0,0,0,0.26070000000000004,0.138,-0.382
34235,0.0,0.0,0.0,1000.0,0,0,0.2807,0.138,-0.382
34236,0.0,0.0,0.0,1000.0,0,0,0.3007,0.138,-0.382
34237,0.0,0.0,0.0,1000.0,0,0,0.3207,0.138,-0.382
34238,0.0,0.0,0.0,1000.0,0,0,0.3407,0.138,-0.382
34239,0.0,0.0,0.0,1000.0,0,0,0.3607,0.138,-0.382
34240,0.0,0.0,0.0,1000.0,0,0,0.38070000000000004,0.138,-0.382
34241,0.0,0.0,0.0,1000.0,0,0,0.4007,0.138,-0.382
34242,0.0,0.0,0.0,1000.0,0,0,0.4207,0.138,-0.382
34243,0.0,0.0,0.0,1000.0,0,0,0.44070000000000004,0.138,-0.382
34244,0.0,0.0,0.0,1000.0,0,0,0.4607,0.138,-0.382
34245,0.0,0.0,0.0,1000.0,0,0,0.4807,0.138,-0.382
34246,0.0,0.0,0.0,1000.0,0,0,0.1607,0.15800000000000003,-0.382
34247,0.0,0.0,0.0,1000.0,0,0,0.1807,0.15800000000000003,-0.382
34248,0.0,0.0,0.0,1000.0,0,0,0.20070000000000002,0.15800000000000003,-0.382
34249,0.0,0.0,0.0,1000.0,0,0,0.2207,0.15800000000000003,-0.382
34250,0.0,0.0,0.0,1000.0,0,0,0.24070000000000003,0.15800000000000003,-0.382
34251,0.0,0.0,0.0,1000.0,0,0,0.26070000000000004,0.15800000000000003,-0.382
34252,0.0,0.0,0.0,1000.0,0,0,0.2807,0.15800000000000003,-0.382
34253,0.0,0.0,0.0,1000.0,0,0,0.3007,0.15800000000000003,-0.382
34254,0.0,0.0,0.0,1000.0,0,0,0.3207,0.15800000000000003,-0.382
34255,0.0,0.0,0.0,1000.0,0,0,0.3407,0.15800000000000003,-0.382
34256,0.0,0.0,0.0,1000.0,0,0,0.3607,0.15800000000000003,-0.382
34257,0.0,0.0,0.0,1000.0,0,0,0.38070000000000004,0.15800000000000003,-0.382
34258,0.0,0.0,0.0,1000.0,0,0,0.4007,0.15800000000000003,-0.382
34259,0.0,0.0,0.0,1000.0,0,0,0.4207,0.15800000000000003,-0.382
34260,0.0,0.0,0.0,1000.0,0,0,0.44070000000000004,0.15800000000000003,-0.382
34261,0.0,0.0,0.0,1000.0,0,0,0.4607,0.15800000000000003,-0.382
34262,0.0,0.0,0.0,1000.0,0,0,0.4807,0.15800000000000003,-0.382
34263,0.0,0.0,0.0,1000.0,0,0,0.1607,0.17800000000000005,-0.382
34264,0.0,0.0,0.0,1000.0,0,0,0.1807,0.17800000000000005,-0.382
34265,0.0,0.0,0.0,1000.0,0,0,0.20070000000000002,0.17800000000000005,-0.382
34266,0.0,0.0,0.0,1000.0,0,0,0.2207,0.17800000000000005,-0.382
34267,0.0,0.0,0.0,1000.0,0,0,0.24070000000000003,0.17800000000000005,-0.382
34268,0.0,0.0,0.0,1000.0,0,0,0.26070000000000004,0.17800000000000005,-0.382
34269,0.0,0.0,0.0,1000.0,0,0,0.2807,0.17800000000000005,-0.382
34270,0.0,0.0,0.0,1000.0,0,0,0.3007,0.17800000000000005,-0.382
34271,0.0,0.0,0.0,1000.0,0,0,0.3207,0.17800000000000005,-0.382
34272,0.0,0.0,0.0,1000.0,0,0,0.3407,0.17800000000000005,-0.382
34273,0.0,0.0,0.0,1000.0,0,0,0.3607,0.17800000000000005,-0.382
34274,0.0,0.0,0.0,1000.0,0,0,0.38070000000000004,0.17800000000000005,-0.382
34275,0.0,0.0,0.0,1000.0,0,0,0.4007,0.17800000000000005,-0.382
34276,0.0,0.0,0.0,1000.0,0,0,0.4207,0.17800000000000005,-0.382
34277,0.0,0.0,0.0,1000.0,0,0,0.44070000000000004,0.17800000000000005,-0.382
34278,0.0,0.0,0.0,1000.0,0,0,0.4607,0.17800000000000005,-0.382
34279,0.0,0.0,0.0,1000.0,0,0,0.4807,0.17800000000000005,-0.382
34280,0.0,0.0,0.0,1000.0,0,0,0.1607,0.19800000000000006,-0.382
34281,0.0,0.0,0.0,1000.0,0,0,0.1807,0.19800000000000006,-0.382
34282,0.0,0.0,0.0,1000.0,0,0,0.20070000000000002,0.19800000000000006,-0.382
34283,0.0,0.0,0.0,1000.0,0,0,0.2207,0.19800000000000006,-0.382
34284,0.0,0.0,0.0,1000.0,0,0,0.24070000000000003,0.19800000000000006,-0.382
34285,0.0,0.0,0.0,1000.0,0,0,0.26070000000000004,0.19800000000000006,-0.382
34286,0.0,0.0,0.0,1000.0,0,0,0.2807,0.19800000000000006,-0.382
34287,0.0,0.0,0.0,1000.0,0,0,0.3007,0.19800000000000006,-0.382
34288,0.0,0.0,0.0,1000.0,0,0,0.3207,0.19800000000000006,-0.382
34289,0.0,0.0,0.0,1000.0,0,0,0.3407,0.19800000000000006,-0.382
34290,0.0,0.0,0.0,1000.0,0,0,0.3607,0.19800000000000006,-0.382
34291,0.0,0.0,0.0,1000.0,0,0,0.38070000000000004,0.19800000000000006,-0.382
34292,0.0,0.0,0.0,1000.0,0,0,0.4007,0.19800000000000006,-0.382
34293,0.0,0.0,0.0,1000.0,0,0,0.4207,0.19800000000000006,-0.382
34294,0.0,0.0,0.0,1000.0,0,0,0.44070000000000004,0.19800000000000006,-0.382
34295,0.0,0.0,0.0,1000.0,0,0,0.4607,0.19800000000000006,-0.382
34296,0.0,0.0,0.0,1000.0,0,0,0.4807,0.19800000000000006,-0.382
34297,0.0,0.0,0.0,1000.0,0,0,0.1607,0.21800000000000008,-0.382
34298,0.0,0.0,0.0,1000.0,0,0,0.1807,0.21800000000000008,-0.382
34299,0.0,0.0,0.0,1000.0,0,0,0.20070000000000002,0.21800000000000008,-0.382
34300,0.0,0.0,0.0,1000.0,0,0,0.2207,0.21800000000000008,-0.382
34301,0.0,0.0,0.0,1000.0,0,0,0.24070000000000003,0.21800000000000008,-0.382
34302,0.0,0.0,0.0,1000.0,0,0,0.26070000000000004,0.21800000000000008,-0.382
34303,0.0,0.0,0.0,1000.0,0,0,0.2807,0.21800000000000008,-0.382
34304,0.0,0.0,0.0,1000.0,0,0,0.3007,0.21800000000000008,-0.382
34305,0.0,0.0,0.0,1000.0,0,0,0.3207,0.21800000000000008,-0.382
34306,0.0,0.0,0.0,1000.0,0,0,0.3407,0.21800000000000008,-0.382
34307,0.0,0.0,0.0,1000.0,0,0,0.3607,0.21800000000000008,-0.382
34308,0.0,0.0,0.0,1000.0,0,0,0.38070000000000004,0.21800000000000008,-0.382
34309,0.0,0.0,0.0,1000.0,0,0,0.4007,0.21800000000000008,-0.382
34310,0.0,0.0,0.0,1000.0,0,0,0.4207,0.21800000000000008,-0.382
34311,0.0,0.0,0.0,1000.0,0,0,0.44070000000000004,0.21800000000000008,-0.382
34312,0.0,0.0,0.0,1000.0,0,0,0.4607,0.21800000000000008,-0.382
34313,0.0,0.0,0.0,1000.0,0,0,0.4807,0.21800000000000008,-0.382
34314,0.0,0.0,0.0,1000.0,0,0,0.1607,0.238,-0.382
34315,0.0,0.0,0.0,1000.0,0,0,0.1807,0.238,-0.382
34316,0.0,0.0,0.0,1000.0,0,0,0.20070000000000002,0.238,-0.382
34317,0.0,0.0,0.0,1000.0,0,0,0.2207,0.238,-0.382
34318,0.0,0.0,0.0,1000.0,0,0,0.24070000000000003,0.238,-0.382
34319,0.0,0.0,0.0,1000.0,0,0,0.26070000000000004,0.238,-0.382
34320,0.0,0.0,0.0,1000.0,0,0,0.2807,0.238,-0.382
34321,0.0,0.0,0.0,1000.0,0,0,0.3007,0.238,-0.382
34322,0.0,0.0,0.0,1000.0,0,0,0.3207,0.238,-0.382
34323,0.0,0.0,0.0,1000.0,0,0,0.3407,0.238,-0.382
34324,0.0,0.0,0.0,1000.0,0,0,0.3607,0.238,-0.382
34325,0.0,0.0,0.0,1000.0,0,0,0.38070000000000004,0.238,-0.382
34326,0.0,0.0,0.0,1000.0,0,0,0.4007,0.238,-0.382
34327,0.0,0.0,0.0,1000.0,0,0,0.4207,0.238,-0.382
34328,0.0,0.0,0.0,1000.0,0,0,0.44070000000000004,0.238,-0.382
34329,0.0,0.0,0.0,1000.0,0,0,0.4607,0.238,-0.382
34330,0.0,0.0,0.0,1000.0,0,0,0.4807,0.238,-0.382
34331,0.0,0.0,0.0,1000.0,0,0,0.1607,0.258,-0.382
34332,0.0,0.0,0.0,1000.0,0,0,0.1807,0.258,-0.382
34333,0.0,0.0,0.0,1000.0,0,0,0.20070000000000002,0.258,-0.382
34334,0.0,0.0,0.0,1000.0,0,0,0.2207,0.258,-0.382
34335,0.0,0.0,0.0,1000.0,0,0,0.24070000000000003,0.258,-0.382
34336,0.0,0.0,0.0,1000.0,0,0,0.26070000000000004,0.258,-0.382
34337,0.0,0.0,0.0,1000.0,0,0,0.2807,0.258,-0.382
34338,0.0,0.0,0.0,1000.0,0,0,0.3007,0.258,-0.382
34339,0.0,0.0,0.0,1000.0,0,0,0.3207,0.258,-0.382
34340,0.0,0.0,0.0,1000.0,0,0,0.3407,0.258,-0.382
34341,0.0,0.0,0.0,1000.0,0,0,0.3607,0.258,-0.382
34342,0.0,0.0,0.0,1000.0,0,0,0.38070000000000004,0.258,-0.382
34343,0.0,0.0,0.0,1000.0,0,0,0.4007,0.258,-0.382
34344,0.0,0.0,0.0,1000.0,0,0,0.4207,0.258,-0.382
34345,0.0,0.0,0.0,1000.0,0,0,0.44070000000000004,0.258,-0.382
34346,0.0,0.0,0.0,1000.0,0,0,0.4607,0.258,-0.382
34347,0.0,0.0,0.0,1000.0,0,0,0.4807,0.258,-0.382
34348,0.0,0.0,0.0,1000.0,0,0,0.1607,0.278,-0.382
34349,0.0,0.0,0.0,1000.0,0,0,0.1807,0.278,-0.382
34350,0.0,0.0,0.0,1000.0,0,0,0.20070000000000002,0.278,-0.382
34351,0.0,0.0,0.0,1000.0,0,0,0.2207,0.278,-0.382
34352,0.0,0.0,0.0,1000.0,0,0,0.24070000000000003,0.278,-0.382
34353,0.0,0.0,0.0,1000.0,0,0,0.26070000000000004,0.278,-0.382
34354,0.0,0.0,0.0,1000.0,0,0,0.2807,0.278,-0.382
34355,0.0,0.0,0.0,1000.0,0,0,0.3007,0.278,-0.382
34356,0.0,0.0,0.0,1000.0,0,0,0.3207,0.278,-0.382
34357,0.0,0.0,0.0,1000.0,0,0,0.3407,0.278,-0.382
34358,0.0,0.0,0.0,1000.0,0,0,0.3607,0.278,-0.382
34359,0.0,0.0,0.0,1000.0,0,0,0.38070000000000004,0.278,-0.382
34360,0.0,0.0,0.0,1000.0,0,0,0.4007,0.278,-0.382
34361,0.0,0.0,0.0,1000.0,0,0,0.4207,0.278,-0.382
34362,0.0,0.0,0.0,1000.0,0,0,0.44070000000000004,0.278,-0.382
34363,0.0,0.0,0.0,1000.0,0,0,0.4607,0.278,-0.382
34364,0.0,0.0,0.0,1000.0,0,0,0.4807,0.278,-0.382
34365,0.0,0.0,0.0,1000.0,0,0,0.1607,0.29800000000000004,-0.382
34366,0.0,0.0,0.0,1000.0,0,0,0.1807,0.29800000000000004,-0.382
34367,0.0,0.0,0.0,1000.0,0,0,0.20070000000000002,0.29800000000000004,-0.382
34368,0.0,0.0,0.0,1000.0,0,0,0.2207,0.29800000000000004,-0.382
34369,0.0,0.0,0.0,1000.0,0,0,0.24070000000000003,0.29800000000000004,-0.382
34370,0.0,0.0,0.0,1000.0,0,0,0.26070000000000004,0.29800000000000004,-0.382
34371,0.0,0.0,0.0,1000.0,0,0,0.2807,0.29800000000000004,-0.382
34372,0.0,0.0,0.0,1000.0,0,0,0.3007,0.29800000000000004,-0.382
34373,0.0,0.0,0.0,1000.0,0,0,0.3207,0.29800000000000004,-0.382
34374,0.0,0.0,0.0,1000.0,0,0,0.3407,0.29800000000000004,-0.382
34375,0.0,0.0,0.0,1000.0,0,0,0.3607,0.29800000000000004,-0.382
34376,0.0,0.0,0.0,1000.0,0,0,0.38070000000000004,0.29800000000000004,-0.382
34377,0.0,0.0,0.0,1000.0,0,0,0.4007,0.29800000000000004,-0.382
34378,0.0,0.0,0.0,1000.0,0,0,0.4207,0.29800000000000004,-0.382
34379,0.0,0.0,0.0,1000.0,0,0,0.44070000000000004,0.29800000000000004,-0.382
34380,0.0,0.0,0.0,1000.0,0,0,0.4607,0.29800000000000004,-0.382
34381,0.0,0.0,0.0,1000.0,0,0,0.4807,0.29800000000000004,-0.382
34382,0.0,0.0,0.0,1000.0,0,0,0.1607,0.31800000000000006,-0.382
34383,0.0,0.0,0.0,1000.0,0,0,0.1807,0.31800000000000006,-0.382
34384,0.0,0.0,0.0,1000.0,0,0,0.20070000000000002,0.31800000000000006,-0.382
34385,0.0,0.0,0.0,1000.0,0,0,0.2207,0.31800000000000006,-0.382
34386,0.0,0.0,0.0,1000.0,0,0,0.24070000000000003,0.31800000000000006,-0.382
34387,0.0,0.0,0.0,1000.0,0,0,0.26070000000000004,0.31800000000000006,-0.382
34388,0.0,0.0,0.0,1000.0,0,0,0.2807,0.31800000000000006,-0.382
34389,0.0,0.0,0.0,1000.0,0,0,0.3007,0.31800000000000006,-0.382
34390,0.0,0.0,0.0,1000.0,0,0,0.3207,0.31800000000000006,-0.382
34391,0.0,0.0,0.0,1000.0,0,0,0.3407,0.31800000000000006,-0.382
34392,0.0,0.0,0.0,1000.0,0,0,0.3607,0.31800000000000006,-0.382
34393,0.0,0.0,0.0,1000.0,0,0,0.38070000000000004,0.31800000000000006,-0.382
34394,0.0,0.0,0.0,1000.0,0,0,0.4007,0.31800000000000006,-0.382
34395,0.0,0.0,0.0,1000.0,0,0,0.4207,0.31800000000000006,-0.382
34396,0.0,0.0,0.0,1000.0,0,0,0.44070000000000004,0.31800000000000006,-0.382
34397,0.0,0.0,0.0,1000.0,0,0,0.4607,0.31800000000000006,-0.382
34398,0.0,0.0,0.0,1000.0,0,0,0.4807,0.31800000000000006,-0.382
34399,0.0,0.0,0.0,1000.0,0,0,0.1607,0.3380000000000001,-0.382
34400,0.0,0.0,0.0,1000.0,0,0,0.1807,0.3380000000000001,-0.382
34401,0.0,0.0,0.0,1000.0,0,0,0.20070000000000002,0.3380000000000001,-0.382
34402,0.0,0.0,0.0,1000.0,0,0,0.2207,0.3380000000000001,-0.382
34403,0.0,0.0,0.0,1000.0,0,0,0.24070000000000003,0.3380000000000001,-0.382
34404,0.0,0.0,0.0,1000.0,0,0,0.26070000000000004,0.3380000000000001,-0.382
34405,0.0,0.0,0.0,1000.0,0,0,0.2807,0.3380000000000001,-0.382
34406,0.0,0.0,0.0,1000.0,0,0,0.3007,0.3380000000000001,-0.382
34407,0.0,0.0,0.0,1000.0,0,0,0.3207,0.3380000000000001,-0.382
34408,0.0,0.0,0.0,1000.0,0,0,0.3407,0.3380000000000001,-0.382
34409,0.0,0.0,0.0,1000.0,0,0,0.3607,0.3380000000000001,-0.382
34410,0.0,0.0,0.0,1000.0,0,0,0.38070000000000004,0.3380000000000001,-0.382
34411,0.0,0.0,0.0,1000.0,0,0,0.4007,0.3380000000000001,-0.382
34412,0.0,0.0,0.0,1000.0,0,0,0.4207,0.3380000000000001,-0.382
34413,0.0,0.0,0.0,1000.0,0,0,0.44070000000000004,0.3380000000000001,-0.382
34414,0.0,0.0,0.0,1000.0,0,0,0.4607,0.3380000000000001,-0.382
34415,0.0,0.0,0.0,1000.0,0,0,0.4807,0.3380000000000001,-0.382
34416,0.0,0.0,0.0,1000.0,0,0,0.1607,0.358,-0.382
34417,0.0,0.0,0.0,1000.0,0,0,0.1807,0.358,-0.382
34418,0.0,0.0,0.0,1000.0,0,0,0.20070000000000002,0.358,-0.382
34419,0.0,0.0,0.0,1000.0,0,0,0.2207,0.358,-0.382
34420,0.0,0.0,0.0,1000.0,0,0,0.24070000000000003,0.358,-0.382
34421,0.0,0.0,0.0,1000.0,0,0,0.26070000000000004,0.358,-0.382
34422,0.0,0.0,0.0,1000.0,0,0,0.2807,0.358,-0.382
34423,0.0,0.0,0.0,1000.0,0,0,0.3007,0.358,-0.382
34424,0.0,0.0,0.0,1000.0,0,0,0.3207,0.358,-0.382
34425,0.0,0.0,0.0,1000.0,0,0,0.3407,0.358,-0.382
34426,0.0,0.0,0.0,1000.0,0,0,0.3607,0.358,-0.382
34427,0.0,0.0,0.0,1000.0,0,0,0.38070000000000004,0.358,-0.382
34428,0.0,0.0,0.0,1000.0,0,0,0.4007,0.358,-0.382
34429,0.0,0.0,0.0,1000.0,0,0,0.4207,0.358,-0.382
34430,0.0,0.0,0.0,1000.0,0,0,0.44070000000000004,0.358,-0.382
34431,0.0,0.0,0.0,1000.0,0,0,0.4607,0.358,-0.382
34432,0.0,0.0,0.0,1000.0,0,0,0.4807,0.358,-0.382
34433,0.0,0.0,0.0,1000.0,0,0,0.1607,0.378,-0.382
34434,0.0,0.0,0.0,1000.0,0,0,0.1807,0.378,-0.382
34435,0.0,0.0,0.0,1000.0,0,0,0.20070000000000002,0.378,-0.382
34436,0.0,0.0,0.0,1000.0,0,0,0.2207,0.378,-0.382
34437,0.0,0.0,0.0,1000.0,0,0,0.24070000000000003,0.378,-0.382
34438,0.0,0.0,0.0,1000.0,0,0,0.26070000000000004,0.378,-0.382
34439,0.0,0.0,0.0,1000.0,0,0,0.2807,0.378,-0.382
34440,0.0,0.0,0.0,1000.0,0,0,0.3007,0.378,-0.382
34441,0.0,0.0,0.0,1000.0,0,0,0.3207,0.378,-0.382
34442,0.0,0.0,0.0,1000.0,0,0,0.3407,0.378,-0.382
34443,0.0,0.0,0.0,1000.0,0,0,0.3607,0.378,-0.382
34444,0.0,0.0,0.0,1000.0,0,0,0.38070000000000004,0.378,-0.382
34445,0.0,0.0,0.0,1000.0,0,0,0.4007,0.378,-0.382
34446,0.0,0.0,0.0,1000.0,0,0,0.4207,0.378,-0.382
34447,0.0,0.0,0.0,1000.0,0,0,0.44070000000000004,0.378,-0.382
34448,0.0,0.0,0.0,1000.0,0,0,0.4607,0.378,-0.382
34449,0.0,0.0,0.0,1000.0,0,0,0.4807,0.378,-0.382
34450,0.0,0.0,0.0,1000.0,0,0,0.1607,0.398,-0.382
34451,0.0,0.0,0.0,1000.0,0,0,0.1807,0.398,-0.382
34452,0.0,0.0,0.0,1000.0,0,0,0.20070000000000002,0.398,-0.382
34453,0.0,0.0,0.0,1000.0,0,0,0.2207,0.398,-0.382
34454,0.0,0.0,0.0,1000.0,0,0,0.24070000000000003,0.398,-0.382
34455,0.0,0.0,0.0,1000.0,0,0,0.26070000000000004,0.398,-0.382
34456,0.0,0.0,0.0,1000.0,0,0,0.2807,0.398,-0.382
34457,0.0,0.0,0.0,1000.0,0,0,0.3007,0.398,-0.382
34458,0.0,0.0,0.0,1000.0,0,0,0.3207,0.398,-0.382
34459,0.0,0.0,0.0,1000.0,0,0,0.3407,0.398,-0.382
34460,0.0,0.0,0.0,1000.0,0,0,0.3607,0.398,-0.382
34461,0.0,0.0,0.0,1000.0,0,0,0.38070000000000004,0.398,-0.382
34462,0.0,0.0,0.0,1000.0,0,0,0.4007,0.398,-0.382
34463,0.0,0.0,0.0,1000.0,0,0,0.4207,0.398,-0.382
34464,0.0,0.0,0.0,1000.0,0,0,0.44070000000000004,0.398,-0.382
34465,0.0,0.0,0.0,1000.0,0,0,0.4607,0.398,-0.382
34466,0.0,0.0,0.0,1000.0,0,0,0.4807,0.398,-0.382
34467,0.0,0.0,0.0,1000.0,0,0,0.1607,0.41800000000000004,-0.382
34468,0.0,0.0,0.0,1000.0,0,0,0.1807,0.41800000000000004,-0.382
34469,0.0,0.0,0.0,1000.0,0,0,0.20070000000000002,0.41800000000000004,-0.382
34470,0.0,0.0,0.0,1000.0,0,0,0.2207,0.41800000000000004,-0.382
34471,0.0,0.0,0.0,1000.0,0,0,0.24070000000000003,0.41800000000000004,-0.382
34472,0.0,0.0,0.0,1000.0,0,0,0.26070000000000004,0.41800000000000004,-0.382
34473,0.0,0.0,0.0,1000.0,0,0,0.2807,0.41800000000000004,-0.382
34474,0.0,0.0,0.0,1000.0,0,0,0.3007,0.41800000000000004,-0.382
34475,0.0,0.0,0.0,1000.0,0,0,0.3207,0.41800000000000004,-0.382
34476,0.0,0.0,0.0,1000.0,0,0,0.3407,0.41800000000000004,-0.382
34477,0.0,0.0,0.0,1000.0,0,0,0.3607,0.41800000000000004,-0.382
34478,0.0,0.0,0.0,1000.0,0,0,0.38070000000000004,0.41800000000000004,-0.382
34479,0.0,0.0,0.0,1000.0,0,0,0.4007,0.41800000000000004,-0.382
34480,0.0,0.0,0.0,1000.0,0,0,0.4207,0.41800000000000004,-0.382
34481,0.0,0.0,0.0,1000.0,0,0,0.44070000000000004,0.41800000000000004,-0.382
34482,0.0,0.0,0.0,1000.0,0,0,0.4607,0.41800000000000004,-0.382
34483,0.0,0.0,0.0,1000.0,0,0,0.4807,0.41800000000000004,-0.382
34484,0.0,0.0,0.0,1000.0,0,0,0.1607,0.43800000000000006,-0.382
34485,0.0,0.0,0.0,1000.0,0,0,0.1807,0.43800000000000006,-0.382
34486,0.0,0.0,0.0,1000.0,0,0,0.20070000000000002,0.43800000000000006,-0.382
34487,0.0,0.0,0.0,1000.0,0,0,0.2207,0.43800000000000006,-0.382
34488,0.0,0.0,0.0,1000.0,0,0,0.24070000000000003,0.43800000000000006,-0.382
34489,0.0,0.0,0.0,1000.0,0,0,0.26070000000000004,0.43800000000000006,-0.382
34490,0.0,0.0,0.0,1000.0,0,0,0.2807,0.43800000000000006,-0.382
34491,0.0,0.0,0.0,1000.0,0,0,0.3007,0.43800000000000006,-0.382
34492,0.0,0.0,0.0,1000.0,0,0,0.3207,0.43800000000000006,-0.382
34493,0.0,0.0,0.0,1000.0,0,0,0.3407,0.43800000000000006,-0.382
34494,0.0,0.0,0.0,1000.0,0,0,0.3607,0.43800000000000006,-0.382
34495,0.0,0.0,0.0,1000.0,0,0,0.38070000000000004,0.43800000000000006,-0.382
34496,0.0,0.0,0.0,1000.0,0,0,0.4007,0.43800000000000006,-0.382
34497,0.0,0.0,0.0,1000.0,0,0,0.4207,0.43800000000000006,-0.382
34498,0.0,0.0,0.0,1000.0,0,0,0.44070000000000004,0.43800000000000006,-0.382
34499,0.0,0.0,0.0,1000.0,0,0,0.4607,0.43800000000000006,-0.382
34500,0.0,0.0,0.0,1000.0,0,0,0.4807,0.43800000000000006,-0.382
34501,0.0,0.0,0.0,1000.0,0,0,0.1607,0.4580000000000001,-0.382
34502,0.0,0.0,0.0,1000.0,0,0,0.1807,0.4580000000000001,-0.382
34503,0.0,0.0,0.0,1000.0,0,0,0.20070000000000002,0.4580000000000001,-0.382
34504,0.0,0.0,0.0,1000.0,0,0,0.2207,0.4580000000000001,-0.382
34505,0.0,0.0,0.0,1000.0,0,0,0.24070000000000003,0.4580000000000001,-0.382
34506,0.0,0.0,0.0,1000.0,0,0,0.26070000000000004,0.4580000000000001,-0.382
34507,0.0,0.0,0.0,1000.0,0,0,0.2807,0.4580000000000001,-0.382
34508,0.0,0.0,0.0,1000.0,0,0,0.3007,0.4580000000000001,-0.382
34509,0.0,0.0,0.0,1000.0,0,0,0.3207,0.4580000000000001,-0.382
34510,0.0,0.0,0.0,1000.0,0,0,0.3407,0.4580000000000001,-0.382
34511,0.0,0.0,0.0,1000.0,0,0,0.3607,0.4580000000000001,-0.382
34512,0.0,0.0,0.0,1000.0,0,0,0.38070000000000004,0.4580000000000001,-0.382
34513,0.0,0.0,0.0,1000.0,0,0,0.4007,0.4580000000000001,-0.382
34514,0.0,0.0,0.0,1000.0,0,0,0.4207,0.4580000000000001,-0.382
34515,0.0,0.0,0.0,1000.0,0,0,0.44070000000000004,0.4580000000000001,-0.382
34516,0.0,0.0,0.0,1000.0,0,0,0.4607,0.4580000000000001,-0.382
34517,0.0,0.0,0.0,1000.0,0,0,0.4807,0.4580000000000001,-0.382
34518,0.0,0.0,0.0,1000.0,0,0,0.1607,0.478,-0.382
34519,0.0,0.0,0.0,1000.0,0,0,0.1807,0.478,-0.382
34520,0.0,0.0,0.0,1000.0,0,0,0.20070000000000002,0.478,-0.382
34521,0.0,0.0,0.0,1000.0,0,0,0.2207,0.478,-0.382
34522,0.0,0.0,0.0,1000.0,0,0,0.24070000000000003,0.478,-0.382
34523,0.0,0.0,0.0,1000.0,0,0,0.26070000000000004,0.478,-0.382
34524,0.0,0.0,0.0,1000.0,0,0,0.2807,0.478,-0.382
34525,0.0,0.0,0.0,1000.0,0,0,0.3007,0.478,-0.382
34526,0.0,0.0,0.0,1000.0,0,0,0.3207,0.478,-0.382
34527,0.0,0.0,0.0,1000.0,0,0,0.3407,0.478,-0.382
34528,0.0,0.0,0.0,1000.0,0,0,0.3607,0.478,-0.382
34529,0.0,0.0,0.0,1000.0,0,0,0.38070000000000004,0.478,-0.382
34530,0.0,0.0,0.0,1000.0,0,0,0.4007,0.478,-0.382
34531,0.0,0.0,0.0,1000.0,0,0,0.4207,0.478,-0.382
34532,0.0,0.0,0.0,1000.0,0,0,0.44070000000000004,0.478,-0.382
34533,0.0,0.0,0.0,1000.0,0,0,0.4607,0.478,-0.382
34534,0.0,0.0,0.0,1000.0,0,0,0.4807,0.478,-0.382
34535,0.0,0.0,0.0,1000.0,0,0,0.1607,-0.482,-0.362
34536,0.0,0.0,0.0,1000.0,0,0,0.1807,-0.482,-0.362
34537,0.0,0.0,0.0,1000.0,0,0,0.20070000000000002,-0.482,-0.362
34538,0.0,0.0,0.0,1000.0,0,0,0.2207,-0.482,-0.362
34539,0.0,0.0,0.0,1000.0,0,0,0.24070000000000003,-0.482,-0.362
34540,0.0,0.0,0.0,1000.0,0,0,0.26070000000000004,-0.482,-0.362
34541,0.0,0.0,0.0,1000.0,0,0,0.2807,-0.482,-0.362
34542,0.0,0.0,0.0,1000.0,0,0,0.3007,-0.482,-0.362
34543,0.0,0.0,0.0,1000.0,0,0,0.3207,-0.482,-0.362
34544,0.0,0.0,0.0,1000.0,0,0,0.3407,-0.482,-0.362
34545,0.0,0.0,0.0,1000.0,0,0,0.3607,-0.482,-0.362
34546,0.0,0.0,0.0,1000.0,0,0,0.38070000000000004,-0.482,-0.362
34547,0.0,0.0,0.0,1000.0,0,0,0.4007,-0.482,-0.362
34548,0.0,0.0,0.0,1000.0,0,0,0.4207,-0.482,-0.362
34549,0.0,0.0,0.0,1000.0,0,0,0.44070000000000004,-0.482,-0.362
34550,0.0,0.0,0.0,1000.0,0,0,0.4607,-0.482,-0.362
34551,0.0,0.0,0.0,1000.0,0,0,0.4807,-0.482,-0.362
34552,0.0,0.0,0.0,1000.0,0,0,0.1607,-0.46199999999999997,-0.362
34553,0.0,0.0,0.0,1000.0,0,0,0.1807,-0.46199999999999997,-0.362
34554,0.0,0.0,0.0,1000.0,0,0,0.20070000000000002,-0.46199999999999997,-0.362
34555,0.0,0.0,0.0,1000.0,0,0,0.2207,-0.46199999999999997,-0.362
34556,0.0,0.0,0.0,1000.0,0,0,0.24070000000000003,-0.46199999999999997,-0.362
34557,0.0,0.0,0.0,1000.0,0,0,0.26070000000000004,-0.46199999999999997,-0.362
34558,0.0,0.0,0.0,1000.0,0,0,0.2807,-0.46199999999999997,-0.362
34559,0.0,0.0,0.0,1000.0,0,0,0.3007,-0.46199999999999997,-0.362
34560,0.0,0.0,0.0,1000.0,0,0,0.3207,-0.46199999999999997,-0.362
34561,0.0,0.0,0.0,1000.0,0,0,0.3407,-0.46199999999999997,-0.362
34562,0.0,0.0,0.0,1000.0,0,0,0.3607,-0.46199999999999997,-0.362
34563,0.0,0.0,0.0,1000.0,0,0,0.38070000000000004,-0.46199999999999997,-0.362
34564,0.0,0.0,0.0,1000.0,0,0,0.4007,-0.46199999999999997,-0.362
34565,0.0,0.0,0.0,1000.0,0,0,0.4207,-0.46199999999999997,-0.362
34566,0.0,0.0,0.0,1000.0,0,0,0.44070000000000004,-0.46199999999999997,-0.362
34567,0.0,0.0,0.0,1000.0,0,0,0.4607,-0.46199999999999997,-0.362
34568,0.0,0.0,0.0,1000.0,0,0,0.4807,-0.46199999999999997,-0.362
34569,0.0,0.0,0.0,1000.0,0,0,0.1607,-0.442,-0.362
34570,0.0,0.0,0.0,1000.0,0,0,0.1807,-0.442,-0.362
34571,0.0,0.0,0.0,1000.0,0,0,0.20070000000000002,-0.442,-0.362
34572,0.0,0.0,0.0,1000.0,0,0,0.2207,-0.442,-0.362
34573,0.0,0.0,0.0,1000.0,0,0,0.24070000000000003,-0.442,-0.362
34574,0.0,0.0,0.0,1000.0,0,0,0.26070000000000004,-0.442,-0.362
34575,0.0,0.0,0.0,1000.0,0,0,0.2807,-0.442,-0.362
34576,0.0,0.0,0.0,1000.0,0,0,0.3007,-0.442,-0.362
34577,0.0,0.0,0.0,1000.0,0,0,0.3207,-0.442,-0.362
34578,0.0,0.0,0.0,1000.0,0,0,0.3407,-0.442,-0.362
34579,0.0,0.0,0.0,1000.0,0,0,0.3607,-0.442,-0.362
34580,0.0,0.0,0.0,1000.0,0,0,0.38070000000000004,-0.442,-0.362
34581,0.0,0.0,0.0,1000.0,0,0,0.4007,-0.442,-0.362
34582,0.0,0.0,0.0,1000.0,0,0,0.4207,-0.442,-0.362
34583,0.0,0.0,0.0,1000.0,0,0,0.44070000000000004,-0.442,-0.362
34584,0.0,0.0,0.0,1000.0,0,0,0.4607,-0.442,-0.362
34585,0.0,0.0,0.0,1000.0,0,0,0.4807,-0.442,-0.362
34586,0.0,0.0,0.0,1000.0,0,0,0.1607,-0.422,-0.362
34587,0.0,0.0,0.0,1000.0,0,0,0.1807,-0.422,-0.362
34588,0.0,0.0,0.0,1000.0,0,0,0.20070000000000002,-0.422,-0.362
34589,0.0,0.0,0.0,1000.0,0,0,0.2207,-0.422,-0.362
34590,0.0,0.0,0.0,1000.0,0,0,0.24070000000000003,-0.422,-0.362
34591,0.0,0.0,0.0,1000.0,0,0,0.26070000000000004,-0.422,-0.362
34592,0.0,0.0,0.0,1000.0,0,0,0.2807,-0.422,-0.362
34593,0.0,0.0,0.0,1000.0,0,0,0.3007,-0.422,-0.362
34594,0.0,0.0,0.0,1000.0,0,0,0.3207,-0.422,-0.362
34595,0.0,0.0,0.0,1000.0,0,0,0.3407,-0.422,-0.362
34596,0.0,0.0,0.0,1000.0,0,0,0.3607,-0.422,-0.362
34597,0.0,0.0,0.0,1000.0,0,0,0.38070000000000004,-0.422,-0.362
34598,0.0,0.0,0.0,1000.0,0,0,0.4007,-0.422,-0.362
34599,0.0,0.0,0.0,1000.0,0,0,0.4207,-0.422,-0.362
34600,0.0,0.0,0.0,1000.0,0,0,0.44070000000000004,-0.422,-0.362
34601,0.0,0.0,0.0,1000.0,0,0,0.4607,-0.422,-0.362
34602,0.0,0.0,0.0,1000.0,0,0,0.4807,-0.422,-0.362
34603,0.0,0.0,0.0,1000.0,0,0,0.1607,-0.40199999999999997,-0.362
34604,0.0,0.0,0.0,1000.0,0,0,0.1807,-0.40199999999999997,-0.362
34605,0.0,0.0,0.0,1000.0,0,0,0.20070000000000002,-0.40199999999999997,-0.362
34606,0.0,0.0,0.0,1000.0,0,0,0.2207,-0.40199999999999997,-0.362
34607,0.0,0.0,0.0,1000.0,0,0,0.24070000000000003,-0.40199999999999997,-0.362
34608,0.0,0.0,0.0,1000.0,0,0,0.26070000000000004,-0.40199999999999997,-0.362
34609,0.0,0.0,0.0,1000.0,0,0,0.2807,-0.40199999999999997,-0.362
34610,0.0,0.0,0.0,1000.0,0,0,0.3007,-0.40199999999999997,-0.362
34611,0.0,0.0,0.0,1000.0,0,0,0.3207,-0.40199999999999997,-0.362
34612,0.0,0.0,0.0,1000.0,0,0,0.3407,-0.40199999999999997,-0.362
34613,0.0,0.0,0.0,1000.0,0,0,0.3607,-0.40199999999999997,-0.362
34614,0.0,0.0,0.0,1000.0,0,0,0.38070000000000004,-0.40199999999999997,-0.362
34615,0.0,0.0,0.0,1000.0,0,0,0.4007,-0.40199999999999997,-0.362
34616,0.0,0.0,0.0,1000.0,0,0,0.4207,-0.40199999999999997,-0.362
34617,0.0,0.0,0.0,1000.0,0,0,0.44070000000000004,-0.40199999999999997,-0.362
34618,0.0,0.0,0.0,1000.0,0,0,0.4607,-0.40199999999999997,-0.362
34619,0.0,0.0,0.0,1000.0,0,0,0.4807,-0.40199999999999997,-0.362
34620,0.0,0.0,0.0,1000.0,0,0,0.1607,-0.382,-0.362
34621,0.0,0.0,0.0,1000.0,0,0,0.1807,-0.382,-0.362
34622,0.0,0.0,0.0,1000.0,0,0,0.20070000000000002,-0.382,-0.362
34623,0.0,0.0,0.0,1000.0,0,0,0.2207,-0.382,-0.362
34624,0.0,0.0,0.0,1000.0,0,0,0.24070000000000003,-0.382,-0.362
34625,0.0,0.0,0.0,1000.0,0,0,0.26070000000000004,-0.382,-0.362
34626,0.0,0.0,0.0,1000.0,0,0,0.2807,-0.382,-0.362
34627,0.0,0.0,0.0,1000.0,0,0,0.3007,-0.382,-0.362
34628,0.0,0.0,0.0,1000.0,0,0,0.3207,-0.382,-0.362
34629,0.0,0.0,0.0,1000.0,0,0,0.3407,-0.382,-0.362
34630,0.0,0.0,0.0,1000.0,0,0,0.3607,-0.382,-0.362
34631,0.0,0.0,0.0,1000.0,0,0,0.38070000000000004,-0.382,-0.362
34632,0.0,0.0,0.0,1000.0,0,0,0.4007,-0.382,-0.362
34633,0.0,0.0,0.0,1000.0,0,0,0.4207,-0.382,-0.362
34634,0.0,0.0,0.0,1000.0,0,0,0.44070000000000004,-0.382,-0.362
34635,0.0,0.0,0.0,1000.0,0,0,0.4607,-0.382,-0.362
34636,0.0,0.0,0.0,1000.0,0,0,0.4807,-0.382,-0.362
34637,0.0,0.0,0.0,1000.0,0,0,0.1607,-0.362,-0.362
34638,0.0,0.0,0.0,1000.0,0,0,0.1807,-0.362,-0.362
34639,0.0,0.0,0.0,1000.0,0,0,0.20070000000000002,-0.362,-0.362
34640,0.0,0.0,0.0,1000.0,0,0,0.2207,-0.362,-0.362
34641,0.0,0.0,0.0,1000.0,0,0,0.24070000000000003,-0.362,-0.362
34642,0.0,0.0,0.0,1000.0,0,0,0.26070000000000004,-0.362,-0.362
34643,0.0,0.0,0.0,1000.0,0,0,0.2807,-0.362,-0.362
34644,0.0,0.0,0.0,1000.0,0,0,0.3007,-0.362,-0.362
34645,0.0,0.0,0.0,1000.0,0,0,0.3207,-0.362,-0.362
34646,0.0,0.0,0.0,1000.0,0,0,0.3407,-0.362,-0.362
34647,0.0,0.0,0.0,1000.0,0,0,0.3607,-0.362,-0.362
34648,0.0,0.0,0.0,1000.0,0,0,0.38070000000000004,-0.362,-0.362
34649,0.0,0.0,0.0,1000.0,0,0,0.4007,-0.362,-0.362
34650,0.0,0.0,0.0,1000.0,0,0,0.4207,-0.362,-0.362
34651,0.0,0.0,0.0,1000.0,0,0,0.44070000000000004,-0.362,-0.362
34652,0.0,0.0,0.0,1000.0,0,0,0.4607,-0.362,-0.362
34653,0.0,0.0,0.0,1000.0,0,0,0.4807,-0.362,-0.362
34654,0.0,0.0,0.0,1000.0,0,0,0.1607,-0.34199999999999997,-0.362
34655,0.0,0.0,0.0,1000.0,0,0,0.1807,-0.34199999999999997,-0.362
34656,0.0,0.0,0.0,1000.0,0,0,0.20070000000000002,-0.34199999999999997,-0.362
34657,0.0,0.0,0.0,1000.0,0,0,0.2207,-0.34199999999999997,-0.362
34658,0.0,0.0,0.0,1000.0,0,0,0.24070000000000003,-0.34199999999999997,-0.362
34659,0.0,0.0,0.0,1000.0,0,0,0.26070000000000004,-0.34199999999999997,-0.362
34660,0.0,0.0,0.0,1000.0,0,0,0.2807,-0.34199999999999997,-0.362
34661,0.0,0.0,0.0,1000.0,0,0,0.3007,-0.34199999999999997,-0.362
34662,0.0,0.0,0.0,1000.0,0,0,0.3207,-0.34199999999999997,-0.362
34663,0.0,0.0,0.0,1000.0,0,0,0.3407,-0.34199999999999997,-0.362
34664,0.0,0.0,0.0,1000.0,0,0,0.3607,-0.34199999999999997,-0.362
34665,0.0,0.0,0.0,1000.0,0,0,0.38070000000000004,-0.34199999999999997,-0.362
34666,0.0,0.0,0.0,1000.0,0,0,0.4007,-0.34199999999999997,-0.362
34667,0.0,0.0,0.0,1000.0,0,0,0.4207,-0.34199999999999997,-0.362
34668,0.0,0.0,0.0,1000.0,0,0,0.44070000000000004,-0.34199999999999997,-0.362
34669,0.0,0.0,0.0,1000.0,0,0,0.4607,-0.34199999999999997,-0.362
34670,0.0,0.0,0.0,1000.0,0,0,0.4807,-0.34199999999999997,-0.362
34671,0.0,0.0,0.0,1000.0,0,0,0.1607,-0.32199999999999995,-0.362
34672,0.0,0.0,0.0,1000.0,0,0,0.1807,-0.32199999999999995,-0.362
34673,0.0,0.0,0.0,1000.0,0,0,0.20070000000000002,-0.32199999999999995,-0.362
34674,0.0,0.0,0.0,1000.0,0,0,0.2207,-0.32199999999999995,-0.362
34675,0.0,0.0,0.0,1000.0,0,0,0.24070000000000003,-0.32199999999999995,-0.362
34676,0.0,0.0,0.0,1000.0,0,0,0.26070000000000004,-0.32199999999999995,-0.362
34677,0.0,0.0,0.0,1000.0,0,0,0.2807,-0.32199999999999995,-0.362
34678,0.0,0.0,0.0,1000.0,0,0,0.3007,-0.32199999999999995,-0.362
34679,0.0,0.0,0.0,1000.0,0,0,0.3207,-0.32199999999999995,-0.362
34680,0.0,0.0,0.0,1000.0,0,0,0.3407,-0.32199999999999995,-0.362
34681,0.0,0.0,0.0,1000.0,0,0,0.3607,-0.32199999999999995,-0.362
34682,0.0,0.0,0.0,1000.0,0,0,0.38070000000000004,-0.32199999999999995,-0.362
34683,0.0,0.0,0.0,1000.0,0,0,0.4007,-0.32199999999999995,-0.362
34684,0.0,0.0,0.0,1000.0,0,0,0.4207,-0.32199999999999995,-0.362
34685,0.0,0.0,0.0,1000.0,0,0,0.44070000000000004,-0.32199999999999995,-0.362
34686,0.0,0.0,0.0,1000.0,0,0,0.4607,-0.32199999999999995,-0.362
34687,0.0,0.0,0.0,1000.0,0,0,0.4807,-0.32199999999999995,-0.362
34688,0.0,0.0,0.0,1000.0,0,0,0.1607,-0.302,-0.362
34689,0.0,0.0,0.0,1000.0,0,0,0.1807,-0.302,-0.362
34690,0.0,0.0,0.0,1000.0,0,0,0.20070000000000002,-0.302,-0.362
34691,0.0,0.0,0.0,1000.0,0,0,0.2207,-0.302,-0.362
34692,0.0,0.0,0.0,1000.0,0,0,0.24070000000000003,-0.302,-0.362
34693,0.0,0.0,0.0,1000.0,0,0,0.26070000000000004,-0.302,-0.362
34694,0.0,0.0,0.0,1000.0,0,0,0.2807,-0.302,-0.362
34695,0.0,0.0,0.0,1000.0,0,0,0.3007,-0.302,-0.362
34696,0.0,0.0,0.0,1000.0,0,0,0.3207,-0.302,-0.362
34697,0.0,0.0,0.0,1000.0,0,0,0.3407,-0.302,-0.362
34698,0.0,0.0,0.0,1000.0,0,0,0.3607,-0.302,-0.362
34699,0.0,0.0,0.0,1000.0,0,0,0.38070000000000004,-0.302,-0.362
34700,0.0,0.0,0.0,1000.0,0,0,0.4007,-0.302,-0.362
34701,0.0,0.0,0.0,1000.0,0,0,0.4207,-0.302,-0.362
34702,0.0,0.0,0.0,1000.0,0,0,0.44070000000000004,-0.302,-0.362
34703,0.0,0.0,0.0,1000.0,0,0,0.4607,-0.302,-0.362
34704,0.0,0.0,0.0,1000.0,0,0,0.4807,-0.302,-0.362
34705,0.0,0.0,0.0,1000.0,0,0,0.1607,-0.282,-0.362
34706,0.0,0.0,0.0,1000.0,0,0,0.1807,-0.282,-0.362
34707,0.0,0.0,0.0,1000.0,0,0,0.20070000000000002,-0.282,-0.362
34708,0.0,0.0,0.0,1000.0,0,0,0.2207,-0.282,-0.362
34709,0.0,0.0,0.0,1000.0,0,0,0.24070000000000003,-0.282,-0.362
34710,0.0,0.0,0.0,1000.0,0,0,0.26070000000000004,-0.282,-0.362
34711,0.0,0.0,0.0,1000.0,0,0,0.2807,-0.282,-0.362
34712,0.0,0.0,0.0,1000.0,0,0,0.3007,-0.282,-0.362
34713,0.0,0.0,0.0,1000.0,0,0,0.3207,-0.282,-0.362
34714,0.0,0.0,0.0,1000.0,0,0,0.3407,-0.282,-0.362
34715,0.0,0.0,0.0,1000.0,0,0,0.3607,-0.282,-0.362
34716,0.0,0.0,0.0,1000.0,0,0,0.38070000000000004,-0.282,-0.362
34717,0.0,0.0,0.0,1000.0,0,0,0.4007,-0.282,-0.362
34718,0.0,0.0,0.0,1000.0,0,0,0.4207,-0.282,-0.362
34719,0.0,0.0,0.0,1000.0,0,0,0.44070000000000004,-0.282,-0.362
34720,0.0,0.0,0.0,1000.0,0,0,0.4607,-0.282,-0.362
34721,0.0,0.0,0.0,1000.0,0,0,0.4807,-0.282,-0.362
34722,0.0,0.0,0.0,1000.0,0,0,0.1607,-0.262,-0.362
34723,0.0,0.0,0.0,1000.0,0,0,0.1807,-0.262,-0.362
34724,0.0,0.0,0.0,1000.0,0,0,0.20070000000000002,-0.262,-0.362
34725,0.0,0.0,0.0,1000.0,0,0,0.2207,-0.262,-0.362
34726,0.0,0.0,0.0,1000.0,0,0,0.24070000000000003,-0.262,-0.362
34727,0.0,0.0,0.0,1000.0,0,0,0.26070000000000004,-0.262,-0.362
34728,0.0,0.0,0.0,1000.0,0,0,0.2807,-0.262,-0.362
34729,0.0,0.0,0.0,1000.0,0,0,0.3007,-0.262,-0.362
34730,0.0,0.0,0.0,1000.0,0,0,0.3207,-0.262,-0.362
34731,0.0,0.0,0.0,1000.0,0,0,0.3407,-0.262,-0.362
34732,0.0,0.0,0.0,1000.0,0,0,0.3607,-0.262,-0.362
34733,0.0,0.0,0.0,1000.0,0,0,0.38070000000000004,-0.262,-0.362
34734,0.0,0.0,0.0,1000.0,0,0,0.4007,-0.262,-0.362
34735,0.0,0.0,0.0,1000.0,0,0,0.4207,-0.262,-0.362
34736,0.0,0.0,0.0,1000.0,0,0,0.44070000000000004,-0.262,-0.362
34737,0.0,0.0,0.0,1000.0,0,0,0.4607,-0.262,-0.362
34738,0.0,0.0,0.0,1000.0,0,0,0.4807,-0.262,-0.362
34739,0.0,0.0,0.0,1000.0,0,0,0.1607,-0.242,-0.362
34740,0.0,0.0,0.0,1000.0,0,0,0.1807,-0.242,-0.362
34741,0.0,0.0,0.0,1000.0,0,0,0.20070000000000002,-0.242,-0.362
34742,0.0,0.0,0.0,1000.0,0,0,0.2207,-0.242,-0.362
34743,0.0,0.0,0.0,1000.0,0,0,0.24070000000000003,-0.242,-0.362
34744,0.0,0.0,0.0,1000.0,0,0,0.26070000000000004,-0.242,-0.362
34745,0.0,0.0,0.0,1000.0,0,0,0.2807,-0.242,-0.362
34746,0.0,0.0,0.0,1000.0,0,0,0.3007,-0.242,-0.362
34747,0.0,0.0,0.0,1000.0,0,0,0.3207,-0.242,-0.362
34748,0.0,0.0,0.0,1000.0,0,0,0.3407,-0.242,-0.362
34749,0.0,0.0,0.0,1000.0,0,0,0.3607,-0.242,-0.362
34750,0.0,0.0,0.0,1000.0,0,0,0.38070000000000004,-0.242,-0.362
34751,0.0,0.0,0.0,1000.0,0,0,0.4007,-0.242,-0.362
34752,0.0,0.0,0.0,1000.0,0,0,0.4207,-0.242,-0.362
34753,0.0,0.0,0.0,1000.0,0,0,0.44070000000000004,-0.242,-0.362
34754,0.0,0.0,0.0,1000.0,0,0,0.4607,-0.242,-0.362
34755,0.0,0.0,0.0,1000.0,0,0,0.4807,-0.242,-0.362
34756,0.0,0.0,0.0,1000.0,0,0,0.1607,-0.22199999999999998,-0.362
34757,0.0,0.0,0.0,1000.0,0,0,0.1807,-0.22199999999999998,-0.362
34758,0.0,0.0,0.0,1000.0,0,0,0.20070000000000002,-0.22199999999999998,-0.362
34759,0.0,0.0,0.0,1000.0,0,0,0.2207,-0.22199999999999998,-0.362
34760,0.0,0.0,0.0,1000.0,0,0,0.24070000000000003,-0.22199999999999998,-0.362
34761,0.0,0.0,0.0,1000.0,0,0,0.26070000000000004,-0.22199999999999998,-0.362
34762,0.0,0.0,0.0,1000.0,0,0,0.2807,-0.22199999999999998,-0.362
34763,0.0,0.0,0.0,1000.0,0,0,0.3007,-0.22199999999999998,-0.362
34764,0.0,0.0,0.0,1000.0,0,0,0.3207,-0.22199999999999998,-0.362
34765,0.0,0.0,0.0,1000.0,0,0,0.3407,-0.22199999999999998,-0.362
34766,0.0,0.0,0.0,1000.0,0,0,0.3607,-0.22199999999999998,-0.362
34767,0.0,0.0,0.0,1000.0,0,0,0.38070000000000004,-0.22199999999999998,-0.362
34768,0.0,0.0,0.0,1000.0,0,0,0.4007,-0.22199999999999998,-0.362
34769,0.0,0.0,0.0,1000.0,0,0,0.4207,-0.22199999999999998,-0.362
34770,0.0,0.0,0.0,1000.0,0,0,0.44070000000000004,-0.22199999999999998,-0.362
34771,0.0,0.0,0.0,1000.0,0,0,0.4607,-0.22199999999999998,-0.362
34772,0.0,0.0,0.0,1000.0,0,0,0.4807,-0.22199999999999998,-0.362
34773,0.0,0.0,0.0,1000.0,0,0,0.1607,-0.20199999999999996,-0.362
34774,0.0,0.0,0.0,1000.0,0,0,0.1807,-0.20199999999999996,-0.362
34775,0.0,0.0,0.0,1000.0,0,0,0.20070000000000002,-0.20199999999999996,-0.362
34776,0.0,0.0,0.0,1000.0,0,0,0.2207,-0.20199999999999996,-0.362
34777,0.0,0.0,0.0,1000.0,0,0,0.24070000000000003,-0.20199999999999996,-0.362
34778,0.0,0.0,0.0,1000.0,0,0,0.26070000000000004,-0.20199999999999996,-0.362
34779,0.0,0.0,0.0,1000.0,0,0,0.2807,-0.20199999999999996,-0.362
34780,0.0,0.0,0.0,1000.0,0,0,0.3007,-0.20199999999999996,-0.362
34781,0.0,0.0,0.0,1000.0,0,0,0.3207,-0.20199999999999996,-0.362
34782,0.0,0.0,0.0,1000.0,0,0,0.3407,-0.20199999999999996,-0.362
34783,0.0,0.0,0.0,1000.0,0,0,0.3607,-0.20199999999999996,-0.362
34784,0.0,0.0,0.0,1000.0,0,0,0.38070000000000004,-0.20199999999999996,-0.362
34785,0.0,0.0,0.0,1000.0,0,0,0.4007,-0.20199999999999996,-0.362
34786,0.0,0.0,0.0,1000.0,0,0,0.4207,-0.20199999999999996,-0.362
34787,0.0,0.0,0.0,1000.0,0,0,0.44070000000000004,-0.20199999999999996,-0.362
34788,0.0,0.0,0.0,1000.0,0,0,0.4607,-0.20199999999999996,-0.362
34789,0.0,0.0,0.0,1000.0,0,0,0.4807,-0.20199999999999996,-0.362
34790,0.0,0.0,0.0,1000.0,0,0,0.1607,-0.182,-0.362
34791,0.0,0.0,0.0,1000.0,0,0,0.1807,-0.182,-0.362
34792,0.0,0.0,0.0,1000.0,0,0,0.20070000000000002,-0.182,-0.362
34793,0.0,0.0,0.0,1000.0,0,0,0.2207,-0.182,-0.362
34794,0.0,0.0,0.0,1000.0,0,0,0.24070000000000003,-0.182,-0.362
34795,0.0,0.0,0.0,1000.0,0,0,0.26070000000000004,-0.182,-0.362
34796,0.0,0.0,0.0,1000.0,0,0,0.2807,-0.182,-0.362
34797,0.0,0.0,0.0,1000.0,0,0,0.3007,-0.182,-0.362
34798,0.0,0.0,0.0,1000.0,0,0,0.3207,-0.182,-0.362
34799,0.0,0.0,0.0,1000.0,0,0,0.3407,-0.182,-0.362
34800,0.0,0.0,0.0,1000.0,0,0,0.3607,-0.182,-0.362
34801,0.0,0.0,0.0,1000.0,0,0,0.38070000000000004,-0.182,-0.362
34802,0.0,0.0,0.0,1000.0,0,0,0.4007,-0.182,-0.362
34803,0.0,0.0,0.0,1000.0,0,0,0.4207,-0.182,-0.362
34804,0.0,0.0,0.0,1000.0,0,0,0.44070000000000004,-0.182,-0.362
34805,0.0,0.0,0.0,1000.0,0,0,0.4607,-0.182,-0.362
34806,0.0,0.0,0.0,1000.0,0,0,0.4807,-0.182,-0.362
34807,0.0,0.0,0.0,1000.0,0,0,0.1607,-0.16199999999999998,-0.362
34808,0.0,0.0,0.0,1000.0,0,0,0.1807,-0.16199999999999998,-0.362
34809,0.0,0.0,0.0,1000.0,0,0,0.20070000000000002,-0.16199999999999998,-0.362
34810,0.0,0.0,0.0,1000.0,0,0,0.2207,-0.16199999999999998,-0.362
34811,0.0,0.0,0.0,1000.0,0,0,0.24070000000000003,-0.16199999999999998,-0.362
34812,0.0,0.0,0.0,1000.0,0,0,0.26070000000000004,-0.16199999999999998,-0.362
34813,0.0,0.0,0.0,1000.0,0,0,0.2807,-0.16199999999999998,-0.362
34814,0.0,0.0,0.0,1000.0,0,0,0.3007,-0.16199999999999998,-0.362
34815,0.0,0.0,0.0,1000.0,0,0,0.3207,-0.16199999999999998,-0.362
34816,0.0,0.0,0.0,1000.0,0,0,0.3407,-0.16199999999999998,-0.362
34817,0.0,0.0,0.0,1000.0,0,0,0.3607,-0.16199999999999998,-0.362
34818,0.0,0.0,0.0,1000.0,0,0,0.38070000000000004,-0.16199999999999998,-0.362
34819,0.0,0.0,0.0,1000.0,0,0,0.4007,-0.16199999999999998,-0.362
34820,0.0,0.0,0.0,1000.0,0,0,0.4207,-0.16199999999999998,-0.362
34821,0.0,0.0,0.0,1000.0,0,0,0.44070000000000004,-0.16199999999999998,-0.362
34822,0.0,0.0,0.0,1000.0,0,0,0.4607,-0.16199999999999998,-0.362
34823,0.0,0.0,0.0,1000.0,0,0,0.4807,-0.16199999999999998,-0.362
34824,0.0,0.0,0.0,1000.0,0,0,0.1607,-0.14199999999999996,-0.362
34825,0.0,0.0,0.0,1000.0,0,0,0.1807,-0.14199999999999996,-0.362
34826,0.0,0.0,0.0,1000.0,0,0,0.20070000000000002,-0.14199999999999996,-0.362
34827,0.0,0.0,0.0,1000.0,0,0,0.2207,-0.14199999999999996,-0.362
34828,0.0,0.0,0.0,1000.0,0,0,0.24070000000000003,-0.14199999999999996,-0.362
34829,0.0,0.0,0.0,1000.0,0,0,0.26070000000000004,-0.14199999999999996,-0.362
34830,0.0,0.0,0.0,1000.0,0,0,0.2807,-0.14199999999999996,-0.362
34831,0.0,0.0,0.0,1000.0,0,0,0.3007,-0.14199999999999996,-0.362
34832,0.0,0.0,0.0,1000.0,0,0,0.3207,-0.14199999999999996,-0.362
34833,0.0,0.0,0.0,1000.0,0,0,0.3407,-0.14199999999999996,-0.362
34834,0.0,0.0,0.0,1000.0,0,0,0.3607,-0.14199999999999996,-0.362
34835,0.0,0.0,0.0,1000.0,0,0,0.38070000000000004,-0.14199999999999996,-0.362
34836,0.0,0.0,0.0,1000.0,0,0,0.4007,-0.14199999999999996,-0.362
34837,0.0,0.0,0.0,1000.0,0,0,0.4207,-0.14199999999999996,-0.362
34838,0.0,0.0,0.0,1000.0,0,0,0.44070000000000004,-0.14199999999999996,-0.362
34839,0.0,0.0,0.0,1000.0,0,0,0.4607,-0.14199999999999996,-0.362
34840,0.0,0.0,0.0,1000.0,0,0,0.4807,-0.14199999999999996,-0.362
34841,0.0,0.0,0.0,1000.0,0,0,0.1607,-0.122,-0.362
34842,0.0,0.0,0.0,1000.0,0,0,0.1807,-0.122,-0.362
34843,0.0,0.0,0.0,1000.0,0,0,0.20070000000000002,-0.122,-0.362
34844,0.0,0.0,0.0,1000.0,0,0,0.2207,-0.122,-0.362
34845,0.0,0.0,0.0,1000.0,0,0,0.24070000000000003,-0.122,-0.362
34846,0.0,0.0,0.0,1000.0,0,0,0.26070000000000004,-0.122,-0.362
34847,0.0,0.0,0.0,1000.0,0,0,0.2807,-0.122,-0.362
34848,0.0,0.0,0.0,1000.0,0,0,0.3007,-0.122,-0.362
34849,0.0,0.0,0.0,1000.0,0,0,0.3207,-0.122,-0.362
34850,0.0,0.0,0.0,1000.0,0,0,0.3407,-0.122,-0.362
34851,0.0,0.0,0.0,1000.0,0,0,0.3607,-0.122,-0.362
34852,0.0,0.0,0.0,1000.0,0,0,0.38070000000000004,-0.122,-0.362
34853,0.0,0.0,0.0,1000.0,0,0,0.4007,-0.122,-0.362
34854,0.0,0.0,0.0,1000.0,0,0,0.4207,-0.122,-0.362
34855,0.0,0.0,0.0,1000.0,0,0,0.44070000000000004,-0.122,-0.362
34856,0.0,0.0,0.0,1000.0,0,0,0.4607,-0.122,-0.362
34857,0.0,0.0,0.0,1000.0,0,0,0.4807,-0.122,-0.362
34858,0.0,0.0,0.0,1000.0,0,0,0.1607,-0.10199999999999998,-0.362
34859,0.0,0.0,0.0,1000.0,0,0,0.1807,-0.10199999999999998,-0.362
34860,0.0,0.0,0.0,1000.0,0,0,0.20070000000000002,-0.10199999999999998,-0.362
34861,0.0,0.0,0.0,1000.0,0,0,0.2207,-0.10199999999999998,-0.362
34862,0.0,0.0,0.0,1000.0,0,0,0.24070000000000003,-0.10199999999999998,-0.362
34863,0.0,0.0,0.0,1000.0,0,0,0.26070000000000004,-0.10199999999999998,-0.362
34864,0.0,0.0,0.0,1000.0,0,0,0.2807,-0.10199999999999998,-0.362
34865,0.0,0.0,0.0,1000.0,0,0,0.3007,-0.10199999999999998,-0.362
34866,0.0,0.0,0.0,1000.0,0,0,0.3207,-0.10199999999999998,-0.362
34867,0.0,0.0,0.0,1000.0,0,0,0.3407,-0.10199999999999998,-0.362
34868,0.0,0.0,0.0,1000.0,0,0,0.3607,-0.10199999999999998,-0.362
34869,0.0,0.0,0.0,1000.0,0,0,0.38070000000000004,-0.10199999999999998,-0.362
34870,0.0,0.0,0.0,1000.0,0,0,0.4007,-0.10199999999999998,-0.362
34871,0.0,0.0,0.0,1000.0,0,0,0.4207,-0.10199999999999998,-0.362
34872,0.0,0.0,0.0,1000.0,0,0,0.44070000000000004,-0.10199999999999998,-0.362
34873,0.0,0.0,0.0,1000.0,0,0,0.4607,-0.10199999999999998,-0.362
34874,0.0,0.0,0.0,1000.0,0,0,0.4807,-0.10199999999999998,-0.362
34875,0.0,0.0,0.0,1000.0,0,0,0.1607,-0.08199999999999996,-0.362
34876,0.0,0.0,0.0,1000.0,0,0,0.1807,-0.08199999999999996,-0.362
34877,0.0,0.0,0.0,1000.0,0,0,0.20070000000000002,-0.08199999999999996,-0.362
34878,0.0,0.0,0.0,1000.0,0,0,0.2207,-0.08199999999999996,-0.362
34879,0.0,0.0,0.0,1000.0,0,0,0.24070000000000003,-0.08199999999999996,-0.362
34880,0.0,0.0,0.0,1000.0,0,0,0.26070000000000004,-0.08199999999999996,-0.362
34881,0.0,0.0,0.0,1000.0,0,0,0.2807,-0.08199999999999996,-0.362
34882,0.0,0.0,0.0,1000.0,0,0,0.3007,-0.08199999999999996,-0.362
34883,0.0,0.0,0.0,1000.0,0,0,0.3207,-0.08199999999999996,-0.362
34884,0.0,0.0,0.0,1000.0,0,0,0.3407,-0.08199999999999996,-0.362
34885,0.0,0.0,0.0,1000.0,0,0,0.3607,-0.08199999999999996,-0.362
34886,0.0,0.0,0.0,1000.0,0,0,0.38070000000000004,-0.08199999999999996,-0.362
34887,0.0,0.0,0.0,1000.0,0,0,0.4007,-0.08199999999999996,-0.362
34888,0.0,0.0,0.0,1000.0,0,0,0.4207,-0.08199999999999996,-0.362
34889,0.0,0.0,0.0,1000.0,0,0,0.44070000000000004,-0.08199999999999996,-0.362
34890,0.0,0.0,0.0,1000.0,0,0,0.4607,-0.08199999999999996,-0.362
34891,0.0,0.0,0.0,1000.0,0,0,0.4807,-0.08199999999999996,-0.362
34892,0.0,0.0,0.0,1000.0,0,0,0.1607,-0.062,-0.362
34893,0.0,0.0,0.0,1000.0,0,0,0.1807,-0.062,-0.362
34894,0.0,0.0,0.0,1000.0,0,0,0.20070000000000002,-0.062,-0.362
34895,0.0,0.0,0.0,1000.0,0,0,0.2207,-0.062,-0.362
34896,0.0,0.0,0.0,1000.0,0,0,0.24070000000000003,-0.062,-0.362
34897,0.0,0.0,0.0,1000.0,0,0,0.26070000000000004,-0.062,-0.362
34898,0.0,0.0,0.0,1000.0,0,0,0.2807,-0.062,-0.362
34899,0.0,0.0,0.0,1000.0,0,0,0.3007,-0.062,-0.362
34900,0.0,0.0,0.0,1000.0,0,0,0.3207,-0.062,-0.362
34901,0.0,0.0,0.0,1000.0,0,0,0.3407,-0.062,-0.362
34902,0.0,0.0,0.0,1000.0,0,0,0.3607,-0.062,-0.362
34903,0.0,0.0,0.0,1000.0,0,0,0.38070000000000004,-0.062,-0.362
34904,0.0,0.0,0.0,1000.0,0,0,0.4007,-0.062,-0.362
34905,0.0,0.0,0.0,1000.0,0,0,0.4207,-0.062,-0.362
34906,0.0,0.0,0.0,1000.0,0,0,0.44070000000000004,-0.062,-0.362
34907,0.0,0.0,0.0,1000.0,0,0,0.4607,-0.062,-0.362
34908,0.0,0.0,0.0,1000.0,0,0,0.4807,-0.062,-0.362
34909,0.0,0.0,0.0,1000.0,0,0,0.1607,-0.04199999999999998,-0.362
34910,0.0,0.0,0.0,1000.0,0,0,0.1807,-0.04199999999999998,-0.362
34911,0.0,0.0,0.0,1000.0,0,0,0.20070000000000002,-0.04199999999999998,-0.362
34912,0.0,0.0,0.0,1000.0,0,0,0.2207,-0.04199999999999998,-0.362
34913,0.0,0.0,0.0,1000.0,0,0,0.24070000000000003,-0.04199999999999998,-0.362
34914,0.0,0.0,0.0,1000.0,0,0,0.26070000000000004,-0.04199999999999998,-0.362
34915,0.0,0.0,0.0,1000.0,0,0,0.2807,-0.04199999999999998,-0.362
34916,0.0,0.0,0.0,1000.0,0,0,0.3007,-0.04199999999999998,-0.362
34917,0.0,0.0,0.0,1000.0,0,0,0.3207,-0.04199999999999998,-0.362
34918,0.0,0.0,0.0,1000.0,0,0,0.3407,-0.04199999999999998,-0.362
34919,0.0,0.0,0.0,1000.0,0,0,0.3607,-0.04199999999999998,-0.362
34920,0.0,0.0,0.0,1000.0,0,0,0.38070000000000004,-0.04199999999999998,-0.362
34921,0.0,0.0,0.0,1000.0,0,0,0.4007,-0.04199999999999998,-0.362
34922,0.0,0.0,0.0,1000.0,0,0,0.4207,-0.04199999999999998,-0.362
34923,0.0,0.0,0.0,1000.0,0,0,0.44070000000000004,-0.04199999999999998,-0.362
34924,0.0,0.0,0.0,1000.0,0,0,0.4607,-0.04199999999999998,-0.362
34925,0.0,0.0,0.0,1000.0,0,0,0.4807,-0.04199999999999998,-0.362
34926,0.0,0.0,0.0,1000.0,0,0,0.1607,-0.021999999999999964,-0.362
34927,0.0,0.0,0.0,1000.0,0,0,0.1807,-0.021999999999999964,-0.362
34928,0.0,0.0,0.0,1000.0,0,0,0.20070000000000002,-0.021999999999999964,-0.362
34929,0.0,0.0,0.0,1000.0,0,0,0.2207,-0.021999999999999964,-0.362
34930,0.0,0.0,0.0,1000.0,0,0,0.24070000000000003,-0.021999999999999964,-0.362
34931,0.0,0.0,0.0,1000.0,0,0,0.26070000000000004,-0.021999999999999964,-0.362
34932,0.0,0.0,0.0,1000.0,0,0,0.2807,-0.021999999999999964,-0.362
34933,0.0,0.0,0.0,1000.0,0,0,0.3007,-0.021999999999999964,-0.362
34934,0.0,0.0,0.0,1000.0,0,0,0.3207,-0.021999999999999964,-0.362
34935,0.0,0.0,0.0,1000.0,0,0,0.3407,-0.021999999999999964,-0.362
34936,0.0,0.0,0.0,1000.0,0,0,0.3607,-0.021999999999999964,-0.362
34937,0.0,0.0,0.0,1000.0,0,0,0.38070000000000004,-0.021999999999999964,-0.362
34938,0.0,0.0,0.0,1000.0,0,0,0.4007,-0.021999999999999964,-0.362
34939,0.0,0.0,0.0,1000.0,0,0,0.4207,-0.021999999999999964,-0.362
34940,0.0,0.0,0.0,1000.0,0,0,0.44070000000000004,-0.021999999999999964,-0.362
34941,0.0,0.0,0.0,1000.0,0,0,0.4607,-0.021999999999999964,-0.362
34942,0.0,0.0,0.0,1000.0,0,0,0.4807,-0.021999999999999964,-0.362
34943,0.0,0.0,0.0,1000.0,0,0,0.1607,-0.0020000000000000018,-0.362
34944,0.0,0.0,0.0,1000.0,0,0,0.1807,-0.0020000000000000018,-0.362
34945,0.0,0.0,0.0,1000.0,0,0,0.20070000000000002,-0.0020000000000000018,-0.362
34946,0.0,0.0,0.0,1000.0,0,0,0.2207,-0.0020000000000000018,-0.362
34947,0.0,0.0,0.0,1000.0,0,0,0.24070000000000003,-0.0020000000000000018,-0.362
34948,0.0,0.0,0.0,1000.0,0,0,0.26070000000000004,-0.0020000000000000018,-0.362
34949,0.0,0.0,0.0,1000.0,0,0,0.2807,-0.0020000000000000018,-0.362
34950,0.0,0.0,0.0,1000.0,0,0,0.3007,-0.0020000000000000018,-0.362
34951,0.0,0.0,0.0,1000.0,0,0,0.3207,-0.0020000000000000018,-0.362
34952,0.0,0.0,0.0,1000.0,0,0,0.3407,-0.0020000000000000018,-0.362
34953,0.0,0.0,0.0,1000.0,0,0,0.3607,-0.0020000000000000018,-0.362
34954,0.0,0.0,0.0,1000.0,0,0,0.38070000000000004,-0.0020000000000000018,-0.362
34955,0.0,0.0,0.0,1000.0,0,0,0.4007,-0.0020000000000000018,-0.362
34956,0.0,0.0,0.0,1000.0,0,0,0.4207,-0.0020000000000000018,-0.362
34957,0.0,0.0,0.0,1000.0,0,0,0.44070000000000004,-0.0020000000000000018,-0.362
34958,0.0,0.0,0.0,1000.0,0,0,0.4607,-0.0020000000000000018,-0.362
34959,0.0,0.0,0.0,1000.0,0,0,0.4807,-0.0020000000000000018,-0.362
34960,0.0,0.0,0.0,1000.0,0,0,0.1607,0.018000000000000016,-0.362
34961,0.0,0.0,0.0,1000.0,0,0,0.1807,0.018000000000000016,-0.362
34962,0.0,0.0,0.0,1000.0,0,0,0.20070000000000002,0.018000000000000016,-0.362
34963,0.0,0.0,0.0,1000.0,0,0,0.2207,0.018000000000000016,-0.362
34964,0.0,0.0,0.0,1000.0,0,0,0.24070000000000003,0.018000000000000016,-0.362
34965,0.0,0.0,0.0,1000.0,0,0,0.26070000000000004,0.018000000000000016,-0.362
34966,0.0,0.0,0.0,1000.0,0,0,0.2807,0.018000000000000016,-0.362
34967,0.0,0.0,0.0,1000.0,0,0,0.3007,0.018000000000000016,-0.362
34968,0.0,0.0,0.0,1000.0,0,0,0.3207,0.018000000000000016,-0.362
34969,0.0,0.0,0.0,1000.0,0,0,0.3407,0.018000000000000016,-0.362
34970,0.0,0.0,0.0,1000.0,0,0,0.3607,0.018000000000000016,-0.362
34971,0.0,0.0,0.0,1000.0,0,0,0.38070000000000004,0.018000000000000016,-0.362
34972,0.0,0.0,0.0,1000.0,0,0,0.4007,0.018000000000000016,-0.362
34973,0.0,0.0,0.0,1000.0,0,0,0.4207,0.018000000000000016,-0.362
34974,0.0,0.0,0.0,1000.0,0,0,0.44070000000000004,0.018000000000000016,-0.362
34975,0.0,0.0,0.0,1000.0,0,0,0.4607,0.018000000000000016,-0.362
34976,0.0,0.0,0.0,1000.0,0,0,0.4807,0.018000000000000016,-0.362
34977,0.0,0.0,0.0,1000.0,0,0,0.1607,0.038000000000000034,-0.362
34978,0.0,0.0,0.0,1000.0,0,0,0.1807,0.038000000000000034,-0.362
34979,0.0,0.0,0.0,1000.0,0,0,0.20070000000000002,0.038000000000000034,-0.362
34980,0.0,0.0,0.0,1000.0,0,0,0.2207,0.038000000000000034,-0.362
34981,0.0,0.0,0.0,1000.0,0,0,0.24070000000000003,0.038000000000000034,-0.362
34982,0.0,0.0,0.0,1000.0,0,0,0.26070000000000004,0.038000000000000034,-0.362
34983,0.0,0.0,0.0,1000.0,0,0,0.2807,0.038000000000000034,-0.362
34984,0.0,0.0,0.0,1000.0,0,0,0.3007,0.038000000000000034,-0.362
34985,0.0,0.0,0.0,1000.0,0,0,0.3207,0.038000000000000034,-0.362
34986,0.0,0.0,0.0,1000.0,0,0,0.3407,0.038000000000000034,-0.362
34987,0.0,0.0,0.0,1000.0,0,0,0.3607,0.038000000000000034,-0.362
34988,0.0,0.0,0.0,1000.0,0,0,0.38070000000000004,0.038000000000000034,-0.362
34989,0.0,0.0,0.0,1000.0,0,0,0.4007,0.038000000000000034,-0.362
34990,0.0,0.0,0.0,1000.0,0,0,0.4207,0.038000000000000034,-0.362
34991,0.0,0.0,0.0,1000.0,0,0,0.44070000000000004,0.038000000000000034,-0.362
34992,0.0,0.0,0.0,1000.0,0,0,0.4607,0.038000000000000034,-0.362
34993,0.0,0.0,0.0,1000.0,0,0,0.4807,0.038000000000000034,-0.362
34994,0.0,0.0,0.0,1000.0,0,0,0.1607,0.05800000000000005,-0.362
34995,0.0,0.0,0.0,1000.0,0,0,0.1807,0.05800000000000005,-0.362
34996,0.0,0.0,0.0,1000.0,0,0,0.20070000000000002,0.05800000000000005,-0.362
34997,0.0,0.0,0.0,1000.0,0,0,0.2207,0.05800000000000005,-0.362
34998,0.0,0.0,0.0,1000.0,0,0,0.24070000000000003,0.05800000000000005,-0.362
34999,0.0,0.0,0.0,1000.0,0,0,0.26070000000000004,0.05800000000000005,-0.362
35000,0.0,0.0,0.0,1000.0,0,0,0.2807,0.05800000000000005,-0.362
35001,0.0,0.0,0.0,1000.0,0,0,0.3007,0.05800000000000005,-0.362
35002,0.0,0.0,0.0,1000.0,0,0,0.3207,0.05800000000000005,-0.362
35003,0.0,0.0,0.0,1000.0,0,0,0.3407,0.05800000000000005,-0.362
35004,0.0,0.0,0.0,1000.0,0,0,0.3607,0.05800000000000005,-0.362
35005,0.0,0.0,0.0,1000.0,0,0,0.38070000000000004,0.05800000000000005,-0.362
35006,0.0,0.0,0.0,1000.0,0,0,0.4007,0.05800000000000005,-0.362
35007,0.0,0.0,0.0,1000.0,0,0,0.4207,0.05800000000000005,-0.362
35008,0.0,0.0,0.0,1000.0,0,0,0.44070000000000004,0.05800000000000005,-0.362
35009,0.0,0.0,0.0,1000.0,0,0,0.4607,0.05800000000000005,-0.362
35010,0.0,0.0,0.0,1000.0,0,0,0.4807,0.05800000000000005,-0.362
35011,0.0,0.0,0.0,1000.0,0,0,0.1607,0.07800000000000007,-0.362
35012,0.0,0.0,0.0,1000.0,0,0,0.1807,0.07800000000000007,-0.362
35013,0.0,0.0,0.0,1000.0,0,0,0.20070000000000002,0.07800000000000007,-0.362
35014,0.0,0.0,0.0,1000.0,0,0,0.2207,0.07800000000000007,-0.362
35015,0.0,0.0,0.0,1000.0,0,0,0.24070000000000003,0.07800000000000007,-0.362
35016,0.0,0.0,0.0,1000.0,0,0,0.26070000000000004,0.07800000000000007,-0.362
35017,0.0,0.0,0.0,1000.0,0,0,0.2807,0.07800000000000007,-0.362
35018,0.0,0.0,0.0,1000.0,0,0,0.3007,0.07800000000000007,-0.362
35019,0.0,0.0,0.0,1000.0,0,0,0.3207,0.07800000000000007,-0.362
35020,0.0,0.0,0.0,1000.0,0,0,0.3407,0.07800000000000007,-0.362
35021,0.0,0.0,0.0,1000.0,0,0,0.3607,0.07800000000000007,-0.362
35022,0.0,0.0,0.0,1000.0,0,0,0.38070000000000004,0.07800000000000007,-0.362
35023,0.0,0.0,0.0,1000.0,0,0,0.4007,0.07800000000000007,-0.362
35024,0.0,0.0,0.0,1000.0,0,0,0.4207,0.07800000000000007,-0.362
35025,0.0,0.0,0.0,1000.0,0,0,0.44070000000000004,0.07800000000000007,-0.362
35026,0.0,0.0,0.0,1000.0,0,0,0.4607,0.07800000000000007,-0.362
35027,0.0,0.0,0.0,1000.0,0,0,0.4807,0.07800000000000007,-0.362
35028,0.0,0.0,0.0,1000.0,0,0,0.1607,0.09799999999999998,-0.362
35029,0.0,0.0,0.0,1000.0,0,0,0.1807,0.09799999999999998,-0.362
35030,0.0,0.0,0.0,1000.0,0,0,0.20070000000000002,0.09799999999999998,-0.362
35031,0.0,0.0,0.0,1000.0,0,0,0.2207,0.09799999999999998,-0.362
35032,0.0,0.0,0.0,1000.0,0,0,0.24070000000000003,0.09799999999999998,-0.362
35033,0.0,0.0,0.0,1000.0,0,0,0.26070000000000004,0.09799999999999998,-0.362
35034,0.0,0.0,0.0,1000.0,0,0,0.2807,0.09799999999999998,-0.362
35035,0.0,0.0,0.0,1000.0,0,0,0.3007,0.09799999999999998,-0.362
35036,0.0,0.0,0.0,1000.0,0,0,0.3207,0.09799999999999998,-0.362
35037,0.0,0.0,0.0,1000.0,0,0,0.3407,0.09799999999999998,-0.362
35038,0.0,0.0,0.0,1000.0,0,0,0.3607,0.09799999999999998,-0.362
35039,0.0,0.0,0.0,1000.0,0,0,0.38070000000000004,0.09799999999999998,-0.362
35040,0.0,0.0,0.0,1000.0,0,0,0.4007,0.09799999999999998,-0.362
35041,0.0,0.0,0.0,1000.0,0,0,0.4207,0.09799999999999998,-0.362
35042,0.0,0.0,0.0,1000.0,0,0,0.44070000000000004,0.09799999999999998,-0.362
35043,0.0,0.0,0.0,1000.0,0,0,0.4607,0.09799999999999998,-0.362
35044,0.0,0.0,0.0,1000.0,0,0,0.4807,0.09799999999999998,-0.362
35045,0.0,0.0,0.0,1000.0,0,0,0.1607,0.118,-0.362
35046,0.0,0.0,0.0,1000.0,0,0,0.1807,0.118,-0.362
35047,0.0,0.0,0.0,1000.0,0,0,0.20070000000000002,0.118,-0.362
35048,0.0,0.0,0.0,1000.0,0,0,0.2207,0.118,-0.362
35049,0.0,0.0,0.0,1000.0,0,0,0.24070000000000003,0.118,-0.362
35050,0.0,0.0,0.0,1000.0,0,0,0.26070000000000004,0.118,-0.362
35051,0.0,0.0,0.0,1000.0,0,0,0.2807,0.118,-0.362
35052,0.0,0.0,0.0,1000.0,0,0,0.3007,0.118,-0.362
35053,0.0,0.0,0.0,1000.0,0,0,0.3207,0.118,-0.362
35054,0.0,0.0,0.0,1000.0,0,0,0.3407,0.118,-0.362
35055,0.0,0.0,0.0,1000.0,0,0,0.3607,0.118,-0.362
35056,0.0,0.0,0.0,1000.0,0,0,0.38070000000000004,0.118,-0.362
35057,0.0,0.0,0.0,1000.0,0,0,0.4007,0.118,-0.362
35058,0.0,0.0,0.0,1000.0,0,0,0.4207,0.118,-0.362
35059,0.0,0.0,0.0,1000.0,0,0,0.44070000000000004,0.118,-0.362
35060,0.0,0.0,0.0,1000.0,0,0,0.4607,0.118,-0.362
35061,0.0,0.0,0.0,1000.0,0,0,0.4807,0.118,-0.362
35062,0.0,0.0,0.0,1000.0,0,0,0.1607,0.138,-0.362
35063,0.0,0.0,0.0,1000.0,0,0,0.1807,0.138,-0.362
35064,0.0,0.0,0.0,1000.0,0,0,0.20070000000000002,0.138,-0.362
35065,0.0,0.0,0.0,1000.0,0,0,0.2207,0.138,-0.362
35066,0.0,0.0,0.0,1000.0,0,0,0.24070000000000003,0.138,-0.362
35067,0.0,0.0,0.0,1000.0,0,0,0.26070000000000004,0.138,-0.362
35068,0.0,0.0,0.0,1000.0,0,0,0.2807,0.138,-0.362
35069,0.0,0.0,0.0,1000.0,0,0,0.3007,0.138,-0.362
35070,0.0,0.0,0.0,1000.0,0,0,0.3207,0.138,-0.362
35071,0.0,0.0,0.0,1000.0,0,0,0.3407,0.138,-0.362
35072,0.0,0.0,0.0,1000.0,0,0,0.3607,0.138,-0.362
35073,0.0,0.0,0.0,1000.0,0,0,0.38070000000000004,0.138,-0.362
35074,0.0,0.0,0.0,1000.0,0,0,0.4007,0.138,-0.362
35075,0.0,0.0,0.0,1000.0,0,0,0.4207,0.138,-0.362
35076,0.0,0.0,0.0,1000.0,0,0,0.44070000000000004,0.138,-0.362
35077,0.0,0.0,0.0,1000.0,0,0,0.4607,0.138,-0.362
35078,0.0,0.0,0.0,1000.0,0,0,0.4807,0.138,-0.362
35079,0.0,0.0,0.0,1000.0,0,0,0.1607,0.15800000000000003,-0.362
35080,0.0,0.0,0.0,1000.0,0,0,0.1807,0.15800000000000003,-0.362
35081,0.0,0.0,0.0,1000.0,0,0,0.20070000000000002,0.15800000000000003,-0.362
35082,0.0,0.0,0.0,1000.0,0,0,0.2207,0.15800000000000003,-0.362
35083,0.0,0.0,0.0,1000.0,0,0,0.24070000000000003,0.15800000000000003,-0.362
35084,0.0,0.0,0.0,1000.0,0,0,0.26070000000000004,0.15800000000000003,-0.362
35085,0.0,0.0,0.0,1000.0,0,0,0.2807,0.15800000000000003,-0.362
35086,0.0,0.0,0.0,1000.0,0,0,0.3007,0.15800000000000003,-0.362
35087,0.0,0.0,0.0,1000.0,0,0,0.3207,0.15800000000000003,-0.362
35088,0.0,0.0,0.0,1000.0,0,0,0.3407,0.15800000000000003,-0.362
35089,0.0,0.0,0.0,1000.0,0,0,0.3607,0.15800000000000003,-0.362
35090,0.0,0.0,0.0,1000.0,0,0,0.38070000000000004,0.15800000000000003,-0.362
35091,0.0,0.0,0.0,1000.0,0,0,0.4007,0.15800000000000003,-0.362
35092,0.0,0.0,0.0,1000.0,0,0,0.4207,0.15800000000000003,-0.362
35093,0.0,0.0,0.0,1000.0,0,0,0.44070000000000004,0.15800000000000003,-0.362
35094,0.0,0.0,0.0,1000.0,0,0,0.4607,0.15800000000000003,-0.362
35095,0.0,0.0,0.0,1000.0,0,0,0.4807,0.15800000000000003,-0.362
35096,0.0,0.0,0.0,1000.0,0,0,0.1607,0.17800000000000005,-0.362
35097,0.0,0.0,0.0,1000.0,0,0,0.1807,0.17800000000000005,-0.362
35098,0.0,0.0,0.0,1000.0,0,0,0.20070000000000002,0.17800000000000005,-0.362
35099,0.0,0.0,0.0,1000.0,0,0,0.2207,0.17800000000000005,-0.362
35100,0.0,0.0,0.0,1000.0,0,0,0.24070000000000003,0.17800000000000005,-0.362
35101,0.0,0.0,0.0,1000.0,0,0,0.26070000000000004,0.17800000000000005,-0.362
35102,0.0,0.0,0.0,1000.0,0,0,0.2807,0.17800000000000005,-0.362
35103,0.0,0.0,0.0,1000.0,0,0,0.3007,0.17800000000000005,-0.362
35104,0.0,0.0,0.0,1000.0,0,0,0.3207,0.17800000000000005,-0.362
35105,0.0,0.0,0.0,1000.0,0,0,0.3407,0.17800000000000005,-0.362
35106,0.0,0.0,0.0,1000.0,0,0,0.3607,0.17800000000000005,-0.362
35107,0.0,0.0,0.0,1000.0,0,0,0.38070000000000004,0.17800000000000005,-0.362
35108,0.0,0.0,0.0,1000.0,0,0,0.4007,0.17800000000000005,-0.362
35109,0.0,0.0,0.0,1000.0,0,0,0.4207,0.17800000000000005,-0.362
35110,0.0,0.0,0.0,1000.0,0,0,0.44070000000000004,0.17800000000000005,-0.362
35111,0.0,0.0,0.0,1000.0,0,0,0.4607,0.17800000000000005,-0.362
35112,0.0,0.0,0.0,1000.0,0,0,0.4807,0.17800000000000005,-0.362
35113,0.0,0.0,0.0,1000.0,0,0,0.1607,0.19800000000000006,-0.362
35114,0.0,0.0,0.0,1000.0,0,0,0.1807,0.19800000000000006,-0.362
35115,0.0,0.0,0.0,1000.0,0,0,0.20070000000000002,0.19800000000000006,-0.362
35116,0.0,0.0,0.0,1000.0,0,0,0.2207,0.19800000000000006,-0.362
35117,0.0,0.0,0.0,1000.0,0,0,0.24070000000000003,0.19800000000000006,-0.362
35118,0.0,0.0,0.0,1000.0,0,0,0.26070000000000004,0.19800000000000006,-0.362
35119,0.0,0.0,0.0,1000.0,0,0,0.2807,0.19800000000000006,-0.362
35120,0.0,0.0,0.0,1000.0,0,0,0.3007,0.19800000000000006,-0.362
35121,0.0,0.0,0.0,1000.0,0,0,0.3207,0.19800000000000006,-0.362
35122,0.0,0.0,0.0,1000.0,0,0,0.3407,0.19800000000000006,-0.362
35123,0.0,0.0,0.0,1000.0,0,0,0.3607,0.19800000000000006,-0.362
35124,0.0,0.0,0.0,1000.0,0,0,0.38070000000000004,0.19800000000000006,-0.362
35125,0.0,0.0,0.0,1000.0,0,0,0.4007,0.19800000000000006,-0.362
35126,0.0,0.0,0.0,1000.0,0,0,0.4207,0.19800000000000006,-0.362
35127,0.0,0.0,0.0,1000.0,0,0,0.44070000000000004,0.19800000000000006,-0.362
35128,0.0,0.0,0.0,1000.0,0,0,0.4607,0.19800000000000006,-0.362
35129,0.0,0.0,0.0,1000.0,0,0,0.4807,0.19800000000000006,-0.362
35130,0.0,0.0,0.0,1000.0,0,0,0.1607,0.21800000000000008,-0.362
35131,0.0,0.0,0.0,1000.0,0,0,0.1807,0.21800000000000008,-0.362
35132,0.0,0.0,0.0,1000.0,0,0,0.20070000000000002,0.21800000000000008,-0.362
35133,0.0,0.0,0.0,1000.0,0,0,0.2207,0.21800000000000008,-0.362
35134,0.0,0.0,0.0,1000.0,0,0,0.24070000000000003,0.21800000000000008,-0.362
35135,0.0,0.0,0.0,1000.0,0,0,0.26070000000000004,0.21800000000000008,-0.362
35136,0.0,0.0,0.0,1000.0,0,0,0.2807,0.21800000000000008,-0.362
35137,0.0,0.0,0.0,1000.0,0,0,0.3007,0.21800000000000008,-0.362
35138,0.0,0.0,0.0,1000.0,0,0,0.3207,0.21800000000000008,-0.362
35139,0.0,0.0,0.0,1000.0,0,0,0.3407,0.21800000000000008,-0.362
35140,0.0,0.0,0.0,1000.0,0,0,0.3607,0.21800000000000008,-0.362
35141,0.0,0.0,0.0,1000.0,0,0,0.38070000000000004,0.21800000000000008,-0.362
35142,0.0,0.0,0.0,1000.0,0,0,0.4007,0.21800000000000008,-0.362
35143,0.0,0.0,0.0,1000.0,0,0,0.4207,0.21800000000000008,-0.362
35144,0.0,0.0,0.0,1000.0,0,0,0.44070000000000004,0.21800000000000008,-0.362
35145,0.0,0.0,0.0,1000.0,0,0,0.4607,0.21800000000000008,-0.362
35146,0.0,0.0,0.0,1000.0,0,0,0.4807,0.21800000000000008,-0.362
35147,0.0,0.0,0.0,1000.0,0,0,0.1607,0.238,-0.362
35148,0.0,0.0,0.0,1000.0,0,0,0.1807,0.238,-0.362
35149,0.0,0.0,0.0,1000.0,0,0,0.20070000000000002,0.238,-0.362
35150,0.0,0.0,0.0,1000.0,0,0,0.2207,0.238,-0.362
35151,0.0,0.0,0.0,1000.0,0,0,0.24070000000000003,0.238,-0.362
35152,0.0,0.0,0.0,1000.0,0,0,0.26070000000000004,0.238,-0.362
35153,0.0,0.0,0.0,1000.0,0,0,0.2807,0.238,-0.362
35154,0.0,0.0,0.0,1000.0,0,0,0.3007,0.238,-0.362
35155,0.0,0.0,0.0,1000.0,0,0,0.3207,0.238,-0.362
35156,0.0,0.0,0.0,1000.0,0,0,0.3407,0.238,-0.362
35157,0.0,0.0,0.0,1000.0,0,0,0.3607,0.238,-0.362
35158,0.0,0.0,0.0,1000.0,0,0,0.38070000000000004,0.238,-0.362
35159,0.0,0.0,0.0,1000.0,0,0,0.4007,0.238,-0.362
35160,0.0,0.0,0.0,1000.0,0,0,0.4207,0.238,-0.362
35161,0.0,0.0,0.0,1000.0,0,0,0.44070000000000004,0.238,-0.362
35162,0.0,0.0,0.0,1000.0,0,0,0.4607,0.238,-0.362
35163,0.0,0.0,0.0,1000.0,0,0,0.4807,0.238,-0.362
35164,0.0,0.0,0.0,1000.0,0,0,0.1607,0.258,-0.362
35165,0.0,0.0,0.0,1000.0,0,0,0.1807,0.258,-0.362
35166,0.0,0.0,0.0,1000.0,0,0,0.20070000000000002,0.258,-0.362
35167,0.0,0.0,0.0,1000.0,0,0,0.2207,0.258,-0.362
35168,0.0,0.0,0.0,1000.0,0,0,0.24070000000000003,0.258,-0.362
35169,0.0,0.0,0.0,1000.0,0,0,0.26070000000000004,0.258,-0.362
35170,0.0,0.0,0.0,1000.0,0,0,0.2807,0.258,-0.362
35171,0.0,0.0,0.0,1000.0,0,0,0.3007,0.258,-0.362
35172,0.0,0.0,0.0,1000.0,0,0,0.3207,0.258,-0.362
35173,0.0,0.0,0.0,1000.0,0,0,0.3407,0.258,-0.362
35174,0.0,0.0,0.0,1000.0,0,0,0.3607,0.258,-0.362
35175,0.0,0.0,0.0,1000.0,0,0,0.38070000000000004,0.258,-0.362
35176,0.0,0.0,0.0,1000.0,0,0,0.4007,0.258,-0.362
35177,0.0,0.0,0.0,1000.0,0,0,0.4207,0.258,-0.362
35178,0.0,0.0,0.0,1000.0,0,0,0.44070000000000004,0.258,-0.362
35179,0.0,0.0,0.0,1000.0,0,0,0.4607,0.258,-0.362
35180,0.0,0.0,0.0,1000.0,0,0,0.4807,0.258,-0.362
35181,0.0,0.0,0.0,1000.0,0,0,0.1607,0.278,-0.362
35182,0.0,0.0,0.0,1000.0,0,0,0.1807,0.278,-0.362
35183,0.0,0.0,0.0,1000.0,0,0,0.20070000000000002,0.278,-0.362
35184,0.0,0.0,0.0,1000.0,0,0,0.2207,0.278,-0.362
35185,0.0,0.0,0.0,1000.0,0,0,0.24070000000000003,0.278,-0.362
35186,0.0,0.0,0.0,1000.0,0,0,0.26070000000000004,0.278,-0.362
35187,0.0,0.0,0.0,1000.0,0,0,0.2807,0.278,-0.362
35188,0.0,0.0,0.0,1000.0,0,0,0.3007,0.278,-0.362
35189,0.0,0.0,0.0,1000.0,0,0,0.3207,0.278,-0.362
35190,0.0,0.0,0.0,1000.0,0,0,0.3407,0.278,-0.362
35191,0.0,0.0,0.0,1000.0,0,0,0.3607,0.278,-0.362
35192,0.0,0.0,0.0,1000.0,0,0,0.38070000000000004,0.278,-0.362
35193,0.0,0.0,0.0,1000.0,0,0,0.4007,0.278,-0.362
35194,0.0,0.0,0.0,1000.0,0,0,0.4207,0.278,-0.362
35195,0.0,0.0,0.0,1000.0,0,0,0.44070000000000004,0.278,-0.362
35196,0.0,0.0,0.0,1000.0,0,0,0.4607,0.278,-0.362
35197,0.0,0.0,0.0,1000.0,0,0,0.4807,0.278,-0.362
35198,0.0,0.0,0.0,1000.0,0,0,0.1607,0.29800000000000004,-0.362
35199,0.0,0.0,0.0,1000.0,0,0,0.1807,0.29800000000000004,-0.362
35200,0.0,0.0,0.0,1000.0,0,0,0.20070000000000002,0.29800000000000004,-0.362
35201,0.0,0.0,0.0,1000.0,0,0,0.2207,0.29800000000000004,-0.362
35202,0.0,0.0,0.0,1000.0,0,0,0.24070000000000003,0.29800000000000004,-0.362
35203,0.0,0.0,0.0,1000.0,0,0,0.26070000000000004,0.29800000000000004,-0.362
35204,0.0,0.0,0.0,1000.0,0,0,0.2807,0.29800000000000004,-0.362
35205,0.0,0.0,0.0,1000.0,0,0,0.3007,0.29800000000000004,-0.362
35206,0.0,0.0,0.0,1000.0,0,0,0.3207,0.29800000000000004,-0.362
35207,0.0,0.0,0.0,1000.0,0,0,0.3407,0.29800000000000004,-0.362
35208,0.0,0.0,0.0,1000.0,0,0,0.3607,0.29800000000000004,-0.362
35209,0.0,0.0,0.0,1000.0,0,0,0.38070000000000004,0.29800000000000004,-0.362
35210,0.0,0.0,0.0,1000.0,0,0,0.4007,0.29800000000000004,-0.362
35211,0.0,0.0,0.0,1000.0,0,0,0.4207,0.29800000000000004,-0.362
35212,0.0,0.0,0.0,1000.0,0,0,0.44070000000000004,0.29800000000000004,-0.362
35213,0.0,0.0,0.0,1000.0,0,0,0.4607,0.29800000000000004,-0.362
35214,0.0,0.0,0.0,1000.0,0,0,0.4807,0.29800000000000004,-0.362
35215,0.0,0.0,0.0,1000.0,0,0,0.1607,0.31800000000000006,-0.362
35216,0.0,0.0,0.0,1000.0,0,0,0.1807,0.31800000000000006,-0.362
35217,0.0,0.0,0.0,1000.0,0,0,0.20070000000000002,0.31800000000000006,-0.362
35218,0.0,0.0,0.0,1000.0,0,0,0.2207,0.31800000000000006,-0.362
35219,0.0,0.0,0.0,1000.0,0,0,0.24070000000000003,0.31800000000000006,-0.362
35220,0.0,0.0,0.0,1000.0,0,0,0.26070000000000004,0.31800000000000006,-0.362
35221,0.0,0.0,0.0,1000.0,0,0,0.2807,0.31800000000000006,-0.362
35222,0.0,0.0,0.0,1000.0,0,0,0.3007,0.31800000000000006,-0.362
35223,0.0,0.0,0.0,1000.0,0,0,0.3207,0.31800000000000006,-0.362
35224,0.0,0.0,0.0,1000.0,0,0,0.3407,0.31800000000000006,-0.362
35225,0.0,0.0,0.0,1000.0,0,0,0.3607,0.31800000000000006,-0.362
35226,0.0,0.0,0.0,1000.0,0,0,0.38070000000000004,0.31800000000000006,-0.362
35227,0.0,0.0,0.0,1000.0,0,0,0.4007,0.31800000000000006,-0.362
35228,0.0,0.0,0.0,1000.0,0,0,0.4207,0.31800000000000006,-0.362
35229,0.0,0.0,0.0,1000.0,0,0,0.44070000000000004,0.31800000000000006,-0.362
35230,0.0,0.0,0.0,1000.0,0,0,0.4607,0.31800000000000006,-0.362
35231,0.0,0.0,0.0,1000.0,0,0,0.4807,0.31800000000000006,-0.362
35232,0.0,0.0,0.0,1000.0,0,0,0.1607,0.3380000000000001,-0.362
35233,0.0,0.0,0.0,1000.0,0,0,0.1807,0.3380000000000001,-0.362
35234,0.0,0.0,0.0,1000.0,0,0,0.20070000000000002,0.3380000000000001,-0.362
35235,0.0,0.0,0.0,1000.0,0,0,0.2207,0.3380000000000001,-0.362
35236,0.0,0.0,0.0,1000.0,0,0,0.24070000000000003,0.3380000000000001,-0.362
35237,0.0,0.0,0.0,1000.0,0,0,0.26070000000000004,0.3380000000000001,-0.362
35238,0.0,0.0,0.0,1000.0,0,0,0.2807,0.3380000000000001,-0.362
35239,0.0,0.0,0.0,1000.0,0,0,0.3007,0.3380000000000001,-0.362
35240,0.0,0.0,0.0,1000.0,0,0,0.3207,0.3380000000000001,-0.362
35241,0.0,0.0,0.0,1000.0,0,0,0.3407,0.3380000000000001,-0.362
35242,0.0,0.0,0.0,1000.0,0,0,0.3607,0.3380000000000001,-0.362
35243,0.0,0.0,0.0,1000.0,0,0,0.38070000000000004,0.3380000000000001,-0.362
35244,0.0,0.0,0.0,1000.0,0,0,0.4007,0.3380000000000001,-0.362
35245,0.0,0.0,0.0,1000.0,0,0,0.4207,0.3380000000000001,-0.362
35246,0.0,0.0,0.0,1000.0,0,0,0.44070000000000004,0.3380000000000001,-0.362
35247,0.0,0.0,0.0,1000.0,0,0,0.4607,0.3380000000000001,-0.362
35248,0.0,0.0,0.0,1000.0,0,0,0.4807,0.3380000000000001,-0.362
35249,0.0,0.0,0.0,1000.0,0,0,0.1607,0.358,-0.362
35250,0.0,0.0,0.0,1000.0,0,0,0.1807,0.358,-0.362
35251,0.0,0.0,0.0,1000.0,0,0,0.20070000000000002,0.358,-0.362
35252,0.0,0.0,0.0,1000.0,0,0,0.2207,0.358,-0.362
35253,0.0,0.0,0.0,1000.0,0,0,0.24070000000000003,0.358,-0.362
35254,0.0,0.0,0.0,1000.0,0,0,0.26070000000000004,0.358,-0.362
35255,0.0,0.0,0.0,1000.0,0,0,0.2807,0.358,-0.362
35256,0.0,0.0,0.0,1000.0,0,0,0.3007,0.358,-0.362
35257,0.0,0.0,0.0,1000.0,0,0,0.3207,0.358,-0.362
35258,0.0,0.0,0.0,1000.0,0,0,0.3407,0.358,-0.362
35259,0.0,0.0,0.0,1000.0,0,0,0.3607,0.358,-0.362
35260,0.0,0.0,0.0,1000.0,0,0,0.38070000000000004,0.358,-0.362
35261,0.0,0.0,0.0,1000.0,0,0,0.4007,0.358,-0.362
35262,0.0,0.0,0.0,1000.0,0,0,0.4207,0.358,-0.362
35263,0.0,0.0,0.0,1000.0,0,0,0.44070000000000004,0.358,-0.362
35264,0.0,0.0,0.0,1000.0,0,0,0.4607,0.358,-0.362
35265,0.0,0.0,0.0,1000.0,0,0,0.4807,0.358,-0.362
35266,0.0,0.0,0.0,1000.0,0,0,0.1607,0.378,-0.362
35267,0.0,0.0,0.0,1000.0,0,0,0.1807,0.378,-0.362
35268,0.0,0.0,0.0,1000.0,0,0,0.20070000000000002,0.378,-0.362
35269,0.0,0.0,0.0,1000.0,0,0,0.2207,0.378,-0.362
35270,0.0,0.0,0.0,1000.0,0,0,0.24070000000000003,0.378,-0.362
35271,0.0,0.0,0.0,1000.0,0,0,0.26070000000000004,0.378,-0.362
35272,0.0,0.0,0.0,1000.0,0,0,0.2807,0.378,-0.362
35273,0.0,0.0,0.0,1000.0,0,0,0.3007,0.378,-0.362
35274,0.0,0.0,0.0,1000.0,0,0,0.3207,0.378,-0.362
35275,0.0,0.0,0.0,1000.0,0,0,0.3407,0.378,-0.362
35276,0.0,0.0,0.0,1000.0,0,0,0.3607,0.378,-0.362
35277,0.0,0.0,0.0,1000.0,0,0,0.38070000000000004,0.378,-0.362
35278,0.0,0.0,0.0,1000.0,0,0,0.4007,0.378,-0.362
35279,0.0,0.0,0.0,1000.0,0,0,0.4207,0.378,-0.362
35280,0.0,0.0,0.0,1000.0,0,0,0.44070000000000004,0.378,-0.362
35281,0.0,0.0,0.0,1000.0,0,0,0.4607,0.378,-0.362
35282,0.0,0.0,0.0,1000.0,0,0,0.4807,0.378,-0.362
35283,0.0,0.0,0.0,1000.0,0,0,0.1607,0.398,-0.362
35284,0.0,0.0,0.0,1000.0,0,0,0.1807,0.398,-0.362
35285,0.0,0.0,0.0,1000.0,0,0,0.20070000000000002,0.398,-0.362
35286,0.0,0.0,0.0,1000.0,0,0,0.2207,0.398,-0.362
35287,0.0,0.0,0.0,1000.0,0,0,0.24070000000000003,0.398,-0.362
35288,0.0,0.0,0.0,1000.0,0,0,0.26070000000000004,0.398,-0.362
35289,0.0,0.0,0.0,1000.0,0,0,0.2807,0.398,-0.362
35290,0.0,0.0,0.0,1000.0,0,0,0.3007,0.398,-0.362
35291,0.0,0.0,0.0,1000.0,0,0,0.3207,0.398,-0.362
35292,0.0,0.0,0.0,1000.0,0,0,0.3407,0.398,-0.362
35293,0.0,0.0,0.0,1000.0,0,0,0.3607,0.398,-0.362
35294,0.0,0.0,0.0,1000.0,0,0,0.38070000000000004,0.398,-0.362
35295,0.0,0.0,0.0,1000.0,0,0,0.4007,0.398,-0.362
35296,0.0,0.0,0.0,1000.0,0,0,0.4207,0.398,-0.362
35297,0.0,0.0,0.0,1000.0,0,0,0.44070000000000004,0.398,-0.362
35298,0.0,0.0,0.0,1000.0,0,0,0.4607,0.398,-0.362
35299,0.0,0.0,0.0,1000.0,0,0,0.4807,0.398,-0.362
35300,0.0,0.0,0.0,1000.0,0,0,0.1607,0.41800000000000004,-0.362
35301,0.0,0.0,0.0,1000.0,0,0,0.1807,0.41800000000000004,-0.362
35302,0.0,0.0,0.0,1000.0,0,0,0.20070000000000002,0.41800000000000004,-0.362
35303,0.0,0.0,0.0,1000.0,0,0,0.2207,0.41800000000000004,-0.362
35304,0.0,0.0,0.0,1000.0,0,0,0.24070000000000003,0.41800000000000004,-0.362
35305,0.0,0.0,0.0,1000.0,0,0,0.26070000000000004,0.41800000000000004,-0.362
35306,0.0,0.0,0.0,1000.0,0,0,0.2807,0.41800000000000004,-0.362
35307,0.0,0.0,0.0,1000.0,0,0,0.3007,0.41800000000000004,-0.362
35308,0.0,0.0,0.0,1000.0,0,0,0.3207,0.41800000000000004,-0.362
35309,0.0,0.0,0.0,1000.0,0,0,0.3407,0.41800000000000004,-0.362
35310,0.0,0.0,0.0,1000.0,0,0,0.3607,0.41800000000000004,-0.362
35311,0.0,0.0,0.0,1000.0,0,0,0.38070000000000004,0.41800000000000004,-0.362
35312,0.0,0.0,0.0,1000.0,0,0,0.4007,0.41800000000000004,-0.362
35313,0.0,0.0,0.0,1000.0,0,0,0.4207,0.41800000000000004,-0.362
35314,0.0,0.0,0.0,1000.0,0,0,0.44070000000000004,0.41800000000000004,-0.362
35315,0.0,0.0,0.0,1000.0,0,0,0.4607,0.41800000000000004,-0.362
35316,0.0,0.0,0.0,1000.0,0,0,0.4807,0.41800000000000004,-0.362
35317,0.0,0.0,0.0,1000.0,0,0,0.1607,0.43800000000000006,-0.362
35318,0.0,0.0,0.0,1000.0,0,0,0.1807,0.43800000000000006,-0.362
35319,0.0,0.0,0.0,1000.0,0,0,0.20070000000000002,0.43800000000000006,-0.362
35320,0.0,0.0,0.0,1000.0,0,0,0.2207,0.43800000000000006,-0.362
35321,0.0,0.0,0.0,1000.0,0,0,0.24070000000000003,0.43800000000000006,-0.362
35322,0.0,0.0,0.0,1000.0,0,0,0.26070000000000004,0.43800000000000006,-0.362
35323,0.0,0.0,0.0,1000.0,0,0,0.2807,0.43800000000000006,-0.362
35324,0.0,0.0,0.0,1000.0,0,0,0.3007,0.43800000000000006,-0.362
35325,0.0,0.0,0.0,1000.0,0,0,0.3207,0.43800000000000006,-0.362
35326,0.0,0.0,0.0,1000.0,0,0,0.3407,0.43800000000000006,-0.362
35327,0.0,0.0,0.0,1000.0,0,0,0.3607,0.43800000000000006,-0.362
35328,0.0,0.0,0.0,1000.0,0,0,0.38070000000000004,0.43800000000000006,-0.362
35329,0.0,0.0,0.0,1000.0,0,0,0.4007,0.43800000000000006,-0.362
35330,0.0,0.0,0.0,1000.0,0,0,0.4207,0.43800000000000006,-0.362
35331,0.0,0.0,0.0,1000.0,0,0,0.44070000000000004,0.43800000000000006,-0.362
35332,0.0,0.0,0.0,1000.0,0,0,0.4607,0.43800000000000006,-0.362
35333,0.0,0.0,0.0,1000.0,0,0,0.4807,0.43800000000000006,-0.362
35334,0.0,0.0,0.0,1000.0,0,0,0.1607,0.4580000000000001,-0.362
35335,0.0,0.0,0.0,1000.0,0,0,0.1807,0.4580000000000001,-0.362
35336,0.0,0.0,0.0,1000.0,0,0,0.20070000000000002,0.4580000000000001,-0.362
35337,0.0,0.0,0.0,1000.0,0,0,0.2207,0.4580000000000001,-0.362
35338,0.0,0.0,0.0,1000.0,0,0,0.24070000000000003,0.4580000000000001,-0.362
35339,0.0,0.0,0.0,1000.0,0,0,0.26070000000000004,0.4580000000000001,-0.362
35340,0.0,0.0,0.0,1000.0,0,0,0.2807,0.4580000000000001,-0.362
35341,0.0,0.0,0.0,1000.0,0,0,0.3007,0.4580000000000001,-0.362
35342,0.0,0.0,0.0,1000.0,0,0,0.3207,0.4580000000000001,-0.362
35343,0.0,0.0,0.0,1000.0,0,0,0.3407,0.4580000000000001,-0.362
35344,0.0,0.0,0.0,1000.0,0,0,0.3607,0.4580000000000001,-0.362
35345,0.0,0.0,0.0,1000.0,0,0,0.38070000000000004,0.4580000000000001,-0.362
35346,0.0,0.0,0.0,1000.0,0,0,0.4007,0.4580000000000001,-0.362
35347,0.0,0.0,0.0,1000.0,0,0,0.4207,0.4580000000000001,-0.362
35348,0.0,0.0,0.0,1000.0,0,0,0.44070000000000004,0.4580000000000001,-0.362
35349,0.0,0.0,0.0,1000.0,0,0,0.4607,0.4580000000000001,-0.362
35350,0.0,0.0,0.0,1000.0,0,0,0.4807,0.4580000000000001,-0.362
35351,0.0,0.0,0.0,1000.0,0,0,0.1607,0.478,-0.362
35352,0.0,0.0,0.0,1000.0,0,0,0.1807,0.478,-0.362
35353,0.0,0.0,0.0,1000.0,0,0,0.20070000000000002,0.478,-0.362
35354,0.0,0.0,0.0,1000.0,0,0,0.2207,0.478,-0.362
35355,0.0,0.0,0.0,1000.0,0,0,0.24070000000000003,0.478,-0.362
35356,0.0,0.0,0.0,1000.0,0,0,0.26070000000000004,0.478,-0.362
35357,0.0,0.0,0.0,1000.0,0,0,0.2807,0.478,-0.362
35358,0.0,0.0,0.0,1000.0,0,0,0.3007,0.478,-0.362
35359,0.0,0.0,0.0,1000.0,0,0,0.3207,0.478,-0.362
35360,0.0,0.0,0.0,1000.0,0,0,0.3407,0.478,-0.362
35361,0.0,0.0,0.0,1000.0,0,0,0.3607,0.478,-0.362
35362,0.0,0.0,0.0,1000.0,0,0,0.38070000000000004,0.478,-0.362
35363,0.0,0.0,0.0,1000.0,0,0,0.4007,0.478,-0.362
35364,0.0,0.0,0.0,1000.0,0,0,0.4207,0.478,-0.362
35365,0.0,0.0,0.0,1000.0,0,0,0.44070000000000004,0.478,-0.362
35366,0.0,0.0,0.0,1000.0,0,0,0.4607,0.478,-0.362
35367,0.0,0.0,0.0,1000.0,0,0,0.4807,0.478,-0.362
35368,0.0,0.0,0.0,1000.0,0,0,0.1607,-0.482,-0.34199999999999997
35369,0.0,0.0,0.0,1000.0,0,0,0.1807,-0.482,-0.34199999999999997
35370,0.0,0.0,0.0,1000.0,0,0,0.20070000000000002,-0.482,-0.34199999999999997
35371,0.0,0.0,0.0,1000.0,0,0,0.2207,-0.482,-0.34199999999999997
35372,0.0,0.0,0.0,1000.0,0,0,0.24070000000000003,-0.482,-0.34199999999999997
35373,0.0,0.0,0.0,1000.0,0,0,0.26070000000000004,-0.482,-0.34199999999999997
35374,0.0,0.0,0.0,1000.0,0,0,0.2807,-0.482,-0.34199999999999997
35375,0.0,0.0,0.0,1000.0,0,0,0.3007,-0.482,-0.34199999999999997
35376,0.0,0.0,0.0,1000.0,0,0,0.3207,-0.482,-0.34199999999999997
35377,0.0,0.0,0.0,1000.0,0,0,0.3407,-0.482,-0.34199999999999997
35378,0.0,0.0,0.0,1000.0,0,0,0.3607,-0.482,-0.34199999999999997
35379,0.0,0.0,0.0,1000.0,0,0,0.38070000000000004,-0.482,-0.34199999999999997
35380,0.0,0.0,0.0,1000.0,0,0,0.4007,-0.482,-0.34199999999999997
35381,0.0,0.0,0.0,1000.0,0,0,0.4207,-0.482,-0.34199999999999997
35382,0.0,0.0,0.0,1000.0,0,0,0.44070000000000004,-0.482,-0.34199999999999997
35383,0.0,0.0,0.0,1000.0,0,0,0.4607,-0.482,-0.34199999999999997
35384,0.0,0.0,0.0,1000.0,0,0,0.4807,-0.482,-0.34199999999999997
35385,0.0,0.0,0.0,1000.0,0,0,0.1607,-0.46199999999999997,-0.34199999999999997
35386,0.0,0.0,0.0,1000.0,0,0,0.1807,-0.46199999999999997,-0.34199999999999997
35387,0.0,0.0,0.0,1000.0,0,0,0.20070000000000002,-0.46199999999999997,-0.34199999999999997
35388,0.0,0.0,0.0,1000.0,0,0,0.2207,-0.46199999999999997,-0.34199999999999997
35389,0.0,0.0,0.0,1000.0,0,0,0.24070000000000003,-0.46199999999999997,-0.34199999999999997
35390,0.0,0.0,0.0,1000.0,0,0,0.26070000000000004,-0.46199999999999997,-0.34199999999999997
35391,0.0,0.0,0.0,1000.0,0,0,0.2807,-0.46199999999999997,-0.34199999999999997
35392,0.0,0.0,0.0,1000.0,0,0,0.3007,-0.46199999999999997,-0.34199999999999997
35393,0.0,0.0,0.0,1000.0,0,0,0.3207,-0.46199999999999997,-0.34199999999999997
35394,0.0,0.0,0.0,1000.0,0,0,0.3407,-0.46199999999999997,-0.34199999999999997
35395,0.0,0.0,0.0,1000.0,0,0,0.3607,-0.46199999999999997,-0.34199999999999997
35396,0.0,0.0,0.0,1000.0,0,0,0.38070000000000004,-0.46199999999999997,-0.34199999999999997
35397,0.0,0.0,0.0,1000.0,0,0,0.4007,-0.46199999999999997,-0.34199999999999997
35398,0.0,0.0,0.0,1000.0,0,0,0.4207,-0.46199999999999997,-0.34199999999999997
35399,0.0,0.0,0.0,1000.0,0,0,0.44070000000000004,-0.46199999999999997,-0.34199999999999997
35400,0.0,0.0,0.0,1000.0,0,0,0.4607,-0.46199999999999997,-0.34199999999999997
35401,0.0,0.0,0.0,1000.0,0,0,0.4807,-0.46199999999999997,-0.34199999999999997
35402,0.0,0.0,0.0,1000.0,0,0,0.1607,-0.442,-0.34199999999999997
35403,0.0,0.0,0.0,1000.0,0,0,0.1807,-0.442,-0.34199999999999997
35404,0.0,0.0,0.0,1000.0,0,0,0.20070000000000002,-0.442,-0.34199999999999997
35405,0.0,0.0,0.0,1000.0,0,0,0.2207,-0.442,-0.34199999999999997
35406,0.0,0.0,0.0,1000.0,0,0,0.24070000000000003,-0.442,-0.34199999999999997
35407,0.0,0.0,0.0,1000.0,0,0,0.26070000000000004,-0.442,-0.34199999999999997
35408,0.0,0.0,0.0,1000.0,0,0,0.2807,-0.442,-0.34199999999999997
35409,0.0,0.0,0.0,1000.0,0,0,0.3007,-0.442,-0.34199999999999997
35410,0.0,0.0,0.0,1000.0,0,0,0.3207,-0.442,-0.34199999999999997
35411,0.0,0.0,0.0,1000.0,0,0,0.3407,-0.442,-0.34199999999999997
35412,0.0,0.0,0.0,1000.0,0,0,0.3607,-0.442,-0.34199999999999997
35413,0.0,0.0,0.0,1000.0,0,0,0.38070000000000004,-0.442,-0.34199999999999997
35414,0.0,0.0,0.0,1000.0,0,0,0.4007,-0.442,-0.34199999999999997
35415,0.0,0.0,0.0,1000.0,0,0,0.4207,-0.442,-0.34199999999999997
35416,0.0,0.0,0.0,1000.0,0,0,0.44070000000000004,-0.442,-0.34199999999999997
35417,0.0,0.0,0.0,1000.0,0,0,0.4607,-0.442,-0.34199999999999997
35418,0.0,0.0,0.0,1000.0,0,0,0.4807,-0.442,-0.34199999999999997
35419,0.0,0.0,0.0,1000.0,0,0,0.1607,-0.422,-0.34199999999999997
35420,0.0,0.0,0.0,1000.0,0,0,0.1807,-0.422,-0.34199999999999997
35421,0.0,0.0,0.0,1000.0,0,0,0.20070000000000002,-0.422,-0.34199999999999997
35422,0.0,0.0,0.0,1000.0,0,0,0.2207,-0.422,-0.34199999999999997
35423,0.0,0.0,0.0,1000.0,0,0,0.24070000000000003,-0.422,-0.34199999999999997
35424,0.0,0.0,0.0,1000.0,0,0,0.26070000000000004,-0.422,-0.34199999999999997
35425,0.0,0.0,0.0,1000.0,0,0,0.2807,-0.422,-0.34199999999999997
35426,0.0,0.0,0.0,1000.0,0,0,0.3007,-0.422,-0.34199999999999997
35427,0.0,0.0,0.0,1000.0,0,0,0.3207,-0.422,-0.34199999999999997
35428,0.0,0.0,0.0,1000.0,0,0,0.3407,-0.422,-0.34199999999999997
35429,0.0,0.0,0.0,1000.0,0,0,0.3607,-0.422,-0.34199999999999997
35430,0.0,0.0,0.0,1000.0,0,0,0.38070000000000004,-0.422,-0.34199999999999997
35431,0.0,0.0,0.0,1000.0,0,0,0.4007,-0.422,-0.34199999999999997
35432,0.0,0.0,0.0,1000.0,0,0,0.4207,-0.422,-0.34199999999999997
35433,0.0,0.0,0.0,1000.0,0,0,0.44070000000000004,-0.422,-0.34199999999999997
35434,0.0,0.0,0.0,1000.0,0,0,0.4607,-0.422,-0.34199999999999997
35435,0.0,0.0,0.0,1000.0,0,0,0.4807,-0.422,-0.34199999999999997
35436,0.0,0.0,0.0,1000.0,0,0,0.1607,-0.40199999999999997,-0.34199999999999997
35437,0.0,0.0,0.0,1000.0,0,0,0.1807,-0.40199999999999997,-0.34199999999999997
35438,0.0,0.0,0.0,1000.0,0,0,0.20070000000000002,-0.40199999999999997,-0.34199999999999997
35439,0.0,0.0,0.0,1000.0,0,0,0.2207,-0.40199999999999997,-0.34199999999999997
35440,0.0,0.0,0.0,1000.0,0,0,0.24070000000000003,-0.40199999999999997,-0.34199999999999997
35441,0.0,0.0,0.0,1000.0,0,0,0.26070000000000004,-0.40199999999999997,-0.34199999999999997
35442,0.0,0.0,0.0,1000.0,0,0,0.2807,-0.40199999999999997,-0.34199999999999997
35443,0.0,0.0,0.0,1000.0,0,0,0.3007,-0.40199999999999997,-0.34199999999999997
35444,0.0,0.0,0.0,1000.0,0,0,0.3207,-0.40199999999999997,-0.34199999999999997
35445,0.0,0.0,0.0,1000.0,0,0,0.3407,-0.40199999999999997,-0.34199999999999997
35446,0.0,0.0,0.0,1000.0,0,0,0.3607,-0.40199999999999997,-0.34199999999999997
35447,0.0,0.0,0.0,1000.0,0,0,0.38070000000000004,-0.40199999999999997,-0.34199999999999997
35448,0.0,0.0,0.0,1000.0,0,0,0.4007,-0.40199999999999997,-0.34199999999999997
35449,0.0,0.0,0.0,1000.0,0,0,0.4207,-0.40199999999999997,-0.34199999999999997
35450,0.0,0.0,0.0,1000.0,0,0,0.44070000000000004,-0.40199999999999997,-0.34199999999999997
35451,0.0,0.0,0.0,1000.0,0,0,0.4607,-0.40199999999999997,-0.34199999999999997
35452,0.0,0.0,0.0,1000.0,0,0,0.4807,-0.40199999999999997,-0.34199999999999997
35453,0.0,0.0,0.0,1000.0,0,0,0.1607,-0.382,-0.34199999999999997
35454,0.0,0.0,0.0,1000.0,0,0,0.1807,-0.382,-0.34199999999999997
35455,0.0,0.0,0.0,1000.0,0,0,0.20070000000000002,-0.382,-0.34199999999999997
35456,0.0,0.0,0.0,1000.0,0,0,0.2207,-0.382,-0.34199999999999997
35457,0.0,0.0,0.0,1000.0,0,0,0.24070000000000003,-0.382,-0.34199999999999997
35458,0.0,0.0,0.0,1000.0,0,0,0.26070000000000004,-0.382,-0.34199999999999997
35459,0.0,0.0,0.0,1000.0,0,0,0.2807,-0.382,-0.34199999999999997
35460,0.0,0.0,0.0,1000.0,0,0,0.3007,-0.382,-0.34199999999999997
35461,0.0,0.0,0.0,1000.0,0,0,0.3207,-0.382,-0.34199999999999997
35462,0.0,0.0,0.0,1000.0,0,0,0.3407,-0.382,-0.34199999999999997
35463,0.0,0.0,0.0,1000.0,0,0,0.3607,-0.382,-0.34199999999999997
35464,0.0,0.0,0.0,1000.0,0,0,0.38070000000000004,-0.382,-0.34199999999999997
35465,0.0,0.0,0.0,1000.0,0,0,0.4007,-0.382,-0.34199999999999997
35466,0.0,0.0,0.0,1000.0,0,0,0.4207,-0.382,-0.34199999999999997
35467,0.0,0.0,0.0,1000.0,0,0,0.44070000000000004,-0.382,-0.34199999999999997
35468,0.0,0.0,0.0,1000.0,0,0,0.4607,-0.382,-0.34199999999999997
35469,0.0,0.0,0.0,1000.0,0,0,0.4807,-0.382,-0.34199999999999997
35470,0.0,0.0,0.0,1000.0,0,0,0.1607,-0.362,-0.34199999999999997
35471,0.0,0.0,0.0,1000.0,0,0,0.1807,-0.362,-0.34199999999999997
35472,0.0,0.0,0.0,1000.0,0,0,0.20070000000000002,-0.362,-0.34199999999999997
35473,0.0,0.0,0.0,1000.0,0,0,0.2207,-0.362,-0.34199999999999997
35474,0.0,0.0,0.0,1000.0,0,0,0.24070000000000003,-0.362,-0.34199999999999997
35475,0.0,0.0,0.0,1000.0,0,0,0.26070000000000004,-0.362,-0.34199999999999997
35476,0.0,0.0,0.0,1000.0,0,0,0.2807,-0.362,-0.34199999999999997
35477,0.0,0.0,0.0,1000.0,0,0,0.3007,-0.362,-0.34199999999999997
35478,0.0,0.0,0.0,1000.0,0,0,0.3207,-0.362,-0.34199999999999997
35479,0.0,0.0,0.0,1000.0,0,0,0.3407,-0.362,-0.34199999999999997
35480,0.0,0.0,0.0,1000.0,0,0,0.3607,-0.362,-0.34199999999999997
35481,0.0,0.0,0.0,1000.0,0,0,0.38070000000000004,-0.362,-0.34199999999999997
35482,0.0,0.0,0.0,1000.0,0,0,0.4007,-0.362,-0.34199999999999997
35483,0.0,0.0,0.0,1000.0,0,0,0.4207,-0.362,-0.34199999999999997
35484,0.0,0.0,0.0,1000.0,0,0,0.44070000000000004,-0.362,-0.34199999999999997
35485,0.0,0.0,0.0,1000.0,0,0,0.4607,-0.362,-0.34199999999999997
35486,0.0,0.0,0.0,1000.0,0,0,0.4807,-0.362,-0.34199999999999997
35487,0.0,0.0,0.0,1000.0,0,0,0.1607,-0.34199999999999997,-0.34199999999999997
35488,0.0,0.0,0.0,1000.0,0,0,0.1807,-0.34199999999999997,-0.34199999999999997
35489,0.0,0.0,0.0,1000.0,0,0,0.20070000000000002,-0.34199999999999997,-0.34199999999999997
35490,0.0,0.0,0.0,1000.0,0,0,0.2207,-0.34199999999999997,-0.34199999999999997
35491,0.0,0.0,0.0,1000.0,0,0,0.24070000000000003,-0.34199999999999997,-0.34199999999999997
35492,0.0,0.0,0.0,1000.0,0,0,0.26070000000000004,-0.34199999999999997,-0.34199999999999997
35493,0.0,0.0,0.0,1000.0,0,0,0.2807,-0.34199999999999997,-0.34199999999999997
35494,0.0,0.0,0.0,1000.0,0,0,0.3007,-0.34199999999999997,-0.34199999999999997
35495,0.0,0.0,0.0,1000.0,0,0,0.3207,-0.34199999999999997,-0.34199999999999997
35496,0.0,0.0,0.0,1000.0,0,0,0.3407,-0.34199999999999997,-0.34199999999999997
35497,0.0,0.0,0.0,1000.0,0,0,0.3607,-0.34199999999999997,-0.34199999999999997
35498,0.0,0.0,0.0,1000.0,0,0,0.38070000000000004,-0.34199999999999997,-0.34199999999999997
35499,0.0,0.0,0.0,1000.0,0,0,0.4007,-0.34199999999999997,-0.34199999999999997
35500,0.0,0.0,0.0,1000.0,0,0,0.4207,-0.34199999999999997,-0.34199999999999997
35501,0.0,0.0,0.0,1000.0,0,0,0.44070000000000004,-0.34199999999999997,-0.34199999999999997
35502,0.0,0.0,0.0,1000.0,0,0,0.4607,-0.34199999999999997,-0.34199999999999997
35503,0.0,0.0,0.0,1000.0,0,0,0.4807,-0.34199999999999997,-0.34199999999999997
35504,0.0,0.0,0.0,1000.0,0,0,0.1607,-0.32199999999999995,-0.34199999999999997
35505,0.0,0.0,0.0,1000.0,0,0,0.1807,-0.32199999999999995,-0.34199999999999997
35506,0.0,0.0,0.0,1000.0,0,0,0.20070000000000002,-0.32199999999999995,-0.34199999999999997
35507,0.0,0.0,0.0,1000.0,0,0,0.2207,-0.32199999999999995,-0.34199999999999997
35508,0.0,0.0,0.0,1000.0,0,0,0.24070000000000003,-0.32199999999999995,-0.34199999999999997
35509,0.0,0.0,0.0,1000.0,0,0,0.26070000000000004,-0.32199999999999995,-0.34199999999999997
35510,0.0,0.0,0.0,1000.0,0,0,0.2807,-0.32199999999999995,-0.34199999999999997
35511,0.0,0.0,0.0,1000.0,0,0,0.3007,-0.32199999999999995,-0.34199999999999997
35512,0.0,0.0,0.0,1000.0,0,0,0.3207,-0.32199999999999995,-0.34199999999999997
35513,0.0,0.0,0.0,1000.0,0,0,0.3407,-0.32199999999999995,-0.34199999999999997
35514,0.0,0.0,0.0,1000.0,0,0,0.3607,-0.32199999999999995,-0.34199999999999997
35515,0.0,0.0,0.0,1000.0,0,0,0.38070000000000004,-0.32199999999999995,-0.34199999999999997
35516,0.0,0.0,0.0,1000.0,0,0,0.4007,-0.32199999999999995,-0.34199999999999997
35517,0.0,0.0,0.0,1000.0,0,0,0.4207,-0.32199999999999995,-0.34199999999999997
35518,0.0,0.0,0.0,1000.0,0,0,0.44070000000000004,-0.32199999999999995,-0.34199999999999997
35519,0.0,0.0,0.0,1000.0,0,0,0.4607,-0.32199999999999995,-0.34199999999999997
35520,0.0,0.0,0.0,1000.0,0,0,0.4807,-0.32199999999999995,-0.34199999999999997
35521,0.0,0.0,0.0,1000.0,0,0,0.1607,-0.302,-0.34199999999999997
35522,0.0,0.0,0.0,1000.0,0,0,0.1807,-0.302,-0.34199999999999997
35523,0.0,0.0,0.0,1000.0,0,0,0.20070000000000002,-0.302,-0.34199999999999997
35524,0.0,0.0,0.0,1000.0,0,0,0.2207,-0.302,-0.34199999999999997
35525,0.0,0.0,0.0,1000.0,0,0,0.24070000000000003,-0.302,-0.34199999999999997
35526,0.0,0.0,0.0,1000.0,0,0,0.26070000000000004,-0.302,-0.34199999999999997
35527,0.0,0.0,0.0,1000.0,0,0,0.2807,-0.302,-0.34199999999999997
35528,0.0,0.0,0.0,1000.0,0,0,0.3007,-0.302,-0.34199999999999997
35529,0.0,0.0,0.0,1000.0,0,0,0.3207,-0.302,-0.34199999999999997
35530,0.0,0.0,0.0,1000.0,0,0,0.3407,-0.302,-0.34199999999999997
35531,0.0,0.0,0.0,1000.0,0,0,0.3607,-0.302,-0.34199999999999997
35532,0.0,0.0,0.0,1000.0,0,0,0.38070000000000004,-0.302,-0.34199999999999997
35533,0.0,0.0,0.0,1000.0,0,0,0.4007,-0.302,-0.34199999999999997
35534,0.0,0.0,0.0,1000.0,0,0,0.4207,-0.302,-0.34199999999999997
35535,0.0,0.0,0.0,1000.0,0,0,0.44070000000000004,-0.302,-0.34199999999999997
35536,0.0,0.0,0.0,1000.0,0,0,0.4607,-0.302,-0.34199999999999997
35537,0.0,0.0,0.0,1000.0,0,0,0.4807,-0.302,-0.34199999999999997
35538,0.0,0.0,0.0,1000.0,0,0,0.1607,-0.282,-0.34199999999999997
35539,0.0,0.0,0.0,1000.0,0,0,0.1807,-0.282,-0.34199999999999997
35540,0.0,0.0,0.0,1000.0,0,0,0.20070000000000002,-0.282,-0.34199999999999997
35541,0.0,0.0,0.0,1000.0,0,0,0.2207,-0.282,-0.34199999999999997
35542,0.0,0.0,0.0,1000.0,0,0,0.24070000000000003,-0.282,-0.34199999999999997
35543,0.0,0.0,0.0,1000.0,0,0,0.26070000000000004,-0.282,-0.34199999999999997
35544,0.0,0.0,0.0,1000.0,0,0,0.2807,-0.282,-0.34199999999999997
35545,0.0,0.0,0.0,1000.0,0,0,0.3007,-0.282,-0.34199999999999997
35546,0.0,0.0,0.0,1000.0,0,0,0.3207,-0.282,-0.34199999999999997
35547,0.0,0.0,0.0,1000.0,0,0,0.3407,-0.282,-0.34199999999999997
35548,0.0,0.0,0.0,1000.0,0,0,0.3607,-0.282,-0.34199999999999997
35549,0.0,0.0,0.0,1000.0,0,0,0.38070000000000004,-0.282,-0.34199999999999997
35550,0.0,0.0,0.0,1000.0,0,0,0.4007,-0.282,-0.34199999999999997
35551,0.0,0.0,0.0,1000.0,0,0,0.4207,-0.282,-0.34199999999999997
35552,0.0,0.0,0.0,1000.0,0,0,0.44070000000000004,-0.282,-0.34199999999999997
35553,0.0,0.0,0.0,1000.0,0,0,0.4607,-0.282,-0.34199999999999997
35554,0.0,0.0,0.0,1000.0,0,0,0.4807,-0.282,-0.34199999999999997
35555,0.0,0.0,0.0,1000.0,0,0,0.1607,-0.262,-0.34199999999999997
35556,0.0,0.0,0.0,1000.0,0,0,0.1807,-0.262,-0.34199999999999997
35557,0.0,0.0,0.0,1000.0,0,0,0.20070000000000002,-0.262,-0.34199999999999997
35558,0.0,0.0,0.0,1000.0,0,0,0.2207,-0.262,-0.34199999999999997
35559,0.0,0.0,0.0,1000.0,0,0,0.24070000000000003,-0.262,-0.34199999999999997
35560,0.0,0.0,0.0,1000.0,0,0,0.26070000000000004,-0.262,-0.34199999999999997
35561,0.0,0.0,0.0,1000.0,0,0,0.2807,-0.262,-0.34199999999999997
35562,0.0,0.0,0.0,1000.0,0,0,0.3007,-0.262,-0.34199999999999997
35563,0.0,0.0,0.0,1000.0,0,0,0.3207,-0.262,-0.34199999999999997
35564,0.0,0.0,0.0,1000.0,0,0,0.3407,-0.262,-0.34199999999999997
35565,0.0,0.0,0.0,1000.0,0,0,0.3607,-0.262,-0.34199999999999997
35566,0.0,0.0,0.0,1000.0,0,0,0.38070000000000004,-0.262,-0.34199999999999997
35567,0.0,0.0,0.0,1000.0,0,0,0.4007,-0.262,-0.34199999999999997
35568,0.0,0.0,0.0,1000.0,0,0,0.4207,-0.262,-0.34199999999999997
35569,0.0,0.0,0.0,1000.0,0,0,0.44070000000000004,-0.262,-0.34199999999999997
35570,0.0,0.0,0.0,1000.0,0,0,0.4607,-0.262,-0.34199999999999997
35571,0.0,0.0,0.0,1000.0,0,0,0.4807,-0.262,-0.34199999999999997
35572,0.0,0.0,0.0,1000.0,0,0,0.1607,-0.242,-0.34199999999999997
35573,0.0,0.0,0.0,1000.0,0,0,0.1807,-0.242,-0.34199999999999997
35574,0.0,0.0,0.0,1000.0,0,0,0.20070000000000002,-0.242,-0.34199999999999997
35575,0.0,0.0,0.0,1000.0,0,0,0.2207,-0.242,-0.34199999999999997
35576,0.0,0.0,0.0,1000.0,0,0,0.24070000000000003,-0.242,-0.34199999999999997
35577,0.0,0.0,0.0,1000.0,0,0,0.26070000000000004,-0.242,-0.34199999999999997
35578,0.0,0.0,0.0,1000.0,0,0,0.2807,-0.242,-0.34199999999999997
35579,0.0,0.0,0.0,1000.0,0,0,0.3007,-0.242,-0.34199999999999997
35580,0.0,0.0,0.0,1000.0,0,0,0.3207,-0.242,-0.34199999999999997
35581,0.0,0.0,0.0,1000.0,0,0,0.3407,-0.242,-0.34199999999999997
35582,0.0,0.0,0.0,1000.0,0,0,0.3607,-0.242,-0.34199999999999997
35583,0.0,0.0,0.0,1000.0,0,0,0.38070000000000004,-0.242,-0.34199999999999997
35584,0.0,0.0,0.0,1000.0,0,0,0.4007,-0.242,-0.34199999999999997
35585,0.0,0.0,0.0,1000.0,0,0,0.4207,-0.242,-0.34199999999999997
35586,0.0,0.0,0.0,1000.0,0,0,0.44070000000000004,-0.242,-0.34199999999999997
35587,0.0,0.0,0.0,1000.0,0,0,0.4607,-0.242,-0.34199999999999997
35588,0.0,0.0,0.0,1000.0,0,0,0.4807,-0.242,-0.34199999999999997
35589,0.0,0.0,0.0,1000.0,0,0,0.1607,-0.22199999999999998,-0.34199999999999997
35590,0.0,0.0,0.0,1000.0,0,0,0.1807,-0.22199999999999998,-0.34199999999999997
35591,0.0,0.0,0.0,1000.0,0,0,0.20070000000000002,-0.22199999999999998,-0.34199999999999997
35592,0.0,0.0,0.0,1000.0,0,0,0.2207,-0.22199999999999998,-0.34199999999999997
35593,0.0,0.0,0.0,1000.0,0,0,0.24070000000000003,-0.22199999999999998,-0.34199999999999997
35594,0.0,0.0,0.0,1000.0,0,0,0.26070000000000004,-0.22199999999999998,-0.34199999999999997
35595,0.0,0.0,0.0,1000.0,0,0,0.2807,-0.22199999999999998,-0.34199999999999997
35596,0.0,0.0,0.0,1000.0,0,0,0.3007,-0.22199999999999998,-0.34199999999999997
35597,0.0,0.0,0.0,1000.0,0,0,0.3207,-0.22199999999999998,-0.34199999999999997
35598,0.0,0.0,0.0,1000.0,0,0,0.3407,-0.22199999999999998,-0.34199999999999997
35599,0.0,0.0,0.0,1000.0,0,0,0.3607,-0.22199999999999998,-0.34199999999999997
35600,0.0,0.0,0.0,1000.0,0,0,0.38070000000000004,-0.22199999999999998,-0.34199999999999997
35601,0.0,0.0,0.0,1000.0,0,0,0.4007,-0.22199999999999998,-0.34199999999999997
35602,0.0,0.0,0.0,1000.0,0,0,0.4207,-0.22199999999999998,-0.34199999999999997
35603,0.0,0.0,0.0,1000.0,0,0,0.44070000000000004,-0.22199999999999998,-0.34199999999999997
35604,0.0,0.0,0.0,1000.0,0,0,0.4607,-0.22199999999999998,-0.34199999999999997
35605,0.0,0.0,0.0,1000.0,0,0,0.4807,-0.22199999999999998,-0.34199999999999997
35606,0.0,0.0,0.0,1000.0,0,0,0.1607,-0.20199999999999996,-0.34199999999999997
35607,0.0,0.0,0.0,1000.0,0,0,0.1807,-0.20199999999999996,-0.34199999999999997
35608,0.0,0.0,0.0,1000.0,0,0,0.20070000000000002,-0.20199999999999996,-0.34199999999999997
35609,0.0,0.0,0.0,1000.0,0,0,0.2207,-0.20199999999999996,-0.34199999999999997
35610,0.0,0.0,0.0,1000.0,0,0,0.24070000000000003,-0.20199999999999996,-0.34199999999999997
35611,0.0,0.0,0.0,1000.0,0,0,0.26070000000000004,-0.20199999999999996,-0.34199999999999997
35612,0.0,0.0,0.0,1000.0,0,0,0.2807,-0.20199999999999996,-0.34199999999999997
35613,0.0,0.0,0.0,1000.0,0,0,0.3007,-0.20199999999999996,-0.34199999999999997
35614,0.0,0.0,0.0,1000.0,0,0,0.3207,-0.20199999999999996,-0.34199999999999997
35615,0.0,0.0,0.0,1000.0,0,0,0.3407,-0.20199999999999996,-0.34199999999999997
35616,0.0,0.0,0.0,1000.0,0,0,0.3607,-0.20199999999999996,-0.34199999999999997
35617,0.0,0.0,0.0,1000.0,0,0,0.38070000000000004,-0.20199999999999996,-0.34199999999999997
35618,0.0,0.0,0.0,1000.0,0,0,0.4007,-0.20199999999999996,-0.34199999999999997
35619,0.0,0.0,0.0,1000.0,0,0,0.4207,-0.20199999999999996,-0.34199999999999997
35620,0.0,0.0,0.0,1000.0,0,0,0.44070000000000004,-0.20199999999999996,-0.34199999999999997
35621,0.0,0.0,0.0,1000.0,0,0,0.4607,-0.20199999999999996,-0.34199999999999997
35622,0.0,0.0,0.0,1000.0,0,0,0.4807,-0.20199999999999996,-0.34199999999999997
35623,0.0,0.0,0.0,1000.0,0,0,0.1607,-0.182,-0.34199999999999997
35624,0.0,0.0,0.0,1000.0,0,0,0.1807,-0.182,-0.34199999999999997
35625,0.0,0.0,0.0,1000.0,0,0,0.20070000000000002,-0.182,-0.34199999999999997
35626,0.0,0.0,0.0,1000.0,0,0,0.2207,-0.182,-0.34199999999999997
35627,0.0,0.0,0.0,1000.0,0,0,0.24070000000000003,-0.182,-0.34199999999999997
35628,0.0,0.0,0.0,1000.0,0,0,0.26070000000000004,-0.182,-0.34199999999999997
35629,0.0,0.0,0.0,1000.0,0,0,0.2807,-0.182,-0.34199999999999997
35630,0.0,0.0,0.0,1000.0,0,0,0.3007,-0.182,-0.34199999999999997
35631,0.0,0.0,0.0,1000.0,0,0,0.3207,-0.182,-0.34199999999999997
35632,0.0,0.0,0.0,1000.0,0,0,0.3407,-0.182,-0.34199999999999997
35633,0.0,0.0,0.0,1000.0,0,0,0.3607,-0.182,-0.34199999999999997
35634,0.0,0.0,0.0,1000.0,0,0,0.38070000000000004,-0.182,-0.34199999999999997
35635,0.0,0.0,0.0,1000.0,0,0,0.4007,-0.182,-0.34199999999999997
35636,0.0,0.0,0.0,1000.0,0,0,0.4207,-0.182,-0.34199999999999997
35637,0.0,0.0,0.0,1000.0,0,0,0.44070000000000004,-0.182,-0.34199999999999997
35638,0.0,0.0,0.0,1000.0,0,0,0.4607,-0.182,-0.34199999999999997
35639,0.0,0.0,0.0,1000.0,0,0,0.4807,-0.182,-0.34199999999999997
35640,0.0,0.0,0.0,1000.0,0,0,0.1607,-0.16199999999999998,-0.34199999999999997
35641,0.0,0.0,0.0,1000.0,0,0,0.1807,-0.16199999999999998,-0.34199999999999997
35642,0.0,0.0,0.0,1000.0,0,0,0.20070000000000002,-0.16199999999999998,-0.34199999999999997
35643,0.0,0.0,0.0,1000.0,0,0,0.2207,-0.16199999999999998,-0.34199999999999997
35644,0.0,0.0,0.0,1000.0,0,0,0.24070000000000003,-0.16199999999999998,-0.34199999999999997
35645,0.0,0.0,0.0,1000.0,0,0,0.26070000000000004,-0.16199999999999998,-0.34199999999999997
35646,0.0,0.0,0.0,1000.0,0,0,0.2807,-0.16199999999999998,-0.34199999999999997
35647,0.0,0.0,0.0,1000.0,0,0,0.3007,-0.16199999999999998,-0.34199999999999997
35648,0.0,0.0,0.0,1000.0,0,0,0.3207,-0.16199999999999998,-0.34199999999999997
35649,0.0,0.0,0.0,1000.0,0,0,0.3407,-0.16199999999999998,-0.34199999999999997
35650,0.0,0.0,0.0,1000.0,0,0,0.3607,-0.16199999999999998,-0.34199999999999997
35651,0.0,0.0,0.0,1000.0,0,0,0.38070000000000004,-0.16199999999999998,-0.34199999999999997
35652,0.0,0.0,0.0,1000.0,0,0,0.4007,-0.16199999999999998,-0.34199999999999997
35653,0.0,0.0,0.0,1000.0,0,0,0.4207,-0.16199999999999998,-0.34199999999999997
35654,0.0,0.0,0.0,1000.0,0,0,0.44070000000000004,-0.16199999999999998,-0.34199999999999997
35655,0.0,0.0,0.0,1000.0,0,0,0.4607,-0.16199999999999998,-0.34199999999999997
35656,0.0,0.0,0.0,1000.0,0,0,0.4807,-0.16199999999999998,-0.34199999999999997
35657,0.0,0.0,0.0,1000.0,0,0,0.1607,-0.14199999999999996,-0.34199999999999997
35658,0.0,0.0,0.0,1000.0,0,0,0.1807,-0.14199999999999996,-0.34199999999999997
35659,0.0,0.0,0.0,1000.0,0,0,0.20070000000000002,-0.14199999999999996,-0.34199999999999997
35660,0.0,0.0,0.0,1000.0,0,0,0.2207,-0.14199999999999996,-0.34199999999999997
35661,0.0,0.0,0.0,1000.0,0,0,0.24070000000000003,-0.14199999999999996,-0.34199999999999997
35662,0.0,0.0,0.0,1000.0,0,0,0.26070000000000004,-0.14199999999999996,-0.34199999999999997
35663,0.0,0.0,0.0,1000.0,0,0,0.2807,-0.14199999999999996,-0.34199999999999997
35664,0.0,0.0,0.0,1000.0,0,0,0.3007,-0.14199999999999996,-0.34199999999999997
35665,0.0,0.0,0.0,1000.0,0,0,0.3207,-0.14199999999999996,-0.34199999999999997
35666,0.0,0.0,0.0,1000.0,0,0,0.3407,-0.14199999999999996,-0.34199999999999997
35667,0.0,0.0,0.0,1000.0,0,0,0.3607,-0.14199999999999996,-0.34199999999999997
35668,0.0,0.0,0.0,1000.0,0,0,0.38070000000000004,-0.14199999999999996,-0.34199999999999997
35669,0.0,0.0,0.0,1000.0,0,0,0.4007,-0.14199999999999996,-0.34199999999999997
35670,0.0,0.0,0.0,1000.0,0,0,0.4207,-0.14199999999999996,-0.34199999999999997
35671,0.0,0.0,0.0,1000.0,0,0,0.44070000000000004,-0.14199999999999996,-0.34199999999999997
35672,0.0,0.0,0.0,1000.0,0,0,0.4607,-0.14199999999999996,-0.34199999999999997
35673,0.0,0.0,0.0,1000.0,0,0,0.4807,-0.14199999999999996,-0.34199999999999997
35674,0.0,0.0,0.0,1000.0,0,0,0.1607,-0.122,-0.34199999999999997
35675,0.0,0.0,0.0,1000.0,0,0,0.1807,-0.122,-0.34199999999999997
35676,0.0,0.0,0.0,1000.0,0,0,0.20070000000000002,-0.122,-0.34199999999999997
35677,0.0,0.0,0.0,1000.0,0,0,0.2207,-0.122,-0.34199999999999997
35678,0.0,0.0,0.0,1000.0,0,0,0.24070000000000003,-0.122,-0.34199999999999997
35679,0.0,0.0,0.0,1000.0,0,0,0.26070000000000004,-0.122,-0.34199999999999997
35680,0.0,0.0,0.0,1000.0,0,0,0.2807,-0.122,-0.34199999999999997
35681,0.0,0.0,0.0,1000.0,0,0,0.3007,-0.122,-0.34199999999999997
35682,0.0,0.0,0.0,1000.0,0,0,0.3207,-0.122,-0.34199999999999997
35683,0.0,0.0,0.0,1000.0,0,0,0.3407,-0.122,-0.34199999999999997
35684,0.0,0.0,0.0,1000.0,0,0,0.3607,-0.122,-0.34199999999999997
35685,0.0,0.0,0.0,1000.0,0,0,0.38070000000000004,-0.122,-0.34199999999999997
35686,0.0,0.0,0.0,1000.0,0,0,0.4007,-0.122,-0.34199999999999997
35687,0.0,0.0,0.0,1000.0,0,0,0.4207,-0.122,-0.34199999999999997
35688,0.0,0.0,0.0,1000.0,0,0,0.44070000000000004,-0.122,-0.34199999999999997
35689,0.0,0.0,0.0,1000.0,0,0,0.4607,-0.122,-0.34199999999999997
35690,0.0,0.0,0.0,1000.0,0,0,0.4807,-0.122,-0.34199999999999997
35691,0.0,0.0,0.0,1000.0,0,0,0.1607,-0.10199999999999998,-0.34199999999999997
35692,0.0,0.0,0.0,1000.0,0,0,0.1807,-0.10199999999999998,-0.34199999999999997
35693,0.0,0.0,0.0,1000.0,0,0,0.20070000000000002,-0.10199999999999998,-0.34199999999999997
35694,0.0,0.0,0.0,1000.0,0,0,0.2207,-0.10199999999999998,-0.34199999999999997
35695,0.0,0.0,0.0,1000.0,0,0,0.24070000000000003,-0.10199999999999998,-0.34199999999999997
35696,0.0,0.0,0.0,1000.0,0,0,0.26070000000000004,-0.10199999999999998,-0.34199999999999997
35697,0.0,0.0,0.0,1000.0,0,0,0.2807,-0.10199999999999998,-0.34199999999999997
35698,0.0,0.0,0.0,1000.0,0,0,0.3007,-0.10199999999999998,-0.34199999999999997
35699,0.0,0.0,0.0,1000.0,0,0,0.3207,-0.10199999999999998,-0.34199999999999997
35700,0.0,0.0,0.0,1000.0,0,0,0.3407,-0.10199999999999998,-0.34199999999999997
35701,0.0,0.0,0.0,1000.0,0,0,0.3607,-0.10199999999999998,-0.34199999999999997
35702,0.0,0.0,0.0,1000.0,0,0,0.38070000000000004,-0.10199999999999998,-0.34199999999999997
35703,0.0,0.0,0.0,1000.0,0,0,0.4007,-0.10199999999999998,-0.34199999999999997
35704,0.0,0.0,0.0,1000.0,0,0,0.4207,-0.10199999999999998,-0.34199999999999997
35705,0.0,0.0,0.0,1000.0,0,0,0.44070000000000004,-0.10199999999999998,-0.34199999999999997
35706,0.0,0.0,0.0,1000.0,0,0,0.4607,-0.10199999999999998,-0.34199999999999997
35707,0.0,0.0,0.0,1000.0,0,0,0.4807,-0.10199999999999998,-0.34199999999999997
35708,0.0,0.0,0.0,1000.0,0,0,0.1607,-0.08199999999999996,-0.34199999999999997
35709,0.0,0.0,0.0,1000.0,0,0,0.1807,-0.08199999999999996,-0.34199999999999997
35710,0.0,0.0,0.0,1000.0,0,0,0.20070000000000002,-0.08199999999999996,-0.34199999999999997
35711,0.0,0.0,0.0,1000.0,0,0,0.2207,-0.08199999999999996,-0.34199999999999997
35712,0.0,0.0,0.0,1000.0,0,0,0.24070000000000003,-0.08199999999999996,-0.34199999999999997
35713,0.0,0.0,0.0,1000.0,0,0,0.26070000000000004,-0.08199999999999996,-0.34199999999999997
35714,0.0,0.0,0.0,1000.0,0,0,0.2807,-0.08199999999999996,-0.34199999999999997
35715,0.0,0.0,0.0,1000.0,0,0,0.3007,-0.08199999999999996,-0.34199999999999997
35716,0.0,0.0,0.0,1000.0,0,0,0.3207,-0.08199999999999996,-0.34199999999999997
35717,0.0,0.0,0.0,1000.0,0,0,0.3407,-0.08199999999999996,-0.34199999999999997
35718,0.0,0.0,0.0,1000.0,0,0,0.3607,-0.08199999999999996,-0.34199999999999997
35719,0.0,0.0,0.0,1000.0,0,0,0.38070000000000004,-0.08199999999999996,-0.34199999999999997
35720,0.0,0.0,0.0,1000.0,0,0,0.4007,-0.08199999999999996,-0.34199999999999997
35721,0.0,0.0,0.0,1000.0,0,0,0.4207,-0.08199999999999996,-0.34199999999999997
35722,0.0,0.0,0.0,1000.0,0,0,0.44070000000000004,-0.08199999999999996,-0.34199999999999997
35723,0.0,0.0,0.0,1000.0,0,0,0.4607,-0.08199999999999996,-0.34199999999999997
35724,0.0,0.0,0.0,1000.0,0,0,0.4807,-0.08199999999999996,-0.34199999999999997
35725,0.0,0.0,0.0,1000.0,0,0,0.1607,-0.062,-0.34199999999999997
35726,0.0,0.0,0.0,1000.0,0,0,0.1807,-0.062,-0.34199999999999997
35727,0.0,0.0,0.0,1000.0,0,0,0.20070000000000002,-0.062,-0.34199999999999997
35728,0.0,0.0,0.0,1000.0,0,0,0.2207,-0.062,-0.34199999999999997
35729,0.0,0.0,0.0,1000.0,0,0,0.24070000000000003,-0.062,-0.34199999999999997
35730,0.0,0.0,0.0,1000.0,0,0,0.26070000000000004,-0.062,-0.34199999999999997
35731,0.0,0.0,0.0,1000.0,0,0,0.2807,-0.062,-0.34199999999999997
35732,0.0,0.0,0.0,1000.0,0,0,0.3007,-0.062,-0.34199999999999997
35733,0.0,0.0,0.0,1000.0,0,0,0.3207,-0.062,-0.34199999999999997
35734,0.0,0.0,0.0,1000.0,0,0,0.3407,-0.062,-0.34199999999999997
35735,0.0,0.0,0.0,1000.0,0,0,0.3607,-0.062,-0.34199999999999997
35736,0.0,0.0,0.0,1000.0,0,0,0.38070000000000004,-0.062,-0.34199999999999997
35737,0.0,0.0,0.0,1000.0,0,0,0.4007,-0.062,-0.34199999999999997
35738,0.0,0.0,0.0,1000.0,0,0,0.4207,-0.062,-0.34199999999999997
35739,0.0,0.0,0.0,1000.0,0,0,0.44070000000000004,-0.062,-0.34199999999999997
35740,0.0,0.0,0.0,1000.0,0,0,0.4607,-0.062,-0.34199999999999997
35741,0.0,0.0,0.0,1000.0,0,0,0.4807,-0.062,-0.34199999999999997
35742,0.0,0.0,0.0,1000.0,0,0,0.1607,-0.04199999999999998,-0.34199999999999997
35743,0.0,0.0,0.0,1000.0,0,0,0.1807,-0.04199999999999998,-0.34199999999999997
35744,0.0,0.0,0.0,1000.0,0,0,0.20070000000000002,-0.04199999999999998,-0.34199999999999997
35745,0.0,0.0,0.0,1000.0,0,0,0.2207,-0.04199999999999998,-0.34199999999999997
35746,0.0,0.0,0.0,1000.0,0,0,0.24070000000000003,-0.04199999999999998,-0.34199999999999997
35747,0.0,0.0,0.0,1000.0,0,0,0.26070000000000004,-0.04199999999999998,-0.34199999999999997
35748,0.0,0.0,0.0,1000.0,0,0,0.2807,-0.04199999999999998,-0.34199999999999997
35749,0.0,0.0,0.0,1000.0,0,0,0.3007,-0.04199999999999998,-0.34199999999999997
35750,0.0,0.0,0.0,1000.0,0,0,0.3207,-0.04199999999999998,-0.34199999999999997
35751,0.0,0.0,0.0,1000.0,0,0,0.3407,-0.04199999999999998,-0.34199999999999997
35752,0.0,0.0,0.0,1000.0,0,0,0.3607,-0.04199999999999998,-0.34199999999999997
35753,0.0,0.0,0.0,1000.0,0,0,0.38070000000000004,-0.04199999999999998,-0.34199999999999997
35754,0.0,0.0,0.0,1000.0,0,0,0.4007,-0.04199999999999998,-0.34199999999999997
35755,0.0,0.0,0.0,1000.0,0,0,0.4207,-0.04199999999999998,-0.34199999999999997
35756,0.0,0.0,0.0,1000.0,0,0,0.44070000000000004,-0.04199999999999998,-0.34199999999999997
35757,0.0,0.0,0.0,1000.0,0,0,0.4607,-0.04199999999999998,-0.34199999999999997
35758,0.0,0.0,0.0,1000.0,0,0,0.4807,-0.04199999999999998,-0.34199999999999997
35759,0.0,0.0,0.0,1000.0,0,0,0.1607,-0.021999999999999964,-0.34199999999999997
35760,0.0,0.0,0.0,1000.0,0,0,0.1807,-0.021999999999999964,-0.34199999999999997
35761,0.0,0.0,0.0,1000.0,0,0,0.20070000000000002,-0.021999999999999964,-0.34199999999999997
35762,0.0,0.0,0.0,1000.0,0,0,0.2207,-0.021999999999999964,-0.34199999999999997
35763,0.0,0.0,0.0,1000.0,0,0,0.24070000000000003,-0.021999999999999964,-0.34199999999999997
35764,0.0,0.0,0.0,1000.0,0,0,0.26070000000000004,-0.021999999999999964,-0.34199999999999997
35765,0.0,0.0,0.0,1000.0,0,0,0.2807,-0.021999999999999964,-0.34199999999999997
35766,0.0,0.0,0.0,1000.0,0,0,0.3007,-0.021999999999999964,-0.34199999999999997
35767,0.0,0.0,0.0,1000.0,0,0,0.3207,-0.021999999999999964,-0.34199999999999997
35768,0.0,0.0,0.0,1000.0,0,0,0.3407,-0.021999999999999964,-0.34199999999999997
35769,0.0,0.0,0.0,1000.0,0,0,0.3607,-0.021999999999999964,-0.34199999999999997
35770,0.0,0.0,0.0,1000.0,0,0,0.38070000000000004,-0.021999999999999964,-0.34199999999999997
35771,0.0,0.0,0.0,1000.0,0,0,0.4007,-0.021999999999999964,-0.34199999999999997
35772,0.0,0.0,0.0,1000.0,0,0,0.4207,-0.021999999999999964,-0.34199999999999997
35773,0.0,0.0,0.0,1000.0,0,0,0.44070000000000004,-0.021999999999999964,-0.34199999999999997
35774,0.0,0.0,0.0,1000.0,0,0,0.4607,-0.021999999999999964,-0.34199999999999997
35775,0.0,0.0,0.0,1000.0,0,0,0.4807,-0.021999999999999964,-0.34199999999999997
35776,0.0,0.0,0.0,1000.0,0,0,0.1607,-0.0020000000000000018,-0.34199999999999997
35777,0.0,0.0,0.0,1000.0,0,0,0.1807,-0.0020000000000000018,-0.34199999999999997
35778,0.0,0.0,0.0,1000.0,0,0,0.20070000000000002,-0.0020000000000000018,-0.34199999999999997
35779,0.0,0.0,0.0,1000.0,0,0,0.2207,-0.0020000000000000018,-0.34199999999999997
35780,0.0,0.0,0.0,1000.0,0,0,0.24070000000000003,-0.0020000000000000018,-0.34199999999999997
35781,0.0,0.0,0.0,1000.0,0,0,0.26070000000000004,-0.0020000000000000018,-0.34199999999999997
35782,0.0,0.0,0.0,1000.0,0,0,0.2807,-0.0020000000000000018,-0.34199999999999997
35783,0.0,0.0,0.0,1000.0,0,0,0.3007,-0.0020000000000000018,-0.34199999999999997
35784,0.0,0.0,0.0,1000.0,0,0,0.3207,-0.0020000000000000018,-0.34199999999999997
35785,0.0,0.0,0.0,1000.0,0,0,0.3407,-0.0020000000000000018,-0.34199999999999997
35786,0.0,0.0,0.0,1000.0,0,0,0.3607,-0.0020000000000000018,-0.34199999999999997
35787,0.0,0.0,0.0,1000.0,0,0,0.38070000000000004,-0.0020000000000000018,-0.34199999999999997
35788,0.0,0.0,0.0,1000.0,0,0,0.4007,-0.0020000000000000018,-0.34199999999999997
35789,0.0,0.0,0.0,1000.0,0,0,0.4207,-0.0020000000000000018,-0.34199999999999997
35790,0.0,0.0,0.0,1000.0,0,0,0.44070000000000004,-0.0020000000000000018,-0.34199999999999997
35791,0.0,0.0,0.0,1000.0,0,0,0.4607,-0.0020000000000000018,-0.34199999999999997
35792,0.0,0.0,0.0,1000.0,0,0,0.4807,-0.0020000000000000018,-0.34199999999999997
35793,0.0,0.0,0.0,1000.0,0,0,0.1607,0.018000000000000016,-0.34199999999999997
35794,0.0,0.0,0.0,1000.0,0,0,0.1807,0.018000000000000016,-0.34199999999999997
35795,0.0,0.0,0.0,1000.0,0,0,0.20070000000000002,0.018000000000000016,-0.34199999999999997
35796,0.0,0.0,0.0,1000.0,0,0,0.2207,0.018000000000000016,-0.34199999999999997
35797,0.0,0.0,0.0,1000.0,0,0,0.24070000000000003,0.018000000000000016,-0.34199999999999997
35798,0.0,0.0,0.0,1000.0,0,0,0.26070000000000004,0.018000000000000016,-0.34199999999999997
35799,0.0,0.0,0.0,1000.0,0,0,0.2807,0.018000000000000016,-0.34199999999999997
35800,0.0,0.0,0.0,1000.0,0,0,0.3007,0.018000000000000016,-0.34199999999999997
35801,0.0,0.0,0.0,1000.0,0,0,0.3207,0.018000000000000016,-0.34199999999999997
35802,0.0,0.0,0.0,1000.0,0,0,0.3407,0.018000000000000016,-0.34199999999999997
35803,0.0,0.0,0.0,1000.0,0,0,0.3607,0.018000000000000016,-0.34199999999999997
35804,0.0,0.0,0.0,1000.0,0,0,0.38070000000000004,0.018000000000000016,-0.34199999999999997
35805,0.0,0.0,0.0,1000.0,0,0,0.4007,0.018000000000000016,-0.34199999999999997
35806,0.0,0.0,0.0,1000.0,0,0,0.4207,0.018000000000000016,-0.34199999999999997
35807,0.0,0.0,0.0,1000.0,0,0,0.44070000000000004,0.018000000000000016,-0.34199999999999997
35808,0.0,0.0,0.0,1000.0,0,0,0.4607,0.018000000000000016,-0.34199999999999997
35809,0.0,0.0,0.0,1000.0,0,0,0.4807,0.018000000000000016,-0.34199999999999997
35810,0.0,0.0,0.0,1000.0,0,0,0.1607,0.038000000000000034,-0.34199999999999997
35811,0.0,0.0,0.0,1000.0,0,0,0.1807,0.038000000000000034,-0.34199999999999997
35812,0.0,0.0,0.0,1000.0,0,0,0.20070000000000002,0.038000000000000034,-0.34199999999999997
35813,0.0,0.0,0.0,1000.0,0,0,0.2207,0.038000000000000034,-0.34199999999999997
35814,0.0,0.0,0.0,1000.0,0,0,0.24070000000000003,0.038000000000000034,-0.34199999999999997
35815,0.0,0.0,0.0,1000.0,0,0,0.26070000000000004,0.038000000000000034,-0.34199999999999997
35816,0.0,0.0,0.0,1000.0,0,0,0.2807,0.038000000000000034,-0.34199999999999997
35817,0.0,0.0,0.0,1000.0,0,0,0.3007,0.038000000000000034,-0.34199999999999997
35818,0.0,0.0,0.0,1000.0,0,0,0.3207,0.038000000000000034,-0.34199999999999997
35819,0.0,0.0,0.0,1000.0,0,0,0.3407,0.038000000000000034,-0.34199999999999997
35820,0.0,0.0,0.0,1000.0,0,0,0.3607,0.038000000000000034,-0.34199999999999997
35821,0.0,0.0,0.0,1000.0,0,0,0.38070000000000004,0.038000000000000034,-0.34199999999999997
35822,0.0,0.0,0.0,1000.0,0,0,0.4007,0.038000000000000034,-0.34199999999999997
35823,0.0,0.0,0.0,1000.0,0,0,0.4207,0.038000000000000034,-0.34199999999999997
35824,0.0,0.0,0.0,1000.0,0,0,0.44070000000000004,0.038000000000000034,-0.34199999999999997
35825,0.0,0.0,0.0,1000.0,0,0,0.4607,0.038000000000000034,-0.34199999999999997
35826,0.0,0.0,0.0,1000.0,0,0,0.4807,0.038000000000000034,-0.34199999999999997
35827,0.0,0.0,0.0,1000.0,0,0,0.1607,0.05800000000000005,-0.34199999999999997
35828,0.0,0.0,0.0,1000.0,0,0,0.1807,0.05800000000000005,-0.34199999999999997
35829,0.0,0.0,0.0,1000.0,0,0,0.20070000000000002,0.05800000000000005,-0.34199999999999997
35830,0.0,0.0,0.0,1000.0,0,0,0.2207,0.05800000000000005,-0.34199999999999997
35831,0.0,0.0,0.0,1000.0,0,0,0.24070000000000003,0.05800000000000005,-0.34199999999999997
35832,0.0,0.0,0.0,1000.0,0,0,0.26070000000000004,0.05800000000000005,-0.34199999999999997
35833,0.0,0.0,0.0,1000.0,0,0,0.2807,0.05800000000000005,-0.34199999999999997
35834,0.0,0.0,0.0,1000.0,0,0,0.3007,0.05800000000000005,-0.34199999999999997
35835,0.0,0.0,0.0,1000.0,0,0,0.3207,0.05800000000000005,-0.34199999999999997
35836,0.0,0.0,0.0,1000.0,0,0,0.3407,0.05800000000000005,-0.34199999999999997
35837,0.0,0.0,0.0,1000.0,0,0,0.3607,0.05800000000000005,-0.34199999999999997
35838,0.0,0.0,0.0,1000.0,0,0,0.38070000000000004,0.05800000000000005,-0.34199999999999997
35839,0.0,0.0,0.0,1000.0,0,0,0.4007,0.05800000000000005,-0.34199999999999997
35840,0.0,0.0,0.0,1000.0,0,0,0.4207,0.05800000000000005,-0.34199999999999997
35841,0.0,0.0,0.0,1000.0,0,0,0.44070000000000004,0.05800000000000005,-0.34199999999999997
35842,0.0,0.0,0.0,1000.0,0,0,0.4607,0.05800000000000005,-0.34199999999999997
35843,0.0,0.0,0.0,1000.0,0,0,0.4807,0.05800000000000005,-0.34199999999999997
35844,0.0,0.0,0.0,1000.0,0,0,0.1607,0.07800000000000007,-0.34199999999999997
35845,0.0,0.0,0.0,1000.0,0,0,0.1807,0.07800000000000007,-0.34199999999999997
35846,0.0,0.0,0.0,1000.0,0,0,0.20070000000000002,0.07800000000000007,-0.34199999999999997
35847,0.0,0.0,0.0,1000.0,0,0,0.2207,0.07800000000000007,-0.34199999999999997
35848,0.0,0.0,0.0,1000.0,0,0,0.24070000000000003,0.07800000000000007,-0.34199999999999997
35849,0.0,0.0,0.0,1000.0,0,0,0.26070000000000004,0.07800000000000007,-0.34199999999999997
35850,0.0,0.0,0.0,1000.0,0,0,0.2807,0.07800000000000007,-0.34199999999999997
35851,0.0,0.0,0.0,1000.0,0,0,0.3007,0.07800000000000007,-0.34199999999999997
35852,0.0,0.0,0.0,1000.0,0,0,0.3207,0.07800000000000007,-0.34199999999999997
35853,0.0,0.0,0.0,1000.0,0,0,0.3407,0.07800000000000007,-0.34199999999999997
35854,0.0,0.0,0.0,1000.0,0,0,0.3607,0.07800000000000007,-0.34199999999999997
35855,0.0,0.0,0.0,1000.0,0,0,0.38070000000000004,0.07800000000000007,-0.34199999999999997
35856,0.0,0.0,0.0,1000.0,0,0,0.4007,0.07800000000000007,-0.34199999999999997
35857,0.0,0.0,0.0,1000.0,0,0,0.4207,0.07800000000000007,-0.34199999999999997
35858,0.0,0.0,0.0,1000.0,0,0,0.44070000000000004,0.07800000000000007,-0.34199999999999997
35859,0.0,0.0,0.0,1000.0,0,0,0.4607,0.07800000000000007,-0.34199999999999997
35860,0.0,0.0,0.0,1000.0,0,0,0.4807,0.07800000000000007,-0.34199999999999997
35861,0.0,0.0,0.0,1000.0,0,0,0.1607,0.09799999999999998,-0.34199999999999997
35862,0.0,0.0,0.0,1000.0,0,0,0.1807,0.09799999999999998,-0.34199999999999997
35863,0.0,0.0,0.0,1000.0,0,0,0.20070000000000002,0.09799999999999998,-0.34199999999999997
35864,0.0,0.0,0.0,1000.0,0,0,0.2207,0.09799999999999998,-0.34199999999999997
35865,0.0,0.0,0.0,1000.0,0,0,0.24070000000000003,0.09799999999999998,-0.34199999999999997
35866,0.0,0.0,0.0,1000.0,0,0,0.26070000000000004,0.09799999999999998,-0.34199999999999997
35867,0.0,0.0,0.0,1000.0,0,0,0.2807,0.09799999999999998,-0.34199999999999997
35868,0.0,0.0,0.0,1000.0,0,0,0.3007,0.09799999999999998,-0.34199999999999997
35869,0.0,0.0,0.0,1000.0,0,0,0.3207,0.09799999999999998,-0.34199999999999997
35870,0.0,0.0,0.0,1000.0,0,0,0.3407,0.09799999999999998,-0.34199999999999997
35871,0.0,0.0,0.0,1000.0,0,0,0.3607,0.09799999999999998,-0.34199999999999997
35872,0.0,0.0,0.0,1000.0,0,0,0.38070000000000004,0.09799999999999998,-0.34199999999999997
35873,0.0,0.0,0.0,1000.0,0,0,0.4007,0.09799999999999998,-0.34199999999999997
35874,0.0,0.0,0.0,1000.0,0,0,0.4207,0.09799999999999998,-0.34199999999999997
35875,0.0,0.0,0.0,1000.0,0,0,0.44070000000000004,0.09799999999999998,-0.34199999999999997
35876,0.0,0.0,0.0,1000.0,0,0,0.4607,0.09799999999999998,-0.34199999999999997
35877,0.0,0.0,0.0,1000.0,0,0,0.4807,0.09799999999999998,-0.34199999999999997
35878,0.0,0.0,0.0,1000.0,0,0,0.1607,0.118,-0.34199999999999997
35879,0.0,0.0,0.0,1000.0,0,0,0.1807,0.118,-0.34199999999999997
35880,0.0,0.0,0.0,1000.0,0,0,0.20070000000000002,0.118,-0.34199999999999997
35881,0.0,0.0,0.0,1000.0,0,0,0.2207,0.118,-0.34199999999999997
35882,0.0,0.0,0.0,1000.0,0,0,0.24070000000000003,0.118,-0.34199999999999997
35883,0.0,0.0,0.0,1000.0,0,0,0.26070000000000004,0.118,-0.34199999999999997
35884,0.0,0.0,0.0,1000.0,0,0,0.2807,0.118,-0.34199999999999997
35885,0.0,0.0,0.0,1000.0,0,0,0.3007,0.118,-0.34199999999999997
35886,0.0,0.0,0.0,1000.0,0,0,0.3207,0.118,-0.34199999999999997
35887,0.0,0.0,0.0,1000.0,0,0,0.3407,0.118,-0.34199999999999997
35888,0.0,0.0,0.0,1000.0,0,0,0.3607,0.118,-0.34199999999999997
35889,0.0,0.0,0.0,1000.0,0,0,0.38070000000000004,0.118,-0.34199999999999997
35890,0.0,0.0,0.0,1000.0,0,0,0.4007,0.118,-0.34199999999999997
35891,0.0,0.0,0.0,1000.0,0,0,0.4207,0.118,-0.34199999999999997
35892,0.0,0.0,0.0,1000.0,0,0,0.44070000000000004,0.118,-0.34199999999999997
35893,0.0,0.0,0.0,1000.0,0,0,0.4607,0.118,-0.34199999999999997
35894,0.0,0.0,0.0,1000.0,0,0,0.4807,0.118,-0.34199999999999997
35895,0.0,0.0,0.0,1000.0,0,0,0.1607,0.138,-0.34199999999999997
35896,0.0,0.0,0.0,1000.0,0,0,0.1807,0.138,-0.34199999999999997
35897,0.0,0.0,0.0,1000.0,0,0,0.20070000000000002,0.138,-0.34199999999999997
35898,0.0,0.0,0.0,1000.0,0,0,0.2207,0.138,-0.34199999999999997
35899,0.0,0.0,0.0,1000.0,0,0,0.24070000000000003,0.138,-0.34199999999999997
35900,0.0,0.0,0.0,1000.0,0,0,0.26070000000000004,0.138,-0.34199999999999997
35901,0.0,0.0,0.0,1000.0,0,0,0.2807,0.138,-0.34199999999999997
35902,0.0,0.0,0.0,1000.0,0,0,0.3007,0.138,-0.34199999999999997
35903,0.0,0.0,0.0,1000.0,0,0,0.3207,0.138,-0.34199999999999997
35904,0.0,0.0,0.0,1000.0,0,0,0.3407,0.138,-0.34199999999999997
35905,0.0,0.0,0.0,1000.0,0,0,0.3607,0.138,-0.34199999999999997
35906,0.0,0.0,0.0,1000.0,0,0,0.38070000000000004,0.138,-0.34199999999999997
35907,0.0,0.0,0.0,1000.0,0,0,0.4007,0.138,-0.34199999999999997
35908,0.0,0.0,0.0,1000.0,0,0,0.4207,0.138,-0.34199999999999997
35909,0.0,0.0,0.0,1000.0,0,0,0.44070000000000004,0.138,-0.34199999999999997
35910,0.0,0.0,0.0,1000.0,0,0,0.4607,0.138,-0.34199999999999997
35911,0.0,0.0,0.0,1000.0,0,0,0.4807,0.138,-0.34199999999999997
35912,0.0,0.0,0.0,1000.0,0,0,0.1607,0.15800000000000003,-0.34199999999999997
35913,0.0,0.0,0.0,1000.0,0,0,0.1807,0.15800000000000003,-0.34199999999999997
35914,0.0,0.0,0.0,1000.0,0,0,0.20070000000000002,0.15800000000000003,-0.34199999999999997
35915,0.0,0.0,0.0,1000.0,0,0,0.2207,0.15800000000000003,-0.34199999999999997
35916,0.0,0.0,0.0,1000.0,0,0,0.24070000000000003,0.15800000000000003,-0.34199999999999997
35917,0.0,0.0,0.0,1000.0,0,0,0.26070000000000004,0.15800000000000003,-0.34199999999999997
35918,0.0,0.0,0.0,1000.0,0,0,0.2807,0.15800000000000003,-0.34199999999999997
35919,0.0,0.0,0.0,1000.0,0,0,0.3007,0.15800000000000003,-0.34199999999999997
35920,0.0,0.0,0.0,1000.0,0,0,0.3207,0.15800000000000003,-0.34199999999999997
35921,0.0,0.0,0.0,1000.0,0,0,0.3407,0.15800000000000003,-0.34199999999999997
35922,0.0,0.0,0.0,1000.0,0,0,0.3607,0.15800000000000003,-0.34199999999999997
35923,0.0,0.0,0.0,1000.0,0,0,0.38070000000000004,0.15800000000000003,-0.34199999999999997
35924,0.0,0.0,0.0,1000.0,0,0,0.4007,0.15800000000000003,-0.34199999999999997
35925,0.0,0.0,0.0,1000.0,0,0,0.4207,0.15800000000000003,-0.34199999999999997
35926,0.0,0.0,0.0,1000.0,0,0,0.44070000000000004,0.15800000000000003,-0.34199999999999997
35927,0.0,0.0,0.0,1000.0,0,0,0.4607,0.15800000000000003,-0.34199999999999997
35928,0.0,0.0,0.0,1000.0,0,0,0.4807,0.15800000000000003,-0.34199999999999997
35929,0.0,0.0,0.0,1000.0,0,0,0.1607,0.17800000000000005,-0.34199999999999997
35930,0.0,0.0,0.0,1000.0,0,0,0.1807,0.17800000000000005,-0.34199999999999997
35931,0.0,0.0,0.0,1000.0,0,0,0.20070000000000002,0.17800000000000005,-0.34199999999999997
35932,0.0,0.0,0.0,1000.0,0,0,0.2207,0.17800000000000005,-0.34199999999999997
35933,0.0,0.0,0.0,1000.0,0,0,0.24070000000000003,0.17800000000000005,-0.34199999999999997
35934,0.0,0.0,0.0,1000.0,0,0,0.26070000000000004,0.17800000000000005,-0.34199999999999997
35935,0.0,0.0,0.0,1000.0,0,0,0.2807,0.17800000000000005,-0.34199999999999997
35936,0.0,0.0,0.0,1000.0,0,0,0.3007,0.17800000000000005,-0.34199999999999997
35937,0.0,0.0,0.0,1000.0,0,0,0.3207,0.17800000000000005,-0.34199999999999997
35938,0.0,0.0,0.0,1000.0,0,0,0.3407,0.17800000000000005,-0.34199999999999997
35939,0.0,0.0,0.0,1000.0,0,0,0.3607,0.17800000000000005,-0.34199999999999997
35940,0.0,0.0,0.0,1000.0,0,0,0.38070000000000004,0.17800000000000005,-0.34199999999999997
35941,0.0,0.0,0.0,1000.0,0,0,0.4007,0.17800000000000005,-0.34199999999999997
35942,0.0,0.0,0.0,1000.0,0,0,0.4207,0.17800000000000005,-0.34199999999999997
35943,0.0,0.0,0.0,1000.0,0,0,0.44070000000000004,0.17800000000000005,-0.34199999999999997
35944,0.0,0.0,0.0,1000.0,0,0,0.4607,0.17800000000000005,-0.34199999999999997
35945,0.0,0.0,0.0,1000.0,0,0,0.4807,0.17800000000000005,-0.34199999999999997
35946,0.0,0.0,0.0,1000.0,0,0,0.1607,0.19800000000000006,-0.34199999999999997
35947,0.0,0.0,0.0,1000.0,0,0,0.1807,0.19800000000000006,-0.34199999999999997
35948,0.0,0.0,0.0,1000.0,0,0,0.20070000000000002,0.19800000000000006,-0.34199999999999997
35949,0.0,0.0,0.0,1000.0,0,0,0.2207,0.19800000000000006,-0.34199999999999997
35950,0.0,0.0,0.0,1000.0,0,0,0.24070000000000003,0.19800000000000006,-0.34199999999999997
35951,0.0,0.0,0.0,1000.0,0,0,0.26070000000000004,0.19800000000000006,-0.34199999999999997
35952,0.0,0.0,0.0,1000.0,0,0,0.2807,0.19800000000000006,-0.34199999999999997
35953,0.0,0.0,0.0,1000.0,0,0,0.3007,0.19800000000000006,-0.34199999999999997
35954,0.0,0.0,0.0,1000.0,0,0,0.3207,0.19800000000000006,-0.34199999999999997
35955,0.0,0.0,0.0,1000.0,0,0,0.3407,0.19800000000000006,-0.34199999999999997
35956,0.0,0.0,0.0,1000.0,0,0,0.3607,0.19800000000000006,-0.34199999999999997
35957,0.0,0.0,0.0,1000.0,0,0,0.38070000000000004,0.19800000000000006,-0.34199999999999997
35958,0.0,0.0,0.0,1000.0,0,0,0.4007,0.19800000000000006,-0.34199999999999997
35959,0.0,0.0,0.0,1000.0,0,0,0.4207,0.19800000000000006,-0.34199999999999997
35960,0.0,0.0,0.0,1000.0,0,0,0.44070000000000004,0.19800000000000006,-0.34199999999999997
35961,0.0,0.0,0.0,1000.0,0,0,0.4607,0.19800000000000006,-0.34199999999999997
35962,0.0,0.0,0.0,1000.0,0,0,0.4807,0.19800000000000006,-0.34199999999999997
35963,0.0,0.0,0.0,1000.0,0,0,0.1607,0.21800000000000008,-0.34199999999999997
35964,0.0,0.0,0.0,1000.0,0,0,0.1807,0.21800000000000008,-0.34199999999999997
35965,0.0,0.0,0.0,1000.0,0,0,0.20070000000000002,0.21800000000000008,-0.34199999999999997
35966,0.0,0.0,0.0,1000.0,0,0,0.2207,0.21800000000000008,-0.34199999999999997
35967,0.0,0.0,0.0,1000.0,0,0,0.24070000000000003,0.21800000000000008,-0.34199999999999997
35968,0.0,0.0,0.0,1000.0,0,0,0.26070000000000004,0.21800000000000008,-0.34199999999999997
35969,0.0,0.0,0.0,1000.0,0,0,0.2807,0.21800000000000008,-0.34199999999999997
35970,0.0,0.0,0.0,1000.0,0,0,0.3007,0.21800000000000008,-0.34199999999999997
35971,0.0,0.0,0.0,1000.0,0,0,0.3207,0.21800000000000008,-0.34199999999999997
35972,0.0,0.0,0.0,1000.0,0,0,0.3407,0.21800000000000008,-0.34199999999999997
35973,0.0,0.0,0.0,1000.0,0,0,0.3607,0.21800000000000008,-0.34199999999999997
35974,0.0,0.0,0.0,1000.0,0,0,0.38070000000000004,0.21800000000000008,-0.34199999999999997
35975,0.0,0.0,0.0,1000.0,0,0,0.4007,0.21800000000000008,-0.34199999999999997
35976,0.0,0.0,0.0,1000.0,0,0,0.4207,0.21800000000000008,-0.34199999999999997
35977,0.0,0.0,0.0,1000.0,0,0,0.44070000000000004,0.21800000000000008,-0.34199999999999997
35978,0.0,0.0,0.0,1000.0,0,0,0.4607,0.21800000000000008,-0.34199999999999997
35979,0.0,0.0,0.0,1000.0,0,0,0.4807,0.21800000000000008,-0.34199999999999997
35980,0.0,0.0,0.0,1000.0,0,0,0.1607,0.238,-0.34199999999999997
35981,0.0,0.0,0.0,1000.0,0,0,0.1807,0.238,-0.34199999999999997
35982,0.0,0.0,0.0,1000.0,0,0,0.20070000000000002,0.238,-0.34199999999999997
35983,0.0,0.0,0.0,1000.0,0,0,0.2207,0.238,-0.34199999999999997
35984,0.0,0.0,0.0,1000.0,0,0,0.24070000000000003,0.238,-0.34199999999999997
35985,0.0,0.0,0.0,1000.0,0,0,0.26070000000000004,0.238,-0.34199999999999997
35986,0.0,0.0,0.0,1000.0,0,0,0.2807,0.238,-0.34199999999999997
35987,0.0,0.0,0.0,1000.0,0,0,0.3007,0.238,-0.34199999999999997
35988,0.0,0.0,0.0,1000.0,0,0,0.3207,0.238,-0.34199999999999997
35989,0.0,0.0,0.0,1000.0,0,0,0.3407,0.238,-0.34199999999999997
35990,0.0,0.0,0.0,1000.0,0,0,0.3607,0.238,-0.34199999999999997
35991,0.0,0.0,0.0,1000.0,0,0,0.38070000000000004,0.238,-0.34199999999999997
35992,0.0,0.0,0.0,1000.0,0,0,0.4007,0.238,-0.34199999999999997
35993,0.0,0.0,0.0,1000.0,0,0,0.4207,0.238,-0.34199999999999997
35994,0.0,0.0,0.0,1000.0,0,0,0.44070000000000004,0.238,-0.34199999999999997
35995,0.0,0.0,0.0,1000.0,0,0,0.4607,0.238,-0.34199999999999997
35996,0.0,0.0,0.0,1000.0,0,0,0.4807,0.238,-0.34199999999999997
35997,0.0,0.0,0.0,1000.0,0,0,0.1607,0.258,-0.34199999999999997
35998,0.0,0.0,0.0,1000.0,0,0,0.1807,0.258,-0.34199999999999997
35999,0.0,0.0,0.0,1000.0,0,0,0.20070000000000002,0.258,-0.34199999999999997
36000,0.0,0.0,0.0,1000.0,0,0,0.2207,0.258,-0.34199999999999997
36001,0.0,0.0,0.0,1000.0,0,0,0.24070000000000003,0.258,-0.34199999999999997
36002,0.0,0.0,0.0,1000.0,0,0,0.26070000000000004,0.258,-0.34199999999999997
36003,0.0,0.0,0.0,1000.0,0,0,0.2807,0.258,-0.34199999999999997
36004,0.0,0.0,0.0,1000.0,0,0,0.3007,0.258,-0.34199999999999997
36005,0.0,0.0,0.0,1000.0,0,0,0.3207,0.258,-0.34199999999999997
36006,0.0,0.0,0.0,1000.0,0,0,0.3407,0.258,-0.34199999999999997
36007,0.0,0.0,0.0,1000.0,0,0,0.3607,0.258,-0.34199999999999997
36008,0.0,0.0,0.0,1000.0,0,0,0.38070000000000004,0.258,-0.34199999999999997
36009,0.0,0.0,0.0,1000.0,0,0,0.4007,0.258,-0.34199999999999997
36010,0.0,0.0,0.0,1000.0,0,0,0.4207,0.258,-0.34199999999999997
36011,0.0,0.0,0.0,1000.0,0,0,0.44070000000000004,0.258,-0.34199999999999997
36012,0.0,0.0,0.0,1000.0,0,0,0.4607,0.258,-0.34199999999999997
36013,0.0,0.0,0.0,1000.0,0,0,0.4807,0.258,-0.34199999999999997
36014,0.0,0.0,0.0,1000.0,0,0,0.1607,0.278,-0.34199999999999997
36015,0.0,0.0,0.0,1000.0,0,0,0.1807,0.278,-0.34199999999999997
36016,0.0,0.0,0.0,1000.0,0,0,0.20070000000000002,0.278,-0.34199999999999997
36017,0.0,0.0,0.0,1000.0,0,0,0.2207,0.278,-0.34199999999999997
36018,0.0,0.0,0.0,1000.0,0,0,0.24070000000000003,0.278,-0.34199999999999997
36019,0.0,0.0,0.0,1000.0,0,0,0.26070000000000004,0.278,-0.34199999999999997
36020,0.0,0.0,0.0,1000.0,0,0,0.2807,0.278,-0.34199999999999997
36021,0.0,0.0,0.0,1000.0,0,0,0.3007,0.278,-0.34199999999999997
36022,0.0,0.0,0.0,1000.0,0,0,0.3207,0.278,-0.34199999999999997
36023,0.0,0.0,0.0,1000.0,0,0,0.3407,0.278,-0.34199999999999997
36024,0.0,0.0,0.0,1000.0,0,0,0.3607,0.278,-0.34199999999999997
36025,0.0,0.0,0.0,1000.0,0,0,0.38070000000000004,0.278,-0.34199999999999997
36026,0.0,0.0,0.0,1000.0,0,0,0.4007,0.278,-0.34199999999999997
36027,0.0,0.0,0.0,1000.0,0,0,0.4207,0.278,-0.34199999999999997
36028,0.0,0.0,0.0,1000.0,0,0,0.44070000000000004,0.278,-0.34199999999999997
36029,0.0,0.0,0.0,1000.0,0,0,0.4607,0.278,-0.34199999999999997
36030,0.0,0.0,0.0,1000.0,0,0,0.4807,0.278,-0.34199999999999997
36031,0.0,0.0,0.0,1000.0,0,0,0.1607,0.29800000000000004,-0.34199999999999997
36032,0.0,0.0,0.0,1000.0,0,0,0.1807,0.29800000000000004,-0.34199999999999997
36033,0.0,0.0,0.0,1000.0,0,0,0.20070000000000002,0.29800000000000004,-0.34199999999999997
36034,0.0,0.0,0.0,1000.0,0,0,0.2207,0.29800000000000004,-0.34199999999999997
36035,0.0,0.0,0.0,1000.0,0,0,0.24070000000000003,0.29800000000000004,-0.34199999999999997
36036,0.0,0.0,0.0,1000.0,0,0,0.26070000000000004,0.29800000000000004,-0.34199999999999997
36037,0.0,0.0,0.0,1000.0,0,0,0.2807,0.29800000000000004,-0.34199999999999997
36038,0.0,0.0,0.0,1000.0,0,0,0.3007,0.29800000000000004,-0.34199999999999997
36039,0.0,0.0,0.0,1000.0,0,0,0.3207,0.29800000000000004,-0.34199999999999997
36040,0.0,0.0,0.0,1000.0,0,0,0.3407,0.29800000000000004,-0.34199999999999997
36041,0.0,0.0,0.0,1000.0,0,0,0.3607,0.29800000000000004,-0.34199999999999997
36042,0.0,0.0,0.0,1000.0,0,0,0.38070000000000004,0.29800000000000004,-0.34199999999999997
36043,0.0,0.0,0.0,1000.0,0,0,0.4007,0.29800000000000004,-0.34199999999999997
36044,0.0,0.0,0.0,1000.0,0,0,0.4207,0.29800000000000004,-0.34199999999999997
36045,0.0,0.0,0.0,1000.0,0,0,0.44070000000000004,0.29800000000000004,-0.34199999999999997
36046,0.0,0.0,0.0,1000.0,0,0,0.4607,0.29800000000000004,-0.34199999999999997
36047,0.0,0.0,0.0,1000.0,0,0,0.4807,0.29800000000000004,-0.34199999999999997
36048,0.0,0.0,0.0,1000.0,0,0,0.1607,0.31800000000000006,-0.34199999999999997
36049,0.0,0.0,0.0,1000.0,0,0,0.1807,0.31800000000000006,-0.34199999999999997
36050,0.0,0.0,0.0,1000.0,0,0,0.20070000000000002,0.31800000000000006,-0.34199999999999997
36051,0.0,0.0,0.0,1000.0,0,0,0.2207,0.31800000000000006,-0.34199999999999997
36052,0.0,0.0,0.0,1000.0,0,0,0.24070000000000003,0.31800000000000006,-0.34199999999999997
36053,0.0,0.0,0.0,1000.0,0,0,0.26070000000000004,0.31800000000000006,-0.34199999999999997
36054,0.0,0.0,0.0,1000.0,0,0,0.2807,0.31800000000000006,-0.34199999999999997
36055,0.0,0.0,0.0,1000.0,0,0,0.3007,0.31800000000000006,-0.34199999999999997
36056,0.0,0.0,0.0,1000.0,0,0,0.3207,0.31800000000000006,-0.34199999999999997
36057,0.0,0.0,0.0,1000.0,0,0,0.3407,0.31800000000000006,-0.34199999999999997
36058,0.0,0.0,0.0,1000.0,0,0,0.3607,0.31800000000000006,-0.34199999999999997
36059,0.0,0.0,0.0,1000.0,0,0,0.38070000000000004,0.31800000000000006,-0.34199999999999997
36060,0.0,0.0,0.0,1000.0,0,0,0.4007,0.31800000000000006,-0.34199999999999997
36061,0.0,0.0,0.0,1000.0,0,0,0.4207,0.31800000000000006,-0.34199999999999997
36062,0.0,0.0,0.0,1000.0,0,0,0.44070000000000004,0.31800000000000006,-0.34199999999999997
36063,0.0,0.0,0.0,1000.0,0,0,0.4607,0.31800000000000006,-0.34199999999999997
36064,0.0,0.0,0.0,1000.0,0,0,0.4807,0.31800000000000006,-0.34199999999999997
36065,0.0,0.0,0.0,1000.0,0,0,0.1607,0.3380000000000001,-0.34199999999999997
36066,0.0,0.0,0.0,1000.0,0,0,0.1807,0.3380000000000001,-0.34199999999999997
36067,0.0,0.0,0.0,1000.0,0,0,0.20070000000000002,0.3380000000000001,-0.34199999999999997
36068,0.0,0.0,0.0,1000.0,0,0,0.2207,0.3380000000000001,-0.34199999999999997
36069,0.0,0.0,0.0,1000.0,0,0,0.24070000000000003,0.3380000000000001,-0.34199999999999997
36070,0.0,0.0,0.0,1000.0,0,0,0.26070000000000004,0.3380000000000001,-0.34199999999999997
36071,0.0,0.0,0.0,1000.0,0,0,0.2807,0.3380000000000001,-0.34199999999999997
36072,0.0,0.0,0.0,1000.0,0,0,0.3007,0.3380000000000001,-0.34199999999999997
36073,0.0,0.0,0.0,1000.0,0,0,0.3207,0.3380000000000001,-0.34199999999999997
36074,0.0,0.0,0.0,1000.0,0,0,0.3407,0.3380000000000001,-0.34199999999999997
36075,0.0,0.0,0.0,1000.0,0,0,0.3607,0.3380000000000001,-0.34199999999999997
36076,0.0,0.0,0.0,1000.0,0,0,0.38070000000000004,0.3380000000000001,-0.34199999999999997
36077,0.0,0.0,0.0,1000.0,0,0,0.4007,0.3380000000000001,-0.34199999999999997
36078,0.0,0.0,0.0,1000.0,0,0,0.4207,0.3380000000000001,-0.34199999999999997
36079,0.0,0.0,0.0,1000.0,0,0,0.44070000000000004,0.3380000000000001,-0.34199999999999997
36080,0.0,0.0,0.0,1000.0,0,0,0.4607,0.3380000000000001,-0.34199999999999997
36081,0.0,0.0,0.0,1000.0,0,0,0.4807,0.3380000000000001,-0.34199999999999997
36082,0.0,0.0,0.0,1000.0,0,0,0.1607,0.358,-0.34199999999999997
36083,0.0,0.0,0.0,1000.0,0,0,0.1807,0.358,-0.34199999999999997
36084,0.0,0.0,0.0,1000.0,0,0,0.20070000000000002,0.358,-0.34199999999999997
36085,0.0,0.0,0.0,1000.0,0,0,0.2207,0.358,-0.34199999999999997
36086,0.0,0.0,0.0,1000.0,0,0,0.24070000000000003,0.358,-0.34199999999999997
36087,0.0,0.0,0.0,1000.0,0,0,0.26070000000000004,0.358,-0.34199999999999997
36088,0.0,0.0,0.0,1000.0,0,0,0.2807,0.358,-0.34199999999999997
36089,0.0,0.0,0.0,1000.0,0,0,0.3007,0.358,-0.34199999999999997
36090,0.0,0.0,0.0,1000.0,0,0,0.3207,0.358,-0.34199999999999997
36091,0.0,0.0,0.0,1000.0,0,0,0.3407,0.358,-0.34199999999999997
36092,0.0,0.0,0.0,1000.0,0,0,0.3607,0.358,-0.34199999999999997
36093,0.0,0.0,0.0,1000.0,0,0,0.38070000000000004,0.358,-0.34199999999999997
36094,0.0,0.0,0.0,1000.0,0,0,0.4007,0.358,-0.34199999999999997
36095,0.0,0.0,0.0,1000.0,0,0,0.4207,0.358,-0.34199999999999997
36096,0.0,0.0,0.0,1000.0,0,0,0.44070000000000004,0.358,-0.34199999999999997
36097,0.0,0.0,0.0,1000.0,0,0,0.4607,0.358,-0.34199999999999997
36098,0.0,0.0,0.0,1000.0,0,0,0.4807,0.358,-0.34199999999999997
36099,0.0,0.0,0.0,1000.0,0,0,0.1607,0.378,-0.34199999999999997
36100,0.0,0.0,0.0,1000.0,0,0,0.1807,0.378,-0.34199999999999997
36101,0.0,0.0,0.0,1000.0,0,0,0.20070000000000002,0.378,-0.34199999999999997
36102,0.0,0.0,0.0,1000.0,0,0,0.2207,0.378,-0.34199999999999997
36103,0.0,0.0,0.0,1000.0,0,0,0.24070000000000003,0.378,-0.34199999999999997
36104,0.0,0.0,0.0,1000.0,0,0,0.26070000000000004,0.378,-0.34199999999999997
36105,0.0,0.0,0.0,1000.0,0,0,0.2807,0.378,-0.34199999999999997
36106,0.0,0.0,0.0,1000.0,0,0,0.3007,0.378,-0.34199999999999997
36107,0.0,0.0,0.0,1000.0,0,0,0.3207,0.378,-0.34199999999999997
36108,0.0,0.0,0.0,1000.0,0,0,0.3407,0.378,-0.34199999999999997
36109,0.0,0.0,0.0,1000.0,0,0,0.3607,0.378,-0.34199999999999997
36110,0.0,0.0,0.0,1000.0,0,0,0.38070000000000004,0.378,-0.34199999999999997
36111,0.0,0.0,0.0,1000.0,0,0,0.4007,0.378,-0.34199999999999997
36112,0.0,0.0,0.0,1000.0,0,0,0.4207,0.378,-0.34199999999999997
36113,0.0,0.0,0.0,1000.0,0,0,0.44070000000000004,0.378,-0.34199999999999997
36114,0.0,0.0,0.0,1000.0,0,0,0.4607,0.378,-0.34199999999999997
36115,0.0,0.0,0.0,1000.0,0,0,0.4807,0.378,-0.34199999999999997
36116,0.0,0.0,0.0,1000.0,0,0,0.1607,0.398,-0.34199999999999997
36117,0.0,0.0,0.0,1000.0,0,0,0.1807,0.398,-0.34199999999999997
36118,0.0,0.0,0.0,1000.0,0,0,0.20070000000000002,0.398,-0.34199999999999997
36119,0.0,0.0,0.0,1000.0,0,0,0.2207,0.398,-0.34199999999999997
36120,0.0,0.0,0.0,1000.0,0,0,0.24070000000000003,0.398,-0.34199999999999997
36121,0.0,0.0,0.0,1000.0,0,0,0.26070000000000004,0.398,-0.34199999999999997
36122,0.0,0.0,0.0,1000.0,0,0,0.2807,0.398,-0.34199999999999997
36123,0.0,0.0,0.0,1000.0,0,0,0.3007,0.398,-0.34199999999999997
36124,0.0,0.0,0.0,1000.0,0,0,0.3207,0.398,-0.34199999999999997
36125,0.0,0.0,0.0,1000.0,0,0,0.3407,0.398,-0.34199999999999997
36126,0.0,0.0,0.0,1000.0,0,0,0.3607,0.398,-0.34199999999999997
36127,0.0,0.0,0.0,1000.0,0,0,0.38070000000000004,0.398,-0.34199999999999997
36128,0.0,0.0,0.0,1000.0,0,0,0.4007,0.398,-0.34199999999999997
36129,0.0,0.0,0.0,1000.0,0,0,0.4207,0.398,-0.34199999999999997
36130,0.0,0.0,0.0,1000.0,0,0,0.44070000000000004,0.398,-0.34199999999999997
36131,0.0,0.0,0.0,1000.0,0,0,0.4607,0.398,-0.34199999999999997
36132,0.0,0.0,0.0,1000.0,0,0,0.4807,0.398,-0.34199999999999997
36133,0.0,0.0,0.0,1000.0,0,0,0.1607,0.41800000000000004,-0.34199999999999997
36134,0.0,0.0,0.0,1000.0,0,0,0.1807,0.41800000000000004,-0.34199999999999997
36135,0.0,0.0,0.0,1000.0,0,0,0.20070000000000002,0.41800000000000004,-0.34199999999999997
36136,0.0,0.0,0.0,1000.0,0,0,0.2207,0.41800000000000004,-0.34199999999999997
36137,0.0,0.0,0.0,1000.0,0,0,0.24070000000000003,0.41800000000000004,-0.34199999999999997
36138,0.0,0.0,0.0,1000.0,0,0,0.26070000000000004,0.41800000000000004,-0.34199999999999997
36139,0.0,0.0,0.0,1000.0,0,0,0.2807,0.41800000000000004,-0.34199999999999997
36140,0.0,0.0,0.0,1000.0,0,0,0.3007,0.41800000000000004,-0.34199999999999997
36141,0.0,0.0,0.0,1000.0,0,0,0.3207,0.41800000000000004,-0.34199999999999997
36142,0.0,0.0,0.0,1000.0,0,0,0.3407,0.41800000000000004,-0.34199999999999997
36143,0.0,0.0,0.0,1000.0,0,0,0.3607,0.41800000000000004,-0.34199999999999997
36144,0.0,0.0,0.0,1000.0,0,0,0.38070000000000004,0.41800000000000004,-0.34199999999999997
36145,0.0,0.0,0.0,1000.0,0,0,0.4007,0.41800000000000004,-0.34199999999999997
36146,0.0,0.0,0.0,1000.0,0,0,0.4207,0.41800000000000004,-0.34199999999999997
36147,0.0,0.0,0.0,1000.0,0,0,0.44070000000000004,0.41800000000000004,-0.34199999999999997
36148,0.0,0.0,0.0,1000.0,0,0,0.4607,0.41800000000000004,-0.34199999999999997
36149,0.0,0.0,0.0,1000.0,0,0,0.4807,0.41800000000000004,-0.34199999999999997
36150,0.0,0.0,0.0,1000.0,0,0,0.1607,0.43800000000000006,-0.34199999999999997
36151,0.0,0.0,0.0,1000.0,0,0,0.1807,0.43800000000000006,-0.34199999999999997
36152,0.0,0.0,0.0,1000.0,0,0,0.20070000000000002,0.43800000000000006,-0.34199999999999997
36153,0.0,0.0,0.0,1000.0,0,0,0.2207,0.43800000000000006,-0.34199999999999997
36154,0.0,0.0,0.0,1000.0,0,0,0.24070000000000003,0.43800000000000006,-0.34199999999999997
36155,0.0,0.0,0.0,1000.0,0,0,0.26070000000000004,0.43800000000000006,-0.34199999999999997
36156,0.0,0.0,0.0,1000.0,0,0,0.2807,0.43800000000000006,-0.34199999999999997
36157,0.0,0.0,0.0,1000.0,0,0,0.3007,0.43800000000000006,-0.34199999999999997
36158,0.0,0.0,0.0,1000.0,0,0,0.3207,0.43800000000000006,-0.34199999999999997
36159,0.0,0.0,0.0,1000.0,0,0,0.3407,0.43800000000000006,-0.34199999999999997
36160,0.0,0.0,0.0,1000.0,0,0,0.3607,0.43800000000000006,-0.34199999999999997
36161,0.0,0.0,0.0,1000.0,0,0,0.38070000000000004,0.43800000000000006,-0.34199999999999997
36162,0.0,0.0,0.0,1000.0,0,0,0.4007,0.43800000000000006,-0.34199999999999997
36163,0.0,0.0,0.0,1000.0,0,0,0.4207,0.43800000000000006,-0.34199999999999997
36164,0.0,0.0,0.0,1000.0,0,0,0.44070000000000004,0.43800000000000006,-0.34199999999999997
36165,0.0,0.0,0.0,1000.0,0,0,0.4607,0.43800000000000006,-0.34199999999999997
36166,0.0,0.0,0.0,1000.0,0,0,0.4807,0.43800000000000006,-0.34199999999999997
36167,0.0,0.0,0.0,1000.0,0,0,0.1607,0.4580000000000001,-0.34199999999999997
36168,0.0,0.0,0.0,1000.0,0,0,0.1807,0.4580000000000001,-0.34199999999999997
36169,0.0,0.0,0.0,1000.0,0,0,0.20070000000000002,0.4580000000000001,-0.34199999999999997
36170,0.0,0.0,0.0,1000.0,0,0,0.2207,0.4580000000000001,-0.34199999999999997
36171,0.0,0.0,0.0,1000.0,0,0,0.24070000000000003,0.4580000000000001,-0.34199999999999997
36172,0.0,0.0,0.0,1000.0,0,0,0.26070000000000004,0.4580000000000001,-0.34199999999999997
36173,0.0,0.0,0.0,1000.0,0,0,0.2807,0.4580000000000001,-0.34199999999999997
36174,0.0,0.0,0.0,1000.0,0,0,0.3007,0.4580000000000001,-0.34199999999999997
36175,0.0,0.0,0.0,1000.0,0,0,0.3207,0.4580000000000001,-0.34199999999999997
36176,0.0,0.0,0.0,1000.0,0,0,0.3407,0.4580000000000001,-0.34199999999999997
36177,0.0,0.0,0.0,1000.0,0,0,0.3607,0.4580000000000001,-0.34199999999999997
36178,0.0,0.0,0.0,1000.0,0,0,0.38070000000000004,0.4580000000000001,-0.34199999999999997
36179,0.0,0.0,0.0,1000.0,0,0,0.4007,0.4580000000000001,-0.34199999999999997
36180,0.0,0.0,0.0,1000.0,0,0,0.4207,0.4580000000000001,-0.34199999999999997
36181,0.0,0.0,0.0,1000.0,0,0,0.44070000000000004,0.4580000000000001,-0.34199999999999997
36182,0.0,0.0,0.0,1000.0,0,0,0.4607,0.4580000000000001,-0.34199999999999997
36183,0.0,0.0,0.0,1000.0,0,0,0.4807,0.4580000000000001,-0.34199999999999997
36184,0.0,0.0,0.0,1000.0,0,0,0.1607,0.478,-0.34199999999999997
36185,0.0,0.0,0.0,1000.0,0,0,0.1807,0.478,-0.34199999999999997
36186,0.0,0.0,0.0,1000.0,0,0,0.20070000000000002,0.478,-0.34199999999999997
36187,0.0,0.0,0.0,1000.0,0,0,0.2207,0.478,-0.34199999999999997
36188,0.0,0.0,0.0,1000.0,0,0,0.24070000000000003,0.478,-0.34199999999999997
36189,0.0,0.0,0.0,1000.0,0,0,0.26070000000000004,0.478,-0.34199999999999997
36190,0.0,0.0,0.0,1000.0,0,0,0.2807,0.478,-0.34199999999999997
36191,0.0,0.0,0.0,1000.0,0,0,0.3007,0.478,-0.34199999999999997
36192,0.0,0.0,0.0,1000.0,0,0,0.3207,0.478,-0.34199999999999997
36193,0.0,0.0,0.0,1000.0,0,0,0.3407,0.478,-0.34199999999999997
36194,0.0,0.0,0.0,1000.0,0,0,0.3607,0.478,-0.34199999999999997
36195,0.0,0.0,0.0,1000.0,0,0,0.38070000000000004,0.478,-0.34199999999999997
36196,0.0,0.0,0.0,1000.0,0,0,0.4007,0.478,-0.34199999999999997
36197,0.0,0.0,0.0,1000.0,0,0,0.4207,0.478,-0.34199999999999997
36198,0.0,0.0,0.0,1000.0,0,0,0.44070000000000004,0.478,-0.34199999999999997
36199,0.0,0.0,0.0,1000.0,0,0,0.4607,0.478,-0.34199999999999997
36200,0.0,0.0,0.0,1000.0,0,0,0.4807,0.478,-0.34199999999999997
36201,0.0,0.0,0.0,1000.0,0,0,0.1607,-0.482,-0.32199999999999995
36202,0.0,0.0,0.0,1000.0,0,0,0.1807,-0.482,-0.32199999999999995
36203,0.0,0.0,0.0,1000.0,0,0,0.20070000000000002,-0.482,-0.32199999999999995
36204,0.0,0.0,0.0,1000.0,0,0,0.2207,-0.482,-0.32199999999999995
36205,0.0,0.0,0.0,1000.0,0,0,0.24070000000000003,-0.482,-0.32199999999999995
36206,0.0,0.0,0.0,1000.0,0,0,0.26070000000000004,-0.482,-0.32199999999999995
36207,0.0,0.0,0.0,1000.0,0,0,0.2807,-0.482,-0.32199999999999995
36208,0.0,0.0,0.0,1000.0,0,0,0.3007,-0.482,-0.32199999999999995
36209,0.0,0.0,0.0,1000.0,0,0,0.3207,-0.482,-0.32199999999999995
36210,0.0,0.0,0.0,1000.0,0,0,0.3407,-0.482,-0.32199999999999995
36211,0.0,0.0,0.0,1000.0,0,0,0.3607,-0.482,-0.32199999999999995
36212,0.0,0.0,0.0,1000.0,0,0,0.38070000000000004,-0.482,-0.32199999999999995
36213,0.0,0.0,0.0,1000.0,0,0,0.4007,-0.482,-0.32199999999999995
36214,0.0,0.0,0.0,1000.0,0,0,0.4207,-0.482,-0.32199999999999995
36215,0.0,0.0,0.0,1000.0,0,0,0.44070000000000004,-0.482,-0.32199999999999995
36216,0.0,0.0,0.0,1000.0,0,0,0.4607,-0.482,-0.32199999999999995
36217,0.0,0.0,0.0,1000.0,0,0,0.4807,-0.482,-0.32199999999999995
36218,0.0,0.0,0.0,1000.0,0,0,0.1607,-0.46199999999999997,-0.32199999999999995
36219,0.0,0.0,0.0,1000.0,0,0,0.1807,-0.46199999999999997,-0.32199999999999995
36220,0.0,0.0,0.0,1000.0,0,0,0.20070000000000002,-0.46199999999999997,-0.32199999999999995
36221,0.0,0.0,0.0,1000.0,0,0,0.2207,-0.46199999999999997,-0.32199999999999995
36222,0.0,0.0,0.0,1000.0,0,0,0.24070000000000003,-0.46199999999999997,-0.32199999999999995
36223,0.0,0.0,0.0,1000.0,0,0,0.26070000000000004,-0.46199999999999997,-0.32199999999999995
36224,0.0,0.0,0.0,1000.0,0,0,0.2807,-0.46199999999999997,-0.32199999999999995
36225,0.0,0.0,0.0,1000.0,0,0,0.3007,-0.46199999999999997,-0.32199999999999995
36226,0.0,0.0,0.0,1000.0,0,0,0.3207,-0.46199999999999997,-0.32199999999999995
36227,0.0,0.0,0.0,1000.0,0,0,0.3407,-0.46199999999999997,-0.32199999999999995
36228,0.0,0.0,0.0,1000.0,0,0,0.3607,-0.46199999999999997,-0.32199999999999995
36229,0.0,0.0,0.0,1000.0,0,0,0.38070000000000004,-0.46199999999999997,-0.32199999999999995
36230,0.0,0.0,0.0,1000.0,0,0,0.4007,-0.46199999999999997,-0.32199999999999995
36231,0.0,0.0,0.0,1000.0,0,0,0.4207,-0.46199999999999997,-0.32199999999999995
36232,0.0,0.0,0.0,1000.0,0,0,0.44070000000000004,-0.46199999999999997,-0.32199999999999995
36233,0.0,0.0,0.0,1000.0,0,0,0.4607,-0.46199999999999997,-0.32199999999999995
36234,0.0,0.0,0.0,1000.0,0,0,0.4807,-0.46199999999999997,-0.32199999999999995
36235,0.0,0.0,0.0,1000.0,0,0,0.1607,-0.442,-0.32199999999999995
36236,0.0,0.0,0.0,1000.0,0,0,0.1807,-0.442,-0.32199999999999995
36237,0.0,0.0,0.0,1000.0,0,0,0.20070000000000002,-0.442,-0.32199999999999995
36238,0.0,0.0,0.0,1000.0,0,0,0.2207,-0.442,-0.32199999999999995
36239,0.0,0.0,0.0,1000.0,0,0,0.24070000000000003,-0.442,-0.32199999999999995
36240,0.0,0.0,0.0,1000.0,0,0,0.26070000000000004,-0.442,-0.32199999999999995
36241,0.0,0.0,0.0,1000.0,0,0,0.2807,-0.442,-0.32199999999999995
36242,0.0,0.0,0.0,1000.0,0,0,0.3007,-0.442,-0.32199999999999995
36243,0.0,0.0,0.0,1000.0,0,0,0.3207,-0.442,-0.32199999999999995
36244,0.0,0.0,0.0,1000.0,0,0,0.3407,-0.442,-0.32199999999999995
36245,0.0,0.0,0.0,1000.0,0,0,0.3607,-0.442,-0.32199999999999995
36246,0.0,0.0,0.0,1000.0,0,0,0.38070000000000004,-0.442,-0.32199999999999995
36247,0.0,0.0,0.0,1000.0,0,0,0.4007,-0.442,-0.32199999999999995
36248,0.0,0.0,0.0,1000.0,0,0,0.4207,-0.442,-0.32199999999999995
36249,0.0,0.0,0.0,1000.0,0,0,0.44070000000000004,-0.442,-0.32199999999999995
36250,0.0,0.0,0.0,1000.0,0,0,0.4607,-0.442,-0.32199999999999995
36251,0.0,0.0,0.0,1000.0,0,0,0.4807,-0.442,-0.32199999999999995
36252,0.0,0.0,0.0,1000.0,0,0,0.1607,-0.422,-0.32199999999999995
36253,0.0,0.0,0.0,1000.0,0,0,0.1807,-0.422,-0.32199999999999995
36254,0.0,0.0,0.0,1000.0,0,0,0.20070000000000002,-0.422,-0.32199999999999995
36255,0.0,0.0,0.0,1000.0,0,0,0.2207,-0.422,-0.32199999999999995
36256,0.0,0.0,0.0,1000.0,0,0,0.24070000000000003,-0.422,-0.32199999999999995
36257,0.0,0.0,0.0,1000.0,0,0,0.26070000000000004,-0.422,-0.32199999999999995
36258,0.0,0.0,0.0,1000.0,0,0,0.2807,-0.422,-0.32199999999999995
36259,0.0,0.0,0.0,1000.0,0,0,0.3007,-0.422,-0.32199999999999995
36260,0.0,0.0,0.0,1000.0,0,0,0.3207,-0.422,-0.32199999999999995
36261,0.0,0.0,0.0,1000.0,0,0,0.3407,-0.422,-0.32199999999999995
36262,0.0,0.0,0.0,1000.0,0,0,0.3607,-0.422,-0.32199999999999995
36263,0.0,0.0,0.0,1000.0,0,0,0.38070000000000004,-0.422,-0.32199999999999995
36264,0.0,0.0,0.0,1000.0,0,0,0.4007,-0.422,-0.32199999999999995
36265,0.0,0.0,0.0,1000.0,0,0,0.4207,-0.422,-0.32199999999999995
36266,0.0,0.0,0.0,1000.0,0,0,0.44070000000000004,-0.422,-0.32199999999999995
36267,0.0,0.0,0.0,1000.0,0,0,0.4607,-0.422,-0.32199999999999995
36268,0.0,0.0,0.0,1000.0,0,0,0.4807,-0.422,-0.32199999999999995
36269,0.0,0.0,0.0,1000.0,0,0,0.1607,-0.40199999999999997,-0.32199999999999995
36270,0.0,0.0,0.0,1000.0,0,0,0.1807,-0.40199999999999997,-0.32199999999999995
36271,0.0,0.0,0.0,1000.0,0,0,0.20070000000000002,-0.40199999999999997,-0.32199999999999995
36272,0.0,0.0,0.0,1000.0,0,0,0.2207,-0.40199999999999997,-0.32199999999999995
36273,0.0,0.0,0.0,1000.0,0,0,0.24070000000000003,-0.40199999999999997,-0.32199999999999995
36274,0.0,0.0,0.0,1000.0,0,0,0.26070000000000004,-0.40199999999999997,-0.32199999999999995
36275,0.0,0.0,0.0,1000.0,0,0,0.2807,-0.40199999999999997,-0.32199999999999995
36276,0.0,0.0,0.0,1000.0,0,0,0.3007,-0.40199999999999997,-0.32199999999999995
36277,0.0,0.0,0.0,1000.0,0,0,0.3207,-0.40199999999999997,-0.32199999999999995
36278,0.0,0.0,0.0,1000.0,0,0,0.3407,-0.40199999999999997,-0.32199999999999995
36279,0.0,0.0,0.0,1000.0,0,0,0.3607,-0.40199999999999997,-0.32199999999999995
36280,0.0,0.0,0.0,1000.0,0,0,0.38070000000000004,-0.40199999999999997,-0.32199999999999995
36281,0.0,0.0,0.0,1000.0,0,0,0.4007,-0.40199999999999997,-0.32199999999999995
36282,0.0,0.0,0.0,1000.0,0,0,0.4207,-0.40199999999999997,-0.32199999999999995
36283,0.0,0.0,0.0,1000.0,0,0,0.44070000000000004,-0.40199999999999997,-0.32199999999999995
36284,0.0,0.0,0.0,1000.0,0,0,0.4607,-0.40199999999999997,-0.32199999999999995
36285,0.0,0.0,0.0,1000.0,0,0,0.4807,-0.40199999999999997,-0.32199999999999995
36286,0.0,0.0,0.0,1000.0,0,0,0.1607,-0.382,-0.32199999999999995
36287,0.0,0.0,0.0,1000.0,0,0,0.1807,-0.382,-0.32199999999999995
36288,0.0,0.0,0.0,1000.0,0,0,0.20070000000000002,-0.382,-0.32199999999999995
36289,0.0,0.0,0.0,1000.0,0,0,0.2207,-0.382,-0.32199999999999995
36290,0.0,0.0,0.0,1000.0,0,0,0.24070000000000003,-0.382,-0.32199999999999995
36291,0.0,0.0,0.0,1000.0,0,0,0.26070000000000004,-0.382,-0.32199999999999995
36292,0.0,0.0,0.0,1000.0,0,0,0.2807,-0.382,-0.32199999999999995
36293,0.0,0.0,0.0,1000.0,0,0,0.3007,-0.382,-0.32199999999999995
36294,0.0,0.0,0.0,1000.0,0,0,0.3207,-0.382,-0.32199999999999995
36295,0.0,0.0,0.0,1000.0,0,0,0.3407,-0.382,-0.32199999999999995
36296,0.0,0.0,0.0,1000.0,0,0,0.3607,-0.382,-0.32199999999999995
36297,0.0,0.0,0.0,1000.0,0,0,0.38070000000000004,-0.382,-0.32199999999999995
36298,0.0,0.0,0.0,1000.0,0,0,0.4007,-0.382,-0.32199999999999995
36299,0.0,0.0,0.0,1000.0,0,0,0.4207,-0.382,-0.32199999999999995
36300,0.0,0.0,0.0,1000.0,0,0,0.44070000000000004,-0.382,-0.32199999999999995
36301,0.0,0.0,0.0,1000.0,0,0,0.4607,-0.382,-0.32199999999999995
36302,0.0,0.0,0.0,1000.0,0,0,0.4807,-0.382,-0.32199999999999995
36303,0.0,0.0,0.0,1000.0,0,0,0.1607,-0.362,-0.32199999999999995
36304,0.0,0.0,0.0,1000.0,0,0,0.1807,-0.362,-0.32199999999999995
36305,0.0,0.0,0.0,1000.0,0,0,0.20070000000000002,-0.362,-0.32199999999999995
36306,0.0,0.0,0.0,1000.0,0,0,0.2207,-0.362,-0.32199999999999995
36307,0.0,0.0,0.0,1000.0,0,0,0.24070000000000003,-0.362,-0.32199999999999995
36308,0.0,0.0,0.0,1000.0,0,0,0.26070000000000004,-0.362,-0.32199999999999995
36309,0.0,0.0,0.0,1000.0,0,0,0.2807,-0.362,-0.32199999999999995
36310,0.0,0.0,0.0,1000.0,0,0,0.3007,-0.362,-0.32199999999999995
36311,0.0,0.0,0.0,1000.0,0,0,0.3207,-0.362,-0.32199999999999995
36312,0.0,0.0,0.0,1000.0,0,0,0.3407,-0.362,-0.32199999999999995
36313,0.0,0.0,0.0,1000.0,0,0,0.3607,-0.362,-0.32199999999999995
36314,0.0,0.0,0.0,1000.0,0,0,0.38070000000000004,-0.362,-0.32199999999999995
36315,0.0,0.0,0.0,1000.0,0,0,0.4007,-0.362,-0.32199999999999995
36316,0.0,0.0,0.0,1000.0,0,0,0.4207,-0.362,-0.32199999999999995
36317,0.0,0.0,0.0,1000.0,0,0,0.44070000000000004,-0.362,-0.32199999999999995
36318,0.0,0.0,0.0,1000.0,0,0,0.4607,-0.362,-0.32199999999999995
36319,0.0,0.0,0.0,1000.0,0,0,0.4807,-0.362,-0.32199999999999995
36320,0.0,0.0,0.0,1000.0,0,0,0.1607,-0.34199999999999997,-0.32199999999999995
36321,0.0,0.0,0.0,1000.0,0,0,0.1807,-0.34199999999999997,-0.32199999999999995
36322,0.0,0.0,0.0,1000.0,0,0,0.20070000000000002,-0.34199999999999997,-0.32199999999999995
36323,0.0,0.0,0.0,1000.0,0,0,0.2207,-0.34199999999999997,-0.32199999999999995
36324,0.0,0.0,0.0,1000.0,0,0,0.24070000000000003,-0.34199999999999997,-0.32199999999999995
36325,0.0,0.0,0.0,1000.0,0,0,0.26070000000000004,-0.34199999999999997,-0.32199999999999995
36326,0.0,0.0,0.0,1000.0,0,0,0.2807,-0.34199999999999997,-0.32199999999999995
36327,0.0,0.0,0.0,1000.0,0,0,0.3007,-0.34199999999999997,-0.32199999999999995
36328,0.0,0.0,0.0,1000.0,0,0,0.3207,-0.34199999999999997,-0.32199999999999995
36329,0.0,0.0,0.0,1000.0,0,0,0.3407,-0.34199999999999997,-0.32199999999999995
36330,0.0,0.0,0.0,1000.0,0,0,0.3607,-0.34199999999999997,-0.32199999999999995
36331,0.0,0.0,0.0,1000.0,0,0,0.38070000000000004,-0.34199999999999997,-0.32199999999999995
36332,0.0,0.0,0.0,1000.0,0,0,0.4007,-0.34199999999999997,-0.32199999999999995
36333,0.0,0.0,0.0,1000.0,0,0,0.4207,-0.34199999999999997,-0.32199999999999995
36334,0.0,0.0,0.0,1000.0,0,0,0.44070000000000004,-0.34199999999999997,-0.32199999999999995
36335,0.0,0.0,0.0,1000.0,0,0,0.4607,-0.34199999999999997,-0.32199999999999995
36336,0.0,0.0,0.0,1000.0,0,0,0.4807,-0.34199999999999997,-0.32199999999999995
36337,0.0,0.0,0.0,1000.0,0,0,0.1607,-0.32199999999999995,-0.32199999999999995
36338,0.0,0.0,0.0,1000.0,0,0,0.1807,-0.32199999999999995,-0.32199999999999995
36339,0.0,0.0,0.0,1000.0,0,0,0.20070000000000002,-0.32199999999999995,-0.32199999999999995
36340,0.0,0.0,0.0,1000.0,0,0,0.2207,-0.32199999999999995,-0.32199999999999995
36341,0.0,0.0,0.0,1000.0,0,0,0.24070000000000003,-0.32199999999999995,-0.32199999999999995
36342,0.0,0.0,0.0,1000.0,0,0,0.26070000000000004,-0.32199999999999995,-0.32199999999999995
36343,0.0,0.0,0.0,1000.0,0,0,0.2807,-0.32199999999999995,-0.32199999999999995
36344,0.0,0.0,0.0,1000.0,0,0,0.3007,-0.32199999999999995,-0.32199999999999995
36345,0.0,0.0,0.0,1000.0,0,0,0.3207,-0.32199999999999995,-0.32199999999999995
36346,0.0,0.0,0.0,1000.0,0,0,0.3407,-0.32199999999999995,-0.32199999999999995
36347,0.0,0.0,0.0,1000.0,0,0,0.3607,-0.32199999999999995,-0.32199999999999995
36348,0.0,0.0,0.0,1000.0,0,0,0.38070000000000004,-0.32199999999999995,-0.32199999999999995
36349,0.0,0.0,0.0,1000.0,0,0,0.4007,-0.32199999999999995,-0.32199999999999995
36350,0.0,0.0,0.0,1000.0,0,0,0.4207,-0.32199999999999995,-0.32199999999999995
36351,0.0,0.0,0.0,1000.0,0,0,0.44070000000000004,-0.32199999999999995,-0.32199999999999995
36352,0.0,0.0,0.0,1000.0,0,0,0.4607,-0.32199999999999995,-0.32199999999999995
36353,0.0,0.0,0.0,1000.0,0,0,0.4807,-0.32199999999999995,-0.32199999999999995
36354,0.0,0.0,0.0,1000.0,0,0,0.1607,-0.302,-0.32199999999999995
36355,0.0,0.0,0.0,1000.0,0,0,0.1807,-0.302,-0.32199999999999995
36356,0.0,0.0,0.0,1000.0,0,0,0.20070000000000002,-0.302,-0.32199999999999995
36357,0.0,0.0,0.0,1000.0,0,0,0.2207,-0.302,-0.32199999999999995
36358,0.0,0.0,0.0,1000.0,0,0,0.24070000000000003,-0.302,-0.32199999999999995
36359,0.0,0.0,0.0,1000.0,0,0,0.26070000000000004,-0.302,-0.32199999999999995
36360,0.0,0.0,0.0,1000.0,0,0,0.2807,-0.302,-0.32199999999999995
36361,0.0,0.0,0.0,1000.0,0,0,0.3007,-0.302,-0.32199999999999995
36362,0.0,0.0,0.0,1000.0,0,0,0.3207,-0.302,-0.32199999999999995
36363,0.0,0.0,0.0,1000.0,0,0,0.3407,-0.302,-0.32199999999999995
36364,0.0,0.0,0.0,1000.0,0,0,0.3607,-0.302,-0.32199999999999995
36365,0.0,0.0,0.0,1000.0,0,0,0.38070000000000004,-0.302,-0.32199999999999995
36366,0.0,0.0,0.0,1000.0,0,0,0.4007,-0.302,-0.32199999999999995
36367,0.0,0.0,0.0,1000.0,0,0,0.4207,-0.302,-0.32199999999999995
36368,0.0,0.0,0.0,1000.0,0,0,0.44070000000000004,-0.302,-0.32199999999999995
36369,0.0,0.0,0.0,1000.0,0,0,0.4607,-0.302,-0.32199999999999995
36370,0.0,0.0,0.0,1000.0,0,0,0.4807,-0.302,-0.32199999999999995
36371,0.0,0.0,0.0,1000.0,0,0,0.1607,-0.282,-0.32199999999999995
36372,0.0,0.0,0.0,1000.0,0,0,0.1807,-0.282,-0.32199999999999995
36373,0.0,0.0,0.0,1000.0,0,0,0.20070000000000002,-0.282,-0.32199999999999995
36374,0.0,0.0,0.0,1000.0,0,0,0.2207,-0.282,-0.32199999999999995
36375,0.0,0.0,0.0,1000.0,0,0,0.24070000000000003,-0.282,-0.32199999999999995
36376,0.0,0.0,0.0,1000.0,0,0,0.26070000000000004,-0.282,-0.32199999999999995
36377,0.0,0.0,0.0,1000.0,0,0,0.2807,-0.282,-0.32199999999999995
36378,0.0,0.0,0.0,1000.0,0,0,0.3007,-0.282,-0.32199999999999995
36379,0.0,0.0,0.0,1000.0,0,0,0.3207,-0.282,-0.32199999999999995
36380,0.0,0.0,0.0,1000.0,0,0,0.3407,-0.282,-0.32199999999999995
36381,0.0,0.0,0.0,1000.0,0,0,0.3607,-0.282,-0.32199999999999995
36382,0.0,0.0,0.0,1000.0,0,0,0.38070000000000004,-0.282,-0.32199999999999995
36383,0.0,0.0,0.0,1000.0,0,0,0.4007,-0.282,-0.32199999999999995
36384,0.0,0.0,0.0,1000.0,0,0,0.4207,-0.282,-0.32199999999999995
36385,0.0,0.0,0.0,1000.0,0,0,0.44070000000000004,-0.282,-0.32199999999999995
36386,0.0,0.0,0.0,1000.0,0,0,0.4607,-0.282,-0.32199999999999995
36387,0.0,0.0,0.0,1000.0,0,0,0.4807,-0.282,-0.32199999999999995
36388,0.0,0.0,0.0,1000.0,0,0,0.1607,-0.262,-0.32199999999999995
36389,0.0,0.0,0.0,1000.0,0,0,0.1807,-0.262,-0.32199999999999995
36390,0.0,0.0,0.0,1000.0,0,0,0.20070000000000002,-0.262,-0.32199999999999995
36391,0.0,0.0,0.0,1000.0,0,0,0.2207,-0.262,-0.32199999999999995
36392,0.0,0.0,0.0,1000.0,0,0,0.24070000000000003,-0.262,-0.32199999999999995
36393,0.0,0.0,0.0,1000.0,0,0,0.26070000000000004,-0.262,-0.32199999999999995
36394,0.0,0.0,0.0,1000.0,0,0,0.2807,-0.262,-0.32199999999999995
36395,0.0,0.0,0.0,1000.0,0,0,0.3007,-0.262,-0.32199999999999995
36396,0.0,0.0,0.0,1000.0,0,0,0.3207,-0.262,-0.32199999999999995
36397,0.0,0.0,0.0,1000.0,0,0,0.3407,-0.262,-0.32199999999999995
36398,0.0,0.0,0.0,1000.0,0,0,0.3607,-0.262,-0.32199999999999995
36399,0.0,0.0,0.0,1000.0,0,0,0.38070000000000004,-0.262,-0.32199999999999995
36400,0.0,0.0,0.0,1000.0,0,0,0.4007,-0.262,-0.32199999999999995
36401,0.0,0.0,0.0,1000.0,0,0,0.4207,-0.262,-0.32199999999999995
36402,0.0,0.0,0.0,1000.0,0,0,0.44070000000000004,-0.262,-0.32199999999999995
36403,0.0,0.0,0.0,1000.0,0,0,0.4607,-0.262,-0.32199999999999995
36404,0.0,0.0,0.0,1000.0,0,0,0.4807,-0.262,-0.32199999999999995
36405,0.0,0.0,0.0,1000.0,0,0,0.1607,-0.242,-0.32199999999999995
36406,0.0,0.0,0.0,1000.0,0,0,0.1807,-0.242,-0.32199999999999995
36407,0.0,0.0,0.0,1000.0,0,0,0.20070000000000002,-0.242,-0.32199999999999995
36408,0.0,0.0,0.0,1000.0,0,0,0.2207,-0.242,-0.32199999999999995
36409,0.0,0.0,0.0,1000.0,0,0,0.24070000000000003,-0.242,-0.32199999999999995
36410,0.0,0.0,0.0,1000.0,0,0,0.26070000000000004,-0.242,-0.32199999999999995
36411,0.0,0.0,0.0,1000.0,0,0,0.2807,-0.242,-0.32199999999999995
36412,0.0,0.0,0.0,1000.0,0,0,0.3007,-0.242,-0.32199999999999995
36413,0.0,0.0,0.0,1000.0,0,0,0.3207,-0.242,-0.32199999999999995
36414,0.0,0.0,0.0,1000.0,0,0,0.3407,-0.242,-0.32199999999999995
36415,0.0,0.0,0.0,1000.0,0,0,0.3607,-0.242,-0.32199999999999995
36416,0.0,0.0,0.0,1000.0,0,0,0.38070000000000004,-0.242,-0.32199999999999995
36417,0.0,0.0,0.0,1000.0,0,0,0.4007,-0.242,-0.32199999999999995
36418,0.0,0.0,0.0,1000.0,0,0,0.4207,-0.242,-0.32199999999999995
36419,0.0,0.0,0.0,1000.0,0,0,0.44070000000000004,-0.242,-0.32199999999999995
36420,0.0,0.0,0.0,1000.0,0,0,0.4607,-0.242,-0.32199999999999995
36421,0.0,0.0,0.0,1000.0,0,0,0.4807,-0.242,-0.32199999999999995
36422,0.0,0.0,0.0,1000.0,0,0,0.1607,-0.22199999999999998,-0.32199999999999995
36423,0.0,0.0,0.0,1000.0,0,0,0.1807,-0.22199999999999998,-0.32199999999999995
36424,0.0,0.0,0.0,1000.0,0,0,0.20070000000000002,-0.22199999999999998,-0.32199999999999995
36425,0.0,0.0,0.0,1000.0,0,0,0.2207,-0.22199999999999998,-0.32199999999999995
36426,0.0,0.0,0.0,1000.0,0,0,0.24070000000000003,-0.22199999999999998,-0.32199999999999995
36427,0.0,0.0,0.0,1000.0,0,0,0.26070000000000004,-0.22199999999999998,-0.32199999999999995
36428,0.0,0.0,0.0,1000.0,0,0,0.2807,-0.22199999999999998,-0.32199999999999995
36429,0.0,0.0,0.0,1000.0,0,0,0.3007,-0.22199999999999998,-0.32199999999999995
36430,0.0,0.0,0.0,1000.0,0,0,0.3207,-0.22199999999999998,-0.32199999999999995
36431,0.0,0.0,0.0,1000.0,0,0,0.3407,-0.22199999999999998,-0.32199999999999995
36432,0.0,0.0,0.0,1000.0,0,0,0.3607,-0.22199999999999998,-0.32199999999999995
36433,0.0,0.0,0.0,1000.0,0,0,0.38070000000000004,-0.22199999999999998,-0.32199999999999995
36434,0.0,0.0,0.0,1000.0,0,0,0.4007,-0.22199999999999998,-0.32199999999999995
36435,0.0,0.0,0.0,1000.0,0,0,0.4207,-0.22199999999999998,-0.32199999999999995
36436,0.0,0.0,0.0,1000.0,0,0,0.44070000000000004,-0.22199999999999998,-0.32199999999999995
36437,0.0,0.0,0.0,1000.0,0,0,0.4607,-0.22199999999999998,-0.32199999999999995
36438,0.0,0.0,0.0,1000.0,0,0,0.4807,-0.22199999999999998,-0.32199999999999995
36439,0.0,0.0,0.0,1000.0,0,0,0.1607,-0.20199999999999996,-0.32199999999999995
36440,0.0,0.0,0.0,1000.0,0,0,0.1807,-0.20199999999999996,-0.32199999999999995
36441,0.0,0.0,0.0,1000.0,0,0,0.20070000000000002,-0.20199999999999996,-0.32199999999999995
36442,0.0,0.0,0.0,1000.0,0,0,0.2207,-0.20199999999999996,-0.32199999999999995
36443,0.0,0.0,0.0,1000.0,0,0,0.24070000000000003,-0.20199999999999996,-0.32199999999999995
36444,0.0,0.0,0.0,1000.0,0,0,0.26070000000000004,-0.20199999999999996,-0.32199999999999995
36445,0.0,0.0,0.0,1000.0,0,0,0.2807,-0.20199999999999996,-0.32199999999999995
36446,0.0,0.0,0.0,1000.0,0,0,0.3007,-0.20199999999999996,-0.32199999999999995
36447,0.0,0.0,0.0,1000.0,0,0,0.3207,-0.20199999999999996,-0.32199999999999995
36448,0.0,0.0,0.0,1000.0,0,0,0.3407,-0.20199999999999996,-0.32199999999999995
36449,0.0,0.0,0.0,1000.0,0,0,0.3607,-0.20199999999999996,-0.32199999999999995
36450,0.0,0.0,0.0,1000.0,0,0,0.38070000000000004,-0.20199999999999996,-0.32199999999999995
36451,0.0,0.0,0.0,1000.0,0,0,0.4007,-0.20199999999999996,-0.32199999999999995
36452,0.0,0.0,0.0,1000.0,0,0,0.4207,-0.20199999999999996,-0.32199999999999995
36453,0.0,0.0,0.0,1000.0,0,0,0.44070000000000004,-0.20199999999999996,-0.32199999999999995
36454,0.0,0.0,0.0,1000.0,0,0,0.4607,-0.20199999999999996,-0.32199999999999995
36455,0.0,0.0,0.0,1000.0,0,0,0.4807,-0.20199999999999996,-0.32199999999999995
36456,0.0,0.0,0.0,1000.0,0,0,0.1607,-0.182,-0.32199999999999995
36457,0.0,0.0,0.0,1000.0,0,0,0.1807,-0.182,-0.32199999999999995
36458,0.0,0.0,0.0,1000.0,0,0,0.20070000000000002,-0.182,-0.32199999999999995
36459,0.0,0.0,0.0,1000.0,0,0,0.2207,-0.182,-0.32199999999999995
36460,0.0,0.0,0.0,1000.0,0,0,0.24070000000000003,-0.182,-0.32199999999999995
36461,0.0,0.0,0.0,1000.0,0,0,0.26070000000000004,-0.182,-0.32199999999999995
36462,0.0,0.0,0.0,1000.0,0,0,0.2807,-0.182,-0.32199999999999995
36463,0.0,0.0,0.0,1000.0,0,0,0.3007,-0.182,-0.32199999999999995
36464,0.0,0.0,0.0,1000.0,0,0,0.3207,-0.182,-0.32199999999999995
36465,0.0,0.0,0.0,1000.0,0,0,0.3407,-0.182,-0.32199999999999995
36466,0.0,0.0,0.0,1000.0,0,0,0.3607,-0.182,-0.32199999999999995
36467,0.0,0.0,0.0,1000.0,0,0,0.38070000000000004,-0.182,-0.32199999999999995
36468,0.0,0.0,0.0,1000.0,0,0,0.4007,-0.182,-0.32199999999999995
36469,0.0,0.0,0.0,1000.0,0,0,0.4207,-0.182,-0.32199999999999995
36470,0.0,0.0,0.0,1000.0,0,0,0.44070000000000004,-0.182,-0.32199999999999995
36471,0.0,0.0,0.0,1000.0,0,0,0.4607,-0.182,-0.32199999999999995
36472,0.0,0.0,0.0,1000.0,0,0,0.4807,-0.182,-0.32199999999999995
36473,0.0,0.0,0.0,1000.0,0,0,0.1607,-0.16199999999999998,-0.32199999999999995
36474,0.0,0.0,0.0,1000.0,0,0,0.1807,-0.16199999999999998,-0.32199999999999995
36475,0.0,0.0,0.0,1000.0,0,0,0.20070000000000002,-0.16199999999999998,-0.32199999999999995
36476,0.0,0.0,0.0,1000.0,0,0,0.2207,-0.16199999999999998,-0.32199999999999995
36477,0.0,0.0,0.0,1000.0,0,0,0.24070000000000003,-0.16199999999999998,-0.32199999999999995
36478,0.0,0.0,0.0,1000.0,0,0,0.26070000000000004,-0.16199999999999998,-0.32199999999999995
36479,0.0,0.0,0.0,1000.0,0,0,0.2807,-0.16199999999999998,-0.32199999999999995
36480,0.0,0.0,0.0,1000.0,0,0,0.3007,-0.16199999999999998,-0.32199999999999995
36481,0.0,0.0,0.0,1000.0,0,0,0.3207,-0.16199999999999998,-0.32199999999999995
36482,0.0,0.0,0.0,1000.0,0,0,0.3407,-0.16199999999999998,-0.32199999999999995
36483,0.0,0.0,0.0,1000.0,0,0,0.3607,-0.16199999999999998,-0.32199999999999995
36484,0.0,0.0,0.0,1000.0,0,0,0.38070000000000004,-0.16199999999999998,-0.32199999999999995
36485,0.0,0.0,0.0,1000.0,0,0,0.4007,-0.16199999999999998,-0.32199999999999995
36486,0.0,0.0,0.0,1000.0,0,0,0.4207,-0.16199999999999998,-0.32199999999999995
36487,0.0,0.0,0.0,1000.0,0,0,0.44070000000000004,-0.16199999999999998,-0.32199999999999995
36488,0.0,0.0,0.0,1000.0,0,0,0.4607,-0.16199999999999998,-0.32199999999999995
36489,0.0,0.0,0.0,1000.0,0,0,0.4807,-0.16199999999999998,-0.32199999999999995
36490,0.0,0.0,0.0,1000.0,0,0,0.1607,-0.14199999999999996,-0.32199999999999995
36491,0.0,0.0,0.0,1000.0,0,0,0.1807,-0.14199999999999996,-0.32199999999999995
36492,0.0,0.0,0.0,1000.0,0,0,0.20070000000000002,-0.14199999999999996,-0.32199999999999995
36493,0.0,0.0,0.0,1000.0,0,0,0.2207,-0.14199999999999996,-0.32199999999999995
36494,0.0,0.0,0.0,1000.0,0,0,0.24070000000000003,-0.14199999999999996,-0.32199999999999995
36495,0.0,0.0,0.0,1000.0,0,0,0.26070000000000004,-0.14199999999999996,-0.32199999999999995
36496,0.0,0.0,0.0,1000.0,0,0,0.2807,-0.14199999999999996,-0.32199999999999995
36497,0.0,0.0,0.0,1000.0,0,0,0.3007,-0.14199999999999996,-0.32199999999999995
36498,0.0,0.0,0.0,1000.0,0,0,0.3207,-0.14199999999999996,-0.32199999999999995
36499,0.0,0.0,0.0,1000.0,0,0,0.3407,-0.14199999999999996,-0.32199999999999995
36500,0.0,0.0,0.0,1000.0,0,0,0.3607,-0.14199999999999996,-0.32199999999999995
36501,0.0,0.0,0.0,1000.0,0,0,0.38070000000000004,-0.14199999999999996,-0.32199999999999995
36502,0.0,0.0,0.0,1000.0,0,0,0.4007,-0.14199999999999996,-0.32199999999999995
36503,0.0,0.0,0.0,1000.0,0,0,0.4207,-0.14199999999999996,-0.32199999999999995
36504,0.0,0.0,0.0,1000.0,0,0,0.44070000000000004,-0.14199999999999996,-0.32199999999999995
36505,0.0,0.0,0.0,1000.0,0,0,0.4607,-0.14199999999999996,-0.32199999999999995
36506,0.0,0.0,0.0,1000.0,0,0,0.4807,-0.14199999999999996,-0.32199999999999995
36507,0.0,0.0,0.0,1000.0,0,0,0.1607,-0.122,-0.32199999999999995
36508,0.0,0.0,0.0,1000.0,0,0,0.1807,-0.122,-0.32199999999999995
36509,0.0,0.0,0.0,1000.0,0,0,0.20070000000000002,-0.122,-0.32199999999999995
36510,0.0,0.0,0.0,1000.0,0,0,0.2207,-0.122,-0.32199999999999995
36511,0.0,0.0,0.0,1000.0,0,0,0.24070000000000003,-0.122,-0.32199999999999995
36512,0.0,0.0,0.0,1000.0,0,0,0.26070000000000004,-0.122,-0.32199999999999995
36513,0.0,0.0,0.0,1000.0,0,0,0.2807,-0.122,-0.32199999999999995
36514,0.0,0.0,0.0,1000.0,0,0,0.3007,-0.122,-0.32199999999999995
36515,0.0,0.0,0.0,1000.0,0,0,0.3207,-0.122,-0.32199999999999995
36516,0.0,0.0,0.0,1000.0,0,0,0.3407,-0.122,-0.32199999999999995
36517,0.0,0.0,0.0,1000.0,0,0,0.3607,-0.122,-0.32199999999999995
36518,0.0,0.0,0.0,1000.0,0,0,0.38070000000000004,-0.122,-0.32199999999999995
36519,0.0,0.0,0.0,1000.0,0,0,0.4007,-0.122,-0.32199999999999995
36520,0.0,0.0,0.0,1000.0,0,0,0.4207,-0.122,-0.32199999999999995
36521,0.0,0.0,0.0,1000.0,0,0,0.44070000000000004,-0.122,-0.32199999999999995
36522,0.0,0.0,0.0,1000.0,0,0,0.4607,-0.122,-0.32199999999999995
36523,0.0,0.0,0.0,1000.0,0,0,0.4807,-0.122,-0.32199999999999995
36524,0.0,0.0,0.0,1000.0,0,0,0.1607,-0.10199999999999998,-0.32199999999999995
36525,0.0,0.0,0.0,1000.0,0,0,0.1807,-0.10199999999999998,-0.32199999999999995
36526,0.0,0.0,0.0,1000.0,0,0,0.20070000000000002,-0.10199999999999998,-0.32199999999999995
36527,0.0,0.0,0.0,1000.0,0,0,0.2207,-0.10199999999999998,-0.32199999999999995
36528,0.0,0.0,0.0,1000.0,0,0,0.24070000000000003,-0.10199999999999998,-0.32199999999999995
36529,0.0,0.0,0.0,1000.0,0,0,0.26070000000000004,-0.10199999999999998,-0.32199999999999995
36530,0.0,0.0,0.0,1000.0,0,0,0.2807,-0.10199999999999998,-0.32199999999999995
36531,0.0,0.0,0.0,1000.0,0,0,0.3007,-0.10199999999999998,-0.32199999999999995
36532,0.0,0.0,0.0,1000.0,0,0,0.3207,-0.10199999999999998,-0.32199999999999995
36533,0.0,0.0,0.0,1000.0,0,0,0.3407,-0.10199999999999998,-0.32199999999999995
36534,0.0,0.0,0.0,1000.0,0,0,0.3607,-0.10199999999999998,-0.32199999999999995
36535,0.0,0.0,0.0,1000.0,0,0,0.38070000000000004,-0.10199999999999998,-0.32199999999999995
36536,0.0,0.0,0.0,1000.0,0,0,0.4007,-0.10199999999999998,-0.32199999999999995
36537,0.0,0.0,0.0,1000.0,0,0,0.4207,-0.10199999999999998,-0.32199999999999995
36538,0.0,0.0,0.0,1000.0,0,0,0.44070000000000004,-0.10199999999999998,-0.32199999999999995
36539,0.0,0.0,0.0,1000.0,0,0,0.4607,-0.10199999999999998,-0.32199999999999995
36540,0.0,0.0,0.0,1000.0,0,0,0.4807,-0.10199999999999998,-0.32199999999999995
36541,0.0,0.0,0.0,1000.0,0,0,0.1607,-0.08199999999999996,-0.32199999999999995
36542,0.0,0.0,0.0,1000.0,0,0,0.1807,-0.08199999999999996,-0.32199999999999995
36543,0.0,0.0,0.0,1000.0,0,0,0.20070000000000002,-0.08199999999999996,-0.32199999999999995
36544,0.0,0.0,0.0,1000.0,0,0,0.2207,-0.08199999999999996,-0.32199999999999995
36545,0.0,0.0,0.0,1000.0,0,0,0.24070000000000003,-0.08199999999999996,-0.32199999999999995
36546,0.0,0.0,0.0,1000.0,0,0,0.26070000000000004,-0.08199999999999996,-0.32199999999999995
36547,0.0,0.0,0.0,1000.0,0,0,0.2807,-0.08199999999999996,-0.32199999999999995
36548,0.0,0.0,0.0,1000.0,0,0,0.3007,-0.08199999999999996,-0.32199999999999995
36549,0.0,0.0,0.0,1000.0,0,0,0.3207,-0.08199999999999996,-0.32199999999999995
36550,0.0,0.0,0.0,1000.0,0,0,0.3407,-0.08199999999999996,-0.32199999999999995
36551,0.0,0.0,0.0,1000.0,0,0,0.3607,-0.08199999999999996,-0.32199999999999995
36552,0.0,0.0,0.0,1000.0,0,0,0.38070000000000004,-0.08199999999999996,-0.32199999999999995
36553,0.0,0.0,0.0,1000.0,0,0,0.4007,-0.08199999999999996,-0.32199999999999995
36554,0.0,0.0,0.0,1000.0,0,0,0.4207,-0.08199999999999996,-0.32199999999999995
36555,0.0,0.0,0.0,1000.0,0,0,0.44070000000000004,-0.08199999999999996,-0.32199999999999995
36556,0.0,0.0,0.0,1000.0,0,0,0.4607,-0.08199999999999996,-0.32199999999999995
36557,0.0,0.0,0.0,1000.0,0,0,0.4807,-0.08199999999999996,-0.32199999999999995
36558,0.0,0.0,0.0,1000.0,0,0,0.1607,-0.062,-0.32199999999999995
36559,0.0,0.0,0.0,1000.0,0,0,0.1807,-0.062,-0.32199999999999995
36560,0.0,0.0,0.0,1000.0,0,0,0.20070000000000002,-0.062,-0.32199999999999995
36561,0.0,0.0,0.0,1000.0,0,0,0.2207,-0.062,-0.32199999999999995
36562,0.0,0.0,0.0,1000.0,0,0,0.24070000000000003,-0.062,-0.32199999999999995
36563,0.0,0.0,0.0,1000.0,0,0,0.26070000000000004,-0.062,-0.32199999999999995
36564,0.0,0.0,0.0,1000.0,0,0,0.2807,-0.062,-0.32199999999999995
36565,0.0,0.0,0.0,1000.0,0,0,0.3007,-0.062,-0.32199999999999995
36566,0.0,0.0,0.0,1000.0,0,0,0.3207,-0.062,-0.32199999999999995
36567,0.0,0.0,0.0,1000.0,0,0,0.3407,-0.062,-0.32199999999999995
36568,0.0,0.0,0.0,1000.0,0,0,0.3607,-0.062,-0.32199999999999995
36569,0.0,0.0,0.0,1000.0,0,0,0.38070000000000004,-0.062,-0.32199999999999995
36570,0.0,0.0,0.0,1000.0,0,0,0.4007,-0.062,-0.32199999999999995
36571,0.0,0.0,0.0,1000.0,0,0,0.4207,-0.062,-0.32199999999999995
36572,0.0,0.0,0.0,1000.0,0,0,0.44070000000000004,-0.062,-0.32199999999999995
36573,0.0,0.0,0.0,1000.0,0,0,0.4607,-0.062,-0.32199999999999995
36574,0.0,0.0,0.0,1000.0,0,0,0.4807,-0.062,-0.32199999999999995
36575,0.0,0.0,0.0,1000.0,0,0,0.1607,-0.04199999999999998,-0.32199999999999995
36576,0.0,0.0,0.0,1000.0,0,0,0.1807,-0.04199999999999998,-0.32199999999999995
36577,0.0,0.0,0.0,1000.0,0,0,0.20070000000000002,-0.04199999999999998,-0.32199999999999995
36578,0.0,0.0,0.0,1000.0,0,0,0.2207,-0.04199999999999998,-0.32199999999999995
36579,0.0,0.0,0.0,1000.0,0,0,0.24070000000000003,-0.04199999999999998,-0.32199999999999995
36580,0.0,0.0,0.0,1000.0,0,0,0.26070000000000004,-0.04199999999999998,-0.32199999999999995
36581,0.0,0.0,0.0,1000.0,0,0,0.2807,-0.04199999999999998,-0.32199999999999995
36582,0.0,0.0,0.0,1000.0,0,0,0.3007,-0.04199999999999998,-0.32199999999999995
36583,0.0,0.0,0.0,1000.0,0,0,0.3207,-0.04199999999999998,-0.32199999999999995
36584,0.0,0.0,0.0,1000.0,0,0,0.3407,-0.04199999999999998,-0.32199999999999995
36585,0.0,0.0,0.0,1000.0,0,0,0.3607,-0.04199999999999998,-0.32199999999999995
36586,0.0,0.0,0.0,1000.0,0,0,0.38070000000000004,-0.04199999999999998,-0.32199999999999995
36587,0.0,0.0,0.0,1000.0,0,0,0.4007,-0.04199999999999998,-0.32199999999999995
36588,0.0,0.0,0.0,1000.0,0,0,0.4207,-0.04199999999999998,-0.32199999999999995
36589,0.0,0.0,0.0,1000.0,0,0,0.44070000000000004,-0.04199999999999998,-0.32199999999999995
36590,0.0,0.0,0.0,1000.0,0,0,0.4607,-0.04199999999999998,-0.32199999999999995
36591,0.0,0.0,0.0,1000.0,0,0,0.4807,-0.04199999999999998,-0.32199999999999995
36592,0.0,0.0,0.0,1000.0,0,0,0.1607,-0.021999999999999964,-0.32199999999999995
36593,0.0,0.0,0.0,1000.0,0,0,0.1807,-0.021999999999999964,-0.32199999999999995
36594,0.0,0.0,0.0,1000.0,0,0,0.20070000000000002,-0.021999999999999964,-0.32199999999999995
36595,0.0,0.0,0.0,1000.0,0,0,0.2207,-0.021999999999999964,-0.32199999999999995
36596,0.0,0.0,0.0,1000.0,0,0,0.24070000000000003,-0.021999999999999964,-0.32199999999999995
36597,0.0,0.0,0.0,1000.0,0,0,0.26070000000000004,-0.021999999999999964,-0.32199999999999995
36598,0.0,0.0,0.0,1000.0,0,0,0.2807,-0.021999999999999964,-0.32199999999999995
36599,0.0,0.0,0.0,1000.0,0,0,0.3007,-0.021999999999999964,-0.32199999999999995
36600,0.0,0.0,0.0,1000.0,0,0,0.3207,-0.021999999999999964,-0.32199999999999995
36601,0.0,0.0,0.0,1000.0,0,0,0.3407,-0.021999999999999964,-0.32199999999999995
36602,0.0,0.0,0.0,1000.0,0,0,0.3607,-0.021999999999999964,-0.32199999999999995
36603,0.0,0.0,0.0,1000.0,0,0,0.38070000000000004,-0.021999999999999964,-0.32199999999999995
36604,0.0,0.0,0.0,1000.0,0,0,0.4007,-0.021999999999999964,-0.32199999999999995
36605,0.0,0.0,0.0,1000.0,0,0,0.4207,-0.021999999999999964,-0.32199999999999995
36606,0.0,0.0,0.0,1000.0,0,0,0.44070000000000004,-0.021999999999999964,-0.32199999999999995
36607,0.0,0.0,0.0,1000.0,0,0,0.4607,-0.021999999999999964,-0.32199999999999995
36608,0.0,0.0,0.0,1000.0,0,0,0.4807,-0.021999999999999964,-0.32199999999999995
36609,0.0,0.0,0.0,1000.0,0,0,0.1607,-0.0020000000000000018,-0.32199999999999995
36610,0.0,0.0,0.0,1000.0,0,0,0.1807,-0.0020000000000000018,-0.32199999999999995
36611,0.0,0.0,0.0,1000.0,0,0,0.20070000000000002,-0.0020000000000000018,-0.32199999999999995
36612,0.0,0.0,0.0,1000.0,0,0,0.2207,-0.0020000000000000018,-0.32199999999999995
36613,0.0,0.0,0.0,1000.0,0,0,0.24070000000000003,-0.0020000000000000018,-0.32199999999999995
36614,0.0,0.0,0.0,1000.0,0,0,0.26070000000000004,-0.0020000000000000018,-0.32199999999999995
36615,0.0,0.0,0.0,1000.0,0,0,0.2807,-0.0020000000000000018,-0.32199999999999995
36616,0.0,0.0,0.0,1000.0,0,0,0.3007,-0.0020000000000000018,-0.32199999999999995
36617,0.0,0.0,0.0,1000.0,0,0,0.3207,-0.0020000000000000018,-0.32199999999999995
36618,0.0,0.0,0.0,1000.0,0,0,0.3407,-0.0020000000000000018,-0.32199999999999995
36619,0.0,0.0,0.0,1000.0,0,0,0.3607,-0.0020000000000000018,-0.32199999999999995
36620,0.0,0.0,0.0,1000.0,0,0,0.38070000000000004,-0.0020000000000000018,-0.32199999999999995
36621,0.0,0.0,0.0,1000.0,0,0,0.4007,-0.0020000000000000018,-0.32199999999999995
36622,0.0,0.0,0.0,1000.0,0,0,0.4207,-0.0020000000000000018,-0.32199999999999995
36623,0.0,0.0,0.0,1000.0,0,0,0.44070000000000004,-0.0020000000000000018,-0.32199999999999995
36624,0.0,0.0,0.0,1000.0,0,0,0.4607,-0.0020000000000000018,-0.32199999999999995
36625,0.0,0.0,0.0,1000.0,0,0,0.4807,-0.0020000000000000018,-0.32199999999999995
36626,0.0,0.0,0.0,1000.0,0,0,0.1607,0.018000000000000016,-0.32199999999999995
36627,0.0,0.0,0.0,1000.0,0,0,0.1807,0.018000000000000016,-0.32199999999999995
36628,0.0,0.0,0.0,1000.0,0,0,0.20070000000000002,0.018000000000000016,-0.32199999999999995
36629,0.0,0.0,0.0,1000.0,0,0,0.2207,0.018000000000000016,-0.32199999999999995
36630,0.0,0.0,0.0,1000.0,0,0,0.24070000000000003,0.018000000000000016,-0.32199999999999995
36631,0.0,0.0,0.0,1000.0,0,0,0.26070000000000004,0.018000000000000016,-0.32199999999999995
36632,0.0,0.0,0.0,1000.0,0,0,0.2807,0.018000000000000016,-0.32199999999999995
36633,0.0,0.0,0.0,1000.0,0,0,0.3007,0.018000000000000016,-0.32199999999999995
36634,0.0,0.0,0.0,1000.0,0,0,0.3207,0.018000000000000016,-0.32199999999999995
36635,0.0,0.0,0.0,1000.0,0,0,0.3407,0.018000000000000016,-0.32199999999999995
36636,0.0,0.0,0.0,1000.0,0,0,0.3607,0.018000000000000016,-0.32199999999999995
36637,0.0,0.0,0.0,1000.0,0,0,0.38070000000000004,0.018000000000000016,-0.32199999999999995
36638,0.0,0.0,0.0,1000.0,0,0,0.4007,0.018000000000000016,-0.32199999999999995
36639,0.0,0.0,0.0,1000.0,0,0,0.4207,0.018000000000000016,-0.32199999999999995
36640,0.0,0.0,0.0,1000.0,0,0,0.44070000000000004,0.018000000000000016,-0.32199999999999995
36641,0.0,0.0,0.0,1000.0,0,0,0.4607,0.018000000000000016,-0.32199999999999995
36642,0.0,0.0,0.0,1000.0,0,0,0.4807,0.018000000000000016,-0.32199999999999995
36643,0.0,0.0,0.0,1000.0,0,0,0.1607,0.038000000000000034,-0.32199999999999995
36644,0.0,0.0,0.0,1000.0,0,0,0.1807,0.038000000000000034,-0.32199999999999995
36645,0.0,0.0,0.0,1000.0,0,0,0.20070000000000002,0.038000000000000034,-0.32199999999999995
36646,0.0,0.0,0.0,1000.0,0,0,0.2207,0.038000000000000034,-0.32199999999999995
36647,0.0,0.0,0.0,1000.0,0,0,0.24070000000000003,0.038000000000000034,-0.32199999999999995
36648,0.0,0.0,0.0,1000.0,0,0,0.26070000000000004,0.038000000000000034,-0.32199999999999995
36649,0.0,0.0,0.0,1000.0,0,0,0.2807,0.038000000000000034,-0.32199999999999995
36650,0.0,0.0,0.0,1000.0,0,0,0.3007,0.038000000000000034,-0.32199999999999995
36651,0.0,0.0,0.0,1000.0,0,0,0.3207,0.038000000000000034,-0.32199999999999995
36652,0.0,0.0,0.0,1000.0,0,0,0.3407,0.038000000000000034,-0.32199999999999995
36653,0.0,0.0,0.0,1000.0,0,0,0.3607,0.038000000000000034,-0.32199999999999995
36654,0.0,0.0,0.0,1000.0,0,0,0.38070000000000004,0.038000000000000034,-0.32199999999999995
36655,0.0,0.0,0.0,1000.0,0,0,0.4007,0.038000000000000034,-0.32199999999999995
36656,0.0,0.0,0.0,1000.0,0,0,0.4207,0.038000000000000034,-0.32199999999999995
36657,0.0,0.0,0.0,1000.0,0,0,0.44070000000000004,0.038000000000000034,-0.32199999999999995
36658,0.0,0.0,0.0,1000.0,0,0,0.4607,0.038000000000000034,-0.32199999999999995
36659,0.0,0.0,0.0,1000.0,0,0,0.4807,0.038000000000000034,-0.32199999999999995
36660,0.0,0.0,0.0,1000.0,0,0,0.1607,0.05800000000000005,-0.32199999999999995
36661,0.0,0.0,0.0,1000.0,0,0,0.1807,0.05800000000000005,-0.32199999999999995
36662,0.0,0.0,0.0,1000.0,0,0,0.20070000000000002,0.05800000000000005,-0.32199999999999995
36663,0.0,0.0,0.0,1000.0,0,0,0.2207,0.05800000000000005,-0.32199999999999995
36664,0.0,0.0,0.0,1000.0,0,0,0.24070000000000003,0.05800000000000005,-0.32199999999999995
36665,0.0,0.0,0.0,1000.0,0,0,0.26070000000000004,0.05800000000000005,-0.32199999999999995
36666,0.0,0.0,0.0,1000.0,0,0,0.2807,0.05800000000000005,-0.32199999999999995
36667,0.0,0.0,0.0,1000.0,0,0,0.3007,0.05800000000000005,-0.32199999999999995
36668,0.0,0.0,0.0,1000.0,0,0,0.3207,0.05800000000000005,-0.32199999999999995
36669,0.0,0.0,0.0,1000.0,0,0,0.3407,0.05800000000000005,-0.32199999999999995
36670,0.0,0.0,0.0,1000.0,0,0,0.3607,0.05800000000000005,-0.32199999999999995
36671,0.0,0.0,0.0,1000.0,0,0,0.38070000000000004,0.05800000000000005,-0.32199999999999995
36672,0.0,0.0,0.0,1000.0,0,0,0.4007,0.05800000000000005,-0.32199999999999995
36673,0.0,0.0,0.0,1000.0,0,0,0.4207,0.05800000000000005,-0.32199999999999995
36674,0.0,0.0,0.0,1000.0,0,0,0.44070000000000004,0.05800000000000005,-0.32199999999999995
36675,0.0,0.0,0.0,1000.0,0,0,0.4607,0.05800000000000005,-0.32199999999999995
36676,0.0,0.0,0.0,1000.0,0,0,0.4807,0.05800000000000005,-0.32199999999999995
36677,0.0,0.0,0.0,1000.0,0,0,0.1607,0.07800000000000007,-0.32199999999999995
36678,0.0,0.0,0.0,1000.0,0,0,0.1807,0.07800000000000007,-0.32199999999999995
36679,0.0,0.0,0.0,1000.0,0,0,0.20070000000000002,0.07800000000000007,-0.32199999999999995
36680,0.0,0.0,0.0,1000.0,0,0,0.2207,0.07800000000000007,-0.32199999999999995
36681,0.0,0.0,0.0,1000.0,0,0,0.24070000000000003,0.07800000000000007,-0.32199999999999995
36682,0.0,0.0,0.0,1000.0,0,0,0.26070000000000004,0.07800000000000007,-0.32199999999999995
36683,0.0,0.0,0.0,1000.0,0,0,0.2807,0.07800000000000007,-0.32199999999999995
36684,0.0,0.0,0.0,1000.0,0,0,0.3007,0.07800000000000007,-0.32199999999999995
36685,0.0,0.0,0.0,1000.0,0,0,0.3207,0.07800000000000007,-0.32199999999999995
36686,0.0,0.0,0.0,1000.0,0,0,0.3407,0.07800000000000007,-0.32199999999999995
36687,0.0,0.0,0.0,1000.0,0,0,0.3607,0.07800000000000007,-0.32199999999999995
36688,0.0,0.0,0.0,1000.0,0,0,0.38070000000000004,0.07800000000000007,-0.32199999999999995
36689,0.0,0.0,0.0,1000.0,0,0,0.4007,0.07800000000000007,-0.32199999999999995
36690,0.0,0.0,0.0,1000.0,0,0,0.4207,0.07800000000000007,-0.32199999999999995
36691,0.0,0.0,0.0,1000.0,0,0,0.44070000000000004,0.07800000000000007,-0.32199999999999995
36692,0.0,0.0,0.0,1000.0,0,0,0.4607,0.07800000000000007,-0.32199999999999995
36693,0.0,0.0,0.0,1000.0,0,0,0.4807,0.07800000000000007,-0.32199999999999995
36694,0.0,0.0,0.0,1000.0,0,0,0.1607,0.09799999999999998,-0.32199999999999995
36695,0.0,0.0,0.0,1000.0,0,0,0.1807,0.09799999999999998,-0.32199999999999995
36696,0.0,0.0,0.0,1000.0,0,0,0.20070000000000002,0.09799999999999998,-0.32199999999999995
36697,0.0,0.0,0.0,1000.0,0,0,0.2207,0.09799999999999998,-0.32199999999999995
36698,0.0,0.0,0.0,1000.0,0,0,0.24070000000000003,0.09799999999999998,-0.32199999999999995
36699,0.0,0.0,0.0,1000.0,0,0,0.26070000000000004,0.09799999999999998,-0.32199999999999995
36700,0.0,0.0,0.0,1000.0,0,0,0.2807,0.09799999999999998,-0.32199999999999995
36701,0.0,0.0,0.0,1000.0,0,0,0.3007,0.09799999999999998,-0.32199999999999995
36702,0.0,0.0,0.0,1000.0,0,0,0.3207,0.09799999999999998,-0.32199999999999995
36703,0.0,0.0,0.0,1000.0,0,0,0.3407,0.09799999999999998,-0.32199999999999995
36704,0.0,0.0,0.0,1000.0,0,0,0.3607,0.09799999999999998,-0.32199999999999995
36705,0.0,0.0,0.0,1000.0,0,0,0.38070000000000004,0.09799999999999998,-0.32199999999999995
36706,0.0,0.0,0.0,1000.0,0,0,0.4007,0.09799999999999998,-0.32199999999999995
36707,0.0,0.0,0.0,1000.0,0,0,0.4207,0.09799999999999998,-0.32199999999999995
36708,0.0,0.0,0.0,1000.0,0,0,0.44070000000000004,0.09799999999999998,-0.32199999999999995
36709,0.0,0.0,0.0,1000.0,0,0,0.4607,0.09799999999999998,-0.32199999999999995
36710,0.0,0.0,0.0,1000.0,0,0,0.4807,0.09799999999999998,-0.32199999999999995
36711,0.0,0.0,0.0,1000.0,0,0,0.1607,0.118,-0.32199999999999995
36712,0.0,0.0,0.0,1000.0,0,0,0.1807,0.118,-0.32199999999999995
36713,0.0,0.0,0.0,1000.0,0,0,0.20070000000000002,0.118,-0.32199999999999995
36714,0.0,0.0,0.0,1000.0,0,0,0.2207,0.118,-0.32199999999999995
36715,0.0,0.0,0.0,1000.0,0,0,0.24070000000000003,0.118,-0.32199999999999995
36716,0.0,0.0,0.0,1000.0,0,0,0.26070000000000004,0.118,-0.32199999999999995
36717,0.0,0.0,0.0,1000.0,0,0,0.2807,0.118,-0.32199999999999995
36718,0.0,0.0,0.0,1000.0,0,0,0.3007,0.118,-0.32199999999999995
36719,0.0,0.0,0.0,1000.0,0,0,0.3207,0.118,-0.32199999999999995
36720,0.0,0.0,0.0,1000.0,0,0,0.3407,0.118,-0.32199999999999995
36721,0.0,0.0,0.0,1000.0,0,0,0.3607,0.118,-0.32199999999999995
36722,0.0,0.0,0.0,1000.0,0,0,0.38070000000000004,0.118,-0.32199999999999995
36723,0.0,0.0,0.0,1000.0,0,0,0.4007,0.118,-0.32199999999999995
36724,0.0,0.0,0.0,1000.0,0,0,0.4207,0.118,-0.32199999999999995
36725,0.0,0.0,0.0,1000.0,0,0,0.44070000000000004,0.118,-0.32199999999999995
36726,0.0,0.0,0.0,1000.0,0,0,0.4607,0.118,-0.32199999999999995
36727,0.0,0.0,0.0,1000.0,0,0,0.4807,0.118,-0.32199999999999995
36728,0.0,0.0,0.0,1000.0,0,0,0.1607,0.138,-0.32199999999999995
36729,0.0,0.0,0.0,1000.0,0,0,0.1807,0.138,-0.32199999999999995
36730,0.0,0.0,0.0,1000.0,0,0,0.20070000000000002,0.138,-0.32199999999999995
36731,0.0,0.0,0.0,1000.0,0,0,0.2207,0.138,-0.32199999999999995
36732,0.0,0.0,0.0,1000.0,0,0,0.24070000000000003,0.138,-0.32199999999999995
36733,0.0,0.0,0.0,1000.0,0,0,0.26070000000000004,0.138,-0.32199999999999995
36734,0.0,0.0,0.0,1000.0,0,0,0.2807,0.138,-0.32199999999999995
36735,0.0,0.0,0.0,1000.0,0,0,0.3007,0.138,-0.32199999999999995
36736,0.0,0.0,0.0,1000.0,0,0,0.3207,0.138,-0.32199999999999995
36737,0.0,0.0,0.0,1000.0,0,0,0.3407,0.138,-0.32199999999999995
36738,0.0,0.0,0.0,1000.0,0,0,0.3607,0.138,-0.32199999999999995
36739,0.0,0.0,0.0,1000.0,0,0,0.38070000000000004,0.138,-0.32199999999999995
36740,0.0,0.0,0.0,1000.0,0,0,0.4007,0.138,-0.32199999999999995
36741,0.0,0.0,0.0,1000.0,0,0,0.4207,0.138,-0.32199999999999995
36742,0.0,0.0,0.0,1000.0,0,0,0.44070000000000004,0.138,-0.32199999999999995
36743,0.0,0.0,0.0,1000.0,0,0,0.4607,0.138,-0.32199999999999995
36744,0.0,0.0,0.0,1000.0,0,0,0.4807,0.138,-0.32199999999999995
36745,0.0,0.0,0.0,1000.0,0,0,0.1607,0.15800000000000003,-0.32199999999999995
36746,0.0,0.0,0.0,1000.0,0,0,0.1807,0.15800000000000003,-0.32199999999999995
36747,0.0,0.0,0.0,1000.0,0,0,0.20070000000000002,0.15800000000000003,-0.32199999999999995
36748,0.0,0.0,0.0,1000.0,0,0,0.2207,0.15800000000000003,-0.32199999999999995
36749,0.0,0.0,0.0,1000.0,0,0,0.24070000000000003,0.15800000000000003,-0.32199999999999995
36750,0.0,0.0,0.0,1000.0,0,0,0.26070000000000004,0.15800000000000003,-0.32199999999999995
36751,0.0,0.0,0.0,1000.0,0,0,0.2807,0.15800000000000003,-0.32199999999999995
36752,0.0,0.0,0.0,1000.0,0,0,0.3007,0.15800000000000003,-0.32199999999999995
36753,0.0,0.0,0.0,1000.0,0,0,0.3207,0.15800000000000003,-0.32199999999999995
36754,0.0,0.0,0.0,1000.0,0,0,0.3407,0.15800000000000003,-0.32199999999999995
36755,0.0,0.0,0.0,1000.0,0,0,0.3607,0.15800000000000003,-0.32199999999999995
36756,0.0,0.0,0.0,1000.0,0,0,0.38070000000000004,0.15800000000000003,-0.32199999999999995
36757,0.0,0.0,0.0,1000.0,0,0,0.4007,0.15800000000000003,-0.32199999999999995
36758,0.0,0.0,0.0,1000.0,0,0,0.4207,0.15800000000000003,-0.32199999999999995
36759,0.0,0.0,0.0,1000.0,0,0,0.44070000000000004,0.15800000000000003,-0.32199999999999995
36760,0.0,0.0,0.0,1000.0,0,0,0.4607,0.15800000000000003,-0.32199999999999995
36761,0.0,0.0,0.0,1000.0,0,0,0.4807,0.15800000000000003,-0.32199999999999995
36762,0.0,0.0,0.0,1000.0,0,0,0.1607,0.17800000000000005,-0.32199999999999995
36763,0.0,0.0,0.0,1000.0,0,0,0.1807,0.17800000000000005,-0.32199999999999995
36764,0.0,0.0,0.0,1000.0,0,0,0.20070000000000002,0.17800000000000005,-0.32199999999999995
36765,0.0,0.0,0.0,1000.0,0,0,0.2207,0.17800000000000005,-0.32199999999999995
36766,0.0,0.0,0.0,1000.0,0,0,0.24070000000000003,0.17800000000000005,-0.32199999999999995
36767,0.0,0.0,0.0,1000.0,0,0,0.26070000000000004,0.17800000000000005,-0.32199999999999995
36768,0.0,0.0,0.0,1000.0,0,0,0.2807,0.17800000000000005,-0.32199999999999995
36769,0.0,0.0,0.0,1000.0,0,0,0.3007,0.17800000000000005,-0.32199999999999995
36770,0.0,0.0,0.0,1000.0,0,0,0.3207,0.17800000000000005,-0.32199999999999995
36771,0.0,0.0,0.0,1000.0,0,0,0.3407,0.17800000000000005,-0.32199999999999995
36772,0.0,0.0,0.0,1000.0,0,0,0.3607,0.17800000000000005,-0.32199999999999995
36773,0.0,0.0,0.0,1000.0,0,0,0.38070000000000004,0.17800000000000005,-0.32199999999999995
36774,0.0,0.0,0.0,1000.0,0,0,0.4007,0.17800000000000005,-0.32199999999999995
36775,0.0,0.0,0.0,1000.0,0,0,0.4207,0.17800000000000005,-0.32199999999999995
36776,0.0,0.0,0.0,1000.0,0,0,0.44070000000000004,0.17800000000000005,-0.32199999999999995
36777,0.0,0.0,0.0,1000.0,0,0,0.4607,0.17800000000000005,-0.32199999999999995
36778,0.0,0.0,0.0,1000.0,0,0,0.4807,0.17800000000000005,-0.32199999999999995
36779,0.0,0.0,0.0,1000.0,0,0,0.1607,0.19800000000000006,-0.32199999999999995
36780,0.0,0.0,0.0,1000.0,0,0,0.1807,0.19800000000000006,-0.32199999999999995
36781,0.0,0.0,0.0,1000.0,0,0,0.20070000000000002,0.19800000000000006,-0.32199999999999995
36782,0.0,0.0,0.0,1000.0,0,0,0.2207,0.19800000000000006,-0.32199999999999995
36783,0.0,0.0,0.0,1000.0,0,0,0.24070000000000003,0.19800000000000006,-0.32199999999999995
36784,0.0,0.0,0.0,1000.0,0,0,0.26070000000000004,0.19800000000000006,-0.32199999999999995
36785,0.0,0.0,0.0,1000.0,0,0,0.2807,0.19800000000000006,-0.32199999999999995
36786,0.0,0.0,0.0,1000.0,0,0,0.3007,0.19800000000000006,-0.32199999999999995
36787,0.0,0.0,0.0,1000.0,0,0,0.3207,0.19800000000000006,-0.32199999999999995
36788,0.0,0.0,0.0,1000.0,0,0,0.3407,0.19800000000000006,-0.32199999999999995
36789,0.0,0.0,0.0,1000.0,0,0,0.3607,0.19800000000000006,-0.32199999999999995
36790,0.0,0.0,0.0,1000.0,0,0,0.38070000000000004,0.19800000000000006,-0.32199999999999995
36791,0.0,0.0,0.0,1000.0,0,0,0.4007,0.19800000000000006,-0.32199999999999995
36792,0.0,0.0,0.0,1000.0,0,0,0.4207,0.19800000000000006,-0.32199999999999995
36793,0.0,0.0,0.0,1000.0,0,0,0.44070000000000004,0.19800000000000006,-0.32199999999999995
36794,0.0,0.0,0.0,1000.0,0,0,0.4607,0.19800000000000006,-0.32199999999999995
36795,0.0,0.0,0.0,1000.0,0,0,0.4807,0.19800000000000006,-0.32199999999999995
36796,0.0,0.0,0.0,1000.0,0,0,0.1607,0.21800000000000008,-0.32199999999999995
36797,0.0,0.0,0.0,1000.0,0,0,0.1807,0.21800000000000008,-0.32199999999999995
36798,0.0,0.0,0.0,1000.0,0,0,0.20070000000000002,0.21800000000000008,-0.32199999999999995
36799,0.0,0.0,0.0,1000.0,0,0,0.2207,0.21800000000000008,-0.32199999999999995
36800,0.0,0.0,0.0,1000.0,0,0,0.24070000000000003,0.21800000000000008,-0.32199999999999995
36801,0.0,0.0,0.0,1000.0,0,0,0.26070000000000004,0.21800000000000008,-0.32199999999999995
36802,0.0,0.0,0.0,1000.0,0,0,0.2807,0.21800000000000008,-0.32199999999999995
36803,0.0,0.0,0.0,1000.0,0,0,0.3007,0.21800000000000008,-0.32199999999999995
36804,0.0,0.0,0.0,1000.0,0,0,0.3207,0.21800000000000008,-0.32199999999999995
36805,0.0,0.0,0.0,1000.0,0,0,0.3407,0.21800000000000008,-0.32199999999999995
36806,0.0,0.0,0.0,1000.0,0,0,0.3607,0.21800000000000008,-0.32199999999999995
36807,0.0,0.0,0.0,1000.0,0,0,0.38070000000000004,0.21800000000000008,-0.32199999999999995
36808,0.0,0.0,0.0,1000.0,0,0,0.4007,0.21800000000000008,-0.32199999999999995
36809,0.0,0.0,0.0,1000.0,0,0,0.4207,0.21800000000000008,-0.32199999999999995
36810,0.0,0.0,0.0,1000.0,0,0,0.44070000000000004,0.21800000000000008,-0.32199999999999995
36811,0.0,0.0,0.0,1000.0,0,0,0.4607,0.21800000000000008,-0.32199999999999995
36812,0.0,0.0,0.0,1000.0,0,0,0.4807,0.21800000000000008,-0.32199999999999995
36813,0.0,0.0,0.0,1000.0,0,0,0.1607,0.238,-0.32199999999999995
36814,0.0,0.0,0.0,1000.0,0,0,0.1807,0.238,-0.32199999999999995
36815,0.0,0.0,0.0,1000.0,0,0,0.20070000000000002,0.238,-0.32199999999999995
36816,0.0,0.0,0.0,1000.0,0,0,0.2207,0.238,-0.32199999999999995
36817,0.0,0.0,0.0,1000.0,0,0,0.24070000000000003,0.238,-0.32199999999999995
36818,0.0,0.0,0.0,1000.0,0,0,0.26070000000000004,0.238,-0.32199999999999995
36819,0.0,0.0,0.0,1000.0,0,0,0.2807,0.238,-0.32199999999999995
36820,0.0,0.0,0.0,1000.0,0,0,0.3007,0.238,-0.32199999999999995
36821,0.0,0.0,0.0,1000.0,0,0,0.3207,0.238,-0.32199999999999995
36822,0.0,0.0,0.0,1000.0,0,0,0.3407,0.238,-0.32199999999999995
36823,0.0,0.0,0.0,1000.0,0,0,0.3607,0.238,-0.32199999999999995
36824,0.0,0.0,0.0,1000.0,0,0,0.38070000000000004,0.238,-0.32199999999999995
36825,0.0,0.0,0.0,1000.0,0,0,0.4007,0.238,-0.32199999999999995
36826,0.0,0.0,0.0,1000.0,0,0,0.4207,0.238,-0.32199999999999995
36827,0.0,0.0,0.0,1000.0,0,0,0.44070000000000004,0.238,-0.32199999999999995
36828,0.0,0.0,0.0,1000.0,0,0,0.4607,0.238,-0.32199999999999995
36829,0.0,0.0,0.0,1000.0,0,0,0.4807,0.238,-0.32199999999999995
36830,0.0,0.0,0.0,1000.0,0,0,0.1607,0.258,-0.32199999999999995
36831,0.0,0.0,0.0,1000.0,0,0,0.1807,0.258,-0.32199999999999995
36832,0.0,0.0,0.0,1000.0,0,0,0.20070000000000002,0.258,-0.32199999999999995
36833,0.0,0.0,0.0,1000.0,0,0,0.2207,0.258,-0.32199999999999995
36834,0.0,0.0,0.0,1000.0,0,0,0.24070000000000003,0.258,-0.32199999999999995
36835,0.0,0.0,0.0,1000.0,0,0,0.26070000000000004,0.258,-0.32199999999999995
36836,0.0,0.0,0.0,1000.0,0,0,0.2807,0.258,-0.32199999999999995
36837,0.0,0.0,0.0,1000.0,0,0,0.3007,0.258,-0.32199999999999995
36838,0.0,0.0,0.0,1000.0,0,0,0.3207,0.258,-0.32199999999999995
36839,0.0,0.0,0.0,1000.0,0,0,0.3407,0.258,-0.32199999999999995
36840,0.0,0.0,0.0,1000.0,0,0,0.3607,0.258,-0.32199999999999995
36841,0.0,0.0,0.0,1000.0,0,0,0.38070000000000004,0.258,-0.32199999999999995
36842,0.0,0.0,0.0,1000.0,0,0,0.4007,0.258,-0.32199999999999995
36843,0.0,0.0,0.0,1000.0,0,0,0.4207,0.258,-0.32199999999999995
36844,0.0,0.0,0.0,1000.0,0,0,0.44070000000000004,0.258,-0.32199999999999995
36845,0.0,0.0,0.0,1000.0,0,0,0.4607,0.258,-0.32199999999999995
36846,0.0,0.0,0.0,1000.0,0,0,0.4807,0.258,-0.32199999999999995
36847,0.0,0.0,0.0,1000.0,0,0,0.1607,0.278,-0.32199999999999995
36848,0.0,0.0,0.0,1000.0,0,0,0.1807,0.278,-0.32199999999999995
36849,0.0,0.0,0.0,1000.0,0,0,0.20070000000000002,0.278,-0.32199999999999995
36850,0.0,0.0,0.0,1000.0,0,0,0.2207,0.278,-0.32199999999999995
36851,0.0,0.0,0.0,1000.0,0,0,0.24070000000000003,0.278,-0.32199999999999995
36852,0.0,0.0,0.0,1000.0,0,0,0.26070000000000004,0.278,-0.32199999999999995
36853,0.0,0.0,0.0,1000.0,0,0,0.2807,0.278,-0.32199999999999995
36854,0.0,0.0,0.0,1000.0,0,0,0.3007,0.278,-0.32199999999999995
36855,0.0,0.0,0.0,1000.0,0,0,0.3207,0.278,-0.32199999999999995
36856,0.0,0.0,0.0,1000.0,0,0,0.3407,0.278,-0.32199999999999995
36857,0.0,0.0,0.0,1000.0,0,0,0.3607,0.278,-0.32199999999999995
36858,0.0,0.0,0.0,1000.0,0,0,0.38070000000000004,0.278,-0.32199999999999995
36859,0.0,0.0,0.0,1000.0,0,0,0.4007,0.278,-0.32199999999999995
36860,0.0,0.0,0.0,1000.0,0,0,0.4207,0.278,-0.32199999999999995
36861,0.0,0.0,0.0,1000.0,0,0,0.44070000000000004,0.278,-0.32199999999999995
36862,0.0,0.0,0.0,1000.0,0,0,0.4607,0.278,-0.32199999999999995
36863,0.0,0.0,0.0,1000.0,0,0,0.4807,0.278,-0.32199999999999995
36864,0.0,0.0,0.0,1000.0,0,0,0.1607,0.29800000000000004,-0.32199999999999995
36865,0.0,0.0,0.0,1000.0,0,0,0.1807,0.29800000000000004,-0.32199999999999995
36866,0.0,0.0,0.0,1000.0,0,0,0.20070000000000002,0.29800000000000004,-0.32199999999999995
36867,0.0,0.0,0.0,1000.0,0,0,0.2207,0.29800000000000004,-0.32199999999999995
36868,0.0,0.0,0.0,1000.0,0,0,0.24070000000000003,0.29800000000000004,-0.32199999999999995
36869,0.0,0.0,0.0,1000.0,0,0,0.26070000000000004,0.29800000000000004,-0.32199999999999995
36870,0.0,0.0,0.0,1000.0,0,0,0.2807,0.29800000000000004,-0.32199999999999995
36871,0.0,0.0,0.0,1000.0,0,0,0.3007,0.29800000000000004,-0.32199999999999995
36872,0.0,0.0,0.0,1000.0,0,0,0.3207,0.29800000000000004,-0.32199999999999995
36873,0.0,0.0,0.0,1000.0,0,0,0.3407,0.29800000000000004,-0.32199999999999995
36874,0.0,0.0,0.0,1000.0,0,0,0.3607,0.29800000000000004,-0.32199999999999995
36875,0.0,0.0,0.0,1000.0,0,0,0.38070000000000004,0.29800000000000004,-0.32199999999999995
36876,0.0,0.0,0.0,1000.0,0,0,0.4007,0.29800000000000004,-0.32199999999999995
36877,0.0,0.0,0.0,1000.0,0,0,0.4207,0.29800000000000004,-0.32199999999999995
36878,0.0,0.0,0.0,1000.0,0,0,0.44070000000000004,0.29800000000000004,-0.32199999999999995
36879,0.0,0.0,0.0,1000.0,0,0,0.4607,0.29800000000000004,-0.32199999999999995
36880,0.0,0.0,0.0,1000.0,0,0,0.4807,0.29800000000000004,-0.32199999999999995
36881,0.0,0.0,0.0,1000.0,0,0,0.1607,0.31800000000000006,-0.32199999999999995
36882,0.0,0.0,0.0,1000.0,0,0,0.1807,0.31800000000000006,-0.32199999999999995
36883,0.0,0.0,0.0,1000.0,0,0,0.20070000000000002,0.31800000000000006,-0.32199999999999995
36884,0.0,0.0,0.0,1000.0,0,0,0.2207,0.31800000000000006,-0.32199999999999995
36885,0.0,0.0,0.0,1000.0,0,0,0.24070000000000003,0.31800000000000006,-0.32199999999999995
36886,0.0,0.0,0.0,1000.0,0,0,0.26070000000000004,0.31800000000000006,-0.32199999999999995
36887,0.0,0.0,0.0,1000.0,0,0,0.2807,0.31800000000000006,-0.32199999999999995
36888,0.0,0.0,0.0,1000.0,0,0,0.3007,0.31800000000000006,-0.32199999999999995
36889,0.0,0.0,0.0,1000.0,0,0,0.3207,0.31800000000000006,-0.32199999999999995
36890,0.0,0.0,0.0,1000.0,0,0,0.3407,0.31800000000000006,-0.32199999999999995
36891,0.0,0.0,0.0,1000.0,0,0,0.3607,0.31800000000000006,-0.32199999999999995
36892,0.0,0.0,0.0,1000.0,0,0,0.38070000000000004,0.31800000000000006,-0.32199999999999995
36893,0.0,0.0,0.0,1000.0,0,0,0.4007,0.31800000000000006,-0.32199999999999995
36894,0.0,0.0,0.0,1000.0,0,0,0.4207,0.31800000000000006,-0.32199999999999995
36895,0.0,0.0,0.0,1000.0,0,0,0.44070000000000004,0.31800000000000006,-0.32199999999999995
36896,0.0,0.0,0.0,1000.0,0,0,0.4607,0.31800000000000006,-0.32199999999999995
36897,0.0,0.0,0.0,1000.0,0,0,0.4807,0.31800000000000006,-0.32199999999999995
36898,0.0,0.0,0.0,1000.0,0,0,0.1607,0.3380000000000001,-0.32199999999999995
36899,0.0,0.0,0.0,1000.0,0,0,0.1807,0.3380000000000001,-0.32199999999999995
36900,0.0,0.0,0.0,1000.0,0,0,0.20070000000000002,0.3380000000000001,-0.32199999999999995
36901,0.0,0.0,0.0,1000.0,0,0,0.2207,0.3380000000000001,-0.32199999999999995
36902,0.0,0.0,0.0,1000.0,0,0,0.24070000000000003,0.3380000000000001,-0.32199999999999995
36903,0.0,0.0,0.0,1000.0,0,0,0.26070000000000004,0.3380000000000001,-0.32199999999999995
36904,0.0,0.0,0.0,1000.0,0,0,0.2807,0.3380000000000001,-0.32199999999999995
36905,0.0,0.0,0.0,1000.0,0,0,0.3007,0.3380000000000001,-0.32199999999999995
36906,0.0,0.0,0.0,1000.0,0,0,0.3207,0.3380000000000001,-0.32199999999999995
36907,0.0,0.0,0.0,1000.0,0,0,0.3407,0.3380000000000001,-0.32199999999999995
36908,0.0,0.0,0.0,1000.0,0,0,0.3607,0.3380000000000001,-0.32199999999999995
36909,0.0,0.0,0.0,1000.0,0,0,0.38070000000000004,0.3380000000000001,-0.32199999999999995
36910,0.0,0.0,0.0,1000.0,0,0,0.4007,0.3380000000000001,-0.32199999999999995
36911,0.0,0.0,0.0,1000.0,0,0,0.4207,0.3380000000000001,-0.32199999999999995
36912,0.0,0.0,0.0,1000.0,0,0,0.44070000000000004,0.3380000000000001,-0.32199999999999995
36913,0.0,0.0,0.0,1000.0,0,0,0.4607,0.3380000000000001,-0.32199999999999995
36914,0.0,0.0,0.0,1000.0,0,0,0.4807,0.3380000000000001,-0.32199999999999995
36915,0.0,0.0,0.0,1000.0,0,0,0.1607,0.358,-0.32199999999999995
36916,0.0,0.0,0.0,1000.0,0,0,0.1807,0.358,-0.32199999999999995
36917,0.0,0.0,0.0,1000.0,0,0,0.20070000000000002,0.358,-0.32199999999999995
36918,0.0,0.0,0.0,1000.0,0,0,0.2207,0.358,-0.32199999999999995
36919,0.0,0.0,0.0,1000.0,0,0,0.24070000000000003,0.358,-0.32199999999999995
36920,0.0,0.0,0.0,1000.0,0,0,0.26070000000000004,0.358,-0.32199999999999995
36921,0.0,0.0,0.0,1000.0,0,0,0.2807,0.358,-0.32199999999999995
36922,0.0,0.0,0.0,1000.0,0,0,0.3007,0.358,-0.32199999999999995
36923,0.0,0.0,0.0,1000.0,0,0,0.3207,0.358,-0.32199999999999995
36924,0.0,0.0,0.0,1000.0,0,0,0.3407,0.358,-0.32199999999999995
36925,0.0,0.0,0.0,1000.0,0,0,0.3607,0.358,-0.32199999999999995
36926,0.0,0.0,0.0,1000.0,0,0,0.38070000000000004,0.358,-0.32199999999999995
36927,0.0,0.0,0.0,1000.0,0,0,0.4007,0.358,-0.32199999999999995
36928,0.0,0.0,0.0,1000.0,0,0,0.4207,0.358,-0.32199999999999995
36929,0.0,0.0,0.0,1000.0,0,0,0.44070000000000004,0.358,-0.32199999999999995
36930,0.0,0.0,0.0,1000.0,0,0,0.4607,0.358,-0.32199999999999995
36931,0.0,0.0,0.0,1000.0,0,0,0.4807,0.358,-0.32199999999999995
36932,0.0,0.0,0.0,1000.0,0,0,0.1607,0.378,-0.32199999999999995
36933,0.0,0.0,0.0,1000.0,0,0,0.1807,0.378,-0.32199999999999995
36934,0.0,0.0,0.0,1000.0,0,0,0.20070000000000002,0.378,-0.32199999999999995
36935,0.0,0.0,0.0,1000.0,0,0,0.2207,0.378,-0.32199999999999995
36936,0.0,0.0,0.0,1000.0,0,0,0.24070000000000003,0.378,-0.32199999999999995
36937,0.0,0.0,0.0,1000.0,0,0,0.26070000000000004,0.378,-0.32199999999999995
36938,0.0,0.0,0.0,1000.0,0,0,0.2807,0.378,-0.32199999999999995
36939,0.0,0.0,0.0,1000.0,0,0,0.3007,0.378,-0.32199999999999995
36940,0.0,0.0,0.0,1000.0,0,0,0.3207,0.378,-0.32199999999999995
36941,0.0,0.0,0.0,1000.0,0,0,0.3407,0.378,-0.32199999999999995
36942,0.0,0.0,0.0,1000.0,0,0,0.3607,0.378,-0.32199999999999995
36943,0.0,0.0,0.0,1000.0,0,0,0.38070000000000004,0.378,-0.32199999999999995
36944,0.0,0.0,0.0,1000.0,0,0,0.4007,0.378,-0.32199999999999995
36945,0.0,0.0,0.0,1000.0,0,0,0.4207,0.378,-0.32199999999999995
36946,0.0,0.0,0.0,1000.0,0,0,0.44070000000000004,0.378,-0.32199999999999995
36947,0.0,0.0,0.0,1000.0,0,0,0.4607,0.378,-0.32199999999999995
36948,0.0,0.0,0.0,1000.0,0,0,0.4807,0.378,-0.32199999999999995
36949,0.0,0.0,0.0,1000.0,0,0,0.1607,0.398,-0.32199999999999995
36950,0.0,0.0,0.0,1000.0,0,0,0.1807,0.398,-0.32199999999999995
36951,0.0,0.0,0.0,1000.0,0,0,0.20070000000000002,0.398,-0.32199999999999995
36952,0.0,0.0,0.0,1000.0,0,0,0.2207,0.398,-0.32199999999999995
36953,0.0,0.0,0.0,1000.0,0,0,0.24070000000000003,0.398,-0.32199999999999995
36954,0.0,0.0,0.0,1000.0,0,0,0.26070000000000004,0.398,-0.32199999999999995
36955,0.0,0.0,0.0,1000.0,0,0,0.2807,0.398,-0.32199999999999995
36956,0.0,0.0,0.0,1000.0,0,0,0.3007,0.398,-0.32199999999999995
36957,0.0,0.0,0.0,1000.0,0,0,0.3207,0.398,-0.32199999999999995
36958,0.0,0.0,0.0,1000.0,0,0,0.3407,0.398,-0.32199999999999995
36959,0.0,0.0,0.0,1000.0,0,0,0.3607,0.398,-0.32199999999999995
36960,0.0,0.0,0.0,1000.0,0,0,0.38070000000000004,0.398,-0.32199999999999995
36961,0.0,0.0,0.0,1000.0,0,0,0.4007,0.398,-0.32199999999999995
36962,0.0,0.0,0.0,1000.0,0,0,0.4207,0.398,-0.32199999999999995
36963,0.0,0.0,0.0,1000.0,0,0,0.44070000000000004,0.398,-0.32199999999999995
36964,0.0,0.0,0.0,1000.0,0,0,0.4607,0.398,-0.32199999999999995
36965,0.0,0.0,0.0,1000.0,0,0,0.4807,0.398,-0.32199999999999995
36966,0.0,0.0,0.0,1000.0,0,0,0.1607,0.41800000000000004,-0.32199999999999995
36967,0.0,0.0,0.0,1000.0,0,0,0.1807,0.41800000000000004,-0.32199999999999995
36968,0.0,0.0,0.0,1000.0,0,0,0.20070000000000002,0.41800000000000004,-0.32199999999999995
36969,0.0,0.0,0.0,1000.0,0,0,0.2207,0.41800000000000004,-0.32199999999999995
36970,0.0,0.0,0.0,1000.0,0,0,0.24070000000000003,0.41800000000000004,-0.32199999999999995
36971,0.0,0.0,0.0,1000.0,0,0,0.26070000000000004,0.41800000000000004,-0.32199999999999995
36972,0.0,0.0,0.0,1000.0,0,0,0.2807,0.41800000000000004,-0.32199999999999995
36973,0.0,0.0,0.0,1000.0,0,0,0.3007,0.41800000000000004,-0.32199999999999995
36974,0.0,0.0,0.0,1000.0,0,0,0.3207,0.41800000000000004,-0.32199999999999995
36975,0.0,0.0,0.0,1000.0,0,0,0.3407,0.41800000000000004,-0.32199999999999995
36976,0.0,0.0,0.0,1000.0,0,0,0.3607,0.41800000000000004,-0.32199999999999995
36977,0.0,0.0,0.0,1000.0,0,0,0.38070000000000004,0.41800000000000004,-0.32199999999999995
36978,0.0,0.0,0.0,1000.0,0,0,0.4007,0.41800000000000004,-0.32199999999999995
36979,0.0,0.0,0.0,1000.0,0,0,0.4207,0.41800000000000004,-0.32199999999999995
36980,0.0,0.0,0.0,1000.0,0,0,0.44070000000000004,0.41800000000000004,-0.32199999999999995
36981,0.0,0.0,0.0,1000.0,0,0,0.4607,0.41800000000000004,-0.32199999999999995
36982,0.0,0.0,0.0,1000.0,0,0,0.4807,0.41800000000000004,-0.32199999999999995
36983,0.0,0.0,0.0,1000.0,0,0,0.1607,0.43800000000000006,-0.32199999999999995
36984,0.0,0.0,0.0,1000.0,0,0,0.1807,0.43800000000000006,-0.32199999999999995
36985,0.0,0.0,0.0,1000.0,0,0,0.20070000000000002,0.43800000000000006,-0.32199999999999995
36986,0.0,0.0,0.0,1000.0,0,0,0.2207,0.43800000000000006,-0.32199999999999995
36987,0.0,0.0,0.0,1000.0,0,0,0.24070000000000003,0.43800000000000006,-0.32199999999999995
36988,0.0,0.0,0.0,1000.0,0,0,0.26070000000000004,0.43800000000000006,-0.32199999999999995
36989,0.0,0.0,0.0,1000.0,0,0,0.2807,0.43800000000000006,-0.32199999999999995
36990,0.0,0.0,0.0,1000.0,0,0,0.3007,0.43800000000000006,-0.32199999999999995
36991,0.0,0.0,0.0,1000.0,0,0,0.3207,0.43800000000000006,-0.32199999999999995
36992,0.0,0.0,0.0,1000.0,0,0,0.3407,0.43800000000000006,-0.32199999999999995
36993,0.0,0.0,0.0,1000.0,0,0,0.3607,0.43800000000000006,-0.32199999999999995
36994,0.0,0.0,0.0,1000.0,0,0,0.38070000000000004,0.43800000000000006,-0.32199999999999995
36995,0.0,0.0,0.0,1000.0,0,0,0.4007,0.43800000000000006,-0.32199999999999995
36996,0.0,0.0,0.0,1000.0,0,0,0.4207,0.43800000000000006,-0.32199999999999995
36997,0.0,0.0,0.0,1000.0,0,0,0.44070000000000004,0.43800000000000006,-0.32199999999999995
36998,0.0,0.0,0.0,1000.0,0,0,0.4607,0.43800000000000006,-0.32199999999999995
36999,0.0,0.0,0.0,1000.0,0,0,0.4807,0.43800000000000006,-0.32199999999999995
37000,0.0,0.0,0.0,1000.0,0,0,0.1607,0.4580000000000001,-0.32199999999999995
37001,0.0,0.0,0.0,1000.0,0,0,0.1807,0.4580000000000001,-0.32199999999999995
37002,0.0,0.0,0.0,1000.0,0,0,0.20070000000000002,0.4580000000000001,-0.32199999999999995
37003,0.0,0.0,0.0,1000.0,0,0,0.2207,0.4580000000000001,-0.32199999999999995
37004,0.0,0.0,0.0,1000.0,0,0,0.24070000000000003,0.4580000000000001,-0.32199999999999995
37005,0.0,0.0,0.0,1000.0,0,0,0.26070000000000004,0.4580000000000001,-0.32199999999999995
37006,0.0,0.0,0.0,1000.0,0,0,0.2807,0.4580000000000001,-0.32199999999999995
37007,0.0,0.0,0.0,1000.0,0,0,0.3007,0.4580000000000001,-0.32199999999999995
37008,0.0,0.0,0.0,1000.0,0,0,0.3207,0.4580000000000001,-0.32199999999999995
37009,0.0,0.0,0.0,1000.0,0,0,0.3407,0.4580000000000001,-0.32199999999999995
37010,0.0,0.0,0.0,1000.0,0,0,0.3607,0.4580000000000001,-0.32199999999999995
37011,0.0,0.0,0.0,1000.0,0,0,0.38070000000000004,0.4580000000000001,-0.32199999999999995
37012,0.0,0.0,0.0,1000.0,0,0,0.4007,0.4580000000000001,-0.32199999999999995
37013,0.0,0.0,0.0,1000.0,0,0,0.4207,0.4580000000000001,-0.32199999999999995
37014,0.0,0.0,0.0,1000.0,0,0,0.44070000000000004,0.4580000000000001,-0.32199999999999995
37015,0.0,0.0,0.0,1000.0,0,0,0.4607,0.4580000000000001,-0.32199999999999995
37016,0.0,0.0,0.0,1000.0,0,0,0.4807,0.4580000000000001,-0.32199999999999995
37017,0.0,0.0,0.0,1000.0,0,0,0.1607,0.478,-0.32199999999999995
37018,0.0,0.0,0.0,1000.0,0,0,0.1807,0.478,-0.32199999999999995
37019,0.0,0.0,0.0,1000.0,0,0,0.20070000000000002,0.478,-0.32199999999999995
37020,0.0,0.0,0.0,1000.0,0,0,0.2207,0.478,-0.32199999999999995
37021,0.0,0.0,0.0,1000.0,0,0,0.24070000000000003,0.478,-0.32199999999999995
37022,0.0,0.0,0.0,1000.0,0,0,0.26070000000000004,0.478,-0.32199999999999995
37023,0.0,0.0,0.0,1000.0,0,0,0.2807,0.478,-0.32199999999999995
37024,0.0,0.0,0.0,1000.0,0,0,0.3007,0.478,-0.32199999999999995
37025,0.0,0.0,0.0,1000.0,0,0,0.3207,0.478,-0.32199999999999995
37026,0.0,0.0,0.0,1000.0,0,0,0.3407,0.478,-0.32199999999999995
37027,0.0,0.0,0.0,1000.0,0,0,0.3607,0.478,-0.32199999999999995
37028,0.0,0.0,0.0,1000.0,0,0,0.38070000000000004,0.478,-0.32199999999999995
37029,0.0,0.0,0.0,1000.0,0,0,0.4007,0.478,-0.32199999999999995
37030,0.0,0.0,0.0,1000.0,0,0,0.4207,0.478,-0.32199999999999995
37031,0.0,0.0,0.0,1000.0,0,0,0.44070000000000004,0.478,-0.32199999999999995
37032,0.0,0.0,0.0,1000.0,0,0,0.4607,0.478,-0.32199999999999995
37033,0.0,0.0,0.0,1000.0,0,0,0.4807,0.478,-0.32199999999999995
37034,0.0,0.0,0.0,1000.0,0,0,0.1607,-0.482,-0.302
37035,0.0,0.0,0.0,1000.0,0,0,0.1807,-0.482,-0.302
37036,0.0,0.0,0.0,1000.0,0,0,0.20070000000000002,-0.482,-0.302
37037,0.0,0.0,0.0,1000.0,0,0,0.2207,-0.482,-0.302
37038,0.0,0.0,0.0,1000.0,0,0,0.24070000000000003,-0.482,-0.302
37039,0.0,0.0,0.0,1000.0,0,0,0.26070000000000004,-0.482,-0.302
37040,0.0,0.0,0.0,1000.0,0,0,0.2807,-0.482,-0.302
37041,0.0,0.0,0.0,1000.0,0,0,0.3007,-0.482,-0.302
37042,0.0,0.0,0.0,1000.0,0,0,0.3207,-0.482,-0.302
37043,0.0,0.0,0.0,1000.0,0,0,0.3407,-0.482,-0.302
37044,0.0,0.0,0.0,1000.0,0,0,0.3607,-0.482,-0.302
37045,0.0,0.0,0.0,1000.0,0,0,0.38070000000000004,-0.482,-0.302
37046,0.0,0.0,0.0,1000.0,0,0,0.4007,-0.482,-0.302
37047,0.0,0.0,0.0,1000.0,0,0,0.4207,-0.482,-0.302
37048,0.0,0.0,0.0,1000.0,0,0,0.44070000000000004,-0.482,-0.302
37049,0.0,0.0,0.0,1000.0,0,0,0.4607,-0.482,-0.302
37050,0.0,0.0,0.0,1000.0,0,0,0.4807,-0.482,-0.302
37051,0.0,0.0,0.0,1000.0,0,0,0.1607,-0.46199999999999997,-0.302
37052,0.0,0.0,0.0,1000.0,0,0,0.1807,-0.46199999999999997,-0.302
37053,0.0,0.0,0.0,1000.0,0,0,0.20070000000000002,-0.46199999999999997,-0.302
37054,0.0,0.0,0.0,1000.0,0,0,0.2207,-0.46199999999999997,-0.302
37055,0.0,0.0,0.0,1000.0,0,0,0.24070000000000003,-0.46199999999999997,-0.302
37056,0.0,0.0,0.0,1000.0,0,0,0.26070000000000004,-0.46199999999999997,-0.302
37057,0.0,0.0,0.0,1000.0,0,0,0.2807,-0.46199999999999997,-0.302
37058,0.0,0.0,0.0,1000.0,0,0,0.3007,-0.46199999999999997,-0.302
37059,0.0,0.0,0.0,1000.0,0,0,0.3207,-0.46199999999999997,-0.302
37060,0.0,0.0,0.0,1000.0,0,0,0.3407,-0.46199999999999997,-0.302
37061,0.0,0.0,0.0,1000.0,0,0,0.3607,-0.46199999999999997,-0.302
37062,0.0,0.0,0.0,1000.0,0,0,0.38070000000000004,-0.46199999999999997,-0.302
37063,0.0,0.0,0.0,1000.0,0,0,0.4007,-0.46199999999999997,-0.302
37064,0.0,0.0,0.0,1000.0,0,0,0.4207,-0.46199999999999997,-0.302
37065,0.0,0.0,0.0,1000.0,0,0,0.44070000000000004,-0.46199999999999997,-0.302
37066,0.0,0.0,0.0,1000.0,0,0,0.4607,-0.46199999999999997,-0.302
37067,0.0,0.0,0.0,1000.0,0,0,0.4807,-0.46199999999999997,-0.302
37068,0.0,0.0,0.0,1000.0,0,0,0.1607,-0.442,-0.302
37069,0.0,0.0,0.0,1000.0,0,0,0.1807,-0.442,-0.302
37070,0.0,0.0,0.0,1000.0,0,0,0.20070000000000002,-0.442,-0.302
37071,0.0,0.0,0.0,1000.0,0,0,0.2207,-0.442,-0.302
37072,0.0,0.0,0.0,1000.0,0,0,0.24070000000000003,-0.442,-0.302
37073,0.0,0.0,0.0,1000.0,0,0,0.26070000000000004,-0.442,-0.302
37074,0.0,0.0,0.0,1000.0,0,0,0.2807,-0.442,-0.302
37075,0.0,0.0,0.0,1000.0,0,0,0.3007,-0.442,-0.302
37076,0.0,0.0,0.0,1000.0,0,0,0.3207,-0.442,-0.302
37077,0.0,0.0,0.0,1000.0,0,0,0.3407,-0.442,-0.302
37078,0.0,0.0,0.0,1000.0,0,0,0.3607,-0.442,-0.302
37079,0.0,0.0,0.0,1000.0,0,0,0.38070000000000004,-0.442,-0.302
37080,0.0,0.0,0.0,1000.0,0,0,0.4007,-0.442,-0.302
37081,0.0,0.0,0.0,1000.0,0,0,0.4207,-0.442,-0.302
37082,0.0,0.0,0.0,1000.0,0,0,0.44070000000000004,-0.442,-0.302
37083,0.0,0.0,0.0,1000.0,0,0,0.4607,-0.442,-0.302
37084,0.0,0.0,0.0,1000.0,0,0,0.4807,-0.442,-0.302
37085,0.0,0.0,0.0,1000.0,0,0,0.1607,-0.422,-0.302
37086,0.0,0.0,0.0,1000.0,0,0,0.1807,-0.422,-0.302
37087,0.0,0.0,0.0,1000.0,0,0,0.20070000000000002,-0.422,-0.302
37088,0.0,0.0,0.0,1000.0,0,0,0.2207,-0.422,-0.302
37089,0.0,0.0,0.0,1000.0,0,0,0.24070000000000003,-0.422,-0.302
37090,0.0,0.0,0.0,1000.0,0,0,0.26070000000000004,-0.422,-0.302
37091,0.0,0.0,0.0,1000.0,0,0,0.2807,-0.422,-0.302
37092,0.0,0.0,0.0,1000.0,0,0,0.3007,-0.422,-0.302
37093,0.0,0.0,0.0,1000.0,0,0,0.3207,-0.422,-0.302
37094,0.0,0.0,0.0,1000.0,0,0,0.3407,-0.422,-0.302
37095,0.0,0.0,0.0,1000.0,0,0,0.3607,-0.422,-0.302
37096,0.0,0.0,0.0,1000.0,0,0,0.38070000000000004,-0.422,-0.302
37097,0.0,0.0,0.0,1000.0,0,0,0.4007,-0.422,-0.302
37098,0.0,0.0,0.0,1000.0,0,0,0.4207,-0.422,-0.302
37099,0.0,0.0,0.0,1000.0,0,0,0.44070000000000004,-0.422,-0.302
37100,0.0,0.0,0.0,1000.0,0,0,0.4607,-0.422,-0.302
37101,0.0,0.0,0.0,1000.0,0,0,0.4807,-0.422,-0.302
37102,0.0,0.0,0.0,1000.0,0,0,0.1607,-0.40199999999999997,-0.302
37103,0.0,0.0,0.0,1000.0,0,0,0.1807,-0.40199999999999997,-0.302
37104,0.0,0.0,0.0,1000.0,0,0,0.20070000000000002,-0.40199999999999997,-0.302
37105,0.0,0.0,0.0,1000.0,0,0,0.2207,-0.40199999999999997,-0.302
37106,0.0,0.0,0.0,1000.0,0,0,0.24070000000000003,-0.40199999999999997,-0.302
37107,0.0,0.0,0.0,1000.0,0,0,0.26070000000000004,-0.40199999999999997,-0.302
37108,0.0,0.0,0.0,1000.0,0,0,0.2807,-0.40199999999999997,-0.302
37109,0.0,0.0,0.0,1000.0,0,0,0.3007,-0.40199999999999997,-0.302
37110,0.0,0.0,0.0,1000.0,0,0,0.3207,-0.40199999999999997,-0.302
37111,0.0,0.0,0.0,1000.0,0,0,0.3407,-0.40199999999999997,-0.302
37112,0.0,0.0,0.0,1000.0,0,0,0.3607,-0.40199999999999997,-0.302
37113,0.0,0.0,0.0,1000.0,0,0,0.38070000000000004,-0.40199999999999997,-0.302
37114,0.0,0.0,0.0,1000.0,0,0,0.4007,-0.40199999999999997,-0.302
37115,0.0,0.0,0.0,1000.0,0,0,0.4207,-0.40199999999999997,-0.302
37116,0.0,0.0,0.0,1000.0,0,0,0.44070000000000004,-0.40199999999999997,-0.302
37117,0.0,0.0,0.0,1000.0,0,0,0.4607,-0.40199999999999997,-0.302
37118,0.0,0.0,0.0,1000.0,0,0,0.4807,-0.40199999999999997,-0.302
37119,0.0,0.0,0.0,1000.0,0,0,0.1607,-0.382,-0.302
37120,0.0,0.0,0.0,1000.0,0,0,0.1807,-0.382,-0.302
37121,0.0,0.0,0.0,1000.0,0,0,0.20070000000000002,-0.382,-0.302
37122,0.0,0.0,0.0,1000.0,0,0,0.2207,-0.382,-0.302
37123,0.0,0.0,0.0,1000.0,0,0,0.24070000000000003,-0.382,-0.302
37124,0.0,0.0,0.0,1000.0,0,0,0.26070000000000004,-0.382,-0.302
37125,0.0,0.0,0.0,1000.0,0,0,0.2807,-0.382,-0.302
37126,0.0,0.0,0.0,1000.0,0,0,0.3007,-0.382,-0.302
37127,0.0,0.0,0.0,1000.0,0,0,0.3207,-0.382,-0.302
37128,0.0,0.0,0.0,1000.0,0,0,0.3407,-0.382,-0.302
37129,0.0,0.0,0.0,1000.0,0,0,0.3607,-0.382,-0.302
37130,0.0,0.0,0.0,1000.0,0,0,0.38070000000000004,-0.382,-0.302
37131,0.0,0.0,0.0,1000.0,0,0,0.4007,-0.382,-0.302
37132,0.0,0.0,0.0,1000.0,0,0,0.4207,-0.382,-0.302
37133,0.0,0.0,0.0,1000.0,0,0,0.44070000000000004,-0.382,-0.302
37134,0.0,0.0,0.0,1000.0,0,0,0.4607,-0.382,-0.302
37135,0.0,0.0,0.0,1000.0,0,0,0.4807,-0.382,-0.302
37136,0.0,0.0,0.0,1000.0,0,0,0.1607,-0.362,-0.302
37137,0.0,0.0,0.0,1000.0,0,0,0.1807,-0.362,-0.302
37138,0.0,0.0,0.0,1000.0,0,0,0.20070000000000002,-0.362,-0.302
37139,0.0,0.0,0.0,1000.0,0,0,0.2207,-0.362,-0.302
37140,0.0,0.0,0.0,1000.0,0,0,0.24070000000000003,-0.362,-0.302
37141,0.0,0.0,0.0,1000.0,0,0,0.26070000000000004,-0.362,-0.302
37142,0.0,0.0,0.0,1000.0,0,0,0.2807,-0.362,-0.302
37143,0.0,0.0,0.0,1000.0,0,0,0.3007,-0.362,-0.302
37144,0.0,0.0,0.0,1000.0,0,0,0.3207,-0.362,-0.302
37145,0.0,0.0,0.0,1000.0,0,0,0.3407,-0.362,-0.302
37146,0.0,0.0,0.0,1000.0,0,0,0.3607,-0.362,-0.302
37147,0.0,0.0,0.0,1000.0,0,0,0.38070000000000004,-0.362,-0.302
37148,0.0,0.0,0.0,1000.0,0,0,0.4007,-0.362,-0.302
37149,0.0,0.0,0.0,1000.0,0,0,0.4207,-0.362,-0.302
37150,0.0,0.0,0.0,1000.0,0,0,0.44070000000000004,-0.362,-0.302
37151,0.0,0.0,0.0,1000.0,0,0,0.4607,-0.362,-0.302
37152,0.0,0.0,0.0,1000.0,0,0,0.4807,-0.362,-0.302
37153,0.0,0.0,0.0,1000.0,0,0,0.1607,-0.34199999999999997,-0.302
37154,0.0,0.0,0.0,1000.0,0,0,0.1807,-0.34199999999999997,-0.302
37155,0.0,0.0,0.0,1000.0,0,0,0.20070000000000002,-0.34199999999999997,-0.302
37156,0.0,0.0,0.0,1000.0,0,0,0.2207,-0.34199999999999997,-0.302
37157,0.0,0.0,0.0,1000.0,0,0,0.24070000000000003,-0.34199999999999997,-0.302
37158,0.0,0.0,0.0,1000.0,0,0,0.26070000000000004,-0.34199999999999997,-0.302
37159,0.0,0.0,0.0,1000.0,0,0,0.2807,-0.34199999999999997,-0.302
37160,0.0,0.0,0.0,1000.0,0,0,0.3007,-0.34199999999999997,-0.302
37161,0.0,0.0,0.0,1000.0,0,0,0.3207,-0.34199999999999997,-0.302
37162,0.0,0.0,0.0,1000.0,0,0,0.3407,-0.34199999999999997,-0.302
37163,0.0,0.0,0.0,1000.0,0,0,0.3607,-0.34199999999999997,-0.302
37164,0.0,0.0,0.0,1000.0,0,0,0.38070000000000004,-0.34199999999999997,-0.302
37165,0.0,0.0,0.0,1000.0,0,0,0.4007,-0.34199999999999997,-0.302
37166,0.0,0.0,0.0,1000.0,0,0,0.4207,-0.34199999999999997,-0.302
37167,0.0,0.0,0.0,1000.0,0,0,0.44070000000000004,-0.34199999999999997,-0.302
37168,0.0,0.0,0.0,1000.0,0,0,0.4607,-0.34199999999999997,-0.302
37169,0.0,0.0,0.0,1000.0,0,0,0.4807,-0.34199999999999997,-0.302
37170,0.0,0.0,0.0,1000.0,0,0,0.1607,-0.32199999999999995,-0.302
37171,0.0,0.0,0.0,1000.0,0,0,0.1807,-0.32199999999999995,-0.302
37172,0.0,0.0,0.0,1000.0,0,0,0.20070000000000002,-0.32199999999999995,-0.302
37173,0.0,0.0,0.0,1000.0,0,0,0.2207,-0.32199999999999995,-0.302
37174,0.0,0.0,0.0,1000.0,0,0,0.24070000000000003,-0.32199999999999995,-0.302
37175,0.0,0.0,0.0,1000.0,0,0,0.26070000000000004,-0.32199999999999995,-0.302
37176,0.0,0.0,0.0,1000.0,0,0,0.2807,-0.32199999999999995,-0.302
37177,0.0,0.0,0.0,1000.0,0,0,0.3007,-0.32199999999999995,-0.302
37178,0.0,0.0,0.0,1000.0,0,0,0.3207,-0.32199999999999995,-0.302
37179,0.0,0.0,0.0,1000.0,0,0,0.3407,-0.32199999999999995,-0.302
37180,0.0,0.0,0.0,1000.0,0,0,0.3607,-0.32199999999999995,-0.302
37181,0.0,0.0,0.0,1000.0,0,0,0.38070000000000004,-0.32199999999999995,-0.302
37182,0.0,0.0,0.0,1000.0,0,0,0.4007,-0.32199999999999995,-0.302
37183,0.0,0.0,0.0,1000.0,0,0,0.4207,-0.32199999999999995,-0.302
37184,0.0,0.0,0.0,1000.0,0,0,0.44070000000000004,-0.32199999999999995,-0.302
37185,0.0,0.0,0.0,1000.0,0,0,0.4607,-0.32199999999999995,-0.302
37186,0.0,0.0,0.0,1000.0,0,0,0.4807,-0.32199999999999995,-0.302
37187,0.0,0.0,0.0,1000.0,0,0,0.1607,-0.302,-0.302
37188,0.0,0.0,0.0,1000.0,0,0,0.1807,-0.302,-0.302
37189,0.0,0.0,0.0,1000.0,0,0,0.20070000000000002,-0.302,-0.302
37190,0.0,0.0,0.0,1000.0,0,0,0.2207,-0.302,-0.302
37191,0.0,0.0,0.0,1000.0,0,0,0.24070000000000003,-0.302,-0.302
37192,0.0,0.0,0.0,1000.0,0,0,0.26070000000000004,-0.302,-0.302
37193,0.0,0.0,0.0,1000.0,0,0,0.2807,-0.302,-0.302
37194,0.0,0.0,0.0,1000.0,0,0,0.3007,-0.302,-0.302
37195,0.0,0.0,0.0,1000.0,0,0,0.3207,-0.302,-0.302
37196,0.0,0.0,0.0,1000.0,0,0,0.3407,-0.302,-0.302
37197,0.0,0.0,0.0,1000.0,0,0,0.3607,-0.302,-0.302
37198,0.0,0.0,0.0,1000.0,0,0,0.38070000000000004,-0.302,-0.302
37199,0.0,0.0,0.0,1000.0,0,0,0.4007,-0.302,-0.302
37200,0.0,0.0,0.0,1000.0,0,0,0.4207,-0.302,-0.302
37201,0.0,0.0,0.0,1000.0,0,0,0.44070000000000004,-0.302,-0.302
37202,0.0,0.0,0.0,1000.0,0,0,0.4607,-0.302,-0.302
37203,0.0,0.0,0.0,1000.0,0,0,0.4807,-0.302,-0.302
37204,0.0,0.0,0.0,1000.0,0,0,0.1607,-0.282,-0.302
37205,0.0,0.0,0.0,1000.0,0,0,0.1807,-0.282,-0.302
37206,0.0,0.0,0.0,1000.0,0,0,0.20070000000000002,-0.282,-0.302
37207,0.0,0.0,0.0,1000.0,0,0,0.2207,-0.282,-0.302
37208,0.0,0.0,0.0,1000.0,0,0,0.24070000000000003,-0.282,-0.302
37209,0.0,0.0,0.0,1000.0,0,0,0.26070000000000004,-0.282,-0.302
37210,0.0,0.0,0.0,1000.0,0,0,0.2807,-0.282,-0.302
37211,0.0,0.0,0.0,1000.0,0,0,0.3007,-0.282,-0.302
37212,0.0,0.0,0.0,1000.0,0,0,0.3207,-0.282,-0.302
37213,0.0,0.0,0.0,1000.0,0,0,0.3407,-0.282,-0.302
37214,0.0,0.0,0.0,1000.0,0,0,0.3607,-0.282,-0.302
37215,0.0,0.0,0.0,1000.0,0,0,0.38070000000000004,-0.282,-0.302
37216,0.0,0.0,0.0,1000.0,0,0,0.4007,-0.282,-0.302
37217,0.0,0.0,0.0,1000.0,0,0,0.4207,-0.282,-0.302
37218,0.0,0.0,0.0,1000.0,0,0,0.44070000000000004,-0.282,-0.302
37219,0.0,0.0,0.0,1000.0,0,0,0.4607,-0.282,-0.302
37220,0.0,0.0,0.0,1000.0,0,0,0.4807,-0.282,-0.302
37221,0.0,0.0,0.0,1000.0,0,0,0.1607,-0.262,-0.302
37222,0.0,0.0,0.0,1000.0,0,0,0.1807,-0.262,-0.302
37223,0.0,0.0,0.0,1000.0,0,0,0.20070000000000002,-0.262,-0.302
37224,0.0,0.0,0.0,1000.0,0,0,0.2207,-0.262,-0.302
37225,0.0,0.0,0.0,1000.0,0,0,0.24070000000000003,-0.262,-0.302
37226,0.0,0.0,0.0,1000.0,0,0,0.26070000000000004,-0.262,-0.302
37227,0.0,0.0,0.0,1000.0,0,0,0.2807,-0.262,-0.302
37228,0.0,0.0,0.0,1000.0,0,0,0.3007,-0.262,-0.302
37229,0.0,0.0,0.0,1000.0,0,0,0.3207,-0.262,-0.302
37230,0.0,0.0,0.0,1000.0,0,0,0.3407,-0.262,-0.302
37231,0.0,0.0,0.0,1000.0,0,0,0.3607,-0.262,-0.302
37232,0.0,0.0,0.0,1000.0,0,0,0.38070000000000004,-0.262,-0.302
37233,0.0,0.0,0.0,1000.0,0,0,0.4007,-0.262,-0.302
37234,0.0,0.0,0.0,1000.0,0,0,0.4207,-0.262,-0.302
37235,0.0,0.0,0.0,1000.0,0,0,0.44070000000000004,-0.262,-0.302
37236,0.0,0.0,0.0,1000.0,0,0,0.4607,-0.262,-0.302
37237,0.0,0.0,0.0,1000.0,0,0,0.4807,-0.262,-0.302
37238,0.0,0.0,0.0,1000.0,0,0,0.1607,-0.242,-0.302
37239,0.0,0.0,0.0,1000.0,0,0,0.1807,-0.242,-0.302
37240,0.0,0.0,0.0,1000.0,0,0,0.20070000000000002,-0.242,-0.302
37241,0.0,0.0,0.0,1000.0,0,0,0.2207,-0.242,-0.302
37242,0.0,0.0,0.0,1000.0,0,0,0.24070000000000003,-0.242,-0.302
37243,0.0,0.0,0.0,1000.0,0,0,0.26070000000000004,-0.242,-0.302
37244,0.0,0.0,0.0,1000.0,0,0,0.2807,-0.242,-0.302
37245,0.0,0.0,0.0,1000.0,0,0,0.3007,-0.242,-0.302
37246,0.0,0.0,0.0,1000.0,0,0,0.3207,-0.242,-0.302
37247,0.0,0.0,0.0,1000.0,0,0,0.3407,-0.242,-0.302
37248,0.0,0.0,0.0,1000.0,0,0,0.3607,-0.242,-0.302
37249,0.0,0.0,0.0,1000.0,0,0,0.38070000000000004,-0.242,-0.302
37250,0.0,0.0,0.0,1000.0,0,0,0.4007,-0.242,-0.302
37251,0.0,0.0,0.0,1000.0,0,0,0.4207,-0.242,-0.302
37252,0.0,0.0,0.0,1000.0,0,0,0.44070000000000004,-0.242,-0.302
37253,0.0,0.0,0.0,1000.0,0,0,0.4607,-0.242,-0.302
37254,0.0,0.0,0.0,1000.0,0,0,0.4807,-0.242,-0.302
37255,0.0,0.0,0.0,1000.0,0,0,0.1607,-0.22199999999999998,-0.302
37256,0.0,0.0,0.0,1000.0,0,0,0.1807,-0.22199999999999998,-0.302
37257,0.0,0.0,0.0,1000.0,0,0,0.20070000000000002,-0.22199999999999998,-0.302
37258,0.0,0.0,0.0,1000.0,0,0,0.2207,-0.22199999999999998,-0.302
37259,0.0,0.0,0.0,1000.0,0,0,0.24070000000000003,-0.22199999999999998,-0.302
37260,0.0,0.0,0.0,1000.0,0,0,0.26070000000000004,-0.22199999999999998,-0.302
37261,0.0,0.0,0.0,1000.0,0,0,0.2807,-0.22199999999999998,-0.302
37262,0.0,0.0,0.0,1000.0,0,0,0.3007,-0.22199999999999998,-0.302
37263,0.0,0.0,0.0,1000.0,0,0,0.3207,-0.22199999999999998,-0.302
37264,0.0,0.0,0.0,1000.0,0,0,0.3407,-0.22199999999999998,-0.302
37265,0.0,0.0,0.0,1000.0,0,0,0.3607,-0.22199999999999998,-0.302
37266,0.0,0.0,0.0,1000.0,0,0,0.38070000000000004,-0.22199999999999998,-0.302
37267,0.0,0.0,0.0,1000.0,0,0,0.4007,-0.22199999999999998,-0.302
37268,0.0,0.0,0.0,1000.0,0,0,0.4207,-0.22199999999999998,-0.302
37269,0.0,0.0,0.0,1000.0,0,0,0.44070000000000004,-0.22199999999999998,-0.302
37270,0.0,0.0,0.0,1000.0,0,0,0.4607,-0.22199999999999998,-0.302
37271,0.0,0.0,0.0,1000.0,0,0,0.4807,-0.22199999999999998,-0.302
37272,0.0,0.0,0.0,1000.0,0,0,0.1607,-0.20199999999999996,-0.302
37273,0.0,0.0,0.0,1000.0,0,0,0.1807,-0.20199999999999996,-0.302
37274,0.0,0.0,0.0,1000.0,0,0,0.20070000000000002,-0.20199999999999996,-0.302
37275,0.0,0.0,0.0,1000.0,0,0,0.2207,-0.20199999999999996,-0.302
37276,0.0,0.0,0.0,1000.0,0,0,0.24070000000000003,-0.20199999999999996,-0.302
37277,0.0,0.0,0.0,1000.0,0,0,0.26070000000000004,-0.20199999999999996,-0.302
37278,0.0,0.0,0.0,1000.0,0,0,0.2807,-0.20199999999999996,-0.302
37279,0.0,0.0,0.0,1000.0,0,0,0.3007,-0.20199999999999996,-0.302
37280,0.0,0.0,0.0,1000.0,0,0,0.3207,-0.20199999999999996,-0.302
37281,0.0,0.0,0.0,1000.0,0,0,0.3407,-0.20199999999999996,-0.302
37282,0.0,0.0,0.0,1000.0,0,0,0.3607,-0.20199999999999996,-0.302
37283,0.0,0.0,0.0,1000.0,0,0,0.38070000000000004,-0.20199999999999996,-0.302
37284,0.0,0.0,0.0,1000.0,0,0,0.4007,-0.20199999999999996,-0.302
37285,0.0,0.0,0.0,1000.0,0,0,0.4207,-0.20199999999999996,-0.302
37286,0.0,0.0,0.0,1000.0,0,0,0.44070000000000004,-0.20199999999999996,-0.302
37287,0.0,0.0,0.0,1000.0,0,0,0.4607,-0.20199999999999996,-0.302
37288,0.0,0.0,0.0,1000.0,0,0,0.4807,-0.20199999999999996,-0.302
37289,0.0,0.0,0.0,1000.0,0,0,0.1607,-0.182,-0.302
37290,0.0,0.0,0.0,1000.0,0,0,0.1807,-0.182,-0.302
37291,0.0,0.0,0.0,1000.0,0,0,0.20070000000000002,-0.182,-0.302
37292,0.0,0.0,0.0,1000.0,0,0,0.2207,-0.182,-0.302
37293,0.0,0.0,0.0,1000.0,0,0,0.24070000000000003,-0.182,-0.302
37294,0.0,0.0,0.0,1000.0,0,0,0.26070000000000004,-0.182,-0.302
37295,0.0,0.0,0.0,1000.0,0,0,0.2807,-0.182,-0.302
37296,0.0,0.0,0.0,1000.0,0,0,0.3007,-0.182,-0.302
37297,0.0,0.0,0.0,1000.0,0,0,0.3207,-0.182,-0.302
37298,0.0,0.0,0.0,1000.0,0,0,0.3407,-0.182,-0.302
37299,0.0,0.0,0.0,1000.0,0,0,0.3607,-0.182,-0.302
37300,0.0,0.0,0.0,1000.0,0,0,0.38070000000000004,-0.182,-0.302
37301,0.0,0.0,0.0,1000.0,0,0,0.4007,-0.182,-0.302
37302,0.0,0.0,0.0,1000.0,0,0,0.4207,-0.182,-0.302
37303,0.0,0.0,0.0,1000.0,0,0,0.44070000000000004,-0.182,-0.302
37304,0.0,0.0,0.0,1000.0,0,0,0.4607,-0.182,-0.302
37305,0.0,0.0,0.0,1000.0,0,0,0.4807,-0.182,-0.302
37306,0.0,0.0,0.0,1000.0,0,0,0.1607,-0.16199999999999998,-0.302
37307,0.0,0.0,0.0,1000.0,0,0,0.1807,-0.16199999999999998,-0.302
37308,0.0,0.0,0.0,1000.0,0,0,0.20070000000000002,-0.16199999999999998,-0.302
37309,0.0,0.0,0.0,1000.0,0,0,0.2207,-0.16199999999999998,-0.302
37310,0.0,0.0,0.0,1000.0,0,0,0.24070000000000003,-0.16199999999999998,-0.302
37311,0.0,0.0,0.0,1000.0,0,0,0.26070000000000004,-0.16199999999999998,-0.302
37312,0.0,0.0,0.0,1000.0,0,0,0.2807,-0.16199999999999998,-0.302
37313,0.0,0.0,0.0,1000.0,0,0,0.3007,-0.16199999999999998,-0.302
37314,0.0,0.0,0.0,1000.0,0,0,0.3207,-0.16199999999999998,-0.302
37315,0.0,0.0,0.0,1000.0,0,0,0.3407,-0.16199999999999998,-0.302
37316,0.0,0.0,0.0,1000.0,0,0,0.3607,-0.16199999999999998,-0.302
37317,0.0,0.0,0.0,1000.0,0,0,0.38070000000000004,-0.16199999999999998,-0.302
37318,0.0,0.0,0.0,1000.0,0,0,0.4007,-0.16199999999999998,-0.302
37319,0.0,0.0,0.0,1000.0,0,0,0.4207,-0.16199999999999998,-0.302
37320,0.0,0.0,0.0,1000.0,0,0,0.44070000000000004,-0.16199999999999998,-0.302
37321,0.0,0.0,0.0,1000.0,0,0,0.4607,-0.16199999999999998,-0.302
37322,0.0,0.0,0.0,1000.0,0,0,0.4807,-0.16199999999999998,-0.302
37323,0.0,0.0,0.0,1000.0,0,0,0.1607,-0.14199999999999996,-0.302
37324,0.0,0.0,0.0,1000.0,0,0,0.1807,-0.14199999999999996,-0.302
37325,0.0,0.0,0.0,1000.0,0,0,0.20070000000000002,-0.14199999999999996,-0.302
37326,0.0,0.0,0.0,1000.0,0,0,0.2207,-0.14199999999999996,-0.302
37327,0.0,0.0,0.0,1000.0,0,0,0.24070000000000003,-0.14199999999999996,-0.302
37328,0.0,0.0,0.0,1000.0,0,0,0.26070000000000004,-0.14199999999999996,-0.302
37329,0.0,0.0,0.0,1000.0,0,0,0.2807,-0.14199999999999996,-0.302
37330,0.0,0.0,0.0,1000.0,0,0,0.3007,-0.14199999999999996,-0.302
37331,0.0,0.0,0.0,1000.0,0,0,0.3207,-0.14199999999999996,-0.302
37332,0.0,0.0,0.0,1000.0,0,0,0.3407,-0.14199999999999996,-0.302
37333,0.0,0.0,0.0,1000.0,0,0,0.3607,-0.14199999999999996,-0.302
37334,0.0,0.0,0.0,1000.0,0,0,0.38070000000000004,-0.14199999999999996,-0.302
37335,0.0,0.0,0.0,1000.0,0,0,0.4007,-0.14199999999999996,-0.302
37336,0.0,0.0,0.0,1000.0,0,0,0.4207,-0.14199999999999996,-0.302
37337,0.0,0.0,0.0,1000.0,0,0,0.44070000000000004,-0.14199999999999996,-0.302
37338,0.0,0.0,0.0,1000.0,0,0,0.4607,-0.14199999999999996,-0.302
37339,0.0,0.0,0.0,1000.0,0,0,0.4807,-0.14199999999999996,-0.302
37340,0.0,0.0,0.0,1000.0,0,0,0.1607,-0.122,-0.302
37341,0.0,0.0,0.0,1000.0,0,0,0.1807,-0.122,-0.302
37342,0.0,0.0,0.0,1000.0,0,0,0.20070000000000002,-0.122,-0.302
37343,0.0,0.0,0.0,1000.0,0,0,0.2207,-0.122,-0.302
37344,0.0,0.0,0.0,1000.0,0,0,0.24070000000000003,-0.122,-0.302
37345,0.0,0.0,0.0,1000.0,0,0,0.26070000000000004,-0.122,-0.302
37346,0.0,0.0,0.0,1000.0,0,0,0.2807,-0.122,-0.302
37347,0.0,0.0,0.0,1000.0,0,0,0.3007,-0.122,-0.302
37348,0.0,0.0,0.0,1000.0,0,0,0.3207,-0.122,-0.302
37349,0.0,0.0,0.0,1000.0,0,0,0.3407,-0.122,-0.302
37350,0.0,0.0,0.0,1000.0,0,0,0.3607,-0.122,-0.302
37351,0.0,0.0,0.0,1000.0,0,0,0.38070000000000004,-0.122,-0.302
37352,0.0,0.0,0.0,1000.0,0,0,0.4007,-0.122,-0.302
37353,0.0,0.0,0.0,1000.0,0,0,0.4207,-0.122,-0.302
37354,0.0,0.0,0.0,1000.0,0,0,0.44070000000000004,-0.122,-0.302
37355,0.0,0.0,0.0,1000.0,0,0,0.4607,-0.122,-0.302
37356,0.0,0.0,0.0,1000.0,0,0,0.4807,-0.122,-0.302
37357,0.0,0.0,0.0,1000.0,0,0,0.1607,-0.10199999999999998,-0.302
37358,0.0,0.0,0.0,1000.0,0,0,0.1807,-0.10199999999999998,-0.302
37359,0.0,0.0,0.0,1000.0,0,0,0.20070000000000002,-0.10199999999999998,-0.302
37360,0.0,0.0,0.0,1000.0,0,0,0.2207,-0.10199999999999998,-0.302
37361,0.0,0.0,0.0,1000.0,0,0,0.24070000000000003,-0.10199999999999998,-0.302
37362,0.0,0.0,0.0,1000.0,0,0,0.26070000000000004,-0.10199999999999998,-0.302
37363,0.0,0.0,0.0,1000.0,0,0,0.2807,-0.10199999999999998,-0.302
37364,0.0,0.0,0.0,1000.0,0,0,0.3007,-0.10199999999999998,-0.302
37365,0.0,0.0,0.0,1000.0,0,0,0.3207,-0.10199999999999998,-0.302
37366,0.0,0.0,0.0,1000.0,0,0,0.3407,-0.10199999999999998,-0.302
37367,0.0,0.0,0.0,1000.0,0,0,0.3607,-0.10199999999999998,-0.302
37368,0.0,0.0,0.0,1000.0,0,0,0.38070000000000004,-0.10199999999999998,-0.302
37369,0.0,0.0,0.0,1000.0,0,0,0.4007,-0.10199999999999998,-0.302
37370,0.0,0.0,0.0,1000.0,0,0,0.4207,-0.10199999999999998,-0.302
37371,0.0,0.0,0.0,1000.0,0,0,0.44070000000000004,-0.10199999999999998,-0.302
37372,0.0,0.0,0.0,1000.0,0,0,0.4607,-0.10199999999999998,-0.302
37373,0.0,0.0,0.0,1000.0,0,0,0.4807,-0.10199999999999998,-0.302
37374,0.0,0.0,0.0,1000.0,0,0,0.1607,-0.08199999999999996,-0.302
37375,0.0,0.0,0.0,1000.0,0,0,0.1807,-0.08199999999999996,-0.302
37376,0.0,0.0,0.0,1000.0,0,0,0.20070000000000002,-0.08199999999999996,-0.302
37377,0.0,0.0,0.0,1000.0,0,0,0.2207,-0.08199999999999996,-0.302
37378,0.0,0.0,0.0,1000.0,0,0,0.24070000000000003,-0.08199999999999996,-0.302
37379,0.0,0.0,0.0,1000.0,0,0,0.26070000000000004,-0.08199999999999996,-0.302
37380,0.0,0.0,0.0,1000.0,0,0,0.2807,-0.08199999999999996,-0.302
37381,0.0,0.0,0.0,1000.0,0,0,0.3007,-0.08199999999999996,-0.302
37382,0.0,0.0,0.0,1000.0,0,0,0.3207,-0.08199999999999996,-0.302
37383,0.0,0.0,0.0,1000.0,0,0,0.3407,-0.08199999999999996,-0.302
37384,0.0,0.0,0.0,1000.0,0,0,0.3607,-0.08199999999999996,-0.302
37385,0.0,0.0,0.0,1000.0,0,0,0.38070000000000004,-0.08199999999999996,-0.302
37386,0.0,0.0,0.0,1000.0,0,0,0.4007,-0.08199999999999996,-0.302
37387,0.0,0.0,0.0,1000.0,0,0,0.4207,-0.08199999999999996,-0.302
37388,0.0,0.0,0.0,1000.0,0,0,0.44070000000000004,-0.08199999999999996,-0.302
37389,0.0,0.0,0.0,1000.0,0,0,0.4607,-0.08199999999999996,-0.302
37390,0.0,0.0,0.0,1000.0,0,0,0.4807,-0.08199999999999996,-0.302
37391,0.0,0.0,0.0,1000.0,0,0,0.1607,-0.062,-0.302
37392,0.0,0.0,0.0,1000.0,0,0,0.1807,-0.062,-0.302
37393,0.0,0.0,0.0,1000.0,0,0,0.20070000000000002,-0.062,-0.302
37394,0.0,0.0,0.0,1000.0,0,0,0.2207,-0.062,-0.302
37395,0.0,0.0,0.0,1000.0,0,0,0.24070000000000003,-0.062,-0.302
37396,0.0,0.0,0.0,1000.0,0,0,0.26070000000000004,-0.062,-0.302
37397,0.0,0.0,0.0,1000.0,0,0,0.2807,-0.062,-0.302
37398,0.0,0.0,0.0,1000.0,0,0,0.3007,-0.062,-0.302
37399,0.0,0.0,0.0,1000.0,0,0,0.3207,-0.062,-0.302
37400,0.0,0.0,0.0,1000.0,0,0,0.3407,-0.062,-0.302
37401,0.0,0.0,0.0,1000.0,0,0,0.3607,-0.062,-0.302
37402,0.0,0.0,0.0,1000.0,0,0,0.38070000000000004,-0.062,-0.302
37403,0.0,0.0,0.0,1000.0,0,0,0.4007,-0.062,-0.302
37404,0.0,0.0,0.0,1000.0,0,0,0.4207,-0.062,-0.302
37405,0.0,0.0,0.0,1000.0,0,0,0.44070000000000004,-0.062,-0.302
37406,0.0,0.0,0.0,1000.0,0,0,0.4607,-0.062,-0.302
37407,0.0,0.0,0.0,1000.0,0,0,0.4807,-0.062,-0.302
37408,0.0,0.0,0.0,1000.0,0,0,0.1607,-0.04199999999999998,-0.302
37409,0.0,0.0,0.0,1000.0,0,0,0.1807,-0.04199999999999998,-0.302
37410,0.0,0.0,0.0,1000.0,0,0,0.20070000000000002,-0.04199999999999998,-0.302
37411,0.0,0.0,0.0,1000.0,0,0,0.2207,-0.04199999999999998,-0.302
37412,0.0,0.0,0.0,1000.0,0,0,0.24070000000000003,-0.04199999999999998,-0.302
37413,0.0,0.0,0.0,1000.0,0,0,0.26070000000000004,-0.04199999999999998,-0.302
37414,0.0,0.0,0.0,1000.0,0,0,0.2807,-0.04199999999999998,-0.302
37415,0.0,0.0,0.0,1000.0,0,0,0.3007,-0.04199999999999998,-0.302
37416,0.0,0.0,0.0,1000.0,0,0,0.3207,-0.04199999999999998,-0.302
37417,0.0,0.0,0.0,1000.0,0,0,0.3407,-0.04199999999999998,-0.302
37418,0.0,0.0,0.0,1000.0,0,0,0.3607,-0.04199999999999998,-0.302
37419,0.0,0.0,0.0,1000.0,0,0,0.38070000000000004,-0.04199999999999998,-0.302
37420,0.0,0.0,0.0,1000.0,0,0,0.4007,-0.04199999999999998,-0.302
37421,0.0,0.0,0.0,1000.0,0,0,0.4207,-0.04199999999999998,-0.302
37422,0.0,0.0,0.0,1000.0,0,0,0.44070000000000004,-0.04199999999999998,-0.302
37423,0.0,0.0,0.0,1000.0,0,0,0.4607,-0.04199999999999998,-0.302
37424,0.0,0.0,0.0,1000.0,0,0,0.4807,-0.04199999999999998,-0.302
37425,0.0,0.0,0.0,1000.0,0,0,0.1607,-0.021999999999999964,-0.302
37426,0.0,0.0,0.0,1000.0,0,0,0.1807,-0.021999999999999964,-0.302
37427,0.0,0.0,0.0,1000.0,0,0,0.20070000000000002,-0.021999999999999964,-0.302
37428,0.0,0.0,0.0,1000.0,0,0,0.2207,-0.021999999999999964,-0.302
37429,0.0,0.0,0.0,1000.0,0,0,0.24070000000000003,-0.021999999999999964,-0.302
37430,0.0,0.0,0.0,1000.0,0,0,0.26070000000000004,-0.021999999999999964,-0.302
37431,0.0,0.0,0.0,1000.0,0,0,0.2807,-0.021999999999999964,-0.302
37432,0.0,0.0,0.0,1000.0,0,0,0.3007,-0.021999999999999964,-0.302
37433,0.0,0.0,0.0,1000.0,0,0,0.3207,-0.021999999999999964,-0.302
37434,0.0,0.0,0.0,1000.0,0,0,0.3407,-0.021999999999999964,-0.302
37435,0.0,0.0,0.0,1000.0,0,0,0.3607,-0.021999999999999964,-0.302
37436,0.0,0.0,0.0,1000.0,0,0,0.38070000000000004,-0.021999999999999964,-0.302
37437,0.0,0.0,0.0,1000.0,0,0,0.4007,-0.021999999999999964,-0.302
37438,0.0,0.0,0.0,1000.0,0,0,0.4207,-0.021999999999999964,-0.302
37439,0.0,0.0,0.0,1000.0,0,0,0.44070000000000004,-0.021999999999999964,-0.302
37440,0.0,0.0,0.0,1000.0,0,0,0.4607,-0.021999999999999964,-0.302
37441,0.0,0.0,0.0,1000.0,0,0,0.4807,-0.021999999999999964,-0.302
37442,0.0,0.0,0.0,1000.0,0,0,0.1607,-0.0020000000000000018,-0.302
37443,0.0,0.0,0.0,1000.0,0,0,0.1807,-0.0020000000000000018,-0.302
37444,0.0,0.0,0.0,1000.0,0,0,0.20070000000000002,-0.0020000000000000018,-0.302
37445,0.0,0.0,0.0,1000.0,0,0,0.2207,-0.0020000000000000018,-0.302
37446,0.0,0.0,0.0,1000.0,0,0,0.24070000000000003,-0.0020000000000000018,-0.302
37447,0.0,0.0,0.0,1000.0,0,0,0.26070000000000004,-0.0020000000000000018,-0.302
37448,0.0,0.0,0.0,1000.0,0,0,0.2807,-0.0020000000000000018,-0.302
37449,0.0,0.0,0.0,1000.0,0,0,0.3007,-0.0020000000000000018,-0.302
37450,0.0,0.0,0.0,1000.0,0,0,0.3207,-0.0020000000000000018,-0.302
37451,0.0,0.0,0.0,1000.0,0,0,0.3407,-0.0020000000000000018,-0.302
37452,0.0,0.0,0.0,1000.0,0,0,0.3607,-0.0020000000000000018,-0.302
37453,0.0,0.0,0.0,1000.0,0,0,0.38070000000000004,-0.0020000000000000018,-0.302
37454,0.0,0.0,0.0,1000.0,0,0,0.4007,-0.0020000000000000018,-0.302
37455,0.0,0.0,0.0,1000.0,0,0,0.4207,-0.0020000000000000018,-0.302
37456,0.0,0.0,0.0,1000.0,0,0,0.44070000000000004,-0.0020000000000000018,-0.302
37457,0.0,0.0,0.0,1000.0,0,0,0.4607,-0.0020000000000000018,-0.302
37458,0.0,0.0,0.0,1000.0,0,0,0.4807,-0.0020000000000000018,-0.302
37459,0.0,0.0,0.0,1000.0,0,0,0.1607,0.018000000000000016,-0.302
37460,0.0,0.0,0.0,1000.0,0,0,0.1807,0.018000000000000016,-0.302
37461,0.0,0.0,0.0,1000.0,0,0,0.20070000000000002,0.018000000000000016,-0.302
37462,0.0,0.0,0.0,1000.0,0,0,0.2207,0.018000000000000016,-0.302
37463,0.0,0.0,0.0,1000.0,0,0,0.24070000000000003,0.018000000000000016,-0.302
37464,0.0,0.0,0.0,1000.0,0,0,0.26070000000000004,0.018000000000000016,-0.302
37465,0.0,0.0,0.0,1000.0,0,0,0.2807,0.018000000000000016,-0.302
37466,0.0,0.0,0.0,1000.0,0,0,0.3007,0.018000000000000016,-0.302
37467,0.0,0.0,0.0,1000.0,0,0,0.3207,0.018000000000000016,-0.302
37468,0.0,0.0,0.0,1000.0,0,0,0.3407,0.018000000000000016,-0.302
37469,0.0,0.0,0.0,1000.0,0,0,0.3607,0.018000000000000016,-0.302
37470,0.0,0.0,0.0,1000.0,0,0,0.38070000000000004,0.018000000000000016,-0.302
37471,0.0,0.0,0.0,1000.0,0,0,0.4007,0.018000000000000016,-0.302
37472,0.0,0.0,0.0,1000.0,0,0,0.4207,0.018000000000000016,-0.302
37473,0.0,0.0,0.0,1000.0,0,0,0.44070000000000004,0.018000000000000016,-0.302
37474,0.0,0.0,0.0,1000.0,0,0,0.4607,0.018000000000000016,-0.302
37475,0.0,0.0,0.0,1000.0,0,0,0.4807,0.018000000000000016,-0.302
37476,0.0,0.0,0.0,1000.0,0,0,0.1607,0.038000000000000034,-0.302
37477,0.0,0.0,0.0,1000.0,0,0,0.1807,0.038000000000000034,-0.302
37478,0.0,0.0,0.0,1000.0,0,0,0.20070000000000002,0.038000000000000034,-0.302
37479,0.0,0.0,0.0,1000.0,0,0,0.2207,0.038000000000000034,-0.302
37480,0.0,0.0,0.0,1000.0,0,0,0.24070000000000003,0.038000000000000034,-0.302
37481,0.0,0.0,0.0,1000.0,0,0,0.26070000000000004,0.038000000000000034,-0.302
37482,0.0,0.0,0.0,1000.0,0,0,0.2807,0.038000000000000034,-0.302
37483,0.0,0.0,0.0,1000.0,0,0,0.3007,0.038000000000000034,-0.302
37484,0.0,0.0,0.0,1000.0,0,0,0.3207,0.038000000000000034,-0.302
37485,0.0,0.0,0.0,1000.0,0,0,0.3407,0.038000000000000034,-0.302
37486,0.0,0.0,0.0,1000.0,0,0,0.3607,0.038000000000000034,-0.302
37487,0.0,0.0,0.0,1000.0,0,0,0.38070000000000004,0.038000000000000034,-0.302
37488,0.0,0.0,0.0,1000.0,0,0,0.4007,0.038000000000000034,-0.302
37489,0.0,0.0,0.0,1000.0,0,0,0.4207,0.038000000000000034,-0.302
37490,0.0,0.0,0.0,1000.0,0,0,0.44070000000000004,0.038000000000000034,-0.302
37491,0.0,0.0,0.0,1000.0,0,0,0.4607,0.038000000000000034,-0.302
37492,0.0,0.0,0.0,1000.0,0,0,0.4807,0.038000000000000034,-0.302
37493,0.0,0.0,0.0,1000.0,0,0,0.1607,0.05800000000000005,-0.302
37494,0.0,0.0,0.0,1000.0,0,0,0.1807,0.05800000000000005,-0.302
37495,0.0,0.0,0.0,1000.0,0,0,0.20070000000000002,0.05800000000000005,-0.302
37496,0.0,0.0,0.0,1000.0,0,0,0.2207,0.05800000000000005,-0.302
37497,0.0,0.0,0.0,1000.0,0,0,0.24070000000000003,0.05800000000000005,-0.302
37498,0.0,0.0,0.0,1000.0,0,0,0.26070000000000004,0.05800000000000005,-0.302
37499,0.0,0.0,0.0,1000.0,0,0,0.2807,0.05800000000000005,-0.302
37500,0.0,0.0,0.0,1000.0,0,0,0.3007,0.05800000000000005,-0.302
37501,0.0,0.0,0.0,1000.0,0,0,0.3207,0.05800000000000005,-0.302
37502,0.0,0.0,0.0,1000.0,0,0,0.3407,0.05800000000000005,-0.302
37503,0.0,0.0,0.0,1000.0,0,0,0.3607,0.05800000000000005,-0.302
37504,0.0,0.0,0.0,1000.0,0,0,0.38070000000000004,0.05800000000000005,-0.302
37505,0.0,0.0,0.0,1000.0,0,0,0.4007,0.05800000000000005,-0.302
37506,0.0,0.0,0.0,1000.0,0,0,0.4207,0.05800000000000005,-0.302
37507,0.0,0.0,0.0,1000.0,0,0,0.44070000000000004,0.05800000000000005,-0.302
37508,0.0,0.0,0.0,1000.0,0,0,0.4607,0.05800000000000005,-0.302
37509,0.0,0.0,0.0,1000.0,0,0,0.4807,0.05800000000000005,-0.302
37510,0.0,0.0,0.0,1000.0,0,0,0.1607,0.07800000000000007,-0.302
37511,0.0,0.0,0.0,1000.0,0,0,0.1807,0.07800000000000007,-0.302
37512,0.0,0.0,0.0,1000.0,0,0,0.20070000000000002,0.07800000000000007,-0.302
37513,0.0,0.0,0.0,1000.0,0,0,0.2207,0.07800000000000007,-0.302
37514,0.0,0.0,0.0,1000.0,0,0,0.24070000000000003,0.07800000000000007,-0.302
37515,0.0,0.0,0.0,1000.0,0,0,0.26070000000000004,0.07800000000000007,-0.302
37516,0.0,0.0,0.0,1000.0,0,0,0.2807,0.07800000000000007,-0.302
37517,0.0,0.0,0.0,1000.0,0,0,0.3007,0.07800000000000007,-0.302
37518,0.0,0.0,0.0,1000.0,0,0,0.3207,0.07800000000000007,-0.302
37519,0.0,0.0,0.0,1000.0,0,0,0.3407,0.07800000000000007,-0.302
37520,0.0,0.0,0.0,1000.0,0,0,0.3607,0.07800000000000007,-0.302
37521,0.0,0.0,0.0,1000.0,0,0,0.38070000000000004,0.07800000000000007,-0.302
37522,0.0,0.0,0.0,1000.0,0,0,0.4007,0.07800000000000007,-0.302
37523,0.0,0.0,0.0,1000.0,0,0,0.4207,0.07800000000000007,-0.302
37524,0.0,0.0,0.0,1000.0,0,0,0.44070000000000004,0.07800000000000007,-0.302
37525,0.0,0.0,0.0,1000.0,0,0,0.4607,0.07800000000000007,-0.302
37526,0.0,0.0,0.0,1000.0,0,0,0.4807,0.07800000000000007,-0.302
37527,0.0,0.0,0.0,1000.0,0,0,0.1607,0.09799999999999998,-0.302
37528,0.0,0.0,0.0,1000.0,0,0,0.1807,0.09799999999999998,-0.302
37529,0.0,0.0,0.0,1000.0,0,0,0.20070000000000002,0.09799999999999998,-0.302
37530,0.0,0.0,0.0,1000.0,0,0,0.2207,0.09799999999999998,-0.302
37531,0.0,0.0,0.0,1000.0,0,0,0.24070000000000003,0.09799999999999998,-0.302
37532,0.0,0.0,0.0,1000.0,0,0,0.26070000000000004,0.09799999999999998,-0.302
37533,0.0,0.0,0.0,1000.0,0,0,0.2807,0.09799999999999998,-0.302
37534,0.0,0.0,0.0,1000.0,0,0,0.3007,0.09799999999999998,-0.302
37535,0.0,0.0,0.0,1000.0,0,0,0.3207,0.09799999999999998,-0.302
37536,0.0,0.0,0.0,1000.0,0,0,0.3407,0.09799999999999998,-0.302
37537,0.0,0.0,0.0,1000.0,0,0,0.3607,0.09799999999999998,-0.302
37538,0.0,0.0,0.0,1000.0,0,0,0.38070000000000004,0.09799999999999998,-0.302
37539,0.0,0.0,0.0,1000.0,0,0,0.4007,0.09799999999999998,-0.302
37540,0.0,0.0,0.0,1000.0,0,0,0.4207,0.09799999999999998,-0.302
37541,0.0,0.0,0.0,1000.0,0,0,0.44070000000000004,0.09799999999999998,-0.302
37542,0.0,0.0,0.0,1000.0,0,0,0.4607,0.09799999999999998,-0.302
37543,0.0,0.0,0.0,1000.0,0,0,0.4807,0.09799999999999998,-0.302
37544,0.0,0.0,0.0,1000.0,0,0,0.1607,0.118,-0.302
37545,0.0,0.0,0.0,1000.0,0,0,0.1807,0.118,-0.302
37546,0.0,0.0,0.0,1000.0,0,0,0.20070000000000002,0.118,-0.302
37547,0.0,0.0,0.0,1000.0,0,0,0.2207,0.118,-0.302
37548,0.0,0.0,0.0,1000.0,0,0,0.24070000000000003,0.118,-0.302
37549,0.0,0.0,0.0,1000.0,0,0,0.26070000000000004,0.118,-0.302
37550,0.0,0.0,0.0,1000.0,0,0,0.2807,0.118,-0.302
37551,0.0,0.0,0.0,1000.0,0,0,0.3007,0.118,-0.302
37552,0.0,0.0,0.0,1000.0,0,0,0.3207,0.118,-0.302
37553,0.0,0.0,0.0,1000.0,0,0,0.3407,0.118,-0.302
37554,0.0,0.0,0.0,1000.0,0,0,0.3607,0.118,-0.302
37555,0.0,0.0,0.0,1000.0,0,0,0.38070000000000004,0.118,-0.302
37556,0.0,0.0,0.0,1000.0,0,0,0.4007,0.118,-0.302
37557,0.0,0.0,0.0,1000.0,0,0,0.4207,0.118,-0.302
37558,0.0,0.0,0.0,1000.0,0,0,0.44070000000000004,0.118,-0.302
37559,0.0,0.0,0.0,1000.0,0,0,0.4607,0.118,-0.302
37560,0.0,0.0,0.0,1000.0,0,0,0.4807,0.118,-0.302
37561,0.0,0.0,0.0,1000.0,0,0,0.1607,0.138,-0.302
37562,0.0,0.0,0.0,1000.0,0,0,0.1807,0.138,-0.302
37563,0.0,0.0,0.0,1000.0,0,0,0.20070000000000002,0.138,-0.302
37564,0.0,0.0,0.0,1000.0,0,0,0.2207,0.138,-0.302
37565,0.0,0.0,0.0,1000.0,0,0,0.24070000000000003,0.138,-0.302
37566,0.0,0.0,0.0,1000.0,0,0,0.26070000000000004,0.138,-0.302
37567,0.0,0.0,0.0,1000.0,0,0,0.2807,0.138,-0.302
37568,0.0,0.0,0.0,1000.0,0,0,0.3007,0.138,-0.302
37569,0.0,0.0,0.0,1000.0,0,0,0.3207,0.138,-0.302
37570,0.0,0.0,0.0,1000.0,0,0,0.3407,0.138,-0.302
37571,0.0,0.0,0.0,1000.0,0,0,0.3607,0.138,-0.302
37572,0.0,0.0,0.0,1000.0,0,0,0.38070000000000004,0.138,-0.302
37573,0.0,0.0,0.0,1000.0,0,0,0.4007,0.138,-0.302
37574,0.0,0.0,0.0,1000.0,0,0,0.4207,0.138,-0.302
37575,0.0,0.0,0.0,1000.0,0,0,0.44070000000000004,0.138,-0.302
37576,0.0,0.0,0.0,1000.0,0,0,0.4607,0.138,-0.302
37577,0.0,0.0,0.0,1000.0,0,0,0.4807,0.138,-0.302
37578,0.0,0.0,0.0,1000.0,0,0,0.1607,0.15800000000000003,-0.302
37579,0.0,0.0,0.0,1000.0,0,0,0.1807,0.15800000000000003,-0.302
37580,0.0,0.0,0.0,1000.0,0,0,0.20070000000000002,0.15800000000000003,-0.302
37581,0.0,0.0,0.0,1000.0,0,0,0.2207,0.15800000000000003,-0.302
37582,0.0,0.0,0.0,1000.0,0,0,0.24070000000000003,0.15800000000000003,-0.302
37583,0.0,0.0,0.0,1000.0,0,0,0.26070000000000004,0.15800000000000003,-0.302
37584,0.0,0.0,0.0,1000.0,0,0,0.2807,0.15800000000000003,-0.302
37585,0.0,0.0,0.0,1000.0,0,0,0.3007,0.15800000000000003,-0.302
37586,0.0,0.0,0.0,1000.0,0,0,0.3207,0.15800000000000003,-0.302
37587,0.0,0.0,0.0,1000.0,0,0,0.3407,0.15800000000000003,-0.302
37588,0.0,0.0,0.0,1000.0,0,0,0.3607,0.15800000000000003,-0.302
37589,0.0,0.0,0.0,1000.0,0,0,0.38070000000000004,0.15800000000000003,-0.302
37590,0.0,0.0,0.0,1000.0,0,0,0.4007,0.15800000000000003,-0.302
37591,0.0,0.0,0.0,1000.0,0,0,0.4207,0.15800000000000003,-0.302
37592,0.0,0.0,0.0,1000.0,0,0,0.44070000000000004,0.15800000000000003,-0.302
37593,0.0,0.0,0.0,1000.0,0,0,0.4607,0.15800000000000003,-0.302
37594,0.0,0.0,0.0,1000.0,0,0,0.4807,0.15800000000000003,-0.302
37595,0.0,0.0,0.0,1000.0,0,0,0.1607,0.17800000000000005,-0.302
37596,0.0,0.0,0.0,1000.0,0,0,0.1807,0.17800000000000005,-0.302
37597,0.0,0.0,0.0,1000.0,0,0,0.20070000000000002,0.17800000000000005,-0.302
37598,0.0,0.0,0.0,1000.0,0,0,0.2207,0.17800000000000005,-0.302
37599,0.0,0.0,0.0,1000.0,0,0,0.24070000000000003,0.17800000000000005,-0.302
37600,0.0,0.0,0.0,1000.0,0,0,0.26070000000000004,0.17800000000000005,-0.302
37601,0.0,0.0,0.0,1000.0,0,0,0.2807,0.17800000000000005,-0.302
37602,0.0,0.0,0.0,1000.0,0,0,0.3007,0.17800000000000005,-0.302
37603,0.0,0.0,0.0,1000.0,0,0,0.3207,0.17800000000000005,-0.302
37604,0.0,0.0,0.0,1000.0,0,0,0.3407,0.17800000000000005,-0.302
37605,0.0,0.0,0.0,1000.0,0,0,0.3607,0.17800000000000005,-0.302
37606,0.0,0.0,0.0,1000.0,0,0,0.38070000000000004,0.17800000000000005,-0.302
37607,0.0,0.0,0.0,1000.0,0,0,0.4007,0.17800000000000005,-0.302
37608,0.0,0.0,0.0,1000.0,0,0,0.4207,0.17800000000000005,-0.302
37609,0.0,0.0,0.0,1000.0,0,0,0.44070000000000004,0.17800000000000005,-0.302
37610,0.0,0.0,0.0,1000.0,0,0,0.4607,0.17800000000000005,-0.302
37611,0.0,0.0,0.0,1000.0,0,0,0.4807,0.17800000000000005,-0.302
37612,0.0,0.0,0.0,1000.0,0,0,0.1607,0.19800000000000006,-0.302
37613,0.0,0.0,0.0,1000.0,0,0,0.1807,0.19800000000000006,-0.302
37614,0.0,0.0,0.0,1000.0,0,0,0.20070000000000002,0.19800000000000006,-0.302
37615,0.0,0.0,0.0,1000.0,0,0,0.2207,0.19800000000000006,-0.302
37616,0.0,0.0,0.0,1000.0,0,0,0.24070000000000003,0.19800000000000006,-0.302
37617,0.0,0.0,0.0,1000.0,0,0,0.26070000000000004,0.19800000000000006,-0.302
37618,0.0,0.0,0.0,1000.0,0,0,0.2807,0.19800000000000006,-0.302
37619,0.0,0.0,0.0,1000.0,0,0,0.3007,0.19800000000000006,-0.302
37620,0.0,0.0,0.0,1000.0,0,0,0.3207,0.19800000000000006,-0.302
37621,0.0,0.0,0.0,1000.0,0,0,0.3407,0.19800000000000006,-0.302
37622,0.0,0.0,0.0,1000.0,0,0,0.3607,0.19800000000000006,-0.302
37623,0.0,0.0,0.0,1000.0,0,0,0.38070000000000004,0.19800000000000006,-0.302
37624,0.0,0.0,0.0,1000.0,0,0,0.4007,0.19800000000000006,-0.302
37625,0.0,0.0,0.0,1000.0,0,0,0.4207,0.19800000000000006,-0.302
37626,0.0,0.0,0.0,1000.0,0,0,0.44070000000000004,0.19800000000000006,-0.302
37627,0.0,0.0,0.0,1000.0,0,0,0.4607,0.19800000000000006,-0.302
37628,0.0,0.0,0.0,1000.0,0,0,0.4807,0.19800000000000006,-0.302
37629,0.0,0.0,0.0,1000.0,0,0,0.1607,0.21800000000000008,-0.302
37630,0.0,0.0,0.0,1000.0,0,0,0.1807,0.21800000000000008,-0.302
37631,0.0,0.0,0.0,1000.0,0,0,0.20070000000000002,0.21800000000000008,-0.302
37632,0.0,0.0,0.0,1000.0,0,0,0.2207,0.21800000000000008,-0.302
37633,0.0,0.0,0.0,1000.0,0,0,0.24070000000000003,0.21800000000000008,-0.302
37634,0.0,0.0,0.0,1000.0,0,0,0.26070000000000004,0.21800000000000008,-0.302
37635,0.0,0.0,0.0,1000.0,0,0,0.2807,0.21800000000000008,-0.302
37636,0.0,0.0,0.0,1000.0,0,0,0.3007,0.21800000000000008,-0.302
37637,0.0,0.0,0.0,1000.0,0,0,0.3207,0.21800000000000008,-0.302
37638,0.0,0.0,0.0,1000.0,0,0,0.3407,0.21800000000000008,-0.302
37639,0.0,0.0,0.0,1000.0,0,0,0.3607,0.21800000000000008,-0.302
37640,0.0,0.0,0.0,1000.0,0,0,0.38070000000000004,0.21800000000000008,-0.302
37641,0.0,0.0,0.0,1000.0,0,0,0.4007,0.21800000000000008,-0.302
37642,0.0,0.0,0.0,1000.0,0,0,0.4207,0.21800000000000008,-0.302
37643,0.0,0.0,0.0,1000.0,0,0,0.44070000000000004,0.21800000000000008,-0.302
37644,0.0,0.0,0.0,1000.0,0,0,0.4607,0.21800000000000008,-0.302
37645,0.0,0.0,0.0,1000.0,0,0,0.4807,0.21800000000000008,-0.302
37646,0.0,0.0,0.0,1000.0,0,0,0.1607,0.238,-0.302
37647,0.0,0.0,0.0,1000.0,0,0,0.1807,0.238,-0.302
37648,0.0,0.0,0.0,1000.0,0,0,0.20070000000000002,0.238,-0.302
37649,0.0,0.0,0.0,1000.0,0,0,0.2207,0.238,-0.302
37650,0.0,0.0,0.0,1000.0,0,0,0.24070000000000003,0.238,-0.302
37651,0.0,0.0,0.0,1000.0,0,0,0.26070000000000004,0.238,-0.302
37652,0.0,0.0,0.0,1000.0,0,0,0.2807,0.238,-0.302
37653,0.0,0.0,0.0,1000.0,0,0,0.3007,0.238,-0.302
37654,0.0,0.0,0.0,1000.0,0,0,0.3207,0.238,-0.302
37655,0.0,0.0,0.0,1000.0,0,0,0.3407,0.238,-0.302
37656,0.0,0.0,0.0,1000.0,0,0,0.3607,0.238,-0.302
37657,0.0,0.0,0.0,1000.0,0,0,0.38070000000000004,0.238,-0.302
37658,0.0,0.0,0.0,1000.0,0,0,0.4007,0.238,-0.302
37659,0.0,0.0,0.0,1000.0,0,0,0.4207,0.238,-0.302
37660,0.0,0.0,0.0,1000.0,0,0,0.44070000000000004,0.238,-0.302
37661,0.0,0.0,0.0,1000.0,0,0,0.4607,0.238,-0.302
37662,0.0,0.0,0.0,1000.0,0,0,0.4807,0.238,-0.302
37663,0.0,0.0,0.0,1000.0,0,0,0.1607,0.258,-0.302
37664,0.0,0.0,0.0,1000.0,0,0,0.1807,0.258,-0.302
37665,0.0,0.0,0.0,1000.0,0,0,0.20070000000000002,0.258,-0.302
37666,0.0,0.0,0.0,1000.0,0,0,0.2207,0.258,-0.302
37667,0.0,0.0,0.0,1000.0,0,0,0.24070000000000003,0.258,-0.302
37668,0.0,0.0,0.0,1000.0,0,0,0.26070000000000004,0.258,-0.302
37669,0.0,0.0,0.0,1000.0,0,0,0.2807,0.258,-0.302
37670,0.0,0.0,0.0,1000.0,0,0,0.3007,0.258,-0.302
37671,0.0,0.0,0.0,1000.0,0,0,0.3207,0.258,-0.302
37672,0.0,0.0,0.0,1000.0,0,0,0.3407,0.258,-0.302
37673,0.0,0.0,0.0,1000.0,0,0,0.3607,0.258,-0.302
37674,0.0,0.0,0.0,1000.0,0,0,0.38070000000000004,0.258,-0.302
37675,0.0,0.0,0.0,1000.0,0,0,0.4007,0.258,-0.302
37676,0.0,0.0,0.0,1000.0,0,0,0.4207,0.258,-0.302
37677,0.0,0.0,0.0,1000.0,0,0,0.44070000000000004,0.258,-0.302
37678,0.0,0.0,0.0,1000.0,0,0,0.4607,0.258,-0.302
37679,0.0,0.0,0.0,1000.0,0,0,0.4807,0.258,-0.302
37680,0.0,0.0,0.0,1000.0,0,0,0.1607,0.278,-0.302
37681,0.0,0.0,0.0,1000.0,0,0,0.1807,0.278,-0.302
37682,0.0,0.0,0.0,1000.0,0,0,0.20070000000000002,0.278,-0.302
37683,0.0,0.0,0.0,1000.0,0,0,0.2207,0.278,-0.302
37684,0.0,0.0,0.0,1000.0,0,0,0.24070000000000003,0.278,-0.302
37685,0.0,0.0,0.0,1000.0,0,0,0.26070000000000004,0.278,-0.302
37686,0.0,0.0,0.0,1000.0,0,0,0.2807,0.278,-0.302
37687,0.0,0.0,0.0,1000.0,0,0,0.3007,0.278,-0.302
37688,0.0,0.0,0.0,1000.0,0,0,0.3207,0.278,-0.302
37689,0.0,0.0,0.0,1000.0,0,0,0.3407,0.278,-0.302
37690,0.0,0.0,0.0,1000.0,0,0,0.3607,0.278,-0.302
37691,0.0,0.0,0.0,1000.0,0,0,0.38070000000000004,0.278,-0.302
37692,0.0,0.0,0.0,1000.0,0,0,0.4007,0.278,-0.302
37693,0.0,0.0,0.0,1000.0,0,0,0.4207,0.278,-0.302
37694,0.0,0.0,0.0,1000.0,0,0,0.44070000000000004,0.278,-0.302
37695,0.0,0.0,0.0,1000.0,0,0,0.4607,0.278,-0.302
37696,0.0,0.0,0.0,1000.0,0,0,0.4807,0.278,-0.302
37697,0.0,0.0,0.0,1000.0,0,0,0.1607,0.29800000000000004,-0.302
37698,0.0,0.0,0.0,1000.0,0,0,0.1807,0.29800000000000004,-0.302
37699,0.0,0.0,0.0,1000.0,0,0,0.20070000000000002,0.29800000000000004,-0.302
37700,0.0,0.0,0.0,1000.0,0,0,0.2207,0.29800000000000004,-0.302
37701,0.0,0.0,0.0,1000.0,0,0,0.24070000000000003,0.29800000000000004,-0.302
37702,0.0,0.0,0.0,1000.0,0,0,0.26070000000000004,0.29800000000000004,-0.302
37703,0.0,0.0,0.0,1000.0,0,0,0.2807,0.29800000000000004,-0.302
37704,0.0,0.0,0.0,1000.0,0,0,0.3007,0.29800000000000004,-0.302
37705,0.0,0.0,0.0,1000.0,0,0,0.3207,0.29800000000000004,-0.302
37706,0.0,0.0,0.0,1000.0,0,0,0.3407,0.29800000000000004,-0.302
37707,0.0,0.0,0.0,1000.0,0,0,0.3607,0.29800000000000004,-0.302
37708,0.0,0.0,0.0,1000.0,0,0,0.38070000000000004,0.29800000000000004,-0.302
37709,0.0,0.0,0.0,1000.0,0,0,0.4007,0.29800000000000004,-0.302
37710,0.0,0.0,0.0,1000.0,0,0,0.4207,0.29800000000000004,-0.302
37711,0.0,0.0,0.0,1000.0,0,0,0.44070000000000004,0.29800000000000004,-0.302
37712,0.0,0.0,0.0,1000.0,0,0,0.4607,0.29800000000000004,-0.302
37713,0.0,0.0,0.0,1000.0,0,0,0.4807,0.29800000000000004,-0.302
37714,0.0,0.0,0.0,1000.0,0,0,0.1607,0.31800000000000006,-0.302
37715,0.0,0.0,0.0,1000.0,0,0,0.1807,0.31800000000000006,-0.302
37716,0.0,0.0,0.0,1000.0,0,0,0.20070000000000002,0.31800000000000006,-0.302
37717,0.0,0.0,0.0,1000.0,0,0,0.2207,0.31800000000000006,-0.302
37718,0.0,0.0,0.0,1000.0,0,0,0.24070000000000003,0.31800000000000006,-0.302
37719,0.0,0.0,0.0,1000.0,0,0,0.26070000000000004,0.31800000000000006,-0.302
37720,0.0,0.0,0.0,1000.0,0,0,0.2807,0.31800000000000006,-0.302
37721,0.0,0.0,0.0,1000.0,0,0,0.3007,0.31800000000000006,-0.302
37722,0.0,0.0,0.0,1000.0,0,0,0.3207,0.31800000000000006,-0.302
37723,0.0,0.0,0.0,1000.0,0,0,0.3407,0.31800000000000006,-0.302
37724,0.0,0.0,0.0,1000.0,0,0,0.3607,0.31800000000000006,-0.302
37725,0.0,0.0,0.0,1000.0,0,0,0.38070000000000004,0.31800000000000006,-0.302
37726,0.0,0.0,0.0,1000.0,0,0,0.4007,0.31800000000000006,-0.302
37727,0.0,0.0,0.0,1000.0,0,0,0.4207,0.31800000000000006,-0.302
37728,0.0,0.0,0.0,1000.0,0,0,0.44070000000000004,0.31800000000000006,-0.302
37729,0.0,0.0,0.0,1000.0,0,0,0.4607,0.31800000000000006,-0.302
37730,0.0,0.0,0.0,1000.0,0,0,0.4807,0.31800000000000006,-0.302
37731,0.0,0.0,0.0,1000.0,0,0,0.1607,0.3380000000000001,-0.302
37732,0.0,0.0,0.0,1000.0,0,0,0.1807,0.3380000000000001,-0.302
37733,0.0,0.0,0.0,1000.0,0,0,0.20070000000000002,0.3380000000000001,-0.302
37734,0.0,0.0,0.0,1000.0,0,0,0.2207,0.3380000000000001,-0.302
37735,0.0,0.0,0.0,1000.0,0,0,0.24070000000000003,0.3380000000000001,-0.302
37736,0.0,0.0,0.0,1000.0,0,0,0.26070000000000004,0.3380000000000001,-0.302
37737,0.0,0.0,0.0,1000.0,0,0,0.2807,0.3380000000000001,-0.302
37738,0.0,0.0,0.0,1000.0,0,0,0.3007,0.3380000000000001,-0.302
37739,0.0,0.0,0.0,1000.0,0,0,0.3207,0.3380000000000001,-0.302
37740,0.0,0.0,0.0,1000.0,0,0,0.3407,0.3380000000000001,-0.302
37741,0.0,0.0,0.0,1000.0,0,0,0.3607,0.3380000000000001,-0.302
37742,0.0,0.0,0.0,1000.0,0,0,0.38070000000000004,0.3380000000000001,-0.302
37743,0.0,0.0,0.0,1000.0,0,0,0.4007,0.3380000000000001,-0.302
37744,0.0,0.0,0.0,1000.0,0,0,0.4207,0.3380000000000001,-0.302
37745,0.0,0.0,0.0,1000.0,0,0,0.44070000000000004,0.3380000000000001,-0.302
37746,0.0,0.0,0.0,1000.0,0,0,0.4607,0.3380000000000001,-0.302
37747,0.0,0.0,0.0,1000.0,0,0,0.4807,0.3380000000000001,-0.302
37748,0.0,0.0,0.0,1000.0,0,0,0.1607,0.358,-0.302
37749,0.0,0.0,0.0,1000.0,0,0,0.1807,0.358,-0.302
37750,0.0,0.0,0.0,1000.0,0,0,0.20070000000000002,0.358,-0.302
37751,0.0,0.0,0.0,1000.0,0,0,0.2207,0.358,-0.302
37752,0.0,0.0,0.0,1000.0,0,0,0.24070000000000003,0.358,-0.302
37753,0.0,0.0,0.0,1000.0,0,0,0.26070000000000004,0.358,-0.302
37754,0.0,0.0,0.0,1000.0,0,0,0.2807,0.358,-0.302
37755,0.0,0.0,0.0,1000.0,0,0,0.3007,0.358,-0.302
37756,0.0,0.0,0.0,1000.0,0,0,0.3207,0.358,-0.302
37757,0.0,0.0,0.0,1000.0,0,0,0.3407,0.358,-0.302
37758,0.0,0.0,0.0,1000.0,0,0,0.3607,0.358,-0.302
37759,0.0,0.0,0.0,1000.0,0,0,0.38070000000000004,0.358,-0.302
37760,0.0,0.0,0.0,1000.0,0,0,0.4007,0.358,-0.302
37761,0.0,0.0,0.0,1000.0,0,0,0.4207,0.358,-0.302
37762,0.0,0.0,0.0,1000.0,0,0,0.44070000000000004,0.358,-0.302
37763,0.0,0.0,0.0,1000.0,0,0,0.4607,0.358,-0.302
37764,0.0,0.0,0.0,1000.0,0,0,0.4807,0.358,-0.302
37765,0.0,0.0,0.0,1000.0,0,0,0.1607,0.378,-0.302
37766,0.0,0.0,0.0,1000.0,0,0,0.1807,0.378,-0.302
37767,0.0,0.0,0.0,1000.0,0,0,0.20070000000000002,0.378,-0.302
37768,0.0,0.0,0.0,1000.0,0,0,0.2207,0.378,-0.302
37769,0.0,0.0,0.0,1000.0,0,0,0.24070000000000003,0.378,-0.302
37770,0.0,0.0,0.0,1000.0,0,0,0.26070000000000004,0.378,-0.302
37771,0.0,0.0,0.0,1000.0,0,0,0.2807,0.378,-0.302
37772,0.0,0.0,0.0,1000.0,0,0,0.3007,0.378,-0.302
37773,0.0,0.0,0.0,1000.0,0,0,0.3207,0.378,-0.302
37774,0.0,0.0,0.0,1000.0,0,0,0.3407,0.378,-0.302
37775,0.0,0.0,0.0,1000.0,0,0,0.3607,0.378,-0.302
37776,0.0,0.0,0.0,1000.0,0,0,0.38070000000000004,0.378,-0.302
37777,0.0,0.0,0.0,1000.0,0,0,0.4007,0.378,-0.302
37778,0.0,0.0,0.0,1000.0,0,0,0.4207,0.378,-0.302
37779,0.0,0.0,0.0,1000.0,0,0,0.44070000000000004,0.378,-0.302
37780,0.0,0.0,0.0,1000.0,0,0,0.4607,0.378,-0.302
37781,0.0,0.0,0.0,1000.0,0,0,0.4807,0.378,-0.302
37782,0.0,0.0,0.0,1000.0,0,0,0.1607,0.398,-0.302
37783,0.0,0.0,0.0,1000.0,0,0,0.1807,0.398,-0.302
37784,0.0,0.0,0.0,1000.0,0,0,0.20070000000000002,0.398,-0.302
37785,0.0,0.0,0.0,1000.0,0,0,0.2207,0.398,-0.302
37786,0.0,0.0,0.0,1000.0,0,0,0.24070000000000003,0.398,-0.302
37787,0.0,0.0,0.0,1000.0,0,0,0.26070000000000004,0.398,-0.302
37788,0.0,0.0,0.0,1000.0,0,0,0.2807,0.398,-0.302
37789,0.0,0.0,0.0,1000.0,0,0,0.3007,0.398,-0.302
37790,0.0,0.0,0.0,1000.0,0,0,0.3207,0.398,-0.302
37791,0.0,0.0,0.0,1000.0,0,0,0.3407,0.398,-0.302
37792,0.0,0.0,0.0,1000.0,0,0,0.3607,0.398,-0.302
37793,0.0,0.0,0.0,1000.0,0,0,0.38070000000000004,0.398,-0.302
37794,0.0,0.0,0.0,1000.0,0,0,0.4007,0.398,-0.302
37795,0.0,0.0,0.0,1000.0,0,0,0.4207,0.398,-0.302
37796,0.0,0.0,0.0,1000.0,0,0,0.44070000000000004,0.398,-0.302
37797,0.0,0.0,0.0,1000.0,0,0,0.4607,0.398,-0.302
37798,0.0,0.0,0.0,1000.0,0,0,0.4807,0.398,-0.302
37799,0.0,0.0,0.0,1000.0,0,0,0.1607,0.41800000000000004,-0.302
37800,0.0,0.0,0.0,1000.0,0,0,0.1807,0.41800000000000004,-0.302
37801,0.0,0.0,0.0,1000.0,0,0,0.20070000000000002,0.41800000000000004,-0.302
37802,0.0,0.0,0.0,1000.0,0,0,0.2207,0.41800000000000004,-0.302
37803,0.0,0.0,0.0,1000.0,0,0,0.24070000000000003,0.41800000000000004,-0.302
37804,0.0,0.0,0.0,1000.0,0,0,0.26070000000000004,0.41800000000000004,-0.302
37805,0.0,0.0,0.0,1000.0,0,0,0.2807,0.41800000000000004,-0.302
37806,0.0,0.0,0.0,1000.0,0,0,0.3007,0.41800000000000004,-0.302
37807,0.0,0.0,0.0,1000.0,0,0,0.3207,0.41800000000000004,-0.302
37808,0.0,0.0,0.0,1000.0,0,0,0.3407,0.41800000000000004,-0.302
37809,0.0,0.0,0.0,1000.0,0,0,0.3607,0.41800000000000004,-0.302
37810,0.0,0.0,0.0,1000.0,0,0,0.38070000000000004,0.41800000000000004,-0.302
37811,0.0,0.0,0.0,1000.0,0,0,0.4007,0.41800000000000004,-0.302
37812,0.0,0.0,0.0,1000.0,0,0,0.4207,0.41800000000000004,-0.302
37813,0.0,0.0,0.0,1000.0,0,0,0.44070000000000004,0.41800000000000004,-0.302
37814,0.0,0.0,0.0,1000.0,0,0,0.4607,0.41800000000000004,-0.302
37815,0.0,0.0,0.0,1000.0,0,0,0.4807,0.41800000000000004,-0.302
37816,0.0,0.0,0.0,1000.0,0,0,0.1607,0.43800000000000006,-0.302
37817,0.0,0.0,0.0,1000.0,0,0,0.1807,0.43800000000000006,-0.302
37818,0.0,0.0,0.0,1000.0,0,0,0.20070000000000002,0.43800000000000006,-0.302
37819,0.0,0.0,0.0,1000.0,0,0,0.2207,0.43800000000000006,-0.302
37820,0.0,0.0,0.0,1000.0,0,0,0.24070000000000003,0.43800000000000006,-0.302
37821,0.0,0.0,0.0,1000.0,0,0,0.26070000000000004,0.43800000000000006,-0.302
37822,0.0,0.0,0.0,1000.0,0,0,0.2807,0.43800000000000006,-0.302
37823,0.0,0.0,0.0,1000.0,0,0,0.3007,0.43800000000000006,-0.302
37824,0.0,0.0,0.0,1000.0,0,0,0.3207,0.43800000000000006,-0.302
37825,0.0,0.0,0.0,1000.0,0,0,0.3407,0.43800000000000006,-0.302
37826,0.0,0.0,0.0,1000.0,0,0,0.3607,0.43800000000000006,-0.302
37827,0.0,0.0,0.0,1000.0,0,0,0.38070000000000004,0.43800000000000006,-0.302
37828,0.0,0.0,0.0,1000.0,0,0,0.4007,0.43800000000000006,-0.302
37829,0.0,0.0,0.0,1000.0,0,0,0.4207,0.43800000000000006,-0.302
37830,0.0,0.0,0.0,1000.0,0,0,0.44070000000000004,0.43800000000000006,-0.302
37831,0.0,0.0,0.0,1000.0,0,0,0.4607,0.43800000000000006,-0.302
37832,0.0,0.0,0.0,1000.0,0,0,0.4807,0.43800000000000006,-0.302
37833,0.0,0.0,0.0,1000.0,0,0,0.1607,0.4580000000000001,-0.302
37834,0.0,0.0,0.0,1000.0,0,0,0.1807,0.4580000000000001,-0.302
37835,0.0,0.0,0.0,1000.0,0,0,0.20070000000000002,0.4580000000000001,-0.302
37836,0.0,0.0,0.0,1000.0,0,0,0.2207,0.4580000000000001,-0.302
37837,0.0,0.0,0.0,1000.0,0,0,0.24070000000000003,0.4580000000000001,-0.302
37838,0.0,0.0,0.0,1000.0,0,0,0.26070000000000004,0.4580000000000001,-0.302
37839,0.0,0.0,0.0,1000.0,0,0,0.2807,0.4580000000000001,-0.302
37840,0.0,0.0,0.0,1000.0,0,0,0.3007,0.4580000000000001,-0.302
37841,0.0,0.0,0.0,1000.0,0,0,0.3207,0.4580000000000001,-0.302
37842,0.0,0.0,0.0,1000.0,0,0,0.3407,0.4580000000000001,-0.302
37843,0.0,0.0,0.0,1000.0,0,0,0.3607,0.4580000000000001,-0.302
37844,0.0,0.0,0.0,1000.0,0,0,0.38070000000000004,0.4580000000000001,-0.302
37845,0.0,0.0,0.0,1000.0,0,0,0.4007,0.4580000000000001,-0.302
37846,0.0,0.0,0.0,1000.0,0,0,0.4207,0.4580000000000001,-0.302
37847,0.0,0.0,0.0,1000.0,0,0,0.44070000000000004,0.4580000000000001,-0.302
37848,0.0,0.0,0.0,1000.0,0,0,0.4607,0.4580000000000001,-0.302
37849,0.0,0.0,0.0,1000.0,0,0,0.4807,0.4580000000000001,-0.302
37850,0.0,0.0,0.0,1000.0,0,0,0.1607,0.478,-0.302
37851,0.0,0.0,0.0,1000.0,0,0,0.1807,0.478,-0.302
37852,0.0,0.0,0.0,1000.0,0,0,0.20070000000000002,0.478,-0.302
37853,0.0,0.0,0.0,1000.0,0,0,0.2207,0.478,-0.302
37854,0.0,0.0,0.0,1000.0,0,0,0.24070000000000003,0.478,-0.302
37855,0.0,0.0,0.0,1000.0,0,0,0.26070000000000004,0.478,-0.302
37856,0.0,0.0,0.0,1000.0,0,0,0.2807,0.478,-0.302
37857,0.0,0.0,0.0,1000.0,0,0,0.3007,0.478,-0.302
37858,0.0,0.0,0.0,1000.0,0,0,0.3207,0.478,-0.302
37859,0.0,0.0,0.0,1000.0,0,0,0.3407,0.478,-0.302
37860,0.0,0.0,0.0,1000.0,0,0,0.3607,0.478,-0.302
37861,0.0,0.0,0.0,1000.0,0,0,0.38070000000000004,0.478,-0.302
37862,0.0,0.0,0.0,1000.0,0,0,0.4007,0.478,-0.302
37863,0.0,0.0,0.0,1000.0,0,0,0.4207,0.478,-0.302
37864,0.0,0.0,0.0,1000.0,0,0,0.44070000000000004,0.478,-0.302
37865,0.0,0.0,0.0,1000.0,0,0,0.4607,0.478,-0.302
37866,0.0,0.0,0.0,1000.0,0,0,0.4807,0.478,-0.302
37867,0.0,0.0,0.0,1000.0,0,0,0.1607,-0.482,-0.282
37868,0.0,0.0,0.0,1000.0,0,0,0.1807,-0.482,-0.282
37869,0.0,0.0,0.0,1000.0,0,0,0.20070000000000002,-0.482,-0.282
37870,0.0,0.0,0.0,1000.0,0,0,0.2207,-0.482,-0.282
37871,0.0,0.0,0.0,1000.0,0,0,0.24070000000000003,-0.482,-0.282
37872,0.0,0.0,0.0,1000.0,0,0,0.26070000000000004,-0.482,-0.282
37873,0.0,0.0,0.0,1000.0,0,0,0.2807,-0.482,-0.282
37874,0.0,0.0,0.0,1000.0,0,0,0.3007,-0.482,-0.282
37875,0.0,0.0,0.0,1000.0,0,0,0.3207,-0.482,-0.282
37876,0.0,0.0,0.0,1000.0,0,0,0.3407,-0.482,-0.282
37877,0.0,0.0,0.0,1000.0,0,0,0.3607,-0.482,-0.282
37878,0.0,0.0,0.0,1000.0,0,0,0.38070000000000004,-0.482,-0.282
37879,0.0,0.0,0.0,1000.0,0,0,0.4007,-0.482,-0.282
37880,0.0,0.0,0.0,1000.0,0,0,0.4207,-0.482,-0.282
37881,0.0,0.0,0.0,1000.0,0,0,0.44070000000000004,-0.482,-0.282
37882,0.0,0.0,0.0,1000.0,0,0,0.4607,-0.482,-0.282
37883,0.0,0.0,0.0,1000.0,0,0,0.4807,-0.482,-0.282
37884,0.0,0.0,0.0,1000.0,0,0,0.1607,-0.46199999999999997,-0.282
37885,0.0,0.0,0.0,1000.0,0,0,0.1807,-0.46199999999999997,-0.282
37886,0.0,0.0,0.0,1000.0,0,0,0.20070000000000002,-0.46199999999999997,-0.282
37887,0.0,0.0,0.0,1000.0,0,0,0.2207,-0.46199999999999997,-0.282
37888,0.0,0.0,0.0,1000.0,0,0,0.24070000000000003,-0.46199999999999997,-0.282
37889,0.0,0.0,0.0,1000.0,0,0,0.26070000000000004,-0.46199999999999997,-0.282
37890,0.0,0.0,0.0,1000.0,0,0,0.2807,-0.46199999999999997,-0.282
37891,0.0,0.0,0.0,1000.0,0,0,0.3007,-0.46199999999999997,-0.282
37892,0.0,0.0,0.0,1000.0,0,0,0.3207,-0.46199999999999997,-0.282
37893,0.0,0.0,0.0,1000.0,0,0,0.3407,-0.46199999999999997,-0.282
37894,0.0,0.0,0.0,1000.0,0,0,0.3607,-0.46199999999999997,-0.282
37895,0.0,0.0,0.0,1000.0,0,0,0.38070000000000004,-0.46199999999999997,-0.282
37896,0.0,0.0,0.0,1000.0,0,0,0.4007,-0.46199999999999997,-0.282
37897,0.0,0.0,0.0,1000.0,0,0,0.4207,-0.46199999999999997,-0.282
37898,0.0,0.0,0.0,1000.0,0,0,0.44070000000000004,-0.46199999999999997,-0.282
37899,0.0,0.0,0.0,1000.0,0,0,0.4607,-0.46199999999999997,-0.282
37900,0.0,0.0,0.0,1000.0,0,0,0.4807,-0.46199999999999997,-0.282
37901,0.0,0.0,0.0,1000.0,0,0,0.1607,-0.442,-0.282
37902,0.0,0.0,0.0,1000.0,0,0,0.1807,-0.442,-0.282
37903,0.0,0.0,0.0,1000.0,0,0,0.20070000000000002,-0.442,-0.282
37904,0.0,0.0,0.0,1000.0,0,0,0.2207,-0.442,-0.282
37905,0.0,0.0,0.0,1000.0,0,0,0.24070000000000003,-0.442,-0.282
37906,0.0,0.0,0.0,1000.0,0,0,0.26070000000000004,-0.442,-0.282
37907,0.0,0.0,0.0,1000.0,0,0,0.2807,-0.442,-0.282
37908,0.0,0.0,0.0,1000.0,0,0,0.3007,-0.442,-0.282
37909,0.0,0.0,0.0,1000.0,0,0,0.3207,-0.442,-0.282
37910,0.0,0.0,0.0,1000.0,0,0,0.3407,-0.442,-0.282
37911,0.0,0.0,0.0,1000.0,0,0,0.3607,-0.442,-0.282
37912,0.0,0.0,0.0,1000.0,0,0,0.38070000000000004,-0.442,-0.282
37913,0.0,0.0,0.0,1000.0,0,0,0.4007,-0.442,-0.282
37914,0.0,0.0,0.0,1000.0,0,0,0.4207,-0.442,-0.282
37915,0.0,0.0,0.0,1000.0,0,0,0.44070000000000004,-0.442,-0.282
37916,0.0,0.0,0.0,1000.0,0,0,0.4607,-0.442,-0.282
37917,0.0,0.0,0.0,1000.0,0,0,0.4807,-0.442,-0.282
37918,0.0,0.0,0.0,1000.0,0,0,0.1607,-0.422,-0.282
37919,0.0,0.0,0.0,1000.0,0,0,0.1807,-0.422,-0.282
37920,0.0,0.0,0.0,1000.0,0,0,0.20070000000000002,-0.422,-0.282
37921,0.0,0.0,0.0,1000.0,0,0,0.2207,-0.422,-0.282
37922,0.0,0.0,0.0,1000.0,0,0,0.24070000000000003,-0.422,-0.282
37923,0.0,0.0,0.0,1000.0,0,0,0.26070000000000004,-0.422,-0.282
37924,0.0,0.0,0.0,1000.0,0,0,0.2807,-0.422,-0.282
37925,0.0,0.0,0.0,1000.0,0,0,0.3007,-0.422,-0.282
37926,0.0,0.0,0.0,1000.0,0,0,0.3207,-0.422,-0.282
37927,0.0,0.0,0.0,1000.0,0,0,0.3407,-0.422,-0.282
37928,0.0,0.0,0.0,1000.0,0,0,0.3607,-0.422,-0.282
37929,0.0,0.0,0.0,1000.0,0,0,0.38070000000000004,-0.422,-0.282
37930,0.0,0.0,0.0,1000.0,0,0,0.4007,-0.422,-0.282
37931,0.0,0.0,0.0,1000.0,0,0,0.4207,-0.422,-0.282
37932,0.0,0.0,0.0,1000.0,0,0,0.44070000000000004,-0.422,-0.282
37933,0.0,0.0,0.0,1000.0,0,0,0.4607,-0.422,-0.282
37934,0.0,0.0,0.0,1000.0,0,0,0.4807,-0.422,-0.282
37935,0.0,0.0,0.0,1000.0,0,0,0.1607,-0.40199999999999997,-0.282
37936,0.0,0.0,0.0,1000.0,0,0,0.1807,-0.40199999999999997,-0.282
37937,0.0,0.0,0.0,1000.0,0,0,0.20070000000000002,-0.40199999999999997,-0.282
37938,0.0,0.0,0.0,1000.0,0,0,0.2207,-0.40199999999999997,-0.282
37939,0.0,0.0,0.0,1000.0,0,0,0.24070000000000003,-0.40199999999999997,-0.282
37940,0.0,0.0,0.0,1000.0,0,0,0.26070000000000004,-0.40199999999999997,-0.282
37941,0.0,0.0,0.0,1000.0,0,0,0.2807,-0.40199999999999997,-0.282
37942,0.0,0.0,0.0,1000.0,0,0,0.3007,-0.40199999999999997,-0.282
37943,0.0,0.0,0.0,1000.0,0,0,0.3207,-0.40199999999999997,-0.282
37944,0.0,0.0,0.0,1000.0,0,0,0.3407,-0.40199999999999997,-0.282
37945,0.0,0.0,0.0,1000.0,0,0,0.3607,-0.40199999999999997,-0.282
37946,0.0,0.0,0.0,1000.0,0,0,0.38070000000000004,-0.40199999999999997,-0.282
37947,0.0,0.0,0.0,1000.0,0,0,0.4007,-0.40199999999999997,-0.282
37948,0.0,0.0,0.0,1000.0,0,0,0.4207,-0.40199999999999997,-0.282
37949,0.0,0.0,0.0,1000.0,0,0,0.44070000000000004,-0.40199999999999997,-0.282
37950,0.0,0.0,0.0,1000.0,0,0,0.4607,-0.40199999999999997,-0.282
37951,0.0,0.0,0.0,1000.0,0,0,0.4807,-0.40199999999999997,-0.282
37952,0.0,0.0,0.0,1000.0,0,0,0.1607,-0.382,-0.282
37953,0.0,0.0,0.0,1000.0,0,0,0.1807,-0.382,-0.282
37954,0.0,0.0,0.0,1000.0,0,0,0.20070000000000002,-0.382,-0.282
37955,0.0,0.0,0.0,1000.0,0,0,0.2207,-0.382,-0.282
37956,0.0,0.0,0.0,1000.0,0,0,0.24070000000000003,-0.382,-0.282
37957,0.0,0.0,0.0,1000.0,0,0,0.26070000000000004,-0.382,-0.282
37958,0.0,0.0,0.0,1000.0,0,0,0.2807,-0.382,-0.282
37959,0.0,0.0,0.0,1000.0,0,0,0.3007,-0.382,-0.282
37960,0.0,0.0,0.0,1000.0,0,0,0.3207,-0.382,-0.282
37961,0.0,0.0,0.0,1000.0,0,0,0.3407,-0.382,-0.282
37962,0.0,0.0,0.0,1000.0,0,0,0.3607,-0.382,-0.282
37963,0.0,0.0,0.0,1000.0,0,0,0.38070000000000004,-0.382,-0.282
37964,0.0,0.0,0.0,1000.0,0,0,0.4007,-0.382,-0.282
37965,0.0,0.0,0.0,1000.0,0,0,0.4207,-0.382,-0.282
37966,0.0,0.0,0.0,1000.0,0,0,0.44070000000000004,-0.382,-0.282
37967,0.0,0.0,0.0,1000.0,0,0,0.4607,-0.382,-0.282
37968,0.0,0.0,0.0,1000.0,0,0,0.4807,-0.382,-0.282
37969,0.0,0.0,0.0,1000.0,0,0,0.1607,-0.362,-0.282
37970,0.0,0.0,0.0,1000.0,0,0,0.1807,-0.362,-0.282
37971,0.0,0.0,0.0,1000.0,0,0,0.20070000000000002,-0.362,-0.282
37972,0.0,0.0,0.0,1000.0,0,0,0.2207,-0.362,-0.282
37973,0.0,0.0,0.0,1000.0,0,0,0.24070000000000003,-0.362,-0.282
37974,0.0,0.0,0.0,1000.0,0,0,0.26070000000000004,-0.362,-0.282
37975,0.0,0.0,0.0,1000.0,0,0,0.2807,-0.362,-0.282
37976,0.0,0.0,0.0,1000.0,0,0,0.3007,-0.362,-0.282
37977,0.0,0.0,0.0,1000.0,0,0,0.3207,-0.362,-0.282
37978,0.0,0.0,0.0,1000.0,0,0,0.3407,-0.362,-0.282
37979,0.0,0.0,0.0,1000.0,0,0,0.3607,-0.362,-0.282
37980,0.0,0.0,0.0,1000.0,0,0,0.38070000000000004,-0.362,-0.282
37981,0.0,0.0,0.0,1000.0,0,0,0.4007,-0.362,-0.282
37982,0.0,0.0,0.0,1000.0,0,0,0.4207,-0.362,-0.282
37983,0.0,0.0,0.0,1000.0,0,0,0.44070000000000004,-0.362,-0.282
37984,0.0,0.0,0.0,1000.0,0,0,0.4607,-0.362,-0.282
37985,0.0,0.0,0.0,1000.0,0,0,0.4807,-0.362,-0.282
37986,0.0,0.0,0.0,1000.0,0,0,0.1607,-0.34199999999999997,-0.282
37987,0.0,0.0,0.0,1000.0,0,0,0.1807,-0.34199999999999997,-0.282
37988,0.0,0.0,0.0,1000.0,0,0,0.20070000000000002,-0.34199999999999997,-0.282
37989,0.0,0.0,0.0,1000.0,0,0,0.2207,-0.34199999999999997,-0.282
37990,0.0,0.0,0.0,1000.0,0,0,0.24070000000000003,-0.34199999999999997,-0.282
37991,0.0,0.0,0.0,1000.0,0,0,0.26070000000000004,-0.34199999999999997,-0.282
37992,0.0,0.0,0.0,1000.0,0,0,0.2807,-0.34199999999999997,-0.282
37993,0.0,0.0,0.0,1000.0,0,0,0.3007,-0.34199999999999997,-0.282
37994,0.0,0.0,0.0,1000.0,0,0,0.3207,-0.34199999999999997,-0.282
37995,0.0,0.0,0.0,1000.0,0,0,0.3407,-0.34199999999999997,-0.282
37996,0.0,0.0,0.0,1000.0,0,0,0.3607,-0.34199999999999997,-0.282
37997,0.0,0.0,0.0,1000.0,0,0,0.38070000000000004,-0.34199999999999997,-0.282
37998,0.0,0.0,0.0,1000.0,0,0,0.4007,-0.34199999999999997,-0.282
37999,0.0,0.0,0.0,1000.0,0,0,0.4207,-0.34199999999999997,-0.282
38000,0.0,0.0,0.0,1000.0,0,0,0.44070000000000004,-0.34199999999999997,-0.282
38001,0.0,0.0,0.0,1000.0,0,0,0.4607,-0.34199999999999997,-0.282
38002,0.0,0.0,0.0,1000.0,0,0,0.4807,-0.34199999999999997,-0.282
38003,0.0,0.0,0.0,1000.0,0,0,0.1607,-0.32199999999999995,-0.282
38004,0.0,0.0,0.0,1000.0,0,0,0.1807,-0.32199999999999995,-0.282
38005,0.0,0.0,0.0,1000.0,0,0,0.20070000000000002,-0.32199999999999995,-0.282
38006,0.0,0.0,0.0,1000.0,0,0,0.2207,-0.32199999999999995,-0.282
38007,0.0,0.0,0.0,1000.0,0,0,0.24070000000000003,-0.32199999999999995,-0.282
38008,0.0,0.0,0.0,1000.0,0,0,0.26070000000000004,-0.32199999999999995,-0.282
38009,0.0,0.0,0.0,1000.0,0,0,0.2807,-0.32199999999999995,-0.282
38010,0.0,0.0,0.0,1000.0,0,0,0.3007,-0.32199999999999995,-0.282
38011,0.0,0.0,0.0,1000.0,0,0,0.3207,-0.32199999999999995,-0.282
38012,0.0,0.0,0.0,1000.0,0,0,0.3407,-0.32199999999999995,-0.282
38013,0.0,0.0,0.0,1000.0,0,0,0.3607,-0.32199999999999995,-0.282
38014,0.0,0.0,0.0,1000.0,0,0,0.38070000000000004,-0.32199999999999995,-0.282
38015,0.0,0.0,0.0,1000.0,0,0,0.4007,-0.32199999999999995,-0.282
38016,0.0,0.0,0.0,1000.0,0,0,0.4207,-0.32199999999999995,-0.282
38017,0.0,0.0,0.0,1000.0,0,0,0.44070000000000004,-0.32199999999999995,-0.282
38018,0.0,0.0,0.0,1000.0,0,0,0.4607,-0.32199999999999995,-0.282
38019,0.0,0.0,0.0,1000.0,0,0,0.4807,-0.32199999999999995,-0.282
38020,0.0,0.0,0.0,1000.0,0,0,0.1607,-0.302,-0.282
38021,0.0,0.0,0.0,1000.0,0,0,0.1807,-0.302,-0.282
38022,0.0,0.0,0.0,1000.0,0,0,0.20070000000000002,-0.302,-0.282
38023,0.0,0.0,0.0,1000.0,0,0,0.2207,-0.302,-0.282
38024,0.0,0.0,0.0,1000.0,0,0,0.24070000000000003,-0.302,-0.282
38025,0.0,0.0,0.0,1000.0,0,0,0.26070000000000004,-0.302,-0.282
38026,0.0,0.0,0.0,1000.0,0,0,0.2807,-0.302,-0.282
38027,0.0,0.0,0.0,1000.0,0,0,0.3007,-0.302,-0.282
38028,0.0,0.0,0.0,1000.0,0,0,0.3207,-0.302,-0.282
38029,0.0,0.0,0.0,1000.0,0,0,0.3407,-0.302,-0.282
38030,0.0,0.0,0.0,1000.0,0,0,0.3607,-0.302,-0.282
38031,0.0,0.0,0.0,1000.0,0,0,0.38070000000000004,-0.302,-0.282
38032,0.0,0.0,0.0,1000.0,0,0,0.4007,-0.302,-0.282
38033,0.0,0.0,0.0,1000.0,0,0,0.4207,-0.302,-0.282
38034,0.0,0.0,0.0,1000.0,0,0,0.44070000000000004,-0.302,-0.282
38035,0.0,0.0,0.0,1000.0,0,0,0.4607,-0.302,-0.282
38036,0.0,0.0,0.0,1000.0,0,0,0.4807,-0.302,-0.282
38037,0.0,0.0,0.0,1000.0,0,0,0.1607,-0.282,-0.282
38038,0.0,0.0,0.0,1000.0,0,0,0.1807,-0.282,-0.282
38039,0.0,0.0,0.0,1000.0,0,0,0.20070000000000002,-0.282,-0.282
38040,0.0,0.0,0.0,1000.0,0,0,0.2207,-0.282,-0.282
38041,0.0,0.0,0.0,1000.0,0,0,0.24070000000000003,-0.282,-0.282
38042,0.0,0.0,0.0,1000.0,0,0,0.26070000000000004,-0.282,-0.282
38043,0.0,0.0,0.0,1000.0,0,0,0.2807,-0.282,-0.282
38044,0.0,0.0,0.0,1000.0,0,0,0.3007,-0.282,-0.282
38045,0.0,0.0,0.0,1000.0,0,0,0.3207,-0.282,-0.282
38046,0.0,0.0,0.0,1000.0,0,0,0.3407,-0.282,-0.282
38047,0.0,0.0,0.0,1000.0,0,0,0.3607,-0.282,-0.282
38048,0.0,0.0,0.0,1000.0,0,0,0.38070000000000004,-0.282,-0.282
38049,0.0,0.0,0.0,1000.0,0,0,0.4007,-0.282,-0.282
38050,0.0,0.0,0.0,1000.0,0,0,0.4207,-0.282,-0.282
38051,0.0,0.0,0.0,1000.0,0,0,0.44070000000000004,-0.282,-0.282
38052,0.0,0.0,0.0,1000.0,0,0,0.4607,-0.282,-0.282
38053,0.0,0.0,0.0,1000.0,0,0,0.4807,-0.282,-0.282
38054,0.0,0.0,0.0,1000.0,0,0,0.1607,-0.262,-0.282
38055,0.0,0.0,0.0,1000.0,0,0,0.1807,-0.262,-0.282
38056,0.0,0.0,0.0,1000.0,0,0,0.20070000000000002,-0.262,-0.282
38057,0.0,0.0,0.0,1000.0,0,0,0.2207,-0.262,-0.282
38058,0.0,0.0,0.0,1000.0,0,0,0.24070000000000003,-0.262,-0.282
38059,0.0,0.0,0.0,1000.0,0,0,0.26070000000000004,-0.262,-0.282
38060,0.0,0.0,0.0,1000.0,0,0,0.2807,-0.262,-0.282
38061,0.0,0.0,0.0,1000.0,0,0,0.3007,-0.262,-0.282
38062,0.0,0.0,0.0,1000.0,0,0,0.3207,-0.262,-0.282
38063,0.0,0.0,0.0,1000.0,0,0,0.3407,-0.262,-0.282
38064,0.0,0.0,0.0,1000.0,0,0,0.3607,-0.262,-0.282
38065,0.0,0.0,0.0,1000.0,0,0,0.38070000000000004,-0.262,-0.282
38066,0.0,0.0,0.0,1000.0,0,0,0.4007,-0.262,-0.282
38067,0.0,0.0,0.0,1000.0,0,0,0.4207,-0.262,-0.282
38068,0.0,0.0,0.0,1000.0,0,0,0.44070000000000004,-0.262,-0.282
38069,0.0,0.0,0.0,1000.0,0,0,0.4607,-0.262,-0.282
38070,0.0,0.0,0.0,1000.0,0,0,0.4807,-0.262,-0.282
38071,0.0,0.0,0.0,1000.0,0,0,0.1607,-0.242,-0.282
38072,0.0,0.0,0.0,1000.0,0,0,0.1807,-0.242,-0.282
38073,0.0,0.0,0.0,1000.0,0,0,0.20070000000000002,-0.242,-0.282
38074,0.0,0.0,0.0,1000.0,0,0,0.2207,-0.242,-0.282
38075,0.0,0.0,0.0,1000.0,0,0,0.24070000000000003,-0.242,-0.282
38076,0.0,0.0,0.0,1000.0,0,0,0.26070000000000004,-0.242,-0.282
38077,0.0,0.0,0.0,1000.0,0,0,0.2807,-0.242,-0.282
38078,0.0,0.0,0.0,1000.0,0,0,0.3007,-0.242,-0.282
38079,0.0,0.0,0.0,1000.0,0,0,0.3207,-0.242,-0.282
38080,0.0,0.0,0.0,1000.0,0,0,0.3407,-0.242,-0.282
38081,0.0,0.0,0.0,1000.0,0,0,0.3607,-0.242,-0.282
38082,0.0,0.0,0.0,1000.0,0,0,0.38070000000000004,-0.242,-0.282
38083,0.0,0.0,0.0,1000.0,0,0,0.4007,-0.242,-0.282
38084,0.0,0.0,0.0,1000.0,0,0,0.4207,-0.242,-0.282
38085,0.0,0.0,0.0,1000.0,0,0,0.44070000000000004,-0.242,-0.282
38086,0.0,0.0,0.0,1000.0,0,0,0.4607,-0.242,-0.282
38087,0.0,0.0,0.0,1000.0,0,0,0.4807,-0.242,-0.282
38088,0.0,0.0,0.0,1000.0,0,0,0.1607,-0.22199999999999998,-0.282
38089,0.0,0.0,0.0,1000.0,0,0,0.1807,-0.22199999999999998,-0.282
38090,0.0,0.0,0.0,1000.0,0,0,0.20070000000000002,-0.22199999999999998,-0.282
38091,0.0,0.0,0.0,1000.0,0,0,0.2207,-0.22199999999999998,-0.282
38092,0.0,0.0,0.0,1000.0,0,0,0.24070000000000003,-0.22199999999999998,-0.282
38093,0.0,0.0,0.0,1000.0,0,0,0.26070000000000004,-0.22199999999999998,-0.282
38094,0.0,0.0,0.0,1000.0,0,0,0.2807,-0.22199999999999998,-0.282
38095,0.0,0.0,0.0,1000.0,0,0,0.3007,-0.22199999999999998,-0.282
38096,0.0,0.0,0.0,1000.0,0,0,0.3207,-0.22199999999999998,-0.282
38097,0.0,0.0,0.0,1000.0,0,0,0.3407,-0.22199999999999998,-0.282
38098,0.0,0.0,0.0,1000.0,0,0,0.3607,-0.22199999999999998,-0.282
38099,0.0,0.0,0.0,1000.0,0,0,0.38070000000000004,-0.22199999999999998,-0.282
38100,0.0,0.0,0.0,1000.0,0,0,0.4007,-0.22199999999999998,-0.282
38101,0.0,0.0,0.0,1000.0,0,0,0.4207,-0.22199999999999998,-0.282
38102,0.0,0.0,0.0,1000.0,0,0,0.44070000000000004,-0.22199999999999998,-0.282
38103,0.0,0.0,0.0,1000.0,0,0,0.4607,-0.22199999999999998,-0.282
38104,0.0,0.0,0.0,1000.0,0,0,0.4807,-0.22199999999999998,-0.282
38105,0.0,0.0,0.0,1000.0,0,0,0.1607,-0.20199999999999996,-0.282
38106,0.0,0.0,0.0,1000.0,0,0,0.1807,-0.20199999999999996,-0.282
38107,0.0,0.0,0.0,1000.0,0,0,0.20070000000000002,-0.20199999999999996,-0.282
38108,0.0,0.0,0.0,1000.0,0,0,0.2207,-0.20199999999999996,-0.282
38109,0.0,0.0,0.0,1000.0,0,0,0.24070000000000003,-0.20199999999999996,-0.282
38110,0.0,0.0,0.0,1000.0,0,0,0.26070000000000004,-0.20199999999999996,-0.282
38111,0.0,0.0,0.0,1000.0,0,0,0.2807,-0.20199999999999996,-0.282
38112,0.0,0.0,0.0,1000.0,0,0,0.3007,-0.20199999999999996,-0.282
38113,0.0,0.0,0.0,1000.0,0,0,0.3207,-0.20199999999999996,-0.282
38114,0.0,0.0,0.0,1000.0,0,0,0.3407,-0.20199999999999996,-0.282
38115,0.0,0.0,0.0,1000.0,0,0,0.3607,-0.20199999999999996,-0.282
38116,0.0,0.0,0.0,1000.0,0,0,0.38070000000000004,-0.20199999999999996,-0.282
38117,0.0,0.0,0.0,1000.0,0,0,0.4007,-0.20199999999999996,-0.282
38118,0.0,0.0,0.0,1000.0,0,0,0.4207,-0.20199999999999996,-0.282
38119,0.0,0.0,0.0,1000.0,0,0,0.44070000000000004,-0.20199999999999996,-0.282
38120,0.0,0.0,0.0,1000.0,0,0,0.4607,-0.20199999999999996,-0.282
38121,0.0,0.0,0.0,1000.0,0,0,0.4807,-0.20199999999999996,-0.282
38122,0.0,0.0,0.0,1000.0,0,0,0.1607,-0.182,-0.282
38123,0.0,0.0,0.0,1000.0,0,0,0.1807,-0.182,-0.282
38124,0.0,0.0,0.0,1000.0,0,0,0.20070000000000002,-0.182,-0.282
38125,0.0,0.0,0.0,1000.0,0,0,0.2207,-0.182,-0.282
38126,0.0,0.0,0.0,1000.0,0,0,0.24070000000000003,-0.182,-0.282
38127,0.0,0.0,0.0,1000.0,0,0,0.26070000000000004,-0.182,-0.282
38128,0.0,0.0,0.0,1000.0,0,0,0.2807,-0.182,-0.282
38129,0.0,0.0,0.0,1000.0,0,0,0.3007,-0.182,-0.282
38130,0.0,0.0,0.0,1000.0,0,0,0.3207,-0.182,-0.282
38131,0.0,0.0,0.0,1000.0,0,0,0.3407,-0.182,-0.282
38132,0.0,0.0,0.0,1000.0,0,0,0.3607,-0.182,-0.282
38133,0.0,0.0,0.0,1000.0,0,0,0.38070000000000004,-0.182,-0.282
38134,0.0,0.0,0.0,1000.0,0,0,0.4007,-0.182,-0.282
38135,0.0,0.0,0.0,1000.0,0,0,0.4207,-0.182,-0.282
38136,0.0,0.0,0.0,1000.0,0,0,0.44070000000000004,-0.182,-0.282
38137,0.0,0.0,0.0,1000.0,0,0,0.4607,-0.182,-0.282
38138,0.0,0.0,0.0,1000.0,0,0,0.4807,-0.182,-0.282
38139,0.0,0.0,0.0,1000.0,0,0,0.1607,-0.16199999999999998,-0.282
38140,0.0,0.0,0.0,1000.0,0,0,0.1807,-0.16199999999999998,-0.282
38141,0.0,0.0,0.0,1000.0,0,0,0.20070000000000002,-0.16199999999999998,-0.282
38142,0.0,0.0,0.0,1000.0,0,0,0.2207,-0.16199999999999998,-0.282
38143,0.0,0.0,0.0,1000.0,0,0,0.24070000000000003,-0.16199999999999998,-0.282
38144,0.0,0.0,0.0,1000.0,0,0,0.26070000000000004,-0.16199999999999998,-0.282
38145,0.0,0.0,0.0,1000.0,0,0,0.2807,-0.16199999999999998,-0.282
38146,0.0,0.0,0.0,1000.0,0,0,0.3007,-0.16199999999999998,-0.282
38147,0.0,0.0,0.0,1000.0,0,0,0.3207,-0.16199999999999998,-0.282
38148,0.0,0.0,0.0,1000.0,0,0,0.3407,-0.16199999999999998,-0.282
38149,0.0,0.0,0.0,1000.0,0,0,0.3607,-0.16199999999999998,-0.282
38150,0.0,0.0,0.0,1000.0,0,0,0.38070000000000004,-0.16199999999999998,-0.282
38151,0.0,0.0,0.0,1000.0,0,0,0.4007,-0.16199999999999998,-0.282
38152,0.0,0.0,0.0,1000.0,0,0,0.4207,-0.16199999999999998,-0.282
38153,0.0,0.0,0.0,1000.0,0,0,0.44070000000000004,-0.16199999999999998,-0.282
38154,0.0,0.0,0.0,1000.0,0,0,0.4607,-0.16199999999999998,-0.282
38155,0.0,0.0,0.0,1000.0,0,0,0.4807,-0.16199999999999998,-0.282
38156,0.0,0.0,0.0,1000.0,0,0,0.1607,-0.14199999999999996,-0.282
38157,0.0,0.0,0.0,1000.0,0,0,0.1807,-0.14199999999999996,-0.282
38158,0.0,0.0,0.0,1000.0,0,0,0.20070000000000002,-0.14199999999999996,-0.282
38159,0.0,0.0,0.0,1000.0,0,0,0.2207,-0.14199999999999996,-0.282
38160,0.0,0.0,0.0,1000.0,0,0,0.24070000000000003,-0.14199999999999996,-0.282
38161,0.0,0.0,0.0,1000.0,0,0,0.26070000000000004,-0.14199999999999996,-0.282
38162,0.0,0.0,0.0,1000.0,0,0,0.2807,-0.14199999999999996,-0.282
38163,0.0,0.0,0.0,1000.0,0,0,0.3007,-0.14199999999999996,-0.282
38164,0.0,0.0,0.0,1000.0,0,0,0.3207,-0.14199999999999996,-0.282
38165,0.0,0.0,0.0,1000.0,0,0,0.3407,-0.14199999999999996,-0.282
38166,0.0,0.0,0.0,1000.0,0,0,0.3607,-0.14199999999999996,-0.282
38167,0.0,0.0,0.0,1000.0,0,0,0.38070000000000004,-0.14199999999999996,-0.282
38168,0.0,0.0,0.0,1000.0,0,0,0.4007,-0.14199999999999996,-0.282
38169,0.0,0.0,0.0,1000.0,0,0,0.4207,-0.14199999999999996,-0.282
38170,0.0,0.0,0.0,1000.0,0,0,0.44070000000000004,-0.14199999999999996,-0.282
38171,0.0,0.0,0.0,1000.0,0,0,0.4607,-0.14199999999999996,-0.282
38172,0.0,0.0,0.0,1000.0,0,0,0.4807,-0.14199999999999996,-0.282
38173,0.0,0.0,0.0,1000.0,0,0,0.1607,-0.122,-0.282
38174,0.0,0.0,0.0,1000.0,0,0,0.1807,-0.122,-0.282
38175,0.0,0.0,0.0,1000.0,0,0,0.20070000000000002,-0.122,-0.282
38176,0.0,0.0,0.0,1000.0,0,0,0.2207,-0.122,-0.282
38177,0.0,0.0,0.0,1000.0,0,0,0.24070000000000003,-0.122,-0.282
38178,0.0,0.0,0.0,1000.0,0,0,0.26070000000000004,-0.122,-0.282
38179,0.0,0.0,0.0,1000.0,0,0,0.2807,-0.122,-0.282
38180,0.0,0.0,0.0,1000.0,0,0,0.3007,-0.122,-0.282
38181,0.0,0.0,0.0,1000.0,0,0,0.3207,-0.122,-0.282
38182,0.0,0.0,0.0,1000.0,0,0,0.3407,-0.122,-0.282
38183,0.0,0.0,0.0,1000.0,0,0,0.3607,-0.122,-0.282
38184,0.0,0.0,0.0,1000.0,0,0,0.38070000000000004,-0.122,-0.282
38185,0.0,0.0,0.0,1000.0,0,0,0.4007,-0.122,-0.282
38186,0.0,0.0,0.0,1000.0,0,0,0.4207,-0.122,-0.282
38187,0.0,0.0,0.0,1000.0,0,0,0.44070000000000004,-0.122,-0.282
38188,0.0,0.0,0.0,1000.0,0,0,0.4607,-0.122,-0.282
38189,0.0,0.0,0.0,1000.0,0,0,0.4807,-0.122,-0.282
38190,0.0,0.0,0.0,1000.0,0,0,0.1607,-0.10199999999999998,-0.282
38191,0.0,0.0,0.0,1000.0,0,0,0.1807,-0.10199999999999998,-0.282
38192,0.0,0.0,0.0,1000.0,0,0,0.20070000000000002,-0.10199999999999998,-0.282
38193,0.0,0.0,0.0,1000.0,0,0,0.2207,-0.10199999999999998,-0.282
38194,0.0,0.0,0.0,1000.0,0,0,0.24070000000000003,-0.10199999999999998,-0.282
38195,0.0,0.0,0.0,1000.0,0,0,0.26070000000000004,-0.10199999999999998,-0.282
38196,0.0,0.0,0.0,1000.0,0,0,0.2807,-0.10199999999999998,-0.282
38197,0.0,0.0,0.0,1000.0,0,0,0.3007,-0.10199999999999998,-0.282
38198,0.0,0.0,0.0,1000.0,0,0,0.3207,-0.10199999999999998,-0.282
38199,0.0,0.0,0.0,1000.0,0,0,0.3407,-0.10199999999999998,-0.282
38200,0.0,0.0,0.0,1000.0,0,0,0.3607,-0.10199999999999998,-0.282
38201,0.0,0.0,0.0,1000.0,0,0,0.38070000000000004,-0.10199999999999998,-0.282
38202,0.0,0.0,0.0,1000.0,0,0,0.4007,-0.10199999999999998,-0.282
38203,0.0,0.0,0.0,1000.0,0,0,0.4207,-0.10199999999999998,-0.282
38204,0.0,0.0,0.0,1000.0,0,0,0.44070000000000004,-0.10199999999999998,-0.282
38205,0.0,0.0,0.0,1000.0,0,0,0.4607,-0.10199999999999998,-0.282
38206,0.0,0.0,0.0,1000.0,0,0,0.4807,-0.10199999999999998,-0.282
38207,0.0,0.0,0.0,1000.0,0,0,0.1607,-0.08199999999999996,-0.282
38208,0.0,0.0,0.0,1000.0,0,0,0.1807,-0.08199999999999996,-0.282
38209,0.0,0.0,0.0,1000.0,0,0,0.20070000000000002,-0.08199999999999996,-0.282
38210,0.0,0.0,0.0,1000.0,0,0,0.2207,-0.08199999999999996,-0.282
38211,0.0,0.0,0.0,1000.0,0,0,0.24070000000000003,-0.08199999999999996,-0.282
38212,0.0,0.0,0.0,1000.0,0,0,0.26070000000000004,-0.08199999999999996,-0.282
38213,0.0,0.0,0.0,1000.0,0,0,0.2807,-0.08199999999999996,-0.282
38214,0.0,0.0,0.0,1000.0,0,0,0.3007,-0.08199999999999996,-0.282
38215,0.0,0.0,0.0,1000.0,0,0,0.3207,-0.08199999999999996,-0.282
38216,0.0,0.0,0.0,1000.0,0,0,0.3407,-0.08199999999999996,-0.282
38217,0.0,0.0,0.0,1000.0,0,0,0.3607,-0.08199999999999996,-0.282
38218,0.0,0.0,0.0,1000.0,0,0,0.38070000000000004,-0.08199999999999996,-0.282
38219,0.0,0.0,0.0,1000.0,0,0,0.4007,-0.08199999999999996,-0.282
38220,0.0,0.0,0.0,1000.0,0,0,0.4207,-0.08199999999999996,-0.282
38221,0.0,0.0,0.0,1000.0,0,0,0.44070000000000004,-0.08199999999999996,-0.282
38222,0.0,0.0,0.0,1000.0,0,0,0.4607,-0.08199999999999996,-0.282
38223,0.0,0.0,0.0,1000.0,0,0,0.4807,-0.08199999999999996,-0.282
38224,0.0,0.0,0.0,1000.0,0,0,0.1607,-0.062,-0.282
38225,0.0,0.0,0.0,1000.0,0,0,0.1807,-0.062,-0.282
38226,0.0,0.0,0.0,1000.0,0,0,0.20070000000000002,-0.062,-0.282
38227,0.0,0.0,0.0,1000.0,0,0,0.2207,-0.062,-0.282
38228,0.0,0.0,0.0,1000.0,0,0,0.24070000000000003,-0.062,-0.282
38229,0.0,0.0,0.0,1000.0,0,0,0.26070000000000004,-0.062,-0.282
38230,0.0,0.0,0.0,1000.0,0,0,0.2807,-0.062,-0.282
38231,0.0,0.0,0.0,1000.0,0,0,0.3007,-0.062,-0.282
38232,0.0,0.0,0.0,1000.0,0,0,0.3207,-0.062,-0.282
38233,0.0,0.0,0.0,1000.0,0,0,0.3407,-0.062,-0.282
38234,0.0,0.0,0.0,1000.0,0,0,0.3607,-0.062,-0.282
38235,0.0,0.0,0.0,1000.0,0,0,0.38070000000000004,-0.062,-0.282
38236,0.0,0.0,0.0,1000.0,0,0,0.4007,-0.062,-0.282
38237,0.0,0.0,0.0,1000.0,0,0,0.4207,-0.062,-0.282
38238,0.0,0.0,0.0,1000.0,0,0,0.44070000000000004,-0.062,-0.282
38239,0.0,0.0,0.0,1000.0,0,0,0.4607,-0.062,-0.282
38240,0.0,0.0,0.0,1000.0,0,0,0.4807,-0.062,-0.282
38241,0.0,0.0,0.0,1000.0,0,0,0.1607,-0.04199999999999998,-0.282
38242,0.0,0.0,0.0,1000.0,0,0,0.1807,-0.04199999999999998,-0.282
38243,0.0,0.0,0.0,1000.0,0,0,0.20070000000000002,-0.04199999999999998,-0.282
38244,0.0,0.0,0.0,1000.0,0,0,0.2207,-0.04199999999999998,-0.282
38245,0.0,0.0,0.0,1000.0,0,0,0.24070000000000003,-0.04199999999999998,-0.282
38246,0.0,0.0,0.0,1000.0,0,0,0.26070000000000004,-0.04199999999999998,-0.282
38247,0.0,0.0,0.0,1000.0,0,0,0.2807,-0.04199999999999998,-0.282
38248,0.0,0.0,0.0,1000.0,0,0,0.3007,-0.04199999999999998,-0.282
38249,0.0,0.0,0.0,1000.0,0,0,0.3207,-0.04199999999999998,-0.282
38250,0.0,0.0,0.0,1000.0,0,0,0.3407,-0.04199999999999998,-0.282
38251,0.0,0.0,0.0,1000.0,0,0,0.3607,-0.04199999999999998,-0.282
38252,0.0,0.0,0.0,1000.0,0,0,0.38070000000000004,-0.04199999999999998,-0.282
38253,0.0,0.0,0.0,1000.0,0,0,0.4007,-0.04199999999999998,-0.282
38254,0.0,0.0,0.0,1000.0,0,0,0.4207,-0.04199999999999998,-0.282
38255,0.0,0.0,0.0,1000.0,0,0,0.44070000000000004,-0.04199999999999998,-0.282
38256,0.0,0.0,0.0,1000.0,0,0,0.4607,-0.04199999999999998,-0.282
38257,0.0,0.0,0.0,1000.0,0,0,0.4807,-0.04199999999999998,-0.282
38258,0.0,0.0,0.0,1000.0,0,0,0.1607,-0.021999999999999964,-0.282
38259,0.0,0.0,0.0,1000.0,0,0,0.1807,-0.021999999999999964,-0.282
38260,0.0,0.0,0.0,1000.0,0,0,0.20070000000000002,-0.021999999999999964,-0.282
38261,0.0,0.0,0.0,1000.0,0,0,0.2207,-0.021999999999999964,-0.282
38262,0.0,0.0,0.0,1000.0,0,0,0.24070000000000003,-0.021999999999999964,-0.282
38263,0.0,0.0,0.0,1000.0,0,0,0.26070000000000004,-0.021999999999999964,-0.282
38264,0.0,0.0,0.0,1000.0,0,0,0.2807,-0.021999999999999964,-0.282
38265,0.0,0.0,0.0,1000.0,0,0,0.3007,-0.021999999999999964,-0.282
38266,0.0,0.0,0.0,1000.0,0,0,0.3207,-0.021999999999999964,-0.282
38267,0.0,0.0,0.0,1000.0,0,0,0.3407,-0.021999999999999964,-0.282
38268,0.0,0.0,0.0,1000.0,0,0,0.3607,-0.021999999999999964,-0.282
38269,0.0,0.0,0.0,1000.0,0,0,0.38070000000000004,-0.021999999999999964,-0.282
38270,0.0,0.0,0.0,1000.0,0,0,0.4007,-0.021999999999999964,-0.282
38271,0.0,0.0,0.0,1000.0,0,0,0.4207,-0.021999999999999964,-0.282
38272,0.0,0.0,0.0,1000.0,0,0,0.44070000000000004,-0.021999999999999964,-0.282
38273,0.0,0.0,0.0,1000.0,0,0,0.4607,-0.021999999999999964,-0.282
38274,0.0,0.0,0.0,1000.0,0,0,0.4807,-0.021999999999999964,-0.282
38275,0.0,0.0,0.0,1000.0,0,0,0.1607,-0.0020000000000000018,-0.282
38276,0.0,0.0,0.0,1000.0,0,0,0.1807,-0.0020000000000000018,-0.282
38277,0.0,0.0,0.0,1000.0,0,0,0.20070000000000002,-0.0020000000000000018,-0.282
38278,0.0,0.0,0.0,1000.0,0,0,0.2207,-0.0020000000000000018,-0.282
38279,0.0,0.0,0.0,1000.0,0,0,0.24070000000000003,-0.0020000000000000018,-0.282
38280,0.0,0.0,0.0,1000.0,0,0,0.26070000000000004,-0.0020000000000000018,-0.282
38281,0.0,0.0,0.0,1000.0,0,0,0.2807,-0.0020000000000000018,-0.282
38282,0.0,0.0,0.0,1000.0,0,0,0.3007,-0.0020000000000000018,-0.282
38283,0.0,0.0,0.0,1000.0,0,0,0.3207,-0.0020000000000000018,-0.282
38284,0.0,0.0,0.0,1000.0,0,0,0.3407,-0.0020000000000000018,-0.282
38285,0.0,0.0,0.0,1000.0,0,0,0.3607,-0.0020000000000000018,-0.282
38286,0.0,0.0,0.0,1000.0,0,0,0.38070000000000004,-0.0020000000000000018,-0.282
38287,0.0,0.0,0.0,1000.0,0,0,0.4007,-0.0020000000000000018,-0.282
38288,0.0,0.0,0.0,1000.0,0,0,0.4207,-0.0020000000000000018,-0.282
38289,0.0,0.0,0.0,1000.0,0,0,0.44070000000000004,-0.0020000000000000018,-0.282
38290,0.0,0.0,0.0,1000.0,0,0,0.4607,-0.0020000000000000018,-0.282
38291,0.0,0.0,0.0,1000.0,0,0,0.4807,-0.0020000000000000018,-0.282
38292,0.0,0.0,0.0,1000.0,0,0,0.1607,0.018000000000000016,-0.282
38293,0.0,0.0,0.0,1000.0,0,0,0.1807,0.018000000000000016,-0.282
38294,0.0,0.0,0.0,1000.0,0,0,0.20070000000000002,0.018000000000000016,-0.282
38295,0.0,0.0,0.0,1000.0,0,0,0.2207,0.018000000000000016,-0.282
38296,0.0,0.0,0.0,1000.0,0,0,0.24070000000000003,0.018000000000000016,-0.282
38297,0.0,0.0,0.0,1000.0,0,0,0.26070000000000004,0.018000000000000016,-0.282
38298,0.0,0.0,0.0,1000.0,0,0,0.2807,0.018000000000000016,-0.282
38299,0.0,0.0,0.0,1000.0,0,0,0.3007,0.018000000000000016,-0.282
38300,0.0,0.0,0.0,1000.0,0,0,0.3207,0.018000000000000016,-0.282
38301,0.0,0.0,0.0,1000.0,0,0,0.3407,0.018000000000000016,-0.282
38302,0.0,0.0,0.0,1000.0,0,0,0.3607,0.018000000000000016,-0.282
38303,0.0,0.0,0.0,1000.0,0,0,0.38070000000000004,0.018000000000000016,-0.282
38304,0.0,0.0,0.0,1000.0,0,0,0.4007,0.018000000000000016,-0.282
38305,0.0,0.0,0.0,1000.0,0,0,0.4207,0.018000000000000016,-0.282
38306,0.0,0.0,0.0,1000.0,0,0,0.44070000000000004,0.018000000000000016,-0.282
38307,0.0,0.0,0.0,1000.0,0,0,0.4607,0.018000000000000016,-0.282
38308,0.0,0.0,0.0,1000.0,0,0,0.4807,0.018000000000000016,-0.282
38309,0.0,0.0,0.0,1000.0,0,0,0.1607,0.038000000000000034,-0.282
38310,0.0,0.0,0.0,1000.0,0,0,0.1807,0.038000000000000034,-0.282
38311,0.0,0.0,0.0,1000.0,0,0,0.20070000000000002,0.038000000000000034,-0.282
38312,0.0,0.0,0.0,1000.0,0,0,0.2207,0.038000000000000034,-0.282
38313,0.0,0.0,0.0,1000.0,0,0,0.24070000000000003,0.038000000000000034,-0.282
38314,0.0,0.0,0.0,1000.0,0,0,0.26070000000000004,0.038000000000000034,-0.282
38315,0.0,0.0,0.0,1000.0,0,0,0.2807,0.038000000000000034,-0.282
38316,0.0,0.0,0.0,1000.0,0,0,0.3007,0.038000000000000034,-0.282
38317,0.0,0.0,0.0,1000.0,0,0,0.3207,0.038000000000000034,-0.282
38318,0.0,0.0,0.0,1000.0,0,0,0.3407,0.038000000000000034,-0.282
38319,0.0,0.0,0.0,1000.0,0,0,0.3607,0.038000000000000034,-0.282
38320,0.0,0.0,0.0,1000.0,0,0,0.38070000000000004,0.038000000000000034,-0.282
38321,0.0,0.0,0.0,1000.0,0,0,0.4007,0.038000000000000034,-0.282
38322,0.0,0.0,0.0,1000.0,0,0,0.4207,0.038000000000000034,-0.282
38323,0.0,0.0,0.0,1000.0,0,0,0.44070000000000004,0.038000000000000034,-0.282
38324,0.0,0.0,0.0,1000.0,0,0,0.4607,0.038000000000000034,-0.282
38325,0.0,0.0,0.0,1000.0,0,0,0.4807,0.038000000000000034,-0.282
38326,0.0,0.0,0.0,1000.0,0,0,0.1607,0.05800000000000005,-0.282
38327,0.0,0.0,0.0,1000.0,0,0,0.1807,0.05800000000000005,-0.282
38328,0.0,0.0,0.0,1000.0,0,0,0.20070000000000002,0.05800000000000005,-0.282
38329,0.0,0.0,0.0,1000.0,0,0,0.2207,0.05800000000000005,-0.282
38330,0.0,0.0,0.0,1000.0,0,0,0.24070000000000003,0.05800000000000005,-0.282
38331,0.0,0.0,0.0,1000.0,0,0,0.26070000000000004,0.05800000000000005,-0.282
38332,0.0,0.0,0.0,1000.0,0,0,0.2807,0.05800000000000005,-0.282
38333,0.0,0.0,0.0,1000.0,0,0,0.3007,0.05800000000000005,-0.282
38334,0.0,0.0,0.0,1000.0,0,0,0.3207,0.05800000000000005,-0.282
38335,0.0,0.0,0.0,1000.0,0,0,0.3407,0.05800000000000005,-0.282
38336,0.0,0.0,0.0,1000.0,0,0,0.3607,0.05800000000000005,-0.282
38337,0.0,0.0,0.0,1000.0,0,0,0.38070000000000004,0.05800000000000005,-0.282
38338,0.0,0.0,0.0,1000.0,0,0,0.4007,0.05800000000000005,-0.282
38339,0.0,0.0,0.0,1000.0,0,0,0.4207,0.05800000000000005,-0.282
38340,0.0,0.0,0.0,1000.0,0,0,0.44070000000000004,0.05800000000000005,-0.282
38341,0.0,0.0,0.0,1000.0,0,0,0.4607,0.05800000000000005,-0.282
38342,0.0,0.0,0.0,1000.0,0,0,0.4807,0.05800000000000005,-0.282
38343,0.0,0.0,0.0,1000.0,0,0,0.1607,0.07800000000000007,-0.282
38344,0.0,0.0,0.0,1000.0,0,0,0.1807,0.07800000000000007,-0.282
38345,0.0,0.0,0.0,1000.0,0,0,0.20070000000000002,0.07800000000000007,-0.282
38346,0.0,0.0,0.0,1000.0,0,0,0.2207,0.07800000000000007,-0.282
38347,0.0,0.0,0.0,1000.0,0,0,0.24070000000000003,0.07800000000000007,-0.282
38348,0.0,0.0,0.0,1000.0,0,0,0.26070000000000004,0.07800000000000007,-0.282
38349,0.0,0.0,0.0,1000.0,0,0,0.2807,0.07800000000000007,-0.282
38350,0.0,0.0,0.0,1000.0,0,0,0.3007,0.07800000000000007,-0.282
38351,0.0,0.0,0.0,1000.0,0,0,0.3207,0.07800000000000007,-0.282
38352,0.0,0.0,0.0,1000.0,0,0,0.3407,0.07800000000000007,-0.282
38353,0.0,0.0,0.0,1000.0,0,0,0.3607,0.07800000000000007,-0.282
38354,0.0,0.0,0.0,1000.0,0,0,0.38070000000000004,0.07800000000000007,-0.282
38355,0.0,0.0,0.0,1000.0,0,0,0.4007,0.07800000000000007,-0.282
38356,0.0,0.0,0.0,1000.0,0,0,0.4207,0.07800000000000007,-0.282
38357,0.0,0.0,0.0,1000.0,0,0,0.44070000000000004,0.07800000000000007,-0.282
38358,0.0,0.0,0.0,1000.0,0,0,0.4607,0.07800000000000007,-0.282
38359,0.0,0.0,0.0,1000.0,0,0,0.4807,0.07800000000000007,-0.282
38360,0.0,0.0,0.0,1000.0,0,0,0.1607,0.09799999999999998,-0.282
38361,0.0,0.0,0.0,1000.0,0,0,0.1807,0.09799999999999998,-0.282
38362,0.0,0.0,0.0,1000.0,0,0,0.20070000000000002,0.09799999999999998,-0.282
38363,0.0,0.0,0.0,1000.0,0,0,0.2207,0.09799999999999998,-0.282
38364,0.0,0.0,0.0,1000.0,0,0,0.24070000000000003,0.09799999999999998,-0.282
38365,0.0,0.0,0.0,1000.0,0,0,0.26070000000000004,0.09799999999999998,-0.282
38366,0.0,0.0,0.0,1000.0,0,0,0.2807,0.09799999999999998,-0.282
38367,0.0,0.0,0.0,1000.0,0,0,0.3007,0.09799999999999998,-0.282
38368,0.0,0.0,0.0,1000.0,0,0,0.3207,0.09799999999999998,-0.282
38369,0.0,0.0,0.0,1000.0,0,0,0.3407,0.09799999999999998,-0.282
38370,0.0,0.0,0.0,1000.0,0,0,0.3607,0.09799999999999998,-0.282
38371,0.0,0.0,0.0,1000.0,0,0,0.38070000000000004,0.09799999999999998,-0.282
38372,0.0,0.0,0.0,1000.0,0,0,0.4007,0.09799999999999998,-0.282
38373,0.0,0.0,0.0,1000.0,0,0,0.4207,0.09799999999999998,-0.282
38374,0.0,0.0,0.0,1000.0,0,0,0.44070000000000004,0.09799999999999998,-0.282
38375,0.0,0.0,0.0,1000.0,0,0,0.4607,0.09799999999999998,-0.282
38376,0.0,0.0,0.0,1000.0,0,0,0.4807,0.09799999999999998,-0.282
38377,0.0,0.0,0.0,1000.0,0,0,0.1607,0.118,-0.282
38378,0.0,0.0,0.0,1000.0,0,0,0.1807,0.118,-0.282
38379,0.0,0.0,0.0,1000.0,0,0,0.20070000000000002,0.118,-0.282
38380,0.0,0.0,0.0,1000.0,0,0,0.2207,0.118,-0.282
38381,0.0,0.0,0.0,1000.0,0,0,0.24070000000000003,0.118,-0.282
38382,0.0,0.0,0.0,1000.0,0,0,0.26070000000000004,0.118,-0.282
38383,0.0,0.0,0.0,1000.0,0,0,0.2807,0.118,-0.282
38384,0.0,0.0,0.0,1000.0,0,0,0.3007,0.118,-0.282
38385,0.0,0.0,0.0,1000.0,0,0,0.3207,0.118,-0.282
38386,0.0,0.0,0.0,1000.0,0,0,0.3407,0.118,-0.282
38387,0.0,0.0,0.0,1000.0,0,0,0.3607,0.118,-0.282
38388,0.0,0.0,0.0,1000.0,0,0,0.38070000000000004,0.118,-0.282
38389,0.0,0.0,0.0,1000.0,0,0,0.4007,0.118,-0.282
38390,0.0,0.0,0.0,1000.0,0,0,0.4207,0.118,-0.282
38391,0.0,0.0,0.0,1000.0,0,0,0.44070000000000004,0.118,-0.282
38392,0.0,0.0,0.0,1000.0,0,0,0.4607,0.118,-0.282
38393,0.0,0.0,0.0,1000.0,0,0,0.4807,0.118,-0.282
38394,0.0,0.0,0.0,1000.0,0,0,0.1607,0.138,-0.282
38395,0.0,0.0,0.0,1000.0,0,0,0.1807,0.138,-0.282
38396,0.0,0.0,0.0,1000.0,0,0,0.20070000000000002,0.138,-0.282
38397,0.0,0.0,0.0,1000.0,0,0,0.2207,0.138,-0.282
38398,0.0,0.0,0.0,1000.0,0,0,0.24070000000000003,0.138,-0.282
38399,0.0,0.0,0.0,1000.0,0,0,0.26070000000000004,0.138,-0.282
38400,0.0,0.0,0.0,1000.0,0,0,0.2807,0.138,-0.282
38401,0.0,0.0,0.0,1000.0,0,0,0.3007,0.138,-0.282
38402,0.0,0.0,0.0,1000.0,0,0,0.3207,0.138,-0.282
38403,0.0,0.0,0.0,1000.0,0,0,0.3407,0.138,-0.282
38404,0.0,0.0,0.0,1000.0,0,0,0.3607,0.138,-0.282
38405,0.0,0.0,0.0,1000.0,0,0,0.38070000000000004,0.138,-0.282
38406,0.0,0.0,0.0,1000.0,0,0,0.4007,0.138,-0.282
38407,0.0,0.0,0.0,1000.0,0,0,0.4207,0.138,-0.282
38408,0.0,0.0,0.0,1000.0,0,0,0.44070000000000004,0.138,-0.282
38409,0.0,0.0,0.0,1000.0,0,0,0.4607,0.138,-0.282
38410,0.0,0.0,0.0,1000.0,0,0,0.4807,0.138,-0.282
38411,0.0,0.0,0.0,1000.0,0,0,0.1607,0.15800000000000003,-0.282
38412,0.0,0.0,0.0,1000.0,0,0,0.1807,0.15800000000000003,-0.282
38413,0.0,0.0,0.0,1000.0,0,0,0.20070000000000002,0.15800000000000003,-0.282
38414,0.0,0.0,0.0,1000.0,0,0,0.2207,0.15800000000000003,-0.282
38415,0.0,0.0,0.0,1000.0,0,0,0.24070000000000003,0.15800000000000003,-0.282
38416,0.0,0.0,0.0,1000.0,0,0,0.26070000000000004,0.15800000000000003,-0.282
38417,0.0,0.0,0.0,1000.0,0,0,0.2807,0.15800000000000003,-0.282
38418,0.0,0.0,0.0,1000.0,0,0,0.3007,0.15800000000000003,-0.282
38419,0.0,0.0,0.0,1000.0,0,0,0.3207,0.15800000000000003,-0.282
38420,0.0,0.0,0.0,1000.0,0,0,0.3407,0.15800000000000003,-0.282
38421,0.0,0.0,0.0,1000.0,0,0,0.3607,0.15800000000000003,-0.282
38422,0.0,0.0,0.0,1000.0,0,0,0.38070000000000004,0.15800000000000003,-0.282
38423,0.0,0.0,0.0,1000.0,0,0,0.4007,0.15800000000000003,-0.282
38424,0.0,0.0,0.0,1000.0,0,0,0.4207,0.15800000000000003,-0.282
38425,0.0,0.0,0.0,1000.0,0,0,0.44070000000000004,0.15800000000000003,-0.282
38426,0.0,0.0,0.0,1000.0,0,0,0.4607,0.15800000000000003,-0.282
38427,0.0,0.0,0.0,1000.0,0,0,0.4807,0.15800000000000003,-0.282
38428,0.0,0.0,0.0,1000.0,0,0,0.1607,0.17800000000000005,-0.282
38429,0.0,0.0,0.0,1000.0,0,0,0.1807,0.17800000000000005,-0.282
38430,0.0,0.0,0.0,1000.0,0,0,0.20070000000000002,0.17800000000000005,-0.282
38431,0.0,0.0,0.0,1000.0,0,0,0.2207,0.17800000000000005,-0.282
38432,0.0,0.0,0.0,1000.0,0,0,0.24070000000000003,0.17800000000000005,-0.282
38433,0.0,0.0,0.0,1000.0,0,0,0.26070000000000004,0.17800000000000005,-0.282
38434,0.0,0.0,0.0,1000.0,0,0,0.2807,0.17800000000000005,-0.282
38435,0.0,0.0,0.0,1000.0,0,0,0.3007,0.17800000000000005,-0.282
38436,0.0,0.0,0.0,1000.0,0,0,0.3207,0.17800000000000005,-0.282
38437,0.0,0.0,0.0,1000.0,0,0,0.3407,0.17800000000000005,-0.282
38438,0.0,0.0,0.0,1000.0,0,0,0.3607,0.17800000000000005,-0.282
38439,0.0,0.0,0.0,1000.0,0,0,0.38070000000000004,0.17800000000000005,-0.282
38440,0.0,0.0,0.0,1000.0,0,0,0.4007,0.17800000000000005,-0.282
38441,0.0,0.0,0.0,1000.0,0,0,0.4207,0.17800000000000005,-0.282
38442,0.0,0.0,0.0,1000.0,0,0,0.44070000000000004,0.17800000000000005,-0.282
38443,0.0,0.0,0.0,1000.0,0,0,0.4607,0.17800000000000005,-0.282
38444,0.0,0.0,0.0,1000.0,0,0,0.4807,0.17800000000000005,-0.282
38445,0.0,0.0,0.0,1000.0,0,0,0.1607,0.19800000000000006,-0.282
38446,0.0,0.0,0.0,1000.0,0,0,0.1807,0.19800000000000006,-0.282
38447,0.0,0.0,0.0,1000.0,0,0,0.20070000000000002,0.19800000000000006,-0.282
38448,0.0,0.0,0.0,1000.0,0,0,0.2207,0.19800000000000006,-0.282
38449,0.0,0.0,0.0,1000.0,0,0,0.24070000000000003,0.19800000000000006,-0.282
38450,0.0,0.0,0.0,1000.0,0,0,0.26070000000000004,0.19800000000000006,-0.282
38451,0.0,0.0,0.0,1000.0,0,0,0.2807,0.19800000000000006,-0.282
38452,0.0,0.0,0.0,1000.0,0,0,0.3007,0.19800000000000006,-0.282
38453,0.0,0.0,0.0,1000.0,0,0,0.3207,0.19800000000000006,-0.282
38454,0.0,0.0,0.0,1000.0,0,0,0.3407,0.19800000000000006,-0.282
38455,0.0,0.0,0.0,1000.0,0,0,0.3607,0.19800000000000006,-0.282
38456,0.0,0.0,0.0,1000.0,0,0,0.38070000000000004,0.19800000000000006,-0.282
38457,0.0,0.0,0.0,1000.0,0,0,0.4007,0.19800000000000006,-0.282
38458,0.0,0.0,0.0,1000.0,0,0,0.4207,0.19800000000000006,-0.282
38459,0.0,0.0,0.0,1000.0,0,0,0.44070000000000004,0.19800000000000006,-0.282
38460,0.0,0.0,0.0,1000.0,0,0,0.4607,0.19800000000000006,-0.282
38461,0.0,0.0,0.0,1000.0,0,0,0.4807,0.19800000000000006,-0.282
38462,0.0,0.0,0.0,1000.0,0,0,0.1607,0.21800000000000008,-0.282
38463,0.0,0.0,0.0,1000.0,0,0,0.1807,0.21800000000000008,-0.282
38464,0.0,0.0,0.0,1000.0,0,0,0.20070000000000002,0.21800000000000008,-0.282
38465,0.0,0.0,0.0,1000.0,0,0,0.2207,0.21800000000000008,-0.282
38466,0.0,0.0,0.0,1000.0,0,0,0.24070000000000003,0.21800000000000008,-0.282
38467,0.0,0.0,0.0,1000.0,0,0,0.26070000000000004,0.21800000000000008,-0.282
38468,0.0,0.0,0.0,1000.0,0,0,0.2807,0.21800000000000008,-0.282
38469,0.0,0.0,0.0,1000.0,0,0,0.3007,0.21800000000000008,-0.282
38470,0.0,0.0,0.0,1000.0,0,0,0.3207,0.21800000000000008,-0.282
38471,0.0,0.0,0.0,1000.0,0,0,0.3407,0.21800000000000008,-0.282
38472,0.0,0.0,0.0,1000.0,0,0,0.3607,0.21800000000000008,-0.282
38473,0.0,0.0,0.0,1000.0,0,0,0.38070000000000004,0.21800000000000008,-0.282
38474,0.0,0.0,0.0,1000.0,0,0,0.4007,0.21800000000000008,-0.282
38475,0.0,0.0,0.0,1000.0,0,0,0.4207,0.21800000000000008,-0.282
38476,0.0,0.0,0.0,1000.0,0,0,0.44070000000000004,0.21800000000000008,-0.282
38477,0.0,0.0,0.0,1000.0,0,0,0.4607,0.21800000000000008,-0.282
38478,0.0,0.0,0.0,1000.0,0,0,0.4807,0.21800000000000008,-0.282
38479,0.0,0.0,0.0,1000.0,0,0,0.1607,0.238,-0.282
38480,0.0,0.0,0.0,1000.0,0,0,0.1807,0.238,-0.282
38481,0.0,0.0,0.0,1000.0,0,0,0.20070000000000002,0.238,-0.282
38482,0.0,0.0,0.0,1000.0,0,0,0.2207,0.238,-0.282
38483,0.0,0.0,0.0,1000.0,0,0,0.24070000000000003,0.238,-0.282
38484,0.0,0.0,0.0,1000.0,0,0,0.26070000000000004,0.238,-0.282
38485,0.0,0.0,0.0,1000.0,0,0,0.2807,0.238,-0.282
38486,0.0,0.0,0.0,1000.0,0,0,0.3007,0.238,-0.282
38487,0.0,0.0,0.0,1000.0,0,0,0.3207,0.238,-0.282
38488,0.0,0.0,0.0,1000.0,0,0,0.3407,0.238,-0.282
38489,0.0,0.0,0.0,1000.0,0,0,0.3607,0.238,-0.282
38490,0.0,0.0,0.0,1000.0,0,0,0.38070000000000004,0.238,-0.282
38491,0.0,0.0,0.0,1000.0,0,0,0.4007,0.238,-0.282
38492,0.0,0.0,0.0,1000.0,0,0,0.4207,0.238,-0.282
38493,0.0,0.0,0.0,1000.0,0,0,0.44070000000000004,0.238,-0.282
38494,0.0,0.0,0.0,1000.0,0,0,0.4607,0.238,-0.282
38495,0.0,0.0,0.0,1000.0,0,0,0.4807,0.238,-0.282
38496,0.0,0.0,0.0,1000.0,0,0,0.1607,0.258,-0.282
38497,0.0,0.0,0.0,1000.0,0,0,0.1807,0.258,-0.282
38498,0.0,0.0,0.0,1000.0,0,0,0.20070000000000002,0.258,-0.282
38499,0.0,0.0,0.0,1000.0,0,0,0.2207,0.258,-0.282
38500,0.0,0.0,0.0,1000.0,0,0,0.24070000000000003,0.258,-0.282
38501,0.0,0.0,0.0,1000.0,0,0,0.26070000000000004,0.258,-0.282
38502,0.0,0.0,0.0,1000.0,0,0,0.2807,0.258,-0.282
38503,0.0,0.0,0.0,1000.0,0,0,0.3007,0.258,-0.282
38504,0.0,0.0,0.0,1000.0,0,0,0.3207,0.258,-0.282
38505,0.0,0.0,0.0,1000.0,0,0,0.3407,0.258,-0.282
38506,0.0,0.0,0.0,1000.0,0,0,0.3607,0.258,-0.282
38507,0.0,0.0,0.0,1000.0,0,0,0.38070000000000004,0.258,-0.282
38508,0.0,0.0,0.0,1000.0,0,0,0.4007,0.258,-0.282
38509,0.0,0.0,0.0,1000.0,0,0,0.4207,0.258,-0.282
38510,0.0,0.0,0.0,1000.0,0,0,0.44070000000000004,0.258,-0.282
38511,0.0,0.0,0.0,1000.0,0,0,0.4607,0.258,-0.282
38512,0.0,0.0,0.0,1000.0,0,0,0.4807,0.258,-0.282
38513,0.0,0.0,0.0,1000.0,0,0,0.1607,0.278,-0.282
38514,0.0,0.0,0.0,1000.0,0,0,0.1807,0.278,-0.282
38515,0.0,0.0,0.0,1000.0,0,0,0.20070000000000002,0.278,-0.282
38516,0.0,0.0,0.0,1000.0,0,0,0.2207,0.278,-0.282
38517,0.0,0.0,0.0,1000.0,0,0,0.24070000000000003,0.278,-0.282
38518,0.0,0.0,0.0,1000.0,0,0,0.26070000000000004,0.278,-0.282
38519,0.0,0.0,0.0,1000.0,0,0,0.2807,0.278,-0.282
38520,0.0,0.0,0.0,1000.0,0,0,0.3007,0.278,-0.282
38521,0.0,0.0,0.0,1000.0,0,0,0.3207,0.278,-0.282
38522,0.0,0.0,0.0,1000.0,0,0,0.3407,0.278,-0.282
38523,0.0,0.0,0.0,1000.0,0,0,0.3607,0.278,-0.282
38524,0.0,0.0,0.0,1000.0,0,0,0.38070000000000004,0.278,-0.282
38525,0.0,0.0,0.0,1000.0,0,0,0.4007,0.278,-0.282
38526,0.0,0.0,0.0,1000.0,0,0,0.4207,0.278,-0.282
38527,0.0,0.0,0.0,1000.0,0,0,0.44070000000000004,0.278,-0.282
38528,0.0,0.0,0.0,1000.0,0,0,0.4607,0.278,-0.282
38529,0.0,0.0,0.0,1000.0,0,0,0.4807,0.278,-0.282
38530,0.0,0.0,0.0,1000.0,0,0,0.1607,0.29800000000000004,-0.282
38531,0.0,0.0,0.0,1000.0,0,0,0.1807,0.29800000000000004,-0.282
38532,0.0,0.0,0.0,1000.0,0,0,0.20070000000000002,0.29800000000000004,-0.282
38533,0.0,0.0,0.0,1000.0,0,0,0.2207,0.29800000000000004,-0.282
38534,0.0,0.0,0.0,1000.0,0,0,0.24070000000000003,0.29800000000000004,-0.282
38535,0.0,0.0,0.0,1000.0,0,0,0.26070000000000004,0.29800000000000004,-0.282
38536,0.0,0.0,0.0,1000.0,0,0,0.2807,0.29800000000000004,-0.282
38537,0.0,0.0,0.0,1000.0,0,0,0.3007,0.29800000000000004,-0.282
38538,0.0,0.0,0.0,1000.0,0,0,0.3207,0.29800000000000004,-0.282
38539,0.0,0.0,0.0,1000.0,0,0,0.3407,0.29800000000000004,-0.282
38540,0.0,0.0,0.0,1000.0,0,0,0.3607,0.29800000000000004,-0.282
38541,0.0,0.0,0.0,1000.0,0,0,0.38070000000000004,0.29800000000000004,-0.282
38542,0.0,0.0,0.0,1000.0,0,0,0.4007,0.29800000000000004,-0.282
38543,0.0,0.0,0.0,1000.0,0,0,0.4207,0.29800000000000004,-0.282
38544,0.0,0.0,0.0,1000.0,0,0,0.44070000000000004,0.29800000000000004,-0.282
38545,0.0,0.0,0.0,1000.0,0,0,0.4607,0.29800000000000004,-0.282
38546,0.0,0.0,0.0,1000.0,0,0,0.4807,0.29800000000000004,-0.282
38547,0.0,0.0,0.0,1000.0,0,0,0.1607,0.31800000000000006,-0.282
38548,0.0,0.0,0.0,1000.0,0,0,0.1807,0.31800000000000006,-0.282
38549,0.0,0.0,0.0,1000.0,0,0,0.20070000000000002,0.31800000000000006,-0.282
38550,0.0,0.0,0.0,1000.0,0,0,0.2207,0.31800000000000006,-0.282
38551,0.0,0.0,0.0,1000.0,0,0,0.24070000000000003,0.31800000000000006,-0.282
38552,0.0,0.0,0.0,1000.0,0,0,0.26070000000000004,0.31800000000000006,-0.282
38553,0.0,0.0,0.0,1000.0,0,0,0.2807,0.31800000000000006,-0.282
38554,0.0,0.0,0.0,1000.0,0,0,0.3007,0.31800000000000006,-0.282
38555,0.0,0.0,0.0,1000.0,0,0,0.3207,0.31800000000000006,-0.282
38556,0.0,0.0,0.0,1000.0,0,0,0.3407,0.31800000000000006,-0.282
38557,0.0,0.0,0.0,1000.0,0,0,0.3607,0.31800000000000006,-0.282
38558,0.0,0.0,0.0,1000.0,0,0,0.38070000000000004,0.31800000000000006,-0.282
38559,0.0,0.0,0.0,1000.0,0,0,0.4007,0.31800000000000006,-0.282
38560,0.0,0.0,0.0,1000.0,0,0,0.4207,0.31800000000000006,-0.282
38561,0.0,0.0,0.0,1000.0,0,0,0.44070000000000004,0.31800000000000006,-0.282
38562,0.0,0.0,0.0,1000.0,0,0,0.4607,0.31800000000000006,-0.282
38563,0.0,0.0,0.0,1000.0,0,0,0.4807,0.31800000000000006,-0.282
38564,0.0,0.0,0.0,1000.0,0,0,0.1607,0.3380000000000001,-0.282
38565,0.0,0.0,0.0,1000.0,0,0,0.1807,0.3380000000000001,-0.282
38566,0.0,0.0,0.0,1000.0,0,0,0.20070000000000002,0.3380000000000001,-0.282
38567,0.0,0.0,0.0,1000.0,0,0,0.2207,0.3380000000000001,-0.282
38568,0.0,0.0,0.0,1000.0,0,0,0.24070000000000003,0.3380000000000001,-0.282
38569,0.0,0.0,0.0,1000.0,0,0,0.26070000000000004,0.3380000000000001,-0.282
38570,0.0,0.0,0.0,1000.0,0,0,0.2807,0.3380000000000001,-0.282
38571,0.0,0.0,0.0,1000.0,0,0,0.3007,0.3380000000000001,-0.282
38572,0.0,0.0,0.0,1000.0,0,0,0.3207,0.3380000000000001,-0.282
38573,0.0,0.0,0.0,1000.0,0,0,0.3407,0.3380000000000001,-0.282
38574,0.0,0.0,0.0,1000.0,0,0,0.3607,0.3380000000000001,-0.282
38575,0.0,0.0,0.0,1000.0,0,0,0.38070000000000004,0.3380000000000001,-0.282
38576,0.0,0.0,0.0,1000.0,0,0,0.4007,0.3380000000000001,-0.282
38577,0.0,0.0,0.0,1000.0,0,0,0.4207,0.3380000000000001,-0.282
38578,0.0,0.0,0.0,1000.0,0,0,0.44070000000000004,0.3380000000000001,-0.282
38579,0.0,0.0,0.0,1000.0,0,0,0.4607,0.3380000000000001,-0.282
38580,0.0,0.0,0.0,1000.0,0,0,0.4807,0.3380000000000001,-0.282
38581,0.0,0.0,0.0,1000.0,0,0,0.1607,0.358,-0.282
38582,0.0,0.0,0.0,1000.0,0,0,0.1807,0.358,-0.282
38583,0.0,0.0,0.0,1000.0,0,0,0.20070000000000002,0.358,-0.282
38584,0.0,0.0,0.0,1000.0,0,0,0.2207,0.358,-0.282
38585,0.0,0.0,0.0,1000.0,0,0,0.24070000000000003,0.358,-0.282
38586,0.0,0.0,0.0,1000.0,0,0,0.26070000000000004,0.358,-0.282
38587,0.0,0.0,0.0,1000.0,0,0,0.2807,0.358,-0.282
38588,0.0,0.0,0.0,1000.0,0,0,0.3007,0.358,-0.282
38589,0.0,0.0,0.0,1000.0,0,0,0.3207,0.358,-0.282
38590,0.0,0.0,0.0,1000.0,0,0,0.3407,0.358,-0.282
38591,0.0,0.0,0.0,1000.0,0,0,0.3607,0.358,-0.282
38592,0.0,0.0,0.0,1000.0,0,0,0.38070000000000004,0.358,-0.282
38593,0.0,0.0,0.0,1000.0,0,0,0.4007,0.358,-0.282
38594,0.0,0.0,0.0,1000.0,0,0,0.4207,0.358,-0.282
38595,0.0,0.0,0.0,1000.0,0,0,0.44070000000000004,0.358,-0.282
38596,0.0,0.0,0.0,1000.0,0,0,0.4607,0.358,-0.282
38597,0.0,0.0,0.0,1000.0,0,0,0.4807,0.358,-0.282
38598,0.0,0.0,0.0,1000.0,0,0,0.1607,0.378,-0.282
38599,0.0,0.0,0.0,1000.0,0,0,0.1807,0.378,-0.282
38600,0.0,0.0,0.0,1000.0,0,0,0.20070000000000002,0.378,-0.282
38601,0.0,0.0,0.0,1000.0,0,0,0.2207,0.378,-0.282
38602,0.0,0.0,0.0,1000.0,0,0,0.24070000000000003,0.378,-0.282
38603,0.0,0.0,0.0,1000.0,0,0,0.26070000000000004,0.378,-0.282
38604,0.0,0.0,0.0,1000.0,0,0,0.2807,0.378,-0.282
38605,0.0,0.0,0.0,1000.0,0,0,0.3007,0.378,-0.282
38606,0.0,0.0,0.0,1000.0,0,0,0.3207,0.378,-0.282
38607,0.0,0.0,0.0,1000.0,0,0,0.3407,0.378,-0.282
38608,0.0,0.0,0.0,1000.0,0,0,0.3607,0.378,-0.282
38609,0.0,0.0,0.0,1000.0,0,0,0.38070000000000004,0.378,-0.282
38610,0.0,0.0,0.0,1000.0,0,0,0.4007,0.378,-0.282
38611,0.0,0.0,0.0,1000.0,0,0,0.4207,0.378,-0.282
38612,0.0,0.0,0.0,1000.0,0,0,0.44070000000000004,0.378,-0.282
38613,0.0,0.0,0.0,1000.0,0,0,0.4607,0.378,-0.282
38614,0.0,0.0,0.0,1000.0,0,0,0.4807,0.378,-0.282
38615,0.0,0.0,0.0,1000.0,0,0,0.1607,0.398,-0.282
38616,0.0,0.0,0.0,1000.0,0,0,0.1807,0.398,-0.282
38617,0.0,0.0,0.0,1000.0,0,0,0.20070000000000002,0.398,-0.282
38618,0.0,0.0,0.0,1000.0,0,0,0.2207,0.398,-0.282
38619,0.0,0.0,0.0,1000.0,0,0,0.24070000000000003,0.398,-0.282
38620,0.0,0.0,0.0,1000.0,0,0,0.26070000000000004,0.398,-0.282
38621,0.0,0.0,0.0,1000.0,0,0,0.2807,0.398,-0.282
38622,0.0,0.0,0.0,1000.0,0,0,0.3007,0.398,-0.282
38623,0.0,0.0,0.0,1000.0,0,0,0.3207,0.398,-0.282
38624,0.0,0.0,0.0,1000.0,0,0,0.3407,0.398,-0.282
38625,0.0,0.0,0.0,1000.0,0,0,0.3607,0.398,-0.282
38626,0.0,0.0,0.0,1000.0,0,0,0.38070000000000004,0.398,-0.282
38627,0.0,0.0,0.0,1000.0,0,0,0.4007,0.398,-0.282
38628,0.0,0.0,0.0,1000.0,0,0,0.4207,0.398,-0.282
38629,0.0,0.0,0.0,1000.0,0,0,0.44070000000000004,0.398,-0.282
38630,0.0,0.0,0.0,1000.0,0,0,0.4607,0.398,-0.282
38631,0.0,0.0,0.0,1000.0,0,0,0.4807,0.398,-0.282
38632,0.0,0.0,0.0,1000.0,0,0,0.1607,0.41800000000000004,-0.282
38633,0.0,0.0,0.0,1000.0,0,0,0.1807,0.41800000000000004,-0.282
38634,0.0,0.0,0.0,1000.0,0,0,0.20070000000000002,0.41800000000000004,-0.282
38635,0.0,0.0,0.0,1000.0,0,0,0.2207,0.41800000000000004,-0.282
38636,0.0,0.0,0.0,1000.0,0,0,0.24070000000000003,0.41800000000000004,-0.282
38637,0.0,0.0,0.0,1000.0,0,0,0.26070000000000004,0.41800000000000004,-0.282
38638,0.0,0.0,0.0,1000.0,0,0,0.2807,0.41800000000000004,-0.282
38639,0.0,0.0,0.0,1000.0,0,0,0.3007,0.41800000000000004,-0.282
38640,0.0,0.0,0.0,1000.0,0,0,0.3207,0.41800000000000004,-0.282
38641,0.0,0.0,0.0,1000.0,0,0,0.3407,0.41800000000000004,-0.282
38642,0.0,0.0,0.0,1000.0,0,0,0.3607,0.41800000000000004,-0.282
38643,0.0,0.0,0.0,1000.0,0,0,0.38070000000000004,0.41800000000000004,-0.282
38644,0.0,0.0,0.0,1000.0,0,0,0.4007,0.41800000000000004,-0.282
38645,0.0,0.0,0.0,1000.0,0,0,0.4207,0.41800000000000004,-0.282
38646,0.0,0.0,0.0,1000.0,0,0,0.44070000000000004,0.41800000000000004,-0.282
38647,0.0,0.0,0.0,1000.0,0,0,0.4607,0.41800000000000004,-0.282
38648,0.0,0.0,0.0,1000.0,0,0,0.4807,0.41800000000000004,-0.282
38649,0.0,0.0,0.0,1000.0,0,0,0.1607,0.43800000000000006,-0.282
38650,0.0,0.0,0.0,1000.0,0,0,0.1807,0.43800000000000006,-0.282
38651,0.0,0.0,0.0,1000.0,0,0,0.20070000000000002,0.43800000000000006,-0.282
38652,0.0,0.0,0.0,1000.0,0,0,0.2207,0.43800000000000006,-0.282
38653,0.0,0.0,0.0,1000.0,0,0,0.24070000000000003,0.43800000000000006,-0.282
38654,0.0,0.0,0.0,1000.0,0,0,0.26070000000000004,0.43800000000000006,-0.282
38655,0.0,0.0,0.0,1000.0,0,0,0.2807,0.43800000000000006,-0.282
38656,0.0,0.0,0.0,1000.0,0,0,0.3007,0.43800000000000006,-0.282
38657,0.0,0.0,0.0,1000.0,0,0,0.3207,0.43800000000000006,-0.282
38658,0.0,0.0,0.0,1000.0,0,0,0.3407,0.43800000000000006,-0.282
38659,0.0,0.0,0.0,1000.0,0,0,0.3607,0.43800000000000006,-0.282
38660,0.0,0.0,0.0,1000.0,0,0,0.38070000000000004,0.43800000000000006,-0.282
38661,0.0,0.0,0.0,1000.0,0,0,0.4007,0.43800000000000006,-0.282
38662,0.0,0.0,0.0,1000.0,0,0,0.4207,0.43800000000000006,-0.282
38663,0.0,0.0,0.0,1000.0,0,0,0.44070000000000004,0.43800000000000006,-0.282
38664,0.0,0.0,0.0,1000.0,0,0,0.4607,0.43800000000000006,-0.282
38665,0.0,0.0,0.0,1000.0,0,0,0.4807,0.43800000000000006,-0.282
38666,0.0,0.0,0.0,1000.0,0,0,0.1607,0.4580000000000001,-0.282
38667,0.0,0.0,0.0,1000.0,0,0,0.1807,0.4580000000000001,-0.282
38668,0.0,0.0,0.0,1000.0,0,0,0.20070000000000002,0.4580000000000001,-0.282
38669,0.0,0.0,0.0,1000.0,0,0,0.2207,0.4580000000000001,-0.282
38670,0.0,0.0,0.0,1000.0,0,0,0.24070000000000003,0.4580000000000001,-0.282
38671,0.0,0.0,0.0,1000.0,0,0,0.26070000000000004,0.4580000000000001,-0.282
38672,0.0,0.0,0.0,1000.0,0,0,0.2807,0.4580000000000001,-0.282
38673,0.0,0.0,0.0,1000.0,0,0,0.3007,0.4580000000000001,-0.282
38674,0.0,0.0,0.0,1000.0,0,0,0.3207,0.4580000000000001,-0.282
38675,0.0,0.0,0.0,1000.0,0,0,0.3407,0.4580000000000001,-0.282
38676,0.0,0.0,0.0,1000.0,0,0,0.3607,0.4580000000000001,-0.282
38677,0.0,0.0,0.0,1000.0,0,0,0.38070000000000004,0.4580000000000001,-0.282
38678,0.0,0.0,0.0,1000.0,0,0,0.4007,0.4580000000000001,-0.282
38679,0.0,0.0,0.0,1000.0,0,0,0.4207,0.4580000000000001,-0.282
38680,0.0,0.0,0.0,1000.0,0,0,0.44070000000000004,0.4580000000000001,-0.282
38681,0.0,0.0,0.0,1000.0,0,0,0.4607,0.4580000000000001,-0.282
38682,0.0,0.0,0.0,1000.0,0,0,0.4807,0.4580000000000001,-0.282
38683,0.0,0.0,0.0,1000.0,0,0,0.1607,0.478,-0.282
38684,0.0,0.0,0.0,1000.0,0,0,0.1807,0.478,-0.282
38685,0.0,0.0,0.0,1000.0,0,0,0.20070000000000002,0.478,-0.282
38686,0.0,0.0,0.0,1000.0,0,0,0.2207,0.478,-0.282
38687,0.0,0.0,0.0,1000.0,0,0,0.24070000000000003,0.478,-0.282
38688,0.0,0.0,0.0,1000.0,0,0,0.26070000000000004,0.478,-0.282
38689,0.0,0.0,0.0,1000.0,0,0,0.2807,0.478,-0.282
38690,0.0,0.0,0.0,1000.0,0,0,0.3007,0.478,-0.282
38691,0.0,0.0,0.0,1000.0,0,0,0.3207,0.478,-0.282
38692,0.0,0.0,0.0,1000.0,0,0,0.3407,0.478,-0.282
38693,0.0,0.0,0.0,1000.0,0,0,0.3607,0.478,-0.282
38694,0.0,0.0,0.0,1000.0,0,0,0.38070000000000004,0.478,-0.282
38695,0.0,0.0,0.0,1000.0,0,0,0.4007,0.478,-0.282
38696,0.0,0.0,0.0,1000.0,0,0,0.4207,0.478,-0.282
38697,0.0,0.0,0.0,1000.0,0,0,0.44070000000000004,0.478,-0.282
38698,0.0,0.0,0.0,1000.0,0,0,0.4607,0.478,-0.282
38699,0.0,0.0,0.0,1000.0,0,0,0.4807,0.478,-0.282
38700,0.0,0.0,0.0,1000.0,0,0,0.1607,-0.482,-0.262
38701,0.0,0.0,0.0,1000.0,0,0,0.1807,-0.482,-0.262
38702,0.0,0.0,0.0,1000.0,0,0,0.20070000000000002,-0.482,-0.262
38703,0.0,0.0,0.0,1000.0,0,0,0.2207,-0.482,-0.262
38704,0.0,0.0,0.0,1000.0,0,0,0.24070000000000003,-0.482,-0.262
38705,0.0,0.0,0.0,1000.0,0,0,0.26070000000000004,-0.482,-0.262
38706,0.0,0.0,0.0,1000.0,0,0,0.2807,-0.482,-0.262
38707,0.0,0.0,0.0,1000.0,0,0,0.3007,-0.482,-0.262
38708,0.0,0.0,0.0,1000.0,0,0,0.3207,-0.482,-0.262
38709,0.0,0.0,0.0,1000.0,0,0,0.3407,-0.482,-0.262
38710,0.0,0.0,0.0,1000.0,0,0,0.3607,-0.482,-0.262
38711,0.0,0.0,0.0,1000.0,0,0,0.38070000000000004,-0.482,-0.262
38712,0.0,0.0,0.0,1000.0,0,0,0.4007,-0.482,-0.262
38713,0.0,0.0,0.0,1000.0,0,0,0.4207,-0.482,-0.262
38714,0.0,0.0,0.0,1000.0,0,0,0.44070000000000004,-0.482,-0.262
38715,0.0,0.0,0.0,1000.0,0,0,0.4607,-0.482,-0.262
38716,0.0,0.0,0.0,1000.0,0,0,0.4807,-0.482,-0.262
38717,0.0,0.0,0.0,1000.0,0,0,0.1607,-0.46199999999999997,-0.262
38718,0.0,0.0,0.0,1000.0,0,0,0.1807,-0.46199999999999997,-0.262
38719,0.0,0.0,0.0,1000.0,0,0,0.20070000000000002,-0.46199999999999997,-0.262
38720,0.0,0.0,0.0,1000.0,0,0,0.2207,-0.46199999999999997,-0.262
38721,0.0,0.0,0.0,1000.0,0,0,0.24070000000000003,-0.46199999999999997,-0.262
38722,0.0,0.0,0.0,1000.0,0,0,0.26070000000000004,-0.46199999999999997,-0.262
38723,0.0,0.0,0.0,1000.0,0,0,0.2807,-0.46199999999999997,-0.262
38724,0.0,0.0,0.0,1000.0,0,0,0.3007,-0.46199999999999997,-0.262
38725,0.0,0.0,0.0,1000.0,0,0,0.3207,-0.46199999999999997,-0.262
38726,0.0,0.0,0.0,1000.0,0,0,0.3407,-0.46199999999999997,-0.262
38727,0.0,0.0,0.0,1000.0,0,0,0.3607,-0.46199999999999997,-0.262
38728,0.0,0.0,0.0,1000.0,0,0,0.38070000000000004,-0.46199999999999997,-0.262
38729,0.0,0.0,0.0,1000.0,0,0,0.4007,-0.46199999999999997,-0.262
38730,0.0,0.0,0.0,1000.0,0,0,0.4207,-0.46199999999999997,-0.262
38731,0.0,0.0,0.0,1000.0,0,0,0.44070000000000004,-0.46199999999999997,-0.262
38732,0.0,0.0,0.0,1000.0,0,0,0.4607,-0.46199999999999997,-0.262
38733,0.0,0.0,0.0,1000.0,0,0,0.4807,-0.46199999999999997,-0.262
38734,0.0,0.0,0.0,1000.0,0,0,0.1607,-0.442,-0.262
38735,0.0,0.0,0.0,1000.0,0,0,0.1807,-0.442,-0.262
38736,0.0,0.0,0.0,1000.0,0,0,0.20070000000000002,-0.442,-0.262
38737,0.0,0.0,0.0,1000.0,0,0,0.2207,-0.442,-0.262
38738,0.0,0.0,0.0,1000.0,0,0,0.24070000000000003,-0.442,-0.262
38739,0.0,0.0,0.0,1000.0,0,0,0.26070000000000004,-0.442,-0.262
38740,0.0,0.0,0.0,1000.0,0,0,0.2807,-0.442,-0.262
38741,0.0,0.0,0.0,1000.0,0,0,0.3007,-0.442,-0.262
38742,0.0,0.0,0.0,1000.0,0,0,0.3207,-0.442,-0.262
38743,0.0,0.0,0.0,1000.0,0,0,0.3407,-0.442,-0.262
38744,0.0,0.0,0.0,1000.0,0,0,0.3607,-0.442,-0.262
38745,0.0,0.0,0.0,1000.0,0,0,0.38070000000000004,-0.442,-0.262
38746,0.0,0.0,0.0,1000.0,0,0,0.4007,-0.442,-0.262
38747,0.0,0.0,0.0,1000.0,0,0,0.4207,-0.442,-0.262
38748,0.0,0.0,0.0,1000.0,0,0,0.44070000000000004,-0.442,-0.262
38749,0.0,0.0,0.0,1000.0,0,0,0.4607,-0.442,-0.262
38750,0.0,0.0,0.0,1000.0,0,0,0.4807,-0.442,-0.262
38751,0.0,0.0,0.0,1000.0,0,0,0.1607,-0.422,-0.262
38752,0.0,0.0,0.0,1000.0,0,0,0.1807,-0.422,-0.262
38753,0.0,0.0,0.0,1000.0,0,0,0.20070000000000002,-0.422,-0.262
38754,0.0,0.0,0.0,1000.0,0,0,0.2207,-0.422,-0.262
38755,0.0,0.0,0.0,1000.0,0,0,0.24070000000000003,-0.422,-0.262
38756,0.0,0.0,0.0,1000.0,0,0,0.26070000000000004,-0.422,-0.262
38757,0.0,0.0,0.0,1000.0,0,0,0.2807,-0.422,-0.262
38758,0.0,0.0,0.0,1000.0,0,0,0.3007,-0.422,-0.262
38759,0.0,0.0,0.0,1000.0,0,0,0.3207,-0.422,-0.262
38760,0.0,0.0,0.0,1000.0,0,0,0.3407,-0.422,-0.262
38761,0.0,0.0,0.0,1000.0,0,0,0.3607,-0.422,-0.262
38762,0.0,0.0,0.0,1000.0,0,0,0.38070000000000004,-0.422,-0.262
38763,0.0,0.0,0.0,1000.0,0,0,0.4007,-0.422,-0.262
38764,0.0,0.0,0.0,1000.0,0,0,0.4207,-0.422,-0.262
38765,0.0,0.0,0.0,1000.0,0,0,0.44070000000000004,-0.422,-0.262
38766,0.0,0.0,0.0,1000.0,0,0,0.4607,-0.422,-0.262
38767,0.0,0.0,0.0,1000.0,0,0,0.4807,-0.422,-0.262
38768,0.0,0.0,0.0,1000.0,0,0,0.1607,-0.40199999999999997,-0.262
38769,0.0,0.0,0.0,1000.0,0,0,0.1807,-0.40199999999999997,-0.262
38770,0.0,0.0,0.0,1000.0,0,0,0.20070000000000002,-0.40199999999999997,-0.262
38771,0.0,0.0,0.0,1000.0,0,0,0.2207,-0.40199999999999997,-0.262
38772,0.0,0.0,0.0,1000.0,0,0,0.24070000000000003,-0.40199999999999997,-0.262
38773,0.0,0.0,0.0,1000.0,0,0,0.26070000000000004,-0.40199999999999997,-0.262
38774,0.0,0.0,0.0,1000.0,0,0,0.2807,-0.40199999999999997,-0.262
38775,0.0,0.0,0.0,1000.0,0,0,0.3007,-0.40199999999999997,-0.262
38776,0.0,0.0,0.0,1000.0,0,0,0.3207,-0.40199999999999997,-0.262
38777,0.0,0.0,0.0,1000.0,0,0,0.3407,-0.40199999999999997,-0.262
38778,0.0,0.0,0.0,1000.0,0,0,0.3607,-0.40199999999999997,-0.262
38779,0.0,0.0,0.0,1000.0,0,0,0.38070000000000004,-0.40199999999999997,-0.262
38780,0.0,0.0,0.0,1000.0,0,0,0.4007,-0.40199999999999997,-0.262
38781,0.0,0.0,0.0,1000.0,0,0,0.4207,-0.40199999999999997,-0.262
38782,0.0,0.0,0.0,1000.0,0,0,0.44070000000000004,-0.40199999999999997,-0.262
38783,0.0,0.0,0.0,1000.0,0,0,0.4607,-0.40199999999999997,-0.262
38784,0.0,0.0,0.0,1000.0,0,0,0.4807,-0.40199999999999997,-0.262
38785,0.0,0.0,0.0,1000.0,0,0,0.1607,-0.382,-0.262
38786,0.0,0.0,0.0,1000.0,0,0,0.1807,-0.382,-0.262
38787,0.0,0.0,0.0,1000.0,0,0,0.20070000000000002,-0.382,-0.262
38788,0.0,0.0,0.0,1000.0,0,0,0.2207,-0.382,-0.262
38789,0.0,0.0,0.0,1000.0,0,0,0.24070000000000003,-0.382,-0.262
38790,0.0,0.0,0.0,1000.0,0,0,0.26070000000000004,-0.382,-0.262
38791,0.0,0.0,0.0,1000.0,0,0,0.2807,-0.382,-0.262
38792,0.0,0.0,0.0,1000.0,0,0,0.3007,-0.382,-0.262
38793,0.0,0.0,0.0,1000.0,0,0,0.3207,-0.382,-0.262
38794,0.0,0.0,0.0,1000.0,0,0,0.3407,-0.382,-0.262
38795,0.0,0.0,0.0,1000.0,0,0,0.3607,-0.382,-0.262
38796,0.0,0.0,0.0,1000.0,0,0,0.38070000000000004,-0.382,-0.262
38797,0.0,0.0,0.0,1000.0,0,0,0.4007,-0.382,-0.262
38798,0.0,0.0,0.0,1000.0,0,0,0.4207,-0.382,-0.262
38799,0.0,0.0,0.0,1000.0,0,0,0.44070000000000004,-0.382,-0.262
38800,0.0,0.0,0.0,1000.0,0,0,0.4607,-0.382,-0.262
38801,0.0,0.0,0.0,1000.0,0,0,0.4807,-0.382,-0.262
38802,0.0,0.0,0.0,1000.0,0,0,0.1607,-0.362,-0.262
38803,0.0,0.0,0.0,1000.0,0,0,0.1807,-0.362,-0.262
38804,0.0,0.0,0.0,1000.0,0,0,0.20070000000000002,-0.362,-0.262
38805,0.0,0.0,0.0,1000.0,0,0,0.2207,-0.362,-0.262
38806,0.0,0.0,0.0,1000.0,0,0,0.24070000000000003,-0.362,-0.262
38807,0.0,0.0,0.0,1000.0,0,0,0.26070000000000004,-0.362,-0.262
38808,0.0,0.0,0.0,1000.0,0,0,0.2807,-0.362,-0.262
38809,0.0,0.0,0.0,1000.0,0,0,0.3007,-0.362,-0.262
38810,0.0,0.0,0.0,1000.0,0,0,0.3207,-0.362,-0.262
38811,0.0,0.0,0.0,1000.0,0,0,0.3407,-0.362,-0.262
38812,0.0,0.0,0.0,1000.0,0,0,0.3607,-0.362,-0.262
38813,0.0,0.0,0.0,1000.0,0,0,0.38070000000000004,-0.362,-0.262
38814,0.0,0.0,0.0,1000.0,0,0,0.4007,-0.362,-0.262
38815,0.0,0.0,0.0,1000.0,0,0,0.4207,-0.362,-0.262
38816,0.0,0.0,0.0,1000.0,0,0,0.44070000000000004,-0.362,-0.262
38817,0.0,0.0,0.0,1000.0,0,0,0.4607,-0.362,-0.262
38818,0.0,0.0,0.0,1000.0,0,0,0.4807,-0.362,-0.262
38819,0.0,0.0,0.0,1000.0,0,0,0.1607,-0.34199999999999997,-0.262
38820,0.0,0.0,0.0,1000.0,0,0,0.1807,-0.34199999999999997,-0.262
38821,0.0,0.0,0.0,1000.0,0,0,0.20070000000000002,-0.34199999999999997,-0.262
38822,0.0,0.0,0.0,1000.0,0,0,0.2207,-0.34199999999999997,-0.262
38823,0.0,0.0,0.0,1000.0,0,0,0.24070000000000003,-0.34199999999999997,-0.262
38824,0.0,0.0,0.0,1000.0,0,0,0.26070000000000004,-0.34199999999999997,-0.262
38825,0.0,0.0,0.0,1000.0,0,0,0.2807,-0.34199999999999997,-0.262
38826,0.0,0.0,0.0,1000.0,0,0,0.3007,-0.34199999999999997,-0.262
38827,0.0,0.0,0.0,1000.0,0,0,0.3207,-0.34199999999999997,-0.262
38828,0.0,0.0,0.0,1000.0,0,0,0.3407,-0.34199999999999997,-0.262
38829,0.0,0.0,0.0,1000.0,0,0,0.3607,-0.34199999999999997,-0.262
38830,0.0,0.0,0.0,1000.0,0,0,0.38070000000000004,-0.34199999999999997,-0.262
38831,0.0,0.0,0.0,1000.0,0,0,0.4007,-0.34199999999999997,-0.262
38832,0.0,0.0,0.0,1000.0,0,0,0.4207,-0.34199999999999997,-0.262
38833,0.0,0.0,0.0,1000.0,0,0,0.44070000000000004,-0.34199999999999997,-0.262
38834,0.0,0.0,0.0,1000.0,0,0,0.4607,-0.34199999999999997,-0.262
38835,0.0,0.0,0.0,1000.0,0,0,0.4807,-0.34199999999999997,-0.262
38836,0.0,0.0,0.0,1000.0,0,0,0.1607,-0.32199999999999995,-0.262
38837,0.0,0.0,0.0,1000.0,0,0,0.1807,-0.32199999999999995,-0.262
38838,0.0,0.0,0.0,1000.0,0,0,0.20070000000000002,-0.32199999999999995,-0.262
38839,0.0,0.0,0.0,1000.0,0,0,0.2207,-0.32199999999999995,-0.262
38840,0.0,0.0,0.0,1000.0,0,0,0.24070000000000003,-0.32199999999999995,-0.262
38841,0.0,0.0,0.0,1000.0,0,0,0.26070000000000004,-0.32199999999999995,-0.262
38842,0.0,0.0,0.0,1000.0,0,0,0.2807,-0.32199999999999995,-0.262
38843,0.0,0.0,0.0,1000.0,0,0,0.3007,-0.32199999999999995,-0.262
38844,0.0,0.0,0.0,1000.0,0,0,0.3207,-0.32199999999999995,-0.262
38845,0.0,0.0,0.0,1000.0,0,0,0.3407,-0.32199999999999995,-0.262
38846,0.0,0.0,0.0,1000.0,0,0,0.3607,-0.32199999999999995,-0.262
38847,0.0,0.0,0.0,1000.0,0,0,0.38070000000000004,-0.32199999999999995,-0.262
38848,0.0,0.0,0.0,1000.0,0,0,0.4007,-0.32199999999999995,-0.262
38849,0.0,0.0,0.0,1000.0,0,0,0.4207,-0.32199999999999995,-0.262
38850,0.0,0.0,0.0,1000.0,0,0,0.44070000000000004,-0.32199999999999995,-0.262
38851,0.0,0.0,0.0,1000.0,0,0,0.4607,-0.32199999999999995,-0.262
38852,0.0,0.0,0.0,1000.0,0,0,0.4807,-0.32199999999999995,-0.262
38853,0.0,0.0,0.0,1000.0,0,0,0.1607,-0.302,-0.262
38854,0.0,0.0,0.0,1000.0,0,0,0.1807,-0.302,-0.262
38855,0.0,0.0,0.0,1000.0,0,0,0.20070000000000002,-0.302,-0.262
38856,0.0,0.0,0.0,1000.0,0,0,0.2207,-0.302,-0.262
38857,0.0,0.0,0.0,1000.0,0,0,0.24070000000000003,-0.302,-0.262
38858,0.0,0.0,0.0,1000.0,0,0,0.26070000000000004,-0.302,-0.262
38859,0.0,0.0,0.0,1000.0,0,0,0.2807,-0.302,-0.262
38860,0.0,0.0,0.0,1000.0,0,0,0.3007,-0.302,-0.262
38861,0.0,0.0,0.0,1000.0,0,0,0.3207,-0.302,-0.262
38862,0.0,0.0,0.0,1000.0,0,0,0.3407,-0.302,-0.262
38863,0.0,0.0,0.0,1000.0,0,0,0.3607,-0.302,-0.262
38864,0.0,0.0,0.0,1000.0,0,0,0.38070000000000004,-0.302,-0.262
38865,0.0,0.0,0.0,1000.0,0,0,0.4007,-0.302,-0.262
38866,0.0,0.0,0.0,1000.0,0,0,0.4207,-0.302,-0.262
38867,0.0,0.0,0.0,1000.0,0,0,0.44070000000000004,-0.302,-0.262
38868,0.0,0.0,0.0,1000.0,0,0,0.4607,-0.302,-0.262
38869,0.0,0.0,0.0,1000.0,0,0,0.4807,-0.302,-0.262
38870,0.0,0.0,0.0,1000.0,0,0,0.1607,-0.282,-0.262
38871,0.0,0.0,0.0,1000.0,0,0,0.1807,-0.282,-0.262
38872,0.0,0.0,0.0,1000.0,0,0,0.20070000000000002,-0.282,-0.262
38873,0.0,0.0,0.0,1000.0,0,0,0.2207,-0.282,-0.262
38874,0.0,0.0,0.0,1000.0,0,0,0.24070000000000003,-0.282,-0.262
38875,0.0,0.0,0.0,1000.0,0,0,0.26070000000000004,-0.282,-0.262
38876,0.0,0.0,0.0,1000.0,0,0,0.2807,-0.282,-0.262
38877,0.0,0.0,0.0,1000.0,0,0,0.3007,-0.282,-0.262
38878,0.0,0.0,0.0,1000.0,0,0,0.3207,-0.282,-0.262
38879,0.0,0.0,0.0,1000.0,0,0,0.3407,-0.282,-0.262
38880,0.0,0.0,0.0,1000.0,0,0,0.3607,-0.282,-0.262
38881,0.0,0.0,0.0,1000.0,0,0,0.38070000000000004,-0.282,-0.262
38882,0.0,0.0,0.0,1000.0,0,0,0.4007,-0.282,-0.262
38883,0.0,0.0,0.0,1000.0,0,0,0.4207,-0.282,-0.262
38884,0.0,0.0,0.0,1000.0,0,0,0.44070000000000004,-0.282,-0.262
38885,0.0,0.0,0.0,1000.0,0,0,0.4607,-0.282,-0.262
38886,0.0,0.0,0.0,1000.0,0,0,0.4807,-0.282,-0.262
38887,0.0,0.0,0.0,1000.0,0,0,0.1607,-0.262,-0.262
38888,0.0,0.0,0.0,1000.0,0,0,0.1807,-0.262,-0.262
38889,0.0,0.0,0.0,1000.0,0,0,0.20070000000000002,-0.262,-0.262
38890,0.0,0.0,0.0,1000.0,0,0,0.2207,-0.262,-0.262
38891,0.0,0.0,0.0,1000.0,0,0,0.24070000000000003,-0.262,-0.262
38892,0.0,0.0,0.0,1000.0,0,0,0.26070000000000004,-0.262,-0.262
38893,0.0,0.0,0.0,1000.0,0,0,0.2807,-0.262,-0.262
38894,0.0,0.0,0.0,1000.0,0,0,0.3007,-0.262,-0.262
38895,0.0,0.0,0.0,1000.0,0,0,0.3207,-0.262,-0.262
38896,0.0,0.0,0.0,1000.0,0,0,0.3407,-0.262,-0.262
38897,0.0,0.0,0.0,1000.0,0,0,0.3607,-0.262,-0.262
38898,0.0,0.0,0.0,1000.0,0,0,0.38070000000000004,-0.262,-0.262
38899,0.0,0.0,0.0,1000.0,0,0,0.4007,-0.262,-0.262
38900,0.0,0.0,0.0,1000.0,0,0,0.4207,-0.262,-0.262
38901,0.0,0.0,0.0,1000.0,0,0,0.44070000000000004,-0.262,-0.262
38902,0.0,0.0,0.0,1000.0,0,0,0.4607,-0.262,-0.262
38903,0.0,0.0,0.0,1000.0,0,0,0.4807,-0.262,-0.262
38904,0.0,0.0,0.0,1000.0,0,0,0.1607,-0.242,-0.262
38905,0.0,0.0,0.0,1000.0,0,0,0.1807,-0.242,-0.262
38906,0.0,0.0,0.0,1000.0,0,0,0.20070000000000002,-0.242,-0.262
38907,0.0,0.0,0.0,1000.0,0,0,0.2207,-0.242,-0.262
38908,0.0,0.0,0.0,1000.0,0,0,0.24070000000000003,-0.242,-0.262
38909,0.0,0.0,0.0,1000.0,0,0,0.26070000000000004,-0.242,-0.262
38910,0.0,0.0,0.0,1000.0,0,0,0.2807,-0.242,-0.262
38911,0.0,0.0,0.0,1000.0,0,0,0.3007,-0.242,-0.262
38912,0.0,0.0,0.0,1000.0,0,0,0.3207,-0.242,-0.262
38913,0.0,0.0,0.0,1000.0,0,0,0.3407,-0.242,-0.262
38914,0.0,0.0,0.0,1000.0,0,0,0.3607,-0.242,-0.262
38915,0.0,0.0,0.0,1000.0,0,0,0.38070000000000004,-0.242,-0.262
38916,0.0,0.0,0.0,1000.0,0,0,0.4007,-0.242,-0.262
38917,0.0,0.0,0.0,1000.0,0,0,0.4207,-0.242,-0.262
38918,0.0,0.0,0.0,1000.0,0,0,0.44070000000000004,-0.242,-0.262
38919,0.0,0.0,0.0,1000.0,0,0,0.4607,-0.242,-0.262
38920,0.0,0.0,0.0,1000.0,0,0,0.4807,-0.242,-0.262
38921,0.0,0.0,0.0,1000.0,0,0,0.1607,-0.22199999999999998,-0.262
38922,0.0,0.0,0.0,1000.0,0,0,0.1807,-0.22199999999999998,-0.262
38923,0.0,0.0,0.0,1000.0,0,0,0.20070000000000002,-0.22199999999999998,-0.262
38924,0.0,0.0,0.0,1000.0,0,0,0.2207,-0.22199999999999998,-0.262
38925,0.0,0.0,0.0,1000.0,0,0,0.24070000000000003,-0.22199999999999998,-0.262
38926,0.0,0.0,0.0,1000.0,0,0,0.26070000000000004,-0.22199999999999998,-0.262
38927,0.0,0.0,0.0,1000.0,0,0,0.2807,-0.22199999999999998,-0.262
38928,0.0,0.0,0.0,1000.0,0,0,0.3007,-0.22199999999999998,-0.262
38929,0.0,0.0,0.0,1000.0,0,0,0.3207,-0.22199999999999998,-0.262
38930,0.0,0.0,0.0,1000.0,0,0,0.3407,-0.22199999999999998,-0.262
38931,0.0,0.0,0.0,1000.0,0,0,0.3607,-0.22199999999999998,-0.262
38932,0.0,0.0,0.0,1000.0,0,0,0.38070000000000004,-0.22199999999999998,-0.262
38933,0.0,0.0,0.0,1000.0,0,0,0.4007,-0.22199999999999998,-0.262
38934,0.0,0.0,0.0,1000.0,0,0,0.4207,-0.22199999999999998,-0.262
38935,0.0,0.0,0.0,1000.0,0,0,0.44070000000000004,-0.22199999999999998,-0.262
38936,0.0,0.0,0.0,1000.0,0,0,0.4607,-0.22199999999999998,-0.262
38937,0.0,0.0,0.0,1000.0,0,0,0.4807,-0.22199999999999998,-0.262
38938,0.0,0.0,0.0,1000.0,0,0,0.1607,-0.20199999999999996,-0.262
38939,0.0,0.0,0.0,1000.0,0,0,0.1807,-0.20199999999999996,-0.262
38940,0.0,0.0,0.0,1000.0,0,0,0.20070000000000002,-0.20199999999999996,-0.262
38941,0.0,0.0,0.0,1000.0,0,0,0.2207,-0.20199999999999996,-0.262
38942,0.0,0.0,0.0,1000.0,0,0,0.24070000000000003,-0.20199999999999996,-0.262
38943,0.0,0.0,0.0,1000.0,0,0,0.26070000000000004,-0.20199999999999996,-0.262
38944,0.0,0.0,0.0,1000.0,0,0,0.2807,-0.20199999999999996,-0.262
38945,0.0,0.0,0.0,1000.0,0,0,0.3007,-0.20199999999999996,-0.262
38946,0.0,0.0,0.0,1000.0,0,0,0.3207,-0.20199999999999996,-0.262
38947,0.0,0.0,0.0,1000.0,0,0,0.3407,-0.20199999999999996,-0.262
38948,0.0,0.0,0.0,1000.0,0,0,0.3607,-0.20199999999999996,-0.262
38949,0.0,0.0,0.0,1000.0,0,0,0.38070000000000004,-0.20199999999999996,-0.262
38950,0.0,0.0,0.0,1000.0,0,0,0.4007,-0.20199999999999996,-0.262
38951,0.0,0.0,0.0,1000.0,0,0,0.4207,-0.20199999999999996,-0.262
38952,0.0,0.0,0.0,1000.0,0,0,0.44070000000000004,-0.20199999999999996,-0.262
38953,0.0,0.0,0.0,1000.0,0,0,0.4607,-0.20199999999999996,-0.262
38954,0.0,0.0,0.0,1000.0,0,0,0.4807,-0.20199999999999996,-0.262
38955,0.0,0.0,0.0,1000.0,0,0,0.1607,-0.182,-0.262
38956,0.0,0.0,0.0,1000.0,0,0,0.1807,-0.182,-0.262
38957,0.0,0.0,0.0,1000.0,0,0,0.20070000000000002,-0.182,-0.262
38958,0.0,0.0,0.0,1000.0,0,0,0.2207,-0.182,-0.262
38959,0.0,0.0,0.0,1000.0,0,0,0.24070000000000003,-0.182,-0.262
38960,0.0,0.0,0.0,1000.0,0,0,0.26070000000000004,-0.182,-0.262
38961,0.0,0.0,0.0,1000.0,0,0,0.2807,-0.182,-0.262
38962,0.0,0.0,0.0,1000.0,0,0,0.3007,-0.182,-0.262
38963,0.0,0.0,0.0,1000.0,0,0,0.3207,-0.182,-0.262
38964,0.0,0.0,0.0,1000.0,0,0,0.3407,-0.182,-0.262
38965,0.0,0.0,0.0,1000.0,0,0,0.3607,-0.182,-0.262
38966,0.0,0.0,0.0,1000.0,0,0,0.38070000000000004,-0.182,-0.262
38967,0.0,0.0,0.0,1000.0,0,0,0.4007,-0.182,-0.262
38968,0.0,0.0,0.0,1000.0,0,0,0.4207,-0.182,-0.262
38969,0.0,0.0,0.0,1000.0,0,0,0.44070000000000004,-0.182,-0.262
38970,0.0,0.0,0.0,1000.0,0,0,0.4607,-0.182,-0.262
38971,0.0,0.0,0.0,1000.0,0,0,0.4807,-0.182,-0.262
38972,0.0,0.0,0.0,1000.0,0,0,0.1607,-0.16199999999999998,-0.262
38973,0.0,0.0,0.0,1000.0,0,0,0.1807,-0.16199999999999998,-0.262
38974,0.0,0.0,0.0,1000.0,0,0,0.20070000000000002,-0.16199999999999998,-0.262
38975,0.0,0.0,0.0,1000.0,0,0,0.2207,-0.16199999999999998,-0.262
38976,0.0,0.0,0.0,1000.0,0,0,0.24070000000000003,-0.16199999999999998,-0.262
38977,0.0,0.0,0.0,1000.0,0,0,0.26070000000000004,-0.16199999999999998,-0.262
38978,0.0,0.0,0.0,1000.0,0,0,0.2807,-0.16199999999999998,-0.262
38979,0.0,0.0,0.0,1000.0,0,0,0.3007,-0.16199999999999998,-0.262
38980,0.0,0.0,0.0,1000.0,0,0,0.3207,-0.16199999999999998,-0.262
38981,0.0,0.0,0.0,1000.0,0,0,0.3407,-0.16199999999999998,-0.262
38982,0.0,0.0,0.0,1000.0,0,0,0.3607,-0.16199999999999998,-0.262
38983,0.0,0.0,0.0,1000.0,0,0,0.38070000000000004,-0.16199999999999998,-0.262
38984,0.0,0.0,0.0,1000.0,0,0,0.4007,-0.16199999999999998,-0.262
38985,0.0,0.0,0.0,1000.0,0,0,0.4207,-0.16199999999999998,-0.262
38986,0.0,0.0,0.0,1000.0,0,0,0.44070000000000004,-0.16199999999999998,-0.262
38987,0.0,0.0,0.0,1000.0,0,0,0.4607,-0.16199999999999998,-0.262
38988,0.0,0.0,0.0,1000.0,0,0,0.4807,-0.16199999999999998,-0.262
38989,0.0,0.0,0.0,1000.0,0,0,0.1607,-0.14199999999999996,-0.262
38990,0.0,0.0,0.0,1000.0,0,0,0.1807,-0.14199999999999996,-0.262
38991,0.0,0.0,0.0,1000.0,0,0,0.20070000000000002,-0.14199999999999996,-0.262
38992,0.0,0.0,0.0,1000.0,0,0,0.2207,-0.14199999999999996,-0.262
38993,0.0,0.0,0.0,1000.0,0,0,0.24070000000000003,-0.14199999999999996,-0.262
38994,0.0,0.0,0.0,1000.0,0,0,0.26070000000000004,-0.14199999999999996,-0.262
38995,0.0,0.0,0.0,1000.0,0,0,0.2807,-0.14199999999999996,-0.262
38996,0.0,0.0,0.0,1000.0,0,0,0.3007,-0.14199999999999996,-0.262
38997,0.0,0.0,0.0,1000.0,0,0,0.3207,-0.14199999999999996,-0.262
38998,0.0,0.0,0.0,1000.0,0,0,0.3407,-0.14199999999999996,-0.262
38999,0.0,0.0,0.0,1000.0,0,0,0.3607,-0.14199999999999996,-0.262
39000,0.0,0.0,0.0,1000.0,0,0,0.38070000000000004,-0.14199999999999996,-0.262
39001,0.0,0.0,0.0,1000.0,0,0,0.4007,-0.14199999999999996,-0.262
39002,0.0,0.0,0.0,1000.0,0,0,0.4207,-0.14199999999999996,-0.262
39003,0.0,0.0,0.0,1000.0,0,0,0.44070000000000004,-0.14199999999999996,-0.262
39004,0.0,0.0,0.0,1000.0,0,0,0.4607,-0.14199999999999996,-0.262
39005,0.0,0.0,0.0,1000.0,0,0,0.4807,-0.14199999999999996,-0.262
39006,0.0,0.0,0.0,1000.0,0,0,0.1607,-0.122,-0.262
39007,0.0,0.0,0.0,1000.0,0,0,0.1807,-0.122,-0.262
39008,0.0,0.0,0.0,1000.0,0,0,0.20070000000000002,-0.122,-0.262
39009,0.0,0.0,0.0,1000.0,0,0,0.2207,-0.122,-0.262
39010,0.0,0.0,0.0,1000.0,0,0,0.24070000000000003,-0.122,-0.262
39011,0.0,0.0,0.0,1000.0,0,0,0.26070000000000004,-0.122,-0.262
39012,0.0,0.0,0.0,1000.0,0,0,0.2807,-0.122,-0.262
39013,0.0,0.0,0.0,1000.0,0,0,0.3007,-0.122,-0.262
39014,0.0,0.0,0.0,1000.0,0,0,0.3207,-0.122,-0.262
39015,0.0,0.0,0.0,1000.0,0,0,0.3407,-0.122,-0.262
39016,0.0,0.0,0.0,1000.0,0,0,0.3607,-0.122,-0.262
39017,0.0,0.0,0.0,1000.0,0,0,0.38070000000000004,-0.122,-0.262
39018,0.0,0.0,0.0,1000.0,0,0,0.4007,-0.122,-0.262
39019,0.0,0.0,0.0,1000.0,0,0,0.4207,-0.122,-0.262
39020,0.0,0.0,0.0,1000.0,0,0,0.44070000000000004,-0.122,-0.262
39021,0.0,0.0,0.0,1000.0,0,0,0.4607,-0.122,-0.262
39022,0.0,0.0,0.0,1000.0,0,0,0.4807,-0.122,-0.262
39023,0.0,0.0,0.0,1000.0,0,0,0.1607,-0.10199999999999998,-0.262
39024,0.0,0.0,0.0,1000.0,0,0,0.1807,-0.10199999999999998,-0.262
39025,0.0,0.0,0.0,1000.0,0,0,0.20070000000000002,-0.10199999999999998,-0.262
39026,0.0,0.0,0.0,1000.0,0,0,0.2207,-0.10199999999999998,-0.262
39027,0.0,0.0,0.0,1000.0,0,0,0.24070000000000003,-0.10199999999999998,-0.262
39028,0.0,0.0,0.0,1000.0,0,0,0.26070000000000004,-0.10199999999999998,-0.262
39029,0.0,0.0,0.0,1000.0,0,0,0.2807,-0.10199999999999998,-0.262
39030,0.0,0.0,0.0,1000.0,0,0,0.3007,-0.10199999999999998,-0.262
39031,0.0,0.0,0.0,1000.0,0,0,0.3207,-0.10199999999999998,-0.262
39032,0.0,0.0,0.0,1000.0,0,0,0.3407,-0.10199999999999998,-0.262
39033,0.0,0.0,0.0,1000.0,0,0,0.3607,-0.10199999999999998,-0.262
39034,0.0,0.0,0.0,1000.0,0,0,0.38070000000000004,-0.10199999999999998,-0.262
39035,0.0,0.0,0.0,1000.0,0,0,0.4007,-0.10199999999999998,-0.262
39036,0.0,0.0,0.0,1000.0,0,0,0.4207,-0.10199999999999998,-0.262
39037,0.0,0.0,0.0,1000.0,0,0,0.44070000000000004,-0.10199999999999998,-0.262
39038,0.0,0.0,0.0,1000.0,0,0,0.4607,-0.10199999999999998,-0.262
39039,0.0,0.0,0.0,1000.0,0,0,0.4807,-0.10199999999999998,-0.262
39040,0.0,0.0,0.0,1000.0,0,0,0.1607,-0.08199999999999996,-0.262
39041,0.0,0.0,0.0,1000.0,0,0,0.1807,-0.08199999999999996,-0.262
39042,0.0,0.0,0.0,1000.0,0,0,0.20070000000000002,-0.08199999999999996,-0.262
39043,0.0,0.0,0.0,1000.0,0,0,0.2207,-0.08199999999999996,-0.262
39044,0.0,0.0,0.0,1000.0,0,0,0.24070000000000003,-0.08199999999999996,-0.262
39045,0.0,0.0,0.0,1000.0,0,0,0.26070000000000004,-0.08199999999999996,-0.262
39046,0.0,0.0,0.0,1000.0,0,0,0.2807,-0.08199999999999996,-0.262
39047,0.0,0.0,0.0,1000.0,0,0,0.3007,-0.08199999999999996,-0.262
39048,0.0,0.0,0.0,1000.0,0,0,0.3207,-0.08199999999999996,-0.262
39049,0.0,0.0,0.0,1000.0,0,0,0.3407,-0.08199999999999996,-0.262
39050,0.0,0.0,0.0,1000.0,0,0,0.3607,-0.08199999999999996,-0.262
39051,0.0,0.0,0.0,1000.0,0,0,0.38070000000000004,-0.08199999999999996,-0.262
39052,0.0,0.0,0.0,1000.0,0,0,0.4007,-0.08199999999999996,-0.262
39053,0.0,0.0,0.0,1000.0,0,0,0.4207,-0.08199999999999996,-0.262
39054,0.0,0.0,0.0,1000.0,0,0,0.44070000000000004,-0.08199999999999996,-0.262
39055,0.0,0.0,0.0,1000.0,0,0,0.4607,-0.08199999999999996,-0.262
39056,0.0,0.0,0.0,1000.0,0,0,0.4807,-0.08199999999999996,-0.262
39057,0.0,0.0,0.0,1000.0,0,0,0.1607,-0.062,-0.262
39058,0.0,0.0,0.0,1000.0,0,0,0.1807,-0.062,-0.262
39059,0.0,0.0,0.0,1000.0,0,0,0.20070000000000002,-0.062,-0.262
39060,0.0,0.0,0.0,1000.0,0,0,0.2207,-0.062,-0.262
39061,0.0,0.0,0.0,1000.0,0,0,0.24070000000000003,-0.062,-0.262
39062,0.0,0.0,0.0,1000.0,0,0,0.26070000000000004,-0.062,-0.262
39063,0.0,0.0,0.0,1000.0,0,0,0.2807,-0.062,-0.262
39064,0.0,0.0,0.0,1000.0,0,0,0.3007,-0.062,-0.262
39065,0.0,0.0,0.0,1000.0,0,0,0.3207,-0.062,-0.262
39066,0.0,0.0,0.0,1000.0,0,0,0.3407,-0.062,-0.262
39067,0.0,0.0,0.0,1000.0,0,0,0.3607,-0.062,-0.262
39068,0.0,0.0,0.0,1000.0,0,0,0.38070000000000004,-0.062,-0.262
39069,0.0,0.0,0.0,1000.0,0,0,0.4007,-0.062,-0.262
39070,0.0,0.0,0.0,1000.0,0,0,0.4207,-0.062,-0.262
39071,0.0,0.0,0.0,1000.0,0,0,0.44070000000000004,-0.062,-0.262
39072,0.0,0.0,0.0,1000.0,0,0,0.4607,-0.062,-0.262
39073,0.0,0.0,0.0,1000.0,0,0,0.4807,-0.062,-0.262
39074,0.0,0.0,0.0,1000.0,0,0,0.1607,-0.04199999999999998,-0.262
39075,0.0,0.0,0.0,1000.0,0,0,0.1807,-0.04199999999999998,-0.262
39076,0.0,0.0,0.0,1000.0,0,0,0.20070000000000002,-0.04199999999999998,-0.262
39077,0.0,0.0,0.0,1000.0,0,0,0.2207,-0.04199999999999998,-0.262
39078,0.0,0.0,0.0,1000.0,0,0,0.24070000000000003,-0.04199999999999998,-0.262
39079,0.0,0.0,0.0,1000.0,0,0,0.26070000000000004,-0.04199999999999998,-0.262
39080,0.0,0.0,0.0,1000.0,0,0,0.2807,-0.04199999999999998,-0.262
39081,0.0,0.0,0.0,1000.0,0,0,0.3007,-0.04199999999999998,-0.262
39082,0.0,0.0,0.0,1000.0,0,0,0.3207,-0.04199999999999998,-0.262
39083,0.0,0.0,0.0,1000.0,0,0,0.3407,-0.04199999999999998,-0.262
39084,0.0,0.0,0.0,1000.0,0,0,0.3607,-0.04199999999999998,-0.262
39085,0.0,0.0,0.0,1000.0,0,0,0.38070000000000004,-0.04199999999999998,-0.262
39086,0.0,0.0,0.0,1000.0,0,0,0.4007,-0.04199999999999998,-0.262
39087,0.0,0.0,0.0,1000.0,0,0,0.4207,-0.04199999999999998,-0.262
39088,0.0,0.0,0.0,1000.0,0,0,0.44070000000000004,-0.04199999999999998,-0.262
39089,0.0,0.0,0.0,1000.0,0,0,0.4607,-0.04199999999999998,-0.262
39090,0.0,0.0,0.0,1000.0,0,0,0.4807,-0.04199999999999998,-0.262
39091,0.0,0.0,0.0,1000.0,0,0,0.1607,-0.021999999999999964,-0.262
39092,0.0,0.0,0.0,1000.0,0,0,0.1807,-0.021999999999999964,-0.262
39093,0.0,0.0,0.0,1000.0,0,0,0.20070000000000002,-0.021999999999999964,-0.262
39094,0.0,0.0,0.0,1000.0,0,0,0.2207,-0.021999999999999964,-0.262
39095,0.0,0.0,0.0,1000.0,0,0,0.24070000000000003,-0.021999999999999964,-0.262
39096,0.0,0.0,0.0,1000.0,0,0,0.26070000000000004,-0.021999999999999964,-0.262
39097,0.0,0.0,0.0,1000.0,0,0,0.2807,-0.021999999999999964,-0.262
39098,0.0,0.0,0.0,1000.0,0,0,0.3007,-0.021999999999999964,-0.262
39099,0.0,0.0,0.0,1000.0,0,0,0.3207,-0.021999999999999964,-0.262
39100,0.0,0.0,0.0,1000.0,0,0,0.3407,-0.021999999999999964,-0.262
39101,0.0,0.0,0.0,1000.0,0,0,0.3607,-0.021999999999999964,-0.262
39102,0.0,0.0,0.0,1000.0,0,0,0.38070000000000004,-0.021999999999999964,-0.262
39103,0.0,0.0,0.0,1000.0,0,0,0.4007,-0.021999999999999964,-0.262
39104,0.0,0.0,0.0,1000.0,0,0,0.4207,-0.021999999999999964,-0.262
39105,0.0,0.0,0.0,1000.0,0,0,0.44070000000000004,-0.021999999999999964,-0.262
39106,0.0,0.0,0.0,1000.0,0,0,0.4607,-0.021999999999999964,-0.262
39107,0.0,0.0,0.0,1000.0,0,0,0.4807,-0.021999999999999964,-0.262
39108,0.0,0.0,0.0,1000.0,0,0,0.1607,-0.0020000000000000018,-0.262
39109,0.0,0.0,0.0,1000.0,0,0,0.1807,-0.0020000000000000018,-0.262
39110,0.0,0.0,0.0,1000.0,0,0,0.20070000000000002,-0.0020000000000000018,-0.262
39111,0.0,0.0,0.0,1000.0,0,0,0.2207,-0.0020000000000000018,-0.262
39112,0.0,0.0,0.0,1000.0,0,0,0.24070000000000003,-0.0020000000000000018,-0.262
39113,0.0,0.0,0.0,1000.0,0,0,0.26070000000000004,-0.0020000000000000018,-0.262
39114,0.0,0.0,0.0,1000.0,0,0,0.2807,-0.0020000000000000018,-0.262
39115,0.0,0.0,0.0,1000.0,0,0,0.3007,-0.0020000000000000018,-0.262
39116,0.0,0.0,0.0,1000.0,0,0,0.3207,-0.0020000000000000018,-0.262
39117,0.0,0.0,0.0,1000.0,0,0,0.3407,-0.0020000000000000018,-0.262
39118,0.0,0.0,0.0,1000.0,0,0,0.3607,-0.0020000000000000018,-0.262
39119,0.0,0.0,0.0,1000.0,0,0,0.38070000000000004,-0.0020000000000000018,-0.262
39120,0.0,0.0,0.0,1000.0,0,0,0.4007,-0.0020000000000000018,-0.262
39121,0.0,0.0,0.0,1000.0,0,0,0.4207,-0.0020000000000000018,-0.262
39122,0.0,0.0,0.0,1000.0,0,0,0.44070000000000004,-0.0020000000000000018,-0.262
39123,0.0,0.0,0.0,1000.0,0,0,0.4607,-0.0020000000000000018,-0.262
39124,0.0,0.0,0.0,1000.0,0,0,0.4807,-0.0020000000000000018,-0.262
39125,0.0,0.0,0.0,1000.0,0,0,0.1607,0.018000000000000016,-0.262
39126,0.0,0.0,0.0,1000.0,0,0,0.1807,0.018000000000000016,-0.262
39127,0.0,0.0,0.0,1000.0,0,0,0.20070000000000002,0.018000000000000016,-0.262
39128,0.0,0.0,0.0,1000.0,0,0,0.2207,0.018000000000000016,-0.262
39129,0.0,0.0,0.0,1000.0,0,0,0.24070000000000003,0.018000000000000016,-0.262
39130,0.0,0.0,0.0,1000.0,0,0,0.26070000000000004,0.018000000000000016,-0.262
39131,0.0,0.0,0.0,1000.0,0,0,0.2807,0.018000000000000016,-0.262
39132,0.0,0.0,0.0,1000.0,0,0,0.3007,0.018000000000000016,-0.262
39133,0.0,0.0,0.0,1000.0,0,0,0.3207,0.018000000000000016,-0.262
39134,0.0,0.0,0.0,1000.0,0,0,0.3407,0.018000000000000016,-0.262
39135,0.0,0.0,0.0,1000.0,0,0,0.3607,0.018000000000000016,-0.262
39136,0.0,0.0,0.0,1000.0,0,0,0.38070000000000004,0.018000000000000016,-0.262
39137,0.0,0.0,0.0,1000.0,0,0,0.4007,0.018000000000000016,-0.262
39138,0.0,0.0,0.0,1000.0,0,0,0.4207,0.018000000000000016,-0.262
39139,0.0,0.0,0.0,1000.0,0,0,0.44070000000000004,0.018000000000000016,-0.262
39140,0.0,0.0,0.0,1000.0,0,0,0.4607,0.018000000000000016,-0.262
39141,0.0,0.0,0.0,1000.0,0,0,0.4807,0.018000000000000016,-0.262
39142,0.0,0.0,0.0,1000.0,0,0,0.1607,0.038000000000000034,-0.262
39143,0.0,0.0,0.0,1000.0,0,0,0.1807,0.038000000000000034,-0.262
39144,0.0,0.0,0.0,1000.0,0,0,0.20070000000000002,0.038000000000000034,-0.262
39145,0.0,0.0,0.0,1000.0,0,0,0.2207,0.038000000000000034,-0.262
39146,0.0,0.0,0.0,1000.0,0,0,0.24070000000000003,0.038000000000000034,-0.262
39147,0.0,0.0,0.0,1000.0,0,0,0.26070000000000004,0.038000000000000034,-0.262
39148,0.0,0.0,0.0,1000.0,0,0,0.2807,0.038000000000000034,-0.262
39149,0.0,0.0,0.0,1000.0,0,0,0.3007,0.038000000000000034,-0.262
39150,0.0,0.0,0.0,1000.0,0,0,0.3207,0.038000000000000034,-0.262
39151,0.0,0.0,0.0,1000.0,0,0,0.3407,0.038000000000000034,-0.262
39152,0.0,0.0,0.0,1000.0,0,0,0.3607,0.038000000000000034,-0.262
39153,0.0,0.0,0.0,1000.0,0,0,0.38070000000000004,0.038000000000000034,-0.262
39154,0.0,0.0,0.0,1000.0,0,0,0.4007,0.038000000000000034,-0.262
39155,0.0,0.0,0.0,1000.0,0,0,0.4207,0.038000000000000034,-0.262
39156,0.0,0.0,0.0,1000.0,0,0,0.44070000000000004,0.038000000000000034,-0.262
39157,0.0,0.0,0.0,1000.0,0,0,0.4607,0.038000000000000034,-0.262
39158,0.0,0.0,0.0,1000.0,0,0,0.4807,0.038000000000000034,-0.262
39159,0.0,0.0,0.0,1000.0,0,0,0.1607,0.05800000000000005,-0.262
39160,0.0,0.0,0.0,1000.0,0,0,0.1807,0.05800000000000005,-0.262
39161,0.0,0.0,0.0,1000.0,0,0,0.20070000000000002,0.05800000000000005,-0.262
39162,0.0,0.0,0.0,1000.0,0,0,0.2207,0.05800000000000005,-0.262
39163,0.0,0.0,0.0,1000.0,0,0,0.24070000000000003,0.05800000000000005,-0.262
39164,0.0,0.0,0.0,1000.0,0,0,0.26070000000000004,0.05800000000000005,-0.262
39165,0.0,0.0,0.0,1000.0,0,0,0.2807,0.05800000000000005,-0.262
39166,0.0,0.0,0.0,1000.0,0,0,0.3007,0.05800000000000005,-0.262
39167,0.0,0.0,0.0,1000.0,0,0,0.3207,0.05800000000000005,-0.262
39168,0.0,0.0,0.0,1000.0,0,0,0.3407,0.05800000000000005,-0.262
39169,0.0,0.0,0.0,1000.0,0,0,0.3607,0.05800000000000005,-0.262
39170,0.0,0.0,0.0,1000.0,0,0,0.38070000000000004,0.05800000000000005,-0.262
39171,0.0,0.0,0.0,1000.0,0,0,0.4007,0.05800000000000005,-0.262
39172,0.0,0.0,0.0,1000.0,0,0,0.4207,0.05800000000000005,-0.262
39173,0.0,0.0,0.0,1000.0,0,0,0.44070000000000004,0.05800000000000005,-0.262
39174,0.0,0.0,0.0,1000.0,0,0,0.4607,0.05800000000000005,-0.262
39175,0.0,0.0,0.0,1000.0,0,0,0.4807,0.05800000000000005,-0.262
39176,0.0,0.0,0.0,1000.0,0,0,0.1607,0.07800000000000007,-0.262
39177,0.0,0.0,0.0,1000.0,0,0,0.1807,0.07800000000000007,-0.262
39178,0.0,0.0,0.0,1000.0,0,0,0.20070000000000002,0.07800000000000007,-0.262
39179,0.0,0.0,0.0,1000.0,0,0,0.2207,0.07800000000000007,-0.262
39180,0.0,0.0,0.0,1000.0,0,0,0.24070000000000003,0.07800000000000007,-0.262
39181,0.0,0.0,0.0,1000.0,0,0,0.26070000000000004,0.07800000000000007,-0.262
39182,0.0,0.0,0.0,1000.0,0,0,0.2807,0.07800000000000007,-0.262
39183,0.0,0.0,0.0,1000.0,0,0,0.3007,0.07800000000000007,-0.262
39184,0.0,0.0,0.0,1000.0,0,0,0.3207,0.07800000000000007,-0.262
39185,0.0,0.0,0.0,1000.0,0,0,0.3407,0.07800000000000007,-0.262
39186,0.0,0.0,0.0,1000.0,0,0,0.3607,0.07800000000000007,-0.262
39187,0.0,0.0,0.0,1000.0,0,0,0.38070000000000004,0.07800000000000007,-0.262
39188,0.0,0.0,0.0,1000.0,0,0,0.4007,0.07800000000000007,-0.262
39189,0.0,0.0,0.0,1000.0,0,0,0.4207,0.07800000000000007,-0.262
39190,0.0,0.0,0.0,1000.0,0,0,0.44070000000000004,0.07800000000000007,-0.262
39191,0.0,0.0,0.0,1000.0,0,0,0.4607,0.07800000000000007,-0.262
39192,0.0,0.0,0.0,1000.0,0,0,0.4807,0.07800000000000007,-0.262
39193,0.0,0.0,0.0,1000.0,0,0,0.1607,0.09799999999999998,-0.262
39194,0.0,0.0,0.0,1000.0,0,0,0.1807,0.09799999999999998,-0.262
39195,0.0,0.0,0.0,1000.0,0,0,0.20070000000000002,0.09799999999999998,-0.262
39196,0.0,0.0,0.0,1000.0,0,0,0.2207,0.09799999999999998,-0.262
39197,0.0,0.0,0.0,1000.0,0,0,0.24070000000000003,0.09799999999999998,-0.262
39198,0.0,0.0,0.0,1000.0,0,0,0.26070000000000004,0.09799999999999998,-0.262
39199,0.0,0.0,0.0,1000.0,0,0,0.2807,0.09799999999999998,-0.262
39200,0.0,0.0,0.0,1000.0,0,0,0.3007,0.09799999999999998,-0.262
39201,0.0,0.0,0.0,1000.0,0,0,0.3207,0.09799999999999998,-0.262
39202,0.0,0.0,0.0,1000.0,0,0,0.3407,0.09799999999999998,-0.262
39203,0.0,0.0,0.0,1000.0,0,0,0.3607,0.09799999999999998,-0.262
39204,0.0,0.0,0.0,1000.0,0,0,0.38070000000000004,0.09799999999999998,-0.262
39205,0.0,0.0,0.0,1000.0,0,0,0.4007,0.09799999999999998,-0.262
39206,0.0,0.0,0.0,1000.0,0,0,0.4207,0.09799999999999998,-0.262
39207,0.0,0.0,0.0,1000.0,0,0,0.44070000000000004,0.09799999999999998,-0.262
39208,0.0,0.0,0.0,1000.0,0,0,0.4607,0.09799999999999998,-0.262
39209,0.0,0.0,0.0,1000.0,0,0,0.4807,0.09799999999999998,-0.262
39210,0.0,0.0,0.0,1000.0,0,0,0.1607,0.118,-0.262
39211,0.0,0.0,0.0,1000.0,0,0,0.1807,0.118,-0.262
39212,0.0,0.0,0.0,1000.0,0,0,0.20070000000000002,0.118,-0.262
39213,0.0,0.0,0.0,1000.0,0,0,0.2207,0.118,-0.262
39214,0.0,0.0,0.0,1000.0,0,0,0.24070000000000003,0.118,-0.262
39215,0.0,0.0,0.0,1000.0,0,0,0.26070000000000004,0.118,-0.262
39216,0.0,0.0,0.0,1000.0,0,0,0.2807,0.118,-0.262
39217,0.0,0.0,0.0,1000.0,0,0,0.3007,0.118,-0.262
39218,0.0,0.0,0.0,1000.0,0,0,0.3207,0.118,-0.262
39219,0.0,0.0,0.0,1000.0,0,0,0.3407,0.118,-0.262
39220,0.0,0.0,0.0,1000.0,0,0,0.3607,0.118,-0.262
39221,0.0,0.0,0.0,1000.0,0,0,0.38070000000000004,0.118,-0.262
39222,0.0,0.0,0.0,1000.0,0,0,0.4007,0.118,-0.262
39223,0.0,0.0,0.0,1000.0,0,0,0.4207,0.118,-0.262
39224,0.0,0.0,0.0,1000.0,0,0,0.44070000000000004,0.118,-0.262
39225,0.0,0.0,0.0,1000.0,0,0,0.4607,0.118,-0.262
39226,0.0,0.0,0.0,1000.0,0,0,0.4807,0.118,-0.262
39227,0.0,0.0,0.0,1000.0,0,0,0.1607,0.138,-0.262
39228,0.0,0.0,0.0,1000.0,0,0,0.1807,0.138,-0.262
39229,0.0,0.0,0.0,1000.0,0,0,0.20070000000000002,0.138,-0.262
39230,0.0,0.0,0.0,1000.0,0,0,0.2207,0.138,-0.262
39231,0.0,0.0,0.0,1000.0,0,0,0.24070000000000003,0.138,-0.262
39232,0.0,0.0,0.0,1000.0,0,0,0.26070000000000004,0.138,-0.262
39233,0.0,0.0,0.0,1000.0,0,0,0.2807,0.138,-0.262
39234,0.0,0.0,0.0,1000.0,0,0,0.3007,0.138,-0.262
39235,0.0,0.0,0.0,1000.0,0,0,0.3207,0.138,-0.262
39236,0.0,0.0,0.0,1000.0,0,0,0.3407,0.138,-0.262
39237,0.0,0.0,0.0,1000.0,0,0,0.3607,0.138,-0.262
39238,0.0,0.0,0.0,1000.0,0,0,0.38070000000000004,0.138,-0.262
39239,0.0,0.0,0.0,1000.0,0,0,0.4007,0.138,-0.262
39240,0.0,0.0,0.0,1000.0,0,0,0.4207,0.138,-0.262
39241,0.0,0.0,0.0,1000.0,0,0,0.44070000000000004,0.138,-0.262
39242,0.0,0.0,0.0,1000.0,0,0,0.4607,0.138,-0.262
39243,0.0,0.0,0.0,1000.0,0,0,0.4807,0.138,-0.262
39244,0.0,0.0,0.0,1000.0,0,0,0.1607,0.15800000000000003,-0.262
39245,0.0,0.0,0.0,1000.0,0,0,0.1807,0.15800000000000003,-0.262
39246,0.0,0.0,0.0,1000.0,0,0,0.20070000000000002,0.15800000000000003,-0.262
39247,0.0,0.0,0.0,1000.0,0,0,0.2207,0.15800000000000003,-0.262
39248,0.0,0.0,0.0,1000.0,0,0,0.24070000000000003,0.15800000000000003,-0.262
39249,0.0,0.0,0.0,1000.0,0,0,0.26070000000000004,0.15800000000000003,-0.262
39250,0.0,0.0,0.0,1000.0,0,0,0.2807,0.15800000000000003,-0.262
39251,0.0,0.0,0.0,1000.0,0,0,0.3007,0.15800000000000003,-0.262
39252,0.0,0.0,0.0,1000.0,0,0,0.3207,0.15800000000000003,-0.262
39253,0.0,0.0,0.0,1000.0,0,0,0.3407,0.15800000000000003,-0.262
39254,0.0,0.0,0.0,1000.0,0,0,0.3607,0.15800000000000003,-0.262
39255,0.0,0.0,0.0,1000.0,0,0,0.38070000000000004,0.15800000000000003,-0.262
39256,0.0,0.0,0.0,1000.0,0,0,0.4007,0.15800000000000003,-0.262
39257,0.0,0.0,0.0,1000.0,0,0,0.4207,0.15800000000000003,-0.262
39258,0.0,0.0,0.0,1000.0,0,0,0.44070000000000004,0.15800000000000003,-0.262
39259,0.0,0.0,0.0,1000.0,0,0,0.4607,0.15800000000000003,-0.262
39260,0.0,0.0,0.0,1000.0,0,0,0.4807,0.15800000000000003,-0.262
39261,0.0,0.0,0.0,1000.0,0,0,0.1607,0.17800000000000005,-0.262
39262,0.0,0.0,0.0,1000.0,0,0,0.1807,0.17800000000000005,-0.262
39263,0.0,0.0,0.0,1000.0,0,0,0.20070000000000002,0.17800000000000005,-0.262
39264,0.0,0.0,0.0,1000.0,0,0,0.2207,0.17800000000000005,-0.262
39265,0.0,0.0,0.0,1000.0,0,0,0.24070000000000003,0.17800000000000005,-0.262
39266,0.0,0.0,0.0,1000.0,0,0,0.26070000000000004,0.17800000000000005,-0.262
39267,0.0,0.0,0.0,1000.0,0,0,0.2807,0.17800000000000005,-0.262
39268,0.0,0.0,0.0,1000.0,0,0,0.3007,0.17800000000000005,-0.262
39269,0.0,0.0,0.0,1000.0,0,0,0.3207,0.17800000000000005,-0.262
39270,0.0,0.0,0.0,1000.0,0,0,0.3407,0.17800000000000005,-0.262
39271,0.0,0.0,0.0,1000.0,0,0,0.3607,0.17800000000000005,-0.262
39272,0.0,0.0,0.0,1000.0,0,0,0.38070000000000004,0.17800000000000005,-0.262
39273,0.0,0.0,0.0,1000.0,0,0,0.4007,0.17800000000000005,-0.262
39274,0.0,0.0,0.0,1000.0,0,0,0.4207,0.17800000000000005,-0.262
39275,0.0,0.0,0.0,1000.0,0,0,0.44070000000000004,0.17800000000000005,-0.262
39276,0.0,0.0,0.0,1000.0,0,0,0.4607,0.17800000000000005,-0.262
39277,0.0,0.0,0.0,1000.0,0,0,0.4807,0.17800000000000005,-0.262
39278,0.0,0.0,0.0,1000.0,0,0,0.1607,0.19800000000000006,-0.262
39279,0.0,0.0,0.0,1000.0,0,0,0.1807,0.19800000000000006,-0.262
39280,0.0,0.0,0.0,1000.0,0,0,0.20070000000000002,0.19800000000000006,-0.262
39281,0.0,0.0,0.0,1000.0,0,0,0.2207,0.19800000000000006,-0.262
39282,0.0,0.0,0.0,1000.0,0,0,0.24070000000000003,0.19800000000000006,-0.262
39283,0.0,0.0,0.0,1000.0,0,0,0.26070000000000004,0.19800000000000006,-0.262
39284,0.0,0.0,0.0,1000.0,0,0,0.2807,0.19800000000000006,-0.262
39285,0.0,0.0,0.0,1000.0,0,0,0.3007,0.19800000000000006,-0.262
39286,0.0,0.0,0.0,1000.0,0,0,0.3207,0.19800000000000006,-0.262
39287,0.0,0.0,0.0,1000.0,0,0,0.3407,0.19800000000000006,-0.262
39288,0.0,0.0,0.0,1000.0,0,0,0.3607,0.19800000000000006,-0.262
39289,0.0,0.0,0.0,1000.0,0,0,0.38070000000000004,0.19800000000000006,-0.262
39290,0.0,0.0,0.0,1000.0,0,0,0.4007,0.19800000000000006,-0.262
39291,0.0,0.0,0.0,1000.0,0,0,0.4207,0.19800000000000006,-0.262
39292,0.0,0.0,0.0,1000.0,0,0,0.44070000000000004,0.19800000000000006,-0.262
39293,0.0,0.0,0.0,1000.0,0,0,0.4607,0.19800000000000006,-0.262
39294,0.0,0.0,0.0,1000.0,0,0,0.4807,0.19800000000000006,-0.262
39295,0.0,0.0,0.0,1000.0,0,0,0.1607,0.21800000000000008,-0.262
39296,0.0,0.0,0.0,1000.0,0,0,0.1807,0.21800000000000008,-0.262
39297,0.0,0.0,0.0,1000.0,0,0,0.20070000000000002,0.21800000000000008,-0.262
39298,0.0,0.0,0.0,1000.0,0,0,0.2207,0.21800000000000008,-0.262
39299,0.0,0.0,0.0,1000.0,0,0,0.24070000000000003,0.21800000000000008,-0.262
39300,0.0,0.0,0.0,1000.0,0,0,0.26070000000000004,0.21800000000000008,-0.262
39301,0.0,0.0,0.0,1000.0,0,0,0.2807,0.21800000000000008,-0.262
39302,0.0,0.0,0.0,1000.0,0,0,0.3007,0.21800000000000008,-0.262
39303,0.0,0.0,0.0,1000.0,0,0,0.3207,0.21800000000000008,-0.262
39304,0.0,0.0,0.0,1000.0,0,0,0.3407,0.21800000000000008,-0.262
39305,0.0,0.0,0.0,1000.0,0,0,0.3607,0.21800000000000008,-0.262
39306,0.0,0.0,0.0,1000.0,0,0,0.38070000000000004,0.21800000000000008,-0.262
39307,0.0,0.0,0.0,1000.0,0,0,0.4007,0.21800000000000008,-0.262
39308,0.0,0.0,0.0,1000.0,0,0,0.4207,0.21800000000000008,-0.262
39309,0.0,0.0,0.0,1000.0,0,0,0.44070000000000004,0.21800000000000008,-0.262
39310,0.0,0.0,0.0,1000.0,0,0,0.4607,0.21800000000000008,-0.262
39311,0.0,0.0,0.0,1000.0,0,0,0.4807,0.21800000000000008,-0.262
39312,0.0,0.0,0.0,1000.0,0,0,0.1607,0.238,-0.262
39313,0.0,0.0,0.0,1000.0,0,0,0.1807,0.238,-0.262
39314,0.0,0.0,0.0,1000.0,0,0,0.20070000000000002,0.238,-0.262
39315,0.0,0.0,0.0,1000.0,0,0,0.2207,0.238,-0.262
39316,0.0,0.0,0.0,1000.0,0,0,0.24070000000000003,0.238,-0.262
39317,0.0,0.0,0.0,1000.0,0,0,0.26070000000000004,0.238,-0.262
39318,0.0,0.0,0.0,1000.0,0,0,0.2807,0.238,-0.262
39319,0.0,0.0,0.0,1000.0,0,0,0.3007,0.238,-0.262
39320,0.0,0.0,0.0,1000.0,0,0,0.3207,0.238,-0.262
39321,0.0,0.0,0.0,1000.0,0,0,0.3407,0.238,-0.262
39322,0.0,0.0,0.0,1000.0,0,0,0.3607,0.238,-0.262
39323,0.0,0.0,0.0,1000.0,0,0,0.38070000000000004,0.238,-0.262
39324,0.0,0.0,0.0,1000.0,0,0,0.4007,0.238,-0.262
39325,0.0,0.0,0.0,1000.0,0,0,0.4207,0.238,-0.262
39326,0.0,0.0,0.0,1000.0,0,0,0.44070000000000004,0.238,-0.262
39327,0.0,0.0,0.0,1000.0,0,0,0.4607,0.238,-0.262
39328,0.0,0.0,0.0,1000.0,0,0,0.4807,0.238,-0.262
39329,0.0,0.0,0.0,1000.0,0,0,0.1607,0.258,-0.262
39330,0.0,0.0,0.0,1000.0,0,0,0.1807,0.258,-0.262
39331,0.0,0.0,0.0,1000.0,0,0,0.20070000000000002,0.258,-0.262
39332,0.0,0.0,0.0,1000.0,0,0,0.2207,0.258,-0.262
39333,0.0,0.0,0.0,1000.0,0,0,0.24070000000000003,0.258,-0.262
39334,0.0,0.0,0.0,1000.0,0,0,0.26070000000000004,0.258,-0.262
39335,0.0,0.0,0.0,1000.0,0,0,0.2807,0.258,-0.262
39336,0.0,0.0,0.0,1000.0,0,0,0.3007,0.258,-0.262
39337,0.0,0.0,0.0,1000.0,0,0,0.3207,0.258,-0.262
39338,0.0,0.0,0.0,1000.0,0,0,0.3407,0.258,-0.262
39339,0.0,0.0,0.0,1000.0,0,0,0.3607,0.258,-0.262
39340,0.0,0.0,0.0,1000.0,0,0,0.38070000000000004,0.258,-0.262
39341,0.0,0.0,0.0,1000.0,0,0,0.4007,0.258,-0.262
39342,0.0,0.0,0.0,1000.0,0,0,0.4207,0.258,-0.262
39343,0.0,0.0,0.0,1000.0,0,0,0.44070000000000004,0.258,-0.262
39344,0.0,0.0,0.0,1000.0,0,0,0.4607,0.258,-0.262
39345,0.0,0.0,0.0,1000.0,0,0,0.4807,0.258,-0.262
39346,0.0,0.0,0.0,1000.0,0,0,0.1607,0.278,-0.262
39347,0.0,0.0,0.0,1000.0,0,0,0.1807,0.278,-0.262
39348,0.0,0.0,0.0,1000.0,0,0,0.20070000000000002,0.278,-0.262
39349,0.0,0.0,0.0,1000.0,0,0,0.2207,0.278,-0.262
39350,0.0,0.0,0.0,1000.0,0,0,0.24070000000000003,0.278,-0.262
39351,0.0,0.0,0.0,1000.0,0,0,0.26070000000000004,0.278,-0.262
39352,0.0,0.0,0.0,1000.0,0,0,0.2807,0.278,-0.262
39353,0.0,0.0,0.0,1000.0,0,0,0.3007,0.278,-0.262
39354,0.0,0.0,0.0,1000.0,0,0,0.3207,0.278,-0.262
39355,0.0,0.0,0.0,1000.0,0,0,0.3407,0.278,-0.262
39356,0.0,0.0,0.0,1000.0,0,0,0.3607,0.278,-0.262
39357,0.0,0.0,0.0,1000.0,0,0,0.38070000000000004,0.278,-0.262
39358,0.0,0.0,0.0,1000.0,0,0,0.4007,0.278,-0.262
39359,0.0,0.0,0.0,1000.0,0,0,0.4207,0.278,-0.262
39360,0.0,0.0,0.0,1000.0,0,0,0.44070000000000004,0.278,-0.262
39361,0.0,0.0,0.0,1000.0,0,0,0.4607,0.278,-0.262
39362,0.0,0.0,0.0,1000.0,0,0,0.4807,0.278,-0.262
39363,0.0,0.0,0.0,1000.0,0,0,0.1607,0.29800000000000004,-0.262
39364,0.0,0.0,0.0,1000.0,0,0,0.1807,0.29800000000000004,-0.262
39365,0.0,0.0,0.0,1000.0,0,0,0.20070000000000002,0.29800000000000004,-0.262
39366,0.0,0.0,0.0,1000.0,0,0,0.2207,0.29800000000000004,-0.262
39367,0.0,0.0,0.0,1000.0,0,0,0.24070000000000003,0.29800000000000004,-0.262
39368,0.0,0.0,0.0,1000.0,0,0,0.26070000000000004,0.29800000000000004,-0.262
39369,0.0,0.0,0.0,1000.0,0,0,0.2807,0.29800000000000004,-0.262
39370,0.0,0.0,0.0,1000.0,0,0,0.3007,0.29800000000000004,-0.262
39371,0.0,0.0,0.0,1000.0,0,0,0.3207,0.29800000000000004,-0.262
39372,0.0,0.0,0.0,1000.0,0,0,0.3407,0.29800000000000004,-0.262
39373,0.0,0.0,0.0,1000.0,0,0,0.3607,0.29800000000000004,-0.262
39374,0.0,0.0,0.0,1000.0,0,0,0.38070000000000004,0.29800000000000004,-0.262
39375,0.0,0.0,0.0,1000.0,0,0,0.4007,0.29800000000000004,-0.262
39376,0.0,0.0,0.0,1000.0,0,0,0.4207,0.29800000000000004,-0.262
39377,0.0,0.0,0.0,1000.0,0,0,0.44070000000000004,0.29800000000000004,-0.262
39378,0.0,0.0,0.0,1000.0,0,0,0.4607,0.29800000000000004,-0.262
39379,0.0,0.0,0.0,1000.0,0,0,0.4807,0.29800000000000004,-0.262
39380,0.0,0.0,0.0,1000.0,0,0,0.1607,0.31800000000000006,-0.262
39381,0.0,0.0,0.0,1000.0,0,0,0.1807,0.31800000000000006,-0.262
39382,0.0,0.0,0.0,1000.0,0,0,0.20070000000000002,0.31800000000000006,-0.262
39383,0.0,0.0,0.0,1000.0,0,0,0.2207,0.31800000000000006,-0.262
39384,0.0,0.0,0.0,1000.0,0,0,0.24070000000000003,0.31800000000000006,-0.262
39385,0.0,0.0,0.0,1000.0,0,0,0.26070000000000004,0.31800000000000006,-0.262
39386,0.0,0.0,0.0,1000.0,0,0,0.2807,0.31800000000000006,-0.262
39387,0.0,0.0,0.0,1000.0,0,0,0.3007,0.31800000000000006,-0.262
39388,0.0,0.0,0.0,1000.0,0,0,0.3207,0.31800000000000006,-0.262
39389,0.0,0.0,0.0,1000.0,0,0,0.3407,0.31800000000000006,-0.262
39390,0.0,0.0,0.0,1000.0,0,0,0.3607,0.31800000000000006,-0.262
39391,0.0,0.0,0.0,1000.0,0,0,0.38070000000000004,0.31800000000000006,-0.262
39392,0.0,0.0,0.0,1000.0,0,0,0.4007,0.31800000000000006,-0.262
39393,0.0,0.0,0.0,1000.0,0,0,0.4207,0.31800000000000006,-0.262
39394,0.0,0.0,0.0,1000.0,0,0,0.44070000000000004,0.31800000000000006,-0.262
39395,0.0,0.0,0.0,1000.0,0,0,0.4607,0.31800000000000006,-0.262
39396,0.0,0.0,0.0,1000.0,0,0,0.4807,0.31800000000000006,-0.262
39397,0.0,0.0,0.0,1000.0,0,0,0.1607,0.3380000000000001,-0.262
39398,0.0,0.0,0.0,1000.0,0,0,0.1807,0.3380000000000001,-0.262
39399,0.0,0.0,0.0,1000.0,0,0,0.20070000000000002,0.3380000000000001,-0.262
39400,0.0,0.0,0.0,1000.0,0,0,0.2207,0.3380000000000001,-0.262
39401,0.0,0.0,0.0,1000.0,0,0,0.24070000000000003,0.3380000000000001,-0.262
39402,0.0,0.0,0.0,1000.0,0,0,0.26070000000000004,0.3380000000000001,-0.262
39403,0.0,0.0,0.0,1000.0,0,0,0.2807,0.3380000000000001,-0.262
39404,0.0,0.0,0.0,1000.0,0,0,0.3007,0.3380000000000001,-0.262
39405,0.0,0.0,0.0,1000.0,0,0,0.3207,0.3380000000000001,-0.262
39406,0.0,0.0,0.0,1000.0,0,0,0.3407,0.3380000000000001,-0.262
39407,0.0,0.0,0.0,1000.0,0,0,0.3607,0.3380000000000001,-0.262
39408,0.0,0.0,0.0,1000.0,0,0,0.38070000000000004,0.3380000000000001,-0.262
39409,0.0,0.0,0.0,1000.0,0,0,0.4007,0.3380000000000001,-0.262
39410,0.0,0.0,0.0,1000.0,0,0,0.4207,0.3380000000000001,-0.262
39411,0.0,0.0,0.0,1000.0,0,0,0.44070000000000004,0.3380000000000001,-0.262
39412,0.0,0.0,0.0,1000.0,0,0,0.4607,0.3380000000000001,-0.262
39413,0.0,0.0,0.0,1000.0,0,0,0.4807,0.3380000000000001,-0.262
39414,0.0,0.0,0.0,1000.0,0,0,0.1607,0.358,-0.262
39415,0.0,0.0,0.0,1000.0,0,0,0.1807,0.358,-0.262
39416,0.0,0.0,0.0,1000.0,0,0,0.20070000000000002,0.358,-0.262
39417,0.0,0.0,0.0,1000.0,0,0,0.2207,0.358,-0.262
39418,0.0,0.0,0.0,1000.0,0,0,0.24070000000000003,0.358,-0.262
39419,0.0,0.0,0.0,1000.0,0,0,0.26070000000000004,0.358,-0.262
39420,0.0,0.0,0.0,1000.0,0,0,0.2807,0.358,-0.262
39421,0.0,0.0,0.0,1000.0,0,0,0.3007,0.358,-0.262
39422,0.0,0.0,0.0,1000.0,0,0,0.3207,0.358,-0.262
39423,0.0,0.0,0.0,1000.0,0,0,0.3407,0.358,-0.262
39424,0.0,0.0,0.0,1000.0,0,0,0.3607,0.358,-0.262
39425,0.0,0.0,0.0,1000.0,0,0,0.38070000000000004,0.358,-0.262
39426,0.0,0.0,0.0,1000.0,0,0,0.4007,0.358,-0.262
39427,0.0,0.0,0.0,1000.0,0,0,0.4207,0.358,-0.262
39428,0.0,0.0,0.0,1000.0,0,0,0.44070000000000004,0.358,-0.262
39429,0.0,0.0,0.0,1000.0,0,0,0.4607,0.358,-0.262
39430,0.0,0.0,0.0,1000.0,0,0,0.4807,0.358,-0.262
39431,0.0,0.0,0.0,1000.0,0,0,0.1607,0.378,-0.262
39432,0.0,0.0,0.0,1000.0,0,0,0.1807,0.378,-0.262
39433,0.0,0.0,0.0,1000.0,0,0,0.20070000000000002,0.378,-0.262
39434,0.0,0.0,0.0,1000.0,0,0,0.2207,0.378,-0.262
39435,0.0,0.0,0.0,1000.0,0,0,0.24070000000000003,0.378,-0.262
39436,0.0,0.0,0.0,1000.0,0,0,0.26070000000000004,0.378,-0.262
39437,0.0,0.0,0.0,1000.0,0,0,0.2807,0.378,-0.262
39438,0.0,0.0,0.0,1000.0,0,0,0.3007,0.378,-0.262
39439,0.0,0.0,0.0,1000.0,0,0,0.3207,0.378,-0.262
39440,0.0,0.0,0.0,1000.0,0,0,0.3407,0.378,-0.262
39441,0.0,0.0,0.0,1000.0,0,0,0.3607,0.378,-0.262
39442,0.0,0.0,0.0,1000.0,0,0,0.38070000000000004,0.378,-0.262
39443,0.0,0.0,0.0,1000.0,0,0,0.4007,0.378,-0.262
39444,0.0,0.0,0.0,1000.0,0,0,0.4207,0.378,-0.262
39445,0.0,0.0,0.0,1000.0,0,0,0.44070000000000004,0.378,-0.262
39446,0.0,0.0,0.0,1000.0,0,0,0.4607,0.378,-0.262
39447,0.0,0.0,0.0,1000.0,0,0,0.4807,0.378,-0.262
39448,0.0,0.0,0.0,1000.0,0,0,0.1607,0.398,-0.262
39449,0.0,0.0,0.0,1000.0,0,0,0.1807,0.398,-0.262
39450,0.0,0.0,0.0,1000.0,0,0,0.20070000000000002,0.398,-0.262
39451,0.0,0.0,0.0,1000.0,0,0,0.2207,0.398,-0.262
39452,0.0,0.0,0.0,1000.0,0,0,0.24070000000000003,0.398,-0.262
39453,0.0,0.0,0.0,1000.0,0,0,0.26070000000000004,0.398,-0.262
39454,0.0,0.0,0.0,1000.0,0,0,0.2807,0.398,-0.262
39455,0.0,0.0,0.0,1000.0,0,0,0.3007,0.398,-0.262
39456,0.0,0.0,0.0,1000.0,0,0,0.3207,0.398,-0.262
39457,0.0,0.0,0.0,1000.0,0,0,0.3407,0.398,-0.262
39458,0.0,0.0,0.0,1000.0,0,0,0.3607,0.398,-0.262
39459,0.0,0.0,0.0,1000.0,0,0,0.38070000000000004,0.398,-0.262
39460,0.0,0.0,0.0,1000.0,0,0,0.4007,0.398,-0.262
39461,0.0,0.0,0.0,1000.0,0,0,0.4207,0.398,-0.262
39462,0.0,0.0,0.0,1000.0,0,0,0.44070000000000004,0.398,-0.262
39463,0.0,0.0,0.0,1000.0,0,0,0.4607,0.398,-0.262
39464,0.0,0.0,0.0,1000.0,0,0,0.4807,0.398,-0.262
39465,0.0,0.0,0.0,1000.0,0,0,0.1607,0.41800000000000004,-0.262
39466,0.0,0.0,0.0,1000.0,0,0,0.1807,0.41800000000000004,-0.262
39467,0.0,0.0,0.0,1000.0,0,0,0.20070000000000002,0.41800000000000004,-0.262
39468,0.0,0.0,0.0,1000.0,0,0,0.2207,0.41800000000000004,-0.262
39469,0.0,0.0,0.0,1000.0,0,0,0.24070000000000003,0.41800000000000004,-0.262
39470,0.0,0.0,0.0,1000.0,0,0,0.26070000000000004,0.41800000000000004,-0.262
39471,0.0,0.0,0.0,1000.0,0,0,0.2807,0.41800000000000004,-0.262
39472,0.0,0.0,0.0,1000.0,0,0,0.3007,0.41800000000000004,-0.262
39473,0.0,0.0,0.0,1000.0,0,0,0.3207,0.41800000000000004,-0.262
39474,0.0,0.0,0.0,1000.0,0,0,0.3407,0.41800000000000004,-0.262
39475,0.0,0.0,0.0,1000.0,0,0,0.3607,0.41800000000000004,-0.262
39476,0.0,0.0,0.0,1000.0,0,0,0.38070000000000004,0.41800000000000004,-0.262
39477,0.0,0.0,0.0,1000.0,0,0,0.4007,0.41800000000000004,-0.262
39478,0.0,0.0,0.0,1000.0,0,0,0.4207,0.41800000000000004,-0.262
39479,0.0,0.0,0.0,1000.0,0,0,0.44070000000000004,0.41800000000000004,-0.262
39480,0.0,0.0,0.0,1000.0,0,0,0.4607,0.41800000000000004,-0.262
39481,0.0,0.0,0.0,1000.0,0,0,0.4807,0.41800000000000004,-0.262
39482,0.0,0.0,0.0,1000.0,0,0,0.1607,0.43800000000000006,-0.262
39483,0.0,0.0,0.0,1000.0,0,0,0.1807,0.43800000000000006,-0.262
39484,0.0,0.0,0.0,1000.0,0,0,0.20070000000000002,0.43800000000000006,-0.262
39485,0.0,0.0,0.0,1000.0,0,0,0.2207,0.43800000000000006,-0.262
39486,0.0,0.0,0.0,1000.0,0,0,0.24070000000000003,0.43800000000000006,-0.262
39487,0.0,0.0,0.0,1000.0,0,0,0.26070000000000004,0.43800000000000006,-0.262
39488,0.0,0.0,0.0,1000.0,0,0,0.2807,0.43800000000000006,-0.262
39489,0.0,0.0,0.0,1000.0,0,0,0.3007,0.43800000000000006,-0.262
39490,0.0,0.0,0.0,1000.0,0,0,0.3207,0.43800000000000006,-0.262
39491,0.0,0.0,0.0,1000.0,0,0,0.3407,0.43800000000000006,-0.262
39492,0.0,0.0,0.0,1000.0,0,0,0.3607,0.43800000000000006,-0.262
39493,0.0,0.0,0.0,1000.0,0,0,0.38070000000000004,0.43800000000000006,-0.262
39494,0.0,0.0,0.0,1000.0,0,0,0.4007,0.43800000000000006,-0.262
39495,0.0,0.0,0.0,1000.0,0,0,0.4207,0.43800000000000006,-0.262
39496,0.0,0.0,0.0,1000.0,0,0,0.44070000000000004,0.43800000000000006,-0.262
39497,0.0,0.0,0.0,1000.0,0,0,0.4607,0.43800000000000006,-0.262
39498,0.0,0.0,0.0,1000.0,0,0,0.4807,0.43800000000000006,-0.262
39499,0.0,0.0,0.0,1000.0,0,0,0.1607,0.4580000000000001,-0.262
39500,0.0,0.0,0.0,1000.0,0,0,0.1807,0.4580000000000001,-0.262
39501,0.0,0.0,0.0,1000.0,0,0,0.20070000000000002,0.4580000000000001,-0.262
39502,0.0,0.0,0.0,1000.0,0,0,0.2207,0.4580000000000001,-0.262
39503,0.0,0.0,0.0,1000.0,0,0,0.24070000000000003,0.4580000000000001,-0.262
39504,0.0,0.0,0.0,1000.0,0,0,0.26070000000000004,0.4580000000000001,-0.262
39505,0.0,0.0,0.0,1000.0,0,0,0.2807,0.4580000000000001,-0.262
39506,0.0,0.0,0.0,1000.0,0,0,0.3007,0.4580000000000001,-0.262
39507,0.0,0.0,0.0,1000.0,0,0,0.3207,0.4580000000000001,-0.262
39508,0.0,0.0,0.0,1000.0,0,0,0.3407,0.4580000000000001,-0.262
39509,0.0,0.0,0.0,1000.0,0,0,0.3607,0.4580000000000001,-0.262
39510,0.0,0.0,0.0,1000.0,0,0,0.38070000000000004,0.4580000000000001,-0.262
39511,0.0,0.0,0.0,1000.0,0,0,0.4007,0.4580000000000001,-0.262
39512,0.0,0.0,0.0,1000.0,0,0,0.4207,0.4580000000000001,-0.262
39513,0.0,0.0,0.0,1000.0,0,0,0.44070000000000004,0.4580000000000001,-0.262
39514,0.0,0.0,0.0,1000.0,0,0,0.4607,0.4580000000000001,-0.262
39515,0.0,0.0,0.0,1000.0,0,0,0.4807,0.4580000000000001,-0.262
39516,0.0,0.0,0.0,1000.0,0,0,0.1607,0.478,-0.262
39517,0.0,0.0,0.0,1000.0,0,0,0.1807,0.478,-0.262
39518,0.0,0.0,0.0,1000.0,0,0,0.20070000000000002,0.478,-0.262
39519,0.0,0.0,0.0,1000.0,0,0,0.2207,0.478,-0.262
39520,0.0,0.0,0.0,1000.0,0,0,0.24070000000000003,0.478,-0.262
39521,0.0,0.0,0.0,1000.0,0,0,0.26070000000000004,0.478,-0.262
39522,0.0,0.0,0.0,1000.0,0,0,0.2807,0.478,-0.262
39523,0.0,0.0,0.0,1000.0,0,0,0.3007,0.478,-0.262
39524,0.0,0.0,0.0,1000.0,0,0,0.3207,0.478,-0.262
39525,0.0,0.0,0.0,1000.0,0,0,0.3407,0.478,-0.262
39526,0.0,0.0,0.0,1000.0,0,0,0.3607,0.478,-0.262
39527,0.0,0.0,0.0,1000.0,0,0,0.38070000000000004,0.478,-0.262
39528,0.0,0.0,0.0,1000.0,0,0,0.4007,0.478,-0.262
39529,0.0,0.0,0.0,1000.0,0,0,0.4207,0.478,-0.262
39530,0.0,0.0,0.0,1000.0,0,0,0.44070000000000004,0.478,-0.262
39531,0.0,0.0,0.0,1000.0,0,0,0.4607,0.478,-0.262
39532,0.0,0.0,0.0,1000.0,0,0,0.4807,0.478,-0.262
39533,0.0,0.0,0.0,1000.0,0,0,0.1607,-0.482,-0.242
39534,0.0,0.0,0.0,1000.0,0,0,0.1807,-0.482,-0.242
39535,0.0,0.0,0.0,1000.0,0,0,0.20070000000000002,-0.482,-0.242
39536,0.0,0.0,0.0,1000.0,0,0,0.2207,-0.482,-0.242
39537,0.0,0.0,0.0,1000.0,0,0,0.24070000000000003,-0.482,-0.242
39538,0.0,0.0,0.0,1000.0,0,0,0.26070000000000004,-0.482,-0.242
39539,0.0,0.0,0.0,1000.0,0,0,0.2807,-0.482,-0.242
39540,0.0,0.0,0.0,1000.0,0,0,0.3007,-0.482,-0.242
39541,0.0,0.0,0.0,1000.0,0,0,0.3207,-0.482,-0.242
39542,0.0,0.0,0.0,1000.0,0,0,0.3407,-0.482,-0.242
39543,0.0,0.0,0.0,1000.0,0,0,0.3607,-0.482,-0.242
39544,0.0,0.0,0.0,1000.0,0,0,0.38070000000000004,-0.482,-0.242
39545,0.0,0.0,0.0,1000.0,0,0,0.4007,-0.482,-0.242
39546,0.0,0.0,0.0,1000.0,0,0,0.4207,-0.482,-0.242
39547,0.0,0.0,0.0,1000.0,0,0,0.44070000000000004,-0.482,-0.242
39548,0.0,0.0,0.0,1000.0,0,0,0.4607,-0.482,-0.242
39549,0.0,0.0,0.0,1000.0,0,0,0.4807,-0.482,-0.242
39550,0.0,0.0,0.0,1000.0,0,0,0.1607,-0.46199999999999997,-0.242
39551,0.0,0.0,0.0,1000.0,0,0,0.1807,-0.46199999999999997,-0.242
39552,0.0,0.0,0.0,1000.0,0,0,0.20070000000000002,-0.46199999999999997,-0.242
39553,0.0,0.0,0.0,1000.0,0,0,0.2207,-0.46199999999999997,-0.242
39554,0.0,0.0,0.0,1000.0,0,0,0.24070000000000003,-0.46199999999999997,-0.242
39555,0.0,0.0,0.0,1000.0,0,0,0.26070000000000004,-0.46199999999999997,-0.242
39556,0.0,0.0,0.0,1000.0,0,0,0.2807,-0.46199999999999997,-0.242
39557,0.0,0.0,0.0,1000.0,0,0,0.3007,-0.46199999999999997,-0.242
39558,0.0,0.0,0.0,1000.0,0,0,0.3207,-0.46199999999999997,-0.242
39559,0.0,0.0,0.0,1000.0,0,0,0.3407,-0.46199999999999997,-0.242
39560,0.0,0.0,0.0,1000.0,0,0,0.3607,-0.46199999999999997,-0.242
39561,0.0,0.0,0.0,1000.0,0,0,0.38070000000000004,-0.46199999999999997,-0.242
39562,0.0,0.0,0.0,1000.0,0,0,0.4007,-0.46199999999999997,-0.242
39563,0.0,0.0,0.0,1000.0,0,0,0.4207,-0.46199999999999997,-0.242
39564,0.0,0.0,0.0,1000.0,0,0,0.44070000000000004,-0.46199999999999997,-0.242
39565,0.0,0.0,0.0,1000.0,0,0,0.4607,-0.46199999999999997,-0.242
39566,0.0,0.0,0.0,1000.0,0,0,0.4807,-0.46199999999999997,-0.242
39567,0.0,0.0,0.0,1000.0,0,0,0.1607,-0.442,-0.242
39568,0.0,0.0,0.0,1000.0,0,0,0.1807,-0.442,-0.242
39569,0.0,0.0,0.0,1000.0,0,0,0.20070000000000002,-0.442,-0.242
39570,0.0,0.0,0.0,1000.0,0,0,0.2207,-0.442,-0.242
39571,0.0,0.0,0.0,1000.0,0,0,0.24070000000000003,-0.442,-0.242
39572,0.0,0.0,0.0,1000.0,0,0,0.26070000000000004,-0.442,-0.242
39573,0.0,0.0,0.0,1000.0,0,0,0.2807,-0.442,-0.242
39574,0.0,0.0,0.0,1000.0,0,0,0.3007,-0.442,-0.242
39575,0.0,0.0,0.0,1000.0,0,0,0.3207,-0.442,-0.242
39576,0.0,0.0,0.0,1000.0,0,0,0.3407,-0.442,-0.242
39577,0.0,0.0,0.0,1000.0,0,0,0.3607,-0.442,-0.242
39578,0.0,0.0,0.0,1000.0,0,0,0.38070000000000004,-0.442,-0.242
39579,0.0,0.0,0.0,1000.0,0,0,0.4007,-0.442,-0.242
39580,0.0,0.0,0.0,1000.0,0,0,0.4207,-0.442,-0.242
39581,0.0,0.0,0.0,1000.0,0,0,0.44070000000000004,-0.442,-0.242
39582,0.0,0.0,0.0,1000.0,0,0,0.4607,-0.442,-0.242
39583,0.0,0.0,0.0,1000.0,0,0,0.4807,-0.442,-0.242
39584,0.0,0.0,0.0,1000.0,0,0,0.1607,-0.422,-0.242
39585,0.0,0.0,0.0,1000.0,0,0,0.1807,-0.422,-0.242
39586,0.0,0.0,0.0,1000.0,0,0,0.20070000000000002,-0.422,-0.242
39587,0.0,0.0,0.0,1000.0,0,0,0.2207,-0.422,-0.242
39588,0.0,0.0,0.0,1000.0,0,0,0.24070000000000003,-0.422,-0.242
39589,0.0,0.0,0.0,1000.0,0,0,0.26070000000000004,-0.422,-0.242
39590,0.0,0.0,0.0,1000.0,0,0,0.2807,-0.422,-0.242
39591,0.0,0.0,0.0,1000.0,0,0,0.3007,-0.422,-0.242
39592,0.0,0.0,0.0,1000.0,0,0,0.3207,-0.422,-0.242
39593,0.0,0.0,0.0,1000.0,0,0,0.3407,-0.422,-0.242
39594,0.0,0.0,0.0,1000.0,0,0,0.3607,-0.422,-0.242
39595,0.0,0.0,0.0,1000.0,0,0,0.38070000000000004,-0.422,-0.242
39596,0.0,0.0,0.0,1000.0,0,0,0.4007,-0.422,-0.242
39597,0.0,0.0,0.0,1000.0,0,0,0.4207,-0.422,-0.242
39598,0.0,0.0,0.0,1000.0,0,0,0.44070000000000004,-0.422,-0.242
39599,0.0,0.0,0.0,1000.0,0,0,0.4607,-0.422,-0.242
39600,0.0,0.0,0.0,1000.0,0,0,0.4807,-0.422,-0.242
39601,0.0,0.0,0.0,1000.0,0,0,0.1607,-0.40199999999999997,-0.242
39602,0.0,0.0,0.0,1000.0,0,0,0.1807,-0.40199999999999997,-0.242
39603,0.0,0.0,0.0,1000.0,0,0,0.20070000000000002,-0.40199999999999997,-0.242
39604,0.0,0.0,0.0,1000.0,0,0,0.2207,-0.40199999999999997,-0.242
39605,0.0,0.0,0.0,1000.0,0,0,0.24070000000000003,-0.40199999999999997,-0.242
39606,0.0,0.0,0.0,1000.0,0,0,0.26070000000000004,-0.40199999999999997,-0.242
39607,0.0,0.0,0.0,1000.0,0,0,0.2807,-0.40199999999999997,-0.242
39608,0.0,0.0,0.0,1000.0,0,0,0.3007,-0.40199999999999997,-0.242
39609,0.0,0.0,0.0,1000.0,0,0,0.3207,-0.40199999999999997,-0.242
39610,0.0,0.0,0.0,1000.0,0,0,0.3407,-0.40199999999999997,-0.242
39611,0.0,0.0,0.0,1000.0,0,0,0.3607,-0.40199999999999997,-0.242
39612,0.0,0.0,0.0,1000.0,0,0,0.38070000000000004,-0.40199999999999997,-0.242
39613,0.0,0.0,0.0,1000.0,0,0,0.4007,-0.40199999999999997,-0.242
39614,0.0,0.0,0.0,1000.0,0,0,0.4207,-0.40199999999999997,-0.242
39615,0.0,0.0,0.0,1000.0,0,0,0.44070000000000004,-0.40199999999999997,-0.242
39616,0.0,0.0,0.0,1000.0,0,0,0.4607,-0.40199999999999997,-0.242
39617,0.0,0.0,0.0,1000.0,0,0,0.4807,-0.40199999999999997,-0.242
39618,0.0,0.0,0.0,1000.0,0,0,0.1607,-0.382,-0.242
39619,0.0,0.0,0.0,1000.0,0,0,0.1807,-0.382,-0.242
39620,0.0,0.0,0.0,1000.0,0,0,0.20070000000000002,-0.382,-0.242
39621,0.0,0.0,0.0,1000.0,0,0,0.2207,-0.382,-0.242
39622,0.0,0.0,0.0,1000.0,0,0,0.24070000000000003,-0.382,-0.242
39623,0.0,0.0,0.0,1000.0,0,0,0.26070000000000004,-0.382,-0.242
39624,0.0,0.0,0.0,1000.0,0,0,0.2807,-0.382,-0.242
39625,0.0,0.0,0.0,1000.0,0,0,0.3007,-0.382,-0.242
39626,0.0,0.0,0.0,1000.0,0,0,0.3207,-0.382,-0.242
39627,0.0,0.0,0.0,1000.0,0,0,0.3407,-0.382,-0.242
39628,0.0,0.0,0.0,1000.0,0,0,0.3607,-0.382,-0.242
39629,0.0,0.0,0.0,1000.0,0,0,0.38070000000000004,-0.382,-0.242
39630,0.0,0.0,0.0,1000.0,0,0,0.4007,-0.382,-0.242
39631,0.0,0.0,0.0,1000.0,0,0,0.4207,-0.382,-0.242
39632,0.0,0.0,0.0,1000.0,0,0,0.44070000000000004,-0.382,-0.242
39633,0.0,0.0,0.0,1000.0,0,0,0.4607,-0.382,-0.242
39634,0.0,0.0,0.0,1000.0,0,0,0.4807,-0.382,-0.242
39635,0.0,0.0,0.0,1000.0,0,0,0.1607,-0.362,-0.242
39636,0.0,0.0,0.0,1000.0,0,0,0.1807,-0.362,-0.242
39637,0.0,0.0,0.0,1000.0,0,0,0.20070000000000002,-0.362,-0.242
39638,0.0,0.0,0.0,1000.0,0,0,0.2207,-0.362,-0.242
39639,0.0,0.0,0.0,1000.0,0,0,0.24070000000000003,-0.362,-0.242
39640,0.0,0.0,0.0,1000.0,0,0,0.26070000000000004,-0.362,-0.242
39641,0.0,0.0,0.0,1000.0,0,0,0.2807,-0.362,-0.242
39642,0.0,0.0,0.0,1000.0,0,0,0.3007,-0.362,-0.242
39643,0.0,0.0,0.0,1000.0,0,0,0.3207,-0.362,-0.242
39644,0.0,0.0,0.0,1000.0,0,0,0.3407,-0.362,-0.242
39645,0.0,0.0,0.0,1000.0,0,0,0.3607,-0.362,-0.242
39646,0.0,0.0,0.0,1000.0,0,0,0.38070000000000004,-0.362,-0.242
39647,0.0,0.0,0.0,1000.0,0,0,0.4007,-0.362,-0.242
39648,0.0,0.0,0.0,1000.0,0,0,0.4207,-0.362,-0.242
39649,0.0,0.0,0.0,1000.0,0,0,0.44070000000000004,-0.362,-0.242
39650,0.0,0.0,0.0,1000.0,0,0,0.4607,-0.362,-0.242
39651,0.0,0.0,0.0,1000.0,0,0,0.4807,-0.362,-0.242
39652,0.0,0.0,0.0,1000.0,0,0,0.1607,-0.34199999999999997,-0.242
39653,0.0,0.0,0.0,1000.0,0,0,0.1807,-0.34199999999999997,-0.242
39654,0.0,0.0,0.0,1000.0,0,0,0.20070000000000002,-0.34199999999999997,-0.242
39655,0.0,0.0,0.0,1000.0,0,0,0.2207,-0.34199999999999997,-0.242
39656,0.0,0.0,0.0,1000.0,0,0,0.24070000000000003,-0.34199999999999997,-0.242
39657,0.0,0.0,0.0,1000.0,0,0,0.26070000000000004,-0.34199999999999997,-0.242
39658,0.0,0.0,0.0,1000.0,0,0,0.2807,-0.34199999999999997,-0.242
39659,0.0,0.0,0.0,1000.0,0,0,0.3007,-0.34199999999999997,-0.242
39660,0.0,0.0,0.0,1000.0,0,0,0.3207,-0.34199999999999997,-0.242
39661,0.0,0.0,0.0,1000.0,0,0,0.3407,-0.34199999999999997,-0.242
39662,0.0,0.0,0.0,1000.0,0,0,0.3607,-0.34199999999999997,-0.242
39663,0.0,0.0,0.0,1000.0,0,0,0.38070000000000004,-0.34199999999999997,-0.242
39664,0.0,0.0,0.0,1000.0,0,0,0.4007,-0.34199999999999997,-0.242
39665,0.0,0.0,0.0,1000.0,0,0,0.4207,-0.34199999999999997,-0.242
39666,0.0,0.0,0.0,1000.0,0,0,0.44070000000000004,-0.34199999999999997,-0.242
39667,0.0,0.0,0.0,1000.0,0,0,0.4607,-0.34199999999999997,-0.242
39668,0.0,0.0,0.0,1000.0,0,0,0.4807,-0.34199999999999997,-0.242
39669,0.0,0.0,0.0,1000.0,0,0,0.1607,-0.32199999999999995,-0.242
39670,0.0,0.0,0.0,1000.0,0,0,0.1807,-0.32199999999999995,-0.242
39671,0.0,0.0,0.0,1000.0,0,0,0.20070000000000002,-0.32199999999999995,-0.242
39672,0.0,0.0,0.0,1000.0,0,0,0.2207,-0.32199999999999995,-0.242
39673,0.0,0.0,0.0,1000.0,0,0,0.24070000000000003,-0.32199999999999995,-0.242
39674,0.0,0.0,0.0,1000.0,0,0,0.26070000000000004,-0.32199999999999995,-0.242
39675,0.0,0.0,0.0,1000.0,0,0,0.2807,-0.32199999999999995,-0.242
39676,0.0,0.0,0.0,1000.0,0,0,0.3007,-0.32199999999999995,-0.242
39677,0.0,0.0,0.0,1000.0,0,0,0.3207,-0.32199999999999995,-0.242
39678,0.0,0.0,0.0,1000.0,0,0,0.3407,-0.32199999999999995,-0.242
39679,0.0,0.0,0.0,1000.0,0,0,0.3607,-0.32199999999999995,-0.242
39680,0.0,0.0,0.0,1000.0,0,0,0.38070000000000004,-0.32199999999999995,-0.242
39681,0.0,0.0,0.0,1000.0,0,0,0.4007,-0.32199999999999995,-0.242
39682,0.0,0.0,0.0,1000.0,0,0,0.4207,-0.32199999999999995,-0.242
39683,0.0,0.0,0.0,1000.0,0,0,0.44070000000000004,-0.32199999999999995,-0.242
39684,0.0,0.0,0.0,1000.0,0,0,0.4607,-0.32199999999999995,-0.242
39685,0.0,0.0,0.0,1000.0,0,0,0.4807,-0.32199999999999995,-0.242
39686,0.0,0.0,0.0,1000.0,0,0,0.1607,-0.302,-0.242
39687,0.0,0.0,0.0,1000.0,0,0,0.1807,-0.302,-0.242
39688,0.0,0.0,0.0,1000.0,0,0,0.20070000000000002,-0.302,-0.242
39689,0.0,0.0,0.0,1000.0,0,0,0.2207,-0.302,-0.242
39690,0.0,0.0,0.0,1000.0,0,0,0.24070000000000003,-0.302,-0.242
39691,0.0,0.0,0.0,1000.0,0,0,0.26070000000000004,-0.302,-0.242
39692,0.0,0.0,0.0,1000.0,0,0,0.2807,-0.302,-0.242
39693,0.0,0.0,0.0,1000.0,0,0,0.3007,-0.302,-0.242
39694,0.0,0.0,0.0,1000.0,0,0,0.3207,-0.302,-0.242
39695,0.0,0.0,0.0,1000.0,0,0,0.3407,-0.302,-0.242
39696,0.0,0.0,0.0,1000.0,0,0,0.3607,-0.302,-0.242
39697,0.0,0.0,0.0,1000.0,0,0,0.38070000000000004,-0.302,-0.242
39698,0.0,0.0,0.0,1000.0,0,0,0.4007,-0.302,-0.242
39699,0.0,0.0,0.0,1000.0,0,0,0.4207,-0.302,-0.242
39700,0.0,0.0,0.0,1000.0,0,0,0.44070000000000004,-0.302,-0.242
39701,0.0,0.0,0.0,1000.0,0,0,0.4607,-0.302,-0.242
39702,0.0,0.0,0.0,1000.0,0,0,0.4807,-0.302,-0.242
39703,0.0,0.0,0.0,1000.0,0,0,0.1607,-0.282,-0.242
39704,0.0,0.0,0.0,1000.0,0,0,0.1807,-0.282,-0.242
39705,0.0,0.0,0.0,1000.0,0,0,0.20070000000000002,-0.282,-0.242
39706,0.0,0.0,0.0,1000.0,0,0,0.2207,-0.282,-0.242
39707,0.0,0.0,0.0,1000.0,0,0,0.24070000000000003,-0.282,-0.242
39708,0.0,0.0,0.0,1000.0,0,0,0.26070000000000004,-0.282,-0.242
39709,0.0,0.0,0.0,1000.0,0,0,0.2807,-0.282,-0.242
39710,0.0,0.0,0.0,1000.0,0,0,0.3007,-0.282,-0.242
39711,0.0,0.0,0.0,1000.0,0,0,0.3207,-0.282,-0.242
39712,0.0,0.0,0.0,1000.0,0,0,0.3407,-0.282,-0.242
39713,0.0,0.0,0.0,1000.0,0,0,0.3607,-0.282,-0.242
39714,0.0,0.0,0.0,1000.0,0,0,0.38070000000000004,-0.282,-0.242
39715,0.0,0.0,0.0,1000.0,0,0,0.4007,-0.282,-0.242
39716,0.0,0.0,0.0,1000.0,0,0,0.4207,-0.282,-0.242
39717,0.0,0.0,0.0,1000.0,0,0,0.44070000000000004,-0.282,-0.242
39718,0.0,0.0,0.0,1000.0,0,0,0.4607,-0.282,-0.242
39719,0.0,0.0,0.0,1000.0,0,0,0.4807,-0.282,-0.242
39720,0.0,0.0,0.0,1000.0,0,0,0.1607,-0.262,-0.242
39721,0.0,0.0,0.0,1000.0,0,0,0.1807,-0.262,-0.242
39722,0.0,0.0,0.0,1000.0,0,0,0.20070000000000002,-0.262,-0.242
39723,0.0,0.0,0.0,1000.0,0,0,0.2207,-0.262,-0.242
39724,0.0,0.0,0.0,1000.0,0,0,0.24070000000000003,-0.262,-0.242
39725,0.0,0.0,0.0,1000.0,0,0,0.26070000000000004,-0.262,-0.242
39726,0.0,0.0,0.0,1000.0,0,0,0.2807,-0.262,-0.242
39727,0.0,0.0,0.0,1000.0,0,0,0.3007,-0.262,-0.242
39728,0.0,0.0,0.0,1000.0,0,0,0.3207,-0.262,-0.242
39729,0.0,0.0,0.0,1000.0,0,0,0.3407,-0.262,-0.242
39730,0.0,0.0,0.0,1000.0,0,0,0.3607,-0.262,-0.242
39731,0.0,0.0,0.0,1000.0,0,0,0.38070000000000004,-0.262,-0.242
39732,0.0,0.0,0.0,1000.0,0,0,0.4007,-0.262,-0.242
39733,0.0,0.0,0.0,1000.0,0,0,0.4207,-0.262,-0.242
39734,0.0,0.0,0.0,1000.0,0,0,0.44070000000000004,-0.262,-0.242
39735,0.0,0.0,0.0,1000.0,0,0,0.4607,-0.262,-0.242
39736,0.0,0.0,0.0,1000.0,0,0,0.4807,-0.262,-0.242
39737,0.0,0.0,0.0,1000.0,0,0,0.1607,-0.242,-0.242
39738,0.0,0.0,0.0,1000.0,0,0,0.1807,-0.242,-0.242
39739,0.0,0.0,0.0,1000.0,0,0,0.20070000000000002,-0.242,-0.242
39740,0.0,0.0,0.0,1000.0,0,0,0.2207,-0.242,-0.242
39741,0.0,0.0,0.0,1000.0,0,0,0.24070000000000003,-0.242,-0.242
39742,0.0,0.0,0.0,1000.0,0,0,0.26070000000000004,-0.242,-0.242
39743,0.0,0.0,0.0,1000.0,0,0,0.2807,-0.242,-0.242
39744,0.0,0.0,0.0,1000.0,0,0,0.3007,-0.242,-0.242
39745,0.0,0.0,0.0,1000.0,0,0,0.3207,-0.242,-0.242
39746,0.0,0.0,0.0,1000.0,0,0,0.3407,-0.242,-0.242
39747,0.0,0.0,0.0,1000.0,0,0,0.3607,-0.242,-0.242
39748,0.0,0.0,0.0,1000.0,0,0,0.38070000000000004,-0.242,-0.242
39749,0.0,0.0,0.0,1000.0,0,0,0.4007,-0.242,-0.242
39750,0.0,0.0,0.0,1000.0,0,0,0.4207,-0.242,-0.242
39751,0.0,0.0,0.0,1000.0,0,0,0.44070000000000004,-0.242,-0.242
39752,0.0,0.0,0.0,1000.0,0,0,0.4607,-0.242,-0.242
39753,0.0,0.0,0.0,1000.0,0,0,0.4807,-0.242,-0.242
39754,0.0,0.0,0.0,1000.0,0,0,0.1607,-0.22199999999999998,-0.242
39755,0.0,0.0,0.0,1000.0,0,0,0.1807,-0.22199999999999998,-0.242
39756,0.0,0.0,0.0,1000.0,0,0,0.20070000000000002,-0.22199999999999998,-0.242
39757,0.0,0.0,0.0,1000.0,0,0,0.2207,-0.22199999999999998,-0.242
39758,0.0,0.0,0.0,1000.0,0,0,0.24070000000000003,-0.22199999999999998,-0.242
39759,0.0,0.0,0.0,1000.0,0,0,0.26070000000000004,-0.22199999999999998,-0.242
39760,0.0,0.0,0.0,1000.0,0,0,0.2807,-0.22199999999999998,-0.242
39761,0.0,0.0,0.0,1000.0,0,0,0.3007,-0.22199999999999998,-0.242
39762,0.0,0.0,0.0,1000.0,0,0,0.3207,-0.22199999999999998,-0.242
39763,0.0,0.0,0.0,1000.0,0,0,0.3407,-0.22199999999999998,-0.242
39764,0.0,0.0,0.0,1000.0,0,0,0.3607,-0.22199999999999998,-0.242
39765,0.0,0.0,0.0,1000.0,0,0,0.38070000000000004,-0.22199999999999998,-0.242
39766,0.0,0.0,0.0,1000.0,0,0,0.4007,-0.22199999999999998,-0.242
39767,0.0,0.0,0.0,1000.0,0,0,0.4207,-0.22199999999999998,-0.242
39768,0.0,0.0,0.0,1000.0,0,0,0.44070000000000004,-0.22199999999999998,-0.242
39769,0.0,0.0,0.0,1000.0,0,0,0.4607,-0.22199999999999998,-0.242
39770,0.0,0.0,0.0,1000.0,0,0,0.4807,-0.22199999999999998,-0.242
39771,0.0,0.0,0.0,1000.0,0,0,0.1607,-0.20199999999999996,-0.242
39772,0.0,0.0,0.0,1000.0,0,0,0.1807,-0.20199999999999996,-0.242
39773,0.0,0.0,0.0,1000.0,0,0,0.20070000000000002,-0.20199999999999996,-0.242
39774,0.0,0.0,0.0,1000.0,0,0,0.2207,-0.20199999999999996,-0.242
39775,0.0,0.0,0.0,1000.0,0,0,0.24070000000000003,-0.20199999999999996,-0.242
39776,0.0,0.0,0.0,1000.0,0,0,0.26070000000000004,-0.20199999999999996,-0.242
39777,0.0,0.0,0.0,1000.0,0,0,0.2807,-0.20199999999999996,-0.242
39778,0.0,0.0,0.0,1000.0,0,0,0.3007,-0.20199999999999996,-0.242
39779,0.0,0.0,0.0,1000.0,0,0,0.3207,-0.20199999999999996,-0.242
39780,0.0,0.0,0.0,1000.0,0,0,0.3407,-0.20199999999999996,-0.242
39781,0.0,0.0,0.0,1000.0,0,0,0.3607,-0.20199999999999996,-0.242
39782,0.0,0.0,0.0,1000.0,0,0,0.38070000000000004,-0.20199999999999996,-0.242
39783,0.0,0.0,0.0,1000.0,0,0,0.4007,-0.20199999999999996,-0.242
39784,0.0,0.0,0.0,1000.0,0,0,0.4207,-0.20199999999999996,-0.242
39785,0.0,0.0,0.0,1000.0,0,0,0.44070000000000004,-0.20199999999999996,-0.242
39786,0.0,0.0,0.0,1000.0,0,0,0.4607,-0.20199999999999996,-0.242
39787,0.0,0.0,0.0,1000.0,0,0,0.4807,-0.20199999999999996,-0.242
39788,0.0,0.0,0.0,1000.0,0,0,0.1607,-0.182,-0.242
39789,0.0,0.0,0.0,1000.0,0,0,0.1807,-0.182,-0.242
39790,0.0,0.0,0.0,1000.0,0,0,0.20070000000000002,-0.182,-0.242
39791,0.0,0.0,0.0,1000.0,0,0,0.2207,-0.182,-0.242
39792,0.0,0.0,0.0,1000.0,0,0,0.24070000000000003,-0.182,-0.242
39793,0.0,0.0,0.0,1000.0,0,0,0.26070000000000004,-0.182,-0.242
39794,0.0,0.0,0.0,1000.0,0,0,0.2807,-0.182,-0.242
39795,0.0,0.0,0.0,1000.0,0,0,0.3007,-0.182,-0.242
39796,0.0,0.0,0.0,1000.0,0,0,0.3207,-0.182,-0.242
39797,0.0,0.0,0.0,1000.0,0,0,0.3407,-0.182,-0.242
39798,0.0,0.0,0.0,1000.0,0,0,0.3607,-0.182,-0.242
39799,0.0,0.0,0.0,1000.0,0,0,0.38070000000000004,-0.182,-0.242
39800,0.0,0.0,0.0,1000.0,0,0,0.4007,-0.182,-0.242
39801,0.0,0.0,0.0,1000.0,0,0,0.4207,-0.182,-0.242
39802,0.0,0.0,0.0,1000.0,0,0,0.44070000000000004,-0.182,-0.242
39803,0.0,0.0,0.0,1000.0,0,0,0.4607,-0.182,-0.242
39804,0.0,0.0,0.0,1000.0,0,0,0.4807,-0.182,-0.242
39805,0.0,0.0,0.0,1000.0,0,0,0.1607,-0.16199999999999998,-0.242
39806,0.0,0.0,0.0,1000.0,0,0,0.1807,-0.16199999999999998,-0.242
39807,0.0,0.0,0.0,1000.0,0,0,0.20070000000000002,-0.16199999999999998,-0.242
39808,0.0,0.0,0.0,1000.0,0,0,0.2207,-0.16199999999999998,-0.242
39809,0.0,0.0,0.0,1000.0,0,0,0.24070000000000003,-0.16199999999999998,-0.242
39810,0.0,0.0,0.0,1000.0,0,0,0.26070000000000004,-0.16199999999999998,-0.242
39811,0.0,0.0,0.0,1000.0,0,0,0.2807,-0.16199999999999998,-0.242
39812,0.0,0.0,0.0,1000.0,0,0,0.3007,-0.16199999999999998,-0.242
39813,0.0,0.0,0.0,1000.0,0,0,0.3207,-0.16199999999999998,-0.242
39814,0.0,0.0,0.0,1000.0,0,0,0.3407,-0.16199999999999998,-0.242
39815,0.0,0.0,0.0,1000.0,0,0,0.3607,-0.16199999999999998,-0.242
39816,0.0,0.0,0.0,1000.0,0,0,0.38070000000000004,-0.16199999999999998,-0.242
39817,0.0,0.0,0.0,1000.0,0,0,0.4007,-0.16199999999999998,-0.242
39818,0.0,0.0,0.0,1000.0,0,0,0.4207,-0.16199999999999998,-0.242
39819,0.0,0.0,0.0,1000.0,0,0,0.44070000000000004,-0.16199999999999998,-0.242
39820,0.0,0.0,0.0,1000.0,0,0,0.4607,-0.16199999999999998,-0.242
39821,0.0,0.0,0.0,1000.0,0,0,0.4807,-0.16199999999999998,-0.242
39822,0.0,0.0,0.0,1000.0,0,0,0.1607,-0.14199999999999996,-0.242
39823,0.0,0.0,0.0,1000.0,0,0,0.1807,-0.14199999999999996,-0.242
39824,0.0,0.0,0.0,1000.0,0,0,0.20070000000000002,-0.14199999999999996,-0.242
39825,0.0,0.0,0.0,1000.0,0,0,0.2207,-0.14199999999999996,-0.242
39826,0.0,0.0,0.0,1000.0,0,0,0.24070000000000003,-0.14199999999999996,-0.242
39827,0.0,0.0,0.0,1000.0,0,0,0.26070000000000004,-0.14199999999999996,-0.242
39828,0.0,0.0,0.0,1000.0,0,0,0.2807,-0.14199999999999996,-0.242
39829,0.0,0.0,0.0,1000.0,0,0,0.3007,-0.14199999999999996,-0.242
39830,0.0,0.0,0.0,1000.0,0,0,0.3207,-0.14199999999999996,-0.242
39831,0.0,0.0,0.0,1000.0,0,0,0.3407,-0.14199999999999996,-0.242
39832,0.0,0.0,0.0,1000.0,0,0,0.3607,-0.14199999999999996,-0.242
39833,0.0,0.0,0.0,1000.0,0,0,0.38070000000000004,-0.14199999999999996,-0.242
39834,0.0,0.0,0.0,1000.0,0,0,0.4007,-0.14199999999999996,-0.242
39835,0.0,0.0,0.0,1000.0,0,0,0.4207,-0.14199999999999996,-0.242
39836,0.0,0.0,0.0,1000.0,0,0,0.44070000000000004,-0.14199999999999996,-0.242
39837,0.0,0.0,0.0,1000.0,0,0,0.4607,-0.14199999999999996,-0.242
39838,0.0,0.0,0.0,1000.0,0,0,0.4807,-0.14199999999999996,-0.242
39839,0.0,0.0,0.0,1000.0,0,0,0.1607,-0.122,-0.242
39840,0.0,0.0,0.0,1000.0,0,0,0.1807,-0.122,-0.242
39841,0.0,0.0,0.0,1000.0,0,0,0.20070000000000002,-0.122,-0.242
39842,0.0,0.0,0.0,1000.0,0,0,0.2207,-0.122,-0.242
39843,0.0,0.0,0.0,1000.0,0,0,0.24070000000000003,-0.122,-0.242
39844,0.0,0.0,0.0,1000.0,0,0,0.26070000000000004,-0.122,-0.242
39845,0.0,0.0,0.0,1000.0,0,0,0.2807,-0.122,-0.242
39846,0.0,0.0,0.0,1000.0,0,0,0.3007,-0.122,-0.242
39847,0.0,0.0,0.0,1000.0,0,0,0.3207,-0.122,-0.242
39848,0.0,0.0,0.0,1000.0,0,0,0.3407,-0.122,-0.242
39849,0.0,0.0,0.0,1000.0,0,0,0.3607,-0.122,-0.242
39850,0.0,0.0,0.0,1000.0,0,0,0.38070000000000004,-0.122,-0.242
39851,0.0,0.0,0.0,1000.0,0,0,0.4007,-0.122,-0.242
39852,0.0,0.0,0.0,1000.0,0,0,0.4207,-0.122,-0.242
39853,0.0,0.0,0.0,1000.0,0,0,0.44070000000000004,-0.122,-0.242
39854,0.0,0.0,0.0,1000.0,0,0,0.4607,-0.122,-0.242
39855,0.0,0.0,0.0,1000.0,0,0,0.4807,-0.122,-0.242
39856,0.0,0.0,0.0,1000.0,0,0,0.1607,-0.10199999999999998,-0.242
39857,0.0,0.0,0.0,1000.0,0,0,0.1807,-0.10199999999999998,-0.242
39858,0.0,0.0,0.0,1000.0,0,0,0.20070000000000002,-0.10199999999999998,-0.242
39859,0.0,0.0,0.0,1000.0,0,0,0.2207,-0.10199999999999998,-0.242
39860,0.0,0.0,0.0,1000.0,0,0,0.24070000000000003,-0.10199999999999998,-0.242
39861,0.0,0.0,0.0,1000.0,0,0,0.26070000000000004,-0.10199999999999998,-0.242
39862,0.0,0.0,0.0,1000.0,0,0,0.2807,-0.10199999999999998,-0.242
39863,0.0,0.0,0.0,1000.0,0,0,0.3007,-0.10199999999999998,-0.242
39864,0.0,0.0,0.0,1000.0,0,0,0.3207,-0.10199999999999998,-0.242
39865,0.0,0.0,0.0,1000.0,0,0,0.3407,-0.10199999999999998,-0.242
39866,0.0,0.0,0.0,1000.0,0,0,0.3607,-0.10199999999999998,-0.242
39867,0.0,0.0,0.0,1000.0,0,0,0.38070000000000004,-0.10199999999999998,-0.242
39868,0.0,0.0,0.0,1000.0,0,0,0.4007,-0.10199999999999998,-0.242
39869,0.0,0.0,0.0,1000.0,0,0,0.4207,-0.10199999999999998,-0.242
39870,0.0,0.0,0.0,1000.0,0,0,0.44070000000000004,-0.10199999999999998,-0.242
39871,0.0,0.0,0.0,1000.0,0,0,0.4607,-0.10199999999999998,-0.242
39872,0.0,0.0,0.0,1000.0,0,0,0.4807,-0.10199999999999998,-0.242
39873,0.0,0.0,0.0,1000.0,0,0,0.1607,-0.08199999999999996,-0.242
39874,0.0,0.0,0.0,1000.0,0,0,0.1807,-0.08199999999999996,-0.242
39875,0.0,0.0,0.0,1000.0,0,0,0.20070000000000002,-0.08199999999999996,-0.242
39876,0.0,0.0,0.0,1000.0,0,0,0.2207,-0.08199999999999996,-0.242
39877,0.0,0.0,0.0,1000.0,0,0,0.24070000000000003,-0.08199999999999996,-0.242
39878,0.0,0.0,0.0,1000.0,0,0,0.26070000000000004,-0.08199999999999996,-0.242
39879,0.0,0.0,0.0,1000.0,0,0,0.2807,-0.08199999999999996,-0.242
39880,0.0,0.0,0.0,1000.0,0,0,0.3007,-0.08199999999999996,-0.242
39881,0.0,0.0,0.0,1000.0,0,0,0.3207,-0.08199999999999996,-0.242
39882,0.0,0.0,0.0,1000.0,0,0,0.3407,-0.08199999999999996,-0.242
39883,0.0,0.0,0.0,1000.0,0,0,0.3607,-0.08199999999999996,-0.242
39884,0.0,0.0,0.0,1000.0,0,0,0.38070000000000004,-0.08199999999999996,-0.242
39885,0.0,0.0,0.0,1000.0,0,0,0.4007,-0.08199999999999996,-0.242
39886,0.0,0.0,0.0,1000.0,0,0,0.4207,-0.08199999999999996,-0.242
39887,0.0,0.0,0.0,1000.0,0,0,0.44070000000000004,-0.08199999999999996,-0.242
39888,0.0,0.0,0.0,1000.0,0,0,0.4607,-0.08199999999999996,-0.242
39889,0.0,0.0,0.0,1000.0,0,0,0.4807,-0.08199999999999996,-0.242
39890,0.0,0.0,0.0,1000.0,0,0,0.1607,-0.062,-0.242
39891,0.0,0.0,0.0,1000.0,0,0,0.1807,-0.062,-0.242
39892,0.0,0.0,0.0,1000.0,0,0,0.20070000000000002,-0.062,-0.242
39893,0.0,0.0,0.0,1000.0,0,0,0.2207,-0.062,-0.242
39894,0.0,0.0,0.0,1000.0,0,0,0.24070000000000003,-0.062,-0.242
39895,0.0,0.0,0.0,1000.0,0,0,0.26070000000000004,-0.062,-0.242
39896,0.0,0.0,0.0,1000.0,0,0,0.2807,-0.062,-0.242
39897,0.0,0.0,0.0,1000.0,0,0,0.3007,-0.062,-0.242
39898,0.0,0.0,0.0,1000.0,0,0,0.3207,-0.062,-0.242
39899,0.0,0.0,0.0,1000.0,0,0,0.3407,-0.062,-0.242
39900,0.0,0.0,0.0,1000.0,0,0,0.3607,-0.062,-0.242
39901,0.0,0.0,0.0,1000.0,0,0,0.38070000000000004,-0.062,-0.242
39902,0.0,0.0,0.0,1000.0,0,0,0.4007,-0.062,-0.242
39903,0.0,0.0,0.0,1000.0,0,0,0.4207,-0.062,-0.242
39904,0.0,0.0,0.0,1000.0,0,0,0.44070000000000004,-0.062,-0.242
39905,0.0,0.0,0.0,1000.0,0,0,0.4607,-0.062,-0.242
39906,0.0,0.0,0.0,1000.0,0,0,0.4807,-0.062,-0.242
39907,0.0,0.0,0.0,1000.0,0,0,0.1607,-0.04199999999999998,-0.242
39908,0.0,0.0,0.0,1000.0,0,0,0.1807,-0.04199999999999998,-0.242
39909,0.0,0.0,0.0,1000.0,0,0,0.20070000000000002,-0.04199999999999998,-0.242
39910,0.0,0.0,0.0,1000.0,0,0,0.2207,-0.04199999999999998,-0.242
39911,0.0,0.0,0.0,1000.0,0,0,0.24070000000000003,-0.04199999999999998,-0.242
39912,0.0,0.0,0.0,1000.0,0,0,0.26070000000000004,-0.04199999999999998,-0.242
39913,0.0,0.0,0.0,1000.0,0,0,0.2807,-0.04199999999999998,-0.242
39914,0.0,0.0,0.0,1000.0,0,0,0.3007,-0.04199999999999998,-0.242
39915,0.0,0.0,0.0,1000.0,0,0,0.3207,-0.04199999999999998,-0.242
39916,0.0,0.0,0.0,1000.0,0,0,0.3407,-0.04199999999999998,-0.242
39917,0.0,0.0,0.0,1000.0,0,0,0.3607,-0.04199999999999998,-0.242
39918,0.0,0.0,0.0,1000.0,0,0,0.38070000000000004,-0.04199999999999998,-0.242
39919,0.0,0.0,0.0,1000.0,0,0,0.4007,-0.04199999999999998,-0.242
39920,0.0,0.0,0.0,1000.0,0,0,0.4207,-0.04199999999999998,-0.242
39921,0.0,0.0,0.0,1000.0,0,0,0.44070000000000004,-0.04199999999999998,-0.242
39922,0.0,0.0,0.0,1000.0,0,0,0.4607,-0.04199999999999998,-0.242
39923,0.0,0.0,0.0,1000.0,0,0,0.4807,-0.04199999999999998,-0.242
39924,0.0,0.0,0.0,1000.0,0,0,0.1607,-0.021999999999999964,-0.242
39925,0.0,0.0,0.0,1000.0,0,0,0.1807,-0.021999999999999964,-0.242
39926,0.0,0.0,0.0,1000.0,0,0,0.20070000000000002,-0.021999999999999964,-0.242
39927,0.0,0.0,0.0,1000.0,0,0,0.2207,-0.021999999999999964,-0.242
39928,0.0,0.0,0.0,1000.0,0,0,0.24070000000000003,-0.021999999999999964,-0.242
39929,0.0,0.0,0.0,1000.0,0,0,0.26070000000000004,-0.021999999999999964,-0.242
39930,0.0,0.0,0.0,1000.0,0,0,0.2807,-0.021999999999999964,-0.242
39931,0.0,0.0,0.0,1000.0,0,0,0.3007,-0.021999999999999964,-0.242
39932,0.0,0.0,0.0,1000.0,0,0,0.3207,-0.021999999999999964,-0.242
39933,0.0,0.0,0.0,1000.0,0,0,0.3407,-0.021999999999999964,-0.242
39934,0.0,0.0,0.0,1000.0,0,0,0.3607,-0.021999999999999964,-0.242
39935,0.0,0.0,0.0,1000.0,0,0,0.38070000000000004,-0.021999999999999964,-0.242
39936,0.0,0.0,0.0,1000.0,0,0,0.4007,-0.021999999999999964,-0.242
39937,0.0,0.0,0.0,1000.0,0,0,0.4207,-0.021999999999999964,-0.242
39938,0.0,0.0,0.0,1000.0,0,0,0.44070000000000004,-0.021999999999999964,-0.242
39939,0.0,0.0,0.0,1000.0,0,0,0.4607,-0.021999999999999964,-0.242
39940,0.0,0.0,0.0,1000.0,0,0,0.4807,-0.021999999999999964,-0.242
39941,0.0,0.0,0.0,1000.0,0,0,0.1607,-0.0020000000000000018,-0.242
39942,0.0,0.0,0.0,1000.0,0,0,0.1807,-0.0020000000000000018,-0.242
39943,0.0,0.0,0.0,1000.0,0,0,0.20070000000000002,-0.0020000000000000018,-0.242
39944,0.0,0.0,0.0,1000.0,0,0,0.2207,-0.0020000000000000018,-0.242
39945,0.0,0.0,0.0,1000.0,0,0,0.24070000000000003,-0.0020000000000000018,-0.242
39946,0.0,0.0,0.0,1000.0,0,0,0.26070000000000004,-0.0020000000000000018,-0.242
39947,0.0,0.0,0.0,1000.0,0,0,0.2807,-0.0020000000000000018,-0.242
39948,0.0,0.0,0.0,1000.0,0,0,0.3007,-0.0020000000000000018,-0.242
39949,0.0,0.0,0.0,1000.0,0,0,0.3207,-0.0020000000000000018,-0.242
39950,0.0,0.0,0.0,1000.0,0,0,0.3407,-0.0020000000000000018,-0.242
39951,0.0,0.0,0.0,1000.0,0,0,0.3607,-0.0020000000000000018,-0.242
39952,0.0,0.0,0.0,1000.0,0,0,0.38070000000000004,-0.0020000000000000018,-0.242
39953,0.0,0.0,0.0,1000.0,0,0,0.4007,-0.0020000000000000018,-0.242
39954,0.0,0.0,0.0,1000.0,0,0,0.4207,-0.0020000000000000018,-0.242
39955,0.0,0.0,0.0,1000.0,0,0,0.44070000000000004,-0.0020000000000000018,-0.242
39956,0.0,0.0,0.0,1000.0,0,0,0.4607,-0.0020000000000000018,-0.242
39957,0.0,0.0,0.0,1000.0,0,0,0.4807,-0.0020000000000000018,-0.242
39958,0.0,0.0,0.0,1000.0,0,0,0.1607,0.018000000000000016,-0.242
39959,0.0,0.0,0.0,1000.0,0,0,0.1807,0.018000000000000016,-0.242
39960,0.0,0.0,0.0,1000.0,0,0,0.20070000000000002,0.018000000000000016,-0.242
39961,0.0,0.0,0.0,1000.0,0,0,0.2207,0.018000000000000016,-0.242
39962,0.0,0.0,0.0,1000.0,0,0,0.24070000000000003,0.018000000000000016,-0.242
39963,0.0,0.0,0.0,1000.0,0,0,0.26070000000000004,0.018000000000000016,-0.242
39964,0.0,0.0,0.0,1000.0,0,0,0.2807,0.018000000000000016,-0.242
39965,0.0,0.0,0.0,1000.0,0,0,0.3007,0.018000000000000016,-0.242
39966,0.0,0.0,0.0,1000.0,0,0,0.3207,0.018000000000000016,-0.242
39967,0.0,0.0,0.0,1000.0,0,0,0.3407,0.018000000000000016,-0.242
39968,0.0,0.0,0.0,1000.0,0,0,0.3607,0.018000000000000016,-0.242
39969,0.0,0.0,0.0,1000.0,0,0,0.38070000000000004,0.018000000000000016,-0.242
39970,0.0,0.0,0.0,1000.0,0,0,0.4007,0.018000000000000016,-0.242
39971,0.0,0.0,0.0,1000.0,0,0,0.4207,0.018000000000000016,-0.242
39972,0.0,0.0,0.0,1000.0,0,0,0.44070000000000004,0.018000000000000016,-0.242
39973,0.0,0.0,0.0,1000.0,0,0,0.4607,0.018000000000000016,-0.242
39974,0.0,0.0,0.0,1000.0,0,0,0.4807,0.018000000000000016,-0.242
39975,0.0,0.0,0.0,1000.0,0,0,0.1607,0.038000000000000034,-0.242
39976,0.0,0.0,0.0,1000.0,0,0,0.1807,0.038000000000000034,-0.242
39977,0.0,0.0,0.0,1000.0,0,0,0.20070000000000002,0.038000000000000034,-0.242
39978,0.0,0.0,0.0,1000.0,0,0,0.2207,0.038000000000000034,-0.242
39979,0.0,0.0,0.0,1000.0,0,0,0.24070000000000003,0.038000000000000034,-0.242
39980,0.0,0.0,0.0,1000.0,0,0,0.26070000000000004,0.038000000000000034,-0.242
39981,0.0,0.0,0.0,1000.0,0,0,0.2807,0.038000000000000034,-0.242
39982,0.0,0.0,0.0,1000.0,0,0,0.3007,0.038000000000000034,-0.242
39983,0.0,0.0,0.0,1000.0,0,0,0.3207,0.038000000000000034,-0.242
39984,0.0,0.0,0.0,1000.0,0,0,0.3407,0.038000000000000034,-0.242
39985,0.0,0.0,0.0,1000.0,0,0,0.3607,0.038000000000000034,-0.242
39986,0.0,0.0,0.0,1000.0,0,0,0.38070000000000004,0.038000000000000034,-0.242
39987,0.0,0.0,0.0,1000.0,0,0,0.4007,0.038000000000000034,-0.242
39988,0.0,0.0,0.0,1000.0,0,0,0.4207,0.038000000000000034,-0.242
39989,0.0,0.0,0.0,1000.0,0,0,0.44070000000000004,0.038000000000000034,-0.242
39990,0.0,0.0,0.0,1000.0,0,0,0.4607,0.038000000000000034,-0.242
39991,0.0,0.0,0.0,1000.0,0,0,0.4807,0.038000000000000034,-0.242
39992,0.0,0.0,0.0,1000.0,0,0,0.1607,0.05800000000000005,-0.242
39993,0.0,0.0,0.0,1000.0,0,0,0.1807,0.05800000000000005,-0.242
39994,0.0,0.0,0.0,1000.0,0,0,0.20070000000000002,0.05800000000000005,-0.242
39995,0.0,0.0,0.0,1000.0,0,0,0.2207,0.05800000000000005,-0.242
39996,0.0,0.0,0.0,1000.0,0,0,0.24070000000000003,0.05800000000000005,-0.242
39997,0.0,0.0,0.0,1000.0,0,0,0.26070000000000004,0.05800000000000005,-0.242
39998,0.0,0.0,0.0,1000.0,0,0,0.2807,0.05800000000000005,-0.242
39999,0.0,0.0,0.0,1000.0,0,0,0.3007,0.05800000000000005,-0.242
40000,0.0,0.0,0.0,1000.0,0,0,0.3207,0.05800000000000005,-0.242
40001,0.0,0.0,0.0,1000.0,0,0,0.3407,0.05800000000000005,-0.242
40002,0.0,0.0,0.0,1000.0,0,0,0.3607,0.05800000000000005,-0.242
40003,0.0,0.0,0.0,1000.0,0,0,0.38070000000000004,0.05800000000000005,-0.242
40004,0.0,0.0,0.0,1000.0,0,0,0.4007,0.05800000000000005,-0.242
40005,0.0,0.0,0.0,1000.0,0,0,0.4207,0.05800000000000005,-0.242
40006,0.0,0.0,0.0,1000.0,0,0,0.44070000000000004,0.05800000000000005,-0.242
40007,0.0,0.0,0.0,1000.0,0,0,0.4607,0.05800000000000005,-0.242
40008,0.0,0.0,0.0,1000.0,0,0,0.4807,0.05800000000000005,-0.242
40009,0.0,0.0,0.0,1000.0,0,0,0.1607,0.07800000000000007,-0.242
40010,0.0,0.0,0.0,1000.0,0,0,0.1807,0.07800000000000007,-0.242
40011,0.0,0.0,0.0,1000.0,0,0,0.20070000000000002,0.07800000000000007,-0.242
40012,0.0,0.0,0.0,1000.0,0,0,0.2207,0.07800000000000007,-0.242
40013,0.0,0.0,0.0,1000.0,0,0,0.24070000000000003,0.07800000000000007,-0.242
40014,0.0,0.0,0.0,1000.0,0,0,0.26070000000000004,0.07800000000000007,-0.242
40015,0.0,0.0,0.0,1000.0,0,0,0.2807,0.07800000000000007,-0.242
40016,0.0,0.0,0.0,1000.0,0,0,0.3007,0.07800000000000007,-0.242
40017,0.0,0.0,0.0,1000.0,0,0,0.3207,0.07800000000000007,-0.242
40018,0.0,0.0,0.0,1000.0,0,0,0.3407,0.07800000000000007,-0.242
40019,0.0,0.0,0.0,1000.0,0,0,0.3607,0.07800000000000007,-0.242
40020,0.0,0.0,0.0,1000.0,0,0,0.38070000000000004,0.07800000000000007,-0.242
40021,0.0,0.0,0.0,1000.0,0,0,0.4007,0.07800000000000007,-0.242
40022,0.0,0.0,0.0,1000.0,0,0,0.4207,0.07800000000000007,-0.242
40023,0.0,0.0,0.0,1000.0,0,0,0.44070000000000004,0.07800000000000007,-0.242
40024,0.0,0.0,0.0,1000.0,0,0,0.4607,0.07800000000000007,-0.242
40025,0.0,0.0,0.0,1000.0,0,0,0.4807,0.07800000000000007,-0.242
40026,0.0,0.0,0.0,1000.0,0,0,0.1607,0.09799999999999998,-0.242
40027,0.0,0.0,0.0,1000.0,0,0,0.1807,0.09799999999999998,-0.242
40028,0.0,0.0,0.0,1000.0,0,0,0.20070000000000002,0.09799999999999998,-0.242
40029,0.0,0.0,0.0,1000.0,0,0,0.2207,0.09799999999999998,-0.242
40030,0.0,0.0,0.0,1000.0,0,0,0.24070000000000003,0.09799999999999998,-0.242
40031,0.0,0.0,0.0,1000.0,0,0,0.26070000000000004,0.09799999999999998,-0.242
40032,0.0,0.0,0.0,1000.0,0,0,0.2807,0.09799999999999998,-0.242
40033,0.0,0.0,0.0,1000.0,0,0,0.3007,0.09799999999999998,-0.242
40034,0.0,0.0,0.0,1000.0,0,0,0.3207,0.09799999999999998,-0.242
40035,0.0,0.0,0.0,1000.0,0,0,0.3407,0.09799999999999998,-0.242
40036,0.0,0.0,0.0,1000.0,0,0,0.3607,0.09799999999999998,-0.242
40037,0.0,0.0,0.0,1000.0,0,0,0.38070000000000004,0.09799999999999998,-0.242
40038,0.0,0.0,0.0,1000.0,0,0,0.4007,0.09799999999999998,-0.242
40039,0.0,0.0,0.0,1000.0,0,0,0.4207,0.09799999999999998,-0.242
40040,0.0,0.0,0.0,1000.0,0,0,0.44070000000000004,0.09799999999999998,-0.242
40041,0.0,0.0,0.0,1000.0,0,0,0.4607,0.09799999999999998,-0.242
40042,0.0,0.0,0.0,1000.0,0,0,0.4807,0.09799999999999998,-0.242
40043,0.0,0.0,0.0,1000.0,0,0,0.1607,0.118,-0.242
40044,0.0,0.0,0.0,1000.0,0,0,0.1807,0.118,-0.242
40045,0.0,0.0,0.0,1000.0,0,0,0.20070000000000002,0.118,-0.242
40046,0.0,0.0,0.0,1000.0,0,0,0.2207,0.118,-0.242
40047,0.0,0.0,0.0,1000.0,0,0,0.24070000000000003,0.118,-0.242
40048,0.0,0.0,0.0,1000.0,0,0,0.26070000000000004,0.118,-0.242
40049,0.0,0.0,0.0,1000.0,0,0,0.2807,0.118,-0.242
40050,0.0,0.0,0.0,1000.0,0,0,0.3007,0.118,-0.242
40051,0.0,0.0,0.0,1000.0,0,0,0.3207,0.118,-0.242
40052,0.0,0.0,0.0,1000.0,0,0,0.3407,0.118,-0.242
40053,0.0,0.0,0.0,1000.0,0,0,0.3607,0.118,-0.242
40054,0.0,0.0,0.0,1000.0,0,0,0.38070000000000004,0.118,-0.242
40055,0.0,0.0,0.0,1000.0,0,0,0.4007,0.118,-0.242
40056,0.0,0.0,0.0,1000.0,0,0,0.4207,0.118,-0.242
40057,0.0,0.0,0.0,1000.0,0,0,0.44070000000000004,0.118,-0.242
40058,0.0,0.0,0.0,1000.0,0,0,0.4607,0.118,-0.242
40059,0.0,0.0,0.0,1000.0,0,0,0.4807,0.118,-0.242
40060,0.0,0.0,0.0,1000.0,0,0,0.1607,0.138,-0.242
40061,0.0,0.0,0.0,1000.0,0,0,0.1807,0.138,-0.242
40062,0.0,0.0,0.0,1000.0,0,0,0.20070000000000002,0.138,-0.242
40063,0.0,0.0,0.0,1000.0,0,0,0.2207,0.138,-0.242
40064,0.0,0.0,0.0,1000.0,0,0,0.24070000000000003,0.138,-0.242
40065,0.0,0.0,0.0,1000.0,0,0,0.26070000000000004,0.138,-0.242
40066,0.0,0.0,0.0,1000.0,0,0,0.2807,0.138,-0.242
40067,0.0,0.0,0.0,1000.0,0,0,0.3007,0.138,-0.242
40068,0.0,0.0,0.0,1000.0,0,0,0.3207,0.138,-0.242
40069,0.0,0.0,0.0,1000.0,0,0,0.3407,0.138,-0.242
40070,0.0,0.0,0.0,1000.0,0,0,0.3607,0.138,-0.242
40071,0.0,0.0,0.0,1000.0,0,0,0.38070000000000004,0.138,-0.242
40072,0.0,0.0,0.0,1000.0,0,0,0.4007,0.138,-0.242
40073,0.0,0.0,0.0,1000.0,0,0,0.4207,0.138,-0.242
40074,0.0,0.0,0.0,1000.0,0,0,0.44070000000000004,0.138,-0.242
40075,0.0,0.0,0.0,1000.0,0,0,0.4607,0.138,-0.242
40076,0.0,0.0,0.0,1000.0,0,0,0.4807,0.138,-0.242
40077,0.0,0.0,0.0,1000.0,0,0,0.1607,0.15800000000000003,-0.242
40078,0.0,0.0,0.0,1000.0,0,0,0.1807,0.15800000000000003,-0.242
40079,0.0,0.0,0.0,1000.0,0,0,0.20070000000000002,0.15800000000000003,-0.242
40080,0.0,0.0,0.0,1000.0,0,0,0.2207,0.15800000000000003,-0.242
40081,0.0,0.0,0.0,1000.0,0,0,0.24070000000000003,0.15800000000000003,-0.242
40082,0.0,0.0,0.0,1000.0,0,0,0.26070000000000004,0.15800000000000003,-0.242
40083,0.0,0.0,0.0,1000.0,0,0,0.2807,0.15800000000000003,-0.242
40084,0.0,0.0,0.0,1000.0,0,0,0.3007,0.15800000000000003,-0.242
40085,0.0,0.0,0.0,1000.0,0,0,0.3207,0.15800000000000003,-0.242
40086,0.0,0.0,0.0,1000.0,0,0,0.3407,0.15800000000000003,-0.242
40087,0.0,0.0,0.0,1000.0,0,0,0.3607,0.15800000000000003,-0.242
40088,0.0,0.0,0.0,1000.0,0,0,0.38070000000000004,0.15800000000000003,-0.242
40089,0.0,0.0,0.0,1000.0,0,0,0.4007,0.15800000000000003,-0.242
40090,0.0,0.0,0.0,1000.0,0,0,0.4207,0.15800000000000003,-0.242
40091,0.0,0.0,0.0,1000.0,0,0,0.44070000000000004,0.15800000000000003,-0.242
40092,0.0,0.0,0.0,1000.0,0,0,0.4607,0.15800000000000003,-0.242
40093,0.0,0.0,0.0,1000.0,0,0,0.4807,0.15800000000000003,-0.242
40094,0.0,0.0,0.0,1000.0,0,0,0.1607,0.17800000000000005,-0.242
40095,0.0,0.0,0.0,1000.0,0,0,0.1807,0.17800000000000005,-0.242
40096,0.0,0.0,0.0,1000.0,0,0,0.20070000000000002,0.17800000000000005,-0.242
40097,0.0,0.0,0.0,1000.0,0,0,0.2207,0.17800000000000005,-0.242
40098,0.0,0.0,0.0,1000.0,0,0,0.24070000000000003,0.17800000000000005,-0.242
40099,0.0,0.0,0.0,1000.0,0,0,0.26070000000000004,0.17800000000000005,-0.242
40100,0.0,0.0,0.0,1000.0,0,0,0.2807,0.17800000000000005,-0.242
40101,0.0,0.0,0.0,1000.0,0,0,0.3007,0.17800000000000005,-0.242
40102,0.0,0.0,0.0,1000.0,0,0,0.3207,0.17800000000000005,-0.242
40103,0.0,0.0,0.0,1000.0,0,0,0.3407,0.17800000000000005,-0.242
40104,0.0,0.0,0.0,1000.0,0,0,0.3607,0.17800000000000005,-0.242
40105,0.0,0.0,0.0,1000.0,0,0,0.38070000000000004,0.17800000000000005,-0.242
40106,0.0,0.0,0.0,1000.0,0,0,0.4007,0.17800000000000005,-0.242
40107,0.0,0.0,0.0,1000.0,0,0,0.4207,0.17800000000000005,-0.242
40108,0.0,0.0,0.0,1000.0,0,0,0.44070000000000004,0.17800000000000005,-0.242
40109,0.0,0.0,0.0,1000.0,0,0,0.4607,0.17800000000000005,-0.242
40110,0.0,0.0,0.0,1000.0,0,0,0.4807,0.17800000000000005,-0.242
40111,0.0,0.0,0.0,1000.0,0,0,0.1607,0.19800000000000006,-0.242
40112,0.0,0.0,0.0,1000.0,0,0,0.1807,0.19800000000000006,-0.242
40113,0.0,0.0,0.0,1000.0,0,0,0.20070000000000002,0.19800000000000006,-0.242
40114,0.0,0.0,0.0,1000.0,0,0,0.2207,0.19800000000000006,-0.242
40115,0.0,0.0,0.0,1000.0,0,0,0.24070000000000003,0.19800000000000006,-0.242
40116,0.0,0.0,0.0,1000.0,0,0,0.26070000000000004,0.19800000000000006,-0.242
40117,0.0,0.0,0.0,1000.0,0,0,0.2807,0.19800000000000006,-0.242
40118,0.0,0.0,0.0,1000.0,0,0,0.3007,0.19800000000000006,-0.242
40119,0.0,0.0,0.0,1000.0,0,0,0.3207,0.19800000000000006,-0.242
40120,0.0,0.0,0.0,1000.0,0,0,0.3407,0.19800000000000006,-0.242
40121,0.0,0.0,0.0,1000.0,0,0,0.3607,0.19800000000000006,-0.242
40122,0.0,0.0,0.0,1000.0,0,0,0.38070000000000004,0.19800000000000006,-0.242
40123,0.0,0.0,0.0,1000.0,0,0,0.4007,0.19800000000000006,-0.242
40124,0.0,0.0,0.0,1000.0,0,0,0.4207,0.19800000000000006,-0.242
40125,0.0,0.0,0.0,1000.0,0,0,0.44070000000000004,0.19800000000000006,-0.242
40126,0.0,0.0,0.0,1000.0,0,0,0.4607,0.19800000000000006,-0.242
40127,0.0,0.0,0.0,1000.0,0,0,0.4807,0.19800000000000006,-0.242
40128,0.0,0.0,0.0,1000.0,0,0,0.1607,0.21800000000000008,-0.242
40129,0.0,0.0,0.0,1000.0,0,0,0.1807,0.21800000000000008,-0.242
40130,0.0,0.0,0.0,1000.0,0,0,0.20070000000000002,0.21800000000000008,-0.242
40131,0.0,0.0,0.0,1000.0,0,0,0.2207,0.21800000000000008,-0.242
40132,0.0,0.0,0.0,1000.0,0,0,0.24070000000000003,0.21800000000000008,-0.242
40133,0.0,0.0,0.0,1000.0,0,0,0.26070000000000004,0.21800000000000008,-0.242
40134,0.0,0.0,0.0,1000.0,0,0,0.2807,0.21800000000000008,-0.242
40135,0.0,0.0,0.0,1000.0,0,0,0.3007,0.21800000000000008,-0.242
40136,0.0,0.0,0.0,1000.0,0,0,0.3207,0.21800000000000008,-0.242
40137,0.0,0.0,0.0,1000.0,0,0,0.3407,0.21800000000000008,-0.242
40138,0.0,0.0,0.0,1000.0,0,0,0.3607,0.21800000000000008,-0.242
40139,0.0,0.0,0.0,1000.0,0,0,0.38070000000000004,0.21800000000000008,-0.242
40140,0.0,0.0,0.0,1000.0,0,0,0.4007,0.21800000000000008,-0.242
40141,0.0,0.0,0.0,1000.0,0,0,0.4207,0.21800000000000008,-0.242
40142,0.0,0.0,0.0,1000.0,0,0,0.44070000000000004,0.21800000000000008,-0.242
40143,0.0,0.0,0.0,1000.0,0,0,0.4607,0.21800000000000008,-0.242
40144,0.0,0.0,0.0,1000.0,0,0,0.4807,0.21800000000000008,-0.242
40145,0.0,0.0,0.0,1000.0,0,0,0.1607,0.238,-0.242
40146,0.0,0.0,0.0,1000.0,0,0,0.1807,0.238,-0.242
40147,0.0,0.0,0.0,1000.0,0,0,0.20070000000000002,0.238,-0.242
40148,0.0,0.0,0.0,1000.0,0,0,0.2207,0.238,-0.242
40149,0.0,0.0,0.0,1000.0,0,0,0.24070000000000003,0.238,-0.242
40150,0.0,0.0,0.0,1000.0,0,0,0.26070000000000004,0.238,-0.242
40151,0.0,0.0,0.0,1000.0,0,0,0.2807,0.238,-0.242
40152,0.0,0.0,0.0,1000.0,0,0,0.3007,0.238,-0.242
40153,0.0,0.0,0.0,1000.0,0,0,0.3207,0.238,-0.242
40154,0.0,0.0,0.0,1000.0,0,0,0.3407,0.238,-0.242
40155,0.0,0.0,0.0,1000.0,0,0,0.3607,0.238,-0.242
40156,0.0,0.0,0.0,1000.0,0,0,0.38070000000000004,0.238,-0.242
40157,0.0,0.0,0.0,1000.0,0,0,0.4007,0.238,-0.242
40158,0.0,0.0,0.0,1000.0,0,0,0.4207,0.238,-0.242
40159,0.0,0.0,0.0,1000.0,0,0,0.44070000000000004,0.238,-0.242
40160,0.0,0.0,0.0,1000.0,0,0,0.4607,0.238,-0.242
40161,0.0,0.0,0.0,1000.0,0,0,0.4807,0.238,-0.242
40162,0.0,0.0,0.0,1000.0,0,0,0.1607,0.258,-0.242
40163,0.0,0.0,0.0,1000.0,0,0,0.1807,0.258,-0.242
40164,0.0,0.0,0.0,1000.0,0,0,0.20070000000000002,0.258,-0.242
40165,0.0,0.0,0.0,1000.0,0,0,0.2207,0.258,-0.242
40166,0.0,0.0,0.0,1000.0,0,0,0.24070000000000003,0.258,-0.242
40167,0.0,0.0,0.0,1000.0,0,0,0.26070000000000004,0.258,-0.242
40168,0.0,0.0,0.0,1000.0,0,0,0.2807,0.258,-0.242
40169,0.0,0.0,0.0,1000.0,0,0,0.3007,0.258,-0.242
40170,0.0,0.0,0.0,1000.0,0,0,0.3207,0.258,-0.242
40171,0.0,0.0,0.0,1000.0,0,0,0.3407,0.258,-0.242
40172,0.0,0.0,0.0,1000.0,0,0,0.3607,0.258,-0.242
40173,0.0,0.0,0.0,1000.0,0,0,0.38070000000000004,0.258,-0.242
40174,0.0,0.0,0.0,1000.0,0,0,0.4007,0.258,-0.242
40175,0.0,0.0,0.0,1000.0,0,0,0.4207,0.258,-0.242
40176,0.0,0.0,0.0,1000.0,0,0,0.44070000000000004,0.258,-0.242
40177,0.0,0.0,0.0,1000.0,0,0,0.4607,0.258,-0.242
40178,0.0,0.0,0.0,1000.0,0,0,0.4807,0.258,-0.242
40179,0.0,0.0,0.0,1000.0,0,0,0.1607,0.278,-0.242
40180,0.0,0.0,0.0,1000.0,0,0,0.1807,0.278,-0.242
40181,0.0,0.0,0.0,1000.0,0,0,0.20070000000000002,0.278,-0.242
40182,0.0,0.0,0.0,1000.0,0,0,0.2207,0.278,-0.242
40183,0.0,0.0,0.0,1000.0,0,0,0.24070000000000003,0.278,-0.242
40184,0.0,0.0,0.0,1000.0,0,0,0.26070000000000004,0.278,-0.242
40185,0.0,0.0,0.0,1000.0,0,0,0.2807,0.278,-0.242
40186,0.0,0.0,0.0,1000.0,0,0,0.3007,0.278,-0.242
40187,0.0,0.0,0.0,1000.0,0,0,0.3207,0.278,-0.242
40188,0.0,0.0,0.0,1000.0,0,0,0.3407,0.278,-0.242
40189,0.0,0.0,0.0,1000.0,0,0,0.3607,0.278,-0.242
40190,0.0,0.0,0.0,1000.0,0,0,0.38070000000000004,0.278,-0.242
40191,0.0,0.0,0.0,1000.0,0,0,0.4007,0.278,-0.242
40192,0.0,0.0,0.0,1000.0,0,0,0.4207,0.278,-0.242
40193,0.0,0.0,0.0,1000.0,0,0,0.44070000000000004,0.278,-0.242
40194,0.0,0.0,0.0,1000.0,0,0,0.4607,0.278,-0.242
40195,0.0,0.0,0.0,1000.0,0,0,0.4807,0.278,-0.242
40196,0.0,0.0,0.0,1000.0,0,0,0.1607,0.29800000000000004,-0.242
40197,0.0,0.0,0.0,1000.0,0,0,0.1807,0.29800000000000004,-0.242
40198,0.0,0.0,0.0,1000.0,0,0,0.20070000000000002,0.29800000000000004,-0.242
40199,0.0,0.0,0.0,1000.0,0,0,0.2207,0.29800000000000004,-0.242
40200,0.0,0.0,0.0,1000.0,0,0,0.24070000000000003,0.29800000000000004,-0.242
40201,0.0,0.0,0.0,1000.0,0,0,0.26070000000000004,0.29800000000000004,-0.242
40202,0.0,0.0,0.0,1000.0,0,0,0.2807,0.29800000000000004,-0.242
40203,0.0,0.0,0.0,1000.0,0,0,0.3007,0.29800000000000004,-0.242
40204,0.0,0.0,0.0,1000.0,0,0,0.3207,0.29800000000000004,-0.242
40205,0.0,0.0,0.0,1000.0,0,0,0.3407,0.29800000000000004,-0.242
40206,0.0,0.0,0.0,1000.0,0,0,0.3607,0.29800000000000004,-0.242
40207,0.0,0.0,0.0,1000.0,0,0,0.38070000000000004,0.29800000000000004,-0.242
40208,0.0,0.0,0.0,1000.0,0,0,0.4007,0.29800000000000004,-0.242
40209,0.0,0.0,0.0,1000.0,0,0,0.4207,0.29800000000000004,-0.242
40210,0.0,0.0,0.0,1000.0,0,0,0.44070000000000004,0.29800000000000004,-0.242
40211,0.0,0.0,0.0,1000.0,0,0,0.4607,0.29800000000000004,-0.242
40212,0.0,0.0,0.0,1000.0,0,0,0.4807,0.29800000000000004,-0.242
40213,0.0,0.0,0.0,1000.0,0,0,0.1607,0.31800000000000006,-0.242
40214,0.0,0.0,0.0,1000.0,0,0,0.1807,0.31800000000000006,-0.242
40215,0.0,0.0,0.0,1000.0,0,0,0.20070000000000002,0.31800000000000006,-0.242
40216,0.0,0.0,0.0,1000.0,0,0,0.2207,0.31800000000000006,-0.242
40217,0.0,0.0,0.0,1000.0,0,0,0.24070000000000003,0.31800000000000006,-0.242
40218,0.0,0.0,0.0,1000.0,0,0,0.26070000000000004,0.31800000000000006,-0.242
40219,0.0,0.0,0.0,1000.0,0,0,0.2807,0.31800000000000006,-0.242
40220,0.0,0.0,0.0,1000.0,0,0,0.3007,0.31800000000000006,-0.242
40221,0.0,0.0,0.0,1000.0,0,0,0.3207,0.31800000000000006,-0.242
40222,0.0,0.0,0.0,1000.0,0,0,0.3407,0.31800000000000006,-0.242
40223,0.0,0.0,0.0,1000.0,0,0,0.3607,0.31800000000000006,-0.242
40224,0.0,0.0,0.0,1000.0,0,0,0.38070000000000004,0.31800000000000006,-0.242
40225,0.0,0.0,0.0,1000.0,0,0,0.4007,0.31800000000000006,-0.242
40226,0.0,0.0,0.0,1000.0,0,0,0.4207,0.31800000000000006,-0.242
40227,0.0,0.0,0.0,1000.0,0,0,0.44070000000000004,0.31800000000000006,-0.242
40228,0.0,0.0,0.0,1000.0,0,0,0.4607,0.31800000000000006,-0.242
40229,0.0,0.0,0.0,1000.0,0,0,0.4807,0.31800000000000006,-0.242
40230,0.0,0.0,0.0,1000.0,0,0,0.1607,0.3380000000000001,-0.242
40231,0.0,0.0,0.0,1000.0,0,0,0.1807,0.3380000000000001,-0.242
40232,0.0,0.0,0.0,1000.0,0,0,0.20070000000000002,0.3380000000000001,-0.242
40233,0.0,0.0,0.0,1000.0,0,0,0.2207,0.3380000000000001,-0.242
40234,0.0,0.0,0.0,1000.0,0,0,0.24070000000000003,0.3380000000000001,-0.242
40235,0.0,0.0,0.0,1000.0,0,0,0.26070000000000004,0.3380000000000001,-0.242
40236,0.0,0.0,0.0,1000.0,0,0,0.2807,0.3380000000000001,-0.242
40237,0.0,0.0,0.0,1000.0,0,0,0.3007,0.3380000000000001,-0.242
40238,0.0,0.0,0.0,1000.0,0,0,0.3207,0.3380000000000001,-0.242
40239,0.0,0.0,0.0,1000.0,0,0,0.3407,0.3380000000000001,-0.242
40240,0.0,0.0,0.0,1000.0,0,0,0.3607,0.3380000000000001,-0.242
40241,0.0,0.0,0.0,1000.0,0,0,0.38070000000000004,0.3380000000000001,-0.242
40242,0.0,0.0,0.0,1000.0,0,0,0.4007,0.3380000000000001,-0.242
40243,0.0,0.0,0.0,1000.0,0,0,0.4207,0.3380000000000001,-0.242
40244,0.0,0.0,0.0,1000.0,0,0,0.44070000000000004,0.3380000000000001,-0.242
40245,0.0,0.0,0.0,1000.0,0,0,0.4607,0.3380000000000001,-0.242
40246,0.0,0.0,0.0,1000.0,0,0,0.4807,0.3380000000000001,-0.242
40247,0.0,0.0,0.0,1000.0,0,0,0.1607,0.358,-0.242
40248,0.0,0.0,0.0,1000.0,0,0,0.1807,0.358,-0.242
40249,0.0,0.0,0.0,1000.0,0,0,0.20070000000000002,0.358,-0.242
40250,0.0,0.0,0.0,1000.0,0,0,0.2207,0.358,-0.242
40251,0.0,0.0,0.0,1000.0,0,0,0.24070000000000003,0.358,-0.242
40252,0.0,0.0,0.0,1000.0,0,0,0.26070000000000004,0.358,-0.242
40253,0.0,0.0,0.0,1000.0,0,0,0.2807,0.358,-0.242
40254,0.0,0.0,0.0,1000.0,0,0,0.3007,0.358,-0.242
40255,0.0,0.0,0.0,1000.0,0,0,0.3207,0.358,-0.242
40256,0.0,0.0,0.0,1000.0,0,0,0.3407,0.358,-0.242
40257,0.0,0.0,0.0,1000.0,0,0,0.3607,0.358,-0.242
40258,0.0,0.0,0.0,1000.0,0,0,0.38070000000000004,0.358,-0.242
40259,0.0,0.0,0.0,1000.0,0,0,0.4007,0.358,-0.242
40260,0.0,0.0,0.0,1000.0,0,0,0.4207,0.358,-0.242
40261,0.0,0.0,0.0,1000.0,0,0,0.44070000000000004,0.358,-0.242
40262,0.0,0.0,0.0,1000.0,0,0,0.4607,0.358,-0.242
40263,0.0,0.0,0.0,1000.0,0,0,0.4807,0.358,-0.242
40264,0.0,0.0,0.0,1000.0,0,0,0.1607,0.378,-0.242
40265,0.0,0.0,0.0,1000.0,0,0,0.1807,0.378,-0.242
40266,0.0,0.0,0.0,1000.0,0,0,0.20070000000000002,0.378,-0.242
40267,0.0,0.0,0.0,1000.0,0,0,0.2207,0.378,-0.242
40268,0.0,0.0,0.0,1000.0,0,0,0.24070000000000003,0.378,-0.242
40269,0.0,0.0,0.0,1000.0,0,0,0.26070000000000004,0.378,-0.242
40270,0.0,0.0,0.0,1000.0,0,0,0.2807,0.378,-0.242
40271,0.0,0.0,0.0,1000.0,0,0,0.3007,0.378,-0.242
40272,0.0,0.0,0.0,1000.0,0,0,0.3207,0.378,-0.242
40273,0.0,0.0,0.0,1000.0,0,0,0.3407,0.378,-0.242
40274,0.0,0.0,0.0,1000.0,0,0,0.3607,0.378,-0.242
40275,0.0,0.0,0.0,1000.0,0,0,0.38070000000000004,0.378,-0.242
40276,0.0,0.0,0.0,1000.0,0,0,0.4007,0.378,-0.242
40277,0.0,0.0,0.0,1000.0,0,0,0.4207,0.378,-0.242
40278,0.0,0.0,0.0,1000.0,0,0,0.44070000000000004,0.378,-0.242
40279,0.0,0.0,0.0,1000.0,0,0,0.4607,0.378,-0.242
40280,0.0,0.0,0.0,1000.0,0,0,0.4807,0.378,-0.242
40281,0.0,0.0,0.0,1000.0,0,0,0.1607,0.398,-0.242
40282,0.0,0.0,0.0,1000.0,0,0,0.1807,0.398,-0.242
40283,0.0,0.0,0.0,1000.0,0,0,0.20070000000000002,0.398,-0.242
40284,0.0,0.0,0.0,1000.0,0,0,0.2207,0.398,-0.242
40285,0.0,0.0,0.0,1000.0,0,0,0.24070000000000003,0.398,-0.242
40286,0.0,0.0,0.0,1000.0,0,0,0.26070000000000004,0.398,-0.242
40287,0.0,0.0,0.0,1000.0,0,0,0.2807,0.398,-0.242
40288,0.0,0.0,0.0,1000.0,0,0,0.3007,0.398,-0.242
40289,0.0,0.0,0.0,1000.0,0,0,0.3207,0.398,-0.242
40290,0.0,0.0,0.0,1000.0,0,0,0.3407,0.398,-0.242
40291,0.0,0.0,0.0,1000.0,0,0,0.3607,0.398,-0.242
40292,0.0,0.0,0.0,1000.0,0,0,0.38070000000000004,0.398,-0.242
40293,0.0,0.0,0.0,1000.0,0,0,0.4007,0.398,-0.242
40294,0.0,0.0,0.0,1000.0,0,0,0.4207,0.398,-0.242
40295,0.0,0.0,0.0,1000.0,0,0,0.44070000000000004,0.398,-0.242
40296,0.0,0.0,0.0,1000.0,0,0,0.4607,0.398,-0.242
40297,0.0,0.0,0.0,1000.0,0,0,0.4807,0.398,-0.242
40298,0.0,0.0,0.0,1000.0,0,0,0.1607,0.41800000000000004,-0.242
40299,0.0,0.0,0.0,1000.0,0,0,0.1807,0.41800000000000004,-0.242
40300,0.0,0.0,0.0,1000.0,0,0,0.20070000000000002,0.41800000000000004,-0.242
40301,0.0,0.0,0.0,1000.0,0,0,0.2207,0.41800000000000004,-0.242
40302,0.0,0.0,0.0,1000.0,0,0,0.24070000000000003,0.41800000000000004,-0.242
40303,0.0,0.0,0.0,1000.0,0,0,0.26070000000000004,0.41800000000000004,-0.242
40304,0.0,0.0,0.0,1000.0,0,0,0.2807,0.41800000000000004,-0.242
40305,0.0,0.0,0.0,1000.0,0,0,0.3007,0.41800000000000004,-0.242
40306,0.0,0.0,0.0,1000.0,0,0,0.3207,0.41800000000000004,-0.242
40307,0.0,0.0,0.0,1000.0,0,0,0.3407,0.41800000000000004,-0.242
40308,0.0,0.0,0.0,1000.0,0,0,0.3607,0.41800000000000004,-0.242
40309,0.0,0.0,0.0,1000.0,0,0,0.38070000000000004,0.41800000000000004,-0.242
40310,0.0,0.0,0.0,1000.0,0,0,0.4007,0.41800000000000004,-0.242
40311,0.0,0.0,0.0,1000.0,0,0,0.4207,0.41800000000000004,-0.242
40312,0.0,0.0,0.0,1000.0,0,0,0.44070000000000004,0.41800000000000004,-0.242
40313,0.0,0.0,0.0,1000.0,0,0,0.4607,0.41800000000000004,-0.242
40314,0.0,0.0,0.0,1000.0,0,0,0.4807,0.41800000000000004,-0.242
40315,0.0,0.0,0.0,1000.0,0,0,0.1607,0.43800000000000006,-0.242
40316,0.0,0.0,0.0,1000.0,0,0,0.1807,0.43800000000000006,-0.242
40317,0.0,0.0,0.0,1000.0,0,0,0.20070000000000002,0.43800000000000006,-0.242
40318,0.0,0.0,0.0,1000.0,0,0,0.2207,0.43800000000000006,-0.242
40319,0.0,0.0,0.0,1000.0,0,0,0.24070000000000003,0.43800000000000006,-0.242
40320,0.0,0.0,0.0,1000.0,0,0,0.26070000000000004,0.43800000000000006,-0.242
40321,0.0,0.0,0.0,1000.0,0,0,0.2807,0.43800000000000006,-0.242
40322,0.0,0.0,0.0,1000.0,0,0,0.3007,0.43800000000000006,-0.242
40323,0.0,0.0,0.0,1000.0,0,0,0.3207,0.43800000000000006,-0.242
40324,0.0,0.0,0.0,1000.0,0,0,0.3407,0.43800000000000006,-0.242
40325,0.0,0.0,0.0,1000.0,0,0,0.3607,0.43800000000000006,-0.242
40326,0.0,0.0,0.0,1000.0,0,0,0.38070000000000004,0.43800000000000006,-0.242
40327,0.0,0.0,0.0,1000.0,0,0,0.4007,0.43800000000000006,-0.242
40328,0.0,0.0,0.0,1000.0,0,0,0.4207,0.43800000000000006,-0.242
40329,0.0,0.0,0.0,1000.0,0,0,0.44070000000000004,0.43800000000000006,-0.242
40330,0.0,0.0,0.0,1000.0,0,0,0.4607,0.43800000000000006,-0.242
40331,0.0,0.0,0.0,1000.0,0,0,0.4807,0.43800000000000006,-0.242
40332,0.0,0.0,0.0,1000.0,0,0,0.1607,0.4580000000000001,-0.242
40333,0.0,0.0,0.0,1000.0,0,0,0.1807,0.4580000000000001,-0.242
40334,0.0,0.0,0.0,1000.0,0,0,0.20070000000000002,0.4580000000000001,-0.242
40335,0.0,0.0,0.0,1000.0,0,0,0.2207,0.4580000000000001,-0.242
40336,0.0,0.0,0.0,1000.0,0,0,0.24070000000000003,0.4580000000000001,-0.242
40337,0.0,0.0,0.0,1000.0,0,0,0.26070000000000004,0.4580000000000001,-0.242
40338,0.0,0.0,0.0,1000.0,0,0,0.2807,0.4580000000000001,-0.242
40339,0.0,0.0,0.0,1000.0,0,0,0.3007,0.4580000000000001,-0.242
40340,0.0,0.0,0.0,1000.0,0,0,0.3207,0.4580000000000001,-0.242
40341,0.0,0.0,0.0,1000.0,0,0,0.3407,0.4580000000000001,-0.242
40342,0.0,0.0,0.0,1000.0,0,0,0.3607,0.4580000000000001,-0.242
40343,0.0,0.0,0.0,1000.0,0,0,0.38070000000000004,0.4580000000000001,-0.242
40344,0.0,0.0,0.0,1000.0,0,0,0.4007,0.4580000000000001,-0.242
40345,0.0,0.0,0.0,1000.0,0,0,0.4207,0.4580000000000001,-0.242
40346,0.0,0.0,0.0,1000.0,0,0,0.44070000000000004,0.4580000000000001,-0.242
40347,0.0,0.0,0.0,1000.0,0,0,0.4607,0.4580000000000001,-0.242
40348,0.0,0.0,0.0,1000.0,0,0,0.4807,0.4580000000000001,-0.242
40349,0.0,0.0,0.0,1000.0,0,0,0.1607,0.478,-0.242
40350,0.0,0.0,0.0,1000.0,0,0,0.1807,0.478,-0.242
40351,0.0,0.0,0.0,1000.0,0,0,0.20070000000000002,0.478,-0.242
40352,0.0,0.0,0.0,1000.0,0,0,0.2207,0.478,-0.242
40353,0.0,0.0,0.0,1000.0,0,0,0.24070000000000003,0.478,-0.242
40354,0.0,0.0,0.0,1000.0,0,0,0.26070000000000004,0.478,-0.242
40355,0.0,0.0,0.0,1000.0,0,0,0.2807,0.478,-0.242
40356,0.0,0.0,0.0,1000.0,0,0,0.3007,0.478,-0.242
40357,0.0,0.0,0.0,1000.0,0,0,0.3207,0.478,-0.242
40358,0.0,0.0,0.0,1000.0,0,0,0.3407,0.478,-0.242
40359,0.0,0.0,0.0,1000.0,0,0,0.3607,0.478,-0.242
40360,0.0,0.0,0.0,1000.0,0,0,0.38070000000000004,0.478,-0.242
40361,0.0,0.0,0.0,1000.0,0,0,0.4007,0.478,-0.242
40362,0.0,0.0,0.0,1000.0,0,0,0.4207,0.478,-0.242
40363,0.0,0.0,0.0,1000.0,0,0,0.44070000000000004,0.478,-0.242
40364,0.0,0.0,0.0,1000.0,0,0,0.4607,0.478,-0.242
40365,0.0,0.0,0.0,1000.0,0,0,0.4807,0.478,-0.242
40366,0.0,0.0,0.0,1000.0,0,0,0.1607,-0.482,-0.22199999999999998
40367,0.0,0.0,0.0,1000.0,0,0,0.1807,-0.482,-0.22199999999999998
40368,0.0,0.0,0.0,1000.0,0,0,0.20070000000000002,-0.482,-0.22199999999999998
40369,0.0,0.0,0.0,1000.0,0,0,0.2207,-0.482,-0.22199999999999998
40370,0.0,0.0,0.0,1000.0,0,0,0.24070000000000003,-0.482,-0.22199999999999998
40371,0.0,0.0,0.0,1000.0,0,0,0.26070000000000004,-0.482,-0.22199999999999998
40372,0.0,0.0,0.0,1000.0,0,0,0.2807,-0.482,-0.22199999999999998
40373,0.0,0.0,0.0,1000.0,0,0,0.3007,-0.482,-0.22199999999999998
40374,0.0,0.0,0.0,1000.0,0,0,0.3207,-0.482,-0.22199999999999998
40375,0.0,0.0,0.0,1000.0,0,0,0.3407,-0.482,-0.22199999999999998
40376,0.0,0.0,0.0,1000.0,0,0,0.3607,-0.482,-0.22199999999999998
40377,0.0,0.0,0.0,1000.0,0,0,0.38070000000000004,-0.482,-0.22199999999999998
40378,0.0,0.0,0.0,1000.0,0,0,0.4007,-0.482,-0.22199999999999998
40379,0.0,0.0,0.0,1000.0,0,0,0.4207,-0.482,-0.22199999999999998
40380,0.0,0.0,0.0,1000.0,0,0,0.44070000000000004,-0.482,-0.22199999999999998
40381,0.0,0.0,0.0,1000.0,0,0,0.4607,-0.482,-0.22199999999999998
40382,0.0,0.0,0.0,1000.0,0,0,0.4807,-0.482,-0.22199999999999998
40383,0.0,0.0,0.0,1000.0,0,0,0.1607,-0.46199999999999997,-0.22199999999999998
40384,0.0,0.0,0.0,1000.0,0,0,0.1807,-0.46199999999999997,-0.22199999999999998
40385,0.0,0.0,0.0,1000.0,0,0,0.20070000000000002,-0.46199999999999997,-0.22199999999999998
40386,0.0,0.0,0.0,1000.0,0,0,0.2207,-0.46199999999999997,-0.22199999999999998
40387,0.0,0.0,0.0,1000.0,0,0,0.24070000000000003,-0.46199999999999997,-0.22199999999999998
40388,0.0,0.0,0.0,1000.0,0,0,0.26070000000000004,-0.46199999999999997,-0.22199999999999998
40389,0.0,0.0,0.0,1000.0,0,0,0.2807,-0.46199999999999997,-0.22199999999999998
40390,0.0,0.0,0.0,1000.0,0,0,0.3007,-0.46199999999999997,-0.22199999999999998
40391,0.0,0.0,0.0,1000.0,0,0,0.3207,-0.46199999999999997,-0.22199999999999998
40392,0.0,0.0,0.0,1000.0,0,0,0.3407,-0.46199999999999997,-0.22199999999999998
40393,0.0,0.0,0.0,1000.0,0,0,0.3607,-0.46199999999999997,-0.22199999999999998
40394,0.0,0.0,0.0,1000.0,0,0,0.38070000000000004,-0.46199999999999997,-0.22199999999999998
40395,0.0,0.0,0.0,1000.0,0,0,0.4007,-0.46199999999999997,-0.22199999999999998
40396,0.0,0.0,0.0,1000.0,0,0,0.4207,-0.46199999999999997,-0.22199999999999998
40397,0.0,0.0,0.0,1000.0,0,0,0.44070000000000004,-0.46199999999999997,-0.22199999999999998
40398,0.0,0.0,0.0,1000.0,0,0,0.4607,-0.46199999999999997,-0.22199999999999998
40399,0.0,0.0,0.0,1000.0,0,0,0.4807,-0.46199999999999997,-0.22199999999999998
40400,0.0,0.0,0.0,1000.0,0,0,0.1607,-0.442,-0.22199999999999998
40401,0.0,0.0,0.0,1000.0,0,0,0.1807,-0.442,-0.22199999999999998
40402,0.0,0.0,0.0,1000.0,0,0,0.20070000000000002,-0.442,-0.22199999999999998
40403,0.0,0.0,0.0,1000.0,0,0,0.2207,-0.442,-0.22199999999999998
40404,0.0,0.0,0.0,1000.0,0,0,0.24070000000000003,-0.442,-0.22199999999999998
40405,0.0,0.0,0.0,1000.0,0,0,0.26070000000000004,-0.442,-0.22199999999999998
40406,0.0,0.0,0.0,1000.0,0,0,0.2807,-0.442,-0.22199999999999998
40407,0.0,0.0,0.0,1000.0,0,0,0.3007,-0.442,-0.22199999999999998
40408,0.0,0.0,0.0,1000.0,0,0,0.3207,-0.442,-0.22199999999999998
40409,0.0,0.0,0.0,1000.0,0,0,0.3407,-0.442,-0.22199999999999998
40410,0.0,0.0,0.0,1000.0,0,0,0.3607,-0.442,-0.22199999999999998
40411,0.0,0.0,0.0,1000.0,0,0,0.38070000000000004,-0.442,-0.22199999999999998
40412,0.0,0.0,0.0,1000.0,0,0,0.4007,-0.442,-0.22199999999999998
40413,0.0,0.0,0.0,1000.0,0,0,0.4207,-0.442,-0.22199999999999998
40414,0.0,0.0,0.0,1000.0,0,0,0.44070000000000004,-0.442,-0.22199999999999998
40415,0.0,0.0,0.0,1000.0,0,0,0.4607,-0.442,-0.22199999999999998
40416,0.0,0.0,0.0,1000.0,0,0,0.4807,-0.442,-0.22199999999999998
40417,0.0,0.0,0.0,1000.0,0,0,0.1607,-0.422,-0.22199999999999998
40418,0.0,0.0,0.0,1000.0,0,0,0.1807,-0.422,-0.22199999999999998
40419,0.0,0.0,0.0,1000.0,0,0,0.20070000000000002,-0.422,-0.22199999999999998
40420,0.0,0.0,0.0,1000.0,0,0,0.2207,-0.422,-0.22199999999999998
40421,0.0,0.0,0.0,1000.0,0,0,0.24070000000000003,-0.422,-0.22199999999999998
40422,0.0,0.0,0.0,1000.0,0,0,0.26070000000000004,-0.422,-0.22199999999999998
40423,0.0,0.0,0.0,1000.0,0,0,0.2807,-0.422,-0.22199999999999998
40424,0.0,0.0,0.0,1000.0,0,0,0.3007,-0.422,-0.22199999999999998
40425,0.0,0.0,0.0,1000.0,0,0,0.3207,-0.422,-0.22199999999999998
40426,0.0,0.0,0.0,1000.0,0,0,0.3407,-0.422,-0.22199999999999998
40427,0.0,0.0,0.0,1000.0,0,0,0.3607,-0.422,-0.22199999999999998
40428,0.0,0.0,0.0,1000.0,0,0,0.38070000000000004,-0.422,-0.22199999999999998
40429,0.0,0.0,0.0,1000.0,0,0,0.4007,-0.422,-0.22199999999999998
40430,0.0,0.0,0.0,1000.0,0,0,0.4207,-0.422,-0.22199999999999998
40431,0.0,0.0,0.0,1000.0,0,0,0.44070000000000004,-0.422,-0.22199999999999998
40432,0.0,0.0,0.0,1000.0,0,0,0.4607,-0.422,-0.22199999999999998
40433,0.0,0.0,0.0,1000.0,0,0,0.4807,-0.422,-0.22199999999999998
40434,0.0,0.0,0.0,1000.0,0,0,0.1607,-0.40199999999999997,-0.22199999999999998
40435,0.0,0.0,0.0,1000.0,0,0,0.1807,-0.40199999999999997,-0.22199999999999998
40436,0.0,0.0,0.0,1000.0,0,0,0.20070000000000002,-0.40199999999999997,-0.22199999999999998
40437,0.0,0.0,0.0,1000.0,0,0,0.2207,-0.40199999999999997,-0.22199999999999998
40438,0.0,0.0,0.0,1000.0,0,0,0.24070000000000003,-0.40199999999999997,-0.22199999999999998
40439,0.0,0.0,0.0,1000.0,0,0,0.26070000000000004,-0.40199999999999997,-0.22199999999999998
40440,0.0,0.0,0.0,1000.0,0,0,0.2807,-0.40199999999999997,-0.22199999999999998
40441,0.0,0.0,0.0,1000.0,0,0,0.3007,-0.40199999999999997,-0.22199999999999998
40442,0.0,0.0,0.0,1000.0,0,0,0.3207,-0.40199999999999997,-0.22199999999999998
40443,0.0,0.0,0.0,1000.0,0,0,0.3407,-0.40199999999999997,-0.22199999999999998
40444,0.0,0.0,0.0,1000.0,0,0,0.3607,-0.40199999999999997,-0.22199999999999998
40445,0.0,0.0,0.0,1000.0,0,0,0.38070000000000004,-0.40199999999999997,-0.22199999999999998
40446,0.0,0.0,0.0,1000.0,0,0,0.4007,-0.40199999999999997,-0.22199999999999998
40447,0.0,0.0,0.0,1000.0,0,0,0.4207,-0.40199999999999997,-0.22199999999999998
40448,0.0,0.0,0.0,1000.0,0,0,0.44070000000000004,-0.40199999999999997,-0.22199999999999998
40449,0.0,0.0,0.0,1000.0,0,0,0.4607,-0.40199999999999997,-0.22199999999999998
40450,0.0,0.0,0.0,1000.0,0,0,0.4807,-0.40199999999999997,-0.22199999999999998
40451,0.0,0.0,0.0,1000.0,0,0,0.1607,-0.382,-0.22199999999999998
40452,0.0,0.0,0.0,1000.0,0,0,0.1807,-0.382,-0.22199999999999998
40453,0.0,0.0,0.0,1000.0,0,0,0.20070000000000002,-0.382,-0.22199999999999998
40454,0.0,0.0,0.0,1000.0,0,0,0.2207,-0.382,-0.22199999999999998
40455,0.0,0.0,0.0,1000.0,0,0,0.24070000000000003,-0.382,-0.22199999999999998
40456,0.0,0.0,0.0,1000.0,0,0,0.26070000000000004,-0.382,-0.22199999999999998
40457,0.0,0.0,0.0,1000.0,0,0,0.2807,-0.382,-0.22199999999999998
40458,0.0,0.0,0.0,1000.0,0,0,0.3007,-0.382,-0.22199999999999998
40459,0.0,0.0,0.0,1000.0,0,0,0.3207,-0.382,-0.22199999999999998
40460,0.0,0.0,0.0,1000.0,0,0,0.3407,-0.382,-0.22199999999999998
40461,0.0,0.0,0.0,1000.0,0,0,0.3607,-0.382,-0.22199999999999998
40462,0.0,0.0,0.0,1000.0,0,0,0.38070000000000004,-0.382,-0.22199999999999998
40463,0.0,0.0,0.0,1000.0,0,0,0.4007,-0.382,-0.22199999999999998
40464,0.0,0.0,0.0,1000.0,0,0,0.4207,-0.382,-0.22199999999999998
40465,0.0,0.0,0.0,1000.0,0,0,0.44070000000000004,-0.382,-0.22199999999999998
40466,0.0,0.0,0.0,1000.0,0,0,0.4607,-0.382,-0.22199999999999998
40467,0.0,0.0,0.0,1000.0,0,0,0.4807,-0.382,-0.22199999999999998
40468,0.0,0.0,0.0,1000.0,0,0,0.1607,-0.362,-0.22199999999999998
40469,0.0,0.0,0.0,1000.0,0,0,0.1807,-0.362,-0.22199999999999998
40470,0.0,0.0,0.0,1000.0,0,0,0.20070000000000002,-0.362,-0.22199999999999998
40471,0.0,0.0,0.0,1000.0,0,0,0.2207,-0.362,-0.22199999999999998
40472,0.0,0.0,0.0,1000.0,0,0,0.24070000000000003,-0.362,-0.22199999999999998
40473,0.0,0.0,0.0,1000.0,0,0,0.26070000000000004,-0.362,-0.22199999999999998
40474,0.0,0.0,0.0,1000.0,0,0,0.2807,-0.362,-0.22199999999999998
40475,0.0,0.0,0.0,1000.0,0,0,0.3007,-0.362,-0.22199999999999998
40476,0.0,0.0,0.0,1000.0,0,0,0.3207,-0.362,-0.22199999999999998
40477,0.0,0.0,0.0,1000.0,0,0,0.3407,-0.362,-0.22199999999999998
40478,0.0,0.0,0.0,1000.0,0,0,0.3607,-0.362,-0.22199999999999998
40479,0.0,0.0,0.0,1000.0,0,0,0.38070000000000004,-0.362,-0.22199999999999998
40480,0.0,0.0,0.0,1000.0,0,0,0.4007,-0.362,-0.22199999999999998
40481,0.0,0.0,0.0,1000.0,0,0,0.4207,-0.362,-0.22199999999999998
40482,0.0,0.0,0.0,1000.0,0,0,0.44070000000000004,-0.362,-0.22199999999999998
40483,0.0,0.0,0.0,1000.0,0,0,0.4607,-0.362,-0.22199999999999998
40484,0.0,0.0,0.0,1000.0,0,0,0.4807,-0.362,-0.22199999999999998
40485,0.0,0.0,0.0,1000.0,0,0,0.1607,-0.34199999999999997,-0.22199999999999998
40486,0.0,0.0,0.0,1000.0,0,0,0.1807,-0.34199999999999997,-0.22199999999999998
40487,0.0,0.0,0.0,1000.0,0,0,0.20070000000000002,-0.34199999999999997,-0.22199999999999998
40488,0.0,0.0,0.0,1000.0,0,0,0.2207,-0.34199999999999997,-0.22199999999999998
40489,0.0,0.0,0.0,1000.0,0,0,0.24070000000000003,-0.34199999999999997,-0.22199999999999998
40490,0.0,0.0,0.0,1000.0,0,0,0.26070000000000004,-0.34199999999999997,-0.22199999999999998
40491,0.0,0.0,0.0,1000.0,0,0,0.2807,-0.34199999999999997,-0.22199999999999998
40492,0.0,0.0,0.0,1000.0,0,0,0.3007,-0.34199999999999997,-0.22199999999999998
40493,0.0,0.0,0.0,1000.0,0,0,0.3207,-0.34199999999999997,-0.22199999999999998
40494,0.0,0.0,0.0,1000.0,0,0,0.3407,-0.34199999999999997,-0.22199999999999998
40495,0.0,0.0,0.0,1000.0,0,0,0.3607,-0.34199999999999997,-0.22199999999999998
40496,0.0,0.0,0.0,1000.0,0,0,0.38070000000000004,-0.34199999999999997,-0.22199999999999998
40497,0.0,0.0,0.0,1000.0,0,0,0.4007,-0.34199999999999997,-0.22199999999999998
40498,0.0,0.0,0.0,1000.0,0,0,0.4207,-0.34199999999999997,-0.22199999999999998
40499,0.0,0.0,0.0,1000.0,0,0,0.44070000000000004,-0.34199999999999997,-0.22199999999999998
40500,0.0,0.0,0.0,1000.0,0,0,0.4607,-0.34199999999999997,-0.22199999999999998
40501,0.0,0.0,0.0,1000.0,0,0,0.4807,-0.34199999999999997,-0.22199999999999998
40502,0.0,0.0,0.0,1000.0,0,0,0.1607,-0.32199999999999995,-0.22199999999999998
40503,0.0,0.0,0.0,1000.0,0,0,0.1807,-0.32199999999999995,-0.22199999999999998
40504,0.0,0.0,0.0,1000.0,0,0,0.20070000000000002,-0.32199999999999995,-0.22199999999999998
40505,0.0,0.0,0.0,1000.0,0,0,0.2207,-0.32199999999999995,-0.22199999999999998
40506,0.0,0.0,0.0,1000.0,0,0,0.24070000000000003,-0.32199999999999995,-0.22199999999999998
40507,0.0,0.0,0.0,1000.0,0,0,0.26070000000000004,-0.32199999999999995,-0.22199999999999998
40508,0.0,0.0,0.0,1000.0,0,0,0.2807,-0.32199999999999995,-0.22199999999999998
40509,0.0,0.0,0.0,1000.0,0,0,0.3007,-0.32199999999999995,-0.22199999999999998
40510,0.0,0.0,0.0,1000.0,0,0,0.3207,-0.32199999999999995,-0.22199999999999998
40511,0.0,0.0,0.0,1000.0,0,0,0.3407,-0.32199999999999995,-0.22199999999999998
40512,0.0,0.0,0.0,1000.0,0,0,0.3607,-0.32199999999999995,-0.22199999999999998
40513,0.0,0.0,0.0,1000.0,0,0,0.38070000000000004,-0.32199999999999995,-0.22199999999999998
40514,0.0,0.0,0.0,1000.0,0,0,0.4007,-0.32199999999999995,-0.22199999999999998
40515,0.0,0.0,0.0,1000.0,0,0,0.4207,-0.32199999999999995,-0.22199999999999998
40516,0.0,0.0,0.0,1000.0,0,0,0.44070000000000004,-0.32199999999999995,-0.22199999999999998
40517,0.0,0.0,0.0,1000.0,0,0,0.4607,-0.32199999999999995,-0.22199999999999998
40518,0.0,0.0,0.0,1000.0,0,0,0.4807,-0.32199999999999995,-0.22199999999999998
40519,0.0,0.0,0.0,1000.0,0,0,0.1607,-0.302,-0.22199999999999998
40520,0.0,0.0,0.0,1000.0,0,0,0.1807,-0.302,-0.22199999999999998
40521,0.0,0.0,0.0,1000.0,0,0,0.20070000000000002,-0.302,-0.22199999999999998
40522,0.0,0.0,0.0,1000.0,0,0,0.2207,-0.302,-0.22199999999999998
40523,0.0,0.0,0.0,1000.0,0,0,0.24070000000000003,-0.302,-0.22199999999999998
40524,0.0,0.0,0.0,1000.0,0,0,0.26070000000000004,-0.302,-0.22199999999999998
40525,0.0,0.0,0.0,1000.0,0,0,0.2807,-0.302,-0.22199999999999998
40526,0.0,0.0,0.0,1000.0,0,0,0.3007,-0.302,-0.22199999999999998
40527,0.0,0.0,0.0,1000.0,0,0,0.3207,-0.302,-0.22199999999999998
40528,0.0,0.0,0.0,1000.0,0,0,0.3407,-0.302,-0.22199999999999998
40529,0.0,0.0,0.0,1000.0,0,0,0.3607,-0.302,-0.22199999999999998
40530,0.0,0.0,0.0,1000.0,0,0,0.38070000000000004,-0.302,-0.22199999999999998
40531,0.0,0.0,0.0,1000.0,0,0,0.4007,-0.302,-0.22199999999999998
40532,0.0,0.0,0.0,1000.0,0,0,0.4207,-0.302,-0.22199999999999998
40533,0.0,0.0,0.0,1000.0,0,0,0.44070000000000004,-0.302,-0.22199999999999998
40534,0.0,0.0,0.0,1000.0,0,0,0.4607,-0.302,-0.22199999999999998
40535,0.0,0.0,0.0,1000.0,0,0,0.4807,-0.302,-0.22199999999999998
40536,0.0,0.0,0.0,1000.0,0,0,0.1607,-0.282,-0.22199999999999998
40537,0.0,0.0,0.0,1000.0,0,0,0.1807,-0.282,-0.22199999999999998
40538,0.0,0.0,0.0,1000.0,0,0,0.20070000000000002,-0.282,-0.22199999999999998
40539,0.0,0.0,0.0,1000.0,0,0,0.2207,-0.282,-0.22199999999999998
40540,0.0,0.0,0.0,1000.0,0,0,0.24070000000000003,-0.282,-0.22199999999999998
40541,0.0,0.0,0.0,1000.0,0,0,0.26070000000000004,-0.282,-0.22199999999999998
40542,0.0,0.0,0.0,1000.0,0,0,0.2807,-0.282,-0.22199999999999998
40543,0.0,0.0,0.0,1000.0,0,0,0.3007,-0.282,-0.22199999999999998
40544,0.0,0.0,0.0,1000.0,0,0,0.3207,-0.282,-0.22199999999999998
40545,0.0,0.0,0.0,1000.0,0,0,0.3407,-0.282,-0.22199999999999998
40546,0.0,0.0,0.0,1000.0,0,0,0.3607,-0.282,-0.22199999999999998
40547,0.0,0.0,0.0,1000.0,0,0,0.38070000000000004,-0.282,-0.22199999999999998
40548,0.0,0.0,0.0,1000.0,0,0,0.4007,-0.282,-0.22199999999999998
40549,0.0,0.0,0.0,1000.0,0,0,0.4207,-0.282,-0.22199999999999998
40550,0.0,0.0,0.0,1000.0,0,0,0.44070000000000004,-0.282,-0.22199999999999998
40551,0.0,0.0,0.0,1000.0,0,0,0.4607,-0.282,-0.22199999999999998
40552,0.0,0.0,0.0,1000.0,0,0,0.4807,-0.282,-0.22199999999999998
40553,0.0,0.0,0.0,1000.0,0,0,0.1607,-0.262,-0.22199999999999998
40554,0.0,0.0,0.0,1000.0,0,0,0.1807,-0.262,-0.22199999999999998
40555,0.0,0.0,0.0,1000.0,0,0,0.20070000000000002,-0.262,-0.22199999999999998
40556,0.0,0.0,0.0,1000.0,0,0,0.2207,-0.262,-0.22199999999999998
40557,0.0,0.0,0.0,1000.0,0,0,0.24070000000000003,-0.262,-0.22199999999999998
40558,0.0,0.0,0.0,1000.0,0,0,0.26070000000000004,-0.262,-0.22199999999999998
40559,0.0,0.0,0.0,1000.0,0,0,0.2807,-0.262,-0.22199999999999998
40560,0.0,0.0,0.0,1000.0,0,0,0.3007,-0.262,-0.22199999999999998
40561,0.0,0.0,0.0,1000.0,0,0,0.3207,-0.262,-0.22199999999999998
40562,0.0,0.0,0.0,1000.0,0,0,0.3407,-0.262,-0.22199999999999998
40563,0.0,0.0,0.0,1000.0,0,0,0.3607,-0.262,-0.22199999999999998
40564,0.0,0.0,0.0,1000.0,0,0,0.38070000000000004,-0.262,-0.22199999999999998
40565,0.0,0.0,0.0,1000.0,0,0,0.4007,-0.262,-0.22199999999999998
40566,0.0,0.0,0.0,1000.0,0,0,0.4207,-0.262,-0.22199999999999998
40567,0.0,0.0,0.0,1000.0,0,0,0.44070000000000004,-0.262,-0.22199999999999998
40568,0.0,0.0,0.0,1000.0,0,0,0.4607,-0.262,-0.22199999999999998
40569,0.0,0.0,0.0,1000.0,0,0,0.4807,-0.262,-0.22199999999999998
40570,0.0,0.0,0.0,1000.0,0,0,0.1607,-0.242,-0.22199999999999998
40571,0.0,0.0,0.0,1000.0,0,0,0.1807,-0.242,-0.22199999999999998
40572,0.0,0.0,0.0,1000.0,0,0,0.20070000000000002,-0.242,-0.22199999999999998
40573,0.0,0.0,0.0,1000.0,0,0,0.2207,-0.242,-0.22199999999999998
40574,0.0,0.0,0.0,1000.0,0,0,0.24070000000000003,-0.242,-0.22199999999999998
40575,0.0,0.0,0.0,1000.0,0,0,0.26070000000000004,-0.242,-0.22199999999999998
40576,0.0,0.0,0.0,1000.0,0,0,0.2807,-0.242,-0.22199999999999998
40577,0.0,0.0,0.0,1000.0,0,0,0.3007,-0.242,-0.22199999999999998
40578,0.0,0.0,0.0,1000.0,0,0,0.3207,-0.242,-0.22199999999999998
40579,0.0,0.0,0.0,1000.0,0,0,0.3407,-0.242,-0.22199999999999998
40580,0.0,0.0,0.0,1000.0,0,0,0.3607,-0.242,-0.22199999999999998
40581,0.0,0.0,0.0,1000.0,0,0,0.38070000000000004,-0.242,-0.22199999999999998
40582,0.0,0.0,0.0,1000.0,0,0,0.4007,-0.242,-0.22199999999999998
40583,0.0,0.0,0.0,1000.0,0,0,0.4207,-0.242,-0.22199999999999998
40584,0.0,0.0,0.0,1000.0,0,0,0.44070000000000004,-0.242,-0.22199999999999998
40585,0.0,0.0,0.0,1000.0,0,0,0.4607,-0.242,-0.22199999999999998
40586,0.0,0.0,0.0,1000.0,0,0,0.4807,-0.242,-0.22199999999999998
40587,0.0,0.0,0.0,1000.0,0,0,0.1607,-0.22199999999999998,-0.22199999999999998
40588,0.0,0.0,0.0,1000.0,0,0,0.1807,-0.22199999999999998,-0.22199999999999998
40589,0.0,0.0,0.0,1000.0,0,0,0.20070000000000002,-0.22199999999999998,-0.22199999999999998
40590,0.0,0.0,0.0,1000.0,0,0,0.2207,-0.22199999999999998,-0.22199999999999998
40591,0.0,0.0,0.0,1000.0,0,0,0.24070000000000003,-0.22199999999999998,-0.22199999999999998
40592,0.0,0.0,0.0,1000.0,0,0,0.26070000000000004,-0.22199999999999998,-0.22199999999999998
40593,0.0,0.0,0.0,1000.0,0,0,0.2807,-0.22199999999999998,-0.22199999999999998
40594,0.0,0.0,0.0,1000.0,0,0,0.3007,-0.22199999999999998,-0.22199999999999998
40595,0.0,0.0,0.0,1000.0,0,0,0.3207,-0.22199999999999998,-0.22199999999999998
40596,0.0,0.0,0.0,1000.0,0,0,0.3407,-0.22199999999999998,-0.22199999999999998
40597,0.0,0.0,0.0,1000.0,0,0,0.3607,-0.22199999999999998,-0.22199999999999998
40598,0.0,0.0,0.0,1000.0,0,0,0.38070000000000004,-0.22199999999999998,-0.22199999999999998
40599,0.0,0.0,0.0,1000.0,0,0,0.4007,-0.22199999999999998,-0.22199999999999998
40600,0.0,0.0,0.0,1000.0,0,0,0.4207,-0.22199999999999998,-0.22199999999999998
40601,0.0,0.0,0.0,1000.0,0,0,0.44070000000000004,-0.22199999999999998,-0.22199999999999998
40602,0.0,0.0,0.0,1000.0,0,0,0.4607,-0.22199999999999998,-0.22199999999999998
40603,0.0,0.0,0.0,1000.0,0,0,0.4807,-0.22199999999999998,-0.22199999999999998
40604,0.0,0.0,0.0,1000.0,0,0,0.1607,-0.20199999999999996,-0.22199999999999998
40605,0.0,0.0,0.0,1000.0,0,0,0.1807,-0.20199999999999996,-0.22199999999999998
40606,0.0,0.0,0.0,1000.0,0,0,0.20070000000000002,-0.20199999999999996,-0.22199999999999998
40607,0.0,0.0,0.0,1000.0,0,0,0.2207,-0.20199999999999996,-0.22199999999999998
40608,0.0,0.0,0.0,1000.0,0,0,0.24070000000000003,-0.20199999999999996,-0.22199999999999998
40609,0.0,0.0,0.0,1000.0,0,0,0.26070000000000004,-0.20199999999999996,-0.22199999999999998
40610,0.0,0.0,0.0,1000.0,0,0,0.2807,-0.20199999999999996,-0.22199999999999998
40611,0.0,0.0,0.0,1000.0,0,0,0.3007,-0.20199999999999996,-0.22199999999999998
40612,0.0,0.0,0.0,1000.0,0,0,0.3207,-0.20199999999999996,-0.22199999999999998
40613,0.0,0.0,0.0,1000.0,0,0,0.3407,-0.20199999999999996,-0.22199999999999998
40614,0.0,0.0,0.0,1000.0,0,0,0.3607,-0.20199999999999996,-0.22199999999999998
40615,0.0,0.0,0.0,1000.0,0,0,0.38070000000000004,-0.20199999999999996,-0.22199999999999998
40616,0.0,0.0,0.0,1000.0,0,0,0.4007,-0.20199999999999996,-0.22199999999999998
40617,0.0,0.0,0.0,1000.0,0,0,0.4207,-0.20199999999999996,-0.22199999999999998
40618,0.0,0.0,0.0,1000.0,0,0,0.44070000000000004,-0.20199999999999996,-0.22199999999999998
40619,0.0,0.0,0.0,1000.0,0,0,0.4607,-0.20199999999999996,-0.22199999999999998
40620,0.0,0.0,0.0,1000.0,0,0,0.4807,-0.20199999999999996,-0.22199999999999998
40621,0.0,0.0,0.0,1000.0,0,0,0.1607,-0.182,-0.22199999999999998
40622,0.0,0.0,0.0,1000.0,0,0,0.1807,-0.182,-0.22199999999999998
40623,0.0,0.0,0.0,1000.0,0,0,0.20070000000000002,-0.182,-0.22199999999999998
40624,0.0,0.0,0.0,1000.0,0,0,0.2207,-0.182,-0.22199999999999998
40625,0.0,0.0,0.0,1000.0,0,0,0.24070000000000003,-0.182,-0.22199999999999998
40626,0.0,0.0,0.0,1000.0,0,0,0.26070000000000004,-0.182,-0.22199999999999998
40627,0.0,0.0,0.0,1000.0,0,0,0.2807,-0.182,-0.22199999999999998
40628,0.0,0.0,0.0,1000.0,0,0,0.3007,-0.182,-0.22199999999999998
40629,0.0,0.0,0.0,1000.0,0,0,0.3207,-0.182,-0.22199999999999998
40630,0.0,0.0,0.0,1000.0,0,0,0.3407,-0.182,-0.22199999999999998
40631,0.0,0.0,0.0,1000.0,0,0,0.3607,-0.182,-0.22199999999999998
40632,0.0,0.0,0.0,1000.0,0,0,0.38070000000000004,-0.182,-0.22199999999999998
40633,0.0,0.0,0.0,1000.0,0,0,0.4007,-0.182,-0.22199999999999998
40634,0.0,0.0,0.0,1000.0,0,0,0.4207,-0.182,-0.22199999999999998
40635,0.0,0.0,0.0,1000.0,0,0,0.44070000000000004,-0.182,-0.22199999999999998
40636,0.0,0.0,0.0,1000.0,0,0,0.4607,-0.182,-0.22199999999999998
40637,0.0,0.0,0.0,1000.0,0,0,0.4807,-0.182,-0.22199999999999998
40638,0.0,0.0,0.0,1000.0,0,0,0.1607,-0.16199999999999998,-0.22199999999999998
40639,0.0,0.0,0.0,1000.0,0,0,0.1807,-0.16199999999999998,-0.22199999999999998
40640,0.0,0.0,0.0,1000.0,0,0,0.20070000000000002,-0.16199999999999998,-0.22199999999999998
40641,0.0,0.0,0.0,1000.0,0,0,0.2207,-0.16199999999999998,-0.22199999999999998
40642,0.0,0.0,0.0,1000.0,0,0,0.24070000000000003,-0.16199999999999998,-0.22199999999999998
40643,0.0,0.0,0.0,1000.0,0,0,0.26070000000000004,-0.16199999999999998,-0.22199999999999998
40644,0.0,0.0,0.0,1000.0,0,0,0.2807,-0.16199999999999998,-0.22199999999999998
40645,0.0,0.0,0.0,1000.0,0,0,0.3007,-0.16199999999999998,-0.22199999999999998
40646,0.0,0.0,0.0,1000.0,0,0,0.3207,-0.16199999999999998,-0.22199999999999998
40647,0.0,0.0,0.0,1000.0,0,0,0.3407,-0.16199999999999998,-0.22199999999999998
40648,0.0,0.0,0.0,1000.0,0,0,0.3607,-0.16199999999999998,-0.22199999999999998
40649,0.0,0.0,0.0,1000.0,0,0,0.38070000000000004,-0.16199999999999998,-0.22199999999999998
40650,0.0,0.0,0.0,1000.0,0,0,0.4007,-0.16199999999999998,-0.22199999999999998
40651,0.0,0.0,0.0,1000.0,0,0,0.4207,-0.16199999999999998,-0.22199999999999998
40652,0.0,0.0,0.0,1000.0,0,0,0.44070000000000004,-0.16199999999999998,-0.22199999999999998
40653,0.0,0.0,0.0,1000.0,0,0,0.4607,-0.16199999999999998,-0.22199999999999998
40654,0.0,0.0,0.0,1000.0,0,0,0.4807,-0.16199999999999998,-0.22199999999999998
40655,0.0,0.0,0.0,1000.0,0,0,0.1607,-0.14199999999999996,-0.22199999999999998
40656,0.0,0.0,0.0,1000.0,0,0,0.1807,-0.14199999999999996,-0.22199999999999998
40657,0.0,0.0,0.0,1000.0,0,0,0.20070000000000002,-0.14199999999999996,-0.22199999999999998
40658,0.0,0.0,0.0,1000.0,0,0,0.2207,-0.14199999999999996,-0.22199999999999998
40659,0.0,0.0,0.0,1000.0,0,0,0.24070000000000003,-0.14199999999999996,-0.22199999999999998
40660,0.0,0.0,0.0,1000.0,0,0,0.26070000000000004,-0.14199999999999996,-0.22199999999999998
40661,0.0,0.0,0.0,1000.0,0,0,0.2807,-0.14199999999999996,-0.22199999999999998
40662,0.0,0.0,0.0,1000.0,0,0,0.3007,-0.14199999999999996,-0.22199999999999998
40663,0.0,0.0,0.0,1000.0,0,0,0.3207,-0.14199999999999996,-0.22199999999999998
40664,0.0,0.0,0.0,1000.0,0,0,0.3407,-0.14199999999999996,-0.22199999999999998
40665,0.0,0.0,0.0,1000.0,0,0,0.3607,-0.14199999999999996,-0.22199999999999998
40666,0.0,0.0,0.0,1000.0,0,0,0.38070000000000004,-0.14199999999999996,-0.22199999999999998
40667,0.0,0.0,0.0,1000.0,0,0,0.4007,-0.14199999999999996,-0.22199999999999998
40668,0.0,0.0,0.0,1000.0,0,0,0.4207,-0.14199999999999996,-0.22199999999999998
40669,0.0,0.0,0.0,1000.0,0,0,0.44070000000000004,-0.14199999999999996,-0.22199999999999998
40670,0.0,0.0,0.0,1000.0,0,0,0.4607,-0.14199999999999996,-0.22199999999999998
40671,0.0,0.0,0.0,1000.0,0,0,0.4807,-0.14199999999999996,-0.22199999999999998
40672,0.0,0.0,0.0,1000.0,0,0,0.1607,-0.122,-0.22199999999999998
40673,0.0,0.0,0.0,1000.0,0,0,0.1807,-0.122,-0.22199999999999998
40674,0.0,0.0,0.0,1000.0,0,0,0.20070000000000002,-0.122,-0.22199999999999998
40675,0.0,0.0,0.0,1000.0,0,0,0.2207,-0.122,-0.22199999999999998
40676,0.0,0.0,0.0,1000.0,0,0,0.24070000000000003,-0.122,-0.22199999999999998
40677,0.0,0.0,0.0,1000.0,0,0,0.26070000000000004,-0.122,-0.22199999999999998
40678,0.0,0.0,0.0,1000.0,0,0,0.2807,-0.122,-0.22199999999999998
40679,0.0,0.0,0.0,1000.0,0,0,0.3007,-0.122,-0.22199999999999998
40680,0.0,0.0,0.0,1000.0,0,0,0.3207,-0.122,-0.22199999999999998
40681,0.0,0.0,0.0,1000.0,0,0,0.3407,-0.122,-0.22199999999999998
40682,0.0,0.0,0.0,1000.0,0,0,0.3607,-0.122,-0.22199999999999998
40683,0.0,0.0,0.0,1000.0,0,0,0.38070000000000004,-0.122,-0.22199999999999998
40684,0.0,0.0,0.0,1000.0,0,0,0.4007,-0.122,-0.22199999999999998
40685,0.0,0.0,0.0,1000.0,0,0,0.4207,-0.122,-0.22199999999999998
40686,0.0,0.0,0.0,1000.0,0,0,0.44070000000000004,-0.122,-0.22199999999999998
40687,0.0,0.0,0.0,1000.0,0,0,0.4607,-0.122,-0.22199999999999998
40688,0.0,0.0,0.0,1000.0,0,0,0.4807,-0.122,-0.22199999999999998
40689,0.0,0.0,0.0,1000.0,0,0,0.1607,-0.10199999999999998,-0.22199999999999998
40690,0.0,0.0,0.0,1000.0,0,0,0.1807,-0.10199999999999998,-0.22199999999999998
40691,0.0,0.0,0.0,1000.0,0,0,0.20070000000000002,-0.10199999999999998,-0.22199999999999998
40692,0.0,0.0,0.0,1000.0,0,0,0.2207,-0.10199999999999998,-0.22199999999999998
40693,0.0,0.0,0.0,1000.0,0,0,0.24070000000000003,-0.10199999999999998,-0.22199999999999998
40694,0.0,0.0,0.0,1000.0,0,0,0.26070000000000004,-0.10199999999999998,-0.22199999999999998
40695,0.0,0.0,0.0,1000.0,0,0,0.2807,-0.10199999999999998,-0.22199999999999998
40696,0.0,0.0,0.0,1000.0,0,0,0.3007,-0.10199999999999998,-0.22199999999999998
40697,0.0,0.0,0.0,1000.0,0,0,0.3207,-0.10199999999999998,-0.22199999999999998
40698,0.0,0.0,0.0,1000.0,0,0,0.3407,-0.10199999999999998,-0.22199999999999998
40699,0.0,0.0,0.0,1000.0,0,0,0.3607,-0.10199999999999998,-0.22199999999999998
40700,0.0,0.0,0.0,1000.0,0,0,0.38070000000000004,-0.10199999999999998,-0.22199999999999998
40701,0.0,0.0,0.0,1000.0,0,0,0.4007,-0.10199999999999998,-0.22199999999999998
40702,0.0,0.0,0.0,1000.0,0,0,0.4207,-0.10199999999999998,-0.22199999999999998
40703,0.0,0.0,0.0,1000.0,0,0,0.44070000000000004,-0.10199999999999998,-0.22199999999999998
40704,0.0,0.0,0.0,1000.0,0,0,0.4607,-0.10199999999999998,-0.22199999999999998
40705,0.0,0.0,0.0,1000.0,0,0,0.4807,-0.10199999999999998,-0.22199999999999998
40706,0.0,0.0,0.0,1000.0,0,0,0.1607,-0.08199999999999996,-0.22199999999999998
40707,0.0,0.0,0.0,1000.0,0,0,0.1807,-0.08199999999999996,-0.22199999999999998
40708,0.0,0.0,0.0,1000.0,0,0,0.20070000000000002,-0.08199999999999996,-0.22199999999999998
40709,0.0,0.0,0.0,1000.0,0,0,0.2207,-0.08199999999999996,-0.22199999999999998
40710,0.0,0.0,0.0,1000.0,0,0,0.24070000000000003,-0.08199999999999996,-0.22199999999999998
40711,0.0,0.0,0.0,1000.0,0,0,0.26070000000000004,-0.08199999999999996,-0.22199999999999998
40712,0.0,0.0,0.0,1000.0,0,0,0.2807,-0.08199999999999996,-0.22199999999999998
40713,0.0,0.0,0.0,1000.0,0,0,0.3007,-0.08199999999999996,-0.22199999999999998
40714,0.0,0.0,0.0,1000.0,0,0,0.3207,-0.08199999999999996,-0.22199999999999998
40715,0.0,0.0,0.0,1000.0,0,0,0.3407,-0.08199999999999996,-0.22199999999999998
40716,0.0,0.0,0.0,1000.0,0,0,0.3607,-0.08199999999999996,-0.22199999999999998
40717,0.0,0.0,0.0,1000.0,0,0,0.38070000000000004,-0.08199999999999996,-0.22199999999999998
40718,0.0,0.0,0.0,1000.0,0,0,0.4007,-0.08199999999999996,-0.22199999999999998
40719,0.0,0.0,0.0,1000.0,0,0,0.4207,-0.08199999999999996,-0.22199999999999998
40720,0.0,0.0,0.0,1000.0,0,0,0.44070000000000004,-0.08199999999999996,-0.22199999999999998
40721,0.0,0.0,0.0,1000.0,0,0,0.4607,-0.08199999999999996,-0.22199999999999998
40722,0.0,0.0,0.0,1000.0,0,0,0.4807,-0.08199999999999996,-0.22199999999999998
40723,0.0,0.0,0.0,1000.0,0,0,0.1607,-0.062,-0.22199999999999998
40724,0.0,0.0,0.0,1000.0,0,0,0.1807,-0.062,-0.22199999999999998
40725,0.0,0.0,0.0,1000.0,0,0,0.20070000000000002,-0.062,-0.22199999999999998
40726,0.0,0.0,0.0,1000.0,0,0,0.2207,-0.062,-0.22199999999999998
40727,0.0,0.0,0.0,1000.0,0,0,0.24070000000000003,-0.062,-0.22199999999999998
40728,0.0,0.0,0.0,1000.0,0,0,0.26070000000000004,-0.062,-0.22199999999999998
40729,0.0,0.0,0.0,1000.0,0,0,0.2807,-0.062,-0.22199999999999998
40730,0.0,0.0,0.0,1000.0,0,0,0.3007,-0.062,-0.22199999999999998
40731,0.0,0.0,0.0,1000.0,0,0,0.3207,-0.062,-0.22199999999999998
40732,0.0,0.0,0.0,1000.0,0,0,0.3407,-0.062,-0.22199999999999998
40733,0.0,0.0,0.0,1000.0,0,0,0.3607,-0.062,-0.22199999999999998
40734,0.0,0.0,0.0,1000.0,0,0,0.38070000000000004,-0.062,-0.22199999999999998
40735,0.0,0.0,0.0,1000.0,0,0,0.4007,-0.062,-0.22199999999999998
40736,0.0,0.0,0.0,1000.0,0,0,0.4207,-0.062,-0.22199999999999998
40737,0.0,0.0,0.0,1000.0,0,0,0.44070000000000004,-0.062,-0.22199999999999998
40738,0.0,0.0,0.0,1000.0,0,0,0.4607,-0.062,-0.22199999999999998
40739,0.0,0.0,0.0,1000.0,0,0,0.4807,-0.062,-0.22199999999999998
40740,0.0,0.0,0.0,1000.0,0,0,0.1607,-0.04199999999999998,-0.22199999999999998
40741,0.0,0.0,0.0,1000.0,0,0,0.1807,-0.04199999999999998,-0.22199999999999998
40742,0.0,0.0,0.0,1000.0,0,0,0.20070000000000002,-0.04199999999999998,-0.22199999999999998
40743,0.0,0.0,0.0,1000.0,0,0,0.2207,-0.04199999999999998,-0.22199999999999998
40744,0.0,0.0,0.0,1000.0,0,0,0.24070000000000003,-0.04199999999999998,-0.22199999999999998
40745,0.0,0.0,0.0,1000.0,0,0,0.26070000000000004,-0.04199999999999998,-0.22199999999999998
40746,0.0,0.0,0.0,1000.0,0,0,0.2807,-0.04199999999999998,-0.22199999999999998
40747,0.0,0.0,0.0,1000.0,0,0,0.3007,-0.04199999999999998,-0.22199999999999998
40748,0.0,0.0,0.0,1000.0,0,0,0.3207,-0.04199999999999998,-0.22199999999999998
40749,0.0,0.0,0.0,1000.0,0,0,0.3407,-0.04199999999999998,-0.22199999999999998
40750,0.0,0.0,0.0,1000.0,0,0,0.3607,-0.04199999999999998,-0.22199999999999998
40751,0.0,0.0,0.0,1000.0,0,0,0.38070000000000004,-0.04199999999999998,-0.22199999999999998
40752,0.0,0.0,0.0,1000.0,0,0,0.4007,-0.04199999999999998,-0.22199999999999998
40753,0.0,0.0,0.0,1000.0,0,0,0.4207,-0.04199999999999998,-0.22199999999999998
40754,0.0,0.0,0.0,1000.0,0,0,0.44070000000000004,-0.04199999999999998,-0.22199999999999998
40755,0.0,0.0,0.0,1000.0,0,0,0.4607,-0.04199999999999998,-0.22199999999999998
40756,0.0,0.0,0.0,1000.0,0,0,0.4807,-0.04199999999999998,-0.22199999999999998
40757,0.0,0.0,0.0,1000.0,0,0,0.1607,-0.021999999999999964,-0.22199999999999998
40758,0.0,0.0,0.0,1000.0,0,0,0.1807,-0.021999999999999964,-0.22199999999999998
40759,0.0,0.0,0.0,1000.0,0,0,0.20070000000000002,-0.021999999999999964,-0.22199999999999998
40760,0.0,0.0,0.0,1000.0,0,0,0.2207,-0.021999999999999964,-0.22199999999999998
40761,0.0,0.0,0.0,1000.0,0,0,0.24070000000000003,-0.021999999999999964,-0.22199999999999998
40762,0.0,0.0,0.0,1000.0,0,0,0.26070000000000004,-0.021999999999999964,-0.22199999999999998
40763,0.0,0.0,0.0,1000.0,0,0,0.2807,-0.021999999999999964,-0.22199999999999998
40764,0.0,0.0,0.0,1000.0,0,0,0.3007,-0.021999999999999964,-0.22199999999999998
40765,0.0,0.0,0.0,1000.0,0,0,0.3207,-0.021999999999999964,-0.22199999999999998
40766,0.0,0.0,0.0,1000.0,0,0,0.3407,-0.021999999999999964,-0.22199999999999998
40767,0.0,0.0,0.0,1000.0,0,0,0.3607,-0.021999999999999964,-0.22199999999999998
40768,0.0,0.0,0.0,1000.0,0,0,0.38070000000000004,-0.021999999999999964,-0.22199999999999998
40769,0.0,0.0,0.0,1000.0,0,0,0.4007,-0.021999999999999964,-0.22199999999999998
40770,0.0,0.0,0.0,1000.0,0,0,0.4207,-0.021999999999999964,-0.22199999999999998
40771,0.0,0.0,0.0,1000.0,0,0,0.44070000000000004,-0.021999999999999964,-0.22199999999999998
40772,0.0,0.0,0.0,1000.0,0,0,0.4607,-0.021999999999999964,-0.22199999999999998
40773,0.0,0.0,0.0,1000.0,0,0,0.4807,-0.021999999999999964,-0.22199999999999998
40774,0.0,0.0,0.0,1000.0,0,0,0.1607,-0.0020000000000000018,-0.22199999999999998
40775,0.0,0.0,0.0,1000.0,0,0,0.1807,-0.0020000000000000018,-0.22199999999999998
40776,0.0,0.0,0.0,1000.0,0,0,0.20070000000000002,-0.0020000000000000018,-0.22199999999999998
40777,0.0,0.0,0.0,1000.0,0,0,0.2207,-0.0020000000000000018,-0.22199999999999998
40778,0.0,0.0,0.0,1000.0,0,0,0.24070000000000003,-0.0020000000000000018,-0.22199999999999998
40779,0.0,0.0,0.0,1000.0,0,0,0.26070000000000004,-0.0020000000000000018,-0.22199999999999998
40780,0.0,0.0,0.0,1000.0,0,0,0.2807,-0.0020000000000000018,-0.22199999999999998
40781,0.0,0.0,0.0,1000.0,0,0,0.3007,-0.0020000000000000018,-0.22199999999999998
40782,0.0,0.0,0.0,1000.0,0,0,0.3207,-0.0020000000000000018,-0.22199999999999998
40783,0.0,0.0,0.0,1000.0,0,0,0.3407,-0.0020000000000000018,-0.22199999999999998
40784,0.0,0.0,0.0,1000.0,0,0,0.3607,-0.0020000000000000018,-0.22199999999999998
40785,0.0,0.0,0.0,1000.0,0,0,0.38070000000000004,-0.0020000000000000018,-0.22199999999999998
40786,0.0,0.0,0.0,1000.0,0,0,0.4007,-0.0020000000000000018,-0.22199999999999998
40787,0.0,0.0,0.0,1000.0,0,0,0.4207,-0.0020000000000000018,-0.22199999999999998
40788,0.0,0.0,0.0,1000.0,0,0,0.44070000000000004,-0.0020000000000000018,-0.22199999999999998
40789,0.0,0.0,0.0,1000.0,0,0,0.4607,-0.0020000000000000018,-0.22199999999999998
40790,0.0,0.0,0.0,1000.0,0,0,0.4807,-0.0020000000000000018,-0.22199999999999998
40791,0.0,0.0,0.0,1000.0,0,0,0.1607,0.018000000000000016,-0.22199999999999998
40792,0.0,0.0,0.0,1000.0,0,0,0.1807,0.018000000000000016,-0.22199999999999998
40793,0.0,0.0,0.0,1000.0,0,0,0.20070000000000002,0.018000000000000016,-0.22199999999999998
40794,0.0,0.0,0.0,1000.0,0,0,0.2207,0.018000000000000016,-0.22199999999999998
40795,0.0,0.0,0.0,1000.0,0,0,0.24070000000000003,0.018000000000000016,-0.22199999999999998
40796,0.0,0.0,0.0,1000.0,0,0,0.26070000000000004,0.018000000000000016,-0.22199999999999998
40797,0.0,0.0,0.0,1000.0,0,0,0.2807,0.018000000000000016,-0.22199999999999998
40798,0.0,0.0,0.0,1000.0,0,0,0.3007,0.018000000000000016,-0.22199999999999998
40799,0.0,0.0,0.0,1000.0,0,0,0.3207,0.018000000000000016,-0.22199999999999998
40800,0.0,0.0,0.0,1000.0,0,0,0.3407,0.018000000000000016,-0.22199999999999998
40801,0.0,0.0,0.0,1000.0,0,0,0.3607,0.018000000000000016,-0.22199999999999998
40802,0.0,0.0,0.0,1000.0,0,0,0.38070000000000004,0.018000000000000016,-0.22199999999999998
40803,0.0,0.0,0.0,1000.0,0,0,0.4007,0.018000000000000016,-0.22199999999999998
40804,0.0,0.0,0.0,1000.0,0,0,0.4207,0.018000000000000016,-0.22199999999999998
40805,0.0,0.0,0.0,1000.0,0,0,0.44070000000000004,0.018000000000000016,-0.22199999999999998
40806,0.0,0.0,0.0,1000.0,0,0,0.4607,0.018000000000000016,-0.22199999999999998
40807,0.0,0.0,0.0,1000.0,0,0,0.4807,0.018000000000000016,-0.22199999999999998
40808,0.0,0.0,0.0,1000.0,0,0,0.1607,0.038000000000000034,-0.22199999999999998
40809,0.0,0.0,0.0,1000.0,0,0,0.1807,0.038000000000000034,-0.22199999999999998
40810,0.0,0.0,0.0,1000.0,0,0,0.20070000000000002,0.038000000000000034,-0.22199999999999998
40811,0.0,0.0,0.0,1000.0,0,0,0.2207,0.038000000000000034,-0.22199999999999998
40812,0.0,0.0,0.0,1000.0,0,0,0.24070000000000003,0.038000000000000034,-0.22199999999999998
40813,0.0,0.0,0.0,1000.0,0,0,0.26070000000000004,0.038000000000000034,-0.22199999999999998
40814,0.0,0.0,0.0,1000.0,0,0,0.2807,0.038000000000000034,-0.22199999999999998
40815,0.0,0.0,0.0,1000.0,0,0,0.3007,0.038000000000000034,-0.22199999999999998
40816,0.0,0.0,0.0,1000.0,0,0,0.3207,0.038000000000000034,-0.22199999999999998
40817,0.0,0.0,0.0,1000.0,0,0,0.3407,0.038000000000000034,-0.22199999999999998
40818,0.0,0.0,0.0,1000.0,0,0,0.3607,0.038000000000000034,-0.22199999999999998
40819,0.0,0.0,0.0,1000.0,0,0,0.38070000000000004,0.038000000000000034,-0.22199999999999998
40820,0.0,0.0,0.0,1000.0,0,0,0.4007,0.038000000000000034,-0.22199999999999998
40821,0.0,0.0,0.0,1000.0,0,0,0.4207,0.038000000000000034,-0.22199999999999998
40822,0.0,0.0,0.0,1000.0,0,0,0.44070000000000004,0.038000000000000034,-0.22199999999999998
40823,0.0,0.0,0.0,1000.0,0,0,0.4607,0.038000000000000034,-0.22199999999999998
40824,0.0,0.0,0.0,1000.0,0,0,0.4807,0.038000000000000034,-0.22199999999999998
40825,0.0,0.0,0.0,1000.0,0,0,0.1607,0.05800000000000005,-0.22199999999999998
40826,0.0,0.0,0.0,1000.0,0,0,0.1807,0.05800000000000005,-0.22199999999999998
40827,0.0,0.0,0.0,1000.0,0,0,0.20070000000000002,0.05800000000000005,-0.22199999999999998
40828,0.0,0.0,0.0,1000.0,0,0,0.2207,0.05800000000000005,-0.22199999999999998
40829,0.0,0.0,0.0,1000.0,0,0,0.24070000000000003,0.05800000000000005,-0.22199999999999998
40830,0.0,0.0,0.0,1000.0,0,0,0.26070000000000004,0.05800000000000005,-0.22199999999999998
40831,0.0,0.0,0.0,1000.0,0,0,0.2807,0.05800000000000005,-0.22199999999999998
40832,0.0,0.0,0.0,1000.0,0,0,0.3007,0.05800000000000005,-0.22199999999999998
40833,0.0,0.0,0.0,1000.0,0,0,0.3207,0.05800000000000005,-0.22199999999999998
40834,0.0,0.0,0.0,1000.0,0,0,0.3407,0.05800000000000005,-0.22199999999999998
40835,0.0,0.0,0.0,1000.0,0,0,0.3607,0.05800000000000005,-0.22199999999999998
40836,0.0,0.0,0.0,1000.0,0,0,0.38070000000000004,0.05800000000000005,-0.22199999999999998
40837,0.0,0.0,0.0,1000.0,0,0,0.4007,0.05800000000000005,-0.22199999999999998
40838,0.0,0.0,0.0,1000.0,0,0,0.4207,0.05800000000000005,-0.22199999999999998
40839,0.0,0.0,0.0,1000.0,0,0,0.44070000000000004,0.05800000000000005,-0.22199999999999998
40840,0.0,0.0,0.0,1000.0,0,0,0.4607,0.05800000000000005,-0.22199999999999998
40841,0.0,0.0,0.0,1000.0,0,0,0.4807,0.05800000000000005,-0.22199999999999998
40842,0.0,0.0,0.0,1000.0,0,0,0.1607,0.07800000000000007,-0.22199999999999998
40843,0.0,0.0,0.0,1000.0,0,0,0.1807,0.07800000000000007,-0.22199999999999998
40844,0.0,0.0,0.0,1000.0,0,0,0.20070000000000002,0.07800000000000007,-0.22199999999999998
40845,0.0,0.0,0.0,1000.0,0,0,0.2207,0.07800000000000007,-0.22199999999999998
40846,0.0,0.0,0.0,1000.0,0,0,0.24070000000000003,0.07800000000000007,-0.22199999999999998
40847,0.0,0.0,0.0,1000.0,0,0,0.26070000000000004,0.07800000000000007,-0.22199999999999998
40848,0.0,0.0,0.0,1000.0,0,0,0.2807,0.07800000000000007,-0.22199999999999998
40849,0.0,0.0,0.0,1000.0,0,0,0.3007,0.07800000000000007,-0.22199999999999998
40850,0.0,0.0,0.0,1000.0,0,0,0.3207,0.07800000000000007,-0.22199999999999998
40851,0.0,0.0,0.0,1000.0,0,0,0.3407,0.07800000000000007,-0.22199999999999998
40852,0.0,0.0,0.0,1000.0,0,0,0.3607,0.07800000000000007,-0.22199999999999998
40853,0.0,0.0,0.0,1000.0,0,0,0.38070000000000004,0.07800000000000007,-0.22199999999999998
40854,0.0,0.0,0.0,1000.0,0,0,0.4007,0.07800000000000007,-0.22199999999999998
40855,0.0,0.0,0.0,1000.0,0,0,0.4207,0.07800000000000007,-0.22199999999999998
40856,0.0,0.0,0.0,1000.0,0,0,0.44070000000000004,0.07800000000000007,-0.22199999999999998
40857,0.0,0.0,0.0,1000.0,0,0,0.4607,0.07800000000000007,-0.22199999999999998
40858,0.0,0.0,0.0,1000.0,0,0,0.4807,0.07800000000000007,-0.22199999999999998
40859,0.0,0.0,0.0,1000.0,0,0,0.1607,0.09799999999999998,-0.22199999999999998
40860,0.0,0.0,0.0,1000.0,0,0,0.1807,0.09799999999999998,-0.22199999999999998
40861,0.0,0.0,0.0,1000.0,0,0,0.20070000000000002,0.09799999999999998,-0.22199999999999998
40862,0.0,0.0,0.0,1000.0,0,0,0.2207,0.09799999999999998,-0.22199999999999998
40863,0.0,0.0,0.0,1000.0,0,0,0.24070000000000003,0.09799999999999998,-0.22199999999999998
40864,0.0,0.0,0.0,1000.0,0,0,0.26070000000000004,0.09799999999999998,-0.22199999999999998
40865,0.0,0.0,0.0,1000.0,0,0,0.2807,0.09799999999999998,-0.22199999999999998
40866,0.0,0.0,0.0,1000.0,0,0,0.3007,0.09799999999999998,-0.22199999999999998
40867,0.0,0.0,0.0,1000.0,0,0,0.3207,0.09799999999999998,-0.22199999999999998
40868,0.0,0.0,0.0,1000.0,0,0,0.3407,0.09799999999999998,-0.22199999999999998
40869,0.0,0.0,0.0,1000.0,0,0,0.3607,0.09799999999999998,-0.22199999999999998
40870,0.0,0.0,0.0,1000.0,0,0,0.38070000000000004,0.09799999999999998,-0.22199999999999998
40871,0.0,0.0,0.0,1000.0,0,0,0.4007,0.09799999999999998,-0.22199999999999998
40872,0.0,0.0,0.0,1000.0,0,0,0.4207,0.09799999999999998,-0.22199999999999998
40873,0.0,0.0,0.0,1000.0,0,0,0.44070000000000004,0.09799999999999998,-0.22199999999999998
40874,0.0,0.0,0.0,1000.0,0,0,0.4607,0.09799999999999998,-0.22199999999999998
40875,0.0,0.0,0.0,1000.0,0,0,0.4807,0.09799999999999998,-0.22199999999999998
40876,0.0,0.0,0.0,1000.0,0,0,0.1607,0.118,-0.22199999999999998
40877,0.0,0.0,0.0,1000.0,0,0,0.1807,0.118,-0.22199999999999998
40878,0.0,0.0,0.0,1000.0,0,0,0.20070000000000002,0.118,-0.22199999999999998
40879,0.0,0.0,0.0,1000.0,0,0,0.2207,0.118,-0.22199999999999998
40880,0.0,0.0,0.0,1000.0,0,0,0.24070000000000003,0.118,-0.22199999999999998
40881,0.0,0.0,0.0,1000.0,0,0,0.26070000000000004,0.118,-0.22199999999999998
40882,0.0,0.0,0.0,1000.0,0,0,0.2807,0.118,-0.22199999999999998
40883,0.0,0.0,0.0,1000.0,0,0,0.3007,0.118,-0.22199999999999998
40884,0.0,0.0,0.0,1000.0,0,0,0.3207,0.118,-0.22199999999999998
40885,0.0,0.0,0.0,1000.0,0,0,0.3407,0.118,-0.22199999999999998
40886,0.0,0.0,0.0,1000.0,0,0,0.3607,0.118,-0.22199999999999998
40887,0.0,0.0,0.0,1000.0,0,0,0.38070000000000004,0.118,-0.22199999999999998
40888,0.0,0.0,0.0,1000.0,0,0,0.4007,0.118,-0.22199999999999998
40889,0.0,0.0,0.0,1000.0,0,0,0.4207,0.118,-0.22199999999999998
40890,0.0,0.0,0.0,1000.0,0,0,0.44070000000000004,0.118,-0.22199999999999998
40891,0.0,0.0,0.0,1000.0,0,0,0.4607,0.118,-0.22199999999999998
40892,0.0,0.0,0.0,1000.0,0,0,0.4807,0.118,-0.22199999999999998
40893,0.0,0.0,0.0,1000.0,0,0,0.1607,0.138,-0.22199999999999998
40894,0.0,0.0,0.0,1000.0,0,0,0.1807,0.138,-0.22199999999999998
40895,0.0,0.0,0.0,1000.0,0,0,0.20070000000000002,0.138,-0.22199999999999998
40896,0.0,0.0,0.0,1000.0,0,0,0.2207,0.138,-0.22199999999999998
40897,0.0,0.0,0.0,1000.0,0,0,0.24070000000000003,0.138,-0.22199999999999998
40898,0.0,0.0,0.0,1000.0,0,0,0.26070000000000004,0.138,-0.22199999999999998
40899,0.0,0.0,0.0,1000.0,0,0,0.2807,0.138,-0.22199999999999998
40900,0.0,0.0,0.0,1000.0,0,0,0.3007,0.138,-0.22199999999999998
40901,0.0,0.0,0.0,1000.0,0,0,0.3207,0.138,-0.22199999999999998
40902,0.0,0.0,0.0,1000.0,0,0,0.3407,0.138,-0.22199999999999998
40903,0.0,0.0,0.0,1000.0,0,0,0.3607,0.138,-0.22199999999999998
40904,0.0,0.0,0.0,1000.0,0,0,0.38070000000000004,0.138,-0.22199999999999998
40905,0.0,0.0,0.0,1000.0,0,0,0.4007,0.138,-0.22199999999999998
40906,0.0,0.0,0.0,1000.0,0,0,0.4207,0.138,-0.22199999999999998
40907,0.0,0.0,0.0,1000.0,0,0,0.44070000000000004,0.138,-0.22199999999999998
40908,0.0,0.0,0.0,1000.0,0,0,0.4607,0.138,-0.22199999999999998
40909,0.0,0.0,0.0,1000.0,0,0,0.4807,0.138,-0.22199999999999998
40910,0.0,0.0,0.0,1000.0,0,0,0.1607,0.15800000000000003,-0.22199999999999998
40911,0.0,0.0,0.0,1000.0,0,0,0.1807,0.15800000000000003,-0.22199999999999998
40912,0.0,0.0,0.0,1000.0,0,0,0.20070000000000002,0.15800000000000003,-0.22199999999999998
40913,0.0,0.0,0.0,1000.0,0,0,0.2207,0.15800000000000003,-0.22199999999999998
40914,0.0,0.0,0.0,1000.0,0,0,0.24070000000000003,0.15800000000000003,-0.22199999999999998
40915,0.0,0.0,0.0,1000.0,0,0,0.26070000000000004,0.15800000000000003,-0.22199999999999998
40916,0.0,0.0,0.0,1000.0,0,0,0.2807,0.15800000000000003,-0.22199999999999998
40917,0.0,0.0,0.0,1000.0,0,0,0.3007,0.15800000000000003,-0.22199999999999998
40918,0.0,0.0,0.0,1000.0,0,0,0.3207,0.15800000000000003,-0.22199999999999998
40919,0.0,0.0,0.0,1000.0,0,0,0.3407,0.15800000000000003,-0.22199999999999998
40920,0.0,0.0,0.0,1000.0,0,0,0.3607,0.15800000000000003,-0.22199999999999998
40921,0.0,0.0,0.0,1000.0,0,0,0.38070000000000004,0.15800000000000003,-0.22199999999999998
40922,0.0,0.0,0.0,1000.0,0,0,0.4007,0.15800000000000003,-0.22199999999999998
40923,0.0,0.0,0.0,1000.0,0,0,0.4207,0.15800000000000003,-0.22199999999999998
40924,0.0,0.0,0.0,1000.0,0,0,0.44070000000000004,0.15800000000000003,-0.22199999999999998
40925,0.0,0.0,0.0,1000.0,0,0,0.4607,0.15800000000000003,-0.22199999999999998
40926,0.0,0.0,0.0,1000.0,0,0,0.4807,0.15800000000000003,-0.22199999999999998
40927,0.0,0.0,0.0,1000.0,0,0,0.1607,0.17800000000000005,-0.22199999999999998
40928,0.0,0.0,0.0,1000.0,0,0,0.1807,0.17800000000000005,-0.22199999999999998
40929,0.0,0.0,0.0,1000.0,0,0,0.20070000000000002,0.17800000000000005,-0.22199999999999998
40930,0.0,0.0,0.0,1000.0,0,0,0.2207,0.17800000000000005,-0.22199999999999998
40931,0.0,0.0,0.0,1000.0,0,0,0.24070000000000003,0.17800000000000005,-0.22199999999999998
40932,0.0,0.0,0.0,1000.0,0,0,0.26070000000000004,0.17800000000000005,-0.22199999999999998
40933,0.0,0.0,0.0,1000.0,0,0,0.2807,0.17800000000000005,-0.22199999999999998
40934,0.0,0.0,0.0,1000.0,0,0,0.3007,0.17800000000000005,-0.22199999999999998
40935,0.0,0.0,0.0,1000.0,0,0,0.3207,0.17800000000000005,-0.22199999999999998
40936,0.0,0.0,0.0,1000.0,0,0,0.3407,0.17800000000000005,-0.22199999999999998
40937,0.0,0.0,0.0,1000.0,0,0,0.3607,0.17800000000000005,-0.22199999999999998
40938,0.0,0.0,0.0,1000.0,0,0,0.38070000000000004,0.17800000000000005,-0.22199999999999998
40939,0.0,0.0,0.0,1000.0,0,0,0.4007,0.17800000000000005,-0.22199999999999998
40940,0.0,0.0,0.0,1000.0,0,0,0.4207,0.17800000000000005,-0.22199999999999998
40941,0.0,0.0,0.0,1000.0,0,0,0.44070000000000004,0.17800000000000005,-0.22199999999999998
40942,0.0,0.0,0.0,1000.0,0,0,0.4607,0.17800000000000005,-0.22199999999999998
40943,0.0,0.0,0.0,1000.0,0,0,0.4807,0.17800000000000005,-0.22199999999999998
40944,0.0,0.0,0.0,1000.0,0,0,0.1607,0.19800000000000006,-0.22199999999999998
40945,0.0,0.0,0.0,1000.0,0,0,0.1807,0.19800000000000006,-0.22199999999999998
40946,0.0,0.0,0.0,1000.0,0,0,0.20070000000000002,0.19800000000000006,-0.22199999999999998
40947,0.0,0.0,0.0,1000.0,0,0,0.2207,0.19800000000000006,-0.22199999999999998
40948,0.0,0.0,0.0,1000.0,0,0,0.24070000000000003,0.19800000000000006,-0.22199999999999998
40949,0.0,0.0,0.0,1000.0,0,0,0.26070000000000004,0.19800000000000006,-0.22199999999999998
40950,0.0,0.0,0.0,1000.0,0,0,0.2807,0.19800000000000006,-0.22199999999999998
40951,0.0,0.0,0.0,1000.0,0,0,0.3007,0.19800000000000006,-0.22199999999999998
40952,0.0,0.0,0.0,1000.0,0,0,0.3207,0.19800000000000006,-0.22199999999999998
40953,0.0,0.0,0.0,1000.0,0,0,0.3407,0.19800000000000006,-0.22199999999999998
40954,0.0,0.0,0.0,1000.0,0,0,0.3607,0.19800000000000006,-0.22199999999999998
40955,0.0,0.0,0.0,1000.0,0,0,0.38070000000000004,0.19800000000000006,-0.22199999999999998
40956,0.0,0.0,0.0,1000.0,0,0,0.4007,0.19800000000000006,-0.22199999999999998
40957,0.0,0.0,0.0,1000.0,0,0,0.4207,0.19800000000000006,-0.22199999999999998
40958,0.0,0.0,0.0,1000.0,0,0,0.44070000000000004,0.19800000000000006,-0.22199999999999998
40959,0.0,0.0,0.0,1000.0,0,0,0.4607,0.19800000000000006,-0.22199999999999998
40960,0.0,0.0,0.0,1000.0,0,0,0.4807,0.19800000000000006,-0.22199999999999998
40961,0.0,0.0,0.0,1000.0,0,0,0.1607,0.21800000000000008,-0.22199999999999998
40962,0.0,0.0,0.0,1000.0,0,0,0.1807,0.21800000000000008,-0.22199999999999998
40963,0.0,0.0,0.0,1000.0,0,0,0.20070000000000002,0.21800000000000008,-0.22199999999999998
40964,0.0,0.0,0.0,1000.0,0,0,0.2207,0.21800000000000008,-0.22199999999999998
40965,0.0,0.0,0.0,1000.0,0,0,0.24070000000000003,0.21800000000000008,-0.22199999999999998
40966,0.0,0.0,0.0,1000.0,0,0,0.26070000000000004,0.21800000000000008,-0.22199999999999998
40967,0.0,0.0,0.0,1000.0,0,0,0.2807,0.21800000000000008,-0.22199999999999998
40968,0.0,0.0,0.0,1000.0,0,0,0.3007,0.21800000000000008,-0.22199999999999998
40969,0.0,0.0,0.0,1000.0,0,0,0.3207,0.21800000000000008,-0.22199999999999998
40970,0.0,0.0,0.0,1000.0,0,0,0.3407,0.21800000000000008,-0.22199999999999998
40971,0.0,0.0,0.0,1000.0,0,0,0.3607,0.21800000000000008,-0.22199999999999998
40972,0.0,0.0,0.0,1000.0,0,0,0.38070000000000004,0.21800000000000008,-0.22199999999999998
40973,0.0,0.0,0.0,1000.0,0,0,0.4007,0.21800000000000008,-0.22199999999999998
40974,0.0,0.0,0.0,1000.0,0,0,0.4207,0.21800000000000008,-0.22199999999999998
40975,0.0,0.0,0.0,1000.0,0,0,0.44070000000000004,0.21800000000000008,-0.22199999999999998
40976,0.0,0.0,0.0,1000.0,0,0,0.4607,0.21800000000000008,-0.22199999999999998
40977,0.0,0.0,0.0,1000.0,0,0,0.4807,0.21800000000000008,-0.22199999999999998
40978,0.0,0.0,0.0,1000.0,0,0,0.1607,0.238,-0.22199999999999998
40979,0.0,0.0,0.0,1000.0,0,0,0.1807,0.238,-0.22199999999999998
40980,0.0,0.0,0.0,1000.0,0,0,0.20070000000000002,0.238,-0.22199999999999998
40981,0.0,0.0,0.0,1000.0,0,0,0.2207,0.238,-0.22199999999999998
40982,0.0,0.0,0.0,1000.0,0,0,0.24070000000000003,0.238,-0.22199999999999998
40983,0.0,0.0,0.0,1000.0,0,0,0.26070000000000004,0.238,-0.22199999999999998
40984,0.0,0.0,0.0,1000.0,0,0,0.2807,0.238,-0.22199999999999998
40985,0.0,0.0,0.0,1000.0,0,0,0.3007,0.238,-0.22199999999999998
40986,0.0,0.0,0.0,1000.0,0,0,0.3207,0.238,-0.22199999999999998
40987,0.0,0.0,0.0,1000.0,0,0,0.3407,0.238,-0.22199999999999998
40988,0.0,0.0,0.0,1000.0,0,0,0.3607,0.238,-0.22199999999999998
40989,0.0,0.0,0.0,1000.0,0,0,0.38070000000000004,0.238,-0.22199999999999998
40990,0.0,0.0,0.0,1000.0,0,0,0.4007,0.238,-0.22199999999999998
40991,0.0,0.0,0.0,1000.0,0,0,0.4207,0.238,-0.22199999999999998
40992,0.0,0.0,0.0,1000.0,0,0,0.44070000000000004,0.238,-0.22199999999999998
40993,0.0,0.0,0.0,1000.0,0,0,0.4607,0.238,-0.22199999999999998
40994,0.0,0.0,0.0,1000.0,0,0,0.4807,0.238,-0.22199999999999998
40995,0.0,0.0,0.0,1000.0,0,0,0.1607,0.258,-0.22199999999999998
40996,0.0,0.0,0.0,1000.0,0,0,0.1807,0.258,-0.22199999999999998
40997,0.0,0.0,0.0,1000.0,0,0,0.20070000000000002,0.258,-0.22199999999999998
40998,0.0,0.0,0.0,1000.0,0,0,0.2207,0.258,-0.22199999999999998
40999,0.0,0.0,0.0,1000.0,0,0,0.24070000000000003,0.258,-0.22199999999999998
41000,0.0,0.0,0.0,1000.0,0,0,0.26070000000000004,0.258,-0.22199999999999998
41001,0.0,0.0,0.0,1000.0,0,0,0.2807,0.258,-0.22199999999999998
41002,0.0,0.0,0.0,1000.0,0,0,0.3007,0.258,-0.22199999999999998
41003,0.0,0.0,0.0,1000.0,0,0,0.3207,0.258,-0.22199999999999998
41004,0.0,0.0,0.0,1000.0,0,0,0.3407,0.258,-0.22199999999999998
41005,0.0,0.0,0.0,1000.0,0,0,0.3607,0.258,-0.22199999999999998
41006,0.0,0.0,0.0,1000.0,0,0,0.38070000000000004,0.258,-0.22199999999999998
41007,0.0,0.0,0.0,1000.0,0,0,0.4007,0.258,-0.22199999999999998
41008,0.0,0.0,0.0,1000.0,0,0,0.4207,0.258,-0.22199999999999998
41009,0.0,0.0,0.0,1000.0,0,0,0.44070000000000004,0.258,-0.22199999999999998
41010,0.0,0.0,0.0,1000.0,0,0,0.4607,0.258,-0.22199999999999998
41011,0.0,0.0,0.0,1000.0,0,0,0.4807,0.258,-0.22199999999999998
41012,0.0,0.0,0.0,1000.0,0,0,0.1607,0.278,-0.22199999999999998
41013,0.0,0.0,0.0,1000.0,0,0,0.1807,0.278,-0.22199999999999998
41014,0.0,0.0,0.0,1000.0,0,0,0.20070000000000002,0.278,-0.22199999999999998
41015,0.0,0.0,0.0,1000.0,0,0,0.2207,0.278,-0.22199999999999998
41016,0.0,0.0,0.0,1000.0,0,0,0.24070000000000003,0.278,-0.22199999999999998
41017,0.0,0.0,0.0,1000.0,0,0,0.26070000000000004,0.278,-0.22199999999999998
41018,0.0,0.0,0.0,1000.0,0,0,0.2807,0.278,-0.22199999999999998
41019,0.0,0.0,0.0,1000.0,0,0,0.3007,0.278,-0.22199999999999998
41020,0.0,0.0,0.0,1000.0,0,0,0.3207,0.278,-0.22199999999999998
41021,0.0,0.0,0.0,1000.0,0,0,0.3407,0.278,-0.22199999999999998
41022,0.0,0.0,0.0,1000.0,0,0,0.3607,0.278,-0.22199999999999998
41023,0.0,0.0,0.0,1000.0,0,0,0.38070000000000004,0.278,-0.22199999999999998
41024,0.0,0.0,0.0,1000.0,0,0,0.4007,0.278,-0.22199999999999998
41025,0.0,0.0,0.0,1000.0,0,0,0.4207,0.278,-0.22199999999999998
41026,0.0,0.0,0.0,1000.0,0,0,0.44070000000000004,0.278,-0.22199999999999998
41027,0.0,0.0,0.0,1000.0,0,0,0.4607,0.278,-0.22199999999999998
41028,0.0,0.0,0.0,1000.0,0,0,0.4807,0.278,-0.22199999999999998
41029,0.0,0.0,0.0,1000.0,0,0,0.1607,0.29800000000000004,-0.22199999999999998
41030,0.0,0.0,0.0,1000.0,0,0,0.1807,0.29800000000000004,-0.22199999999999998
41031,0.0,0.0,0.0,1000.0,0,0,0.20070000000000002,0.29800000000000004,-0.22199999999999998
41032,0.0,0.0,0.0,1000.0,0,0,0.2207,0.29800000000000004,-0.22199999999999998
41033,0.0,0.0,0.0,1000.0,0,0,0.24070000000000003,0.29800000000000004,-0.22199999999999998
41034,0.0,0.0,0.0,1000.0,0,0,0.26070000000000004,0.29800000000000004,-0.22199999999999998
41035,0.0,0.0,0.0,1000.0,0,0,0.2807,0.29800000000000004,-0.22199999999999998
41036,0.0,0.0,0.0,1000.0,0,0,0.3007,0.29800000000000004,-0.22199999999999998
41037,0.0,0.0,0.0,1000.0,0,0,0.3207,0.29800000000000004,-0.22199999999999998
41038,0.0,0.0,0.0,1000.0,0,0,0.3407,0.29800000000000004,-0.22199999999999998
41039,0.0,0.0,0.0,1000.0,0,0,0.3607,0.29800000000000004,-0.22199999999999998
41040,0.0,0.0,0.0,1000.0,0,0,0.38070000000000004,0.29800000000000004,-0.22199999999999998
41041,0.0,0.0,0.0,1000.0,0,0,0.4007,0.29800000000000004,-0.22199999999999998
41042,0.0,0.0,0.0,1000.0,0,0,0.4207,0.29800000000000004,-0.22199999999999998
41043,0.0,0.0,0.0,1000.0,0,0,0.44070000000000004,0.29800000000000004,-0.22199999999999998
41044,0.0,0.0,0.0,1000.0,0,0,0.4607,0.29800000000000004,-0.22199999999999998
41045,0.0,0.0,0.0,1000.0,0,0,0.4807,0.29800000000000004,-0.22199999999999998
41046,0.0,0.0,0.0,1000.0,0,0,0.1607,0.31800000000000006,-0.22199999999999998
41047,0.0,0.0,0.0,1000.0,0,0,0.1807,0.31800000000000006,-0.22199999999999998
41048,0.0,0.0,0.0,1000.0,0,0,0.20070000000000002,0.31800000000000006,-0.22199999999999998
41049,0.0,0.0,0.0,1000.0,0,0,0.2207,0.31800000000000006,-0.22199999999999998
41050,0.0,0.0,0.0,1000.0,0,0,0.24070000000000003,0.31800000000000006,-0.22199999999999998
41051,0.0,0.0,0.0,1000.0,0,0,0.26070000000000004,0.31800000000000006,-0.22199999999999998
41052,0.0,0.0,0.0,1000.0,0,0,0.2807,0.31800000000000006,-0.22199999999999998
41053,0.0,0.0,0.0,1000.0,0,0,0.3007,0.31800000000000006,-0.22199999999999998
41054,0.0,0.0,0.0,1000.0,0,0,0.3207,0.31800000000000006,-0.22199999999999998
41055,0.0,0.0,0.0,1000.0,0,0,0.3407,0.31800000000000006,-0.22199999999999998
41056,0.0,0.0,0.0,1000.0,0,0,0.3607,0.31800000000000006,-0.22199999999999998
41057,0.0,0.0,0.0,1000.0,0,0,0.38070000000000004,0.31800000000000006,-0.22199999999999998
41058,0.0,0.0,0.0,1000.0,0,0,0.4007,0.31800000000000006,-0.22199999999999998
41059,0.0,0.0,0.0,1000.0,0,0,0.4207,0.31800000000000006,-0.22199999999999998
41060,0.0,0.0,0.0,1000.0,0,0,0.44070000000000004,0.31800000000000006,-0.22199999999999998
41061,0.0,0.0,0.0,1000.0,0,0,0.4607,0.31800000000000006,-0.22199999999999998
41062,0.0,0.0,0.0,1000.0,0,0,0.4807,0.31800000000000006,-0.22199999999999998
41063,0.0,0.0,0.0,1000.0,0,0,0.1607,0.3380000000000001,-0.22199999999999998
41064,0.0,0.0,0.0,1000.0,0,0,0.1807,0.3380000000000001,-0.22199999999999998
41065,0.0,0.0,0.0,1000.0,0,0,0.20070000000000002,0.3380000000000001,-0.22199999999999998
41066,0.0,0.0,0.0,1000.0,0,0,0.2207,0.3380000000000001,-0.22199999999999998
41067,0.0,0.0,0.0,1000.0,0,0,0.24070000000000003,0.3380000000000001,-0.22199999999999998
41068,0.0,0.0,0.0,1000.0,0,0,0.26070000000000004,0.3380000000000001,-0.22199999999999998
41069,0.0,0.0,0.0,1000.0,0,0,0.2807,0.3380000000000001,-0.22199999999999998
41070,0.0,0.0,0.0,1000.0,0,0,0.3007,0.3380000000000001,-0.22199999999999998
41071,0.0,0.0,0.0,1000.0,0,0,0.3207,0.3380000000000001,-0.22199999999999998
41072,0.0,0.0,0.0,1000.0,0,0,0.3407,0.3380000000000001,-0.22199999999999998
41073,0.0,0.0,0.0,1000.0,0,0,0.3607,0.3380000000000001,-0.22199999999999998
41074,0.0,0.0,0.0,1000.0,0,0,0.38070000000000004,0.3380000000000001,-0.22199999999999998
41075,0.0,0.0,0.0,1000.0,0,0,0.4007,0.3380000000000001,-0.22199999999999998
41076,0.0,0.0,0.0,1000.0,0,0,0.4207,0.3380000000000001,-0.22199999999999998
41077,0.0,0.0,0.0,1000.0,0,0,0.44070000000000004,0.3380000000000001,-0.22199999999999998
41078,0.0,0.0,0.0,1000.0,0,0,0.4607,0.3380000000000001,-0.22199999999999998
41079,0.0,0.0,0.0,1000.0,0,0,0.4807,0.3380000000000001,-0.22199999999999998
41080,0.0,0.0,0.0,1000.0,0,0,0.1607,0.358,-0.22199999999999998
41081,0.0,0.0,0.0,1000.0,0,0,0.1807,0.358,-0.22199999999999998
41082,0.0,0.0,0.0,1000.0,0,0,0.20070000000000002,0.358,-0.22199999999999998
41083,0.0,0.0,0.0,1000.0,0,0,0.2207,0.358,-0.22199999999999998
41084,0.0,0.0,0.0,1000.0,0,0,0.24070000000000003,0.358,-0.22199999999999998
41085,0.0,0.0,0.0,1000.0,0,0,0.26070000000000004,0.358,-0.22199999999999998
41086,0.0,0.0,0.0,1000.0,0,0,0.2807,0.358,-0.22199999999999998
41087,0.0,0.0,0.0,1000.0,0,0,0.3007,0.358,-0.22199999999999998
41088,0.0,0.0,0.0,1000.0,0,0,0.3207,0.358,-0.22199999999999998
41089,0.0,0.0,0.0,1000.0,0,0,0.3407,0.358,-0.22199999999999998
41090,0.0,0.0,0.0,1000.0,0,0,0.3607,0.358,-0.22199999999999998
41091,0.0,0.0,0.0,1000.0,0,0,0.38070000000000004,0.358,-0.22199999999999998
41092,0.0,0.0,0.0,1000.0,0,0,0.4007,0.358,-0.22199999999999998
41093,0.0,0.0,0.0,1000.0,0,0,0.4207,0.358,-0.22199999999999998
41094,0.0,0.0,0.0,1000.0,0,0,0.44070000000000004,0.358,-0.22199999999999998
41095,0.0,0.0,0.0,1000.0,0,0,0.4607,0.358,-0.22199999999999998
41096,0.0,0.0,0.0,1000.0,0,0,0.4807,0.358,-0.22199999999999998
41097,0.0,0.0,0.0,1000.0,0,0,0.1607,0.378,-0.22199999999999998
41098,0.0,0.0,0.0,1000.0,0,0,0.1807,0.378,-0.22199999999999998
41099,0.0,0.0,0.0,1000.0,0,0,0.20070000000000002,0.378,-0.22199999999999998
41100,0.0,0.0,0.0,1000.0,0,0,0.2207,0.378,-0.22199999999999998
41101,0.0,0.0,0.0,1000.0,0,0,0.24070000000000003,0.378,-0.22199999999999998
41102,0.0,0.0,0.0,1000.0,0,0,0.26070000000000004,0.378,-0.22199999999999998
41103,0.0,0.0,0.0,1000.0,0,0,0.2807,0.378,-0.22199999999999998
41104,0.0,0.0,0.0,1000.0,0,0,0.3007,0.378,-0.22199999999999998
41105,0.0,0.0,0.0,1000.0,0,0,0.3207,0.378,-0.22199999999999998
41106,0.0,0.0,0.0,1000.0,0,0,0.3407,0.378,-0.22199999999999998
41107,0.0,0.0,0.0,1000.0,0,0,0.3607,0.378,-0.22199999999999998
41108,0.0,0.0,0.0,1000.0,0,0,0.38070000000000004,0.378,-0.22199999999999998
41109,0.0,0.0,0.0,1000.0,0,0,0.4007,0.378,-0.22199999999999998
41110,0.0,0.0,0.0,1000.0,0,0,0.4207,0.378,-0.22199999999999998
41111,0.0,0.0,0.0,1000.0,0,0,0.44070000000000004,0.378,-0.22199999999999998
41112,0.0,0.0,0.0,1000.0,0,0,0.4607,0.378,-0.22199999999999998
41113,0.0,0.0,0.0,1000.0,0,0,0.4807,0.378,-0.22199999999999998
41114,0.0,0.0,0.0,1000.0,0,0,0.1607,0.398,-0.22199999999999998
41115,0.0,0.0,0.0,1000.0,0,0,0.1807,0.398,-0.22199999999999998
41116,0.0,0.0,0.0,1000.0,0,0,0.20070000000000002,0.398,-0.22199999999999998
41117,0.0,0.0,0.0,1000.0,0,0,0.2207,0.398,-0.22199999999999998
41118,0.0,0.0,0.0,1000.0,0,0,0.24070000000000003,0.398,-0.22199999999999998
41119,0.0,0.0,0.0,1000.0,0,0,0.26070000000000004,0.398,-0.22199999999999998
41120,0.0,0.0,0.0,1000.0,0,0,0.2807,0.398,-0.22199999999999998
41121,0.0,0.0,0.0,1000.0,0,0,0.3007,0.398,-0.22199999999999998
41122,0.0,0.0,0.0,1000.0,0,0,0.3207,0.398,-0.22199999999999998
41123,0.0,0.0,0.0,1000.0,0,0,0.3407,0.398,-0.22199999999999998
41124,0.0,0.0,0.0,1000.0,0,0,0.3607,0.398,-0.22199999999999998
41125,0.0,0.0,0.0,1000.0,0,0,0.38070000000000004,0.398,-0.22199999999999998
41126,0.0,0.0,0.0,1000.0,0,0,0.4007,0.398,-0.22199999999999998
41127,0.0,0.0,0.0,1000.0,0,0,0.4207,0.398,-0.22199999999999998
41128,0.0,0.0,0.0,1000.0,0,0,0.44070000000000004,0.398,-0.22199999999999998
41129,0.0,0.0,0.0,1000.0,0,0,0.4607,0.398,-0.22199999999999998
41130,0.0,0.0,0.0,1000.0,0,0,0.4807,0.398,-0.22199999999999998
41131,0.0,0.0,0.0,1000.0,0,0,0.1607,0.41800000000000004,-0.22199999999999998
41132,0.0,0.0,0.0,1000.0,0,0,0.1807,0.41800000000000004,-0.22199999999999998
41133,0.0,0.0,0.0,1000.0,0,0,0.20070000000000002,0.41800000000000004,-0.22199999999999998
41134,0.0,0.0,0.0,1000.0,0,0,0.2207,0.41800000000000004,-0.22199999999999998
41135,0.0,0.0,0.0,1000.0,0,0,0.24070000000000003,0.41800000000000004,-0.22199999999999998
41136,0.0,0.0,0.0,1000.0,0,0,0.26070000000000004,0.41800000000000004,-0.22199999999999998
41137,0.0,0.0,0.0,1000.0,0,0,0.2807,0.41800000000000004,-0.22199999999999998
41138,0.0,0.0,0.0,1000.0,0,0,0.3007,0.41800000000000004,-0.22199999999999998
41139,0.0,0.0,0.0,1000.0,0,0,0.3207,0.41800000000000004,-0.22199999999999998
41140,0.0,0.0,0.0,1000.0,0,0,0.3407,0.41800000000000004,-0.22199999999999998
41141,0.0,0.0,0.0,1000.0,0,0,0.3607,0.41800000000000004,-0.22199999999999998
41142,0.0,0.0,0.0,1000.0,0,0,0.38070000000000004,0.41800000000000004,-0.22199999999999998
41143,0.0,0.0,0.0,1000.0,0,0,0.4007,0.41800000000000004,-0.22199999999999998
41144,0.0,0.0,0.0,1000.0,0,0,0.4207,0.41800000000000004,-0.22199999999999998
41145,0.0,0.0,0.0,1000.0,0,0,0.44070000000000004,0.41800000000000004,-0.22199999999999998
41146,0.0,0.0,0.0,1000.0,0,0,0.4607,0.41800000000000004,-0.22199999999999998
41147,0.0,0.0,0.0,1000.0,0,0,0.4807,0.41800000000000004,-0.22199999999999998
41148,0.0,0.0,0.0,1000.0,0,0,0.1607,0.43800000000000006,-0.22199999999999998
41149,0.0,0.0,0.0,1000.0,0,0,0.1807,0.43800000000000006,-0.22199999999999998
41150,0.0,0.0,0.0,1000.0,0,0,0.20070000000000002,0.43800000000000006,-0.22199999999999998
41151,0.0,0.0,0.0,1000.0,0,0,0.2207,0.43800000000000006,-0.22199999999999998
41152,0.0,0.0,0.0,1000.0,0,0,0.24070000000000003,0.43800000000000006,-0.22199999999999998
41153,0.0,0.0,0.0,1000.0,0,0,0.26070000000000004,0.43800000000000006,-0.22199999999999998
41154,0.0,0.0,0.0,1000.0,0,0,0.2807,0.43800000000000006,-0.22199999999999998
41155,0.0,0.0,0.0,1000.0,0,0,0.3007,0.43800000000000006,-0.22199999999999998
41156,0.0,0.0,0.0,1000.0,0,0,0.3207,0.43800000000000006,-0.22199999999999998
41157,0.0,0.0,0.0,1000.0,0,0,0.3407,0.43800000000000006,-0.22199999999999998
41158,0.0,0.0,0.0,1000.0,0,0,0.3607,0.43800000000000006,-0.22199999999999998
41159,0.0,0.0,0.0,1000.0,0,0,0.38070000000000004,0.43800000000000006,-0.22199999999999998
41160,0.0,0.0,0.0,1000.0,0,0,0.4007,0.43800000000000006,-0.22199999999999998
41161,0.0,0.0,0.0,1000.0,0,0,0.4207,0.43800000000000006,-0.22199999999999998
41162,0.0,0.0,0.0,1000.0,0,0,0.44070000000000004,0.43800000000000006,-0.22199999999999998
41163,0.0,0.0,0.0,1000.0,0,0,0.4607,0.43800000000000006,-0.22199999999999998
41164,0.0,0.0,0.0,1000.0,0,0,0.4807,0.43800000000000006,-0.22199999999999998
41165,0.0,0.0,0.0,1000.0,0,0,0.1607,0.4580000000000001,-0.22199999999999998
41166,0.0,0.0,0.0,1000.0,0,0,0.1807,0.4580000000000001,-0.22199999999999998
41167,0.0,0.0,0.0,1000.0,0,0,0.20070000000000002,0.4580000000000001,-0.22199999999999998
41168,0.0,0.0,0.0,1000.0,0,0,0.2207,0.4580000000000001,-0.22199999999999998
41169,0.0,0.0,0.0,1000.0,0,0,0.24070000000000003,0.4580000000000001,-0.22199999999999998
41170,0.0,0.0,0.0,1000.0,0,0,0.26070000000000004,0.4580000000000001,-0.22199999999999998
41171,0.0,0.0,0.0,1000.0,0,0,0.2807,0.4580000000000001,-0.22199999999999998
41172,0.0,0.0,0.0,1000.0,0,0,0.3007,0.4580000000000001,-0.22199999999999998
41173,0.0,0.0,0.0,1000.0,0,0,0.3207,0.4580000000000001,-0.22199999999999998
41174,0.0,0.0,0.0,1000.0,0,0,0.3407,0.4580000000000001,-0.22199999999999998
41175,0.0,0.0,0.0,1000.0,0,0,0.3607,0.4580000000000001,-0.22199999999999998
41176,0.0,0.0,0.0,1000.0,0,0,0.38070000000000004,0.4580000000000001,-0.22199999999999998
41177,0.0,0.0,0.0,1000.0,0,0,0.4007,0.4580000000000001,-0.22199999999999998
41178,0.0,0.0,0.0,1000.0,0,0,0.4207,0.4580000000000001,-0.22199999999999998
41179,0.0,0.0,0.0,1000.0,0,0,0.44070000000000004,0.4580000000000001,-0.22199999999999998
41180,0.0,0.0,0.0,1000.0,0,0,0.4607,0.4580000000000001,-0.22199999999999998
41181,0.0,0.0,0.0,1000.0,0,0,0.4807,0.4580000000000001,-0.22199999999999998
41182,0.0,0.0,0.0,1000.0,0,0,0.1607,0.478,-0.22199999999999998
41183,0.0,0.0,0.0,1000.0,0,0,0.1807,0.478,-0.22199999999999998
41184,0.0,0.0,0.0,1000.0,0,0,0.20070000000000002,0.478,-0.22199999999999998
41185,0.0,0.0,0.0,1000.0,0,0,0.2207,0.478,-0.22199999999999998
41186,0.0,0.0,0.0,1000.0,0,0,0.24070000000000003,0.478,-0.22199999999999998
41187,0.0,0.0,0.0,1000.0,0,0,0.26070000000000004,0.478,-0.22199999999999998
41188,0.0,0.0,0.0,1000.0,0,0,0.2807,0.478,-0.22199999999999998
41189,0.0,0.0,0.0,1000.0,0,0,0.3007,0.478,-0.22199999999999998
41190,0.0,0.0,0.0,1000.0,0,0,0.3207,0.478,-0.22199999999999998
41191,0.0,0.0,0.0,1000.0,0,0,0.3407,0.478,-0.22199999999999998
41192,0.0,0.0,0.0,1000.0,0,0,0.3607,0.478,-0.22199999999999998
41193,0.0,0.0,0.0,1000.0,0,0,0.38070000000000004,0.478,-0.22199999999999998
41194,0.0,0.0,0.0,1000.0,0,0,0.4007,0.478,-0.22199999999999998
41195,0.0,0.0,0.0,1000.0,0,0,0.4207,0.478,-0.22199999999999998
41196,0.0,0.0,0.0,1000.0,0,0,0.44070000000000004,0.478,-0.22199999999999998
41197,0.0,0.0,0.0,1000.0,0,0,0.4607,0.478,-0.22199999999999998
41198,0.0,0.0,0.0,1000.0,0,0,0.4807,0.478,-0.22199999999999998
41199,0.0,0.0,0.0,1000.0,0,0,0.1607,-0.482,-0.20199999999999996
41200,0.0,0.0,0.0,1000.0,0,0,0.1807,-0.482,-0.20199999999999996
41201,0.0,0.0,0.0,1000.0,0,0,0.20070000000000002,-0.482,-0.20199999999999996
41202,0.0,0.0,0.0,1000.0,0,0,0.2207,-0.482,-0.20199999999999996
41203,0.0,0.0,0.0,1000.0,0,0,0.24070000000000003,-0.482,-0.20199999999999996
41204,0.0,0.0,0.0,1000.0,0,0,0.26070000000000004,-0.482,-0.20199999999999996
41205,0.0,0.0,0.0,1000.0,0,0,0.2807,-0.482,-0.20199999999999996
41206,0.0,0.0,0.0,1000.0,0,0,0.3007,-0.482,-0.20199999999999996
41207,0.0,0.0,0.0,1000.0,0,0,0.3207,-0.482,-0.20199999999999996
41208,0.0,0.0,0.0,1000.0,0,0,0.3407,-0.482,-0.20199999999999996
41209,0.0,0.0,0.0,1000.0,0,0,0.3607,-0.482,-0.20199999999999996
41210,0.0,0.0,0.0,1000.0,0,0,0.38070000000000004,-0.482,-0.20199999999999996
41211,0.0,0.0,0.0,1000.0,0,0,0.4007,-0.482,-0.20199999999999996
41212,0.0,0.0,0.0,1000.0,0,0,0.4207,-0.482,-0.20199999999999996
41213,0.0,0.0,0.0,1000.0,0,0,0.44070000000000004,-0.482,-0.20199999999999996
41214,0.0,0.0,0.0,1000.0,0,0,0.4607,-0.482,-0.20199999999999996
41215,0.0,0.0,0.0,1000.0,0,0,0.4807,-0.482,-0.20199999999999996
41216,0.0,0.0,0.0,1000.0,0,0,0.1607,-0.46199999999999997,-0.20199999999999996
41217,0.0,0.0,0.0,1000.0,0,0,0.1807,-0.46199999999999997,-0.20199999999999996
41218,0.0,0.0,0.0,1000.0,0,0,0.20070000000000002,-0.46199999999999997,-0.20199999999999996
41219,0.0,0.0,0.0,1000.0,0,0,0.2207,-0.46199999999999997,-0.20199999999999996
41220,0.0,0.0,0.0,1000.0,0,0,0.24070000000000003,-0.46199999999999997,-0.20199999999999996
41221,0.0,0.0,0.0,1000.0,0,0,0.26070000000000004,-0.46199999999999997,-0.20199999999999996
41222,0.0,0.0,0.0,1000.0,0,0,0.2807,-0.46199999999999997,-0.20199999999999996
41223,0.0,0.0,0.0,1000.0,0,0,0.3007,-0.46199999999999997,-0.20199999999999996
41224,0.0,0.0,0.0,1000.0,0,0,0.3207,-0.46199999999999997,-0.20199999999999996
41225,0.0,0.0,0.0,1000.0,0,0,0.3407,-0.46199999999999997,-0.20199999999999996
41226,0.0,0.0,0.0,1000.0,0,0,0.3607,-0.46199999999999997,-0.20199999999999996
41227,0.0,0.0,0.0,1000.0,0,0,0.38070000000000004,-0.46199999999999997,-0.20199999999999996
41228,0.0,0.0,0.0,1000.0,0,0,0.4007,-0.46199999999999997,-0.20199999999999996
41229,0.0,0.0,0.0,1000.0,0,0,0.4207,-0.46199999999999997,-0.20199999999999996
41230,0.0,0.0,0.0,1000.0,0,0,0.44070000000000004,-0.46199999999999997,-0.20199999999999996
41231,0.0,0.0,0.0,1000.0,0,0,0.4607,-0.46199999999999997,-0.20199999999999996
41232,0.0,0.0,0.0,1000.0,0,0,0.4807,-0.46199999999999997,-0.20199999999999996
41233,0.0,0.0,0.0,1000.0,0,0,0.1607,-0.442,-0.20199999999999996
41234,0.0,0.0,0.0,1000.0,0,0,0.1807,-0.442,-0.20199999999999996
41235,0.0,0.0,0.0,1000.0,0,0,0.20070000000000002,-0.442,-0.20199999999999996
41236,0.0,0.0,0.0,1000.0,0,0,0.2207,-0.442,-0.20199999999999996
41237,0.0,0.0,0.0,1000.0,0,0,0.24070000000000003,-0.442,-0.20199999999999996
41238,0.0,0.0,0.0,1000.0,0,0,0.26070000000000004,-0.442,-0.20199999999999996
41239,0.0,0.0,0.0,1000.0,0,0,0.2807,-0.442,-0.20199999999999996
41240,0.0,0.0,0.0,1000.0,0,0,0.3007,-0.442,-0.20199999999999996
41241,0.0,0.0,0.0,1000.0,0,0,0.3207,-0.442,-0.20199999999999996
41242,0.0,0.0,0.0,1000.0,0,0,0.3407,-0.442,-0.20199999999999996
41243,0.0,0.0,0.0,1000.0,0,0,0.3607,-0.442,-0.20199999999999996
41244,0.0,0.0,0.0,1000.0,0,0,0.38070000000000004,-0.442,-0.20199999999999996
41245,0.0,0.0,0.0,1000.0,0,0,0.4007,-0.442,-0.20199999999999996
41246,0.0,0.0,0.0,1000.0,0,0,0.4207,-0.442,-0.20199999999999996
41247,0.0,0.0,0.0,1000.0,0,0,0.44070000000000004,-0.442,-0.20199999999999996
41248,0.0,0.0,0.0,1000.0,0,0,0.4607,-0.442,-0.20199999999999996
41249,0.0,0.0,0.0,1000.0,0,0,0.4807,-0.442,-0.20199999999999996
41250,0.0,0.0,0.0,1000.0,0,0,0.1607,-0.422,-0.20199999999999996
41251,0.0,0.0,0.0,1000.0,0,0,0.1807,-0.422,-0.20199999999999996
41252,0.0,0.0,0.0,1000.0,0,0,0.20070000000000002,-0.422,-0.20199999999999996
41253,0.0,0.0,0.0,1000.0,0,0,0.2207,-0.422,-0.20199999999999996
41254,0.0,0.0,0.0,1000.0,0,0,0.24070000000000003,-0.422,-0.20199999999999996
41255,0.0,0.0,0.0,1000.0,0,0,0.26070000000000004,-0.422,-0.20199999999999996
41256,0.0,0.0,0.0,1000.0,0,0,0.2807,-0.422,-0.20199999999999996
41257,0.0,0.0,0.0,1000.0,0,0,0.3007,-0.422,-0.20199999999999996
41258,0.0,0.0,0.0,1000.0,0,0,0.3207,-0.422,-0.20199999999999996
41259,0.0,0.0,0.0,1000.0,0,0,0.3407,-0.422,-0.20199999999999996
41260,0.0,0.0,0.0,1000.0,0,0,0.3607,-0.422,-0.20199999999999996
41261,0.0,0.0,0.0,1000.0,0,0,0.38070000000000004,-0.422,-0.20199999999999996
41262,0.0,0.0,0.0,1000.0,0,0,0.4007,-0.422,-0.20199999999999996
41263,0.0,0.0,0.0,1000.0,0,0,0.4207,-0.422,-0.20199999999999996
41264,0.0,0.0,0.0,1000.0,0,0,0.44070000000000004,-0.422,-0.20199999999999996
41265,0.0,0.0,0.0,1000.0,0,0,0.4607,-0.422,-0.20199999999999996
41266,0.0,0.0,0.0,1000.0,0,0,0.4807,-0.422,-0.20199999999999996
41267,0.0,0.0,0.0,1000.0,0,0,0.1607,-0.40199999999999997,-0.20199999999999996
41268,0.0,0.0,0.0,1000.0,0,0,0.1807,-0.40199999999999997,-0.20199999999999996
41269,0.0,0.0,0.0,1000.0,0,0,0.20070000000000002,-0.40199999999999997,-0.20199999999999996
41270,0.0,0.0,0.0,1000.0,0,0,0.2207,-0.40199999999999997,-0.20199999999999996
41271,0.0,0.0,0.0,1000.0,0,0,0.24070000000000003,-0.40199999999999997,-0.20199999999999996
41272,0.0,0.0,0.0,1000.0,0,0,0.26070000000000004,-0.40199999999999997,-0.20199999999999996
41273,0.0,0.0,0.0,1000.0,0,0,0.2807,-0.40199999999999997,-0.20199999999999996
41274,0.0,0.0,0.0,1000.0,0,0,0.3007,-0.40199999999999997,-0.20199999999999996
41275,0.0,0.0,0.0,1000.0,0,0,0.3207,-0.40199999999999997,-0.20199999999999996
41276,0.0,0.0,0.0,1000.0,0,0,0.3407,-0.40199999999999997,-0.20199999999999996
41277,0.0,0.0,0.0,1000.0,0,0,0.3607,-0.40199999999999997,-0.20199999999999996
41278,0.0,0.0,0.0,1000.0,0,0,0.38070000000000004,-0.40199999999999997,-0.20199999999999996
41279,0.0,0.0,0.0,1000.0,0,0,0.4007,-0.40199999999999997,-0.20199999999999996
41280,0.0,0.0,0.0,1000.0,0,0,0.4207,-0.40199999999999997,-0.20199999999999996
41281,0.0,0.0,0.0,1000.0,0,0,0.44070000000000004,-0.40199999999999997,-0.20199999999999996
41282,0.0,0.0,0.0,1000.0,0,0,0.4607,-0.40199999999999997,-0.20199999999999996
41283,0.0,0.0,0.0,1000.0,0,0,0.4807,-0.40199999999999997,-0.20199999999999996
41284,0.0,0.0,0.0,1000.0,0,0,0.1607,-0.382,-0.20199999999999996
41285,0.0,0.0,0.0,1000.0,0,0,0.1807,-0.382,-0.20199999999999996
41286,0.0,0.0,0.0,1000.0,0,0,0.20070000000000002,-0.382,-0.20199999999999996
41287,0.0,0.0,0.0,1000.0,0,0,0.2207,-0.382,-0.20199999999999996
41288,0.0,0.0,0.0,1000.0,0,0,0.24070000000000003,-0.382,-0.20199999999999996
41289,0.0,0.0,0.0,1000.0,0,0,0.26070000000000004,-0.382,-0.20199999999999996
41290,0.0,0.0,0.0,1000.0,0,0,0.2807,-0.382,-0.20199999999999996
41291,0.0,0.0,0.0,1000.0,0,0,0.3007,-0.382,-0.20199999999999996
41292,0.0,0.0,0.0,1000.0,0,0,0.3207,-0.382,-0.20199999999999996
41293,0.0,0.0,0.0,1000.0,0,0,0.3407,-0.382,-0.20199999999999996
41294,0.0,0.0,0.0,1000.0,0,0,0.3607,-0.382,-0.20199999999999996
41295,0.0,0.0,0.0,1000.0,0,0,0.38070000000000004,-0.382,-0.20199999999999996
41296,0.0,0.0,0.0,1000.0,0,0,0.4007,-0.382,-0.20199999999999996
41297,0.0,0.0,0.0,1000.0,0,0,0.4207,-0.382,-0.20199999999999996
41298,0.0,0.0,0.0,1000.0,0,0,0.44070000000000004,-0.382,-0.20199999999999996
41299,0.0,0.0,0.0,1000.0,0,0,0.4607,-0.382,-0.20199999999999996
41300,0.0,0.0,0.0,1000.0,0,0,0.4807,-0.382,-0.20199999999999996
41301,0.0,0.0,0.0,1000.0,0,0,0.1607,-0.362,-0.20199999999999996
41302,0.0,0.0,0.0,1000.0,0,0,0.1807,-0.362,-0.20199999999999996
41303,0.0,0.0,0.0,1000.0,0,0,0.20070000000000002,-0.362,-0.20199999999999996
41304,0.0,0.0,0.0,1000.0,0,0,0.2207,-0.362,-0.20199999999999996
41305,0.0,0.0,0.0,1000.0,0,0,0.24070000000000003,-0.362,-0.20199999999999996
41306,0.0,0.0,0.0,1000.0,0,0,0.26070000000000004,-0.362,-0.20199999999999996
41307,0.0,0.0,0.0,1000.0,0,0,0.2807,-0.362,-0.20199999999999996
41308,0.0,0.0,0.0,1000.0,0,0,0.3007,-0.362,-0.20199999999999996
41309,0.0,0.0,0.0,1000.0,0,0,0.3207,-0.362,-0.20199999999999996
41310,0.0,0.0,0.0,1000.0,0,0,0.3407,-0.362,-0.20199999999999996
41311,0.0,0.0,0.0,1000.0,0,0,0.3607,-0.362,-0.20199999999999996
41312,0.0,0.0,0.0,1000.0,0,0,0.38070000000000004,-0.362,-0.20199999999999996
41313,0.0,0.0,0.0,1000.0,0,0,0.4007,-0.362,-0.20199999999999996
41314,0.0,0.0,0.0,1000.0,0,0,0.4207,-0.362,-0.20199999999999996
41315,0.0,0.0,0.0,1000.0,0,0,0.44070000000000004,-0.362,-0.20199999999999996
41316,0.0,0.0,0.0,1000.0,0,0,0.4607,-0.362,-0.20199999999999996
41317,0.0,0.0,0.0,1000.0,0,0,0.4807,-0.362,-0.20199999999999996
41318,0.0,0.0,0.0,1000.0,0,0,0.1607,-0.34199999999999997,-0.20199999999999996
41319,0.0,0.0,0.0,1000.0,0,0,0.1807,-0.34199999999999997,-0.20199999999999996
41320,0.0,0.0,0.0,1000.0,0,0,0.20070000000000002,-0.34199999999999997,-0.20199999999999996
41321,0.0,0.0,0.0,1000.0,0,0,0.2207,-0.34199999999999997,-0.20199999999999996
41322,0.0,0.0,0.0,1000.0,0,0,0.24070000000000003,-0.34199999999999997,-0.20199999999999996
41323,0.0,0.0,0.0,1000.0,0,0,0.26070000000000004,-0.34199999999999997,-0.20199999999999996
41324,0.0,0.0,0.0,1000.0,0,0,0.2807,-0.34199999999999997,-0.20199999999999996
41325,0.0,0.0,0.0,1000.0,0,0,0.3007,-0.34199999999999997,-0.20199999999999996
41326,0.0,0.0,0.0,1000.0,0,0,0.3207,-0.34199999999999997,-0.20199999999999996
41327,0.0,0.0,0.0,1000.0,0,0,0.3407,-0.34199999999999997,-0.20199999999999996
41328,0.0,0.0,0.0,1000.0,0,0,0.3607,-0.34199999999999997,-0.20199999999999996
41329,0.0,0.0,0.0,1000.0,0,0,0.38070000000000004,-0.34199999999999997,-0.20199999999999996
41330,0.0,0.0,0.0,1000.0,0,0,0.4007,-0.34199999999999997,-0.20199999999999996
41331,0.0,0.0,0.0,1000.0,0,0,0.4207,-0.34199999999999997,-0.20199999999999996
41332,0.0,0.0,0.0,1000.0,0,0,0.44070000000000004,-0.34199999999999997,-0.20199999999999996
41333,0.0,0.0,0.0,1000.0,0,0,0.4607,-0.34199999999999997,-0.20199999999999996
41334,0.0,0.0,0.0,1000.0,0,0,0.4807,-0.34199999999999997,-0.20199999999999996
41335,0.0,0.0,0.0,1000.0,0,0,0.1607,-0.32199999999999995,-0.20199999999999996
41336,0.0,0.0,0.0,1000.0,0,0,0.1807,-0.32199999999999995,-0.20199999999999996
41337,0.0,0.0,0.0,1000.0,0,0,0.20070000000000002,-0.32199999999999995,-0.20199999999999996
41338,0.0,0.0,0.0,1000.0,0,0,0.2207,-0.32199999999999995,-0.20199999999999996
41339,0.0,0.0,0.0,1000.0,0,0,0.24070000000000003,-0.32199999999999995,-0.20199999999999996
41340,0.0,0.0,0.0,1000.0,0,0,0.26070000000000004,-0.32199999999999995,-0.20199999999999996
41341,0.0,0.0,0.0,1000.0,0,0,0.2807,-0.32199999999999995,-0.20199999999999996
41342,0.0,0.0,0.0,1000.0,0,0,0.3007,-0.32199999999999995,-0.20199999999999996
41343,0.0,0.0,0.0,1000.0,0,0,0.3207,-0.32199999999999995,-0.20199999999999996
41344,0.0,0.0,0.0,1000.0,0,0,0.3407,-0.32199999999999995,-0.20199999999999996
41345,0.0,0.0,0.0,1000.0,0,0,0.3607,-0.32199999999999995,-0.20199999999999996
41346,0.0,0.0,0.0,1000.0,0,0,0.38070000000000004,-0.32199999999999995,-0.20199999999999996
41347,0.0,0.0,0.0,1000.0,0,0,0.4007,-0.32199999999999995,-0.20199999999999996
41348,0.0,0.0,0.0,1000.0,0,0,0.4207,-0.32199999999999995,-0.20199999999999996
41349,0.0,0.0,0.0,1000.0,0,0,0.44070000000000004,-0.32199999999999995,-0.20199999999999996
41350,0.0,0.0,0.0,1000.0,0,0,0.4607,-0.32199999999999995,-0.20199999999999996
41351,0.0,0.0,0.0,1000.0,0,0,0.4807,-0.32199999999999995,-0.20199999999999996
41352,0.0,0.0,0.0,1000.0,0,0,0.1607,-0.302,-0.20199999999999996
41353,0.0,0.0,0.0,1000.0,0,0,0.1807,-0.302,-0.20199999999999996
41354,0.0,0.0,0.0,1000.0,0,0,0.20070000000000002,-0.302,-0.20199999999999996
41355,0.0,0.0,0.0,1000.0,0,0,0.2207,-0.302,-0.20199999999999996
41356,0.0,0.0,0.0,1000.0,0,0,0.24070000000000003,-0.302,-0.20199999999999996
41357,0.0,0.0,0.0,1000.0,0,0,0.26070000000000004,-0.302,-0.20199999999999996
41358,0.0,0.0,0.0,1000.0,0,0,0.2807,-0.302,-0.20199999999999996
41359,0.0,0.0,0.0,1000.0,0,0,0.3007,-0.302,-0.20199999999999996
41360,0.0,0.0,0.0,1000.0,0,0,0.3207,-0.302,-0.20199999999999996
41361,0.0,0.0,0.0,1000.0,0,0,0.3407,-0.302,-0.20199999999999996
41362,0.0,0.0,0.0,1000.0,0,0,0.3607,-0.302,-0.20199999999999996
41363,0.0,0.0,0.0,1000.0,0,0,0.38070000000000004,-0.302,-0.20199999999999996
41364,0.0,0.0,0.0,1000.0,0,0,0.4007,-0.302,-0.20199999999999996
41365,0.0,0.0,0.0,1000.0,0,0,0.4207,-0.302,-0.20199999999999996
41366,0.0,0.0,0.0,1000.0,0,0,0.44070000000000004,-0.302,-0.20199999999999996
41367,0.0,0.0,0.0,1000.0,0,0,0.4607,-0.302,-0.20199999999999996
41368,0.0,0.0,0.0,1000.0,0,0,0.4807,-0.302,-0.20199999999999996
41369,0.0,0.0,0.0,1000.0,0,0,0.1607,-0.282,-0.20199999999999996
41370,0.0,0.0,0.0,1000.0,0,0,0.1807,-0.282,-0.20199999999999996
41371,0.0,0.0,0.0,1000.0,0,0,0.20070000000000002,-0.282,-0.20199999999999996
41372,0.0,0.0,0.0,1000.0,0,0,0.2207,-0.282,-0.20199999999999996
41373,0.0,0.0,0.0,1000.0,0,0,0.24070000000000003,-0.282,-0.20199999999999996
41374,0.0,0.0,0.0,1000.0,0,0,0.26070000000000004,-0.282,-0.20199999999999996
41375,0.0,0.0,0.0,1000.0,0,0,0.2807,-0.282,-0.20199999999999996
41376,0.0,0.0,0.0,1000.0,0,0,0.3007,-0.282,-0.20199999999999996
41377,0.0,0.0,0.0,1000.0,0,0,0.3207,-0.282,-0.20199999999999996
41378,0.0,0.0,0.0,1000.0,0,0,0.3407,-0.282,-0.20199999999999996
41379,0.0,0.0,0.0,1000.0,0,0,0.3607,-0.282,-0.20199999999999996
41380,0.0,0.0,0.0,1000.0,0,0,0.38070000000000004,-0.282,-0.20199999999999996
41381,0.0,0.0,0.0,1000.0,0,0,0.4007,-0.282,-0.20199999999999996
41382,0.0,0.0,0.0,1000.0,0,0,0.4207,-0.282,-0.20199999999999996
41383,0.0,0.0,0.0,1000.0,0,0,0.44070000000000004,-0.282,-0.20199999999999996
41384,0.0,0.0,0.0,1000.0,0,0,0.4607,-0.282,-0.20199999999999996
41385,0.0,0.0,0.0,1000.0,0,0,0.4807,-0.282,-0.20199999999999996
41386,0.0,0.0,0.0,1000.0,0,0,0.1607,-0.262,-0.20199999999999996
41387,0.0,0.0,0.0,1000.0,0,0,0.1807,-0.262,-0.20199999999999996
41388,0.0,0.0,0.0,1000.0,0,0,0.20070000000000002,-0.262,-0.20199999999999996
41389,0.0,0.0,0.0,1000.0,0,0,0.2207,-0.262,-0.20199999999999996
41390,0.0,0.0,0.0,1000.0,0,0,0.24070000000000003,-0.262,-0.20199999999999996
41391,0.0,0.0,0.0,1000.0,0,0,0.26070000000000004,-0.262,-0.20199999999999996
41392,0.0,0.0,0.0,1000.0,0,0,0.2807,-0.262,-0.20199999999999996
41393,0.0,0.0,0.0,1000.0,0,0,0.3007,-0.262,-0.20199999999999996
41394,0.0,0.0,0.0,1000.0,0,0,0.3207,-0.262,-0.20199999999999996
41395,0.0,0.0,0.0,1000.0,0,0,0.3407,-0.262,-0.20199999999999996
41396,0.0,0.0,0.0,1000.0,0,0,0.3607,-0.262,-0.20199999999999996
41397,0.0,0.0,0.0,1000.0,0,0,0.38070000000000004,-0.262,-0.20199999999999996
41398,0.0,0.0,0.0,1000.0,0,0,0.4007,-0.262,-0.20199999999999996
41399,0.0,0.0,0.0,1000.0,0,0,0.4207,-0.262,-0.20199999999999996
41400,0.0,0.0,0.0,1000.0,0,0,0.44070000000000004,-0.262,-0.20199999999999996
41401,0.0,0.0,0.0,1000.0,0,0,0.4607,-0.262,-0.20199999999999996
41402,0.0,0.0,0.0,1000.0,0,0,0.4807,-0.262,-0.20199999999999996
41403,0.0,0.0,0.0,1000.0,0,0,0.1607,-0.242,-0.20199999999999996
41404,0.0,0.0,0.0,1000.0,0,0,0.1807,-0.242,-0.20199999999999996
41405,0.0,0.0,0.0,1000.0,0,0,0.20070000000000002,-0.242,-0.20199999999999996
41406,0.0,0.0,0.0,1000.0,0,0,0.2207,-0.242,-0.20199999999999996
41407,0.0,0.0,0.0,1000.0,0,0,0.24070000000000003,-0.242,-0.20199999999999996
41408,0.0,0.0,0.0,1000.0,0,0,0.26070000000000004,-0.242,-0.20199999999999996
41409,0.0,0.0,0.0,1000.0,0,0,0.2807,-0.242,-0.20199999999999996
41410,0.0,0.0,0.0,1000.0,0,0,0.3007,-0.242,-0.20199999999999996
41411,0.0,0.0,0.0,1000.0,0,0,0.3207,-0.242,-0.20199999999999996
41412,0.0,0.0,0.0,1000.0,0,0,0.3407,-0.242,-0.20199999999999996
41413,0.0,0.0,0.0,1000.0,0,0,0.3607,-0.242,-0.20199999999999996
41414,0.0,0.0,0.0,1000.0,0,0,0.38070000000000004,-0.242,-0.20199999999999996
41415,0.0,0.0,0.0,1000.0,0,0,0.4007,-0.242,-0.20199999999999996
41416,0.0,0.0,0.0,1000.0,0,0,0.4207,-0.242,-0.20199999999999996
41417,0.0,0.0,0.0,1000.0,0,0,0.44070000000000004,-0.242,-0.20199999999999996
41418,0.0,0.0,0.0,1000.0,0,0,0.4607,-0.242,-0.20199999999999996
41419,0.0,0.0,0.0,1000.0,0,0,0.4807,-0.242,-0.20199999999999996
41420,0.0,0.0,0.0,1000.0,0,0,0.1607,-0.22199999999999998,-0.20199999999999996
41421,0.0,0.0,0.0,1000.0,0,0,0.1807,-0.22199999999999998,-0.20199999999999996
41422,0.0,0.0,0.0,1000.0,0,0,0.20070000000000002,-0.22199999999999998,-0.20199999999999996
41423,0.0,0.0,0.0,1000.0,0,0,0.2207,-0.22199999999999998,-0.20199999999999996
41424,0.0,0.0,0.0,1000.0,0,0,0.24070000000000003,-0.22199999999999998,-0.20199999999999996
41425,0.0,0.0,0.0,1000.0,0,0,0.26070000000000004,-0.22199999999999998,-0.20199999999999996
41426,0.0,0.0,0.0,1000.0,0,0,0.2807,-0.22199999999999998,-0.20199999999999996
41427,0.0,0.0,0.0,1000.0,0,0,0.3007,-0.22199999999999998,-0.20199999999999996
41428,0.0,0.0,0.0,1000.0,0,0,0.3207,-0.22199999999999998,-0.20199999999999996
41429,0.0,0.0,0.0,1000.0,0,0,0.3407,-0.22199999999999998,-0.20199999999999996
41430,0.0,0.0,0.0,1000.0,0,0,0.3607,-0.22199999999999998,-0.20199999999999996
41431,0.0,0.0,0.0,1000.0,0,0,0.38070000000000004,-0.22199999999999998,-0.20199999999999996
41432,0.0,0.0,0.0,1000.0,0,0,0.4007,-0.22199999999999998,-0.20199999999999996
41433,0.0,0.0,0.0,1000.0,0,0,0.4207,-0.22199999999999998,-0.20199999999999996
41434,0.0,0.0,0.0,1000.0,0,0,0.44070000000000004,-0.22199999999999998,-0.20199999999999996
41435,0.0,0.0,0.0,1000.0,0,0,0.4607,-0.22199999999999998,-0.20199999999999996
41436,0.0,0.0,0.0,1000.0,0,0,0.4807,-0.22199999999999998,-0.20199999999999996
41437,0.0,0.0,0.0,1000.0,0,0,0.1607,-0.20199999999999996,-0.20199999999999996
41438,0.0,0.0,0.0,1000.0,0,0,0.1807,-0.20199999999999996,-0.20199999999999996
41439,0.0,0.0,0.0,1000.0,0,0,0.20070000000000002,-0.20199999999999996,-0.20199999999999996
41440,0.0,0.0,0.0,1000.0,0,0,0.2207,-0.20199999999999996,-0.20199999999999996
41441,0.0,0.0,0.0,1000.0,0,0,0.24070000000000003,-0.20199999999999996,-0.20199999999999996
41442,0.0,0.0,0.0,1000.0,0,0,0.26070000000000004,-0.20199999999999996,-0.20199999999999996
41443,0.0,0.0,0.0,1000.0,0,0,0.2807,-0.20199999999999996,-0.20199999999999996
41444,0.0,0.0,0.0,1000.0,0,0,0.3007,-0.20199999999999996,-0.20199999999999996
41445,0.0,0.0,0.0,1000.0,0,0,0.3207,-0.20199999999999996,-0.20199999999999996
41446,0.0,0.0,0.0,1000.0,0,0,0.3407,-0.20199999999999996,-0.20199999999999996
41447,0.0,0.0,0.0,1000.0,0,0,0.3607,-0.20199999999999996,-0.20199999999999996
41448,0.0,0.0,0.0,1000.0,0,0,0.38070000000000004,-0.20199999999999996,-0.20199999999999996
41449,0.0,0.0,0.0,1000.0,0,0,0.4007,-0.20199999999999996,-0.20199999999999996
41450,0.0,0.0,0.0,1000.0,0,0,0.4207,-0.20199999999999996,-0.20199999999999996
41451,0.0,0.0,0.0,1000.0,0,0,0.44070000000000004,-0.20199999999999996,-0.20199999999999996
41452,0.0,0.0,0.0,1000.0,0,0,0.4607,-0.20199999999999996,-0.20199999999999996
41453,0.0,0.0,0.0,1000.0,0,0,0.4807,-0.20199999999999996,-0.20199999999999996
41454,0.0,0.0,0.0,1000.0,0,0,0.1607,-0.182,-0.20199999999999996
41455,0.0,0.0,0.0,1000.0,0,0,0.1807,-0.182,-0.20199999999999996
41456,0.0,0.0,0.0,1000.0,0,0,0.20070000000000002,-0.182,-0.20199999999999996
41457,0.0,0.0,0.0,1000.0,0,0,0.2207,-0.182,-0.20199999999999996
41458,0.0,0.0,0.0,1000.0,0,0,0.24070000000000003,-0.182,-0.20199999999999996
41459,0.0,0.0,0.0,1000.0,0,0,0.26070000000000004,-0.182,-0.20199999999999996
41460,0.0,0.0,0.0,1000.0,0,0,0.2807,-0.182,-0.20199999999999996
41461,0.0,0.0,0.0,1000.0,0,0,0.3007,-0.182,-0.20199999999999996
41462,0.0,0.0,0.0,1000.0,0,0,0.3207,-0.182,-0.20199999999999996
41463,0.0,0.0,0.0,1000.0,0,0,0.3407,-0.182,-0.20199999999999996
41464,0.0,0.0,0.0,1000.0,0,0,0.3607,-0.182,-0.20199999999999996
41465,0.0,0.0,0.0,1000.0,0,0,0.38070000000000004,-0.182,-0.20199999999999996
41466,0.0,0.0,0.0,1000.0,0,0,0.4007,-0.182,-0.20199999999999996
41467,0.0,0.0,0.0,1000.0,0,0,0.4207,-0.182,-0.20199999999999996
41468,0.0,0.0,0.0,1000.0,0,0,0.44070000000000004,-0.182,-0.20199999999999996
41469,0.0,0.0,0.0,1000.0,0,0,0.4607,-0.182,-0.20199999999999996
41470,0.0,0.0,0.0,1000.0,0,0,0.4807,-0.182,-0.20199999999999996
41471,0.0,0.0,0.0,1000.0,0,0,0.1607,-0.16199999999999998,-0.20199999999999996
41472,0.0,0.0,0.0,1000.0,0,0,0.1807,-0.16199999999999998,-0.20199999999999996
41473,0.0,0.0,0.0,1000.0,0,0,0.20070000000000002,-0.16199999999999998,-0.20199999999999996
41474,0.0,0.0,0.0,1000.0,0,0,0.2207,-0.16199999999999998,-0.20199999999999996
41475,0.0,0.0,0.0,1000.0,0,0,0.24070000000000003,-0.16199999999999998,-0.20199999999999996
41476,0.0,0.0,0.0,1000.0,0,0,0.26070000000000004,-0.16199999999999998,-0.20199999999999996
41477,0.0,0.0,0.0,1000.0,0,0,0.2807,-0.16199999999999998,-0.20199999999999996
41478,0.0,0.0,0.0,1000.0,0,0,0.3007,-0.16199999999999998,-0.20199999999999996
41479,0.0,0.0,0.0,1000.0,0,0,0.3207,-0.16199999999999998,-0.20199999999999996
41480,0.0,0.0,0.0,1000.0,0,0,0.3407,-0.16199999999999998,-0.20199999999999996
41481,0.0,0.0,0.0,1000.0,0,0,0.3607,-0.16199999999999998,-0.20199999999999996
41482,0.0,0.0,0.0,1000.0,0,0,0.38070000000000004,-0.16199999999999998,-0.20199999999999996
41483,0.0,0.0,0.0,1000.0,0,0,0.4007,-0.16199999999999998,-0.20199999999999996
41484,0.0,0.0,0.0,1000.0,0,0,0.4207,-0.16199999999999998,-0.20199999999999996
41485,0.0,0.0,0.0,1000.0,0,0,0.44070000000000004,-0.16199999999999998,-0.20199999999999996
41486,0.0,0.0,0.0,1000.0,0,0,0.4607,-0.16199999999999998,-0.20199999999999996
41487,0.0,0.0,0.0,1000.0,0,0,0.4807,-0.16199999999999998,-0.20199999999999996
41488,0.0,0.0,0.0,1000.0,0,0,0.1607,-0.14199999999999996,-0.20199999999999996
41489,0.0,0.0,0.0,1000.0,0,0,0.1807,-0.14199999999999996,-0.20199999999999996
41490,0.0,0.0,0.0,1000.0,0,0,0.20070000000000002,-0.14199999999999996,-0.20199999999999996
41491,0.0,0.0,0.0,1000.0,0,0,0.2207,-0.14199999999999996,-0.20199999999999996
41492,0.0,0.0,0.0,1000.0,0,0,0.24070000000000003,-0.14199999999999996,-0.20199999999999996
41493,0.0,0.0,0.0,1000.0,0,0,0.26070000000000004,-0.14199999999999996,-0.20199999999999996
41494,0.0,0.0,0.0,1000.0,0,0,0.2807,-0.14199999999999996,-0.20199999999999996
41495,0.0,0.0,0.0,1000.0,0,0,0.3007,-0.14199999999999996,-0.20199999999999996
41496,0.0,0.0,0.0,1000.0,0,0,0.3207,-0.14199999999999996,-0.20199999999999996
41497,0.0,0.0,0.0,1000.0,0,0,0.3407,-0.14199999999999996,-0.20199999999999996
41498,0.0,0.0,0.0,1000.0,0,0,0.3607,-0.14199999999999996,-0.20199999999999996
41499,0.0,0.0,0.0,1000.0,0,0,0.38070000000000004,-0.14199999999999996,-0.20199999999999996
41500,0.0,0.0,0.0,1000.0,0,0,0.4007,-0.14199999999999996,-0.20199999999999996
41501,0.0,0.0,0.0,1000.0,0,0,0.4207,-0.14199999999999996,-0.20199999999999996
41502,0.0,0.0,0.0,1000.0,0,0,0.44070000000000004,-0.14199999999999996,-0.20199999999999996
41503,0.0,0.0,0.0,1000.0,0,0,0.4607,-0.14199999999999996,-0.20199999999999996
41504,0.0,0.0,0.0,1000.0,0,0,0.4807,-0.14199999999999996,-0.20199999999999996
41505,0.0,0.0,0.0,1000.0,0,0,0.1607,-0.122,-0.20199999999999996
41506,0.0,0.0,0.0,1000.0,0,0,0.1807,-0.122,-0.20199999999999996
41507,0.0,0.0,0.0,1000.0,0,0,0.20070000000000002,-0.122,-0.20199999999999996
41508,0.0,0.0,0.0,1000.0,0,0,0.2207,-0.122,-0.20199999999999996
41509,0.0,0.0,0.0,1000.0,0,0,0.24070000000000003,-0.122,-0.20199999999999996
41510,0.0,0.0,0.0,1000.0,0,0,0.26070000000000004,-0.122,-0.20199999999999996
41511,0.0,0.0,0.0,1000.0,0,0,0.2807,-0.122,-0.20199999999999996
41512,0.0,0.0,0.0,1000.0,0,0,0.3007,-0.122,-0.20199999999999996
41513,0.0,0.0,0.0,1000.0,0,0,0.3207,-0.122,-0.20199999999999996
41514,0.0,0.0,0.0,1000.0,0,0,0.3407,-0.122,-0.20199999999999996
41515,0.0,0.0,0.0,1000.0,0,0,0.3607,-0.122,-0.20199999999999996
41516,0.0,0.0,0.0,1000.0,0,0,0.38070000000000004,-0.122,-0.20199999999999996
41517,0.0,0.0,0.0,1000.0,0,0,0.4007,-0.122,-0.20199999999999996
41518,0.0,0.0,0.0,1000.0,0,0,0.4207,-0.122,-0.20199999999999996
41519,0.0,0.0,0.0,1000.0,0,0,0.44070000000000004,-0.122,-0.20199999999999996
41520,0.0,0.0,0.0,1000.0,0,0,0.4607,-0.122,-0.20199999999999996
41521,0.0,0.0,0.0,1000.0,0,0,0.4807,-0.122,-0.20199999999999996
41522,0.0,0.0,0.0,1000.0,0,0,0.1607,-0.10199999999999998,-0.20199999999999996
41523,0.0,0.0,0.0,1000.0,0,0,0.1807,-0.10199999999999998,-0.20199999999999996
41524,0.0,0.0,0.0,1000.0,0,0,0.20070000000000002,-0.10199999999999998,-0.20199999999999996
41525,0.0,0.0,0.0,1000.0,0,0,0.2207,-0.10199999999999998,-0.20199999999999996
41526,0.0,0.0,0.0,1000.0,0,0,0.24070000000000003,-0.10199999999999998,-0.20199999999999996
41527,0.0,0.0,0.0,1000.0,0,0,0.26070000000000004,-0.10199999999999998,-0.20199999999999996
41528,0.0,0.0,0.0,1000.0,0,0,0.2807,-0.10199999999999998,-0.20199999999999996
41529,0.0,0.0,0.0,1000.0,0,0,0.3007,-0.10199999999999998,-0.20199999999999996
41530,0.0,0.0,0.0,1000.0,0,0,0.3207,-0.10199999999999998,-0.20199999999999996
41531,0.0,0.0,0.0,1000.0,0,0,0.3407,-0.10199999999999998,-0.20199999999999996
41532,0.0,0.0,0.0,1000.0,0,0,0.3607,-0.10199999999999998,-0.20199999999999996
41533,0.0,0.0,0.0,1000.0,0,0,0.38070000000000004,-0.10199999999999998,-0.20199999999999996
41534,0.0,0.0,0.0,1000.0,0,0,0.4007,-0.10199999999999998,-0.20199999999999996
41535,0.0,0.0,0.0,1000.0,0,0,0.4207,-0.10199999999999998,-0.20199999999999996
41536,0.0,0.0,0.0,1000.0,0,0,0.44070000000000004,-0.10199999999999998,-0.20199999999999996
41537,0.0,0.0,0.0,1000.0,0,0,0.4607,-0.10199999999999998,-0.20199999999999996
41538,0.0,0.0,0.0,1000.0,0,0,0.4807,-0.10199999999999998,-0.20199999999999996
41539,0.0,0.0,0.0,1000.0,0,0,0.1607,-0.08199999999999996,-0.20199999999999996
41540,0.0,0.0,0.0,1000.0,0,0,0.1807,-0.08199999999999996,-0.20199999999999996
41541,0.0,0.0,0.0,1000.0,0,0,0.20070000000000002,-0.08199999999999996,-0.20199999999999996
41542,0.0,0.0,0.0,1000.0,0,0,0.2207,-0.08199999999999996,-0.20199999999999996
41543,0.0,0.0,0.0,1000.0,0,0,0.24070000000000003,-0.08199999999999996,-0.20199999999999996
41544,0.0,0.0,0.0,1000.0,0,0,0.26070000000000004,-0.08199999999999996,-0.20199999999999996
41545,0.0,0.0,0.0,1000.0,0,0,0.2807,-0.08199999999999996,-0.20199999999999996
41546,0.0,0.0,0.0,1000.0,0,0,0.3007,-0.08199999999999996,-0.20199999999999996
41547,0.0,0.0,0.0,1000.0,0,0,0.3207,-0.08199999999999996,-0.20199999999999996
41548,0.0,0.0,0.0,1000.0,0,0,0.3407,-0.08199999999999996,-0.20199999999999996
41549,0.0,0.0,0.0,1000.0,0,0,0.3607,-0.08199999999999996,-0.20199999999999996
41550,0.0,0.0,0.0,1000.0,0,0,0.38070000000000004,-0.08199999999999996,-0.20199999999999996
41551,0.0,0.0,0.0,1000.0,0,0,0.4007,-0.08199999999999996,-0.20199999999999996
41552,0.0,0.0,0.0,1000.0,0,0,0.4207,-0.08199999999999996,-0.20199999999999996
41553,0.0,0.0,0.0,1000.0,0,0,0.44070000000000004,-0.08199999999999996,-0.20199999999999996
41554,0.0,0.0,0.0,1000.0,0,0,0.4607,-0.08199999999999996,-0.20199999999999996
41555,0.0,0.0,0.0,1000.0,0,0,0.4807,-0.08199999999999996,-0.20199999999999996
41556,0.0,0.0,0.0,1000.0,0,0,0.1607,-0.062,-0.20199999999999996
41557,0.0,0.0,0.0,1000.0,0,0,0.1807,-0.062,-0.20199999999999996
41558,0.0,0.0,0.0,1000.0,0,0,0.20070000000000002,-0.062,-0.20199999999999996
41559,0.0,0.0,0.0,1000.0,0,0,0.2207,-0.062,-0.20199999999999996
41560,0.0,0.0,0.0,1000.0,0,0,0.24070000000000003,-0.062,-0.20199999999999996
41561,0.0,0.0,0.0,1000.0,0,0,0.26070000000000004,-0.062,-0.20199999999999996
41562,0.0,0.0,0.0,1000.0,0,0,0.2807,-0.062,-0.20199999999999996
41563,0.0,0.0,0.0,1000.0,0,0,0.3007,-0.062,-0.20199999999999996
41564,0.0,0.0,0.0,1000.0,0,0,0.3207,-0.062,-0.20199999999999996
41565,0.0,0.0,0.0,1000.0,0,0,0.3407,-0.062,-0.20199999999999996
41566,0.0,0.0,0.0,1000.0,0,0,0.3607,-0.062,-0.20199999999999996
41567,0.0,0.0,0.0,1000.0,0,0,0.38070000000000004,-0.062,-0.20199999999999996
41568,0.0,0.0,0.0,1000.0,0,0,0.4007,-0.062,-0.20199999999999996
41569,0.0,0.0,0.0,1000.0,0,0,0.4207,-0.062,-0.20199999999999996
41570,0.0,0.0,0.0,1000.0,0,0,0.44070000000000004,-0.062,-0.20199999999999996
41571,0.0,0.0,0.0,1000.0,0,0,0.4607,-0.062,-0.20199999999999996
41572,0.0,0.0,0.0,1000.0,0,0,0.4807,-0.062,-0.20199999999999996
41573,0.0,0.0,0.0,1000.0,0,0,0.1607,-0.04199999999999998,-0.20199999999999996
41574,0.0,0.0,0.0,1000.0,0,0,0.1807,-0.04199999999999998,-0.20199999999999996
41575,0.0,0.0,0.0,1000.0,0,0,0.20070000000000002,-0.04199999999999998,-0.20199999999999996
41576,0.0,0.0,0.0,1000.0,0,0,0.2207,-0.04199999999999998,-0.20199999999999996
41577,0.0,0.0,0.0,1000.0,0,0,0.24070000000000003,-0.04199999999999998,-0.20199999999999996
41578,0.0,0.0,0.0,1000.0,0,0,0.26070000000000004,-0.04199999999999998,-0.20199999999999996
41579,0.0,0.0,0.0,1000.0,0,0,0.2807,-0.04199999999999998,-0.20199999999999996
41580,0.0,0.0,0.0,1000.0,0,0,0.3007,-0.04199999999999998,-0.20199999999999996
41581,0.0,0.0,0.0,1000.0,0,0,0.3207,-0.04199999999999998,-0.20199999999999996
41582,0.0,0.0,0.0,1000.0,0,0,0.3407,-0.04199999999999998,-0.20199999999999996
41583,0.0,0.0,0.0,1000.0,0,0,0.3607,-0.04199999999999998,-0.20199999999999996
41584,0.0,0.0,0.0,1000.0,0,0,0.38070000000000004,-0.04199999999999998,-0.20199999999999996
41585,0.0,0.0,0.0,1000.0,0,0,0.4007,-0.04199999999999998,-0.20199999999999996
41586,0.0,0.0,0.0,1000.0,0,0,0.4207,-0.04199999999999998,-0.20199999999999996
41587,0.0,0.0,0.0,1000.0,0,0,0.44070000000000004,-0.04199999999999998,-0.20199999999999996
41588,0.0,0.0,0.0,1000.0,0,0,0.4607,-0.04199999999999998,-0.20199999999999996
41589,0.0,0.0,0.0,1000.0,0,0,0.4807,-0.04199999999999998,-0.20199999999999996
41590,0.0,0.0,0.0,1000.0,0,0,0.1607,-0.021999999999999964,-0.20199999999999996
41591,0.0,0.0,0.0,1000.0,0,0,0.1807,-0.021999999999999964,-0.20199999999999996
41592,0.0,0.0,0.0,1000.0,0,0,0.20070000000000002,-0.021999999999999964,-0.20199999999999996
41593,0.0,0.0,0.0,1000.0,0,0,0.2207,-0.021999999999999964,-0.20199999999999996
41594,0.0,0.0,0.0,1000.0,0,0,0.24070000000000003,-0.021999999999999964,-0.20199999999999996
41595,0.0,0.0,0.0,1000.0,0,0,0.26070000000000004,-0.021999999999999964,-0.20199999999999996
41596,0.0,0.0,0.0,1000.0,0,0,0.2807,-0.021999999999999964,-0.20199999999999996
41597,0.0,0.0,0.0,1000.0,0,0,0.3007,-0.021999999999999964,-0.20199999999999996
41598,0.0,0.0,0.0,1000.0,0,0,0.3207,-0.021999999999999964,-0.20199999999999996
41599,0.0,0.0,0.0,1000.0,0,0,0.3407,-0.021999999999999964,-0.20199999999999996
41600,0.0,0.0,0.0,1000.0,0,0,0.3607,-0.021999999999999964,-0.20199999999999996
41601,0.0,0.0,0.0,1000.0,0,0,0.38070000000000004,-0.021999999999999964,-0.20199999999999996
41602,0.0,0.0,0.0,1000.0,0,0,0.4007,-0.021999999999999964,-0.20199999999999996
41603,0.0,0.0,0.0,1000.0,0,0,0.4207,-0.021999999999999964,-0.20199999999999996
41604,0.0,0.0,0.0,1000.0,0,0,0.44070000000000004,-0.021999999999999964,-0.20199999999999996
41605,0.0,0.0,0.0,1000.0,0,0,0.4607,-0.021999999999999964,-0.20199999999999996
41606,0.0,0.0,0.0,1000.0,0,0,0.4807,-0.021999999999999964,-0.20199999999999996
41607,0.0,0.0,0.0,1000.0,0,0,0.1607,-0.0020000000000000018,-0.20199999999999996
41608,0.0,0.0,0.0,1000.0,0,0,0.1807,-0.0020000000000000018,-0.20199999999999996
41609,0.0,0.0,0.0,1000.0,0,0,0.20070000000000002,-0.0020000000000000018,-0.20199999999999996
41610,0.0,0.0,0.0,1000.0,0,0,0.2207,-0.0020000000000000018,-0.20199999999999996
41611,0.0,0.0,0.0,1000.0,0,0,0.24070000000000003,-0.0020000000000000018,-0.20199999999999996
41612,0.0,0.0,0.0,1000.0,0,0,0.26070000000000004,-0.0020000000000000018,-0.20199999999999996
41613,0.0,0.0,0.0,1000.0,0,0,0.2807,-0.0020000000000000018,-0.20199999999999996
41614,0.0,0.0,0.0,1000.0,0,0,0.3007,-0.0020000000000000018,-0.20199999999999996
41615,0.0,0.0,0.0,1000.0,0,0,0.3207,-0.0020000000000000018,-0.20199999999999996
41616,0.0,0.0,0.0,1000.0,0,0,0.3407,-0.0020000000000000018,-0.20199999999999996
41617,0.0,0.0,0.0,1000.0,0,0,0.3607,-0.0020000000000000018,-0.20199999999999996
41618,0.0,0.0,0.0,1000.0,0,0,0.38070000000000004,-0.0020000000000000018,-0.20199999999999996
41619,0.0,0.0,0.0,1000.0,0,0,0.4007,-0.0020000000000000018,-0.20199999999999996
41620,0.0,0.0,0.0,1000.0,0,0,0.4207,-0.0020000000000000018,-0.20199999999999996
41621,0.0,0.0,0.0,1000.0,0,0,0.44070000000000004,-0.0020000000000000018,-0.20199999999999996
41622,0.0,0.0,0.0,1000.0,0,0,0.4607,-0.0020000000000000018,-0.20199999999999996
41623,0.0,0.0,0.0,1000.0,0,0,0.4807,-0.0020000000000000018,-0.20199999999999996
41624,0.0,0.0,0.0,1000.0,0,0,0.1607,0.018000000000000016,-0.20199999999999996
41625,0.0,0.0,0.0,1000.0,0,0,0.1807,0.018000000000000016,-0.20199999999999996
41626,0.0,0.0,0.0,1000.0,0,0,0.20070000000000002,0.018000000000000016,-0.20199999999999996
41627,0.0,0.0,0.0,1000.0,0,0,0.2207,0.018000000000000016,-0.20199999999999996
41628,0.0,0.0,0.0,1000.0,0,0,0.24070000000000003,0.018000000000000016,-0.20199999999999996
41629,0.0,0.0,0.0,1000.0,0,0,0.26070000000000004,0.018000000000000016,-0.20199999999999996
41630,0.0,0.0,0.0,1000.0,0,0,0.2807,0.018000000000000016,-0.20199999999999996
41631,0.0,0.0,0.0,1000.0,0,0,0.3007,0.018000000000000016,-0.20199999999999996
41632,0.0,0.0,0.0,1000.0,0,0,0.3207,0.018000000000000016,-0.20199999999999996
41633,0.0,0.0,0.0,1000.0,0,0,0.3407,0.018000000000000016,-0.20199999999999996
41634,0.0,0.0,0.0,1000.0,0,0,0.3607,0.018000000000000016,-0.20199999999999996
41635,0.0,0.0,0.0,1000.0,0,0,0.38070000000000004,0.018000000000000016,-0.20199999999999996
41636,0.0,0.0,0.0,1000.0,0,0,0.4007,0.018000000000000016,-0.20199999999999996
41637,0.0,0.0,0.0,1000.0,0,0,0.4207,0.018000000000000016,-0.20199999999999996
41638,0.0,0.0,0.0,1000.0,0,0,0.44070000000000004,0.018000000000000016,-0.20199999999999996
41639,0.0,0.0,0.0,1000.0,0,0,0.4607,0.018000000000000016,-0.20199999999999996
41640,0.0,0.0,0.0,1000.0,0,0,0.4807,0.018000000000000016,-0.20199999999999996
41641,0.0,0.0,0.0,1000.0,0,0,0.1607,0.038000000000000034,-0.20199999999999996
41642,0.0,0.0,0.0,1000.0,0,0,0.1807,0.038000000000000034,-0.20199999999999996
41643,0.0,0.0,0.0,1000.0,0,0,0.20070000000000002,0.038000000000000034,-0.20199999999999996
41644,0.0,0.0,0.0,1000.0,0,0,0.2207,0.038000000000000034,-0.20199999999999996
41645,0.0,0.0,0.0,1000.0,0,0,0.24070000000000003,0.038000000000000034,-0.20199999999999996
41646,0.0,0.0,0.0,1000.0,0,0,0.26070000000000004,0.038000000000000034,-0.20199999999999996
41647,0.0,0.0,0.0,1000.0,0,0,0.2807,0.038000000000000034,-0.20199999999999996
41648,0.0,0.0,0.0,1000.0,0,0,0.3007,0.038000000000000034,-0.20199999999999996
41649,0.0,0.0,0.0,1000.0,0,0,0.3207,0.038000000000000034,-0.20199999999999996
41650,0.0,0.0,0.0,1000.0,0,0,0.3407,0.038000000000000034,-0.20199999999999996
41651,0.0,0.0,0.0,1000.0,0,0,0.3607,0.038000000000000034,-0.20199999999999996
41652,0.0,0.0,0.0,1000.0,0,0,0.38070000000000004,0.038000000000000034,-0.20199999999999996
41653,0.0,0.0,0.0,1000.0,0,0,0.4007,0.038000000000000034,-0.20199999999999996
41654,0.0,0.0,0.0,1000.0,0,0,0.4207,0.038000000000000034,-0.20199999999999996
41655,0.0,0.0,0.0,1000.0,0,0,0.44070000000000004,0.038000000000000034,-0.20199999999999996
41656,0.0,0.0,0.0,1000.0,0,0,0.4607,0.038000000000000034,-0.20199999999999996
41657,0.0,0.0,0.0,1000.0,0,0,0.4807,0.038000000000000034,-0.20199999999999996
41658,0.0,0.0,0.0,1000.0,0,0,0.1607,0.05800000000000005,-0.20199999999999996
41659,0.0,0.0,0.0,1000.0,0,0,0.1807,0.05800000000000005,-0.20199999999999996
41660,0.0,0.0,0.0,1000.0,0,0,0.20070000000000002,0.05800000000000005,-0.20199999999999996
41661,0.0,0.0,0.0,1000.0,0,0,0.2207,0.05800000000000005,-0.20199999999999996
41662,0.0,0.0,0.0,1000.0,0,0,0.24070000000000003,0.05800000000000005,-0.20199999999999996
41663,0.0,0.0,0.0,1000.0,0,0,0.26070000000000004,0.05800000000000005,-0.20199999999999996
41664,0.0,0.0,0.0,1000.0,0,0,0.2807,0.05800000000000005,-0.20199999999999996
41665,0.0,0.0,0.0,1000.0,0,0,0.3007,0.05800000000000005,-0.20199999999999996
41666,0.0,0.0,0.0,1000.0,0,0,0.3207,0.05800000000000005,-0.20199999999999996
41667,0.0,0.0,0.0,1000.0,0,0,0.3407,0.05800000000000005,-0.20199999999999996
41668,0.0,0.0,0.0,1000.0,0,0,0.3607,0.05800000000000005,-0.20199999999999996
41669,0.0,0.0,0.0,1000.0,0,0,0.38070000000000004,0.05800000000000005,-0.20199999999999996
41670,0.0,0.0,0.0,1000.0,0,0,0.4007,0.05800000000000005,-0.20199999999999996
41671,0.0,0.0,0.0,1000.0,0,0,0.4207,0.05800000000000005,-0.20199999999999996
41672,0.0,0.0,0.0,1000.0,0,0,0.44070000000000004,0.05800000000000005,-0.20199999999999996
41673,0.0,0.0,0.0,1000.0,0,0,0.4607,0.05800000000000005,-0.20199999999999996
41674,0.0,0.0,0.0,1000.0,0,0,0.4807,0.05800000000000005,-0.20199999999999996
41675,0.0,0.0,0.0,1000.0,0,0,0.1607,0.07800000000000007,-0.20199999999999996
41676,0.0,0.0,0.0,1000.0,0,0,0.1807,0.07800000000000007,-0.20199999999999996
41677,0.0,0.0,0.0,1000.0,0,0,0.20070000000000002,0.07800000000000007,-0.20199999999999996
41678,0.0,0.0,0.0,1000.0,0,0,0.2207,0.07800000000000007,-0.20199999999999996
41679,0.0,0.0,0.0,1000.0,0,0,0.24070000000000003,0.07800000000000007,-0.20199999999999996
41680,0.0,0.0,0.0,1000.0,0,0,0.26070000000000004,0.07800000000000007,-0.20199999999999996
41681,0.0,0.0,0.0,1000.0,0,0,0.2807,0.07800000000000007,-0.20199999999999996
41682,0.0,0.0,0.0,1000.0,0,0,0.3007,0.07800000000000007,-0.20199999999999996
41683,0.0,0.0,0.0,1000.0,0,0,0.3207,0.07800000000000007,-0.20199999999999996
41684,0.0,0.0,0.0,1000.0,0,0,0.3407,0.07800000000000007,-0.20199999999999996
41685,0.0,0.0,0.0,1000.0,0,0,0.3607,0.07800000000000007,-0.20199999999999996
41686,0.0,0.0,0.0,1000.0,0,0,0.38070000000000004,0.07800000000000007,-0.20199999999999996
41687,0.0,0.0,0.0,1000.0,0,0,0.4007,0.07800000000000007,-0.20199999999999996
41688,0.0,0.0,0.0,1000.0,0,0,0.4207,0.07800000000000007,-0.20199999999999996
41689,0.0,0.0,0.0,1000.0,0,0,0.44070000000000004,0.07800000000000007,-0.20199999999999996
41690,0.0,0.0,0.0,1000.0,0,0,0.4607,0.07800000000000007,-0.20199999999999996
41691,0.0,0.0,0.0,1000.0,0,0,0.4807,0.07800000000000007,-0.20199999999999996
41692,0.0,0.0,0.0,1000.0,0,0,0.1607,0.09799999999999998,-0.20199999999999996
41693,0.0,0.0,0.0,1000.0,0,0,0.1807,0.09799999999999998,-0.20199999999999996
41694,0.0,0.0,0.0,1000.0,0,0,0.20070000000000002,0.09799999999999998,-0.20199999999999996
41695,0.0,0.0,0.0,1000.0,0,0,0.2207,0.09799999999999998,-0.20199999999999996
41696,0.0,0.0,0.0,1000.0,0,0,0.24070000000000003,0.09799999999999998,-0.20199999999999996
41697,0.0,0.0,0.0,1000.0,0,0,0.26070000000000004,0.09799999999999998,-0.20199999999999996
41698,0.0,0.0,0.0,1000.0,0,0,0.2807,0.09799999999999998,-0.20199999999999996
41699,0.0,0.0,0.0,1000.0,0,0,0.3007,0.09799999999999998,-0.20199999999999996
41700,0.0,0.0,0.0,1000.0,0,0,0.3207,0.09799999999999998,-0.20199999999999996
41701,0.0,0.0,0.0,1000.0,0,0,0.3407,0.09799999999999998,-0.20199999999999996
41702,0.0,0.0,0.0,1000.0,0,0,0.3607,0.09799999999999998,-0.20199999999999996
41703,0.0,0.0,0.0,1000.0,0,0,0.38070000000000004,0.09799999999999998,-0.20199999999999996
41704,0.0,0.0,0.0,1000.0,0,0,0.4007,0.09799999999999998,-0.20199999999999996
41705,0.0,0.0,0.0,1000.0,0,0,0.4207,0.09799999999999998,-0.20199999999999996
41706,0.0,0.0,0.0,1000.0,0,0,0.44070000000000004,0.09799999999999998,-0.20199999999999996
41707,0.0,0.0,0.0,1000.0,0,0,0.4607,0.09799999999999998,-0.20199999999999996
41708,0.0,0.0,0.0,1000.0,0,0,0.4807,0.09799999999999998,-0.20199999999999996
41709,0.0,0.0,0.0,1000.0,0,0,0.1607,0.118,-0.20199999999999996
41710,0.0,0.0,0.0,1000.0,0,0,0.1807,0.118,-0.20199999999999996
41711,0.0,0.0,0.0,1000.0,0,0,0.20070000000000002,0.118,-0.20199999999999996
41712,0.0,0.0,0.0,1000.0,0,0,0.2207,0.118,-0.20199999999999996
41713,0.0,0.0,0.0,1000.0,0,0,0.24070000000000003,0.118,-0.20199999999999996
41714,0.0,0.0,0.0,1000.0,0,0,0.26070000000000004,0.118,-0.20199999999999996
41715,0.0,0.0,0.0,1000.0,0,0,0.2807,0.118,-0.20199999999999996
41716,0.0,0.0,0.0,1000.0,0,0,0.3007,0.118,-0.20199999999999996
41717,0.0,0.0,0.0,1000.0,0,0,0.3207,0.118,-0.20199999999999996
41718,0.0,0.0,0.0,1000.0,0,0,0.3407,0.118,-0.20199999999999996
41719,0.0,0.0,0.0,1000.0,0,0,0.3607,0.118,-0.20199999999999996
41720,0.0,0.0,0.0,1000.0,0,0,0.38070000000000004,0.118,-0.20199999999999996
41721,0.0,0.0,0.0,1000.0,0,0,0.4007,0.118,-0.20199999999999996
41722,0.0,0.0,0.0,1000.0,0,0,0.4207,0.118,-0.20199999999999996
41723,0.0,0.0,0.0,1000.0,0,0,0.44070000000000004,0.118,-0.20199999999999996
41724,0.0,0.0,0.0,1000.0,0,0,0.4607,0.118,-0.20199999999999996
41725,0.0,0.0,0.0,1000.0,0,0,0.4807,0.118,-0.20199999999999996
41726,0.0,0.0,0.0,1000.0,0,0,0.1607,0.138,-0.20199999999999996
41727,0.0,0.0,0.0,1000.0,0,0,0.1807,0.138,-0.20199999999999996
41728,0.0,0.0,0.0,1000.0,0,0,0.20070000000000002,0.138,-0.20199999999999996
41729,0.0,0.0,0.0,1000.0,0,0,0.2207,0.138,-0.20199999999999996
41730,0.0,0.0,0.0,1000.0,0,0,0.24070000000000003,0.138,-0.20199999999999996
41731,0.0,0.0,0.0,1000.0,0,0,0.26070000000000004,0.138,-0.20199999999999996
41732,0.0,0.0,0.0,1000.0,0,0,0.2807,0.138,-0.20199999999999996
41733,0.0,0.0,0.0,1000.0,0,0,0.3007,0.138,-0.20199999999999996
41734,0.0,0.0,0.0,1000.0,0,0,0.3207,0.138,-0.20199999999999996
41735,0.0,0.0,0.0,1000.0,0,0,0.3407,0.138,-0.20199999999999996
41736,0.0,0.0,0.0,1000.0,0,0,0.3607,0.138,-0.20199999999999996
41737,0.0,0.0,0.0,1000.0,0,0,0.38070000000000004,0.138,-0.20199999999999996
41738,0.0,0.0,0.0,1000.0,0,0,0.4007,0.138,-0.20199999999999996
41739,0.0,0.0,0.0,1000.0,0,0,0.4207,0.138,-0.20199999999999996
41740,0.0,0.0,0.0,1000.0,0,0,0.44070000000000004,0.138,-0.20199999999999996
41741,0.0,0.0,0.0,1000.0,0,0,0.4607,0.138,-0.20199999999999996
41742,0.0,0.0,0.0,1000.0,0,0,0.4807,0.138,-0.20199999999999996
41743,0.0,0.0,0.0,1000.0,0,0,0.1607,0.15800000000000003,-0.20199999999999996
41744,0.0,0.0,0.0,1000.0,0,0,0.1807,0.15800000000000003,-0.20199999999999996
41745,0.0,0.0,0.0,1000.0,0,0,0.20070000000000002,0.15800000000000003,-0.20199999999999996
41746,0.0,0.0,0.0,1000.0,0,0,0.2207,0.15800000000000003,-0.20199999999999996
41747,0.0,0.0,0.0,1000.0,0,0,0.24070000000000003,0.15800000000000003,-0.20199999999999996
41748,0.0,0.0,0.0,1000.0,0,0,0.26070000000000004,0.15800000000000003,-0.20199999999999996
41749,0.0,0.0,0.0,1000.0,0,0,0.2807,0.15800000000000003,-0.20199999999999996
41750,0.0,0.0,0.0,1000.0,0,0,0.3007,0.15800000000000003,-0.20199999999999996
41751,0.0,0.0,0.0,1000.0,0,0,0.3207,0.15800000000000003,-0.20199999999999996
41752,0.0,0.0,0.0,1000.0,0,0,0.3407,0.15800000000000003,-0.20199999999999996
41753,0.0,0.0,0.0,1000.0,0,0,0.3607,0.15800000000000003,-0.20199999999999996
41754,0.0,0.0,0.0,1000.0,0,0,0.38070000000000004,0.15800000000000003,-0.20199999999999996
41755,0.0,0.0,0.0,1000.0,0,0,0.4007,0.15800000000000003,-0.20199999999999996
41756,0.0,0.0,0.0,1000.0,0,0,0.4207,0.15800000000000003,-0.20199999999999996
41757,0.0,0.0,0.0,1000.0,0,0,0.44070000000000004,0.15800000000000003,-0.20199999999999996
41758,0.0,0.0,0.0,1000.0,0,0,0.4607,0.15800000000000003,-0.20199999999999996
41759,0.0,0.0,0.0,1000.0,0,0,0.4807,0.15800000000000003,-0.20199999999999996
41760,0.0,0.0,0.0,1000.0,0,0,0.1607,0.17800000000000005,-0.20199999999999996
41761,0.0,0.0,0.0,1000.0,0,0,0.1807,0.17800000000000005,-0.20199999999999996
41762,0.0,0.0,0.0,1000.0,0,0,0.20070000000000002,0.17800000000000005,-0.20199999999999996
41763,0.0,0.0,0.0,1000.0,0,0,0.2207,0.17800000000000005,-0.20199999999999996
41764,0.0,0.0,0.0,1000.0,0,0,0.24070000000000003,0.17800000000000005,-0.20199999999999996
41765,0.0,0.0,0.0,1000.0,0,0,0.26070000000000004,0.17800000000000005,-0.20199999999999996
41766,0.0,0.0,0.0,1000.0,0,0,0.2807,0.17800000000000005,-0.20199999999999996
41767,0.0,0.0,0.0,1000.0,0,0,0.3007,0.17800000000000005,-0.20199999999999996
41768,0.0,0.0,0.0,1000.0,0,0,0.3207,0.17800000000000005,-0.20199999999999996
41769,0.0,0.0,0.0,1000.0,0,0,0.3407,0.17800000000000005,-0.20199999999999996
41770,0.0,0.0,0.0,1000.0,0,0,0.3607,0.17800000000000005,-0.20199999999999996
41771,0.0,0.0,0.0,1000.0,0,0,0.38070000000000004,0.17800000000000005,-0.20199999999999996
41772,0.0,0.0,0.0,1000.0,0,0,0.4007,0.17800000000000005,-0.20199999999999996
41773,0.0,0.0,0.0,1000.0,0,0,0.4207,0.17800000000000005,-0.20199999999999996
41774,0.0,0.0,0.0,1000.0,0,0,0.44070000000000004,0.17800000000000005,-0.20199999999999996
41775,0.0,0.0,0.0,1000.0,0,0,0.4607,0.17800000000000005,-0.20199999999999996
41776,0.0,0.0,0.0,1000.0,0,0,0.4807,0.17800000000000005,-0.20199999999999996
41777,0.0,0.0,0.0,1000.0,0,0,0.1607,0.19800000000000006,-0.20199999999999996
41778,0.0,0.0,0.0,1000.0,0,0,0.1807,0.19800000000000006,-0.20199999999999996
41779,0.0,0.0,0.0,1000.0,0,0,0.20070000000000002,0.19800000000000006,-0.20199999999999996
41780,0.0,0.0,0.0,1000.0,0,0,0.2207,0.19800000000000006,-0.20199999999999996
41781,0.0,0.0,0.0,1000.0,0,0,0.24070000000000003,0.19800000000000006,-0.20199999999999996
41782,0.0,0.0,0.0,1000.0,0,0,0.26070000000000004,0.19800000000000006,-0.20199999999999996
41783,0.0,0.0,0.0,1000.0,0,0,0.2807,0.19800000000000006,-0.20199999999999996
41784,0.0,0.0,0.0,1000.0,0,0,0.3007,0.19800000000000006,-0.20199999999999996
41785,0.0,0.0,0.0,1000.0,0,0,0.3207,0.19800000000000006,-0.20199999999999996
41786,0.0,0.0,0.0,1000.0,0,0,0.3407,0.19800000000000006,-0.20199999999999996
41787,0.0,0.0,0.0,1000.0,0,0,0.3607,0.19800000000000006,-0.20199999999999996
41788,0.0,0.0,0.0,1000.0,0,0,0.38070000000000004,0.19800000000000006,-0.20199999999999996
41789,0.0,0.0,0.0,1000.0,0,0,0.4007,0.19800000000000006,-0.20199999999999996
41790,0.0,0.0,0.0,1000.0,0,0,0.4207,0.19800000000000006,-0.20199999999999996
41791,0.0,0.0,0.0,1000.0,0,0,0.44070000000000004,0.19800000000000006,-0.20199999999999996
41792,0.0,0.0,0.0,1000.0,0,0,0.4607,0.19800000000000006,-0.20199999999999996
41793,0.0,0.0,0.0,1000.0,0,0,0.4807,0.19800000000000006,-0.20199999999999996
41794,0.0,0.0,0.0,1000.0,0,0,0.1607,0.21800000000000008,-0.20199999999999996
41795,0.0,0.0,0.0,1000.0,0,0,0.1807,0.21800000000000008,-0.20199999999999996
41796,0.0,0.0,0.0,1000.0,0,0,0.20070000000000002,0.21800000000000008,-0.20199999999999996
41797,0.0,0.0,0.0,1000.0,0,0,0.2207,0.21800000000000008,-0.20199999999999996
41798,0.0,0.0,0.0,1000.0,0,0,0.24070000000000003,0.21800000000000008,-0.20199999999999996
41799,0.0,0.0,0.0,1000.0,0,0,0.26070000000000004,0.21800000000000008,-0.20199999999999996
41800,0.0,0.0,0.0,1000.0,0,0,0.2807,0.21800000000000008,-0.20199999999999996
41801,0.0,0.0,0.0,1000.0,0,0,0.3007,0.21800000000000008,-0.20199999999999996
41802,0.0,0.0,0.0,1000.0,0,0,0.3207,0.21800000000000008,-0.20199999999999996
41803,0.0,0.0,0.0,1000.0,0,0,0.3407,0.21800000000000008,-0.20199999999999996
41804,0.0,0.0,0.0,1000.0,0,0,0.3607,0.21800000000000008,-0.20199999999999996
41805,0.0,0.0,0.0,1000.0,0,0,0.38070000000000004,0.21800000000000008,-0.20199999999999996
41806,0.0,0.0,0.0,1000.0,0,0,0.4007,0.21800000000000008,-0.20199999999999996
41807,0.0,0.0,0.0,1000.0,0,0,0.4207,0.21800000000000008,-0.20199999999999996
41808,0.0,0.0,0.0,1000.0,0,0,0.44070000000000004,0.21800000000000008,-0.20199999999999996
41809,0.0,0.0,0.0,1000.0,0,0,0.4607,0.21800000000000008,-0.20199999999999996
41810,0.0,0.0,0.0,1000.0,0,0,0.4807,0.21800000000000008,-0.20199999999999996
41811,0.0,0.0,0.0,1000.0,0,0,0.1607,0.238,-0.20199999999999996
41812,0.0,0.0,0.0,1000.0,0,0,0.1807,0.238,-0.20199999999999996
41813,0.0,0.0,0.0,1000.0,0,0,0.20070000000000002,0.238,-0.20199999999999996
41814,0.0,0.0,0.0,1000.0,0,0,0.2207,0.238,-0.20199999999999996
41815,0.0,0.0,0.0,1000.0,0,0,0.24070000000000003,0.238,-0.20199999999999996
41816,0.0,0.0,0.0,1000.0,0,0,0.26070000000000004,0.238,-0.20199999999999996
41817,0.0,0.0,0.0,1000.0,0,0,0.2807,0.238,-0.20199999999999996
41818,0.0,0.0,0.0,1000.0,0,0,0.3007,0.238,-0.20199999999999996
41819,0.0,0.0,0.0,1000.0,0,0,0.3207,0.238,-0.20199999999999996
41820,0.0,0.0,0.0,1000.0,0,0,0.3407,0.238,-0.20199999999999996
41821,0.0,0.0,0.0,1000.0,0,0,0.3607,0.238,-0.20199999999999996
41822,0.0,0.0,0.0,1000.0,0,0,0.38070000000000004,0.238,-0.20199999999999996
41823,0.0,0.0,0.0,1000.0,0,0,0.4007,0.238,-0.20199999999999996
41824,0.0,0.0,0.0,1000.0,0,0,0.4207,0.238,-0.20199999999999996
41825,0.0,0.0,0.0,1000.0,0,0,0.44070000000000004,0.238,-0.20199999999999996
41826,0.0,0.0,0.0,1000.0,0,0,0.4607,0.238,-0.20199999999999996
41827,0.0,0.0,0.0,1000.0,0,0,0.4807,0.238,-0.20199999999999996
41828,0.0,0.0,0.0,1000.0,0,0,0.1607,0.258,-0.20199999999999996
41829,0.0,0.0,0.0,1000.0,0,0,0.1807,0.258,-0.20199999999999996
41830,0.0,0.0,0.0,1000.0,0,0,0.20070000000000002,0.258,-0.20199999999999996
41831,0.0,0.0,0.0,1000.0,0,0,0.2207,0.258,-0.20199999999999996
41832,0.0,0.0,0.0,1000.0,0,0,0.24070000000000003,0.258,-0.20199999999999996
41833,0.0,0.0,0.0,1000.0,0,0,0.26070000000000004,0.258,-0.20199999999999996
41834,0.0,0.0,0.0,1000.0,0,0,0.2807,0.258,-0.20199999999999996
41835,0.0,0.0,0.0,1000.0,0,0,0.3007,0.258,-0.20199999999999996
41836,0.0,0.0,0.0,1000.0,0,0,0.3207,0.258,-0.20199999999999996
41837,0.0,0.0,0.0,1000.0,0,0,0.3407,0.258,-0.20199999999999996
41838,0.0,0.0,0.0,1000.0,0,0,0.3607,0.258,-0.20199999999999996
41839,0.0,0.0,0.0,1000.0,0,0,0.38070000000000004,0.258,-0.20199999999999996
41840,0.0,0.0,0.0,1000.0,0,0,0.4007,0.258,-0.20199999999999996
41841,0.0,0.0,0.0,1000.0,0,0,0.4207,0.258,-0.20199999999999996
41842,0.0,0.0,0.0,1000.0,0,0,0.44070000000000004,0.258,-0.20199999999999996
41843,0.0,0.0,0.0,1000.0,0,0,0.4607,0.258,-0.20199999999999996
41844,0.0,0.0,0.0,1000.0,0,0,0.4807,0.258,-0.20199999999999996
41845,0.0,0.0,0.0,1000.0,0,0,0.1607,0.278,-0.20199999999999996
41846,0.0,0.0,0.0,1000.0,0,0,0.1807,0.278,-0.20199999999999996
41847,0.0,0.0,0.0,1000.0,0,0,0.20070000000000002,0.278,-0.20199999999999996
41848,0.0,0.0,0.0,1000.0,0,0,0.2207,0.278,-0.20199999999999996
41849,0.0,0.0,0.0,1000.0,0,0,0.24070000000000003,0.278,-0.20199999999999996
41850,0.0,0.0,0.0,1000.0,0,0,0.26070000000000004,0.278,-0.20199999999999996
41851,0.0,0.0,0.0,1000.0,0,0,0.2807,0.278,-0.20199999999999996
41852,0.0,0.0,0.0,1000.0,0,0,0.3007,0.278,-0.20199999999999996
41853,0.0,0.0,0.0,1000.0,0,0,0.3207,0.278,-0.20199999999999996
41854,0.0,0.0,0.0,1000.0,0,0,0.3407,0.278,-0.20199999999999996
41855,0.0,0.0,0.0,1000.0,0,0,0.3607,0.278,-0.20199999999999996
41856,0.0,0.0,0.0,1000.0,0,0,0.38070000000000004,0.278,-0.20199999999999996
41857,0.0,0.0,0.0,1000.0,0,0,0.4007,0.278,-0.20199999999999996
41858,0.0,0.0,0.0,1000.0,0,0,0.4207,0.278,-0.20199999999999996
41859,0.0,0.0,0.0,1000.0,0,0,0.44070000000000004,0.278,-0.20199999999999996
41860,0.0,0.0,0.0,1000.0,0,0,0.4607,0.278,-0.20199999999999996
41861,0.0,0.0,0.0,1000.0,0,0,0.4807,0.278,-0.20199999999999996
41862,0.0,0.0,0.0,1000.0,0,0,0.1607,0.29800000000000004,-0.20199999999999996
41863,0.0,0.0,0.0,1000.0,0,0,0.1807,0.29800000000000004,-0.20199999999999996
41864,0.0,0.0,0.0,1000.0,0,0,0.20070000000000002,0.29800000000000004,-0.20199999999999996
41865,0.0,0.0,0.0,1000.0,0,0,0.2207,0.29800000000000004,-0.20199999999999996
41866,0.0,0.0,0.0,1000.0,0,0,0.24070000000000003,0.29800000000000004,-0.20199999999999996
41867,0.0,0.0,0.0,1000.0,0,0,0.26070000000000004,0.29800000000000004,-0.20199999999999996
41868,0.0,0.0,0.0,1000.0,0,0,0.2807,0.29800000000000004,-0.20199999999999996
41869,0.0,0.0,0.0,1000.0,0,0,0.3007,0.29800000000000004,-0.20199999999999996
41870,0.0,0.0,0.0,1000.0,0,0,0.3207,0.29800000000000004,-0.20199999999999996
41871,0.0,0.0,0.0,1000.0,0,0,0.3407,0.29800000000000004,-0.20199999999999996
41872,0.0,0.0,0.0,1000.0,0,0,0.3607,0.29800000000000004,-0.20199999999999996
41873,0.0,0.0,0.0,1000.0,0,0,0.38070000000000004,0.29800000000000004,-0.20199999999999996
41874,0.0,0.0,0.0,1000.0,0,0,0.4007,0.29800000000000004,-0.20199999999999996
41875,0.0,0.0,0.0,1000.0,0,0,0.4207,0.29800000000000004,-0.20199999999999996
41876,0.0,0.0,0.0,1000.0,0,0,0.44070000000000004,0.29800000000000004,-0.20199999999999996
41877,0.0,0.0,0.0,1000.0,0,0,0.4607,0.29800000000000004,-0.20199999999999996
41878,0.0,0.0,0.0,1000.0,0,0,0.4807,0.29800000000000004,-0.20199999999999996
41879,0.0,0.0,0.0,1000.0,0,0,0.1607,0.31800000000000006,-0.20199999999999996
41880,0.0,0.0,0.0,1000.0,0,0,0.1807,0.31800000000000006,-0.20199999999999996
41881,0.0,0.0,0.0,1000.0,0,0,0.20070000000000002,0.31800000000000006,-0.20199999999999996
41882,0.0,0.0,0.0,1000.0,0,0,0.2207,0.31800000000000006,-0.20199999999999996
41883,0.0,0.0,0.0,1000.0,0,0,0.24070000000000003,0.31800000000000006,-0.20199999999999996
41884,0.0,0.0,0.0,1000.0,0,0,0.26070000000000004,0.31800000000000006,-0.20199999999999996
41885,0.0,0.0,0.0,1000.0,0,0,0.2807,0.31800000000000006,-0.20199999999999996
41886,0.0,0.0,0.0,1000.0,0,0,0.3007,0.31800000000000006,-0.20199999999999996
41887,0.0,0.0,0.0,1000.0,0,0,0.3207,0.31800000000000006,-0.20199999999999996
41888,0.0,0.0,0.0,1000.0,0,0,0.3407,0.31800000000000006,-0.20199999999999996
41889,0.0,0.0,0.0,1000.0,0,0,0.3607,0.31800000000000006,-0.20199999999999996
41890,0.0,0.0,0.0,1000.0,0,0,0.38070000000000004,0.31800000000000006,-0.20199999999999996
41891,0.0,0.0,0.0,1000.0,0,0,0.4007,0.31800000000000006,-0.20199999999999996
41892,0.0,0.0,0.0,1000.0,0,0,0.4207,0.31800000000000006,-0.20199999999999996
41893,0.0,0.0,0.0,1000.0,0,0,0.44070000000000004,0.31800000000000006,-0.20199999999999996
41894,0.0,0.0,0.0,1000.0,0,0,0.4607,0.31800000000000006,-0.20199999999999996
41895,0.0,0.0,0.0,1000.0,0,0,0.4807,0.31800000000000006,-0.20199999999999996
41896,0.0,0.0,0.0,1000.0,0,0,0.1607,0.3380000000000001,-0.20199999999999996
41897,0.0,0.0,0.0,1000.0,0,0,0.1807,0.3380000000000001,-0.20199999999999996
41898,0.0,0.0,0.0,1000.0,0,0,0.20070000000000002,0.3380000000000001,-0.20199999999999996
41899,0.0,0.0,0.0,1000.0,0,0,0.2207,0.3380000000000001,-0.20199999999999996
41900,0.0,0.0,0.0,1000.0,0,0,0.24070000000000003,0.3380000000000001,-0.20199999999999996
41901,0.0,0.0,0.0,1000.0,0,0,0.26070000000000004,0.3380000000000001,-0.20199999999999996
41902,0.0,0.0,0.0,1000.0,0,0,0.2807,0.3380000000000001,-0.20199999999999996
41903,0.0,0.0,0.0,1000.0,0,0,0.3007,0.3380000000000001,-0.20199999999999996
41904,0.0,0.0,0.0,1000.0,0,0,0.3207,0.3380000000000001,-0.20199999999999996
41905,0.0,0.0,0.0,1000.0,0,0,0.3407,0.3380000000000001,-0.20199999999999996
41906,0.0,0.0,0.0,1000.0,0,0,0.3607,0.3380000000000001,-0.20199999999999996
41907,0.0,0.0,0.0,1000.0,0,0,0.38070000000000004,0.3380000000000001,-0.20199999999999996
41908,0.0,0.0,0.0,1000.0,0,0,0.4007,0.3380000000000001,-0.20199999999999996
41909,0.0,0.0,0.0,1000.0,0,0,0.4207,0.3380000000000001,-0.20199999999999996
41910,0.0,0.0,0.0,1000.0,0,0,0.44070000000000004,0.3380000000000001,-0.20199999999999996
41911,0.0,0.0,0.0,1000.0,0,0,0.4607,0.3380000000000001,-0.20199999999999996
41912,0.0,0.0,0.0,1000.0,0,0,0.4807,0.3380000000000001,-0.20199999999999996
41913,0.0,0.0,0.0,1000.0,0,0,0.1607,0.358,-0.20199999999999996
41914,0.0,0.0,0.0,1000.0,0,0,0.1807,0.358,-0.20199999999999996
41915,0.0,0.0,0.0,1000.0,0,0,0.20070000000000002,0.358,-0.20199999999999996
41916,0.0,0.0,0.0,1000.0,0,0,0.2207,0.358,-0.20199999999999996
41917,0.0,0.0,0.0,1000.0,0,0,0.24070000000000003,0.358,-0.20199999999999996
41918,0.0,0.0,0.0,1000.0,0,0,0.26070000000000004,0.358,-0.20199999999999996
41919,0.0,0.0,0.0,1000.0,0,0,0.2807,0.358,-0.20199999999999996
41920,0.0,0.0,0.0,1000.0,0,0,0.3007,0.358,-0.20199999999999996
41921,0.0,0.0,0.0,1000.0,0,0,0.3207,0.358,-0.20199999999999996
41922,0.0,0.0,0.0,1000.0,0,0,0.3407,0.358,-0.20199999999999996
41923,0.0,0.0,0.0,1000.0,0,0,0.3607,0.358,-0.20199999999999996
41924,0.0,0.0,0.0,1000.0,0,0,0.38070000000000004,0.358,-0.20199999999999996
41925,0.0,0.0,0.0,1000.0,0,0,0.4007,0.358,-0.20199999999999996
41926,0.0,0.0,0.0,1000.0,0,0,0.4207,0.358,-0.20199999999999996
41927,0.0,0.0,0.0,1000.0,0,0,0.44070000000000004,0.358,-0.20199999999999996
41928,0.0,0.0,0.0,1000.0,0,0,0.4607,0.358,-0.20199999999999996
41929,0.0,0.0,0.0,1000.0,0,0,0.4807,0.358,-0.20199999999999996
41930,0.0,0.0,0.0,1000.0,0,0,0.1607,0.378,-0.20199999999999996
41931,0.0,0.0,0.0,1000.0,0,0,0.1807,0.378,-0.20199999999999996
41932,0.0,0.0,0.0,1000.0,0,0,0.20070000000000002,0.378,-0.20199999999999996
41933,0.0,0.0,0.0,1000.0,0,0,0.2207,0.378,-0.20199999999999996
41934,0.0,0.0,0.0,1000.0,0,0,0.24070000000000003,0.378,-0.20199999999999996
41935,0.0,0.0,0.0,1000.0,0,0,0.26070000000000004,0.378,-0.20199999999999996
41936,0.0,0.0,0.0,1000.0,0,0,0.2807,0.378,-0.20199999999999996
41937,0.0,0.0,0.0,1000.0,0,0,0.3007,0.378,-0.20199999999999996
41938,0.0,0.0,0.0,1000.0,0,0,0.3207,0.378,-0.20199999999999996
41939,0.0,0.0,0.0,1000.0,0,0,0.3407,0.378,-0.20199999999999996
41940,0.0,0.0,0.0,1000.0,0,0,0.3607,0.378,-0.20199999999999996
41941,0.0,0.0,0.0,1000.0,0,0,0.38070000000000004,0.378,-0.20199999999999996
41942,0.0,0.0,0.0,1000.0,0,0,0.4007,0.378,-0.20199999999999996
41943,0.0,0.0,0.0,1000.0,0,0,0.4207,0.378,-0.20199999999999996
41944,0.0,0.0,0.0,1000.0,0,0,0.44070000000000004,0.378,-0.20199999999999996
41945,0.0,0.0,0.0,1000.0,0,0,0.4607,0.378,-0.20199999999999996
41946,0.0,0.0,0.0,1000.0,0,0,0.4807,0.378,-0.20199999999999996
41947,0.0,0.0,0.0,1000.0,0,0,0.1607,0.398,-0.20199999999999996
41948,0.0,0.0,0.0,1000.0,0,0,0.1807,0.398,-0.20199999999999996
41949,0.0,0.0,0.0,1000.0,0,0,0.20070000000000002,0.398,-0.20199999999999996
41950,0.0,0.0,0.0,1000.0,0,0,0.2207,0.398,-0.20199999999999996
41951,0.0,0.0,0.0,1000.0,0,0,0.24070000000000003,0.398,-0.20199999999999996
41952,0.0,0.0,0.0,1000.0,0,0,0.26070000000000004,0.398,-0.20199999999999996
41953,0.0,0.0,0.0,1000.0,0,0,0.2807,0.398,-0.20199999999999996
41954,0.0,0.0,0.0,1000.0,0,0,0.3007,0.398,-0.20199999999999996
41955,0.0,0.0,0.0,1000.0,0,0,0.3207,0.398,-0.20199999999999996
41956,0.0,0.0,0.0,1000.0,0,0,0.3407,0.398,-0.20199999999999996
41957,0.0,0.0,0.0,1000.0,0,0,0.3607,0.398,-0.20199999999999996
41958,0.0,0.0,0.0,1000.0,0,0,0.38070000000000004,0.398,-0.20199999999999996
41959,0.0,0.0,0.0,1000.0,0,0,0.4007,0.398,-0.20199999999999996
41960,0.0,0.0,0.0,1000.0,0,0,0.4207,0.398,-0.20199999999999996
41961,0.0,0.0,0.0,1000.0,0,0,0.44070000000000004,0.398,-0.20199999999999996
41962,0.0,0.0,0.0,1000.0,0,0,0.4607,0.398,-0.20199999999999996
41963,0.0,0.0,0.0,1000.0,0,0,0.4807,0.398,-0.20199999999999996
41964,0.0,0.0,0.0,1000.0,0,0,0.1607,0.41800000000000004,-0.20199999999999996
41965,0.0,0.0,0.0,1000.0,0,0,0.1807,0.41800000000000004,-0.20199999999999996
41966,0.0,0.0,0.0,1000.0,0,0,0.20070000000000002,0.41800000000000004,-0.20199999999999996
41967,0.0,0.0,0.0,1000.0,0,0,0.2207,0.41800000000000004,-0.20199999999999996
41968,0.0,0.0,0.0,1000.0,0,0,0.24070000000000003,0.41800000000000004,-0.20199999999999996
41969,0.0,0.0,0.0,1000.0,0,0,0.26070000000000004,0.41800000000000004,-0.20199999999999996
41970,0.0,0.0,0.0,1000.0,0,0,0.2807,0.41800000000000004,-0.20199999999999996
41971,0.0,0.0,0.0,1000.0,0,0,0.3007,0.41800000000000004,-0.20199999999999996
41972,0.0,0.0,0.0,1000.0,0,0,0.3207,0.41800000000000004,-0.20199999999999996
41973,0.0,0.0,0.0,1000.0,0,0,0.3407,0.41800000000000004,-0.20199999999999996
41974,0.0,0.0,0.0,1000.0,0,0,0.3607,0.41800000000000004,-0.20199999999999996
41975,0.0,0.0,0.0,1000.0,0,0,0.38070000000000004,0.41800000000000004,-0.20199999999999996
41976,0.0,0.0,0.0,1000.0,0,0,0.4007,0.41800000000000004,-0.20199999999999996
41977,0.0,0.0,0.0,1000.0,0,0,0.4207,0.41800000000000004,-0.20199999999999996
41978,0.0,0.0,0.0,1000.0,0,0,0.44070000000000004,0.41800000000000004,-0.20199999999999996
41979,0.0,0.0,0.0,1000.0,0,0,0.4607,0.41800000000000004,-0.20199999999999996
41980,0.0,0.0,0.0,1000.0,0,0,0.4807,0.41800000000000004,-0.20199999999999996
41981,0.0,0.0,0.0,1000.0,0,0,0.1607,0.43800000000000006,-0.20199999999999996
41982,0.0,0.0,0.0,1000.0,0,0,0.1807,0.43800000000000006,-0.20199999999999996
41983,0.0,0.0,0.0,1000.0,0,0,0.20070000000000002,0.43800000000000006,-0.20199999999999996
41984,0.0,0.0,0.0,1000.0,0,0,0.2207,0.43800000000000006,-0.20199999999999996
41985,0.0,0.0,0.0,1000.0,0,0,0.24070000000000003,0.43800000000000006,-0.20199999999999996
41986,0.0,0.0,0.0,1000.0,0,0,0.26070000000000004,0.43800000000000006,-0.20199999999999996
41987,0.0,0.0,0.0,1000.0,0,0,0.2807,0.43800000000000006,-0.20199999999999996
41988,0.0,0.0,0.0,1000.0,0,0,0.3007,0.43800000000000006,-0.20199999999999996
41989,0.0,0.0,0.0,1000.0,0,0,0.3207,0.43800000000000006,-0.20199999999999996
41990,0.0,0.0,0.0,1000.0,0,0,0.3407,0.43800000000000006,-0.20199999999999996
41991,0.0,0.0,0.0,1000.0,0,0,0.3607,0.43800000000000006,-0.20199999999999996
41992,0.0,0.0,0.0,1000.0,0,0,0.38070000000000004,0.43800000000000006,-0.20199999999999996
41993,0.0,0.0,0.0,1000.0,0,0,0.4007,0.43800000000000006,-0.20199999999999996
41994,0.0,0.0,0.0,1000.0,0,0,0.4207,0.43800000000000006,-0.20199999999999996
41995,0.0,0.0,0.0,1000.0,0,0,0.44070000000000004,0.43800000000000006,-0.20199999999999996
41996,0.0,0.0,0.0,1000.0,0,0,0.4607,0.43800000000000006,-0.20199999999999996
41997,0.0,0.0,0.0,1000.0,0,0,0.4807,0.43800000000000006,-0.20199999999999996
41998,0.0,0.0,0.0,1000.0,0,0,0.1607,0.4580000000000001,-0.20199999999999996
41999,0.0,0.0,0.0,1000.0,0,0,0.1807,0.4580000000000001,-0.20199999999999996
42000,0.0,0.0,0.0,1000.0,0,0,0.20070000000000002,0.4580000000000001,-0.20199999999999996
42001,0.0,0.0,0.0,1000.0,0,0,0.2207,0.4580000000000001,-0.20199999999999996
42002,0.0,0.0,0.0,1000.0,0,0,0.24070000000000003,0.4580000000000001,-0.20199999999999996
42003,0.0,0.0,0.0,1000.0,0,0,0.26070000000000004,0.4580000000000001,-0.20199999999999996
42004,0.0,0.0,0.0,1000.0,0,0,0.2807,0.4580000000000001,-0.20199999999999996
42005,0.0,0.0,0.0,1000.0,0,0,0.3007,0.4580000000000001,-0.20199999999999996
42006,0.0,0.0,0.0,1000.0,0,0,0.3207,0.4580000000000001,-0.20199999999999996
42007,0.0,0.0,0.0,1000.0,0,0,0.3407,0.4580000000000001,-0.20199999999999996
42008,0.0,0.0,0.0,1000.0,0,0,0.3607,0.4580000000000001,-0.20199999999999996
42009,0.0,0.0,0.0,1000.0,0,0,0.38070000000000004,0.4580000000000001,-0.20199999999999996
42010,0.0,0.0,0.0,1000.0,0,0,0.4007,0.4580000000000001,-0.20199999999999996
42011,0.0,0.0,0.0,1000.0,0,0,0.4207,0.4580000000000001,-0.20199999999999996
42012,0.0,0.0,0.0,1000.0,0,0,0.44070000000000004,0.4580000000000001,-0.20199999999999996
42013,0.0,0.0,0.0,1000.0,0,0,0.4607,0.4580000000000001,-0.20199999999999996
42014,0.0,0.0,0.0,1000.0,0,0,0.4807,0.4580000000000001,-0.20199999999999996
42015,0.0,0.0,0.0,1000.0,0,0,0.1607,0.478,-0.20199999999999996
42016,0.0,0.0,0.0,1000.0,0,0,0.1807,0.478,-0.20199999999999996
42017,0.0,0.0,0.0,1000.0,0,0,0.20070000000000002,0.478,-0.20199999999999996
42018,0.0,0.0,0.0,1000.0,0,0,0.2207,0.478,-0.20199999999999996
42019,0.0,0.0,0.0,1000.0,0,0,0.24070000000000003,0.478,-0.20199999999999996
42020,0.0,0.0,0.0,1000.0,0,0,0.26070000000000004,0.478,-0.20199999999999996
42021,0.0,0.0,0.0,1000.0,0,0,0.2807,0.478,-0.20199999999999996
42022,0.0,0.0,0.0,1000.0,0,0,0.3007,0.478,-0.20199999999999996
42023,0.0,0.0,0.0,1000.0,0,0,0.3207,0.478,-0.20199999999999996
42024,0.0,0.0,0.0,1000.0,0,0,0.3407,0.478,-0.20199999999999996
42025,0.0,0.0,0.0,1000.0,0,0,0.3607,0.478,-0.20199999999999996
42026,0.0,0.0,0.0,1000.0,0,0,0.38070000000000004,0.478,-0.20199999999999996
42027,0.0,0.0,0.0,1000.0,0,0,0.4007,0.478,-0.20199999999999996
42028,0.0,0.0,0.0,1000.0,0,0,0.4207,0.478,-0.20199999999999996
42029,0.0,0.0,0.0,1000.0,0,0,0.44070000000000004,0.478,-0.20199999999999996
42030,0.0,0.0,0.0,1000.0,0,0,0.4607,0.478,-0.20199999999999996
42031,0.0,0.0,0.0,1000.0,0,0,0.4807,0.478,-0.20199999999999996
42032,0.0,0.0,0.0,1000.0,0,0,0.1607,-0.482,-0.182
42033,0.0,0.0,0.0,1000.0,0,0,0.1807,-0.482,-0.182
42034,0.0,0.0,0.0,1000.0,0,0,0.20070000000000002,-0.482,-0.182
42035,0.0,0.0,0.0,1000.0,0,0,0.2207,-0.482,-0.182
42036,0.0,0.0,0.0,1000.0,0,0,0.24070000000000003,-0.482,-0.182
42037,0.0,0.0,0.0,1000.0,0,0,0.26070000000000004,-0.482,-0.182
42038,0.0,0.0,0.0,1000.0,0,0,0.2807,-0.482,-0.182
42039,0.0,0.0,0.0,1000.0,0,0,0.3007,-0.482,-0.182
42040,0.0,0.0,0.0,1000.0,0,0,0.3207,-0.482,-0.182
42041,0.0,0.0,0.0,1000.0,0,0,0.3407,-0.482,-0.182
42042,0.0,0.0,0.0,1000.0,0,0,0.3607,-0.482,-0.182
42043,0.0,0.0,0.0,1000.0,0,0,0.38070000000000004,-0.482,-0.182
42044,0.0,0.0,0.0,1000.0,0,0,0.4007,-0.482,-0.182
42045,0.0,0.0,0.0,1000.0,0,0,0.4207,-0.482,-0.182
42046,0.0,0.0,0.0,1000.0,0,0,0.44070000000000004,-0.482,-0.182
42047,0.0,0.0,0.0,1000.0,0,0,0.4607,-0.482,-0.182
42048,0.0,0.0,0.0,1000.0,0,0,0.4807,-0.482,-0.182
42049,0.0,0.0,0.0,1000.0,0,0,0.1607,-0.46199999999999997,-0.182
42050,0.0,0.0,0.0,1000.0,0,0,0.1807,-0.46199999999999997,-0.182
42051,0.0,0.0,0.0,1000.0,0,0,0.20070000000000002,-0.46199999999999997,-0.182
42052,0.0,0.0,0.0,1000.0,0,0,0.2207,-0.46199999999999997,-0.182
42053,0.0,0.0,0.0,1000.0,0,0,0.24070000000000003,-0.46199999999999997,-0.182
42054,0.0,0.0,0.0,1000.0,0,0,0.26070000000000004,-0.46199999999999997,-0.182
42055,0.0,0.0,0.0,1000.0,0,0,0.2807,-0.46199999999999997,-0.182
42056,0.0,0.0,0.0,1000.0,0,0,0.3007,-0.46199999999999997,-0.182
42057,0.0,0.0,0.0,1000.0,0,0,0.3207,-0.46199999999999997,-0.182
42058,0.0,0.0,0.0,1000.0,0,0,0.3407,-0.46199999999999997,-0.182
42059,0.0,0.0,0.0,1000.0,0,0,0.3607,-0.46199999999999997,-0.182
42060,0.0,0.0,0.0,1000.0,0,0,0.38070000000000004,-0.46199999999999997,-0.182
42061,0.0,0.0,0.0,1000.0,0,0,0.4007,-0.46199999999999997,-0.182
42062,0.0,0.0,0.0,1000.0,0,0,0.4207,-0.46199999999999997,-0.182
42063,0.0,0.0,0.0,1000.0,0,0,0.44070000000000004,-0.46199999999999997,-0.182
42064,0.0,0.0,0.0,1000.0,0,0,0.4607,-0.46199999999999997,-0.182
42065,0.0,0.0,0.0,1000.0,0,0,0.4807,-0.46199999999999997,-0.182
42066,0.0,0.0,0.0,1000.0,0,0,0.1607,-0.442,-0.182
42067,0.0,0.0,0.0,1000.0,0,0,0.1807,-0.442,-0.182
42068,0.0,0.0,0.0,1000.0,0,0,0.20070000000000002,-0.442,-0.182
42069,0.0,0.0,0.0,1000.0,0,0,0.2207,-0.442,-0.182
42070,0.0,0.0,0.0,1000.0,0,0,0.24070000000000003,-0.442,-0.182
42071,0.0,0.0,0.0,1000.0,0,0,0.26070000000000004,-0.442,-0.182
42072,0.0,0.0,0.0,1000.0,0,0,0.2807,-0.442,-0.182
42073,0.0,0.0,0.0,1000.0,0,0,0.3007,-0.442,-0.182
42074,0.0,0.0,0.0,1000.0,0,0,0.3207,-0.442,-0.182
42075,0.0,0.0,0.0,1000.0,0,0,0.3407,-0.442,-0.182
42076,0.0,0.0,0.0,1000.0,0,0,0.3607,-0.442,-0.182
42077,0.0,0.0,0.0,1000.0,0,0,0.38070000000000004,-0.442,-0.182
42078,0.0,0.0,0.0,1000.0,0,0,0.4007,-0.442,-0.182
42079,0.0,0.0,0.0,1000.0,0,0,0.4207,-0.442,-0.182
42080,0.0,0.0,0.0,1000.0,0,0,0.44070000000000004,-0.442,-0.182
42081,0.0,0.0,0.0,1000.0,0,0,0.4607,-0.442,-0.182
42082,0.0,0.0,0.0,1000.0,0,0,0.4807,-0.442,-0.182
42083,0.0,0.0,0.0,1000.0,0,0,0.1607,-0.422,-0.182
42084,0.0,0.0,0.0,1000.0,0,0,0.1807,-0.422,-0.182
42085,0.0,0.0,0.0,1000.0,0,0,0.20070000000000002,-0.422,-0.182
42086,0.0,0.0,0.0,1000.0,0,0,0.2207,-0.422,-0.182
42087,0.0,0.0,0.0,1000.0,0,0,0.24070000000000003,-0.422,-0.182
42088,0.0,0.0,0.0,1000.0,0,0,0.26070000000000004,-0.422,-0.182
42089,0.0,0.0,0.0,1000.0,0,0,0.2807,-0.422,-0.182
42090,0.0,0.0,0.0,1000.0,0,0,0.3007,-0.422,-0.182
42091,0.0,0.0,0.0,1000.0,0,0,0.3207,-0.422,-0.182
42092,0.0,0.0,0.0,1000.0,0,0,0.3407,-0.422,-0.182
42093,0.0,0.0,0.0,1000.0,0,0,0.3607,-0.422,-0.182
42094,0.0,0.0,0.0,1000.0,0,0,0.38070000000000004,-0.422,-0.182
42095,0.0,0.0,0.0,1000.0,0,0,0.4007,-0.422,-0.182
42096,0.0,0.0,0.0,1000.0,0,0,0.4207,-0.422,-0.182
42097,0.0,0.0,0.0,1000.0,0,0,0.44070000000000004,-0.422,-0.182
42098,0.0,0.0,0.0,1000.0,0,0,0.4607,-0.422,-0.182
42099,0.0,0.0,0.0,1000.0,0,0,0.4807,-0.422,-0.182
42100,0.0,0.0,0.0,1000.0,0,0,0.1607,-0.40199999999999997,-0.182
42101,0.0,0.0,0.0,1000.0,0,0,0.1807,-0.40199999999999997,-0.182
42102,0.0,0.0,0.0,1000.0,0,0,0.20070000000000002,-0.40199999999999997,-0.182
42103,0.0,0.0,0.0,1000.0,0,0,0.2207,-0.40199999999999997,-0.182
42104,0.0,0.0,0.0,1000.0,0,0,0.24070000000000003,-0.40199999999999997,-0.182
42105,0.0,0.0,0.0,1000.0,0,0,0.26070000000000004,-0.40199999999999997,-0.182
42106,0.0,0.0,0.0,1000.0,0,0,0.2807,-0.40199999999999997,-0.182
42107,0.0,0.0,0.0,1000.0,0,0,0.3007,-0.40199999999999997,-0.182
42108,0.0,0.0,0.0,1000.0,0,0,0.3207,-0.40199999999999997,-0.182
42109,0.0,0.0,0.0,1000.0,0,0,0.3407,-0.40199999999999997,-0.182
42110,0.0,0.0,0.0,1000.0,0,0,0.3607,-0.40199999999999997,-0.182
42111,0.0,0.0,0.0,1000.0,0,0,0.38070000000000004,-0.40199999999999997,-0.182
42112,0.0,0.0,0.0,1000.0,0,0,0.4007,-0.40199999999999997,-0.182
42113,0.0,0.0,0.0,1000.0,0,0,0.4207,-0.40199999999999997,-0.182
42114,0.0,0.0,0.0,1000.0,0,0,0.44070000000000004,-0.40199999999999997,-0.182
42115,0.0,0.0,0.0,1000.0,0,0,0.4607,-0.40199999999999997,-0.182
42116,0.0,0.0,0.0,1000.0,0,0,0.4807,-0.40199999999999997,-0.182
42117,0.0,0.0,0.0,1000.0,0,0,0.1607,-0.382,-0.182
42118,0.0,0.0,0.0,1000.0,0,0,0.1807,-0.382,-0.182
42119,0.0,0.0,0.0,1000.0,0,0,0.20070000000000002,-0.382,-0.182
42120,0.0,0.0,0.0,1000.0,0,0,0.2207,-0.382,-0.182
42121,0.0,0.0,0.0,1000.0,0,0,0.24070000000000003,-0.382,-0.182
42122,0.0,0.0,0.0,1000.0,0,0,0.26070000000000004,-0.382,-0.182
42123,0.0,0.0,0.0,1000.0,0,0,0.2807,-0.382,-0.182
42124,0.0,0.0,0.0,1000.0,0,0,0.3007,-0.382,-0.182
42125,0.0,0.0,0.0,1000.0,0,0,0.3207,-0.382,-0.182
42126,0.0,0.0,0.0,1000.0,0,0,0.3407,-0.382,-0.182
42127,0.0,0.0,0.0,1000.0,0,0,0.3607,-0.382,-0.182
42128,0.0,0.0,0.0,1000.0,0,0,0.38070000000000004,-0.382,-0.182
42129,0.0,0.0,0.0,1000.0,0,0,0.4007,-0.382,-0.182
42130,0.0,0.0,0.0,1000.0,0,0,0.4207,-0.382,-0.182
42131,0.0,0.0,0.0,1000.0,0,0,0.44070000000000004,-0.382,-0.182
42132,0.0,0.0,0.0,1000.0,0,0,0.4607,-0.382,-0.182
42133,0.0,0.0,0.0,1000.0,0,0,0.4807,-0.382,-0.182
42134,0.0,0.0,0.0,1000.0,0,0,0.1607,-0.362,-0.182
42135,0.0,0.0,0.0,1000.0,0,0,0.1807,-0.362,-0.182
42136,0.0,0.0,0.0,1000.0,0,0,0.20070000000000002,-0.362,-0.182
42137,0.0,0.0,0.0,1000.0,0,0,0.2207,-0.362,-0.182
42138,0.0,0.0,0.0,1000.0,0,0,0.24070000000000003,-0.362,-0.182
42139,0.0,0.0,0.0,1000.0,0,0,0.26070000000000004,-0.362,-0.182
42140,0.0,0.0,0.0,1000.0,0,0,0.2807,-0.362,-0.182
42141,0.0,0.0,0.0,1000.0,0,0,0.3007,-0.362,-0.182
42142,0.0,0.0,0.0,1000.0,0,0,0.3207,-0.362,-0.182
42143,0.0,0.0,0.0,1000.0,0,0,0.3407,-0.362,-0.182
42144,0.0,0.0,0.0,1000.0,0,0,0.3607,-0.362,-0.182
42145,0.0,0.0,0.0,1000.0,0,0,0.38070000000000004,-0.362,-0.182
42146,0.0,0.0,0.0,1000.0,0,0,0.4007,-0.362,-0.182
42147,0.0,0.0,0.0,1000.0,0,0,0.4207,-0.362,-0.182
42148,0.0,0.0,0.0,1000.0,0,0,0.44070000000000004,-0.362,-0.182
42149,0.0,0.0,0.0,1000.0,0,0,0.4607,-0.362,-0.182
42150,0.0,0.0,0.0,1000.0,0,0,0.4807,-0.362,-0.182
42151,0.0,0.0,0.0,1000.0,0,0,0.1607,-0.34199999999999997,-0.182
42152,0.0,0.0,0.0,1000.0,0,0,0.1807,-0.34199999999999997,-0.182
42153,0.0,0.0,0.0,1000.0,0,0,0.20070000000000002,-0.34199999999999997,-0.182
42154,0.0,0.0,0.0,1000.0,0,0,0.2207,-0.34199999999999997,-0.182
42155,0.0,0.0,0.0,1000.0,0,0,0.24070000000000003,-0.34199999999999997,-0.182
42156,0.0,0.0,0.0,1000.0,0,0,0.26070000000000004,-0.34199999999999997,-0.182
42157,0.0,0.0,0.0,1000.0,0,0,0.2807,-0.34199999999999997,-0.182
42158,0.0,0.0,0.0,1000.0,0,0,0.3007,-0.34199999999999997,-0.182
42159,0.0,0.0,0.0,1000.0,0,0,0.3207,-0.34199999999999997,-0.182
42160,0.0,0.0,0.0,1000.0,0,0,0.3407,-0.34199999999999997,-0.182
42161,0.0,0.0,0.0,1000.0,0,0,0.3607,-0.34199999999999997,-0.182
42162,0.0,0.0,0.0,1000.0,0,0,0.38070000000000004,-0.34199999999999997,-0.182
42163,0.0,0.0,0.0,1000.0,0,0,0.4007,-0.34199999999999997,-0.182
42164,0.0,0.0,0.0,1000.0,0,0,0.4207,-0.34199999999999997,-0.182
42165,0.0,0.0,0.0,1000.0,0,0,0.44070000000000004,-0.34199999999999997,-0.182
42166,0.0,0.0,0.0,1000.0,0,0,0.4607,-0.34199999999999997,-0.182
42167,0.0,0.0,0.0,1000.0,0,0,0.4807,-0.34199999999999997,-0.182
42168,0.0,0.0,0.0,1000.0,0,0,0.1607,-0.32199999999999995,-0.182
42169,0.0,0.0,0.0,1000.0,0,0,0.1807,-0.32199999999999995,-0.182
42170,0.0,0.0,0.0,1000.0,0,0,0.20070000000000002,-0.32199999999999995,-0.182
42171,0.0,0.0,0.0,1000.0,0,0,0.2207,-0.32199999999999995,-0.182
42172,0.0,0.0,0.0,1000.0,0,0,0.24070000000000003,-0.32199999999999995,-0.182
42173,0.0,0.0,0.0,1000.0,0,0,0.26070000000000004,-0.32199999999999995,-0.182
42174,0.0,0.0,0.0,1000.0,0,0,0.2807,-0.32199999999999995,-0.182
42175,0.0,0.0,0.0,1000.0,0,0,0.3007,-0.32199999999999995,-0.182
42176,0.0,0.0,0.0,1000.0,0,0,0.3207,-0.32199999999999995,-0.182
42177,0.0,0.0,0.0,1000.0,0,0,0.3407,-0.32199999999999995,-0.182
42178,0.0,0.0,0.0,1000.0,0,0,0.3607,-0.32199999999999995,-0.182
42179,0.0,0.0,0.0,1000.0,0,0,0.38070000000000004,-0.32199999999999995,-0.182
42180,0.0,0.0,0.0,1000.0,0,0,0.4007,-0.32199999999999995,-0.182
42181,0.0,0.0,0.0,1000.0,0,0,0.4207,-0.32199999999999995,-0.182
42182,0.0,0.0,0.0,1000.0,0,0,0.44070000000000004,-0.32199999999999995,-0.182
42183,0.0,0.0,0.0,1000.0,0,0,0.4607,-0.32199999999999995,-0.182
42184,0.0,0.0,0.0,1000.0,0,0,0.4807,-0.32199999999999995,-0.182
42185,0.0,0.0,0.0,1000.0,0,0,0.1607,-0.302,-0.182
42186,0.0,0.0,0.0,1000.0,0,0,0.1807,-0.302,-0.182
42187,0.0,0.0,0.0,1000.0,0,0,0.20070000000000002,-0.302,-0.182
42188,0.0,0.0,0.0,1000.0,0,0,0.2207,-0.302,-0.182
42189,0.0,0.0,0.0,1000.0,0,0,0.24070000000000003,-0.302,-0.182
42190,0.0,0.0,0.0,1000.0,0,0,0.26070000000000004,-0.302,-0.182
42191,0.0,0.0,0.0,1000.0,0,0,0.2807,-0.302,-0.182
42192,0.0,0.0,0.0,1000.0,0,0,0.3007,-0.302,-0.182
42193,0.0,0.0,0.0,1000.0,0,0,0.3207,-0.302,-0.182
42194,0.0,0.0,0.0,1000.0,0,0,0.3407,-0.302,-0.182
42195,0.0,0.0,0.0,1000.0,0,0,0.3607,-0.302,-0.182
42196,0.0,0.0,0.0,1000.0,0,0,0.38070000000000004,-0.302,-0.182
42197,0.0,0.0,0.0,1000.0,0,0,0.4007,-0.302,-0.182
42198,0.0,0.0,0.0,1000.0,0,0,0.4207,-0.302,-0.182
42199,0.0,0.0,0.0,1000.0,0,0,0.44070000000000004,-0.302,-0.182
42200,0.0,0.0,0.0,1000.0,0,0,0.4607,-0.302,-0.182
42201,0.0,0.0,0.0,1000.0,0,0,0.4807,-0.302,-0.182
42202,0.0,0.0,0.0,1000.0,0,0,0.1607,-0.282,-0.182
42203,0.0,0.0,0.0,1000.0,0,0,0.1807,-0.282,-0.182
42204,0.0,0.0,0.0,1000.0,0,0,0.20070000000000002,-0.282,-0.182
42205,0.0,0.0,0.0,1000.0,0,0,0.2207,-0.282,-0.182
42206,0.0,0.0,0.0,1000.0,0,0,0.24070000000000003,-0.282,-0.182
42207,0.0,0.0,0.0,1000.0,0,0,0.26070000000000004,-0.282,-0.182
42208,0.0,0.0,0.0,1000.0,0,0,0.2807,-0.282,-0.182
42209,0.0,0.0,0.0,1000.0,0,0,0.3007,-0.282,-0.182
42210,0.0,0.0,0.0,1000.0,0,0,0.3207,-0.282,-0.182
42211,0.0,0.0,0.0,1000.0,0,0,0.3407,-0.282,-0.182
42212,0.0,0.0,0.0,1000.0,0,0,0.3607,-0.282,-0.182
42213,0.0,0.0,0.0,1000.0,0,0,0.38070000000000004,-0.282,-0.182
42214,0.0,0.0,0.0,1000.0,0,0,0.4007,-0.282,-0.182
42215,0.0,0.0,0.0,1000.0,0,0,0.4207,-0.282,-0.182
42216,0.0,0.0,0.0,1000.0,0,0,0.44070000000000004,-0.282,-0.182
42217,0.0,0.0,0.0,1000.0,0,0,0.4607,-0.282,-0.182
42218,0.0,0.0,0.0,1000.0,0,0,0.4807,-0.282,-0.182
42219,0.0,0.0,0.0,1000.0,0,0,0.1607,-0.262,-0.182
42220,0.0,0.0,0.0,1000.0,0,0,0.1807,-0.262,-0.182
42221,0.0,0.0,0.0,1000.0,0,0,0.20070000000000002,-0.262,-0.182
42222,0.0,0.0,0.0,1000.0,0,0,0.2207,-0.262,-0.182
42223,0.0,0.0,0.0,1000.0,0,0,0.24070000000000003,-0.262,-0.182
42224,0.0,0.0,0.0,1000.0,0,0,0.26070000000000004,-0.262,-0.182
42225,0.0,0.0,0.0,1000.0,0,0,0.2807,-0.262,-0.182
42226,0.0,0.0,0.0,1000.0,0,0,0.3007,-0.262,-0.182
42227,0.0,0.0,0.0,1000.0,0,0,0.3207,-0.262,-0.182
42228,0.0,0.0,0.0,1000.0,0,0,0.3407,-0.262,-0.182
42229,0.0,0.0,0.0,1000.0,0,0,0.3607,-0.262,-0.182
42230,0.0,0.0,0.0,1000.0,0,0,0.38070000000000004,-0.262,-0.182
42231,0.0,0.0,0.0,1000.0,0,0,0.4007,-0.262,-0.182
42232,0.0,0.0,0.0,1000.0,0,0,0.4207,-0.262,-0.182
42233,0.0,0.0,0.0,1000.0,0,0,0.44070000000000004,-0.262,-0.182
42234,0.0,0.0,0.0,1000.0,0,0,0.4607,-0.262,-0.182
42235,0.0,0.0,0.0,1000.0,0,0,0.4807,-0.262,-0.182
42236,0.0,0.0,0.0,1000.0,0,0,0.1607,-0.242,-0.182
42237,0.0,0.0,0.0,1000.0,0,0,0.1807,-0.242,-0.182
42238,0.0,0.0,0.0,1000.0,0,0,0.20070000000000002,-0.242,-0.182
42239,0.0,0.0,0.0,1000.0,0,0,0.2207,-0.242,-0.182
42240,0.0,0.0,0.0,1000.0,0,0,0.24070000000000003,-0.242,-0.182
42241,0.0,0.0,0.0,1000.0,0,0,0.26070000000000004,-0.242,-0.182
42242,0.0,0.0,0.0,1000.0,0,0,0.2807,-0.242,-0.182
42243,0.0,0.0,0.0,1000.0,0,0,0.3007,-0.242,-0.182
42244,0.0,0.0,0.0,1000.0,0,0,0.3207,-0.242,-0.182
42245,0.0,0.0,0.0,1000.0,0,0,0.3407,-0.242,-0.182
42246,0.0,0.0,0.0,1000.0,0,0,0.3607,-0.242,-0.182
42247,0.0,0.0,0.0,1000.0,0,0,0.38070000000000004,-0.242,-0.182
42248,0.0,0.0,0.0,1000.0,0,0,0.4007,-0.242,-0.182
42249,0.0,0.0,0.0,1000.0,0,0,0.4207,-0.242,-0.182
42250,0.0,0.0,0.0,1000.0,0,0,0.44070000000000004,-0.242,-0.182
42251,0.0,0.0,0.0,1000.0,0,0,0.4607,-0.242,-0.182
42252,0.0,0.0,0.0,1000.0,0,0,0.4807,-0.242,-0.182
42253,0.0,0.0,0.0,1000.0,0,0,0.1607,-0.22199999999999998,-0.182
42254,0.0,0.0,0.0,1000.0,0,0,0.1807,-0.22199999999999998,-0.182
42255,0.0,0.0,0.0,1000.0,0,0,0.20070000000000002,-0.22199999999999998,-0.182
42256,0.0,0.0,0.0,1000.0,0,0,0.2207,-0.22199999999999998,-0.182
42257,0.0,0.0,0.0,1000.0,0,0,0.24070000000000003,-0.22199999999999998,-0.182
42258,0.0,0.0,0.0,1000.0,0,0,0.26070000000000004,-0.22199999999999998,-0.182
42259,0.0,0.0,0.0,1000.0,0,0,0.2807,-0.22199999999999998,-0.182
42260,0.0,0.0,0.0,1000.0,0,0,0.3007,-0.22199999999999998,-0.182
42261,0.0,0.0,0.0,1000.0,0,0,0.3207,-0.22199999999999998,-0.182
42262,0.0,0.0,0.0,1000.0,0,0,0.3407,-0.22199999999999998,-0.182
42263,0.0,0.0,0.0,1000.0,0,0,0.3607,-0.22199999999999998,-0.182
42264,0.0,0.0,0.0,1000.0,0,0,0.38070000000000004,-0.22199999999999998,-0.182
42265,0.0,0.0,0.0,1000.0,0,0,0.4007,-0.22199999999999998,-0.182
42266,0.0,0.0,0.0,1000.0,0,0,0.4207,-0.22199999999999998,-0.182
42267,0.0,0.0,0.0,1000.0,0,0,0.44070000000000004,-0.22199999999999998,-0.182
42268,0.0,0.0,0.0,1000.0,0,0,0.4607,-0.22199999999999998,-0.182
42269,0.0,0.0,0.0,1000.0,0,0,0.4807,-0.22199999999999998,-0.182
42270,0.0,0.0,0.0,1000.0,0,0,0.1607,-0.20199999999999996,-0.182
42271,0.0,0.0,0.0,1000.0,0,0,0.1807,-0.20199999999999996,-0.182
42272,0.0,0.0,0.0,1000.0,0,0,0.20070000000000002,-0.20199999999999996,-0.182
42273,0.0,0.0,0.0,1000.0,0,0,0.2207,-0.20199999999999996,-0.182
42274,0.0,0.0,0.0,1000.0,0,0,0.24070000000000003,-0.20199999999999996,-0.182
42275,0.0,0.0,0.0,1000.0,0,0,0.26070000000000004,-0.20199999999999996,-0.182
42276,0.0,0.0,0.0,1000.0,0,0,0.2807,-0.20199999999999996,-0.182
42277,0.0,0.0,0.0,1000.0,0,0,0.3007,-0.20199999999999996,-0.182
42278,0.0,0.0,0.0,1000.0,0,0,0.3207,-0.20199999999999996,-0.182
42279,0.0,0.0,0.0,1000.0,0,0,0.3407,-0.20199999999999996,-0.182
42280,0.0,0.0,0.0,1000.0,0,0,0.3607,-0.20199999999999996,-0.182
42281,0.0,0.0,0.0,1000.0,0,0,0.38070000000000004,-0.20199999999999996,-0.182
42282,0.0,0.0,0.0,1000.0,0,0,0.4007,-0.20199999999999996,-0.182
42283,0.0,0.0,0.0,1000.0,0,0,0.4207,-0.20199999999999996,-0.182
42284,0.0,0.0,0.0,1000.0,0,0,0.44070000000000004,-0.20199999999999996,-0.182
42285,0.0,0.0,0.0,1000.0,0,0,0.4607,-0.20199999999999996,-0.182
42286,0.0,0.0,0.0,1000.0,0,0,0.4807,-0.20199999999999996,-0.182
42287,0.0,0.0,0.0,1000.0,0,0,0.1607,-0.182,-0.182
42288,0.0,0.0,0.0,1000.0,0,0,0.1807,-0.182,-0.182
42289,0.0,0.0,0.0,1000.0,0,0,0.20070000000000002,-0.182,-0.182
42290,0.0,0.0,0.0,1000.0,0,0,0.2207,-0.182,-0.182
42291,0.0,0.0,0.0,1000.0,0,0,0.24070000000000003,-0.182,-0.182
42292,0.0,0.0,0.0,1000.0,0,0,0.26070000000000004,-0.182,-0.182
42293,0.0,0.0,0.0,1000.0,0,0,0.2807,-0.182,-0.182
42294,0.0,0.0,0.0,1000.0,0,0,0.3007,-0.182,-0.182
42295,0.0,0.0,0.0,1000.0,0,0,0.3207,-0.182,-0.182
42296,0.0,0.0,0.0,1000.0,0,0,0.3407,-0.182,-0.182
42297,0.0,0.0,0.0,1000.0,0,0,0.3607,-0.182,-0.182
42298,0.0,0.0,0.0,1000.0,0,0,0.38070000000000004,-0.182,-0.182
42299,0.0,0.0,0.0,1000.0,0,0,0.4007,-0.182,-0.182
42300,0.0,0.0,0.0,1000.0,0,0,0.4207,-0.182,-0.182
42301,0.0,0.0,0.0,1000.0,0,0,0.44070000000000004,-0.182,-0.182
42302,0.0,0.0,0.0,1000.0,0,0,0.4607,-0.182,-0.182
42303,0.0,0.0,0.0,1000.0,0,0,0.4807,-0.182,-0.182
42304,0.0,0.0,0.0,1000.0,0,0,0.1607,-0.16199999999999998,-0.182
42305,0.0,0.0,0.0,1000.0,0,0,0.1807,-0.16199999999999998,-0.182
42306,0.0,0.0,0.0,1000.0,0,0,0.20070000000000002,-0.16199999999999998,-0.182
42307,0.0,0.0,0.0,1000.0,0,0,0.2207,-0.16199999999999998,-0.182
42308,0.0,0.0,0.0,1000.0,0,0,0.24070000000000003,-0.16199999999999998,-0.182
42309,0.0,0.0,0.0,1000.0,0,0,0.26070000000000004,-0.16199999999999998,-0.182
42310,0.0,0.0,0.0,1000.0,0,0,0.2807,-0.16199999999999998,-0.182
42311,0.0,0.0,0.0,1000.0,0,0,0.3007,-0.16199999999999998,-0.182
42312,0.0,0.0,0.0,1000.0,0,0,0.3207,-0.16199999999999998,-0.182
42313,0.0,0.0,0.0,1000.0,0,0,0.3407,-0.16199999999999998,-0.182
42314,0.0,0.0,0.0,1000.0,0,0,0.3607,-0.16199999999999998,-0.182
42315,0.0,0.0,0.0,1000.0,0,0,0.38070000000000004,-0.16199999999999998,-0.182
42316,0.0,0.0,0.0,1000.0,0,0,0.4007,-0.16199999999999998,-0.182
42317,0.0,0.0,0.0,1000.0,0,0,0.4207,-0.16199999999999998,-0.182
42318,0.0,0.0,0.0,1000.0,0,0,0.44070000000000004,-0.16199999999999998,-0.182
42319,0.0,0.0,0.0,1000.0,0,0,0.4607,-0.16199999999999998,-0.182
42320,0.0,0.0,0.0,1000.0,0,0,0.4807,-0.16199999999999998,-0.182
42321,0.0,0.0,0.0,1000.0,0,0,0.1607,-0.14199999999999996,-0.182
42322,0.0,0.0,0.0,1000.0,0,0,0.1807,-0.14199999999999996,-0.182
42323,0.0,0.0,0.0,1000.0,0,0,0.20070000000000002,-0.14199999999999996,-0.182
42324,0.0,0.0,0.0,1000.0,0,0,0.2207,-0.14199999999999996,-0.182
42325,0.0,0.0,0.0,1000.0,0,0,0.24070000000000003,-0.14199999999999996,-0.182
42326,0.0,0.0,0.0,1000.0,0,0,0.26070000000000004,-0.14199999999999996,-0.182
42327,0.0,0.0,0.0,1000.0,0,0,0.2807,-0.14199999999999996,-0.182
42328,0.0,0.0,0.0,1000.0,0,0,0.3007,-0.14199999999999996,-0.182
42329,0.0,0.0,0.0,1000.0,0,0,0.3207,-0.14199999999999996,-0.182
42330,0.0,0.0,0.0,1000.0,0,0,0.3407,-0.14199999999999996,-0.182
42331,0.0,0.0,0.0,1000.0,0,0,0.3607,-0.14199999999999996,-0.182
42332,0.0,0.0,0.0,1000.0,0,0,0.38070000000000004,-0.14199999999999996,-0.182
42333,0.0,0.0,0.0,1000.0,0,0,0.4007,-0.14199999999999996,-0.182
42334,0.0,0.0,0.0,1000.0,0,0,0.4207,-0.14199999999999996,-0.182
42335,0.0,0.0,0.0,1000.0,0,0,0.44070000000000004,-0.14199999999999996,-0.182
42336,0.0,0.0,0.0,1000.0,0,0,0.4607,-0.14199999999999996,-0.182
42337,0.0,0.0,0.0,1000.0,0,0,0.4807,-0.14199999999999996,-0.182
42338,0.0,0.0,0.0,1000.0,0,0,0.1607,-0.122,-0.182
42339,0.0,0.0,0.0,1000.0,0,0,0.1807,-0.122,-0.182
42340,0.0,0.0,0.0,1000.0,0,0,0.20070000000000002,-0.122,-0.182
42341,0.0,0.0,0.0,1000.0,0,0,0.2207,-0.122,-0.182
42342,0.0,0.0,0.0,1000.0,0,0,0.24070000000000003,-0.122,-0.182
42343,0.0,0.0,0.0,1000.0,0,0,0.26070000000000004,-0.122,-0.182
42344,0.0,0.0,0.0,1000.0,0,0,0.2807,-0.122,-0.182
42345,0.0,0.0,0.0,1000.0,0,0,0.3007,-0.122,-0.182
42346,0.0,0.0,0.0,1000.0,0,0,0.3207,-0.122,-0.182
42347,0.0,0.0,0.0,1000.0,0,0,0.3407,-0.122,-0.182
42348,0.0,0.0,0.0,1000.0,0,0,0.3607,-0.122,-0.182
42349,0.0,0.0,0.0,1000.0,0,0,0.38070000000000004,-0.122,-0.182
42350,0.0,0.0,0.0,1000.0,0,0,0.4007,-0.122,-0.182
42351,0.0,0.0,0.0,1000.0,0,0,0.4207,-0.122,-0.182
42352,0.0,0.0,0.0,1000.0,0,0,0.44070000000000004,-0.122,-0.182
42353,0.0,0.0,0.0,1000.0,0,0,0.4607,-0.122,-0.182
42354,0.0,0.0,0.0,1000.0,0,0,0.4807,-0.122,-0.182
42355,0.0,0.0,0.0,1000.0,0,0,0.1607,-0.10199999999999998,-0.182
42356,0.0,0.0,0.0,1000.0,0,0,0.1807,-0.10199999999999998,-0.182
42357,0.0,0.0,0.0,1000.0,0,0,0.20070000000000002,-0.10199999999999998,-0.182
42358,0.0,0.0,0.0,1000.0,0,0,0.2207,-0.10199999999999998,-0.182
42359,0.0,0.0,0.0,1000.0,0,0,0.24070000000000003,-0.10199999999999998,-0.182
42360,0.0,0.0,0.0,1000.0,0,0,0.26070000000000004,-0.10199999999999998,-0.182
42361,0.0,0.0,0.0,1000.0,0,0,0.2807,-0.10199999999999998,-0.182
42362,0.0,0.0,0.0,1000.0,0,0,0.3007,-0.10199999999999998,-0.182
42363,0.0,0.0,0.0,1000.0,0,0,0.3207,-0.10199999999999998,-0.182
42364,0.0,0.0,0.0,1000.0,0,0,0.3407,-0.10199999999999998,-0.182
42365,0.0,0.0,0.0,1000.0,0,0,0.3607,-0.10199999999999998,-0.182
42366,0.0,0.0,0.0,1000.0,0,0,0.38070000000000004,-0.10199999999999998,-0.182
42367,0.0,0.0,0.0,1000.0,0,0,0.4007,-0.10199999999999998,-0.182
42368,0.0,0.0,0.0,1000.0,0,0,0.4207,-0.10199999999999998,-0.182
42369,0.0,0.0,0.0,1000.0,0,0,0.44070000000000004,-0.10199999999999998,-0.182
42370,0.0,0.0,0.0,1000.0,0,0,0.4607,-0.10199999999999998,-0.182
42371,0.0,0.0,0.0,1000.0,0,0,0.4807,-0.10199999999999998,-0.182
42372,0.0,0.0,0.0,1000.0,0,0,0.1607,-0.08199999999999996,-0.182
42373,0.0,0.0,0.0,1000.0,0,0,0.1807,-0.08199999999999996,-0.182
42374,0.0,0.0,0.0,1000.0,0,0,0.20070000000000002,-0.08199999999999996,-0.182
42375,0.0,0.0,0.0,1000.0,0,0,0.2207,-0.08199999999999996,-0.182
42376,0.0,0.0,0.0,1000.0,0,0,0.24070000000000003,-0.08199999999999996,-0.182
42377,0.0,0.0,0.0,1000.0,0,0,0.26070000000000004,-0.08199999999999996,-0.182
42378,0.0,0.0,0.0,1000.0,0,0,0.2807,-0.08199999999999996,-0.182
42379,0.0,0.0,0.0,1000.0,0,0,0.3007,-0.08199999999999996,-0.182
42380,0.0,0.0,0.0,1000.0,0,0,0.3207,-0.08199999999999996,-0.182
42381,0.0,0.0,0.0,1000.0,0,0,0.3407,-0.08199999999999996,-0.182
42382,0.0,0.0,0.0,1000.0,0,0,0.3607,-0.08199999999999996,-0.182
42383,0.0,0.0,0.0,1000.0,0,0,0.38070000000000004,-0.08199999999999996,-0.182
42384,0.0,0.0,0.0,1000.0,0,0,0.4007,-0.08199999999999996,-0.182
42385,0.0,0.0,0.0,1000.0,0,0,0.4207,-0.08199999999999996,-0.182
42386,0.0,0.0,0.0,1000.0,0,0,0.44070000000000004,-0.08199999999999996,-0.182
42387,0.0,0.0,0.0,1000.0,0,0,0.4607,-0.08199999999999996,-0.182
42388,0.0,0.0,0.0,1000.0,0,0,0.4807,-0.08199999999999996,-0.182
42389,0.0,0.0,0.0,1000.0,0,0,0.1607,-0.062,-0.182
42390,0.0,0.0,0.0,1000.0,0,0,0.1807,-0.062,-0.182
42391,0.0,0.0,0.0,1000.0,0,0,0.20070000000000002,-0.062,-0.182
42392,0.0,0.0,0.0,1000.0,0,0,0.2207,-0.062,-0.182
42393,0.0,0.0,0.0,1000.0,0,0,0.24070000000000003,-0.062,-0.182
42394,0.0,0.0,0.0,1000.0,0,0,0.26070000000000004,-0.062,-0.182
42395,0.0,0.0,0.0,1000.0,0,0,0.2807,-0.062,-0.182
42396,0.0,0.0,0.0,1000.0,0,0,0.3007,-0.062,-0.182
42397,0.0,0.0,0.0,1000.0,0,0,0.3207,-0.062,-0.182
42398,0.0,0.0,0.0,1000.0,0,0,0.3407,-0.062,-0.182
42399,0.0,0.0,0.0,1000.0,0,0,0.3607,-0.062,-0.182
42400,0.0,0.0,0.0,1000.0,0,0,0.38070000000000004,-0.062,-0.182
42401,0.0,0.0,0.0,1000.0,0,0,0.4007,-0.062,-0.182
42402,0.0,0.0,0.0,1000.0,0,0,0.4207,-0.062,-0.182
42403,0.0,0.0,0.0,1000.0,0,0,0.44070000000000004,-0.062,-0.182
42404,0.0,0.0,0.0,1000.0,0,0,0.4607,-0.062,-0.182
42405,0.0,0.0,0.0,1000.0,0,0,0.4807,-0.062,-0.182
42406,0.0,0.0,0.0,1000.0,0,0,0.1607,-0.04199999999999998,-0.182
42407,0.0,0.0,0.0,1000.0,0,0,0.1807,-0.04199999999999998,-0.182
42408,0.0,0.0,0.0,1000.0,0,0,0.20070000000000002,-0.04199999999999998,-0.182
42409,0.0,0.0,0.0,1000.0,0,0,0.2207,-0.04199999999999998,-0.182
42410,0.0,0.0,0.0,1000.0,0,0,0.24070000000000003,-0.04199999999999998,-0.182
42411,0.0,0.0,0.0,1000.0,0,0,0.26070000000000004,-0.04199999999999998,-0.182
42412,0.0,0.0,0.0,1000.0,0,0,0.2807,-0.04199999999999998,-0.182
42413,0.0,0.0,0.0,1000.0,0,0,0.3007,-0.04199999999999998,-0.182
42414,0.0,0.0,0.0,1000.0,0,0,0.3207,-0.04199999999999998,-0.182
42415,0.0,0.0,0.0,1000.0,0,0,0.3407,-0.04199999999999998,-0.182
42416,0.0,0.0,0.0,1000.0,0,0,0.3607,-0.04199999999999998,-0.182
42417,0.0,0.0,0.0,1000.0,0,0,0.38070000000000004,-0.04199999999999998,-0.182
42418,0.0,0.0,0.0,1000.0,0,0,0.4007,-0.04199999999999998,-0.182
42419,0.0,0.0,0.0,1000.0,0,0,0.4207,-0.04199999999999998,-0.182
42420,0.0,0.0,0.0,1000.0,0,0,0.44070000000000004,-0.04199999999999998,-0.182
42421,0.0,0.0,0.0,1000.0,0,0,0.4607,-0.04199999999999998,-0.182
42422,0.0,0.0,0.0,1000.0,0,0,0.4807,-0.04199999999999998,-0.182
42423,0.0,0.0,0.0,1000.0,0,0,0.1607,-0.021999999999999964,-0.182
42424,0.0,0.0,0.0,1000.0,0,0,0.1807,-0.021999999999999964,-0.182
42425,0.0,0.0,0.0,1000.0,0,0,0.20070000000000002,-0.021999999999999964,-0.182
42426,0.0,0.0,0.0,1000.0,0,0,0.2207,-0.021999999999999964,-0.182
42427,0.0,0.0,0.0,1000.0,0,0,0.24070000000000003,-0.021999999999999964,-0.182
42428,0.0,0.0,0.0,1000.0,0,0,0.26070000000000004,-0.021999999999999964,-0.182
42429,0.0,0.0,0.0,1000.0,0,0,0.2807,-0.021999999999999964,-0.182
42430,0.0,0.0,0.0,1000.0,0,0,0.3007,-0.021999999999999964,-0.182
42431,0.0,0.0,0.0,1000.0,0,0,0.3207,-0.021999999999999964,-0.182
42432,0.0,0.0,0.0,1000.0,0,0,0.3407,-0.021999999999999964,-0.182
42433,0.0,0.0,0.0,1000.0,0,0,0.3607,-0.021999999999999964,-0.182
42434,0.0,0.0,0.0,1000.0,0,0,0.38070000000000004,-0.021999999999999964,-0.182
42435,0.0,0.0,0.0,1000.0,0,0,0.4007,-0.021999999999999964,-0.182
42436,0.0,0.0,0.0,1000.0,0,0,0.4207,-0.021999999999999964,-0.182
42437,0.0,0.0,0.0,1000.0,0,0,0.44070000000000004,-0.021999999999999964,-0.182
42438,0.0,0.0,0.0,1000.0,0,0,0.4607,-0.021999999999999964,-0.182
42439,0.0,0.0,0.0,1000.0,0,0,0.4807,-0.021999999999999964,-0.182
42440,0.0,0.0,0.0,1000.0,0,0,0.1607,-0.0020000000000000018,-0.182
42441,0.0,0.0,0.0,1000.0,0,0,0.1807,-0.0020000000000000018,-0.182
42442,0.0,0.0,0.0,1000.0,0,0,0.20070000000000002,-0.0020000000000000018,-0.182
42443,0.0,0.0,0.0,1000.0,0,0,0.2207,-0.0020000000000000018,-0.182
42444,0.0,0.0,0.0,1000.0,0,0,0.24070000000000003,-0.0020000000000000018,-0.182
42445,0.0,0.0,0.0,1000.0,0,0,0.26070000000000004,-0.0020000000000000018,-0.182
42446,0.0,0.0,0.0,1000.0,0,0,0.2807,-0.0020000000000000018,-0.182
42447,0.0,0.0,0.0,1000.0,0,0,0.3007,-0.0020000000000000018,-0.182
42448,0.0,0.0,0.0,1000.0,0,0,0.3207,-0.0020000000000000018,-0.182
42449,0.0,0.0,0.0,1000.0,0,0,0.3407,-0.0020000000000000018,-0.182
42450,0.0,0.0,0.0,1000.0,0,0,0.3607,-0.0020000000000000018,-0.182
42451,0.0,0.0,0.0,1000.0,0,0,0.38070000000000004,-0.0020000000000000018,-0.182
42452,0.0,0.0,0.0,1000.0,0,0,0.4007,-0.0020000000000000018,-0.182
42453,0.0,0.0,0.0,1000.0,0,0,0.4207,-0.0020000000000000018,-0.182
42454,0.0,0.0,0.0,1000.0,0,0,0.44070000000000004,-0.0020000000000000018,-0.182
42455,0.0,0.0,0.0,1000.0,0,0,0.4607,-0.0020000000000000018,-0.182
42456,0.0,0.0,0.0,1000.0,0,0,0.4807,-0.0020000000000000018,-0.182
42457,0.0,0.0,0.0,1000.0,0,0,0.1607,0.018000000000000016,-0.182
42458,0.0,0.0,0.0,1000.0,0,0,0.1807,0.018000000000000016,-0.182
42459,0.0,0.0,0.0,1000.0,0,0,0.20070000000000002,0.018000000000000016,-0.182
42460,0.0,0.0,0.0,1000.0,0,0,0.2207,0.018000000000000016,-0.182
42461,0.0,0.0,0.0,1000.0,0,0,0.24070000000000003,0.018000000000000016,-0.182
42462,0.0,0.0,0.0,1000.0,0,0,0.26070000000000004,0.018000000000000016,-0.182
42463,0.0,0.0,0.0,1000.0,0,0,0.2807,0.018000000000000016,-0.182
42464,0.0,0.0,0.0,1000.0,0,0,0.3007,0.018000000000000016,-0.182
42465,0.0,0.0,0.0,1000.0,0,0,0.3207,0.018000000000000016,-0.182
42466,0.0,0.0,0.0,1000.0,0,0,0.3407,0.018000000000000016,-0.182
42467,0.0,0.0,0.0,1000.0,0,0,0.3607,0.018000000000000016,-0.182
42468,0.0,0.0,0.0,1000.0,0,0,0.38070000000000004,0.018000000000000016,-0.182
42469,0.0,0.0,0.0,1000.0,0,0,0.4007,0.018000000000000016,-0.182
42470,0.0,0.0,0.0,1000.0,0,0,0.4207,0.018000000000000016,-0.182
42471,0.0,0.0,0.0,1000.0,0,0,0.44070000000000004,0.018000000000000016,-0.182
42472,0.0,0.0,0.0,1000.0,0,0,0.4607,0.018000000000000016,-0.182
42473,0.0,0.0,0.0,1000.0,0,0,0.4807,0.018000000000000016,-0.182
42474,0.0,0.0,0.0,1000.0,0,0,0.1607,0.038000000000000034,-0.182
42475,0.0,0.0,0.0,1000.0,0,0,0.1807,0.038000000000000034,-0.182
42476,0.0,0.0,0.0,1000.0,0,0,0.20070000000000002,0.038000000000000034,-0.182
42477,0.0,0.0,0.0,1000.0,0,0,0.2207,0.038000000000000034,-0.182
42478,0.0,0.0,0.0,1000.0,0,0,0.24070000000000003,0.038000000000000034,-0.182
42479,0.0,0.0,0.0,1000.0,0,0,0.26070000000000004,0.038000000000000034,-0.182
42480,0.0,0.0,0.0,1000.0,0,0,0.2807,0.038000000000000034,-0.182
42481,0.0,0.0,0.0,1000.0,0,0,0.3007,0.038000000000000034,-0.182
42482,0.0,0.0,0.0,1000.0,0,0,0.3207,0.038000000000000034,-0.182
42483,0.0,0.0,0.0,1000.0,0,0,0.3407,0.038000000000000034,-0.182
42484,0.0,0.0,0.0,1000.0,0,0,0.3607,0.038000000000000034,-0.182
42485,0.0,0.0,0.0,1000.0,0,0,0.38070000000000004,0.038000000000000034,-0.182
42486,0.0,0.0,0.0,1000.0,0,0,0.4007,0.038000000000000034,-0.182
42487,0.0,0.0,0.0,1000.0,0,0,0.4207,0.038000000000000034,-0.182
42488,0.0,0.0,0.0,1000.0,0,0,0.44070000000000004,0.038000000000000034,-0.182
42489,0.0,0.0,0.0,1000.0,0,0,0.4607,0.038000000000000034,-0.182
42490,0.0,0.0,0.0,1000.0,0,0,0.4807,0.038000000000000034,-0.182
42491,0.0,0.0,0.0,1000.0,0,0,0.1607,0.05800000000000005,-0.182
42492,0.0,0.0,0.0,1000.0,0,0,0.1807,0.05800000000000005,-0.182
42493,0.0,0.0,0.0,1000.0,0,0,0.20070000000000002,0.05800000000000005,-0.182
42494,0.0,0.0,0.0,1000.0,0,0,0.2207,0.05800000000000005,-0.182
42495,0.0,0.0,0.0,1000.0,0,0,0.24070000000000003,0.05800000000000005,-0.182
42496,0.0,0.0,0.0,1000.0,0,0,0.26070000000000004,0.05800000000000005,-0.182
42497,0.0,0.0,0.0,1000.0,0,0,0.2807,0.05800000000000005,-0.182
42498,0.0,0.0,0.0,1000.0,0,0,0.3007,0.05800000000000005,-0.182
42499,0.0,0.0,0.0,1000.0,0,0,0.3207,0.05800000000000005,-0.182
42500,0.0,0.0,0.0,1000.0,0,0,0.3407,0.05800000000000005,-0.182
42501,0.0,0.0,0.0,1000.0,0,0,0.3607,0.05800000000000005,-0.182
42502,0.0,0.0,0.0,1000.0,0,0,0.38070000000000004,0.05800000000000005,-0.182
42503,0.0,0.0,0.0,1000.0,0,0,0.4007,0.05800000000000005,-0.182
42504,0.0,0.0,0.0,1000.0,0,0,0.4207,0.05800000000000005,-0.182
42505,0.0,0.0,0.0,1000.0,0,0,0.44070000000000004,0.05800000000000005,-0.182
42506,0.0,0.0,0.0,1000.0,0,0,0.4607,0.05800000000000005,-0.182
42507,0.0,0.0,0.0,1000.0,0,0,0.4807,0.05800000000000005,-0.182
42508,0.0,0.0,0.0,1000.0,0,0,0.1607,0.07800000000000007,-0.182
42509,0.0,0.0,0.0,1000.0,0,0,0.1807,0.07800000000000007,-0.182
42510,0.0,0.0,0.0,1000.0,0,0,0.20070000000000002,0.07800000000000007,-0.182
42511,0.0,0.0,0.0,1000.0,0,0,0.2207,0.07800000000000007,-0.182
42512,0.0,0.0,0.0,1000.0,0,0,0.24070000000000003,0.07800000000000007,-0.182
42513,0.0,0.0,0.0,1000.0,0,0,0.26070000000000004,0.07800000000000007,-0.182
42514,0.0,0.0,0.0,1000.0,0,0,0.2807,0.07800000000000007,-0.182
42515,0.0,0.0,0.0,1000.0,0,0,0.3007,0.07800000000000007,-0.182
42516,0.0,0.0,0.0,1000.0,0,0,0.3207,0.07800000000000007,-0.182
42517,0.0,0.0,0.0,1000.0,0,0,0.3407,0.07800000000000007,-0.182
42518,0.0,0.0,0.0,1000.0,0,0,0.3607,0.07800000000000007,-0.182
42519,0.0,0.0,0.0,1000.0,0,0,0.38070000000000004,0.07800000000000007,-0.182
42520,0.0,0.0,0.0,1000.0,0,0,0.4007,0.07800000000000007,-0.182
42521,0.0,0.0,0.0,1000.0,0,0,0.4207,0.07800000000000007,-0.182
42522,0.0,0.0,0.0,1000.0,0,0,0.44070000000000004,0.07800000000000007,-0.182
42523,0.0,0.0,0.0,1000.0,0,0,0.4607,0.07800000000000007,-0.182
42524,0.0,0.0,0.0,1000.0,0,0,0.4807,0.07800000000000007,-0.182
42525,0.0,0.0,0.0,1000.0,0,0,0.1607,0.09799999999999998,-0.182
42526,0.0,0.0,0.0,1000.0,0,0,0.1807,0.09799999999999998,-0.182
42527,0.0,0.0,0.0,1000.0,0,0,0.20070000000000002,0.09799999999999998,-0.182
42528,0.0,0.0,0.0,1000.0,0,0,0.2207,0.09799999999999998,-0.182
42529,0.0,0.0,0.0,1000.0,0,0,0.24070000000000003,0.09799999999999998,-0.182
42530,0.0,0.0,0.0,1000.0,0,0,0.26070000000000004,0.09799999999999998,-0.182
42531,0.0,0.0,0.0,1000.0,0,0,0.2807,0.09799999999999998,-0.182
42532,0.0,0.0,0.0,1000.0,0,0,0.3007,0.09799999999999998,-0.182
42533,0.0,0.0,0.0,1000.0,0,0,0.3207,0.09799999999999998,-0.182
42534,0.0,0.0,0.0,1000.0,0,0,0.3407,0.09799999999999998,-0.182
42535,0.0,0.0,0.0,1000.0,0,0,0.3607,0.09799999999999998,-0.182
42536,0.0,0.0,0.0,1000.0,0,0,0.38070000000000004,0.09799999999999998,-0.182
42537,0.0,0.0,0.0,1000.0,0,0,0.4007,0.09799999999999998,-0.182
42538,0.0,0.0,0.0,1000.0,0,0,0.4207,0.09799999999999998,-0.182
42539,0.0,0.0,0.0,1000.0,0,0,0.44070000000000004,0.09799999999999998,-0.182
42540,0.0,0.0,0.0,1000.0,0,0,0.4607,0.09799999999999998,-0.182
42541,0.0,0.0,0.0,1000.0,0,0,0.4807,0.09799999999999998,-0.182
42542,0.0,0.0,0.0,1000.0,0,0,0.1607,0.118,-0.182
42543,0.0,0.0,0.0,1000.0,0,0,0.1807,0.118,-0.182
42544,0.0,0.0,0.0,1000.0,0,0,0.20070000000000002,0.118,-0.182
42545,0.0,0.0,0.0,1000.0,0,0,0.2207,0.118,-0.182
42546,0.0,0.0,0.0,1000.0,0,0,0.24070000000000003,0.118,-0.182
42547,0.0,0.0,0.0,1000.0,0,0,0.26070000000000004,0.118,-0.182
42548,0.0,0.0,0.0,1000.0,0,0,0.2807,0.118,-0.182
42549,0.0,0.0,0.0,1000.0,0,0,0.3007,0.118,-0.182
42550,0.0,0.0,0.0,1000.0,0,0,0.3207,0.118,-0.182
42551,0.0,0.0,0.0,1000.0,0,0,0.3407,0.118,-0.182
42552,0.0,0.0,0.0,1000.0,0,0,0.3607,0.118,-0.182
42553,0.0,0.0,0.0,1000.0,0,0,0.38070000000000004,0.118,-0.182
42554,0.0,0.0,0.0,1000.0,0,0,0.4007,0.118,-0.182
42555,0.0,0.0,0.0,1000.0,0,0,0.4207,0.118,-0.182
42556,0.0,0.0,0.0,1000.0,0,0,0.44070000000000004,0.118,-0.182
42557,0.0,0.0,0.0,1000.0,0,0,0.4607,0.118,-0.182
42558,0.0,0.0,0.0,1000.0,0,0,0.4807,0.118,-0.182
42559,0.0,0.0,0.0,1000.0,0,0,0.1607,0.138,-0.182
42560,0.0,0.0,0.0,1000.0,0,0,0.1807,0.138,-0.182
42561,0.0,0.0,0.0,1000.0,0,0,0.20070000000000002,0.138,-0.182
42562,0.0,0.0,0.0,1000.0,0,0,0.2207,0.138,-0.182
42563,0.0,0.0,0.0,1000.0,0,0,0.24070000000000003,0.138,-0.182
42564,0.0,0.0,0.0,1000.0,0,0,0.26070000000000004,0.138,-0.182
42565,0.0,0.0,0.0,1000.0,0,0,0.2807,0.138,-0.182
42566,0.0,0.0,0.0,1000.0,0,0,0.3007,0.138,-0.182
42567,0.0,0.0,0.0,1000.0,0,0,0.3207,0.138,-0.182
42568,0.0,0.0,0.0,1000.0,0,0,0.3407,0.138,-0.182
42569,0.0,0.0,0.0,1000.0,0,0,0.3607,0.138,-0.182
42570,0.0,0.0,0.0,1000.0,0,0,0.38070000000000004,0.138,-0.182
42571,0.0,0.0,0.0,1000.0,0,0,0.4007,0.138,-0.182
42572,0.0,0.0,0.0,1000.0,0,0,0.4207,0.138,-0.182
42573,0.0,0.0,0.0,1000.0,0,0,0.44070000000000004,0.138,-0.182
42574,0.0,0.0,0.0,1000.0,0,0,0.4607,0.138,-0.182
42575,0.0,0.0,0.0,1000.0,0,0,0.4807,0.138,-0.182
42576,0.0,0.0,0.0,1000.0,0,0,0.1607,0.15800000000000003,-0.182
42577,0.0,0.0,0.0,1000.0,0,0,0.1807,0.15800000000000003,-0.182
42578,0.0,0.0,0.0,1000.0,0,0,0.20070000000000002,0.15800000000000003,-0.182
42579,0.0,0.0,0.0,1000.0,0,0,0.2207,0.15800000000000003,-0.182
42580,0.0,0.0,0.0,1000.0,0,0,0.24070000000000003,0.15800000000000003,-0.182
42581,0.0,0.0,0.0,1000.0,0,0,0.26070000000000004,0.15800000000000003,-0.182
42582,0.0,0.0,0.0,1000.0,0,0,0.2807,0.15800000000000003,-0.182
42583,0.0,0.0,0.0,1000.0,0,0,0.3007,0.15800000000000003,-0.182
42584,0.0,0.0,0.0,1000.0,0,0,0.3207,0.15800000000000003,-0.182
42585,0.0,0.0,0.0,1000.0,0,0,0.3407,0.15800000000000003,-0.182
42586,0.0,0.0,0.0,1000.0,0,0,0.3607,0.15800000000000003,-0.182
42587,0.0,0.0,0.0,1000.0,0,0,0.38070000000000004,0.15800000000000003,-0.182
42588,0.0,0.0,0.0,1000.0,0,0,0.4007,0.15800000000000003,-0.182
42589,0.0,0.0,0.0,1000.0,0,0,0.4207,0.15800000000000003,-0.182
42590,0.0,0.0,0.0,1000.0,0,0,0.44070000000000004,0.15800000000000003,-0.182
42591,0.0,0.0,0.0,1000.0,0,0,0.4607,0.15800000000000003,-0.182
42592,0.0,0.0,0.0,1000.0,0,0,0.4807,0.15800000000000003,-0.182
42593,0.0,0.0,0.0,1000.0,0,0,0.1607,0.17800000000000005,-0.182
42594,0.0,0.0,0.0,1000.0,0,0,0.1807,0.17800000000000005,-0.182
42595,0.0,0.0,0.0,1000.0,0,0,0.20070000000000002,0.17800000000000005,-0.182
42596,0.0,0.0,0.0,1000.0,0,0,0.2207,0.17800000000000005,-0.182
42597,0.0,0.0,0.0,1000.0,0,0,0.24070000000000003,0.17800000000000005,-0.182
42598,0.0,0.0,0.0,1000.0,0,0,0.26070000000000004,0.17800000000000005,-0.182
42599,0.0,0.0,0.0,1000.0,0,0,0.2807,0.17800000000000005,-0.182
42600,0.0,0.0,0.0,1000.0,0,0,0.3007,0.17800000000000005,-0.182
42601,0.0,0.0,0.0,1000.0,0,0,0.3207,0.17800000000000005,-0.182
42602,0.0,0.0,0.0,1000.0,0,0,0.3407,0.17800000000000005,-0.182
42603,0.0,0.0,0.0,1000.0,0,0,0.3607,0.17800000000000005,-0.182
42604,0.0,0.0,0.0,1000.0,0,0,0.38070000000000004,0.17800000000000005,-0.182
42605,0.0,0.0,0.0,1000.0,0,0,0.4007,0.17800000000000005,-0.182
42606,0.0,0.0,0.0,1000.0,0,0,0.4207,0.17800000000000005,-0.182
42607,0.0,0.0,0.0,1000.0,0,0,0.44070000000000004,0.17800000000000005,-0.182
42608,0.0,0.0,0.0,1000.0,0,0,0.4607,0.17800000000000005,-0.182
42609,0.0,0.0,0.0,1000.0,0,0,0.4807,0.17800000000000005,-0.182
42610,0.0,0.0,0.0,1000.0,0,0,0.1607,0.19800000000000006,-0.182
42611,0.0,0.0,0.0,1000.0,0,0,0.1807,0.19800000000000006,-0.182
42612,0.0,0.0,0.0,1000.0,0,0,0.20070000000000002,0.19800000000000006,-0.182
42613,0.0,0.0,0.0,1000.0,0,0,0.2207,0.19800000000000006,-0.182
42614,0.0,0.0,0.0,1000.0,0,0,0.24070000000000003,0.19800000000000006,-0.182
42615,0.0,0.0,0.0,1000.0,0,0,0.26070000000000004,0.19800000000000006,-0.182
42616,0.0,0.0,0.0,1000.0,0,0,0.2807,0.19800000000000006,-0.182
42617,0.0,0.0,0.0,1000.0,0,0,0.3007,0.19800000000000006,-0.182
42618,0.0,0.0,0.0,1000.0,0,0,0.3207,0.19800000000000006,-0.182
42619,0.0,0.0,0.0,1000.0,0,0,0.3407,0.19800000000000006,-0.182
42620,0.0,0.0,0.0,1000.0,0,0,0.3607,0.19800000000000006,-0.182
42621,0.0,0.0,0.0,1000.0,0,0,0.38070000000000004,0.19800000000000006,-0.182
42622,0.0,0.0,0.0,1000.0,0,0,0.4007,0.19800000000000006,-0.182
42623,0.0,0.0,0.0,1000.0,0,0,0.4207,0.19800000000000006,-0.182
42624,0.0,0.0,0.0,1000.0,0,0,0.44070000000000004,0.19800000000000006,-0.182
42625,0.0,0.0,0.0,1000.0,0,0,0.4607,0.19800000000000006,-0.182
42626,0.0,0.0,0.0,1000.0,0,0,0.4807,0.19800000000000006,-0.182
42627,0.0,0.0,0.0,1000.0,0,0,0.1607,0.21800000000000008,-0.182
42628,0.0,0.0,0.0,1000.0,0,0,0.1807,0.21800000000000008,-0.182
42629,0.0,0.0,0.0,1000.0,0,0,0.20070000000000002,0.21800000000000008,-0.182
42630,0.0,0.0,0.0,1000.0,0,0,0.2207,0.21800000000000008,-0.182
42631,0.0,0.0,0.0,1000.0,0,0,0.24070000000000003,0.21800000000000008,-0.182
42632,0.0,0.0,0.0,1000.0,0,0,0.26070000000000004,0.21800000000000008,-0.182
42633,0.0,0.0,0.0,1000.0,0,0,0.2807,0.21800000000000008,-0.182
42634,0.0,0.0,0.0,1000.0,0,0,0.3007,0.21800000000000008,-0.182
42635,0.0,0.0,0.0,1000.0,0,0,0.3207,0.21800000000000008,-0.182
42636,0.0,0.0,0.0,1000.0,0,0,0.3407,0.21800000000000008,-0.182
42637,0.0,0.0,0.0,1000.0,0,0,0.3607,0.21800000000000008,-0.182
42638,0.0,0.0,0.0,1000.0,0,0,0.38070000000000004,0.21800000000000008,-0.182
42639,0.0,0.0,0.0,1000.0,0,0,0.4007,0.21800000000000008,-0.182
42640,0.0,0.0,0.0,1000.0,0,0,0.4207,0.21800000000000008,-0.182
42641,0.0,0.0,0.0,1000.0,0,0,0.44070000000000004,0.21800000000000008,-0.182
42642,0.0,0.0,0.0,1000.0,0,0,0.4607,0.21800000000000008,-0.182
42643,0.0,0.0,0.0,1000.0,0,0,0.4807,0.21800000000000008,-0.182
42644,0.0,0.0,0.0,1000.0,0,0,0.1607,0.238,-0.182
42645,0.0,0.0,0.0,1000.0,0,0,0.1807,0.238,-0.182
42646,0.0,0.0,0.0,1000.0,0,0,0.20070000000000002,0.238,-0.182
42647,0.0,0.0,0.0,1000.0,0,0,0.2207,0.238,-0.182
42648,0.0,0.0,0.0,1000.0,0,0,0.24070000000000003,0.238,-0.182
42649,0.0,0.0,0.0,1000.0,0,0,0.26070000000000004,0.238,-0.182
42650,0.0,0.0,0.0,1000.0,0,0,0.2807,0.238,-0.182
42651,0.0,0.0,0.0,1000.0,0,0,0.3007,0.238,-0.182
42652,0.0,0.0,0.0,1000.0,0,0,0.3207,0.238,-0.182
42653,0.0,0.0,0.0,1000.0,0,0,0.3407,0.238,-0.182
42654,0.0,0.0,0.0,1000.0,0,0,0.3607,0.238,-0.182
42655,0.0,0.0,0.0,1000.0,0,0,0.38070000000000004,0.238,-0.182
42656,0.0,0.0,0.0,1000.0,0,0,0.4007,0.238,-0.182
42657,0.0,0.0,0.0,1000.0,0,0,0.4207,0.238,-0.182
42658,0.0,0.0,0.0,1000.0,0,0,0.44070000000000004,0.238,-0.182
42659,0.0,0.0,0.0,1000.0,0,0,0.4607,0.238,-0.182
42660,0.0,0.0,0.0,1000.0,0,0,0.4807,0.238,-0.182
42661,0.0,0.0,0.0,1000.0,0,0,0.1607,0.258,-0.182
42662,0.0,0.0,0.0,1000.0,0,0,0.1807,0.258,-0.182
42663,0.0,0.0,0.0,1000.0,0,0,0.20070000000000002,0.258,-0.182
42664,0.0,0.0,0.0,1000.0,0,0,0.2207,0.258,-0.182
42665,0.0,0.0,0.0,1000.0,0,0,0.24070000000000003,0.258,-0.182
42666,0.0,0.0,0.0,1000.0,0,0,0.26070000000000004,0.258,-0.182
42667,0.0,0.0,0.0,1000.0,0,0,0.2807,0.258,-0.182
42668,0.0,0.0,0.0,1000.0,0,0,0.3007,0.258,-0.182
42669,0.0,0.0,0.0,1000.0,0,0,0.3207,0.258,-0.182
42670,0.0,0.0,0.0,1000.0,0,0,0.3407,0.258,-0.182
42671,0.0,0.0,0.0,1000.0,0,0,0.3607,0.258,-0.182
42672,0.0,0.0,0.0,1000.0,0,0,0.38070000000000004,0.258,-0.182
42673,0.0,0.0,0.0,1000.0,0,0,0.4007,0.258,-0.182
42674,0.0,0.0,0.0,1000.0,0,0,0.4207,0.258,-0.182
42675,0.0,0.0,0.0,1000.0,0,0,0.44070000000000004,0.258,-0.182
42676,0.0,0.0,0.0,1000.0,0,0,0.4607,0.258,-0.182
42677,0.0,0.0,0.0,1000.0,0,0,0.4807,0.258,-0.182
42678,0.0,0.0,0.0,1000.0,0,0,0.1607,0.278,-0.182
42679,0.0,0.0,0.0,1000.0,0,0,0.1807,0.278,-0.182
42680,0.0,0.0,0.0,1000.0,0,0,0.20070000000000002,0.278,-0.182
42681,0.0,0.0,0.0,1000.0,0,0,0.2207,0.278,-0.182
42682,0.0,0.0,0.0,1000.0,0,0,0.24070000000000003,0.278,-0.182
42683,0.0,0.0,0.0,1000.0,0,0,0.26070000000000004,0.278,-0.182
42684,0.0,0.0,0.0,1000.0,0,0,0.2807,0.278,-0.182
42685,0.0,0.0,0.0,1000.0,0,0,0.3007,0.278,-0.182
42686,0.0,0.0,0.0,1000.0,0,0,0.3207,0.278,-0.182
42687,0.0,0.0,0.0,1000.0,0,0,0.3407,0.278,-0.182
42688,0.0,0.0,0.0,1000.0,0,0,0.3607,0.278,-0.182
42689,0.0,0.0,0.0,1000.0,0,0,0.38070000000000004,0.278,-0.182
42690,0.0,0.0,0.0,1000.0,0,0,0.4007,0.278,-0.182
42691,0.0,0.0,0.0,1000.0,0,0,0.4207,0.278,-0.182
42692,0.0,0.0,0.0,1000.0,0,0,0.44070000000000004,0.278,-0.182
42693,0.0,0.0,0.0,1000.0,0,0,0.4607,0.278,-0.182
42694,0.0,0.0,0.0,1000.0,0,0,0.4807,0.278,-0.182
42695,0.0,0.0,0.0,1000.0,0,0,0.1607,0.29800000000000004,-0.182
42696,0.0,0.0,0.0,1000.0,0,0,0.1807,0.29800000000000004,-0.182
42697,0.0,0.0,0.0,1000.0,0,0,0.20070000000000002,0.29800000000000004,-0.182
42698,0.0,0.0,0.0,1000.0,0,0,0.2207,0.29800000000000004,-0.182
42699,0.0,0.0,0.0,1000.0,0,0,0.24070000000000003,0.29800000000000004,-0.182
42700,0.0,0.0,0.0,1000.0,0,0,0.26070000000000004,0.29800000000000004,-0.182
42701,0.0,0.0,0.0,1000.0,0,0,0.2807,0.29800000000000004,-0.182
42702,0.0,0.0,0.0,1000.0,0,0,0.3007,0.29800000000000004,-0.182
42703,0.0,0.0,0.0,1000.0,0,0,0.3207,0.29800000000000004,-0.182
42704,0.0,0.0,0.0,1000.0,0,0,0.3407,0.29800000000000004,-0.182
42705,0.0,0.0,0.0,1000.0,0,0,0.3607,0.29800000000000004,-0.182
42706,0.0,0.0,0.0,1000.0,0,0,0.38070000000000004,0.29800000000000004,-0.182
42707,0.0,0.0,0.0,1000.0,0,0,0.4007,0.29800000000000004,-0.182
42708,0.0,0.0,0.0,1000.0,0,0,0.4207,0.29800000000000004,-0.182
42709,0.0,0.0,0.0,1000.0,0,0,0.44070000000000004,0.29800000000000004,-0.182
42710,0.0,0.0,0.0,1000.0,0,0,0.4607,0.29800000000000004,-0.182
42711,0.0,0.0,0.0,1000.0,0,0,0.4807,0.29800000000000004,-0.182
42712,0.0,0.0,0.0,1000.0,0,0,0.1607,0.31800000000000006,-0.182
42713,0.0,0.0,0.0,1000.0,0,0,0.1807,0.31800000000000006,-0.182
42714,0.0,0.0,0.0,1000.0,0,0,0.20070000000000002,0.31800000000000006,-0.182
42715,0.0,0.0,0.0,1000.0,0,0,0.2207,0.31800000000000006,-0.182
42716,0.0,0.0,0.0,1000.0,0,0,0.24070000000000003,0.31800000000000006,-0.182
42717,0.0,0.0,0.0,1000.0,0,0,0.26070000000000004,0.31800000000000006,-0.182
42718,0.0,0.0,0.0,1000.0,0,0,0.2807,0.31800000000000006,-0.182
42719,0.0,0.0,0.0,1000.0,0,0,0.3007,0.31800000000000006,-0.182
42720,0.0,0.0,0.0,1000.0,0,0,0.3207,0.31800000000000006,-0.182
42721,0.0,0.0,0.0,1000.0,0,0,0.3407,0.31800000000000006,-0.182
42722,0.0,0.0,0.0,1000.0,0,0,0.3607,0.31800000000000006,-0.182
42723,0.0,0.0,0.0,1000.0,0,0,0.38070000000000004,0.31800000000000006,-0.182
42724,0.0,0.0,0.0,1000.0,0,0,0.4007,0.31800000000000006,-0.182
42725,0.0,0.0,0.0,1000.0,0,0,0.4207,0.31800000000000006,-0.182
42726,0.0,0.0,0.0,1000.0,0,0,0.44070000000000004,0.31800000000000006,-0.182
42727,0.0,0.0,0.0,1000.0,0,0,0.4607,0.31800000000000006,-0.182
42728,0.0,0.0,0.0,1000.0,0,0,0.4807,0.31800000000000006,-0.182
42729,0.0,0.0,0.0,1000.0,0,0,0.1607,0.3380000000000001,-0.182
42730,0.0,0.0,0.0,1000.0,0,0,0.1807,0.3380000000000001,-0.182
42731,0.0,0.0,0.0,1000.0,0,0,0.20070000000000002,0.3380000000000001,-0.182
42732,0.0,0.0,0.0,1000.0,0,0,0.2207,0.3380000000000001,-0.182
42733,0.0,0.0,0.0,1000.0,0,0,0.24070000000000003,0.3380000000000001,-0.182
42734,0.0,0.0,0.0,1000.0,0,0,0.26070000000000004,0.3380000000000001,-0.182
42735,0.0,0.0,0.0,1000.0,0,0,0.2807,0.3380000000000001,-0.182
42736,0.0,0.0,0.0,1000.0,0,0,0.3007,0.3380000000000001,-0.182
42737,0.0,0.0,0.0,1000.0,0,0,0.3207,0.3380000000000001,-0.182
42738,0.0,0.0,0.0,1000.0,0,0,0.3407,0.3380000000000001,-0.182
42739,0.0,0.0,0.0,1000.0,0,0,0.3607,0.3380000000000001,-0.182
42740,0.0,0.0,0.0,1000.0,0,0,0.38070000000000004,0.3380000000000001,-0.182
42741,0.0,0.0,0.0,1000.0,0,0,0.4007,0.3380000000000001,-0.182
42742,0.0,0.0,0.0,1000.0,0,0,0.4207,0.3380000000000001,-0.182
42743,0.0,0.0,0.0,1000.0,0,0,0.44070000000000004,0.3380000000000001,-0.182
42744,0.0,0.0,0.0,1000.0,0,0,0.4607,0.3380000000000001,-0.182
42745,0.0,0.0,0.0,1000.0,0,0,0.4807,0.3380000000000001,-0.182
42746,0.0,0.0,0.0,1000.0,0,0,0.1607,0.358,-0.182
42747,0.0,0.0,0.0,1000.0,0,0,0.1807,0.358,-0.182
42748,0.0,0.0,0.0,1000.0,0,0,0.20070000000000002,0.358,-0.182
42749,0.0,0.0,0.0,1000.0,0,0,0.2207,0.358,-0.182
42750,0.0,0.0,0.0,1000.0,0,0,0.24070000000000003,0.358,-0.182
42751,0.0,0.0,0.0,1000.0,0,0,0.26070000000000004,0.358,-0.182
42752,0.0,0.0,0.0,1000.0,0,0,0.2807,0.358,-0.182
42753,0.0,0.0,0.0,1000.0,0,0,0.3007,0.358,-0.182
42754,0.0,0.0,0.0,1000.0,0,0,0.3207,0.358,-0.182
42755,0.0,0.0,0.0,1000.0,0,0,0.3407,0.358,-0.182
42756,0.0,0.0,0.0,1000.0,0,0,0.3607,0.358,-0.182
42757,0.0,0.0,0.0,1000.0,0,0,0.38070000000000004,0.358,-0.182
42758,0.0,0.0,0.0,1000.0,0,0,0.4007,0.358,-0.182
42759,0.0,0.0,0.0,1000.0,0,0,0.4207,0.358,-0.182
42760,0.0,0.0,0.0,1000.0,0,0,0.44070000000000004,0.358,-0.182
42761,0.0,0.0,0.0,1000.0,0,0,0.4607,0.358,-0.182
42762,0.0,0.0,0.0,1000.0,0,0,0.4807,0.358,-0.182
42763,0.0,0.0,0.0,1000.0,0,0,0.1607,0.378,-0.182
42764,0.0,0.0,0.0,1000.0,0,0,0.1807,0.378,-0.182
42765,0.0,0.0,0.0,1000.0,0,0,0.20070000000000002,0.378,-0.182
42766,0.0,0.0,0.0,1000.0,0,0,0.2207,0.378,-0.182
42767,0.0,0.0,0.0,1000.0,0,0,0.24070000000000003,0.378,-0.182
42768,0.0,0.0,0.0,1000.0,0,0,0.26070000000000004,0.378,-0.182
42769,0.0,0.0,0.0,1000.0,0,0,0.2807,0.378,-0.182
42770,0.0,0.0,0.0,1000.0,0,0,0.3007,0.378,-0.182
42771,0.0,0.0,0.0,1000.0,0,0,0.3207,0.378,-0.182
42772,0.0,0.0,0.0,1000.0,0,0,0.3407,0.378,-0.182
42773,0.0,0.0,0.0,1000.0,0,0,0.3607,0.378,-0.182
42774,0.0,0.0,0.0,1000.0,0,0,0.38070000000000004,0.378,-0.182
42775,0.0,0.0,0.0,1000.0,0,0,0.4007,0.378,-0.182
42776,0.0,0.0,0.0,1000.0,0,0,0.4207,0.378,-0.182
42777,0.0,0.0,0.0,1000.0,0,0,0.44070000000000004,0.378,-0.182
42778,0.0,0.0,0.0,1000.0,0,0,0.4607,0.378,-0.182
42779,0.0,0.0,0.0,1000.0,0,0,0.4807,0.378,-0.182
42780,0.0,0.0,0.0,1000.0,0,0,0.1607,0.398,-0.182
42781,0.0,0.0,0.0,1000.0,0,0,0.1807,0.398,-0.182
42782,0.0,0.0,0.0,1000.0,0,0,0.20070000000000002,0.398,-0.182
42783,0.0,0.0,0.0,1000.0,0,0,0.2207,0.398,-0.182
42784,0.0,0.0,0.0,1000.0,0,0,0.24070000000000003,0.398,-0.182
42785,0.0,0.0,0.0,1000.0,0,0,0.26070000000000004,0.398,-0.182
42786,0.0,0.0,0.0,1000.0,0,0,0.2807,0.398,-0.182
42787,0.0,0.0,0.0,1000.0,0,0,0.3007,0.398,-0.182
42788,0.0,0.0,0.0,1000.0,0,0,0.3207,0.398,-0.182
42789,0.0,0.0,0.0,1000.0,0,0,0.3407,0.398,-0.182
42790,0.0,0.0,0.0,1000.0,0,0,0.3607,0.398,-0.182
42791,0.0,0.0,0.0,1000.0,0,0,0.38070000000000004,0.398,-0.182
42792,0.0,0.0,0.0,1000.0,0,0,0.4007,0.398,-0.182
42793,0.0,0.0,0.0,1000.0,0,0,0.4207,0.398,-0.182
42794,0.0,0.0,0.0,1000.0,0,0,0.44070000000000004,0.398,-0.182
42795,0.0,0.0,0.0,1000.0,0,0,0.4607,0.398,-0.182
42796,0.0,0.0,0.0,1000.0,0,0,0.4807,0.398,-0.182
42797,0.0,0.0,0.0,1000.0,0,0,0.1607,0.41800000000000004,-0.182
42798,0.0,0.0,0.0,1000.0,0,0,0.1807,0.41800000000000004,-0.182
42799,0.0,0.0,0.0,1000.0,0,0,0.20070000000000002,0.41800000000000004,-0.182
42800,0.0,0.0,0.0,1000.0,0,0,0.2207,0.41800000000000004,-0.182
42801,0.0,0.0,0.0,1000.0,0,0,0.24070000000000003,0.41800000000000004,-0.182
42802,0.0,0.0,0.0,1000.0,0,0,0.26070000000000004,0.41800000000000004,-0.182
42803,0.0,0.0,0.0,1000.0,0,0,0.2807,0.41800000000000004,-0.182
42804,0.0,0.0,0.0,1000.0,0,0,0.3007,0.41800000000000004,-0.182
42805,0.0,0.0,0.0,1000.0,0,0,0.3207,0.41800000000000004,-0.182
42806,0.0,0.0,0.0,1000.0,0,0,0.3407,0.41800000000000004,-0.182
42807,0.0,0.0,0.0,1000.0,0,0,0.3607,0.41800000000000004,-0.182
42808,0.0,0.0,0.0,1000.0,0,0,0.38070000000000004,0.41800000000000004,-0.182
42809,0.0,0.0,0.0,1000.0,0,0,0.4007,0.41800000000000004,-0.182
42810,0.0,0.0,0.0,1000.0,0,0,0.4207,0.41800000000000004,-0.182
42811,0.0,0.0,0.0,1000.0,0,0,0.44070000000000004,0.41800000000000004,-0.182
42812,0.0,0.0,0.0,1000.0,0,0,0.4607,0.41800000000000004,-0.182
42813,0.0,0.0,0.0,1000.0,0,0,0.4807,0.41800000000000004,-0.182
42814,0.0,0.0,0.0,1000.0,0,0,0.1607,0.43800000000000006,-0.182
42815,0.0,0.0,0.0,1000.0,0,0,0.1807,0.43800000000000006,-0.182
42816,0.0,0.0,0.0,1000.0,0,0,0.20070000000000002,0.43800000000000006,-0.182
42817,0.0,0.0,0.0,1000.0,0,0,0.2207,0.43800000000000006,-0.182
42818,0.0,0.0,0.0,1000.0,0,0,0.24070000000000003,0.43800000000000006,-0.182
42819,0.0,0.0,0.0,1000.0,0,0,0.26070000000000004,0.43800000000000006,-0.182
42820,0.0,0.0,0.0,1000.0,0,0,0.2807,0.43800000000000006,-0.182
42821,0.0,0.0,0.0,1000.0,0,0,0.3007,0.43800000000000006,-0.182
42822,0.0,0.0,0.0,1000.0,0,0,0.3207,0.43800000000000006,-0.182
42823,0.0,0.0,0.0,1000.0,0,0,0.3407,0.43800000000000006,-0.182
42824,0.0,0.0,0.0,1000.0,0,0,0.3607,0.43800000000000006,-0.182
42825,0.0,0.0,0.0,1000.0,0,0,0.38070000000000004,0.43800000000000006,-0.182
42826,0.0,0.0,0.0,1000.0,0,0,0.4007,0.43800000000000006,-0.182
42827,0.0,0.0,0.0,1000.0,0,0,0.4207,0.43800000000000006,-0.182
42828,0.0,0.0,0.0,1000.0,0,0,0.44070000000000004,0.43800000000000006,-0.182
42829,0.0,0.0,0.0,1000.0,0,0,0.4607,0.43800000000000006,-0.182
42830,0.0,0.0,0.0,1000.0,0,0,0.4807,0.43800000000000006,-0.182
42831,0.0,0.0,0.0,1000.0,0,0,0.1607,0.4580000000000001,-0.182
42832,0.0,0.0,0.0,1000.0,0,0,0.1807,0.4580000000000001,-0.182
42833,0.0,0.0,0.0,1000.0,0,0,0.20070000000000002,0.4580000000000001,-0.182
42834,0.0,0.0,0.0,1000.0,0,0,0.2207,0.4580000000000001,-0.182
42835,0.0,0.0,0.0,1000.0,0,0,0.24070000000000003,0.4580000000000001,-0.182
42836,0.0,0.0,0.0,1000.0,0,0,0.26070000000000004,0.4580000000000001,-0.182
42837,0.0,0.0,0.0,1000.0,0,0,0.2807,0.4580000000000001,-0.182
42838,0.0,0.0,0.0,1000.0,0,0,0.3007,0.4580000000000001,-0.182
42839,0.0,0.0,0.0,1000.0,0,0,0.3207,0.4580000000000001,-0.182
42840,0.0,0.0,0.0,1000.0,0,0,0.3407,0.4580000000000001,-0.182
42841,0.0,0.0,0.0,1000.0,0,0,0.3607,0.4580000000000001,-0.182
42842,0.0,0.0,0.0,1000.0,0,0,0.38070000000000004,0.4580000000000001,-0.182
42843,0.0,0.0,0.0,1000.0,0,0,0.4007,0.4580000000000001,-0.182
42844,0.0,0.0,0.0,1000.0,0,0,0.4207,0.4580000000000001,-0.182
42845,0.0,0.0,0.0,1000.0,0,0,0.44070000000000004,0.4580000000000001,-0.182
42846,0.0,0.0,0.0,1000.0,0,0,0.4607,0.4580000000000001,-0.182
42847,0.0,0.0,0.0,1000.0,0,0,0.4807,0.4580000000000001,-0.182
42848,0.0,0.0,0.0,1000.0,0,0,0.1607,0.478,-0.182
42849,0.0,0.0,0.0,1000.0,0,0,0.1807,0.478,-0.182
42850,0.0,0.0,0.0,1000.0,0,0,0.20070000000000002,0.478,-0.182
42851,0.0,0.0,0.0,1000.0,0,0,0.2207,0.478,-0.182
42852,0.0,0.0,0.0,1000.0,0,0,0.24070000000000003,0.478,-0.182
42853,0.0,0.0,0.0,1000.0,0,0,0.26070000000000004,0.478,-0.182
42854,0.0,0.0,0.0,1000.0,0,0,0.2807,0.478,-0.182
42855,0.0,0.0,0.0,1000.0,0,0,0.3007,0.478,-0.182
42856,0.0,0.0,0.0,1000.0,0,0,0.3207,0.478,-0.182
42857,0.0,0.0,0.0,1000.0,0,0,0.3407,0.478,-0.182
42858,0.0,0.0,0.0,1000.0,0,0,0.3607,0.478,-0.182
42859,0.0,0.0,0.0,1000.0,0,0,0.38070000000000004,0.478,-0.182
42860,0.0,0.0,0.0,1000.0,0,0,0.4007,0.478,-0.182
42861,0.0,0.0,0.0,1000.0,0,0,0.4207,0.478,-0.182
42862,0.0,0.0,0.0,1000.0,0,0,0.44070000000000004,0.478,-0.182
42863,0.0,0.0,0.0,1000.0,0,0,0.4607,0.478,-0.182
42864,0.0,0.0,0.0,1000.0,0,0,0.4807,0.478,-0.182
42865,0.0,0.0,0.0,1000.0,0,0,0.1607,-0.482,-0.16199999999999998
42866,0.0,0.0,0.0,1000.0,0,0,0.1807,-0.482,-0.16199999999999998
42867,0.0,0.0,0.0,1000.0,0,0,0.20070000000000002,-0.482,-0.16199999999999998
42868,0.0,0.0,0.0,1000.0,0,0,0.2207,-0.482,-0.16199999999999998
42869,0.0,0.0,0.0,1000.0,0,0,0.24070000000000003,-0.482,-0.16199999999999998
42870,0.0,0.0,0.0,1000.0,0,0,0.26070000000000004,-0.482,-0.16199999999999998
42871,0.0,0.0,0.0,1000.0,0,0,0.2807,-0.482,-0.16199999999999998
42872,0.0,0.0,0.0,1000.0,0,0,0.3007,-0.482,-0.16199999999999998
42873,0.0,0.0,0.0,1000.0,0,0,0.3207,-0.482,-0.16199999999999998
42874,0.0,0.0,0.0,1000.0,0,0,0.3407,-0.482,-0.16199999999999998
42875,0.0,0.0,0.0,1000.0,0,0,0.3607,-0.482,-0.16199999999999998
42876,0.0,0.0,0.0,1000.0,0,0,0.38070000000000004,-0.482,-0.16199999999999998
42877,0.0,0.0,0.0,1000.0,0,0,0.4007,-0.482,-0.16199999999999998
42878,0.0,0.0,0.0,1000.0,0,0,0.4207,-0.482,-0.16199999999999998
42879,0.0,0.0,0.0,1000.0,0,0,0.44070000000000004,-0.482,-0.16199999999999998
42880,0.0,0.0,0.0,1000.0,0,0,0.4607,-0.482,-0.16199999999999998
42881,0.0,0.0,0.0,1000.0,0,0,0.4807,-0.482,-0.16199999999999998
42882,0.0,0.0,0.0,1000.0,0,0,0.1607,-0.46199999999999997,-0.16199999999999998
42883,0.0,0.0,0.0,1000.0,0,0,0.1807,-0.46199999999999997,-0.16199999999999998
42884,0.0,0.0,0.0,1000.0,0,0,0.20070000000000002,-0.46199999999999997,-0.16199999999999998
42885,0.0,0.0,0.0,1000.0,0,0,0.2207,-0.46199999999999997,-0.16199999999999998
42886,0.0,0.0,0.0,1000.0,0,0,0.24070000000000003,-0.46199999999999997,-0.16199999999999998
42887,0.0,0.0,0.0,1000.0,0,0,0.26070000000000004,-0.46199999999999997,-0.16199999999999998
42888,0.0,0.0,0.0,1000.0,0,0,0.2807,-0.46199999999999997,-0.16199999999999998
42889,0.0,0.0,0.0,1000.0,0,0,0.3007,-0.46199999999999997,-0.16199999999999998
42890,0.0,0.0,0.0,1000.0,0,0,0.3207,-0.46199999999999997,-0.16199999999999998
42891,0.0,0.0,0.0,1000.0,0,0,0.3407,-0.46199999999999997,-0.16199999999999998
42892,0.0,0.0,0.0,1000.0,0,0,0.3607,-0.46199999999999997,-0.16199999999999998
42893,0.0,0.0,0.0,1000.0,0,0,0.38070000000000004,-0.46199999999999997,-0.16199999999999998
42894,0.0,0.0,0.0,1000.0,0,0,0.4007,-0.46199999999999997,-0.16199999999999998
42895,0.0,0.0,0.0,1000.0,0,0,0.4207,-0.46199999999999997,-0.16199999999999998
42896,0.0,0.0,0.0,1000.0,0,0,0.44070000000000004,-0.46199999999999997,-0.16199999999999998
42897,0.0,0.0,0.0,1000.0,0,0,0.4607,-0.46199999999999997,-0.16199999999999998
42898,0.0,0.0,0.0,1000.0,0,0,0.4807,-0.46199999999999997,-0.16199999999999998
42899,0.0,0.0,0.0,1000.0,0,0,0.1607,-0.442,-0.16199999999999998
42900,0.0,0.0,0.0,1000.0,0,0,0.1807,-0.442,-0.16199999999999998
42901,0.0,0.0,0.0,1000.0,0,0,0.20070000000000002,-0.442,-0.16199999999999998
42902,0.0,0.0,0.0,1000.0,0,0,0.2207,-0.442,-0.16199999999999998
42903,0.0,0.0,0.0,1000.0,0,0,0.24070000000000003,-0.442,-0.16199999999999998
42904,0.0,0.0,0.0,1000.0,0,0,0.26070000000000004,-0.442,-0.16199999999999998
42905,0.0,0.0,0.0,1000.0,0,0,0.2807,-0.442,-0.16199999999999998
42906,0.0,0.0,0.0,1000.0,0,0,0.3007,-0.442,-0.16199999999999998
42907,0.0,0.0,0.0,1000.0,0,0,0.3207,-0.442,-0.16199999999999998
42908,0.0,0.0,0.0,1000.0,0,0,0.3407,-0.442,-0.16199999999999998
42909,0.0,0.0,0.0,1000.0,0,0,0.3607,-0.442,-0.16199999999999998
42910,0.0,0.0,0.0,1000.0,0,0,0.38070000000000004,-0.442,-0.16199999999999998
42911,0.0,0.0,0.0,1000.0,0,0,0.4007,-0.442,-0.16199999999999998
42912,0.0,0.0,0.0,1000.0,0,0,0.4207,-0.442,-0.16199999999999998
42913,0.0,0.0,0.0,1000.0,0,0,0.44070000000000004,-0.442,-0.16199999999999998
42914,0.0,0.0,0.0,1000.0,0,0,0.4607,-0.442,-0.16199999999999998
42915,0.0,0.0,0.0,1000.0,0,0,0.4807,-0.442,-0.16199999999999998
42916,0.0,0.0,0.0,1000.0,0,0,0.1607,-0.422,-0.16199999999999998
42917,0.0,0.0,0.0,1000.0,0,0,0.1807,-0.422,-0.16199999999999998
42918,0.0,0.0,0.0,1000.0,0,0,0.20070000000000002,-0.422,-0.16199999999999998
42919,0.0,0.0,0.0,1000.0,0,0,0.2207,-0.422,-0.16199999999999998
42920,0.0,0.0,0.0,1000.0,0,0,0.24070000000000003,-0.422,-0.16199999999999998
42921,0.0,0.0,0.0,1000.0,0,0,0.26070000000000004,-0.422,-0.16199999999999998
42922,0.0,0.0,0.0,1000.0,0,0,0.2807,-0.422,-0.16199999999999998
42923,0.0,0.0,0.0,1000.0,0,0,0.3007,-0.422,-0.16199999999999998
42924,0.0,0.0,0.0,1000.0,0,0,0.3207,-0.422,-0.16199999999999998
42925,0.0,0.0,0.0,1000.0,0,0,0.3407,-0.422,-0.16199999999999998
42926,0.0,0.0,0.0,1000.0,0,0,0.3607,-0.422,-0.16199999999999998
42927,0.0,0.0,0.0,1000.0,0,0,0.38070000000000004,-0.422,-0.16199999999999998
42928,0.0,0.0,0.0,1000.0,0,0,0.4007,-0.422,-0.16199999999999998
42929,0.0,0.0,0.0,1000.0,0,0,0.4207,-0.422,-0.16199999999999998
42930,0.0,0.0,0.0,1000.0,0,0,0.44070000000000004,-0.422,-0.16199999999999998
42931,0.0,0.0,0.0,1000.0,0,0,0.4607,-0.422,-0.16199999999999998
42932,0.0,0.0,0.0,1000.0,0,0,0.4807,-0.422,-0.16199999999999998
42933,0.0,0.0,0.0,1000.0,0,0,0.1607,-0.40199999999999997,-0.16199999999999998
42934,0.0,0.0,0.0,1000.0,0,0,0.1807,-0.40199999999999997,-0.16199999999999998
42935,0.0,0.0,0.0,1000.0,0,0,0.20070000000000002,-0.40199999999999997,-0.16199999999999998
42936,0.0,0.0,0.0,1000.0,0,0,0.2207,-0.40199999999999997,-0.16199999999999998
42937,0.0,0.0,0.0,1000.0,0,0,0.24070000000000003,-0.40199999999999997,-0.16199999999999998
42938,0.0,0.0,0.0,1000.0,0,0,0.26070000000000004,-0.40199999999999997,-0.16199999999999998
42939,0.0,0.0,0.0,1000.0,0,0,0.2807,-0.40199999999999997,-0.16199999999999998
42940,0.0,0.0,0.0,1000.0,0,0,0.3007,-0.40199999999999997,-0.16199999999999998
42941,0.0,0.0,0.0,1000.0,0,0,0.3207,-0.40199999999999997,-0.16199999999999998
42942,0.0,0.0,0.0,1000.0,0,0,0.3407,-0.40199999999999997,-0.16199999999999998
42943,0.0,0.0,0.0,1000.0,0,0,0.3607,-0.40199999999999997,-0.16199999999999998
42944,0.0,0.0,0.0,1000.0,0,0,0.38070000000000004,-0.40199999999999997,-0.16199999999999998
42945,0.0,0.0,0.0,1000.0,0,0,0.4007,-0.40199999999999997,-0.16199999999999998
42946,0.0,0.0,0.0,1000.0,0,0,0.4207,-0.40199999999999997,-0.16199999999999998
42947,0.0,0.0,0.0,1000.0,0,0,0.44070000000000004,-0.40199999999999997,-0.16199999999999998
42948,0.0,0.0,0.0,1000.0,0,0,0.4607,-0.40199999999999997,-0.16199999999999998
42949,0.0,0.0,0.0,1000.0,0,0,0.4807,-0.40199999999999997,-0.16199999999999998
42950,0.0,0.0,0.0,1000.0,0,0,0.1607,-0.382,-0.16199999999999998
42951,0.0,0.0,0.0,1000.0,0,0,0.1807,-0.382,-0.16199999999999998
42952,0.0,0.0,0.0,1000.0,0,0,0.20070000000000002,-0.382,-0.16199999999999998
42953,0.0,0.0,0.0,1000.0,0,0,0.2207,-0.382,-0.16199999999999998
42954,0.0,0.0,0.0,1000.0,0,0,0.24070000000000003,-0.382,-0.16199999999999998
42955,0.0,0.0,0.0,1000.0,0,0,0.26070000000000004,-0.382,-0.16199999999999998
42956,0.0,0.0,0.0,1000.0,0,0,0.2807,-0.382,-0.16199999999999998
42957,0.0,0.0,0.0,1000.0,0,0,0.3007,-0.382,-0.16199999999999998
42958,0.0,0.0,0.0,1000.0,0,0,0.3207,-0.382,-0.16199999999999998
42959,0.0,0.0,0.0,1000.0,0,0,0.3407,-0.382,-0.16199999999999998
42960,0.0,0.0,0.0,1000.0,0,0,0.3607,-0.382,-0.16199999999999998
42961,0.0,0.0,0.0,1000.0,0,0,0.38070000000000004,-0.382,-0.16199999999999998
42962,0.0,0.0,0.0,1000.0,0,0,0.4007,-0.382,-0.16199999999999998
42963,0.0,0.0,0.0,1000.0,0,0,0.4207,-0.382,-0.16199999999999998
42964,0.0,0.0,0.0,1000.0,0,0,0.44070000000000004,-0.382,-0.16199999999999998
42965,0.0,0.0,0.0,1000.0,0,0,0.4607,-0.382,-0.16199999999999998
42966,0.0,0.0,0.0,1000.0,0,0,0.4807,-0.382,-0.16199999999999998
42967,0.0,0.0,0.0,1000.0,0,0,0.1607,-0.362,-0.16199999999999998
42968,0.0,0.0,0.0,1000.0,0,0,0.1807,-0.362,-0.16199999999999998
42969,0.0,0.0,0.0,1000.0,0,0,0.20070000000000002,-0.362,-0.16199999999999998
42970,0.0,0.0,0.0,1000.0,0,0,0.2207,-0.362,-0.16199999999999998
42971,0.0,0.0,0.0,1000.0,0,0,0.24070000000000003,-0.362,-0.16199999999999998
42972,0.0,0.0,0.0,1000.0,0,0,0.26070000000000004,-0.362,-0.16199999999999998
42973,0.0,0.0,0.0,1000.0,0,0,0.2807,-0.362,-0.16199999999999998
42974,0.0,0.0,0.0,1000.0,0,0,0.3007,-0.362,-0.16199999999999998
42975,0.0,0.0,0.0,1000.0,0,0,0.3207,-0.362,-0.16199999999999998
42976,0.0,0.0,0.0,1000.0,0,0,0.3407,-0.362,-0.16199999999999998
42977,0.0,0.0,0.0,1000.0,0,0,0.3607,-0.362,-0.16199999999999998
42978,0.0,0.0,0.0,1000.0,0,0,0.38070000000000004,-0.362,-0.16199999999999998
42979,0.0,0.0,0.0,1000.0,0,0,0.4007,-0.362,-0.16199999999999998
42980,0.0,0.0,0.0,1000.0,0,0,0.4207,-0.362,-0.16199999999999998
42981,0.0,0.0,0.0,1000.0,0,0,0.44070000000000004,-0.362,-0.16199999999999998
42982,0.0,0.0,0.0,1000.0,0,0,0.4607,-0.362,-0.16199999999999998
42983,0.0,0.0,0.0,1000.0,0,0,0.4807,-0.362,-0.16199999999999998
42984,0.0,0.0,0.0,1000.0,0,0,0.1607,-0.34199999999999997,-0.16199999999999998
42985,0.0,0.0,0.0,1000.0,0,0,0.1807,-0.34199999999999997,-0.16199999999999998
42986,0.0,0.0,0.0,1000.0,0,0,0.20070000000000002,-0.34199999999999997,-0.16199999999999998
42987,0.0,0.0,0.0,1000.0,0,0,0.2207,-0.34199999999999997,-0.16199999999999998
42988,0.0,0.0,0.0,1000.0,0,0,0.24070000000000003,-0.34199999999999997,-0.16199999999999998
42989,0.0,0.0,0.0,1000.0,0,0,0.26070000000000004,-0.34199999999999997,-0.16199999999999998
42990,0.0,0.0,0.0,1000.0,0,0,0.2807,-0.34199999999999997,-0.16199999999999998
42991,0.0,0.0,0.0,1000.0,0,0,0.3007,-0.34199999999999997,-0.16199999999999998
42992,0.0,0.0,0.0,1000.0,0,0,0.3207,-0.34199999999999997,-0.16199999999999998
42993,0.0,0.0,0.0,1000.0,0,0,0.3407,-0.34199999999999997,-0.16199999999999998
42994,0.0,0.0,0.0,1000.0,0,0,0.3607,-0.34199999999999997,-0.16199999999999998
42995,0.0,0.0,0.0,1000.0,0,0,0.38070000000000004,-0.34199999999999997,-0.16199999999999998
42996,0.0,0.0,0.0,1000.0,0,0,0.4007,-0.34199999999999997,-0.16199999999999998
42997,0.0,0.0,0.0,1000.0,0,0,0.4207,-0.34199999999999997,-0.16199999999999998
42998,0.0,0.0,0.0,1000.0,0,0,0.44070000000000004,-0.34199999999999997,-0.16199999999999998
42999,0.0,0.0,0.0,1000.0,0,0,0.4607,-0.34199999999999997,-0.16199999999999998
43000,0.0,0.0,0.0,1000.0,0,0,0.4807,-0.34199999999999997,-0.16199999999999998
43001,0.0,0.0,0.0,1000.0,0,0,0.1607,-0.32199999999999995,-0.16199999999999998
43002,0.0,0.0,0.0,1000.0,0,0,0.1807,-0.32199999999999995,-0.16199999999999998
43003,0.0,0.0,0.0,1000.0,0,0,0.20070000000000002,-0.32199999999999995,-0.16199999999999998
43004,0.0,0.0,0.0,1000.0,0,0,0.2207,-0.32199999999999995,-0.16199999999999998
43005,0.0,0.0,0.0,1000.0,0,0,0.24070000000000003,-0.32199999999999995,-0.16199999999999998
43006,0.0,0.0,0.0,1000.0,0,0,0.26070000000000004,-0.32199999999999995,-0.16199999999999998
43007,0.0,0.0,0.0,1000.0,0,0,0.2807,-0.32199999999999995,-0.16199999999999998
43008,0.0,0.0,0.0,1000.0,0,0,0.3007,-0.32199999999999995,-0.16199999999999998
43009,0.0,0.0,0.0,1000.0,0,0,0.3207,-0.32199999999999995,-0.16199999999999998
43010,0.0,0.0,0.0,1000.0,0,0,0.3407,-0.32199999999999995,-0.16199999999999998
43011,0.0,0.0,0.0,1000.0,0,0,0.3607,-0.32199999999999995,-0.16199999999999998
43012,0.0,0.0,0.0,1000.0,0,0,0.38070000000000004,-0.32199999999999995,-0.16199999999999998
43013,0.0,0.0,0.0,1000.0,0,0,0.4007,-0.32199999999999995,-0.16199999999999998
43014,0.0,0.0,0.0,1000.0,0,0,0.4207,-0.32199999999999995,-0.16199999999999998
43015,0.0,0.0,0.0,1000.0,0,0,0.44070000000000004,-0.32199999999999995,-0.16199999999999998
43016,0.0,0.0,0.0,1000.0,0,0,0.4607,-0.32199999999999995,-0.16199999999999998
43017,0.0,0.0,0.0,1000.0,0,0,0.4807,-0.32199999999999995,-0.16199999999999998
43018,0.0,0.0,0.0,1000.0,0,0,0.1607,-0.302,-0.16199999999999998
43019,0.0,0.0,0.0,1000.0,0,0,0.1807,-0.302,-0.16199999999999998
43020,0.0,0.0,0.0,1000.0,0,0,0.20070000000000002,-0.302,-0.16199999999999998
43021,0.0,0.0,0.0,1000.0,0,0,0.2207,-0.302,-0.16199999999999998
43022,0.0,0.0,0.0,1000.0,0,0,0.24070000000000003,-0.302,-0.16199999999999998
43023,0.0,0.0,0.0,1000.0,0,0,0.26070000000000004,-0.302,-0.16199999999999998
43024,0.0,0.0,0.0,1000.0,0,0,0.2807,-0.302,-0.16199999999999998
43025,0.0,0.0,0.0,1000.0,0,0,0.3007,-0.302,-0.16199999999999998
43026,0.0,0.0,0.0,1000.0,0,0,0.3207,-0.302,-0.16199999999999998
43027,0.0,0.0,0.0,1000.0,0,0,0.3407,-0.302,-0.16199999999999998
43028,0.0,0.0,0.0,1000.0,0,0,0.3607,-0.302,-0.16199999999999998
43029,0.0,0.0,0.0,1000.0,0,0,0.38070000000000004,-0.302,-0.16199999999999998
43030,0.0,0.0,0.0,1000.0,0,0,0.4007,-0.302,-0.16199999999999998
43031,0.0,0.0,0.0,1000.0,0,0,0.4207,-0.302,-0.16199999999999998
43032,0.0,0.0,0.0,1000.0,0,0,0.44070000000000004,-0.302,-0.16199999999999998
43033,0.0,0.0,0.0,1000.0,0,0,0.4607,-0.302,-0.16199999999999998
43034,0.0,0.0,0.0,1000.0,0,0,0.4807,-0.302,-0.16199999999999998
43035,0.0,0.0,0.0,1000.0,0,0,0.1607,-0.282,-0.16199999999999998
43036,0.0,0.0,0.0,1000.0,0,0,0.1807,-0.282,-0.16199999999999998
43037,0.0,0.0,0.0,1000.0,0,0,0.20070000000000002,-0.282,-0.16199999999999998
43038,0.0,0.0,0.0,1000.0,0,0,0.2207,-0.282,-0.16199999999999998
43039,0.0,0.0,0.0,1000.0,0,0,0.24070000000000003,-0.282,-0.16199999999999998
43040,0.0,0.0,0.0,1000.0,0,0,0.26070000000000004,-0.282,-0.16199999999999998
43041,0.0,0.0,0.0,1000.0,0,0,0.2807,-0.282,-0.16199999999999998
43042,0.0,0.0,0.0,1000.0,0,0,0.3007,-0.282,-0.16199999999999998
43043,0.0,0.0,0.0,1000.0,0,0,0.3207,-0.282,-0.16199999999999998
43044,0.0,0.0,0.0,1000.0,0,0,0.3407,-0.282,-0.16199999999999998
43045,0.0,0.0,0.0,1000.0,0,0,0.3607,-0.282,-0.16199999999999998
43046,0.0,0.0,0.0,1000.0,0,0,0.38070000000000004,-0.282,-0.16199999999999998
43047,0.0,0.0,0.0,1000.0,0,0,0.4007,-0.282,-0.16199999999999998
43048,0.0,0.0,0.0,1000.0,0,0,0.4207,-0.282,-0.16199999999999998
43049,0.0,0.0,0.0,1000.0,0,0,0.44070000000000004,-0.282,-0.16199999999999998
43050,0.0,0.0,0.0,1000.0,0,0,0.4607,-0.282,-0.16199999999999998
43051,0.0,0.0,0.0,1000.0,0,0,0.4807,-0.282,-0.16199999999999998
43052,0.0,0.0,0.0,1000.0,0,0,0.1607,-0.262,-0.16199999999999998
43053,0.0,0.0,0.0,1000.0,0,0,0.1807,-0.262,-0.16199999999999998
43054,0.0,0.0,0.0,1000.0,0,0,0.20070000000000002,-0.262,-0.16199999999999998
43055,0.0,0.0,0.0,1000.0,0,0,0.2207,-0.262,-0.16199999999999998
43056,0.0,0.0,0.0,1000.0,0,0,0.24070000000000003,-0.262,-0.16199999999999998
43057,0.0,0.0,0.0,1000.0,0,0,0.26070000000000004,-0.262,-0.16199999999999998
43058,0.0,0.0,0.0,1000.0,0,0,0.2807,-0.262,-0.16199999999999998
43059,0.0,0.0,0.0,1000.0,0,0,0.3007,-0.262,-0.16199999999999998
43060,0.0,0.0,0.0,1000.0,0,0,0.3207,-0.262,-0.16199999999999998
43061,0.0,0.0,0.0,1000.0,0,0,0.3407,-0.262,-0.16199999999999998
43062,0.0,0.0,0.0,1000.0,0,0,0.3607,-0.262,-0.16199999999999998
43063,0.0,0.0,0.0,1000.0,0,0,0.38070000000000004,-0.262,-0.16199999999999998
43064,0.0,0.0,0.0,1000.0,0,0,0.4007,-0.262,-0.16199999999999998
43065,0.0,0.0,0.0,1000.0,0,0,0.4207,-0.262,-0.16199999999999998
43066,0.0,0.0,0.0,1000.0,0,0,0.44070000000000004,-0.262,-0.16199999999999998
43067,0.0,0.0,0.0,1000.0,0,0,0.4607,-0.262,-0.16199999999999998
43068,0.0,0.0,0.0,1000.0,0,0,0.4807,-0.262,-0.16199999999999998
43069,0.0,0.0,0.0,1000.0,0,0,0.1607,-0.242,-0.16199999999999998
43070,0.0,0.0,0.0,1000.0,0,0,0.1807,-0.242,-0.16199999999999998
43071,0.0,0.0,0.0,1000.0,0,0,0.20070000000000002,-0.242,-0.16199999999999998
43072,0.0,0.0,0.0,1000.0,0,0,0.2207,-0.242,-0.16199999999999998
43073,0.0,0.0,0.0,1000.0,0,0,0.24070000000000003,-0.242,-0.16199999999999998
43074,0.0,0.0,0.0,1000.0,0,0,0.26070000000000004,-0.242,-0.16199999999999998
43075,0.0,0.0,0.0,1000.0,0,0,0.2807,-0.242,-0.16199999999999998
43076,0.0,0.0,0.0,1000.0,0,0,0.3007,-0.242,-0.16199999999999998
43077,0.0,0.0,0.0,1000.0,0,0,0.3207,-0.242,-0.16199999999999998
43078,0.0,0.0,0.0,1000.0,0,0,0.3407,-0.242,-0.16199999999999998
43079,0.0,0.0,0.0,1000.0,0,0,0.3607,-0.242,-0.16199999999999998
43080,0.0,0.0,0.0,1000.0,0,0,0.38070000000000004,-0.242,-0.16199999999999998
43081,0.0,0.0,0.0,1000.0,0,0,0.4007,-0.242,-0.16199999999999998
43082,0.0,0.0,0.0,1000.0,0,0,0.4207,-0.242,-0.16199999999999998
43083,0.0,0.0,0.0,1000.0,0,0,0.44070000000000004,-0.242,-0.16199999999999998
43084,0.0,0.0,0.0,1000.0,0,0,0.4607,-0.242,-0.16199999999999998
43085,0.0,0.0,0.0,1000.0,0,0,0.4807,-0.242,-0.16199999999999998
43086,0.0,0.0,0.0,1000.0,0,0,0.1607,-0.22199999999999998,-0.16199999999999998
43087,0.0,0.0,0.0,1000.0,0,0,0.1807,-0.22199999999999998,-0.16199999999999998
43088,0.0,0.0,0.0,1000.0,0,0,0.20070000000000002,-0.22199999999999998,-0.16199999999999998
43089,0.0,0.0,0.0,1000.0,0,0,0.2207,-0.22199999999999998,-0.16199999999999998
43090,0.0,0.0,0.0,1000.0,0,0,0.24070000000000003,-0.22199999999999998,-0.16199999999999998
43091,0.0,0.0,0.0,1000.0,0,0,0.26070000000000004,-0.22199999999999998,-0.16199999999999998
43092,0.0,0.0,0.0,1000.0,0,0,0.2807,-0.22199999999999998,-0.16199999999999998
43093,0.0,0.0,0.0,1000.0,0,0,0.3007,-0.22199999999999998,-0.16199999999999998
43094,0.0,0.0,0.0,1000.0,0,0,0.3207,-0.22199999999999998,-0.16199999999999998
43095,0.0,0.0,0.0,1000.0,0,0,0.3407,-0.22199999999999998,-0.16199999999999998
43096,0.0,0.0,0.0,1000.0,0,0,0.3607,-0.22199999999999998,-0.16199999999999998
43097,0.0,0.0,0.0,1000.0,0,0,0.38070000000000004,-0.22199999999999998,-0.16199999999999998
43098,0.0,0.0,0.0,1000.0,0,0,0.4007,-0.22199999999999998,-0.16199999999999998
43099,0.0,0.0,0.0,1000.0,0,0,0.4207,-0.22199999999999998,-0.16199999999999998
43100,0.0,0.0,0.0,1000.0,0,0,0.44070000000000004,-0.22199999999999998,-0.16199999999999998
43101,0.0,0.0,0.0,1000.0,0,0,0.4607,-0.22199999999999998,-0.16199999999999998
43102,0.0,0.0,0.0,1000.0,0,0,0.4807,-0.22199999999999998,-0.16199999999999998
43103,0.0,0.0,0.0,1000.0,0,0,0.1607,-0.20199999999999996,-0.16199999999999998
43104,0.0,0.0,0.0,1000.0,0,0,0.1807,-0.20199999999999996,-0.16199999999999998
43105,0.0,0.0,0.0,1000.0,0,0,0.20070000000000002,-0.20199999999999996,-0.16199999999999998
43106,0.0,0.0,0.0,1000.0,0,0,0.2207,-0.20199999999999996,-0.16199999999999998
43107,0.0,0.0,0.0,1000.0,0,0,0.24070000000000003,-0.20199999999999996,-0.16199999999999998
43108,0.0,0.0,0.0,1000.0,0,0,0.26070000000000004,-0.20199999999999996,-0.16199999999999998
43109,0.0,0.0,0.0,1000.0,0,0,0.2807,-0.20199999999999996,-0.16199999999999998
43110,0.0,0.0,0.0,1000.0,0,0,0.3007,-0.20199999999999996,-0.16199999999999998
43111,0.0,0.0,0.0,1000.0,0,0,0.3207,-0.20199999999999996,-0.16199999999999998
43112,0.0,0.0,0.0,1000.0,0,0,0.3407,-0.20199999999999996,-0.16199999999999998
43113,0.0,0.0,0.0,1000.0,0,0,0.3607,-0.20199999999999996,-0.16199999999999998
43114,0.0,0.0,0.0,1000.0,0,0,0.38070000000000004,-0.20199999999999996,-0.16199999999999998
43115,0.0,0.0,0.0,1000.0,0,0,0.4007,-0.20199999999999996,-0.16199999999999998
43116,0.0,0.0,0.0,1000.0,0,0,0.4207,-0.20199999999999996,-0.16199999999999998
43117,0.0,0.0,0.0,1000.0,0,0,0.44070000000000004,-0.20199999999999996,-0.16199999999999998
43118,0.0,0.0,0.0,1000.0,0,0,0.4607,-0.20199999999999996,-0.16199999999999998
43119,0.0,0.0,0.0,1000.0,0,0,0.4807,-0.20199999999999996,-0.16199999999999998
43120,0.0,0.0,0.0,1000.0,0,0,0.1607,-0.182,-0.16199999999999998
43121,0.0,0.0,0.0,1000.0,0,0,0.1807,-0.182,-0.16199999999999998
43122,0.0,0.0,0.0,1000.0,0,0,0.20070000000000002,-0.182,-0.16199999999999998
43123,0.0,0.0,0.0,1000.0,0,0,0.2207,-0.182,-0.16199999999999998
43124,0.0,0.0,0.0,1000.0,0,0,0.24070000000000003,-0.182,-0.16199999999999998
43125,0.0,0.0,0.0,1000.0,0,0,0.26070000000000004,-0.182,-0.16199999999999998
43126,0.0,0.0,0.0,1000.0,0,0,0.2807,-0.182,-0.16199999999999998
43127,0.0,0.0,0.0,1000.0,0,0,0.3007,-0.182,-0.16199999999999998
43128,0.0,0.0,0.0,1000.0,0,0,0.3207,-0.182,-0.16199999999999998
43129,0.0,0.0,0.0,1000.0,0,0,0.3407,-0.182,-0.16199999999999998
43130,0.0,0.0,0.0,1000.0,0,0,0.3607,-0.182,-0.16199999999999998
43131,0.0,0.0,0.0,1000.0,0,0,0.38070000000000004,-0.182,-0.16199999999999998
43132,0.0,0.0,0.0,1000.0,0,0,0.4007,-0.182,-0.16199999999999998
43133,0.0,0.0,0.0,1000.0,0,0,0.4207,-0.182,-0.16199999999999998
43134,0.0,0.0,0.0,1000.0,0,0,0.44070000000000004,-0.182,-0.16199999999999998
43135,0.0,0.0,0.0,1000.0,0,0,0.4607,-0.182,-0.16199999999999998
43136,0.0,0.0,0.0,1000.0,0,0,0.4807,-0.182,-0.16199999999999998
43137,0.0,0.0,0.0,1000.0,0,0,0.1607,-0.16199999999999998,-0.16199999999999998
43138,0.0,0.0,0.0,1000.0,0,0,0.1807,-0.16199999999999998,-0.16199999999999998
43139,0.0,0.0,0.0,1000.0,0,0,0.20070000000000002,-0.16199999999999998,-0.16199999999999998
43140,0.0,0.0,0.0,1000.0,0,0,0.2207,-0.16199999999999998,-0.16199999999999998
43141,0.0,0.0,0.0,1000.0,0,0,0.24070000000000003,-0.16199999999999998,-0.16199999999999998
43142,0.0,0.0,0.0,1000.0,0,0,0.26070000000000004,-0.16199999999999998,-0.16199999999999998
43143,0.0,0.0,0.0,1000.0,0,0,0.2807,-0.16199999999999998,-0.16199999999999998
43144,0.0,0.0,0.0,1000.0,0,0,0.3007,-0.16199999999999998,-0.16199999999999998
43145,0.0,0.0,0.0,1000.0,0,0,0.3207,-0.16199999999999998,-0.16199999999999998
43146,0.0,0.0,0.0,1000.0,0,0,0.3407,-0.16199999999999998,-0.16199999999999998
43147,0.0,0.0,0.0,1000.0,0,0,0.3607,-0.16199999999999998,-0.16199999999999998
43148,0.0,0.0,0.0,1000.0,0,0,0.38070000000000004,-0.16199999999999998,-0.16199999999999998
43149,0.0,0.0,0.0,1000.0,0,0,0.4007,-0.16199999999999998,-0.16199999999999998
43150,0.0,0.0,0.0,1000.0,0,0,0.4207,-0.16199999999999998,-0.16199999999999998
43151,0.0,0.0,0.0,1000.0,0,0,0.44070000000000004,-0.16199999999999998,-0.16199999999999998
43152,0.0,0.0,0.0,1000.0,0,0,0.4607,-0.16199999999999998,-0.16199999999999998
43153,0.0,0.0,0.0,1000.0,0,0,0.4807,-0.16199999999999998,-0.16199999999999998
43154,0.0,0.0,0.0,1000.0,0,0,0.1607,-0.14199999999999996,-0.16199999999999998
43155,0.0,0.0,0.0,1000.0,0,0,0.1807,-0.14199999999999996,-0.16199999999999998
43156,0.0,0.0,0.0,1000.0,0,0,0.20070000000000002,-0.14199999999999996,-0.16199999999999998
43157,0.0,0.0,0.0,1000.0,0,0,0.2207,-0.14199999999999996,-0.16199999999999998
43158,0.0,0.0,0.0,1000.0,0,0,0.24070000000000003,-0.14199999999999996,-0.16199999999999998
43159,0.0,0.0,0.0,1000.0,0,0,0.26070000000000004,-0.14199999999999996,-0.16199999999999998
43160,0.0,0.0,0.0,1000.0,0,0,0.2807,-0.14199999999999996,-0.16199999999999998
43161,0.0,0.0,0.0,1000.0,0,0,0.3007,-0.14199999999999996,-0.16199999999999998
43162,0.0,0.0,0.0,1000.0,0,0,0.3207,-0.14199999999999996,-0.16199999999999998
43163,0.0,0.0,0.0,1000.0,0,0,0.3407,-0.14199999999999996,-0.16199999999999998
43164,0.0,0.0,0.0,1000.0,0,0,0.3607,-0.14199999999999996,-0.16199999999999998
43165,0.0,0.0,0.0,1000.0,0,0,0.38070000000000004,-0.14199999999999996,-0.16199999999999998
43166,0.0,0.0,0.0,1000.0,0,0,0.4007,-0.14199999999999996,-0.16199999999999998
43167,0.0,0.0,0.0,1000.0,0,0,0.4207,-0.14199999999999996,-0.16199999999999998
43168,0.0,0.0,0.0,1000.0,0,0,0.44070000000000004,-0.14199999999999996,-0.16199999999999998
43169,0.0,0.0,0.0,1000.0,0,0,0.4607,-0.14199999999999996,-0.16199999999999998
43170,0.0,0.0,0.0,1000.0,0,0,0.4807,-0.14199999999999996,-0.16199999999999998
43171,0.0,0.0,0.0,1000.0,0,0,0.1607,-0.122,-0.16199999999999998
43172,0.0,0.0,0.0,1000.0,0,0,0.1807,-0.122,-0.16199999999999998
43173,0.0,0.0,0.0,1000.0,0,0,0.20070000000000002,-0.122,-0.16199999999999998
43174,0.0,0.0,0.0,1000.0,0,0,0.2207,-0.122,-0.16199999999999998
43175,0.0,0.0,0.0,1000.0,0,0,0.24070000000000003,-0.122,-0.16199999999999998
43176,0.0,0.0,0.0,1000.0,0,0,0.26070000000000004,-0.122,-0.16199999999999998
43177,0.0,0.0,0.0,1000.0,0,0,0.2807,-0.122,-0.16199999999999998
43178,0.0,0.0,0.0,1000.0,0,0,0.3007,-0.122,-0.16199999999999998
43179,0.0,0.0,0.0,1000.0,0,0,0.3207,-0.122,-0.16199999999999998
43180,0.0,0.0,0.0,1000.0,0,0,0.3407,-0.122,-0.16199999999999998
43181,0.0,0.0,0.0,1000.0,0,0,0.3607,-0.122,-0.16199999999999998
43182,0.0,0.0,0.0,1000.0,0,0,0.38070000000000004,-0.122,-0.16199999999999998
43183,0.0,0.0,0.0,1000.0,0,0,0.4007,-0.122,-0.16199999999999998
43184,0.0,0.0,0.0,1000.0,0,0,0.4207,-0.122,-0.16199999999999998
43185,0.0,0.0,0.0,1000.0,0,0,0.44070000000000004,-0.122,-0.16199999999999998
43186,0.0,0.0,0.0,1000.0,0,0,0.4607,-0.122,-0.16199999999999998
43187,0.0,0.0,0.0,1000.0,0,0,0.4807,-0.122,-0.16199999999999998
43188,0.0,0.0,0.0,1000.0,0,0,0.1607,-0.10199999999999998,-0.16199999999999998
43189,0.0,0.0,0.0,1000.0,0,0,0.1807,-0.10199999999999998,-0.16199999999999998
43190,0.0,0.0,0.0,1000.0,0,0,0.20070000000000002,-0.10199999999999998,-0.16199999999999998
43191,0.0,0.0,0.0,1000.0,0,0,0.2207,-0.10199999999999998,-0.16199999999999998
43192,0.0,0.0,0.0,1000.0,0,0,0.24070000000000003,-0.10199999999999998,-0.16199999999999998
43193,0.0,0.0,0.0,1000.0,0,0,0.26070000000000004,-0.10199999999999998,-0.16199999999999998
43194,0.0,0.0,0.0,1000.0,0,0,0.2807,-0.10199999999999998,-0.16199999999999998
43195,0.0,0.0,0.0,1000.0,0,0,0.3007,-0.10199999999999998,-0.16199999999999998
43196,0.0,0.0,0.0,1000.0,0,0,0.3207,-0.10199999999999998,-0.16199999999999998
43197,0.0,0.0,0.0,1000.0,0,0,0.3407,-0.10199999999999998,-0.16199999999999998
43198,0.0,0.0,0.0,1000.0,0,0,0.3607,-0.10199999999999998,-0.16199999999999998
43199,0.0,0.0,0.0,1000.0,0,0,0.38070000000000004,-0.10199999999999998,-0.16199999999999998
43200,0.0,0.0,0.0,1000.0,0,0,0.4007,-0.10199999999999998,-0.16199999999999998
43201,0.0,0.0,0.0,1000.0,0,0,0.4207,-0.10199999999999998,-0.16199999999999998
43202,0.0,0.0,0.0,1000.0,0,0,0.44070000000000004,-0.10199999999999998,-0.16199999999999998
43203,0.0,0.0,0.0,1000.0,0,0,0.4607,-0.10199999999999998,-0.16199999999999998
43204,0.0,0.0,0.0,1000.0,0,0,0.4807,-0.10199999999999998,-0.16199999999999998
43205,0.0,0.0,0.0,1000.0,0,0,0.1607,-0.08199999999999996,-0.16199999999999998
43206,0.0,0.0,0.0,1000.0,0,0,0.1807,-0.08199999999999996,-0.16199999999999998
43207,0.0,0.0,0.0,1000.0,0,0,0.20070000000000002,-0.08199999999999996,-0.16199999999999998
43208,0.0,0.0,0.0,1000.0,0,0,0.2207,-0.08199999999999996,-0.16199999999999998
43209,0.0,0.0,0.0,1000.0,0,0,0.24070000000000003,-0.08199999999999996,-0.16199999999999998
43210,0.0,0.0,0.0,1000.0,0,0,0.26070000000000004,-0.08199999999999996,-0.16199999999999998
43211,0.0,0.0,0.0,1000.0,0,0,0.2807,-0.08199999999999996,-0.16199999999999998
43212,0.0,0.0,0.0,1000.0,0,0,0.3007,-0.08199999999999996,-0.16199999999999998
43213,0.0,0.0,0.0,1000.0,0,0,0.3207,-0.08199999999999996,-0.16199999999999998
43214,0.0,0.0,0.0,1000.0,0,0,0.3407,-0.08199999999999996,-0.16199999999999998
43215,0.0,0.0,0.0,1000.0,0,0,0.3607,-0.08199999999999996,-0.16199999999999998
43216,0.0,0.0,0.0,1000.0,0,0,0.38070000000000004,-0.08199999999999996,-0.16199999999999998
43217,0.0,0.0,0.0,1000.0,0,0,0.4007,-0.08199999999999996,-0.16199999999999998
43218,0.0,0.0,0.0,1000.0,0,0,0.4207,-0.08199999999999996,-0.16199999999999998
43219,0.0,0.0,0.0,1000.0,0,0,0.44070000000000004,-0.08199999999999996,-0.16199999999999998
43220,0.0,0.0,0.0,1000.0,0,0,0.4607,-0.08199999999999996,-0.16199999999999998
43221,0.0,0.0,0.0,1000.0,0,0,0.4807,-0.08199999999999996,-0.16199999999999998
43222,0.0,0.0,0.0,1000.0,0,0,0.1607,-0.062,-0.16199999999999998
43223,0.0,0.0,0.0,1000.0,0,0,0.1807,-0.062,-0.16199999999999998
43224,0.0,0.0,0.0,1000.0,0,0,0.20070000000000002,-0.062,-0.16199999999999998
43225,0.0,0.0,0.0,1000.0,0,0,0.2207,-0.062,-0.16199999999999998
43226,0.0,0.0,0.0,1000.0,0,0,0.24070000000000003,-0.062,-0.16199999999999998
43227,0.0,0.0,0.0,1000.0,0,0,0.26070000000000004,-0.062,-0.16199999999999998
43228,0.0,0.0,0.0,1000.0,0,0,0.2807,-0.062,-0.16199999999999998
43229,0.0,0.0,0.0,1000.0,0,0,0.3007,-0.062,-0.16199999999999998
43230,0.0,0.0,0.0,1000.0,0,0,0.3207,-0.062,-0.16199999999999998
43231,0.0,0.0,0.0,1000.0,0,0,0.3407,-0.062,-0.16199999999999998
43232,0.0,0.0,0.0,1000.0,0,0,0.3607,-0.062,-0.16199999999999998
43233,0.0,0.0,0.0,1000.0,0,0,0.38070000000000004,-0.062,-0.16199999999999998
43234,0.0,0.0,0.0,1000.0,0,0,0.4007,-0.062,-0.16199999999999998
43235,0.0,0.0,0.0,1000.0,0,0,0.4207,-0.062,-0.16199999999999998
43236,0.0,0.0,0.0,1000.0,0,0,0.44070000000000004,-0.062,-0.16199999999999998
43237,0.0,0.0,0.0,1000.0,0,0,0.4607,-0.062,-0.16199999999999998
43238,0.0,0.0,0.0,1000.0,0,0,0.4807,-0.062,-0.16199999999999998
43239,0.0,0.0,0.0,1000.0,0,0,0.1607,-0.04199999999999998,-0.16199999999999998
43240,0.0,0.0,0.0,1000.0,0,0,0.1807,-0.04199999999999998,-0.16199999999999998
43241,0.0,0.0,0.0,1000.0,0,0,0.20070000000000002,-0.04199999999999998,-0.16199999999999998
43242,0.0,0.0,0.0,1000.0,0,0,0.2207,-0.04199999999999998,-0.16199999999999998
43243,0.0,0.0,0.0,1000.0,0,0,0.24070000000000003,-0.04199999999999998,-0.16199999999999998
43244,0.0,0.0,0.0,1000.0,0,0,0.26070000000000004,-0.04199999999999998,-0.16199999999999998
43245,0.0,0.0,0.0,1000.0,0,0,0.2807,-0.04199999999999998,-0.16199999999999998
43246,0.0,0.0,0.0,1000.0,0,0,0.3007,-0.04199999999999998,-0.16199999999999998
43247,0.0,0.0,0.0,1000.0,0,0,0.3207,-0.04199999999999998,-0.16199999999999998
43248,0.0,0.0,0.0,1000.0,0,0,0.3407,-0.04199999999999998,-0.16199999999999998
43249,0.0,0.0,0.0,1000.0,0,0,0.3607,-0.04199999999999998,-0.16199999999999998
43250,0.0,0.0,0.0,1000.0,0,0,0.38070000000000004,-0.04199999999999998,-0.16199999999999998
43251,0.0,0.0,0.0,1000.0,0,0,0.4007,-0.04199999999999998,-0.16199999999999998
43252,0.0,0.0,0.0,1000.0,0,0,0.4207,-0.04199999999999998,-0.16199999999999998
43253,0.0,0.0,0.0,1000.0,0,0,0.44070000000000004,-0.04199999999999998,-0.16199999999999998
43254,0.0,0.0,0.0,1000.0,0,0,0.4607,-0.04199999999999998,-0.16199999999999998
43255,0.0,0.0,0.0,1000.0,0,0,0.4807,-0.04199999999999998,-0.16199999999999998
43256,0.0,0.0,0.0,1000.0,0,0,0.1607,-0.021999999999999964,-0.16199999999999998
43257,0.0,0.0,0.0,1000.0,0,0,0.1807,-0.021999999999999964,-0.16199999999999998
43258,0.0,0.0,0.0,1000.0,0,0,0.20070000000000002,-0.021999999999999964,-0.16199999999999998
43259,0.0,0.0,0.0,1000.0,0,0,0.2207,-0.021999999999999964,-0.16199999999999998
43260,0.0,0.0,0.0,1000.0,0,0,0.24070000000000003,-0.021999999999999964,-0.16199999999999998
43261,0.0,0.0,0.0,1000.0,0,0,0.26070000000000004,-0.021999999999999964,-0.16199999999999998
43262,0.0,0.0,0.0,1000.0,0,0,0.2807,-0.021999999999999964,-0.16199999999999998
43263,0.0,0.0,0.0,1000.0,0,0,0.3007,-0.021999999999999964,-0.16199999999999998
43264,0.0,0.0,0.0,1000.0,0,0,0.3207,-0.021999999999999964,-0.16199999999999998
43265,0.0,0.0,0.0,1000.0,0,0,0.3407,-0.021999999999999964,-0.16199999999999998
43266,0.0,0.0,0.0,1000.0,0,0,0.3607,-0.021999999999999964,-0.16199999999999998
43267,0.0,0.0,0.0,1000.0,0,0,0.38070000000000004,-0.021999999999999964,-0.16199999999999998
43268,0.0,0.0,0.0,1000.0,0,0,0.4007,-0.021999999999999964,-0.16199999999999998
43269,0.0,0.0,0.0,1000.0,0,0,0.4207,-0.021999999999999964,-0.16199999999999998
43270,0.0,0.0,0.0,1000.0,0,0,0.44070000000000004,-0.021999999999999964,-0.16199999999999998
43271,0.0,0.0,0.0,1000.0,0,0,0.4607,-0.021999999999999964,-0.16199999999999998
43272,0.0,0.0,0.0,1000.0,0,0,0.4807,-0.021999999999999964,-0.16199999999999998
43273,0.0,0.0,0.0,1000.0,0,0,0.1607,-0.0020000000000000018,-0.16199999999999998
43274,0.0,0.0,0.0,1000.0,0,0,0.1807,-0.0020000000000000018,-0.16199999999999998
43275,0.0,0.0,0.0,1000.0,0,0,0.20070000000000002,-0.0020000000000000018,-0.16199999999999998
43276,0.0,0.0,0.0,1000.0,0,0,0.2207,-0.0020000000000000018,-0.16199999999999998
43277,0.0,0.0,0.0,1000.0,0,0,0.24070000000000003,-0.0020000000000000018,-0.16199999999999998
43278,0.0,0.0,0.0,1000.0,0,0,0.26070000000000004,-0.0020000000000000018,-0.16199999999999998
43279,0.0,0.0,0.0,1000.0,0,0,0.2807,-0.0020000000000000018,-0.16199999999999998
43280,0.0,0.0,0.0,1000.0,0,0,0.3007,-0.0020000000000000018,-0.16199999999999998
43281,0.0,0.0,0.0,1000.0,0,0,0.3207,-0.0020000000000000018,-0.16199999999999998
43282,0.0,0.0,0.0,1000.0,0,0,0.3407,-0.0020000000000000018,-0.16199999999999998
43283,0.0,0.0,0.0,1000.0,0,0,0.3607,-0.0020000000000000018,-0.16199999999999998
43284,0.0,0.0,0.0,1000.0,0,0,0.38070000000000004,-0.0020000000000000018,-0.16199999999999998
43285,0.0,0.0,0.0,1000.0,0,0,0.4007,-0.0020000000000000018,-0.16199999999999998
43286,0.0,0.0,0.0,1000.0,0,0,0.4207,-0.0020000000000000018,-0.16199999999999998
43287,0.0,0.0,0.0,1000.0,0,0,0.44070000000000004,-0.0020000000000000018,-0.16199999999999998
43288,0.0,0.0,0.0,1000.0,0,0,0.4607,-0.0020000000000000018,-0.16199999999999998
43289,0.0,0.0,0.0,1000.0,0,0,0.4807,-0.0020000000000000018,-0.16199999999999998
43290,0.0,0.0,0.0,1000.0,0,0,0.1607,0.018000000000000016,-0.16199999999999998
43291,0.0,0.0,0.0,1000.0,0,0,0.1807,0.018000000000000016,-0.16199999999999998
43292,0.0,0.0,0.0,1000.0,0,0,0.20070000000000002,0.018000000000000016,-0.16199999999999998
43293,0.0,0.0,0.0,1000.0,0,0,0.2207,0.018000000000000016,-0.16199999999999998
43294,0.0,0.0,0.0,1000.0,0,0,0.24070000000000003,0.018000000000000016,-0.16199999999999998
43295,0.0,0.0,0.0,1000.0,0,0,0.26070000000000004,0.018000000000000016,-0.16199999999999998
43296,0.0,0.0,0.0,1000.0,0,0,0.2807,0.018000000000000016,-0.16199999999999998
43297,0.0,0.0,0.0,1000.0,0,0,0.3007,0.018000000000000016,-0.16199999999999998
43298,0.0,0.0,0.0,1000.0,0,0,0.3207,0.018000000000000016,-0.16199999999999998
43299,0.0,0.0,0.0,1000.0,0,0,0.3407,0.018000000000000016,-0.16199999999999998
43300,0.0,0.0,0.0,1000.0,0,0,0.3607,0.018000000000000016,-0.16199999999999998
43301,0.0,0.0,0.0,1000.0,0,0,0.38070000000000004,0.018000000000000016,-0.16199999999999998
43302,0.0,0.0,0.0,1000.0,0,0,0.4007,0.018000000000000016,-0.16199999999999998
43303,0.0,0.0,0.0,1000.0,0,0,0.4207,0.018000000000000016,-0.16199999999999998
43304,0.0,0.0,0.0,1000.0,0,0,0.44070000000000004,0.018000000000000016,-0.16199999999999998
43305,0.0,0.0,0.0,1000.0,0,0,0.4607,0.018000000000000016,-0.16199999999999998
43306,0.0,0.0,0.0,1000.0,0,0,0.4807,0.018000000000000016,-0.16199999999999998
43307,0.0,0.0,0.0,1000.0,0,0,0.1607,0.038000000000000034,-0.16199999999999998
43308,0.0,0.0,0.0,1000.0,0,0,0.1807,0.038000000000000034,-0.16199999999999998
43309,0.0,0.0,0.0,1000.0,0,0,0.20070000000000002,0.038000000000000034,-0.16199999999999998
43310,0.0,0.0,0.0,1000.0,0,0,0.2207,0.038000000000000034,-0.16199999999999998
43311,0.0,0.0,0.0,1000.0,0,0,0.24070000000000003,0.038000000000000034,-0.16199999999999998
43312,0.0,0.0,0.0,1000.0,0,0,0.26070000000000004,0.038000000000000034,-0.16199999999999998
43313,0.0,0.0,0.0,1000.0,0,0,0.2807,0.038000000000000034,-0.16199999999999998
43314,0.0,0.0,0.0,1000.0,0,0,0.3007,0.038000000000000034,-0.16199999999999998
43315,0.0,0.0,0.0,1000.0,0,0,0.3207,0.038000000000000034,-0.16199999999999998
43316,0.0,0.0,0.0,1000.0,0,0,0.3407,0.038000000000000034,-0.16199999999999998
43317,0.0,0.0,0.0,1000.0,0,0,0.3607,0.038000000000000034,-0.16199999999999998
43318,0.0,0.0,0.0,1000.0,0,0,0.38070000000000004,0.038000000000000034,-0.16199999999999998
43319,0.0,0.0,0.0,1000.0,0,0,0.4007,0.038000000000000034,-0.16199999999999998
43320,0.0,0.0,0.0,1000.0,0,0,0.4207,0.038000000000000034,-0.16199999999999998
43321,0.0,0.0,0.0,1000.0,0,0,0.44070000000000004,0.038000000000000034,-0.16199999999999998
43322,0.0,0.0,0.0,1000.0,0,0,0.4607,0.038000000000000034,-0.16199999999999998
43323,0.0,0.0,0.0,1000.0,0,0,0.4807,0.038000000000000034,-0.16199999999999998
43324,0.0,0.0,0.0,1000.0,0,0,0.1607,0.05800000000000005,-0.16199999999999998
43325,0.0,0.0,0.0,1000.0,0,0,0.1807,0.05800000000000005,-0.16199999999999998
43326,0.0,0.0,0.0,1000.0,0,0,0.20070000000000002,0.05800000000000005,-0.16199999999999998
43327,0.0,0.0,0.0,1000.0,0,0,0.2207,0.05800000000000005,-0.16199999999999998
43328,0.0,0.0,0.0,1000.0,0,0,0.24070000000000003,0.05800000000000005,-0.16199999999999998
43329,0.0,0.0,0.0,1000.0,0,0,0.26070000000000004,0.05800000000000005,-0.16199999999999998
43330,0.0,0.0,0.0,1000.0,0,0,0.2807,0.05800000000000005,-0.16199999999999998
43331,0.0,0.0,0.0,1000.0,0,0,0.3007,0.05800000000000005,-0.16199999999999998
43332,0.0,0.0,0.0,1000.0,0,0,0.3207,0.05800000000000005,-0.16199999999999998
43333,0.0,0.0,0.0,1000.0,0,0,0.3407,0.05800000000000005,-0.16199999999999998
43334,0.0,0.0,0.0,1000.0,0,0,0.3607,0.05800000000000005,-0.16199999999999998
43335,0.0,0.0,0.0,1000.0,0,0,0.38070000000000004,0.05800000000000005,-0.16199999999999998
43336,0.0,0.0,0.0,1000.0,0,0,0.4007,0.05800000000000005,-0.16199999999999998
43337,0.0,0.0,0.0,1000.0,0,0,0.4207,0.05800000000000005,-0.16199999999999998
43338,0.0,0.0,0.0,1000.0,0,0,0.44070000000000004,0.05800000000000005,-0.16199999999999998
43339,0.0,0.0,0.0,1000.0,0,0,0.4607,0.05800000000000005,-0.16199999999999998
43340,0.0,0.0,0.0,1000.0,0,0,0.4807,0.05800000000000005,-0.16199999999999998
43341,0.0,0.0,0.0,1000.0,0,0,0.1607,0.07800000000000007,-0.16199999999999998
43342,0.0,0.0,0.0,1000.0,0,0,0.1807,0.07800000000000007,-0.16199999999999998
43343,0.0,0.0,0.0,1000.0,0,0,0.20070000000000002,0.07800000000000007,-0.16199999999999998
43344,0.0,0.0,0.0,1000.0,0,0,0.2207,0.07800000000000007,-0.16199999999999998
43345,0.0,0.0,0.0,1000.0,0,0,0.24070000000000003,0.07800000000000007,-0.16199999999999998
43346,0.0,0.0,0.0,1000.0,0,0,0.26070000000000004,0.07800000000000007,-0.16199999999999998
43347,0.0,0.0,0.0,1000.0,0,0,0.2807,0.07800000000000007,-0.16199999999999998
43348,0.0,0.0,0.0,1000.0,0,0,0.3007,0.07800000000000007,-0.16199999999999998
43349,0.0,0.0,0.0,1000.0,0,0,0.3207,0.07800000000000007,-0.16199999999999998
43350,0.0,0.0,0.0,1000.0,0,0,0.3407,0.07800000000000007,-0.16199999999999998
43351,0.0,0.0,0.0,1000.0,0,0,0.3607,0.07800000000000007,-0.16199999999999998
43352,0.0,0.0,0.0,1000.0,0,0,0.38070000000000004,0.07800000000000007,-0.16199999999999998
43353,0.0,0.0,0.0,1000.0,0,0,0.4007,0.07800000000000007,-0.16199999999999998
43354,0.0,0.0,0.0,1000.0,0,0,0.4207,0.07800000000000007,-0.16199999999999998
43355,0.0,0.0,0.0,1000.0,0,0,0.44070000000000004,0.07800000000000007,-0.16199999999999998
43356,0.0,0.0,0.0,1000.0,0,0,0.4607,0.07800000000000007,-0.16199999999999998
43357,0.0,0.0,0.0,1000.0,0,0,0.4807,0.07800000000000007,-0.16199999999999998
43358,0.0,0.0,0.0,1000.0,0,0,0.1607,0.09799999999999998,-0.16199999999999998
43359,0.0,0.0,0.0,1000.0,0,0,0.1807,0.09799999999999998,-0.16199999999999998
43360,0.0,0.0,0.0,1000.0,0,0,0.20070000000000002,0.09799999999999998,-0.16199999999999998
43361,0.0,0.0,0.0,1000.0,0,0,0.2207,0.09799999999999998,-0.16199999999999998
43362,0.0,0.0,0.0,1000.0,0,0,0.24070000000000003,0.09799999999999998,-0.16199999999999998
43363,0.0,0.0,0.0,1000.0,0,0,0.26070000000000004,0.09799999999999998,-0.16199999999999998
43364,0.0,0.0,0.0,1000.0,0,0,0.2807,0.09799999999999998,-0.16199999999999998
43365,0.0,0.0,0.0,1000.0,0,0,0.3007,0.09799999999999998,-0.16199999999999998
43366,0.0,0.0,0.0,1000.0,0,0,0.3207,0.09799999999999998,-0.16199999999999998
43367,0.0,0.0,0.0,1000.0,0,0,0.3407,0.09799999999999998,-0.16199999999999998
43368,0.0,0.0,0.0,1000.0,0,0,0.3607,0.09799999999999998,-0.16199999999999998
43369,0.0,0.0,0.0,1000.0,0,0,0.38070000000000004,0.09799999999999998,-0.16199999999999998
43370,0.0,0.0,0.0,1000.0,0,0,0.4007,0.09799999999999998,-0.16199999999999998
43371,0.0,0.0,0.0,1000.0,0,0,0.4207,0.09799999999999998,-0.16199999999999998
43372,0.0,0.0,0.0,1000.0,0,0,0.44070000000000004,0.09799999999999998,-0.16199999999999998
43373,0.0,0.0,0.0,1000.0,0,0,0.4607,0.09799999999999998,-0.16199999999999998
43374,0.0,0.0,0.0,1000.0,0,0,0.4807,0.09799999999999998,-0.16199999999999998
43375,0.0,0.0,0.0,1000.0,0,0,0.1607,0.118,-0.16199999999999998
43376,0.0,0.0,0.0,1000.0,0,0,0.1807,0.118,-0.16199999999999998
43377,0.0,0.0,0.0,1000.0,0,0,0.20070000000000002,0.118,-0.16199999999999998
43378,0.0,0.0,0.0,1000.0,0,0,0.2207,0.118,-0.16199999999999998
43379,0.0,0.0,0.0,1000.0,0,0,0.24070000000000003,0.118,-0.16199999999999998
43380,0.0,0.0,0.0,1000.0,0,0,0.26070000000000004,0.118,-0.16199999999999998
43381,0.0,0.0,0.0,1000.0,0,0,0.2807,0.118,-0.16199999999999998
43382,0.0,0.0,0.0,1000.0,0,0,0.3007,0.118,-0.16199999999999998
43383,0.0,0.0,0.0,1000.0,0,0,0.3207,0.118,-0.16199999999999998
43384,0.0,0.0,0.0,1000.0,0,0,0.3407,0.118,-0.16199999999999998
43385,0.0,0.0,0.0,1000.0,0,0,0.3607,0.118,-0.16199999999999998
43386,0.0,0.0,0.0,1000.0,0,0,0.38070000000000004,0.118,-0.16199999999999998
43387,0.0,0.0,0.0,1000.0,0,0,0.4007,0.118,-0.16199999999999998
43388,0.0,0.0,0.0,1000.0,0,0,0.4207,0.118,-0.16199999999999998
43389,0.0,0.0,0.0,1000.0,0,0,0.44070000000000004,0.118,-0.16199999999999998
43390,0.0,0.0,0.0,1000.0,0,0,0.4607,0.118,-0.16199999999999998
43391,0.0,0.0,0.0,1000.0,0,0,0.4807,0.118,-0.16199999999999998
43392,0.0,0.0,0.0,1000.0,0,0,0.1607,0.138,-0.16199999999999998
43393,0.0,0.0,0.0,1000.0,0,0,0.1807,0.138,-0.16199999999999998
43394,0.0,0.0,0.0,1000.0,0,0,0.20070000000000002,0.138,-0.16199999999999998
43395,0.0,0.0,0.0,1000.0,0,0,0.2207,0.138,-0.16199999999999998
43396,0.0,0.0,0.0,1000.0,0,0,0.24070000000000003,0.138,-0.16199999999999998
43397,0.0,0.0,0.0,1000.0,0,0,0.26070000000000004,0.138,-0.16199999999999998
43398,0.0,0.0,0.0,1000.0,0,0,0.2807,0.138,-0.16199999999999998
43399,0.0,0.0,0.0,1000.0,0,0,0.3007,0.138,-0.16199999999999998
43400,0.0,0.0,0.0,1000.0,0,0,0.3207,0.138,-0.16199999999999998
43401,0.0,0.0,0.0,1000.0,0,0,0.3407,0.138,-0.16199999999999998
43402,0.0,0.0,0.0,1000.0,0,0,0.3607,0.138,-0.16199999999999998
43403,0.0,0.0,0.0,1000.0,0,0,0.38070000000000004,0.138,-0.16199999999999998
43404,0.0,0.0,0.0,1000.0,0,0,0.4007,0.138,-0.16199999999999998
43405,0.0,0.0,0.0,1000.0,0,0,0.4207,0.138,-0.16199999999999998
43406,0.0,0.0,0.0,1000.0,0,0,0.44070000000000004,0.138,-0.16199999999999998
43407,0.0,0.0,0.0,1000.0,0,0,0.4607,0.138,-0.16199999999999998
43408,0.0,0.0,0.0,1000.0,0,0,0.4807,0.138,-0.16199999999999998
43409,0.0,0.0,0.0,1000.0,0,0,0.1607,0.15800000000000003,-0.16199999999999998
43410,0.0,0.0,0.0,1000.0,0,0,0.1807,0.15800000000000003,-0.16199999999999998
43411,0.0,0.0,0.0,1000.0,0,0,0.20070000000000002,0.15800000000000003,-0.16199999999999998
43412,0.0,0.0,0.0,1000.0,0,0,0.2207,0.15800000000000003,-0.16199999999999998
43413,0.0,0.0,0.0,1000.0,0,0,0.24070000000000003,0.15800000000000003,-0.16199999999999998
43414,0.0,0.0,0.0,1000.0,0,0,0.26070000000000004,0.15800000000000003,-0.16199999999999998
43415,0.0,0.0,0.0,1000.0,0,0,0.2807,0.15800000000000003,-0.16199999999999998
43416,0.0,0.0,0.0,1000.0,0,0,0.3007,0.15800000000000003,-0.16199999999999998
43417,0.0,0.0,0.0,1000.0,0,0,0.3207,0.15800000000000003,-0.16199999999999998
43418,0.0,0.0,0.0,1000.0,0,0,0.3407,0.15800000000000003,-0.16199999999999998
43419,0.0,0.0,0.0,1000.0,0,0,0.3607,0.15800000000000003,-0.16199999999999998
43420,0.0,0.0,0.0,1000.0,0,0,0.38070000000000004,0.15800000000000003,-0.16199999999999998
43421,0.0,0.0,0.0,1000.0,0,0,0.4007,0.15800000000000003,-0.16199999999999998
43422,0.0,0.0,0.0,1000.0,0,0,0.4207,0.15800000000000003,-0.16199999999999998
43423,0.0,0.0,0.0,1000.0,0,0,0.44070000000000004,0.15800000000000003,-0.16199999999999998
43424,0.0,0.0,0.0,1000.0,0,0,0.4607,0.15800000000000003,-0.16199999999999998
43425,0.0,0.0,0.0,1000.0,0,0,0.4807,0.15800000000000003,-0.16199999999999998
43426,0.0,0.0,0.0,1000.0,0,0,0.1607,0.17800000000000005,-0.16199999999999998
43427,0.0,0.0,0.0,1000.0,0,0,0.1807,0.17800000000000005,-0.16199999999999998
43428,0.0,0.0,0.0,1000.0,0,0,0.20070000000000002,0.17800000000000005,-0.16199999999999998
43429,0.0,0.0,0.0,1000.0,0,0,0.2207,0.17800000000000005,-0.16199999999999998
43430,0.0,0.0,0.0,1000.0,0,0,0.24070000000000003,0.17800000000000005,-0.16199999999999998
43431,0.0,0.0,0.0,1000.0,0,0,0.26070000000000004,0.17800000000000005,-0.16199999999999998
43432,0.0,0.0,0.0,1000.0,0,0,0.2807,0.17800000000000005,-0.16199999999999998
43433,0.0,0.0,0.0,1000.0,0,0,0.3007,0.17800000000000005,-0.16199999999999998
43434,0.0,0.0,0.0,1000.0,0,0,0.3207,0.17800000000000005,-0.16199999999999998
43435,0.0,0.0,0.0,1000.0,0,0,0.3407,0.17800000000000005,-0.16199999999999998
43436,0.0,0.0,0.0,1000.0,0,0,0.3607,0.17800000000000005,-0.16199999999999998
43437,0.0,0.0,0.0,1000.0,0,0,0.38070000000000004,0.17800000000000005,-0.16199999999999998
43438,0.0,0.0,0.0,1000.0,0,0,0.4007,0.17800000000000005,-0.16199999999999998
43439,0.0,0.0,0.0,1000.0,0,0,0.4207,0.17800000000000005,-0.16199999999999998
43440,0.0,0.0,0.0,1000.0,0,0,0.44070000000000004,0.17800000000000005,-0.16199999999999998
43441,0.0,0.0,0.0,1000.0,0,0,0.4607,0.17800000000000005,-0.16199999999999998
43442,0.0,0.0,0.0,1000.0,0,0,0.4807,0.17800000000000005,-0.16199999999999998
43443,0.0,0.0,0.0,1000.0,0,0,0.1607,0.19800000000000006,-0.16199999999999998
43444,0.0,0.0,0.0,1000.0,0,0,0.1807,0.19800000000000006,-0.16199999999999998
43445,0.0,0.0,0.0,1000.0,0,0,0.20070000000000002,0.19800000000000006,-0.16199999999999998
43446,0.0,0.0,0.0,1000.0,0,0,0.2207,0.19800000000000006,-0.16199999999999998
43447,0.0,0.0,0.0,1000.0,0,0,0.24070000000000003,0.19800000000000006,-0.16199999999999998
43448,0.0,0.0,0.0,1000.0,0,0,0.26070000000000004,0.19800000000000006,-0.16199999999999998
43449,0.0,0.0,0.0,1000.0,0,0,0.2807,0.19800000000000006,-0.16199999999999998
43450,0.0,0.0,0.0,1000.0,0,0,0.3007,0.19800000000000006,-0.16199999999999998
43451,0.0,0.0,0.0,1000.0,0,0,0.3207,0.19800000000000006,-0.16199999999999998
43452,0.0,0.0,0.0,1000.0,0,0,0.3407,0.19800000000000006,-0.16199999999999998
43453,0.0,0.0,0.0,1000.0,0,0,0.3607,0.19800000000000006,-0.16199999999999998
43454,0.0,0.0,0.0,1000.0,0,0,0.38070000000000004,0.19800000000000006,-0.16199999999999998
43455,0.0,0.0,0.0,1000.0,0,0,0.4007,0.19800000000000006,-0.16199999999999998
43456,0.0,0.0,0.0,1000.0,0,0,0.4207,0.19800000000000006,-0.16199999999999998
43457,0.0,0.0,0.0,1000.0,0,0,0.44070000000000004,0.19800000000000006,-0.16199999999999998
43458,0.0,0.0,0.0,1000.0,0,0,0.4607,0.19800000000000006,-0.16199999999999998
43459,0.0,0.0,0.0,1000.0,0,0,0.4807,0.19800000000000006,-0.16199999999999998
43460,0.0,0.0,0.0,1000.0,0,0,0.1607,0.21800000000000008,-0.16199999999999998
43461,0.0,0.0,0.0,1000.0,0,0,0.1807,0.21800000000000008,-0.16199999999999998
43462,0.0,0.0,0.0,1000.0,0,0,0.20070000000000002,0.21800000000000008,-0.16199999999999998
43463,0.0,0.0,0.0,1000.0,0,0,0.2207,0.21800000000000008,-0.16199999999999998
43464,0.0,0.0,0.0,1000.0,0,0,0.24070000000000003,0.21800000000000008,-0.16199999999999998
43465,0.0,0.0,0.0,1000.0,0,0,0.26070000000000004,0.21800000000000008,-0.16199999999999998
43466,0.0,0.0,0.0,1000.0,0,0,0.2807,0.21800000000000008,-0.16199999999999998
43467,0.0,0.0,0.0,1000.0,0,0,0.3007,0.21800000000000008,-0.16199999999999998
43468,0.0,0.0,0.0,1000.0,0,0,0.3207,0.21800000000000008,-0.16199999999999998
43469,0.0,0.0,0.0,1000.0,0,0,0.3407,0.21800000000000008,-0.16199999999999998
43470,0.0,0.0,0.0,1000.0,0,0,0.3607,0.21800000000000008,-0.16199999999999998
43471,0.0,0.0,0.0,1000.0,0,0,0.38070000000000004,0.21800000000000008,-0.16199999999999998
43472,0.0,0.0,0.0,1000.0,0,0,0.4007,0.21800000000000008,-0.16199999999999998
43473,0.0,0.0,0.0,1000.0,0,0,0.4207,0.21800000000000008,-0.16199999999999998
43474,0.0,0.0,0.0,1000.0,0,0,0.44070000000000004,0.21800000000000008,-0.16199999999999998
43475,0.0,0.0,0.0,1000.0,0,0,0.4607,0.21800000000000008,-0.16199999999999998
43476,0.0,0.0,0.0,1000.0,0,0,0.4807,0.21800000000000008,-0.16199999999999998
43477,0.0,0.0,0.0,1000.0,0,0,0.1607,0.238,-0.16199999999999998
43478,0.0,0.0,0.0,1000.0,0,0,0.1807,0.238,-0.16199999999999998
43479,0.0,0.0,0.0,1000.0,0,0,0.20070000000000002,0.238,-0.16199999999999998
43480,0.0,0.0,0.0,1000.0,0,0,0.2207,0.238,-0.16199999999999998
43481,0.0,0.0,0.0,1000.0,0,0,0.24070000000000003,0.238,-0.16199999999999998
43482,0.0,0.0,0.0,1000.0,0,0,0.26070000000000004,0.238,-0.16199999999999998
43483,0.0,0.0,0.0,1000.0,0,0,0.2807,0.238,-0.16199999999999998
43484,0.0,0.0,0.0,1000.0,0,0,0.3007,0.238,-0.16199999999999998
43485,0.0,0.0,0.0,1000.0,0,0,0.3207,0.238,-0.16199999999999998
43486,0.0,0.0,0.0,1000.0,0,0,0.3407,0.238,-0.16199999999999998
43487,0.0,0.0,0.0,1000.0,0,0,0.3607,0.238,-0.16199999999999998
43488,0.0,0.0,0.0,1000.0,0,0,0.38070000000000004,0.238,-0.16199999999999998
43489,0.0,0.0,0.0,1000.0,0,0,0.4007,0.238,-0.16199999999999998
43490,0.0,0.0,0.0,1000.0,0,0,0.4207,0.238,-0.16199999999999998
43491,0.0,0.0,0.0,1000.0,0,0,0.44070000000000004,0.238,-0.16199999999999998
43492,0.0,0.0,0.0,1000.0,0,0,0.4607,0.238,-0.16199999999999998
43493,0.0,0.0,0.0,1000.0,0,0,0.4807,0.238,-0.16199999999999998
43494,0.0,0.0,0.0,1000.0,0,0,0.1607,0.258,-0.16199999999999998
43495,0.0,0.0,0.0,1000.0,0,0,0.1807,0.258,-0.16199999999999998
43496,0.0,0.0,0.0,1000.0,0,0,0.20070000000000002,0.258,-0.16199999999999998
43497,0.0,0.0,0.0,1000.0,0,0,0.2207,0.258,-0.16199999999999998
43498,0.0,0.0,0.0,1000.0,0,0,0.24070000000000003,0.258,-0.16199999999999998
43499,0.0,0.0,0.0,1000.0,0,0,0.26070000000000004,0.258,-0.16199999999999998
43500,0.0,0.0,0.0,1000.0,0,0,0.2807,0.258,-0.16199999999999998
43501,0.0,0.0,0.0,1000.0,0,0,0.3007,0.258,-0.16199999999999998
43502,0.0,0.0,0.0,1000.0,0,0,0.3207,0.258,-0.16199999999999998
43503,0.0,0.0,0.0,1000.0,0,0,0.3407,0.258,-0.16199999999999998
43504,0.0,0.0,0.0,1000.0,0,0,0.3607,0.258,-0.16199999999999998
43505,0.0,0.0,0.0,1000.0,0,0,0.38070000000000004,0.258,-0.16199999999999998
43506,0.0,0.0,0.0,1000.0,0,0,0.4007,0.258,-0.16199999999999998
43507,0.0,0.0,0.0,1000.0,0,0,0.4207,0.258,-0.16199999999999998
43508,0.0,0.0,0.0,1000.0,0,0,0.44070000000000004,0.258,-0.16199999999999998
43509,0.0,0.0,0.0,1000.0,0,0,0.4607,0.258,-0.16199999999999998
43510,0.0,0.0,0.0,1000.0,0,0,0.4807,0.258,-0.16199999999999998
43511,0.0,0.0,0.0,1000.0,0,0,0.1607,0.278,-0.16199999999999998
43512,0.0,0.0,0.0,1000.0,0,0,0.1807,0.278,-0.16199999999999998
43513,0.0,0.0,0.0,1000.0,0,0,0.20070000000000002,0.278,-0.16199999999999998
43514,0.0,0.0,0.0,1000.0,0,0,0.2207,0.278,-0.16199999999999998
43515,0.0,0.0,0.0,1000.0,0,0,0.24070000000000003,0.278,-0.16199999999999998
43516,0.0,0.0,0.0,1000.0,0,0,0.26070000000000004,0.278,-0.16199999999999998
43517,0.0,0.0,0.0,1000.0,0,0,0.2807,0.278,-0.16199999999999998
43518,0.0,0.0,0.0,1000.0,0,0,0.3007,0.278,-0.16199999999999998
43519,0.0,0.0,0.0,1000.0,0,0,0.3207,0.278,-0.16199999999999998
43520,0.0,0.0,0.0,1000.0,0,0,0.3407,0.278,-0.16199999999999998
43521,0.0,0.0,0.0,1000.0,0,0,0.3607,0.278,-0.16199999999999998
43522,0.0,0.0,0.0,1000.0,0,0,0.38070000000000004,0.278,-0.16199999999999998
43523,0.0,0.0,0.0,1000.0,0,0,0.4007,0.278,-0.16199999999999998
43524,0.0,0.0,0.0,1000.0,0,0,0.4207,0.278,-0.16199999999999998
43525,0.0,0.0,0.0,1000.0,0,0,0.44070000000000004,0.278,-0.16199999999999998
43526,0.0,0.0,0.0,1000.0,0,0,0.4607,0.278,-0.16199999999999998
43527,0.0,0.0,0.0,1000.0,0,0,0.4807,0.278,-0.16199999999999998
43528,0.0,0.0,0.0,1000.0,0,0,0.1607,0.29800000000000004,-0.16199999999999998
43529,0.0,0.0,0.0,1000.0,0,0,0.1807,0.29800000000000004,-0.16199999999999998
43530,0.0,0.0,0.0,1000.0,0,0,0.20070000000000002,0.29800000000000004,-0.16199999999999998
43531,0.0,0.0,0.0,1000.0,0,0,0.2207,0.29800000000000004,-0.16199999999999998
43532,0.0,0.0,0.0,1000.0,0,0,0.24070000000000003,0.29800000000000004,-0.16199999999999998
43533,0.0,0.0,0.0,1000.0,0,0,0.26070000000000004,0.29800000000000004,-0.16199999999999998
43534,0.0,0.0,0.0,1000.0,0,0,0.2807,0.29800000000000004,-0.16199999999999998
43535,0.0,0.0,0.0,1000.0,0,0,0.3007,0.29800000000000004,-0.16199999999999998
43536,0.0,0.0,0.0,1000.0,0,0,0.3207,0.29800000000000004,-0.16199999999999998
43537,0.0,0.0,0.0,1000.0,0,0,0.3407,0.29800000000000004,-0.16199999999999998
43538,0.0,0.0,0.0,1000.0,0,0,0.3607,0.29800000000000004,-0.16199999999999998
43539,0.0,0.0,0.0,1000.0,0,0,0.38070000000000004,0.29800000000000004,-0.16199999999999998
43540,0.0,0.0,0.0,1000.0,0,0,0.4007,0.29800000000000004,-0.16199999999999998
43541,0.0,0.0,0.0,1000.0,0,0,0.4207,0.29800000000000004,-0.16199999999999998
43542,0.0,0.0,0.0,1000.0,0,0,0.44070000000000004,0.29800000000000004,-0.16199999999999998
43543,0.0,0.0,0.0,1000.0,0,0,0.4607,0.29800000000000004,-0.16199999999999998
43544,0.0,0.0,0.0,1000.0,0,0,0.4807,0.29800000000000004,-0.16199999999999998
43545,0.0,0.0,0.0,1000.0,0,0,0.1607,0.31800000000000006,-0.16199999999999998
43546,0.0,0.0,0.0,1000.0,0,0,0.1807,0.31800000000000006,-0.16199999999999998
43547,0.0,0.0,0.0,1000.0,0,0,0.20070000000000002,0.31800000000000006,-0.16199999999999998
43548,0.0,0.0,0.0,1000.0,0,0,0.2207,0.31800000000000006,-0.16199999999999998
43549,0.0,0.0,0.0,1000.0,0,0,0.24070000000000003,0.31800000000000006,-0.16199999999999998
43550,0.0,0.0,0.0,1000.0,0,0,0.26070000000000004,0.31800000000000006,-0.16199999999999998
43551,0.0,0.0,0.0,1000.0,0,0,0.2807,0.31800000000000006,-0.16199999999999998
43552,0.0,0.0,0.0,1000.0,0,0,0.3007,0.31800000000000006,-0.16199999999999998
43553,0.0,0.0,0.0,1000.0,0,0,0.3207,0.31800000000000006,-0.16199999999999998
43554,0.0,0.0,0.0,1000.0,0,0,0.3407,0.31800000000000006,-0.16199999999999998
43555,0.0,0.0,0.0,1000.0,0,0,0.3607,0.31800000000000006,-0.16199999999999998
43556,0.0,0.0,0.0,1000.0,0,0,0.38070000000000004,0.31800000000000006,-0.16199999999999998
43557,0.0,0.0,0.0,1000.0,0,0,0.4007,0.31800000000000006,-0.16199999999999998
43558,0.0,0.0,0.0,1000.0,0,0,0.4207,0.31800000000000006,-0.16199999999999998
43559,0.0,0.0,0.0,1000.0,0,0,0.44070000000000004,0.31800000000000006,-0.16199999999999998
43560,0.0,0.0,0.0,1000.0,0,0,0.4607,0.31800000000000006,-0.16199999999999998
43561,0.0,0.0,0.0,1000.0,0,0,0.4807,0.31800000000000006,-0.16199999999999998
43562,0.0,0.0,0.0,1000.0,0,0,0.1607,0.3380000000000001,-0.16199999999999998
43563,0.0,0.0,0.0,1000.0,0,0,0.1807,0.3380000000000001,-0.16199999999999998
43564,0.0,0.0,0.0,1000.0,0,0,0.20070000000000002,0.3380000000000001,-0.16199999999999998
43565,0.0,0.0,0.0,1000.0,0,0,0.2207,0.3380000000000001,-0.16199999999999998
43566,0.0,0.0,0.0,1000.0,0,0,0.24070000000000003,0.3380000000000001,-0.16199999999999998
43567,0.0,0.0,0.0,1000.0,0,0,0.26070000000000004,0.3380000000000001,-0.16199999999999998
43568,0.0,0.0,0.0,1000.0,0,0,0.2807,0.3380000000000001,-0.16199999999999998
43569,0.0,0.0,0.0,1000.0,0,0,0.3007,0.3380000000000001,-0.16199999999999998
43570,0.0,0.0,0.0,1000.0,0,0,0.3207,0.3380000000000001,-0.16199999999999998
43571,0.0,0.0,0.0,1000.0,0,0,0.3407,0.3380000000000001,-0.16199999999999998
43572,0.0,0.0,0.0,1000.0,0,0,0.3607,0.3380000000000001,-0.16199999999999998
43573,0.0,0.0,0.0,1000.0,0,0,0.38070000000000004,0.3380000000000001,-0.16199999999999998
43574,0.0,0.0,0.0,1000.0,0,0,0.4007,0.3380000000000001,-0.16199999999999998
43575,0.0,0.0,0.0,1000.0,0,0,0.4207,0.3380000000000001,-0.16199999999999998
43576,0.0,0.0,0.0,1000.0,0,0,0.44070000000000004,0.3380000000000001,-0.16199999999999998
43577,0.0,0.0,0.0,1000.0,0,0,0.4607,0.3380000000000001,-0.16199999999999998
43578,0.0,0.0,0.0,1000.0,0,0,0.4807,0.3380000000000001,-0.16199999999999998
43579,0.0,0.0,0.0,1000.0,0,0,0.1607,0.358,-0.16199999999999998
43580,0.0,0.0,0.0,1000.0,0,0,0.1807,0.358,-0.16199999999999998
43581,0.0,0.0,0.0,1000.0,0,0,0.20070000000000002,0.358,-0.16199999999999998
43582,0.0,0.0,0.0,1000.0,0,0,0.2207,0.358,-0.16199999999999998
43583,0.0,0.0,0.0,1000.0,0,0,0.24070000000000003,0.358,-0.16199999999999998
43584,0.0,0.0,0.0,1000.0,0,0,0.26070000000000004,0.358,-0.16199999999999998
43585,0.0,0.0,0.0,1000.0,0,0,0.2807,0.358,-0.16199999999999998
43586,0.0,0.0,0.0,1000.0,0,0,0.3007,0.358,-0.16199999999999998
43587,0.0,0.0,0.0,1000.0,0,0,0.3207,0.358,-0.16199999999999998
43588,0.0,0.0,0.0,1000.0,0,0,0.3407,0.358,-0.16199999999999998
43589,0.0,0.0,0.0,1000.0,0,0,0.3607,0.358,-0.16199999999999998
43590,0.0,0.0,0.0,1000.0,0,0,0.38070000000000004,0.358,-0.16199999999999998
43591,0.0,0.0,0.0,1000.0,0,0,0.4007,0.358,-0.16199999999999998
43592,0.0,0.0,0.0,1000.0,0,0,0.4207,0.358,-0.16199999999999998
43593,0.0,0.0,0.0,1000.0,0,0,0.44070000000000004,0.358,-0.16199999999999998
43594,0.0,0.0,0.0,1000.0,0,0,0.4607,0.358,-0.16199999999999998
43595,0.0,0.0,0.0,1000.0,0,0,0.4807,0.358,-0.16199999999999998
43596,0.0,0.0,0.0,1000.0,0,0,0.1607,0.378,-0.16199999999999998
43597,0.0,0.0,0.0,1000.0,0,0,0.1807,0.378,-0.16199999999999998
43598,0.0,0.0,0.0,1000.0,0,0,0.20070000000000002,0.378,-0.16199999999999998
43599,0.0,0.0,0.0,1000.0,0,0,0.2207,0.378,-0.16199999999999998
43600,0.0,0.0,0.0,1000.0,0,0,0.24070000000000003,0.378,-0.16199999999999998
43601,0.0,0.0,0.0,1000.0,0,0,0.26070000000000004,0.378,-0.16199999999999998
43602,0.0,0.0,0.0,1000.0,0,0,0.2807,0.378,-0.16199999999999998
43603,0.0,0.0,0.0,1000.0,0,0,0.3007,0.378,-0.16199999999999998
43604,0.0,0.0,0.0,1000.0,0,0,0.3207,0.378,-0.16199999999999998
43605,0.0,0.0,0.0,1000.0,0,0,0.3407,0.378,-0.16199999999999998
43606,0.0,0.0,0.0,1000.0,0,0,0.3607,0.378,-0.16199999999999998
43607,0.0,0.0,0.0,1000.0,0,0,0.38070000000000004,0.378,-0.16199999999999998
43608,0.0,0.0,0.0,1000.0,0,0,0.4007,0.378,-0.16199999999999998
43609,0.0,0.0,0.0,1000.0,0,0,0.4207,0.378,-0.16199999999999998
43610,0.0,0.0,0.0,1000.0,0,0,0.44070000000000004,0.378,-0.16199999999999998
43611,0.0,0.0,0.0,1000.0,0,0,0.4607,0.378,-0.16199999999999998
43612,0.0,0.0,0.0,1000.0,0,0,0.4807,0.378,-0.16199999999999998
43613,0.0,0.0,0.0,1000.0,0,0,0.1607,0.398,-0.16199999999999998
43614,0.0,0.0,0.0,1000.0,0,0,0.1807,0.398,-0.16199999999999998
43615,0.0,0.0,0.0,1000.0,0,0,0.20070000000000002,0.398,-0.16199999999999998
43616,0.0,0.0,0.0,1000.0,0,0,0.2207,0.398,-0.16199999999999998
43617,0.0,0.0,0.0,1000.0,0,0,0.24070000000000003,0.398,-0.16199999999999998
43618,0.0,0.0,0.0,1000.0,0,0,0.26070000000000004,0.398,-0.16199999999999998
43619,0.0,0.0,0.0,1000.0,0,0,0.2807,0.398,-0.16199999999999998
43620,0.0,0.0,0.0,1000.0,0,0,0.3007,0.398,-0.16199999999999998
43621,0.0,0.0,0.0,1000.0,0,0,0.3207,0.398,-0.16199999999999998
43622,0.0,0.0,0.0,1000.0,0,0,0.3407,0.398,-0.16199999999999998
43623,0.0,0.0,0.0,1000.0,0,0,0.3607,0.398,-0.16199999999999998
43624,0.0,0.0,0.0,1000.0,0,0,0.38070000000000004,0.398,-0.16199999999999998
43625,0.0,0.0,0.0,1000.0,0,0,0.4007,0.398,-0.16199999999999998
43626,0.0,0.0,0.0,1000.0,0,0,0.4207,0.398,-0.16199999999999998
43627,0.0,0.0,0.0,1000.0,0,0,0.44070000000000004,0.398,-0.16199999999999998
43628,0.0,0.0,0.0,1000.0,0,0,0.4607,0.398,-0.16199999999999998
43629,0.0,0.0,0.0,1000.0,0,0,0.4807,0.398,-0.16199999999999998
43630,0.0,0.0,0.0,1000.0,0,0,0.1607,0.41800000000000004,-0.16199999999999998
43631,0.0,0.0,0.0,1000.0,0,0,0.1807,0.41800000000000004,-0.16199999999999998
43632,0.0,0.0,0.0,1000.0,0,0,0.20070000000000002,0.41800000000000004,-0.16199999999999998
43633,0.0,0.0,0.0,1000.0,0,0,0.2207,0.41800000000000004,-0.16199999999999998
43634,0.0,0.0,0.0,1000.0,0,0,0.24070000000000003,0.41800000000000004,-0.16199999999999998
43635,0.0,0.0,0.0,1000.0,0,0,0.26070000000000004,0.41800000000000004,-0.16199999999999998
43636,0.0,0.0,0.0,1000.0,0,0,0.2807,0.41800000000000004,-0.16199999999999998
43637,0.0,0.0,0.0,1000.0,0,0,0.3007,0.41800000000000004,-0.16199999999999998
43638,0.0,0.0,0.0,1000.0,0,0,0.3207,0.41800000000000004,-0.16199999999999998
43639,0.0,0.0,0.0,1000.0,0,0,0.3407,0.41800000000000004,-0.16199999999999998
43640,0.0,0.0,0.0,1000.0,0,0,0.3607,0.41800000000000004,-0.16199999999999998
43641,0.0,0.0,0.0,1000.0,0,0,0.38070000000000004,0.41800000000000004,-0.16199999999999998
43642,0.0,0.0,0.0,1000.0,0,0,0.4007,0.41800000000000004,-0.16199999999999998
43643,0.0,0.0,0.0,1000.0,0,0,0.4207,0.41800000000000004,-0.16199999999999998
43644,0.0,0.0,0.0,1000.0,0,0,0.44070000000000004,0.41800000000000004,-0.16199999999999998
43645,0.0,0.0,0.0,1000.0,0,0,0.4607,0.41800000000000004,-0.16199999999999998
43646,0.0,0.0,0.0,1000.0,0,0,0.4807,0.41800000000000004,-0.16199999999999998
43647,0.0,0.0,0.0,1000.0,0,0,0.1607,0.43800000000000006,-0.16199999999999998
43648,0.0,0.0,0.0,1000.0,0,0,0.1807,0.43800000000000006,-0.16199999999999998
43649,0.0,0.0,0.0,1000.0,0,0,0.20070000000000002,0.43800000000000006,-0.16199999999999998
43650,0.0,0.0,0.0,1000.0,0,0,0.2207,0.43800000000000006,-0.16199999999999998
43651,0.0,0.0,0.0,1000.0,0,0,0.24070000000000003,0.43800000000000006,-0.16199999999999998
43652,0.0,0.0,0.0,1000.0,0,0,0.26070000000000004,0.43800000000000006,-0.16199999999999998
43653,0.0,0.0,0.0,1000.0,0,0,0.2807,0.43800000000000006,-0.16199999999999998
43654,0.0,0.0,0.0,1000.0,0,0,0.3007,0.43800000000000006,-0.16199999999999998
43655,0.0,0.0,0.0,1000.0,0,0,0.3207,0.43800000000000006,-0.16199999999999998
43656,0.0,0.0,0.0,1000.0,0,0,0.3407,0.43800000000000006,-0.16199999999999998
43657,0.0,0.0,0.0,1000.0,0,0,0.3607,0.43800000000000006,-0.16199999999999998
43658,0.0,0.0,0.0,1000.0,0,0,0.38070000000000004,0.43800000000000006,-0.16199999999999998
43659,0.0,0.0,0.0,1000.0,0,0,0.4007,0.43800000000000006,-0.16199999999999998
43660,0.0,0.0,0.0,1000.0,0,0,0.4207,0.43800000000000006,-0.16199999999999998
43661,0.0,0.0,0.0,1000.0,0,0,0.44070000000000004,0.43800000000000006,-0.16199999999999998
43662,0.0,0.0,0.0,1000.0,0,0,0.4607,0.43800000000000006,-0.16199999999999998
43663,0.0,0.0,0.0,1000.0,0,0,0.4807,0.43800000000000006,-0.16199999999999998
43664,0.0,0.0,0.0,1000.0,0,0,0.1607,0.4580000000000001,-0.16199999999999998
43665,0.0,0.0,0.0,1000.0,0,0,0.1807,0.4580000000000001,-0.16199999999999998
43666,0.0,0.0,0.0,1000.0,0,0,0.20070000000000002,0.4580000000000001,-0.16199999999999998
43667,0.0,0.0,0.0,1000.0,0,0,0.2207,0.4580000000000001,-0.16199999999999998
43668,0.0,0.0,0.0,1000.0,0,0,0.24070000000000003,0.4580000000000001,-0.16199999999999998
43669,0.0,0.0,0.0,1000.0,0,0,0.26070000000000004,0.4580000000000001,-0.16199999999999998
43670,0.0,0.0,0.0,1000.0,0,0,0.2807,0.4580000000000001,-0.16199999999999998
43671,0.0,0.0,0.0,1000.0,0,0,0.3007,0.4580000000000001,-0.16199999999999998
43672,0.0,0.0,0.0,1000.0,0,0,0.3207,0.4580000000000001,-0.16199999999999998
43673,0.0,0.0,0.0,1000.0,0,0,0.3407,0.4580000000000001,-0.16199999999999998
43674,0.0,0.0,0.0,1000.0,0,0,0.3607,0.4580000000000001,-0.16199999999999998
43675,0.0,0.0,0.0,1000.0,0,0,0.38070000000000004,0.4580000000000001,-0.16199999999999998
43676,0.0,0.0,0.0,1000.0,0,0,0.4007,0.4580000000000001,-0.16199999999999998
43677,0.0,0.0,0.0,1000.0,0,0,0.4207,0.4580000000000001,-0.16199999999999998
43678,0.0,0.0,0.0,1000.0,0,0,0.44070000000000004,0.4580000000000001,-0.16199999999999998
43679,0.0,0.0,0.0,1000.0,0,0,0.4607,0.4580000000000001,-0.16199999999999998
43680,0.0,0.0,0.0,1000.0,0,0,0.4807,0.4580000000000001,-0.16199999999999998
43681,0.0,0.0,0.0,1000.0,0,0,0.1607,0.478,-0.16199999999999998
43682,0.0,0.0,0.0,1000.0,0,0,0.1807,0.478,-0.16199999999999998
43683,0.0,0.0,0.0,1000.0,0,0,0.20070000000000002,0.478,-0.16199999999999998
43684,0.0,0.0,0.0,1000.0,0,0,0.2207,0.478,-0.16199999999999998
43685,0.0,0.0,0.0,1000.0,0,0,0.24070000000000003,0.478,-0.16199999999999998
43686,0.0,0.0,0.0,1000.0,0,0,0.26070000000000004,0.478,-0.16199999999999998
43687,0.0,0.0,0.0,1000.0,0,0,0.2807,0.478,-0.16199999999999998
43688,0.0,0.0,0.0,1000.0,0,0,0.3007,0.478,-0.16199999999999998
43689,0.0,0.0,0.0,1000.0,0,0,0.3207,0.478,-0.16199999999999998
43690,0.0,0.0,0.0,1000.0,0,0,0.3407,0.478,-0.16199999999999998
43691,0.0,0.0,0.0,1000.0,0,0,0.3607,0.478,-0.16199999999999998
43692,0.0,0.0,0.0,1000.0,0,0,0.38070000000000004,0.478,-0.16199999999999998
43693,0.0,0.0,0.0,1000.0,0,0,0.4007,0.478,-0.16199999999999998
43694,0.0,0.0,0.0,1000.0,0,0,0.4207,0.478,-0.16199999999999998
43695,0.0,0.0,0.0,1000.0,0,0,0.44070000000000004,0.478,-0.16199999999999998
43696,0.0,0.0,0.0,1000.0,0,0,0.4607,0.478,-0.16199999999999998
43697,0.0,0.0,0.0,1000.0,0,0,0.4807,0.478,-0.16199999999999998
